app,start,nutrition_biotin_inGrams,nutrition_biotin_inKilograms,nutrition_biotin_inMicrograms,nutrition_biotin_inMilligrams,nutrition_biotin_inOunces,nutrition_biotin_inPounds,nutrition_caffeine_inGrams,nutrition_caffeine_inKilograms,nutrition_caffeine_inMicrograms,nutrition_caffeine_inMilligrams,nutrition_caffeine_inOunces,nutrition_caffeine_inPounds,nutrition_calcium_inGrams,nutrition_calcium_inKilograms,nutrition_calcium_inMicrograms,nutrition_calcium_inMilligrams,nutrition_calcium_inOunces,nutrition_calcium_inPounds,nutrition_chloride_inGrams,nutrition_chloride_inKilograms,nutrition_chloride_inMicrograms,nutrition_chloride_inMilligrams,nutrition_chloride_inOunces,nutrition_chloride_inPounds,nutrition_cholesterol_inGrams,nutrition_cholesterol_inKilograms,nutrition_cholesterol_inMicrograms,nutrition_cholesterol_inMilligrams,nutrition_cholesterol_inOunces,nutrition_cholesterol_inPounds,nutrition_chromium_inGrams,nutrition_chromium_inKilograms,nutrition_chromium_inMicrograms,nutrition_chromium_inMilligrams,nutrition_chromium_inOunces,nutrition_chromium_inPounds,nutrition_copper_inGrams,nutrition_copper_inKilograms,nutrition_copper_inMicrograms,nutrition_copper_inMilligrams,nutrition_copper_inOunces,nutrition_copper_inPounds,nutrition_dietaryFiber_inGrams,nutrition_dietaryFiber_inKilograms,nutrition_dietaryFiber_inMicrograms,nutrition_dietaryFiber_inMilligrams,nutrition_dietaryFiber_inOunces,nutrition_dietaryFiber_inPounds,nutrition_energy_inCalories,nutrition_energy_inJoules,nutrition_energy_inKilocalories,nutrition_energy_inKilojoules,nutrition_energyFromFat_inCalories,nutrition_energyFromFat_inJoules,nutrition_energyFromFat_inKilocalories,nutrition_energyFromFat_inKilojoules,nutrition_folate_inGrams,nutrition_folate_inKilograms,nutrition_folate_inMicrograms,nutrition_folate_inMilligrams,nutrition_folate_inOunces,nutrition_folate_inPounds,nutrition_folicAcid_inGrams,nutrition_folicAcid_inKilograms,nutrition_folicAcid_inMicrograms,nutrition_folicAcid_inMilligrams,nutrition_folicAcid_inOunces,nutrition_folicAcid_inPounds,nutrition_iodine_inGrams,nutrition_iodine_inKilograms,nutrition_iodine_inMicrograms,nutrition_iodine_inMilligrams,nutrition_iodine_inOunces,nutrition_iodine_inPounds,nutrition_iron_inGrams,nutrition_iron_inKilograms,nutrition_iron_inMicrograms,nutrition_iron_inMilligrams,nutrition_iron_inOunces,nutrition_iron_inPounds,nutrition_magnesium_inGrams,nutrition_magnesium_inKilograms,nutrition_magnesium_inMicrograms,nutrition_magnesium_inMilligrams,nutrition_magnesium_inOunces,nutrition_magnesium_inPounds,nutrition_manganese_inGrams,nutrition_manganese_inKilograms,nutrition_manganese_inMicrograms,nutrition_manganese_inMilligrams,nutrition_manganese_inOunces,nutrition_manganese_inPounds,nutrition_mealType,nutrition_molybdenum_inGrams,nutrition_molybdenum_inKilograms,nutrition_molybdenum_inMicrograms,nutrition_molybdenum_inMilligrams,nutrition_molybdenum_inOunces,nutrition_molybdenum_inPounds,nutrition_monounsaturatedFat_inGrams,nutrition_monounsaturatedFat_inKilograms,nutrition_monounsaturatedFat_inMicrograms,nutrition_monounsaturatedFat_inMilligrams,nutrition_monounsaturatedFat_inOunces,nutrition_monounsaturatedFat_inPounds,nutrition_name,nutrition_niacin_inGrams,nutrition_niacin_inKilograms,nutrition_niacin_inMicrograms,nutrition_niacin_inMilligrams,nutrition_niacin_inOunces,nutrition_niacin_inPounds,nutrition_pantothenicAcid_inGrams,nutrition_pantothenicAcid_inKilograms,nutrition_pantothenicAcid_inMicrograms,nutrition_pantothenicAcid_inMilligrams,nutrition_pantothenicAcid_inOunces,nutrition_pantothenicAcid_inPounds,nutrition_phosphorus_inGrams,nutrition_phosphorus_inKilograms,nutrition_phosphorus_inMicrograms,nutrition_phosphorus_inMilligrams,nutrition_phosphorus_inOunces,nutrition_phosphorus_inPounds,nutrition_polyunsaturatedFat_inGrams,nutrition_polyunsaturatedFat_inKilograms,nutrition_polyunsaturatedFat_inMicrograms,nutrition_polyunsaturatedFat_inMilligrams,nutrition_polyunsaturatedFat_inOunces,nutrition_polyunsaturatedFat_inPounds,nutrition_potassium_inGrams,nutrition_potassium_inKilograms,nutrition_potassium_inMicrograms,nutrition_potassium_inMilligrams,nutrition_potassium_inOunces,nutrition_potassium_inPounds,nutrition_protein_inGrams,nutrition_protein_inKilograms,nutrition_protein_inMicrograms,nutrition_protein_inMilligrams,nutrition_protein_inOunces,nutrition_protein_inPounds,nutrition_riboflavin_inGrams,nutrition_riboflavin_inKilograms,nutrition_riboflavin_inMicrograms,nutrition_riboflavin_inMilligrams,nutrition_riboflavin_inOunces,nutrition_riboflavin_inPounds,nutrition_saturatedFat_inGrams,nutrition_saturatedFat_inKilograms,nutrition_saturatedFat_inMicrograms,nutrition_saturatedFat_inMilligrams,nutrition_saturatedFat_inOunces,nutrition_saturatedFat_inPounds,nutrition_selenium_inGrams,nutrition_selenium_inKilograms,nutrition_selenium_inMicrograms,nutrition_selenium_inMilligrams,nutrition_selenium_inOunces,nutrition_selenium_inPounds,nutrition_sodium_inGrams,nutrition_sodium_inKilograms,nutrition_sodium_inMicrograms,nutrition_sodium_inMilligrams,nutrition_sodium_inOunces,nutrition_sodium_inPounds,nutrition_sugar_inGrams,nutrition_sugar_inKilograms,nutrition_sugar_inMicrograms,nutrition_sugar_inMilligrams,nutrition_sugar_inOunces,nutrition_sugar_inPounds,nutrition_thiamin_inGrams,nutrition_thiamin_inKilograms,nutrition_thiamin_inMicrograms,nutrition_thiamin_inMilligrams,nutrition_thiamin_inOunces,nutrition_thiamin_inPounds,nutrition_totalCarbohydrate_inGrams,nutrition_totalCarbohydrate_inKilograms,nutrition_totalCarbohydrate_inMicrograms,nutrition_totalCarbohydrate_inMilligrams,nutrition_totalCarbohydrate_inOunces,nutrition_totalCarbohydrate_inPounds,nutrition_totalFat_inGrams,nutrition_totalFat_inKilograms,nutrition_totalFat_inMicrograms,nutrition_totalFat_inMilligrams,nutrition_totalFat_inOunces,nutrition_totalFat_inPounds,nutrition_transFat_inGrams,nutrition_transFat_inKilograms,nutrition_transFat_inMicrograms,nutrition_transFat_inMilligrams,nutrition_transFat_inOunces,nutrition_transFat_inPounds,nutrition_unsaturatedFat_inGrams,nutrition_unsaturatedFat_inKilograms,nutrition_unsaturatedFat_inMicrograms,nutrition_unsaturatedFat_inMilligrams,nutrition_unsaturatedFat_inOunces,nutrition_unsaturatedFat_inPounds,nutrition_vitaminA_inGrams,nutrition_vitaminA_inKilograms,nutrition_vitaminA_inMicrograms,nutrition_vitaminA_inMilligrams,nutrition_vitaminA_inOunces,nutrition_vitaminA_inPounds,nutrition_vitaminB12_inGrams,nutrition_vitaminB12_inKilograms,nutrition_vitaminB12_inMicrograms,nutrition_vitaminB12_inMilligrams,nutrition_vitaminB12_inOunces,nutrition_vitaminB12_inPounds,nutrition_vitaminB6_inGrams,nutrition_vitaminB6_inKilograms,nutrition_vitaminB6_inMicrograms,nutrition_vitaminB6_inMilligrams,nutrition_vitaminB6_inOunces,nutrition_vitaminB6_inPounds,nutrition_vitaminC_inGrams,nutrition_vitaminC_inKilograms,nutrition_vitaminC_inMicrograms,nutrition_vitaminC_inMilligrams,nutrition_vitaminC_inOunces,nutrition_vitaminC_inPounds,nutrition_vitaminD_inGrams,nutrition_vitaminD_inKilograms,nutrition_vitaminD_inMicrograms,nutrition_vitaminD_inMilligrams,nutrition_vitaminD_inOunces,nutrition_vitaminD_inPounds,nutrition_vitaminE_inGrams,nutrition_vitaminE_inKilograms,nutrition_vitaminE_inMicrograms,nutrition_vitaminE_inMilligrams,nutrition_vitaminE_inOunces,nutrition_vitaminE_inPounds,nutrition_vitaminK_inGrams,nutrition_vitaminK_inKilograms,nutrition_vitaminK_inMicrograms,nutrition_vitaminK_inMilligrams,nutrition_vitaminK_inOunces,nutrition_vitaminK_inPounds,nutrition_zinc_inGrams,nutrition_zinc_inKilograms,nutrition_zinc_inMicrograms,nutrition_zinc_inMilligrams,nutrition_zinc_inOunces,nutrition_zinc_inPounds
com.sec.android.app.shealth,2025-02-07 23:55:00+00:00,0,0,0,0,0,0,0,0,0,0,0,0,0.139,0.00013900000000000002,139000.00000000003,139.0,0.004903081251463871,0.00030644254443697985,0,0,0,0,0,0,0.011,1.1e-05,11000.0,11.0,0.0003880136242165652,2.425084884033653e-05,0,0,0,0,0,0,0,0,0,0,0,0,0.0,0.0,0.0,0.0,0.0,0.0,132000,552288.0000870406,132,552.2880000870406,0,0,0,0,0,0,0,0,0,0,0,0,0,0,0,0,0,0,0,0,0,0,0.0,0.0,0.0,0.0,0.0,0.0,0,0,0,0,0,0,0,0,0,0,0,0,1,0,0,0,0,0,0,0,0,0,0,0,0,Breakfast,0,0,0,0,0,0,0,0,0,0,0,0,0,0,0,0,0,0,0,0,0,0,0,0,0.203,0.000203,203000.00000000003,203.0,0.0071606150650875226,0.0004475383922353015,3.9000000953674316,0.0039000000953674317,3900000.0953674316,3900.0000953674316,0.13756847013167883,0.008598028435459423,0,0,0,0,0,0,1.899999976158142,0.001899999976158142,1899999.976158142,1899.999976158142,0.06702053425095529,0.004188782928950374,0,0,0,0,0,0,0.052000000000000005,5.2000000000000004e-05,52000.00000000001,52.0,0.0018342462235692177,0.00011464037633613635,22.899999618530273,0.022899999618530273,22899999.618530273,22899.999618530273,0.807773804231263,0.05048585719934018,0,0,0,0,0,0,22.399999618530273,0.022399999618530272,22399999.618530273,22399.999618530273,0.7901368213123282,0.049383545888415786,3.0999999046325684,0.0030999999046325685,3099999.9046325684,3099.9999046325684,0.10934929073340813,0.006834329917482008,0.0,0.0,0,0,0.0,0.0,0,0,0,0,0,0,5.029999923706055e-05,5.029999923706055e-08,50.29999923706055,0.05029999923706055,1.774280454732939e-06,1.1089251619699984e-07,0,0,0,0,0,0,0,0,0,0,0,0,0.0,0.0,0.0,0.0,0.0,0.0,1e-06,9.999999999999999e-10,1.0,0.001,3.527396583786957e-08,2.204622621848776e-09,0,0,0,0,0,0,0,0,0,0,0,0,0,0,0,0,0,0
com.sec.android.app.shealth,2025-02-10 07:25:00+00:00,0,0,0,0,0,0,0,0,0,0,0,0,0.34960000610351566,0.0003496000061035157,349600.0061035157,349.6000061035156,0.012331778672214404,0.0007707360820542806,0,0,0,0,0,0,0.444,0.000444,444000.0,444.0,0.015661640832014087,0.0009788524441008565,0,0,0,0,0,0,0,0,0,0,0,0,2.0,0.002,2000000.0,2000.0,0.07054793167573914,0.004409245243697552,418000,1748912.0002756284,418,1748.9120002756285,0,0,0,0,0,0,0,0,0,0,0,0,0,0,0,0,0,0,0,0,0,0,0.0025999999046325685,2.5999999046325686e-06,2599.999904632569,2.5999999046325684,9.171230781447335e-05,5.73201860655762e-06,0,0,0,0,0,0,0,0,0,0,0,0,1,0,0,0,0,0,0,0,0,0,0,0,0,Breakfast,0,0,0,0,0,0,0,0,0,0,0,0,0,0,0,0,0,0,0,0,0,0,0,0,0.519,0.000519,519000.00000000006,519.0,0.018307188269854308,0.0011441991407395147,22.399999618530273,0.022399999618530272,22399999.618530273,22399.999618530273,0.7901368213123282,0.049383545888415786,0,0,0,0,0,0,6.0,0.006,6000000.0,6000.0,0.21164379502721742,0.013227735731092654,0,0,0,0,0,0,0.505,0.000505,505000.0,505.0,0.017813352748124133,0.0011133344240336317,14.600000381469727,0.014600000381469726,14600000.381469727,14600.000381469727,0.5149999146888458,0.03218749111998891,0,0,0,0,0,0,30.600000381469727,0.030600000381469726,30600000.381469727,30600.000381469727,1.0793833680947589,0.06746145306956933,20.799999237060547,0.020799999237060548,20799999.237060547,20799.999237060547,0.7336984625157867,0.045856148852460955,0.0,0.0,0,0,0.0,0.0,0,0,0,0,0,0,0.0002897999877929687,2.897999877929687e-07,289.79998779296875,0.2897999877929687,1.0222394869224197e-05,6.388996088998778e-07,0,0,0,0,0,0,0,0,0,0,0,0,0.0,0.0,0.0,0.0,0.0,0.0,3e-06,3e-09,3.0,0.003,1.058218975136087e-07,6.6138678655463275e-09,0,0,0,0,0,0,0,0,0,0,0,0,0,0,0,0,0,0
com.sec.android.app.shealth,2025-02-10 07:28:00+00:00,0,0,0,0,0,0,0,0,0,0,0,0,0.016799999237060548,1.6799999237060547e-05,16799.999237060547,16.799999237060547,0.0005926025991643086,3.703765836506586e-05,0,0,0,0,0,0,0.015,1.4999999999999999e-05,15000.0,15.0,0.0005291094875680435,3.3069339327731635e-05,0,0,0,0,0,0,0,0,0,0,0,0,0.0,0.0,0.0,0.0,0.0,0.0,330000,1380720.0002176014,330,1380.7200002176014,0,0,0,0,0,0,0,0,0,0,0,0,0,0,0,0,0,0,0,0,0,0,0.001399999976158142,1.399999976158142e-06,1399.999976158142,1.399999976158142,4.938355133202051e-05,3.0864716180259867e-06,0,0,0,0,0,0,0,0,0,0,0,0,2,0,0,0,0,0,0,0,0,0,0,0,0,Lunch,0,0,0,0,0,0,0,0,0,0,0,0,0,0,0,0,0,0,0,0,0,0,0,0,0.034,3.4e-05,34000.00000000001,34.0,0.0011993148384875653,7.495716914285838e-05,28.0,0.028,28000000.0,28000.0,0.9876710434603478,0.06172943341176572,0,0,0,0,0,0,2.299999952316284,0.002299999952316284,2299999.952316284,2299.999952316284,0.08113011974510624,0.005070631925127586,0,0,0,0,0,0,0.545,0.000545,545000.0000000001,545.0,0.019224311381638916,0.0012015193289075829,4.0,0.004,4000000.0,4000.0,0.14109586335147828,0.008818490487395103,0,0,0,0,0,0,36.79999923706055,0.036799999237060545,36799999.23706055,36799.99923706055,1.2980819159216999,0.08113011080204137,8.199999809265137,0.008199999809265137,8199999.809265137,8199.999809265137,0.2892465131425554,0.018077905078661565,0.0,0.0,0,0,0.0,0.0,0,0,0,0,0,0,0.0,0.0,0.0,0.0,0.0,0.0,0,0,0,0,0,0,0,0,0,0,0,0,0.00010000000149011613,1.0000000149011613e-07,100.00000149011613,0.10000000149011612,3.527396636349262e-06,2.204622654700213e-07,0.0,0.0,0.0,0.0,0.0,0.0,0,0,0,0,0,0,0,0,0,0,0,0,0,0,0,0,0,0
com.sec.android.app.shealth,2025-02-10 07:30:00+00:00,0,0,0,0,0,0,0,0,0,0,0,0,0.2548000030517578,0.0002548000030517578,254800.00305175784,254.8000030517578,0.008987806603136767,0.0005617378507750424,0,0,0,0,0,0,0.499,0.000499,499000.0,499.0,0.017601708953096915,0.001100106688302539,0,0,0,0,0,0,0,0,0,0,0,0,9.0,0.009,9000000.0,9000.0,0.3174656925408261,0.01984160359663898,622000,2602448.0004101456,622,2602.4480004101456,0,0,0,0,0,0,0,0,0,0,0,0,0,0,0,0,0,0,0,0,0,0,0.0040999999046325685,4.099999904632569e-06,4099.999904632568,4.099999904632568,0.0001446232565712777,9.038952539330783e-06,0,0,0,0,0,0,0,0,0,0,0,0,3,0,0,0,0,0,0,0,0,0,0,0,0,Dinner,0,0,0,0,0,0,0,0,0,0,0,0,0,0,0,0,0,0,0,0,0,0,0,0,0.612,0.000612,612000.0,612.0,0.021587667092776174,0.0013492290445714507,55.599998474121094,0.055599998474121094,55599998.474121094,55599.998474121094,1.9612324467617475,0.12257701441080478,0,0,0,0,0,0,8.0,0.008,8000000.0,8000.0,0.28219172670295656,0.017636980974790207,0,0,0,0,0,0,0.7000000000000001,0.0007000000000000001,700000.0000000001,700.0,0.024691776086508698,0.001543235835294143,13.0,0.013,13000000.0,13000.0,0.45856155589230435,0.028660094084034086,0,0,0,0,0,0,42.0,0.042,42000000.0,42000.0,1.481506565190522,0.09259415011764859,26.799999237060547,0.026799999237060546,26799999.237060547,26799.999237060547,0.9453422575430042,0.05908388458355361,0.0,0.0,0,0,0.0,0.0,0,0,0,0,0,0,0.0001395,1.395e-07,139.5,0.1395,4.920718234382805e-06,3.075448557479042e-07,0,0,0,0,0,0,0,0,0,0,0,0,0.0,0.0,0.0,0.0,0.0,0.0,0.0,0.0,0.0,0.0,0.0,0.0,0,0,0,0,0,0,0,0,0,0,0,0,0,0,0,0,0,0
com.sec.android.app.shealth,2025-02-10 20:00:00+00:00,0,0,0,0,0,0,0,0,0,0,0,0,0.169,0.00016900000000000002,169000.00000000003,169.0,0.005961300226599958,0.00037258122309244315,0,0,0,0,0,0,0.385,0.00038500000000000003,385000.0,385.0,0.013580476847579783,0.0008487797094117787,0,0,0,0,0,0,0,0,0,0,0,0,8.0,0.008,8000000.0,8000.0,0.28219172670295656,0.017636980974790207,424000,1774016.000279585,424,1774.016000279585,0,0,0,0,0,0,0,0,0,0,0,0,0,0,0,0,0,0,0,0,0,0,0.001,1e-06,1000.0000000000001,1.0,3.527396583786957e-05,2.204622621848776e-06,0,0,0,0,0,0,0,0,0,0,0,0,2,0,0,0,0,0,0,0,0,0,0,0,0,Lunch,0,0,0,0,0,0,0,0,0,0,0,0,0,0,0,0,0,0,0,0,0,0,0,0,0.428,0.000428,428000.0,428.0,0.015097257378608175,0.000943578482151276,31.200000762939453,0.031200000762939453,31200000.762939453,31200.000762939453,1.1005477610534307,0.06878422748367538,0,0,0,0,0,0,7.0,0.007,7000000.0,7000.0,0.24691776086508696,0.01543235835294143,0,0,0,0,0,0,0.89,0.0008900000000000001,890000.0,890.0,0.031393829595703915,0.0019621141334454106,5.0,0.005,5000000.0,5000.0,0.17636982918934785,0.011023113109243879,0,0,0,0,0,0,27.399999618530273,0.027399999618530273,27399999.618530273,27399.999618530273,0.9665066505016761,0.060406658997659665,20.5,0.0205,20500000.0,20500.0,0.7231162996763262,0.0451947637478999,0.0,0.0,0,0,0.0,0.0,0,0,0,0,0,0,0.0,0.0,0.0,0.0,0.0,0.0,0,0,0,0,0,0,0,0,0,0,0,0,0.0,0.0,0.0,0.0,0.0,0.0,0.0,0.0,0.0,0.0,0.0,0.0,0,0,0,0,0,0,0,0,0,0,0,0,0,0,0,0,0,0
com.sec.android.app.shealth,2025-02-10 21:55:00+00:00,0,0,0,0,0,0,0,0,0,0,0,0,0.0039000000953674317,3.900000095367432e-06,3900.0000953674316,3.9000000953674316,0.00013756847013167883,8.598028435459423e-06,0,0,0,0,0,0,0.0225,2.2499999999999998e-05,22500.0,22.5,0.0007936642313520652,4.960400899159745e-05,0,0,0,0,0,0,0,0,0,0,0,0,0.0,0.0,0.0,0.0,0.0,0.0,212000,887008.0001397924,212,887.0080001397924,0,0,0,0,0,0,0,0,0,0,0,0,0,0,0,0,0,0,0,0,0,0,0.0,0.0,0.0,0.0,0.0,0.0,0,0,0,0,0,0,0,0,0,0,0,0,1,0,0,0,0,0,0,0,0,0,0,0,0,Breakfast,0,0,0,0,0,0,0,0,0,0,0,0,0,0,0,0,0,0,0,0,0,0,0,0,0.356,0.000356,356000.0,356.0,0.012557531838281566,0.0007848456533781641,37.70000076293945,0.03770000076293945,37700000.76293945,37700.00076293945,1.329828538999583,0.08311427452569242,0,0,0,0,0,0,0.0,0.0,0.0,0.0,0.0,0.0,0,0,0,0,0,0,0.17500000000000002,0.00017500000000000003,175000.00000000003,175.0,0.0061729440216271745,0.0003858089588235358,1.5,0.0015,1500000.0,1500.0,0.052910948756804355,0.0033069339327731636,0,0,0,0,0,0,7.0,0.007,7000000.0,7000.0,0.24691776086508696,0.01543235835294143,3.700000047683716,0.0037000000476837156,3700000.047683716,3700.000047683716,0.13051367528211116,0.00815710380596507,0.0,0.0,0,0,0.0,0.0,0,0,0,0,0,0,0.0,0.0,0.0,0.0,0.0,0.0,0,0,0,0,0,0,0,0,0,0,0,0,0.0,0.0,0.0,0.0,0.0,0.0,0.0,0.0,0.0,0.0,0.0,0.0,0,0,0,0,0,0,0,0,0,0,0,0,0,0,0,0,0,0
com.sec.android.app.shealth,2025-02-11 02:00:00+00:00,0,0,0,0,0,0,0,0,0,0,0,0,0.169,0.00016900000000000002,169000.00000000003,169.0,0.005961300226599958,0.00037258122309244315,0,0,0,0,0,0,0.0375,3.75e-05,37500.0,37.5,0.0013227737189201087,8.267334831932908e-05,0,0,0,0,0,0,0,0,0,0,0,0,8.0,0.008,8000000.0,8000.0,0.28219172670295656,0.017636980974790207,495000,2071080.0003264023,495,2071.080000326402,0,0,0,0,0,0,0,0,0,0,0,0,0,0,0,0,0,0,0,0,0,0,0.001,1e-06,1000.0000000000001,1.0,3.527396583786957e-05,2.204622621848776e-06,0,0,0,0,0,0,0,0,0,0,0,0,3,0,0,0,0,0,0,0,0,0,0,0,0,Dinner,0,0,0,0,0,0,0,0,0,0,0,0,0,0,0,0,0,0,0,0,0,0,0,0,0.46,0.00046,460000.00000000006,460.0,0.016226024285420002,0.001014126406050437,50.0,0.05,50000000.0,50000.0,1.7636982918934783,0.11023113109243879,0,0,0,0,0,0,8.0,0.008,8000000.0,8000.0,0.28219172670295656,0.017636980974790207,0,0,0,0,0,0,0.8575,0.0008575000000000001,857500.0000000001,857.5,0.030247425705973156,0.0018904638982353253,6.5,0.0065,6500000.0,6500.0,0.22928077794615218,0.014330047042017043,0,0,0,0,0,0,34.5,0.0345,34500000.0,34500.0,1.2169518214065,0.07605948045378276,17.200000762939453,0.017200000762939455,17200000.762939453,17200.000762939453,0.6067122393232568,0.03791951077779252,0.0,0.0,0,0,0.0,0.0,0,0,0,0,0,0,0.0,0.0,0.0,0.0,0.0,0.0,0,0,0,0,0,0,0,0,0,0,0,0,0.0,0.0,0.0,0.0,0.0,0.0,0.0,0.0,0.0,0.0,0.0,0.0,0,0,0,0,0,0,0,0,0,0,0,0,0,0,0,0,0,0
com.sec.android.app.shealth,2025-02-12 00:23:00+00:00,0,0,0,0,0,0,0,0,0,0,0,0,0.0,0.0,0.0,0.0,0.0,0.0,0,0,0,0,0,0,0.0225,2.2499999999999998e-05,22500.0,22.5,0.0007936642313520652,4.960400899159745e-05,0,0,0,0,0,0,0,0,0,0,0,0,0.0,0.0,0.0,0.0,0.0,0.0,295000,1234280.0001945226,295,1234.2800001945225,0,0,0,0,0,0,0,0,0,0,0,0,0,0,0,0,0,0,0,0,0,0,0.0,0.0,0.0,0.0,0.0,0.0,0,0,0,0,0,0,0,0,0,0,0,0,1,0,0,0,0,0,0,0,0,0,0,0,0,Breakfast,0,0,0,0,0,0,0,0,0,0,0,0,0,0,0,0,0,0,0,0,0,0,0,0,0.335,0.000335,335000.00000000006,335.0,0.011816778555686306,0.0007385485783193399,38.5,0.0385,38500000.0,38500.0,1.3580476847579783,0.08487797094117787,0,0,0,0,0,0,8.0,0.008,8000000.0,8000.0,0.28219172670295656,0.017636980974790207,0,0,0,0,0,0,0.25,0.00025,250000.0,250.0,0.008818491459467392,0.000551155655462194,1.5,0.0015,1500000.0,1500.0,0.052910948756804355,0.0033069339327731636,0,0,0,0,0,0,9.0,0.009,9000000.0,9000.0,0.3174656925408261,0.01984160359663898,11.199999809265137,0.011199999809265136,11199999.809265137,11199.999809265137,0.3950684106561641,0.024691772944207893,0.0,0.0,0,0,0.0,0.0,0,0,0,0,0,0,0.0,0.0,0.0,0.0,0.0,0.0,0,0,0,0,0,0,0,0,0,0,0,0,0.0,0.0,0.0,0.0,0.0,0.0,0.0,0.0,0.0,0.0,0.0,0.0,0,0,0,0,0,0,0,0,0,0,0,0,0,0,0,0,0,0
com.sec.android.app.shealth,2025-02-12 00:24:00+00:00,0,0,0,0,0,0,0,0,0,0,0,0,0.139,0.00013900000000000002,139000.00000000003,139.0,0.004903081251463871,0.00030644254443697985,0,0,0,0,0,0,0.015,1.4999999999999999e-05,15000.0,15.0,0.0005291094875680435,3.3069339327731635e-05,0,0,0,0,0,0,0,0,0,0,0,0,5.0,0.005,5000000.0,5000.0,0.17636982918934785,0.011023113109243879,130000,543920.0000857217,130,543.9200000857218,0,0,0,0,0,0,0,0,0,0,0,0,0,0,0,0,0,0,0,0,0,0,0.00010000000149011613,1.0000000149011613e-07,100.00000149011613,0.10000000149011612,3.527396636349262e-06,2.204622654700213e-07,0,0,0,0,0,0,0,0,0,0,0,0,2,0,0,0,0,0,0,0,0,0,0,0,0,Lunch,0,0,0,0,0,0,0,0,0,0,0,0,0,0,0,0,0,0,0,0,0,0,0,0,0.09,8.999999999999999e-05,90000.0,90.0,0.003174656925408261,0.0001984160359663898,10.0,0.01,10000000.0,10000.0,0.3527396583786957,0.022046226218487758,0,0,0,0,0,0,3.5,0.0035,3500000.0,3500.0,0.12345888043254348,0.007716179176470715,0,0,0,0,0,0,0.42,0.00041999999999999996,420000.0,420.0,0.014815065651905218,0.0009259415011764857,1.0,0.001,1000000.0,1000.0,0.03527396583786957,0.002204622621848776,0,0,0,0,0,0,5.0,0.005,5000000.0,5000.0,0.17636982918934785,0.011023113109243879,7.0,0.007,7000000.0,7000.0,0.24691776086508696,0.01543235835294143,0.0,0.0,0,0,0.0,0.0,0,0,0,0,0,0,0.0,0.0,0.0,0.0,0.0,0.0,0,0,0,0,0,0,0,0,0,0,0,0,0.0,0.0,0.0,0.0,0.0,0.0,0.0,0.0,0.0,0.0,0.0,0.0,0,0,0,0,0,0,0,0,0,0,0,0,0,0,0,0,0,0
com.sec.android.app.shealth,2025-02-12 05:00:00+00:00,0,0,0,0,0,0,0,0,0,0,0,0,0.23910000610351562,0.00023910000610351563,239100.00610351562,239.10000610351562,0.008434005447129815,0.0005271252823399908,0,0,0,0,0,0,0.0,0.0,0.0,0.0,0.0,0.0,0,0,0,0,0,0,0,0,0,0,0,0,0.0,0.0,0.0,0.0,0.0,0.0,100000,418400.00006593985,100,418.4000000659398,0,0,0,0,0,0,0,0,0,0,0,0,0,0,0,0,0,0,0,0,0,0,0.0,0.0,0.0,0.0,0.0,0.0,0,0,0,0,0,0,0,0,0,0,0,0,4,0,0,0,0,0,0,0,0,0,0,0,0,Evening snack,0,0,0,0,0,0,0,0,0,0,0,0,0,0,0,0,0,0,0,0,0,0,0,0,0.7000000000000001,0.0007000000000000001,700000.0000000001,700.0,0.024691776086508698,0.001543235835294143,0.0,0.0,0.0,0.0,0.0,0.0,0,0,0,0,0,0,0.0,0.0,0.0,0.0,0.0,0.0,0,0,0,0,0,0,0.98,0.00098,980000.0,980.0,0.03456848652111218,0.0021605301694118,24.0,0.024,24000000.0,24000.0,0.8465751801088697,0.05291094292437062,0,0,0,0,0,0,28.0,0.028,28000000.0,28000.0,0.9876710434603478,0.06172943341176572,0.0,0.0,0.0,0.0,0.0,0.0,0.0,0.0,0,0,0.0,0.0,0,0,0,0,0,0,0.0,0.0,0.0,0.0,0.0,0.0,0,0,0,0,0,0,0,0,0,0,0,0,0.0,0.0,0.0,0.0,0.0,0.0,0.0,0.0,0.0,0.0,0.0,0.0,0,0,0,0,0,0,0,0,0,0,0,0,0,0,0,0,0,0
com.sec.android.app.shealth,2025-02-12 07:50:00+00:00,0,0,0,0,0,0,0,0,0,0,0,0,0.0701999969482422,7.019999694824219e-05,70199.9969482422,70.19999694824219,0.002476232294170843,0.00015476450132580975,0,0,0,0,0,0,0.46429998779296877,0.0004642999877929688,464299.9877929688,464.29998779296875,0.01637770190793244,0.0010236062564124894,0,0,0,0,0,0,0,0,0,0,0,0,10.5,0.0105,10500000.0,10500.0,0.3703766412976305,0.023148537529412146,633000,2648472.000417399,633,2648.472000417399,0,0,0,0,0,0,0,0,0,0,0,0,0,0,0,0,0,0,0,0,0,0,0.002,2e-06,2000.0000000000002,2.0,7.054793167573914e-05,4.409245243697552e-06,0,0,0,0,0,0,0,0,0,0,0,0,3,0,0,0,0,0,0,0,0,0,0,0,0,Dinner,0,0,0,0,0,0,0,0,0,0,0,0,0,0,0,0,0,0,0,0,0,0,0,0,0.1768000030517578,0.0001768000030517578,176800.0030517578,176.8000030517578,0.00623643726778294,0.0003897772862708378,27.700000762939453,0.027700000762939454,27700000.762939453,27700.000762939453,0.9770888806208873,0.061068048307204664,0,0,0,0,0,0,3.799999952316284,0.003799999952316284,3799999.952316284,3799.999952316284,0.13404106850191058,0.008377565857900749,0,0,0,0,0,0,1.1620999755859376,0.0011620999755859375,1162099.9755859377,1162.0999755859375,0.040991874839007424,0.002561991895026668,0.8999999761581421,0.0008999999761581421,899999.9761581421,899.9999761581421,0.03174656841308573,0.001984160307101599,0,0,0,0,0,0,59.900001525878906,0.059900001525878904,59900001.525878906,59900.001525878906,2.1129106075121875,0.13205689841272883,15.699999809265137,0.015699999809265137,15699999.809265137,15699.999809265137,0.5538012569265771,0.03461257474252739,0.0,0.0,0,0,0.0,0.0,0,0,0,0,0,0,0.000125,1.25e-07,125.00000000000001,0.125,4.409245729733696e-06,2.75577827731097e-07,0,0,0,0,0,0,0,0,0,0,0,0,0.0,0.0,0.0,0.0,0.0,0.0,0.0,0.0,0.0,0.0,0.0,0.0,0,0,0,0,0,0,0,0,0,0,0,0,0,0,0,0,0,0
com.sec.android.app.shealth,2025-02-13 00:40:00+00:00,0,0,0,0,0,0,0,0,0,0,0,0,0.12480000305175781,0.00012480000305175782,124800.00305175781,124.80000305175781,0.004402191044213723,0.0002751369099347015,0,0,0,0,0,0,0.633,0.000633,633000.0,633.0,0.022328420375371437,0.001395526119630275,0,0,0,0,0,0,0,0,0,0,0,0,0.699999988079071,0.000699999988079071,699999.988079071,699.999988079071,0.024691775666010257,0.0015432358090129933,490000,2050160.0003231051,490,2050.160000323105,0,0,0,0,0,0,0,0,0,0,0,0,0,0,0,0,0,0,0,0,0,0,0.0035,3.5e-06,3500.0000000000005,3.5,0.00012345888043254348,7.716179176470715e-06,0,0,0,0,0,0,0,0,0,0,0,0,2,0,0,0,0,0,0,0,0,0,0,0,0,Lunch,0,0,0,0,0,0,0,0,0,0,0,0,0,0,0,0,0,0,0,0,0,0,0,0,0.34,0.00034,340000.00000000006,340.0,0.011993148384875654,0.0007495716914285838,30.100000381469727,0.030100000381469726,30100000.381469727,30100.000381469727,1.061746385175824,0.06635914175864494,0,0,0,0,0,0,7.0,0.007,7000000.0,7000.0,0.24691776086508696,0.01543235835294143,0,0,0,0,0,0,0.974,0.0009739999999999999,974000.0,974.0,0.034356842726084955,0.0021473024336807075,1.899999976158142,0.001899999976158142,1899999.976158142,1899.999976158142,0.06702053425095529,0.004188782928950374,0,0,0,0,0,0,27.399999618530273,0.027399999618530273,27399999.618530273,27399.999618530273,0.9665066505016761,0.060406658997659665,27.600000381469727,0.027600000381469727,27600000.381469727,27600.000381469727,0.9735614705811502,0.060847585204022996,0.0,0.0,0,0,0.0,0.0,0,0,0,0,0,0,0.000252,2.52e-07,252.0,0.252,8.889039391143131e-06,5.555649007058915e-07,0,0,0,0,0,0,0,0,0,0,0,0,0.0,0.0,0.0,0.0,0.0,0.0,0.0,0.0,0.0,0.0,0.0,0.0,0,0,0,0,0,0,0,0,0,0,0,0,0,0,0,0,0,0
com.sec.android.app.shealth,2025-02-13 00:40:00+00:00,0,0,0,0,0,0,0,0,0,0,0,0,0.12480000305175781,0.00012480000305175782,124800.00305175781,124.80000305175781,0.004402191044213723,0.0002751369099347015,0,0,0,0,0,0,0.633,0.000633,633000.0,633.0,0.022328420375371437,0.001395526119630275,0,0,0,0,0,0,0,0,0,0,0,0,0.699999988079071,0.000699999988079071,699999.988079071,699.999988079071,0.024691775666010257,0.0015432358090129933,490000,2050160.0003231051,490,2050.160000323105,0,0,0,0,0,0,0,0,0,0,0,0,0,0,0,0,0,0,0,0,0,0,0.0035,3.5e-06,3500.0000000000005,3.5,0.00012345888043254348,7.716179176470715e-06,0,0,0,0,0,0,0,0,0,0,0,0,2,0,0,0,0,0,0,0,0,0,0,0,0,Lunch,0,0,0,0,0,0,0,0,0,0,0,0,0,0,0,0,0,0,0,0,0,0,0,0,0.34,0.00034,340000.00000000006,340.0,0.011993148384875654,0.0007495716914285838,30.100000381469727,0.030100000381469726,30100000.381469727,30100.000381469727,1.061746385175824,0.06635914175864494,0,0,0,0,0,0,7.0,0.007,7000000.0,7000.0,0.24691776086508696,0.01543235835294143,0,0,0,0,0,0,0.974,0.0009739999999999999,974000.0,974.0,0.034356842726084955,0.0021473024336807075,1.899999976158142,0.001899999976158142,1899999.976158142,1899.999976158142,0.06702053425095529,0.004188782928950374,0,0,0,0,0,0,27.399999618530273,0.027399999618530273,27399999.618530273,27399.999618530273,0.9665066505016761,0.060406658997659665,27.600000381469727,0.027600000381469727,27600000.381469727,27600.000381469727,0.9735614705811502,0.060847585204022996,0.0,0.0,0,0,0.0,0.0,0,0,0,0,0,0,0.000252,2.52e-07,252.0,0.252,8.889039391143131e-06,5.555649007058915e-07,0,0,0,0,0,0,0,0,0,0,0,0,0.0,0.0,0.0,0.0,0.0,0.0,0.0,0.0,0.0,0.0,0.0,0.0,0,0,0,0,0,0,0,0,0,0,0,0,0,0,0,0,0,0
com.sec.android.app.shealth,2025-02-13 02:00:00+00:00,0,0,0,0,0,0,0,0,0,0,0,0,0.05970000076293946,5.9700000762939456e-05,59700.00076293946,59.70000076293945,0.0021058557874327134,0.0001316159722063655,0,0,0,0,0,0,0.05,5e-05,50000.00000000001,50.0,0.0017636982918934785,0.00011023113109243879,0,0,0,0,0,0,0,0,0,0,0,0,12.0,0.012,12000000.0,12000.0,0.42328759005443484,0.02645547146218531,880000,3681920.0005802703,880,3681.9200005802704,0,0,0,0,0,0,0,0,0,0,0,0,0,0,0,0,0,0,0,0,0,0,0.0017999999523162843,1.7999999523162842e-06,1799.9999523162844,1.7999999523162842,6.349313682617146e-05,3.9683206142031975e-06,0,0,0,0,0,0,0,0,0,0,0,0,3,0,0,0,0,0,0,0,0,0,0,0,0,Dinner,0,0,0,0,0,0,0,0,0,0,0,0,0,0,0,0,0,0,0,0,0,0,0,0,0.18,0.00017999999999999998,180000.0,180.0,0.006349313850816522,0.0003968320719327796,24.0,0.024,24000000.0,24000.0,0.8465751801088697,0.05291094292437062,0,0,0,0,0,0,10.0,0.01,10000000.0,10000.0,0.3527396583786957,0.022046226218487758,0,0,0,0,0,0,2.05,0.0020499999999999997,2050000.0,2050.0,0.0723116299676326,0.0045194763747899895,23.0,0.023,23000000.0,23000.0,0.8113012142710001,0.05070632030252184,0,0,0,0,0,0,109.0,0.109,109000000.0,109000.0,3.844862276327783,0.24030386578151655,41.0,0.041,41000000.0,41000.0,1.4462325993526524,0.0903895274957998,0.0,0.0,0,0,0.0,0.0,0,0,0,0,0,0,0.0,0.0,0.0,0.0,0.0,0.0,0,0,0,0,0,0,0,0,0,0,0,0,0.0,0.0,0.0,0.0,0.0,0.0,0.0,0.0,0.0,0.0,0.0,0.0,0,0,0,0,0,0,0,0,0,0,0,0,0,0,0,0,0,0
com.sec.android.app.shealth,2025-02-13 02:32:00+00:00,0,0,0,0,0,0,0,0,0,0,0,0,0.0,0.0,0.0,0.0,0.0,0.0,0,0,0,0,0,0,0.0225,2.2499999999999998e-05,22500.0,22.5,0.0007936642313520652,4.960400899159745e-05,0,0,0,0,0,0,0,0,0,0,0,0,0.0,0.0,0.0,0.0,0.0,0.0,245000,1025080.0001615526,245,1025.0800001615526,0,0,0,0,0,0,0,0,0,0,0,0,0,0,0,0,0,0,0,0,0,0,0.0,0.0,0.0,0.0,0.0,0.0,0,0,0,0,0,0,0,0,0,0,0,0,1,0,0,0,0,0,0,0,0,0,0,0,0,Breakfast,0,0,0,0,0,0,0,0,0,0,0,0,0,0,0,0,0,0,0,0,0,0,0,0,0.28,0.00028000000000000003,280000.00000000006,280.0,0.00987671043460348,0.0006172943341176573,38.0,0.038,38000000.0,38000.0,1.3404107018390437,0.08377565963025348,0,0,0,0,0,0,4.0,0.004,4000000.0,4000.0,0.14109586335147828,0.008818490487395103,0,0,0,0,0,0,0.20750000000000002,0.00020750000000000003,207500.00000000003,207.5,0.007319347911357936,0.000457459194033621,1.5,0.0015,1500000.0,1500.0,0.052910948756804355,0.0033069339327731636,0,0,0,0,0,0,7.5,0.0075,7500000.0,7500.0,0.2645547437840218,0.01653466966386582,6.699999809265137,0.0066999998092651366,6699999.809265137,6699.999809265137,0.23633556438575104,0.014770971145888403,0.0,0.0,0,0,0.0,0.0,0,0,0,0,0,0,0.0,0.0,0.0,0.0,0.0,0.0,0,0,0,0,0,0,0,0,0,0,0,0,0.0,0.0,0.0,0.0,0.0,0.0,0.0,0.0,0.0,0.0,0.0,0.0,0,0,0,0,0,0,0,0,0,0,0,0,0,0,0,0,0,0
com.sec.android.app.shealth,2025-02-13 05:37:00+00:00,0,0,0,0,0,0,0,0,0,0,0,0,0.0,0.0,0.0,0.0,0.0,0.0,0,0,0,0,0,0,0.0,0.0,0.0,0.0,0.0,0.0,0,0,0,0,0,0,0,0,0,0,0,0,0.0,0.0,0.0,0.0,0.0,0.0,50000,209200.00003296993,50,209.2000000329699,0,0,0,0,0,0,0,0,0,0,0,0,0,0,0,0,0,0,0,0,0,0,0.0,0.0,0.0,0.0,0.0,0.0,0,0,0,0,0,0,0,0,0,0,0,0,4,0,0,0,0,0,0,0,0,0,0,0,0,Evening snack,0,0,0,0,0,0,0,0,0,0,0,0,0,0,0,0,0,0,0,0,0,0,0,0,0.055,5.5e-05,55000.0,55.0,0.0019400681210828261,0.00012125424420168267,0.5,0.0005,500000.0,500.0,0.017636982918934785,0.001102311310924388,0,0,0,0,0,0,4.0,0.004,4000000.0,4000.0,0.14109586335147828,0.008818490487395103,0,0,0,0,0,0,0.0425,4.25e-05,42500.00000000001,42.5,0.0014991435481094568,9.369646142857297e-05,0.0,0.0,0.0,0.0,0.0,0.0,0,0,0,0,0,0,1.5,0.0015,1500000.0,1500.0,0.052910948756804355,0.0033069339327731636,4.5,0.0045,4500000.0,4500.0,0.15873284627041306,0.00992080179831949,0.0,0.0,0,0,0.0,0.0,0,0,0,0,0,0,0.0,0.0,0.0,0.0,0.0,0.0,0,0,0,0,0,0,0,0,0,0,0,0,0.0,0.0,0.0,0.0,0.0,0.0,0.0,0.0,0.0,0.0,0.0,0.0,0,0,0,0,0,0,0,0,0,0,0,0,0,0,0,0,0,0
com.sec.android.app.shealth,2025-02-14 02:00:00+00:00,0,0,0,0,0,0,0,0,0,0,0,0,0.04670000076293945,4.670000076293945e-05,46700.00076293945,46.70000076293945,0.001647294231540409,0.0001029558781223314,0,0,0,0,0,0,0.01,1e-05,10000.0,10.0,0.00035273965837869566,2.2046226218487758e-05,0,0,0,0,0,0,0,0,0,0,0,0,27.799999237060547,0.027799999237060547,27799999.237060547,27799.999237060547,0.9806162233808737,0.06128850720540239,1322000,5531248.000871724,1322,5531.248000871725,0,0,0,0,0,0,0,0,0,0,0,0,0,0,0,0,0,0,0,0,0,0,0.0034000000953674316,3.4000000953674315e-06,3400.0000953674316,3.4000000953674316,0.00011993148721274405,7.495717124535035e-06,0,0,0,0,0,0,0,0,0,0,0,0,3,0,0,0,0,0,0,0,0,0,0,0,0,Dinner,0,0,0,0,0,0,0,0,0,0,0,0,0,0,0,0,0,0,0,0,0,0,0,0,0.504,0.000504,504000.0,504.0,0.017778078782286263,0.001111129801411783,54.20000076293945,0.05420000076293945,54200000.76293945,54200.00076293945,1.9118489753244308,0.11949054778619722,0,0,0,0,0,0,17.799999237060547,0.017799999237060545,17799999.237060547,17799.999237060547,0.6278765650021781,0.03924228098691463,0,0,0,0,0,0,2.508,0.002508,2508000.0,2508.0,0.08846710632137687,0.005529193535596729,34.400001525878906,0.03440000152587891,34400001.525878906,34400.001525878906,1.2134244786465136,0.07583902155558504,0,0,0,0,0,0,157.1999969482422,0.1571999969482422,157199996.9482422,157199.9969482422,5.545067322065496,0.3465666694266532,62.599998474121094,0.0625999984741211,62599998.474121094,62599.998474121094,2.2081502076268347,0.1380093727637462,7.5,0.0075,7500000,7500,0.2645547437840218,0.01653466966386582,0,0,0,0,0,0,0.0,0.0,0.0,0.0,0.0,0.0,0,0,0,0,0,0,0,0,0,0,0,0,0.0,0.0,0.0,0.0,0.0,0.0,0.0,0.0,0.0,0.0,0.0,0.0,0,0,0,0,0,0,0,0,0,0,0,0,0,0,0,0,0,0
com.sec.android.app.shealth,2025-02-14 05:49:00+00:00,0,0,0,0,0,0,0,0,0,0,0,0,0.057200000762939456,5.7200000762939456e-05,57200.00076293946,57.20000076293945,0.0020176708728380397,0.00012610441565174356,0,0,0,0,0,0,0.449,0.000449,449000.00000000006,449.0,0.015838010661203435,0.0009898755572101004,0,0,0,0,0,0,0,0,0,0,0,0,0.0,0.0,0.0,0.0,0.0,0.0,316000,1322144.00020837,316,1322.1440002083698,0,0,0,0,0,0,0,0,0,0,0,0,0,0,0,0,0,0,0,0,0,0,0.0017999999523162843,1.7999999523162842e-06,1799.9999523162844,1.7999999523162842,6.349313682617146e-05,3.9683206142031975e-06,0,0,0,0,0,0,0,0,0,0,0,0,1,0,0,0,0,0,0,0,0,0,0,0,0,Breakfast,0,0,0,0,0,0,0,0,0,0,0,0,0,0,0,0,0,0,0,0,0,0,0,0,0.29,0.00029,290000.0,290.0,0.010229450092982173,0.000639340560336145,37.79999923706055,0.037799999237060546,37799999.23706055,37799.99923706055,1.3333558817595694,0.08333473342389014,0,0,0,0,0,0,4.0,0.004,4000000.0,4000.0,0.14109586335147828,0.008818490487395103,0,0,0,0,0,0,0.306,0.000306,306000.0,306.0,0.010793833546388087,0.0006746145222857253,1.7999999523162842,0.0017999999523162843,1799999.9523162842,1799.9999523162842,0.06349313682617146,0.003968320614203198,0,0,0,0,0,0,4.800000190734863,0.004800000190734863,4800000.190734863,4800.000190734863,0.16931504274974898,0.010582189005372517,16.100000381469727,0.016100000381469727,16100000.381469727,16100.000381469727,0.5679108634456501,0.035494425052762076,0.0,0.0,0,0,0.0,0.0,0,0,0,0,0,0,0.00018989999389648437,1.8989999389648437e-07,189.89999389648438,0.18989999389648435,6.698525897316229e-06,4.1865782243313385e-07,0,0,0,0,0,0,0,0,0,0,0,0,0.0,0.0,0.0,0.0,0.0,0.0,0.0,0.0,0.0,0.0,0.0,0.0,0,0,0,0,0,0,0,0,0,0,0,0,0,0,0,0,0,0
com.sec.android.app.shealth,2025-02-14 05:51:00+00:00,0,0,0,0,0,0,0,0,0,0,0,0,0.0,0.0,0.0,0.0,0.0,0.0,0,0,0,0,0,0,0.025,2.5e-05,25000.000000000004,25.0,0.0008818491459467393,5.5115565546219397e-05,0,0,0,0,0,0,0,0,0,0,0,0,10.0,0.01,10000000.0,10000.0,0.3527396583786957,0.022046226218487758,380000,1589920.0002505714,380,1589.9200002505713,0,0,0,0,0,0,0,0,0,0,0,0,0,0,0,0,0,0,0,0,0,0,0.0008999999761581421,8.999999761581421e-07,899.9999761581422,0.8999999761581421,3.174656841308573e-05,1.9841603071015987e-06,0,0,0,0,0,0,0,0,0,0,0,0,4,0,0,0,0,0,0,0,0,0,0,0,0,Evening snack,0,0,0,0,0,0,0,0,0,0,0,0,0,0,0,0,0,0,0,0,0,0,0,0,0.18,0.00017999999999999998,180000.0,180.0,0.006349313850816522,0.0003968320719327796,29.0,0.029,29000000.0,29000.0,1.0229450092982175,0.06393405603361449,0,0,0,0,0,0,6.0,0.006,6000000.0,6000.0,0.21164379502721742,0.013227735731092654,0,0,0,0,0,0,0.26,0.00026000000000000003,260000.00000000003,260.0,0.009171231117846087,0.0005732018816806817,27.0,0.027,27000000.0,27000.0,0.9523970776224783,0.05952481078991694,0,0,0,0,0,0,48.0,0.048,48000000.0,48000.0,1.6931503602177393,0.10582188584874123,12.0,0.012,12000000.0,12000.0,0.42328759005443484,0.02645547146218531,0.0,0.0,0,0,0.0,0.0,0,0,0,0,0,0,0.0,0.0,0.0,0.0,0.0,0.0,0,0,0,0,0,0,0,0,0,0,0,0,0.0,0.0,0.0,0.0,0.0,0.0,0.0,0.0,0.0,0.0,0.0,0.0,0,0,0,0,0,0,0,0,0,0,0,0,0,0,0,0,0,0
com.sec.android.app.shealth,2025-02-14 16:00:00+00:00,0,0,0,0,0,0,0,0,0,0,0,0,0.039,3.9e-05,39000.0,39.0,0.0013756846676769132,8.598028225210225e-05,0,0,0,0,0,0,0.005,5e-06,5000.0,5.0,0.00017636982918934783,1.1023113109243879e-05,0,0,0,0,0,0,0,0,0,0,0,0,16.0,0.016,16000000.0,16000.0,0.5643834534059131,0.035273961949580414,550000,2301200.000362669,550,2301.200000362669,0,0,0,0,0,0,0,0,0,0,0,0,0,0,0,0,0,0,0,0,0,0,0.003,3e-06,3000.0,3.0,0.00010582189751360871,6.613867865546327e-06,0,0,0,0,0,0,0,0,0,0,0,0,1,0,0,0,0,0,0,0,0,0,0,0,0,Breakfast,0,0,0,0,0,0,0,0,0,0,0,0,0,0,0,0,0,0,0,0,0,0,0,0,0.27,0.00027,270000.00000000006,270.0,0.009523970776224784,0.0005952481078991695,31.5,0.0315,31500000.0,31500.0,1.1111299238928913,0.06944561258823644,0,0,0,0,0,0,3.0,0.003,3000000.0,3000.0,0.10582189751360871,0.006613867865546327,0,0,0,0,0,0,1.1,0.0011,1100000.0000000002,1100.0,0.03880136242165653,0.0024250848840336537,16.0,0.016,16000000.0,16000.0,0.5643834534059131,0.035273961949580414,0,0,0,0,0,0,97.0,0.097,97000000.0,97000.0,3.421574686273348,0.21384839431933125,8.5,0.0085,8500000.0,8500.0,0.29982870962189134,0.018739292285714592,0.0,0.0,0,0,0.0,0.0,0,0,0,0,0,0,0.0,0.0,0.0,0.0,0.0,0.0,0,0,0,0,0,0,0,0,0,0,0,0,0.0,0.0,0.0,0.0,0.0,0.0,0.0,0.0,0.0,0.0,0.0,0.0,0,0,0,0,0,0,0,0,0,0,0,0,0,0,0,0,0,0
com.sec.android.app.shealth,2025-02-15 02:00:00+00:00,0,0,0,0,0,0,0,0,0,0,0,0,0.0,0.0,0.0,0.0,0.0,0.0,0,0,0,0,0,0,0.0075,7.499999999999999e-06,7500.0,7.5,0.00026455474378402175,1.6534669663865818e-05,0,0,0,0,0,0,0,0,0,0,0,0,15.0,0.015,15000000.0,15000.0,0.5291094875680435,0.03306933932773164,285000,1192440.0001879286,285,1192.4400001879285,0,0,0,0,0,0,0,0,0,0,0,0,0,0,0,0,0,0,0,0,0,0,0.001399999976158142,1.399999976158142e-06,1399.999976158142,1.399999976158142,4.938355133202051e-05,3.0864716180259867e-06,0,0,0,0,0,0,0,0,0,0,0,0,3,0,0,0,0,0,0,0,0,0,0,0,0,Dinner,0,0,0,0,0,0,0,0,0,0,0,0,0,0,0,0,0,0,0,0,0,0,0,0,0.27,0.00027,270000.00000000006,270.0,0.009523970776224784,0.0005952481078991695,31.5,0.0315,31500000.0,31500.0,1.1111299238928913,0.06944561258823644,0,0,0,0,0,0,3.700000047683716,0.0037000000476837156,3700000.047683716,3700.000047683716,0.13051367528211116,0.00815710380596507,0,0,0,0,0,0,0.21,0.00020999999999999998,210000.0,210.0,0.007407532825952609,0.00046297075058824287,3.0,0.003,3000000.0,3000.0,0.10582189751360871,0.006613867865546327,0,0,0,0,0,0,33.0,0.033,33000000.0,33000.0,1.1640408726496958,0.0727525465210096,9.0,0.009,9000000.0,9000.0,0.3174656925408261,0.01984160359663898,0.0,0.0,0,0,0.0,0.0,0,0,0,0,0,0,0.0,0.0,0.0,0.0,0.0,0.0,0,0,0,0,0,0,0,0,0,0,0,0,0.0,0.0,0.0,0.0,0.0,0.0,0.0,0.0,0.0,0.0,0.0,0.0,0,0,0,0,0,0,0,0,0,0,0,0,0,0,0,0,0,0
com.sec.android.app.shealth,2025-02-15 05:00:00+00:00,0,0,0,0,0,0,0,0,0,0,0,0,0.0845,8.450000000000001e-05,84500.00000000001,84.5,0.002980650113299979,0.00018629061154622157,0,0,0,0,0,0,0.0,0.0,0.0,0.0,0.0,0.0,0,0,0,0,0,0,0,0,0,0,0,0,3.5,0.0035,3500000.0,3500.0,0.12345888043254348,0.007716179176470715,725000,3033400.0004780637,725,3033.4000004780637,0,0,0,0,0,0,0,0,0,0,0,0,0,0,0,0,0,0,0,0,0,0,0.006900000095367432,6.900000095367432e-06,6900.000095367432,6.900000095367432,0.00024339036764528754,1.521189630100575e-05,0,0,0,0,0,0,0,0,0,0,0,0,4,0,0,0,0,0,0,0,0,0,0,0,0,Evening snack,0,0,0,0,0,0,0,0,0,0,0,0,0,0,0,0,0,0,0,0,0,0,0,0,0.06,5.9999999999999995e-05,60000.0,60.0,0.002116437950272174,0.00013227735731092654,18.5,0.0185,18500000.0,18500.0,0.652568368000587,0.04078551850420235,0,0,0,0,0,0,9.199999809265137,0.009199999809265136,9199999.809265137,9199.999809265137,0.32452047898042496,0.020282527700510342,0,0,0,0,0,0,0.685,0.0006850000000000001,685000.0000000001,685.0,0.024162666598940657,0.0015101664959664115,5.0,0.005,5000000.0,5000.0,0.17636982918934785,0.011023113109243879,0,0,0,0,0,0,56.5,0.0565,56500000.0,56500.0,1.9929790698396306,0.12456117813445583,51.0,0.051,51000000.0,51000.0,1.7989722577313478,0.11243575371428756,0.0,0.0,0,0,0.0,0.0,0,0,0,0,0,0,0.0,0.0,0.0,0.0,0.0,0.0,0,0,0,0,0,0,0,0,0,0,0,0,0.0,0.0,0.0,0.0,0.0,0.0,0.0,0.0,0.0,0.0,0.0,0.0,0,0,0,0,0,0,0,0,0,0,0,0,0,0,0,0,0,0
com.sec.android.app.shealth,2025-02-15 16:00:00+00:00,0,0,0,0,0,0,0,0,0,0,0,0,0.0,0.0,0.0,0.0,0.0,0.0,0,0,0,0,0,0,0.015,1.4999999999999999e-05,15000.0,15.0,0.0005291094875680435,3.3069339327731635e-05,0,0,0,0,0,0,0,0,0,0,0,0,0.0,0.0,0.0,0.0,0.0,0.0,545000,2280280.0003593722,545,2280.280000359372,0,0,0,0,0,0,0,0,0,0,0,0,0,0,0,0,0,0,0,0,0,0,0.0,0.0,0.0,0.0,0.0,0.0,0,0,0,0,0,0,0,0,0,0,0,0,1,0,0,0,0,0,0,0,0,0,0,0,0,Breakfast,0,0,0,0,0,0,0,0,0,0,0,0,0,0,0,0,0,0,0,0,0,0,0,0,0.17,0.00017,170000.00000000003,170.0,0.005996574192437827,0.0003747858457142919,25.0,0.025,25000000.0,25000.0,0.8818491459467391,0.055115565546219394,0,0,0,0,0,0,0.0,0.0,0.0,0.0,0.0,0.0,0,0,0,0,0,0,0.115,0.000115,115000.00000000001,115.0,0.0040565060713550006,0.00025353160151260924,1.0,0.001,1000000.0,1000.0,0.03527396583786957,0.002204622621848776,0,0,0,0,0,0,5.0,0.005,5000000.0,5000.0,0.17636982918934785,0.011023113109243879,3.0,0.003,3000000.0,3000.0,0.10582189751360871,0.006613867865546327,0.0,0.0,0,0,0.0,0.0,0,0,0,0,0,0,0.0,0.0,0.0,0.0,0.0,0.0,0,0,0,0,0,0,0,0,0,0,0,0,0.0,0.0,0.0,0.0,0.0,0.0,0.0,0.0,0.0,0.0,0.0,0.0,0,0,0,0,0,0,0,0,0,0,0,0,0,0,0,0,0,0
com.sec.android.app.shealth,2025-02-16 05:00:00+00:00,0,0,0,0,0,0,0,0,0,0,0,0,0.0,0.0,0.0,0.0,0.0,0.0,0,0,0,0,0,0,0.01,1e-05,10000.0,10.0,0.00035273965837869566,2.2046226218487758e-05,0,0,0,0,0,0,0,0,0,0,0,0,20.0,0.02,20000000.0,20000.0,0.7054793167573914,0.044092452436975516,380000,1589920.0002505714,380,1589.9200002505713,0,0,0,0,0,0,0,0,0,0,0,0,0,0,0,0,0,0,0,0,0,0,0.001899999976158142,1.899999976158142e-06,1899.999976158142,1.899999976158142,6.702053425095529e-05,4.188782928950375e-06,0,0,0,0,0,0,0,0,0,0,0,0,4,0,0,0,0,0,0,0,0,0,0,0,0,Evening snack,0,0,0,0,0,0,0,0,0,0,0,0,0,0,0,0,0,0,0,0,0,0,0,0,0.36,0.00035999999999999997,360000.0,360.0,0.012698627701633044,0.0007936641438655592,42.0,0.042,42000000.0,42000.0,1.481506565190522,0.09259415011764859,0,0,0,0,0,0,5.0,0.005,5000000.0,5000.0,0.17636982918934785,0.011023113109243879,0,0,0,0,0,0,0.28,0.00028000000000000003,280000.00000000006,280.0,0.00987671043460348,0.0006172943341176573,4.0,0.004,4000000.0,4000.0,0.14109586335147828,0.008818490487395103,0,0,0,0,0,0,44.0,0.044,44000000.0,44000.0,1.552054496866261,0.09700339536134613,12.0,0.012,12000000.0,12000.0,0.42328759005443484,0.02645547146218531,0.0,0.0,0,0,0.0,0.0,0,0,0,0,0,0,0.0,0.0,0.0,0.0,0.0,0.0,0,0,0,0,0,0,0,0,0,0,0,0,0.0,0.0,0.0,0.0,0.0,0.0,0.0,0.0,0.0,0.0,0.0,0.0,0,0,0,0,0,0,0,0,0,0,0,0,0,0,0,0,0,0
com.sec.android.app.shealth,2025-02-16 16:00:00+00:00,0,0,0,0,0,0,0,0,0,0,0,0,0.0,0.0,0.0,0.0,0.0,0.0,0,0,0,0,0,0,0.015,1.4999999999999999e-05,15000.0,15.0,0.0005291094875680435,3.3069339327731635e-05,0,0,0,0,0,0,0,0,0,0,0,0,0.0,0.0,0.0,0.0,0.0,0.0,180000,753120.0001186917,180,753.1200001186917,0,0,0,0,0,0,0,0,0,0,0,0,0,0,0,0,0,0,0,0,0,0,0.0,0.0,0.0,0.0,0.0,0.0,0,0,0,0,0,0,0,0,0,0,0,0,1,0,0,0,0,0,0,0,0,0,0,0,0,Breakfast,0,0,0,0,0,0,0,0,0,0,0,0,0,0,0,0,0,0,0,0,0,0,0,0,0.20500000000000002,0.00020500000000000002,205000.00000000003,205.0,0.0072311629967632615,0.0004519476374789991,25.5,0.0255,25500000.0,25500.0,0.8994861288656739,0.05621787685714378,0,0,0,0,0,0,4.0,0.004,4000000.0,4000.0,0.14109586335147828,0.008818490487395103,0,0,0,0,0,0,0.1525,0.0001525,152500.0,152.5,0.005379279790275109,0.0003362049498319383,1.0,0.001,1000000.0,1000.0,0.03527396583786957,0.002204622621848776,0,0,0,0,0,0,5.5,0.0055,5500000.0,5500.0,0.19400681210828263,0.012125424420168266,6.0,0.006,6000000.0,6000.0,0.21164379502721742,0.013227735731092654,0.0,0.0,0,0,0.0,0.0,0,0,0,0,0,0,0.0,0.0,0.0,0.0,0.0,0.0,0,0,0,0,0,0,0,0,0,0,0,0,0.0,0.0,0.0,0.0,0.0,0.0,0.0,0.0,0.0,0.0,0.0,0.0,0,0,0,0,0,0,0,0,0,0,0,0,0,0,0,0,0,0
com.sec.android.app.shealth,2025-02-16 20:00:00+00:00,0,0,0,0,0,0,0,0,0,0,0,0,0.010399999618530274,1.0399999618530274e-05,10399.999618530275,10.399999618530273,0.0003668492312578934,2.292807442623048e-05,0,0,0,0,0,0,0.07,7.000000000000001e-05,70000.00000000001,70.0,0.00246917760865087,0.00015432358352941432,0,0,0,0,0,0,0,0,0,0,0,0,13.399999618530273,0.013399999618530273,13399999.618530273,13399.999618530273,0.4726711287715021,0.029541942291776806,732000,3062688.0004826793,732,3062.6880004826794,0,0,0,0,0,0,0,0,0,0,0,0,0,0,0,0,0,0,0,0,0,0,0.0025,2.5e-06,2500.0,2.5,8.818491459467392e-05,5.5115565546219395e-06,0,0,0,0,0,0,0,0,0,0,0,0,2,0,0,0,0,0,0,0,0,0,0,0,0,Lunch,0,0,0,0,0,0,0,0,0,0,0,0,0,0,0,0,0,0,0,0,0,0,0,0,0.1385,0.0001385,138500.00000000003,138.5,0.0048854442685449355,0.0003053402331260555,20.899999618530273,0.020899999618530275,20899999.618530273,20899.999618530273,0.7372258725555239,0.046076611955642624,0,0,0,0,0,0,15.0,0.015,15000000.0,15000.0,0.5291094875680435,0.03306933932773164,0,0,0,0,0,0,1.4539000244140625,0.0014539000244140625,1453900.0244140625,1453.9000244140625,0.05128481979285937,0.0032053008837297295,6.0,0.006,6000000.0,6000.0,0.21164379502721742,0.013227735731092654,0,0,0,0,0,0,94.80000305175781,0.09480000305175781,94800003.05175781,94800.00305175781,3.343972069077636,0.20899823127923825,29.200000762939453,0.02920000076293945,29200000.762939453,29200.000762939453,1.0299998293776915,0.06437498223997783,0.0,0.0,0,0,0.0,0.0,0,0,0,0,0,0,0.0,0.0,0.0,0.0,0.0,0.0,0,0,0,0,0,0,0,0,0,0,0,0,0.0,0.0,0.0,0.0,0.0,0.0,6e-06,6e-09,6.0,0.006,2.116437950272174e-07,1.3227735731092655e-08,0,0,0,0,0,0,0,0,0,0,0,0,0,0,0,0,0,0
com.sec.android.app.shealth,2025-02-17 02:00:00+00:00,0,0,0,0,0,0,0,0,0,0,0,0,0.0,0.0,0.0,0.0,0.0,0.0,0,0,0,0,0,0,0.005,5e-06,5000.0,5.0,0.00017636982918934783,1.1023113109243879e-05,0,0,0,0,0,0,0,0,0,0,0,0,10.0,0.01,10000000.0,10000.0,0.3527396583786957,0.022046226218487758,190000,794960.0001252857,190,794.9600001252857,0,0,0,0,0,0,0,0,0,0,0,0,0,0,0,0,0,0,0,0,0,0,0.0008999999761581421,8.999999761581421e-07,899.9999761581422,0.8999999761581421,3.174656841308573e-05,1.9841603071015987e-06,0,0,0,0,0,0,0,0,0,0,0,0,3,0,0,0,0,0,0,0,0,0,0,0,0,Dinner,0,0,0,0,0,0,0,0,0,0,0,0,0,0,0,0,0,0,0,0,0,0,0,0,0.18,0.00017999999999999998,180000.0,180.0,0.006349313850816522,0.0003968320719327796,21.0,0.021,21000000.0,21000.0,0.740753282595261,0.04629707505882429,0,0,0,0,0,0,2.5,0.0025,2500000.0,2500.0,0.08818491459467392,0.0055115565546219394,0,0,0,0,0,0,0.14,0.00014000000000000001,140000.00000000003,140.0,0.00493835521730174,0.00030864716705882863,2.0,0.002,2000000.0,2000.0,0.07054793167573914,0.004409245243697552,0,0,0,0,0,0,22.0,0.022,22000000.0,22000.0,0.7760272484331305,0.04850169768067306,6.0,0.006,6000000.0,6000.0,0.21164379502721742,0.013227735731092654,0.0,0.0,0,0,0.0,0.0,0,0,0,0,0,0,0.0,0.0,0.0,0.0,0.0,0.0,0,0,0,0,0,0,0,0,0,0,0,0,0.0,0.0,0.0,0.0,0.0,0.0,0.0,0.0,0.0,0.0,0.0,0.0,0,0,0,0,0,0,0,0,0,0,0,0,0,0,0,0,0,0
com.sec.android.app.shealth,2025-02-17 23:58:00+00:00,0,0,0,0,0,0,0,0,0,0,0,0,0.0,0.0,0.0,0.0,0.0,0.0,0,0,0,0,0,0,0.07,7.000000000000001e-05,70000.00000000001,70.0,0.00246917760865087,0.00015432358352941432,0,0,0,0,0,0,0,0,0,0,0,0,13.0,0.013,13000000.0,13000.0,0.45856155589230435,0.028660094084034086,590000,2468560.000389045,590,2468.560000389045,0,0,0,0,0,0,0,0,0,0,0,0,0,0,0,0,0,0,0,0,0,0,0.001100000023841858,1.100000023841858e-06,1100.0000238418581,1.100000023841858,3.880136326265341e-05,2.4250849365959528e-06,0,0,0,0,0,0,0,0,0,0,0,0,2,0,0,0,0,0,0,0,0,0,0,0,0,Lunch,0,0,0,0,0,0,0,0,0,0,0,0,0,0,0,0,0,0,0,0,0,0,0,0,0.1,0.0001,100000.00000000001,100.0,0.003527396583786957,0.00022046226218487759,18.0,0.018,18000000.0,18000.0,0.6349313850816523,0.03968320719327796,0,0,0,0,0,0,15.0,0.015,15000000.0,15000.0,0.5291094875680435,0.03306933932773164,0,0,0,0,0,0,1.05,0.0010500000000000002,1050000.0,1050.0,0.037037664129763045,0.0023148537529412145,6.0,0.006,6000000.0,6000.0,0.21164379502721742,0.013227735731092654,0,0,0,0,0,0,64.0,0.064,64000000.0,64000.0,2.2575338136236525,0.14109584779832166,29.0,0.029,29000000.0,29000.0,1.0229450092982175,0.06393405603361449,0.0,0.0,0,0,0.0,0.0,0,0,0,0,0,0,0.0,0.0,0.0,0.0,0.0,0.0,0,0,0,0,0,0,0,0,0,0,0,0,0.0,0.0,0.0,0.0,0.0,0.0,6e-06,6e-09,6.0,0.006,2.116437950272174e-07,1.3227735731092655e-08,0,0,0,0,0,0,0,0,0,0,0,0,0,0,0,0,0,0
com.sec.android.app.shealth,2025-02-18 02:00:00+00:00,0,0,0,0,0,0,0,0,0,0,0,0,0.02979999923706055,2.9799999237060547e-05,29799.99923706055,29.799999237060547,0.001051164155056613,6.569775244909994e-05,0,0,0,0,0,0,0.146,0.000146,146000.0,146.0,0.005149999012328956,0.00032187490278992126,0,0,0,0,0,0,0,0,0,0,0,0,3.799999952316284,0.003799999952316284,3799999.952316284,3799.999952316284,0.13404106850191058,0.008377565857900749,794000,3322096.000523562,794,3322.0960005235625,0,0,0,0,0,0,0,0,0,0,0,0,0,0,0,0,0,0,0,0,0,0,0.0017000000476837158,1.7000000476837158e-06,1700.0000476837158,1.7000000476837158,5.996574360637203e-05,3.7478585622675175e-06,0,0,0,0,0,0,0,0,0,0,0,0,3,0,0,0,0,0,0,0,0,0,0,0,0,Dinner,0,0,0,0,0,0,0,0,0,0,0,0,0,0,0,0,0,0,0,0,0,0,0,0,0.401,0.00040100000000000004,401000.00000000006,401.0,0.014144860300985697,0.0008840536713613591,47.70000076293945,0.047700000762939454,47700000.76293945,47700.00076293945,1.6825681973782787,0.10516050074418018,0,0,0,0,0,0,9.899999618530273,0.009899999618530273,9899999.618530273,9899.999618530273,0.34921224833895864,0.021825763115306093,0,0,0,0,0,0,1.9695,0.0019695,1969500.0000000002,1969.5,0.06947207571768411,0.004342004253731164,5.199999809265137,0.005199999809265137,5199999.809265137,5199.999809265137,0.18342461562894669,0.011464037213115239,0,0,0,0,0,0,52.400001525878906,0.052400001525878905,52400001.525878906,52400.001525878906,1.8483558637281658,0.115522228748863,41.0,0.041,41000000.0,41000.0,1.4462325993526524,0.0903895274957998,0.0,0.0,0,0,0.0,0.0,0,0,0,0,0,0,2.8799999237060547e-05,2.8799999237060546e-08,28.799999237060547,0.028799999237060545,1.0158901892187433e-06,6.349312982725116e-08,0,0,0,0,0,0,0,0,0,0,0,0,0.0135,1.35e-05,13500.0,13.5,0.00047619853881123917,2.9762405394958472e-05,0.0,0.0,0.0,0.0,0.0,0.0,0,0,0,0,0,0,0,0,0,0,0,0,0,0,0,0,0,0
com.sec.android.app.shealth,2025-02-18 05:00:00+00:00,0,0,0,0,0,0,0,0,0,0,0,0,0.0,0.0,0.0,0.0,0.0,0.0,0,0,0,0,0,0,0.005,5e-06,5000.0,5.0,0.00017636982918934783,1.1023113109243879e-05,0,0,0,0,0,0,0,0,0,0,0,0,10.0,0.01,10000000.0,10000.0,0.3527396583786957,0.022046226218487758,190000,794960.0001252857,190,794.9600001252857,0,0,0,0,0,0,0,0,0,0,0,0,0,0,0,0,0,0,0,0,0,0,0.0008999999761581421,8.999999761581421e-07,899.9999761581422,0.8999999761581421,3.174656841308573e-05,1.9841603071015987e-06,0,0,0,0,0,0,0,0,0,0,0,0,4,0,0,0,0,0,0,0,0,0,0,0,0,Evening snack,0,0,0,0,0,0,0,0,0,0,0,0,0,0,0,0,0,0,0,0,0,0,0,0,0.18,0.00017999999999999998,180000.0,180.0,0.006349313850816522,0.0003968320719327796,21.0,0.021,21000000.0,21000.0,0.740753282595261,0.04629707505882429,0,0,0,0,0,0,2.5,0.0025,2500000.0,2500.0,0.08818491459467392,0.0055115565546219394,0,0,0,0,0,0,0.14,0.00014000000000000001,140000.00000000003,140.0,0.00493835521730174,0.00030864716705882863,2.0,0.002,2000000.0,2000.0,0.07054793167573914,0.004409245243697552,0,0,0,0,0,0,22.0,0.022,22000000.0,22000.0,0.7760272484331305,0.04850169768067306,6.0,0.006,6000000.0,6000.0,0.21164379502721742,0.013227735731092654,0.0,0.0,0,0,0.0,0.0,0,0,0,0,0,0,0.0,0.0,0.0,0.0,0.0,0.0,0,0,0,0,0,0,0,0,0,0,0,0,0.0,0.0,0.0,0.0,0.0,0.0,0.0,0.0,0.0,0.0,0.0,0.0,0,0,0,0,0,0,0,0,0,0,0,0,0,0,0,0,0,0
com.sec.android.app.shealth,2025-02-18 16:00:00+00:00,0,0,0,0,0,0,0,0,0,0,0,0,0.0,0.0,0.0,0.0,0.0,0.0,0,0,0,0,0,0,0.005,5e-06,5000.0,5.0,0.00017636982918934783,1.1023113109243879e-05,0,0,0,0,0,0,0,0,0,0,0,0,10.0,0.01,10000000.0,10000.0,0.3527396583786957,0.022046226218487758,190000,794960.0001252857,190,794.9600001252857,0,0,0,0,0,0,0,0,0,0,0,0,0,0,0,0,0,0,0,0,0,0,0.0008999999761581421,8.999999761581421e-07,899.9999761581422,0.8999999761581421,3.174656841308573e-05,1.9841603071015987e-06,0,0,0,0,0,0,0,0,0,0,0,0,1,0,0,0,0,0,0,0,0,0,0,0,0,Breakfast,0,0,0,0,0,0,0,0,0,0,0,0,0,0,0,0,0,0,0,0,0,0,0,0,0.18,0.00017999999999999998,180000.0,180.0,0.006349313850816522,0.0003968320719327796,21.0,0.021,21000000.0,21000.0,0.740753282595261,0.04629707505882429,0,0,0,0,0,0,2.5,0.0025,2500000.0,2500.0,0.08818491459467392,0.0055115565546219394,0,0,0,0,0,0,0.14,0.00014000000000000001,140000.00000000003,140.0,0.00493835521730174,0.00030864716705882863,2.0,0.002,2000000.0,2000.0,0.07054793167573914,0.004409245243697552,0,0,0,0,0,0,22.0,0.022,22000000.0,22000.0,0.7760272484331305,0.04850169768067306,6.0,0.006,6000000.0,6000.0,0.21164379502721742,0.013227735731092654,0.0,0.0,0,0,0.0,0.0,0,0,0,0,0,0,0.0,0.0,0.0,0.0,0.0,0.0,0,0,0,0,0,0,0,0,0,0,0,0,0.0,0.0,0.0,0.0,0.0,0.0,0.0,0.0,0.0,0.0,0.0,0.0,0,0,0,0,0,0,0,0,0,0,0,0,0,0,0,0,0,0
com.sec.android.app.shealth,2025-02-18 20:00:00+00:00,0,0,0,0,0,0,0,0,0,0,0,0,0.0350999984741211,3.5099998474121096e-05,35099.9984741211,35.099998474121094,0.0012381161470854216,7.738225066290487e-05,0,0,0,0,0,0,0.064,6.4e-05,64000.00000000001,64.0,0.0022575338136236523,0.00014109584779832166,0,0,0,0,0,0,0,0,0,0,0,0,5.199999809265137,0.005199999809265137,5199999.809265137,5199.999809265137,0.18342461562894669,0.011464037213115239,496000,2075264.0003270616,496,2075.2640003270617,0,0,0,0,0,0,0,0,0,0,0,0,0,0,0,0,0,0,0,0,0,0,0.002299999952316284,2.299999952316284e-06,2299.999952316284,2.299999952316284,8.113011974510624e-05,5.070631925127585e-06,0,0,0,0,0,0,0,0,0,0,0,0,2,0,0,0,0,0,0,0,0,0,0,0,0,Lunch,0,0,0,0,0,0,0,0,0,0,0,0,0,0,0,0,0,0,0,0,0,0,0,0,0.5650000000000001,0.0005650000000000001,565000.0000000001,565.0,0.01992979069839631,0.0012456117813445585,40.099998474121094,0.040099998474121094,40099998.474121094,40099.998474121094,1.4144859762747692,0.08840536377214875,0,0,0,0,0,0,0.10000000149011612,0.00010000000149011611,100000.00149011612,100.00000149011612,0.003527396636349262,0.00022046226547002128,0,0,0,0,0,0,0.844,0.000844,844000.0,844.0,0.029771227167161914,0.0018607014928403666,5.599999904632568,0.005599999904632568,5599999.904632568,5599.999904632568,0.19753420532808205,0.012345886472103947,0,0,0,0,0,0,60.20000076293945,0.06020000076293945,60200000.76293945,60200.00076293945,2.123492770351648,0.13271828351728987,11.0,0.011,11000000.0,11000.0,0.38801362421656527,0.02425084884033653,0.0,0.0,0,0,0.0,0.0,0,0,0,0,0,0,0.0,0.0,0.0,0.0,0.0,0.0,0,0,0,0,0,0,0,0,0,0,0,0,0.0,0.0,0.0,0.0,0.0,0.0,0.0,0.0,0.0,0.0,0.0,0.0,0,0,0,0,0,0,0,0,0,0,0,0,0,0,0,0,0,0
com.sec.android.app.shealth,2025-02-19 02:00:00+00:00,0,0,0,0,0,0,0,0,0,0,0,0,0.0,0.0,0.0,0.0,0.0,0.0,0,0,0,0,0,0,0.0275,2.75e-05,27500.0,27.5,0.0009700340605414131,6.0627122100841334e-05,0,0,0,0,0,0,0,0,0,0,0,0,10.0,0.01,10000000.0,10000.0,0.3527396583786957,0.022046226218487758,435000,1820040.0002868383,435,1820.0400002868382,0,0,0,0,0,0,0,0,0,0,0,0,0,0,0,0,0,0,0,0,0,0,0.0008999999761581421,8.999999761581421e-07,899.9999761581422,0.8999999761581421,3.174656841308573e-05,1.9841603071015987e-06,0,0,0,0,0,0,0,0,0,0,0,0,3,0,0,0,0,0,0,0,0,0,0,0,0,Dinner,0,0,0,0,0,0,0,0,0,0,0,0,0,0,0,0,0,0,0,0,0,0,0,0,0.46,0.00046,460000.00000000006,460.0,0.016226024285420002,0.001014126406050437,59.0,0.059,59000000.0,59000.0,2.0811639844343044,0.13007273468907776,0,0,0,0,0,0,6.5,0.0065,6500000.0,6500.0,0.22928077794615218,0.014330047042017043,0,0,0,0,0,0,0.34750000000000003,0.00034750000000000004,347500.00000000006,347.5,0.012257703128659677,0.0007661063610924497,3.5,0.0035,3500000.0,3500.0,0.12345888043254348,0.007716179176470715,0,0,0,0,0,0,29.5,0.0295,29500000.0,29500.0,1.0405819922171522,0.06503636734453888,12.699999809265137,0.012699999809265138,12699999.809265137,12699.999809265137,0.44797935941296846,0.02799870687698106,0.0,0.0,0,0,0.0,0.0,0,0,0,0,0,0,0.0,0.0,0.0,0.0,0.0,0.0,0,0,0,0,0,0,0,0,0,0,0,0,0.0,0.0,0.0,0.0,0.0,0.0,0.0,0.0,0.0,0.0,0.0,0.0,0,0,0,0,0,0,0,0,0,0,0,0,0,0,0,0,0,0
com.sec.android.app.shealth,2025-02-20 05:37:00+00:00,0,0,0,0,0,0,0,0,0,0,0,0,0.07669999694824219,7.669999694824219e-05,76699.99694824219,76.69999694824219,0.0027055130721169948,0.0001690945483678268,0,0,0,0,0,0,0.633,0.000633,633000.0,633.0,0.022328420375371437,0.001395526119630275,0,0,0,0,0,0,0,0,0,0,0,0,0.0,0.0,0.0,0.0,0.0,0.0,248000,1037632.0001635308,248,1037.6320001635308,0,0,0,0,0,0,0,0,0,0,0,0,0,0,0,0,0,0,0,0,0,0,0.0017999999523162843,1.7999999523162842e-06,1799.9999523162844,1.7999999523162842,6.349313682617146e-05,3.9683206142031975e-06,0,0,0,0,0,0,0,0,0,0,0,0,1,0,0,0,0,0,0,0,0,0,0,0,0,Breakfast,0,0,0,0,0,0,0,0,0,0,0,0,0,0,0,0,0,0,0,0,0,0,0,0,0.242,0.000242,242000.0,242.0,0.008536299732764435,0.0005335186744874037,22.100000381469727,0.022100000381469725,22100000.381469727,22100.000381469727,0.7795546584728675,0.04872216078385473,0,0,0,0,0,0,4.800000190734863,0.004800000190734863,4800000.190734863,4800.000190734863,0.16931504274974898,0.010582189005372517,0,0,0,0,0,0,0.523,0.000523,523000.00000000006,523.0,0.018448284133205786,0.0011530176312269098,1.7000000476837158,0.0017000000476837158,1700000.0476837158,1700.0000476837158,0.05996574360637203,0.0037478585622675174,0,0,0,0,0,0,1.7000000476837158,0.0017000000476837158,1700000.0476837158,1700.0000476837158,0.05996574360637203,0.0037478585622675174,15.600000381469727,0.015600000381469727,15600000.381469727,15600.000381469727,0.5502738805267153,0.03439211374183769,0.0,0.0,0,0,0.0,0.0,0,0,0,0,0,0,0.000252,2.52e-07,252.0,0.252,8.889039391143131e-06,5.555649007058915e-07,0,0,0,0,0,0,0,0,0,0,0,0,0.0,0.0,0.0,0.0,0.0,0.0,0.0,0.0,0.0,0.0,0.0,0.0,0,0,0,0,0,0,0,0,0,0,0,0,0,0,0,0,0,0
com.sec.android.app.shealth,2025-02-20 05:38:00+00:00,0,0,0,0,0,0,0,0,0,0,0,0,0.0,0.0,0.0,0.0,0.0,0.0,0,0,0,0,0,0,0.01,1e-05,10000.0,10.0,0.00035273965837869566,2.2046226218487758e-05,0,0,0,0,0,0,0,0,0,0,0,0,20.0,0.02,20000000.0,20000.0,0.7054793167573914,0.044092452436975516,380000,1589920.0002505714,380,1589.9200002505713,0,0,0,0,0,0,0,0,0,0,0,0,0,0,0,0,0,0,0,0,0,0,0.001899999976158142,1.899999976158142e-06,1899.999976158142,1.899999976158142,6.702053425095529e-05,4.188782928950375e-06,0,0,0,0,0,0,0,0,0,0,0,0,2,0,0,0,0,0,0,0,0,0,0,0,0,Lunch,0,0,0,0,0,0,0,0,0,0,0,0,0,0,0,0,0,0,0,0,0,0,0,0,0.36,0.00035999999999999997,360000.0,360.0,0.012698627701633044,0.0007936641438655592,42.0,0.042,42000000.0,42000.0,1.481506565190522,0.09259415011764859,0,0,0,0,0,0,5.0,0.005,5000000.0,5000.0,0.17636982918934785,0.011023113109243879,0,0,0,0,0,0,0.28,0.00028000000000000003,280000.00000000006,280.0,0.00987671043460348,0.0006172943341176573,4.0,0.004,4000000.0,4000.0,0.14109586335147828,0.008818490487395103,0,0,0,0,0,0,44.0,0.044,44000000.0,44000.0,1.552054496866261,0.09700339536134613,12.0,0.012,12000000.0,12000.0,0.42328759005443484,0.02645547146218531,0.0,0.0,0,0,0.0,0.0,0,0,0,0,0,0,0.0,0.0,0.0,0.0,0.0,0.0,0,0,0,0,0,0,0,0,0,0,0,0,0.0,0.0,0.0,0.0,0.0,0.0,0.0,0.0,0.0,0.0,0.0,0.0,0,0,0,0,0,0,0,0,0,0,0,0,0,0,0,0,0,0
com.sec.android.app.shealth,2025-02-20 05:41:00+00:00,0,0,0,0,0,0,0,0,0,0,0,0,0.1728999938964844,0.00017289999389648439,172899.9938964844,172.89999389648438,0.006098868478072447,0.0003811792378617047,0,0,0,0,0,0,0.22230000305175782,0.0002223000030517578,222300.0030517578,222.3000030517578,0.007841402713406005,0.0004900876155649571,0,0,0,0,0,0,0,0,0,0,0,0,5.5,0.0055,5500000.0,5500.0,0.19400681210828263,0.012125424420168266,760000,3179840.000501143,760,3179.8400005011426,0,0,0,0,0,0,0,0,0,0,0,0,0,0,0,0,0,0,0,0,0,0,0.0025999999046325685,2.5999999046325686e-06,2599.999904632569,2.5999999046325684,9.171230781447335e-05,5.73201860655762e-06,0,0,0,0,0,0,0,0,0,0,0,0,3,0,0,0,0,0,0,0,0,0,0,0,0,Dinner,0,0,0,0,0,0,0,0,0,0,0,0,0,0,0,0,0,0,0,0,0,0,0,0,0.443,0.000443,443000.0,443.0,0.01562636686617622,0.0009766478214790076,54.599998474121094,0.05459999847412109,54599998.474121094,54599.998474121094,1.925958480923878,0.12037239178895599,0,0,0,0,0,0,11.5,0.0115,11500000.0,11500.0,0.40565060713550005,0.02535316015126092,0,0,0,0,0,0,1.9885999755859376,0.0019885999755859377,1988599.9755859377,1988.5999755859375,0.07014580760400661,0.004384112491984681,18.399999618530273,0.018399999618530272,18399999.618530273,18399.999618530273,0.6490409579608499,0.040565055401020685,0,0,0,0,0,0,51.0,0.051,51000000.0,51000.0,1.7989722577313478,0.11243575371428756,38.29999923706055,0.038299999237060546,38299999.23706055,38299.99923706055,1.3509928646785043,0.08443704473481453,0.0,0.0,0,0,0.0,0.0,0,0,0,0,0,0,0.0002268000030517578,2.268000030517578e-07,226.8000030517578,0.2268000030517578,8.000135559676419e-06,5.000084173632767e-07,0,0,0,0,0,0,0,0,0,0,0,0,0.020799999237060548,2.079999923706055e-05,20799.99923706055,20.799999237060547,0.0007336984625157868,4.585614885246096e-05,0.0,0.0,0.0,0.0,0.0,0.0,0,0,0,0,0,0,0,0,0,0,0,0,0,0,0,0,0,0
com.sec.android.app.shealth,2025-02-20 20:00:00+00:00,0,0,0,0,0,0,0,0,0,0,0,0,0.0,0.0,0.0,0.0,0.0,0.0,0,0,0,0,0,0,0.073,7.3e-05,73000.0,73.0,0.002574999506164478,0.00016093745139496063,0,0,0,0,0,0,0,0,0,0,0,0,2.200000047683716,0.0022000000476837156,2200000.047683716,2200.000047683716,0.07760272652530681,0.004850169873191906,412000,1723808.0002716722,412,1723.8080002716722,0,0,0,0,0,0,0,0,0,0,0,0,0,0,0,0,0,0,0,0,0,0,0.0,0.0,0.0,0.0,0.0,0.0,0,0,0,0,0,0,0,0,0,0,0,0,2,0,0,0,0,0,0,0,0,0,0,0,0,Lunch,0,0,0,0,0,0,0,0,0,0,0,0,0,0,0,0,0,0,0,0,0,0,0,0,0.135,0.000135,135000.00000000003,135.0,0.004761985388112392,0.00029762405394958473,24.799999237060547,0.024799999237060548,24799999.237060547,24799.999237060547,0.874794325867265,0.054674639339856064,0,0,0,0,0,0,8.199999809265137,0.008199999809265137,8199999.809265137,8199.999809265137,0.2892465131425554,0.018077905078661565,0,0,0,0,0,0,0.999,0.000999,999000.0,999.0,0.0352386918720317,0.002202417999226927,1.0,0.001,1000000.0,1000.0,0.03527396583786957,0.002204622621848776,0,0,0,0,0,0,25.100000381469727,0.025100000381469728,25100000.381469727,25100.000381469727,0.8853765559864762,0.055336028649401056,22.5,0.0225,22500000.0,22500.0,0.7936642313520653,0.049604008991597455,0.0,0.0,0,0,0.0,0.0,0,0,0,0,0,0,0.0,0.0,0.0,0.0,0.0,0.0,0,0,0,0,0,0,0,0,0,0,0,0,0.0,0.0,0.0,0.0,0.0,0.0,0.0,0.0,0.0,0.0,0.0,0.0,0,0,0,0,0,0,0,0,0,0,0,0,0,0,0,0,0,0
com.sec.android.app.shealth,2025-02-20 23:00:00+00:00,0,0,0,0,0,0,0,0,0,0,0,0,0.074,7.4e-05,74000.0,74.0,0.002610273472002348,0.00016314207401680938,0,0,0,0,0,0,0.633,0.000633,633000.0,633.0,0.022328420375371437,0.001395526119630275,0,0,0,0,0,0,0,0,0,0,0,0,0.0,0.0,0.0,0.0,0.0,0.0,231000,966504.0001523211,231,966.504000152321,0,0,0,0,0,0,0,0,0,0,0,0,0,0,0,0,0,0,0,0,0,0,0.0017999999523162843,1.7999999523162842e-06,1799.9999523162844,1.7999999523162842,6.349313682617146e-05,3.9683206142031975e-06,0,0,0,0,0,0,0,0,0,0,0,0,4,0,0,0,0,0,0,0,0,0,0,0,0,Afternoon snack,0,0,0,0,0,0,0,0,0,0,0,0,0,0,0,0,0,0,0,0,0,0,0,0,0.189,0.000189,189000.0,189.0,0.006666779543357348,0.0004166736755294186,18.600000381469727,0.018600000381469726,18600000.381469727,18600.000381469727,0.656095778040324,0.041005981607384015,0,0,0,0,0,0,4.800000190734863,0.004800000190734863,4800000.190734863,4800.000190734863,0.16931504274974898,0.010582189005372517,0,0,0,0,0,0,0.417,0.000417,417000.0,417.0,0.014709243754391609,0.0009193276333109394,1.5,0.0015,1500000.0,1500.0,0.052910948756804355,0.0033069339327731636,0,0,0,0,0,0,1.5,0.0015,1500000.0,1500.0,0.052910948756804355,0.0033069339327731636,15.600000381469727,0.015600000381469727,15600000.381469727,15600.000381469727,0.5502738805267153,0.03439211374183769,0.0,0.0,0,0,0.0,0.0,0,0,0,0,0,0,0.000252,2.52e-07,252.0,0.252,8.889039391143131e-06,5.555649007058915e-07,0,0,0,0,0,0,0,0,0,0,0,0,0.0,0.0,0.0,0.0,0.0,0.0,0.0,0.0,0.0,0.0,0.0,0.0,0,0,0,0,0,0,0,0,0,0,0,0,0,0,0,0,0,0
com.sec.android.app.shealth,2025-02-21 02:00:00+00:00,0,0,0,0,0,0,0,0,0,0,0,0,0.2093000030517578,0.0002093000030517578,209300.0030517578,209.3000030517578,0.007382841157513701,0.00046142752148092304,0,0,0,0,0,0,0.01,1e-05,10000.0,10.0,0.00035273965837869566,2.2046226218487758e-05,0,0,0,0,0,0,0,0,0,0,0,0,11.0,0.011,11000000.0,11000.0,0.38801362421656527,0.02425084884033653,982000,4108688.000647529,982,4108.688000647529,0,0,0,0,0,0,0,0,0,0,0,0,0,0,0,0,0,0,0,0,0,0,0.007199999809265137,7.199999809265137e-06,7199.999809265138,7.199999809265137,0.0002539725473046858,1.587328245681279e-05,0,0,0,0,0,0,0,0,0,0,0,0,3,0,0,0,0,0,0,0,0,0,0,0,0,Dinner,0,0,0,0,0,0,0,0,0,0,0,0,0,0,0,0,0,0,0,0,0,0,0,0,0.999,0.000999,999000.0,999.0,0.0352386918720317,0.002202417999226927,34.0,0.034,34000000.0,34000.0,1.1993148384875654,0.07495716914285837,0,0,0,0,0,0,2.5,0.0025,2500000.0,2500.0,0.08818491459467392,0.0055115565546219394,0,0,0,0,0,0,1.165,0.001165,1165000.0,1165.0,0.041094170201118045,0.0025683853544538238,22.200000762939453,0.022200000762939452,22200000.762939453,22200.000762939453,0.7830820685126046,0.0489426238870364,0,0,0,0,0,0,146.1999969482422,0.14619999694824218,146199996.9482422,146199.9969482422,5.15705369784893,0.3223158205863167,25.0,0.025,25000000.0,25000.0,0.8818491459467391,0.055115565546219394,0.0,0.0,0,0,0.0,0.0,0,0,0,0,0,0,0.0014175,1.4175e-06,1417.5,1.4175,5.000084657518011e-05,3.1250525664706395e-06,0,0,0,0,0,0,0,0,0,0,0,0,0.0046999998092651365,4.699999809265137e-06,4699.999809265137,4.699999809265137,0.0001657876327100119,1.0361725902190851e-05,0.0,0.0,0.0,0.0,0.0,0.0,0,0,0,0,0,0,0,0,0,0,0,0,0,0,0,0,0,0
com.sec.android.app.shealth,2025-02-22 00:30:00+00:00,0,0,0,0,0,0,0,0,0,0,0,0,0.10400000000000001,0.00010400000000000001,104000.00000000001,104.0,0.0036684924471384354,0.0002292807526722727,0,0,0,0,0,0,0.633,0.000633,633000.0,633.0,0.022328420375371437,0.001395526119630275,0,0,0,0,0,0,0,0,0,0,0,0,3.0,0.003,3000000.0,3000.0,0.10582189751360871,0.006613867865546327,651000,2723784.0004292685,651,2723.7840004292684,0,0,0,0,0,0,0,0,0,0,0,0,0,0,0,0,0,0,0,0,0,0,0.005400000095367432,5.400000095367432e-06,5400.000095367433,5.400000095367432,0.00019047941888848322,1.1904962368232588e-05,0,0,0,0,0,0,0,0,0,0,0,0,2,0,0,0,0,0,0,0,0,0,0,0,0,Lunch,0,0,0,0,0,0,0,0,0,0,0,0,0,0,0,0,0,0,0,0,0,0,0,0,0.279,0.000279,279000.00000000006,279.0,0.00984143646876561,0.0006150897114958085,27.600000381469727,0.027600000381469727,27600000.381469727,27600.000381469727,0.9735614705811502,0.060847585204022996,0,0,0,0,0,0,6.300000190734863,0.006300000190734864,6300000.190734863,6300.000190734863,0.22222599150655334,0.013889122938145681,0,0,0,0,0,0,1.0170000000000001,0.0010170000000000001,1017000.0000000001,1017.0000000000001,0.03587362325711335,0.0022421012064202054,4.5,0.0045,4500000.0,4500.0,0.15873284627041306,0.00992080179831949,0,0,0,0,0,0,58.5,0.0585,58500000.0,58500.0,2.0635270015153697,0.12897042337815337,30.600000381469727,0.030600000381469726,30600000.381469727,30600.000381469727,1.0793833680947589,0.06746145306956933,0.0,0.0,0,0,0.0,0.0,0,0,0,0,0,0,0.000252,2.52e-07,252.0,0.252,8.889039391143131e-06,5.555649007058915e-07,0,0,0,0,0,0,0,0,0,0,0,0,0.0,0.0,0.0,0.0,0.0,0.0,0.0,0.0,0.0,0.0,0.0,0.0,0,0,0,0,0,0,0,0,0,0,0,0,0,0,0,0,0,0
com.sec.android.app.shealth,2025-02-22 02:00:00+00:00,0,0,0,0,0,0,0,0,0,0,0,0,0.0,0.0,0.0,0.0,0.0,0.0,0,0,0,0,0,0,0.0275,2.75e-05,27500.0,27.5,0.0009700340605414131,6.0627122100841334e-05,0,0,0,0,0,0,0,0,0,0,0,0,10.0,0.01,10000000.0,10000.0,0.3527396583786957,0.022046226218487758,435000,1820040.0002868383,435,1820.0400002868382,0,0,0,0,0,0,0,0,0,0,0,0,0,0,0,0,0,0,0,0,0,0,0.0008999999761581421,8.999999761581421e-07,899.9999761581422,0.8999999761581421,3.174656841308573e-05,1.9841603071015987e-06,0,0,0,0,0,0,0,0,0,0,0,0,3,0,0,0,0,0,0,0,0,0,0,0,0,Dinner,0,0,0,0,0,0,0,0,0,0,0,0,0,0,0,0,0,0,0,0,0,0,0,0,0.46,0.00046,460000.00000000006,460.0,0.016226024285420002,0.001014126406050437,59.0,0.059,59000000.0,59000.0,2.0811639844343044,0.13007273468907776,0,0,0,0,0,0,6.5,0.0065,6500000.0,6500.0,0.22928077794615218,0.014330047042017043,0,0,0,0,0,0,0.34750000000000003,0.00034750000000000004,347500.00000000006,347.5,0.012257703128659677,0.0007661063610924497,3.5,0.0035,3500000.0,3500.0,0.12345888043254348,0.007716179176470715,0,0,0,0,0,0,29.5,0.0295,29500000.0,29500.0,1.0405819922171522,0.06503636734453888,12.699999809265137,0.012699999809265138,12699999.809265137,12699.999809265137,0.44797935941296846,0.02799870687698106,0.0,0.0,0,0,0.0,0.0,0,0,0,0,0,0,0.0,0.0,0.0,0.0,0.0,0.0,0,0,0,0,0,0,0,0,0,0,0,0,0.0,0.0,0.0,0.0,0.0,0.0,0.0,0.0,0.0,0.0,0.0,0.0,0,0,0,0,0,0,0,0,0,0,0,0,0,0,0,0,0,0
com.sec.android.app.shealth,2025-02-22 05:00:00+00:00,0,0,0,0,0,0,0,0,0,0,0,0,0.0,0.0,0.0,0.0,0.0,0.0,0,0,0,0,0,0,0.0225,2.2499999999999998e-05,22500.0,22.5,0.0007936642313520652,4.960400899159745e-05,0,0,0,0,0,0,0,0,0,0,0,0,0.0,0.0,0.0,0.0,0.0,0.0,245000,1025080.0001615526,245,1025.0800001615526,0,0,0,0,0,0,0,0,0,0,0,0,0,0,0,0,0,0,0,0,0,0,0.0,0.0,0.0,0.0,0.0,0.0,0,0,0,0,0,0,0,0,0,0,0,0,4,0,0,0,0,0,0,0,0,0,0,0,0,Evening snack,0,0,0,0,0,0,0,0,0,0,0,0,0,0,0,0,0,0,0,0,0,0,0,0,0.28,0.00028000000000000003,280000.00000000006,280.0,0.00987671043460348,0.0006172943341176573,38.0,0.038,38000000.0,38000.0,1.3404107018390437,0.08377565963025348,0,0,0,0,0,0,4.0,0.004,4000000.0,4000.0,0.14109586335147828,0.008818490487395103,0,0,0,0,0,0,0.20750000000000002,0.00020750000000000003,207500.00000000003,207.5,0.007319347911357936,0.000457459194033621,1.5,0.0015,1500000.0,1500.0,0.052910948756804355,0.0033069339327731636,0,0,0,0,0,0,7.5,0.0075,7500000.0,7500.0,0.2645547437840218,0.01653466966386582,6.699999809265137,0.0066999998092651366,6699999.809265137,6699.999809265137,0.23633556438575104,0.014770971145888403,0.0,0.0,0,0,0.0,0.0,0,0,0,0,0,0,0.0,0.0,0.0,0.0,0.0,0.0,0,0,0,0,0,0,0,0,0,0,0,0,0.0,0.0,0.0,0.0,0.0,0.0,0.0,0.0,0.0,0.0,0.0,0.0,0,0,0,0,0,0,0,0,0,0,0,0,0,0,0,0,0,0
com.sec.android.app.shealth,2025-02-23 02:00:00+00:00,0,0,0,0,0,0,0,0,0,0,0,0,0.052000000000000005,5.2000000000000004e-05,52000.00000000001,52.0,0.0018342462235692177,0.00011464037633613635,0,0,0,0,0,0,0.0225,2.2499999999999998e-05,22500.0,22.5,0.0007936642313520652,4.960400899159745e-05,0,0,0,0,0,0,0,0,0,0,0,0,4.800000190734863,0.004800000190734863,4800000.190734863,4800.000190734863,0.16931504274974898,0.010582189005372517,485000,2029240.0003198083,485,2029.2400003198081,0,0,0,0,0,0,0,0,0,0,0,0,0,0,0,0,0,0,0,0,0,0,0.001399999976158142,1.399999976158142e-06,1399.999976158142,1.399999976158142,4.938355133202051e-05,3.0864716180259867e-06,0,0,0,0,0,0,0,0,0,0,0,0,3,0,0,0,0,0,0,0,0,0,0,0,0,Dinner,0,0,0,0,0,0,0,0,0,0,0,0,0,0,0,0,0,0,0,0,0,0,0,0,0.7834000244140625,0.0007834000244140625,783400.0244140626,783.4000244140625,0.027633625698567827,0.0017271014157801254,41.099998474121094,0.041099998474121095,41099998.474121094,41099.998474121094,1.4497599421126388,0.09060998639399753,0,0,0,0,0,0,8.800000190734863,0.008800000190734862,8800000.190734863,8800.000190734863,0.31041090610122724,0.019400679492767622,0,0,0,0,0,0,0.8215999755859376,0.0008215999755859376,821599.9755859376,821.5999755859375,0.02898108947121283,0.0018113178922871597,12.600000381469727,0.012600000381469727,12600000.381469727,12600.000381469727,0.4444519830131067,0.027778245876291362,0,0,0,0,0,0,43.5,0.0435,43500000.0,43500.0,1.5344175139473262,0.09590108405042175,16.200000762939453,0.016200000762939454,16200000.762939453,16200.000762939453,0.5714382734853872,0.035714888155943744,0.0,0.0,0,0,0.0,0.0,0,0,0,0,0,0,0.0015821999511718748,1.5821999511718748e-06,1582.199951171875,1.5821999511718747,5.581046702631561e-05,3.4881538046415436e-06,0,0,0,0,0,0,0,0,0,0,0,0,0.024799999237060548,2.4799999237060548e-05,24799.99923706055,24.799999237060547,0.0008747943258672651,5.4674639339856066e-05,0.0,0.0,0.0,0.0,0.0,0.0,0,0,0,0,0,0,0,0,0,0,0,0,0,0,0,0,0,0
com.sec.android.app.shealth,2025-02-23 04:57:00+00:00,0,0,0,0,0,0,0,0,0,0,0,0,0.02979999923706055,2.9799999237060547e-05,29799.99923706055,29.799999237060547,0.001051164155056613,6.569775244909994e-05,0,0,0,0,0,0,0.005,5e-06,5000.0,5.0,0.00017636982918934783,1.1023113109243879e-05,0,0,0,0,0,0,0,0,0,0,0,0,13.0,0.013,13000000.0,13000.0,0.45856155589230435,0.028660094084034086,610000,2552240.000402233,610,2552.240000402233,0,0,0,0,0,0,0,0,0,0,0,0,0,0,0,0,0,0,0,0,0,0,0.0045000000000000005,4.5e-06,4500.000000000001,4.5,0.00015873284627041306,9.920801798319492e-06,0,0,0,0,0,0,0,0,0,0,0,0,2,0,0,0,0,0,0,0,0,0,0,0,0,Lunch,0,0,0,0,0,0,0,0,0,0,0,0,0,0,0,0,0,0,0,0,0,0,0,0,0.27,0.00027,270000.00000000006,270.0,0.009523970776224784,0.0005952481078991695,30.0,0.03,30000000.0,30000.0,1.058218975136087,0.06613867865546327,0,0,0,0,0,0,4.0,0.004,4000000.0,4000.0,0.14109586335147828,0.008818490487395103,0,0,0,0,0,0,0.74,0.00074,740000.0,740.0,0.02610273472002348,0.001631420740168094,5.0,0.005,5000000.0,5000.0,0.17636982918934785,0.011023113109243879,0,0,0,0,0,0,79.0,0.079,79000000.0,79000.0,2.786643301191696,0.17416518712605328,21.0,0.021,21000000.0,21000.0,0.740753282595261,0.04629707505882429,0.0,0.0,0,0,0.0,0.0,0,0,0,0,0,0,0.0,0.0,0.0,0.0,0.0,0.0,0,0,0,0,0,0,0,0,0,0,0,0,0.0,0.0,0.0,0.0,0.0,0.0,0.0,0.0,0.0,0.0,0.0,0.0,0,0,0,0,0,0,0,0,0,0,0,0,0,0,0,0,0,0
com.sec.android.app.shealth,2025-02-23 20:00:00+00:00,0,0,0,0,0,0,0,0,0,0,0,0,0.299,0.000299,299000.0,299.0,0.010546915785523,0.0006591821639327839,0,0,0,0,0,0,0.02,2e-05,20000.0,20.0,0.0007054793167573913,4.4092452436975516e-05,0,0,0,0,0,0,0,0,0,0,0,0,0.0,0.0,0.0,0.0,0.0,0.0,270000,1129680.0001780374,270,1129.6800001780375,0,0,0,0,0,0,0,0,0,0,0,0,0,0,0,0,0,0,0,0,0,0,0.000699999988079071,6.99999988079071e-07,699.999988079071,0.699999988079071,2.4691775666010254e-05,1.5432358090129934e-06,0,0,0,0,0,0,0,0,0,0,0,0,2,0,0,0,0,0,0,0,0,0,0,0,0,Lunch,0,0,0,0,0,0,0,0,0,0,0,0,0,0,0,0,0,0,0,0,0,0,0,0,0.42,0.00041999999999999996,420000.0,420.0,0.014815065651905218,0.0009259415011764857,9.0,0.009,9000000.0,9000.0,0.3174656925408261,0.01984160359663898,0,0,0,0,0,0,3.0,0.003,3000000.0,3000.0,0.10582189751360871,0.006613867865546327,0,0,0,0,0,0,0.375,0.000375,375000.0,375.0,0.013227737189201089,0.0008267334831932909,14.0,0.014,14000000.0,14000.0,0.4938355217301739,0.03086471670588286,0,0,0,0,0,0,30.0,0.03,30000000.0,30000.0,1.058218975136087,0.06613867865546327,11.0,0.011,11000000.0,11000.0,0.38801362421656527,0.02425084884033653,0.0,0.0,0,0,0.0,0.0,0,0,0,0,0,0,0.00014939999389648436,1.4939999389648435e-07,149.39999389648438,0.14939999389648437,5.269930280882511e-06,3.2937060624825844e-07,0,0,0,0,0,0,0,0,0,0,0,0,0.0,0.0,0.0,0.0,0.0,0.0,3e-06,3e-09,3.0,0.003,1.058218975136087e-07,6.6138678655463275e-09,0,0,0,0,0,0,0,0,0,0,0,0,0,0,0,0,0,0
com.sec.android.app.shealth,2025-02-24 02:00:00+00:00,0,0,0,0,0,0,0,0,0,0,0,0,0.10400000000000001,0.00010400000000000001,104000.00000000001,104.0,0.0036684924471384354,0.0002292807526722727,0,0,0,0,0,0,0.0,0.0,0.0,0.0,0.0,0.0,0,0,0,0,0,0,0,0,0,0,0,0,10.5,0.0105,10500000.0,10500.0,0.3703766412976305,0.023148537529412146,301000,1259384.0001984788,301,1259.3840001984788,0,0,0,0,0,0,0,0,0,0,0,0,0,0,0,0,0,0,0,0,0,0,0.0020999999046325685,2.0999999046325683e-06,2099.9999046325684,2.0999999046325684,7.407532489553857e-05,4.629707295633232e-06,0,0,0,0,0,0,0,0,0,0,0,0,3,0,0,0,0,0,0,0,0,0,0,0,0,Dinner,0,0,0,0,0,0,0,0,0,0,0,0,0,0,0,0,0,0,0,0,0,0,0,0,1.1795,0.0011795,1179500.0,1179.5,0.04160564270576715,0.002600352382470631,5.199999809265137,0.005199999809265137,5199999.809265137,5199.999809265137,0.18342461562894669,0.011464037213115239,0,0,0,0,0,0,0.0,0.0,0.0,0.0,0.0,0.0,0,0,0,0,0,0,0.1925,0.00019250000000000002,192500.0,192.5,0.006790238423789892,0.00042438985470588935,14.300000190734863,0.014300000190734864,14300000.190734863,14300.000190734863,0.5044177182095099,0.031526103912935886,0,0,0,0,0,0,70.30000305175781,0.0703000030517578,70300003.05175781,70300.00305175781,2.479759906049831,0.15498497704394323,0.0,0.0,0.0,0.0,0.0,0.0,0.0,0.0,0,0,0.0,0.0,0,0,0,0,0,0,0.002481300048828125,2.4813000488281247e-06,2481.300048828125,2.4813000488281247,8.752529315586737e-05,5.470330219240956e-06,0,0,0,0,0,0,0,0,0,0,0,0,0.008300000190734864,8.300000190734864e-06,8300.000190734863,8.300000190734863,0.00029277392318229246,1.8298368181843235e-05,0.0,0.0,0.0,0.0,0.0,0.0,0,0,0,0,0,0,0,0,0,0,0,0,0,0,0,0,0,0
com.sec.android.app.shealth,2025-02-24 05:00:00+00:00,0,0,0,0,0,0,0,0,0,0,0,0,0.0,0.0,0.0,0.0,0.0,0.0,0,0,0,0,0,0,0.0225,2.2499999999999998e-05,22500.0,22.5,0.0007936642313520652,4.960400899159745e-05,0,0,0,0,0,0,0,0,0,0,0,0,0.0,0.0,0.0,0.0,0.0,0.0,295000,1234280.0001945226,295,1234.2800001945225,0,0,0,0,0,0,0,0,0,0,0,0,0,0,0,0,0,0,0,0,0,0,0.0,0.0,0.0,0.0,0.0,0.0,0,0,0,0,0,0,0,0,0,0,0,0,4,0,0,0,0,0,0,0,0,0,0,0,0,Evening snack,0,0,0,0,0,0,0,0,0,0,0,0,0,0,0,0,0,0,0,0,0,0,0,0,0.335,0.000335,335000.00000000006,335.0,0.011816778555686306,0.0007385485783193399,38.5,0.0385,38500000.0,38500.0,1.3580476847579783,0.08487797094117787,0,0,0,0,0,0,8.0,0.008,8000000.0,8000.0,0.28219172670295656,0.017636980974790207,0,0,0,0,0,0,0.25,0.00025,250000.0,250.0,0.008818491459467392,0.000551155655462194,1.5,0.0015,1500000.0,1500.0,0.052910948756804355,0.0033069339327731636,0,0,0,0,0,0,9.0,0.009,9000000.0,9000.0,0.3174656925408261,0.01984160359663898,11.199999809265137,0.011199999809265136,11199999.809265137,11199.999809265137,0.3950684106561641,0.024691772944207893,0.0,0.0,0,0,0.0,0.0,0,0,0,0,0,0,0.0,0.0,0.0,0.0,0.0,0.0,0,0,0,0,0,0,0,0,0,0,0,0,0.0,0.0,0.0,0.0,0.0,0.0,0.0,0.0,0.0,0.0,0.0,0.0,0,0,0,0,0,0,0,0,0,0,0,0,0,0,0,0,0,0
com.sec.android.app.shealth,2025-02-24 16:00:00+00:00,0,0,0,0,0,0,0,0,0,0,0,0,0.30029998779296874,0.00030029998779296875,300299.98779296875,300.29998779296875,0.010592771510521827,0.0006620481464292901,0,0,0,0,0,0,0.02,2e-05,20000.0,20.0,0.0007054793167573913,4.4092452436975516e-05,0,0,0,0,0,0,0,0,0,0,0,0,1.0,0.001,1000000.0,1000.0,0.03527396583786957,0.002204622621848776,281000,1175704.0001852908,281,1175.7040001852909,0,0,0,0,0,0,0,0,0,0,0,0,0,0,0,0,0,0,0,0,0,0,0.012100000381469727,1.2100000381469727e-05,12100.000381469728,12.100000381469727,0.0004268150000941719,2.6675934565366977e-05,0,0,0,0,0,0,0,0,0,0,0,0,1,0,0,0,0,0,0,0,0,0,0,0,0,Breakfast,0,0,0,0,0,0,0,0,0,0,0,0,0,0,0,0,0,0,0,0,0,0,0,0,0.433,0.000433,433000.0,433.0,0.015273627207797522,0.0009546015952605199,10.699999809265137,0.010699999809265138,10699999.809265137,10699.999809265137,0.3774314277372293,0.023589461633283505,0,0,0,0,0,0,3.0,0.003,3000000.0,3000.0,0.10582189751360871,0.006613867865546327,0,0,0,0,0,0,0.428,0.000428,428000.0,428.0,0.015097257378608175,0.000943578482151276,16.299999237060547,0.016299999237060547,16299999.237060547,16299.999237060547,0.5749656162453738,0.03593534705414147,0,0,0,0,0,0,48.400001525878906,0.04840000152587891,48400001.525878906,48400.001525878906,1.7072600003766876,0.1067037382614679,5.099999904632568,0.0050999999046325685,5099999.904632568,5099.999904632568,0.17989722240914727,0.01124357516117956,0.0,0.0,0,0,0.0,0.0,0,0,0,0,0,0,0.0003411000061035156,3.411000061035156e-07,341.1000061035156,0.3411000061035156,1.203194996259251e-05,7.519967897685659e-07,0,0,0,0,0,0,0,0,0,0,0,0,0.009100000381469726,9.100000381469725e-06,9100.000381469727,9.100000381469727,0.0003209931025805631,2.0062066699820646e-05,3e-06,3e-09,3.0,0.003,1.058218975136087e-07,6.6138678655463275e-09,0,0,0,0,0,0,0,0,0,0,0,0,0,0,0,0,0,0
com.sec.android.app.shealth,2025-02-24 20:00:00+00:00,0,0,0,0,0,0,0,0,0,0,0,0,0.03770000076293945,3.770000076293945e-05,37700.00076293945,37.70000076293945,0.001329828538999583,8.311427452569243e-05,0,0,0,0,0,0,0.105,0.00010499999999999999,105000.0,105.0,0.0037037664129763045,0.00023148537529412143,0,0,0,0,0,0,0,0,0,0,0,0,1.399999976158142,0.001399999976158142,1399999.976158142,1399.999976158142,0.04938355133202051,0.0030864716180259866,329000,1376536.000216942,329,1376.536000216942,0,0,0,0,0,0,0,0,0,0,0,0,0,0,0,0,0,0,0,0,0,0,0.0025999999046325685,2.5999999046325686e-06,2599.999904632569,2.5999999046325684,9.171230781447335e-05,5.73201860655762e-06,0,0,0,0,0,0,0,0,0,0,0,0,2,0,0,0,0,0,0,0,0,0,0,0,0,Lunch,0,0,0,0,0,0,0,0,0,0,0,0,0,0,0,0,0,0,0,0,0,0,0,0,0.248,0.000248,248000.0,248.0,0.008747943527791653,0.0005467464102184964,12.399999618530273,0.012399999618530274,12399999.618530273,12399.999618530273,0.4373971629336325,0.027337319669928032,0,0,0,0,0,0,2.4000000953674316,0.0024000000953674316,2400000.0953674316,2400.0000953674316,0.08465752137487449,0.005291094502686259,0,0,0,0,0,0,0.598,0.000598,598000.0,598.0,0.021093831571046,0.0013183643278655678,1.2999999523162842,0.0012999999523162842,1299999.9523162842,1299.9999523162842,0.04585615390723667,0.0028660093032788097,0,0,0,0,0,0,41.79999923706055,0.04179999923706055,41799999.23706055,41799.99923706055,1.4744517451110477,0.09215322391128525,11.899999618530273,0.011899999618530274,11899999.618530273,11899.999618530273,0.4197601800146977,0.026235008359003643,0.0,0.0,0,0,0.0,0.0,0,0,0,0,0,0,4.1299999237060546e-05,4.129999923706054e-08,41.29999923706055,0.04129999923706054,1.456814762192113e-06,9.105091260036086e-08,0,0,0,0,0,0,0,0,0,0,0,0,0.0029000000953674316,2.9000000953674317e-06,2900.0000953674316,2.9000000953674316,0.00010229450429380927,6.393405813610647e-06,0.0,0.0,0.0,0.0,0.0,0.0,0,0,0,0,0,0,0,0,0,0,0,0,0,0,0,0,0,0
com.sec.android.app.shealth,2025-02-25 02:00:00+00:00,0,0,0,0,0,0,0,0,0,0,0,0,0.006500000000000001,6.5000000000000004e-06,6500.000000000001,6.5,0.0002292807779461522,1.4330047042017044e-05,0,0,0,0,0,0,0.095,9.5e-05,95000.0,95.0,0.003351026754597609,0.00020943914907563369,0,0,0,0,0,0,0,0,0,0,0,0,3.9000000953674316,0.0039000000953674317,3900000.0953674316,3900.0000953674316,0.13756847013167883,0.008598028435459423,706000,2953904.000465535,706,2953.9040004655353,0,0,0,0,0,0,0,0,0,0,0,0,0,0,0,0,0,0,0,0,0,0,0.0006000000238418579,6.00000023841858e-07,600.0000238418579,0.6000000238418579,2.1164380343718623e-05,1.3227736256715648e-06,0,0,0,0,0,0,0,0,0,0,0,0,3,0,0,0,0,0,0,0,0,0,0,0,0,Dinner,0,0,0,0,0,0,0,0,0,0,0,0,0,0,0,0,0,0,0,0,0,0,0,0,0.3,0.0003,300000.0,300.0,0.01058218975136087,0.0006613867865546327,29.899999618530273,0.029899999618530272,29899999.618530273,29899.999618530273,1.05469156509635,0.06591821555228161,0,0,0,0,0,0,10.800000190734863,0.010800000190734863,10800000.190734863,10800.000190734863,0.3809588377769664,0.023809924736465173,0,0,0,0,0,0,1.681,0.001681,1681000.0000000002,1681.0,0.05929553657345874,0.003705970627327792,4.300000190734863,0.004300000190734864,4300000.190734863,4300.000190734863,0.1516780598308142,0.00947987769444813,0,0,0,0,0,0,41.29999923706055,0.04129999923706055,41299999.23706055,41299.99923706055,1.456814762192113,0.09105091260036086,48.0,0.048,48000000.0,48000.0,1.6931503602177393,0.10582188584874123,0.0,0.0,0,0,0.0,0.0,0,0,0,0,0,0,0.0,0.0,0.0,0.0,0.0,0.0,0,0,0,0,0,0,0,0,0,0,0,0,0.003,3e-06,3000.0,3.0,0.00010582189751360871,6.613867865546327e-06,0.0,0.0,0.0,0.0,0.0,0.0,0,0,0,0,0,0,0,0,0,0,0,0,0,0,0,0,0,0
com.sec.android.app.shealth,2025-02-25 20:00:00+00:00,0,0,0,0,0,0,0,0,0,0,0,0,0.0,0.0,0.0,0.0,0.0,0.0,0,0,0,0,0,0,0.095,9.5e-05,95000.0,95.0,0.003351026754597609,0.00020943914907563369,0,0,0,0,0,0,0,0,0,0,0,0,2.0,0.002,2000000.0,2000.0,0.07054793167573914,0.004409245243697552,550000,2301200.000362669,550,2301.200000362669,0,0,0,0,0,0,0,0,0,0,0,0,0,0,0,0,0,0,0,0,0,0,0.0,0.0,0.0,0.0,0.0,0.0,0,0,0,0,0,0,0,0,0,0,0,0,2,0,0,0,0,0,0,0,0,0,0,0,0,Lunch,0,0,0,0,0,0,0,0,0,0,0,0,0,0,0,0,0,0,0,0,0,0,0,0,0.0,0.0,0.0,0.0,0.0,0.0,28.0,0.028,28000000.0,28000.0,0.9876710434603478,0.06172943341176572,0,0,0,0,0,0,9.0,0.009,9000000.0,9000.0,0.3174656925408261,0.01984160359663898,0,0,0,0,0,0,1.51,0.00151,1510000.0,1510.0,0.053263688415183044,0.0033289801589916515,4.0,0.004,4000000.0,4000.0,0.14109586335147828,0.008818490487395103,0,0,0,0,0,0,21.0,0.021,21000000.0,21000.0,0.740753282595261,0.04629707505882429,40.0,0.04,40000000.0,40000.0,1.4109586335147828,0.08818490487395103,0.0,0.0,0,0,0.0,0.0,0,0,0,0,0,0,0.0,0.0,0.0,0.0,0.0,0.0,0,0,0,0,0,0,0,0,0,0,0,0,0.0,0.0,0.0,0.0,0.0,0.0,0.0,0.0,0.0,0.0,0.0,0.0,0,0,0,0,0,0,0,0,0,0,0,0,0,0,0,0,0,0
com.sec.android.app.shealth,2025-02-26 02:00:00+00:00,0,0,0,0,0,0,0,0,0,0,0,0,0.065,6.500000000000001e-05,65000.00000000001,65.0,0.002292807779461522,0.00014330047042017041,0,0,0,0,0,0,0.1315,0.0001315,131500.0,131.5,0.004638526507679848,0.000289907874773114,0,0,0,0,0,0,0,0,0,0,0,0,10.600000381469727,0.010600000381469727,10600000.381469727,10600.000381469727,0.37390405133736754,0.02336900063259381,382000,1598288.0002518902,382,1598.2880002518903,0,0,0,0,0,0,0,0,0,0,0,0,0,0,0,0,0,0,0,0,0,0,0.0020999999046325685,2.0999999046325683e-06,2099.9999046325684,2.0999999046325684,7.407532489553857e-05,4.629707295633232e-06,0,0,0,0,0,0,0,0,0,0,0,0,3,0,0,0,0,0,0,0,0,0,0,0,0,Dinner,0,0,0,0,0,0,0,0,0,0,0,0,0,0,0,0,0,0,0,0,0,0,0,0,0.28250000000000003,0.00028250000000000004,282500.00000000006,282.5,0.009964895349198154,0.0006228058906722792,28.700000762939453,0.028700000762939454,28700000.762939453,28700.000762939453,1.0123628464587568,0.06327267092905343,0,0,0,0,0,0,8.300000190734863,0.008300000190734864,8300000.190734863,8300.000190734863,0.29277392318229245,0.018298368181843234,0,0,0,0,0,0,0.543,0.0005430000000000001,543000.0000000001,543.0,0.019153763449963175,0.0011971100836638852,5.699999809265137,0.0056999998092651365,5699999.809265137,5699.999809265137,0.20106159854788147,0.012566348524039627,0,0,0,0,0,0,34.5,0.0345,34500000.0,34500.0,1.2169518214065,0.07605948045378276,18.100000381469727,0.018100000381469725,18100000.381469727,18100.000381469727,0.6384587951213893,0.03990367029645963,0.0,0.0,0,0,0.0,0.0,0,0,0,0,0,0,0.0001179000015258789,1.179000015258789e-07,117.9000015258789,0.1179000015258789,4.158800626108622e-06,2.599250104799578e-07,0,0,0,0,0,0,0,0,0,0,0,0,0.000800000011920929,8.000000119209291e-07,800.0000119209291,0.800000011920929,2.8219173090794097e-05,1.7636981237601704e-06,0.0,0.0,0.0,0.0,0.0,0.0,0,0,0,0,0,0,0,0,0,0,0,0,0,0,0,0,0,0
com.sec.android.app.shealth,2025-02-26 05:00:00+00:00,0,0,0,0,0,0,0,0,0,0,0,0,0.1365,0.0001365,136500.00000000003,136.5,0.0048148963368691965,0.00030093098788235793,0,0,0,0,0,0,0.268,0.000268,268000.0,268.0,0.009453422844549045,0.0005908388626554719,0,0,0,0,0,0,0,0,0,0,0,0,2.299999952316284,0.002299999952316284,2299999.952316284,2299.999952316284,0.08113011974510624,0.005070631925127586,555000,2322120.000365966,555,2322.120000365966,0,0,0,0,0,0,0,0,0,0,0,0,0,0,0,0,0,0,0,0,0,0,0.009300000190734863,9.300000190734863e-06,9300.000190734863,9.300000190734863,0.000328047889020162,2.050299080369201e-05,0,0,0,0,0,0,0,0,0,0,0,0,4,0,0,0,0,0,0,0,0,0,0,0,0,Evening snack,0,0,0,0,0,0,0,0,0,0,0,0,0,0,0,0,0,0,0,0,0,0,0,0,0.20500000000000002,0.00020500000000000002,205000.00000000003,205.0,0.0072311629967632615,0.0004519476374789991,23.5,0.0235,23500000.0,23500.0,0.8289381971899349,0.05180863161344623,0,0,0,0,0,0,15.699999809265137,0.015699999809265137,15699999.809265137,15699.999809265137,0.5538012569265771,0.03461257474252739,0,0,0,0,0,0,1.176,0.001176,1176000.0,1176.0,0.04148218382533461,0.0025926362032941603,9.399999618530273,0.009399999618530273,9399999.618530273,9399.999618530273,0.33157526542002386,0.020723451804381704,0,0,0,0,0,0,41.099998474121094,0.041099998474121095,41099998.474121094,41099.998474121094,1.4497599421126388,0.09060998639399753,33.29999923706055,0.03329999923706055,33299999.237060547,33299.99923706055,1.1746230354891565,0.07341393162557065,0.5,0.0005,500000,500,0.017636982918934785,0.001102311310924388,0,0,0,0,0,0,0.00023939999389648438,2.393999938964844e-07,239.39999389648438,0.23939999389648436,8.444587206290773e-06,5.277866422146483e-07,0,0,0,0,0,0,0,0,0,0,0,0,0.001600000023841858,1.6000000238418581e-06,1600.0000238418581,1.600000023841858,5.6438346181588194e-05,3.5273962475203407e-06,0.0,0.0,0.0,0.0,0.0,0.0,0,0,0,0,0,0,0,0,0,0,0,0,0,0,0,0,0,0
com.sec.android.app.shealth,2025-02-26 20:00:00+00:00,0,0,0,0,0,0,0,0,0,0,0,0,0.005199999809265137,5.199999809265137e-06,5199.999809265138,5.199999809265137,0.0001834246156289467,1.146403721311524e-05,0,0,0,0,0,0,0.015,1.4999999999999999e-05,15000.0,15.0,0.0005291094875680435,3.3069339327731635e-05,0,0,0,0,0,0,0,0,0,0,0,0,1.0,0.001,1000000.0,1000.0,0.03527396583786957,0.002204622621848776,170000,711280.0001120977,170,711.2800001120977,0,0,0,0,0,0,0,0,0,0,0,0,0,0,0,0,0,0,0,0,0,0,0.006900000095367432,6.900000095367432e-06,6900.000095367432,6.900000095367432,0.00024339036764528754,1.521189630100575e-05,0,0,0,0,0,0,0,0,0,0,0,0,2,0,0,0,0,0,0,0,0,0,0,0,0,Lunch,0,0,0,0,0,0,0,0,0,0,0,0,0,0,0,0,0,0,0,0,0,0,0,0,0.0,0.0,0.0,0.0,0.0,0.0,8.0,0.008,8000000.0,8000.0,0.28219172670295656,0.017636980974790207,0,0,0,0,0,0,4.0,0.004,4000000.0,4000.0,0.14109586335147828,0.008818490487395103,0,0,0,0,0,0,0.37,0.00037,370000.0,370.0,0.01305136736001174,0.000815710370084047,2.0,0.002,2000000.0,2000.0,0.07054793167573914,0.004409245243697552,0,0,0,0,0,0,16.0,0.016,16000000.0,16000.0,0.5643834534059131,0.035273961949580414,9.0,0.009,9000000.0,9000.0,0.3174656925408261,0.01984160359663898,0.5,0.0005,500000,500,0.017636982918934785,0.001102311310924388,0,0,0,0,0,0,1.7999999523162842e-06,1.7999999523162842e-09,1.7999999523162842,0.001799999952316284,6.349313682617145e-08,3.968320614203197e-09,0,0,0,0,0,0,0,0,0,0,0,0,0.0,0.0,0.0,0.0,0.0,0.0,0.0,0.0,0.0,0.0,0.0,0.0,0,0,0,0,0,0,0,0,0,0,0,0,0,0,0,0,0,0
com.sec.android.app.shealth,2025-02-27 02:00:00+00:00,0,0,0,0,0,0,0,0,0,0,0,0,0.074,7.4e-05,74000.0,74.0,0.002610273472002348,0.00016314207401680938,0,0,0,0,0,0,0.633,0.000633,633000.0,633.0,0.022328420375371437,0.001395526119630275,0,0,0,0,0,0,0,0,0,0,0,0,0.0,0.0,0.0,0.0,0.0,0.0,231000,966504.0001523211,231,966.504000152321,0,0,0,0,0,0,0,0,0,0,0,0,0,0,0,0,0,0,0,0,0,0,0.0017999999523162843,1.7999999523162842e-06,1799.9999523162844,1.7999999523162842,6.349313682617146e-05,3.9683206142031975e-06,0,0,0,0,0,0,0,0,0,0,0,0,3,0,0,0,0,0,0,0,0,0,0,0,0,Dinner,0,0,0,0,0,0,0,0,0,0,0,0,0,0,0,0,0,0,0,0,0,0,0,0,0.189,0.000189,189000.0,189.0,0.006666779543357348,0.0004166736755294186,18.600000381469727,0.018600000381469726,18600000.381469727,18600.000381469727,0.656095778040324,0.041005981607384015,0,0,0,0,0,0,4.800000190734863,0.004800000190734863,4800000.190734863,4800.000190734863,0.16931504274974898,0.010582189005372517,0,0,0,0,0,0,0.417,0.000417,417000.0,417.0,0.014709243754391609,0.0009193276333109394,1.5,0.0015,1500000.0,1500.0,0.052910948756804355,0.0033069339327731636,0,0,0,0,0,0,1.5,0.0015,1500000.0,1500.0,0.052910948756804355,0.0033069339327731636,15.600000381469727,0.015600000381469727,15600000.381469727,15600.000381469727,0.5502738805267153,0.03439211374183769,0.0,0.0,0,0,0.0,0.0,0,0,0,0,0,0,0.000252,2.52e-07,252.0,0.252,8.889039391143131e-06,5.555649007058915e-07,0,0,0,0,0,0,0,0,0,0,0,0,0.0,0.0,0.0,0.0,0.0,0.0,0.0,0.0,0.0,0.0,0.0,0.0,0,0,0,0,0,0,0,0,0,0,0,0,0,0,0,0,0,0
com.sec.android.app.shealth,2025-02-27 16:00:00+00:00,0,0,0,0,0,0,0,0,0,0,0,0,0.0,0.0,0.0,0.0,0.0,0.0,0,0,0,0,0,0,0.0,0.0,0.0,0.0,0.0,0.0,0,0,0,0,0,0,0,0,0,0,0,0,0.0,0.0,0.0,0.0,0.0,0.0,400000,1673600.0002637594,400,1673.6000002637593,0,0,0,0,0,0,0,0,0,0,0,0,0,0,0,0,0,0,0,0,0,0,0.0,0.0,0.0,0.0,0.0,0.0,0,0,0,0,0,0,0,0,0,0,0,0,1,0,0,0,0,0,0,0,0,0,0,0,0,Breakfast,0,0,0,0,0,0,0,0,0,0,0,0,0,0,0,0,0,0,0,0,0,0,0,0,0.0,0.0,0.0,0.0,0.0,0.0,0.0,0.0,0.0,0.0,0.0,0.0,0,0,0,0,0,0,0.0,0.0,0.0,0.0,0.0,0.0,0,0,0,0,0,0,0.0,0.0,0.0,0.0,0.0,0.0,0.0,0.0,0.0,0.0,0.0,0.0,0,0,0,0,0,0,0.0,0.0,0.0,0.0,0.0,0.0,0.0,0.0,0.0,0.0,0.0,0.0,0.0,0.0,0,0,0.0,0.0,0,0,0,0,0,0,0.0,0.0,0.0,0.0,0.0,0.0,0,0,0,0,0,0,0,0,0,0,0,0,0.0,0.0,0.0,0.0,0.0,0.0,0.0,0.0,0.0,0.0,0.0,0.0,0,0,0,0,0,0,0,0,0,0,0,0,0,0,0,0,0,0
com.sec.android.app.shealth,2025-02-27 20:00:00+00:00,0,0,0,0,0,0,0,0,0,0,0,0,0.0,0.0,0.0,0.0,0.0,0.0,0,0,0,0,0,0,0.005,5e-06,5000.0,5.0,0.00017636982918934783,1.1023113109243879e-05,0,0,0,0,0,0,0,0,0,0,0,0,10.0,0.01,10000000.0,10000.0,0.3527396583786957,0.022046226218487758,190000,794960.0001252857,190,794.9600001252857,0,0,0,0,0,0,0,0,0,0,0,0,0,0,0,0,0,0,0,0,0,0,0.0008999999761581421,8.999999761581421e-07,899.9999761581422,0.8999999761581421,3.174656841308573e-05,1.9841603071015987e-06,0,0,0,0,0,0,0,0,0,0,0,0,2,0,0,0,0,0,0,0,0,0,0,0,0,Lunch,0,0,0,0,0,0,0,0,0,0,0,0,0,0,0,0,0,0,0,0,0,0,0,0,0.18,0.00017999999999999998,180000.0,180.0,0.006349313850816522,0.0003968320719327796,21.0,0.021,21000000.0,21000.0,0.740753282595261,0.04629707505882429,0,0,0,0,0,0,2.5,0.0025,2500000.0,2500.0,0.08818491459467392,0.0055115565546219394,0,0,0,0,0,0,0.14,0.00014000000000000001,140000.00000000003,140.0,0.00493835521730174,0.00030864716705882863,2.0,0.002,2000000.0,2000.0,0.07054793167573914,0.004409245243697552,0,0,0,0,0,0,22.0,0.022,22000000.0,22000.0,0.7760272484331305,0.04850169768067306,6.0,0.006,6000000.0,6000.0,0.21164379502721742,0.013227735731092654,0.0,0.0,0,0,0.0,0.0,0,0,0,0,0,0,0.0,0.0,0.0,0.0,0.0,0.0,0,0,0,0,0,0,0,0,0,0,0,0,0.0,0.0,0.0,0.0,0.0,0.0,0.0,0.0,0.0,0.0,0.0,0.0,0,0,0,0,0,0,0,0,0,0,0,0,0,0,0,0,0,0
com.sec.android.app.shealth,2025-02-28 02:00:00+00:00,0,0,0,0,0,0,0,0,0,0,0,0,0.0,0.0,0.0,0.0,0.0,0.0,0,0,0,0,0,0,0.07,7.000000000000001e-05,70000.00000000001,70.0,0.00246917760865087,0.00015432358352941432,0,0,0,0,0,0,0,0,0,0,0,0,4.0,0.004,4000000.0,4000.0,0.14109586335147828,0.008818490487395103,700000,2928800.000461579,700,2928.8000004615787,0,0,0,0,0,0,0,0,0,0,0,0,0,0,0,0,0,0,0,0,0,0,0.0,0.0,0.0,0.0,0.0,0.0,0,0,0,0,0,0,0,0,0,0,0,0,3,0,0,0,0,0,0,0,0,0,0,0,0,Dinner,0,0,0,0,0,0,0,0,0,0,0,0,0,0,0,0,0,0,0,0,0,0,0,0,0.0,0.0,0.0,0.0,0.0,0.0,34.5,0.0345,34500000.0,34500.0,1.2169518214065,0.07605948045378276,0,0,0,0,0,0,1.2000000476837158,0.0012000000476837158,1200000.0476837158,1200.0000476837158,0.042328760687437246,0.0026455472513431293,0,0,0,0,0,0,1.025,0.0010249999999999999,1025000.0,1025.0,0.0361558149838163,0.0022597381873949948,3.0,0.003,3000000.0,3000.0,0.10582189751360871,0.006613867865546327,0,0,0,0,0,0,69.0,0.069,69000000.0,69000.0,2.433903642813,0.15211896090756552,25.5,0.0255,25500000.0,25500.0,0.8994861288656739,0.05621787685714378,0.0,0.0,0,0,0.0,0.0,0,0,0,0,0,0,0.0,0.0,0.0,0.0,0.0,0.0,0,0,0,0,0,0,0,0,0,0,0,0,0.0,0.0,0.0,0.0,0.0,0.0,0.0,0.0,0.0,0.0,0.0,0.0,0,0,0,0,0,0,0,0,0,0,0,0,0,0,0,0,0,0
com.sec.android.app.shealth,2025-02-28 02:00:00+00:00,0,0,0,0,0,0,0,0,0,0,0,0,0.0,0.0,0.0,0.0,0.0,0.0,0,0,0,0,0,0,0.07,7.000000000000001e-05,70000.00000000001,70.0,0.00246917760865087,0.00015432358352941432,0,0,0,0,0,0,0,0,0,0,0,0,4.0,0.004,4000000.0,4000.0,0.14109586335147828,0.008818490487395103,700000,2928800.000461579,700,2928.8000004615787,0,0,0,0,0,0,0,0,0,0,0,0,0,0,0,0,0,0,0,0,0,0,0.0,0.0,0.0,0.0,0.0,0.0,0,0,0,0,0,0,0,0,0,0,0,0,3,0,0,0,0,0,0,0,0,0,0,0,0,Dinner,0,0,0,0,0,0,0,0,0,0,0,0,0,0,0,0,0,0,0,0,0,0,0,0,0.0,0.0,0.0,0.0,0.0,0.0,34.5,0.0345,34500000.0,34500.0,1.2169518214065,0.07605948045378276,0,0,0,0,0,0,1.2000000476837158,0.0012000000476837158,1200000.0476837158,1200.0000476837158,0.042328760687437246,0.0026455472513431293,0,0,0,0,0,0,1.025,0.0010249999999999999,1025000.0,1025.0,0.0361558149838163,0.0022597381873949948,3.0,0.003,3000000.0,3000.0,0.10582189751360871,0.006613867865546327,0,0,0,0,0,0,69.0,0.069,69000000.0,69000.0,2.433903642813,0.15211896090756552,25.5,0.0255,25500000.0,25500.0,0.8994861288656739,0.05621787685714378,0.0,0.0,0,0,0.0,0.0,0,0,0,0,0,0,0.0,0.0,0.0,0.0,0.0,0.0,0,0,0,0,0,0,0,0,0,0,0,0,0.0,0.0,0.0,0.0,0.0,0.0,0.0,0.0,0.0,0.0,0.0,0.0,0,0,0,0,0,0,0,0,0,0,0,0,0,0,0,0,0,0
com.sec.android.app.shealth,2025-02-28 16:00:00+00:00,0,0,0,0,0,0,0,0,0,0,0,0,0.074,7.4e-05,74000.0,74.0,0.002610273472002348,0.00016314207401680938,0,0,0,0,0,0,0.633,0.000633,633000.0,633.0,0.022328420375371437,0.001395526119630275,0,0,0,0,0,0,0,0,0,0,0,0,0.0,0.0,0.0,0.0,0.0,0.0,231000,966504.0001523211,231,966.504000152321,0,0,0,0,0,0,0,0,0,0,0,0,0,0,0,0,0,0,0,0,0,0,0.0017999999523162843,1.7999999523162842e-06,1799.9999523162844,1.7999999523162842,6.349313682617146e-05,3.9683206142031975e-06,0,0,0,0,0,0,0,0,0,0,0,0,1,0,0,0,0,0,0,0,0,0,0,0,0,Breakfast,0,0,0,0,0,0,0,0,0,0,0,0,0,0,0,0,0,0,0,0,0,0,0,0,0.189,0.000189,189000.0,189.0,0.006666779543357348,0.0004166736755294186,18.600000381469727,0.018600000381469726,18600000.381469727,18600.000381469727,0.656095778040324,0.041005981607384015,0,0,0,0,0,0,4.800000190734863,0.004800000190734863,4800000.190734863,4800.000190734863,0.16931504274974898,0.010582189005372517,0,0,0,0,0,0,0.417,0.000417,417000.0,417.0,0.014709243754391609,0.0009193276333109394,1.5,0.0015,1500000.0,1500.0,0.052910948756804355,0.0033069339327731636,0,0,0,0,0,0,1.5,0.0015,1500000.0,1500.0,0.052910948756804355,0.0033069339327731636,15.600000381469727,0.015600000381469727,15600000.381469727,15600.000381469727,0.5502738805267153,0.03439211374183769,0.0,0.0,0,0,0.0,0.0,0,0,0,0,0,0,0.000252,2.52e-07,252.0,0.252,8.889039391143131e-06,5.555649007058915e-07,0,0,0,0,0,0,0,0,0,0,0,0,0.0,0.0,0.0,0.0,0.0,0.0,0.0,0.0,0.0,0.0,0.0,0.0,0,0,0,0,0,0,0,0,0,0,0,0,0,0,0,0,0,0
com.sec.android.app.shealth,2025-03-01 02:00:00+00:00,0,0,0,0,0,0,0,0,0,0,0,0,0.1403999938964844,0.00014039999389648438,140399.9938964844,140.39999389648438,0.004952464588341686,0.0003095290026516195,0,0,0,0,0,0,0.244,0.000244,244000.0,244.0,0.008606847664440174,0.0005379279197311013,0,0,0,0,0,0,0,0,0,0,0,0,10.100000381469727,0.010100000381469727,10100000.381469727,10100.000381469727,0.35626706841843275,0.022266689321669423,847000,3543848.0005585104,847,3543.84800055851,0,0,0,0,0,0,0,0,0,0,0,0,0,0,0,0,0,0,0,0,0,0,0.006199999809265137,6.199999809265137e-06,6199.999809265138,6.199999809265137,0.00021869858146681626,1.3668659834964017e-05,0,0,0,0,0,0,0,0,0,0,0,0,3,0,0,0,0,0,0,0,0,0,0,0,0,Dinner,0,0,0,0,0,0,0,0,0,0,0,0,0,0,0,0,0,0,0,0,0,0,0,0,0.712,0.000712,712000.0,712.0,0.025115063676563132,0.0015696913067563282,80.0999984741211,0.0800999984741211,80099998.4741211,80099.9984741211,2.825444609789552,0.17659026864609978,0,0,0,0,0,0,10.699999809265137,0.010699999809265138,10699999.809265137,10699.999809265137,0.3774314277372293,0.023589461633283505,0,0,0,0,0,0,1.825,0.001825,1825000.0,1825.0,0.06437498765411195,0.004023436284874016,9.5,0.0095,9500000.0,9500.0,0.3351026754597609,0.02094391490756337,0,0,0,0,0,0,42.29999923706055,0.04229999923706055,42299999.23706055,42299.99923706055,1.4920887280299826,0.09325553522220964,38.900001525878906,0.038900001525878906,38900001.525878906,38900.001525878906,1.3721573249169265,0.08575982335390453,0.0,0.0,0,0,0.0,0.0,0,0,0,0,0,0,0.000117,1.17e-07,117.0,0.11699999999999999,4.12705400303074e-06,2.5794084675630676e-07,0,0,0,0,0,0,0,0,0,0,0,0,0.003200000047683716,3.2000000476837162e-06,3200.0000476837163,3.200000047683716,0.00011287669236317639,7.0547924950406815e-06,0.0,0.0,0.0,0.0,0.0,0.0,0,0,0,0,0,0,0,0,0,0,0,0,0,0,0,0,0,0
com.sec.android.app.shealth,2025-03-01 05:00:00+00:00,0,0,0,0,0,0,0,0,0,0,0,0,0.0,0.0,0.0,0.0,0.0,0.0,0,0,0,0,0,0,0.005,5e-06,5000.0,5.0,0.00017636982918934783,1.1023113109243879e-05,0,0,0,0,0,0,0,0,0,0,0,0,10.0,0.01,10000000.0,10000.0,0.3527396583786957,0.022046226218487758,190000,794960.0001252857,190,794.9600001252857,0,0,0,0,0,0,0,0,0,0,0,0,0,0,0,0,0,0,0,0,0,0,0.0008999999761581421,8.999999761581421e-07,899.9999761581422,0.8999999761581421,3.174656841308573e-05,1.9841603071015987e-06,0,0,0,0,0,0,0,0,0,0,0,0,4,0,0,0,0,0,0,0,0,0,0,0,0,Evening snack,0,0,0,0,0,0,0,0,0,0,0,0,0,0,0,0,0,0,0,0,0,0,0,0,0.18,0.00017999999999999998,180000.0,180.0,0.006349313850816522,0.0003968320719327796,21.0,0.021,21000000.0,21000.0,0.740753282595261,0.04629707505882429,0,0,0,0,0,0,2.5,0.0025,2500000.0,2500.0,0.08818491459467392,0.0055115565546219394,0,0,0,0,0,0,0.14,0.00014000000000000001,140000.00000000003,140.0,0.00493835521730174,0.00030864716705882863,2.0,0.002,2000000.0,2000.0,0.07054793167573914,0.004409245243697552,0,0,0,0,0,0,22.0,0.022,22000000.0,22000.0,0.7760272484331305,0.04850169768067306,6.0,0.006,6000000.0,6000.0,0.21164379502721742,0.013227735731092654,0.0,0.0,0,0,0.0,0.0,0,0,0,0,0,0,0.0,0.0,0.0,0.0,0.0,0.0,0,0,0,0,0,0,0,0,0,0,0,0,0.0,0.0,0.0,0.0,0.0,0.0,0.0,0.0,0.0,0.0,0.0,0.0,0,0,0,0,0,0,0,0,0,0,0,0,0,0,0,0,0,0
com.sec.android.app.shealth,2025-03-28 05:01:00+00:00,0,0,0,0,0,0,0,0,0,0,0,0,0.0,0.0,0.0,0.0,0.0,0.0,0,0,0,0,0,0,0.035,3.5000000000000004e-05,35000.00000000001,35.0,0.001234588804325435,7.716179176470716e-05,0,0,0,0,0,0,0,0,0,0,0,0,1.5,0.0015,1500000.0,1500.0,0.052910948756804355,0.0033069339327731636,375000,1569000.0002472743,375,1569.0000002472743,0,0,0,0,0,0,0,0,0,0,0,0,0,0,0,0,0,0,0,0,0,0,0.018000000000000002,1.8e-05,18000.000000000004,18.0,0.0006349313850816523,3.968320719327797e-05,0,0,0,0,0,0,0,0,0,0,0,0,1,0,0,0,0,0,0,0,0,0,0,0,0,Breakfast,0,0,0,0,0,0,0,0,0,0,0,0,0,0,0,0,0,0,0,0,0,0,0,0,0.45,0.00045,450000.00000000006,450.0,0.015873284627041306,0.000992080179831949,12.5,0.0125,12500000.0,12500.0,0.44092457297336957,0.027557782773109697,0,0,0,0,0,0,5.0,0.005,5000000.0,5000.0,0.17636982918934785,0.011023113109243879,0,0,0,0,0,0,0.58,0.00058,580000.0,580.0,0.020458900185964347,0.00127868112067229,18.0,0.018,18000000.0,18000.0,0.6349313850816523,0.03968320719327796,0,0,0,0,0,0,66.0,0.066,66000000.0,66000.0,2.3280817452993916,0.1455050930420192,8.0,0.008,8000000.0,8000.0,0.28219172670295656,0.017636980974790207,0.0,0.0,0,0,0.0,0.0,0,0,0,0,0,0,0.0,0.0,0.0,0.0,0.0,0.0,0,0,0,0,0,0,0,0,0,0,0,0,0.0,0.0,0.0,0.0,0.0,0.0,4.5e-06,4.5e-09,4.5,0.0045,1.5873284627041306e-07,9.920801798319491e-09,0,0,0,0,0,0,0,0,0,0,0,0,0,0,0,0,0,0
com.sec.android.app.shealth,2025-03-28 05:01:00+00:00,0,0,0,0,0,0,0,0,0,0,0,0,0.0,0.0,0.0,0.0,0.0,0.0,0,0,0,0,0,0,0.005,5e-06,5000.0,5.0,0.00017636982918934783,1.1023113109243879e-05,0,0,0,0,0,0,0,0,0,0,0,0,10.0,0.01,10000000.0,10000.0,0.3527396583786957,0.022046226218487758,190000,794960.0001252857,190,794.9600001252857,0,0,0,0,0,0,0,0,0,0,0,0,0,0,0,0,0,0,0,0,0,0,0.0008999999761581421,8.999999761581421e-07,899.9999761581422,0.8999999761581421,3.174656841308573e-05,1.9841603071015987e-06,0,0,0,0,0,0,0,0,0,0,0,0,2,0,0,0,0,0,0,0,0,0,0,0,0,Lunch,0,0,0,0,0,0,0,0,0,0,0,0,0,0,0,0,0,0,0,0,0,0,0,0,0.18,0.00017999999999999998,180000.0,180.0,0.006349313850816522,0.0003968320719327796,21.0,0.021,21000000.0,21000.0,0.740753282595261,0.04629707505882429,0,0,0,0,0,0,2.5,0.0025,2500000.0,2500.0,0.08818491459467392,0.0055115565546219394,0,0,0,0,0,0,0.14,0.00014000000000000001,140000.00000000003,140.0,0.00493835521730174,0.00030864716705882863,2.0,0.002,2000000.0,2000.0,0.07054793167573914,0.004409245243697552,0,0,0,0,0,0,22.0,0.022,22000000.0,22000.0,0.7760272484331305,0.04850169768067306,6.0,0.006,6000000.0,6000.0,0.21164379502721742,0.013227735731092654,0.0,0.0,0,0,0.0,0.0,0,0,0,0,0,0,0.0,0.0,0.0,0.0,0.0,0.0,0,0,0,0,0,0,0,0,0,0,0,0,0.0,0.0,0.0,0.0,0.0,0.0,0.0,0.0,0.0,0.0,0.0,0.0,0,0,0,0,0,0,0,0,0,0,0,0,0,0,0,0,0,0
com.sec.android.app.shealth,2025-03-28 05:02:00+00:00,0,0,0,0,0,0,0,0,0,0,0,0,0.0,0.0,0.0,0.0,0.0,0.0,0,0,0,0,0,0,0.005,5e-06,5000.0,5.0,0.00017636982918934783,1.1023113109243879e-05,0,0,0,0,0,0,0,0,0,0,0,0,10.0,0.01,10000000.0,10000.0,0.3527396583786957,0.022046226218487758,190000,794960.0001252857,190,794.9600001252857,0,0,0,0,0,0,0,0,0,0,0,0,0,0,0,0,0,0,0,0,0,0,0.0008999999761581421,8.999999761581421e-07,899.9999761581422,0.8999999761581421,3.174656841308573e-05,1.9841603071015987e-06,0,0,0,0,0,0,0,0,0,0,0,0,4,0,0,0,0,0,0,0,0,0,0,0,0,Evening snack,0,0,0,0,0,0,0,0,0,0,0,0,0,0,0,0,0,0,0,0,0,0,0,0,0.18,0.00017999999999999998,180000.0,180.0,0.006349313850816522,0.0003968320719327796,21.0,0.021,21000000.0,21000.0,0.740753282595261,0.04629707505882429,0,0,0,0,0,0,2.5,0.0025,2500000.0,2500.0,0.08818491459467392,0.0055115565546219394,0,0,0,0,0,0,0.14,0.00014000000000000001,140000.00000000003,140.0,0.00493835521730174,0.00030864716705882863,2.0,0.002,2000000.0,2000.0,0.07054793167573914,0.004409245243697552,0,0,0,0,0,0,22.0,0.022,22000000.0,22000.0,0.7760272484331305,0.04850169768067306,6.0,0.006,6000000.0,6000.0,0.21164379502721742,0.013227735731092654,0.0,0.0,0,0,0.0,0.0,0,0,0,0,0,0,0.0,0.0,0.0,0.0,0.0,0.0,0,0,0,0,0,0,0,0,0,0,0,0,0.0,0.0,0.0,0.0,0.0,0.0,0.0,0.0,0.0,0.0,0.0,0.0,0,0,0,0,0,0,0,0,0,0,0,0,0,0,0,0,0,0
com.sec.android.app.shealth,2025-03-28 05:03:00+00:00,0,0,0,0,0,0,0,0,0,0,0,0,0.0025999999046325685,2.5999999046325686e-06,2599.999904632569,2.5999999046325684,9.171230781447335e-05,5.73201860655762e-06,0,0,0,0,0,0,0.08,8e-05,80000.0,80.0,0.0028219172670295653,0.00017636980974790206,0,0,0,0,0,0,0,0,0,0,0,0,4.699999809265137,0.0046999998092651365,4699999.809265137,4699.999809265137,0.16578763271001193,0.010361725902190852,748000,3129632.00049323,748,3129.63200049323,0,0,0,0,0,0,0,0,0,0,0,0,0,0,0,0,0,0,0,0,0,0,0.00030000001192092895,3.00000011920929e-07,300.00001192092896,0.30000001192092896,1.0582190171859312e-05,6.613868128357824e-07,0,0,0,0,0,0,0,0,0,0,0,0,3,0,0,0,0,0,0,0,0,0,0,0,0,Dinner,0,0,0,0,0,0,0,0,0,0,0,0,0,0,0,0,0,0,0,0,0,0,0,0,0.15,0.00015,150000.0,150.0,0.005291094875680435,0.0003306933932773163,29.799999237060547,0.029799999237060545,29799999.237060547,29799.999237060547,1.0511641550566129,0.06569775244909994,0,0,0,0,0,0,6.900000095367432,0.006900000095367432,6900000.095367432,6900.000095367432,0.24339036764528754,0.015211896301005749,0,0,0,0,0,0,1.1635,0.0011635,1163500.0,1163.5,0.04104125925236124,0.0025650784205210504,21.799999237060547,0.021799999237060545,21799999.237060547,21799.999237060547,0.7689724283536563,0.04806077147430973,0,0,0,0,0,0,85.0999984741211,0.0850999984741211,85099998.4741211,85099.9984741211,3.0018144389789,0.18761338175534367,33.0,0.033,33000000.0,33000.0,1.1640408726496958,0.0727525465210096,0.0,0.0,0,0,0.0,0.0,0,0,0,0,0,0,0.0,0.0,0.0,0.0,0.0,0.0,0,0,0,0,0,0,0,0,0,0,0,0,0.0015,1.5e-06,1500.0,1.5,5.2910948756804355e-05,3.3069339327731635e-06,0.0,0.0,0.0,0.0,0.0,0.0,0,0,0,0,0,0,0,0,0,0,0,0,0,0,0,0,0,0
