hour,addiction,addiction_rolling,doom_scrolling,doom_scrolling_rolling,escapism,escapism_rolling,negative_mood,negative_mood_rolling,unhealthy_comparison,unhealthy_comparison_rolling,rabbit_holes,rabbit_holes_rolling
2024-02-26 00:00:00+00:00,0.0,0.0,0.0,0.0,0.0,0.0,0.0,0.0,0.0,0.0,0.0,0.0
2024-02-26 01:00:00+00:00,0.0,0.0,0.0,0.0,0.0,0.0,0.0,0.0,0.0,0.0,0.0,0.0
2024-02-26 02:00:00+00:00,1.0,0.3333333333333333,0.0,0.0,0.0,0.0,0.0,0.0,0.0,0.0,0.0,0.0
2024-02-26 03:00:00+00:00,1.0,0.5,0.0,0.0,0.0,0.0,0.0,0.0,0.0,0.0,0.0,0.0
2024-02-26 04:00:00+00:00,0.0,0.4,0.0,0.0,0.0,0.0,0.0,0.0,0.0,0.0,0.0,0.0
2024-02-26 05:00:00+00:00,37.0,6.5,37.0,6.166666666666667,0.0,0.0,0.0,0.0,0.0,0.0,0.0,0.0
2024-02-26 06:00:00+00:00,0.0,5.571428571428571,22.0,8.428571428571429,0.0,0.0,0.0,0.0,0.0,0.0,0.0,0.0
2024-02-26 07:00:00+00:00,0.0,4.875,0.0,7.375,0.0,0.0,0.0,0.0,0.0,0.0,0.0,0.0
2024-02-26 08:00:00+00:00,0.0,4.333333333333333,0.0,6.555555555555555,0.0,0.0,0.0,0.0,0.0,0.0,0.0,0.0
2024-02-26 09:00:00+00:00,0.0,3.9,0.0,5.9,0.0,0.0,0.0,0.0,0.0,0.0,6.0,0.6
2024-02-26 10:00:00+00:00,0.0,3.5454545454545454,0.0,5.363636363636363,0.0,0.0,0.0,0.0,0.0,0.0,0.0,0.5454545454545454
2024-02-26 11:00:00+00:00,0.0,3.25,0.0,4.916666666666667,0.0,0.0,0.0,0.0,0.0,0.0,0.0,0.5
2024-02-26 12:00:00+00:00,0.0,3.0,0.0,4.538461538461538,0.0,0.0,0.0,0.0,0.0,0.0,0.0,0.46153846153846156
2024-02-26 13:00:00+00:00,0.0,2.7857142857142856,0.0,4.214285714285714,0.0,0.0,0.0,0.0,0.0,0.0,0.0,0.42857142857142855
2024-02-26 14:00:00+00:00,0.0,2.6,0.0,3.933333333333333,0.0,0.0,0.0,0.0,0.0,0.0,0.0,0.4
2024-02-26 15:00:00+00:00,0.0,2.4375,0.0,3.6875,0.0,0.0,0.0,0.0,0.0,0.0,0.0,0.375
2024-02-26 16:00:00+00:00,0.0,2.2941176470588234,0.0,3.4705882352941178,0.0,0.0,0.0,0.0,0.0,0.0,0.0,0.35294117647058826
2024-02-26 17:00:00+00:00,0.0,2.1666666666666665,0.0,3.2777777777777777,0.0,0.0,0.0,0.0,0.0,0.0,0.0,0.3333333333333333
2024-02-26 18:00:00+00:00,0.0,2.0526315789473686,36.0,5.0,0.0,0.0,0.0,0.0,0.0,0.0,0.0,0.3157894736842105
2024-02-26 19:00:00+00:00,0.0,1.95,4.0,4.95,0.0,0.0,0.0,0.0,0.0,0.0,0.0,0.3
2024-02-26 20:00:00+00:00,0.0,1.8571428571428572,0.0,4.714285714285714,0.0,0.0,0.0,0.0,0.0,0.0,0.0,0.2857142857142857
2024-02-26 21:00:00+00:00,0.0,1.7727272727272727,0.0,4.5,0.0,0.0,0.0,0.0,0.0,0.0,0.0,0.2727272727272727
2024-02-26 22:00:00+00:00,0.0,1.6956521739130435,0.0,4.304347826086956,0.0,0.0,0.0,0.0,0.0,0.0,0.0,0.2608695652173913
2024-02-26 23:00:00+00:00,5.0,1.8333333333333333,0.0,4.125,0.0,0.0,0.0,0.0,0.0,0.0,0.0,0.25
2024-02-27 00:00:00+00:00,0.0,1.8333333333333333,0.0,4.125,0.0,0.0,0.0,0.0,0.0,0.0,0.0,0.25
2024-02-27 01:00:00+00:00,0.0,1.8333333333333333,0.0,4.125,0.0,0.0,0.0,0.0,0.0,0.0,0.0,0.25
2024-02-27 02:00:00+00:00,0.0,1.7916666666666667,0.0,4.125,0.0,0.0,0.0,0.0,0.0,0.0,0.0,0.25
2024-02-27 03:00:00+00:00,0.0,1.75,0.0,4.125,0.0,0.0,0.0,0.0,0.0,0.0,0.0,0.25
2024-02-27 04:00:00+00:00,0.0,1.75,0.0,4.125,0.0,0.0,0.0,0.0,0.0,0.0,0.0,0.25
2024-02-27 05:00:00+00:00,0.0,0.20833333333333334,0.0,2.5833333333333335,0.0,0.0,0.0,0.0,0.0,0.0,0.0,0.25
2024-02-27 06:00:00+00:00,0.0,0.20833333333333334,0.0,1.6666666666666667,0.0,0.0,0.0,0.0,0.0,0.0,0.0,0.25
2024-02-27 07:00:00+00:00,0.0,0.20833333333333334,0.0,1.6666666666666667,0.0,0.0,0.0,0.0,0.0,0.0,0.0,0.25
2024-02-27 08:00:00+00:00,0.0,0.20833333333333334,0.0,1.6666666666666667,0.0,0.0,0.0,0.0,0.0,0.0,0.0,0.25
2024-02-27 09:00:00+00:00,0.0,0.20833333333333334,0.0,1.6666666666666667,0.0,0.0,0.0,0.0,0.0,0.0,0.0,0.0
2024-02-27 10:00:00+00:00,0.0,0.20833333333333334,0.0,1.6666666666666667,0.0,0.0,0.0,0.0,0.0,0.0,0.0,0.0
2024-02-27 11:00:00+00:00,0.0,0.20833333333333334,0.0,1.6666666666666667,0.0,0.0,0.0,0.0,0.0,0.0,0.0,0.0
2024-02-27 12:00:00+00:00,0.0,0.20833333333333334,0.0,1.6666666666666667,0.0,0.0,0.0,0.0,0.0,0.0,0.0,0.0
2024-02-27 13:00:00+00:00,0.0,0.20833333333333334,0.0,1.6666666666666667,0.0,0.0,0.0,0.0,0.0,0.0,0.0,0.0
2024-02-27 14:00:00+00:00,0.0,0.20833333333333334,0.0,1.6666666666666667,0.0,0.0,0.0,0.0,0.0,0.0,0.0,0.0
2024-02-27 15:00:00+00:00,0.0,0.20833333333333334,0.0,1.6666666666666667,0.0,0.0,0.0,0.0,0.0,0.0,0.0,0.0
2024-02-27 16:00:00+00:00,0.0,0.20833333333333334,0.0,1.6666666666666667,0.0,0.0,0.0,0.0,0.0,0.0,0.0,0.0
2024-02-27 17:00:00+00:00,0.0,0.20833333333333334,0.0,1.6666666666666667,0.0,0.0,0.0,0.0,0.0,0.0,0.0,0.0
2024-02-27 18:00:00+00:00,0.0,0.20833333333333334,0.0,0.16666666666666666,0.0,0.0,0.0,0.0,0.0,0.0,0.0,0.0
2024-02-27 19:00:00+00:00,0.0,0.20833333333333334,0.0,0.0,0.0,0.0,0.0,0.0,0.0,0.0,0.0,0.0
2024-02-27 20:00:00+00:00,0.0,0.20833333333333334,0.0,0.0,0.0,0.0,0.0,0.0,0.0,0.0,0.0,0.0
2024-02-27 21:00:00+00:00,0.0,0.20833333333333334,0.0,0.0,0.0,0.0,0.0,0.0,0.0,0.0,0.0,0.0
2024-02-27 22:00:00+00:00,0.0,0.20833333333333334,0.0,0.0,0.0,0.0,0.0,0.0,0.0,0.0,0.0,0.0
2024-02-27 23:00:00+00:00,3.0,0.125,0.0,0.0,0.0,0.0,0.0,0.0,0.0,0.0,0.0,0.0
2024-02-28 00:00:00+00:00,13.0,0.6666666666666666,0.0,0.0,0.0,0.0,0.0,0.0,0.0,0.0,0.0,0.0
2024-02-28 01:00:00+00:00,6.0,0.9166666666666666,0.0,0.0,0.0,0.0,0.0,0.0,0.0,0.0,0.0,0.0
2024-02-28 02:00:00+00:00,0.0,0.9166666666666666,0.0,0.0,0.0,0.0,0.0,0.0,0.0,0.0,0.0,0.0
2024-02-28 03:00:00+00:00,0.0,0.9166666666666666,0.0,0.0,0.0,0.0,0.0,0.0,0.0,0.0,0.0,0.0
2024-02-28 04:00:00+00:00,0.0,0.9166666666666666,0.0,0.0,0.0,0.0,0.0,0.0,0.0,0.0,0.0,0.0
2024-02-28 05:00:00+00:00,0.0,0.9166666666666666,0.0,0.0,0.0,0.0,0.0,0.0,0.0,0.0,0.0,0.0
2024-02-28 06:00:00+00:00,0.0,0.9166666666666666,0.0,0.0,0.0,0.0,0.0,0.0,0.0,0.0,0.0,0.0
2024-02-28 07:00:00+00:00,0.0,0.9166666666666666,0.0,0.0,0.0,0.0,0.0,0.0,0.0,0.0,0.0,0.0
2024-02-28 08:00:00+00:00,0.0,0.9166666666666666,0.0,0.0,0.0,0.0,0.0,0.0,0.0,0.0,6.0,0.25
2024-02-28 09:00:00+00:00,0.0,0.9166666666666666,0.0,0.0,0.0,0.0,0.0,0.0,0.0,0.0,0.0,0.25
2024-02-28 10:00:00+00:00,0.0,0.9166666666666666,0.0,0.0,0.0,0.0,0.0,0.0,0.0,0.0,0.0,0.25
2024-02-28 11:00:00+00:00,0.0,0.9166666666666666,0.0,0.0,0.0,0.0,0.0,0.0,0.0,0.0,0.0,0.25
2024-02-28 12:00:00+00:00,0.0,0.9166666666666666,0.0,0.0,0.0,0.0,0.0,0.0,0.0,0.0,0.0,0.25
2024-02-28 13:00:00+00:00,0.0,0.9166666666666666,0.0,0.0,0.0,0.0,0.0,0.0,0.0,0.0,0.0,0.25
2024-02-28 14:00:00+00:00,0.0,0.9166666666666666,0.0,0.0,0.0,0.0,0.0,0.0,0.0,0.0,0.0,0.25
2024-02-28 15:00:00+00:00,0.0,0.9166666666666666,0.0,0.0,0.0,0.0,0.0,0.0,0.0,0.0,0.0,0.25
2024-02-28 16:00:00+00:00,0.0,0.9166666666666666,0.0,0.0,0.0,0.0,0.0,0.0,0.0,0.0,0.0,0.25
2024-02-28 17:00:00+00:00,0.0,0.9166666666666666,0.0,0.0,0.0,0.0,0.0,0.0,0.0,0.0,0.0,0.25
2024-02-28 18:00:00+00:00,0.0,0.9166666666666666,0.0,0.0,0.0,0.0,0.0,0.0,0.0,0.0,0.0,0.25
2024-02-28 19:00:00+00:00,0.0,0.9166666666666666,0.0,0.0,0.0,0.0,0.0,0.0,0.0,0.0,0.0,0.25
2024-02-28 20:00:00+00:00,0.0,0.9166666666666666,0.0,0.0,0.0,0.0,0.0,0.0,0.0,0.0,0.0,0.25
2024-02-28 21:00:00+00:00,0.0,0.9166666666666666,0.0,0.0,0.0,0.0,0.0,0.0,0.0,0.0,0.0,0.25
2024-02-28 22:00:00+00:00,0.0,0.9166666666666666,0.0,0.0,0.0,0.0,0.0,0.0,0.0,0.0,0.0,0.25
2024-02-28 23:00:00+00:00,3.0,0.9166666666666666,0.0,0.0,0.0,0.0,0.0,0.0,0.0,0.0,0.0,0.25
2024-02-29 00:00:00+00:00,0.0,0.375,0.0,0.0,0.0,0.0,0.0,0.0,0.0,0.0,0.0,0.25
2024-02-29 01:00:00+00:00,0.0,0.125,0.0,0.0,0.0,0.0,0.0,0.0,0.0,0.0,0.0,0.25
2024-02-29 02:00:00+00:00,1.0,0.16666666666666666,0.0,0.0,0.0,0.0,0.0,0.0,0.0,0.0,0.0,0.25
2024-02-29 03:00:00+00:00,11.0,0.625,0.0,0.0,0.0,0.0,0.0,0.0,0.0,0.0,0.0,0.25
2024-02-29 04:00:00+00:00,2.0,0.7083333333333334,0.0,0.0,0.0,0.0,0.0,0.0,0.0,0.0,0.0,0.25
2024-02-29 05:00:00+00:00,11.0,1.1666666666666667,0.0,0.0,0.0,0.0,0.0,0.0,0.0,0.0,0.0,0.25
2024-02-29 06:00:00+00:00,0.0,1.1666666666666667,0.0,0.0,0.0,0.0,0.0,0.0,0.0,0.0,0.0,0.25
2024-02-29 07:00:00+00:00,0.0,1.1666666666666667,0.0,0.0,0.0,0.0,0.0,0.0,0.0,0.0,0.0,0.25
2024-02-29 08:00:00+00:00,0.0,1.1666666666666667,0.0,0.0,0.0,0.0,0.0,0.0,0.0,0.0,0.0,0.0
2024-02-29 09:00:00+00:00,0.0,1.1666666666666667,0.0,0.0,0.0,0.0,0.0,0.0,0.0,0.0,0.0,0.0
2024-02-29 10:00:00+00:00,0.0,1.1666666666666667,0.0,0.0,0.0,0.0,0.0,0.0,0.0,0.0,0.0,0.0
2024-02-29 11:00:00+00:00,0.0,1.1666666666666667,0.0,0.0,0.0,0.0,0.0,0.0,0.0,0.0,0.0,0.0
2024-02-29 12:00:00+00:00,0.0,1.1666666666666667,0.0,0.0,0.0,0.0,0.0,0.0,0.0,0.0,0.0,0.0
2024-02-29 13:00:00+00:00,0.0,1.1666666666666667,0.0,0.0,0.0,0.0,0.0,0.0,0.0,0.0,0.0,0.0
2024-02-29 14:00:00+00:00,0.0,1.1666666666666667,0.0,0.0,0.0,0.0,0.0,0.0,0.0,0.0,0.0,0.0
2024-02-29 15:00:00+00:00,0.0,1.1666666666666667,0.0,0.0,0.0,0.0,0.0,0.0,0.0,0.0,0.0,0.0
2024-02-29 16:00:00+00:00,0.0,1.1666666666666667,0.0,0.0,0.0,0.0,0.0,0.0,0.0,0.0,0.0,0.0
2024-02-29 17:00:00+00:00,0.0,1.1666666666666667,0.0,0.0,0.0,0.0,0.0,0.0,0.0,0.0,0.0,0.0
2024-02-29 18:00:00+00:00,0.0,1.1666666666666667,0.0,0.0,0.0,0.0,0.0,0.0,0.0,0.0,0.0,0.0
2024-02-29 19:00:00+00:00,0.0,1.1666666666666667,20.0,0.8333333333333334,0.0,0.0,0.0,0.0,0.0,0.0,0.0,0.0
2024-02-29 20:00:00+00:00,0.0,1.1666666666666667,15.0,1.4583333333333333,0.0,0.0,0.0,0.0,0.0,0.0,0.0,0.0
2024-02-29 21:00:00+00:00,0.0,1.1666666666666667,0.0,1.4583333333333333,0.0,0.0,0.0,0.0,0.0,0.0,0.0,0.0
2024-02-29 22:00:00+00:00,0.0,1.1666666666666667,33.0,2.8333333333333335,0.0,0.0,0.0,0.0,0.0,0.0,0.0,0.0
2024-02-29 23:00:00+00:00,3.0,1.1666666666666667,0.0,2.8333333333333335,0.0,0.0,0.0,0.0,0.0,0.0,0.0,0.0
2024-03-01 00:00:00+00:00,0.0,1.1666666666666667,0.0,2.8333333333333335,0.0,0.0,0.0,0.0,0.0,0.0,0.0,0.0
2024-03-01 01:00:00+00:00,0.0,1.1666666666666667,0.0,2.8333333333333335,0.0,0.0,0.0,0.0,0.0,0.0,0.0,0.0
2024-03-01 02:00:00+00:00,0.0,1.125,0.0,2.8333333333333335,0.0,0.0,0.0,0.0,0.0,0.0,0.0,0.0
2024-03-01 03:00:00+00:00,0.0,0.6666666666666666,0.0,2.8333333333333335,0.0,0.0,0.0,0.0,0.0,0.0,0.0,0.0
2024-03-01 04:00:00+00:00,2.0,0.6666666666666666,0.0,2.8333333333333335,0.0,0.0,0.0,0.0,0.0,0.0,0.0,0.0
2024-03-01 05:00:00+00:00,4.0,0.375,0.0,2.8333333333333335,0.0,0.0,0.0,0.0,0.0,0.0,0.0,0.0
2024-03-01 06:00:00+00:00,0.0,0.375,0.0,2.8333333333333335,0.0,0.0,0.0,0.0,0.0,0.0,0.0,0.0
2024-03-01 07:00:00+00:00,0.0,0.375,0.0,2.8333333333333335,0.0,0.0,0.0,0.0,0.0,0.0,0.0,0.0
2024-03-01 08:00:00+00:00,0.0,0.375,0.0,2.8333333333333335,0.0,0.0,0.0,0.0,0.0,0.0,0.0,0.0
2024-03-01 09:00:00+00:00,0.0,0.375,0.0,2.8333333333333335,0.0,0.0,0.0,0.0,0.0,0.0,0.0,0.0
2024-03-01 10:00:00+00:00,0.0,0.375,0.0,2.8333333333333335,0.0,0.0,0.0,0.0,0.0,0.0,0.0,0.0
2024-03-01 11:00:00+00:00,0.0,0.375,0.0,2.8333333333333335,0.0,0.0,0.0,0.0,0.0,0.0,0.0,0.0
2024-03-01 12:00:00+00:00,0.0,0.375,0.0,2.8333333333333335,0.0,0.0,0.0,0.0,0.0,0.0,0.0,0.0
2024-03-01 13:00:00+00:00,0.0,0.375,0.0,2.8333333333333335,0.0,0.0,0.0,0.0,0.0,0.0,0.0,0.0
2024-03-01 14:00:00+00:00,1.0,0.4166666666666667,0.0,2.8333333333333335,0.0,0.0,0.0,0.0,0.0,0.0,0.0,0.0
2024-03-01 15:00:00+00:00,0.0,0.4166666666666667,0.0,2.8333333333333335,0.0,0.0,0.0,0.0,0.0,0.0,0.0,0.0
2024-03-01 16:00:00+00:00,28.0,1.5833333333333333,28.0,4.0,0.0,0.0,0.0,0.0,0.0,0.0,0.0,0.0
2024-03-01 17:00:00+00:00,1.0,1.625,1.0,4.041666666666667,0.0,0.0,0.0,0.0,0.0,0.0,0.0,0.0
2024-03-01 18:00:00+00:00,1.0,1.6666666666666667,1.0,4.083333333333333,0.0,0.0,0.0,0.0,0.0,0.0,0.0,0.0
2024-03-01 19:00:00+00:00,36.0,3.1666666666666665,36.0,4.75,0.0,0.0,0.0,0.0,0.0,0.0,0.0,0.0
2024-03-01 20:00:00+00:00,4.0,3.3333333333333335,4.0,4.291666666666667,0.0,0.0,0.0,0.0,0.0,0.0,0.0,0.0
2024-03-01 21:00:00+00:00,0.0,3.3333333333333335,0.0,4.291666666666667,0.0,0.0,0.0,0.0,0.0,0.0,0.0,0.0
2024-03-01 22:00:00+00:00,0.0,3.3333333333333335,0.0,2.9166666666666665,0.0,0.0,0.0,0.0,0.0,0.0,0.0,0.0
2024-03-01 23:00:00+00:00,0.0,3.2083333333333335,0.0,2.9166666666666665,0.0,0.0,0.0,0.0,0.0,0.0,0.0,0.0
2024-03-02 00:00:00+00:00,5.0,3.4166666666666665,0.0,2.9166666666666665,0.0,0.0,0.0,0.0,0.0,0.0,0.0,0.0
2024-03-02 01:00:00+00:00,1.0,3.4583333333333335,0.0,2.9166666666666665,0.0,0.0,0.0,0.0,0.0,0.0,0.0,0.0
2024-03-02 02:00:00+00:00,0.0,3.4583333333333335,0.0,2.9166666666666665,0.0,0.0,0.0,0.0,0.0,0.0,0.0,0.0
2024-03-02 03:00:00+00:00,0.0,3.4583333333333335,0.0,2.9166666666666665,0.0,0.0,0.0,0.0,0.0,0.0,0.0,0.0
2024-03-02 04:00:00+00:00,9.0,3.75,0.0,2.9166666666666665,0.0,0.0,0.0,0.0,0.0,0.0,0.0,0.0
2024-03-02 05:00:00+00:00,12.0,4.083333333333333,0.0,2.9166666666666665,0.0,0.0,0.0,0.0,0.0,0.0,0.0,0.0
2024-03-02 06:00:00+00:00,0.0,4.083333333333333,0.0,2.9166666666666665,0.0,0.0,0.0,0.0,0.0,0.0,0.0,0.0
2024-03-02 07:00:00+00:00,0.0,4.083333333333333,0.0,2.9166666666666665,0.0,0.0,0.0,0.0,0.0,0.0,0.0,0.0
2024-03-02 08:00:00+00:00,11.0,4.541666666666667,0.0,2.9166666666666665,0.0,0.0,0.0,0.0,0.0,0.0,0.0,0.0
2024-03-02 09:00:00+00:00,14.0,5.125,0.0,2.9166666666666665,0.0,0.0,0.0,0.0,0.0,0.0,0.0,0.0
2024-03-02 10:00:00+00:00,2.0,5.208333333333333,0.0,2.9166666666666665,0.0,0.0,0.0,0.0,0.0,0.0,0.0,0.0
2024-03-02 11:00:00+00:00,10.0,5.625,0.0,2.9166666666666665,0.0,0.0,0.0,0.0,0.0,0.0,0.0,0.0
2024-03-02 12:00:00+00:00,0.0,5.625,0.0,2.9166666666666665,0.0,0.0,0.0,0.0,0.0,0.0,0.0,0.0
2024-03-02 13:00:00+00:00,0.0,5.625,0.0,2.9166666666666665,0.0,0.0,0.0,0.0,0.0,0.0,0.0,0.0
2024-03-02 14:00:00+00:00,2.0,5.666666666666667,0.0,2.9166666666666665,0.0,0.0,0.0,0.0,0.0,0.0,0.0,0.0
2024-03-02 15:00:00+00:00,0.0,5.666666666666667,0.0,2.9166666666666665,0.0,0.0,0.0,0.0,0.0,0.0,0.0,0.0
2024-03-02 16:00:00+00:00,0.0,4.5,0.0,1.75,0.0,0.0,0.0,0.0,0.0,0.0,0.0,0.0
2024-03-02 17:00:00+00:00,0.0,4.458333333333333,0.0,1.7083333333333333,0.0,0.0,0.0,0.0,0.0,0.0,0.0,0.0
2024-03-02 18:00:00+00:00,3.0,4.541666666666667,0.0,1.6666666666666667,0.0,0.0,0.0,0.0,0.0,0.0,0.0,0.0
2024-03-02 19:00:00+00:00,3.0,3.1666666666666665,0.0,0.16666666666666666,0.0,0.0,0.0,0.0,0.0,0.0,0.0,0.0
2024-03-02 20:00:00+00:00,0.0,3.0,0.0,0.0,0.0,0.0,0.0,0.0,0.0,0.0,0.0,0.0
2024-03-02 21:00:00+00:00,3.0,3.125,0.0,0.0,0.0,0.0,0.0,0.0,0.0,0.0,0.0,0.0
2024-03-02 22:00:00+00:00,1.0,3.1666666666666665,0.0,0.0,0.0,0.0,0.0,0.0,0.0,0.0,0.0,0.0
2024-03-02 23:00:00+00:00,22.0,4.083333333333333,0.0,0.0,0.0,0.0,0.0,0.0,0.0,0.0,0.0,0.0
2024-03-03 00:00:00+00:00,1.0,3.9166666666666665,0.0,0.0,0.0,0.0,0.0,0.0,0.0,0.0,0.0,0.0
2024-03-03 01:00:00+00:00,16.0,4.541666666666667,0.0,0.0,0.0,0.0,0.0,0.0,0.0,0.0,0.0,0.0
2024-03-03 02:00:00+00:00,8.0,4.875,0.0,0.0,0.0,0.0,0.0,0.0,0.0,0.0,0.0,0.0
2024-03-03 03:00:00+00:00,1.0,4.916666666666667,0.0,0.0,0.0,0.0,0.0,0.0,0.0,0.0,0.0,0.0
2024-03-03 04:00:00+00:00,0.0,4.541666666666667,0.0,0.0,0.0,0.0,0.0,0.0,0.0,0.0,0.0,0.0
2024-03-03 05:00:00+00:00,6.0,4.291666666666667,0.0,0.0,0.0,0.0,0.0,0.0,0.0,0.0,0.0,0.0
2024-03-03 06:00:00+00:00,4.0,4.458333333333333,0.0,0.0,0.0,0.0,0.0,0.0,0.0,0.0,0.0,0.0
2024-03-03 07:00:00+00:00,8.0,4.791666666666667,0.0,0.0,0.0,0.0,0.0,0.0,0.0,0.0,0.0,0.0
2024-03-03 08:00:00+00:00,3.0,4.458333333333333,0.0,0.0,0.0,0.0,0.0,0.0,0.0,0.0,0.0,0.0
2024-03-03 09:00:00+00:00,0.0,3.875,0.0,0.0,0.0,0.0,0.0,0.0,0.0,0.0,0.0,0.0
2024-03-03 10:00:00+00:00,0.0,3.7916666666666665,0.0,0.0,0.0,0.0,0.0,0.0,0.0,0.0,0.0,0.0
2024-03-03 11:00:00+00:00,6.0,3.625,0.0,0.0,0.0,0.0,0.0,0.0,0.0,0.0,0.0,0.0
2024-03-03 12:00:00+00:00,0.0,3.625,0.0,0.0,0.0,0.0,0.0,0.0,0.0,0.0,0.0,0.0
2024-03-03 13:00:00+00:00,0.0,3.625,0.0,0.0,0.0,0.0,0.0,0.0,0.0,0.0,0.0,0.0
2024-03-03 14:00:00+00:00,0.0,3.5416666666666665,0.0,0.0,0.0,0.0,0.0,0.0,0.0,0.0,0.0,0.0
2024-03-03 15:00:00+00:00,0.0,3.5416666666666665,0.0,0.0,0.0,0.0,0.0,0.0,0.0,0.0,0.0,0.0
2024-03-03 16:00:00+00:00,0.0,3.5416666666666665,0.0,0.0,0.0,0.0,0.0,0.0,0.0,0.0,0.0,0.0
2024-03-03 17:00:00+00:00,0.0,3.5416666666666665,0.0,0.0,0.0,0.0,0.0,0.0,0.0,0.0,0.0,0.0
2024-03-03 18:00:00+00:00,0.0,3.4166666666666665,0.0,0.0,0.0,0.0,0.0,0.0,0.0,0.0,0.0,0.0
2024-03-03 19:00:00+00:00,0.0,3.2916666666666665,0.0,0.0,0.0,0.0,0.0,0.0,0.0,0.0,0.0,0.0
2024-03-03 20:00:00+00:00,6.0,3.5416666666666665,0.0,0.0,0.0,0.0,0.0,0.0,0.0,0.0,0.0,0.0
2024-03-03 21:00:00+00:00,3.0,3.5416666666666665,0.0,0.0,0.0,0.0,0.0,0.0,0.0,0.0,0.0,0.0
2024-03-03 22:00:00+00:00,2.0,3.5833333333333335,0.0,0.0,0.0,0.0,0.0,0.0,0.0,0.0,0.0,0.0
2024-03-03 23:00:00+00:00,5.0,2.875,0.0,0.0,0.0,0.0,0.0,0.0,0.0,0.0,0.0,0.0
2024-03-04 00:00:00+00:00,16.0,3.5,0.0,0.0,0.0,0.0,0.0,0.0,0.0,0.0,0.0,0.0
2024-03-04 01:00:00+00:00,1.0,2.875,0.0,0.0,0.0,0.0,0.0,0.0,0.0,0.0,0.0,0.0
2024-03-04 02:00:00+00:00,0.0,2.5416666666666665,0.0,0.0,0.0,0.0,0.0,0.0,0.0,0.0,0.0,0.0
2024-03-04 03:00:00+00:00,0.0,2.5,0.0,0.0,0.0,0.0,0.0,0.0,0.0,0.0,0.0,0.0
2024-03-04 04:00:00+00:00,0.0,2.5,0.0,0.0,0.0,0.0,0.0,0.0,0.0,0.0,0.0,0.0
2024-03-04 05:00:00+00:00,0.0,2.25,0.0,0.0,0.0,0.0,0.0,0.0,0.0,0.0,0.0,0.0
2024-03-04 06:00:00+00:00,0.0,2.0833333333333335,0.0,0.0,0.0,0.0,0.0,0.0,0.0,0.0,0.0,0.0
2024-03-04 07:00:00+00:00,0.0,1.75,0.0,0.0,0.0,0.0,0.0,0.0,0.0,0.0,0.0,0.0
2024-03-04 08:00:00+00:00,0.0,1.625,0.0,0.0,0.0,0.0,0.0,0.0,0.0,0.0,0.0,0.0
2024-03-04 09:00:00+00:00,0.0,1.625,0.0,0.0,0.0,0.0,0.0,0.0,0.0,0.0,0.0,0.0
2024-03-04 10:00:00+00:00,1.0,1.6666666666666667,0.0,0.0,0.0,0.0,0.0,0.0,0.0,0.0,0.0,0.0
2024-03-04 11:00:00+00:00,1.0,1.4583333333333333,0.0,0.0,0.0,0.0,0.0,0.0,0.0,0.0,0.0,0.0
2024-03-04 12:00:00+00:00,6.0,1.7083333333333333,0.0,0.0,0.0,0.0,0.0,0.0,0.0,0.0,0.0,0.0
2024-03-04 13:00:00+00:00,0.0,1.7083333333333333,0.0,0.0,0.0,0.0,0.0,0.0,0.0,0.0,0.0,0.0
2024-03-04 14:00:00+00:00,0.0,1.7083333333333333,0.0,0.0,0.0,0.0,0.0,0.0,0.0,0.0,0.0,0.0
2024-03-04 15:00:00+00:00,3.0,1.8333333333333333,0.0,0.0,0.0,0.0,0.0,0.0,0.0,0.0,0.0,0.0
2024-03-04 16:00:00+00:00,3.0,1.9583333333333333,0.0,0.0,0.0,0.0,0.0,0.0,0.0,0.0,0.0,0.0
2024-03-04 17:00:00+00:00,0.0,1.9583333333333333,0.0,0.0,0.0,0.0,0.0,0.0,0.0,0.0,0.0,0.0
2024-03-04 18:00:00+00:00,8.0,2.2916666666666665,0.0,0.0,0.0,0.0,0.0,0.0,0.0,0.0,0.0,0.0
2024-03-04 19:00:00+00:00,0.0,2.2916666666666665,0.0,0.0,0.0,0.0,0.0,0.0,0.0,0.0,0.0,0.0
2024-03-04 20:00:00+00:00,0.0,2.0416666666666665,0.0,0.0,0.0,0.0,0.0,0.0,0.0,0.0,0.0,0.0
2024-03-04 21:00:00+00:00,0.0,1.9166666666666667,0.0,0.0,0.0,0.0,0.0,0.0,0.0,0.0,0.0,0.0
2024-03-04 22:00:00+00:00,11.0,2.2916666666666665,0.0,0.0,0.0,0.0,0.0,0.0,0.0,0.0,0.0,0.0
2024-03-04 23:00:00+00:00,8.0,2.4166666666666665,0.0,0.0,0.0,0.0,0.0,0.0,0.0,0.0,0.0,0.0
2024-03-05 00:00:00+00:00,3.0,1.875,0.0,0.0,0.0,0.0,0.0,0.0,0.0,0.0,0.0,0.0
2024-03-05 01:00:00+00:00,8.0,2.1666666666666665,0.0,0.0,0.0,0.0,0.0,0.0,0.0,0.0,0.0,0.0
2024-03-05 02:00:00+00:00,3.0,2.2916666666666665,0.0,0.0,0.0,0.0,0.0,0.0,0.0,0.0,0.0,0.0
2024-03-05 03:00:00+00:00,3.0,2.4166666666666665,0.0,0.0,0.0,0.0,0.0,0.0,0.0,0.0,0.0,0.0
2024-03-05 04:00:00+00:00,3.0,2.5416666666666665,0.0,0.0,0.0,0.0,0.0,0.0,0.0,0.0,0.0,0.0
2024-03-05 05:00:00+00:00,1.0,2.5833333333333335,0.0,0.0,0.0,0.0,0.0,0.0,0.0,0.0,0.0,0.0
2024-03-05 06:00:00+00:00,0.0,2.5833333333333335,0.0,0.0,0.0,0.0,0.0,0.0,0.0,0.0,0.0,0.0
2024-03-05 07:00:00+00:00,0.0,2.5833333333333335,0.0,0.0,0.0,0.0,0.0,0.0,0.0,0.0,0.0,0.0
2024-03-05 08:00:00+00:00,0.0,2.5833333333333335,0.0,0.0,0.0,0.0,0.0,0.0,0.0,0.0,0.0,0.0
2024-03-05 09:00:00+00:00,0.0,2.5833333333333335,0.0,0.0,0.0,0.0,0.0,0.0,0.0,0.0,0.0,0.0
2024-03-05 10:00:00+00:00,0.0,2.5416666666666665,0.0,0.0,0.0,0.0,0.0,0.0,0.0,0.0,0.0,0.0
2024-03-05 11:00:00+00:00,0.0,2.5,0.0,0.0,0.0,0.0,0.0,0.0,0.0,0.0,0.0,0.0
2024-03-05 12:00:00+00:00,0.0,2.25,0.0,0.0,0.0,0.0,0.0,0.0,0.0,0.0,0.0,0.0
2024-03-05 13:00:00+00:00,0.0,2.25,0.0,0.0,0.0,0.0,0.0,0.0,0.0,0.0,0.0,0.0
2024-03-05 14:00:00+00:00,0.0,2.25,0.0,0.0,0.0,0.0,0.0,0.0,0.0,0.0,0.0,0.0
2024-03-05 15:00:00+00:00,0.0,2.125,0.0,0.0,0.0,0.0,0.0,0.0,0.0,0.0,0.0,0.0
2024-03-05 16:00:00+00:00,0.0,2.0,0.0,0.0,0.0,0.0,0.0,0.0,0.0,0.0,0.0,0.0
2024-03-05 17:00:00+00:00,3.0,2.125,0.0,0.0,0.0,0.0,0.0,0.0,0.0,0.0,0.0,0.0
2024-03-05 18:00:00+00:00,0.0,1.7916666666666667,0.0,0.0,0.0,0.0,0.0,0.0,0.0,0.0,0.0,0.0
2024-03-05 19:00:00+00:00,0.0,1.7916666666666667,0.0,0.0,0.0,0.0,0.0,0.0,0.0,0.0,0.0,0.0
2024-03-05 20:00:00+00:00,3.0,1.9166666666666667,0.0,0.0,0.0,0.0,0.0,0.0,0.0,0.0,0.0,0.0
2024-03-05 21:00:00+00:00,3.0,2.0416666666666665,0.0,0.0,0.0,0.0,0.0,0.0,0.0,0.0,0.0,0.0
2024-03-05 22:00:00+00:00,21.0,2.4583333333333335,18.0,0.75,0.0,0.0,0.0,0.0,0.0,0.0,0.0,0.0
2024-03-05 23:00:00+00:00,12.0,2.625,7.0,1.0416666666666667,0.0,0.0,0.0,0.0,0.0,0.0,0.0,0.0
2024-03-06 00:00:00+00:00,0.0,2.5,0.0,1.0416666666666667,0.0,0.0,0.0,0.0,0.0,0.0,0.0,0.0
2024-03-06 01:00:00+00:00,0.0,2.1666666666666665,0.0,1.0416666666666667,0.0,0.0,0.0,0.0,0.0,0.0,0.0,0.0
2024-03-06 02:00:00+00:00,0.0,2.0416666666666665,0.0,1.0416666666666667,0.0,0.0,0.0,0.0,0.0,0.0,0.0,0.0
2024-03-06 03:00:00+00:00,0.0,1.9166666666666667,0.0,1.0416666666666667,0.0,0.0,0.0,0.0,0.0,0.0,0.0,0.0
2024-03-06 04:00:00+00:00,0.0,1.7916666666666667,0.0,1.0416666666666667,0.0,0.0,0.0,0.0,0.0,0.0,0.0,0.0
2024-03-06 05:00:00+00:00,0.0,1.75,0.0,1.0416666666666667,0.0,0.0,0.0,0.0,0.0,0.0,0.0,0.0
2024-03-06 06:00:00+00:00,0.0,1.75,0.0,1.0416666666666667,0.0,0.0,0.0,0.0,0.0,0.0,0.0,0.0
2024-03-06 07:00:00+00:00,0.0,1.75,0.0,1.0416666666666667,0.0,0.0,0.0,0.0,0.0,0.0,0.0,0.0
2024-03-06 08:00:00+00:00,0.0,1.75,0.0,1.0416666666666667,0.0,0.0,0.0,0.0,0.0,0.0,0.0,0.0
2024-03-06 09:00:00+00:00,0.0,1.75,0.0,1.0416666666666667,0.0,0.0,0.0,0.0,0.0,0.0,0.0,0.0
2024-03-06 10:00:00+00:00,0.0,1.75,0.0,1.0416666666666667,0.0,0.0,0.0,0.0,0.0,0.0,0.0,0.0
2024-03-06 11:00:00+00:00,0.0,1.75,0.0,1.0416666666666667,0.0,0.0,0.0,0.0,0.0,0.0,0.0,0.0
2024-03-06 12:00:00+00:00,0.0,1.75,0.0,1.0416666666666667,0.0,0.0,0.0,0.0,0.0,0.0,0.0,0.0
2024-03-06 13:00:00+00:00,3.0,1.875,0.0,1.0416666666666667,0.0,0.0,0.0,0.0,0.0,0.0,0.0,0.0
2024-03-06 14:00:00+00:00,0.0,1.875,0.0,1.0416666666666667,0.0,0.0,0.0,0.0,0.0,0.0,0.0,0.0
2024-03-06 15:00:00+00:00,0.0,1.875,0.0,1.0416666666666667,0.0,0.0,0.0,0.0,0.0,0.0,0.0,0.0
2024-03-06 16:00:00+00:00,0.0,1.875,0.0,1.0416666666666667,0.0,0.0,0.0,0.0,0.0,0.0,0.0,0.0
2024-03-06 17:00:00+00:00,27.0,2.875,27.0,2.1666666666666665,0.0,0.0,0.0,0.0,0.0,0.0,0.0,0.0
2024-03-06 18:00:00+00:00,24.0,3.875,24.0,3.1666666666666665,0.0,0.0,0.0,0.0,0.0,0.0,0.0,0.0
2024-03-06 19:00:00+00:00,3.0,4.0,3.0,3.2916666666666665,0.0,0.0,0.0,0.0,0.0,0.0,0.0,0.0
2024-03-06 20:00:00+00:00,29.0,5.083333333333333,29.0,4.5,0.0,0.0,0.0,0.0,0.0,0.0,0.0,0.0
2024-03-06 21:00:00+00:00,0.0,4.958333333333333,0.0,4.5,0.0,0.0,0.0,0.0,0.0,0.0,0.0,0.0
2024-03-06 22:00:00+00:00,0.0,4.083333333333333,0.0,3.75,0.0,0.0,0.0,0.0,0.0,0.0,0.0,0.0
2024-03-06 23:00:00+00:00,0.0,3.5833333333333335,0.0,3.4583333333333335,0.0,0.0,0.0,0.0,0.0,0.0,0.0,0.0
2024-03-07 00:00:00+00:00,0.0,3.5833333333333335,0.0,3.4583333333333335,0.0,0.0,0.0,0.0,0.0,0.0,0.0,0.0
2024-03-07 01:00:00+00:00,0.0,3.5833333333333335,0.0,3.4583333333333335,0.0,0.0,0.0,0.0,0.0,0.0,0.0,0.0
2024-03-07 02:00:00+00:00,0.0,3.5833333333333335,0.0,3.4583333333333335,0.0,0.0,0.0,0.0,0.0,0.0,0.0,0.0
2024-03-07 03:00:00+00:00,0.0,3.5833333333333335,0.0,3.4583333333333335,0.0,0.0,0.0,0.0,0.0,0.0,0.0,0.0
2024-03-07 04:00:00+00:00,29.0,4.791666666666667,29.0,4.666666666666667,0.0,0.0,0.0,0.0,0.0,0.0,0.0,0.0
2024-03-07 05:00:00+00:00,5.0,5.0,3.0,4.791666666666667,0.0,0.0,0.0,0.0,0.0,0.0,0.0,0.0
2024-03-07 06:00:00+00:00,13.0,5.541666666666667,0.0,4.791666666666667,0.0,0.0,0.0,0.0,0.0,0.0,0.0,0.0
2024-03-07 07:00:00+00:00,0.0,5.541666666666667,0.0,4.791666666666667,0.0,0.0,0.0,0.0,0.0,0.0,0.0,0.0
2024-03-07 08:00:00+00:00,0.0,5.541666666666667,0.0,4.791666666666667,0.0,0.0,0.0,0.0,0.0,0.0,0.0,0.0
2024-03-07 09:00:00+00:00,13.0,6.083333333333333,0.0,4.791666666666667,0.0,0.0,0.0,0.0,0.0,0.0,0.0,0.0
2024-03-07 10:00:00+00:00,9.0,6.458333333333333,0.0,4.791666666666667,0.0,0.0,0.0,0.0,0.0,0.0,0.0,0.0
2024-03-07 11:00:00+00:00,0.0,6.458333333333333,0.0,4.791666666666667,0.0,0.0,0.0,0.0,0.0,0.0,0.0,0.0
2024-03-07 12:00:00+00:00,0.0,6.458333333333333,0.0,4.791666666666667,0.0,0.0,0.0,0.0,0.0,0.0,0.0,0.0
2024-03-07 13:00:00+00:00,0.0,6.333333333333333,0.0,4.791666666666667,0.0,0.0,0.0,0.0,0.0,0.0,0.0,0.0
2024-03-07 14:00:00+00:00,0.0,6.333333333333333,0.0,4.791666666666667,0.0,0.0,0.0,0.0,0.0,0.0,0.0,0.0
2024-03-07 15:00:00+00:00,0.0,6.333333333333333,0.0,4.791666666666667,0.0,0.0,0.0,0.0,0.0,0.0,0.0,0.0
2024-03-07 16:00:00+00:00,0.0,6.333333333333333,0.0,4.791666666666667,0.0,0.0,0.0,0.0,0.0,0.0,0.0,0.0
2024-03-07 17:00:00+00:00,0.0,5.208333333333333,0.0,3.6666666666666665,0.0,0.0,0.0,0.0,0.0,0.0,0.0,0.0
2024-03-07 18:00:00+00:00,19.0,5.0,0.0,2.6666666666666665,0.0,0.0,0.0,0.0,0.0,0.0,0.0,0.0
2024-03-07 19:00:00+00:00,2.0,4.958333333333333,0.0,2.5416666666666665,0.0,0.0,0.0,0.0,0.0,0.0,0.0,0.0
2024-03-07 20:00:00+00:00,18.0,4.5,0.0,1.3333333333333333,0.0,0.0,0.0,0.0,0.0,0.0,0.0,0.0
2024-03-07 21:00:00+00:00,8.0,4.833333333333333,0.0,1.3333333333333333,0.0,0.0,0.0,0.0,0.0,0.0,0.0,0.0
2024-03-07 22:00:00+00:00,0.0,4.833333333333333,0.0,1.3333333333333333,0.0,0.0,0.0,0.0,0.0,0.0,0.0,0.0
2024-03-07 23:00:00+00:00,5.0,5.041666666666667,0.0,1.3333333333333333,0.0,0.0,0.0,0.0,0.0,0.0,0.0,0.0
2024-03-08 00:00:00+00:00,0.0,5.041666666666667,0.0,1.3333333333333333,0.0,0.0,0.0,0.0,0.0,0.0,0.0,0.0
2024-03-08 01:00:00+00:00,7.0,5.333333333333333,0.0,1.3333333333333333,0.0,0.0,0.0,0.0,0.0,0.0,0.0,0.0
2024-03-08 02:00:00+00:00,0.0,5.333333333333333,0.0,1.3333333333333333,0.0,0.0,0.0,0.0,0.0,0.0,0.0,0.0
2024-03-08 03:00:00+00:00,0.0,5.333333333333333,0.0,1.3333333333333333,0.0,0.0,0.0,0.0,0.0,0.0,0.0,0.0
2024-03-08 04:00:00+00:00,0.0,4.125,0.0,0.125,0.0,0.0,0.0,0.0,0.0,0.0,0.0,0.0
2024-03-08 05:00:00+00:00,0.0,3.9166666666666665,0.0,0.0,0.0,0.0,0.0,0.0,0.0,0.0,0.0,0.0
2024-03-08 06:00:00+00:00,0.0,3.375,0.0,0.0,0.0,0.0,0.0,0.0,0.0,0.0,0.0,0.0
2024-03-08 07:00:00+00:00,0.0,3.375,0.0,0.0,0.0,0.0,0.0,0.0,0.0,0.0,0.0,0.0
2024-03-08 08:00:00+00:00,0.0,3.375,0.0,0.0,0.0,0.0,0.0,0.0,0.0,0.0,0.0,0.0
2024-03-08 09:00:00+00:00,0.0,2.8333333333333335,0.0,0.0,0.0,0.0,0.0,0.0,0.0,0.0,0.0,0.0
2024-03-08 10:00:00+00:00,0.0,2.4583333333333335,0.0,0.0,0.0,0.0,0.0,0.0,0.0,0.0,0.0,0.0
2024-03-08 11:00:00+00:00,0.0,2.4583333333333335,0.0,0.0,0.0,0.0,0.0,0.0,0.0,0.0,0.0,0.0
2024-03-08 12:00:00+00:00,0.0,2.4583333333333335,0.0,0.0,0.0,0.0,0.0,0.0,0.0,0.0,0.0,0.0
2024-03-08 13:00:00+00:00,0.0,2.4583333333333335,0.0,0.0,0.0,0.0,0.0,0.0,0.0,0.0,0.0,0.0
2024-03-08 14:00:00+00:00,0.0,2.4583333333333335,0.0,0.0,0.0,0.0,0.0,0.0,0.0,0.0,0.0,0.0
2024-03-08 15:00:00+00:00,0.0,2.4583333333333335,0.0,0.0,0.0,0.0,0.0,0.0,0.0,0.0,0.0,0.0
2024-03-08 16:00:00+00:00,0.0,2.4583333333333335,0.0,0.0,0.0,0.0,0.0,0.0,0.0,0.0,0.0,0.0
2024-03-08 17:00:00+00:00,0.0,2.4583333333333335,0.0,0.0,0.0,0.0,0.0,0.0,0.0,0.0,0.0,0.0
2024-03-08 18:00:00+00:00,10.0,2.0833333333333335,8.0,0.3333333333333333,0.0,0.0,0.0,0.0,0.0,0.0,0.0,0.0
2024-03-08 19:00:00+00:00,23.0,2.9583333333333335,17.0,1.0416666666666667,0.0,0.0,0.0,0.0,0.0,0.0,0.0,0.0
2024-03-08 20:00:00+00:00,14.0,2.7916666666666665,0.0,1.0416666666666667,0.0,0.0,0.0,0.0,0.0,0.0,0.0,0.0
2024-03-08 21:00:00+00:00,4.0,2.625,0.0,1.0416666666666667,0.0,0.0,0.0,0.0,0.0,0.0,0.0,0.0
2024-03-08 22:00:00+00:00,7.0,2.9166666666666665,0.0,1.0416666666666667,0.0,0.0,0.0,0.0,0.0,0.0,0.0,0.0
2024-03-08 23:00:00+00:00,14.0,3.2916666666666665,0.0,1.0416666666666667,0.0,0.0,0.0,0.0,0.0,0.0,0.0,0.0
2024-03-09 00:00:00+00:00,0.0,3.2916666666666665,0.0,1.0416666666666667,0.0,0.0,0.0,0.0,0.0,0.0,0.0,0.0
2024-03-09 01:00:00+00:00,1.0,3.0416666666666665,0.0,1.0416666666666667,0.0,0.0,0.0,0.0,0.0,0.0,0.0,0.0
2024-03-09 02:00:00+00:00,0.0,3.0416666666666665,0.0,1.0416666666666667,0.0,0.0,0.0,0.0,0.0,0.0,0.0,0.0
2024-03-09 03:00:00+00:00,0.0,3.0416666666666665,0.0,1.0416666666666667,0.0,0.0,0.0,0.0,0.0,0.0,0.0,0.0
2024-03-09 04:00:00+00:00,0.0,3.0416666666666665,0.0,1.0416666666666667,0.0,0.0,0.0,0.0,0.0,0.0,0.0,0.0
2024-03-09 05:00:00+00:00,0.0,3.0416666666666665,0.0,1.0416666666666667,0.0,0.0,0.0,0.0,0.0,0.0,0.0,0.0
2024-03-09 06:00:00+00:00,0.0,3.0416666666666665,0.0,1.0416666666666667,0.0,0.0,0.0,0.0,0.0,0.0,0.0,0.0
2024-03-09 07:00:00+00:00,0.0,3.0416666666666665,0.0,1.0416666666666667,0.0,0.0,0.0,0.0,0.0,0.0,0.0,0.0
2024-03-09 08:00:00+00:00,0.0,3.0416666666666665,0.0,1.0416666666666667,0.0,0.0,0.0,0.0,0.0,0.0,0.0,0.0
2024-03-09 09:00:00+00:00,0.0,3.0416666666666665,0.0,1.0416666666666667,0.0,0.0,0.0,0.0,0.0,0.0,0.0,0.0
2024-03-09 10:00:00+00:00,2.0,3.125,0.0,1.0416666666666667,0.0,0.0,0.0,0.0,0.0,0.0,0.0,0.0
2024-03-09 11:00:00+00:00,6.0,3.375,0.0,1.0416666666666667,0.0,0.0,0.0,0.0,0.0,0.0,0.0,0.0
2024-03-09 12:00:00+00:00,0.0,3.375,0.0,1.0416666666666667,0.0,0.0,0.0,0.0,0.0,0.0,0.0,0.0
2024-03-09 13:00:00+00:00,0.0,3.375,0.0,1.0416666666666667,0.0,0.0,0.0,0.0,0.0,0.0,0.0,0.0
2024-03-09 14:00:00+00:00,0.0,3.375,0.0,1.0416666666666667,0.0,0.0,0.0,0.0,0.0,0.0,0.0,0.0
2024-03-09 15:00:00+00:00,1.0,3.4166666666666665,0.0,1.0416666666666667,0.0,0.0,0.0,0.0,0.0,0.0,0.0,0.0
2024-03-09 16:00:00+00:00,0.0,3.4166666666666665,0.0,1.0416666666666667,0.0,0.0,0.0,0.0,0.0,0.0,0.0,0.0
2024-03-09 17:00:00+00:00,4.0,3.5833333333333335,0.0,1.0416666666666667,0.0,0.0,0.0,0.0,0.0,0.0,0.0,0.0
2024-03-09 18:00:00+00:00,6.0,3.4166666666666665,0.0,0.7083333333333334,0.0,0.0,0.0,0.0,0.0,0.0,0.0,0.0
2024-03-09 19:00:00+00:00,6.0,2.7083333333333335,0.0,0.0,0.0,0.0,0.0,0.0,0.0,0.0,0.0,0.0
2024-03-09 20:00:00+00:00,0.0,2.125,0.0,0.0,0.0,0.0,0.0,0.0,0.0,0.0,0.0,0.0
2024-03-09 21:00:00+00:00,23.0,2.9166666666666665,22.0,0.9166666666666666,0.0,0.0,0.0,0.0,0.0,0.0,0.0,0.0
2024-03-09 22:00:00+00:00,5.0,2.8333333333333335,3.0,1.0416666666666667,0.0,0.0,0.0,0.0,0.0,0.0,0.0,0.0
2024-03-09 23:00:00+00:00,0.0,2.25,0.0,1.0416666666666667,0.0,0.0,0.0,0.0,0.0,0.0,0.0,0.0
2024-03-10 00:00:00+00:00,0.0,2.25,0.0,1.0416666666666667,0.0,0.0,0.0,0.0,0.0,0.0,0.0,0.0
2024-03-10 01:00:00+00:00,0.0,2.2083333333333335,0.0,1.0416666666666667,0.0,0.0,0.0,0.0,0.0,0.0,0.0,0.0
2024-03-10 02:00:00+00:00,0.0,2.2083333333333335,0.0,1.0416666666666667,0.0,0.0,0.0,0.0,0.0,0.0,0.0,0.0
2024-03-10 03:00:00+00:00,0.0,2.2083333333333335,0.0,1.0416666666666667,0.0,0.0,0.0,0.0,0.0,0.0,0.0,0.0
2024-03-10 04:00:00+00:00,0.0,2.2083333333333335,0.0,1.0416666666666667,0.0,0.0,0.0,0.0,0.0,0.0,0.0,0.0
2024-03-10 05:00:00+00:00,11.0,2.6666666666666665,0.0,1.0416666666666667,0.0,0.0,0.0,0.0,0.0,0.0,0.0,0.0
2024-03-10 06:00:00+00:00,6.0,2.9166666666666665,0.0,1.0416666666666667,0.0,0.0,0.0,0.0,0.0,0.0,0.0,0.0
2024-03-10 07:00:00+00:00,2.0,3.0,0.0,1.0416666666666667,0.0,0.0,0.0,0.0,0.0,0.0,0.0,0.0
2024-03-10 08:00:00+00:00,4.0,3.1666666666666665,0.0,1.0416666666666667,0.0,0.0,0.0,0.0,0.0,0.0,0.0,0.0
2024-03-10 09:00:00+00:00,0.0,3.1666666666666665,0.0,1.0416666666666667,0.0,0.0,0.0,0.0,0.0,0.0,0.0,0.0
2024-03-10 10:00:00+00:00,19.0,3.875,0.0,1.0416666666666667,0.0,0.0,0.0,0.0,0.0,0.0,11.0,0.4583333333333333
2024-03-10 11:00:00+00:00,0.0,3.625,0.0,1.0416666666666667,0.0,0.0,0.0,0.0,0.0,0.0,0.0,0.4583333333333333
2024-03-10 12:00:00+00:00,0.0,3.625,0.0,1.0416666666666667,0.0,0.0,0.0,0.0,0.0,0.0,0.0,0.4583333333333333
2024-03-10 13:00:00+00:00,0.0,3.625,0.0,1.0416666666666667,0.0,0.0,0.0,0.0,0.0,0.0,0.0,0.4583333333333333
2024-03-10 14:00:00+00:00,0.0,3.625,0.0,1.0416666666666667,0.0,0.0,0.0,0.0,0.0,0.0,0.0,0.4583333333333333
2024-03-10 15:00:00+00:00,0.0,3.5833333333333335,0.0,1.0416666666666667,0.0,0.0,0.0,0.0,0.0,0.0,0.0,0.4583333333333333
2024-03-10 16:00:00+00:00,16.0,4.25,16.0,1.7083333333333333,0.0,0.0,0.0,0.0,0.0,0.0,0.0,0.4583333333333333
2024-03-10 17:00:00+00:00,9.0,4.458333333333333,9.0,2.0833333333333335,0.0,0.0,0.0,0.0,0.0,0.0,0.0,0.4583333333333333
2024-03-10 18:00:00+00:00,21.0,5.083333333333333,0.0,2.0833333333333335,0.0,0.0,0.0,0.0,0.0,0.0,0.0,0.4583333333333333
2024-03-10 19:00:00+00:00,2.0,4.916666666666667,0.0,2.0833333333333335,0.0,0.0,0.0,0.0,0.0,0.0,0.0,0.4583333333333333
2024-03-10 20:00:00+00:00,0.0,4.916666666666667,0.0,2.0833333333333335,0.0,0.0,0.0,0.0,0.0,0.0,0.0,0.4583333333333333
2024-03-10 21:00:00+00:00,11.0,4.416666666666667,10.0,1.5833333333333333,0.0,0.0,0.0,0.0,0.0,0.0,0.0,0.4583333333333333
2024-03-10 22:00:00+00:00,43.0,6.0,43.0,3.25,0.0,0.0,0.0,0.0,0.0,0.0,0.0,0.4583333333333333
2024-03-10 23:00:00+00:00,1.0,6.041666666666667,1.0,3.2916666666666665,0.0,0.0,0.0,0.0,0.0,0.0,0.0,0.4583333333333333
2024-03-11 00:00:00+00:00,0.0,6.041666666666667,0.0,3.2916666666666665,0.0,0.0,0.0,0.0,0.0,0.0,0.0,0.4583333333333333
2024-03-11 01:00:00+00:00,3.0,6.166666666666667,0.0,3.2916666666666665,0.0,0.0,0.0,0.0,0.0,0.0,0.0,0.4583333333333333
2024-03-11 02:00:00+00:00,0.0,6.166666666666667,0.0,3.2916666666666665,0.0,0.0,0.0,0.0,0.0,0.0,0.0,0.4583333333333333
2024-03-11 03:00:00+00:00,0.0,6.166666666666667,0.0,3.2916666666666665,0.0,0.0,0.0,0.0,0.0,0.0,0.0,0.4583333333333333
2024-03-11 04:00:00+00:00,0.0,6.166666666666667,0.0,3.2916666666666665,0.0,0.0,0.0,0.0,0.0,0.0,0.0,0.4583333333333333
2024-03-11 05:00:00+00:00,2.0,5.791666666666667,0.0,3.2916666666666665,0.0,0.0,0.0,0.0,0.0,0.0,0.0,0.4583333333333333
2024-03-11 06:00:00+00:00,6.0,5.791666666666667,0.0,3.2916666666666665,0.0,0.0,0.0,0.0,0.0,0.0,0.0,0.4583333333333333
2024-03-11 07:00:00+00:00,0.0,5.708333333333333,0.0,3.2916666666666665,0.0,0.0,0.0,0.0,0.0,0.0,0.0,0.4583333333333333
2024-03-11 08:00:00+00:00,0.0,5.541666666666667,0.0,3.2916666666666665,0.0,0.0,0.0,0.0,0.0,0.0,0.0,0.4583333333333333
2024-03-11 09:00:00+00:00,0.0,5.541666666666667,0.0,3.2916666666666665,0.0,0.0,0.0,0.0,0.0,0.0,0.0,0.4583333333333333
2024-03-11 10:00:00+00:00,0.0,4.75,0.0,3.2916666666666665,0.0,0.0,0.0,0.0,0.0,0.0,0.0,0.0
2024-03-11 11:00:00+00:00,0.0,4.75,0.0,3.2916666666666665,0.0,0.0,0.0,0.0,0.0,0.0,0.0,0.0
2024-03-11 12:00:00+00:00,0.0,4.75,0.0,3.2916666666666665,0.0,0.0,0.0,0.0,0.0,0.0,0.0,0.0
2024-03-11 13:00:00+00:00,0.0,4.75,0.0,3.2916666666666665,0.0,0.0,0.0,0.0,0.0,0.0,0.0,0.0
2024-03-11 14:00:00+00:00,0.0,4.75,0.0,3.2916666666666665,0.0,0.0,0.0,0.0,0.0,0.0,0.0,0.0
2024-03-11 15:00:00+00:00,0.0,4.75,0.0,3.2916666666666665,0.0,0.0,0.0,0.0,0.0,0.0,0.0,0.0
2024-03-11 16:00:00+00:00,28.0,5.25,28.0,3.7916666666666665,0.0,0.0,0.0,0.0,0.0,0.0,0.0,0.0
2024-03-11 17:00:00+00:00,4.0,5.041666666666667,0.0,3.4166666666666665,0.0,0.0,0.0,0.0,0.0,0.0,0.0,0.0
2024-03-11 18:00:00+00:00,4.0,4.333333333333333,0.0,3.4166666666666665,0.0,0.0,0.0,0.0,0.0,0.0,0.0,0.0
2024-03-11 19:00:00+00:00,23.0,5.208333333333333,0.0,3.4166666666666665,0.0,0.0,0.0,0.0,0.0,0.0,0.0,0.0
2024-03-11 20:00:00+00:00,1.0,5.25,0.0,3.4166666666666665,0.0,0.0,0.0,0.0,0.0,0.0,0.0,0.0
2024-03-11 21:00:00+00:00,1.0,4.833333333333333,0.0,3.0,0.0,0.0,0.0,0.0,0.0,0.0,0.0,0.0
2024-03-11 22:00:00+00:00,12.0,3.5416666666666665,0.0,1.2083333333333333,0.0,0.0,0.0,0.0,0.0,0.0,0.0,0.0
2024-03-11 23:00:00+00:00,0.0,3.5,0.0,1.1666666666666667,0.0,0.0,0.0,0.0,0.0,0.0,0.0,0.0
2024-03-12 00:00:00+00:00,0.0,3.5,0.0,1.1666666666666667,0.0,0.0,0.0,0.0,0.0,0.0,0.0,0.0
2024-03-12 01:00:00+00:00,0.0,3.375,0.0,1.1666666666666667,0.0,0.0,0.0,0.0,0.0,0.0,0.0,0.0
2024-03-12 02:00:00+00:00,0.0,3.375,0.0,1.1666666666666667,0.0,0.0,0.0,0.0,0.0,0.0,0.0,0.0
2024-03-12 03:00:00+00:00,0.0,3.375,0.0,1.1666666666666667,0.0,0.0,0.0,0.0,0.0,0.0,0.0,0.0
2024-03-12 04:00:00+00:00,4.0,3.5416666666666665,0.0,1.1666666666666667,4.0,0.16666666666666666,0.0,0.0,0.0,0.0,0.0,0.0
2024-03-12 05:00:00+00:00,1.0,3.5,0.0,1.1666666666666667,1.0,0.20833333333333334,0.0,0.0,0.0,0.0,0.0,0.0
2024-03-12 06:00:00+00:00,0.0,3.25,0.0,1.1666666666666667,0.0,0.20833333333333334,0.0,0.0,0.0,0.0,0.0,0.0
2024-03-12 07:00:00+00:00,0.0,3.25,0.0,1.1666666666666667,0.0,0.20833333333333334,0.0,0.0,0.0,0.0,0.0,0.0
2024-03-12 08:00:00+00:00,0.0,3.25,0.0,1.1666666666666667,0.0,0.20833333333333334,0.0,0.0,0.0,0.0,0.0,0.0
2024-03-12 09:00:00+00:00,0.0,3.25,0.0,1.1666666666666667,0.0,0.20833333333333334,0.0,0.0,0.0,0.0,0.0,0.0
2024-03-12 10:00:00+00:00,0.0,3.25,0.0,1.1666666666666667,0.0,0.20833333333333334,0.0,0.0,0.0,0.0,0.0,0.0
2024-03-12 11:00:00+00:00,0.0,3.25,0.0,1.1666666666666667,0.0,0.20833333333333334,0.0,0.0,0.0,0.0,0.0,0.0
2024-03-12 12:00:00+00:00,2.0,3.3333333333333335,0.0,1.1666666666666667,2.0,0.2916666666666667,0.0,0.0,0.0,0.0,0.0,0.0
2024-03-12 13:00:00+00:00,3.0,3.4583333333333335,0.0,1.1666666666666667,3.0,0.4166666666666667,0.0,0.0,0.0,0.0,0.0,0.0
2024-03-12 14:00:00+00:00,13.0,4.0,0.0,1.1666666666666667,13.0,0.9583333333333334,0.0,0.0,0.0,0.0,0.0,0.0
2024-03-12 15:00:00+00:00,3.0,4.125,0.0,1.1666666666666667,3.0,1.0833333333333333,0.0,0.0,0.0,0.0,0.0,0.0
2024-03-12 16:00:00+00:00,0.0,2.9583333333333335,0.0,0.0,0.0,1.0833333333333333,0.0,0.0,0.0,0.0,0.0,0.0
2024-03-12 17:00:00+00:00,5.0,3.0,5.0,0.20833333333333334,5.0,1.2916666666666667,0.0,0.0,0.0,0.0,0.0,0.0
2024-03-12 18:00:00+00:00,29.0,4.041666666666667,29.0,1.4166666666666667,29.0,2.5,0.0,0.0,0.0,0.0,0.0,0.0
2024-03-12 19:00:00+00:00,0.0,3.0833333333333335,0.0,1.4166666666666667,0.0,2.5,0.0,0.0,0.0,0.0,0.0,0.0
2024-03-12 20:00:00+00:00,20.0,3.875,0.0,1.4166666666666667,20.0,3.3333333333333335,0.0,0.0,0.0,0.0,0.0,0.0
2024-03-12 21:00:00+00:00,4.0,4.0,0.0,1.4166666666666667,4.0,3.5,0.0,0.0,0.0,0.0,0.0,0.0
2024-03-12 22:00:00+00:00,9.0,3.875,0.0,1.4166666666666667,9.0,3.875,0.0,0.0,0.0,0.0,0.0,0.0
2024-03-12 23:00:00+00:00,5.0,4.083333333333333,0.0,1.4166666666666667,5.0,4.083333333333333,0.0,0.0,0.0,0.0,0.0,0.0
2024-03-13 00:00:00+00:00,3.0,4.208333333333333,0.0,1.4166666666666667,0.0,4.083333333333333,0.0,0.0,0.0,0.0,0.0,0.0
2024-03-13 01:00:00+00:00,1.0,4.25,0.0,1.4166666666666667,0.0,4.083333333333333,0.0,0.0,0.0,0.0,0.0,0.0
2024-03-13 02:00:00+00:00,15.0,4.875,0.0,1.4166666666666667,0.0,4.083333333333333,0.0,0.0,0.0,0.0,0.0,0.0
2024-03-13 03:00:00+00:00,0.0,4.875,0.0,1.4166666666666667,0.0,4.083333333333333,0.0,0.0,0.0,0.0,0.0,0.0
2024-03-13 04:00:00+00:00,7.0,5.0,0.0,1.4166666666666667,0.0,3.9166666666666665,0.0,0.0,0.0,0.0,7.0,0.2916666666666667
2024-03-13 05:00:00+00:00,0.0,4.958333333333333,0.0,1.4166666666666667,0.0,3.875,0.0,0.0,0.0,0.0,0.0,0.2916666666666667
2024-03-13 06:00:00+00:00,0.0,4.958333333333333,0.0,1.4166666666666667,0.0,3.875,0.0,0.0,0.0,0.0,0.0,0.2916666666666667
2024-03-13 07:00:00+00:00,0.0,4.958333333333333,0.0,1.4166666666666667,0.0,3.875,0.0,0.0,0.0,0.0,0.0,0.2916666666666667
2024-03-13 08:00:00+00:00,17.0,5.666666666666667,0.0,1.4166666666666667,0.0,3.875,0.0,0.0,0.0,0.0,0.0,0.2916666666666667
2024-03-13 09:00:00+00:00,11.0,6.125,0.0,1.4166666666666667,0.0,3.875,0.0,0.0,0.0,0.0,0.0,0.2916666666666667
2024-03-13 10:00:00+00:00,0.0,6.125,0.0,1.4166666666666667,0.0,3.875,0.0,0.0,0.0,0.0,0.0,0.2916666666666667
2024-03-13 11:00:00+00:00,0.0,6.125,0.0,1.4166666666666667,0.0,3.875,0.0,0.0,0.0,0.0,0.0,0.2916666666666667
2024-03-13 12:00:00+00:00,0.0,6.041666666666667,0.0,1.4166666666666667,0.0,3.7916666666666665,0.0,0.0,0.0,0.0,0.0,0.2916666666666667
2024-03-13 13:00:00+00:00,0.0,5.916666666666667,0.0,1.4166666666666667,0.0,3.6666666666666665,0.0,0.0,0.0,0.0,0.0,0.2916666666666667
2024-03-13 14:00:00+00:00,0.0,5.375,0.0,1.4166666666666667,0.0,3.125,0.0,0.0,0.0,0.0,0.0,0.2916666666666667
2024-03-13 15:00:00+00:00,0.0,5.25,0.0,1.4166666666666667,0.0,3.0,0.0,0.0,0.0,0.0,0.0,0.2916666666666667
2024-03-13 16:00:00+00:00,15.0,5.875,15.0,2.0416666666666665,0.0,3.0,0.0,0.0,0.0,0.0,0.0,0.2916666666666667
2024-03-13 17:00:00+00:00,19.0,6.458333333333333,19.0,2.625,0.0,2.7916666666666665,0.0,0.0,0.0,0.0,0.0,0.2916666666666667
2024-03-13 18:00:00+00:00,0.0,5.25,0.0,1.4166666666666667,0.0,1.5833333333333333,0.0,0.0,0.0,0.0,0.0,0.2916666666666667
2024-03-13 19:00:00+00:00,0.0,5.25,0.0,1.4166666666666667,0.0,1.5833333333333333,0.0,0.0,0.0,0.0,0.0,0.2916666666666667
2024-03-13 20:00:00+00:00,0.0,4.416666666666667,0.0,1.4166666666666667,0.0,0.75,0.0,0.0,0.0,0.0,0.0,0.2916666666666667
2024-03-13 21:00:00+00:00,0.0,4.25,0.0,1.4166666666666667,0.0,0.5833333333333334,0.0,0.0,0.0,0.0,0.0,0.2916666666666667
2024-03-13 22:00:00+00:00,0.0,3.875,0.0,1.4166666666666667,0.0,0.20833333333333334,0.0,0.0,0.0,0.0,0.0,0.2916666666666667
2024-03-13 23:00:00+00:00,0.0,3.6666666666666665,0.0,1.4166666666666667,0.0,0.0,0.0,0.0,0.0,0.0,0.0,0.2916666666666667
2024-03-14 00:00:00+00:00,1.0,3.5833333333333335,0.0,1.4166666666666667,0.0,0.0,0.0,0.0,0.0,0.0,0.0,0.2916666666666667
2024-03-14 01:00:00+00:00,1.0,3.5833333333333335,0.0,1.4166666666666667,0.0,0.0,0.0,0.0,0.0,0.0,0.0,0.2916666666666667
2024-03-14 02:00:00+00:00,0.0,2.9583333333333335,0.0,1.4166666666666667,0.0,0.0,0.0,0.0,0.0,0.0,0.0,0.2916666666666667
2024-03-14 03:00:00+00:00,0.0,2.9583333333333335,0.0,1.4166666666666667,0.0,0.0,0.0,0.0,0.0,0.0,0.0,0.2916666666666667
2024-03-14 04:00:00+00:00,0.0,2.6666666666666665,0.0,1.4166666666666667,0.0,0.0,0.0,0.0,0.0,0.0,0.0,0.0
2024-03-14 05:00:00+00:00,0.0,2.6666666666666665,0.0,1.4166666666666667,0.0,0.0,0.0,0.0,0.0,0.0,0.0,0.0
2024-03-14 06:00:00+00:00,0.0,2.6666666666666665,0.0,1.4166666666666667,0.0,0.0,0.0,0.0,0.0,0.0,0.0,0.0
2024-03-14 07:00:00+00:00,0.0,2.6666666666666665,0.0,1.4166666666666667,0.0,0.0,0.0,0.0,0.0,0.0,0.0,0.0
2024-03-14 08:00:00+00:00,0.0,1.9583333333333333,0.0,1.4166666666666667,0.0,0.0,0.0,0.0,0.0,0.0,0.0,0.0
2024-03-14 09:00:00+00:00,8.0,1.8333333333333333,0.0,1.4166666666666667,0.0,0.0,0.0,0.0,0.0,0.0,0.0,0.0
2024-03-14 10:00:00+00:00,1.0,1.875,0.0,1.4166666666666667,0.0,0.0,0.0,0.0,0.0,0.0,0.0,0.0
2024-03-14 11:00:00+00:00,0.0,1.875,0.0,1.4166666666666667,0.0,0.0,0.0,0.0,0.0,0.0,0.0,0.0
2024-03-14 12:00:00+00:00,0.0,1.875,0.0,1.4166666666666667,0.0,0.0,0.0,0.0,0.0,0.0,0.0,0.0
2024-03-14 13:00:00+00:00,0.0,1.875,0.0,1.4166666666666667,0.0,0.0,0.0,0.0,0.0,0.0,0.0,0.0
2024-03-14 14:00:00+00:00,0.0,1.875,0.0,1.4166666666666667,0.0,0.0,0.0,0.0,0.0,0.0,0.0,0.0
2024-03-14 15:00:00+00:00,0.0,1.875,0.0,1.4166666666666667,0.0,0.0,0.0,0.0,0.0,0.0,0.0,0.0
2024-03-14 16:00:00+00:00,1.0,1.2916666666666667,0.0,0.7916666666666666,0.0,0.0,0.0,0.0,0.0,0.0,0.0,0.0
2024-03-14 17:00:00+00:00,4.0,0.6666666666666666,0.0,0.0,0.0,0.0,0.0,0.0,0.0,0.0,0.0,0.0
2024-03-14 18:00:00+00:00,1.0,0.7083333333333334,0.0,0.0,0.0,0.0,0.0,0.0,0.0,0.0,0.0,0.0
2024-03-14 19:00:00+00:00,14.0,1.2916666666666667,0.0,0.0,0.0,0.0,0.0,0.0,0.0,0.0,0.0,0.0
2024-03-14 20:00:00+00:00,9.0,1.6666666666666667,0.0,0.0,0.0,0.0,0.0,0.0,0.0,0.0,0.0,0.0
2024-03-14 21:00:00+00:00,6.0,1.9166666666666667,0.0,0.0,0.0,0.0,0.0,0.0,0.0,0.0,0.0,0.0
2024-03-14 22:00:00+00:00,13.0,2.4583333333333335,0.0,0.0,0.0,0.0,0.0,0.0,0.0,0.0,0.0,0.0
2024-03-14 23:00:00+00:00,0.0,2.4583333333333335,0.0,0.0,0.0,0.0,0.0,0.0,0.0,0.0,0.0,0.0
2024-03-15 00:00:00+00:00,5.0,2.625,0.0,0.0,0.0,0.0,0.0,0.0,0.0,0.0,0.0,0.0
2024-03-15 01:00:00+00:00,27.0,3.7083333333333335,27.0,1.125,0.0,0.0,0.0,0.0,0.0,0.0,0.0,0.0
2024-03-15 02:00:00+00:00,0.0,3.7083333333333335,0.0,1.125,0.0,0.0,0.0,0.0,0.0,0.0,0.0,0.0
2024-03-15 03:00:00+00:00,10.0,4.125,0.0,1.125,0.0,0.0,0.0,0.0,0.0,0.0,1.0,0.041666666666666664
2024-03-15 04:00:00+00:00,10.0,4.541666666666667,0.0,1.125,0.0,0.0,0.0,0.0,0.0,0.0,8.0,0.375
2024-03-15 05:00:00+00:00,0.0,4.541666666666667,0.0,1.125,0.0,0.0,0.0,0.0,0.0,0.0,0.0,0.375
2024-03-15 06:00:00+00:00,0.0,4.541666666666667,0.0,1.125,0.0,0.0,0.0,0.0,0.0,0.0,0.0,0.375
2024-03-15 07:00:00+00:00,0.0,4.541666666666667,0.0,1.125,0.0,0.0,0.0,0.0,0.0,0.0,0.0,0.375
2024-03-15 08:00:00+00:00,0.0,4.541666666666667,0.0,1.125,0.0,0.0,0.0,0.0,0.0,0.0,0.0,0.375
2024-03-15 09:00:00+00:00,0.0,4.208333333333333,0.0,1.125,0.0,0.0,0.0,0.0,0.0,0.0,0.0,0.375
2024-03-15 10:00:00+00:00,0.0,4.166666666666667,0.0,1.125,0.0,0.0,0.0,0.0,0.0,0.0,0.0,0.375
2024-03-15 11:00:00+00:00,0.0,4.166666666666667,0.0,1.125,0.0,0.0,0.0,0.0,0.0,0.0,0.0,0.375
2024-03-15 12:00:00+00:00,0.0,4.166666666666667,0.0,1.125,0.0,0.0,0.0,0.0,0.0,0.0,0.0,0.375
2024-03-15 13:00:00+00:00,8.0,4.5,4.0,1.2916666666666667,0.0,0.0,0.0,0.0,0.0,0.0,0.0,0.375
2024-03-15 14:00:00+00:00,31.0,5.791666666666667,31.0,2.5833333333333335,0.0,0.0,0.0,0.0,0.0,0.0,0.0,0.375
2024-03-15 15:00:00+00:00,12.0,6.291666666666667,12.0,3.0833333333333335,0.0,0.0,0.0,0.0,0.0,0.0,0.0,0.375
2024-03-15 16:00:00+00:00,0.0,6.25,0.0,3.0833333333333335,0.0,0.0,0.0,0.0,0.0,0.0,0.0,0.375
2024-03-15 17:00:00+00:00,13.0,6.625,0.0,3.0833333333333335,0.0,0.0,0.0,0.0,0.0,0.0,0.0,0.375
2024-03-15 18:00:00+00:00,16.0,7.25,0.0,3.0833333333333335,0.0,0.0,0.0,0.0,0.0,0.0,0.0,0.375
2024-03-15 19:00:00+00:00,0.0,6.666666666666667,0.0,3.0833333333333335,0.0,0.0,0.0,0.0,0.0,0.0,0.0,0.375
2024-03-15 20:00:00+00:00,0.0,6.291666666666667,0.0,3.0833333333333335,0.0,0.0,0.0,0.0,0.0,0.0,0.0,0.375
2024-03-15 21:00:00+00:00,18.0,6.791666666666667,0.0,3.0833333333333335,0.0,0.0,0.0,0.0,0.0,0.0,0.0,0.375
2024-03-15 22:00:00+00:00,5.0,6.458333333333333,0.0,3.0833333333333335,0.0,0.0,0.0,0.0,0.0,0.0,0.0,0.375
2024-03-15 23:00:00+00:00,2.0,6.541666666666667,0.0,3.0833333333333335,0.0,0.0,0.0,0.0,0.0,0.0,0.0,0.375
2024-03-16 00:00:00+00:00,0.0,6.333333333333333,0.0,3.0833333333333335,0.0,0.0,0.0,0.0,0.0,0.0,0.0,0.375
2024-03-16 01:00:00+00:00,0.0,5.208333333333333,0.0,1.9583333333333333,0.0,0.0,0.0,0.0,0.0,0.0,0.0,0.375
2024-03-16 02:00:00+00:00,0.0,5.208333333333333,0.0,1.9583333333333333,0.0,0.0,0.0,0.0,0.0,0.0,0.0,0.375
2024-03-16 03:00:00+00:00,0.0,4.791666666666667,0.0,1.9583333333333333,0.0,0.0,0.0,0.0,0.0,0.0,0.0,0.3333333333333333
2024-03-16 04:00:00+00:00,0.0,4.375,0.0,1.9583333333333333,0.0,0.0,0.0,0.0,0.0,0.0,0.0,0.0
2024-03-16 05:00:00+00:00,0.0,4.375,0.0,1.9583333333333333,0.0,0.0,0.0,0.0,0.0,0.0,0.0,0.0
2024-03-16 06:00:00+00:00,0.0,4.375,0.0,1.9583333333333333,0.0,0.0,0.0,0.0,0.0,0.0,0.0,0.0
2024-03-16 07:00:00+00:00,0.0,4.375,0.0,1.9583333333333333,0.0,0.0,0.0,0.0,0.0,0.0,0.0,0.0
2024-03-16 08:00:00+00:00,0.0,4.375,0.0,1.9583333333333333,0.0,0.0,0.0,0.0,0.0,0.0,0.0,0.0
2024-03-16 09:00:00+00:00,0.0,4.375,0.0,1.9583333333333333,0.0,0.0,0.0,0.0,0.0,0.0,0.0,0.0
2024-03-16 10:00:00+00:00,0.0,4.375,0.0,1.9583333333333333,0.0,0.0,0.0,0.0,0.0,0.0,0.0,0.0
2024-03-16 11:00:00+00:00,0.0,4.375,0.0,1.9583333333333333,0.0,0.0,0.0,0.0,0.0,0.0,0.0,0.0
2024-03-16 12:00:00+00:00,0.0,4.375,0.0,1.9583333333333333,0.0,0.0,0.0,0.0,0.0,0.0,0.0,0.0
2024-03-16 13:00:00+00:00,0.0,4.041666666666667,0.0,1.7916666666666667,0.0,0.0,0.0,0.0,0.0,0.0,0.0,0.0
2024-03-16 14:00:00+00:00,0.0,2.75,0.0,0.5,0.0,0.0,0.0,0.0,0.0,0.0,0.0,0.0
2024-03-16 15:00:00+00:00,0.0,2.25,0.0,0.0,0.0,0.0,0.0,0.0,0.0,0.0,0.0,0.0
2024-03-16 16:00:00+00:00,0.0,2.25,0.0,0.0,0.0,0.0,0.0,0.0,0.0,0.0,0.0,0.0
2024-03-16 17:00:00+00:00,0.0,1.7083333333333333,0.0,0.0,0.0,0.0,0.0,0.0,0.0,0.0,0.0,0.0
2024-03-16 18:00:00+00:00,27.0,2.1666666666666665,27.0,1.125,0.0,0.0,0.0,0.0,0.0,0.0,0.0,0.0
2024-03-16 19:00:00+00:00,0.0,2.1666666666666665,0.0,1.125,0.0,0.0,0.0,0.0,0.0,0.0,0.0,0.0
2024-03-16 20:00:00+00:00,4.0,2.3333333333333335,4.0,1.2916666666666667,0.0,0.0,0.0,0.0,0.0,0.0,0.0,0.0
2024-03-16 21:00:00+00:00,57.0,3.9583333333333335,57.0,3.6666666666666665,0.0,0.0,0.0,0.0,0.0,0.0,0.0,0.0
2024-03-16 22:00:00+00:00,0.0,3.75,0.0,3.6666666666666665,0.0,0.0,0.0,0.0,0.0,0.0,0.0,0.0
2024-03-16 23:00:00+00:00,0.0,3.6666666666666665,0.0,3.6666666666666665,0.0,0.0,0.0,0.0,0.0,0.0,0.0,0.0
2024-03-17 00:00:00+00:00,0.0,3.6666666666666665,0.0,3.6666666666666665,0.0,0.0,0.0,0.0,0.0,0.0,0.0,0.0
2024-03-17 01:00:00+00:00,0.0,3.6666666666666665,0.0,3.6666666666666665,0.0,0.0,0.0,0.0,0.0,0.0,0.0,0.0
2024-03-17 02:00:00+00:00,0.0,3.6666666666666665,0.0,3.6666666666666665,0.0,0.0,0.0,0.0,0.0,0.0,0.0,0.0
2024-03-17 03:00:00+00:00,5.0,3.875,5.0,3.875,0.0,0.0,0.0,0.0,0.0,0.0,0.0,0.0
2024-03-17 04:00:00+00:00,24.0,4.875,24.0,4.875,0.0,0.0,0.0,0.0,0.0,0.0,0.0,0.0
2024-03-17 05:00:00+00:00,0.0,4.875,0.0,4.875,0.0,0.0,0.0,0.0,0.0,0.0,0.0,0.0
2024-03-17 06:00:00+00:00,0.0,4.875,0.0,4.875,0.0,0.0,0.0,0.0,0.0,0.0,0.0,0.0
2024-03-17 07:00:00+00:00,0.0,4.875,0.0,4.875,0.0,0.0,0.0,0.0,0.0,0.0,0.0,0.0
2024-03-17 08:00:00+00:00,1.0,4.916666666666667,0.0,4.875,0.0,0.0,0.0,0.0,0.0,0.0,0.0,0.0
2024-03-17 09:00:00+00:00,0.0,4.916666666666667,0.0,4.875,0.0,0.0,0.0,0.0,0.0,0.0,0.0,0.0
2024-03-17 10:00:00+00:00,0.0,4.916666666666667,0.0,4.875,0.0,0.0,0.0,0.0,0.0,0.0,0.0,0.0
2024-03-17 11:00:00+00:00,0.0,4.916666666666667,0.0,4.875,0.0,0.0,0.0,0.0,0.0,0.0,0.0,0.0
2024-03-17 12:00:00+00:00,1.0,4.958333333333333,0.0,4.875,0.0,0.0,0.0,0.0,0.0,0.0,0.0,0.0
2024-03-17 13:00:00+00:00,0.0,4.958333333333333,0.0,4.875,0.0,0.0,0.0,0.0,0.0,0.0,0.0,0.0
2024-03-17 14:00:00+00:00,0.0,4.958333333333333,0.0,4.875,0.0,0.0,0.0,0.0,0.0,0.0,0.0,0.0
2024-03-17 15:00:00+00:00,3.0,5.083333333333333,0.0,4.875,0.0,0.0,0.0,0.0,0.0,0.0,0.0,0.0
2024-03-17 16:00:00+00:00,1.0,5.125,0.0,4.875,0.0,0.0,0.0,0.0,0.0,0.0,0.0,0.0
2024-03-17 17:00:00+00:00,13.0,5.666666666666667,0.0,4.875,0.0,0.0,0.0,0.0,0.0,0.0,0.0,0.0
2024-03-17 18:00:00+00:00,0.0,4.541666666666667,0.0,3.75,0.0,0.0,0.0,0.0,0.0,0.0,0.0,0.0
2024-03-17 19:00:00+00:00,0.0,4.541666666666667,0.0,3.75,0.0,0.0,0.0,0.0,0.0,0.0,0.0,0.0
2024-03-17 20:00:00+00:00,0.0,4.375,0.0,3.5833333333333335,0.0,0.0,0.0,0.0,0.0,0.0,0.0,0.0
2024-03-17 21:00:00+00:00,0.0,2.0,0.0,1.2083333333333333,0.0,0.0,0.0,0.0,0.0,0.0,0.0,0.0
2024-03-17 22:00:00+00:00,0.0,2.0,0.0,1.2083333333333333,0.0,0.0,0.0,0.0,0.0,0.0,0.0,0.0
2024-03-17 23:00:00+00:00,1.0,2.0416666666666665,0.0,1.2083333333333333,0.0,0.0,0.0,0.0,0.0,0.0,0.0,0.0
2024-03-18 00:00:00+00:00,1.0,2.0833333333333335,0.0,1.2083333333333333,0.0,0.0,0.0,0.0,0.0,0.0,0.0,0.0
2024-03-18 01:00:00+00:00,0.0,2.0833333333333335,0.0,1.2083333333333333,0.0,0.0,0.0,0.0,0.0,0.0,0.0,0.0
2024-03-18 02:00:00+00:00,0.0,2.0833333333333335,0.0,1.2083333333333333,0.0,0.0,0.0,0.0,0.0,0.0,0.0,0.0
2024-03-18 03:00:00+00:00,0.0,1.875,0.0,1.0,0.0,0.0,0.0,0.0,0.0,0.0,0.0,0.0
2024-03-18 04:00:00+00:00,0.0,0.875,0.0,0.0,0.0,0.0,0.0,0.0,0.0,0.0,0.0,0.0
2024-03-18 05:00:00+00:00,0.0,0.875,0.0,0.0,0.0,0.0,0.0,0.0,0.0,0.0,0.0,0.0
2024-03-18 06:00:00+00:00,0.0,0.875,0.0,0.0,0.0,0.0,0.0,0.0,0.0,0.0,0.0,0.0
2024-03-18 07:00:00+00:00,0.0,0.875,0.0,0.0,0.0,0.0,0.0,0.0,0.0,0.0,0.0,0.0
2024-03-18 08:00:00+00:00,0.0,0.8333333333333334,0.0,0.0,0.0,0.0,0.0,0.0,0.0,0.0,0.0,0.0
2024-03-18 09:00:00+00:00,0.0,0.8333333333333334,0.0,0.0,0.0,0.0,0.0,0.0,0.0,0.0,0.0,0.0
2024-03-18 10:00:00+00:00,0.0,0.8333333333333334,0.0,0.0,0.0,0.0,0.0,0.0,0.0,0.0,0.0,0.0
2024-03-18 11:00:00+00:00,1.0,0.875,0.0,0.0,0.0,0.0,0.0,0.0,0.0,0.0,0.0,0.0
2024-03-18 12:00:00+00:00,0.0,0.8333333333333334,0.0,0.0,0.0,0.0,0.0,0.0,0.0,0.0,0.0,0.0
2024-03-18 13:00:00+00:00,0.0,0.8333333333333334,0.0,0.0,0.0,0.0,0.0,0.0,0.0,0.0,0.0,0.0
2024-03-18 14:00:00+00:00,0.0,0.8333333333333334,0.0,0.0,0.0,0.0,0.0,0.0,0.0,0.0,0.0,0.0
2024-03-18 15:00:00+00:00,0.0,0.7083333333333334,0.0,0.0,0.0,0.0,0.0,0.0,0.0,0.0,0.0,0.0
2024-03-18 16:00:00+00:00,0.0,0.6666666666666666,0.0,0.0,0.0,0.0,0.0,0.0,0.0,0.0,0.0,0.0
2024-03-18 17:00:00+00:00,0.0,0.125,0.0,0.0,0.0,0.0,0.0,0.0,0.0,0.0,0.0,0.0
2024-03-18 18:00:00+00:00,9.0,0.5,0.0,0.0,0.0,0.0,0.0,0.0,0.0,0.0,0.0,0.0
2024-03-18 19:00:00+00:00,32.0,1.8333333333333333,32.0,1.3333333333333333,0.0,0.0,0.0,0.0,0.0,0.0,0.0,0.0
2024-03-18 20:00:00+00:00,29.0,3.0416666666666665,29.0,2.5416666666666665,0.0,0.0,0.0,0.0,0.0,0.0,0.0,0.0
2024-03-18 21:00:00+00:00,7.0,3.3333333333333335,0.0,2.5416666666666665,0.0,0.0,0.0,0.0,0.0,0.0,0.0,0.0
2024-03-18 22:00:00+00:00,1.0,3.375,0.0,2.5416666666666665,0.0,0.0,0.0,0.0,0.0,0.0,0.0,0.0
2024-03-18 23:00:00+00:00,11.0,3.7916666666666665,0.0,2.5416666666666665,0.0,0.0,0.0,0.0,0.0,0.0,0.0,0.0
2024-03-19 00:00:00+00:00,0.0,3.75,0.0,2.5416666666666665,0.0,0.0,0.0,0.0,0.0,0.0,0.0,0.0
2024-03-19 01:00:00+00:00,0.0,3.75,0.0,2.5416666666666665,0.0,0.0,0.0,0.0,0.0,0.0,0.0,0.0
2024-03-19 02:00:00+00:00,0.0,3.75,0.0,2.5416666666666665,0.0,0.0,0.0,0.0,0.0,0.0,0.0,0.0
2024-03-19 03:00:00+00:00,0.0,3.75,0.0,2.5416666666666665,0.0,0.0,0.0,0.0,0.0,0.0,0.0,0.0
2024-03-19 04:00:00+00:00,0.0,3.75,0.0,2.5416666666666665,0.0,0.0,0.0,0.0,0.0,0.0,0.0,0.0
2024-03-19 05:00:00+00:00,0.0,3.75,0.0,2.5416666666666665,0.0,0.0,0.0,0.0,0.0,0.0,0.0,0.0
2024-03-19 06:00:00+00:00,0.0,3.75,0.0,2.5416666666666665,0.0,0.0,0.0,0.0,0.0,0.0,0.0,0.0
2024-03-19 07:00:00+00:00,0.0,3.75,0.0,2.5416666666666665,0.0,0.0,0.0,0.0,0.0,0.0,0.0,0.0
2024-03-19 08:00:00+00:00,0.0,3.75,0.0,2.5416666666666665,0.0,0.0,0.0,0.0,0.0,0.0,0.0,0.0
2024-03-19 09:00:00+00:00,0.0,3.75,0.0,2.5416666666666665,0.0,0.0,0.0,0.0,0.0,0.0,0.0,0.0
2024-03-19 10:00:00+00:00,0.0,3.75,0.0,2.5416666666666665,0.0,0.0,0.0,0.0,0.0,0.0,0.0,0.0
2024-03-19 11:00:00+00:00,0.0,3.7083333333333335,0.0,2.5416666666666665,0.0,0.0,0.0,0.0,0.0,0.0,0.0,0.0
2024-03-19 12:00:00+00:00,0.0,3.7083333333333335,0.0,2.5416666666666665,0.0,0.0,0.0,0.0,0.0,0.0,0.0,0.0
2024-03-19 13:00:00+00:00,0.0,3.7083333333333335,0.0,2.5416666666666665,0.0,0.0,0.0,0.0,0.0,0.0,0.0,0.0
2024-03-19 14:00:00+00:00,0.0,3.7083333333333335,0.0,2.5416666666666665,0.0,0.0,0.0,0.0,0.0,0.0,0.0,0.0
2024-03-19 15:00:00+00:00,6.0,3.9583333333333335,0.0,2.5416666666666665,0.0,0.0,0.0,0.0,0.0,0.0,0.0,0.0
2024-03-19 16:00:00+00:00,2.0,4.041666666666667,0.0,2.5416666666666665,0.0,0.0,0.0,0.0,0.0,0.0,0.0,0.0
2024-03-19 17:00:00+00:00,0.0,4.041666666666667,0.0,2.5416666666666665,0.0,0.0,0.0,0.0,0.0,0.0,0.0,0.0
2024-03-19 18:00:00+00:00,0.0,3.6666666666666665,0.0,2.5416666666666665,0.0,0.0,0.0,0.0,0.0,0.0,0.0,0.0
2024-03-19 19:00:00+00:00,2.0,2.4166666666666665,0.0,1.2083333333333333,0.0,0.0,0.0,0.0,0.0,0.0,0.0,0.0
2024-03-19 20:00:00+00:00,3.0,1.3333333333333333,0.0,0.0,0.0,0.0,0.0,0.0,0.0,0.0,0.0,0.0
2024-03-19 21:00:00+00:00,0.0,1.0416666666666667,0.0,0.0,0.0,0.0,0.0,0.0,0.0,0.0,0.0,0.0
2024-03-19 22:00:00+00:00,4.0,1.1666666666666667,0.0,0.0,0.0,0.0,0.0,0.0,0.0,0.0,0.0,0.0
2024-03-19 23:00:00+00:00,0.0,0.7083333333333334,0.0,0.0,0.0,0.0,0.0,0.0,0.0,0.0,0.0,0.0
2024-03-20 00:00:00+00:00,0.0,0.7083333333333334,0.0,0.0,0.0,0.0,0.0,0.0,0.0,0.0,0.0,0.0
2024-03-20 01:00:00+00:00,0.0,0.7083333333333334,0.0,0.0,0.0,0.0,0.0,0.0,0.0,0.0,0.0,0.0
2024-03-20 02:00:00+00:00,0.0,0.7083333333333334,0.0,0.0,0.0,0.0,0.0,0.0,0.0,0.0,0.0,0.0
2024-03-20 03:00:00+00:00,0.0,0.7083333333333334,0.0,0.0,0.0,0.0,0.0,0.0,0.0,0.0,0.0,0.0
2024-03-20 04:00:00+00:00,0.0,0.7083333333333334,0.0,0.0,0.0,0.0,0.0,0.0,0.0,0.0,0.0,0.0
2024-03-20 05:00:00+00:00,2.0,0.7916666666666666,0.0,0.0,0.0,0.0,0.0,0.0,0.0,0.0,0.0,0.0
2024-03-20 06:00:00+00:00,0.0,0.7916666666666666,0.0,0.0,0.0,0.0,0.0,0.0,0.0,0.0,0.0,0.0
2024-03-20 07:00:00+00:00,0.0,0.7916666666666666,0.0,0.0,0.0,0.0,0.0,0.0,0.0,0.0,0.0,0.0
2024-03-20 08:00:00+00:00,0.0,0.7916666666666666,0.0,0.0,0.0,0.0,0.0,0.0,0.0,0.0,0.0,0.0
2024-03-20 09:00:00+00:00,19.0,1.5833333333333333,0.0,0.0,0.0,0.0,0.0,0.0,0.0,0.0,0.0,0.0
2024-03-20 10:00:00+00:00,0.0,1.5833333333333333,0.0,0.0,0.0,0.0,0.0,0.0,0.0,0.0,0.0,0.0
2024-03-20 11:00:00+00:00,0.0,1.5833333333333333,0.0,0.0,0.0,0.0,0.0,0.0,0.0,0.0,0.0,0.0
2024-03-20 12:00:00+00:00,5.0,1.7916666666666667,5.0,0.20833333333333334,0.0,0.0,0.0,0.0,0.0,0.0,0.0,0.0
2024-03-20 13:00:00+00:00,29.0,3.0,29.0,1.4166666666666667,0.0,0.0,0.0,0.0,0.0,0.0,0.0,0.0
2024-03-20 14:00:00+00:00,2.0,3.0833333333333335,2.0,1.5,0.0,0.0,0.0,0.0,0.0,0.0,0.0,0.0
2024-03-20 15:00:00+00:00,0.0,2.8333333333333335,0.0,1.5,0.0,0.0,0.0,0.0,0.0,0.0,0.0,0.0
2024-03-20 16:00:00+00:00,0.0,2.75,0.0,1.5,0.0,0.0,0.0,0.0,0.0,0.0,0.0,0.0
2024-03-20 17:00:00+00:00,1.0,2.7916666666666665,0.0,1.5,0.0,0.0,0.0,0.0,0.0,0.0,0.0,0.0
2024-03-20 18:00:00+00:00,3.0,2.9166666666666665,0.0,1.5,0.0,0.0,0.0,0.0,0.0,0.0,0.0,0.0
2024-03-20 19:00:00+00:00,5.0,3.0416666666666665,0.0,1.5,0.0,0.0,0.0,0.0,0.0,0.0,0.0,0.0
2024-03-20 20:00:00+00:00,1.0,2.9583333333333335,0.0,1.5,0.0,0.0,0.0,0.0,0.0,0.0,0.0,0.0
2024-03-20 21:00:00+00:00,0.0,2.9583333333333335,0.0,1.5,0.0,0.0,0.0,0.0,0.0,0.0,0.0,0.0
2024-03-20 22:00:00+00:00,0.0,2.7916666666666665,0.0,1.5,0.0,0.0,0.0,0.0,0.0,0.0,0.0,0.0
2024-03-20 23:00:00+00:00,0.0,2.7916666666666665,0.0,1.5,0.0,0.0,0.0,0.0,0.0,0.0,0.0,0.0
2024-03-21 00:00:00+00:00,0.0,2.7916666666666665,0.0,1.5,0.0,0.0,0.0,0.0,0.0,0.0,0.0,0.0
2024-03-21 01:00:00+00:00,0.0,2.7916666666666665,0.0,1.5,0.0,0.0,0.0,0.0,0.0,0.0,0.0,0.0
2024-03-21 02:00:00+00:00,0.0,2.7916666666666665,0.0,1.5,0.0,0.0,0.0,0.0,0.0,0.0,0.0,0.0
2024-03-21 03:00:00+00:00,4.0,2.9583333333333335,0.0,1.5,0.0,0.0,0.0,0.0,0.0,0.0,0.0,0.0
2024-03-21 04:00:00+00:00,0.0,2.9583333333333335,0.0,1.5,0.0,0.0,0.0,0.0,0.0,0.0,0.0,0.0
2024-03-21 05:00:00+00:00,0.0,2.875,0.0,1.5,0.0,0.0,0.0,0.0,0.0,0.0,0.0,0.0
2024-03-21 06:00:00+00:00,0.0,2.875,0.0,1.5,0.0,0.0,0.0,0.0,0.0,0.0,0.0,0.0
2024-03-21 07:00:00+00:00,0.0,2.875,0.0,1.5,0.0,0.0,0.0,0.0,0.0,0.0,0.0,0.0
2024-03-21 08:00:00+00:00,0.0,2.875,0.0,1.5,0.0,0.0,0.0,0.0,0.0,0.0,0.0,0.0
2024-03-21 09:00:00+00:00,0.0,2.0833333333333335,0.0,1.5,0.0,0.0,0.0,0.0,0.0,0.0,0.0,0.0
2024-03-21 10:00:00+00:00,0.0,2.0833333333333335,0.0,1.5,0.0,0.0,0.0,0.0,0.0,0.0,0.0,0.0
2024-03-21 11:00:00+00:00,0.0,2.0833333333333335,0.0,1.5,0.0,0.0,0.0,0.0,0.0,0.0,0.0,0.0
2024-03-21 12:00:00+00:00,0.0,1.875,0.0,1.2916666666666667,0.0,0.0,0.0,0.0,0.0,0.0,0.0,0.0
2024-03-21 13:00:00+00:00,0.0,0.6666666666666666,0.0,0.08333333333333333,0.0,0.0,0.0,0.0,0.0,0.0,0.0,0.0
2024-03-21 14:00:00+00:00,0.0,0.5833333333333334,0.0,0.0,0.0,0.0,0.0,0.0,0.0,0.0,0.0,0.0
2024-03-21 15:00:00+00:00,0.0,0.5833333333333334,0.0,0.0,0.0,0.0,0.0,0.0,0.0,0.0,0.0,0.0
2024-03-21 16:00:00+00:00,22.0,1.5,0.0,0.0,0.0,0.0,0.0,0.0,0.0,0.0,9.0,0.375
2024-03-21 17:00:00+00:00,5.0,1.6666666666666667,0.0,0.0,0.0,0.0,0.0,0.0,0.0,0.0,0.0,0.375
2024-03-21 18:00:00+00:00,0.0,1.5416666666666667,0.0,0.0,0.0,0.0,0.0,0.0,0.0,0.0,0.0,0.375
2024-03-21 19:00:00+00:00,0.0,1.3333333333333333,0.0,0.0,0.0,0.0,0.0,0.0,0.0,0.0,0.0,0.375
2024-03-21 20:00:00+00:00,0.0,1.2916666666666667,0.0,0.0,0.0,0.0,0.0,0.0,0.0,0.0,0.0,0.375
2024-03-21 21:00:00+00:00,1.0,1.3333333333333333,0.0,0.0,0.0,0.0,0.0,0.0,0.0,0.0,0.0,0.375
2024-03-21 22:00:00+00:00,3.0,1.4583333333333333,0.0,0.0,0.0,0.0,0.0,0.0,0.0,0.0,0.0,0.375
2024-03-21 23:00:00+00:00,23.0,2.4166666666666665,0.0,0.0,0.0,0.0,0.0,0.0,0.0,0.0,0.0,0.375
2024-03-22 00:00:00+00:00,1.0,2.4583333333333335,0.0,0.0,1.0,0.041666666666666664,0.0,0.0,0.0,0.0,0.0,0.375
2024-03-22 01:00:00+00:00,0.0,2.4583333333333335,0.0,0.0,0.0,0.041666666666666664,0.0,0.0,0.0,0.0,0.0,0.375
2024-03-22 02:00:00+00:00,0.0,2.4583333333333335,0.0,0.0,0.0,0.041666666666666664,0.0,0.0,0.0,0.0,0.0,0.375
2024-03-22 03:00:00+00:00,0.0,2.2916666666666665,0.0,0.0,0.0,0.041666666666666664,0.0,0.0,0.0,0.0,0.0,0.375
2024-03-22 04:00:00+00:00,0.0,2.2916666666666665,0.0,0.0,0.0,0.041666666666666664,0.0,0.0,0.0,0.0,0.0,0.375
2024-03-22 05:00:00+00:00,0.0,2.2916666666666665,0.0,0.0,0.0,0.041666666666666664,0.0,0.0,0.0,0.0,0.0,0.375
2024-03-22 06:00:00+00:00,1.0,2.3333333333333335,0.0,0.0,1.0,0.08333333333333333,0.0,0.0,0.0,0.0,0.0,0.375
2024-03-22 07:00:00+00:00,13.0,2.875,0.0,0.0,13.0,0.625,0.0,0.0,0.0,0.0,0.0,0.375
2024-03-22 08:00:00+00:00,0.0,2.875,0.0,0.0,0.0,0.625,0.0,0.0,0.0,0.0,0.0,0.375
2024-03-22 09:00:00+00:00,0.0,2.875,0.0,0.0,0.0,0.625,0.0,0.0,0.0,0.0,0.0,0.375
2024-03-22 10:00:00+00:00,0.0,2.875,0.0,0.0,0.0,0.625,0.0,0.0,0.0,0.0,0.0,0.375
2024-03-22 11:00:00+00:00,0.0,2.875,0.0,0.0,0.0,0.625,0.0,0.0,0.0,0.0,0.0,0.375
2024-03-22 12:00:00+00:00,0.0,2.875,0.0,0.0,0.0,0.625,0.0,0.0,0.0,0.0,0.0,0.375
2024-03-22 13:00:00+00:00,3.0,3.0,0.0,0.0,3.0,0.75,0.0,0.0,0.0,0.0,0.0,0.375
2024-03-22 14:00:00+00:00,12.0,3.5,0.0,0.0,12.0,1.25,0.0,0.0,0.0,0.0,0.0,0.375
2024-03-22 15:00:00+00:00,5.0,3.7083333333333335,0.0,0.0,5.0,1.4583333333333333,0.0,0.0,0.0,0.0,0.0,0.375
2024-03-22 16:00:00+00:00,0.0,2.7916666666666665,0.0,0.0,0.0,1.4583333333333333,0.0,0.0,0.0,0.0,0.0,0.0
2024-03-22 17:00:00+00:00,0.0,2.5833333333333335,0.0,0.0,0.0,1.4583333333333333,0.0,0.0,0.0,0.0,0.0,0.0
2024-03-22 18:00:00+00:00,0.0,2.5833333333333335,0.0,0.0,0.0,1.4583333333333333,0.0,0.0,0.0,0.0,0.0,0.0
2024-03-22 19:00:00+00:00,0.0,2.5833333333333335,0.0,0.0,0.0,1.4583333333333333,0.0,0.0,0.0,0.0,0.0,0.0
2024-03-22 20:00:00+00:00,6.0,2.8333333333333335,0.0,0.0,6.0,1.7083333333333333,0.0,0.0,0.0,0.0,0.0,0.0
2024-03-22 21:00:00+00:00,16.0,3.4583333333333335,16.0,0.6666666666666666,16.0,2.375,0.0,0.0,0.0,0.0,0.0,0.0
2024-03-22 22:00:00+00:00,45.0,5.208333333333333,45.0,2.5416666666666665,45.0,4.25,0.0,0.0,0.0,0.0,0.0,0.0
2024-03-22 23:00:00+00:00,1.0,4.291666666666667,0.0,2.5416666666666665,1.0,4.291666666666667,0.0,0.0,0.0,0.0,0.0,0.0
2024-03-23 00:00:00+00:00,1.0,4.291666666666667,0.0,2.5416666666666665,0.0,4.25,0.0,0.0,0.0,0.0,0.0,0.0
2024-03-23 01:00:00+00:00,0.0,4.291666666666667,0.0,2.5416666666666665,0.0,4.25,0.0,0.0,0.0,0.0,0.0,0.0
2024-03-23 02:00:00+00:00,4.0,4.458333333333333,4.0,2.7083333333333335,0.0,4.25,0.0,0.0,0.0,0.0,0.0,0.0
2024-03-23 03:00:00+00:00,38.0,6.041666666666667,38.0,4.291666666666667,0.0,4.25,0.0,0.0,0.0,0.0,0.0,0.0
2024-03-23 04:00:00+00:00,0.0,6.041666666666667,0.0,4.291666666666667,0.0,4.25,0.0,0.0,0.0,0.0,0.0,0.0
2024-03-23 05:00:00+00:00,0.0,6.041666666666667,0.0,4.291666666666667,0.0,4.25,0.0,0.0,0.0,0.0,0.0,0.0
2024-03-23 06:00:00+00:00,0.0,6.0,0.0,4.291666666666667,0.0,4.208333333333333,0.0,0.0,0.0,0.0,0.0,0.0
2024-03-23 07:00:00+00:00,0.0,5.458333333333333,0.0,4.291666666666667,0.0,3.6666666666666665,0.0,0.0,0.0,0.0,0.0,0.0
2024-03-23 08:00:00+00:00,0.0,5.458333333333333,0.0,4.291666666666667,0.0,3.6666666666666665,0.0,0.0,0.0,0.0,0.0,0.0
2024-03-23 09:00:00+00:00,7.0,5.75,0.0,4.291666666666667,0.0,3.6666666666666665,0.0,0.0,0.0,0.0,0.0,0.0
2024-03-23 10:00:00+00:00,0.0,5.75,0.0,4.291666666666667,0.0,3.6666666666666665,0.0,0.0,0.0,0.0,0.0,0.0
2024-03-23 11:00:00+00:00,0.0,5.75,0.0,4.291666666666667,0.0,3.6666666666666665,0.0,0.0,0.0,0.0,0.0,0.0
2024-03-23 12:00:00+00:00,0.0,5.75,0.0,4.291666666666667,0.0,3.6666666666666665,0.0,0.0,0.0,0.0,0.0,0.0
2024-03-23 13:00:00+00:00,0.0,5.625,0.0,4.291666666666667,0.0,3.5416666666666665,0.0,0.0,0.0,0.0,0.0,0.0
2024-03-23 14:00:00+00:00,0.0,5.125,0.0,4.291666666666667,0.0,3.0416666666666665,0.0,0.0,0.0,0.0,0.0,0.0
2024-03-23 15:00:00+00:00,0.0,4.916666666666667,0.0,4.291666666666667,0.0,2.8333333333333335,0.0,0.0,0.0,0.0,0.0,0.0
2024-03-23 16:00:00+00:00,0.0,4.916666666666667,0.0,4.291666666666667,0.0,2.8333333333333335,0.0,0.0,0.0,0.0,0.0,0.0
2024-03-23 17:00:00+00:00,4.0,5.083333333333333,0.0,4.291666666666667,0.0,2.8333333333333335,0.0,0.0,0.0,0.0,0.0,0.0
2024-03-23 18:00:00+00:00,8.0,5.416666666666667,0.0,4.291666666666667,0.0,2.8333333333333335,0.0,0.0,0.0,0.0,0.0,0.0
2024-03-23 19:00:00+00:00,0.0,5.416666666666667,0.0,4.291666666666667,0.0,2.8333333333333335,0.0,0.0,0.0,0.0,0.0,0.0
2024-03-23 20:00:00+00:00,0.0,5.166666666666667,0.0,4.291666666666667,0.0,2.5833333333333335,0.0,0.0,0.0,0.0,0.0,0.0
2024-03-23 21:00:00+00:00,0.0,4.5,0.0,3.625,0.0,1.9166666666666667,0.0,0.0,0.0,0.0,0.0,0.0
2024-03-23 22:00:00+00:00,18.0,3.375,18.0,2.5,0.0,0.041666666666666664,0.0,0.0,0.0,0.0,0.0,0.0
2024-03-23 23:00:00+00:00,18.0,4.083333333333333,18.0,3.25,0.0,0.0,0.0,0.0,0.0,0.0,0.0,0.0
2024-03-24 00:00:00+00:00,0.0,4.041666666666667,0.0,3.25,0.0,0.0,0.0,0.0,0.0,0.0,0.0,0.0
2024-03-24 01:00:00+00:00,2.0,4.125,0.0,3.25,0.0,0.0,0.0,0.0,0.0,0.0,0.0,0.0
2024-03-24 02:00:00+00:00,4.0,4.125,0.0,3.0833333333333335,0.0,0.0,0.0,0.0,0.0,0.0,0.0,0.0
2024-03-24 03:00:00+00:00,1.0,2.5833333333333335,0.0,1.5,0.0,0.0,0.0,0.0,0.0,0.0,0.0,0.0
2024-03-24 04:00:00+00:00,0.0,2.5833333333333335,0.0,1.5,0.0,0.0,0.0,0.0,0.0,0.0,0.0,0.0
2024-03-24 05:00:00+00:00,0.0,2.5833333333333335,0.0,1.5,0.0,0.0,0.0,0.0,0.0,0.0,0.0,0.0
2024-03-24 06:00:00+00:00,0.0,2.5833333333333335,0.0,1.5,0.0,0.0,0.0,0.0,0.0,0.0,0.0,0.0
2024-03-24 07:00:00+00:00,0.0,2.5833333333333335,0.0,1.5,0.0,0.0,0.0,0.0,0.0,0.0,0.0,0.0
2024-03-24 08:00:00+00:00,0.0,2.5833333333333335,0.0,1.5,0.0,0.0,0.0,0.0,0.0,0.0,0.0,0.0
2024-03-24 09:00:00+00:00,8.0,2.625,0.0,1.5,0.0,0.0,0.0,0.0,0.0,0.0,0.0,0.0
2024-03-24 10:00:00+00:00,0.0,2.625,0.0,1.5,0.0,0.0,0.0,0.0,0.0,0.0,0.0,0.0
2024-03-24 11:00:00+00:00,0.0,2.625,0.0,1.5,0.0,0.0,0.0,0.0,0.0,0.0,0.0,0.0
2024-03-24 12:00:00+00:00,0.0,2.625,0.0,1.5,0.0,0.0,0.0,0.0,0.0,0.0,0.0,0.0
2024-03-24 13:00:00+00:00,0.0,2.625,0.0,1.5,0.0,0.0,0.0,0.0,0.0,0.0,0.0,0.0
2024-03-24 14:00:00+00:00,2.0,2.7083333333333335,0.0,1.5,0.0,0.0,0.0,0.0,0.0,0.0,0.0,0.0
2024-03-24 15:00:00+00:00,6.0,2.9583333333333335,0.0,1.5,0.0,0.0,0.0,0.0,0.0,0.0,0.0,0.0
2024-03-24 16:00:00+00:00,0.0,2.9583333333333335,0.0,1.5,0.0,0.0,0.0,0.0,0.0,0.0,0.0,0.0
2024-03-24 17:00:00+00:00,1.0,2.8333333333333335,0.0,1.5,0.0,0.0,0.0,0.0,0.0,0.0,0.0,0.0
2024-03-24 18:00:00+00:00,13.0,3.0416666666666665,0.0,1.5,0.0,0.0,0.0,0.0,0.0,0.0,0.0,0.0
2024-03-24 19:00:00+00:00,8.0,3.375,0.0,1.5,0.0,0.0,0.0,0.0,0.0,0.0,0.0,0.0
2024-03-24 20:00:00+00:00,7.0,3.6666666666666665,0.0,1.5,0.0,0.0,0.0,0.0,0.0,0.0,0.0,0.0
2024-03-24 21:00:00+00:00,3.0,3.7916666666666665,0.0,1.5,0.0,0.0,0.0,0.0,0.0,0.0,0.0,0.0
2024-03-24 22:00:00+00:00,0.0,3.0416666666666665,0.0,0.75,0.0,0.0,0.0,0.0,0.0,0.0,0.0,0.0
2024-03-24 23:00:00+00:00,1.0,2.3333333333333335,0.0,0.0,0.0,0.0,0.0,0.0,0.0,0.0,0.0,0.0
2024-03-25 00:00:00+00:00,0.0,2.3333333333333335,0.0,0.0,0.0,0.0,0.0,0.0,0.0,0.0,0.0,0.0
2024-03-25 01:00:00+00:00,0.0,2.25,0.0,0.0,0.0,0.0,0.0,0.0,0.0,0.0,0.0,0.0
2024-03-25 02:00:00+00:00,0.0,2.0833333333333335,0.0,0.0,0.0,0.0,0.0,0.0,0.0,0.0,0.0,0.0
2024-03-25 03:00:00+00:00,0.0,2.0416666666666665,0.0,0.0,0.0,0.0,0.0,0.0,0.0,0.0,0.0,0.0
2024-03-25 04:00:00+00:00,0.0,2.0416666666666665,0.0,0.0,0.0,0.0,0.0,0.0,0.0,0.0,0.0,0.0
2024-03-25 05:00:00+00:00,0.0,2.0416666666666665,0.0,0.0,0.0,0.0,0.0,0.0,0.0,0.0,0.0,0.0
2024-03-25 06:00:00+00:00,0.0,2.0416666666666665,0.0,0.0,0.0,0.0,0.0,0.0,0.0,0.0,0.0,0.0
2024-03-25 07:00:00+00:00,8.0,2.375,0.0,0.0,0.0,0.0,0.0,0.0,0.0,0.0,0.0,0.0
2024-03-25 08:00:00+00:00,0.0,2.375,0.0,0.0,0.0,0.0,0.0,0.0,0.0,0.0,0.0,0.0
2024-03-25 09:00:00+00:00,0.0,2.0416666666666665,0.0,0.0,0.0,0.0,0.0,0.0,0.0,0.0,0.0,0.0
2024-03-25 10:00:00+00:00,0.0,2.0416666666666665,0.0,0.0,0.0,0.0,0.0,0.0,0.0,0.0,0.0,0.0
2024-03-25 11:00:00+00:00,0.0,2.0416666666666665,0.0,0.0,0.0,0.0,0.0,0.0,0.0,0.0,0.0,0.0
2024-03-25 12:00:00+00:00,0.0,2.0416666666666665,0.0,0.0,0.0,0.0,0.0,0.0,0.0,0.0,0.0,0.0
2024-03-25 13:00:00+00:00,2.0,2.125,0.0,0.0,0.0,0.0,0.0,0.0,0.0,0.0,0.0,0.0
2024-03-25 14:00:00+00:00,2.0,2.125,0.0,0.0,0.0,0.0,0.0,0.0,0.0,0.0,0.0,0.0
2024-03-25 15:00:00+00:00,32.0,3.2083333333333335,32.0,1.3333333333333333,0.0,0.0,0.0,0.0,0.0,0.0,0.0,0.0
2024-03-25 16:00:00+00:00,0.0,3.2083333333333335,0.0,1.3333333333333333,0.0,0.0,0.0,0.0,0.0,0.0,0.0,0.0
2024-03-25 17:00:00+00:00,0.0,3.1666666666666665,0.0,1.3333333333333333,0.0,0.0,0.0,0.0,0.0,0.0,0.0,0.0
2024-03-25 18:00:00+00:00,0.0,2.625,0.0,1.3333333333333333,0.0,0.0,0.0,0.0,0.0,0.0,0.0,0.0
2024-03-25 19:00:00+00:00,0.0,2.2916666666666665,0.0,1.3333333333333333,0.0,0.0,0.0,0.0,0.0,0.0,0.0,0.0
2024-03-25 20:00:00+00:00,1.0,2.0416666666666665,0.0,1.3333333333333333,0.0,0.0,0.0,0.0,0.0,0.0,0.0,0.0
2024-03-25 21:00:00+00:00,3.0,2.0416666666666665,0.0,1.3333333333333333,0.0,0.0,0.0,0.0,0.0,0.0,0.0,0.0
2024-03-25 22:00:00+00:00,7.0,2.3333333333333335,0.0,1.3333333333333333,0.0,0.0,0.0,0.0,0.0,0.0,0.0,0.0
2024-03-25 23:00:00+00:00,0.0,2.2916666666666665,0.0,1.3333333333333333,0.0,0.0,0.0,0.0,0.0,0.0,0.0,0.0
2024-03-26 00:00:00+00:00,3.0,2.4166666666666665,0.0,1.3333333333333333,0.0,0.0,0.0,0.0,0.0,0.0,0.0,0.0
2024-03-26 01:00:00+00:00,0.0,2.4166666666666665,0.0,1.3333333333333333,0.0,0.0,0.0,0.0,0.0,0.0,0.0,0.0
2024-03-26 02:00:00+00:00,0.0,2.4166666666666665,0.0,1.3333333333333333,0.0,0.0,0.0,0.0,0.0,0.0,0.0,0.0
2024-03-26 03:00:00+00:00,0.0,2.4166666666666665,0.0,1.3333333333333333,0.0,0.0,0.0,0.0,0.0,0.0,0.0,0.0
2024-03-26 04:00:00+00:00,0.0,2.4166666666666665,0.0,1.3333333333333333,0.0,0.0,0.0,0.0,0.0,0.0,0.0,0.0
2024-03-26 05:00:00+00:00,0.0,2.4166666666666665,0.0,1.3333333333333333,0.0,0.0,0.0,0.0,0.0,0.0,0.0,0.0
2024-03-26 06:00:00+00:00,0.0,2.4166666666666665,0.0,1.3333333333333333,0.0,0.0,0.0,0.0,0.0,0.0,0.0,0.0
2024-03-26 07:00:00+00:00,0.0,2.0833333333333335,0.0,1.3333333333333333,0.0,0.0,0.0,0.0,0.0,0.0,0.0,0.0
2024-03-26 08:00:00+00:00,0.0,2.0833333333333335,0.0,1.3333333333333333,0.0,0.0,0.0,0.0,0.0,0.0,0.0,0.0
2024-03-26 09:00:00+00:00,0.0,2.0833333333333335,0.0,1.3333333333333333,0.0,0.0,0.0,0.0,0.0,0.0,0.0,0.0
2024-03-26 10:00:00+00:00,0.0,2.0833333333333335,0.0,1.3333333333333333,0.0,0.0,0.0,0.0,0.0,0.0,0.0,0.0
2024-03-26 11:00:00+00:00,0.0,2.0833333333333335,0.0,1.3333333333333333,0.0,0.0,0.0,0.0,0.0,0.0,0.0,0.0
2024-03-26 12:00:00+00:00,0.0,2.0833333333333335,0.0,1.3333333333333333,0.0,0.0,0.0,0.0,0.0,0.0,0.0,0.0
2024-03-26 13:00:00+00:00,0.0,2.0,0.0,1.3333333333333333,0.0,0.0,0.0,0.0,0.0,0.0,0.0,0.0
2024-03-26 14:00:00+00:00,3.0,2.0416666666666665,0.0,1.3333333333333333,0.0,0.0,0.0,0.0,0.0,0.0,0.0,0.0
2024-03-26 15:00:00+00:00,4.0,0.875,0.0,0.0,0.0,0.0,0.0,0.0,0.0,0.0,0.0,0.0
2024-03-26 16:00:00+00:00,0.0,0.875,0.0,0.0,0.0,0.0,0.0,0.0,0.0,0.0,0.0,0.0
2024-03-26 17:00:00+00:00,23.0,1.8333333333333333,0.0,0.0,0.0,0.0,0.0,0.0,0.0,0.0,0.0,0.0
2024-03-26 18:00:00+00:00,0.0,1.8333333333333333,0.0,0.0,0.0,0.0,0.0,0.0,0.0,0.0,0.0,0.0
2024-03-26 19:00:00+00:00,11.0,2.2916666666666665,0.0,0.0,0.0,0.0,0.0,0.0,0.0,0.0,0.0,0.0
2024-03-26 20:00:00+00:00,13.0,2.7916666666666665,0.0,0.0,0.0,0.0,0.0,0.0,0.0,0.0,0.0,0.0
2024-03-26 21:00:00+00:00,0.0,2.6666666666666665,0.0,0.0,0.0,0.0,0.0,0.0,0.0,0.0,0.0,0.0
2024-03-26 22:00:00+00:00,1.0,2.4166666666666665,0.0,0.0,0.0,0.0,0.0,0.0,0.0,0.0,0.0,0.0
2024-03-26 23:00:00+00:00,0.0,2.4166666666666665,0.0,0.0,0.0,0.0,0.0,0.0,0.0,0.0,0.0,0.0
2024-03-27 00:00:00+00:00,10.0,2.7083333333333335,0.0,0.0,0.0,0.0,0.0,0.0,0.0,0.0,0.0,0.0
2024-03-27 01:00:00+00:00,3.0,2.8333333333333335,0.0,0.0,0.0,0.0,0.0,0.0,0.0,0.0,0.0,0.0
2024-03-27 02:00:00+00:00,0.0,2.8333333333333335,0.0,0.0,0.0,0.0,0.0,0.0,0.0,0.0,0.0,0.0
2024-03-27 03:00:00+00:00,27.0,3.9583333333333335,27.0,1.125,0.0,0.0,0.0,0.0,0.0,0.0,0.0,0.0
2024-03-27 04:00:00+00:00,7.0,4.25,4.0,1.2916666666666667,0.0,0.0,0.0,0.0,0.0,0.0,0.0,0.0
2024-03-27 05:00:00+00:00,1.0,4.291666666666667,0.0,1.2916666666666667,0.0,0.0,0.0,0.0,0.0,0.0,0.0,0.0
2024-03-27 06:00:00+00:00,0.0,4.291666666666667,0.0,1.2916666666666667,0.0,0.0,0.0,0.0,0.0,0.0,0.0,0.0
2024-03-27 07:00:00+00:00,0.0,4.291666666666667,0.0,1.2916666666666667,0.0,0.0,0.0,0.0,0.0,0.0,0.0,0.0
2024-03-27 08:00:00+00:00,19.0,5.083333333333333,0.0,1.2916666666666667,0.0,0.0,0.0,0.0,0.0,0.0,0.0,0.0
2024-03-27 09:00:00+00:00,13.0,5.625,0.0,1.2916666666666667,0.0,0.0,0.0,0.0,0.0,0.0,0.0,0.0
2024-03-27 10:00:00+00:00,6.0,5.875,0.0,1.2916666666666667,0.0,0.0,0.0,0.0,0.0,0.0,0.0,0.0
2024-03-27 11:00:00+00:00,0.0,5.875,0.0,1.2916666666666667,0.0,0.0,0.0,0.0,0.0,0.0,0.0,0.0
2024-03-27 12:00:00+00:00,0.0,5.875,0.0,1.2916666666666667,0.0,0.0,0.0,0.0,0.0,0.0,0.0,0.0
2024-03-27 13:00:00+00:00,26.0,6.958333333333333,26.0,2.375,0.0,0.0,0.0,0.0,0.0,0.0,0.0,0.0
2024-03-27 14:00:00+00:00,4.0,7.0,4.0,2.5416666666666665,0.0,0.0,0.0,0.0,0.0,0.0,0.0,0.0
2024-03-27 15:00:00+00:00,31.0,8.125,31.0,3.8333333333333335,0.0,0.0,0.0,0.0,0.0,0.0,0.0,0.0
2024-03-27 16:00:00+00:00,28.0,9.291666666666666,28.0,5.0,0.0,0.0,0.0,0.0,0.0,0.0,0.0,0.0
2024-03-27 17:00:00+00:00,0.0,8.333333333333334,0.0,5.0,0.0,0.0,0.0,0.0,0.0,0.0,0.0,0.0
2024-03-27 18:00:00+00:00,14.0,8.916666666666666,14.0,5.583333333333333,0.0,0.0,0.0,0.0,0.0,0.0,0.0,0.0
2024-03-27 19:00:00+00:00,14.0,9.041666666666666,14.0,6.166666666666667,0.0,0.0,0.0,0.0,0.0,0.0,0.0,0.0
2024-03-27 20:00:00+00:00,0.0,8.5,0.0,6.166666666666667,0.0,0.0,0.0,0.0,0.0,0.0,0.0,0.0
2024-03-27 21:00:00+00:00,3.0,8.625,0.0,6.166666666666667,0.0,0.0,0.0,0.0,0.0,0.0,0.0,0.0
2024-03-27 22:00:00+00:00,0.0,8.583333333333334,0.0,6.166666666666667,0.0,0.0,0.0,0.0,0.0,0.0,0.0,0.0
2024-03-27 23:00:00+00:00,0.0,8.583333333333334,0.0,6.166666666666667,0.0,0.0,0.0,0.0,0.0,0.0,0.0,0.0
2024-03-28 00:00:00+00:00,0.0,8.166666666666666,0.0,6.166666666666667,0.0,0.0,0.0,0.0,0.0,0.0,0.0,0.0
2024-03-28 01:00:00+00:00,0.0,8.041666666666666,0.0,6.166666666666667,0.0,0.0,0.0,0.0,0.0,0.0,0.0,0.0
2024-03-28 02:00:00+00:00,0.0,8.041666666666666,0.0,6.166666666666667,0.0,0.0,0.0,0.0,0.0,0.0,0.0,0.0
2024-03-28 03:00:00+00:00,0.0,6.916666666666667,0.0,5.041666666666667,0.0,0.0,0.0,0.0,0.0,0.0,0.0,0.0
2024-03-28 04:00:00+00:00,0.0,6.625,0.0,4.875,0.0,0.0,0.0,0.0,0.0,0.0,0.0,0.0
2024-03-28 05:00:00+00:00,0.0,6.583333333333333,0.0,4.875,0.0,0.0,0.0,0.0,0.0,0.0,0.0,0.0
2024-03-28 06:00:00+00:00,0.0,6.583333333333333,0.0,4.875,0.0,0.0,0.0,0.0,0.0,0.0,0.0,0.0
2024-03-28 07:00:00+00:00,0.0,6.583333333333333,0.0,4.875,0.0,0.0,0.0,0.0,0.0,0.0,0.0,0.0
2024-03-28 08:00:00+00:00,0.0,5.791666666666667,0.0,4.875,0.0,0.0,0.0,0.0,0.0,0.0,0.0,0.0
2024-03-28 09:00:00+00:00,0.0,5.25,0.0,4.875,0.0,0.0,0.0,0.0,0.0,0.0,0.0,0.0
2024-03-28 10:00:00+00:00,0.0,5.0,0.0,4.875,0.0,0.0,0.0,0.0,0.0,0.0,0.0,0.0
2024-03-28 11:00:00+00:00,1.0,5.041666666666667,0.0,4.875,0.0,0.0,0.0,0.0,0.0,0.0,0.0,0.0
2024-03-28 12:00:00+00:00,0.0,5.041666666666667,0.0,4.875,0.0,0.0,0.0,0.0,0.0,0.0,0.0,0.0
2024-03-28 13:00:00+00:00,7.0,4.25,0.0,3.7916666666666665,0.0,0.0,0.0,0.0,0.0,0.0,0.0,0.0
2024-03-28 14:00:00+00:00,4.0,4.25,0.0,3.625,0.0,0.0,0.0,0.0,0.0,0.0,0.0,0.0
2024-03-28 15:00:00+00:00,10.0,3.375,0.0,2.3333333333333335,0.0,0.0,0.0,0.0,0.0,0.0,0.0,0.0
2024-03-28 16:00:00+00:00,15.0,2.8333333333333335,0.0,1.1666666666666667,0.0,0.0,0.0,0.0,0.0,0.0,0.0,0.0
2024-03-28 17:00:00+00:00,12.0,3.3333333333333335,0.0,1.1666666666666667,0.0,0.0,0.0,0.0,0.0,0.0,0.0,0.0
2024-03-28 18:00:00+00:00,9.0,3.125,0.0,0.5833333333333334,0.0,0.0,0.0,0.0,0.0,0.0,0.0,0.0
2024-03-28 19:00:00+00:00,16.0,3.2083333333333335,0.0,0.0,0.0,0.0,0.0,0.0,0.0,0.0,0.0,0.0
2024-03-28 20:00:00+00:00,0.0,3.2083333333333335,0.0,0.0,0.0,0.0,0.0,0.0,0.0,0.0,0.0,0.0
2024-03-28 21:00:00+00:00,0.0,3.0833333333333335,0.0,0.0,0.0,0.0,0.0,0.0,0.0,0.0,0.0,0.0
2024-03-28 22:00:00+00:00,0.0,3.0833333333333335,0.0,0.0,0.0,0.0,0.0,0.0,0.0,0.0,0.0,0.0
2024-03-28 23:00:00+00:00,0.0,3.0833333333333335,0.0,0.0,0.0,0.0,0.0,0.0,0.0,0.0,0.0,0.0
2024-03-29 00:00:00+00:00,0.0,3.0833333333333335,0.0,0.0,0.0,0.0,0.0,0.0,0.0,0.0,0.0,0.0
2024-03-29 01:00:00+00:00,0.0,3.0833333333333335,0.0,0.0,0.0,0.0,0.0,0.0,0.0,0.0,0.0,0.0
2024-03-29 02:00:00+00:00,0.0,3.0833333333333335,0.0,0.0,0.0,0.0,0.0,0.0,0.0,0.0,0.0,0.0
2024-03-29 03:00:00+00:00,0.0,3.0833333333333335,0.0,0.0,0.0,0.0,0.0,0.0,0.0,0.0,0.0,0.0
2024-03-29 04:00:00+00:00,0.0,3.0833333333333335,0.0,0.0,0.0,0.0,0.0,0.0,0.0,0.0,0.0,0.0
2024-03-29 05:00:00+00:00,0.0,3.0833333333333335,0.0,0.0,0.0,0.0,0.0,0.0,0.0,0.0,0.0,0.0
2024-03-29 06:00:00+00:00,0.0,3.0833333333333335,0.0,0.0,0.0,0.0,0.0,0.0,0.0,0.0,0.0,0.0
2024-03-29 07:00:00+00:00,0.0,3.0833333333333335,0.0,0.0,0.0,0.0,0.0,0.0,0.0,0.0,0.0,0.0
2024-03-29 08:00:00+00:00,0.0,3.0833333333333335,0.0,0.0,0.0,0.0,0.0,0.0,0.0,0.0,0.0,0.0
2024-03-29 09:00:00+00:00,0.0,3.0833333333333335,0.0,0.0,0.0,0.0,0.0,0.0,0.0,0.0,0.0,0.0
2024-03-29 10:00:00+00:00,0.0,3.0833333333333335,0.0,0.0,0.0,0.0,0.0,0.0,0.0,0.0,0.0,0.0
2024-03-29 11:00:00+00:00,0.0,3.0416666666666665,0.0,0.0,0.0,0.0,0.0,0.0,0.0,0.0,0.0,0.0
2024-03-29 12:00:00+00:00,0.0,3.0416666666666665,0.0,0.0,0.0,0.0,0.0,0.0,0.0,0.0,0.0,0.0
2024-03-29 13:00:00+00:00,13.0,3.2916666666666665,0.0,0.0,0.0,0.0,0.0,0.0,0.0,0.0,0.0,0.0
2024-03-29 14:00:00+00:00,7.0,3.4166666666666665,1.0,0.041666666666666664,0.0,0.0,0.0,0.0,0.0,0.0,0.0,0.0
2024-03-29 15:00:00+00:00,28.0,4.166666666666667,28.0,1.2083333333333333,0.0,0.0,0.0,0.0,0.0,0.0,0.0,0.0
2024-03-29 16:00:00+00:00,11.0,4.0,11.0,1.6666666666666667,0.0,0.0,0.0,0.0,0.0,0.0,0.0,0.0
2024-03-29 17:00:00+00:00,0.0,3.5,0.0,1.6666666666666667,0.0,0.0,0.0,0.0,0.0,0.0,0.0,0.0
2024-03-29 18:00:00+00:00,0.0,3.125,0.0,1.6666666666666667,0.0,0.0,0.0,0.0,0.0,0.0,0.0,0.0
2024-03-29 19:00:00+00:00,0.0,2.4583333333333335,0.0,1.6666666666666667,0.0,0.0,0.0,0.0,0.0,0.0,0.0,0.0
2024-03-29 20:00:00+00:00,0.0,2.4583333333333335,0.0,1.6666666666666667,0.0,0.0,0.0,0.0,0.0,0.0,0.0,0.0
2024-03-29 21:00:00+00:00,0.0,2.4583333333333335,0.0,1.6666666666666667,0.0,0.0,0.0,0.0,0.0,0.0,0.0,0.0
2024-03-29 22:00:00+00:00,0.0,2.4583333333333335,0.0,1.6666666666666667,0.0,0.0,0.0,0.0,0.0,0.0,0.0,0.0
2024-03-29 23:00:00+00:00,2.0,2.5416666666666665,0.0,1.6666666666666667,0.0,0.0,0.0,0.0,0.0,0.0,0.0,0.0
2024-03-30 00:00:00+00:00,14.0,3.125,0.0,1.6666666666666667,0.0,0.0,0.0,0.0,0.0,0.0,0.0,0.0
2024-03-30 01:00:00+00:00,0.0,3.125,0.0,1.6666666666666667,0.0,0.0,0.0,0.0,0.0,0.0,0.0,0.0
2024-03-30 02:00:00+00:00,0.0,3.125,0.0,1.6666666666666667,0.0,0.0,0.0,0.0,0.0,0.0,0.0,0.0
2024-03-30 03:00:00+00:00,0.0,3.125,0.0,1.6666666666666667,0.0,0.0,0.0,0.0,0.0,0.0,0.0,0.0
2024-03-30 04:00:00+00:00,0.0,3.125,0.0,1.6666666666666667,0.0,0.0,0.0,0.0,0.0,0.0,0.0,0.0
2024-03-30 05:00:00+00:00,0.0,3.125,0.0,1.6666666666666667,0.0,0.0,0.0,0.0,0.0,0.0,0.0,0.0
2024-03-30 06:00:00+00:00,0.0,3.125,0.0,1.6666666666666667,0.0,0.0,0.0,0.0,0.0,0.0,0.0,0.0
2024-03-30 07:00:00+00:00,0.0,3.125,0.0,1.6666666666666667,0.0,0.0,0.0,0.0,0.0,0.0,0.0,0.0
2024-03-30 08:00:00+00:00,0.0,3.125,0.0,1.6666666666666667,0.0,0.0,0.0,0.0,0.0,0.0,0.0,0.0
2024-03-30 09:00:00+00:00,0.0,3.125,0.0,1.6666666666666667,0.0,0.0,0.0,0.0,0.0,0.0,0.0,0.0
2024-03-30 10:00:00+00:00,0.0,3.125,0.0,1.6666666666666667,0.0,0.0,0.0,0.0,0.0,0.0,0.0,0.0
2024-03-30 11:00:00+00:00,0.0,3.125,0.0,1.6666666666666667,0.0,0.0,0.0,0.0,0.0,0.0,0.0,0.0
2024-03-30 12:00:00+00:00,2.0,3.2083333333333335,0.0,1.6666666666666667,0.0,0.0,0.0,0.0,0.0,0.0,0.0,0.0
2024-03-30 13:00:00+00:00,0.0,2.6666666666666665,0.0,1.6666666666666667,0.0,0.0,0.0,0.0,0.0,0.0,0.0,0.0
2024-03-30 14:00:00+00:00,0.0,2.375,0.0,1.625,0.0,0.0,0.0,0.0,0.0,0.0,0.0,0.0
2024-03-30 15:00:00+00:00,1.0,1.25,0.0,0.4583333333333333,0.0,0.0,0.0,0.0,0.0,0.0,0.0,0.0
2024-03-30 16:00:00+00:00,0.0,0.7916666666666666,0.0,0.0,0.0,0.0,0.0,0.0,0.0,0.0,0.0,0.0
2024-03-30 17:00:00+00:00,0.0,0.7916666666666666,0.0,0.0,0.0,0.0,0.0,0.0,0.0,0.0,0.0,0.0
2024-03-30 18:00:00+00:00,0.0,0.7916666666666666,0.0,0.0,0.0,0.0,0.0,0.0,0.0,0.0,0.0,0.0
2024-03-30 19:00:00+00:00,0.0,0.7916666666666666,0.0,0.0,0.0,0.0,0.0,0.0,0.0,0.0,0.0,0.0
2024-03-30 20:00:00+00:00,0.0,0.7916666666666666,0.0,0.0,0.0,0.0,0.0,0.0,0.0,0.0,0.0,0.0
2024-03-30 21:00:00+00:00,0.0,0.7916666666666666,0.0,0.0,0.0,0.0,0.0,0.0,0.0,0.0,0.0,0.0
2024-03-30 22:00:00+00:00,0.0,0.7916666666666666,0.0,0.0,0.0,0.0,0.0,0.0,0.0,0.0,0.0,0.0
2024-03-30 23:00:00+00:00,0.0,0.7083333333333334,0.0,0.0,0.0,0.0,0.0,0.0,0.0,0.0,0.0,0.0
2024-03-31 00:00:00+00:00,7.0,0.4166666666666667,0.0,0.0,0.0,0.0,0.0,0.0,0.0,0.0,0.0,0.0
2024-03-31 01:00:00+00:00,0.0,0.4166666666666667,0.0,0.0,0.0,0.0,0.0,0.0,0.0,0.0,0.0,0.0
2024-03-31 02:00:00+00:00,0.0,0.4166666666666667,0.0,0.0,0.0,0.0,0.0,0.0,0.0,0.0,0.0,0.0
2024-03-31 03:00:00+00:00,0.0,0.4166666666666667,0.0,0.0,0.0,0.0,0.0,0.0,0.0,0.0,0.0,0.0
2024-03-31 04:00:00+00:00,0.0,0.4166666666666667,0.0,0.0,0.0,0.0,0.0,0.0,0.0,0.0,0.0,0.0
2024-03-31 05:00:00+00:00,0.0,0.4166666666666667,0.0,0.0,0.0,0.0,0.0,0.0,0.0,0.0,0.0,0.0
2024-03-31 06:00:00+00:00,0.0,0.4166666666666667,0.0,0.0,0.0,0.0,0.0,0.0,0.0,0.0,0.0,0.0
2024-03-31 07:00:00+00:00,0.0,0.4166666666666667,0.0,0.0,0.0,0.0,0.0,0.0,0.0,0.0,0.0,0.0
2024-03-31 08:00:00+00:00,0.0,0.4166666666666667,0.0,0.0,0.0,0.0,0.0,0.0,0.0,0.0,0.0,0.0
2024-03-31 09:00:00+00:00,0.0,0.4166666666666667,0.0,0.0,0.0,0.0,0.0,0.0,0.0,0.0,0.0,0.0
2024-03-31 10:00:00+00:00,0.0,0.4166666666666667,0.0,0.0,0.0,0.0,0.0,0.0,0.0,0.0,0.0,0.0
2024-03-31 11:00:00+00:00,0.0,0.4166666666666667,0.0,0.0,0.0,0.0,0.0,0.0,0.0,0.0,0.0,0.0
2024-03-31 12:00:00+00:00,4.0,0.5,0.0,0.0,0.0,0.0,0.0,0.0,0.0,0.0,0.0,0.0
2024-03-31 13:00:00+00:00,3.0,0.625,0.0,0.0,0.0,0.0,0.0,0.0,0.0,0.0,0.0,0.0
2024-03-31 14:00:00+00:00,0.0,0.625,0.0,0.0,0.0,0.0,0.0,0.0,0.0,0.0,0.0,0.0
2024-03-31 15:00:00+00:00,0.0,0.5833333333333334,0.0,0.0,0.0,0.0,0.0,0.0,0.0,0.0,0.0,0.0
2024-03-31 16:00:00+00:00,16.0,1.25,0.0,0.0,0.0,0.0,0.0,0.0,0.0,0.0,0.0,0.0
2024-03-31 17:00:00+00:00,0.0,1.25,0.0,0.0,0.0,0.0,0.0,0.0,0.0,0.0,0.0,0.0
2024-03-31 18:00:00+00:00,0.0,1.25,0.0,0.0,0.0,0.0,0.0,0.0,0.0,0.0,0.0,0.0
2024-03-31 19:00:00+00:00,0.0,1.25,0.0,0.0,0.0,0.0,0.0,0.0,0.0,0.0,0.0,0.0
2024-03-31 20:00:00+00:00,11.0,1.7083333333333333,0.0,0.0,0.0,0.0,0.0,0.0,0.0,0.0,0.0,0.0
2024-03-31 21:00:00+00:00,0.0,1.7083333333333333,0.0,0.0,0.0,0.0,0.0,0.0,0.0,0.0,0.0,0.0
2024-03-31 22:00:00+00:00,0.0,1.7083333333333333,0.0,0.0,0.0,0.0,0.0,0.0,0.0,0.0,0.0,0.0
2024-03-31 23:00:00+00:00,0.0,1.7083333333333333,0.0,0.0,0.0,0.0,0.0,0.0,0.0,0.0,0.0,0.0
2024-04-01 00:00:00+00:00,0.0,1.4166666666666667,0.0,0.0,0.0,0.0,0.0,0.0,0.0,0.0,0.0,0.0
2024-04-01 01:00:00+00:00,2.0,1.5,0.0,0.0,0.0,0.0,0.0,0.0,0.0,0.0,0.0,0.0
2024-04-01 02:00:00+00:00,5.0,1.7083333333333333,0.0,0.0,0.0,0.0,0.0,0.0,0.0,0.0,0.0,0.0
2024-04-01 03:00:00+00:00,2.0,1.7916666666666667,0.0,0.0,0.0,0.0,0.0,0.0,0.0,0.0,0.0,0.0
2024-04-01 04:00:00+00:00,0.0,1.7916666666666667,0.0,0.0,0.0,0.0,0.0,0.0,0.0,0.0,0.0,0.0
2024-04-01 05:00:00+00:00,0.0,1.7916666666666667,0.0,0.0,0.0,0.0,0.0,0.0,0.0,0.0,0.0,0.0
2024-04-01 06:00:00+00:00,0.0,1.7916666666666667,0.0,0.0,0.0,0.0,0.0,0.0,0.0,0.0,0.0,0.0
2024-04-01 07:00:00+00:00,0.0,1.7916666666666667,0.0,0.0,0.0,0.0,0.0,0.0,0.0,0.0,0.0,0.0
2024-04-01 08:00:00+00:00,0.0,1.7916666666666667,0.0,0.0,0.0,0.0,0.0,0.0,0.0,0.0,0.0,0.0
2024-04-01 09:00:00+00:00,0.0,1.7916666666666667,0.0,0.0,0.0,0.0,0.0,0.0,0.0,0.0,0.0,0.0
2024-04-01 10:00:00+00:00,0.0,1.7916666666666667,0.0,0.0,0.0,0.0,0.0,0.0,0.0,0.0,0.0,0.0
2024-04-01 11:00:00+00:00,4.0,1.9583333333333333,0.0,0.0,0.0,0.0,0.0,0.0,0.0,0.0,0.0,0.0
2024-04-01 12:00:00+00:00,10.0,2.2083333333333335,0.0,0.0,0.0,0.0,0.0,0.0,0.0,0.0,0.0,0.0
2024-04-01 13:00:00+00:00,11.0,2.5416666666666665,0.0,0.0,0.0,0.0,0.0,0.0,0.0,0.0,0.0,0.0
2024-04-01 14:00:00+00:00,0.0,2.5416666666666665,0.0,0.0,0.0,0.0,0.0,0.0,0.0,0.0,0.0,0.0
2024-04-01 15:00:00+00:00,11.0,3.0,0.0,0.0,0.0,0.0,0.0,0.0,0.0,0.0,0.0,0.0
2024-04-01 16:00:00+00:00,2.0,2.4166666666666665,0.0,0.0,0.0,0.0,0.0,0.0,0.0,0.0,0.0,0.0
2024-04-01 17:00:00+00:00,6.0,2.6666666666666665,0.0,0.0,0.0,0.0,0.0,0.0,0.0,0.0,0.0,0.0
2024-04-01 18:00:00+00:00,21.0,3.5416666666666665,0.0,0.0,0.0,0.0,0.0,0.0,0.0,0.0,0.0,0.0
2024-04-01 19:00:00+00:00,2.0,3.625,0.0,0.0,0.0,0.0,0.0,0.0,0.0,0.0,0.0,0.0
2024-04-01 20:00:00+00:00,9.0,3.5416666666666665,0.0,0.0,0.0,0.0,0.0,0.0,0.0,0.0,0.0,0.0
2024-04-01 21:00:00+00:00,6.0,3.7916666666666665,0.0,0.0,0.0,0.0,0.0,0.0,0.0,0.0,0.0,0.0
2024-04-01 22:00:00+00:00,0.0,3.7916666666666665,0.0,0.0,0.0,0.0,0.0,0.0,0.0,0.0,0.0,0.0
2024-04-01 23:00:00+00:00,0.0,3.7916666666666665,0.0,0.0,0.0,0.0,0.0,0.0,0.0,0.0,0.0,0.0
2024-04-02 00:00:00+00:00,0.0,3.7916666666666665,0.0,0.0,0.0,0.0,0.0,0.0,0.0,0.0,0.0,0.0
2024-04-02 01:00:00+00:00,0.0,3.7083333333333335,0.0,0.0,0.0,0.0,0.0,0.0,0.0,0.0,0.0,0.0
2024-04-02 02:00:00+00:00,0.0,3.5,0.0,0.0,0.0,0.0,0.0,0.0,0.0,0.0,0.0,0.0
2024-04-02 03:00:00+00:00,0.0,3.4166666666666665,0.0,0.0,0.0,0.0,0.0,0.0,0.0,0.0,0.0,0.0
2024-04-02 04:00:00+00:00,0.0,3.4166666666666665,0.0,0.0,0.0,0.0,0.0,0.0,0.0,0.0,0.0,0.0
2024-04-02 05:00:00+00:00,0.0,3.4166666666666665,0.0,0.0,0.0,0.0,0.0,0.0,0.0,0.0,0.0,0.0
2024-04-02 06:00:00+00:00,0.0,3.4166666666666665,0.0,0.0,0.0,0.0,0.0,0.0,0.0,0.0,0.0,0.0
2024-04-02 07:00:00+00:00,0.0,3.4166666666666665,0.0,0.0,0.0,0.0,0.0,0.0,0.0,0.0,0.0,0.0
2024-04-02 08:00:00+00:00,0.0,3.4166666666666665,0.0,0.0,0.0,0.0,0.0,0.0,0.0,0.0,0.0,0.0
2024-04-02 09:00:00+00:00,0.0,3.4166666666666665,0.0,0.0,0.0,0.0,0.0,0.0,0.0,0.0,0.0,0.0
2024-04-02 10:00:00+00:00,0.0,3.4166666666666665,0.0,0.0,0.0,0.0,0.0,0.0,0.0,0.0,0.0,0.0
2024-04-02 11:00:00+00:00,0.0,3.25,0.0,0.0,0.0,0.0,0.0,0.0,0.0,0.0,0.0,0.0
2024-04-02 12:00:00+00:00,7.0,3.125,0.0,0.0,0.0,0.0,0.0,0.0,0.0,0.0,0.0,0.0
2024-04-02 13:00:00+00:00,8.0,3.0,0.0,0.0,0.0,0.0,0.0,0.0,0.0,0.0,0.0,0.0
2024-04-02 14:00:00+00:00,20.0,3.8333333333333335,20.0,0.8333333333333334,0.0,0.0,0.0,0.0,0.0,0.0,0.0,0.0
2024-04-02 15:00:00+00:00,13.0,3.9166666666666665,6.0,1.0833333333333333,0.0,0.0,0.0,0.0,0.0,0.0,0.0,0.0
2024-04-02 16:00:00+00:00,17.0,4.541666666666667,0.0,1.0833333333333333,0.0,0.0,0.0,0.0,0.0,0.0,0.0,0.0
2024-04-02 17:00:00+00:00,2.0,4.375,0.0,1.0833333333333333,0.0,0.0,0.0,0.0,0.0,0.0,0.0,0.0
2024-04-02 18:00:00+00:00,11.0,3.9583333333333335,0.0,1.0833333333333333,0.0,0.0,0.0,0.0,0.0,0.0,0.0,0.0
2024-04-02 19:00:00+00:00,11.0,4.333333333333333,0.0,1.0833333333333333,0.0,0.0,0.0,0.0,0.0,0.0,0.0,0.0
2024-04-02 20:00:00+00:00,6.0,4.208333333333333,0.0,1.0833333333333333,0.0,0.0,0.0,0.0,0.0,0.0,0.0,0.0
2024-04-02 21:00:00+00:00,0.0,3.9583333333333335,0.0,1.0833333333333333,0.0,0.0,0.0,0.0,0.0,0.0,0.0,0.0
2024-04-02 22:00:00+00:00,0.0,3.9583333333333335,0.0,1.0833333333333333,0.0,0.0,0.0,0.0,0.0,0.0,0.0,0.0
2024-04-02 23:00:00+00:00,0.0,3.9583333333333335,0.0,1.0833333333333333,0.0,0.0,0.0,0.0,0.0,0.0,0.0,0.0
2024-04-03 00:00:00+00:00,0.0,3.9583333333333335,0.0,1.0833333333333333,0.0,0.0,0.0,0.0,0.0,0.0,0.0,0.0
2024-04-03 01:00:00+00:00,0.0,3.9583333333333335,0.0,1.0833333333333333,0.0,0.0,0.0,0.0,0.0,0.0,0.0,0.0
2024-04-03 02:00:00+00:00,0.0,3.9583333333333335,0.0,1.0833333333333333,0.0,0.0,0.0,0.0,0.0,0.0,0.0,0.0
2024-04-03 03:00:00+00:00,0.0,3.9583333333333335,0.0,1.0833333333333333,0.0,0.0,0.0,0.0,0.0,0.0,0.0,0.0
2024-04-03 04:00:00+00:00,0.0,3.9583333333333335,0.0,1.0833333333333333,0.0,0.0,0.0,0.0,0.0,0.0,0.0,0.0
2024-04-03 05:00:00+00:00,0.0,3.9583333333333335,0.0,1.0833333333333333,0.0,0.0,0.0,0.0,0.0,0.0,0.0,0.0
2024-04-03 06:00:00+00:00,0.0,3.9583333333333335,0.0,1.0833333333333333,0.0,0.0,0.0,0.0,0.0,0.0,0.0,0.0
2024-04-03 07:00:00+00:00,0.0,3.9583333333333335,0.0,1.0833333333333333,0.0,0.0,0.0,0.0,0.0,0.0,0.0,0.0
2024-04-03 08:00:00+00:00,0.0,3.9583333333333335,0.0,1.0833333333333333,0.0,0.0,0.0,0.0,0.0,0.0,0.0,0.0
2024-04-03 09:00:00+00:00,0.0,3.9583333333333335,0.0,1.0833333333333333,0.0,0.0,0.0,0.0,0.0,0.0,0.0,0.0
2024-04-03 10:00:00+00:00,0.0,3.9583333333333335,0.0,1.0833333333333333,0.0,0.0,0.0,0.0,0.0,0.0,0.0,0.0
2024-04-03 11:00:00+00:00,0.0,3.9583333333333335,0.0,1.0833333333333333,0.0,0.0,0.0,0.0,0.0,0.0,0.0,0.0
2024-04-03 12:00:00+00:00,1.0,3.7083333333333335,0.0,1.0833333333333333,0.0,0.0,0.0,0.0,0.0,0.0,0.0,0.0
2024-04-03 13:00:00+00:00,8.0,3.7083333333333335,1.0,1.125,0.0,0.0,0.0,0.0,0.0,0.0,0.0,0.0
2024-04-03 14:00:00+00:00,24.0,3.875,24.0,1.2916666666666667,0.0,0.0,0.0,0.0,0.0,0.0,0.0,0.0
2024-04-03 15:00:00+00:00,21.0,4.208333333333333,14.0,1.625,0.0,0.0,0.0,0.0,0.0,0.0,0.0,0.0
2024-04-03 16:00:00+00:00,2.0,3.5833333333333335,0.0,1.625,0.0,0.0,0.0,0.0,0.0,0.0,0.0,0.0
2024-04-03 17:00:00+00:00,13.0,4.041666666666667,0.0,1.625,0.0,0.0,0.0,0.0,0.0,0.0,0.0,0.0
2024-04-03 18:00:00+00:00,11.0,4.041666666666667,0.0,1.625,0.0,0.0,0.0,0.0,0.0,0.0,0.0,0.0
2024-04-03 19:00:00+00:00,9.0,3.9583333333333335,0.0,1.625,0.0,0.0,0.0,0.0,0.0,0.0,0.0,0.0
2024-04-03 20:00:00+00:00,5.0,3.9166666666666665,0.0,1.625,0.0,0.0,0.0,0.0,0.0,0.0,0.0,0.0
2024-04-03 21:00:00+00:00,0.0,3.9166666666666665,0.0,1.625,0.0,0.0,0.0,0.0,0.0,0.0,0.0,0.0
2024-04-03 22:00:00+00:00,0.0,3.9166666666666665,0.0,1.625,0.0,0.0,0.0,0.0,0.0,0.0,0.0,0.0
2024-04-03 23:00:00+00:00,0.0,3.9166666666666665,0.0,1.625,0.0,0.0,0.0,0.0,0.0,0.0,0.0,0.0
2024-04-04 00:00:00+00:00,0.0,3.9166666666666665,0.0,1.625,0.0,0.0,0.0,0.0,0.0,0.0,0.0,0.0
2024-04-04 01:00:00+00:00,0.0,3.9166666666666665,0.0,1.625,0.0,0.0,0.0,0.0,0.0,0.0,0.0,0.0
2024-04-04 02:00:00+00:00,0.0,3.9166666666666665,0.0,1.625,0.0,0.0,0.0,0.0,0.0,0.0,0.0,0.0
2024-04-04 03:00:00+00:00,0.0,3.9166666666666665,0.0,1.625,0.0,0.0,0.0,0.0,0.0,0.0,0.0,0.0
2024-04-04 04:00:00+00:00,0.0,3.9166666666666665,0.0,1.625,0.0,0.0,0.0,0.0,0.0,0.0,0.0,0.0
2024-04-04 05:00:00+00:00,0.0,3.9166666666666665,0.0,1.625,0.0,0.0,0.0,0.0,0.0,0.0,0.0,0.0
2024-04-04 06:00:00+00:00,0.0,3.9166666666666665,0.0,1.625,0.0,0.0,0.0,0.0,0.0,0.0,0.0,0.0
2024-04-04 07:00:00+00:00,0.0,3.9166666666666665,0.0,1.625,0.0,0.0,0.0,0.0,0.0,0.0,0.0,0.0
2024-04-04 08:00:00+00:00,0.0,3.9166666666666665,0.0,1.625,0.0,0.0,0.0,0.0,0.0,0.0,0.0,0.0
2024-04-04 09:00:00+00:00,0.0,3.9166666666666665,0.0,1.625,0.0,0.0,0.0,0.0,0.0,0.0,0.0,0.0
2024-04-04 10:00:00+00:00,0.0,3.9166666666666665,0.0,1.625,0.0,0.0,0.0,0.0,0.0,0.0,0.0,0.0
2024-04-04 11:00:00+00:00,0.0,3.9166666666666665,0.0,1.625,0.0,0.0,0.0,0.0,0.0,0.0,0.0,0.0
2024-04-04 12:00:00+00:00,1.0,3.9166666666666665,0.0,1.625,0.0,0.0,0.0,0.0,0.0,0.0,0.0,0.0
2024-04-04 13:00:00+00:00,8.0,3.9166666666666665,0.0,1.5833333333333333,0.0,0.0,0.0,0.0,0.0,0.0,0.0,0.0
2024-04-04 14:00:00+00:00,0.0,2.9166666666666665,0.0,0.5833333333333334,0.0,0.0,0.0,0.0,0.0,0.0,0.0,0.0
2024-04-04 15:00:00+00:00,23.0,3.0,0.0,0.0,0.0,0.0,0.0,0.0,0.0,0.0,6.0,0.25
2024-04-04 16:00:00+00:00,13.0,3.4583333333333335,13.0,0.5416666666666666,0.0,0.0,0.0,0.0,0.0,0.0,6.0,0.5
2024-04-04 17:00:00+00:00,30.0,4.166666666666667,30.0,1.7916666666666667,0.0,0.0,0.0,0.0,0.0,0.0,0.0,0.5
2024-04-04 18:00:00+00:00,2.0,3.7916666666666665,0.0,1.7916666666666667,0.0,0.0,0.0,0.0,0.0,0.0,0.0,0.5
2024-04-04 19:00:00+00:00,16.0,4.083333333333333,8.0,2.125,0.0,0.0,0.0,0.0,0.0,0.0,0.0,0.5
2024-04-04 20:00:00+00:00,22.0,4.791666666666667,22.0,3.0416666666666665,0.0,0.0,0.0,0.0,0.0,0.0,0.0,0.5
2024-04-04 21:00:00+00:00,2.0,4.875,0.0,3.0416666666666665,0.0,0.0,0.0,0.0,0.0,0.0,0.0,0.5
2024-04-04 22:00:00+00:00,0.0,4.875,0.0,3.0416666666666665,0.0,0.0,0.0,0.0,0.0,0.0,0.0,0.5
2024-04-04 23:00:00+00:00,1.0,4.916666666666667,0.0,3.0416666666666665,0.0,0.0,0.0,0.0,0.0,0.0,0.0,0.5
2024-04-05 00:00:00+00:00,0.0,4.916666666666667,0.0,3.0416666666666665,0.0,0.0,0.0,0.0,0.0,0.0,0.0,0.5
2024-04-05 01:00:00+00:00,0.0,4.916666666666667,0.0,3.0416666666666665,0.0,0.0,0.0,0.0,0.0,0.0,0.0,0.5
2024-04-05 02:00:00+00:00,0.0,4.916666666666667,0.0,3.0416666666666665,0.0,0.0,0.0,0.0,0.0,0.0,0.0,0.5
2024-04-05 03:00:00+00:00,0.0,4.916666666666667,0.0,3.0416666666666665,0.0,0.0,0.0,0.0,0.0,0.0,0.0,0.5
2024-04-05 04:00:00+00:00,0.0,4.916666666666667,0.0,3.0416666666666665,0.0,0.0,0.0,0.0,0.0,0.0,0.0,0.5
2024-04-05 05:00:00+00:00,0.0,4.916666666666667,0.0,3.0416666666666665,0.0,0.0,0.0,0.0,0.0,0.0,0.0,0.5
2024-04-05 06:00:00+00:00,0.0,4.916666666666667,0.0,3.0416666666666665,0.0,0.0,0.0,0.0,0.0,0.0,0.0,0.5
2024-04-05 07:00:00+00:00,0.0,4.916666666666667,0.0,3.0416666666666665,0.0,0.0,0.0,0.0,0.0,0.0,0.0,0.5
2024-04-05 08:00:00+00:00,0.0,4.916666666666667,0.0,3.0416666666666665,0.0,0.0,0.0,0.0,0.0,0.0,0.0,0.5
2024-04-05 09:00:00+00:00,0.0,4.916666666666667,0.0,3.0416666666666665,0.0,0.0,0.0,0.0,0.0,0.0,0.0,0.5
2024-04-05 10:00:00+00:00,1.0,4.958333333333333,0.0,3.0416666666666665,0.0,0.0,0.0,0.0,0.0,0.0,0.0,0.5
2024-04-05 11:00:00+00:00,2.0,5.041666666666667,0.0,3.0416666666666665,0.0,0.0,0.0,0.0,0.0,0.0,0.0,0.5
2024-04-05 12:00:00+00:00,4.0,5.166666666666667,0.0,3.0416666666666665,0.0,0.0,0.0,0.0,0.0,0.0,0.0,0.5
2024-04-05 13:00:00+00:00,1.0,4.875,0.0,3.0416666666666665,0.0,0.0,0.0,0.0,0.0,0.0,0.0,0.5
2024-04-05 14:00:00+00:00,2.0,4.958333333333333,0.0,3.0416666666666665,0.0,0.0,0.0,0.0,0.0,0.0,0.0,0.5
2024-04-05 15:00:00+00:00,9.0,4.375,0.0,3.0416666666666665,0.0,0.0,0.0,0.0,0.0,0.0,0.0,0.25
2024-04-05 16:00:00+00:00,6.0,4.083333333333333,0.0,2.5,0.0,0.0,0.0,0.0,0.0,0.0,0.0,0.0
2024-04-05 17:00:00+00:00,8.0,3.1666666666666665,0.0,1.25,0.0,0.0,0.0,0.0,0.0,0.0,0.0,0.0
2024-04-05 18:00:00+00:00,7.0,3.375,0.0,1.25,0.0,0.0,0.0,0.0,0.0,0.0,0.0,0.0
2024-04-05 19:00:00+00:00,5.0,2.9166666666666665,0.0,0.9166666666666666,0.0,0.0,0.0,0.0,0.0,0.0,0.0,0.0
2024-04-05 20:00:00+00:00,1.0,2.0416666666666665,0.0,0.0,0.0,0.0,0.0,0.0,0.0,0.0,0.0,0.0
2024-04-05 21:00:00+00:00,0.0,1.9583333333333333,0.0,0.0,0.0,0.0,0.0,0.0,0.0,0.0,0.0,0.0
2024-04-05 22:00:00+00:00,7.0,2.25,0.0,0.0,0.0,0.0,0.0,0.0,0.0,0.0,0.0,0.0
2024-04-05 23:00:00+00:00,1.0,2.25,0.0,0.0,0.0,0.0,0.0,0.0,0.0,0.0,0.0,0.0
2024-04-06 00:00:00+00:00,0.0,2.25,0.0,0.0,0.0,0.0,0.0,0.0,0.0,0.0,0.0,0.0
2024-04-06 01:00:00+00:00,0.0,2.25,0.0,0.0,0.0,0.0,0.0,0.0,0.0,0.0,0.0,0.0
2024-04-06 02:00:00+00:00,0.0,2.25,0.0,0.0,0.0,0.0,0.0,0.0,0.0,0.0,0.0,0.0
2024-04-06 03:00:00+00:00,0.0,2.25,0.0,0.0,0.0,0.0,0.0,0.0,0.0,0.0,0.0,0.0
2024-04-06 04:00:00+00:00,0.0,2.25,0.0,0.0,0.0,0.0,0.0,0.0,0.0,0.0,0.0,0.0
2024-04-06 05:00:00+00:00,0.0,2.25,0.0,0.0,0.0,0.0,0.0,0.0,0.0,0.0,0.0,0.0
2024-04-06 06:00:00+00:00,0.0,2.25,0.0,0.0,0.0,0.0,0.0,0.0,0.0,0.0,0.0,0.0
2024-04-06 07:00:00+00:00,0.0,2.25,0.0,0.0,0.0,0.0,0.0,0.0,0.0,0.0,0.0,0.0
2024-04-06 08:00:00+00:00,0.0,2.25,0.0,0.0,0.0,0.0,0.0,0.0,0.0,0.0,0.0,0.0
2024-04-06 09:00:00+00:00,0.0,2.25,0.0,0.0,0.0,0.0,0.0,0.0,0.0,0.0,0.0,0.0
2024-04-06 10:00:00+00:00,0.0,2.2083333333333335,0.0,0.0,0.0,0.0,0.0,0.0,0.0,0.0,0.0,0.0
2024-04-06 11:00:00+00:00,0.0,2.125,0.0,0.0,0.0,0.0,0.0,0.0,0.0,0.0,0.0,0.0
2024-04-06 12:00:00+00:00,0.0,1.9583333333333333,0.0,0.0,0.0,0.0,0.0,0.0,0.0,0.0,0.0,0.0
2024-04-06 13:00:00+00:00,0.0,1.9166666666666667,0.0,0.0,0.0,0.0,0.0,0.0,0.0,0.0,0.0,0.0
2024-04-06 14:00:00+00:00,0.0,1.8333333333333333,0.0,0.0,0.0,0.0,0.0,0.0,0.0,0.0,0.0,0.0
2024-04-06 15:00:00+00:00,0.0,1.4583333333333333,0.0,0.0,0.0,0.0,0.0,0.0,0.0,0.0,0.0,0.0
2024-04-06 16:00:00+00:00,0.0,1.2083333333333333,0.0,0.0,0.0,0.0,0.0,0.0,0.0,0.0,0.0,0.0
2024-04-06 17:00:00+00:00,0.0,0.875,0.0,0.0,0.0,0.0,0.0,0.0,0.0,0.0,0.0,0.0
2024-04-06 18:00:00+00:00,0.0,0.5833333333333334,0.0,0.0,0.0,0.0,0.0,0.0,0.0,0.0,0.0,0.0
2024-04-06 19:00:00+00:00,0.0,0.375,0.0,0.0,0.0,0.0,0.0,0.0,0.0,0.0,0.0,0.0
2024-04-06 20:00:00+00:00,0.0,0.3333333333333333,0.0,0.0,0.0,0.0,0.0,0.0,0.0,0.0,0.0,0.0
2024-04-06 21:00:00+00:00,0.0,0.3333333333333333,0.0,0.0,0.0,0.0,0.0,0.0,0.0,0.0,0.0,0.0
2024-04-06 22:00:00+00:00,0.0,0.041666666666666664,0.0,0.0,0.0,0.0,0.0,0.0,0.0,0.0,0.0,0.0
2024-04-06 23:00:00+00:00,3.0,0.125,0.0,0.0,0.0,0.0,0.0,0.0,0.0,0.0,0.0,0.0
2024-04-07 00:00:00+00:00,2.0,0.20833333333333334,0.0,0.0,2.0,0.08333333333333333,0.0,0.0,0.0,0.0,0.0,0.0
2024-04-07 01:00:00+00:00,0.0,0.20833333333333334,0.0,0.0,0.0,0.08333333333333333,0.0,0.0,0.0,0.0,0.0,0.0
2024-04-07 02:00:00+00:00,0.0,0.20833333333333334,0.0,0.0,0.0,0.08333333333333333,0.0,0.0,0.0,0.0,0.0,0.0
2024-04-07 03:00:00+00:00,0.0,0.20833333333333334,0.0,0.0,0.0,0.08333333333333333,0.0,0.0,0.0,0.0,0.0,0.0
2024-04-07 04:00:00+00:00,0.0,0.20833333333333334,0.0,0.0,0.0,0.08333333333333333,0.0,0.0,0.0,0.0,0.0,0.0
2024-04-07 05:00:00+00:00,0.0,0.20833333333333334,0.0,0.0,0.0,0.08333333333333333,0.0,0.0,0.0,0.0,0.0,0.0
2024-04-07 06:00:00+00:00,0.0,0.20833333333333334,0.0,0.0,0.0,0.08333333333333333,0.0,0.0,0.0,0.0,0.0,0.0
2024-04-07 07:00:00+00:00,0.0,0.20833333333333334,0.0,0.0,0.0,0.08333333333333333,0.0,0.0,0.0,0.0,0.0,0.0
2024-04-07 08:00:00+00:00,0.0,0.20833333333333334,0.0,0.0,0.0,0.08333333333333333,0.0,0.0,0.0,0.0,0.0,0.0
2024-04-07 09:00:00+00:00,0.0,0.20833333333333334,0.0,0.0,0.0,0.08333333333333333,0.0,0.0,0.0,0.0,0.0,0.0
2024-04-07 10:00:00+00:00,0.0,0.20833333333333334,0.0,0.0,0.0,0.08333333333333333,0.0,0.0,0.0,0.0,0.0,0.0
2024-04-07 11:00:00+00:00,0.0,0.20833333333333334,0.0,0.0,0.0,0.08333333333333333,0.0,0.0,0.0,0.0,0.0,0.0
2024-04-07 12:00:00+00:00,0.0,0.20833333333333334,0.0,0.0,0.0,0.08333333333333333,0.0,0.0,0.0,0.0,0.0,0.0
2024-04-07 13:00:00+00:00,0.0,0.20833333333333334,0.0,0.0,0.0,0.08333333333333333,0.0,0.0,0.0,0.0,0.0,0.0
2024-04-07 14:00:00+00:00,0.0,0.20833333333333334,0.0,0.0,0.0,0.08333333333333333,0.0,0.0,0.0,0.0,0.0,0.0
2024-04-07 15:00:00+00:00,0.0,0.20833333333333334,10.0,0.4166666666666667,13.0,0.625,0.0,0.0,0.0,0.0,0.0,0.0
2024-04-07 16:00:00+00:00,0.0,0.20833333333333334,30.0,1.6666666666666667,30.0,1.875,0.0,0.0,0.0,0.0,0.0,0.0
2024-04-07 17:00:00+00:00,0.0,0.20833333333333334,8.0,2.0,17.0,2.5833333333333335,0.0,0.0,0.0,0.0,0.0,0.0
2024-04-07 18:00:00+00:00,0.0,0.20833333333333334,0.0,2.0,0.0,2.5833333333333335,0.0,0.0,0.0,0.0,0.0,0.0
2024-04-07 19:00:00+00:00,0.0,0.20833333333333334,0.0,2.0,3.0,2.7083333333333335,0.0,0.0,0.0,0.0,0.0,0.0
2024-04-07 20:00:00+00:00,0.0,0.20833333333333334,0.0,2.0,0.0,2.7083333333333335,0.0,0.0,0.0,0.0,0.0,0.0
2024-04-07 21:00:00+00:00,0.0,0.20833333333333334,0.0,2.0,0.0,2.7083333333333335,0.0,0.0,0.0,0.0,0.0,0.0
2024-04-07 22:00:00+00:00,0.0,0.20833333333333334,0.0,2.0,4.0,2.875,0.0,0.0,0.0,0.0,0.0,0.0
2024-04-07 23:00:00+00:00,2.0,0.16666666666666666,0.0,2.0,2.0,2.9583333333333335,0.0,0.0,0.0,0.0,0.0,0.0
2024-04-08 00:00:00+00:00,8.0,0.4166666666666667,0.0,2.0,0.0,2.875,0.0,0.0,0.0,0.0,0.0,0.0
2024-04-08 01:00:00+00:00,0.0,0.4166666666666667,0.0,2.0,0.0,2.875,0.0,0.0,0.0,0.0,0.0,0.0
2024-04-08 02:00:00+00:00,4.0,0.5833333333333334,0.0,2.0,0.0,2.875,0.0,0.0,0.0,0.0,0.0,0.0
2024-04-08 03:00:00+00:00,1.0,0.625,0.0,2.0,0.0,2.875,0.0,0.0,0.0,0.0,0.0,0.0
2024-04-08 04:00:00+00:00,4.0,0.7916666666666666,0.0,2.0,0.0,2.875,0.0,0.0,0.0,0.0,0.0,0.0
2024-04-08 05:00:00+00:00,0.0,0.7916666666666666,0.0,2.0,0.0,2.875,0.0,0.0,0.0,0.0,0.0,0.0
2024-04-08 06:00:00+00:00,0.0,0.7916666666666666,0.0,2.0,0.0,2.875,0.0,0.0,0.0,0.0,0.0,0.0
2024-04-08 07:00:00+00:00,0.0,0.7916666666666666,0.0,2.0,0.0,2.875,0.0,0.0,0.0,0.0,0.0,0.0
2024-04-08 08:00:00+00:00,0.0,0.7916666666666666,0.0,2.0,0.0,2.875,0.0,0.0,0.0,0.0,0.0,0.0
2024-04-08 09:00:00+00:00,0.0,0.7916666666666666,0.0,2.0,0.0,2.875,0.0,0.0,0.0,0.0,0.0,0.0
2024-04-08 10:00:00+00:00,0.0,0.7916666666666666,0.0,2.0,0.0,2.875,0.0,0.0,0.0,0.0,0.0,0.0
2024-04-08 11:00:00+00:00,0.0,0.7916666666666666,0.0,2.0,0.0,2.875,0.0,0.0,0.0,0.0,0.0,0.0
2024-04-08 12:00:00+00:00,0.0,0.7916666666666666,0.0,2.0,0.0,2.875,0.0,0.0,0.0,0.0,0.0,0.0
2024-04-08 13:00:00+00:00,0.0,0.7916666666666666,0.0,2.0,0.0,2.875,0.0,0.0,0.0,0.0,0.0,0.0
2024-04-08 14:00:00+00:00,0.0,0.7916666666666666,0.0,2.0,0.0,2.875,0.0,0.0,0.0,0.0,0.0,0.0
2024-04-08 15:00:00+00:00,0.0,0.7916666666666666,0.0,1.5833333333333333,0.0,2.3333333333333335,0.0,0.0,0.0,0.0,0.0,0.0
2024-04-08 16:00:00+00:00,0.0,0.7916666666666666,0.0,0.3333333333333333,0.0,1.0833333333333333,0.0,0.0,0.0,0.0,0.0,0.0
2024-04-08 17:00:00+00:00,0.0,0.7916666666666666,0.0,0.0,0.0,0.375,0.0,0.0,0.0,0.0,0.0,0.0
2024-04-08 18:00:00+00:00,0.0,0.7916666666666666,0.0,0.0,0.0,0.375,0.0,0.0,0.0,0.0,0.0,0.0
2024-04-08 19:00:00+00:00,0.0,0.7916666666666666,0.0,0.0,0.0,0.25,0.0,0.0,0.0,0.0,0.0,0.0
2024-04-08 20:00:00+00:00,0.0,0.7916666666666666,0.0,0.0,0.0,0.25,0.0,0.0,0.0,0.0,0.0,0.0
2024-04-08 21:00:00+00:00,0.0,0.7916666666666666,0.0,0.0,0.0,0.25,0.0,0.0,0.0,0.0,0.0,0.0
2024-04-08 22:00:00+00:00,0.0,0.7916666666666666,0.0,0.0,0.0,0.08333333333333333,0.0,0.0,0.0,0.0,0.0,0.0
2024-04-08 23:00:00+00:00,0.0,0.7083333333333334,0.0,0.0,0.0,0.0,0.0,0.0,0.0,0.0,0.0,0.0
2024-04-09 00:00:00+00:00,0.0,0.375,0.0,0.0,0.0,0.0,0.0,0.0,0.0,0.0,0.0,0.0
2024-04-09 01:00:00+00:00,0.0,0.375,0.0,0.0,0.0,0.0,0.0,0.0,0.0,0.0,0.0,0.0
2024-04-09 02:00:00+00:00,7.0,0.5,0.0,0.0,7.0,0.2916666666666667,0.0,0.0,0.0,0.0,0.0,0.0
2024-04-09 03:00:00+00:00,18.0,1.2083333333333333,0.0,0.0,18.0,1.0416666666666667,0.0,0.0,0.0,0.0,0.0,0.0
2024-04-09 04:00:00+00:00,0.0,1.0416666666666667,0.0,0.0,0.0,1.0416666666666667,0.0,0.0,0.0,0.0,0.0,0.0
2024-04-09 05:00:00+00:00,20.0,1.875,0.0,0.0,20.0,1.875,0.0,0.0,0.0,0.0,0.0,0.0
2024-04-09 06:00:00+00:00,0.0,1.875,0.0,0.0,5.0,2.0833333333333335,0.0,0.0,0.0,0.0,0.0,0.0
2024-04-09 07:00:00+00:00,0.0,1.875,0.0,0.0,0.0,2.0833333333333335,0.0,0.0,0.0,0.0,0.0,0.0
2024-04-09 08:00:00+00:00,0.0,1.875,0.0,0.0,0.0,2.0833333333333335,0.0,0.0,0.0,0.0,0.0,0.0
2024-04-09 09:00:00+00:00,0.0,1.875,0.0,0.0,0.0,2.0833333333333335,0.0,0.0,0.0,0.0,0.0,0.0
2024-04-09 10:00:00+00:00,0.0,1.875,0.0,0.0,0.0,2.0833333333333335,0.0,0.0,0.0,0.0,0.0,0.0
2024-04-09 11:00:00+00:00,0.0,1.875,0.0,0.0,0.0,2.0833333333333335,0.0,0.0,0.0,0.0,0.0,0.0
2024-04-09 12:00:00+00:00,0.0,1.875,0.0,0.0,8.0,2.4166666666666665,0.0,0.0,0.0,0.0,0.0,0.0
2024-04-09 13:00:00+00:00,0.0,1.875,0.0,0.0,7.0,2.7083333333333335,0.0,0.0,0.0,0.0,0.0,0.0
2024-04-09 14:00:00+00:00,0.0,1.875,0.0,0.0,10.0,3.125,0.0,0.0,0.0,0.0,0.0,0.0
2024-04-09 15:00:00+00:00,0.0,1.875,0.0,0.0,0.0,3.125,0.0,0.0,0.0,0.0,0.0,0.0
2024-04-09 16:00:00+00:00,0.0,1.875,0.0,0.0,1.0,3.1666666666666665,0.0,0.0,0.0,0.0,0.0,0.0
2024-04-09 17:00:00+00:00,0.0,1.875,0.0,0.0,0.0,3.1666666666666665,0.0,0.0,0.0,0.0,0.0,0.0
2024-04-09 18:00:00+00:00,0.0,1.875,18.0,0.75,18.0,3.9166666666666665,0.0,0.0,0.0,0.0,0.0,0.0
2024-04-09 19:00:00+00:00,0.0,1.875,7.0,1.0416666666666667,7.0,4.208333333333333,0.0,0.0,0.0,0.0,0.0,0.0
2024-04-09 20:00:00+00:00,0.0,1.875,0.0,1.0416666666666667,1.0,4.25,0.0,0.0,0.0,0.0,0.0,0.0
2024-04-09 21:00:00+00:00,0.0,1.875,0.0,1.0416666666666667,1.0,4.291666666666667,0.0,0.0,0.0,0.0,0.0,0.0
2024-04-09 22:00:00+00:00,0.0,1.875,0.0,1.0416666666666667,5.0,4.5,0.0,0.0,0.0,0.0,0.0,0.0
2024-04-09 23:00:00+00:00,3.0,2.0,3.0,1.1666666666666667,3.0,4.625,0.0,0.0,0.0,0.0,0.0,0.0
2024-04-10 00:00:00+00:00,41.0,3.7083333333333335,41.0,2.875,0.0,4.625,0.0,0.0,0.0,0.0,0.0,0.0
2024-04-10 01:00:00+00:00,0.0,3.7083333333333335,0.0,2.875,0.0,4.625,0.0,0.0,0.0,0.0,0.0,0.0
2024-04-10 02:00:00+00:00,0.0,3.4166666666666665,0.0,2.875,0.0,4.333333333333333,0.0,0.0,0.0,0.0,0.0,0.0
2024-04-10 03:00:00+00:00,2.0,2.75,0.0,2.875,0.0,3.5833333333333335,0.0,0.0,0.0,0.0,0.0,0.0
2024-04-10 04:00:00+00:00,0.0,2.75,0.0,2.875,0.0,3.5833333333333335,0.0,0.0,0.0,0.0,0.0,0.0
2024-04-10 05:00:00+00:00,0.0,1.9166666666666667,0.0,2.875,0.0,2.75,0.0,0.0,0.0,0.0,0.0,0.0
2024-04-10 06:00:00+00:00,0.0,1.9166666666666667,0.0,2.875,0.0,2.5416666666666665,0.0,0.0,0.0,0.0,0.0,0.0
2024-04-10 07:00:00+00:00,0.0,1.9166666666666667,0.0,2.875,0.0,2.5416666666666665,0.0,0.0,0.0,0.0,0.0,0.0
2024-04-10 08:00:00+00:00,0.0,1.9166666666666667,0.0,2.875,0.0,2.5416666666666665,0.0,0.0,0.0,0.0,0.0,0.0
2024-04-10 09:00:00+00:00,0.0,1.9166666666666667,0.0,2.875,0.0,2.5416666666666665,0.0,0.0,0.0,0.0,0.0,0.0
2024-04-10 10:00:00+00:00,0.0,1.9166666666666667,0.0,2.875,0.0,2.5416666666666665,0.0,0.0,0.0,0.0,0.0,0.0
2024-04-10 11:00:00+00:00,0.0,1.9166666666666667,0.0,2.875,0.0,2.5416666666666665,0.0,0.0,0.0,0.0,0.0,0.0
2024-04-10 12:00:00+00:00,0.0,1.9166666666666667,0.0,2.875,0.0,2.2083333333333335,0.0,0.0,0.0,0.0,0.0,0.0
2024-04-10 13:00:00+00:00,0.0,1.9166666666666667,0.0,2.875,0.0,1.9166666666666667,0.0,0.0,0.0,0.0,0.0,0.0
2024-04-10 14:00:00+00:00,0.0,1.9166666666666667,0.0,2.875,0.0,1.5,0.0,0.0,0.0,0.0,0.0,0.0
2024-04-10 15:00:00+00:00,0.0,1.9166666666666667,0.0,2.875,0.0,1.5,0.0,0.0,0.0,0.0,0.0,0.0
2024-04-10 16:00:00+00:00,0.0,1.9166666666666667,16.0,3.5416666666666665,0.0,1.4583333333333333,0.0,0.0,0.0,0.0,0.0,0.0
2024-04-10 17:00:00+00:00,0.0,1.9166666666666667,22.0,4.458333333333333,0.0,1.4583333333333333,0.0,0.0,0.0,0.0,0.0,0.0
2024-04-10 18:00:00+00:00,0.0,1.9166666666666667,0.0,3.7083333333333335,0.0,0.7083333333333334,0.0,0.0,0.0,0.0,0.0,0.0
2024-04-10 19:00:00+00:00,0.0,1.9166666666666667,0.0,3.4166666666666665,0.0,0.4166666666666667,0.0,0.0,0.0,0.0,0.0,0.0
2024-04-10 20:00:00+00:00,0.0,1.9166666666666667,0.0,3.4166666666666665,0.0,0.375,0.0,0.0,0.0,0.0,0.0,0.0
2024-04-10 21:00:00+00:00,0.0,1.9166666666666667,0.0,3.4166666666666665,0.0,0.3333333333333333,0.0,0.0,0.0,0.0,0.0,0.0
2024-04-10 22:00:00+00:00,0.0,1.9166666666666667,0.0,3.4166666666666665,0.0,0.125,0.0,0.0,0.0,0.0,0.0,0.0
2024-04-10 23:00:00+00:00,0.0,1.7916666666666667,0.0,3.2916666666666665,0.0,0.0,0.0,0.0,0.0,0.0,0.0,0.0
2024-04-11 00:00:00+00:00,1.0,0.125,0.0,1.5833333333333333,1.0,0.041666666666666664,0.0,0.0,0.0,0.0,0.0,0.0
2024-04-11 01:00:00+00:00,4.0,0.2916666666666667,0.0,1.5833333333333333,4.0,0.20833333333333334,0.0,0.0,0.0,0.0,0.0,0.0
2024-04-11 02:00:00+00:00,7.0,0.5833333333333334,0.0,1.5833333333333333,7.0,0.5,0.0,0.0,0.0,0.0,0.0,0.0
2024-04-11 03:00:00+00:00,0.0,0.5,0.0,1.5833333333333333,0.0,0.5,0.0,0.0,0.0,0.0,0.0,0.0
2024-04-11 04:00:00+00:00,0.0,0.5,0.0,1.5833333333333333,0.0,0.5,0.0,0.0,0.0,0.0,0.0,0.0
2024-04-11 05:00:00+00:00,15.0,1.125,0.0,1.5833333333333333,15.0,1.125,0.0,0.0,0.0,0.0,0.0,0.0
2024-04-11 06:00:00+00:00,0.0,1.125,0.0,1.5833333333333333,0.0,1.125,0.0,0.0,0.0,0.0,0.0,0.0
2024-04-11 07:00:00+00:00,0.0,1.125,0.0,1.5833333333333333,0.0,1.125,0.0,0.0,0.0,0.0,0.0,0.0
2024-04-11 08:00:00+00:00,0.0,1.125,0.0,1.5833333333333333,0.0,1.125,0.0,0.0,0.0,0.0,0.0,0.0
2024-04-11 09:00:00+00:00,0.0,1.125,0.0,1.5833333333333333,0.0,1.125,0.0,0.0,0.0,0.0,0.0,0.0
2024-04-11 10:00:00+00:00,0.0,1.125,0.0,1.5833333333333333,0.0,1.125,0.0,0.0,0.0,0.0,0.0,0.0
2024-04-11 11:00:00+00:00,0.0,1.125,0.0,1.5833333333333333,0.0,1.125,0.0,0.0,0.0,0.0,0.0,0.0
2024-04-11 12:00:00+00:00,3.0,1.25,0.0,1.5833333333333333,3.0,1.25,0.0,0.0,0.0,0.0,0.0,0.0
2024-04-11 13:00:00+00:00,11.0,1.7083333333333333,0.0,1.5833333333333333,11.0,1.7083333333333333,0.0,0.0,0.0,0.0,0.0,0.0
2024-04-11 14:00:00+00:00,7.0,2.0,0.0,1.5833333333333333,7.0,2.0,0.0,0.0,0.0,0.0,0.0,0.0
2024-04-11 15:00:00+00:00,3.0,2.125,0.0,1.5833333333333333,3.0,2.125,0.0,0.0,0.0,0.0,0.0,0.0
2024-04-11 16:00:00+00:00,4.0,2.2916666666666665,0.0,0.9166666666666666,4.0,2.2916666666666665,0.0,0.0,0.0,0.0,0.0,0.0
2024-04-11 17:00:00+00:00,0.0,2.2916666666666665,0.0,0.0,0.0,2.2916666666666665,0.0,0.0,0.0,0.0,0.0,0.0
2024-04-11 18:00:00+00:00,2.0,2.375,0.0,0.0,2.0,2.375,0.0,0.0,0.0,0.0,0.0,0.0
2024-04-11 19:00:00+00:00,9.0,2.75,0.0,0.0,9.0,2.75,0.0,0.0,0.0,0.0,0.0,0.0
2024-04-11 20:00:00+00:00,8.0,3.0833333333333335,0.0,0.0,8.0,3.0833333333333335,0.0,0.0,0.0,0.0,0.0,0.0
2024-04-11 21:00:00+00:00,0.0,3.0833333333333335,0.0,0.0,0.0,3.0833333333333335,0.0,0.0,0.0,0.0,0.0,0.0
2024-04-11 22:00:00+00:00,8.0,3.4166666666666665,0.0,0.0,8.0,3.4166666666666665,0.0,0.0,0.0,0.0,0.0,0.0
2024-04-11 23:00:00+00:00,6.0,3.6666666666666665,0.0,0.0,6.0,3.6666666666666665,0.0,0.0,0.0,0.0,0.0,0.0
2024-04-12 00:00:00+00:00,0.0,3.625,0.0,0.0,0.0,3.625,0.0,0.0,0.0,0.0,0.0,0.0
2024-04-12 01:00:00+00:00,0.0,3.4583333333333335,0.0,0.0,0.0,3.4583333333333335,0.0,0.0,0.0,0.0,0.0,0.0
2024-04-12 02:00:00+00:00,0.0,3.1666666666666665,0.0,0.0,0.0,3.1666666666666665,0.0,0.0,0.0,0.0,0.0,0.0
2024-04-12 03:00:00+00:00,0.0,3.1666666666666665,0.0,0.0,0.0,3.1666666666666665,0.0,0.0,0.0,0.0,0.0,0.0
2024-04-12 04:00:00+00:00,0.0,3.1666666666666665,0.0,0.0,0.0,3.1666666666666665,0.0,0.0,0.0,0.0,0.0,0.0
2024-04-12 05:00:00+00:00,0.0,2.5416666666666665,0.0,0.0,0.0,2.5416666666666665,0.0,0.0,0.0,0.0,0.0,0.0
2024-04-12 06:00:00+00:00,0.0,2.5416666666666665,0.0,0.0,0.0,2.5416666666666665,0.0,0.0,0.0,0.0,0.0,0.0
2024-04-12 07:00:00+00:00,0.0,2.5416666666666665,0.0,0.0,0.0,2.5416666666666665,0.0,0.0,0.0,0.0,0.0,0.0
2024-04-12 08:00:00+00:00,0.0,2.5416666666666665,0.0,0.0,0.0,2.5416666666666665,0.0,0.0,0.0,0.0,0.0,0.0
2024-04-12 09:00:00+00:00,0.0,2.5416666666666665,0.0,0.0,0.0,2.5416666666666665,0.0,0.0,0.0,0.0,0.0,0.0
2024-04-12 10:00:00+00:00,0.0,2.5416666666666665,0.0,0.0,0.0,2.5416666666666665,0.0,0.0,0.0,0.0,0.0,0.0
2024-04-12 11:00:00+00:00,1.0,2.5833333333333335,0.0,0.0,0.0,2.5416666666666665,0.0,0.0,0.0,0.0,0.0,0.0
2024-04-12 12:00:00+00:00,0.0,2.4583333333333335,0.0,0.0,0.0,2.4166666666666665,0.0,0.0,0.0,0.0,0.0,0.0
2024-04-12 13:00:00+00:00,0.0,2.0,0.0,0.0,0.0,1.9583333333333333,0.0,0.0,0.0,0.0,0.0,0.0
2024-04-12 14:00:00+00:00,5.0,1.9166666666666667,0.0,0.0,0.0,1.6666666666666667,0.0,0.0,0.0,0.0,0.0,0.0
2024-04-12 15:00:00+00:00,2.0,1.875,0.0,0.0,0.0,1.5416666666666667,0.0,0.0,0.0,0.0,0.0,0.0
2024-04-12 16:00:00+00:00,1.0,1.75,0.0,0.0,0.0,1.375,0.0,0.0,0.0,0.0,0.0,0.0
2024-04-12 17:00:00+00:00,0.0,1.75,0.0,0.0,0.0,1.375,0.0,0.0,0.0,0.0,0.0,0.0
2024-04-12 18:00:00+00:00,0.0,1.6666666666666667,0.0,0.0,0.0,1.2916666666666667,0.0,0.0,0.0,0.0,0.0,0.0
2024-04-12 19:00:00+00:00,3.0,1.4166666666666667,0.0,0.0,0.0,0.9166666666666666,0.0,0.0,0.0,0.0,0.0,0.0
2024-04-12 20:00:00+00:00,3.0,1.2083333333333333,0.0,0.0,0.0,0.5833333333333334,0.0,0.0,0.0,0.0,0.0,0.0
2024-04-12 21:00:00+00:00,1.0,1.25,0.0,0.0,0.0,0.5833333333333334,0.0,0.0,0.0,0.0,0.0,0.0
2024-04-12 22:00:00+00:00,2.0,1.0,0.0,0.0,0.0,0.25,0.0,0.0,0.0,0.0,0.0,0.0
2024-04-12 23:00:00+00:00,18.0,1.5,0.0,0.0,0.0,0.0,0.0,0.0,0.0,0.0,9.0,0.375
2024-04-13 00:00:00+00:00,1.0,1.5416666666666667,0.0,0.0,0.0,0.0,0.0,0.0,0.0,0.0,0.0,0.375
2024-04-13 01:00:00+00:00,1.0,1.5833333333333333,0.0,0.0,0.0,0.0,0.0,0.0,0.0,0.0,0.0,0.375
2024-04-13 02:00:00+00:00,0.0,1.5833333333333333,0.0,0.0,0.0,0.0,0.0,0.0,0.0,0.0,0.0,0.375
2024-04-13 03:00:00+00:00,0.0,1.5833333333333333,0.0,0.0,0.0,0.0,0.0,0.0,0.0,0.0,0.0,0.375
2024-04-13 04:00:00+00:00,0.0,1.5833333333333333,0.0,0.0,0.0,0.0,0.0,0.0,0.0,0.0,0.0,0.375
2024-04-13 05:00:00+00:00,0.0,1.5833333333333333,0.0,0.0,0.0,0.0,0.0,0.0,0.0,0.0,0.0,0.375
2024-04-13 06:00:00+00:00,0.0,1.5833333333333333,0.0,0.0,0.0,0.0,0.0,0.0,0.0,0.0,0.0,0.375
2024-04-13 07:00:00+00:00,0.0,1.5833333333333333,0.0,0.0,0.0,0.0,0.0,0.0,0.0,0.0,0.0,0.375
2024-04-13 08:00:00+00:00,0.0,1.5833333333333333,0.0,0.0,0.0,0.0,0.0,0.0,0.0,0.0,0.0,0.375
2024-04-13 09:00:00+00:00,0.0,1.5833333333333333,0.0,0.0,0.0,0.0,0.0,0.0,0.0,0.0,0.0,0.375
2024-04-13 10:00:00+00:00,0.0,1.5833333333333333,0.0,0.0,0.0,0.0,0.0,0.0,0.0,0.0,0.0,0.375
2024-04-13 11:00:00+00:00,1.0,1.5833333333333333,0.0,0.0,0.0,0.0,0.0,0.0,0.0,0.0,0.0,0.375
2024-04-13 12:00:00+00:00,3.0,1.7083333333333333,0.0,0.0,0.0,0.0,0.0,0.0,0.0,0.0,0.0,0.375
2024-04-13 13:00:00+00:00,0.0,1.7083333333333333,0.0,0.0,0.0,0.0,0.0,0.0,0.0,0.0,0.0,0.375
2024-04-13 14:00:00+00:00,0.0,1.5,0.0,0.0,0.0,0.0,0.0,0.0,0.0,0.0,0.0,0.375
2024-04-13 15:00:00+00:00,6.0,1.6666666666666667,0.0,0.0,0.0,0.0,0.0,0.0,0.0,0.0,0.0,0.375
2024-04-13 16:00:00+00:00,4.0,1.7916666666666667,0.0,0.0,0.0,0.0,0.0,0.0,0.0,0.0,0.0,0.375
2024-04-13 17:00:00+00:00,0.0,1.7916666666666667,0.0,0.0,0.0,0.0,0.0,0.0,0.0,0.0,0.0,0.375
2024-04-13 18:00:00+00:00,1.0,1.8333333333333333,0.0,0.0,0.0,0.0,0.0,0.0,0.0,0.0,0.0,0.375
2024-04-13 19:00:00+00:00,1.0,1.75,0.0,0.0,0.0,0.0,0.0,0.0,0.0,0.0,0.0,0.375
2024-04-13 20:00:00+00:00,6.0,1.875,0.0,0.0,0.0,0.0,0.0,0.0,0.0,0.0,0.0,0.375
2024-04-13 21:00:00+00:00,6.0,2.0833333333333335,0.0,0.0,0.0,0.0,0.0,0.0,0.0,0.0,0.0,0.375
2024-04-13 22:00:00+00:00,0.0,2.0,0.0,0.0,0.0,0.0,0.0,0.0,0.0,0.0,0.0,0.375
2024-04-13 23:00:00+00:00,6.0,1.5,0.0,0.0,0.0,0.0,0.0,0.0,0.0,0.0,0.0,0.0
2024-04-14 00:00:00+00:00,4.0,1.625,0.0,0.0,0.0,0.0,0.0,0.0,0.0,0.0,0.0,0.0
2024-04-14 01:00:00+00:00,0.0,1.5833333333333333,0.0,0.0,0.0,0.0,0.0,0.0,0.0,0.0,0.0,0.0
2024-04-14 02:00:00+00:00,21.0,2.4583333333333335,0.0,0.0,0.0,0.0,0.0,0.0,0.0,0.0,0.0,0.0
2024-04-14 03:00:00+00:00,2.0,2.5416666666666665,0.0,0.0,0.0,0.0,0.0,0.0,0.0,0.0,0.0,0.0
2024-04-14 04:00:00+00:00,0.0,2.5416666666666665,0.0,0.0,0.0,0.0,0.0,0.0,0.0,0.0,0.0,0.0
2024-04-14 05:00:00+00:00,21.0,3.4166666666666665,0.0,0.0,0.0,0.0,0.0,0.0,0.0,0.0,0.0,0.0
2024-04-14 06:00:00+00:00,0.0,3.4166666666666665,0.0,0.0,0.0,0.0,0.0,0.0,0.0,0.0,0.0,0.0
2024-04-14 07:00:00+00:00,6.0,3.6666666666666665,0.0,0.0,0.0,0.0,0.0,0.0,0.0,0.0,0.0,0.0
2024-04-14 08:00:00+00:00,14.0,4.25,0.0,0.0,0.0,0.0,0.0,0.0,0.0,0.0,0.0,0.0
2024-04-14 09:00:00+00:00,0.0,4.25,0.0,0.0,0.0,0.0,0.0,0.0,0.0,0.0,0.0,0.0
2024-04-14 10:00:00+00:00,0.0,4.25,0.0,0.0,0.0,0.0,0.0,0.0,0.0,0.0,0.0,0.0
2024-04-14 11:00:00+00:00,0.0,4.208333333333333,0.0,0.0,0.0,0.0,0.0,0.0,0.0,0.0,0.0,0.0
2024-04-14 12:00:00+00:00,0.0,4.083333333333333,0.0,0.0,0.0,0.0,0.0,0.0,0.0,0.0,0.0,0.0
2024-04-14 13:00:00+00:00,0.0,4.083333333333333,0.0,0.0,0.0,0.0,0.0,0.0,0.0,0.0,0.0,0.0
2024-04-14 14:00:00+00:00,1.0,4.125,0.0,0.0,0.0,0.0,0.0,0.0,0.0,0.0,0.0,0.0
2024-04-14 15:00:00+00:00,3.0,4.0,0.0,0.0,0.0,0.0,0.0,0.0,0.0,0.0,0.0,0.0
2024-04-14 16:00:00+00:00,9.0,4.208333333333333,0.0,0.0,0.0,0.0,0.0,0.0,0.0,0.0,0.0,0.0
2024-04-14 17:00:00+00:00,14.0,4.791666666666667,0.0,0.0,0.0,0.0,0.0,0.0,0.0,0.0,0.0,0.0
2024-04-14 18:00:00+00:00,3.0,4.875,0.0,0.0,0.0,0.0,0.0,0.0,0.0,0.0,0.0,0.0
2024-04-14 19:00:00+00:00,9.0,5.208333333333333,0.0,0.0,0.0,0.0,0.0,0.0,0.0,0.0,0.0,0.0
2024-04-14 20:00:00+00:00,6.0,5.208333333333333,0.0,0.0,0.0,0.0,0.0,0.0,0.0,0.0,0.0,0.0
2024-04-14 21:00:00+00:00,8.0,5.291666666666667,0.0,0.0,0.0,0.0,0.0,0.0,0.0,0.0,0.0,0.0
2024-04-14 22:00:00+00:00,0.0,5.291666666666667,0.0,0.0,0.0,0.0,0.0,0.0,0.0,0.0,0.0,0.0
2024-04-14 23:00:00+00:00,0.0,5.041666666666667,0.0,0.0,0.0,0.0,0.0,0.0,0.0,0.0,0.0,0.0
2024-04-15 00:00:00+00:00,0.0,4.875,0.0,0.0,0.0,0.0,0.0,0.0,0.0,0.0,0.0,0.0
2024-04-15 01:00:00+00:00,0.0,4.875,0.0,0.0,0.0,0.0,0.0,0.0,0.0,0.0,0.0,0.0
2024-04-15 02:00:00+00:00,0.0,4.0,0.0,0.0,0.0,0.0,0.0,0.0,0.0,0.0,0.0,0.0
2024-04-15 03:00:00+00:00,2.0,4.0,0.0,0.0,2.0,0.08333333333333333,0.0,0.0,0.0,0.0,0.0,0.0
2024-04-15 04:00:00+00:00,0.0,4.0,0.0,0.0,0.0,0.08333333333333333,0.0,0.0,0.0,0.0,0.0,0.0
2024-04-15 05:00:00+00:00,0.0,3.125,0.0,0.0,0.0,0.08333333333333333,0.0,0.0,0.0,0.0,0.0,0.0
2024-04-15 06:00:00+00:00,0.0,3.125,0.0,0.0,0.0,0.08333333333333333,0.0,0.0,0.0,0.0,0.0,0.0
2024-04-15 07:00:00+00:00,0.0,2.875,0.0,0.0,0.0,0.08333333333333333,0.0,0.0,0.0,0.0,0.0,0.0
2024-04-15 08:00:00+00:00,0.0,2.2916666666666665,0.0,0.0,0.0,0.08333333333333333,0.0,0.0,0.0,0.0,0.0,0.0
2024-04-15 09:00:00+00:00,0.0,2.2916666666666665,0.0,0.0,0.0,0.08333333333333333,0.0,0.0,0.0,0.0,0.0,0.0
2024-04-15 10:00:00+00:00,0.0,2.2916666666666665,0.0,0.0,0.0,0.08333333333333333,0.0,0.0,0.0,0.0,0.0,0.0
2024-04-15 11:00:00+00:00,0.0,2.2916666666666665,0.0,0.0,0.0,0.08333333333333333,0.0,0.0,0.0,0.0,0.0,0.0
2024-04-15 12:00:00+00:00,0.0,2.2916666666666665,0.0,0.0,0.0,0.08333333333333333,0.0,0.0,0.0,0.0,0.0,0.0
2024-04-15 13:00:00+00:00,13.0,2.8333333333333335,0.0,0.0,13.0,0.625,0.0,0.0,0.0,0.0,0.0,0.0
2024-04-15 14:00:00+00:00,0.0,2.7916666666666665,0.0,0.0,0.0,0.625,0.0,0.0,0.0,0.0,0.0,0.0
2024-04-15 15:00:00+00:00,0.0,2.6666666666666665,0.0,0.0,0.0,0.625,0.0,0.0,0.0,0.0,0.0,0.0
2024-04-15 16:00:00+00:00,0.0,2.2916666666666665,0.0,0.0,0.0,0.625,0.0,0.0,0.0,0.0,0.0,0.0
2024-04-15 17:00:00+00:00,0.0,1.7083333333333333,0.0,0.0,0.0,0.625,0.0,0.0,0.0,0.0,0.0,0.0
2024-04-15 18:00:00+00:00,4.0,1.75,0.0,0.0,4.0,0.7916666666666666,0.0,0.0,0.0,0.0,0.0,0.0
2024-04-15 19:00:00+00:00,1.0,1.4166666666666667,0.0,0.0,1.0,0.8333333333333334,0.0,0.0,0.0,0.0,0.0,0.0
2024-04-15 20:00:00+00:00,18.0,1.9166666666666667,0.0,0.0,18.0,1.5833333333333333,0.0,0.0,0.0,0.0,0.0,0.0
2024-04-15 21:00:00+00:00,6.0,1.8333333333333333,0.0,0.0,6.0,1.8333333333333333,0.0,0.0,0.0,0.0,0.0,0.0
2024-04-15 22:00:00+00:00,0.0,1.8333333333333333,0.0,0.0,0.0,1.8333333333333333,0.0,0.0,0.0,0.0,0.0,0.0
2024-04-15 23:00:00+00:00,0.0,1.8333333333333333,0.0,0.0,0.0,1.8333333333333333,0.0,0.0,0.0,0.0,0.0,0.0
2024-04-16 00:00:00+00:00,0.0,1.8333333333333333,0.0,0.0,0.0,1.8333333333333333,0.0,0.0,0.0,0.0,0.0,0.0
2024-04-16 01:00:00+00:00,12.0,2.3333333333333335,0.0,0.0,12.0,2.3333333333333335,0.0,0.0,0.0,0.0,0.0,0.0
2024-04-16 02:00:00+00:00,0.0,2.3333333333333335,0.0,0.0,0.0,2.3333333333333335,0.0,0.0,0.0,0.0,0.0,0.0
2024-04-16 03:00:00+00:00,0.0,2.25,0.0,0.0,0.0,2.25,0.0,0.0,0.0,0.0,0.0,0.0
2024-04-16 04:00:00+00:00,1.0,2.2916666666666665,0.0,0.0,1.0,2.2916666666666665,0.0,0.0,0.0,0.0,0.0,0.0
2024-04-16 05:00:00+00:00,6.0,2.5416666666666665,0.0,0.0,6.0,2.5416666666666665,0.0,0.0,0.0,0.0,0.0,0.0
2024-04-16 06:00:00+00:00,0.0,2.5416666666666665,0.0,0.0,0.0,2.5416666666666665,0.0,0.0,0.0,0.0,0.0,0.0
2024-04-16 07:00:00+00:00,2.0,2.625,0.0,0.0,2.0,2.625,0.0,0.0,0.0,0.0,0.0,0.0
2024-04-16 08:00:00+00:00,0.0,2.625,0.0,0.0,0.0,2.625,0.0,0.0,0.0,0.0,0.0,0.0
2024-04-16 09:00:00+00:00,0.0,2.625,0.0,0.0,0.0,2.625,0.0,0.0,0.0,0.0,0.0,0.0
2024-04-16 10:00:00+00:00,0.0,2.625,0.0,0.0,0.0,2.625,0.0,0.0,0.0,0.0,0.0,0.0
2024-04-16 11:00:00+00:00,0.0,2.625,0.0,0.0,0.0,2.625,0.0,0.0,0.0,0.0,0.0,0.0
2024-04-16 12:00:00+00:00,0.0,2.625,0.0,0.0,0.0,2.625,0.0,0.0,0.0,0.0,0.0,0.0
2024-04-16 13:00:00+00:00,0.0,2.0833333333333335,0.0,0.0,0.0,2.0833333333333335,0.0,0.0,0.0,0.0,0.0,0.0
2024-04-16 14:00:00+00:00,0.0,2.0833333333333335,0.0,0.0,0.0,2.0833333333333335,0.0,0.0,0.0,0.0,0.0,0.0
2024-04-16 15:00:00+00:00,0.0,2.0833333333333335,0.0,0.0,0.0,2.0833333333333335,0.0,0.0,0.0,0.0,0.0,0.0
2024-04-16 16:00:00+00:00,21.0,2.9583333333333335,0.0,0.0,21.0,2.9583333333333335,0.0,0.0,0.0,0.0,0.0,0.0
2024-04-16 17:00:00+00:00,8.0,3.2916666666666665,0.0,0.0,8.0,3.2916666666666665,0.0,0.0,0.0,0.0,0.0,0.0
2024-04-16 18:00:00+00:00,0.0,3.125,0.0,0.0,0.0,3.125,0.0,0.0,0.0,0.0,0.0,0.0
2024-04-16 19:00:00+00:00,10.0,3.5,0.0,0.0,10.0,3.5,0.0,0.0,0.0,0.0,0.0,0.0
2024-04-16 20:00:00+00:00,2.0,2.8333333333333335,0.0,0.0,2.0,2.8333333333333335,0.0,0.0,0.0,0.0,0.0,0.0
2024-04-16 21:00:00+00:00,7.0,2.875,0.0,0.0,7.0,2.875,0.0,0.0,0.0,0.0,0.0,0.0
2024-04-16 22:00:00+00:00,0.0,2.875,0.0,0.0,0.0,2.875,0.0,0.0,0.0,0.0,0.0,0.0
2024-04-16 23:00:00+00:00,0.0,2.875,0.0,0.0,0.0,2.875,0.0,0.0,0.0,0.0,0.0,0.0
2024-04-17 00:00:00+00:00,6.0,3.125,0.0,0.0,0.0,2.875,0.0,0.0,0.0,0.0,0.0,0.0
2024-04-17 01:00:00+00:00,0.0,2.625,0.0,0.0,0.0,2.375,0.0,0.0,0.0,0.0,0.0,0.0
2024-04-17 02:00:00+00:00,0.0,2.625,0.0,0.0,0.0,2.375,0.0,0.0,0.0,0.0,0.0,0.0
2024-04-17 03:00:00+00:00,0.0,2.625,0.0,0.0,0.0,2.375,0.0,0.0,0.0,0.0,0.0,0.0
2024-04-17 04:00:00+00:00,0.0,2.5833333333333335,0.0,0.0,0.0,2.3333333333333335,0.0,0.0,0.0,0.0,0.0,0.0
2024-04-17 05:00:00+00:00,0.0,2.3333333333333335,0.0,0.0,0.0,2.0833333333333335,0.0,0.0,0.0,0.0,0.0,0.0
2024-04-17 06:00:00+00:00,4.0,2.5,0.0,0.0,0.0,2.0833333333333335,0.0,0.0,0.0,0.0,0.0,0.0
2024-04-17 07:00:00+00:00,3.0,2.5416666666666665,0.0,0.0,0.0,2.0,0.0,0.0,0.0,0.0,0.0,0.0
2024-04-17 08:00:00+00:00,0.0,2.5416666666666665,0.0,0.0,0.0,2.0,0.0,0.0,0.0,0.0,0.0,0.0
2024-04-17 09:00:00+00:00,0.0,2.5416666666666665,0.0,0.0,0.0,2.0,0.0,0.0,0.0,0.0,0.0,0.0
2024-04-17 10:00:00+00:00,0.0,2.5416666666666665,0.0,0.0,0.0,2.0,0.0,0.0,0.0,0.0,0.0,0.0
2024-04-17 11:00:00+00:00,0.0,2.5416666666666665,0.0,0.0,0.0,2.0,0.0,0.0,0.0,0.0,0.0,0.0
2024-04-17 12:00:00+00:00,0.0,2.5416666666666665,0.0,0.0,0.0,2.0,0.0,0.0,0.0,0.0,0.0,0.0
2024-04-17 13:00:00+00:00,0.0,2.5416666666666665,0.0,0.0,0.0,2.0,0.0,0.0,0.0,0.0,0.0,0.0
2024-04-17 14:00:00+00:00,0.0,2.5416666666666665,0.0,0.0,0.0,2.0,0.0,0.0,0.0,0.0,0.0,0.0
2024-04-17 15:00:00+00:00,0.0,2.5416666666666665,0.0,0.0,0.0,2.0,0.0,0.0,0.0,0.0,0.0,0.0
2024-04-17 16:00:00+00:00,0.0,1.6666666666666667,0.0,0.0,0.0,1.125,0.0,0.0,0.0,0.0,0.0,0.0
2024-04-17 17:00:00+00:00,0.0,1.3333333333333333,0.0,0.0,0.0,0.7916666666666666,0.0,0.0,0.0,0.0,0.0,0.0
2024-04-17 18:00:00+00:00,0.0,1.3333333333333333,0.0,0.0,0.0,0.7916666666666666,0.0,0.0,0.0,0.0,0.0,0.0
2024-04-17 19:00:00+00:00,11.0,1.375,0.0,0.0,0.0,0.375,0.0,0.0,0.0,0.0,0.0,0.0
2024-04-17 20:00:00+00:00,9.0,1.6666666666666667,0.0,0.0,0.0,0.2916666666666667,0.0,0.0,0.0,0.0,0.0,0.0
2024-04-17 21:00:00+00:00,0.0,1.375,0.0,0.0,0.0,0.0,0.0,0.0,0.0,0.0,0.0,0.0
2024-04-17 22:00:00+00:00,0.0,1.375,0.0,0.0,0.0,0.0,0.0,0.0,0.0,0.0,0.0,0.0
2024-04-17 23:00:00+00:00,0.0,1.375,0.0,0.0,0.0,0.0,0.0,0.0,0.0,0.0,0.0,0.0
2024-04-18 00:00:00+00:00,0.0,1.125,0.0,0.0,0.0,0.0,0.0,0.0,0.0,0.0,0.0,0.0
2024-04-18 01:00:00+00:00,0.0,1.125,0.0,0.0,0.0,0.0,0.0,0.0,0.0,0.0,0.0,0.0
2024-04-18 02:00:00+00:00,0.0,1.125,0.0,0.0,0.0,0.0,0.0,0.0,0.0,0.0,0.0,0.0
2024-04-18 03:00:00+00:00,3.0,1.25,0.0,0.0,0.0,0.0,0.0,0.0,0.0,0.0,0.0,0.0
2024-04-18 04:00:00+00:00,4.0,1.4166666666666667,0.0,0.0,0.0,0.0,0.0,0.0,0.0,0.0,0.0,0.0
2024-04-18 05:00:00+00:00,1.0,1.4583333333333333,0.0,0.0,0.0,0.0,0.0,0.0,0.0,0.0,0.0,0.0
2024-04-18 06:00:00+00:00,0.0,1.2916666666666667,0.0,0.0,0.0,0.0,0.0,0.0,0.0,0.0,0.0,0.0
2024-04-18 07:00:00+00:00,0.0,1.1666666666666667,0.0,0.0,0.0,0.0,0.0,0.0,0.0,0.0,0.0,0.0
2024-04-18 08:00:00+00:00,0.0,1.1666666666666667,0.0,0.0,0.0,0.0,0.0,0.0,0.0,0.0,0.0,0.0
2024-04-18 09:00:00+00:00,0.0,1.1666666666666667,0.0,0.0,0.0,0.0,0.0,0.0,0.0,0.0,0.0,0.0
2024-04-18 10:00:00+00:00,0.0,1.1666666666666667,0.0,0.0,0.0,0.0,0.0,0.0,0.0,0.0,0.0,0.0
2024-04-18 11:00:00+00:00,0.0,1.1666666666666667,0.0,0.0,0.0,0.0,0.0,0.0,0.0,0.0,0.0,0.0
2024-04-18 12:00:00+00:00,0.0,1.1666666666666667,0.0,0.0,0.0,0.0,0.0,0.0,0.0,0.0,0.0,0.0
2024-04-18 13:00:00+00:00,0.0,1.1666666666666667,0.0,0.0,0.0,0.0,0.0,0.0,0.0,0.0,0.0,0.0
2024-04-18 14:00:00+00:00,3.0,1.2916666666666667,0.0,0.0,0.0,0.0,0.0,0.0,0.0,0.0,0.0,0.0
2024-04-18 15:00:00+00:00,0.0,1.2916666666666667,0.0,0.0,0.0,0.0,0.0,0.0,0.0,0.0,0.0,0.0
2024-04-18 16:00:00+00:00,0.0,1.2916666666666667,0.0,0.0,0.0,0.0,0.0,0.0,0.0,0.0,0.0,0.0
2024-04-18 17:00:00+00:00,0.0,1.2916666666666667,0.0,0.0,0.0,0.0,0.0,0.0,0.0,0.0,0.0,0.0
2024-04-18 18:00:00+00:00,0.0,1.2916666666666667,0.0,0.0,0.0,0.0,0.0,0.0,0.0,0.0,0.0,0.0
2024-04-18 19:00:00+00:00,7.0,1.125,0.0,0.0,0.0,0.0,0.0,0.0,0.0,0.0,0.0,0.0
2024-04-18 20:00:00+00:00,2.0,0.8333333333333334,0.0,0.0,0.0,0.0,0.0,0.0,0.0,0.0,0.0,0.0
2024-04-18 21:00:00+00:00,1.0,0.875,0.0,0.0,0.0,0.0,0.0,0.0,0.0,0.0,0.0,0.0
2024-04-18 22:00:00+00:00,4.0,1.0416666666666667,0.0,0.0,0.0,0.0,0.0,0.0,0.0,0.0,0.0,0.0
2024-04-18 23:00:00+00:00,0.0,1.0416666666666667,0.0,0.0,0.0,0.0,0.0,0.0,0.0,0.0,0.0,0.0
2024-04-19 00:00:00+00:00,5.0,1.25,0.0,0.0,0.0,0.0,0.0,0.0,0.0,0.0,0.0,0.0
2024-04-19 01:00:00+00:00,8.0,1.5833333333333333,0.0,0.0,0.0,0.0,0.0,0.0,0.0,0.0,0.0,0.0
2024-04-19 02:00:00+00:00,7.0,1.875,0.0,0.0,0.0,0.0,0.0,0.0,0.0,0.0,0.0,0.0
2024-04-19 03:00:00+00:00,0.0,1.75,0.0,0.0,0.0,0.0,0.0,0.0,0.0,0.0,0.0,0.0
2024-04-19 04:00:00+00:00,0.0,1.5833333333333333,0.0,0.0,0.0,0.0,0.0,0.0,0.0,0.0,0.0,0.0
2024-04-19 05:00:00+00:00,0.0,1.5416666666666667,0.0,0.0,0.0,0.0,0.0,0.0,0.0,0.0,0.0,0.0
2024-04-19 06:00:00+00:00,0.0,1.5416666666666667,0.0,0.0,0.0,0.0,0.0,0.0,0.0,0.0,0.0,0.0
2024-04-19 07:00:00+00:00,0.0,1.5416666666666667,0.0,0.0,0.0,0.0,0.0,0.0,0.0,0.0,0.0,0.0
2024-04-19 08:00:00+00:00,0.0,1.5416666666666667,0.0,0.0,0.0,0.0,0.0,0.0,0.0,0.0,0.0,0.0
2024-04-19 09:00:00+00:00,0.0,1.5416666666666667,0.0,0.0,0.0,0.0,0.0,0.0,0.0,0.0,0.0,0.0
2024-04-19 10:00:00+00:00,0.0,1.5416666666666667,0.0,0.0,0.0,0.0,0.0,0.0,0.0,0.0,0.0,0.0
2024-04-19 11:00:00+00:00,1.0,1.5833333333333333,1.0,0.041666666666666664,0.0,0.0,0.0,0.0,0.0,0.0,0.0,0.0
2024-04-19 12:00:00+00:00,44.0,3.4166666666666665,44.0,1.875,0.0,0.0,0.0,0.0,0.0,0.0,0.0,0.0
2024-04-19 13:00:00+00:00,7.0,3.7083333333333335,7.0,2.1666666666666665,0.0,0.0,0.0,0.0,0.0,0.0,0.0,0.0
2024-04-19 14:00:00+00:00,16.0,4.25,0.0,2.1666666666666665,0.0,0.0,0.0,0.0,0.0,0.0,0.0,0.0
2024-04-19 15:00:00+00:00,0.0,4.25,0.0,2.1666666666666665,0.0,0.0,0.0,0.0,0.0,0.0,0.0,0.0
2024-04-19 16:00:00+00:00,8.0,4.583333333333333,0.0,2.1666666666666665,0.0,0.0,0.0,0.0,0.0,0.0,0.0,0.0
2024-04-19 17:00:00+00:00,0.0,4.583333333333333,0.0,2.1666666666666665,0.0,0.0,0.0,0.0,0.0,0.0,0.0,0.0
2024-04-19 18:00:00+00:00,5.0,4.791666666666667,0.0,2.1666666666666665,0.0,0.0,0.0,0.0,0.0,0.0,0.0,0.0
2024-04-19 19:00:00+00:00,13.0,5.041666666666667,0.0,2.1666666666666665,0.0,0.0,0.0,0.0,0.0,0.0,0.0,0.0
2024-04-19 20:00:00+00:00,0.0,4.958333333333333,0.0,2.1666666666666665,0.0,0.0,0.0,0.0,0.0,0.0,0.0,0.0
2024-04-19 21:00:00+00:00,0.0,4.916666666666667,0.0,2.1666666666666665,0.0,0.0,0.0,0.0,0.0,0.0,0.0,0.0
2024-04-19 22:00:00+00:00,0.0,4.75,0.0,2.1666666666666665,0.0,0.0,0.0,0.0,0.0,0.0,0.0,0.0
2024-04-19 23:00:00+00:00,46.0,6.666666666666667,46.0,4.083333333333333,0.0,0.0,0.0,0.0,0.0,0.0,0.0,0.0
2024-04-20 00:00:00+00:00,15.0,7.083333333333333,15.0,4.708333333333333,0.0,0.0,0.0,0.0,0.0,0.0,0.0,0.0
2024-04-20 01:00:00+00:00,10.0,7.166666666666667,0.0,4.708333333333333,0.0,0.0,0.0,0.0,0.0,0.0,0.0,0.0
2024-04-20 02:00:00+00:00,0.0,6.875,0.0,4.708333333333333,0.0,0.0,0.0,0.0,0.0,0.0,0.0,0.0
2024-04-20 03:00:00+00:00,0.0,6.875,0.0,4.708333333333333,0.0,0.0,0.0,0.0,0.0,0.0,0.0,0.0
2024-04-20 04:00:00+00:00,0.0,6.875,0.0,4.708333333333333,0.0,0.0,0.0,0.0,0.0,0.0,0.0,0.0
2024-04-20 05:00:00+00:00,10.0,7.291666666666667,10.0,5.125,0.0,0.0,0.0,0.0,0.0,0.0,0.0,0.0
2024-04-20 06:00:00+00:00,26.0,8.375,26.0,6.208333333333333,0.0,0.0,0.0,0.0,0.0,0.0,0.0,0.0
2024-04-20 07:00:00+00:00,0.0,8.375,0.0,6.208333333333333,0.0,0.0,0.0,0.0,0.0,0.0,0.0,0.0
2024-04-20 08:00:00+00:00,0.0,8.375,0.0,6.208333333333333,0.0,0.0,0.0,0.0,0.0,0.0,0.0,0.0
2024-04-20 09:00:00+00:00,0.0,8.375,0.0,6.208333333333333,0.0,0.0,0.0,0.0,0.0,0.0,0.0,0.0
2024-04-20 10:00:00+00:00,0.0,8.375,0.0,6.208333333333333,0.0,0.0,0.0,0.0,0.0,0.0,0.0,0.0
2024-04-20 11:00:00+00:00,0.0,8.333333333333334,0.0,6.166666666666667,0.0,0.0,0.0,0.0,0.0,0.0,0.0,0.0
2024-04-20 12:00:00+00:00,0.0,6.5,0.0,4.333333333333333,0.0,0.0,0.0,0.0,0.0,0.0,0.0,0.0
2024-04-20 13:00:00+00:00,8.0,6.541666666666667,0.0,4.041666666666667,0.0,0.0,0.0,0.0,0.0,0.0,0.0,0.0
2024-04-20 14:00:00+00:00,15.0,6.5,0.0,4.041666666666667,0.0,0.0,0.0,0.0,0.0,0.0,0.0,0.0
2024-04-20 15:00:00+00:00,2.0,6.583333333333333,0.0,4.041666666666667,0.0,0.0,0.0,0.0,0.0,0.0,0.0,0.0
2024-04-20 16:00:00+00:00,0.0,6.25,0.0,4.041666666666667,0.0,0.0,0.0,0.0,0.0,0.0,0.0,0.0
2024-04-20 17:00:00+00:00,9.0,6.625,0.0,4.041666666666667,0.0,0.0,0.0,0.0,0.0,0.0,3.0,0.125
2024-04-20 18:00:00+00:00,12.0,6.916666666666667,0.0,4.041666666666667,0.0,0.0,0.0,0.0,0.0,0.0,5.0,0.3333333333333333
2024-04-20 19:00:00+00:00,5.0,6.583333333333333,0.0,4.041666666666667,0.0,0.0,0.0,0.0,0.0,0.0,0.0,0.3333333333333333
2024-04-20 20:00:00+00:00,1.0,6.625,0.0,4.041666666666667,0.0,0.0,0.0,0.0,0.0,0.0,0.0,0.3333333333333333
2024-04-20 21:00:00+00:00,2.0,6.708333333333333,0.0,4.041666666666667,0.0,0.0,0.0,0.0,0.0,0.0,0.0,0.3333333333333333
2024-04-20 22:00:00+00:00,2.0,6.791666666666667,0.0,4.041666666666667,0.0,0.0,0.0,0.0,0.0,0.0,0.0,0.3333333333333333
2024-04-20 23:00:00+00:00,21.0,5.75,0.0,2.125,0.0,0.0,0.0,0.0,0.0,0.0,0.0,0.3333333333333333
2024-04-21 00:00:00+00:00,7.0,5.416666666666667,0.0,1.5,0.0,0.0,0.0,0.0,0.0,0.0,0.0,0.3333333333333333
2024-04-21 01:00:00+00:00,0.0,5.0,0.0,1.5,0.0,0.0,0.0,0.0,0.0,0.0,0.0,0.3333333333333333
2024-04-21 02:00:00+00:00,9.0,5.375,0.0,1.5,0.0,0.0,0.0,0.0,0.0,0.0,0.0,0.3333333333333333
2024-04-21 03:00:00+00:00,8.0,5.708333333333333,0.0,1.5,0.0,0.0,0.0,0.0,0.0,0.0,0.0,0.3333333333333333
2024-04-21 04:00:00+00:00,0.0,5.708333333333333,0.0,1.5,0.0,0.0,0.0,0.0,0.0,0.0,0.0,0.3333333333333333
2024-04-21 05:00:00+00:00,0.0,5.291666666666667,0.0,1.0833333333333333,0.0,0.0,0.0,0.0,0.0,0.0,0.0,0.3333333333333333
2024-04-21 06:00:00+00:00,3.0,4.333333333333333,0.0,0.0,0.0,0.0,0.0,0.0,0.0,0.0,0.0,0.3333333333333333
2024-04-21 07:00:00+00:00,4.0,4.5,0.0,0.0,0.0,0.0,0.0,0.0,0.0,0.0,0.0,0.3333333333333333
2024-04-21 08:00:00+00:00,3.0,4.625,0.0,0.0,0.0,0.0,0.0,0.0,0.0,0.0,0.0,0.3333333333333333
2024-04-21 09:00:00+00:00,0.0,4.625,0.0,0.0,0.0,0.0,0.0,0.0,0.0,0.0,0.0,0.3333333333333333
2024-04-21 10:00:00+00:00,0.0,4.625,0.0,0.0,0.0,0.0,0.0,0.0,0.0,0.0,0.0,0.3333333333333333
2024-04-21 11:00:00+00:00,0.0,4.625,0.0,0.0,0.0,0.0,0.0,0.0,0.0,0.0,0.0,0.3333333333333333
2024-04-21 12:00:00+00:00,0.0,4.625,0.0,0.0,0.0,0.0,0.0,0.0,0.0,0.0,0.0,0.3333333333333333
2024-04-21 13:00:00+00:00,0.0,4.291666666666667,0.0,0.0,0.0,0.0,0.0,0.0,0.0,0.0,0.0,0.3333333333333333
2024-04-21 14:00:00+00:00,7.0,3.9583333333333335,0.0,0.0,0.0,0.0,0.0,0.0,0.0,0.0,0.0,0.3333333333333333
2024-04-21 15:00:00+00:00,4.0,4.041666666666667,0.0,0.0,0.0,0.0,0.0,0.0,0.0,0.0,0.0,0.3333333333333333
2024-04-21 16:00:00+00:00,0.0,4.041666666666667,0.0,0.0,0.0,0.0,0.0,0.0,0.0,0.0,0.0,0.3333333333333333
2024-04-21 17:00:00+00:00,0.0,3.6666666666666665,0.0,0.0,0.0,0.0,0.0,0.0,0.0,0.0,0.0,0.20833333333333334
2024-04-21 18:00:00+00:00,4.0,3.3333333333333335,0.0,0.0,0.0,0.0,0.0,0.0,0.0,0.0,0.0,0.0
2024-04-21 19:00:00+00:00,9.0,3.5,0.0,0.0,0.0,0.0,0.0,0.0,0.0,0.0,0.0,0.0
2024-04-21 20:00:00+00:00,7.0,3.75,0.0,0.0,0.0,0.0,0.0,0.0,0.0,0.0,0.0,0.0
2024-04-21 21:00:00+00:00,7.0,3.9583333333333335,7.0,0.2916666666666667,0.0,0.0,0.0,0.0,0.0,0.0,0.0,0.0
2024-04-21 22:00:00+00:00,29.0,5.083333333333333,29.0,1.5,0.0,0.0,0.0,0.0,0.0,0.0,0.0,0.0
2024-04-21 23:00:00+00:00,0.0,4.208333333333333,0.0,1.5,0.0,0.0,0.0,0.0,0.0,0.0,0.0,0.0
2024-04-22 00:00:00+00:00,0.0,3.9166666666666665,0.0,1.5,0.0,0.0,0.0,0.0,0.0,0.0,0.0,0.0
2024-04-22 01:00:00+00:00,9.0,4.291666666666667,0.0,1.5,9.0,0.375,0.0,0.0,0.0,0.0,0.0,0.0
2024-04-22 02:00:00+00:00,10.0,4.333333333333333,0.0,1.5,10.0,0.7916666666666666,0.0,0.0,0.0,0.0,0.0,0.0
2024-04-22 03:00:00+00:00,6.0,4.25,0.0,1.5,6.0,1.0416666666666667,0.0,0.0,0.0,0.0,0.0,0.0
2024-04-22 04:00:00+00:00,7.0,4.541666666666667,0.0,1.5,7.0,1.3333333333333333,0.0,0.0,0.0,0.0,0.0,0.0
2024-04-22 05:00:00+00:00,0.0,4.541666666666667,0.0,1.5,0.0,1.3333333333333333,0.0,0.0,0.0,0.0,0.0,0.0
2024-04-22 06:00:00+00:00,0.0,4.416666666666667,0.0,1.5,0.0,1.3333333333333333,0.0,0.0,0.0,0.0,0.0,0.0
2024-04-22 07:00:00+00:00,0.0,4.25,0.0,1.5,0.0,1.3333333333333333,0.0,0.0,0.0,0.0,0.0,0.0
2024-04-22 08:00:00+00:00,0.0,4.125,0.0,1.5,0.0,1.3333333333333333,0.0,0.0,0.0,0.0,0.0,0.0
2024-04-22 09:00:00+00:00,0.0,4.125,0.0,1.5,0.0,1.3333333333333333,0.0,0.0,0.0,0.0,0.0,0.0
2024-04-22 10:00:00+00:00,0.0,4.125,0.0,1.5,0.0,1.3333333333333333,0.0,0.0,0.0,0.0,0.0,0.0
2024-04-22 11:00:00+00:00,6.0,4.375,0.0,1.5,6.0,1.5833333333333333,0.0,0.0,0.0,0.0,0.0,0.0
2024-04-22 12:00:00+00:00,5.0,4.583333333333333,0.0,1.5,5.0,1.7916666666666667,0.0,0.0,0.0,0.0,0.0,0.0
2024-04-22 13:00:00+00:00,11.0,5.041666666666667,0.0,1.5,11.0,2.25,0.0,0.0,0.0,0.0,0.0,0.0
2024-04-22 14:00:00+00:00,10.0,5.166666666666667,0.0,1.5,10.0,2.6666666666666665,0.0,0.0,0.0,0.0,0.0,0.0
2024-04-22 15:00:00+00:00,1.0,5.041666666666667,0.0,1.5,1.0,2.7083333333333335,0.0,0.0,0.0,0.0,0.0,0.0
2024-04-22 16:00:00+00:00,0.0,5.041666666666667,0.0,1.5,0.0,2.7083333333333335,0.0,0.0,0.0,0.0,0.0,0.0
2024-04-22 17:00:00+00:00,0.0,5.041666666666667,0.0,1.5,0.0,2.7083333333333335,0.0,0.0,0.0,0.0,0.0,0.0
2024-04-22 18:00:00+00:00,0.0,4.875,0.0,1.5,0.0,2.7083333333333335,0.0,0.0,0.0,0.0,0.0,0.0
2024-04-22 19:00:00+00:00,0.0,4.5,0.0,1.5,0.0,2.7083333333333335,0.0,0.0,0.0,0.0,0.0,0.0
2024-04-22 20:00:00+00:00,0.0,4.208333333333333,0.0,1.5,0.0,2.7083333333333335,0.0,0.0,0.0,0.0,0.0,0.0
2024-04-22 21:00:00+00:00,5.0,4.125,0.0,1.2083333333333333,5.0,2.9166666666666665,0.0,0.0,0.0,0.0,0.0,0.0
2024-04-22 22:00:00+00:00,3.0,3.0416666666666665,0.0,0.0,3.0,3.0416666666666665,0.0,0.0,0.0,0.0,0.0,0.0
2024-04-22 23:00:00+00:00,0.0,3.0416666666666665,0.0,0.0,0.0,3.0416666666666665,0.0,0.0,0.0,0.0,0.0,0.0
2024-04-23 00:00:00+00:00,5.0,3.25,0.0,0.0,5.0,3.25,0.0,0.0,0.0,0.0,0.0,0.0
2024-04-23 01:00:00+00:00,8.0,3.2083333333333335,0.0,0.0,8.0,3.2083333333333335,0.0,0.0,0.0,0.0,0.0,0.0
2024-04-23 02:00:00+00:00,5.0,3.0,0.0,0.0,5.0,3.0,0.0,0.0,0.0,0.0,0.0,0.0
2024-04-23 03:00:00+00:00,4.0,2.9166666666666665,0.0,0.0,4.0,2.9166666666666665,0.0,0.0,0.0,0.0,0.0,0.0
2024-04-23 04:00:00+00:00,0.0,2.625,0.0,0.0,0.0,2.625,0.0,0.0,0.0,0.0,0.0,0.0
2024-04-23 05:00:00+00:00,0.0,2.625,0.0,0.0,0.0,2.625,0.0,0.0,0.0,0.0,0.0,0.0
2024-04-23 06:00:00+00:00,2.0,2.7083333333333335,0.0,0.0,2.0,2.7083333333333335,0.0,0.0,0.0,0.0,0.0,0.0
2024-04-23 07:00:00+00:00,3.0,2.8333333333333335,0.0,0.0,3.0,2.8333333333333335,0.0,0.0,0.0,0.0,0.0,0.0
2024-04-23 08:00:00+00:00,0.0,2.8333333333333335,0.0,0.0,0.0,2.8333333333333335,0.0,0.0,0.0,0.0,0.0,0.0
2024-04-23 09:00:00+00:00,0.0,2.8333333333333335,0.0,0.0,0.0,2.8333333333333335,0.0,0.0,0.0,0.0,0.0,0.0
2024-04-23 10:00:00+00:00,6.0,3.0833333333333335,0.0,0.0,6.0,3.0833333333333335,0.0,0.0,0.0,0.0,0.0,0.0
2024-04-23 11:00:00+00:00,4.0,3.0,0.0,0.0,4.0,3.0,0.0,0.0,0.0,0.0,0.0,0.0
2024-04-23 12:00:00+00:00,0.0,2.7916666666666665,0.0,0.0,0.0,2.7916666666666665,0.0,0.0,0.0,0.0,0.0,0.0
2024-04-23 13:00:00+00:00,0.0,2.3333333333333335,0.0,0.0,0.0,2.3333333333333335,0.0,0.0,0.0,0.0,0.0,0.0
2024-04-23 14:00:00+00:00,10.0,2.3333333333333335,0.0,0.0,10.0,2.3333333333333335,0.0,0.0,0.0,0.0,0.0,0.0
2024-04-23 15:00:00+00:00,3.0,2.4166666666666665,0.0,0.0,3.0,2.4166666666666665,0.0,0.0,0.0,0.0,0.0,0.0
2024-04-23 16:00:00+00:00,2.0,2.5,0.0,0.0,2.0,2.5,0.0,0.0,0.0,0.0,0.0,0.0
2024-04-23 17:00:00+00:00,13.0,3.0416666666666665,0.0,0.0,13.0,3.0416666666666665,0.0,0.0,0.0,0.0,0.0,0.0
2024-04-23 18:00:00+00:00,7.0,3.3333333333333335,0.0,0.0,7.0,3.3333333333333335,0.0,0.0,0.0,0.0,0.0,0.0
2024-04-23 19:00:00+00:00,0.0,3.3333333333333335,0.0,0.0,0.0,3.3333333333333335,0.0,0.0,0.0,0.0,0.0,0.0
2024-04-23 20:00:00+00:00,0.0,3.3333333333333335,0.0,0.0,0.0,3.3333333333333335,0.0,0.0,0.0,0.0,0.0,0.0
2024-04-23 21:00:00+00:00,7.0,3.4166666666666665,0.0,0.0,7.0,3.4166666666666665,0.0,0.0,0.0,0.0,0.0,0.0
2024-04-23 22:00:00+00:00,17.0,4.0,16.0,0.6666666666666666,17.0,4.0,0.0,0.0,0.0,0.0,0.0,0.0
2024-04-23 23:00:00+00:00,10.0,4.416666666666667,10.0,1.0833333333333333,10.0,4.416666666666667,0.0,0.0,0.0,0.0,0.0,0.0
2024-04-24 00:00:00+00:00,0.0,4.208333333333333,0.0,1.0833333333333333,0.0,4.208333333333333,0.0,0.0,0.0,0.0,0.0,0.0
2024-04-24 01:00:00+00:00,0.0,3.875,0.0,1.0833333333333333,0.0,3.875,0.0,0.0,0.0,0.0,0.0,0.0
2024-04-24 02:00:00+00:00,1.0,3.7083333333333335,0.0,1.0833333333333333,0.0,3.6666666666666665,0.0,0.0,0.0,0.0,0.0,0.0
2024-04-24 03:00:00+00:00,0.0,3.5416666666666665,0.0,1.0833333333333333,0.0,3.5,0.0,0.0,0.0,0.0,0.0,0.0
2024-04-24 04:00:00+00:00,4.0,3.7083333333333335,0.0,1.0833333333333333,0.0,3.5,0.0,0.0,0.0,0.0,0.0,0.0
2024-04-24 05:00:00+00:00,17.0,4.416666666666667,0.0,1.0833333333333333,0.0,3.5,0.0,0.0,0.0,0.0,2.0,0.08333333333333333
2024-04-24 06:00:00+00:00,14.0,4.916666666666667,0.0,1.0833333333333333,0.0,3.4166666666666665,0.0,0.0,0.0,0.0,4.0,0.25
2024-04-24 07:00:00+00:00,10.0,5.208333333333333,0.0,1.0833333333333333,0.0,3.2916666666666665,0.0,0.0,0.0,0.0,0.0,0.25
2024-04-24 08:00:00+00:00,12.0,5.708333333333333,0.0,1.0833333333333333,0.0,3.2916666666666665,0.0,0.0,0.0,0.0,0.0,0.25
2024-04-24 09:00:00+00:00,6.0,5.958333333333333,0.0,1.0833333333333333,0.0,3.2916666666666665,0.0,0.0,0.0,0.0,0.0,0.25
2024-04-24 10:00:00+00:00,19.0,6.5,0.0,1.0833333333333333,0.0,3.0416666666666665,0.0,0.0,0.0,0.0,0.0,0.25
2024-04-24 11:00:00+00:00,11.0,6.791666666666667,0.0,1.0833333333333333,0.0,2.875,0.0,0.0,0.0,0.0,0.0,0.25
2024-04-24 12:00:00+00:00,0.0,6.791666666666667,0.0,1.0833333333333333,0.0,2.875,0.0,0.0,0.0,0.0,0.0,0.25
2024-04-24 13:00:00+00:00,0.0,6.791666666666667,0.0,1.0833333333333333,0.0,2.875,0.0,0.0,0.0,0.0,0.0,0.25
2024-04-24 14:00:00+00:00,0.0,6.375,0.0,1.0833333333333333,0.0,2.4583333333333335,0.0,0.0,0.0,0.0,0.0,0.25
2024-04-24 15:00:00+00:00,0.0,6.25,0.0,1.0833333333333333,0.0,2.3333333333333335,0.0,0.0,0.0,0.0,0.0,0.25
2024-04-24 16:00:00+00:00,0.0,6.166666666666667,0.0,1.0833333333333333,0.0,2.25,0.0,0.0,0.0,0.0,0.0,0.25
2024-04-24 17:00:00+00:00,0.0,5.625,0.0,1.0833333333333333,0.0,1.7083333333333333,0.0,0.0,0.0,0.0,0.0,0.25
2024-04-24 18:00:00+00:00,5.0,5.541666666666667,0.0,1.0833333333333333,0.0,1.4166666666666667,0.0,0.0,0.0,0.0,0.0,0.25
2024-04-24 19:00:00+00:00,0.0,5.541666666666667,0.0,1.0833333333333333,0.0,1.4166666666666667,0.0,0.0,0.0,0.0,0.0,0.25
2024-04-24 20:00:00+00:00,13.0,6.083333333333333,0.0,1.0833333333333333,0.0,1.4166666666666667,0.0,0.0,0.0,0.0,0.0,0.25
2024-04-24 21:00:00+00:00,9.0,6.166666666666667,0.0,1.0833333333333333,0.0,1.125,0.0,0.0,0.0,0.0,0.0,0.25
2024-04-24 22:00:00+00:00,0.0,5.458333333333333,0.0,0.4166666666666667,0.0,0.4166666666666667,0.0,0.0,0.0,0.0,0.0,0.25
2024-04-24 23:00:00+00:00,0.0,5.041666666666667,0.0,0.0,0.0,0.0,0.0,0.0,0.0,0.0,0.0,0.25
2024-04-25 00:00:00+00:00,0.0,5.041666666666667,0.0,0.0,0.0,0.0,0.0,0.0,0.0,0.0,0.0,0.25
2024-04-25 01:00:00+00:00,0.0,5.041666666666667,0.0,0.0,0.0,0.0,0.0,0.0,0.0,0.0,0.0,0.25
2024-04-25 02:00:00+00:00,0.0,5.0,0.0,0.0,0.0,0.0,0.0,0.0,0.0,0.0,0.0,0.25
2024-04-25 03:00:00+00:00,3.0,5.125,0.0,0.0,3.0,0.125,0.0,0.0,0.0,0.0,0.0,0.25
2024-04-25 04:00:00+00:00,0.0,4.958333333333333,0.0,0.0,0.0,0.125,0.0,0.0,0.0,0.0,0.0,0.25
2024-04-25 05:00:00+00:00,0.0,4.25,0.0,0.0,0.0,0.125,0.0,0.0,0.0,0.0,0.0,0.16666666666666666
2024-04-25 06:00:00+00:00,0.0,3.6666666666666665,0.0,0.0,0.0,0.125,0.0,0.0,0.0,0.0,0.0,0.0
2024-04-25 07:00:00+00:00,0.0,3.25,0.0,0.0,0.0,0.125,0.0,0.0,0.0,0.0,0.0,0.0
2024-04-25 08:00:00+00:00,0.0,2.75,0.0,0.0,0.0,0.125,0.0,0.0,0.0,0.0,0.0,0.0
2024-04-25 09:00:00+00:00,0.0,2.5,0.0,0.0,0.0,0.125,0.0,0.0,0.0,0.0,0.0,0.0
2024-04-25 10:00:00+00:00,0.0,1.7083333333333333,0.0,0.0,0.0,0.125,0.0,0.0,0.0,0.0,0.0,0.0
2024-04-25 11:00:00+00:00,0.0,1.25,0.0,0.0,0.0,0.125,0.0,0.0,0.0,0.0,0.0,0.0
2024-04-25 12:00:00+00:00,0.0,1.25,0.0,0.0,0.0,0.125,0.0,0.0,0.0,0.0,0.0,0.0
2024-04-25 13:00:00+00:00,11.0,1.7083333333333333,0.0,0.0,11.0,0.5833333333333334,0.0,0.0,0.0,0.0,0.0,0.0
2024-04-25 14:00:00+00:00,0.0,1.7083333333333333,0.0,0.0,0.0,0.5833333333333334,0.0,0.0,0.0,0.0,0.0,0.0
2024-04-25 15:00:00+00:00,0.0,1.7083333333333333,0.0,0.0,0.0,0.5833333333333334,0.0,0.0,0.0,0.0,0.0,0.0
2024-04-25 16:00:00+00:00,5.0,1.9166666666666667,0.0,0.0,5.0,0.7916666666666666,0.0,0.0,0.0,0.0,0.0,0.0
2024-04-25 17:00:00+00:00,0.0,1.9166666666666667,0.0,0.0,0.0,0.7916666666666666,0.0,0.0,0.0,0.0,0.0,0.0
2024-04-25 18:00:00+00:00,2.0,1.7916666666666667,0.0,0.0,2.0,0.875,0.0,0.0,0.0,0.0,0.0,0.0
2024-04-25 19:00:00+00:00,0.0,1.7916666666666667,0.0,0.0,0.0,0.875,0.0,0.0,0.0,0.0,0.0,0.0
2024-04-25 20:00:00+00:00,1.0,1.2916666666666667,0.0,0.0,1.0,0.9166666666666666,0.0,0.0,0.0,0.0,0.0,0.0
2024-04-25 21:00:00+00:00,0.0,0.9166666666666666,0.0,0.0,0.0,0.9166666666666666,0.0,0.0,0.0,0.0,0.0,0.0
2024-04-25 22:00:00+00:00,1.0,0.9583333333333334,0.0,0.0,1.0,0.9583333333333334,0.0,0.0,0.0,0.0,0.0,0.0
2024-04-25 23:00:00+00:00,0.0,0.9583333333333334,0.0,0.0,0.0,0.9583333333333334,0.0,0.0,0.0,0.0,0.0,0.0
2024-04-26 00:00:00+00:00,0.0,0.9583333333333334,0.0,0.0,0.0,0.9583333333333334,0.0,0.0,0.0,0.0,0.0,0.0
2024-04-26 01:00:00+00:00,39.0,2.5833333333333335,39.0,1.625,0.0,0.9583333333333334,0.0,0.0,0.0,0.0,0.0,0.0
2024-04-26 02:00:00+00:00,0.0,2.5833333333333335,0.0,1.625,0.0,0.9583333333333334,0.0,0.0,0.0,0.0,0.0,0.0
2024-04-26 03:00:00+00:00,0.0,2.4583333333333335,0.0,1.625,0.0,0.8333333333333334,0.0,0.0,0.0,0.0,0.0,0.0
2024-04-26 04:00:00+00:00,1.0,2.5,0.0,1.625,0.0,0.8333333333333334,0.0,0.0,0.0,0.0,0.0,0.0
2024-04-26 05:00:00+00:00,0.0,2.5,0.0,1.625,0.0,0.8333333333333334,0.0,0.0,0.0,0.0,0.0,0.0
2024-04-26 06:00:00+00:00,0.0,2.5,0.0,1.625,0.0,0.8333333333333334,0.0,0.0,0.0,0.0,0.0,0.0
2024-04-26 07:00:00+00:00,4.0,2.6666666666666665,0.0,1.625,0.0,0.8333333333333334,0.0,0.0,0.0,0.0,0.0,0.0
2024-04-26 08:00:00+00:00,8.0,3.0,0.0,1.625,0.0,0.8333333333333334,0.0,0.0,0.0,0.0,0.0,0.0
2024-04-26 09:00:00+00:00,12.0,3.5,0.0,1.625,0.0,0.8333333333333334,0.0,0.0,0.0,0.0,0.0,0.0
2024-04-26 10:00:00+00:00,12.0,4.0,11.0,2.0833333333333335,0.0,0.8333333333333334,0.0,0.0,0.0,0.0,0.0,0.0
2024-04-26 11:00:00+00:00,26.0,5.083333333333333,26.0,3.1666666666666665,0.0,0.8333333333333334,0.0,0.0,0.0,0.0,10.0,0.4166666666666667
2024-04-26 12:00:00+00:00,16.0,5.75,4.0,3.3333333333333335,0.0,0.8333333333333334,0.0,0.0,0.0,0.0,0.0,0.4166666666666667
2024-04-26 13:00:00+00:00,14.0,5.875,0.0,3.3333333333333335,0.0,0.375,0.0,0.0,0.0,0.0,0.0,0.4166666666666667
2024-04-26 14:00:00+00:00,0.0,5.875,0.0,3.3333333333333335,0.0,0.375,0.0,0.0,0.0,0.0,0.0,0.4166666666666667
2024-04-26 15:00:00+00:00,0.0,5.875,0.0,3.3333333333333335,0.0,0.375,0.0,0.0,0.0,0.0,0.0,0.4166666666666667
2024-04-26 16:00:00+00:00,0.0,5.666666666666667,0.0,3.3333333333333335,0.0,0.16666666666666666,0.0,0.0,0.0,0.0,0.0,0.4166666666666667
2024-04-26 17:00:00+00:00,1.0,5.708333333333333,0.0,3.3333333333333335,0.0,0.16666666666666666,0.0,0.0,0.0,0.0,0.0,0.4166666666666667
2024-04-26 18:00:00+00:00,0.0,5.625,0.0,3.3333333333333335,0.0,0.08333333333333333,0.0,0.0,0.0,0.0,0.0,0.4166666666666667
2024-04-26 19:00:00+00:00,0.0,5.625,0.0,3.3333333333333335,0.0,0.08333333333333333,0.0,0.0,0.0,0.0,0.0,0.4166666666666667
2024-04-26 20:00:00+00:00,0.0,5.583333333333333,0.0,3.3333333333333335,0.0,0.041666666666666664,0.0,0.0,0.0,0.0,0.0,0.4166666666666667
2024-04-26 21:00:00+00:00,0.0,5.583333333333333,0.0,3.3333333333333335,0.0,0.041666666666666664,0.0,0.0,0.0,0.0,0.0,0.4166666666666667
2024-04-26 22:00:00+00:00,6.0,5.791666666666667,2.0,3.4166666666666665,0.0,0.0,0.0,0.0,0.0,0.0,0.0,0.4166666666666667
2024-04-26 23:00:00+00:00,26.0,6.875,26.0,4.5,0.0,0.0,0.0,0.0,0.0,0.0,0.0,0.4166666666666667
2024-04-27 00:00:00+00:00,0.0,6.875,0.0,4.5,0.0,0.0,0.0,0.0,0.0,0.0,0.0,0.4166666666666667
2024-04-27 01:00:00+00:00,0.0,5.25,0.0,2.875,0.0,0.0,0.0,0.0,0.0,0.0,0.0,0.4166666666666667
2024-04-27 02:00:00+00:00,8.0,5.583333333333333,0.0,2.875,0.0,0.0,0.0,0.0,0.0,0.0,0.0,0.4166666666666667
2024-04-27 03:00:00+00:00,3.0,5.708333333333333,0.0,2.875,0.0,0.0,0.0,0.0,0.0,0.0,0.0,0.4166666666666667
2024-04-27 04:00:00+00:00,0.0,5.666666666666667,0.0,2.875,0.0,0.0,0.0,0.0,0.0,0.0,0.0,0.4166666666666667
2024-04-27 05:00:00+00:00,0.0,5.666666666666667,0.0,2.875,0.0,0.0,0.0,0.0,0.0,0.0,0.0,0.4166666666666667
2024-04-27 06:00:00+00:00,0.0,5.666666666666667,0.0,2.875,0.0,0.0,0.0,0.0,0.0,0.0,0.0,0.4166666666666667
2024-04-27 07:00:00+00:00,11.0,5.958333333333333,0.0,2.875,0.0,0.0,0.0,0.0,0.0,0.0,0.0,0.4166666666666667
2024-04-27 08:00:00+00:00,0.0,5.625,0.0,2.875,0.0,0.0,0.0,0.0,0.0,0.0,0.0,0.4166666666666667
2024-04-27 09:00:00+00:00,21.0,6.0,0.0,2.875,0.0,0.0,0.0,0.0,0.0,0.0,0.0,0.4166666666666667
2024-04-27 10:00:00+00:00,6.0,5.75,0.0,2.4166666666666665,0.0,0.0,0.0,0.0,0.0,0.0,0.0,0.4166666666666667
2024-04-27 11:00:00+00:00,0.0,4.666666666666667,0.0,1.3333333333333333,0.0,0.0,0.0,0.0,0.0,0.0,0.0,0.0
2024-04-27 12:00:00+00:00,0.0,4.0,0.0,1.1666666666666667,0.0,0.0,0.0,0.0,0.0,0.0,0.0,0.0
2024-04-27 13:00:00+00:00,0.0,3.4166666666666665,0.0,1.1666666666666667,0.0,0.0,0.0,0.0,0.0,0.0,0.0,0.0
2024-04-27 14:00:00+00:00,0.0,3.4166666666666665,0.0,1.1666666666666667,0.0,0.0,0.0,0.0,0.0,0.0,0.0,0.0
2024-04-27 15:00:00+00:00,13.0,3.9583333333333335,0.0,1.1666666666666667,0.0,0.0,0.0,0.0,0.0,0.0,0.0,0.0
2024-04-27 16:00:00+00:00,0.0,3.9583333333333335,0.0,1.1666666666666667,0.0,0.0,0.0,0.0,0.0,0.0,0.0,0.0
2024-04-27 17:00:00+00:00,0.0,3.9166666666666665,0.0,1.1666666666666667,0.0,0.0,0.0,0.0,0.0,0.0,0.0,0.0
2024-04-27 18:00:00+00:00,0.0,3.9166666666666665,0.0,1.1666666666666667,0.0,0.0,0.0,0.0,0.0,0.0,0.0,0.0
2024-04-27 19:00:00+00:00,0.0,3.9166666666666665,0.0,1.1666666666666667,0.0,0.0,0.0,0.0,0.0,0.0,0.0,0.0
2024-04-27 20:00:00+00:00,2.0,4.0,0.0,1.1666666666666667,0.0,0.0,0.0,0.0,0.0,0.0,0.0,0.0
2024-04-27 21:00:00+00:00,1.0,4.041666666666667,0.0,1.1666666666666667,0.0,0.0,0.0,0.0,0.0,0.0,0.0,0.0
2024-04-27 22:00:00+00:00,0.0,3.7916666666666665,0.0,1.0833333333333333,0.0,0.0,0.0,0.0,0.0,0.0,0.0,0.0
2024-04-27 23:00:00+00:00,0.0,2.7083333333333335,0.0,0.0,0.0,0.0,0.0,0.0,0.0,0.0,0.0,0.0
2024-04-28 00:00:00+00:00,0.0,2.7083333333333335,0.0,0.0,0.0,0.0,0.0,0.0,0.0,0.0,0.0,0.0
2024-04-28 01:00:00+00:00,0.0,2.7083333333333335,0.0,0.0,0.0,0.0,0.0,0.0,0.0,0.0,0.0,0.0
2024-04-28 02:00:00+00:00,0.0,2.375,0.0,0.0,0.0,0.0,0.0,0.0,0.0,0.0,0.0,0.0
2024-04-28 03:00:00+00:00,0.0,2.25,0.0,0.0,0.0,0.0,0.0,0.0,0.0,0.0,0.0,0.0
2024-04-28 04:00:00+00:00,0.0,2.25,0.0,0.0,0.0,0.0,0.0,0.0,0.0,0.0,0.0,0.0
2024-04-28 05:00:00+00:00,0.0,2.25,0.0,0.0,0.0,0.0,0.0,0.0,0.0,0.0,0.0,0.0
2024-04-28 06:00:00+00:00,2.0,2.3333333333333335,0.0,0.0,0.0,0.0,0.0,0.0,0.0,0.0,0.0,0.0
2024-04-28 07:00:00+00:00,4.0,2.0416666666666665,0.0,0.0,0.0,0.0,0.0,0.0,0.0,0.0,0.0,0.0
2024-04-28 08:00:00+00:00,3.0,2.1666666666666665,0.0,0.0,0.0,0.0,0.0,0.0,0.0,0.0,0.0,0.0
2024-04-28 09:00:00+00:00,11.0,1.75,0.0,0.0,0.0,0.0,0.0,0.0,0.0,0.0,0.0,0.0
2024-04-28 10:00:00+00:00,14.0,2.0833333333333335,0.0,0.0,0.0,0.0,0.0,0.0,0.0,0.0,0.0,0.0
2024-04-28 11:00:00+00:00,7.0,2.375,0.0,0.0,0.0,0.0,0.0,0.0,0.0,0.0,0.0,0.0
2024-04-28 12:00:00+00:00,0.0,2.375,0.0,0.0,0.0,0.0,0.0,0.0,0.0,0.0,0.0,0.0
2024-04-28 13:00:00+00:00,0.0,2.375,0.0,0.0,0.0,0.0,0.0,0.0,0.0,0.0,0.0,0.0
2024-04-28 14:00:00+00:00,2.0,2.4583333333333335,0.0,0.0,0.0,0.0,0.0,0.0,0.0,0.0,0.0,0.0
2024-04-28 15:00:00+00:00,0.0,1.9166666666666667,0.0,0.0,0.0,0.0,0.0,0.0,0.0,0.0,0.0,0.0
2024-04-28 16:00:00+00:00,0.0,1.9166666666666667,0.0,0.0,0.0,0.0,0.0,0.0,0.0,0.0,0.0,0.0
2024-04-28 17:00:00+00:00,0.0,1.9166666666666667,0.0,0.0,0.0,0.0,0.0,0.0,0.0,0.0,0.0,0.0
2024-04-28 18:00:00+00:00,0.0,1.9166666666666667,0.0,0.0,0.0,0.0,0.0,0.0,0.0,0.0,0.0,0.0
2024-04-28 19:00:00+00:00,4.0,2.0833333333333335,0.0,0.0,0.0,0.0,0.0,0.0,0.0,0.0,0.0,0.0
2024-04-28 20:00:00+00:00,5.0,2.2083333333333335,0.0,0.0,0.0,0.0,0.0,0.0,0.0,0.0,0.0,0.0
2024-04-28 21:00:00+00:00,10.0,2.5833333333333335,0.0,0.0,0.0,0.0,0.0,0.0,0.0,0.0,0.0,0.0
2024-04-28 22:00:00+00:00,6.0,2.8333333333333335,0.0,0.0,0.0,0.0,0.0,0.0,0.0,0.0,0.0,0.0
2024-04-28 23:00:00+00:00,0.0,2.8333333333333335,0.0,0.0,0.0,0.0,0.0,0.0,0.0,0.0,0.0,0.0
2024-04-29 00:00:00+00:00,0.0,2.8333333333333335,0.0,0.0,0.0,0.0,0.0,0.0,0.0,0.0,0.0,0.0
2024-04-29 01:00:00+00:00,0.0,2.8333333333333335,0.0,0.0,0.0,0.0,0.0,0.0,0.0,0.0,0.0,0.0
2024-04-29 02:00:00+00:00,2.0,2.9166666666666665,0.0,0.0,0.0,0.0,0.0,0.0,0.0,0.0,0.0,0.0
2024-04-29 03:00:00+00:00,14.0,3.5,0.0,0.0,0.0,0.0,0.0,0.0,0.0,0.0,0.0,0.0
2024-04-29 04:00:00+00:00,0.0,3.5,0.0,0.0,0.0,0.0,0.0,0.0,0.0,0.0,0.0,0.0
2024-04-29 05:00:00+00:00,0.0,3.5,0.0,0.0,0.0,0.0,0.0,0.0,0.0,0.0,0.0,0.0
2024-04-29 06:00:00+00:00,0.0,3.4166666666666665,0.0,0.0,0.0,0.0,0.0,0.0,0.0,0.0,0.0,0.0
2024-04-29 07:00:00+00:00,4.0,3.4166666666666665,0.0,0.0,0.0,0.0,0.0,0.0,0.0,0.0,0.0,0.0
2024-04-29 08:00:00+00:00,9.0,3.6666666666666665,7.0,0.2916666666666667,0.0,0.0,0.0,0.0,0.0,0.0,0.0,0.0
2024-04-29 09:00:00+00:00,19.0,4.0,19.0,1.0833333333333333,0.0,0.0,0.0,0.0,0.0,0.0,0.0,0.0
2024-04-29 10:00:00+00:00,16.0,4.083333333333333,0.0,1.0833333333333333,0.0,0.0,0.0,0.0,0.0,0.0,8.0,0.3333333333333333
2024-04-29 11:00:00+00:00,2.0,3.875,0.0,1.0833333333333333,0.0,0.0,0.0,0.0,0.0,0.0,0.0,0.3333333333333333
2024-04-29 12:00:00+00:00,0.0,3.875,0.0,1.0833333333333333,0.0,0.0,0.0,0.0,0.0,0.0,0.0,0.3333333333333333
2024-04-29 13:00:00+00:00,0.0,3.875,0.0,1.0833333333333333,0.0,0.0,0.0,0.0,0.0,0.0,0.0,0.3333333333333333
2024-04-29 14:00:00+00:00,0.0,3.7916666666666665,0.0,1.0833333333333333,0.0,0.0,0.0,0.0,0.0,0.0,0.0,0.3333333333333333
2024-04-29 15:00:00+00:00,0.0,3.7916666666666665,0.0,1.0833333333333333,0.0,0.0,0.0,0.0,0.0,0.0,0.0,0.3333333333333333
2024-04-29 16:00:00+00:00,0.0,3.7916666666666665,0.0,1.0833333333333333,0.0,0.0,0.0,0.0,0.0,0.0,0.0,0.3333333333333333
2024-04-29 17:00:00+00:00,0.0,3.7916666666666665,0.0,1.0833333333333333,0.0,0.0,0.0,0.0,0.0,0.0,0.0,0.3333333333333333
2024-04-29 18:00:00+00:00,0.0,3.7916666666666665,0.0,1.0833333333333333,0.0,0.0,0.0,0.0,0.0,0.0,0.0,0.3333333333333333
2024-04-29 19:00:00+00:00,27.0,4.75,27.0,2.2083333333333335,0.0,0.0,0.0,0.0,0.0,0.0,0.0,0.3333333333333333
2024-04-29 20:00:00+00:00,3.0,4.666666666666667,3.0,2.3333333333333335,0.0,0.0,0.0,0.0,0.0,0.0,0.0,0.3333333333333333
2024-04-29 21:00:00+00:00,7.0,4.541666666666667,0.0,2.3333333333333335,0.0,0.0,0.0,0.0,0.0,0.0,0.0,0.3333333333333333
2024-04-29 22:00:00+00:00,3.0,4.416666666666667,0.0,2.3333333333333335,0.0,0.0,0.0,0.0,0.0,0.0,0.0,0.3333333333333333
2024-04-29 23:00:00+00:00,0.0,4.416666666666667,0.0,2.3333333333333335,0.0,0.0,0.0,0.0,0.0,0.0,0.0,0.3333333333333333
2024-04-30 00:00:00+00:00,5.0,4.625,0.0,2.3333333333333335,0.0,0.0,0.0,0.0,0.0,0.0,0.0,0.3333333333333333
2024-04-30 01:00:00+00:00,0.0,4.625,0.0,2.3333333333333335,0.0,0.0,0.0,0.0,0.0,0.0,0.0,0.3333333333333333
2024-04-30 02:00:00+00:00,4.0,4.708333333333333,0.0,2.3333333333333335,0.0,0.0,0.0,0.0,0.0,0.0,0.0,0.3333333333333333
2024-04-30 03:00:00+00:00,0.0,4.125,0.0,2.3333333333333335,0.0,0.0,0.0,0.0,0.0,0.0,0.0,0.3333333333333333
2024-04-30 04:00:00+00:00,0.0,4.125,0.0,2.3333333333333335,0.0,0.0,0.0,0.0,0.0,0.0,0.0,0.3333333333333333
2024-04-30 05:00:00+00:00,0.0,4.125,0.0,2.3333333333333335,0.0,0.0,0.0,0.0,0.0,0.0,0.0,0.3333333333333333
2024-04-30 06:00:00+00:00,0.0,4.125,0.0,2.3333333333333335,0.0,0.0,0.0,0.0,0.0,0.0,0.0,0.3333333333333333
2024-04-30 07:00:00+00:00,0.0,3.9583333333333335,0.0,2.3333333333333335,0.0,0.0,0.0,0.0,0.0,0.0,0.0,0.3333333333333333
2024-04-30 08:00:00+00:00,0.0,3.5833333333333335,0.0,2.0416666666666665,0.0,0.0,0.0,0.0,0.0,0.0,0.0,0.3333333333333333
2024-04-30 09:00:00+00:00,0.0,2.7916666666666665,0.0,1.25,0.0,0.0,0.0,0.0,0.0,0.0,0.0,0.3333333333333333
2024-04-30 10:00:00+00:00,2.0,2.2083333333333335,0.0,1.25,0.0,0.0,0.0,0.0,0.0,0.0,0.0,0.0
2024-04-30 11:00:00+00:00,2.0,2.2083333333333335,0.0,1.25,0.0,0.0,0.0,0.0,0.0,0.0,0.0,0.0
2024-04-30 12:00:00+00:00,0.0,2.2083333333333335,0.0,1.25,0.0,0.0,0.0,0.0,0.0,0.0,0.0,0.0
2024-04-30 13:00:00+00:00,0.0,2.2083333333333335,0.0,1.25,0.0,0.0,0.0,0.0,0.0,0.0,0.0,0.0
2024-04-30 14:00:00+00:00,0.0,2.2083333333333335,0.0,1.25,0.0,0.0,0.0,0.0,0.0,0.0,0.0,0.0
2024-04-30 15:00:00+00:00,2.0,2.2916666666666665,0.0,1.25,0.0,0.0,0.0,0.0,0.0,0.0,0.0,0.0
2024-04-30 16:00:00+00:00,18.0,3.0416666666666665,0.0,1.25,0.0,0.0,0.0,0.0,0.0,0.0,0.0,0.0
2024-04-30 17:00:00+00:00,3.0,3.1666666666666665,0.0,1.25,0.0,0.0,0.0,0.0,0.0,0.0,0.0,0.0
2024-04-30 18:00:00+00:00,0.0,3.1666666666666665,0.0,1.25,0.0,0.0,0.0,0.0,0.0,0.0,0.0,0.0
2024-04-30 19:00:00+00:00,0.0,2.0416666666666665,0.0,0.125,0.0,0.0,0.0,0.0,0.0,0.0,0.0,0.0
2024-04-30 20:00:00+00:00,1.0,1.9583333333333333,0.0,0.0,0.0,0.0,0.0,0.0,0.0,0.0,0.0,0.0
2024-04-30 21:00:00+00:00,1.0,1.7083333333333333,0.0,0.0,0.0,0.0,0.0,0.0,0.0,0.0,0.0,0.0
2024-04-30 22:00:00+00:00,6.0,1.8333333333333333,0.0,0.0,0.0,0.0,0.0,0.0,0.0,0.0,0.0,0.0
2024-04-30 23:00:00+00:00,5.0,2.0416666666666665,0.0,0.0,0.0,0.0,0.0,0.0,0.0,0.0,0.0,0.0
2024-05-01 00:00:00+00:00,1.0,1.875,0.0,0.0,1.0,0.041666666666666664,0.0,0.0,0.0,0.0,0.0,0.0
2024-05-01 01:00:00+00:00,5.0,2.0833333333333335,0.0,0.0,5.0,0.25,0.0,0.0,0.0,0.0,0.0,0.0
2024-05-01 02:00:00+00:00,15.0,2.5416666666666665,0.0,0.0,15.0,0.875,0.0,0.0,0.0,0.0,0.0,0.0
2024-05-01 03:00:00+00:00,4.0,2.7083333333333335,0.0,0.0,4.0,1.0416666666666667,0.0,0.0,0.0,0.0,0.0,0.0
2024-05-01 04:00:00+00:00,0.0,2.7083333333333335,0.0,0.0,0.0,1.0416666666666667,0.0,0.0,0.0,0.0,0.0,0.0
2024-05-01 05:00:00+00:00,0.0,2.7083333333333335,0.0,0.0,0.0,1.0416666666666667,0.0,0.0,0.0,0.0,0.0,0.0
2024-05-01 06:00:00+00:00,0.0,2.7083333333333335,0.0,0.0,0.0,1.0416666666666667,0.0,0.0,0.0,0.0,0.0,0.0
2024-05-01 07:00:00+00:00,2.0,2.7916666666666665,0.0,0.0,2.0,1.125,0.0,0.0,0.0,0.0,0.0,0.0
2024-05-01 08:00:00+00:00,0.0,2.7916666666666665,0.0,0.0,0.0,1.125,0.0,0.0,0.0,0.0,0.0,0.0
2024-05-01 09:00:00+00:00,0.0,2.7916666666666665,0.0,0.0,0.0,1.125,0.0,0.0,0.0,0.0,0.0,0.0
2024-05-01 10:00:00+00:00,0.0,2.7083333333333335,0.0,0.0,0.0,1.125,0.0,0.0,0.0,0.0,0.0,0.0
2024-05-01 11:00:00+00:00,2.0,2.7083333333333335,0.0,0.0,2.0,1.2083333333333333,0.0,0.0,0.0,0.0,0.0,0.0
2024-05-01 12:00:00+00:00,0.0,2.7083333333333335,0.0,0.0,0.0,1.2083333333333333,0.0,0.0,0.0,0.0,0.0,0.0
2024-05-01 13:00:00+00:00,0.0,2.7083333333333335,0.0,0.0,0.0,1.2083333333333333,0.0,0.0,0.0,0.0,0.0,0.0
2024-05-01 14:00:00+00:00,2.0,2.7916666666666665,0.0,0.0,2.0,1.2916666666666667,0.0,0.0,0.0,0.0,0.0,0.0
2024-05-01 15:00:00+00:00,0.0,2.7083333333333335,0.0,0.0,0.0,1.2916666666666667,0.0,0.0,0.0,0.0,0.0,0.0
2024-05-01 16:00:00+00:00,1.0,2.0,0.0,0.0,1.0,1.3333333333333333,0.0,0.0,0.0,0.0,0.0,0.0
2024-05-01 17:00:00+00:00,0.0,1.875,0.0,0.0,0.0,1.3333333333333333,0.0,0.0,0.0,0.0,0.0,0.0
2024-05-01 18:00:00+00:00,0.0,1.875,0.0,0.0,0.0,1.3333333333333333,0.0,0.0,0.0,0.0,0.0,0.0
2024-05-01 19:00:00+00:00,9.0,2.25,0.0,0.0,9.0,1.7083333333333333,0.0,0.0,0.0,0.0,0.0,0.0
2024-05-01 20:00:00+00:00,1.0,2.25,0.0,0.0,1.0,1.75,0.0,0.0,0.0,0.0,0.0,0.0
2024-05-01 21:00:00+00:00,2.0,2.2916666666666665,0.0,0.0,2.0,1.8333333333333333,0.0,0.0,0.0,0.0,0.0,0.0
2024-05-01 22:00:00+00:00,0.0,2.0416666666666665,0.0,0.0,0.0,1.8333333333333333,0.0,0.0,0.0,0.0,0.0,0.0
2024-05-01 23:00:00+00:00,0.0,1.8333333333333333,0.0,0.0,0.0,1.8333333333333333,0.0,0.0,0.0,0.0,0.0,0.0
2024-05-02 00:00:00+00:00,0.0,1.7916666666666667,0.0,0.0,0.0,1.7916666666666667,0.0,0.0,0.0,0.0,0.0,0.0
2024-05-02 01:00:00+00:00,27.0,2.7083333333333335,27.0,1.125,0.0,1.5833333333333333,0.0,0.0,0.0,0.0,0.0,0.0
2024-05-02 02:00:00+00:00,3.0,2.2083333333333335,3.0,1.25,0.0,0.9583333333333334,0.0,0.0,0.0,0.0,0.0,0.0
2024-05-02 03:00:00+00:00,0.0,2.0416666666666665,0.0,1.25,0.0,0.7916666666666666,0.0,0.0,0.0,0.0,0.0,0.0
2024-05-02 04:00:00+00:00,0.0,2.0416666666666665,0.0,1.25,0.0,0.7916666666666666,0.0,0.0,0.0,0.0,0.0,0.0
2024-05-02 05:00:00+00:00,2.0,2.125,0.0,1.25,0.0,0.7916666666666666,0.0,0.0,0.0,0.0,0.0,0.0
2024-05-02 06:00:00+00:00,0.0,2.125,0.0,1.25,0.0,0.7916666666666666,0.0,0.0,0.0,0.0,0.0,0.0
2024-05-02 07:00:00+00:00,0.0,2.0416666666666665,0.0,1.25,0.0,0.7083333333333334,0.0,0.0,0.0,0.0,0.0,0.0
2024-05-02 08:00:00+00:00,0.0,2.0416666666666665,0.0,1.25,0.0,0.7083333333333334,0.0,0.0,0.0,0.0,0.0,0.0
2024-05-02 09:00:00+00:00,0.0,2.0416666666666665,0.0,1.25,0.0,0.7083333333333334,0.0,0.0,0.0,0.0,0.0,0.0
2024-05-02 10:00:00+00:00,0.0,2.0416666666666665,0.0,1.25,0.0,0.7083333333333334,0.0,0.0,0.0,0.0,0.0,0.0
2024-05-02 11:00:00+00:00,3.0,2.0833333333333335,0.0,1.25,0.0,0.625,0.0,0.0,0.0,0.0,0.0,0.0
2024-05-02 12:00:00+00:00,0.0,2.0833333333333335,0.0,1.25,0.0,0.625,0.0,0.0,0.0,0.0,0.0,0.0
2024-05-02 13:00:00+00:00,9.0,2.4583333333333335,0.0,1.25,0.0,0.625,0.0,0.0,0.0,0.0,0.0,0.0
2024-05-02 14:00:00+00:00,12.0,2.875,0.0,1.25,0.0,0.5416666666666666,0.0,0.0,0.0,0.0,0.0,0.0
2024-05-02 15:00:00+00:00,13.0,3.4166666666666665,0.0,1.25,0.0,0.5416666666666666,0.0,0.0,0.0,0.0,0.0,0.0
2024-05-02 16:00:00+00:00,7.0,3.6666666666666665,0.0,1.25,0.0,0.5,0.0,0.0,0.0,0.0,0.0,0.0
2024-05-02 17:00:00+00:00,1.0,3.7083333333333335,0.0,1.25,0.0,0.5,0.0,0.0,0.0,0.0,0.0,0.0
2024-05-02 18:00:00+00:00,0.0,3.7083333333333335,0.0,1.25,0.0,0.5,0.0,0.0,0.0,0.0,0.0,0.0
2024-05-02 19:00:00+00:00,0.0,3.3333333333333335,0.0,1.25,0.0,0.125,0.0,0.0,0.0,0.0,0.0,0.0
2024-05-02 20:00:00+00:00,0.0,3.2916666666666665,0.0,1.25,0.0,0.08333333333333333,0.0,0.0,0.0,0.0,0.0,0.0
2024-05-02 21:00:00+00:00,2.0,3.2916666666666665,0.0,1.25,0.0,0.0,0.0,0.0,0.0,0.0,0.0,0.0
2024-05-02 22:00:00+00:00,5.0,3.5,0.0,1.25,0.0,0.0,0.0,0.0,0.0,0.0,0.0,0.0
2024-05-02 23:00:00+00:00,8.0,3.8333333333333335,0.0,1.25,0.0,0.0,0.0,0.0,0.0,0.0,0.0,0.0
2024-05-03 00:00:00+00:00,0.0,3.8333333333333335,0.0,1.25,0.0,0.0,0.0,0.0,0.0,0.0,0.0,0.0
2024-05-03 01:00:00+00:00,0.0,2.7083333333333335,0.0,0.125,0.0,0.0,0.0,0.0,0.0,0.0,0.0,0.0
2024-05-03 02:00:00+00:00,2.0,2.6666666666666665,0.0,0.0,0.0,0.0,0.0,0.0,0.0,0.0,0.0,0.0
2024-05-03 03:00:00+00:00,0.0,2.6666666666666665,0.0,0.0,0.0,0.0,0.0,0.0,0.0,0.0,0.0,0.0
2024-05-03 04:00:00+00:00,1.0,2.7083333333333335,0.0,0.0,0.0,0.0,0.0,0.0,0.0,0.0,0.0,0.0
2024-05-03 05:00:00+00:00,0.0,2.625,0.0,0.0,0.0,0.0,0.0,0.0,0.0,0.0,0.0,0.0
2024-05-03 06:00:00+00:00,0.0,2.625,0.0,0.0,0.0,0.0,0.0,0.0,0.0,0.0,0.0,0.0
2024-05-03 07:00:00+00:00,0.0,2.625,0.0,0.0,0.0,0.0,0.0,0.0,0.0,0.0,0.0,0.0
2024-05-03 08:00:00+00:00,0.0,2.625,0.0,0.0,0.0,0.0,0.0,0.0,0.0,0.0,0.0,0.0
2024-05-03 09:00:00+00:00,0.0,2.625,0.0,0.0,0.0,0.0,0.0,0.0,0.0,0.0,0.0,0.0
2024-05-03 10:00:00+00:00,0.0,2.625,0.0,0.0,0.0,0.0,0.0,0.0,0.0,0.0,0.0,0.0
2024-05-03 11:00:00+00:00,1.0,2.5416666666666665,0.0,0.0,0.0,0.0,0.0,0.0,0.0,0.0,0.0,0.0
2024-05-03 12:00:00+00:00,0.0,2.5416666666666665,0.0,0.0,0.0,0.0,0.0,0.0,0.0,0.0,0.0,0.0
2024-05-03 13:00:00+00:00,0.0,2.1666666666666665,0.0,0.0,0.0,0.0,0.0,0.0,0.0,0.0,0.0,0.0
2024-05-03 14:00:00+00:00,9.0,2.0416666666666665,0.0,0.0,0.0,0.0,0.0,0.0,0.0,0.0,0.0,0.0
2024-05-03 15:00:00+00:00,0.0,1.5,0.0,0.0,0.0,0.0,0.0,0.0,0.0,0.0,0.0,0.0
2024-05-03 16:00:00+00:00,6.0,1.4583333333333333,0.0,0.0,0.0,0.0,0.0,0.0,0.0,0.0,0.0,0.0
2024-05-03 17:00:00+00:00,0.0,1.4166666666666667,0.0,0.0,0.0,0.0,0.0,0.0,0.0,0.0,0.0,0.0
2024-05-03 18:00:00+00:00,10.0,1.8333333333333333,0.0,0.0,0.0,0.0,0.0,0.0,0.0,0.0,0.0,0.0
2024-05-03 19:00:00+00:00,4.0,2.0,0.0,0.0,0.0,0.0,0.0,0.0,0.0,0.0,0.0,0.0
2024-05-03 20:00:00+00:00,0.0,2.0,0.0,0.0,0.0,0.0,0.0,0.0,0.0,0.0,0.0,0.0
2024-05-03 21:00:00+00:00,0.0,1.9166666666666667,0.0,0.0,0.0,0.0,0.0,0.0,0.0,0.0,0.0,0.0
2024-05-03 22:00:00+00:00,0.0,1.7083333333333333,0.0,0.0,0.0,0.0,0.0,0.0,0.0,0.0,0.0,0.0
2024-05-03 23:00:00+00:00,0.0,1.375,0.0,0.0,0.0,0.0,0.0,0.0,0.0,0.0,0.0,0.0
2024-05-04 00:00:00+00:00,3.0,1.5,0.0,0.0,0.0,0.0,0.0,0.0,0.0,0.0,0.0,0.0
2024-05-04 01:00:00+00:00,10.0,1.9166666666666667,0.0,0.0,0.0,0.0,0.0,0.0,0.0,0.0,0.0,0.0
2024-05-04 02:00:00+00:00,7.0,2.125,0.0,0.0,0.0,0.0,0.0,0.0,0.0,0.0,0.0,0.0
2024-05-04 03:00:00+00:00,8.0,2.4583333333333335,0.0,0.0,0.0,0.0,0.0,0.0,0.0,0.0,0.0,0.0
2024-05-04 04:00:00+00:00,0.0,2.4166666666666665,0.0,0.0,0.0,0.0,0.0,0.0,0.0,0.0,0.0,0.0
2024-05-04 05:00:00+00:00,0.0,2.4166666666666665,0.0,0.0,0.0,0.0,0.0,0.0,0.0,0.0,0.0,0.0
2024-05-04 06:00:00+00:00,5.0,2.625,0.0,0.0,0.0,0.0,0.0,0.0,0.0,0.0,0.0,0.0
2024-05-04 07:00:00+00:00,0.0,2.625,0.0,0.0,0.0,0.0,0.0,0.0,0.0,0.0,0.0,0.0
2024-05-04 08:00:00+00:00,0.0,2.625,0.0,0.0,0.0,0.0,0.0,0.0,0.0,0.0,0.0,0.0
2024-05-04 09:00:00+00:00,0.0,2.625,0.0,0.0,0.0,0.0,0.0,0.0,0.0,0.0,0.0,0.0
2024-05-04 10:00:00+00:00,0.0,2.625,0.0,0.0,0.0,0.0,0.0,0.0,0.0,0.0,0.0,0.0
2024-05-04 11:00:00+00:00,1.0,2.625,0.0,0.0,0.0,0.0,0.0,0.0,0.0,0.0,0.0,0.0
2024-05-04 12:00:00+00:00,13.0,3.1666666666666665,0.0,0.0,0.0,0.0,0.0,0.0,0.0,0.0,0.0,0.0
2024-05-04 13:00:00+00:00,14.0,3.75,0.0,0.0,0.0,0.0,0.0,0.0,0.0,0.0,0.0,0.0
2024-05-04 14:00:00+00:00,3.0,3.5,3.0,0.125,0.0,0.0,0.0,0.0,0.0,0.0,0.0,0.0
2024-05-04 15:00:00+00:00,23.0,4.458333333333333,23.0,1.0833333333333333,0.0,0.0,0.0,0.0,0.0,0.0,0.0,0.0
2024-05-04 16:00:00+00:00,0.0,4.208333333333333,0.0,1.0833333333333333,0.0,0.0,0.0,0.0,0.0,0.0,0.0,0.0
2024-05-04 17:00:00+00:00,0.0,4.208333333333333,0.0,1.0833333333333333,0.0,0.0,0.0,0.0,0.0,0.0,0.0,0.0
2024-05-04 18:00:00+00:00,54.0,6.041666666666667,54.0,3.3333333333333335,0.0,0.0,0.0,0.0,0.0,0.0,0.0,0.0
2024-05-04 19:00:00+00:00,2.0,5.958333333333333,0.0,3.3333333333333335,0.0,0.0,0.0,0.0,0.0,0.0,0.0,0.0
2024-05-04 20:00:00+00:00,4.0,6.125,0.0,3.3333333333333335,0.0,0.0,0.0,0.0,0.0,0.0,0.0,0.0
2024-05-04 21:00:00+00:00,0.0,6.125,0.0,3.3333333333333335,0.0,0.0,0.0,0.0,0.0,0.0,0.0,0.0
2024-05-04 22:00:00+00:00,0.0,6.125,0.0,3.3333333333333335,0.0,0.0,0.0,0.0,0.0,0.0,0.0,0.0
2024-05-04 23:00:00+00:00,1.0,6.166666666666667,0.0,3.3333333333333335,0.0,0.0,0.0,0.0,0.0,0.0,0.0,0.0
2024-05-05 00:00:00+00:00,42.0,7.791666666666667,42.0,5.083333333333333,0.0,0.0,0.0,0.0,0.0,0.0,0.0,0.0
2024-05-05 01:00:00+00:00,0.0,7.375,0.0,5.083333333333333,0.0,0.0,0.0,0.0,0.0,0.0,0.0,0.0
2024-05-05 02:00:00+00:00,0.0,7.083333333333333,0.0,5.083333333333333,0.0,0.0,0.0,0.0,0.0,0.0,0.0,0.0
2024-05-05 03:00:00+00:00,3.0,6.875,0.0,5.083333333333333,0.0,0.0,0.0,0.0,0.0,0.0,0.0,0.0
2024-05-05 04:00:00+00:00,9.0,7.25,0.0,5.083333333333333,0.0,0.0,0.0,0.0,0.0,0.0,0.0,0.0
2024-05-05 05:00:00+00:00,0.0,7.25,0.0,5.083333333333333,0.0,0.0,0.0,0.0,0.0,0.0,0.0,0.0
2024-05-05 06:00:00+00:00,0.0,7.041666666666667,0.0,5.083333333333333,0.0,0.0,0.0,0.0,0.0,0.0,0.0,0.0
2024-05-05 07:00:00+00:00,2.0,7.125,0.0,5.083333333333333,0.0,0.0,0.0,0.0,0.0,0.0,0.0,0.0
2024-05-05 08:00:00+00:00,9.0,7.5,0.0,5.083333333333333,0.0,0.0,0.0,0.0,0.0,0.0,0.0,0.0
2024-05-05 09:00:00+00:00,3.0,7.625,0.0,5.083333333333333,0.0,0.0,0.0,0.0,0.0,0.0,0.0,0.0
2024-05-05 10:00:00+00:00,7.0,7.916666666666667,0.0,5.083333333333333,0.0,0.0,0.0,0.0,0.0,0.0,0.0,0.0
2024-05-05 11:00:00+00:00,0.0,7.875,0.0,5.083333333333333,0.0,0.0,0.0,0.0,0.0,0.0,0.0,0.0
2024-05-05 12:00:00+00:00,3.0,7.458333333333333,0.0,5.083333333333333,0.0,0.0,0.0,0.0,0.0,0.0,0.0,0.0
2024-05-05 13:00:00+00:00,2.0,6.958333333333333,0.0,5.083333333333333,0.0,0.0,0.0,0.0,0.0,0.0,0.0,0.0
2024-05-05 14:00:00+00:00,0.0,6.833333333333333,0.0,4.958333333333333,0.0,0.0,0.0,0.0,0.0,0.0,0.0,0.0
2024-05-05 15:00:00+00:00,0.0,5.875,0.0,4.0,0.0,0.0,0.0,0.0,0.0,0.0,0.0,0.0
2024-05-05 16:00:00+00:00,0.0,5.875,0.0,4.0,0.0,0.0,0.0,0.0,0.0,0.0,0.0,0.0
2024-05-05 17:00:00+00:00,0.0,5.875,0.0,4.0,0.0,0.0,0.0,0.0,0.0,0.0,0.0,0.0
2024-05-05 18:00:00+00:00,0.0,3.625,0.0,1.75,0.0,0.0,0.0,0.0,0.0,0.0,0.0,0.0
2024-05-05 19:00:00+00:00,1.0,3.5833333333333335,0.0,1.75,0.0,0.0,0.0,0.0,0.0,0.0,0.0,0.0
2024-05-05 20:00:00+00:00,15.0,4.041666666666667,0.0,1.75,0.0,0.0,0.0,0.0,0.0,0.0,0.0,0.0
2024-05-05 21:00:00+00:00,0.0,4.041666666666667,0.0,1.75,0.0,0.0,0.0,0.0,0.0,0.0,0.0,0.0
2024-05-05 22:00:00+00:00,0.0,4.041666666666667,0.0,1.75,0.0,0.0,0.0,0.0,0.0,0.0,0.0,0.0
2024-05-05 23:00:00+00:00,0.0,4.0,0.0,1.75,0.0,0.0,0.0,0.0,0.0,0.0,0.0,0.0
2024-05-06 00:00:00+00:00,1.0,2.2916666666666665,0.0,0.0,0.0,0.0,0.0,0.0,0.0,0.0,0.0,0.0
2024-05-06 01:00:00+00:00,1.0,2.3333333333333335,0.0,0.0,0.0,0.0,0.0,0.0,0.0,0.0,0.0,0.0
2024-05-06 02:00:00+00:00,8.0,2.6666666666666665,0.0,0.0,0.0,0.0,0.0,0.0,0.0,0.0,0.0,0.0
2024-05-06 03:00:00+00:00,0.0,2.5416666666666665,0.0,0.0,0.0,0.0,0.0,0.0,0.0,0.0,0.0,0.0
2024-05-06 04:00:00+00:00,57.0,4.541666666666667,57.0,2.375,0.0,0.0,0.0,0.0,0.0,0.0,0.0,0.0
2024-05-06 05:00:00+00:00,0.0,4.541666666666667,0.0,2.375,0.0,0.0,0.0,0.0,0.0,0.0,0.0,0.0
2024-05-06 06:00:00+00:00,0.0,4.541666666666667,0.0,2.375,0.0,0.0,0.0,0.0,0.0,0.0,0.0,0.0
2024-05-06 07:00:00+00:00,51.0,6.583333333333333,51.0,4.5,0.0,0.0,0.0,0.0,0.0,0.0,0.0,0.0
2024-05-06 08:00:00+00:00,0.0,6.208333333333333,0.0,4.5,0.0,0.0,0.0,0.0,0.0,0.0,0.0,0.0
2024-05-06 09:00:00+00:00,0.0,6.083333333333333,0.0,4.5,0.0,0.0,0.0,0.0,0.0,0.0,0.0,0.0
2024-05-06 10:00:00+00:00,1.0,5.833333333333333,0.0,4.5,0.0,0.0,0.0,0.0,0.0,0.0,0.0,0.0
2024-05-06 11:00:00+00:00,2.0,5.916666666666667,0.0,4.5,0.0,0.0,0.0,0.0,0.0,0.0,0.0,0.0
2024-05-06 12:00:00+00:00,0.0,5.791666666666667,0.0,4.5,0.0,0.0,0.0,0.0,0.0,0.0,0.0,0.0
2024-05-06 13:00:00+00:00,0.0,5.708333333333333,0.0,4.5,0.0,0.0,0.0,0.0,0.0,0.0,0.0,0.0
2024-05-06 14:00:00+00:00,8.0,6.041666666666667,0.0,4.5,0.0,0.0,0.0,0.0,0.0,0.0,0.0,0.0
2024-05-06 15:00:00+00:00,5.0,6.25,0.0,4.5,0.0,0.0,0.0,0.0,0.0,0.0,0.0,0.0
2024-05-06 16:00:00+00:00,14.0,6.833333333333333,0.0,4.5,0.0,0.0,0.0,0.0,0.0,0.0,0.0,0.0
2024-05-06 17:00:00+00:00,5.0,7.041666666666667,0.0,4.5,0.0,0.0,0.0,0.0,0.0,0.0,0.0,0.0
2024-05-06 18:00:00+00:00,0.0,7.041666666666667,0.0,4.5,0.0,0.0,0.0,0.0,0.0,0.0,0.0,0.0
2024-05-06 19:00:00+00:00,0.0,7.0,0.0,4.5,0.0,0.0,0.0,0.0,0.0,0.0,0.0,0.0
2024-05-06 20:00:00+00:00,0.0,6.375,0.0,4.5,0.0,0.0,0.0,0.0,0.0,0.0,0.0,0.0
2024-05-06 21:00:00+00:00,0.0,6.375,0.0,4.5,0.0,0.0,0.0,0.0,0.0,0.0,0.0,0.0
2024-05-06 22:00:00+00:00,6.0,6.625,0.0,4.5,0.0,0.0,0.0,0.0,0.0,0.0,0.0,0.0
2024-05-06 23:00:00+00:00,7.0,6.916666666666667,0.0,4.5,0.0,0.0,0.0,0.0,0.0,0.0,0.0,0.0
2024-05-07 00:00:00+00:00,13.0,7.416666666666667,0.0,4.5,0.0,0.0,0.0,0.0,0.0,0.0,0.0,0.0
2024-05-07 01:00:00+00:00,0.0,7.375,0.0,4.5,0.0,0.0,0.0,0.0,0.0,0.0,0.0,0.0
2024-05-07 02:00:00+00:00,0.0,7.041666666666667,0.0,4.5,0.0,0.0,0.0,0.0,0.0,0.0,0.0,0.0
2024-05-07 03:00:00+00:00,0.0,7.041666666666667,0.0,4.5,0.0,0.0,0.0,0.0,0.0,0.0,0.0,0.0
2024-05-07 04:00:00+00:00,0.0,4.666666666666667,0.0,2.125,0.0,0.0,0.0,0.0,0.0,0.0,0.0,0.0
2024-05-07 05:00:00+00:00,0.0,4.666666666666667,0.0,2.125,0.0,0.0,0.0,0.0,0.0,0.0,0.0,0.0
2024-05-07 06:00:00+00:00,0.0,4.666666666666667,0.0,2.125,0.0,0.0,0.0,0.0,0.0,0.0,0.0,0.0
2024-05-07 07:00:00+00:00,2.0,2.625,0.0,0.0,0.0,0.0,0.0,0.0,0.0,0.0,0.0,0.0
2024-05-07 08:00:00+00:00,0.0,2.625,0.0,0.0,0.0,0.0,0.0,0.0,0.0,0.0,0.0,0.0
2024-05-07 09:00:00+00:00,0.0,2.625,0.0,0.0,0.0,0.0,0.0,0.0,0.0,0.0,0.0,0.0
2024-05-07 10:00:00+00:00,0.0,2.5833333333333335,0.0,0.0,0.0,0.0,0.0,0.0,0.0,0.0,0.0,0.0
2024-05-07 11:00:00+00:00,0.0,2.5,0.0,0.0,0.0,0.0,0.0,0.0,0.0,0.0,0.0,0.0
2024-05-07 12:00:00+00:00,6.0,2.75,0.0,0.0,0.0,0.0,0.0,0.0,0.0,0.0,0.0,0.0
2024-05-07 13:00:00+00:00,11.0,3.2083333333333335,0.0,0.0,0.0,0.0,0.0,0.0,0.0,0.0,0.0,0.0
2024-05-07 14:00:00+00:00,9.0,3.25,0.0,0.0,0.0,0.0,0.0,0.0,0.0,0.0,0.0,0.0
2024-05-07 15:00:00+00:00,15.0,3.6666666666666665,0.0,0.0,0.0,0.0,0.0,0.0,0.0,0.0,0.0,0.0
2024-05-07 16:00:00+00:00,6.0,3.3333333333333335,0.0,0.0,0.0,0.0,0.0,0.0,0.0,0.0,0.0,0.0
2024-05-07 17:00:00+00:00,0.0,3.125,0.0,0.0,0.0,0.0,0.0,0.0,0.0,0.0,0.0,0.0
2024-05-07 18:00:00+00:00,0.0,3.125,0.0,0.0,0.0,0.0,0.0,0.0,0.0,0.0,0.0,0.0
2024-05-07 19:00:00+00:00,5.0,3.3333333333333335,0.0,0.0,0.0,0.0,0.0,0.0,0.0,0.0,0.0,0.0
2024-05-07 20:00:00+00:00,7.0,3.625,0.0,0.0,0.0,0.0,0.0,0.0,0.0,0.0,0.0,0.0
2024-05-07 21:00:00+00:00,0.0,3.625,0.0,0.0,0.0,0.0,0.0,0.0,0.0,0.0,0.0,0.0
2024-05-07 22:00:00+00:00,1.0,3.4166666666666665,0.0,0.0,0.0,0.0,0.0,0.0,0.0,0.0,0.0,0.0
2024-05-07 23:00:00+00:00,5.0,3.3333333333333335,0.0,0.0,0.0,0.0,0.0,0.0,0.0,0.0,0.0,0.0
2024-05-08 00:00:00+00:00,0.0,2.7916666666666665,0.0,0.0,0.0,0.0,0.0,0.0,0.0,0.0,0.0,0.0
2024-05-08 01:00:00+00:00,1.0,2.8333333333333335,0.0,0.0,1.0,0.041666666666666664,0.0,0.0,0.0,0.0,0.0,0.0
2024-05-08 02:00:00+00:00,2.0,2.9166666666666665,0.0,0.0,2.0,0.125,0.0,0.0,0.0,0.0,0.0,0.0
2024-05-08 03:00:00+00:00,0.0,2.9166666666666665,0.0,0.0,0.0,0.125,0.0,0.0,0.0,0.0,0.0,0.0
2024-05-08 04:00:00+00:00,0.0,2.9166666666666665,0.0,0.0,0.0,0.125,0.0,0.0,0.0,0.0,0.0,0.0
2024-05-08 05:00:00+00:00,0.0,2.9166666666666665,0.0,0.0,0.0,0.125,0.0,0.0,0.0,0.0,0.0,0.0
2024-05-08 06:00:00+00:00,0.0,2.9166666666666665,0.0,0.0,0.0,0.125,0.0,0.0,0.0,0.0,0.0,0.0
2024-05-08 07:00:00+00:00,0.0,2.8333333333333335,0.0,0.0,0.0,0.125,0.0,0.0,0.0,0.0,0.0,0.0
2024-05-08 08:00:00+00:00,0.0,2.8333333333333335,0.0,0.0,0.0,0.125,0.0,0.0,0.0,0.0,0.0,0.0
2024-05-08 09:00:00+00:00,0.0,2.8333333333333335,0.0,0.0,0.0,0.125,0.0,0.0,0.0,0.0,0.0,0.0
2024-05-08 10:00:00+00:00,0.0,2.8333333333333335,0.0,0.0,0.0,0.125,0.0,0.0,0.0,0.0,0.0,0.0
2024-05-08 11:00:00+00:00,0.0,2.8333333333333335,0.0,0.0,0.0,0.125,0.0,0.0,0.0,0.0,0.0,0.0
2024-05-08 12:00:00+00:00,0.0,2.5833333333333335,0.0,0.0,0.0,0.125,0.0,0.0,0.0,0.0,0.0,0.0
2024-05-08 13:00:00+00:00,3.0,2.25,0.0,0.0,3.0,0.25,0.0,0.0,0.0,0.0,0.0,0.0
2024-05-08 14:00:00+00:00,10.0,2.2916666666666665,0.0,0.0,10.0,0.6666666666666666,0.0,0.0,0.0,0.0,0.0,0.0
2024-05-08 15:00:00+00:00,5.0,1.875,0.0,0.0,5.0,0.875,0.0,0.0,0.0,0.0,0.0,0.0
2024-05-08 16:00:00+00:00,0.0,1.625,0.0,0.0,0.0,0.875,0.0,0.0,0.0,0.0,0.0,0.0
2024-05-08 17:00:00+00:00,2.0,1.7083333333333333,0.0,0.0,2.0,0.9583333333333334,0.0,0.0,0.0,0.0,0.0,0.0
2024-05-08 18:00:00+00:00,14.0,2.2916666666666665,0.0,0.0,14.0,1.5416666666666667,0.0,0.0,0.0,0.0,0.0,0.0
2024-05-08 19:00:00+00:00,12.0,2.5833333333333335,0.0,0.0,12.0,2.0416666666666665,0.0,0.0,0.0,0.0,0.0,0.0
2024-05-08 20:00:00+00:00,0.0,2.2916666666666665,0.0,0.0,0.0,2.0416666666666665,0.0,0.0,0.0,0.0,0.0,0.0
2024-05-08 21:00:00+00:00,0.0,2.2916666666666665,0.0,0.0,0.0,2.0416666666666665,0.0,0.0,0.0,0.0,0.0,0.0
2024-05-08 22:00:00+00:00,0.0,2.25,0.0,0.0,0.0,2.0416666666666665,0.0,0.0,0.0,0.0,0.0,0.0
2024-05-08 23:00:00+00:00,0.0,2.0416666666666665,0.0,0.0,0.0,2.0416666666666665,0.0,0.0,0.0,0.0,0.0,0.0
2024-05-09 00:00:00+00:00,1.0,2.0833333333333335,0.0,0.0,0.0,2.0416666666666665,0.0,0.0,0.0,0.0,0.0,0.0
2024-05-09 01:00:00+00:00,16.0,2.7083333333333335,0.0,0.0,0.0,2.0,0.0,0.0,0.0,0.0,0.0,0.0
2024-05-09 02:00:00+00:00,7.0,2.9166666666666665,0.0,0.0,0.0,1.9166666666666667,0.0,0.0,0.0,0.0,0.0,0.0
2024-05-09 03:00:00+00:00,2.0,3.0,0.0,0.0,0.0,1.9166666666666667,0.0,0.0,0.0,0.0,0.0,0.0
2024-05-09 04:00:00+00:00,2.0,3.0833333333333335,0.0,0.0,0.0,1.9166666666666667,0.0,0.0,0.0,0.0,0.0,0.0
2024-05-09 05:00:00+00:00,8.0,3.4166666666666665,0.0,0.0,0.0,1.9166666666666667,0.0,0.0,0.0,0.0,5.0,0.20833333333333334
2024-05-09 06:00:00+00:00,16.0,4.083333333333333,0.0,0.0,0.0,1.9166666666666667,0.0,0.0,0.0,0.0,14.0,0.7916666666666666
2024-05-09 07:00:00+00:00,10.0,4.5,3.0,0.125,0.0,1.9166666666666667,0.0,0.0,0.0,0.0,6.0,1.0416666666666667
2024-05-09 08:00:00+00:00,40.0,6.166666666666667,40.0,1.7916666666666667,0.0,1.9166666666666667,0.0,0.0,0.0,0.0,0.0,1.0416666666666667
2024-05-09 09:00:00+00:00,1.0,6.208333333333333,0.0,1.7916666666666667,0.0,1.9166666666666667,0.0,0.0,0.0,0.0,0.0,1.0416666666666667
2024-05-09 10:00:00+00:00,0.0,6.208333333333333,0.0,1.7916666666666667,0.0,1.9166666666666667,0.0,0.0,0.0,0.0,0.0,1.0416666666666667
2024-05-09 11:00:00+00:00,0.0,6.208333333333333,0.0,1.7916666666666667,0.0,1.9166666666666667,0.0,0.0,0.0,0.0,0.0,1.0416666666666667
2024-05-09 12:00:00+00:00,4.0,6.375,0.0,1.7916666666666667,0.0,1.9166666666666667,0.0,0.0,0.0,0.0,0.0,1.0416666666666667
2024-05-09 13:00:00+00:00,1.0,6.291666666666667,0.0,1.7916666666666667,0.0,1.7916666666666667,0.0,0.0,0.0,0.0,0.0,1.0416666666666667
2024-05-09 14:00:00+00:00,17.0,6.583333333333333,0.0,1.7916666666666667,0.0,1.375,0.0,0.0,0.0,0.0,0.0,1.0416666666666667
2024-05-09 15:00:00+00:00,14.0,6.958333333333333,0.0,1.7916666666666667,0.0,1.1666666666666667,0.0,0.0,0.0,0.0,0.0,1.0416666666666667
2024-05-09 16:00:00+00:00,10.0,7.375,0.0,1.7916666666666667,0.0,1.1666666666666667,0.0,0.0,0.0,0.0,0.0,1.0416666666666667
2024-05-09 17:00:00+00:00,10.0,7.708333333333333,0.0,1.7916666666666667,0.0,1.0833333333333333,0.0,0.0,0.0,0.0,0.0,1.0416666666666667
2024-05-09 18:00:00+00:00,0.0,7.125,0.0,1.7916666666666667,0.0,0.5,0.0,0.0,0.0,0.0,0.0,1.0416666666666667
2024-05-09 19:00:00+00:00,0.0,6.625,0.0,1.7916666666666667,0.0,0.0,0.0,0.0,0.0,0.0,0.0,1.0416666666666667
2024-05-09 20:00:00+00:00,0.0,6.625,0.0,1.7916666666666667,0.0,0.0,0.0,0.0,0.0,0.0,0.0,1.0416666666666667
2024-05-09 21:00:00+00:00,6.0,6.875,0.0,1.7916666666666667,0.0,0.0,0.0,0.0,0.0,0.0,0.0,1.0416666666666667
2024-05-09 22:00:00+00:00,13.0,7.416666666666667,0.0,1.7916666666666667,0.0,0.0,0.0,0.0,0.0,0.0,0.0,1.0416666666666667
2024-05-09 23:00:00+00:00,8.0,7.75,6.0,2.0416666666666665,0.0,0.0,0.0,0.0,0.0,0.0,0.0,1.0416666666666667
2024-05-10 00:00:00+00:00,47.0,9.666666666666666,47.0,4.0,0.0,0.0,0.0,0.0,0.0,0.0,0.0,1.0416666666666667
2024-05-10 01:00:00+00:00,0.0,9.0,0.0,4.0,0.0,0.0,0.0,0.0,0.0,0.0,0.0,1.0416666666666667
2024-05-10 02:00:00+00:00,4.0,8.875,0.0,4.0,0.0,0.0,0.0,0.0,0.0,0.0,0.0,1.0416666666666667
2024-05-10 03:00:00+00:00,0.0,8.791666666666666,0.0,4.0,0.0,0.0,0.0,0.0,0.0,0.0,0.0,1.0416666666666667
2024-05-10 04:00:00+00:00,0.0,8.708333333333334,0.0,4.0,0.0,0.0,0.0,0.0,0.0,0.0,0.0,1.0416666666666667
2024-05-10 05:00:00+00:00,0.0,8.375,0.0,4.0,0.0,0.0,0.0,0.0,0.0,0.0,0.0,0.8333333333333334
2024-05-10 06:00:00+00:00,0.0,7.708333333333333,0.0,4.0,0.0,0.0,0.0,0.0,0.0,0.0,0.0,0.25
2024-05-10 07:00:00+00:00,0.0,7.291666666666667,0.0,3.875,0.0,0.0,0.0,0.0,0.0,0.0,0.0,0.0
2024-05-10 08:00:00+00:00,0.0,5.625,0.0,2.2083333333333335,0.0,0.0,0.0,0.0,0.0,0.0,0.0,0.0
2024-05-10 09:00:00+00:00,0.0,5.583333333333333,0.0,2.2083333333333335,0.0,0.0,0.0,0.0,0.0,0.0,0.0,0.0
2024-05-10 10:00:00+00:00,0.0,5.583333333333333,0.0,2.2083333333333335,0.0,0.0,0.0,0.0,0.0,0.0,0.0,0.0
2024-05-10 11:00:00+00:00,0.0,5.583333333333333,0.0,2.2083333333333335,0.0,0.0,0.0,0.0,0.0,0.0,0.0,0.0
2024-05-10 12:00:00+00:00,0.0,5.416666666666667,0.0,2.2083333333333335,0.0,0.0,0.0,0.0,0.0,0.0,0.0,0.0
2024-05-10 13:00:00+00:00,4.0,5.541666666666667,0.0,2.2083333333333335,0.0,0.0,0.0,0.0,0.0,0.0,0.0,0.0
2024-05-10 14:00:00+00:00,0.0,4.833333333333333,0.0,2.2083333333333335,0.0,0.0,0.0,0.0,0.0,0.0,0.0,0.0
2024-05-10 15:00:00+00:00,0.0,4.25,0.0,2.2083333333333335,0.0,0.0,0.0,0.0,0.0,0.0,0.0,0.0
2024-05-10 16:00:00+00:00,43.0,5.625,43.0,4.0,0.0,0.0,0.0,0.0,0.0,0.0,0.0,0.0
2024-05-10 17:00:00+00:00,3.0,5.333333333333333,1.0,4.041666666666667,0.0,0.0,0.0,0.0,0.0,0.0,0.0,0.0
2024-05-10 18:00:00+00:00,0.0,5.333333333333333,0.0,4.041666666666667,0.0,0.0,0.0,0.0,0.0,0.0,0.0,0.0
2024-05-10 19:00:00+00:00,0.0,5.333333333333333,0.0,4.041666666666667,0.0,0.0,0.0,0.0,0.0,0.0,0.0,0.0
2024-05-10 20:00:00+00:00,0.0,5.333333333333333,0.0,4.041666666666667,0.0,0.0,0.0,0.0,0.0,0.0,0.0,0.0
2024-05-10 21:00:00+00:00,0.0,5.083333333333333,0.0,4.041666666666667,0.0,0.0,0.0,0.0,0.0,0.0,0.0,0.0
2024-05-10 22:00:00+00:00,0.0,4.541666666666667,0.0,4.041666666666667,0.0,0.0,0.0,0.0,0.0,0.0,0.0,0.0
2024-05-10 23:00:00+00:00,0.0,4.208333333333333,0.0,3.7916666666666665,0.0,0.0,0.0,0.0,0.0,0.0,0.0,0.0
2024-05-11 00:00:00+00:00,7.0,2.5416666666666665,6.0,2.0833333333333335,0.0,0.0,0.0,0.0,0.0,0.0,6.0,0.25
2024-05-11 01:00:00+00:00,34.0,3.9583333333333335,34.0,3.5,0.0,0.0,0.0,0.0,0.0,0.0,0.0,0.25
2024-05-11 02:00:00+00:00,1.0,3.8333333333333335,1.0,3.5416666666666665,0.0,0.0,0.0,0.0,0.0,0.0,0.0,0.25
2024-05-11 03:00:00+00:00,0.0,3.8333333333333335,0.0,3.5416666666666665,0.0,0.0,0.0,0.0,0.0,0.0,0.0,0.25
2024-05-11 04:00:00+00:00,7.0,4.125,0.0,3.5416666666666665,0.0,0.0,0.0,0.0,0.0,0.0,0.0,0.25
2024-05-11 05:00:00+00:00,4.0,4.291666666666667,0.0,3.5416666666666665,0.0,0.0,0.0,0.0,0.0,0.0,0.0,0.25
2024-05-11 06:00:00+00:00,0.0,4.291666666666667,0.0,3.5416666666666665,0.0,0.0,0.0,0.0,0.0,0.0,0.0,0.25
2024-05-11 07:00:00+00:00,0.0,4.291666666666667,0.0,3.5416666666666665,0.0,0.0,0.0,0.0,0.0,0.0,0.0,0.25
2024-05-11 08:00:00+00:00,0.0,4.291666666666667,0.0,3.5416666666666665,0.0,0.0,0.0,0.0,0.0,0.0,0.0,0.25
2024-05-11 09:00:00+00:00,0.0,4.291666666666667,0.0,3.5416666666666665,0.0,0.0,0.0,0.0,0.0,0.0,0.0,0.25
2024-05-11 10:00:00+00:00,0.0,4.291666666666667,0.0,3.5416666666666665,0.0,0.0,0.0,0.0,0.0,0.0,0.0,0.25
2024-05-11 11:00:00+00:00,0.0,4.291666666666667,0.0,3.5416666666666665,0.0,0.0,0.0,0.0,0.0,0.0,0.0,0.25
2024-05-11 12:00:00+00:00,0.0,4.291666666666667,0.0,3.5416666666666665,0.0,0.0,0.0,0.0,0.0,0.0,0.0,0.25
2024-05-11 13:00:00+00:00,0.0,4.125,0.0,3.5416666666666665,0.0,0.0,0.0,0.0,0.0,0.0,0.0,0.25
2024-05-11 14:00:00+00:00,0.0,4.125,0.0,3.5416666666666665,0.0,0.0,0.0,0.0,0.0,0.0,0.0,0.25
2024-05-11 15:00:00+00:00,0.0,4.125,0.0,3.5416666666666665,0.0,0.0,0.0,0.0,0.0,0.0,0.0,0.25
2024-05-11 16:00:00+00:00,8.0,2.6666666666666665,0.0,1.75,0.0,0.0,0.0,0.0,0.0,0.0,0.0,0.25
2024-05-11 17:00:00+00:00,9.0,2.9166666666666665,0.0,1.7083333333333333,0.0,0.0,0.0,0.0,0.0,0.0,0.0,0.25
2024-05-11 18:00:00+00:00,0.0,2.9166666666666665,0.0,1.7083333333333333,0.0,0.0,0.0,0.0,0.0,0.0,0.0,0.25
2024-05-11 19:00:00+00:00,1.0,2.9583333333333335,0.0,1.7083333333333333,0.0,0.0,0.0,0.0,0.0,0.0,0.0,0.25
2024-05-11 20:00:00+00:00,0.0,2.9583333333333335,0.0,1.7083333333333333,0.0,0.0,0.0,0.0,0.0,0.0,0.0,0.25
2024-05-11 21:00:00+00:00,0.0,2.9583333333333335,0.0,1.7083333333333333,0.0,0.0,0.0,0.0,0.0,0.0,0.0,0.25
2024-05-11 22:00:00+00:00,12.0,3.4583333333333335,0.0,1.7083333333333333,0.0,0.0,0.0,0.0,0.0,0.0,0.0,0.25
2024-05-11 23:00:00+00:00,2.0,3.5416666666666665,0.0,1.7083333333333333,0.0,0.0,0.0,0.0,0.0,0.0,0.0,0.25
2024-05-12 00:00:00+00:00,0.0,3.25,0.0,1.4583333333333333,0.0,0.0,0.0,0.0,0.0,0.0,0.0,0.0
2024-05-12 01:00:00+00:00,0.0,1.8333333333333333,0.0,0.041666666666666664,0.0,0.0,0.0,0.0,0.0,0.0,0.0,0.0
2024-05-12 02:00:00+00:00,3.0,1.9166666666666667,0.0,0.0,0.0,0.0,0.0,0.0,0.0,0.0,0.0,0.0
2024-05-12 03:00:00+00:00,0.0,1.9166666666666667,0.0,0.0,0.0,0.0,0.0,0.0,0.0,0.0,0.0,0.0
2024-05-12 04:00:00+00:00,1.0,1.6666666666666667,0.0,0.0,0.0,0.0,0.0,0.0,0.0,0.0,0.0,0.0
2024-05-12 05:00:00+00:00,1.0,1.5416666666666667,0.0,0.0,0.0,0.0,0.0,0.0,0.0,0.0,0.0,0.0
2024-05-12 06:00:00+00:00,0.0,1.5416666666666667,0.0,0.0,0.0,0.0,0.0,0.0,0.0,0.0,0.0,0.0
2024-05-12 07:00:00+00:00,0.0,1.5416666666666667,0.0,0.0,0.0,0.0,0.0,0.0,0.0,0.0,0.0,0.0
2024-05-12 08:00:00+00:00,0.0,1.5416666666666667,0.0,0.0,0.0,0.0,0.0,0.0,0.0,0.0,0.0,0.0
2024-05-12 09:00:00+00:00,0.0,1.5416666666666667,0.0,0.0,0.0,0.0,0.0,0.0,0.0,0.0,0.0,0.0
2024-05-12 10:00:00+00:00,0.0,1.5416666666666667,0.0,0.0,0.0,0.0,0.0,0.0,0.0,0.0,0.0,0.0
2024-05-12 11:00:00+00:00,0.0,1.5416666666666667,0.0,0.0,0.0,0.0,0.0,0.0,0.0,0.0,0.0,0.0
2024-05-12 12:00:00+00:00,0.0,1.5416666666666667,0.0,0.0,0.0,0.0,0.0,0.0,0.0,0.0,0.0,0.0
2024-05-12 13:00:00+00:00,0.0,1.5416666666666667,0.0,0.0,0.0,0.0,0.0,0.0,0.0,0.0,0.0,0.0
2024-05-12 14:00:00+00:00,1.0,1.5833333333333333,0.0,0.0,0.0,0.0,0.0,0.0,0.0,0.0,0.0,0.0
2024-05-12 15:00:00+00:00,0.0,1.5833333333333333,0.0,0.0,0.0,0.0,0.0,0.0,0.0,0.0,0.0,0.0
2024-05-12 16:00:00+00:00,20.0,2.0833333333333335,0.0,0.0,0.0,0.0,0.0,0.0,0.0,0.0,0.0,0.0
2024-05-12 17:00:00+00:00,0.0,1.7083333333333333,0.0,0.0,0.0,0.0,0.0,0.0,0.0,0.0,0.0,0.0
2024-05-12 18:00:00+00:00,0.0,1.7083333333333333,0.0,0.0,0.0,0.0,0.0,0.0,0.0,0.0,0.0,0.0
2024-05-12 19:00:00+00:00,0.0,1.6666666666666667,0.0,0.0,0.0,0.0,0.0,0.0,0.0,0.0,0.0,0.0
2024-05-12 20:00:00+00:00,0.0,1.6666666666666667,0.0,0.0,0.0,0.0,0.0,0.0,0.0,0.0,0.0,0.0
2024-05-12 21:00:00+00:00,0.0,1.6666666666666667,0.0,0.0,0.0,0.0,0.0,0.0,0.0,0.0,0.0,0.0
2024-05-12 22:00:00+00:00,0.0,1.1666666666666667,0.0,0.0,0.0,0.0,0.0,0.0,0.0,0.0,0.0,0.0
2024-05-12 23:00:00+00:00,0.0,1.0833333333333333,0.0,0.0,0.0,0.0,0.0,0.0,0.0,0.0,0.0,0.0
2024-05-13 00:00:00+00:00,0.0,1.0833333333333333,0.0,0.0,0.0,0.0,0.0,0.0,0.0,0.0,0.0,0.0
2024-05-13 01:00:00+00:00,0.0,1.0833333333333333,0.0,0.0,0.0,0.0,0.0,0.0,0.0,0.0,0.0,0.0
2024-05-13 02:00:00+00:00,0.0,0.9583333333333334,0.0,0.0,0.0,0.0,0.0,0.0,0.0,0.0,0.0,0.0
2024-05-13 03:00:00+00:00,0.0,0.9583333333333334,0.0,0.0,0.0,0.0,0.0,0.0,0.0,0.0,0.0,0.0
2024-05-13 04:00:00+00:00,0.0,0.9166666666666666,0.0,0.0,0.0,0.0,0.0,0.0,0.0,0.0,0.0,0.0
2024-05-13 05:00:00+00:00,0.0,0.875,0.0,0.0,0.0,0.0,0.0,0.0,0.0,0.0,0.0,0.0
2024-05-13 06:00:00+00:00,0.0,0.875,0.0,0.0,0.0,0.0,0.0,0.0,0.0,0.0,0.0,0.0
2024-05-13 07:00:00+00:00,2.0,0.9583333333333334,0.0,0.0,0.0,0.0,0.0,0.0,0.0,0.0,0.0,0.0
2024-05-13 08:00:00+00:00,0.0,0.9583333333333334,0.0,0.0,0.0,0.0,0.0,0.0,0.0,0.0,0.0,0.0
2024-05-13 09:00:00+00:00,0.0,0.9583333333333334,0.0,0.0,0.0,0.0,0.0,0.0,0.0,0.0,0.0,0.0
2024-05-13 10:00:00+00:00,0.0,0.9583333333333334,0.0,0.0,0.0,0.0,0.0,0.0,0.0,0.0,0.0,0.0
2024-05-13 11:00:00+00:00,0.0,0.9583333333333334,0.0,0.0,0.0,0.0,0.0,0.0,0.0,0.0,0.0,0.0
2024-05-13 12:00:00+00:00,0.0,0.9583333333333334,0.0,0.0,0.0,0.0,0.0,0.0,0.0,0.0,0.0,0.0
2024-05-13 13:00:00+00:00,26.0,2.0416666666666665,26.0,1.0833333333333333,0.0,0.0,0.0,0.0,0.0,0.0,0.0,0.0
2024-05-13 14:00:00+00:00,0.0,2.0,0.0,1.0833333333333333,0.0,0.0,0.0,0.0,0.0,0.0,0.0,0.0
2024-05-13 15:00:00+00:00,0.0,2.0,0.0,1.0833333333333333,0.0,0.0,0.0,0.0,0.0,0.0,0.0,0.0
2024-05-13 16:00:00+00:00,17.0,1.875,0.0,1.0833333333333333,0.0,0.0,0.0,0.0,0.0,0.0,0.0,0.0
2024-05-13 17:00:00+00:00,1.0,1.9166666666666667,0.0,1.0833333333333333,0.0,0.0,0.0,0.0,0.0,0.0,0.0,0.0
2024-05-13 18:00:00+00:00,0.0,1.9166666666666667,0.0,1.0833333333333333,0.0,0.0,0.0,0.0,0.0,0.0,0.0,0.0
2024-05-13 19:00:00+00:00,0.0,1.9166666666666667,0.0,1.0833333333333333,0.0,0.0,0.0,0.0,0.0,0.0,0.0,0.0
2024-05-13 20:00:00+00:00,0.0,1.9166666666666667,0.0,1.0833333333333333,0.0,0.0,0.0,0.0,0.0,0.0,0.0,0.0
2024-05-13 21:00:00+00:00,2.0,2.0,2.0,1.1666666666666667,0.0,0.0,0.0,0.0,0.0,0.0,0.0,0.0
2024-05-13 22:00:00+00:00,45.0,3.875,45.0,3.0416666666666665,0.0,0.0,0.0,0.0,0.0,0.0,0.0,0.0
2024-05-13 23:00:00+00:00,40.0,5.541666666666667,40.0,4.708333333333333,0.0,0.0,0.0,0.0,0.0,0.0,0.0,0.0
2024-05-14 00:00:00+00:00,5.0,5.75,5.0,4.916666666666667,0.0,0.0,0.0,0.0,0.0,0.0,0.0,0.0
2024-05-14 01:00:00+00:00,3.0,5.875,0.0,4.916666666666667,0.0,0.0,0.0,0.0,0.0,0.0,0.0,0.0
2024-05-14 02:00:00+00:00,4.0,6.041666666666667,0.0,4.916666666666667,0.0,0.0,0.0,0.0,0.0,0.0,0.0,0.0
2024-05-14 03:00:00+00:00,5.0,6.25,0.0,4.916666666666667,0.0,0.0,0.0,0.0,0.0,0.0,0.0,0.0
2024-05-14 04:00:00+00:00,19.0,7.041666666666667,0.0,4.916666666666667,0.0,0.0,0.0,0.0,0.0,0.0,0.0,0.0
2024-05-14 05:00:00+00:00,0.0,7.041666666666667,0.0,4.916666666666667,0.0,0.0,0.0,0.0,0.0,0.0,0.0,0.0
2024-05-14 06:00:00+00:00,0.0,7.041666666666667,0.0,4.916666666666667,0.0,0.0,0.0,0.0,0.0,0.0,0.0,0.0
2024-05-14 07:00:00+00:00,0.0,6.958333333333333,0.0,4.916666666666667,0.0,0.0,0.0,0.0,0.0,0.0,0.0,0.0
2024-05-14 08:00:00+00:00,0.0,6.958333333333333,0.0,4.916666666666667,0.0,0.0,0.0,0.0,0.0,0.0,0.0,0.0
2024-05-14 09:00:00+00:00,0.0,6.958333333333333,0.0,4.916666666666667,0.0,0.0,0.0,0.0,0.0,0.0,0.0,0.0
2024-05-14 10:00:00+00:00,0.0,6.958333333333333,0.0,4.916666666666667,0.0,0.0,0.0,0.0,0.0,0.0,0.0,0.0
2024-05-14 11:00:00+00:00,0.0,6.958333333333333,0.0,4.916666666666667,0.0,0.0,0.0,0.0,0.0,0.0,0.0,0.0
2024-05-14 12:00:00+00:00,0.0,6.958333333333333,0.0,4.916666666666667,0.0,0.0,0.0,0.0,0.0,0.0,0.0,0.0
2024-05-14 13:00:00+00:00,0.0,5.875,0.0,3.8333333333333335,0.0,0.0,0.0,0.0,0.0,0.0,0.0,0.0
2024-05-14 14:00:00+00:00,0.0,5.875,0.0,3.8333333333333335,0.0,0.0,0.0,0.0,0.0,0.0,0.0,0.0
2024-05-14 15:00:00+00:00,11.0,6.333333333333333,0.0,3.8333333333333335,0.0,0.0,0.0,0.0,0.0,0.0,0.0,0.0
2024-05-14 16:00:00+00:00,28.0,6.791666666666667,28.0,5.0,0.0,0.0,0.0,0.0,0.0,0.0,0.0,0.0
2024-05-14 17:00:00+00:00,12.0,7.25,12.0,5.5,0.0,0.0,0.0,0.0,0.0,0.0,0.0,0.0
2024-05-14 18:00:00+00:00,0.0,7.25,0.0,5.5,0.0,0.0,0.0,0.0,0.0,0.0,0.0,0.0
2024-05-14 19:00:00+00:00,9.0,7.625,0.0,5.5,0.0,0.0,0.0,0.0,0.0,0.0,0.0,0.0
2024-05-14 20:00:00+00:00,0.0,7.625,0.0,5.5,0.0,0.0,0.0,0.0,0.0,0.0,0.0,0.0
2024-05-14 21:00:00+00:00,0.0,7.541666666666667,0.0,5.416666666666667,0.0,0.0,0.0,0.0,0.0,0.0,0.0,0.0
2024-05-14 22:00:00+00:00,0.0,5.666666666666667,0.0,3.5416666666666665,0.0,0.0,0.0,0.0,0.0,0.0,0.0,0.0
2024-05-14 23:00:00+00:00,0.0,4.0,0.0,1.875,0.0,0.0,0.0,0.0,0.0,0.0,0.0,0.0
2024-05-15 00:00:00+00:00,0.0,3.7916666666666665,0.0,1.6666666666666667,0.0,0.0,0.0,0.0,0.0,0.0,0.0,0.0
2024-05-15 01:00:00+00:00,0.0,3.6666666666666665,0.0,1.6666666666666667,0.0,0.0,0.0,0.0,0.0,0.0,0.0,0.0
2024-05-15 02:00:00+00:00,0.0,3.5,0.0,1.6666666666666667,0.0,0.0,0.0,0.0,0.0,0.0,0.0,0.0
2024-05-15 03:00:00+00:00,0.0,3.2916666666666665,0.0,1.6666666666666667,0.0,0.0,0.0,0.0,0.0,0.0,0.0,0.0
2024-05-15 04:00:00+00:00,0.0,2.5,0.0,1.6666666666666667,0.0,0.0,0.0,0.0,0.0,0.0,0.0,0.0
2024-05-15 05:00:00+00:00,0.0,2.5,0.0,1.6666666666666667,0.0,0.0,0.0,0.0,0.0,0.0,0.0,0.0
2024-05-15 06:00:00+00:00,0.0,2.5,0.0,1.6666666666666667,0.0,0.0,0.0,0.0,0.0,0.0,0.0,0.0
2024-05-15 07:00:00+00:00,0.0,2.5,0.0,1.6666666666666667,0.0,0.0,0.0,0.0,0.0,0.0,0.0,0.0
2024-05-15 08:00:00+00:00,5.0,2.7083333333333335,5.0,1.875,0.0,0.0,0.0,0.0,0.0,0.0,0.0,0.0
2024-05-15 09:00:00+00:00,25.0,3.75,25.0,2.9166666666666665,0.0,0.0,0.0,0.0,0.0,0.0,0.0,0.0
2024-05-15 10:00:00+00:00,0.0,3.75,0.0,2.9166666666666665,0.0,0.0,0.0,0.0,0.0,0.0,0.0,0.0
2024-05-15 11:00:00+00:00,1.0,3.7916666666666665,0.0,2.9166666666666665,0.0,0.0,0.0,0.0,0.0,0.0,0.0,0.0
2024-05-15 12:00:00+00:00,0.0,3.7916666666666665,0.0,2.9166666666666665,0.0,0.0,0.0,0.0,0.0,0.0,0.0,0.0
2024-05-15 13:00:00+00:00,0.0,3.7916666666666665,0.0,2.9166666666666665,0.0,0.0,0.0,0.0,0.0,0.0,0.0,0.0
2024-05-15 14:00:00+00:00,0.0,3.7916666666666665,0.0,2.9166666666666665,0.0,0.0,0.0,0.0,0.0,0.0,0.0,0.0
2024-05-15 15:00:00+00:00,1.0,3.375,0.0,2.9166666666666665,0.0,0.0,0.0,0.0,0.0,0.0,0.0,0.0
2024-05-15 16:00:00+00:00,3.0,2.3333333333333335,0.0,1.75,0.0,0.0,0.0,0.0,0.0,0.0,0.0,0.0
2024-05-15 17:00:00+00:00,5.0,2.0416666666666665,0.0,1.25,0.0,0.0,0.0,0.0,0.0,0.0,0.0,0.0
2024-05-15 18:00:00+00:00,6.0,2.2916666666666665,0.0,1.25,0.0,0.0,0.0,0.0,0.0,0.0,0.0,0.0
2024-05-15 19:00:00+00:00,0.0,1.9166666666666667,0.0,1.25,0.0,0.0,0.0,0.0,0.0,0.0,0.0,0.0
2024-05-15 20:00:00+00:00,1.0,1.9583333333333333,0.0,1.25,0.0,0.0,0.0,0.0,0.0,0.0,0.0,0.0
2024-05-15 21:00:00+00:00,0.0,1.9583333333333333,0.0,1.25,0.0,0.0,0.0,0.0,0.0,0.0,0.0,0.0
2024-05-15 22:00:00+00:00,0.0,1.9583333333333333,0.0,1.25,0.0,0.0,0.0,0.0,0.0,0.0,0.0,0.0
2024-05-15 23:00:00+00:00,12.0,2.4583333333333335,0.0,1.25,0.0,0.0,0.0,0.0,0.0,0.0,0.0,0.0
2024-05-16 00:00:00+00:00,5.0,2.6666666666666665,0.0,1.25,0.0,0.0,0.0,0.0,0.0,0.0,0.0,0.0
2024-05-16 01:00:00+00:00,6.0,2.9166666666666665,0.0,1.25,0.0,0.0,0.0,0.0,0.0,0.0,0.0,0.0
2024-05-16 02:00:00+00:00,4.0,3.0833333333333335,0.0,1.25,0.0,0.0,0.0,0.0,0.0,0.0,0.0,0.0
2024-05-16 03:00:00+00:00,47.0,5.041666666666667,47.0,3.2083333333333335,0.0,0.0,0.0,0.0,0.0,0.0,0.0,0.0
2024-05-16 04:00:00+00:00,29.0,6.25,29.0,4.416666666666667,0.0,0.0,0.0,0.0,0.0,0.0,0.0,0.0
2024-05-16 05:00:00+00:00,0.0,6.25,0.0,4.416666666666667,0.0,0.0,0.0,0.0,0.0,0.0,0.0,0.0
2024-05-16 06:00:00+00:00,0.0,6.25,0.0,4.416666666666667,0.0,0.0,0.0,0.0,0.0,0.0,0.0,0.0
2024-05-16 07:00:00+00:00,0.0,6.25,0.0,4.416666666666667,0.0,0.0,0.0,0.0,0.0,0.0,0.0,0.0
2024-05-16 08:00:00+00:00,0.0,6.041666666666667,0.0,4.208333333333333,0.0,0.0,0.0,0.0,0.0,0.0,0.0,0.0
2024-05-16 09:00:00+00:00,0.0,5.0,0.0,3.1666666666666665,0.0,0.0,0.0,0.0,0.0,0.0,0.0,0.0
2024-05-16 10:00:00+00:00,0.0,5.0,0.0,3.1666666666666665,0.0,0.0,0.0,0.0,0.0,0.0,0.0,0.0
2024-05-16 11:00:00+00:00,0.0,4.958333333333333,0.0,3.1666666666666665,0.0,0.0,0.0,0.0,0.0,0.0,0.0,0.0
2024-05-16 12:00:00+00:00,0.0,4.958333333333333,0.0,3.1666666666666665,0.0,0.0,0.0,0.0,0.0,0.0,0.0,0.0
2024-05-16 13:00:00+00:00,7.0,5.25,0.0,3.1666666666666665,0.0,0.0,0.0,0.0,0.0,0.0,0.0,0.0
2024-05-16 14:00:00+00:00,0.0,5.25,0.0,3.1666666666666665,0.0,0.0,0.0,0.0,0.0,0.0,0.0,0.0
2024-05-16 15:00:00+00:00,0.0,5.208333333333333,0.0,3.1666666666666665,0.0,0.0,0.0,0.0,0.0,0.0,0.0,0.0
2024-05-16 16:00:00+00:00,2.0,5.166666666666667,0.0,3.1666666666666665,0.0,0.0,0.0,0.0,0.0,0.0,0.0,0.0
2024-05-16 17:00:00+00:00,1.0,5.0,1.0,3.2083333333333335,0.0,0.0,0.0,0.0,0.0,0.0,0.0,0.0
2024-05-16 18:00:00+00:00,26.0,5.833333333333333,26.0,4.291666666666667,0.0,0.0,0.0,0.0,0.0,0.0,0.0,0.0
2024-05-16 19:00:00+00:00,0.0,5.833333333333333,0.0,4.291666666666667,0.0,0.0,0.0,0.0,0.0,0.0,0.0,0.0
2024-05-16 20:00:00+00:00,41.0,7.5,41.0,6.0,0.0,0.0,0.0,0.0,0.0,0.0,0.0,0.0
2024-05-16 21:00:00+00:00,0.0,7.5,0.0,6.0,0.0,0.0,0.0,0.0,0.0,0.0,0.0,0.0
2024-05-16 22:00:00+00:00,0.0,7.5,0.0,6.0,0.0,0.0,0.0,0.0,0.0,0.0,0.0,0.0
2024-05-16 23:00:00+00:00,0.0,7.0,0.0,6.0,0.0,0.0,0.0,0.0,0.0,0.0,0.0,0.0
2024-05-17 00:00:00+00:00,45.0,8.666666666666666,45.0,7.875,0.0,0.0,0.0,0.0,0.0,0.0,9.0,0.375
2024-05-17 01:00:00+00:00,0.0,8.416666666666666,0.0,7.875,0.0,0.0,0.0,0.0,0.0,0.0,0.0,0.375
2024-05-17 02:00:00+00:00,0.0,8.25,0.0,7.875,0.0,0.0,0.0,0.0,0.0,0.0,0.0,0.375
2024-05-17 03:00:00+00:00,1.0,6.333333333333333,0.0,5.916666666666667,0.0,0.0,0.0,0.0,0.0,0.0,0.0,0.375
2024-05-17 04:00:00+00:00,8.0,5.458333333333333,0.0,4.708333333333333,0.0,0.0,0.0,0.0,0.0,0.0,0.0,0.375
2024-05-17 05:00:00+00:00,0.0,5.458333333333333,0.0,4.708333333333333,0.0,0.0,0.0,0.0,0.0,0.0,0.0,0.375
2024-05-17 06:00:00+00:00,0.0,5.458333333333333,0.0,4.708333333333333,0.0,0.0,0.0,0.0,0.0,0.0,0.0,0.375
2024-05-17 07:00:00+00:00,0.0,5.458333333333333,0.0,4.708333333333333,0.0,0.0,0.0,0.0,0.0,0.0,0.0,0.375
2024-05-17 08:00:00+00:00,0.0,5.458333333333333,0.0,4.708333333333333,0.0,0.0,0.0,0.0,0.0,0.0,0.0,0.375
2024-05-17 09:00:00+00:00,0.0,5.458333333333333,0.0,4.708333333333333,0.0,0.0,0.0,0.0,0.0,0.0,0.0,0.375
2024-05-17 10:00:00+00:00,1.0,5.5,0.0,4.708333333333333,0.0,0.0,0.0,0.0,0.0,0.0,0.0,0.375
2024-05-17 11:00:00+00:00,0.0,5.5,0.0,4.708333333333333,0.0,0.0,0.0,0.0,0.0,0.0,0.0,0.375
2024-05-17 12:00:00+00:00,0.0,5.5,0.0,4.708333333333333,0.0,0.0,0.0,0.0,0.0,0.0,0.0,0.375
2024-05-17 13:00:00+00:00,0.0,5.208333333333333,0.0,4.708333333333333,0.0,0.0,0.0,0.0,0.0,0.0,0.0,0.375
2024-05-17 14:00:00+00:00,0.0,5.208333333333333,0.0,4.708333333333333,0.0,0.0,0.0,0.0,0.0,0.0,0.0,0.375
2024-05-17 15:00:00+00:00,3.0,5.333333333333333,0.0,4.708333333333333,0.0,0.0,0.0,0.0,0.0,0.0,0.0,0.375
2024-05-17 16:00:00+00:00,8.0,5.583333333333333,0.0,4.708333333333333,0.0,0.0,0.0,0.0,0.0,0.0,0.0,0.375
2024-05-17 17:00:00+00:00,0.0,5.541666666666667,0.0,4.666666666666667,0.0,0.0,0.0,0.0,0.0,0.0,0.0,0.375
2024-05-17 18:00:00+00:00,0.0,4.458333333333333,0.0,3.5833333333333335,0.0,0.0,0.0,0.0,0.0,0.0,0.0,0.375
2024-05-17 19:00:00+00:00,2.0,4.541666666666667,0.0,3.5833333333333335,0.0,0.0,0.0,0.0,0.0,0.0,0.0,0.375
2024-05-17 20:00:00+00:00,0.0,2.8333333333333335,0.0,1.875,0.0,0.0,0.0,0.0,0.0,0.0,0.0,0.375
2024-05-17 21:00:00+00:00,17.0,3.5416666666666665,0.0,1.875,0.0,0.0,0.0,0.0,0.0,0.0,0.0,0.375
2024-05-17 22:00:00+00:00,3.0,3.6666666666666665,0.0,1.875,0.0,0.0,0.0,0.0,0.0,0.0,0.0,0.375
2024-05-17 23:00:00+00:00,14.0,4.25,0.0,1.875,0.0,0.0,0.0,0.0,0.0,0.0,0.0,0.375
2024-05-18 00:00:00+00:00,3.0,2.5,0.0,0.0,0.0,0.0,0.0,0.0,0.0,0.0,0.0,0.0
2024-05-18 01:00:00+00:00,3.0,2.625,0.0,0.0,0.0,0.0,0.0,0.0,0.0,0.0,0.0,0.0
2024-05-18 02:00:00+00:00,0.0,2.625,0.0,0.0,0.0,0.0,0.0,0.0,0.0,0.0,0.0,0.0
2024-05-18 03:00:00+00:00,5.0,2.7916666666666665,0.0,0.0,0.0,0.0,0.0,0.0,0.0,0.0,0.0,0.0
2024-05-18 04:00:00+00:00,7.0,2.75,0.0,0.0,0.0,0.0,0.0,0.0,0.0,0.0,0.0,0.0
2024-05-18 05:00:00+00:00,0.0,2.75,0.0,0.0,0.0,0.0,0.0,0.0,0.0,0.0,0.0,0.0
2024-05-18 06:00:00+00:00,0.0,2.75,0.0,0.0,0.0,0.0,0.0,0.0,0.0,0.0,0.0,0.0
2024-05-18 07:00:00+00:00,0.0,2.75,0.0,0.0,0.0,0.0,0.0,0.0,0.0,0.0,0.0,0.0
2024-05-18 08:00:00+00:00,0.0,2.75,0.0,0.0,0.0,0.0,0.0,0.0,0.0,0.0,0.0,0.0
2024-05-18 09:00:00+00:00,0.0,2.75,0.0,0.0,0.0,0.0,0.0,0.0,0.0,0.0,0.0,0.0
2024-05-18 10:00:00+00:00,0.0,2.7083333333333335,0.0,0.0,0.0,0.0,0.0,0.0,0.0,0.0,0.0,0.0
2024-05-18 11:00:00+00:00,0.0,2.7083333333333335,0.0,0.0,0.0,0.0,0.0,0.0,0.0,0.0,0.0,0.0
2024-05-18 12:00:00+00:00,2.0,2.7916666666666665,0.0,0.0,0.0,0.0,0.0,0.0,0.0,0.0,0.0,0.0
2024-05-18 13:00:00+00:00,0.0,2.7916666666666665,0.0,0.0,0.0,0.0,0.0,0.0,0.0,0.0,0.0,0.0
2024-05-18 14:00:00+00:00,0.0,2.7916666666666665,0.0,0.0,0.0,0.0,0.0,0.0,0.0,0.0,0.0,0.0
2024-05-18 15:00:00+00:00,0.0,2.6666666666666665,0.0,0.0,0.0,0.0,0.0,0.0,0.0,0.0,0.0,0.0
2024-05-18 16:00:00+00:00,0.0,2.3333333333333335,0.0,0.0,0.0,0.0,0.0,0.0,0.0,0.0,0.0,0.0
2024-05-18 17:00:00+00:00,0.0,2.3333333333333335,0.0,0.0,0.0,0.0,0.0,0.0,0.0,0.0,0.0,0.0
2024-05-18 18:00:00+00:00,0.0,2.3333333333333335,0.0,0.0,0.0,0.0,0.0,0.0,0.0,0.0,0.0,0.0
2024-05-18 19:00:00+00:00,1.0,2.2916666666666665,0.0,0.0,0.0,0.0,0.0,0.0,0.0,0.0,0.0,0.0
2024-05-18 20:00:00+00:00,0.0,2.2916666666666665,0.0,0.0,0.0,0.0,0.0,0.0,0.0,0.0,0.0,0.0
2024-05-18 21:00:00+00:00,5.0,1.7916666666666667,0.0,0.0,0.0,0.0,0.0,0.0,0.0,0.0,0.0,0.0
2024-05-18 22:00:00+00:00,11.0,2.125,0.0,0.0,0.0,0.0,0.0,0.0,0.0,0.0,0.0,0.0
2024-05-18 23:00:00+00:00,5.0,1.75,0.0,0.0,0.0,0.0,0.0,0.0,0.0,0.0,0.0,0.0
2024-05-19 00:00:00+00:00,13.0,2.1666666666666665,0.0,0.0,0.0,0.0,0.0,0.0,0.0,0.0,9.0,0.375
2024-05-19 01:00:00+00:00,6.0,2.2916666666666665,0.0,0.0,0.0,0.0,0.0,0.0,0.0,0.0,6.0,0.625
2024-05-19 02:00:00+00:00,13.0,2.8333333333333335,0.0,0.0,0.0,0.0,0.0,0.0,0.0,0.0,0.0,0.625
2024-05-19 03:00:00+00:00,3.0,2.75,0.0,0.0,0.0,0.0,0.0,0.0,0.0,0.0,0.0,0.625
2024-05-19 04:00:00+00:00,0.0,2.4583333333333335,0.0,0.0,0.0,0.0,0.0,0.0,0.0,0.0,0.0,0.625
2024-05-19 05:00:00+00:00,0.0,2.4583333333333335,0.0,0.0,0.0,0.0,0.0,0.0,0.0,0.0,0.0,0.625
2024-05-19 06:00:00+00:00,0.0,2.4583333333333335,0.0,0.0,0.0,0.0,0.0,0.0,0.0,0.0,0.0,0.625
2024-05-19 07:00:00+00:00,6.0,2.7083333333333335,0.0,0.0,0.0,0.0,0.0,0.0,0.0,0.0,0.0,0.625
2024-05-19 08:00:00+00:00,2.0,2.7916666666666665,0.0,0.0,0.0,0.0,0.0,0.0,0.0,0.0,0.0,0.625
2024-05-19 09:00:00+00:00,0.0,2.7916666666666665,0.0,0.0,0.0,0.0,0.0,0.0,0.0,0.0,0.0,0.625
2024-05-19 10:00:00+00:00,2.0,2.875,0.0,0.0,0.0,0.0,0.0,0.0,0.0,0.0,0.0,0.625
2024-05-19 11:00:00+00:00,0.0,2.875,0.0,0.0,0.0,0.0,0.0,0.0,0.0,0.0,0.0,0.625
2024-05-19 12:00:00+00:00,0.0,2.7916666666666665,0.0,0.0,0.0,0.0,0.0,0.0,0.0,0.0,0.0,0.625
2024-05-19 13:00:00+00:00,10.0,3.2083333333333335,0.0,0.0,0.0,0.0,0.0,0.0,0.0,0.0,0.0,0.625
2024-05-19 14:00:00+00:00,9.0,3.5833333333333335,0.0,0.0,0.0,0.0,0.0,0.0,0.0,0.0,0.0,0.625
2024-05-19 15:00:00+00:00,9.0,3.9583333333333335,0.0,0.0,0.0,0.0,0.0,0.0,0.0,0.0,0.0,0.625
2024-05-19 16:00:00+00:00,1.0,4.0,0.0,0.0,0.0,0.0,0.0,0.0,0.0,0.0,0.0,0.625
2024-05-19 17:00:00+00:00,0.0,4.0,0.0,0.0,0.0,0.0,0.0,0.0,0.0,0.0,0.0,0.625
2024-05-19 18:00:00+00:00,2.0,4.083333333333333,0.0,0.0,0.0,0.0,0.0,0.0,0.0,0.0,0.0,0.625
2024-05-19 19:00:00+00:00,11.0,4.5,0.0,0.0,0.0,0.0,0.0,0.0,0.0,0.0,0.0,0.625
2024-05-19 20:00:00+00:00,10.0,4.916666666666667,0.0,0.0,0.0,0.0,0.0,0.0,0.0,0.0,0.0,0.625
2024-05-19 21:00:00+00:00,14.0,5.291666666666667,0.0,0.0,0.0,0.0,0.0,0.0,0.0,0.0,0.0,0.625
2024-05-19 22:00:00+00:00,1.0,4.875,0.0,0.0,0.0,0.0,0.0,0.0,0.0,0.0,0.0,0.625
2024-05-19 23:00:00+00:00,0.0,4.666666666666667,0.0,0.0,0.0,0.0,0.0,0.0,0.0,0.0,0.0,0.625
2024-05-20 00:00:00+00:00,0.0,4.125,0.0,0.0,0.0,0.0,0.0,0.0,0.0,0.0,0.0,0.25
2024-05-20 01:00:00+00:00,0.0,3.875,0.0,0.0,0.0,0.0,0.0,0.0,0.0,0.0,0.0,0.0
2024-05-20 02:00:00+00:00,0.0,3.3333333333333335,0.0,0.0,0.0,0.0,0.0,0.0,0.0,0.0,0.0,0.0
2024-05-20 03:00:00+00:00,0.0,3.2083333333333335,0.0,0.0,0.0,0.0,0.0,0.0,0.0,0.0,0.0,0.0
2024-05-20 04:00:00+00:00,2.0,3.2916666666666665,0.0,0.0,0.0,0.0,0.0,0.0,0.0,0.0,0.0,0.0
2024-05-20 05:00:00+00:00,16.0,3.9583333333333335,0.0,0.0,0.0,0.0,0.0,0.0,0.0,0.0,0.0,0.0
2024-05-20 06:00:00+00:00,0.0,3.9583333333333335,0.0,0.0,0.0,0.0,0.0,0.0,0.0,0.0,0.0,0.0
2024-05-20 07:00:00+00:00,0.0,3.7083333333333335,0.0,0.0,0.0,0.0,0.0,0.0,0.0,0.0,0.0,0.0
2024-05-20 08:00:00+00:00,0.0,3.625,0.0,0.0,0.0,0.0,0.0,0.0,0.0,0.0,0.0,0.0
2024-05-20 09:00:00+00:00,0.0,3.625,0.0,0.0,0.0,0.0,0.0,0.0,0.0,0.0,0.0,0.0
2024-05-20 10:00:00+00:00,0.0,3.5416666666666665,0.0,0.0,0.0,0.0,0.0,0.0,0.0,0.0,0.0,0.0
2024-05-20 11:00:00+00:00,0.0,3.5416666666666665,0.0,0.0,0.0,0.0,0.0,0.0,0.0,0.0,0.0,0.0
2024-05-20 12:00:00+00:00,4.0,3.7083333333333335,0.0,0.0,0.0,0.0,0.0,0.0,0.0,0.0,0.0,0.0
2024-05-20 13:00:00+00:00,7.0,3.5833333333333335,0.0,0.0,0.0,0.0,0.0,0.0,0.0,0.0,0.0,0.0
2024-05-20 14:00:00+00:00,14.0,3.7916666666666665,0.0,0.0,0.0,0.0,0.0,0.0,0.0,0.0,0.0,0.0
2024-05-20 15:00:00+00:00,15.0,4.041666666666667,0.0,0.0,0.0,0.0,0.0,0.0,0.0,0.0,0.0,0.0
2024-05-20 16:00:00+00:00,1.0,4.041666666666667,0.0,0.0,0.0,0.0,0.0,0.0,0.0,0.0,0.0,0.0
2024-05-20 17:00:00+00:00,0.0,4.041666666666667,0.0,0.0,0.0,0.0,0.0,0.0,0.0,0.0,0.0,0.0
2024-05-20 18:00:00+00:00,12.0,4.458333333333333,0.0,0.0,0.0,0.0,0.0,0.0,0.0,0.0,0.0,0.0
2024-05-20 19:00:00+00:00,14.0,4.583333333333333,0.0,0.0,0.0,0.0,0.0,0.0,0.0,0.0,0.0,0.0
2024-05-20 20:00:00+00:00,2.0,4.25,0.0,0.0,0.0,0.0,0.0,0.0,0.0,0.0,0.0,0.0
2024-05-20 21:00:00+00:00,1.0,3.7083333333333335,0.0,0.0,0.0,0.0,0.0,0.0,0.0,0.0,0.0,0.0
2024-05-20 22:00:00+00:00,0.0,3.6666666666666665,0.0,0.0,0.0,0.0,0.0,0.0,0.0,0.0,0.0,0.0
2024-05-20 23:00:00+00:00,0.0,3.6666666666666665,0.0,0.0,0.0,0.0,0.0,0.0,0.0,0.0,0.0,0.0
2024-05-21 00:00:00+00:00,16.0,4.333333333333333,0.0,0.0,16.0,0.6666666666666666,0.0,0.0,0.0,0.0,0.0,0.0
2024-05-21 01:00:00+00:00,10.0,4.75,0.0,0.0,10.0,1.0833333333333333,0.0,0.0,0.0,0.0,0.0,0.0
2024-05-21 02:00:00+00:00,0.0,4.75,0.0,0.0,0.0,1.0833333333333333,0.0,0.0,0.0,0.0,0.0,0.0
2024-05-21 03:00:00+00:00,0.0,4.75,0.0,0.0,0.0,1.0833333333333333,0.0,0.0,0.0,0.0,0.0,0.0
2024-05-21 04:00:00+00:00,0.0,4.666666666666667,0.0,0.0,0.0,1.0833333333333333,0.0,0.0,0.0,0.0,0.0,0.0
2024-05-21 05:00:00+00:00,0.0,4.0,0.0,0.0,0.0,1.0833333333333333,0.0,0.0,0.0,0.0,0.0,0.0
2024-05-21 06:00:00+00:00,0.0,4.0,0.0,0.0,0.0,1.0833333333333333,0.0,0.0,0.0,0.0,0.0,0.0
2024-05-21 07:00:00+00:00,0.0,4.0,0.0,0.0,0.0,1.0833333333333333,0.0,0.0,0.0,0.0,0.0,0.0
2024-05-21 08:00:00+00:00,10.0,4.416666666666667,0.0,0.0,10.0,1.5,0.0,0.0,0.0,0.0,0.0,0.0
2024-05-21 09:00:00+00:00,1.0,4.458333333333333,0.0,0.0,1.0,1.5416666666666667,0.0,0.0,0.0,0.0,0.0,0.0
2024-05-21 10:00:00+00:00,0.0,4.458333333333333,0.0,0.0,0.0,1.5416666666666667,0.0,0.0,0.0,0.0,0.0,0.0
2024-05-21 11:00:00+00:00,1.0,4.5,0.0,0.0,1.0,1.5833333333333333,0.0,0.0,0.0,0.0,0.0,0.0
2024-05-21 12:00:00+00:00,6.0,4.583333333333333,0.0,0.0,6.0,1.8333333333333333,0.0,0.0,0.0,0.0,0.0,0.0
2024-05-21 13:00:00+00:00,0.0,4.291666666666667,0.0,0.0,0.0,1.8333333333333333,0.0,0.0,0.0,0.0,0.0,0.0
2024-05-21 14:00:00+00:00,12.0,4.208333333333333,0.0,0.0,12.0,2.3333333333333335,0.0,0.0,0.0,0.0,0.0,0.0
2024-05-21 15:00:00+00:00,1.0,3.625,0.0,0.0,1.0,2.375,0.0,0.0,0.0,0.0,0.0,0.0
2024-05-21 16:00:00+00:00,0.0,3.5833333333333335,0.0,0.0,0.0,2.375,0.0,0.0,0.0,0.0,0.0,0.0
2024-05-21 17:00:00+00:00,7.0,3.875,0.0,0.0,7.0,2.6666666666666665,0.0,0.0,0.0,0.0,0.0,0.0
2024-05-21 18:00:00+00:00,2.0,3.4583333333333335,0.0,0.0,2.0,2.75,0.0,0.0,0.0,0.0,0.0,0.0
2024-05-21 19:00:00+00:00,7.0,3.1666666666666665,0.0,0.0,7.0,3.0416666666666665,0.0,0.0,0.0,0.0,0.0,0.0
2024-05-21 20:00:00+00:00,11.0,3.5416666666666665,0.0,0.0,11.0,3.5,0.0,0.0,0.0,0.0,0.0,0.0
2024-05-21 21:00:00+00:00,2.0,3.5833333333333335,0.0,0.0,2.0,3.5833333333333335,0.0,0.0,0.0,0.0,0.0,0.0
2024-05-21 22:00:00+00:00,2.0,3.6666666666666665,0.0,0.0,2.0,3.6666666666666665,0.0,0.0,0.0,0.0,0.0,0.0
2024-05-21 23:00:00+00:00,1.0,3.7083333333333335,0.0,0.0,1.0,3.7083333333333335,0.0,0.0,0.0,0.0,0.0,0.0
2024-05-22 00:00:00+00:00,38.0,4.625,38.0,1.5833333333333333,0.0,3.0416666666666665,0.0,0.0,0.0,0.0,0.0,0.0
2024-05-22 01:00:00+00:00,0.0,4.208333333333333,0.0,1.5833333333333333,0.0,2.625,0.0,0.0,0.0,0.0,0.0,0.0
2024-05-22 02:00:00+00:00,0.0,4.208333333333333,0.0,1.5833333333333333,0.0,2.625,0.0,0.0,0.0,0.0,0.0,0.0
2024-05-22 03:00:00+00:00,0.0,4.208333333333333,0.0,1.5833333333333333,0.0,2.625,0.0,0.0,0.0,0.0,0.0,0.0
2024-05-22 04:00:00+00:00,1.0,4.25,0.0,1.5833333333333333,0.0,2.625,0.0,0.0,0.0,0.0,0.0,0.0
2024-05-22 05:00:00+00:00,11.0,4.708333333333333,8.0,1.9166666666666667,0.0,2.625,0.0,0.0,0.0,0.0,0.0,0.0
2024-05-22 06:00:00+00:00,28.0,5.875,28.0,3.0833333333333335,0.0,2.625,0.0,0.0,0.0,0.0,0.0,0.0
2024-05-22 07:00:00+00:00,0.0,5.875,0.0,3.0833333333333335,0.0,2.625,0.0,0.0,0.0,0.0,0.0,0.0
2024-05-22 08:00:00+00:00,0.0,5.458333333333333,0.0,3.0833333333333335,0.0,2.2083333333333335,0.0,0.0,0.0,0.0,0.0,0.0
2024-05-22 09:00:00+00:00,0.0,5.416666666666667,0.0,3.0833333333333335,0.0,2.1666666666666665,0.0,0.0,0.0,0.0,0.0,0.0
2024-05-22 10:00:00+00:00,2.0,5.5,0.0,3.0833333333333335,0.0,2.1666666666666665,0.0,0.0,0.0,0.0,0.0,0.0
2024-05-22 11:00:00+00:00,0.0,5.458333333333333,0.0,3.0833333333333335,0.0,2.125,0.0,0.0,0.0,0.0,0.0,0.0
2024-05-22 12:00:00+00:00,0.0,5.208333333333333,0.0,3.0833333333333335,0.0,1.875,0.0,0.0,0.0,0.0,0.0,0.0
2024-05-22 13:00:00+00:00,0.0,5.208333333333333,0.0,3.0833333333333335,0.0,1.875,0.0,0.0,0.0,0.0,0.0,0.0
2024-05-22 14:00:00+00:00,7.0,5.0,0.0,3.0833333333333335,0.0,1.375,0.0,0.0,0.0,0.0,0.0,0.0
2024-05-22 15:00:00+00:00,11.0,5.416666666666667,0.0,3.0833333333333335,0.0,1.3333333333333333,0.0,0.0,0.0,0.0,0.0,0.0
2024-05-22 16:00:00+00:00,2.0,5.5,0.0,3.0833333333333335,0.0,1.3333333333333333,0.0,0.0,0.0,0.0,0.0,0.0
2024-05-22 17:00:00+00:00,2.0,5.291666666666667,0.0,3.0833333333333335,0.0,1.0416666666666667,0.0,0.0,0.0,0.0,0.0,0.0
2024-05-22 18:00:00+00:00,3.0,5.333333333333333,0.0,3.0833333333333335,0.0,0.9583333333333334,0.0,0.0,0.0,0.0,0.0,0.0
2024-05-22 19:00:00+00:00,12.0,5.541666666666667,0.0,3.0833333333333335,0.0,0.6666666666666666,0.0,0.0,0.0,0.0,0.0,0.0
2024-05-22 20:00:00+00:00,0.0,5.083333333333333,0.0,3.0833333333333335,0.0,0.20833333333333334,0.0,0.0,0.0,0.0,0.0,0.0
2024-05-22 21:00:00+00:00,0.0,5.0,0.0,3.0833333333333335,0.0,0.125,0.0,0.0,0.0,0.0,0.0,0.0
2024-05-22 22:00:00+00:00,0.0,4.916666666666667,0.0,3.0833333333333335,0.0,0.041666666666666664,0.0,0.0,0.0,0.0,0.0,0.0
2024-05-22 23:00:00+00:00,0.0,4.875,0.0,3.0833333333333335,0.0,0.0,0.0,0.0,0.0,0.0,0.0,0.0
2024-05-23 00:00:00+00:00,0.0,3.2916666666666665,0.0,1.5,0.0,0.0,0.0,0.0,0.0,0.0,0.0,0.0
2024-05-23 01:00:00+00:00,0.0,3.2916666666666665,0.0,1.5,0.0,0.0,0.0,0.0,0.0,0.0,0.0,0.0
2024-05-23 02:00:00+00:00,0.0,3.2916666666666665,0.0,1.5,0.0,0.0,0.0,0.0,0.0,0.0,0.0,0.0
2024-05-23 03:00:00+00:00,0.0,3.2916666666666665,0.0,1.5,0.0,0.0,0.0,0.0,0.0,0.0,0.0,0.0
2024-05-23 04:00:00+00:00,0.0,3.25,0.0,1.5,0.0,0.0,0.0,0.0,0.0,0.0,0.0,0.0
2024-05-23 05:00:00+00:00,0.0,2.7916666666666665,0.0,1.1666666666666667,0.0,0.0,0.0,0.0,0.0,0.0,0.0,0.0
2024-05-23 06:00:00+00:00,0.0,1.625,0.0,0.0,0.0,0.0,0.0,0.0,0.0,0.0,0.0,0.0
2024-05-23 07:00:00+00:00,0.0,1.625,0.0,0.0,0.0,0.0,0.0,0.0,0.0,0.0,0.0,0.0
2024-05-23 08:00:00+00:00,0.0,1.625,0.0,0.0,0.0,0.0,0.0,0.0,0.0,0.0,0.0,0.0
2024-05-23 09:00:00+00:00,0.0,1.625,0.0,0.0,0.0,0.0,0.0,0.0,0.0,0.0,0.0,0.0
2024-05-23 10:00:00+00:00,0.0,1.5416666666666667,0.0,0.0,0.0,0.0,0.0,0.0,0.0,0.0,0.0,0.0
2024-05-23 11:00:00+00:00,2.0,1.625,0.0,0.0,0.0,0.0,0.0,0.0,0.0,0.0,0.0,0.0
2024-05-23 12:00:00+00:00,2.0,1.7083333333333333,0.0,0.0,0.0,0.0,0.0,0.0,0.0,0.0,0.0,0.0
2024-05-23 13:00:00+00:00,2.0,1.7916666666666667,0.0,0.0,0.0,0.0,0.0,0.0,0.0,0.0,0.0,0.0
2024-05-23 14:00:00+00:00,18.0,2.25,0.0,0.0,0.0,0.0,0.0,0.0,0.0,0.0,0.0,0.0
2024-05-23 15:00:00+00:00,2.0,1.875,0.0,0.0,0.0,0.0,0.0,0.0,0.0,0.0,0.0,0.0
2024-05-23 16:00:00+00:00,1.0,1.8333333333333333,0.0,0.0,0.0,0.0,0.0,0.0,0.0,0.0,0.0,0.0
2024-05-23 17:00:00+00:00,0.0,1.75,0.0,0.0,0.0,0.0,0.0,0.0,0.0,0.0,0.0,0.0
2024-05-23 18:00:00+00:00,0.0,1.625,0.0,0.0,0.0,0.0,0.0,0.0,0.0,0.0,0.0,0.0
2024-05-23 19:00:00+00:00,0.0,1.125,0.0,0.0,0.0,0.0,0.0,0.0,0.0,0.0,0.0,0.0
2024-05-23 20:00:00+00:00,7.0,1.4166666666666667,0.0,0.0,0.0,0.0,0.0,0.0,0.0,0.0,0.0,0.0
2024-05-23 21:00:00+00:00,4.0,1.5833333333333333,0.0,0.0,0.0,0.0,0.0,0.0,0.0,0.0,0.0,0.0
2024-05-23 22:00:00+00:00,0.0,1.5833333333333333,0.0,0.0,0.0,0.0,0.0,0.0,0.0,0.0,0.0,0.0
2024-05-23 23:00:00+00:00,0.0,1.5833333333333333,0.0,0.0,0.0,0.0,0.0,0.0,0.0,0.0,0.0,0.0
2024-05-24 00:00:00+00:00,0.0,1.5833333333333333,0.0,0.0,0.0,0.0,0.0,0.0,0.0,0.0,0.0,0.0
2024-05-24 01:00:00+00:00,0.0,1.5833333333333333,0.0,0.0,0.0,0.0,0.0,0.0,0.0,0.0,0.0,0.0
2024-05-24 02:00:00+00:00,0.0,1.5833333333333333,0.0,0.0,0.0,0.0,0.0,0.0,0.0,0.0,0.0,0.0
2024-05-24 03:00:00+00:00,0.0,1.5833333333333333,0.0,0.0,0.0,0.0,0.0,0.0,0.0,0.0,0.0,0.0
2024-05-24 04:00:00+00:00,0.0,1.5833333333333333,0.0,0.0,0.0,0.0,0.0,0.0,0.0,0.0,0.0,0.0
2024-05-24 05:00:00+00:00,0.0,1.5833333333333333,0.0,0.0,0.0,0.0,0.0,0.0,0.0,0.0,0.0,0.0
2024-05-24 06:00:00+00:00,0.0,1.5833333333333333,0.0,0.0,0.0,0.0,0.0,0.0,0.0,0.0,0.0,0.0
2024-05-24 07:00:00+00:00,0.0,1.5833333333333333,0.0,0.0,0.0,0.0,0.0,0.0,0.0,0.0,0.0,0.0
2024-05-24 08:00:00+00:00,0.0,1.5833333333333333,0.0,0.0,0.0,0.0,0.0,0.0,0.0,0.0,0.0,0.0
2024-05-24 09:00:00+00:00,0.0,1.5833333333333333,0.0,0.0,0.0,0.0,0.0,0.0,0.0,0.0,0.0,0.0
2024-05-24 10:00:00+00:00,0.0,1.5833333333333333,0.0,0.0,0.0,0.0,0.0,0.0,0.0,0.0,0.0,0.0
2024-05-24 11:00:00+00:00,0.0,1.5,0.0,0.0,0.0,0.0,0.0,0.0,0.0,0.0,0.0,0.0
2024-05-24 12:00:00+00:00,1.0,1.4583333333333333,0.0,0.0,1.0,0.041666666666666664,0.0,0.0,0.0,0.0,0.0,0.0
2024-05-24 13:00:00+00:00,5.0,1.5833333333333333,0.0,0.0,5.0,0.25,0.0,0.0,0.0,0.0,0.0,0.0
2024-05-24 14:00:00+00:00,0.0,0.8333333333333334,0.0,0.0,0.0,0.25,0.0,0.0,0.0,0.0,0.0,0.0
2024-05-24 15:00:00+00:00,5.0,0.9583333333333334,0.0,0.0,5.0,0.4583333333333333,0.0,0.0,0.0,0.0,0.0,0.0
2024-05-24 16:00:00+00:00,12.0,1.4166666666666667,0.0,0.0,12.0,0.9583333333333334,0.0,0.0,0.0,0.0,0.0,0.0
2024-05-24 17:00:00+00:00,13.0,1.9583333333333333,0.0,0.0,13.0,1.5,0.0,0.0,0.0,0.0,0.0,0.0
2024-05-24 18:00:00+00:00,1.0,2.0,0.0,0.0,1.0,1.5416666666666667,0.0,0.0,0.0,0.0,0.0,0.0
2024-05-24 19:00:00+00:00,7.0,2.2916666666666665,0.0,0.0,7.0,1.8333333333333333,0.0,0.0,0.0,0.0,0.0,0.0
2024-05-24 20:00:00+00:00,3.0,2.125,0.0,0.0,3.0,1.9583333333333333,0.0,0.0,0.0,0.0,0.0,0.0
2024-05-24 21:00:00+00:00,0.0,1.9583333333333333,0.0,0.0,0.0,1.9583333333333333,0.0,0.0,0.0,0.0,0.0,0.0
2024-05-24 22:00:00+00:00,0.0,1.9583333333333333,0.0,0.0,0.0,1.9583333333333333,0.0,0.0,0.0,0.0,0.0,0.0
2024-05-24 23:00:00+00:00,0.0,1.9583333333333333,0.0,0.0,0.0,1.9583333333333333,0.0,0.0,0.0,0.0,0.0,0.0
2024-05-25 00:00:00+00:00,0.0,1.9583333333333333,0.0,0.0,0.0,1.9583333333333333,0.0,0.0,0.0,0.0,0.0,0.0
2024-05-25 01:00:00+00:00,0.0,1.9583333333333333,0.0,0.0,0.0,1.9583333333333333,0.0,0.0,0.0,0.0,0.0,0.0
2024-05-25 02:00:00+00:00,6.0,2.2083333333333335,0.0,0.0,0.0,1.9583333333333333,0.0,0.0,0.0,0.0,0.0,0.0
2024-05-25 03:00:00+00:00,0.0,2.2083333333333335,0.0,0.0,0.0,1.9583333333333333,0.0,0.0,0.0,0.0,0.0,0.0
2024-05-25 04:00:00+00:00,0.0,2.2083333333333335,0.0,0.0,0.0,1.9583333333333333,0.0,0.0,0.0,0.0,0.0,0.0
2024-05-25 05:00:00+00:00,0.0,2.2083333333333335,0.0,0.0,0.0,1.9583333333333333,0.0,0.0,0.0,0.0,0.0,0.0
2024-05-25 06:00:00+00:00,0.0,2.2083333333333335,0.0,0.0,0.0,1.9583333333333333,0.0,0.0,0.0,0.0,0.0,0.0
2024-05-25 07:00:00+00:00,0.0,2.2083333333333335,0.0,0.0,0.0,1.9583333333333333,0.0,0.0,0.0,0.0,0.0,0.0
2024-05-25 08:00:00+00:00,0.0,2.2083333333333335,0.0,0.0,0.0,1.9583333333333333,0.0,0.0,0.0,0.0,0.0,0.0
2024-05-25 09:00:00+00:00,0.0,2.2083333333333335,0.0,0.0,0.0,1.9583333333333333,0.0,0.0,0.0,0.0,0.0,0.0
2024-05-25 10:00:00+00:00,0.0,2.2083333333333335,0.0,0.0,0.0,1.9583333333333333,0.0,0.0,0.0,0.0,0.0,0.0
2024-05-25 11:00:00+00:00,0.0,2.2083333333333335,0.0,0.0,0.0,1.9583333333333333,0.0,0.0,0.0,0.0,0.0,0.0
2024-05-25 12:00:00+00:00,0.0,2.1666666666666665,0.0,0.0,0.0,1.9166666666666667,0.0,0.0,0.0,0.0,0.0,0.0
2024-05-25 13:00:00+00:00,0.0,1.9583333333333333,0.0,0.0,0.0,1.7083333333333333,0.0,0.0,0.0,0.0,0.0,0.0
2024-05-25 14:00:00+00:00,0.0,1.9583333333333333,0.0,0.0,0.0,1.7083333333333333,0.0,0.0,0.0,0.0,0.0,0.0
2024-05-25 15:00:00+00:00,0.0,1.75,0.0,0.0,0.0,1.5,0.0,0.0,0.0,0.0,0.0,0.0
2024-05-25 16:00:00+00:00,0.0,1.25,0.0,0.0,0.0,1.0,0.0,0.0,0.0,0.0,0.0,0.0
2024-05-25 17:00:00+00:00,17.0,1.4166666666666667,0.0,0.0,0.0,0.4583333333333333,0.0,0.0,0.0,0.0,0.0,0.0
2024-05-25 18:00:00+00:00,3.0,1.5,0.0,0.0,0.0,0.4166666666666667,0.0,0.0,0.0,0.0,0.0,0.0
2024-05-25 19:00:00+00:00,0.0,1.2083333333333333,0.0,0.0,0.0,0.125,0.0,0.0,0.0,0.0,0.0,0.0
2024-05-25 20:00:00+00:00,0.0,1.0833333333333333,0.0,0.0,0.0,0.0,0.0,0.0,0.0,0.0,0.0,0.0
2024-05-25 21:00:00+00:00,0.0,1.0833333333333333,0.0,0.0,0.0,0.0,0.0,0.0,0.0,0.0,0.0,0.0
2024-05-25 22:00:00+00:00,0.0,1.0833333333333333,0.0,0.0,0.0,0.0,0.0,0.0,0.0,0.0,0.0,0.0
2024-05-25 23:00:00+00:00,0.0,1.0833333333333333,0.0,0.0,0.0,0.0,0.0,0.0,0.0,0.0,0.0,0.0
2024-05-26 00:00:00+00:00,0.0,1.0833333333333333,0.0,0.0,0.0,0.0,0.0,0.0,0.0,0.0,0.0,0.0
2024-05-26 01:00:00+00:00,0.0,1.0833333333333333,0.0,0.0,0.0,0.0,0.0,0.0,0.0,0.0,0.0,0.0
2024-05-26 02:00:00+00:00,0.0,0.8333333333333334,0.0,0.0,0.0,0.0,0.0,0.0,0.0,0.0,0.0,0.0
2024-05-26 03:00:00+00:00,0.0,0.8333333333333334,0.0,0.0,0.0,0.0,0.0,0.0,0.0,0.0,0.0,0.0
2024-05-26 04:00:00+00:00,0.0,0.8333333333333334,0.0,0.0,0.0,0.0,0.0,0.0,0.0,0.0,0.0,0.0
2024-05-26 05:00:00+00:00,0.0,0.8333333333333334,0.0,0.0,0.0,0.0,0.0,0.0,0.0,0.0,0.0,0.0
2024-05-26 06:00:00+00:00,0.0,0.8333333333333334,0.0,0.0,0.0,0.0,0.0,0.0,0.0,0.0,0.0,0.0
2024-05-26 07:00:00+00:00,0.0,0.8333333333333334,0.0,0.0,0.0,0.0,0.0,0.0,0.0,0.0,0.0,0.0
2024-05-26 08:00:00+00:00,0.0,0.8333333333333334,0.0,0.0,0.0,0.0,0.0,0.0,0.0,0.0,0.0,0.0
2024-05-26 09:00:00+00:00,0.0,0.8333333333333334,0.0,0.0,0.0,0.0,0.0,0.0,0.0,0.0,0.0,0.0
2024-05-26 10:00:00+00:00,0.0,0.8333333333333334,0.0,0.0,0.0,0.0,0.0,0.0,0.0,0.0,0.0,0.0
2024-05-26 11:00:00+00:00,0.0,0.8333333333333334,0.0,0.0,0.0,0.0,0.0,0.0,0.0,0.0,0.0,0.0
2024-05-26 12:00:00+00:00,0.0,0.8333333333333334,0.0,0.0,0.0,0.0,0.0,0.0,0.0,0.0,0.0,0.0
2024-05-26 13:00:00+00:00,0.0,0.8333333333333334,0.0,0.0,0.0,0.0,0.0,0.0,0.0,0.0,0.0,0.0
2024-05-26 14:00:00+00:00,0.0,0.8333333333333334,0.0,0.0,0.0,0.0,0.0,0.0,0.0,0.0,0.0,0.0
2024-05-26 15:00:00+00:00,0.0,0.8333333333333334,0.0,0.0,0.0,0.0,0.0,0.0,0.0,0.0,0.0,0.0
2024-05-26 16:00:00+00:00,0.0,0.8333333333333334,0.0,0.0,0.0,0.0,0.0,0.0,0.0,0.0,0.0,0.0
2024-05-26 17:00:00+00:00,0.0,0.125,0.0,0.0,0.0,0.0,0.0,0.0,0.0,0.0,0.0,0.0
2024-05-26 18:00:00+00:00,0.0,0.0,0.0,0.0,0.0,0.0,0.0,0.0,0.0,0.0,0.0,0.0
2024-05-26 19:00:00+00:00,0.0,0.0,0.0,0.0,0.0,0.0,0.0,0.0,0.0,0.0,0.0,0.0
2024-05-26 20:00:00+00:00,0.0,0.0,0.0,0.0,0.0,0.0,0.0,0.0,0.0,0.0,0.0,0.0
2024-05-26 21:00:00+00:00,0.0,0.0,0.0,0.0,0.0,0.0,0.0,0.0,0.0,0.0,0.0,0.0
2024-05-26 22:00:00+00:00,0.0,0.0,0.0,0.0,0.0,0.0,0.0,0.0,0.0,0.0,0.0,0.0
2024-05-26 23:00:00+00:00,0.0,0.0,0.0,0.0,0.0,0.0,0.0,0.0,0.0,0.0,0.0,0.0
2024-05-27 00:00:00+00:00,12.0,0.5,0.0,0.0,0.0,0.0,0.0,0.0,0.0,0.0,0.0,0.0
2024-05-27 01:00:00+00:00,12.0,1.0,0.0,0.0,0.0,0.0,0.0,0.0,0.0,0.0,0.0,0.0
2024-05-27 02:00:00+00:00,9.0,1.375,0.0,0.0,0.0,0.0,0.0,0.0,0.0,0.0,0.0,0.0
2024-05-27 03:00:00+00:00,0.0,1.375,0.0,0.0,0.0,0.0,0.0,0.0,0.0,0.0,0.0,0.0
2024-05-27 04:00:00+00:00,0.0,1.375,0.0,0.0,0.0,0.0,0.0,0.0,0.0,0.0,0.0,0.0
2024-05-27 05:00:00+00:00,0.0,1.375,0.0,0.0,0.0,0.0,0.0,0.0,0.0,0.0,0.0,0.0
2024-05-27 06:00:00+00:00,0.0,1.375,0.0,0.0,0.0,0.0,0.0,0.0,0.0,0.0,0.0,0.0
2024-05-27 07:00:00+00:00,0.0,1.375,0.0,0.0,0.0,0.0,0.0,0.0,0.0,0.0,0.0,0.0
2024-05-27 08:00:00+00:00,0.0,1.375,0.0,0.0,0.0,0.0,0.0,0.0,0.0,0.0,0.0,0.0
2024-05-27 09:00:00+00:00,0.0,1.375,0.0,0.0,0.0,0.0,0.0,0.0,0.0,0.0,0.0,0.0
2024-05-27 10:00:00+00:00,0.0,1.375,0.0,0.0,0.0,0.0,0.0,0.0,0.0,0.0,0.0,0.0
2024-05-27 11:00:00+00:00,0.0,1.375,0.0,0.0,0.0,0.0,0.0,0.0,0.0,0.0,0.0,0.0
2024-05-27 12:00:00+00:00,0.0,1.375,0.0,0.0,0.0,0.0,0.0,0.0,0.0,0.0,0.0,0.0
2024-05-27 13:00:00+00:00,0.0,1.375,0.0,0.0,0.0,0.0,0.0,0.0,0.0,0.0,0.0,0.0
2024-05-27 14:00:00+00:00,0.0,1.375,0.0,0.0,0.0,0.0,0.0,0.0,0.0,0.0,0.0,0.0
2024-05-27 15:00:00+00:00,0.0,1.375,0.0,0.0,0.0,0.0,0.0,0.0,0.0,0.0,0.0,0.0
2024-05-27 16:00:00+00:00,0.0,1.375,0.0,0.0,0.0,0.0,0.0,0.0,0.0,0.0,0.0,0.0
2024-05-27 17:00:00+00:00,0.0,1.375,0.0,0.0,0.0,0.0,0.0,0.0,0.0,0.0,0.0,0.0
2024-05-27 18:00:00+00:00,0.0,1.375,0.0,0.0,0.0,0.0,0.0,0.0,0.0,0.0,0.0,0.0
2024-05-27 19:00:00+00:00,0.0,1.375,0.0,0.0,0.0,0.0,0.0,0.0,0.0,0.0,0.0,0.0
2024-05-27 20:00:00+00:00,0.0,1.375,0.0,0.0,0.0,0.0,0.0,0.0,0.0,0.0,6.0,0.25
2024-05-27 21:00:00+00:00,0.0,1.375,0.0,0.0,0.0,0.0,0.0,0.0,0.0,0.0,0.0,0.25
2024-05-27 22:00:00+00:00,0.0,1.375,0.0,0.0,0.0,0.0,0.0,0.0,0.0,0.0,0.0,0.25
2024-05-27 23:00:00+00:00,0.0,1.375,0.0,0.0,0.0,0.0,0.0,0.0,0.0,0.0,0.0,0.25
2024-05-28 00:00:00+00:00,0.0,0.875,0.0,0.0,0.0,0.0,0.0,0.0,0.0,0.0,0.0,0.25
2024-05-28 01:00:00+00:00,0.0,0.375,0.0,0.0,0.0,0.0,0.0,0.0,0.0,0.0,0.0,0.25
2024-05-28 02:00:00+00:00,0.0,0.0,0.0,0.0,0.0,0.0,0.0,0.0,0.0,0.0,0.0,0.25
2024-05-28 03:00:00+00:00,0.0,0.0,0.0,0.0,0.0,0.0,0.0,0.0,0.0,0.0,0.0,0.25
2024-05-28 04:00:00+00:00,0.0,0.0,0.0,0.0,0.0,0.0,0.0,0.0,0.0,0.0,0.0,0.25
2024-05-28 05:00:00+00:00,0.0,0.0,0.0,0.0,0.0,0.0,0.0,0.0,0.0,0.0,0.0,0.25
2024-05-28 06:00:00+00:00,0.0,0.0,0.0,0.0,0.0,0.0,0.0,0.0,0.0,0.0,0.0,0.25
2024-05-28 07:00:00+00:00,0.0,0.0,0.0,0.0,0.0,0.0,0.0,0.0,0.0,0.0,0.0,0.25
2024-05-28 08:00:00+00:00,0.0,0.0,0.0,0.0,0.0,0.0,0.0,0.0,0.0,0.0,0.0,0.25
2024-05-28 09:00:00+00:00,0.0,0.0,0.0,0.0,0.0,0.0,0.0,0.0,0.0,0.0,0.0,0.25
2024-05-28 10:00:00+00:00,0.0,0.0,0.0,0.0,0.0,0.0,0.0,0.0,0.0,0.0,0.0,0.25
2024-05-28 11:00:00+00:00,0.0,0.0,0.0,0.0,4.0,0.16666666666666666,0.0,0.0,0.0,0.0,0.0,0.25
2024-05-28 12:00:00+00:00,0.0,0.0,0.0,0.0,0.0,0.16666666666666666,0.0,0.0,0.0,0.0,0.0,0.25
2024-05-28 13:00:00+00:00,0.0,0.0,0.0,0.0,0.0,0.16666666666666666,0.0,0.0,0.0,0.0,0.0,0.25
2024-05-28 14:00:00+00:00,0.0,0.0,0.0,0.0,1.0,0.20833333333333334,0.0,0.0,0.0,0.0,0.0,0.25
2024-05-28 15:00:00+00:00,0.0,0.0,0.0,0.0,8.0,0.5416666666666666,0.0,0.0,0.0,0.0,0.0,0.25
2024-05-28 16:00:00+00:00,0.0,0.0,0.0,0.0,10.0,0.9583333333333334,0.0,0.0,0.0,0.0,0.0,0.25
2024-05-28 17:00:00+00:00,0.0,0.0,0.0,0.0,0.0,0.9583333333333334,0.0,0.0,0.0,0.0,0.0,0.25
2024-05-28 18:00:00+00:00,0.0,0.0,0.0,0.0,0.0,0.9583333333333334,0.0,0.0,0.0,0.0,0.0,0.25
2024-05-28 19:00:00+00:00,0.0,0.0,0.0,0.0,5.0,1.1666666666666667,0.0,0.0,0.0,0.0,0.0,0.25
2024-05-28 20:00:00+00:00,0.0,0.0,0.0,0.0,20.0,2.0,0.0,0.0,0.0,0.0,0.0,0.0
2024-05-28 21:00:00+00:00,0.0,0.0,0.0,0.0,0.0,2.0,0.0,0.0,0.0,0.0,0.0,0.0
2024-05-28 22:00:00+00:00,0.0,0.0,0.0,0.0,0.0,2.0,0.0,0.0,0.0,0.0,0.0,0.0
2024-05-28 23:00:00+00:00,0.0,0.0,0.0,0.0,0.0,2.0,0.0,0.0,0.0,0.0,0.0,0.0
2024-05-29 00:00:00+00:00,0.0,0.0,0.0,0.0,0.0,2.0,0.0,0.0,0.0,0.0,0.0,0.0
2024-05-29 01:00:00+00:00,0.0,0.0,0.0,0.0,0.0,2.0,0.0,0.0,0.0,0.0,0.0,0.0
2024-05-29 02:00:00+00:00,0.0,0.0,0.0,0.0,0.0,2.0,0.0,0.0,0.0,0.0,0.0,0.0
2024-05-29 03:00:00+00:00,0.0,0.0,0.0,0.0,0.0,2.0,0.0,0.0,0.0,0.0,0.0,0.0
2024-05-29 04:00:00+00:00,0.0,0.0,0.0,0.0,0.0,2.0,0.0,0.0,0.0,0.0,0.0,0.0
2024-05-29 05:00:00+00:00,0.0,0.0,0.0,0.0,0.0,2.0,0.0,0.0,0.0,0.0,0.0,0.0
2024-05-29 06:00:00+00:00,0.0,0.0,0.0,0.0,0.0,2.0,0.0,0.0,0.0,0.0,0.0,0.0
2024-05-29 07:00:00+00:00,0.0,0.0,0.0,0.0,0.0,2.0,0.0,0.0,0.0,0.0,0.0,0.0
2024-05-29 08:00:00+00:00,0.0,0.0,0.0,0.0,0.0,2.0,0.0,0.0,0.0,0.0,0.0,0.0
2024-05-29 09:00:00+00:00,0.0,0.0,0.0,0.0,0.0,2.0,0.0,0.0,0.0,0.0,0.0,0.0
2024-05-29 10:00:00+00:00,0.0,0.0,0.0,0.0,0.0,2.0,0.0,0.0,0.0,0.0,0.0,0.0
2024-05-29 11:00:00+00:00,0.0,0.0,0.0,0.0,0.0,1.8333333333333333,0.0,0.0,0.0,0.0,0.0,0.0
2024-05-29 12:00:00+00:00,0.0,0.0,0.0,0.0,0.0,1.8333333333333333,0.0,0.0,0.0,0.0,0.0,0.0
2024-05-29 13:00:00+00:00,0.0,0.0,0.0,0.0,0.0,1.8333333333333333,0.0,0.0,0.0,0.0,0.0,0.0
2024-05-29 14:00:00+00:00,0.0,0.0,0.0,0.0,0.0,1.7916666666666667,0.0,0.0,0.0,0.0,0.0,0.0
2024-05-29 15:00:00+00:00,0.0,0.0,0.0,0.0,0.0,1.4583333333333333,0.0,0.0,0.0,0.0,0.0,0.0
2024-05-29 16:00:00+00:00,0.0,0.0,0.0,0.0,0.0,1.0416666666666667,0.0,0.0,0.0,0.0,0.0,0.0
2024-05-29 17:00:00+00:00,0.0,0.0,0.0,0.0,0.0,1.0416666666666667,0.0,0.0,0.0,0.0,0.0,0.0
2024-05-29 18:00:00+00:00,0.0,0.0,0.0,0.0,0.0,1.0416666666666667,0.0,0.0,0.0,0.0,0.0,0.0
2024-05-29 19:00:00+00:00,0.0,0.0,0.0,0.0,0.0,0.8333333333333334,0.0,0.0,0.0,0.0,0.0,0.0
2024-05-29 20:00:00+00:00,0.0,0.0,0.0,0.0,0.0,0.0,0.0,0.0,0.0,0.0,0.0,0.0
2024-05-29 21:00:00+00:00,0.0,0.0,0.0,0.0,0.0,0.0,0.0,0.0,0.0,0.0,0.0,0.0
2024-05-29 22:00:00+00:00,0.0,0.0,0.0,0.0,0.0,0.0,0.0,0.0,0.0,0.0,0.0,0.0
2024-05-29 23:00:00+00:00,0.0,0.0,0.0,0.0,0.0,0.0,0.0,0.0,0.0,0.0,0.0,0.0
2024-05-30 00:00:00+00:00,0.0,0.0,0.0,0.0,0.0,0.0,0.0,0.0,0.0,0.0,0.0,0.0
2024-05-30 01:00:00+00:00,19.0,0.7916666666666666,0.0,0.0,0.0,0.0,0.0,0.0,0.0,0.0,0.0,0.0
2024-05-30 02:00:00+00:00,0.0,0.7916666666666666,0.0,0.0,0.0,0.0,0.0,0.0,0.0,0.0,0.0,0.0
2024-05-30 03:00:00+00:00,0.0,0.7916666666666666,0.0,0.0,0.0,0.0,0.0,0.0,0.0,0.0,0.0,0.0
2024-05-30 04:00:00+00:00,0.0,0.7916666666666666,0.0,0.0,0.0,0.0,0.0,0.0,0.0,0.0,0.0,0.0
2024-05-30 05:00:00+00:00,0.0,0.7916666666666666,0.0,0.0,0.0,0.0,0.0,0.0,0.0,0.0,0.0,0.0
2024-05-30 06:00:00+00:00,0.0,0.7916666666666666,0.0,0.0,0.0,0.0,0.0,0.0,0.0,0.0,0.0,0.0
2024-05-30 07:00:00+00:00,0.0,0.7916666666666666,0.0,0.0,0.0,0.0,0.0,0.0,0.0,0.0,0.0,0.0
2024-05-30 08:00:00+00:00,0.0,0.7916666666666666,0.0,0.0,0.0,0.0,0.0,0.0,0.0,0.0,0.0,0.0
2024-05-30 09:00:00+00:00,0.0,0.7916666666666666,0.0,0.0,0.0,0.0,0.0,0.0,0.0,0.0,0.0,0.0
2024-05-30 10:00:00+00:00,0.0,0.7916666666666666,0.0,0.0,0.0,0.0,0.0,0.0,0.0,0.0,0.0,0.0
2024-05-30 11:00:00+00:00,0.0,0.7916666666666666,0.0,0.0,0.0,0.0,0.0,0.0,0.0,0.0,0.0,0.0
2024-05-30 12:00:00+00:00,0.0,0.7916666666666666,0.0,0.0,0.0,0.0,0.0,0.0,0.0,0.0,0.0,0.0
2024-05-30 13:00:00+00:00,0.0,0.7916666666666666,0.0,0.0,0.0,0.0,0.0,0.0,0.0,0.0,0.0,0.0
2024-05-30 14:00:00+00:00,0.0,0.7916666666666666,0.0,0.0,0.0,0.0,0.0,0.0,0.0,0.0,0.0,0.0
2024-05-30 15:00:00+00:00,0.0,0.7916666666666666,0.0,0.0,0.0,0.0,0.0,0.0,0.0,0.0,0.0,0.0
2024-05-30 16:00:00+00:00,0.0,0.7916666666666666,0.0,0.0,0.0,0.0,0.0,0.0,0.0,0.0,0.0,0.0
2024-05-30 17:00:00+00:00,0.0,0.7916666666666666,0.0,0.0,0.0,0.0,0.0,0.0,0.0,0.0,0.0,0.0
2024-05-30 18:00:00+00:00,0.0,0.7916666666666666,0.0,0.0,0.0,0.0,0.0,0.0,0.0,0.0,0.0,0.0
2024-05-30 19:00:00+00:00,0.0,0.7916666666666666,0.0,0.0,0.0,0.0,0.0,0.0,0.0,0.0,0.0,0.0
2024-05-30 20:00:00+00:00,0.0,0.7916666666666666,0.0,0.0,0.0,0.0,0.0,0.0,0.0,0.0,0.0,0.0
2024-05-30 21:00:00+00:00,0.0,0.7916666666666666,0.0,0.0,0.0,0.0,0.0,0.0,0.0,0.0,0.0,0.0
2024-05-30 22:00:00+00:00,0.0,0.7916666666666666,0.0,0.0,0.0,0.0,0.0,0.0,0.0,0.0,3.0,0.125
2024-05-30 23:00:00+00:00,5.0,1.0,0.0,0.0,0.0,0.0,0.0,0.0,0.0,0.0,4.0,0.2916666666666667
2024-05-31 00:00:00+00:00,0.0,1.0,0.0,0.0,0.0,0.0,0.0,0.0,0.0,0.0,0.0,0.2916666666666667
2024-05-31 01:00:00+00:00,0.0,0.20833333333333334,0.0,0.0,0.0,0.0,0.0,0.0,0.0,0.0,0.0,0.2916666666666667
2024-05-31 02:00:00+00:00,38.0,1.7916666666666667,38.0,1.5833333333333333,0.0,0.0,0.0,0.0,0.0,0.0,0.0,0.2916666666666667
2024-05-31 03:00:00+00:00,0.0,1.7916666666666667,0.0,1.5833333333333333,0.0,0.0,0.0,0.0,0.0,0.0,0.0,0.2916666666666667
2024-05-31 04:00:00+00:00,0.0,1.7916666666666667,0.0,1.5833333333333333,0.0,0.0,0.0,0.0,0.0,0.0,0.0,0.2916666666666667
2024-05-31 05:00:00+00:00,0.0,1.7916666666666667,0.0,1.5833333333333333,0.0,0.0,0.0,0.0,0.0,0.0,0.0,0.2916666666666667
2024-05-31 06:00:00+00:00,0.0,1.7916666666666667,0.0,1.5833333333333333,0.0,0.0,0.0,0.0,0.0,0.0,0.0,0.2916666666666667
2024-05-31 07:00:00+00:00,0.0,1.7916666666666667,0.0,1.5833333333333333,0.0,0.0,0.0,0.0,0.0,0.0,0.0,0.2916666666666667
2024-05-31 08:00:00+00:00,0.0,1.7916666666666667,0.0,1.5833333333333333,0.0,0.0,0.0,0.0,0.0,0.0,0.0,0.2916666666666667
2024-05-31 09:00:00+00:00,3.0,1.9166666666666667,0.0,1.5833333333333333,0.0,0.0,0.0,0.0,0.0,0.0,0.0,0.2916666666666667
2024-05-31 10:00:00+00:00,0.0,1.9166666666666667,0.0,1.5833333333333333,0.0,0.0,0.0,0.0,0.0,0.0,0.0,0.2916666666666667
2024-05-31 11:00:00+00:00,27.0,3.0416666666666665,27.0,2.7083333333333335,0.0,0.0,0.0,0.0,0.0,0.0,0.0,0.2916666666666667
2024-05-31 12:00:00+00:00,0.0,3.0416666666666665,0.0,2.7083333333333335,0.0,0.0,0.0,0.0,0.0,0.0,0.0,0.2916666666666667
2024-05-31 13:00:00+00:00,4.0,3.2083333333333335,0.0,2.7083333333333335,0.0,0.0,0.0,0.0,0.0,0.0,0.0,0.2916666666666667
2024-05-31 14:00:00+00:00,4.0,3.375,0.0,2.7083333333333335,0.0,0.0,0.0,0.0,0.0,0.0,0.0,0.2916666666666667
2024-05-31 15:00:00+00:00,11.0,3.8333333333333335,11.0,3.1666666666666665,0.0,0.0,0.0,0.0,0.0,0.0,0.0,0.2916666666666667
2024-05-31 16:00:00+00:00,19.0,4.625,19.0,3.9583333333333335,0.0,0.0,0.0,0.0,0.0,0.0,0.0,0.2916666666666667
2024-05-31 17:00:00+00:00,3.0,4.75,0.0,3.9583333333333335,0.0,0.0,0.0,0.0,0.0,0.0,0.0,0.2916666666666667
2024-05-31 18:00:00+00:00,14.0,5.333333333333333,0.0,3.9583333333333335,0.0,0.0,0.0,0.0,0.0,0.0,0.0,0.2916666666666667
2024-05-31 19:00:00+00:00,11.0,5.791666666666667,0.0,3.9583333333333335,0.0,0.0,0.0,0.0,0.0,0.0,0.0,0.2916666666666667
2024-05-31 20:00:00+00:00,3.0,5.916666666666667,0.0,3.9583333333333335,0.0,0.0,0.0,0.0,0.0,0.0,0.0,0.2916666666666667
2024-05-31 21:00:00+00:00,0.0,5.916666666666667,0.0,3.9583333333333335,0.0,0.0,0.0,0.0,0.0,0.0,0.0,0.2916666666666667
2024-05-31 22:00:00+00:00,0.0,5.916666666666667,0.0,3.9583333333333335,0.0,0.0,0.0,0.0,0.0,0.0,0.0,0.16666666666666666
2024-05-31 23:00:00+00:00,0.0,5.708333333333333,0.0,3.9583333333333335,0.0,0.0,0.0,0.0,0.0,0.0,0.0,0.0
2024-06-01 00:00:00+00:00,0.0,5.708333333333333,0.0,3.9583333333333335,0.0,0.0,0.0,0.0,0.0,0.0,0.0,0.0
2024-06-01 01:00:00+00:00,0.0,5.708333333333333,0.0,3.9583333333333335,0.0,0.0,0.0,0.0,0.0,0.0,0.0,0.0
2024-06-01 02:00:00+00:00,0.0,4.125,0.0,2.375,0.0,0.0,0.0,0.0,0.0,0.0,0.0,0.0
2024-06-01 03:00:00+00:00,0.0,4.125,0.0,2.375,0.0,0.0,0.0,0.0,0.0,0.0,0.0,0.0
2024-06-01 04:00:00+00:00,0.0,4.125,0.0,2.375,0.0,0.0,0.0,0.0,0.0,0.0,0.0,0.0
2024-06-01 05:00:00+00:00,0.0,4.125,0.0,2.375,0.0,0.0,0.0,0.0,0.0,0.0,0.0,0.0
2024-06-01 06:00:00+00:00,0.0,4.125,0.0,2.375,0.0,0.0,0.0,0.0,0.0,0.0,0.0,0.0
2024-06-01 07:00:00+00:00,0.0,4.125,0.0,2.375,0.0,0.0,0.0,0.0,0.0,0.0,0.0,0.0
2024-06-01 08:00:00+00:00,0.0,4.125,0.0,2.375,0.0,0.0,0.0,0.0,0.0,0.0,0.0,0.0
2024-06-01 09:00:00+00:00,0.0,4.0,0.0,2.375,0.0,0.0,0.0,0.0,0.0,0.0,0.0,0.0
2024-06-01 10:00:00+00:00,0.0,4.0,0.0,2.375,0.0,0.0,0.0,0.0,0.0,0.0,0.0,0.0
2024-06-01 11:00:00+00:00,0.0,2.875,0.0,1.25,0.0,0.0,0.0,0.0,0.0,0.0,0.0,0.0
2024-06-01 12:00:00+00:00,0.0,2.875,0.0,1.25,0.0,0.0,0.0,0.0,0.0,0.0,0.0,0.0
2024-06-01 13:00:00+00:00,0.0,2.7083333333333335,0.0,1.25,0.0,0.0,0.0,0.0,0.0,0.0,0.0,0.0
2024-06-01 14:00:00+00:00,0.0,2.5416666666666665,0.0,1.25,0.0,0.0,0.0,0.0,0.0,0.0,0.0,0.0
2024-06-01 15:00:00+00:00,1.0,2.125,0.0,0.7916666666666666,0.0,0.0,0.0,0.0,0.0,0.0,0.0,0.0
2024-06-01 16:00:00+00:00,23.0,2.2916666666666665,0.0,0.0,0.0,0.0,0.0,0.0,0.0,0.0,0.0,0.0
2024-06-01 17:00:00+00:00,1.0,2.2083333333333335,0.0,0.0,0.0,0.0,0.0,0.0,0.0,0.0,0.0,0.0
2024-06-01 18:00:00+00:00,1.0,1.6666666666666667,0.0,0.0,0.0,0.0,0.0,0.0,0.0,0.0,0.0,0.0
2024-06-01 19:00:00+00:00,8.0,1.5416666666666667,0.0,0.0,0.0,0.0,0.0,0.0,0.0,0.0,0.0,0.0
2024-06-01 20:00:00+00:00,0.0,1.4166666666666667,0.0,0.0,0.0,0.0,0.0,0.0,0.0,0.0,0.0,0.0
2024-06-01 21:00:00+00:00,6.0,1.6666666666666667,0.0,0.0,0.0,0.0,0.0,0.0,0.0,0.0,0.0,0.0
2024-06-01 22:00:00+00:00,7.0,1.9583333333333333,0.0,0.0,0.0,0.0,0.0,0.0,0.0,0.0,0.0,0.0
2024-06-01 23:00:00+00:00,9.0,2.3333333333333335,0.0,0.0,0.0,0.0,0.0,0.0,0.0,0.0,0.0,0.0
2024-06-02 00:00:00+00:00,0.0,2.3333333333333335,0.0,0.0,0.0,0.0,0.0,0.0,0.0,0.0,0.0,0.0
2024-06-02 01:00:00+00:00,0.0,2.3333333333333335,0.0,0.0,0.0,0.0,0.0,0.0,0.0,0.0,0.0,0.0
2024-06-02 02:00:00+00:00,1.0,2.375,0.0,0.0,0.0,0.0,0.0,0.0,0.0,0.0,0.0,0.0
2024-06-02 03:00:00+00:00,0.0,2.375,0.0,0.0,0.0,0.0,0.0,0.0,0.0,0.0,0.0,0.0
2024-06-02 04:00:00+00:00,0.0,2.375,0.0,0.0,0.0,0.0,0.0,0.0,0.0,0.0,0.0,0.0
2024-06-02 05:00:00+00:00,0.0,2.375,0.0,0.0,0.0,0.0,0.0,0.0,0.0,0.0,0.0,0.0
2024-06-02 06:00:00+00:00,0.0,2.375,0.0,0.0,0.0,0.0,0.0,0.0,0.0,0.0,0.0,0.0
2024-06-02 07:00:00+00:00,0.0,2.375,0.0,0.0,0.0,0.0,0.0,0.0,0.0,0.0,0.0,0.0
2024-06-02 08:00:00+00:00,0.0,2.375,0.0,0.0,0.0,0.0,0.0,0.0,0.0,0.0,0.0,0.0
2024-06-02 09:00:00+00:00,0.0,2.375,0.0,0.0,0.0,0.0,0.0,0.0,0.0,0.0,0.0,0.0
2024-06-02 10:00:00+00:00,0.0,2.375,0.0,0.0,0.0,0.0,0.0,0.0,0.0,0.0,0.0,0.0
2024-06-02 11:00:00+00:00,0.0,2.375,0.0,0.0,0.0,0.0,0.0,0.0,0.0,0.0,0.0,0.0
2024-06-02 12:00:00+00:00,0.0,2.375,0.0,0.0,0.0,0.0,0.0,0.0,0.0,0.0,0.0,0.0
2024-06-02 13:00:00+00:00,0.0,2.375,0.0,0.0,0.0,0.0,0.0,0.0,0.0,0.0,0.0,0.0
2024-06-02 14:00:00+00:00,0.0,2.375,0.0,0.0,0.0,0.0,0.0,0.0,0.0,0.0,0.0,0.0
2024-06-02 15:00:00+00:00,0.0,2.3333333333333335,0.0,0.0,0.0,0.0,0.0,0.0,0.0,0.0,0.0,0.0
2024-06-02 16:00:00+00:00,0.0,1.375,0.0,0.0,0.0,0.0,0.0,0.0,0.0,0.0,0.0,0.0
2024-06-02 17:00:00+00:00,0.0,1.3333333333333333,0.0,0.0,0.0,0.0,0.0,0.0,0.0,0.0,0.0,0.0
2024-06-02 18:00:00+00:00,0.0,1.2916666666666667,0.0,0.0,0.0,0.0,0.0,0.0,0.0,0.0,0.0,0.0
2024-06-02 19:00:00+00:00,0.0,0.9583333333333334,0.0,0.0,0.0,0.0,0.0,0.0,0.0,0.0,0.0,0.0
2024-06-02 20:00:00+00:00,0.0,0.9583333333333334,0.0,0.0,0.0,0.0,0.0,0.0,0.0,0.0,0.0,0.0
2024-06-02 21:00:00+00:00,0.0,0.7083333333333334,0.0,0.0,0.0,0.0,0.0,0.0,0.0,0.0,0.0,0.0
2024-06-02 22:00:00+00:00,0.0,0.4166666666666667,0.0,0.0,0.0,0.0,0.0,0.0,0.0,0.0,0.0,0.0
2024-06-02 23:00:00+00:00,5.0,0.25,0.0,0.0,0.0,0.0,0.0,0.0,0.0,0.0,0.0,0.0
2024-06-03 00:00:00+00:00,0.0,0.25,0.0,0.0,0.0,0.0,0.0,0.0,0.0,0.0,0.0,0.0
2024-06-03 01:00:00+00:00,0.0,0.25,0.0,0.0,0.0,0.0,0.0,0.0,0.0,0.0,0.0,0.0
2024-06-03 02:00:00+00:00,0.0,0.20833333333333334,0.0,0.0,0.0,0.0,0.0,0.0,0.0,0.0,0.0,0.0
2024-06-03 03:00:00+00:00,0.0,0.20833333333333334,0.0,0.0,0.0,0.0,0.0,0.0,0.0,0.0,0.0,0.0
2024-06-03 04:00:00+00:00,0.0,0.20833333333333334,0.0,0.0,0.0,0.0,0.0,0.0,0.0,0.0,0.0,0.0
2024-06-03 05:00:00+00:00,0.0,0.20833333333333334,0.0,0.0,0.0,0.0,0.0,0.0,0.0,0.0,0.0,0.0
2024-06-03 06:00:00+00:00,0.0,0.20833333333333334,0.0,0.0,0.0,0.0,0.0,0.0,0.0,0.0,0.0,0.0
2024-06-03 07:00:00+00:00,0.0,0.20833333333333334,0.0,0.0,0.0,0.0,0.0,0.0,0.0,0.0,0.0,0.0
2024-06-03 08:00:00+00:00,0.0,0.20833333333333334,0.0,0.0,0.0,0.0,0.0,0.0,0.0,0.0,0.0,0.0
2024-06-03 09:00:00+00:00,0.0,0.20833333333333334,0.0,0.0,0.0,0.0,0.0,0.0,0.0,0.0,0.0,0.0
2024-06-03 10:00:00+00:00,0.0,0.20833333333333334,0.0,0.0,0.0,0.0,0.0,0.0,0.0,0.0,0.0,0.0
2024-06-03 11:00:00+00:00,0.0,0.20833333333333334,0.0,0.0,0.0,0.0,0.0,0.0,0.0,0.0,0.0,0.0
2024-06-03 12:00:00+00:00,0.0,0.20833333333333334,0.0,0.0,0.0,0.0,0.0,0.0,0.0,0.0,0.0,0.0
2024-06-03 13:00:00+00:00,0.0,0.20833333333333334,0.0,0.0,0.0,0.0,0.0,0.0,0.0,0.0,0.0,0.0
2024-06-03 14:00:00+00:00,0.0,0.20833333333333334,0.0,0.0,0.0,0.0,0.0,0.0,0.0,0.0,0.0,0.0
2024-06-03 15:00:00+00:00,0.0,0.20833333333333334,0.0,0.0,0.0,0.0,0.0,0.0,0.0,0.0,0.0,0.0
2024-06-03 16:00:00+00:00,0.0,0.20833333333333334,0.0,0.0,0.0,0.0,0.0,0.0,0.0,0.0,0.0,0.0
2024-06-03 17:00:00+00:00,0.0,0.20833333333333334,0.0,0.0,0.0,0.0,0.0,0.0,0.0,0.0,0.0,0.0
2024-06-03 18:00:00+00:00,0.0,0.20833333333333334,0.0,0.0,0.0,0.0,0.0,0.0,0.0,0.0,0.0,0.0
2024-06-03 19:00:00+00:00,0.0,0.20833333333333334,0.0,0.0,0.0,0.0,0.0,0.0,0.0,0.0,0.0,0.0
2024-06-03 20:00:00+00:00,0.0,0.20833333333333334,0.0,0.0,0.0,0.0,0.0,0.0,0.0,0.0,0.0,0.0
2024-06-03 21:00:00+00:00,0.0,0.20833333333333334,0.0,0.0,0.0,0.0,0.0,0.0,0.0,0.0,0.0,0.0
2024-06-03 22:00:00+00:00,0.0,0.20833333333333334,0.0,0.0,0.0,0.0,0.0,0.0,0.0,0.0,0.0,0.0
2024-06-03 23:00:00+00:00,0.0,0.0,0.0,0.0,0.0,0.0,0.0,0.0,0.0,0.0,0.0,0.0
2024-06-04 00:00:00+00:00,0.0,0.0,0.0,0.0,0.0,0.0,0.0,0.0,0.0,0.0,0.0,0.0
2024-06-04 01:00:00+00:00,0.0,0.0,0.0,0.0,0.0,0.0,0.0,0.0,0.0,0.0,0.0,0.0
2024-06-04 02:00:00+00:00,0.0,0.0,0.0,0.0,0.0,0.0,0.0,0.0,0.0,0.0,0.0,0.0
2024-06-04 03:00:00+00:00,0.0,0.0,0.0,0.0,0.0,0.0,0.0,0.0,0.0,0.0,0.0,0.0
2024-06-04 04:00:00+00:00,0.0,0.0,0.0,0.0,0.0,0.0,0.0,0.0,0.0,0.0,0.0,0.0
2024-06-04 05:00:00+00:00,0.0,0.0,0.0,0.0,0.0,0.0,0.0,0.0,0.0,0.0,0.0,0.0
2024-06-04 06:00:00+00:00,0.0,0.0,0.0,0.0,0.0,0.0,0.0,0.0,0.0,0.0,0.0,0.0
2024-06-04 07:00:00+00:00,0.0,0.0,0.0,0.0,0.0,0.0,0.0,0.0,0.0,0.0,0.0,0.0
2024-06-04 08:00:00+00:00,0.0,0.0,0.0,0.0,0.0,0.0,0.0,0.0,0.0,0.0,0.0,0.0
2024-06-04 09:00:00+00:00,0.0,0.0,0.0,0.0,0.0,0.0,0.0,0.0,0.0,0.0,0.0,0.0
2024-06-04 10:00:00+00:00,0.0,0.0,0.0,0.0,0.0,0.0,0.0,0.0,0.0,0.0,0.0,0.0
2024-06-04 11:00:00+00:00,0.0,0.0,0.0,0.0,0.0,0.0,0.0,0.0,0.0,0.0,0.0,0.0
2024-06-04 12:00:00+00:00,0.0,0.0,0.0,0.0,0.0,0.0,0.0,0.0,0.0,0.0,0.0,0.0
2024-06-04 13:00:00+00:00,0.0,0.0,0.0,0.0,0.0,0.0,0.0,0.0,0.0,0.0,0.0,0.0
2024-06-04 14:00:00+00:00,0.0,0.0,0.0,0.0,0.0,0.0,0.0,0.0,0.0,0.0,0.0,0.0
2024-06-04 15:00:00+00:00,0.0,0.0,0.0,0.0,0.0,0.0,0.0,0.0,0.0,0.0,0.0,0.0
2024-06-04 16:00:00+00:00,0.0,0.0,0.0,0.0,0.0,0.0,0.0,0.0,0.0,0.0,0.0,0.0
2024-06-04 17:00:00+00:00,0.0,0.0,0.0,0.0,0.0,0.0,0.0,0.0,0.0,0.0,0.0,0.0
2024-06-04 18:00:00+00:00,0.0,0.0,0.0,0.0,0.0,0.0,0.0,0.0,0.0,0.0,0.0,0.0
2024-06-04 19:00:00+00:00,0.0,0.0,0.0,0.0,0.0,0.0,0.0,0.0,0.0,0.0,0.0,0.0
2024-06-04 20:00:00+00:00,0.0,0.0,0.0,0.0,0.0,0.0,0.0,0.0,0.0,0.0,0.0,0.0
2024-06-04 21:00:00+00:00,0.0,0.0,0.0,0.0,0.0,0.0,0.0,0.0,0.0,0.0,0.0,0.0
2024-06-04 22:00:00+00:00,0.0,0.0,0.0,0.0,0.0,0.0,0.0,0.0,0.0,0.0,0.0,0.0
2024-06-04 23:00:00+00:00,0.0,0.0,0.0,0.0,0.0,0.0,0.0,0.0,0.0,0.0,0.0,0.0
2024-06-05 00:00:00+00:00,0.0,0.0,0.0,0.0,0.0,0.0,0.0,0.0,0.0,0.0,0.0,0.0
2024-06-05 01:00:00+00:00,0.0,0.0,0.0,0.0,0.0,0.0,0.0,0.0,0.0,0.0,0.0,0.0
2024-06-05 02:00:00+00:00,0.0,0.0,0.0,0.0,0.0,0.0,0.0,0.0,0.0,0.0,0.0,0.0
2024-06-05 03:00:00+00:00,0.0,0.0,0.0,0.0,0.0,0.0,0.0,0.0,0.0,0.0,0.0,0.0
2024-06-05 04:00:00+00:00,0.0,0.0,0.0,0.0,0.0,0.0,0.0,0.0,0.0,0.0,0.0,0.0
2024-06-05 05:00:00+00:00,0.0,0.0,0.0,0.0,0.0,0.0,0.0,0.0,0.0,0.0,0.0,0.0
2024-06-05 06:00:00+00:00,0.0,0.0,0.0,0.0,0.0,0.0,0.0,0.0,0.0,0.0,0.0,0.0
2024-06-05 07:00:00+00:00,0.0,0.0,0.0,0.0,0.0,0.0,0.0,0.0,0.0,0.0,0.0,0.0
2024-06-05 08:00:00+00:00,0.0,0.0,0.0,0.0,0.0,0.0,0.0,0.0,0.0,0.0,0.0,0.0
2024-06-05 09:00:00+00:00,0.0,0.0,0.0,0.0,0.0,0.0,0.0,0.0,0.0,0.0,0.0,0.0
2024-06-05 10:00:00+00:00,0.0,0.0,0.0,0.0,0.0,0.0,0.0,0.0,0.0,0.0,0.0,0.0
2024-06-05 11:00:00+00:00,0.0,0.0,0.0,0.0,0.0,0.0,0.0,0.0,0.0,0.0,0.0,0.0
2024-06-05 12:00:00+00:00,0.0,0.0,0.0,0.0,0.0,0.0,0.0,0.0,0.0,0.0,0.0,0.0
2024-06-05 13:00:00+00:00,0.0,0.0,0.0,0.0,0.0,0.0,0.0,0.0,0.0,0.0,0.0,0.0
2024-06-05 14:00:00+00:00,0.0,0.0,0.0,0.0,0.0,0.0,0.0,0.0,0.0,0.0,0.0,0.0
2024-06-05 15:00:00+00:00,0.0,0.0,0.0,0.0,0.0,0.0,0.0,0.0,0.0,0.0,0.0,0.0
2024-06-05 16:00:00+00:00,0.0,0.0,0.0,0.0,0.0,0.0,0.0,0.0,0.0,0.0,0.0,0.0
2024-06-05 17:00:00+00:00,0.0,0.0,0.0,0.0,0.0,0.0,0.0,0.0,0.0,0.0,0.0,0.0
2024-06-05 18:00:00+00:00,0.0,0.0,0.0,0.0,0.0,0.0,0.0,0.0,0.0,0.0,0.0,0.0
2024-06-05 19:00:00+00:00,0.0,0.0,0.0,0.0,0.0,0.0,0.0,0.0,0.0,0.0,0.0,0.0
2024-06-05 20:00:00+00:00,0.0,0.0,0.0,0.0,0.0,0.0,0.0,0.0,0.0,0.0,0.0,0.0
2024-06-05 21:00:00+00:00,0.0,0.0,0.0,0.0,0.0,0.0,0.0,0.0,0.0,0.0,0.0,0.0
2024-06-05 22:00:00+00:00,0.0,0.0,0.0,0.0,0.0,0.0,0.0,0.0,0.0,0.0,0.0,0.0
2024-06-05 23:00:00+00:00,0.0,0.0,0.0,0.0,0.0,0.0,0.0,0.0,0.0,0.0,0.0,0.0
2024-06-06 00:00:00+00:00,0.0,0.0,0.0,0.0,0.0,0.0,0.0,0.0,0.0,0.0,0.0,0.0
2024-06-06 01:00:00+00:00,0.0,0.0,0.0,0.0,0.0,0.0,0.0,0.0,0.0,0.0,0.0,0.0
2024-06-06 02:00:00+00:00,0.0,0.0,0.0,0.0,0.0,0.0,0.0,0.0,0.0,0.0,0.0,0.0
2024-06-06 03:00:00+00:00,0.0,0.0,0.0,0.0,0.0,0.0,0.0,0.0,0.0,0.0,0.0,0.0
2024-06-06 04:00:00+00:00,0.0,0.0,0.0,0.0,0.0,0.0,0.0,0.0,0.0,0.0,0.0,0.0
2024-06-06 05:00:00+00:00,0.0,0.0,0.0,0.0,0.0,0.0,0.0,0.0,0.0,0.0,0.0,0.0
2024-06-06 06:00:00+00:00,0.0,0.0,0.0,0.0,0.0,0.0,0.0,0.0,0.0,0.0,0.0,0.0
2024-06-06 07:00:00+00:00,0.0,0.0,0.0,0.0,0.0,0.0,0.0,0.0,0.0,0.0,0.0,0.0
2024-06-06 08:00:00+00:00,0.0,0.0,0.0,0.0,0.0,0.0,0.0,0.0,0.0,0.0,0.0,0.0
2024-06-06 09:00:00+00:00,0.0,0.0,0.0,0.0,0.0,0.0,0.0,0.0,0.0,0.0,0.0,0.0
2024-06-06 10:00:00+00:00,0.0,0.0,0.0,0.0,0.0,0.0,0.0,0.0,0.0,0.0,0.0,0.0
2024-06-06 11:00:00+00:00,0.0,0.0,0.0,0.0,0.0,0.0,0.0,0.0,0.0,0.0,0.0,0.0
2024-06-06 12:00:00+00:00,0.0,0.0,0.0,0.0,0.0,0.0,0.0,0.0,0.0,0.0,0.0,0.0
2024-06-06 13:00:00+00:00,0.0,0.0,10.0,0.4166666666666667,0.0,0.0,0.0,0.0,0.0,0.0,0.0,0.0
2024-06-06 14:00:00+00:00,0.0,0.0,21.0,1.2916666666666667,0.0,0.0,0.0,0.0,0.0,0.0,0.0,0.0
2024-06-06 15:00:00+00:00,0.0,0.0,18.0,2.0416666666666665,0.0,0.0,0.0,0.0,0.0,0.0,0.0,0.0
2024-06-06 16:00:00+00:00,0.0,0.0,11.0,2.5,0.0,0.0,0.0,0.0,0.0,0.0,0.0,0.0
2024-06-06 17:00:00+00:00,0.0,0.0,0.0,2.5,0.0,0.0,0.0,0.0,0.0,0.0,0.0,0.0
2024-06-06 18:00:00+00:00,0.0,0.0,0.0,2.5,0.0,0.0,0.0,0.0,0.0,0.0,0.0,0.0
2024-06-06 19:00:00+00:00,0.0,0.0,5.0,2.7083333333333335,0.0,0.0,0.0,0.0,0.0,0.0,0.0,0.0
2024-06-06 20:00:00+00:00,0.0,0.0,35.0,4.166666666666667,0.0,0.0,0.0,0.0,0.0,0.0,0.0,0.0
2024-06-06 21:00:00+00:00,0.0,0.0,20.0,5.0,0.0,0.0,0.0,0.0,0.0,0.0,0.0,0.0
2024-06-06 22:00:00+00:00,0.0,0.0,0.0,5.0,0.0,0.0,0.0,0.0,0.0,0.0,0.0,0.0
2024-06-06 23:00:00+00:00,0.0,0.0,2.0,5.083333333333333,0.0,0.0,0.0,0.0,0.0,0.0,0.0,0.0
2024-06-07 00:00:00+00:00,31.0,1.2916666666666667,31.0,6.375,0.0,0.0,0.0,0.0,0.0,0.0,0.0,0.0
2024-06-07 01:00:00+00:00,0.0,1.2916666666666667,0.0,6.375,0.0,0.0,0.0,0.0,0.0,0.0,0.0,0.0
2024-06-07 02:00:00+00:00,18.0,2.0416666666666665,0.0,6.375,0.0,0.0,0.0,0.0,0.0,0.0,0.0,0.0
2024-06-07 03:00:00+00:00,2.0,2.125,0.0,6.375,0.0,0.0,0.0,0.0,0.0,0.0,0.0,0.0
2024-06-07 04:00:00+00:00,0.0,2.125,0.0,6.375,0.0,0.0,0.0,0.0,0.0,0.0,0.0,0.0
2024-06-07 05:00:00+00:00,0.0,2.125,0.0,6.375,0.0,0.0,0.0,0.0,0.0,0.0,0.0,0.0
2024-06-07 06:00:00+00:00,0.0,2.125,0.0,6.375,0.0,0.0,0.0,0.0,0.0,0.0,0.0,0.0
2024-06-07 07:00:00+00:00,0.0,2.125,0.0,6.375,0.0,0.0,0.0,0.0,0.0,0.0,0.0,0.0
2024-06-07 08:00:00+00:00,0.0,2.125,0.0,6.375,0.0,0.0,0.0,0.0,0.0,0.0,0.0,0.0
2024-06-07 09:00:00+00:00,8.0,2.4583333333333335,0.0,6.375,0.0,0.0,0.0,0.0,0.0,0.0,0.0,0.0
2024-06-07 10:00:00+00:00,0.0,2.4583333333333335,0.0,6.375,0.0,0.0,0.0,0.0,0.0,0.0,0.0,0.0
2024-06-07 11:00:00+00:00,3.0,2.5833333333333335,0.0,6.375,0.0,0.0,0.0,0.0,0.0,0.0,0.0,0.0
2024-06-07 12:00:00+00:00,21.0,3.4583333333333335,0.0,6.375,0.0,0.0,0.0,0.0,0.0,0.0,0.0,0.0
2024-06-07 13:00:00+00:00,14.0,4.041666666666667,0.0,5.958333333333333,0.0,0.0,0.0,0.0,0.0,0.0,0.0,0.0
2024-06-07 14:00:00+00:00,13.0,4.583333333333333,0.0,5.083333333333333,0.0,0.0,0.0,0.0,0.0,0.0,0.0,0.0
2024-06-07 15:00:00+00:00,18.0,5.333333333333333,0.0,4.333333333333333,0.0,0.0,0.0,0.0,0.0,0.0,0.0,0.0
2024-06-07 16:00:00+00:00,18.0,6.083333333333333,0.0,3.875,0.0,0.0,0.0,0.0,0.0,0.0,0.0,0.0
2024-06-07 17:00:00+00:00,3.0,6.208333333333333,0.0,3.875,0.0,0.0,0.0,0.0,0.0,0.0,0.0,0.0
2024-06-07 18:00:00+00:00,0.0,6.208333333333333,0.0,3.875,0.0,0.0,0.0,0.0,0.0,0.0,0.0,0.0
2024-06-07 19:00:00+00:00,0.0,6.208333333333333,0.0,3.6666666666666665,0.0,0.0,0.0,0.0,0.0,0.0,0.0,0.0
2024-06-07 20:00:00+00:00,0.0,6.208333333333333,0.0,2.2083333333333335,0.0,0.0,0.0,0.0,0.0,0.0,0.0,0.0
2024-06-07 21:00:00+00:00,3.0,6.333333333333333,0.0,1.375,0.0,0.0,0.0,0.0,0.0,0.0,0.0,0.0
2024-06-07 22:00:00+00:00,13.0,6.875,0.0,1.375,0.0,0.0,0.0,0.0,0.0,0.0,0.0,0.0
2024-06-07 23:00:00+00:00,0.0,6.875,0.0,1.2916666666666667,0.0,0.0,0.0,0.0,0.0,0.0,0.0,0.0
2024-06-08 00:00:00+00:00,1.0,5.625,0.0,0.0,0.0,0.0,0.0,0.0,0.0,0.0,0.0,0.0
2024-06-08 01:00:00+00:00,15.0,6.25,0.0,0.0,0.0,0.0,0.0,0.0,0.0,0.0,0.0,0.0
2024-06-08 02:00:00+00:00,0.0,5.5,0.0,0.0,0.0,0.0,0.0,0.0,0.0,0.0,0.0,0.0
2024-06-08 03:00:00+00:00,0.0,5.416666666666667,0.0,0.0,0.0,0.0,0.0,0.0,0.0,0.0,0.0,0.0
2024-06-08 04:00:00+00:00,0.0,5.416666666666667,0.0,0.0,0.0,0.0,0.0,0.0,0.0,0.0,0.0,0.0
2024-06-08 05:00:00+00:00,0.0,5.416666666666667,0.0,0.0,0.0,0.0,0.0,0.0,0.0,0.0,0.0,0.0
2024-06-08 06:00:00+00:00,0.0,5.416666666666667,0.0,0.0,0.0,0.0,0.0,0.0,0.0,0.0,0.0,0.0
2024-06-08 07:00:00+00:00,0.0,5.416666666666667,0.0,0.0,0.0,0.0,0.0,0.0,0.0,0.0,0.0,0.0
2024-06-08 08:00:00+00:00,0.0,5.416666666666667,0.0,0.0,0.0,0.0,0.0,0.0,0.0,0.0,0.0,0.0
2024-06-08 09:00:00+00:00,3.0,5.208333333333333,0.0,0.0,0.0,0.0,0.0,0.0,0.0,0.0,0.0,0.0
2024-06-08 10:00:00+00:00,0.0,5.208333333333333,0.0,0.0,0.0,0.0,0.0,0.0,0.0,0.0,0.0,0.0
2024-06-08 11:00:00+00:00,0.0,5.083333333333333,0.0,0.0,0.0,0.0,0.0,0.0,0.0,0.0,0.0,0.0
2024-06-08 12:00:00+00:00,0.0,4.208333333333333,0.0,0.0,0.0,0.0,0.0,0.0,0.0,0.0,0.0,0.0
2024-06-08 13:00:00+00:00,16.0,4.291666666666667,16.0,0.6666666666666666,0.0,0.0,0.0,0.0,0.0,0.0,0.0,0.0
2024-06-08 14:00:00+00:00,14.0,4.333333333333333,14.0,1.25,0.0,0.0,0.0,0.0,0.0,0.0,0.0,0.0
2024-06-08 15:00:00+00:00,0.0,3.5833333333333335,0.0,1.25,0.0,0.0,0.0,0.0,0.0,0.0,0.0,0.0
2024-06-08 16:00:00+00:00,0.0,2.8333333333333335,0.0,1.25,0.0,0.0,0.0,0.0,0.0,0.0,0.0,0.0
2024-06-08 17:00:00+00:00,0.0,2.7083333333333335,0.0,1.25,0.0,0.0,0.0,0.0,0.0,0.0,0.0,0.0
2024-06-08 18:00:00+00:00,0.0,2.7083333333333335,0.0,1.25,0.0,0.0,0.0,0.0,0.0,0.0,0.0,0.0
2024-06-08 19:00:00+00:00,0.0,2.7083333333333335,0.0,1.25,0.0,0.0,0.0,0.0,0.0,0.0,0.0,0.0
2024-06-08 20:00:00+00:00,0.0,2.7083333333333335,0.0,1.25,0.0,0.0,0.0,0.0,0.0,0.0,0.0,0.0
2024-06-08 21:00:00+00:00,0.0,2.5833333333333335,0.0,1.25,0.0,0.0,0.0,0.0,0.0,0.0,0.0,0.0
2024-06-08 22:00:00+00:00,0.0,2.0416666666666665,0.0,1.25,0.0,0.0,0.0,0.0,0.0,0.0,0.0,0.0
2024-06-08 23:00:00+00:00,2.0,2.125,0.0,1.25,0.0,0.0,0.0,0.0,0.0,0.0,0.0,0.0
2024-06-09 00:00:00+00:00,0.0,2.0833333333333335,0.0,1.25,0.0,0.0,0.0,0.0,0.0,0.0,0.0,0.0
2024-06-09 01:00:00+00:00,0.0,1.4583333333333333,0.0,1.25,0.0,0.0,0.0,0.0,0.0,0.0,0.0,0.0
2024-06-09 02:00:00+00:00,0.0,1.4583333333333333,0.0,1.25,0.0,0.0,0.0,0.0,0.0,0.0,0.0,0.0
2024-06-09 03:00:00+00:00,0.0,1.4583333333333333,0.0,1.25,0.0,0.0,0.0,0.0,0.0,0.0,0.0,0.0
2024-06-09 04:00:00+00:00,0.0,1.4583333333333333,0.0,1.25,0.0,0.0,0.0,0.0,0.0,0.0,0.0,0.0
2024-06-09 05:00:00+00:00,0.0,1.4583333333333333,0.0,1.25,0.0,0.0,0.0,0.0,0.0,0.0,0.0,0.0
2024-06-09 06:00:00+00:00,0.0,1.4583333333333333,0.0,1.25,0.0,0.0,0.0,0.0,0.0,0.0,0.0,0.0
2024-06-09 07:00:00+00:00,0.0,1.4583333333333333,0.0,1.25,0.0,0.0,0.0,0.0,0.0,0.0,0.0,0.0
2024-06-09 08:00:00+00:00,0.0,1.4583333333333333,0.0,1.25,0.0,0.0,0.0,0.0,0.0,0.0,0.0,0.0
2024-06-09 09:00:00+00:00,0.0,1.3333333333333333,0.0,1.25,0.0,0.0,0.0,0.0,0.0,0.0,0.0,0.0
2024-06-09 10:00:00+00:00,0.0,1.3333333333333333,0.0,1.25,0.0,0.0,0.0,0.0,0.0,0.0,0.0,0.0
2024-06-09 11:00:00+00:00,0.0,1.3333333333333333,0.0,1.25,0.0,0.0,0.0,0.0,0.0,0.0,0.0,0.0
2024-06-09 12:00:00+00:00,0.0,1.3333333333333333,0.0,1.25,0.0,0.0,0.0,0.0,0.0,0.0,0.0,0.0
2024-06-09 13:00:00+00:00,0.0,0.6666666666666666,0.0,0.5833333333333334,0.0,0.0,0.0,0.0,0.0,0.0,0.0,0.0
2024-06-09 14:00:00+00:00,0.0,0.08333333333333333,0.0,0.0,0.0,0.0,0.0,0.0,0.0,0.0,0.0,0.0
2024-06-09 15:00:00+00:00,0.0,0.08333333333333333,0.0,0.0,0.0,0.0,0.0,0.0,0.0,0.0,0.0,0.0
2024-06-09 16:00:00+00:00,0.0,0.08333333333333333,0.0,0.0,0.0,0.0,0.0,0.0,0.0,0.0,0.0,0.0
2024-06-09 17:00:00+00:00,0.0,0.08333333333333333,0.0,0.0,0.0,0.0,0.0,0.0,0.0,0.0,0.0,0.0
2024-06-09 18:00:00+00:00,0.0,0.08333333333333333,0.0,0.0,0.0,0.0,0.0,0.0,0.0,0.0,0.0,0.0
2024-06-09 19:00:00+00:00,0.0,0.08333333333333333,0.0,0.0,0.0,0.0,0.0,0.0,0.0,0.0,0.0,0.0
2024-06-09 20:00:00+00:00,0.0,0.08333333333333333,0.0,0.0,0.0,0.0,0.0,0.0,0.0,0.0,0.0,0.0
2024-06-09 21:00:00+00:00,0.0,0.08333333333333333,0.0,0.0,0.0,0.0,0.0,0.0,0.0,0.0,0.0,0.0
2024-06-09 22:00:00+00:00,0.0,0.08333333333333333,0.0,0.0,0.0,0.0,0.0,0.0,0.0,0.0,0.0,0.0
2024-06-09 23:00:00+00:00,0.0,0.0,0.0,0.0,0.0,0.0,0.0,0.0,0.0,0.0,0.0,0.0
2024-06-10 00:00:00+00:00,5.0,0.20833333333333334,0.0,0.0,5.0,0.20833333333333334,0.0,0.0,0.0,0.0,0.0,0.0
2024-06-10 01:00:00+00:00,0.0,0.20833333333333334,0.0,0.0,0.0,0.20833333333333334,0.0,0.0,0.0,0.0,0.0,0.0
2024-06-10 02:00:00+00:00,0.0,0.20833333333333334,0.0,0.0,0.0,0.20833333333333334,0.0,0.0,0.0,0.0,0.0,0.0
2024-06-10 03:00:00+00:00,0.0,0.20833333333333334,0.0,0.0,0.0,0.20833333333333334,0.0,0.0,0.0,0.0,0.0,0.0
2024-06-10 04:00:00+00:00,0.0,0.20833333333333334,0.0,0.0,0.0,0.20833333333333334,0.0,0.0,0.0,0.0,0.0,0.0
2024-06-10 05:00:00+00:00,0.0,0.20833333333333334,0.0,0.0,0.0,0.20833333333333334,0.0,0.0,0.0,0.0,0.0,0.0
2024-06-10 06:00:00+00:00,0.0,0.20833333333333334,0.0,0.0,0.0,0.20833333333333334,0.0,0.0,0.0,0.0,0.0,0.0
2024-06-10 07:00:00+00:00,0.0,0.20833333333333334,0.0,0.0,0.0,0.20833333333333334,0.0,0.0,0.0,0.0,0.0,0.0
2024-06-10 08:00:00+00:00,0.0,0.20833333333333334,0.0,0.0,0.0,0.20833333333333334,0.0,0.0,0.0,0.0,0.0,0.0
2024-06-10 09:00:00+00:00,0.0,0.20833333333333334,0.0,0.0,0.0,0.20833333333333334,0.0,0.0,0.0,0.0,0.0,0.0
2024-06-10 10:00:00+00:00,0.0,0.20833333333333334,0.0,0.0,0.0,0.20833333333333334,0.0,0.0,0.0,0.0,0.0,0.0
2024-06-10 11:00:00+00:00,0.0,0.20833333333333334,0.0,0.0,8.0,0.5416666666666666,0.0,0.0,0.0,0.0,0.0,0.0
2024-06-10 12:00:00+00:00,0.0,0.20833333333333334,0.0,0.0,0.0,0.5416666666666666,0.0,0.0,0.0,0.0,0.0,0.0
2024-06-10 13:00:00+00:00,0.0,0.20833333333333334,0.0,0.0,0.0,0.5416666666666666,0.0,0.0,0.0,0.0,0.0,0.0
2024-06-10 14:00:00+00:00,0.0,0.20833333333333334,0.0,0.0,0.0,0.5416666666666666,0.0,0.0,0.0,0.0,0.0,0.0
2024-06-10 15:00:00+00:00,0.0,0.20833333333333334,0.0,0.0,0.0,0.5416666666666666,0.0,0.0,0.0,0.0,0.0,0.0
2024-06-10 16:00:00+00:00,0.0,0.20833333333333334,0.0,0.0,4.0,0.7083333333333334,0.0,0.0,0.0,0.0,0.0,0.0
2024-06-10 17:00:00+00:00,0.0,0.20833333333333334,0.0,0.0,0.0,0.7083333333333334,0.0,0.0,0.0,0.0,0.0,0.0
2024-06-10 18:00:00+00:00,0.0,0.20833333333333334,0.0,0.0,5.0,0.9166666666666666,0.0,0.0,0.0,0.0,0.0,0.0
2024-06-10 19:00:00+00:00,0.0,0.20833333333333334,0.0,0.0,8.0,1.25,0.0,0.0,0.0,0.0,0.0,0.0
2024-06-10 20:00:00+00:00,0.0,0.20833333333333334,0.0,0.0,0.0,1.25,0.0,0.0,0.0,0.0,0.0,0.0
2024-06-10 21:00:00+00:00,0.0,0.20833333333333334,14.0,0.5833333333333334,14.0,1.8333333333333333,0.0,0.0,0.0,0.0,0.0,0.0
2024-06-10 22:00:00+00:00,0.0,0.20833333333333334,19.0,1.375,23.0,2.7916666666666665,0.0,0.0,0.0,0.0,0.0,0.0
2024-06-10 23:00:00+00:00,0.0,0.20833333333333334,0.0,1.375,0.0,2.7916666666666665,0.0,0.0,0.0,0.0,0.0,0.0
2024-06-11 00:00:00+00:00,0.0,0.0,0.0,1.375,0.0,2.5833333333333335,0.0,0.0,0.0,0.0,0.0,0.0
2024-06-11 01:00:00+00:00,0.0,0.0,0.0,1.375,0.0,2.5833333333333335,0.0,0.0,0.0,0.0,0.0,0.0
2024-06-11 02:00:00+00:00,0.0,0.0,0.0,1.375,0.0,2.5833333333333335,0.0,0.0,0.0,0.0,0.0,0.0
2024-06-11 03:00:00+00:00,0.0,0.0,0.0,1.375,0.0,2.5833333333333335,0.0,0.0,0.0,0.0,0.0,0.0
2024-06-11 04:00:00+00:00,0.0,0.0,0.0,1.375,0.0,2.5833333333333335,0.0,0.0,0.0,0.0,0.0,0.0
2024-06-11 05:00:00+00:00,0.0,0.0,0.0,1.375,0.0,2.5833333333333335,0.0,0.0,0.0,0.0,0.0,0.0
2024-06-11 06:00:00+00:00,0.0,0.0,0.0,1.375,0.0,2.5833333333333335,0.0,0.0,0.0,0.0,0.0,0.0
2024-06-11 07:00:00+00:00,0.0,0.0,0.0,1.375,0.0,2.5833333333333335,0.0,0.0,0.0,0.0,0.0,0.0
2024-06-11 08:00:00+00:00,0.0,0.0,0.0,1.375,0.0,2.5833333333333335,0.0,0.0,0.0,0.0,0.0,0.0
2024-06-11 09:00:00+00:00,0.0,0.0,0.0,1.375,0.0,2.5833333333333335,0.0,0.0,0.0,0.0,0.0,0.0
2024-06-11 10:00:00+00:00,0.0,0.0,0.0,1.375,0.0,2.5833333333333335,0.0,0.0,0.0,0.0,0.0,0.0
2024-06-11 11:00:00+00:00,0.0,0.0,11.0,1.8333333333333333,0.0,2.25,0.0,0.0,0.0,0.0,0.0,0.0
2024-06-11 12:00:00+00:00,0.0,0.0,18.0,2.5833333333333335,0.0,2.25,0.0,0.0,0.0,0.0,0.0,0.0
2024-06-11 13:00:00+00:00,0.0,0.0,0.0,2.5833333333333335,0.0,2.25,0.0,0.0,0.0,0.0,0.0,0.0
2024-06-11 14:00:00+00:00,0.0,0.0,0.0,2.5833333333333335,0.0,2.25,0.0,0.0,0.0,0.0,0.0,0.0
2024-06-11 15:00:00+00:00,0.0,0.0,0.0,2.5833333333333335,0.0,2.25,0.0,0.0,0.0,0.0,0.0,0.0
2024-06-11 16:00:00+00:00,0.0,0.0,0.0,2.5833333333333335,0.0,2.0833333333333335,0.0,0.0,0.0,0.0,0.0,0.0
2024-06-11 17:00:00+00:00,0.0,0.0,0.0,2.5833333333333335,0.0,2.0833333333333335,0.0,0.0,0.0,0.0,0.0,0.0
2024-06-11 18:00:00+00:00,0.0,0.0,0.0,2.5833333333333335,0.0,1.875,0.0,0.0,0.0,0.0,0.0,0.0
2024-06-11 19:00:00+00:00,0.0,0.0,0.0,2.5833333333333335,0.0,1.5416666666666667,0.0,0.0,0.0,0.0,0.0,0.0
2024-06-11 20:00:00+00:00,0.0,0.0,0.0,2.5833333333333335,0.0,1.5416666666666667,0.0,0.0,0.0,0.0,0.0,0.0
2024-06-11 21:00:00+00:00,0.0,0.0,0.0,2.0,0.0,0.9583333333333334,0.0,0.0,0.0,0.0,0.0,0.0
2024-06-11 22:00:00+00:00,0.0,0.0,0.0,1.2083333333333333,0.0,0.0,0.0,0.0,0.0,0.0,0.0,0.0
2024-06-11 23:00:00+00:00,0.0,0.0,0.0,1.2083333333333333,0.0,0.0,0.0,0.0,0.0,0.0,0.0,0.0
2024-06-12 00:00:00+00:00,0.0,0.0,0.0,1.2083333333333333,0.0,0.0,0.0,0.0,0.0,0.0,0.0,0.0
2024-06-12 01:00:00+00:00,0.0,0.0,0.0,1.2083333333333333,0.0,0.0,0.0,0.0,0.0,0.0,0.0,0.0
2024-06-12 02:00:00+00:00,0.0,0.0,0.0,1.2083333333333333,0.0,0.0,0.0,0.0,0.0,0.0,0.0,0.0
2024-06-12 03:00:00+00:00,0.0,0.0,0.0,1.2083333333333333,0.0,0.0,0.0,0.0,0.0,0.0,0.0,0.0
2024-06-12 04:00:00+00:00,0.0,0.0,0.0,1.2083333333333333,0.0,0.0,0.0,0.0,0.0,0.0,0.0,0.0
2024-06-12 05:00:00+00:00,0.0,0.0,0.0,1.2083333333333333,0.0,0.0,0.0,0.0,0.0,0.0,0.0,0.0
2024-06-12 06:00:00+00:00,0.0,0.0,0.0,1.2083333333333333,0.0,0.0,0.0,0.0,0.0,0.0,0.0,0.0
2024-06-12 07:00:00+00:00,0.0,0.0,0.0,1.2083333333333333,0.0,0.0,0.0,0.0,0.0,0.0,0.0,0.0
2024-06-12 08:00:00+00:00,0.0,0.0,0.0,1.2083333333333333,0.0,0.0,0.0,0.0,0.0,0.0,0.0,0.0
2024-06-12 09:00:00+00:00,0.0,0.0,0.0,1.2083333333333333,0.0,0.0,0.0,0.0,0.0,0.0,0.0,0.0
2024-06-12 10:00:00+00:00,0.0,0.0,0.0,1.2083333333333333,0.0,0.0,0.0,0.0,0.0,0.0,0.0,0.0
2024-06-12 11:00:00+00:00,0.0,0.0,0.0,0.75,0.0,0.0,0.0,0.0,0.0,0.0,0.0,0.0
2024-06-12 12:00:00+00:00,0.0,0.0,0.0,0.0,0.0,0.0,0.0,0.0,0.0,0.0,0.0,0.0
2024-06-12 13:00:00+00:00,0.0,0.0,0.0,0.0,0.0,0.0,0.0,0.0,0.0,0.0,0.0,0.0
2024-06-12 14:00:00+00:00,0.0,0.0,0.0,0.0,0.0,0.0,0.0,0.0,0.0,0.0,0.0,0.0
2024-06-12 15:00:00+00:00,0.0,0.0,0.0,0.0,0.0,0.0,0.0,0.0,0.0,0.0,0.0,0.0
2024-06-12 16:00:00+00:00,0.0,0.0,0.0,0.0,0.0,0.0,0.0,0.0,0.0,0.0,0.0,0.0
2024-06-12 17:00:00+00:00,0.0,0.0,22.0,0.9166666666666666,0.0,0.0,0.0,0.0,0.0,0.0,0.0,0.0
2024-06-12 18:00:00+00:00,0.0,0.0,16.0,1.5833333333333333,0.0,0.0,0.0,0.0,0.0,0.0,0.0,0.0
2024-06-12 19:00:00+00:00,0.0,0.0,0.0,1.5833333333333333,0.0,0.0,0.0,0.0,0.0,0.0,0.0,0.0
2024-06-12 20:00:00+00:00,0.0,0.0,0.0,1.5833333333333333,0.0,0.0,0.0,0.0,0.0,0.0,0.0,0.0
2024-06-12 21:00:00+00:00,0.0,0.0,0.0,1.5833333333333333,0.0,0.0,0.0,0.0,0.0,0.0,0.0,0.0
2024-06-12 22:00:00+00:00,0.0,0.0,0.0,1.5833333333333333,0.0,0.0,0.0,0.0,0.0,0.0,0.0,0.0
2024-06-12 23:00:00+00:00,0.0,0.0,0.0,1.5833333333333333,0.0,0.0,0.0,0.0,0.0,0.0,0.0,0.0
2024-06-13 00:00:00+00:00,0.0,0.0,0.0,1.5833333333333333,0.0,0.0,0.0,0.0,0.0,0.0,0.0,0.0
2024-06-13 01:00:00+00:00,0.0,0.0,0.0,1.5833333333333333,0.0,0.0,0.0,0.0,0.0,0.0,0.0,0.0
2024-06-13 02:00:00+00:00,0.0,0.0,0.0,1.5833333333333333,0.0,0.0,0.0,0.0,0.0,0.0,0.0,0.0
2024-06-13 03:00:00+00:00,0.0,0.0,0.0,1.5833333333333333,0.0,0.0,0.0,0.0,0.0,0.0,0.0,0.0
2024-06-13 04:00:00+00:00,0.0,0.0,0.0,1.5833333333333333,0.0,0.0,0.0,0.0,0.0,0.0,0.0,0.0
2024-06-13 05:00:00+00:00,0.0,0.0,0.0,1.5833333333333333,0.0,0.0,0.0,0.0,0.0,0.0,0.0,0.0
2024-06-13 06:00:00+00:00,0.0,0.0,0.0,1.5833333333333333,0.0,0.0,0.0,0.0,0.0,0.0,0.0,0.0
2024-06-13 07:00:00+00:00,0.0,0.0,0.0,1.5833333333333333,0.0,0.0,0.0,0.0,0.0,0.0,0.0,0.0
2024-06-13 08:00:00+00:00,0.0,0.0,0.0,1.5833333333333333,0.0,0.0,0.0,0.0,0.0,0.0,0.0,0.0
2024-06-13 09:00:00+00:00,0.0,0.0,0.0,1.5833333333333333,0.0,0.0,0.0,0.0,0.0,0.0,0.0,0.0
2024-06-13 10:00:00+00:00,0.0,0.0,0.0,1.5833333333333333,0.0,0.0,0.0,0.0,0.0,0.0,0.0,0.0
2024-06-13 11:00:00+00:00,0.0,0.0,0.0,1.5833333333333333,0.0,0.0,0.0,0.0,0.0,0.0,0.0,0.0
2024-06-13 12:00:00+00:00,0.0,0.0,0.0,1.5833333333333333,0.0,0.0,0.0,0.0,0.0,0.0,0.0,0.0
2024-06-13 13:00:00+00:00,0.0,0.0,0.0,1.5833333333333333,0.0,0.0,0.0,0.0,0.0,0.0,0.0,0.0
2024-06-13 14:00:00+00:00,0.0,0.0,0.0,1.5833333333333333,0.0,0.0,0.0,0.0,0.0,0.0,0.0,0.0
2024-06-13 15:00:00+00:00,0.0,0.0,0.0,1.5833333333333333,0.0,0.0,0.0,0.0,0.0,0.0,0.0,0.0
2024-06-13 16:00:00+00:00,0.0,0.0,0.0,1.5833333333333333,0.0,0.0,0.0,0.0,0.0,0.0,0.0,0.0
2024-06-13 17:00:00+00:00,0.0,0.0,0.0,0.6666666666666666,0.0,0.0,0.0,0.0,0.0,0.0,0.0,0.0
2024-06-13 18:00:00+00:00,0.0,0.0,0.0,0.0,0.0,0.0,0.0,0.0,0.0,0.0,0.0,0.0
2024-06-13 19:00:00+00:00,0.0,0.0,0.0,0.0,0.0,0.0,0.0,0.0,0.0,0.0,0.0,0.0
2024-06-13 20:00:00+00:00,0.0,0.0,0.0,0.0,0.0,0.0,0.0,0.0,0.0,0.0,0.0,0.0
2024-06-13 21:00:00+00:00,0.0,0.0,0.0,0.0,0.0,0.0,0.0,0.0,0.0,0.0,0.0,0.0
2024-06-13 22:00:00+00:00,0.0,0.0,0.0,0.0,0.0,0.0,0.0,0.0,0.0,0.0,0.0,0.0
2024-06-13 23:00:00+00:00,0.0,0.0,0.0,0.0,0.0,0.0,0.0,0.0,0.0,0.0,0.0,0.0
2024-06-14 00:00:00+00:00,0.0,0.0,0.0,0.0,0.0,0.0,0.0,0.0,0.0,0.0,0.0,0.0
2024-06-14 01:00:00+00:00,0.0,0.0,0.0,0.0,0.0,0.0,0.0,0.0,0.0,0.0,0.0,0.0
2024-06-14 02:00:00+00:00,0.0,0.0,0.0,0.0,0.0,0.0,0.0,0.0,0.0,0.0,0.0,0.0
2024-06-14 03:00:00+00:00,0.0,0.0,0.0,0.0,0.0,0.0,0.0,0.0,0.0,0.0,0.0,0.0
2024-06-14 04:00:00+00:00,0.0,0.0,0.0,0.0,0.0,0.0,0.0,0.0,0.0,0.0,0.0,0.0
2024-06-14 05:00:00+00:00,0.0,0.0,0.0,0.0,0.0,0.0,0.0,0.0,0.0,0.0,0.0,0.0
2024-06-14 06:00:00+00:00,0.0,0.0,0.0,0.0,0.0,0.0,0.0,0.0,0.0,0.0,0.0,0.0
2024-06-14 07:00:00+00:00,0.0,0.0,0.0,0.0,0.0,0.0,0.0,0.0,0.0,0.0,0.0,0.0
2024-06-14 08:00:00+00:00,0.0,0.0,0.0,0.0,0.0,0.0,0.0,0.0,0.0,0.0,0.0,0.0
2024-06-14 09:00:00+00:00,0.0,0.0,0.0,0.0,0.0,0.0,0.0,0.0,0.0,0.0,0.0,0.0
2024-06-14 10:00:00+00:00,0.0,0.0,0.0,0.0,0.0,0.0,0.0,0.0,0.0,0.0,0.0,0.0
2024-06-14 11:00:00+00:00,0.0,0.0,0.0,0.0,0.0,0.0,0.0,0.0,0.0,0.0,0.0,0.0
2024-06-14 12:00:00+00:00,3.0,0.125,0.0,0.0,3.0,0.125,0.0,0.0,0.0,0.0,0.0,0.0
2024-06-14 13:00:00+00:00,5.0,0.3333333333333333,0.0,0.0,5.0,0.3333333333333333,0.0,0.0,0.0,0.0,0.0,0.0
2024-06-14 14:00:00+00:00,0.0,0.3333333333333333,0.0,0.0,0.0,0.3333333333333333,0.0,0.0,0.0,0.0,0.0,0.0
2024-06-14 15:00:00+00:00,0.0,0.3333333333333333,0.0,0.0,0.0,0.3333333333333333,0.0,0.0,0.0,0.0,0.0,0.0
2024-06-14 16:00:00+00:00,0.0,0.3333333333333333,0.0,0.0,0.0,0.3333333333333333,0.0,0.0,0.0,0.0,0.0,0.0
2024-06-14 17:00:00+00:00,0.0,0.3333333333333333,0.0,0.0,0.0,0.3333333333333333,0.0,0.0,0.0,0.0,0.0,0.0
2024-06-14 18:00:00+00:00,0.0,0.3333333333333333,0.0,0.0,0.0,0.3333333333333333,0.0,0.0,0.0,0.0,0.0,0.0
2024-06-14 19:00:00+00:00,7.0,0.625,0.0,0.0,7.0,0.625,0.0,0.0,0.0,0.0,0.0,0.0
2024-06-14 20:00:00+00:00,0.0,0.625,0.0,0.0,0.0,0.625,0.0,0.0,0.0,0.0,0.0,0.0
2024-06-14 21:00:00+00:00,3.0,0.75,0.0,0.0,3.0,0.75,0.0,0.0,0.0,0.0,0.0,0.0
2024-06-14 22:00:00+00:00,4.0,0.9166666666666666,0.0,0.0,4.0,0.9166666666666666,0.0,0.0,0.0,0.0,0.0,0.0
2024-06-14 23:00:00+00:00,0.0,0.9166666666666666,0.0,0.0,0.0,0.9166666666666666,0.0,0.0,0.0,0.0,0.0,0.0
2024-06-15 00:00:00+00:00,0.0,0.9166666666666666,0.0,0.0,0.0,0.9166666666666666,0.0,0.0,0.0,0.0,0.0,0.0
2024-06-15 01:00:00+00:00,0.0,0.9166666666666666,0.0,0.0,0.0,0.9166666666666666,0.0,0.0,0.0,0.0,0.0,0.0
2024-06-15 02:00:00+00:00,0.0,0.9166666666666666,0.0,0.0,0.0,0.9166666666666666,0.0,0.0,0.0,0.0,0.0,0.0
2024-06-15 03:00:00+00:00,0.0,0.9166666666666666,0.0,0.0,0.0,0.9166666666666666,0.0,0.0,0.0,0.0,0.0,0.0
2024-06-15 04:00:00+00:00,0.0,0.9166666666666666,0.0,0.0,0.0,0.9166666666666666,0.0,0.0,0.0,0.0,0.0,0.0
2024-06-15 05:00:00+00:00,0.0,0.9166666666666666,0.0,0.0,0.0,0.9166666666666666,0.0,0.0,0.0,0.0,0.0,0.0
2024-06-15 06:00:00+00:00,0.0,0.9166666666666666,0.0,0.0,0.0,0.9166666666666666,0.0,0.0,0.0,0.0,0.0,0.0
2024-06-15 07:00:00+00:00,0.0,0.9166666666666666,0.0,0.0,0.0,0.9166666666666666,0.0,0.0,0.0,0.0,0.0,0.0
2024-06-15 08:00:00+00:00,0.0,0.9166666666666666,0.0,0.0,0.0,0.9166666666666666,0.0,0.0,0.0,0.0,0.0,0.0
2024-06-15 09:00:00+00:00,0.0,0.9166666666666666,0.0,0.0,0.0,0.9166666666666666,0.0,0.0,0.0,0.0,0.0,0.0
2024-06-15 10:00:00+00:00,4.0,1.0833333333333333,0.0,0.0,0.0,0.9166666666666666,0.0,0.0,0.0,0.0,0.0,0.0
2024-06-15 11:00:00+00:00,2.0,1.1666666666666667,1.0,0.041666666666666664,0.0,0.9166666666666666,0.0,0.0,0.0,0.0,0.0,0.0
2024-06-15 12:00:00+00:00,24.0,2.0416666666666665,24.0,1.0416666666666667,0.0,0.7916666666666666,0.0,0.0,0.0,0.0,0.0,0.0
2024-06-15 13:00:00+00:00,0.0,1.8333333333333333,0.0,1.0416666666666667,0.0,0.5833333333333334,0.0,0.0,0.0,0.0,0.0,0.0
2024-06-15 14:00:00+00:00,0.0,1.8333333333333333,0.0,1.0416666666666667,0.0,0.5833333333333334,0.0,0.0,0.0,0.0,0.0,0.0
2024-06-15 15:00:00+00:00,0.0,1.8333333333333333,0.0,1.0416666666666667,0.0,0.5833333333333334,0.0,0.0,0.0,0.0,0.0,0.0
2024-06-15 16:00:00+00:00,0.0,1.8333333333333333,0.0,1.0416666666666667,0.0,0.5833333333333334,0.0,0.0,0.0,0.0,0.0,0.0
2024-06-15 17:00:00+00:00,0.0,1.8333333333333333,0.0,1.0416666666666667,0.0,0.5833333333333334,0.0,0.0,0.0,0.0,0.0,0.0
2024-06-15 18:00:00+00:00,0.0,1.8333333333333333,0.0,1.0416666666666667,0.0,0.5833333333333334,0.0,0.0,0.0,0.0,0.0,0.0
2024-06-15 19:00:00+00:00,12.0,2.0416666666666665,0.0,1.0416666666666667,0.0,0.2916666666666667,0.0,0.0,0.0,0.0,0.0,0.0
2024-06-15 20:00:00+00:00,0.0,2.0416666666666665,0.0,1.0416666666666667,0.0,0.2916666666666667,0.0,0.0,0.0,0.0,0.0,0.0
2024-06-15 21:00:00+00:00,0.0,1.9166666666666667,0.0,1.0416666666666667,0.0,0.16666666666666666,0.0,0.0,0.0,0.0,0.0,0.0
2024-06-15 22:00:00+00:00,0.0,1.75,0.0,1.0416666666666667,0.0,0.0,0.0,0.0,0.0,0.0,0.0,0.0
2024-06-15 23:00:00+00:00,0.0,1.75,0.0,1.0416666666666667,0.0,0.0,0.0,0.0,0.0,0.0,0.0,0.0
2024-06-16 00:00:00+00:00,2.0,1.8333333333333333,0.0,1.0416666666666667,0.0,0.0,0.0,0.0,0.0,0.0,0.0,0.0
2024-06-16 01:00:00+00:00,15.0,2.4583333333333335,0.0,1.0416666666666667,0.0,0.0,0.0,0.0,0.0,0.0,0.0,0.0
2024-06-16 02:00:00+00:00,0.0,2.4583333333333335,0.0,1.0416666666666667,0.0,0.0,0.0,0.0,0.0,0.0,0.0,0.0
2024-06-16 03:00:00+00:00,0.0,2.4583333333333335,0.0,1.0416666666666667,0.0,0.0,0.0,0.0,0.0,0.0,0.0,0.0
2024-06-16 04:00:00+00:00,0.0,2.4583333333333335,0.0,1.0416666666666667,0.0,0.0,0.0,0.0,0.0,0.0,0.0,0.0
2024-06-16 05:00:00+00:00,0.0,2.4583333333333335,0.0,1.0416666666666667,0.0,0.0,0.0,0.0,0.0,0.0,0.0,0.0
2024-06-16 06:00:00+00:00,0.0,2.4583333333333335,0.0,1.0416666666666667,0.0,0.0,0.0,0.0,0.0,0.0,0.0,0.0
2024-06-16 07:00:00+00:00,0.0,2.4583333333333335,0.0,1.0416666666666667,0.0,0.0,0.0,0.0,0.0,0.0,0.0,0.0
2024-06-16 08:00:00+00:00,0.0,2.4583333333333335,0.0,1.0416666666666667,0.0,0.0,0.0,0.0,0.0,0.0,0.0,0.0
2024-06-16 09:00:00+00:00,0.0,2.4583333333333335,0.0,1.0416666666666667,0.0,0.0,0.0,0.0,0.0,0.0,0.0,0.0
2024-06-16 10:00:00+00:00,0.0,2.2916666666666665,0.0,1.0416666666666667,0.0,0.0,0.0,0.0,0.0,0.0,0.0,0.0
2024-06-16 11:00:00+00:00,0.0,2.2083333333333335,0.0,1.0,0.0,0.0,0.0,0.0,0.0,0.0,0.0,0.0
2024-06-16 12:00:00+00:00,2.0,1.2916666666666667,0.0,0.0,0.0,0.0,0.0,0.0,0.0,0.0,0.0,0.0
2024-06-16 13:00:00+00:00,9.0,1.6666666666666667,0.0,0.0,0.0,0.0,0.0,0.0,0.0,0.0,0.0,0.0
2024-06-16 14:00:00+00:00,0.0,1.6666666666666667,0.0,0.0,0.0,0.0,0.0,0.0,0.0,0.0,0.0,0.0
2024-06-16 15:00:00+00:00,0.0,1.6666666666666667,0.0,0.0,0.0,0.0,0.0,0.0,0.0,0.0,0.0,0.0
2024-06-16 16:00:00+00:00,1.0,1.7083333333333333,0.0,0.0,0.0,0.0,0.0,0.0,0.0,0.0,0.0,0.0
2024-06-16 17:00:00+00:00,0.0,1.7083333333333333,0.0,0.0,0.0,0.0,0.0,0.0,0.0,0.0,0.0,0.0
2024-06-16 18:00:00+00:00,0.0,1.7083333333333333,0.0,0.0,0.0,0.0,0.0,0.0,0.0,0.0,0.0,0.0
2024-06-16 19:00:00+00:00,1.0,1.25,0.0,0.0,0.0,0.0,0.0,0.0,0.0,0.0,0.0,0.0
2024-06-16 20:00:00+00:00,2.0,1.3333333333333333,0.0,0.0,0.0,0.0,0.0,0.0,0.0,0.0,0.0,0.0
2024-06-16 21:00:00+00:00,0.0,1.3333333333333333,0.0,0.0,0.0,0.0,0.0,0.0,0.0,0.0,0.0,0.0
2024-06-16 22:00:00+00:00,0.0,1.3333333333333333,0.0,0.0,0.0,0.0,0.0,0.0,0.0,0.0,0.0,0.0
2024-06-16 23:00:00+00:00,7.0,1.625,0.0,0.0,0.0,0.0,0.0,0.0,0.0,0.0,0.0,0.0
2024-06-17 00:00:00+00:00,1.0,1.5833333333333333,0.0,0.0,0.0,0.0,0.0,0.0,0.0,0.0,0.0,0.0
2024-06-17 01:00:00+00:00,0.0,0.9583333333333334,0.0,0.0,0.0,0.0,0.0,0.0,0.0,0.0,0.0,0.0
2024-06-17 02:00:00+00:00,0.0,0.9583333333333334,0.0,0.0,0.0,0.0,0.0,0.0,0.0,0.0,0.0,0.0
2024-06-17 03:00:00+00:00,0.0,0.9583333333333334,0.0,0.0,0.0,0.0,0.0,0.0,0.0,0.0,0.0,0.0
2024-06-17 04:00:00+00:00,0.0,0.9583333333333334,0.0,0.0,0.0,0.0,0.0,0.0,0.0,0.0,0.0,0.0
2024-06-17 05:00:00+00:00,0.0,0.9583333333333334,0.0,0.0,0.0,0.0,0.0,0.0,0.0,0.0,0.0,0.0
2024-06-17 06:00:00+00:00,0.0,0.9583333333333334,0.0,0.0,0.0,0.0,0.0,0.0,0.0,0.0,0.0,0.0
2024-06-17 07:00:00+00:00,0.0,0.9583333333333334,0.0,0.0,0.0,0.0,0.0,0.0,0.0,0.0,0.0,0.0
2024-06-17 08:00:00+00:00,0.0,0.9583333333333334,0.0,0.0,0.0,0.0,0.0,0.0,0.0,0.0,0.0,0.0
2024-06-17 09:00:00+00:00,0.0,0.9583333333333334,0.0,0.0,0.0,0.0,0.0,0.0,0.0,0.0,0.0,0.0
2024-06-17 10:00:00+00:00,0.0,0.9583333333333334,0.0,0.0,0.0,0.0,0.0,0.0,0.0,0.0,0.0,0.0
2024-06-17 11:00:00+00:00,0.0,0.9583333333333334,0.0,0.0,0.0,0.0,0.0,0.0,0.0,0.0,0.0,0.0
2024-06-17 12:00:00+00:00,6.0,1.125,0.0,0.0,0.0,0.0,0.0,0.0,0.0,0.0,0.0,0.0
2024-06-17 13:00:00+00:00,17.0,1.4583333333333333,17.0,0.7083333333333334,0.0,0.0,0.0,0.0,0.0,0.0,0.0,0.0
2024-06-17 14:00:00+00:00,9.0,1.8333333333333333,8.0,1.0416666666666667,0.0,0.0,0.0,0.0,0.0,0.0,0.0,0.0
2024-06-17 15:00:00+00:00,9.0,2.2083333333333335,0.0,1.0416666666666667,0.0,0.0,0.0,0.0,0.0,0.0,0.0,0.0
2024-06-17 16:00:00+00:00,3.0,2.2916666666666665,0.0,1.0416666666666667,0.0,0.0,0.0,0.0,0.0,0.0,0.0,0.0
2024-06-17 17:00:00+00:00,1.0,2.3333333333333335,0.0,1.0416666666666667,0.0,0.0,0.0,0.0,0.0,0.0,0.0,0.0
2024-06-17 18:00:00+00:00,1.0,2.375,0.0,1.0416666666666667,0.0,0.0,0.0,0.0,0.0,0.0,0.0,0.0
2024-06-17 19:00:00+00:00,6.0,2.5833333333333335,0.0,1.0416666666666667,0.0,0.0,0.0,0.0,0.0,0.0,0.0,0.0
2024-06-17 20:00:00+00:00,0.0,2.5,0.0,1.0416666666666667,0.0,0.0,0.0,0.0,0.0,0.0,0.0,0.0
2024-06-17 21:00:00+00:00,0.0,2.5,0.0,1.0416666666666667,0.0,0.0,0.0,0.0,0.0,0.0,0.0,0.0
2024-06-17 22:00:00+00:00,0.0,2.5,0.0,1.0416666666666667,0.0,0.0,0.0,0.0,0.0,0.0,0.0,0.0
2024-06-17 23:00:00+00:00,0.0,2.2083333333333335,0.0,1.0416666666666667,0.0,0.0,0.0,0.0,0.0,0.0,0.0,0.0
2024-06-18 00:00:00+00:00,0.0,2.1666666666666665,0.0,1.0416666666666667,0.0,0.0,0.0,0.0,0.0,0.0,0.0,0.0
2024-06-18 01:00:00+00:00,0.0,2.1666666666666665,0.0,1.0416666666666667,0.0,0.0,0.0,0.0,0.0,0.0,0.0,0.0
2024-06-18 02:00:00+00:00,0.0,2.1666666666666665,0.0,1.0416666666666667,0.0,0.0,0.0,0.0,0.0,0.0,0.0,0.0
2024-06-18 03:00:00+00:00,0.0,2.1666666666666665,0.0,1.0416666666666667,0.0,0.0,0.0,0.0,0.0,0.0,0.0,0.0
2024-06-18 04:00:00+00:00,0.0,2.1666666666666665,0.0,1.0416666666666667,0.0,0.0,0.0,0.0,0.0,0.0,0.0,0.0
2024-06-18 05:00:00+00:00,0.0,2.1666666666666665,0.0,1.0416666666666667,0.0,0.0,0.0,0.0,0.0,0.0,0.0,0.0
2024-06-18 06:00:00+00:00,0.0,2.1666666666666665,0.0,1.0416666666666667,0.0,0.0,0.0,0.0,0.0,0.0,0.0,0.0
2024-06-18 07:00:00+00:00,0.0,2.1666666666666665,0.0,1.0416666666666667,0.0,0.0,0.0,0.0,0.0,0.0,0.0,0.0
2024-06-18 08:00:00+00:00,0.0,2.1666666666666665,0.0,1.0416666666666667,0.0,0.0,0.0,0.0,0.0,0.0,0.0,0.0
2024-06-18 09:00:00+00:00,0.0,2.1666666666666665,0.0,1.0416666666666667,0.0,0.0,0.0,0.0,0.0,0.0,0.0,0.0
2024-06-18 10:00:00+00:00,0.0,2.1666666666666665,0.0,1.0416666666666667,0.0,0.0,0.0,0.0,0.0,0.0,0.0,0.0
2024-06-18 11:00:00+00:00,0.0,2.1666666666666665,0.0,1.0416666666666667,0.0,0.0,0.0,0.0,0.0,0.0,0.0,0.0
2024-06-18 12:00:00+00:00,4.0,2.0833333333333335,0.0,1.0416666666666667,4.0,0.16666666666666666,0.0,0.0,0.0,0.0,0.0,0.0
2024-06-18 13:00:00+00:00,16.0,2.0416666666666665,0.0,0.3333333333333333,16.0,0.8333333333333334,0.0,0.0,0.0,0.0,0.0,0.0
2024-06-18 14:00:00+00:00,0.0,1.6666666666666667,0.0,0.0,0.0,0.8333333333333334,0.0,0.0,0.0,0.0,0.0,0.0
2024-06-18 15:00:00+00:00,0.0,1.2916666666666667,0.0,0.0,0.0,0.8333333333333334,0.0,0.0,0.0,0.0,0.0,0.0
2024-06-18 16:00:00+00:00,5.0,1.375,0.0,0.0,5.0,1.0416666666666667,0.0,0.0,0.0,0.0,0.0,0.0
2024-06-18 17:00:00+00:00,1.0,1.375,0.0,0.0,1.0,1.0833333333333333,0.0,0.0,0.0,0.0,0.0,0.0
2024-06-18 18:00:00+00:00,0.0,1.3333333333333333,0.0,0.0,0.0,1.0833333333333333,0.0,0.0,0.0,0.0,0.0,0.0
2024-06-18 19:00:00+00:00,3.0,1.2083333333333333,0.0,0.0,3.0,1.2083333333333333,0.0,0.0,0.0,0.0,0.0,0.0
2024-06-18 20:00:00+00:00,1.0,1.25,0.0,0.0,1.0,1.25,0.0,0.0,0.0,0.0,0.0,0.0
2024-06-18 21:00:00+00:00,1.0,1.2916666666666667,0.0,0.0,1.0,1.2916666666666667,0.0,0.0,0.0,0.0,0.0,0.0
2024-06-18 22:00:00+00:00,11.0,1.75,0.0,0.0,11.0,1.75,0.0,0.0,0.0,0.0,0.0,0.0
2024-06-18 23:00:00+00:00,9.0,2.125,0.0,0.0,9.0,2.125,0.0,0.0,0.0,0.0,0.0,0.0
2024-06-19 00:00:00+00:00,12.0,2.625,0.0,0.0,0.0,2.125,0.0,0.0,0.0,0.0,0.0,0.0
2024-06-19 01:00:00+00:00,0.0,2.625,0.0,0.0,0.0,2.125,0.0,0.0,0.0,0.0,0.0,0.0
2024-06-19 02:00:00+00:00,0.0,2.625,0.0,0.0,0.0,2.125,0.0,0.0,0.0,0.0,0.0,0.0
2024-06-19 03:00:00+00:00,0.0,2.625,0.0,0.0,0.0,2.125,0.0,0.0,0.0,0.0,0.0,0.0
2024-06-19 04:00:00+00:00,0.0,2.625,0.0,0.0,0.0,2.125,0.0,0.0,0.0,0.0,0.0,0.0
2024-06-19 05:00:00+00:00,0.0,2.625,0.0,0.0,0.0,2.125,0.0,0.0,0.0,0.0,0.0,0.0
2024-06-19 06:00:00+00:00,0.0,2.625,0.0,0.0,0.0,2.125,0.0,0.0,0.0,0.0,0.0,0.0
2024-06-19 07:00:00+00:00,0.0,2.625,0.0,0.0,0.0,2.125,0.0,0.0,0.0,0.0,0.0,0.0
2024-06-19 08:00:00+00:00,0.0,2.625,0.0,0.0,0.0,2.125,0.0,0.0,0.0,0.0,0.0,0.0
2024-06-19 09:00:00+00:00,0.0,2.625,0.0,0.0,0.0,2.125,0.0,0.0,0.0,0.0,0.0,0.0
2024-06-19 10:00:00+00:00,1.0,2.6666666666666665,0.0,0.0,0.0,2.125,0.0,0.0,0.0,0.0,0.0,0.0
2024-06-19 11:00:00+00:00,0.0,2.6666666666666665,0.0,0.0,0.0,2.125,0.0,0.0,0.0,0.0,0.0,0.0
2024-06-19 12:00:00+00:00,0.0,2.5,0.0,0.0,0.0,1.9583333333333333,0.0,0.0,0.0,0.0,0.0,0.0
2024-06-19 13:00:00+00:00,1.0,1.875,0.0,0.0,0.0,1.2916666666666667,0.0,0.0,0.0,0.0,0.0,0.0
2024-06-19 14:00:00+00:00,0.0,1.875,0.0,0.0,0.0,1.2916666666666667,0.0,0.0,0.0,0.0,0.0,0.0
2024-06-19 15:00:00+00:00,0.0,1.875,0.0,0.0,0.0,1.2916666666666667,0.0,0.0,0.0,0.0,0.0,0.0
2024-06-19 16:00:00+00:00,1.0,1.7083333333333333,0.0,0.0,0.0,1.0833333333333333,0.0,0.0,0.0,0.0,0.0,0.0
2024-06-19 17:00:00+00:00,6.0,1.9166666666666667,0.0,0.0,0.0,1.0416666666666667,0.0,0.0,0.0,0.0,0.0,0.0
2024-06-19 18:00:00+00:00,0.0,1.9166666666666667,0.0,0.0,0.0,1.0416666666666667,0.0,0.0,0.0,0.0,0.0,0.0
2024-06-19 19:00:00+00:00,0.0,1.7916666666666667,0.0,0.0,0.0,0.9166666666666666,0.0,0.0,0.0,0.0,0.0,0.0
2024-06-19 20:00:00+00:00,2.0,1.8333333333333333,0.0,0.0,0.0,0.875,0.0,0.0,0.0,0.0,0.0,0.0
2024-06-19 21:00:00+00:00,1.0,1.8333333333333333,0.0,0.0,0.0,0.8333333333333334,0.0,0.0,0.0,0.0,0.0,0.0
2024-06-19 22:00:00+00:00,1.0,1.4166666666666667,0.0,0.0,0.0,0.375,0.0,0.0,0.0,0.0,0.0,0.0
2024-06-19 23:00:00+00:00,0.0,1.0416666666666667,0.0,0.0,0.0,0.0,0.0,0.0,0.0,0.0,0.0,0.0
2024-06-20 00:00:00+00:00,0.0,0.5416666666666666,0.0,0.0,0.0,0.0,0.0,0.0,0.0,0.0,0.0,0.0
2024-06-20 01:00:00+00:00,0.0,0.5416666666666666,0.0,0.0,0.0,0.0,0.0,0.0,0.0,0.0,0.0,0.0
2024-06-20 02:00:00+00:00,0.0,0.5416666666666666,0.0,0.0,0.0,0.0,0.0,0.0,0.0,0.0,0.0,0.0
2024-06-20 03:00:00+00:00,0.0,0.5416666666666666,0.0,0.0,0.0,0.0,0.0,0.0,0.0,0.0,0.0,0.0
2024-06-20 04:00:00+00:00,0.0,0.5416666666666666,0.0,0.0,0.0,0.0,0.0,0.0,0.0,0.0,0.0,0.0
2024-06-20 05:00:00+00:00,0.0,0.5416666666666666,0.0,0.0,0.0,0.0,0.0,0.0,0.0,0.0,0.0,0.0
2024-06-20 06:00:00+00:00,0.0,0.5416666666666666,0.0,0.0,0.0,0.0,0.0,0.0,0.0,0.0,0.0,0.0
2024-06-20 07:00:00+00:00,0.0,0.5416666666666666,0.0,0.0,0.0,0.0,0.0,0.0,0.0,0.0,0.0,0.0
2024-06-20 08:00:00+00:00,0.0,0.5416666666666666,0.0,0.0,0.0,0.0,0.0,0.0,0.0,0.0,0.0,0.0
2024-06-20 09:00:00+00:00,0.0,0.5416666666666666,0.0,0.0,0.0,0.0,0.0,0.0,0.0,0.0,0.0,0.0
2024-06-20 10:00:00+00:00,5.0,0.7083333333333334,0.0,0.0,0.0,0.0,0.0,0.0,0.0,0.0,0.0,0.0
2024-06-20 11:00:00+00:00,0.0,0.7083333333333334,0.0,0.0,0.0,0.0,0.0,0.0,0.0,0.0,0.0,0.0
2024-06-20 12:00:00+00:00,1.0,0.75,0.0,0.0,0.0,0.0,0.0,0.0,0.0,0.0,0.0,0.0
2024-06-20 13:00:00+00:00,0.0,0.7083333333333334,0.0,0.0,0.0,0.0,0.0,0.0,0.0,0.0,0.0,0.0
2024-06-20 14:00:00+00:00,0.0,0.7083333333333334,0.0,0.0,0.0,0.0,0.0,0.0,0.0,0.0,0.0,0.0
2024-06-20 15:00:00+00:00,0.0,0.7083333333333334,0.0,0.0,0.0,0.0,0.0,0.0,0.0,0.0,0.0,0.0
2024-06-20 16:00:00+00:00,0.0,0.6666666666666666,0.0,0.0,0.0,0.0,0.0,0.0,0.0,0.0,0.0,0.0
2024-06-20 17:00:00+00:00,13.0,0.9583333333333334,0.0,0.0,0.0,0.0,0.0,0.0,0.0,0.0,0.0,0.0
2024-06-20 18:00:00+00:00,10.0,1.375,0.0,0.0,0.0,0.0,0.0,0.0,0.0,0.0,0.0,0.0
2024-06-20 19:00:00+00:00,11.0,1.8333333333333333,0.0,0.0,0.0,0.0,0.0,0.0,0.0,0.0,0.0,0.0
2024-06-20 20:00:00+00:00,3.0,1.875,0.0,0.0,0.0,0.0,0.0,0.0,0.0,0.0,0.0,0.0
2024-06-20 21:00:00+00:00,0.0,1.8333333333333333,0.0,0.0,0.0,0.0,0.0,0.0,0.0,0.0,0.0,0.0
2024-06-20 22:00:00+00:00,0.0,1.7916666666666667,0.0,0.0,0.0,0.0,0.0,0.0,0.0,0.0,0.0,0.0
2024-06-20 23:00:00+00:00,0.0,1.7916666666666667,0.0,0.0,0.0,0.0,0.0,0.0,0.0,0.0,0.0,0.0
2024-06-21 00:00:00+00:00,0.0,1.7916666666666667,0.0,0.0,0.0,0.0,0.0,0.0,0.0,0.0,0.0,0.0
2024-06-21 01:00:00+00:00,0.0,1.7916666666666667,0.0,0.0,0.0,0.0,0.0,0.0,0.0,0.0,0.0,0.0
2024-06-21 02:00:00+00:00,0.0,1.7916666666666667,0.0,0.0,0.0,0.0,0.0,0.0,0.0,0.0,0.0,0.0
2024-06-21 03:00:00+00:00,0.0,1.7916666666666667,0.0,0.0,0.0,0.0,0.0,0.0,0.0,0.0,0.0,0.0
2024-06-21 04:00:00+00:00,0.0,1.7916666666666667,0.0,0.0,0.0,0.0,0.0,0.0,0.0,0.0,0.0,0.0
2024-06-21 05:00:00+00:00,0.0,1.7916666666666667,0.0,0.0,0.0,0.0,0.0,0.0,0.0,0.0,0.0,0.0
2024-06-21 06:00:00+00:00,0.0,1.7916666666666667,0.0,0.0,0.0,0.0,0.0,0.0,0.0,0.0,0.0,0.0
2024-06-21 07:00:00+00:00,0.0,1.7916666666666667,0.0,0.0,0.0,0.0,0.0,0.0,0.0,0.0,0.0,0.0
2024-06-21 08:00:00+00:00,0.0,1.7916666666666667,0.0,0.0,0.0,0.0,0.0,0.0,0.0,0.0,0.0,0.0
2024-06-21 09:00:00+00:00,0.0,1.7916666666666667,0.0,0.0,0.0,0.0,0.0,0.0,0.0,0.0,0.0,0.0
2024-06-21 10:00:00+00:00,0.0,1.5833333333333333,0.0,0.0,0.0,0.0,0.0,0.0,0.0,0.0,0.0,0.0
2024-06-21 11:00:00+00:00,1.0,1.625,0.0,0.0,1.0,0.041666666666666664,0.0,0.0,0.0,0.0,0.0,0.0
2024-06-21 12:00:00+00:00,0.0,1.5833333333333333,0.0,0.0,0.0,0.041666666666666664,0.0,0.0,0.0,0.0,0.0,0.0
2024-06-21 13:00:00+00:00,1.0,1.625,0.0,0.0,1.0,0.08333333333333333,0.0,0.0,0.0,0.0,0.0,0.0
2024-06-21 14:00:00+00:00,17.0,2.3333333333333335,0.0,0.0,17.0,0.7916666666666666,0.0,0.0,0.0,0.0,0.0,0.0
2024-06-21 15:00:00+00:00,4.0,2.5,0.0,0.0,4.0,0.9583333333333334,0.0,0.0,0.0,0.0,0.0,0.0
2024-06-21 16:00:00+00:00,16.0,3.1666666666666665,0.0,0.0,16.0,1.625,0.0,0.0,0.0,0.0,0.0,0.0
2024-06-21 17:00:00+00:00,14.0,3.2083333333333335,0.0,0.0,14.0,2.2083333333333335,0.0,0.0,0.0,0.0,0.0,0.0
2024-06-21 18:00:00+00:00,0.0,2.7916666666666665,0.0,0.0,0.0,2.2083333333333335,0.0,0.0,0.0,0.0,0.0,0.0
2024-06-21 19:00:00+00:00,0.0,2.3333333333333335,0.0,0.0,0.0,2.2083333333333335,0.0,0.0,0.0,0.0,0.0,0.0
2024-06-21 20:00:00+00:00,5.0,2.4166666666666665,0.0,0.0,5.0,2.4166666666666665,0.0,0.0,0.0,0.0,0.0,0.0
2024-06-21 21:00:00+00:00,0.0,2.4166666666666665,0.0,0.0,0.0,2.4166666666666665,0.0,0.0,0.0,0.0,0.0,0.0
2024-06-21 22:00:00+00:00,0.0,2.4166666666666665,0.0,0.0,0.0,2.4166666666666665,0.0,0.0,0.0,0.0,0.0,0.0
2024-06-21 23:00:00+00:00,14.0,3.0,0.0,0.0,14.0,3.0,0.0,0.0,0.0,0.0,0.0,0.0
2024-06-22 00:00:00+00:00,9.0,3.375,0.0,0.0,0.0,3.0,0.0,0.0,0.0,0.0,0.0,0.0
2024-06-22 01:00:00+00:00,2.0,3.4583333333333335,0.0,0.0,0.0,3.0,0.0,0.0,0.0,0.0,0.0,0.0
2024-06-22 02:00:00+00:00,0.0,3.4583333333333335,0.0,0.0,0.0,3.0,0.0,0.0,0.0,0.0,0.0,0.0
2024-06-22 03:00:00+00:00,18.0,4.208333333333333,0.0,0.0,0.0,3.0,0.0,0.0,0.0,0.0,0.0,0.0
2024-06-22 04:00:00+00:00,0.0,4.208333333333333,0.0,0.0,0.0,3.0,0.0,0.0,0.0,0.0,0.0,0.0
2024-06-22 05:00:00+00:00,0.0,4.208333333333333,0.0,0.0,0.0,3.0,0.0,0.0,0.0,0.0,0.0,0.0
2024-06-22 06:00:00+00:00,0.0,4.208333333333333,0.0,0.0,0.0,3.0,0.0,0.0,0.0,0.0,0.0,0.0
2024-06-22 07:00:00+00:00,0.0,4.208333333333333,0.0,0.0,0.0,3.0,0.0,0.0,0.0,0.0,0.0,0.0
2024-06-22 08:00:00+00:00,0.0,4.208333333333333,0.0,0.0,0.0,3.0,0.0,0.0,0.0,0.0,0.0,0.0
2024-06-22 09:00:00+00:00,0.0,4.208333333333333,0.0,0.0,0.0,3.0,0.0,0.0,0.0,0.0,0.0,0.0
2024-06-22 10:00:00+00:00,1.0,4.25,0.0,0.0,0.0,3.0,0.0,0.0,0.0,0.0,0.0,0.0
2024-06-22 11:00:00+00:00,9.0,4.583333333333333,0.0,0.0,0.0,2.9583333333333335,0.0,0.0,0.0,0.0,0.0,0.0
2024-06-22 12:00:00+00:00,3.0,4.708333333333333,0.0,0.0,0.0,2.9583333333333335,0.0,0.0,0.0,0.0,0.0,0.0
2024-06-22 13:00:00+00:00,16.0,5.333333333333333,0.0,0.0,0.0,2.9166666666666665,0.0,0.0,0.0,0.0,0.0,0.0
2024-06-22 14:00:00+00:00,2.0,4.708333333333333,0.0,0.0,0.0,2.2083333333333335,0.0,0.0,0.0,0.0,0.0,0.0
2024-06-22 15:00:00+00:00,0.0,4.541666666666667,0.0,0.0,0.0,2.0416666666666665,0.0,0.0,0.0,0.0,0.0,0.0
2024-06-22 16:00:00+00:00,0.0,3.875,0.0,0.0,0.0,1.375,0.0,0.0,0.0,0.0,0.0,0.0
2024-06-22 17:00:00+00:00,0.0,3.2916666666666665,0.0,0.0,0.0,0.7916666666666666,0.0,0.0,0.0,0.0,0.0,0.0
2024-06-22 18:00:00+00:00,0.0,3.2916666666666665,0.0,0.0,0.0,0.7916666666666666,0.0,0.0,0.0,0.0,0.0,0.0
2024-06-22 19:00:00+00:00,0.0,3.2916666666666665,0.0,0.0,0.0,0.7916666666666666,0.0,0.0,0.0,0.0,0.0,0.0
2024-06-22 20:00:00+00:00,0.0,3.0833333333333335,0.0,0.0,0.0,0.5833333333333334,0.0,0.0,0.0,0.0,0.0,0.0
2024-06-22 21:00:00+00:00,0.0,3.0833333333333335,0.0,0.0,0.0,0.5833333333333334,0.0,0.0,0.0,0.0,0.0,0.0
2024-06-22 22:00:00+00:00,0.0,3.0833333333333335,0.0,0.0,0.0,0.5833333333333334,0.0,0.0,0.0,0.0,0.0,0.0
2024-06-22 23:00:00+00:00,0.0,2.5,0.0,0.0,0.0,0.0,0.0,0.0,0.0,0.0,0.0,0.0
2024-06-23 00:00:00+00:00,0.0,2.125,0.0,0.0,0.0,0.0,0.0,0.0,0.0,0.0,0.0,0.0
2024-06-23 01:00:00+00:00,0.0,2.0416666666666665,0.0,0.0,0.0,0.0,0.0,0.0,0.0,0.0,0.0,0.0
2024-06-23 02:00:00+00:00,0.0,2.0416666666666665,0.0,0.0,0.0,0.0,0.0,0.0,0.0,0.0,0.0,0.0
2024-06-23 03:00:00+00:00,0.0,1.2916666666666667,0.0,0.0,0.0,0.0,0.0,0.0,0.0,0.0,0.0,0.0
2024-06-23 04:00:00+00:00,0.0,1.2916666666666667,0.0,0.0,0.0,0.0,0.0,0.0,0.0,0.0,0.0,0.0
2024-06-23 05:00:00+00:00,0.0,1.2916666666666667,0.0,0.0,0.0,0.0,0.0,0.0,0.0,0.0,0.0,0.0
2024-06-23 06:00:00+00:00,0.0,1.2916666666666667,0.0,0.0,0.0,0.0,0.0,0.0,0.0,0.0,0.0,0.0
2024-06-23 07:00:00+00:00,0.0,1.2916666666666667,0.0,0.0,0.0,0.0,0.0,0.0,0.0,0.0,0.0,0.0
2024-06-23 08:00:00+00:00,0.0,1.2916666666666667,0.0,0.0,0.0,0.0,0.0,0.0,0.0,0.0,0.0,0.0
2024-06-23 09:00:00+00:00,0.0,1.2916666666666667,0.0,0.0,0.0,0.0,0.0,0.0,0.0,0.0,0.0,0.0
2024-06-23 10:00:00+00:00,0.0,1.25,0.0,0.0,0.0,0.0,0.0,0.0,0.0,0.0,0.0,0.0
2024-06-23 11:00:00+00:00,0.0,0.875,0.0,0.0,0.0,0.0,0.0,0.0,0.0,0.0,0.0,0.0
2024-06-23 12:00:00+00:00,3.0,0.875,0.0,0.0,0.0,0.0,0.0,0.0,0.0,0.0,0.0,0.0
2024-06-23 13:00:00+00:00,10.0,0.625,0.0,0.0,0.0,0.0,0.0,0.0,0.0,0.0,0.0,0.0
2024-06-23 14:00:00+00:00,15.0,1.1666666666666667,0.0,0.0,0.0,0.0,0.0,0.0,0.0,0.0,0.0,0.0
2024-06-23 15:00:00+00:00,0.0,1.1666666666666667,0.0,0.0,0.0,0.0,0.0,0.0,0.0,0.0,0.0,0.0
2024-06-23 16:00:00+00:00,0.0,1.1666666666666667,0.0,0.0,0.0,0.0,0.0,0.0,0.0,0.0,0.0,0.0
2024-06-23 17:00:00+00:00,0.0,1.1666666666666667,0.0,0.0,0.0,0.0,0.0,0.0,0.0,0.0,0.0,0.0
2024-06-23 18:00:00+00:00,2.0,1.25,0.0,0.0,0.0,0.0,0.0,0.0,0.0,0.0,0.0,0.0
2024-06-23 19:00:00+00:00,0.0,1.25,0.0,0.0,0.0,0.0,0.0,0.0,0.0,0.0,0.0,0.0
2024-06-23 20:00:00+00:00,15.0,1.875,15.0,0.625,0.0,0.0,0.0,0.0,0.0,0.0,0.0,0.0
2024-06-23 21:00:00+00:00,17.0,2.5833333333333335,17.0,1.3333333333333333,0.0,0.0,0.0,0.0,0.0,0.0,0.0,0.0
2024-06-23 22:00:00+00:00,0.0,2.5833333333333335,0.0,1.3333333333333333,0.0,0.0,0.0,0.0,0.0,0.0,0.0,0.0
2024-06-23 23:00:00+00:00,1.0,2.625,0.0,1.3333333333333333,0.0,0.0,0.0,0.0,0.0,0.0,0.0,0.0
2024-06-24 00:00:00+00:00,0.0,2.625,0.0,1.3333333333333333,0.0,0.0,0.0,0.0,0.0,0.0,0.0,0.0
2024-06-24 01:00:00+00:00,0.0,2.625,0.0,1.3333333333333333,0.0,0.0,0.0,0.0,0.0,0.0,0.0,0.0
2024-06-24 02:00:00+00:00,0.0,2.625,0.0,1.3333333333333333,0.0,0.0,0.0,0.0,0.0,0.0,0.0,0.0
2024-06-24 03:00:00+00:00,0.0,2.625,0.0,1.3333333333333333,0.0,0.0,0.0,0.0,0.0,0.0,0.0,0.0
2024-06-24 04:00:00+00:00,0.0,2.625,0.0,1.3333333333333333,0.0,0.0,0.0,0.0,0.0,0.0,0.0,0.0
2024-06-24 05:00:00+00:00,0.0,2.625,0.0,1.3333333333333333,0.0,0.0,0.0,0.0,0.0,0.0,0.0,0.0
2024-06-24 06:00:00+00:00,0.0,2.625,0.0,1.3333333333333333,0.0,0.0,0.0,0.0,0.0,0.0,0.0,0.0
2024-06-24 07:00:00+00:00,0.0,2.625,0.0,1.3333333333333333,0.0,0.0,0.0,0.0,0.0,0.0,0.0,0.0
2024-06-24 08:00:00+00:00,0.0,2.625,0.0,1.3333333333333333,0.0,0.0,0.0,0.0,0.0,0.0,0.0,0.0
2024-06-24 09:00:00+00:00,0.0,2.625,0.0,1.3333333333333333,0.0,0.0,0.0,0.0,0.0,0.0,0.0,0.0
2024-06-24 10:00:00+00:00,2.0,2.7083333333333335,0.0,1.3333333333333333,0.0,0.0,0.0,0.0,0.0,0.0,0.0,0.0
2024-06-24 11:00:00+00:00,2.0,2.7916666666666665,0.0,1.3333333333333333,0.0,0.0,0.0,0.0,0.0,0.0,0.0,0.0
2024-06-24 12:00:00+00:00,15.0,3.2916666666666665,0.0,1.3333333333333333,0.0,0.0,0.0,0.0,0.0,0.0,0.0,0.0
2024-06-24 13:00:00+00:00,6.0,3.125,0.0,1.3333333333333333,0.0,0.0,0.0,0.0,0.0,0.0,0.0,0.0
2024-06-24 14:00:00+00:00,5.0,2.7083333333333335,0.0,1.3333333333333333,0.0,0.0,0.0,0.0,0.0,0.0,0.0,0.0
2024-06-24 15:00:00+00:00,0.0,2.7083333333333335,0.0,1.3333333333333333,0.0,0.0,0.0,0.0,0.0,0.0,0.0,0.0
2024-06-24 16:00:00+00:00,2.0,2.7916666666666665,0.0,1.3333333333333333,0.0,0.0,0.0,0.0,0.0,0.0,0.0,0.0
2024-06-24 17:00:00+00:00,16.0,3.4583333333333335,0.0,1.3333333333333333,0.0,0.0,0.0,0.0,0.0,0.0,0.0,0.0
2024-06-24 18:00:00+00:00,15.0,4.0,0.0,1.3333333333333333,0.0,0.0,0.0,0.0,0.0,0.0,0.0,0.0
2024-06-24 19:00:00+00:00,10.0,4.416666666666667,0.0,1.3333333333333333,0.0,0.0,0.0,0.0,0.0,0.0,0.0,0.0
2024-06-24 20:00:00+00:00,1.0,3.8333333333333335,0.0,0.7083333333333334,0.0,0.0,0.0,0.0,0.0,0.0,0.0,0.0
2024-06-24 21:00:00+00:00,5.0,3.3333333333333335,0.0,0.0,0.0,0.0,0.0,0.0,0.0,0.0,0.0,0.0
2024-06-24 22:00:00+00:00,0.0,3.3333333333333335,0.0,0.0,0.0,0.0,0.0,0.0,0.0,0.0,0.0,0.0
2024-06-24 23:00:00+00:00,0.0,3.2916666666666665,0.0,0.0,0.0,0.0,0.0,0.0,0.0,0.0,0.0,0.0
2024-06-25 00:00:00+00:00,0.0,3.2916666666666665,0.0,0.0,0.0,0.0,0.0,0.0,0.0,0.0,0.0,0.0
2024-06-25 01:00:00+00:00,0.0,3.2916666666666665,0.0,0.0,0.0,0.0,0.0,0.0,0.0,0.0,0.0,0.0
2024-06-25 02:00:00+00:00,0.0,3.2916666666666665,0.0,0.0,0.0,0.0,0.0,0.0,0.0,0.0,0.0,0.0
2024-06-25 03:00:00+00:00,0.0,3.2916666666666665,0.0,0.0,0.0,0.0,0.0,0.0,0.0,0.0,0.0,0.0
2024-06-25 04:00:00+00:00,0.0,3.2916666666666665,0.0,0.0,0.0,0.0,0.0,0.0,0.0,0.0,0.0,0.0
2024-06-25 05:00:00+00:00,0.0,3.2916666666666665,0.0,0.0,0.0,0.0,0.0,0.0,0.0,0.0,0.0,0.0
2024-06-25 06:00:00+00:00,0.0,3.2916666666666665,0.0,0.0,0.0,0.0,0.0,0.0,0.0,0.0,0.0,0.0
2024-06-25 07:00:00+00:00,0.0,3.2916666666666665,0.0,0.0,0.0,0.0,0.0,0.0,0.0,0.0,0.0,0.0
2024-06-25 08:00:00+00:00,0.0,3.2916666666666665,0.0,0.0,0.0,0.0,0.0,0.0,0.0,0.0,0.0,0.0
2024-06-25 09:00:00+00:00,0.0,3.2916666666666665,0.0,0.0,0.0,0.0,0.0,0.0,0.0,0.0,0.0,0.0
2024-06-25 10:00:00+00:00,0.0,3.2083333333333335,0.0,0.0,0.0,0.0,0.0,0.0,0.0,0.0,0.0,0.0
2024-06-25 11:00:00+00:00,9.0,3.5,0.0,0.0,0.0,0.0,0.0,0.0,0.0,0.0,0.0,0.0
2024-06-25 12:00:00+00:00,11.0,3.3333333333333335,0.0,0.0,0.0,0.0,0.0,0.0,0.0,0.0,0.0,0.0
2024-06-25 13:00:00+00:00,10.0,3.5,0.0,0.0,0.0,0.0,0.0,0.0,0.0,0.0,0.0,0.0
2024-06-25 14:00:00+00:00,13.0,3.8333333333333335,0.0,0.0,0.0,0.0,0.0,0.0,0.0,0.0,0.0,0.0
2024-06-25 15:00:00+00:00,0.0,3.8333333333333335,0.0,0.0,0.0,0.0,0.0,0.0,0.0,0.0,0.0,0.0
2024-06-25 16:00:00+00:00,0.0,3.75,0.0,0.0,0.0,0.0,0.0,0.0,0.0,0.0,0.0,0.0
2024-06-25 17:00:00+00:00,2.0,3.1666666666666665,0.0,0.0,0.0,0.0,0.0,0.0,0.0,0.0,0.0,0.0
2024-06-25 18:00:00+00:00,6.0,2.7916666666666665,0.0,0.0,0.0,0.0,0.0,0.0,0.0,0.0,0.0,0.0
2024-06-25 19:00:00+00:00,0.0,2.375,0.0,0.0,0.0,0.0,0.0,0.0,0.0,0.0,0.0,0.0
2024-06-25 20:00:00+00:00,0.0,2.3333333333333335,0.0,0.0,0.0,0.0,0.0,0.0,0.0,0.0,0.0,0.0
2024-06-25 21:00:00+00:00,0.0,2.125,0.0,0.0,0.0,0.0,0.0,0.0,0.0,0.0,0.0,0.0
2024-06-25 22:00:00+00:00,2.0,2.2083333333333335,0.0,0.0,0.0,0.0,0.0,0.0,0.0,0.0,0.0,0.0
2024-06-25 23:00:00+00:00,0.0,2.2083333333333335,0.0,0.0,0.0,0.0,0.0,0.0,0.0,0.0,0.0,0.0
2024-06-26 00:00:00+00:00,0.0,2.2083333333333335,0.0,0.0,0.0,0.0,0.0,0.0,0.0,0.0,0.0,0.0
2024-06-26 01:00:00+00:00,0.0,2.2083333333333335,0.0,0.0,0.0,0.0,0.0,0.0,0.0,0.0,0.0,0.0
2024-06-26 02:00:00+00:00,0.0,2.2083333333333335,0.0,0.0,0.0,0.0,0.0,0.0,0.0,0.0,0.0,0.0
2024-06-26 03:00:00+00:00,0.0,2.2083333333333335,0.0,0.0,0.0,0.0,0.0,0.0,0.0,0.0,0.0,0.0
2024-06-26 04:00:00+00:00,0.0,2.2083333333333335,0.0,0.0,0.0,0.0,0.0,0.0,0.0,0.0,0.0,0.0
2024-06-26 05:00:00+00:00,0.0,2.2083333333333335,0.0,0.0,0.0,0.0,0.0,0.0,0.0,0.0,0.0,0.0
2024-06-26 06:00:00+00:00,0.0,2.2083333333333335,0.0,0.0,0.0,0.0,0.0,0.0,0.0,0.0,0.0,0.0
2024-06-26 07:00:00+00:00,0.0,2.2083333333333335,0.0,0.0,0.0,0.0,0.0,0.0,0.0,0.0,0.0,0.0
2024-06-26 08:00:00+00:00,0.0,2.2083333333333335,0.0,0.0,0.0,0.0,0.0,0.0,0.0,0.0,0.0,0.0
2024-06-26 09:00:00+00:00,0.0,2.2083333333333335,0.0,0.0,0.0,0.0,0.0,0.0,0.0,0.0,0.0,0.0
2024-06-26 10:00:00+00:00,0.0,2.2083333333333335,0.0,0.0,0.0,0.0,0.0,0.0,0.0,0.0,0.0,0.0
2024-06-26 11:00:00+00:00,0.0,1.8333333333333333,0.0,0.0,0.0,0.0,0.0,0.0,0.0,0.0,0.0,0.0
2024-06-26 12:00:00+00:00,5.0,1.5833333333333333,0.0,0.0,0.0,0.0,0.0,0.0,0.0,0.0,0.0,0.0
2024-06-26 13:00:00+00:00,1.0,1.2083333333333333,0.0,0.0,0.0,0.0,0.0,0.0,0.0,0.0,0.0,0.0
2024-06-26 14:00:00+00:00,0.0,0.6666666666666666,0.0,0.0,0.0,0.0,0.0,0.0,0.0,0.0,0.0,0.0
2024-06-26 15:00:00+00:00,2.0,0.75,0.0,0.0,0.0,0.0,0.0,0.0,0.0,0.0,0.0,0.0
2024-06-26 16:00:00+00:00,3.0,0.875,0.0,0.0,0.0,0.0,0.0,0.0,0.0,0.0,0.0,0.0
2024-06-26 17:00:00+00:00,0.0,0.7916666666666666,0.0,0.0,0.0,0.0,0.0,0.0,0.0,0.0,0.0,0.0
2024-06-26 18:00:00+00:00,6.0,0.7916666666666666,0.0,0.0,0.0,0.0,0.0,0.0,0.0,0.0,0.0,0.0
2024-06-26 19:00:00+00:00,0.0,0.7916666666666666,0.0,0.0,0.0,0.0,0.0,0.0,0.0,0.0,0.0,0.0
2024-06-26 20:00:00+00:00,0.0,0.7916666666666666,0.0,0.0,0.0,0.0,0.0,0.0,0.0,0.0,0.0,0.0
2024-06-26 21:00:00+00:00,6.0,1.0416666666666667,0.0,0.0,0.0,0.0,0.0,0.0,0.0,0.0,0.0,0.0
2024-06-26 22:00:00+00:00,0.0,0.9583333333333334,0.0,0.0,0.0,0.0,0.0,0.0,0.0,0.0,0.0,0.0
2024-06-26 23:00:00+00:00,0.0,0.9583333333333334,0.0,0.0,0.0,0.0,0.0,0.0,0.0,0.0,0.0,0.0
2024-06-27 00:00:00+00:00,0.0,0.9583333333333334,0.0,0.0,0.0,0.0,0.0,0.0,0.0,0.0,0.0,0.0
2024-06-27 01:00:00+00:00,0.0,0.9583333333333334,0.0,0.0,0.0,0.0,0.0,0.0,0.0,0.0,0.0,0.0
2024-06-27 02:00:00+00:00,0.0,0.9583333333333334,0.0,0.0,0.0,0.0,0.0,0.0,0.0,0.0,0.0,0.0
2024-06-27 03:00:00+00:00,0.0,0.9583333333333334,0.0,0.0,0.0,0.0,0.0,0.0,0.0,0.0,0.0,0.0
2024-06-27 04:00:00+00:00,0.0,0.9583333333333334,0.0,0.0,0.0,0.0,0.0,0.0,0.0,0.0,0.0,0.0
2024-06-27 05:00:00+00:00,0.0,0.9583333333333334,0.0,0.0,0.0,0.0,0.0,0.0,0.0,0.0,0.0,0.0
2024-06-27 06:00:00+00:00,0.0,0.9583333333333334,0.0,0.0,0.0,0.0,0.0,0.0,0.0,0.0,0.0,0.0
2024-06-27 07:00:00+00:00,0.0,0.9583333333333334,0.0,0.0,0.0,0.0,0.0,0.0,0.0,0.0,0.0,0.0
2024-06-27 08:00:00+00:00,0.0,0.9583333333333334,0.0,0.0,0.0,0.0,0.0,0.0,0.0,0.0,0.0,0.0
2024-06-27 09:00:00+00:00,0.0,0.9583333333333334,0.0,0.0,0.0,0.0,0.0,0.0,0.0,0.0,0.0,0.0
2024-06-27 10:00:00+00:00,3.0,1.0833333333333333,0.0,0.0,0.0,0.0,0.0,0.0,0.0,0.0,0.0,0.0
2024-06-27 11:00:00+00:00,0.0,1.0833333333333333,0.0,0.0,0.0,0.0,0.0,0.0,0.0,0.0,0.0,0.0
2024-06-27 12:00:00+00:00,4.0,1.0416666666666667,0.0,0.0,0.0,0.0,0.0,0.0,0.0,0.0,0.0,0.0
2024-06-27 13:00:00+00:00,9.0,1.375,0.0,0.0,0.0,0.0,0.0,0.0,0.0,0.0,0.0,0.0
2024-06-27 14:00:00+00:00,5.0,1.5833333333333333,0.0,0.0,0.0,0.0,0.0,0.0,0.0,0.0,0.0,0.0
2024-06-27 15:00:00+00:00,5.0,1.7083333333333333,0.0,0.0,0.0,0.0,0.0,0.0,0.0,0.0,0.0,0.0
2024-06-27 16:00:00+00:00,2.0,1.6666666666666667,0.0,0.0,0.0,0.0,0.0,0.0,0.0,0.0,0.0,0.0
2024-06-27 17:00:00+00:00,0.0,1.6666666666666667,0.0,0.0,0.0,0.0,0.0,0.0,0.0,0.0,0.0,0.0
2024-06-27 18:00:00+00:00,0.0,1.4166666666666667,0.0,0.0,0.0,0.0,0.0,0.0,0.0,0.0,0.0,0.0
2024-06-27 19:00:00+00:00,5.0,1.625,0.0,0.0,0.0,0.0,0.0,0.0,0.0,0.0,0.0,0.0
2024-06-27 20:00:00+00:00,5.0,1.8333333333333333,0.0,0.0,0.0,0.0,0.0,0.0,0.0,0.0,0.0,0.0
2024-06-27 21:00:00+00:00,0.0,1.5833333333333333,0.0,0.0,0.0,0.0,0.0,0.0,0.0,0.0,0.0,0.0
2024-06-27 22:00:00+00:00,0.0,1.5833333333333333,0.0,0.0,0.0,0.0,0.0,0.0,0.0,0.0,0.0,0.0
2024-06-27 23:00:00+00:00,4.0,1.75,0.0,0.0,0.0,0.0,0.0,0.0,0.0,0.0,0.0,0.0
2024-06-28 00:00:00+00:00,8.0,2.0833333333333335,0.0,0.0,8.0,0.3333333333333333,0.0,0.0,0.0,0.0,0.0,0.0
2024-06-28 01:00:00+00:00,0.0,2.0833333333333335,0.0,0.0,0.0,0.3333333333333333,0.0,0.0,0.0,0.0,0.0,0.0
2024-06-28 02:00:00+00:00,0.0,2.0833333333333335,0.0,0.0,0.0,0.3333333333333333,0.0,0.0,0.0,0.0,0.0,0.0
2024-06-28 03:00:00+00:00,0.0,2.0833333333333335,0.0,0.0,0.0,0.3333333333333333,0.0,0.0,0.0,0.0,0.0,0.0
2024-06-28 04:00:00+00:00,0.0,2.0833333333333335,0.0,0.0,0.0,0.3333333333333333,0.0,0.0,0.0,0.0,0.0,0.0
2024-06-28 05:00:00+00:00,0.0,2.0833333333333335,0.0,0.0,0.0,0.3333333333333333,0.0,0.0,0.0,0.0,0.0,0.0
2024-06-28 06:00:00+00:00,0.0,2.0833333333333335,0.0,0.0,0.0,0.3333333333333333,0.0,0.0,0.0,0.0,0.0,0.0
2024-06-28 07:00:00+00:00,0.0,2.0833333333333335,0.0,0.0,0.0,0.3333333333333333,0.0,0.0,0.0,0.0,0.0,0.0
2024-06-28 08:00:00+00:00,0.0,2.0833333333333335,0.0,0.0,0.0,0.3333333333333333,0.0,0.0,0.0,0.0,0.0,0.0
2024-06-28 09:00:00+00:00,0.0,2.0833333333333335,0.0,0.0,0.0,0.3333333333333333,0.0,0.0,0.0,0.0,0.0,0.0
2024-06-28 10:00:00+00:00,0.0,1.9583333333333333,0.0,0.0,0.0,0.3333333333333333,0.0,0.0,0.0,0.0,0.0,0.0
2024-06-28 11:00:00+00:00,0.0,1.9583333333333333,0.0,0.0,0.0,0.3333333333333333,0.0,0.0,0.0,0.0,0.0,0.0
2024-06-28 12:00:00+00:00,5.0,2.0,0.0,0.0,5.0,0.5416666666666666,0.0,0.0,0.0,0.0,0.0,0.0
2024-06-28 13:00:00+00:00,2.0,1.7083333333333333,0.0,0.0,2.0,0.625,0.0,0.0,0.0,0.0,0.0,0.0
2024-06-28 14:00:00+00:00,0.0,1.5,0.0,0.0,0.0,0.625,0.0,0.0,0.0,0.0,0.0,0.0
2024-06-28 15:00:00+00:00,0.0,1.2916666666666667,0.0,0.0,0.0,0.625,0.0,0.0,0.0,0.0,0.0,0.0
2024-06-28 16:00:00+00:00,0.0,1.2083333333333333,0.0,0.0,0.0,0.625,0.0,0.0,0.0,0.0,0.0,0.0
2024-06-28 17:00:00+00:00,0.0,1.2083333333333333,0.0,0.0,0.0,0.625,0.0,0.0,0.0,0.0,0.0,0.0
2024-06-28 18:00:00+00:00,0.0,1.2083333333333333,0.0,0.0,0.0,0.625,0.0,0.0,0.0,0.0,0.0,0.0
2024-06-28 19:00:00+00:00,3.0,1.125,0.0,0.0,3.0,0.75,0.0,0.0,0.0,0.0,0.0,0.0
2024-06-28 20:00:00+00:00,0.0,0.9166666666666666,0.0,0.0,0.0,0.75,0.0,0.0,0.0,0.0,0.0,0.0
2024-06-28 21:00:00+00:00,0.0,0.9166666666666666,0.0,0.0,0.0,0.75,0.0,0.0,0.0,0.0,0.0,0.0
2024-06-28 22:00:00+00:00,0.0,0.9166666666666666,0.0,0.0,0.0,0.75,0.0,0.0,0.0,0.0,0.0,0.0
2024-06-28 23:00:00+00:00,0.0,0.75,0.0,0.0,0.0,0.75,0.0,0.0,0.0,0.0,0.0,0.0
2024-06-29 00:00:00+00:00,0.0,0.4166666666666667,0.0,0.0,0.0,0.4166666666666667,0.0,0.0,0.0,0.0,0.0,0.0
2024-06-29 01:00:00+00:00,1.0,0.4583333333333333,0.0,0.0,0.0,0.4166666666666667,0.0,0.0,0.0,0.0,0.0,0.0
2024-06-29 02:00:00+00:00,0.0,0.4583333333333333,0.0,0.0,0.0,0.4166666666666667,0.0,0.0,0.0,0.0,0.0,0.0
2024-06-29 03:00:00+00:00,0.0,0.4583333333333333,0.0,0.0,0.0,0.4166666666666667,0.0,0.0,0.0,0.0,0.0,0.0
2024-06-29 04:00:00+00:00,0.0,0.4583333333333333,0.0,0.0,0.0,0.4166666666666667,0.0,0.0,0.0,0.0,0.0,0.0
2024-06-29 05:00:00+00:00,29.0,1.6666666666666667,29.0,1.2083333333333333,0.0,0.4166666666666667,0.0,0.0,0.0,0.0,0.0,0.0
2024-06-29 06:00:00+00:00,0.0,1.6666666666666667,0.0,1.2083333333333333,0.0,0.4166666666666667,0.0,0.0,0.0,0.0,0.0,0.0
2024-06-29 07:00:00+00:00,0.0,1.6666666666666667,0.0,1.2083333333333333,0.0,0.4166666666666667,0.0,0.0,0.0,0.0,0.0,0.0
2024-06-29 08:00:00+00:00,0.0,1.6666666666666667,0.0,1.2083333333333333,0.0,0.4166666666666667,0.0,0.0,0.0,0.0,0.0,0.0
2024-06-29 09:00:00+00:00,0.0,1.6666666666666667,0.0,1.2083333333333333,0.0,0.4166666666666667,0.0,0.0,0.0,0.0,0.0,0.0
2024-06-29 10:00:00+00:00,1.0,1.7083333333333333,0.0,1.2083333333333333,0.0,0.4166666666666667,0.0,0.0,0.0,0.0,0.0,0.0
2024-06-29 11:00:00+00:00,0.0,1.7083333333333333,0.0,1.2083333333333333,0.0,0.4166666666666667,0.0,0.0,0.0,0.0,0.0,0.0
2024-06-29 12:00:00+00:00,0.0,1.5,0.0,1.2083333333333333,0.0,0.20833333333333334,0.0,0.0,0.0,0.0,0.0,0.0
2024-06-29 13:00:00+00:00,0.0,1.4166666666666667,0.0,1.2083333333333333,0.0,0.125,0.0,0.0,0.0,0.0,0.0,0.0
2024-06-29 14:00:00+00:00,0.0,1.4166666666666667,0.0,1.2083333333333333,0.0,0.125,0.0,0.0,0.0,0.0,0.0,0.0
2024-06-29 15:00:00+00:00,0.0,1.4166666666666667,0.0,1.2083333333333333,0.0,0.125,0.0,0.0,0.0,0.0,0.0,0.0
2024-06-29 16:00:00+00:00,0.0,1.4166666666666667,0.0,1.2083333333333333,0.0,0.125,0.0,0.0,0.0,0.0,0.0,0.0
2024-06-29 17:00:00+00:00,0.0,1.4166666666666667,0.0,1.2083333333333333,0.0,0.125,0.0,0.0,0.0,0.0,0.0,0.0
2024-06-29 18:00:00+00:00,0.0,1.4166666666666667,0.0,1.2083333333333333,0.0,0.125,0.0,0.0,0.0,0.0,0.0,0.0
2024-06-29 19:00:00+00:00,0.0,1.2916666666666667,0.0,1.2083333333333333,0.0,0.0,0.0,0.0,0.0,0.0,0.0,0.0
2024-06-29 20:00:00+00:00,0.0,1.2916666666666667,0.0,1.2083333333333333,0.0,0.0,0.0,0.0,0.0,0.0,0.0,0.0
2024-06-29 21:00:00+00:00,0.0,1.2916666666666667,0.0,1.2083333333333333,0.0,0.0,0.0,0.0,0.0,0.0,0.0,0.0
2024-06-29 22:00:00+00:00,0.0,1.2916666666666667,0.0,1.2083333333333333,0.0,0.0,0.0,0.0,0.0,0.0,0.0,0.0
2024-06-29 23:00:00+00:00,22.0,2.2083333333333335,22.0,2.125,0.0,0.0,0.0,0.0,0.0,0.0,0.0,0.0
2024-06-30 00:00:00+00:00,18.0,2.9583333333333335,17.0,2.8333333333333335,0.0,0.0,0.0,0.0,0.0,0.0,0.0,0.0
2024-06-30 01:00:00+00:00,0.0,2.9166666666666665,0.0,2.8333333333333335,0.0,0.0,0.0,0.0,0.0,0.0,0.0,0.0
2024-06-30 02:00:00+00:00,39.0,4.541666666666667,39.0,4.458333333333333,0.0,0.0,0.0,0.0,0.0,0.0,0.0,0.0
2024-06-30 03:00:00+00:00,0.0,4.541666666666667,0.0,4.458333333333333,0.0,0.0,0.0,0.0,0.0,0.0,0.0,0.0
2024-06-30 04:00:00+00:00,0.0,4.541666666666667,0.0,4.458333333333333,0.0,0.0,0.0,0.0,0.0,0.0,0.0,0.0
2024-06-30 05:00:00+00:00,0.0,3.3333333333333335,0.0,3.25,0.0,0.0,0.0,0.0,0.0,0.0,0.0,0.0
2024-06-30 06:00:00+00:00,0.0,3.3333333333333335,0.0,3.25,0.0,0.0,0.0,0.0,0.0,0.0,0.0,0.0
2024-06-30 07:00:00+00:00,0.0,3.3333333333333335,0.0,3.25,0.0,0.0,0.0,0.0,0.0,0.0,0.0,0.0
2024-06-30 08:00:00+00:00,0.0,3.3333333333333335,0.0,3.25,0.0,0.0,0.0,0.0,0.0,0.0,0.0,0.0
2024-06-30 09:00:00+00:00,0.0,3.3333333333333335,0.0,3.25,0.0,0.0,0.0,0.0,0.0,0.0,0.0,0.0
2024-06-30 10:00:00+00:00,0.0,3.2916666666666665,0.0,3.25,0.0,0.0,0.0,0.0,0.0,0.0,0.0,0.0
2024-06-30 11:00:00+00:00,0.0,3.2916666666666665,0.0,3.25,0.0,0.0,0.0,0.0,0.0,0.0,0.0,0.0
2024-06-30 12:00:00+00:00,0.0,3.2916666666666665,0.0,3.25,0.0,0.0,0.0,0.0,0.0,0.0,0.0,0.0
2024-06-30 13:00:00+00:00,0.0,3.2916666666666665,0.0,3.25,0.0,0.0,0.0,0.0,0.0,0.0,0.0,0.0
2024-06-30 14:00:00+00:00,1.0,3.3333333333333335,0.0,3.25,0.0,0.0,0.0,0.0,0.0,0.0,0.0,0.0
2024-06-30 15:00:00+00:00,10.0,3.75,0.0,3.25,0.0,0.0,0.0,0.0,0.0,0.0,0.0,0.0
2024-06-30 16:00:00+00:00,22.0,4.666666666666667,0.0,3.25,0.0,0.0,0.0,0.0,0.0,0.0,0.0,0.0
2024-06-30 17:00:00+00:00,19.0,5.458333333333333,0.0,3.25,0.0,0.0,0.0,0.0,0.0,0.0,0.0,0.0
2024-06-30 18:00:00+00:00,5.0,5.666666666666667,0.0,3.25,0.0,0.0,0.0,0.0,0.0,0.0,0.0,0.0
2024-06-30 19:00:00+00:00,10.0,6.083333333333333,0.0,3.25,0.0,0.0,0.0,0.0,0.0,0.0,0.0,0.0
2024-06-30 20:00:00+00:00,2.0,6.166666666666667,0.0,3.25,0.0,0.0,0.0,0.0,0.0,0.0,0.0,0.0
2024-06-30 21:00:00+00:00,14.0,6.75,13.0,3.7916666666666665,0.0,0.0,0.0,0.0,0.0,0.0,0.0,0.0
2024-06-30 22:00:00+00:00,31.0,8.041666666666666,31.0,5.083333333333333,0.0,0.0,0.0,0.0,0.0,0.0,0.0,0.0
2024-06-30 23:00:00+00:00,2.0,7.208333333333333,2.0,4.25,0.0,0.0,0.0,0.0,0.0,0.0,0.0,0.0
2024-07-01 00:00:00+00:00,4.0,6.625,0.0,3.5416666666666665,0.0,0.0,0.0,0.0,0.0,0.0,0.0,0.0
2024-07-01 01:00:00+00:00,0.0,6.625,0.0,3.5416666666666665,0.0,0.0,0.0,0.0,0.0,0.0,0.0,0.0
2024-07-01 02:00:00+00:00,0.0,5.0,0.0,1.9166666666666667,0.0,0.0,0.0,0.0,0.0,0.0,0.0,0.0
2024-07-01 03:00:00+00:00,0.0,5.0,0.0,1.9166666666666667,0.0,0.0,0.0,0.0,0.0,0.0,0.0,0.0
2024-07-01 04:00:00+00:00,0.0,5.0,0.0,1.9166666666666667,0.0,0.0,0.0,0.0,0.0,0.0,0.0,0.0
2024-07-01 05:00:00+00:00,0.0,5.0,0.0,1.9166666666666667,0.0,0.0,0.0,0.0,0.0,0.0,0.0,0.0
2024-07-01 06:00:00+00:00,0.0,5.0,0.0,1.9166666666666667,0.0,0.0,0.0,0.0,0.0,0.0,0.0,0.0
2024-07-01 07:00:00+00:00,0.0,5.0,0.0,1.9166666666666667,0.0,0.0,0.0,0.0,0.0,0.0,0.0,0.0
2024-07-01 08:00:00+00:00,0.0,5.0,0.0,1.9166666666666667,0.0,0.0,0.0,0.0,0.0,0.0,0.0,0.0
2024-07-01 09:00:00+00:00,0.0,5.0,0.0,1.9166666666666667,0.0,0.0,0.0,0.0,0.0,0.0,0.0,0.0
2024-07-01 10:00:00+00:00,8.0,5.333333333333333,0.0,1.9166666666666667,0.0,0.0,0.0,0.0,0.0,0.0,0.0,0.0
2024-07-01 11:00:00+00:00,2.0,5.416666666666667,0.0,1.9166666666666667,0.0,0.0,0.0,0.0,0.0,0.0,0.0,0.0
2024-07-01 12:00:00+00:00,0.0,5.416666666666667,0.0,1.9166666666666667,0.0,0.0,0.0,0.0,0.0,0.0,0.0,0.0
2024-07-01 13:00:00+00:00,5.0,5.625,0.0,1.9166666666666667,0.0,0.0,0.0,0.0,0.0,0.0,0.0,0.0
2024-07-01 14:00:00+00:00,0.0,5.583333333333333,0.0,1.9166666666666667,0.0,0.0,0.0,0.0,0.0,0.0,0.0,0.0
2024-07-01 15:00:00+00:00,0.0,5.166666666666667,0.0,1.9166666666666667,0.0,0.0,0.0,0.0,0.0,0.0,0.0,0.0
2024-07-01 16:00:00+00:00,6.0,4.5,0.0,1.9166666666666667,0.0,0.0,0.0,0.0,0.0,0.0,0.0,0.0
2024-07-01 17:00:00+00:00,12.0,4.208333333333333,0.0,1.9166666666666667,0.0,0.0,0.0,0.0,0.0,0.0,0.0,0.0
2024-07-01 18:00:00+00:00,1.0,4.041666666666667,0.0,1.9166666666666667,0.0,0.0,0.0,0.0,0.0,0.0,0.0,0.0
2024-07-01 19:00:00+00:00,0.0,3.625,0.0,1.9166666666666667,0.0,0.0,0.0,0.0,0.0,0.0,0.0,0.0
2024-07-01 20:00:00+00:00,7.0,3.8333333333333335,0.0,1.9166666666666667,0.0,0.0,0.0,0.0,0.0,0.0,0.0,0.0
2024-07-01 21:00:00+00:00,6.0,3.5,0.0,1.375,0.0,0.0,0.0,0.0,0.0,0.0,0.0,0.0
2024-07-01 22:00:00+00:00,0.0,2.2083333333333335,0.0,0.08333333333333333,0.0,0.0,0.0,0.0,0.0,0.0,0.0,0.0
2024-07-01 23:00:00+00:00,0.0,2.125,0.0,0.0,0.0,0.0,0.0,0.0,0.0,0.0,0.0,0.0
2024-07-02 00:00:00+00:00,0.0,1.9583333333333333,0.0,0.0,0.0,0.0,0.0,0.0,0.0,0.0,0.0,0.0
2024-07-02 01:00:00+00:00,0.0,1.9583333333333333,0.0,0.0,0.0,0.0,0.0,0.0,0.0,0.0,0.0,0.0
2024-07-02 02:00:00+00:00,74.0,5.041666666666667,74.0,3.0833333333333335,0.0,0.0,0.0,0.0,0.0,0.0,0.0,0.0
2024-07-02 03:00:00+00:00,0.0,5.041666666666667,0.0,3.0833333333333335,0.0,0.0,0.0,0.0,0.0,0.0,0.0,0.0
2024-07-02 04:00:00+00:00,0.0,5.041666666666667,0.0,3.0833333333333335,0.0,0.0,0.0,0.0,0.0,0.0,0.0,0.0
2024-07-02 05:00:00+00:00,0.0,5.041666666666667,0.0,3.0833333333333335,0.0,0.0,0.0,0.0,0.0,0.0,0.0,0.0
2024-07-02 06:00:00+00:00,0.0,5.041666666666667,0.0,3.0833333333333335,0.0,0.0,0.0,0.0,0.0,0.0,0.0,0.0
2024-07-02 07:00:00+00:00,0.0,5.041666666666667,0.0,3.0833333333333335,0.0,0.0,0.0,0.0,0.0,0.0,0.0,0.0
2024-07-02 08:00:00+00:00,0.0,5.041666666666667,0.0,3.0833333333333335,0.0,0.0,0.0,0.0,0.0,0.0,0.0,0.0
2024-07-02 09:00:00+00:00,0.0,5.041666666666667,0.0,3.0833333333333335,0.0,0.0,0.0,0.0,0.0,0.0,0.0,0.0
2024-07-02 10:00:00+00:00,13.0,5.25,0.0,3.0833333333333335,0.0,0.0,0.0,0.0,0.0,0.0,0.0,0.0
2024-07-02 11:00:00+00:00,0.0,5.166666666666667,0.0,3.0833333333333335,0.0,0.0,0.0,0.0,0.0,0.0,0.0,0.0
2024-07-02 12:00:00+00:00,0.0,5.166666666666667,0.0,3.0833333333333335,0.0,0.0,0.0,0.0,0.0,0.0,0.0,0.0
2024-07-02 13:00:00+00:00,0.0,4.958333333333333,0.0,3.0833333333333335,0.0,0.0,0.0,0.0,0.0,0.0,0.0,0.0
2024-07-02 14:00:00+00:00,11.0,5.416666666666667,0.0,3.0833333333333335,0.0,0.0,0.0,0.0,0.0,0.0,0.0,0.0
2024-07-02 15:00:00+00:00,7.0,5.708333333333333,0.0,3.0833333333333335,0.0,0.0,0.0,0.0,0.0,0.0,0.0,0.0
2024-07-02 16:00:00+00:00,3.0,5.583333333333333,0.0,3.0833333333333335,0.0,0.0,0.0,0.0,0.0,0.0,0.0,0.0
2024-07-02 17:00:00+00:00,18.0,5.833333333333333,0.0,3.0833333333333335,0.0,0.0,0.0,0.0,0.0,0.0,0.0,0.0
2024-07-02 18:00:00+00:00,11.0,6.25,0.0,3.0833333333333335,0.0,0.0,0.0,0.0,0.0,0.0,0.0,0.0
2024-07-02 19:00:00+00:00,15.0,6.875,0.0,3.0833333333333335,0.0,0.0,0.0,0.0,0.0,0.0,0.0,0.0
2024-07-02 20:00:00+00:00,6.0,6.833333333333333,0.0,3.0833333333333335,0.0,0.0,0.0,0.0,0.0,0.0,0.0,0.0
2024-07-02 21:00:00+00:00,0.0,6.583333333333333,0.0,3.0833333333333335,0.0,0.0,0.0,0.0,0.0,0.0,0.0,0.0
2024-07-02 22:00:00+00:00,0.0,6.583333333333333,0.0,3.0833333333333335,0.0,0.0,0.0,0.0,0.0,0.0,0.0,0.0
2024-07-02 23:00:00+00:00,0.0,6.583333333333333,0.0,3.0833333333333335,0.0,0.0,0.0,0.0,0.0,0.0,0.0,0.0
2024-07-03 00:00:00+00:00,0.0,6.583333333333333,0.0,3.0833333333333335,0.0,0.0,0.0,0.0,0.0,0.0,0.0,0.0
2024-07-03 01:00:00+00:00,0.0,6.583333333333333,0.0,3.0833333333333335,0.0,0.0,0.0,0.0,0.0,0.0,0.0,0.0
2024-07-03 02:00:00+00:00,5.0,3.7083333333333335,0.0,0.0,0.0,0.0,0.0,0.0,0.0,0.0,0.0,0.0
2024-07-03 03:00:00+00:00,0.0,3.7083333333333335,0.0,0.0,0.0,0.0,0.0,0.0,0.0,0.0,0.0,0.0
2024-07-03 04:00:00+00:00,0.0,3.7083333333333335,0.0,0.0,0.0,0.0,0.0,0.0,0.0,0.0,0.0,0.0
2024-07-03 05:00:00+00:00,0.0,3.7083333333333335,0.0,0.0,0.0,0.0,0.0,0.0,0.0,0.0,0.0,0.0
2024-07-03 06:00:00+00:00,0.0,3.7083333333333335,0.0,0.0,0.0,0.0,0.0,0.0,0.0,0.0,0.0,0.0
2024-07-03 07:00:00+00:00,0.0,3.7083333333333335,0.0,0.0,0.0,0.0,0.0,0.0,0.0,0.0,0.0,0.0
2024-07-03 08:00:00+00:00,0.0,3.7083333333333335,0.0,0.0,0.0,0.0,0.0,0.0,0.0,0.0,0.0,0.0
2024-07-03 09:00:00+00:00,0.0,3.7083333333333335,0.0,0.0,0.0,0.0,0.0,0.0,0.0,0.0,0.0,0.0
2024-07-03 10:00:00+00:00,0.0,3.1666666666666665,0.0,0.0,0.0,0.0,0.0,0.0,0.0,0.0,0.0,0.0
2024-07-03 11:00:00+00:00,0.0,3.1666666666666665,0.0,0.0,0.0,0.0,0.0,0.0,0.0,0.0,0.0,0.0
2024-07-03 12:00:00+00:00,8.0,3.5,0.0,0.0,0.0,0.0,0.0,0.0,0.0,0.0,0.0,0.0
2024-07-03 13:00:00+00:00,1.0,3.5416666666666665,0.0,0.0,0.0,0.0,0.0,0.0,0.0,0.0,0.0,0.0
2024-07-03 14:00:00+00:00,4.0,3.25,0.0,0.0,0.0,0.0,0.0,0.0,0.0,0.0,0.0,0.0
2024-07-03 15:00:00+00:00,0.0,2.9583333333333335,0.0,0.0,0.0,0.0,0.0,0.0,0.0,0.0,0.0,0.0
2024-07-03 16:00:00+00:00,0.0,2.8333333333333335,0.0,0.0,0.0,0.0,0.0,0.0,0.0,0.0,0.0,0.0
2024-07-03 17:00:00+00:00,9.0,2.4583333333333335,0.0,0.0,0.0,0.0,0.0,0.0,0.0,0.0,0.0,0.0
2024-07-03 18:00:00+00:00,0.0,2.0,0.0,0.0,0.0,0.0,0.0,0.0,0.0,0.0,0.0,0.0
2024-07-03 19:00:00+00:00,6.0,1.625,0.0,0.0,0.0,0.0,0.0,0.0,0.0,0.0,0.0,0.0
2024-07-03 20:00:00+00:00,0.0,1.375,0.0,0.0,0.0,0.0,0.0,0.0,0.0,0.0,0.0,0.0
2024-07-03 21:00:00+00:00,0.0,1.375,0.0,0.0,0.0,0.0,0.0,0.0,0.0,0.0,0.0,0.0
2024-07-03 22:00:00+00:00,0.0,1.375,0.0,0.0,0.0,0.0,0.0,0.0,0.0,0.0,0.0,0.0
2024-07-03 23:00:00+00:00,0.0,1.375,0.0,0.0,0.0,0.0,0.0,0.0,0.0,0.0,0.0,0.0
2024-07-04 00:00:00+00:00,0.0,1.375,0.0,0.0,0.0,0.0,0.0,0.0,0.0,0.0,0.0,0.0
2024-07-04 01:00:00+00:00,14.0,1.9583333333333333,0.0,0.0,14.0,0.5833333333333334,0.0,0.0,0.0,0.0,0.0,0.0
2024-07-04 02:00:00+00:00,0.0,1.75,0.0,0.0,0.0,0.5833333333333334,0.0,0.0,0.0,0.0,0.0,0.0
2024-07-04 03:00:00+00:00,0.0,1.75,0.0,0.0,0.0,0.5833333333333334,0.0,0.0,0.0,0.0,0.0,0.0
2024-07-04 04:00:00+00:00,0.0,1.75,0.0,0.0,0.0,0.5833333333333334,0.0,0.0,0.0,0.0,0.0,0.0
2024-07-04 05:00:00+00:00,0.0,1.75,0.0,0.0,0.0,0.5833333333333334,0.0,0.0,0.0,0.0,0.0,0.0
2024-07-04 06:00:00+00:00,0.0,1.75,0.0,0.0,0.0,0.5833333333333334,0.0,0.0,0.0,0.0,0.0,0.0
2024-07-04 07:00:00+00:00,0.0,1.75,0.0,0.0,0.0,0.5833333333333334,0.0,0.0,0.0,0.0,0.0,0.0
2024-07-04 08:00:00+00:00,3.0,1.875,0.0,0.0,3.0,0.7083333333333334,0.0,0.0,0.0,0.0,0.0,0.0
2024-07-04 09:00:00+00:00,16.0,2.5416666666666665,0.0,0.0,16.0,1.375,0.0,0.0,0.0,0.0,0.0,0.0
2024-07-04 10:00:00+00:00,15.0,3.1666666666666665,5.0,0.20833333333333334,15.0,2.0,0.0,0.0,0.0,0.0,0.0,0.0
2024-07-04 11:00:00+00:00,29.0,4.375,29.0,1.4166666666666667,29.0,3.2083333333333335,0.0,0.0,0.0,0.0,0.0,0.0
2024-07-04 12:00:00+00:00,38.0,5.625,38.0,3.0,38.0,4.791666666666667,0.0,0.0,0.0,0.0,0.0,0.0
2024-07-04 13:00:00+00:00,4.0,5.75,4.0,3.1666666666666665,4.0,4.958333333333333,0.0,0.0,0.0,0.0,0.0,0.0
2024-07-04 14:00:00+00:00,23.0,6.541666666666667,23.0,4.125,23.0,5.916666666666667,0.0,0.0,0.0,0.0,0.0,0.0
2024-07-04 15:00:00+00:00,0.0,6.541666666666667,0.0,4.125,0.0,5.916666666666667,0.0,0.0,0.0,0.0,0.0,0.0
2024-07-04 16:00:00+00:00,0.0,6.541666666666667,0.0,4.125,0.0,5.916666666666667,0.0,0.0,0.0,0.0,0.0,0.0
2024-07-04 17:00:00+00:00,0.0,6.166666666666667,0.0,4.125,0.0,5.916666666666667,0.0,0.0,0.0,0.0,0.0,0.0
2024-07-04 18:00:00+00:00,0.0,6.166666666666667,0.0,4.125,0.0,5.916666666666667,0.0,0.0,0.0,0.0,0.0,0.0
2024-07-04 19:00:00+00:00,0.0,5.916666666666667,0.0,4.125,0.0,5.916666666666667,0.0,0.0,0.0,0.0,0.0,0.0
2024-07-04 20:00:00+00:00,0.0,5.916666666666667,0.0,4.125,0.0,5.916666666666667,0.0,0.0,0.0,0.0,0.0,0.0
2024-07-04 21:00:00+00:00,2.0,6.0,0.0,4.125,2.0,6.0,0.0,0.0,0.0,0.0,0.0,0.0
2024-07-04 22:00:00+00:00,1.0,6.041666666666667,0.0,4.125,1.0,6.041666666666667,0.0,0.0,0.0,0.0,0.0,0.0
2024-07-04 23:00:00+00:00,0.0,6.041666666666667,0.0,4.125,0.0,6.041666666666667,0.0,0.0,0.0,0.0,0.0,0.0
2024-07-05 00:00:00+00:00,4.0,6.208333333333333,0.0,4.125,0.0,6.041666666666667,0.0,0.0,0.0,0.0,0.0,0.0
2024-07-05 01:00:00+00:00,2.0,5.708333333333333,0.0,4.125,0.0,5.458333333333333,0.0,0.0,0.0,0.0,0.0,0.0
2024-07-05 02:00:00+00:00,0.0,5.708333333333333,0.0,4.125,0.0,5.458333333333333,0.0,0.0,0.0,0.0,0.0,0.0
2024-07-05 03:00:00+00:00,0.0,5.708333333333333,0.0,4.125,0.0,5.458333333333333,0.0,0.0,0.0,0.0,0.0,0.0
2024-07-05 04:00:00+00:00,0.0,5.708333333333333,0.0,4.125,0.0,5.458333333333333,0.0,0.0,0.0,0.0,0.0,0.0
2024-07-05 05:00:00+00:00,0.0,5.708333333333333,0.0,4.125,0.0,5.458333333333333,0.0,0.0,0.0,0.0,0.0,0.0
2024-07-05 06:00:00+00:00,0.0,5.708333333333333,0.0,4.125,0.0,5.458333333333333,0.0,0.0,0.0,0.0,0.0,0.0
2024-07-05 07:00:00+00:00,0.0,5.708333333333333,0.0,4.125,0.0,5.458333333333333,0.0,0.0,0.0,0.0,0.0,0.0
2024-07-05 08:00:00+00:00,0.0,5.583333333333333,0.0,4.125,0.0,5.333333333333333,0.0,0.0,0.0,0.0,0.0,0.0
2024-07-05 09:00:00+00:00,0.0,4.916666666666667,0.0,4.125,0.0,4.666666666666667,0.0,0.0,0.0,0.0,0.0,0.0
2024-07-05 10:00:00+00:00,0.0,4.291666666666667,0.0,3.9166666666666665,0.0,4.041666666666667,0.0,0.0,0.0,0.0,0.0,0.0
2024-07-05 11:00:00+00:00,8.0,3.4166666666666665,0.0,2.7083333333333335,0.0,2.8333333333333335,0.0,0.0,0.0,0.0,0.0,0.0
2024-07-05 12:00:00+00:00,0.0,1.8333333333333333,0.0,1.125,0.0,1.25,0.0,0.0,0.0,0.0,0.0,0.0
2024-07-05 13:00:00+00:00,2.0,1.75,0.0,0.9583333333333334,0.0,1.0833333333333333,0.0,0.0,0.0,0.0,0.0,0.0
2024-07-05 14:00:00+00:00,4.0,0.9583333333333334,0.0,0.0,0.0,0.125,0.0,0.0,0.0,0.0,0.0,0.0
2024-07-05 15:00:00+00:00,0.0,0.9583333333333334,0.0,0.0,0.0,0.125,0.0,0.0,0.0,0.0,0.0,0.0
2024-07-05 16:00:00+00:00,0.0,0.9583333333333334,0.0,0.0,0.0,0.125,0.0,0.0,0.0,0.0,0.0,0.0
2024-07-05 17:00:00+00:00,0.0,0.9583333333333334,0.0,0.0,0.0,0.125,0.0,0.0,0.0,0.0,0.0,0.0
2024-07-05 18:00:00+00:00,0.0,0.9583333333333334,0.0,0.0,0.0,0.125,0.0,0.0,0.0,0.0,0.0,0.0
2024-07-05 19:00:00+00:00,0.0,0.9583333333333334,0.0,0.0,0.0,0.125,0.0,0.0,0.0,0.0,0.0,0.0
2024-07-05 20:00:00+00:00,0.0,0.9583333333333334,0.0,0.0,0.0,0.125,0.0,0.0,0.0,0.0,0.0,0.0
2024-07-05 21:00:00+00:00,5.0,1.0833333333333333,0.0,0.0,0.0,0.041666666666666664,0.0,0.0,0.0,0.0,0.0,0.0
2024-07-05 22:00:00+00:00,2.0,1.125,0.0,0.0,0.0,0.0,0.0,0.0,0.0,0.0,0.0,0.0
2024-07-05 23:00:00+00:00,13.0,1.6666666666666667,0.0,0.0,0.0,0.0,0.0,0.0,0.0,0.0,0.0,0.0
2024-07-06 00:00:00+00:00,10.0,1.9166666666666667,0.0,0.0,0.0,0.0,0.0,0.0,0.0,0.0,0.0,0.0
2024-07-06 01:00:00+00:00,1.0,1.875,0.0,0.0,0.0,0.0,0.0,0.0,0.0,0.0,0.0,0.0
2024-07-06 02:00:00+00:00,0.0,1.875,0.0,0.0,0.0,0.0,0.0,0.0,0.0,0.0,0.0,0.0
2024-07-06 03:00:00+00:00,0.0,1.875,0.0,0.0,0.0,0.0,0.0,0.0,0.0,0.0,0.0,0.0
2024-07-06 04:00:00+00:00,0.0,1.875,0.0,0.0,0.0,0.0,0.0,0.0,0.0,0.0,0.0,0.0
2024-07-06 05:00:00+00:00,0.0,1.875,0.0,0.0,0.0,0.0,0.0,0.0,0.0,0.0,0.0,0.0
2024-07-06 06:00:00+00:00,0.0,1.875,0.0,0.0,0.0,0.0,0.0,0.0,0.0,0.0,0.0,0.0
2024-07-06 07:00:00+00:00,0.0,1.875,0.0,0.0,0.0,0.0,0.0,0.0,0.0,0.0,0.0,0.0
2024-07-06 08:00:00+00:00,6.0,2.125,0.0,0.0,0.0,0.0,0.0,0.0,0.0,0.0,0.0,0.0
2024-07-06 09:00:00+00:00,2.0,2.2083333333333335,0.0,0.0,0.0,0.0,0.0,0.0,0.0,0.0,0.0,0.0
2024-07-06 10:00:00+00:00,0.0,2.2083333333333335,0.0,0.0,0.0,0.0,0.0,0.0,0.0,0.0,0.0,0.0
2024-07-06 11:00:00+00:00,0.0,1.875,0.0,0.0,0.0,0.0,0.0,0.0,0.0,0.0,0.0,0.0
2024-07-06 12:00:00+00:00,0.0,1.875,0.0,0.0,0.0,0.0,0.0,0.0,0.0,0.0,0.0,0.0
2024-07-06 13:00:00+00:00,6.0,2.0416666666666665,4.0,0.16666666666666666,0.0,0.0,0.0,0.0,0.0,0.0,0.0,0.0
2024-07-06 14:00:00+00:00,37.0,3.4166666666666665,37.0,1.7083333333333333,0.0,0.0,0.0,0.0,0.0,0.0,0.0,0.0
2024-07-06 15:00:00+00:00,11.0,3.875,0.0,1.7083333333333333,0.0,0.0,0.0,0.0,0.0,0.0,0.0,0.0
2024-07-06 16:00:00+00:00,8.0,4.208333333333333,0.0,1.7083333333333333,0.0,0.0,0.0,0.0,0.0,0.0,0.0,0.0
2024-07-06 17:00:00+00:00,0.0,4.208333333333333,0.0,1.7083333333333333,0.0,0.0,0.0,0.0,0.0,0.0,0.0,0.0
2024-07-06 18:00:00+00:00,0.0,4.208333333333333,0.0,1.7083333333333333,0.0,0.0,0.0,0.0,0.0,0.0,0.0,0.0
2024-07-06 19:00:00+00:00,1.0,4.25,0.0,1.7083333333333333,0.0,0.0,0.0,0.0,0.0,0.0,0.0,0.0
2024-07-06 20:00:00+00:00,0.0,4.25,0.0,1.7083333333333333,0.0,0.0,0.0,0.0,0.0,0.0,0.0,0.0
2024-07-06 21:00:00+00:00,0.0,4.041666666666667,0.0,1.7083333333333333,0.0,0.0,0.0,0.0,0.0,0.0,0.0,0.0
2024-07-06 22:00:00+00:00,0.0,3.9583333333333335,0.0,1.7083333333333333,0.0,0.0,0.0,0.0,0.0,0.0,0.0,0.0
2024-07-06 23:00:00+00:00,3.0,3.5416666666666665,3.0,1.8333333333333333,0.0,0.0,0.0,0.0,0.0,0.0,0.0,0.0
2024-07-07 00:00:00+00:00,38.0,4.708333333333333,38.0,3.4166666666666665,0.0,0.0,0.0,0.0,0.0,0.0,0.0,0.0
2024-07-07 01:00:00+00:00,19.0,5.458333333333333,19.0,4.208333333333333,0.0,0.0,0.0,0.0,0.0,0.0,0.0,0.0
2024-07-07 02:00:00+00:00,0.0,5.458333333333333,0.0,4.208333333333333,0.0,0.0,0.0,0.0,0.0,0.0,0.0,0.0
2024-07-07 03:00:00+00:00,0.0,5.458333333333333,0.0,4.208333333333333,0.0,0.0,0.0,0.0,0.0,0.0,0.0,0.0
2024-07-07 04:00:00+00:00,0.0,5.458333333333333,0.0,4.208333333333333,0.0,0.0,0.0,0.0,0.0,0.0,0.0,0.0
2024-07-07 05:00:00+00:00,0.0,5.458333333333333,0.0,4.208333333333333,0.0,0.0,0.0,0.0,0.0,0.0,0.0,0.0
2024-07-07 06:00:00+00:00,0.0,5.458333333333333,0.0,4.208333333333333,0.0,0.0,0.0,0.0,0.0,0.0,0.0,0.0
2024-07-07 07:00:00+00:00,0.0,5.458333333333333,0.0,4.208333333333333,0.0,0.0,0.0,0.0,0.0,0.0,0.0,0.0
2024-07-07 08:00:00+00:00,0.0,5.208333333333333,0.0,4.208333333333333,0.0,0.0,0.0,0.0,0.0,0.0,0.0,0.0
2024-07-07 09:00:00+00:00,0.0,5.125,0.0,4.208333333333333,0.0,0.0,0.0,0.0,0.0,0.0,0.0,0.0
2024-07-07 10:00:00+00:00,0.0,5.125,0.0,4.208333333333333,0.0,0.0,0.0,0.0,0.0,0.0,0.0,0.0
2024-07-07 11:00:00+00:00,0.0,5.125,0.0,4.208333333333333,0.0,0.0,0.0,0.0,0.0,0.0,0.0,0.0
2024-07-07 12:00:00+00:00,0.0,5.125,0.0,4.208333333333333,0.0,0.0,0.0,0.0,0.0,0.0,0.0,0.0
2024-07-07 13:00:00+00:00,0.0,4.875,0.0,4.041666666666667,0.0,0.0,0.0,0.0,0.0,0.0,0.0,0.0
2024-07-07 14:00:00+00:00,0.0,3.3333333333333335,0.0,2.5,0.0,0.0,0.0,0.0,0.0,0.0,0.0,0.0
2024-07-07 15:00:00+00:00,0.0,2.875,0.0,2.5,0.0,0.0,0.0,0.0,0.0,0.0,0.0,0.0
2024-07-07 16:00:00+00:00,0.0,2.5416666666666665,0.0,2.5,0.0,0.0,0.0,0.0,0.0,0.0,0.0,0.0
2024-07-07 17:00:00+00:00,0.0,2.5416666666666665,0.0,2.5,0.0,0.0,0.0,0.0,0.0,0.0,0.0,0.0
2024-07-07 18:00:00+00:00,3.0,2.6666666666666665,0.0,2.5,0.0,0.0,0.0,0.0,0.0,0.0,0.0,0.0
2024-07-07 19:00:00+00:00,1.0,2.6666666666666665,0.0,2.5,0.0,0.0,0.0,0.0,0.0,0.0,0.0,0.0
2024-07-07 20:00:00+00:00,0.0,2.6666666666666665,0.0,2.5,0.0,0.0,0.0,0.0,0.0,0.0,0.0,0.0
2024-07-07 21:00:00+00:00,0.0,2.6666666666666665,0.0,2.5,0.0,0.0,0.0,0.0,0.0,0.0,0.0,0.0
2024-07-07 22:00:00+00:00,0.0,2.6666666666666665,0.0,2.5,0.0,0.0,0.0,0.0,0.0,0.0,0.0,0.0
2024-07-07 23:00:00+00:00,0.0,2.5416666666666665,0.0,2.375,0.0,0.0,0.0,0.0,0.0,0.0,0.0,0.0
2024-07-08 00:00:00+00:00,0.0,0.9583333333333334,0.0,0.7916666666666666,0.0,0.0,0.0,0.0,0.0,0.0,0.0,0.0
2024-07-08 01:00:00+00:00,9.0,0.5416666666666666,0.0,0.0,9.0,0.375,0.0,0.0,0.0,0.0,0.0,0.0
2024-07-08 02:00:00+00:00,1.0,0.5833333333333334,0.0,0.0,1.0,0.4166666666666667,0.0,0.0,0.0,0.0,0.0,0.0
2024-07-08 03:00:00+00:00,0.0,0.5833333333333334,0.0,0.0,0.0,0.4166666666666667,0.0,0.0,0.0,0.0,0.0,0.0
2024-07-08 04:00:00+00:00,0.0,0.5833333333333334,0.0,0.0,0.0,0.4166666666666667,0.0,0.0,0.0,0.0,0.0,0.0
2024-07-08 05:00:00+00:00,0.0,0.5833333333333334,0.0,0.0,0.0,0.4166666666666667,0.0,0.0,0.0,0.0,0.0,0.0
2024-07-08 06:00:00+00:00,0.0,0.5833333333333334,0.0,0.0,0.0,0.4166666666666667,0.0,0.0,0.0,0.0,0.0,0.0
2024-07-08 07:00:00+00:00,0.0,0.5833333333333334,0.0,0.0,0.0,0.4166666666666667,0.0,0.0,0.0,0.0,0.0,0.0
2024-07-08 08:00:00+00:00,0.0,0.5833333333333334,0.0,0.0,0.0,0.4166666666666667,0.0,0.0,0.0,0.0,0.0,0.0
2024-07-08 09:00:00+00:00,0.0,0.5833333333333334,0.0,0.0,0.0,0.4166666666666667,0.0,0.0,0.0,0.0,0.0,0.0
2024-07-08 10:00:00+00:00,0.0,0.5833333333333334,0.0,0.0,0.0,0.4166666666666667,0.0,0.0,0.0,0.0,0.0,0.0
2024-07-08 11:00:00+00:00,1.0,0.625,0.0,0.0,1.0,0.4583333333333333,0.0,0.0,0.0,0.0,0.0,0.0
2024-07-08 12:00:00+00:00,0.0,0.625,0.0,0.0,0.0,0.4583333333333333,0.0,0.0,0.0,0.0,0.0,0.0
2024-07-08 13:00:00+00:00,0.0,0.625,0.0,0.0,0.0,0.4583333333333333,0.0,0.0,0.0,0.0,0.0,0.0
2024-07-08 14:00:00+00:00,7.0,0.9166666666666666,0.0,0.0,7.0,0.75,0.0,0.0,0.0,0.0,0.0,0.0
2024-07-08 15:00:00+00:00,2.0,1.0,0.0,0.0,2.0,0.8333333333333334,0.0,0.0,0.0,0.0,0.0,0.0
2024-07-08 16:00:00+00:00,7.0,1.2916666666666667,0.0,0.0,7.0,1.125,0.0,0.0,0.0,0.0,0.0,0.0
2024-07-08 17:00:00+00:00,0.0,1.2916666666666667,0.0,0.0,0.0,1.125,0.0,0.0,0.0,0.0,0.0,0.0
2024-07-08 18:00:00+00:00,0.0,1.1666666666666667,0.0,0.0,0.0,1.125,0.0,0.0,0.0,0.0,0.0,0.0
2024-07-08 19:00:00+00:00,0.0,1.125,0.0,0.0,0.0,1.125,0.0,0.0,0.0,0.0,0.0,0.0
2024-07-08 20:00:00+00:00,0.0,1.125,0.0,0.0,0.0,1.125,0.0,0.0,0.0,0.0,0.0,0.0
2024-07-08 21:00:00+00:00,1.0,1.1666666666666667,0.0,0.0,1.0,1.1666666666666667,0.0,0.0,0.0,0.0,0.0,0.0
2024-07-08 22:00:00+00:00,0.0,1.1666666666666667,0.0,0.0,0.0,1.1666666666666667,0.0,0.0,0.0,0.0,0.0,0.0
2024-07-08 23:00:00+00:00,0.0,1.1666666666666667,0.0,0.0,0.0,1.1666666666666667,0.0,0.0,0.0,0.0,0.0,0.0
2024-07-09 00:00:00+00:00,0.0,1.1666666666666667,0.0,0.0,0.0,1.1666666666666667,0.0,0.0,0.0,0.0,0.0,0.0
2024-07-09 01:00:00+00:00,17.0,1.5,17.0,0.7083333333333334,17.0,1.5,0.0,0.0,0.0,0.0,0.0,0.0
2024-07-09 02:00:00+00:00,15.0,2.0833333333333335,15.0,1.3333333333333333,15.0,2.0833333333333335,0.0,0.0,0.0,0.0,0.0,0.0
2024-07-09 03:00:00+00:00,0.0,2.0833333333333335,0.0,1.3333333333333333,0.0,2.0833333333333335,0.0,0.0,0.0,0.0,0.0,0.0
2024-07-09 04:00:00+00:00,0.0,2.0833333333333335,0.0,1.3333333333333333,0.0,2.0833333333333335,0.0,0.0,0.0,0.0,0.0,0.0
2024-07-09 05:00:00+00:00,0.0,2.0833333333333335,0.0,1.3333333333333333,0.0,2.0833333333333335,0.0,0.0,0.0,0.0,0.0,0.0
2024-07-09 06:00:00+00:00,0.0,2.0833333333333335,0.0,1.3333333333333333,0.0,2.0833333333333335,0.0,0.0,0.0,0.0,0.0,0.0
2024-07-09 07:00:00+00:00,0.0,2.0833333333333335,0.0,1.3333333333333333,0.0,2.0833333333333335,0.0,0.0,0.0,0.0,0.0,0.0
2024-07-09 08:00:00+00:00,0.0,2.0833333333333335,0.0,1.3333333333333333,0.0,2.0833333333333335,0.0,0.0,0.0,0.0,0.0,0.0
2024-07-09 09:00:00+00:00,0.0,2.0833333333333335,0.0,1.3333333333333333,0.0,2.0833333333333335,0.0,0.0,0.0,0.0,0.0,0.0
2024-07-09 10:00:00+00:00,0.0,2.0833333333333335,0.0,1.3333333333333333,0.0,2.0833333333333335,0.0,0.0,0.0,0.0,0.0,0.0
2024-07-09 11:00:00+00:00,0.0,2.0416666666666665,0.0,1.3333333333333333,0.0,2.0416666666666665,0.0,0.0,0.0,0.0,0.0,0.0
2024-07-09 12:00:00+00:00,0.0,2.0416666666666665,0.0,1.3333333333333333,0.0,2.0416666666666665,0.0,0.0,0.0,0.0,0.0,0.0
2024-07-09 13:00:00+00:00,10.0,2.4583333333333335,0.0,1.3333333333333333,10.0,2.4583333333333335,0.0,0.0,0.0,0.0,0.0,0.0
2024-07-09 14:00:00+00:00,17.0,2.875,0.0,1.3333333333333333,17.0,2.875,0.0,0.0,0.0,0.0,0.0,0.0
2024-07-09 15:00:00+00:00,3.0,2.9166666666666665,0.0,1.3333333333333333,3.0,2.9166666666666665,0.0,0.0,0.0,0.0,0.0,0.0
2024-07-09 16:00:00+00:00,2.0,2.7083333333333335,0.0,1.3333333333333333,2.0,2.7083333333333335,0.0,0.0,0.0,0.0,0.0,0.0
2024-07-09 17:00:00+00:00,1.0,2.75,0.0,1.3333333333333333,1.0,2.75,0.0,0.0,0.0,0.0,0.0,0.0
2024-07-09 18:00:00+00:00,10.0,3.1666666666666665,0.0,1.3333333333333333,10.0,3.1666666666666665,0.0,0.0,0.0,0.0,0.0,0.0
2024-07-09 19:00:00+00:00,35.0,4.625,35.0,2.7916666666666665,35.0,4.625,0.0,0.0,0.0,0.0,0.0,0.0
2024-07-09 20:00:00+00:00,17.0,5.333333333333333,15.0,3.4166666666666665,17.0,5.333333333333333,0.0,0.0,0.0,0.0,0.0,0.0
2024-07-09 21:00:00+00:00,9.0,5.666666666666667,0.0,3.4166666666666665,9.0,5.666666666666667,0.0,0.0,0.0,0.0,0.0,0.0
2024-07-09 22:00:00+00:00,1.0,5.708333333333333,0.0,3.4166666666666665,1.0,5.708333333333333,0.0,0.0,0.0,0.0,0.0,0.0
2024-07-09 23:00:00+00:00,0.0,5.708333333333333,0.0,3.4166666666666665,0.0,5.708333333333333,0.0,0.0,0.0,0.0,0.0,0.0
2024-07-10 00:00:00+00:00,0.0,5.708333333333333,0.0,3.4166666666666665,0.0,5.708333333333333,0.0,0.0,0.0,0.0,0.0,0.0
2024-07-10 01:00:00+00:00,0.0,5.0,0.0,2.7083333333333335,0.0,5.0,0.0,0.0,0.0,0.0,0.0,0.0
2024-07-10 02:00:00+00:00,0.0,4.375,0.0,2.0833333333333335,0.0,4.375,0.0,0.0,0.0,0.0,0.0,0.0
2024-07-10 03:00:00+00:00,0.0,4.375,0.0,2.0833333333333335,0.0,4.375,0.0,0.0,0.0,0.0,0.0,0.0
2024-07-10 04:00:00+00:00,0.0,4.375,0.0,2.0833333333333335,0.0,4.375,0.0,0.0,0.0,0.0,0.0,0.0
2024-07-10 05:00:00+00:00,0.0,4.375,0.0,2.0833333333333335,0.0,4.375,0.0,0.0,0.0,0.0,0.0,0.0
2024-07-10 06:00:00+00:00,0.0,4.375,0.0,2.0833333333333335,0.0,4.375,0.0,0.0,0.0,0.0,0.0,0.0
2024-07-10 07:00:00+00:00,0.0,4.375,0.0,2.0833333333333335,0.0,4.375,0.0,0.0,0.0,0.0,0.0,0.0
2024-07-10 08:00:00+00:00,0.0,4.375,0.0,2.0833333333333335,0.0,4.375,0.0,0.0,0.0,0.0,0.0,0.0
2024-07-10 09:00:00+00:00,0.0,4.375,0.0,2.0833333333333335,0.0,4.375,0.0,0.0,0.0,0.0,0.0,0.0
2024-07-10 10:00:00+00:00,0.0,4.375,0.0,2.0833333333333335,0.0,4.375,0.0,0.0,0.0,0.0,0.0,0.0
2024-07-10 11:00:00+00:00,0.0,4.375,0.0,2.0833333333333335,0.0,4.375,0.0,0.0,0.0,0.0,0.0,0.0
2024-07-10 12:00:00+00:00,12.0,4.875,0.0,2.0833333333333335,0.0,4.375,0.0,0.0,0.0,0.0,0.0,0.0
2024-07-10 13:00:00+00:00,15.0,5.083333333333333,0.0,2.0833333333333335,0.0,3.9583333333333335,0.0,0.0,0.0,0.0,0.0,0.0
2024-07-10 14:00:00+00:00,17.0,5.083333333333333,0.0,2.0833333333333335,0.0,3.25,0.0,0.0,0.0,0.0,0.0,0.0
2024-07-10 15:00:00+00:00,1.0,5.0,0.0,2.0833333333333335,0.0,3.125,0.0,0.0,0.0,0.0,0.0,0.0
2024-07-10 16:00:00+00:00,0.0,4.916666666666667,0.0,2.0833333333333335,0.0,3.0416666666666665,0.0,0.0,0.0,0.0,0.0,0.0
2024-07-10 17:00:00+00:00,0.0,4.875,0.0,2.0833333333333335,0.0,3.0,0.0,0.0,0.0,0.0,0.0,0.0
2024-07-10 18:00:00+00:00,0.0,4.458333333333333,0.0,2.0833333333333335,0.0,2.5833333333333335,0.0,0.0,0.0,0.0,0.0,0.0
2024-07-10 19:00:00+00:00,5.0,3.2083333333333335,0.0,0.625,0.0,1.125,0.0,0.0,0.0,0.0,0.0,0.0
2024-07-10 20:00:00+00:00,7.0,2.7916666666666665,0.0,0.0,0.0,0.4166666666666667,0.0,0.0,0.0,0.0,0.0,0.0
2024-07-10 21:00:00+00:00,9.0,2.7916666666666665,0.0,0.0,0.0,0.041666666666666664,0.0,0.0,0.0,0.0,0.0,0.0
2024-07-10 22:00:00+00:00,1.0,2.7916666666666665,0.0,0.0,0.0,0.0,0.0,0.0,0.0,0.0,0.0,0.0
2024-07-10 23:00:00+00:00,12.0,3.2916666666666665,0.0,0.0,0.0,0.0,0.0,0.0,0.0,0.0,0.0,0.0
2024-07-11 00:00:00+00:00,0.0,3.2916666666666665,0.0,0.0,0.0,0.0,0.0,0.0,0.0,0.0,0.0,0.0
2024-07-11 01:00:00+00:00,0.0,3.2916666666666665,0.0,0.0,0.0,0.0,0.0,0.0,0.0,0.0,0.0,0.0
2024-07-11 02:00:00+00:00,1.0,3.3333333333333335,0.0,0.0,0.0,0.0,0.0,0.0,0.0,0.0,0.0,0.0
2024-07-11 03:00:00+00:00,0.0,3.3333333333333335,0.0,0.0,0.0,0.0,0.0,0.0,0.0,0.0,0.0,0.0
2024-07-11 04:00:00+00:00,0.0,3.3333333333333335,0.0,0.0,0.0,0.0,0.0,0.0,0.0,0.0,0.0,0.0
2024-07-11 05:00:00+00:00,0.0,3.3333333333333335,0.0,0.0,0.0,0.0,0.0,0.0,0.0,0.0,0.0,0.0
2024-07-11 06:00:00+00:00,0.0,3.3333333333333335,0.0,0.0,0.0,0.0,0.0,0.0,0.0,0.0,0.0,0.0
2024-07-11 07:00:00+00:00,0.0,3.3333333333333335,0.0,0.0,0.0,0.0,0.0,0.0,0.0,0.0,0.0,0.0
2024-07-11 08:00:00+00:00,0.0,3.3333333333333335,0.0,0.0,0.0,0.0,0.0,0.0,0.0,0.0,0.0,0.0
2024-07-11 09:00:00+00:00,0.0,3.3333333333333335,0.0,0.0,0.0,0.0,0.0,0.0,0.0,0.0,0.0,0.0
2024-07-11 10:00:00+00:00,0.0,3.3333333333333335,0.0,0.0,0.0,0.0,0.0,0.0,0.0,0.0,0.0,0.0
2024-07-11 11:00:00+00:00,0.0,3.3333333333333335,0.0,0.0,0.0,0.0,0.0,0.0,0.0,0.0,0.0,0.0
2024-07-11 12:00:00+00:00,0.0,2.8333333333333335,0.0,0.0,0.0,0.0,0.0,0.0,0.0,0.0,0.0,0.0
2024-07-11 13:00:00+00:00,0.0,2.2083333333333335,0.0,0.0,0.0,0.0,0.0,0.0,0.0,0.0,0.0,0.0
2024-07-11 14:00:00+00:00,10.0,1.9166666666666667,0.0,0.0,0.0,0.0,0.0,0.0,0.0,0.0,0.0,0.0
2024-07-11 15:00:00+00:00,0.0,1.875,0.0,0.0,0.0,0.0,0.0,0.0,0.0,0.0,0.0,0.0
2024-07-11 16:00:00+00:00,0.0,1.875,0.0,0.0,0.0,0.0,0.0,0.0,0.0,0.0,0.0,0.0
2024-07-11 17:00:00+00:00,0.0,1.875,0.0,0.0,0.0,0.0,0.0,0.0,0.0,0.0,0.0,0.0
2024-07-11 18:00:00+00:00,6.0,2.125,0.0,0.0,0.0,0.0,0.0,0.0,0.0,0.0,0.0,0.0
2024-07-11 19:00:00+00:00,0.0,1.9166666666666667,0.0,0.0,0.0,0.0,0.0,0.0,0.0,0.0,0.0,0.0
2024-07-11 20:00:00+00:00,0.0,1.625,0.0,0.0,0.0,0.0,0.0,0.0,0.0,0.0,0.0,0.0
2024-07-11 21:00:00+00:00,2.0,1.3333333333333333,0.0,0.0,0.0,0.0,0.0,0.0,0.0,0.0,0.0,0.0
2024-07-11 22:00:00+00:00,2.0,1.375,0.0,0.0,0.0,0.0,0.0,0.0,0.0,0.0,0.0,0.0
2024-07-11 23:00:00+00:00,0.0,0.875,0.0,0.0,0.0,0.0,0.0,0.0,0.0,0.0,0.0,0.0
2024-07-12 00:00:00+00:00,14.0,1.4583333333333333,0.0,0.0,14.0,0.5833333333333334,0.0,0.0,0.0,0.0,0.0,0.0
2024-07-12 01:00:00+00:00,3.0,1.5833333333333333,0.0,0.0,3.0,0.7083333333333334,0.0,0.0,0.0,0.0,0.0,0.0
2024-07-12 02:00:00+00:00,1.0,1.5833333333333333,0.0,0.0,1.0,0.75,0.0,0.0,0.0,0.0,0.0,0.0
2024-07-12 03:00:00+00:00,0.0,1.5833333333333333,0.0,0.0,0.0,0.75,0.0,0.0,0.0,0.0,0.0,0.0
2024-07-12 04:00:00+00:00,0.0,1.5833333333333333,0.0,0.0,0.0,0.75,0.0,0.0,0.0,0.0,0.0,0.0
2024-07-12 05:00:00+00:00,0.0,1.5833333333333333,0.0,0.0,0.0,0.75,0.0,0.0,0.0,0.0,0.0,0.0
2024-07-12 06:00:00+00:00,0.0,1.5833333333333333,0.0,0.0,0.0,0.75,0.0,0.0,0.0,0.0,0.0,0.0
2024-07-12 07:00:00+00:00,0.0,1.5833333333333333,0.0,0.0,0.0,0.75,0.0,0.0,0.0,0.0,0.0,0.0
2024-07-12 08:00:00+00:00,0.0,1.5833333333333333,0.0,0.0,0.0,0.75,0.0,0.0,0.0,0.0,0.0,0.0
2024-07-12 09:00:00+00:00,2.0,1.6666666666666667,0.0,0.0,2.0,0.8333333333333334,0.0,0.0,0.0,0.0,0.0,0.0
2024-07-12 10:00:00+00:00,0.0,1.6666666666666667,0.0,0.0,0.0,0.8333333333333334,0.0,0.0,0.0,0.0,0.0,0.0
2024-07-12 11:00:00+00:00,0.0,1.6666666666666667,0.0,0.0,0.0,0.8333333333333334,0.0,0.0,0.0,0.0,0.0,0.0
2024-07-12 12:00:00+00:00,10.0,2.0833333333333335,0.0,0.0,10.0,1.25,0.0,0.0,0.0,0.0,0.0,0.0
2024-07-12 13:00:00+00:00,0.0,2.0833333333333335,0.0,0.0,0.0,1.25,0.0,0.0,0.0,0.0,0.0,0.0
2024-07-12 14:00:00+00:00,0.0,1.6666666666666667,0.0,0.0,0.0,1.25,0.0,0.0,0.0,0.0,0.0,0.0
2024-07-12 15:00:00+00:00,1.0,1.7083333333333333,0.0,0.0,1.0,1.2916666666666667,0.0,0.0,0.0,0.0,0.0,0.0
2024-07-12 16:00:00+00:00,0.0,1.7083333333333333,0.0,0.0,0.0,1.2916666666666667,0.0,0.0,0.0,0.0,0.0,0.0
2024-07-12 17:00:00+00:00,0.0,1.7083333333333333,0.0,0.0,0.0,1.2916666666666667,0.0,0.0,0.0,0.0,0.0,0.0
2024-07-12 18:00:00+00:00,0.0,1.4583333333333333,0.0,0.0,0.0,1.2916666666666667,0.0,0.0,0.0,0.0,0.0,0.0
2024-07-12 19:00:00+00:00,0.0,1.4583333333333333,0.0,0.0,0.0,1.2916666666666667,0.0,0.0,0.0,0.0,0.0,0.0
2024-07-12 20:00:00+00:00,0.0,1.4583333333333333,0.0,0.0,0.0,1.2916666666666667,0.0,0.0,0.0,0.0,0.0,0.0
2024-07-12 21:00:00+00:00,5.0,1.5833333333333333,0.0,0.0,5.0,1.5,0.0,0.0,0.0,0.0,0.0,0.0
2024-07-12 22:00:00+00:00,3.0,1.625,0.0,0.0,3.0,1.625,0.0,0.0,0.0,0.0,3.0,0.125
2024-07-12 23:00:00+00:00,7.0,1.9166666666666667,0.0,0.0,7.0,1.9166666666666667,0.0,0.0,0.0,0.0,7.0,0.4166666666666667
2024-07-13 00:00:00+00:00,0.0,1.3333333333333333,0.0,0.0,0.0,1.3333333333333333,0.0,0.0,0.0,0.0,0.0,0.4166666666666667
2024-07-13 01:00:00+00:00,19.0,2.0,0.0,0.0,0.0,1.2083333333333333,0.0,0.0,0.0,0.0,9.0,0.7916666666666666
2024-07-13 02:00:00+00:00,8.0,2.2916666666666665,6.0,0.25,0.0,1.1666666666666667,0.0,0.0,0.0,0.0,0.0,0.7916666666666666
2024-07-13 03:00:00+00:00,31.0,3.5833333333333335,31.0,1.5416666666666667,0.0,1.1666666666666667,0.0,0.0,0.0,0.0,0.0,0.7916666666666666
2024-07-13 04:00:00+00:00,0.0,3.5833333333333335,0.0,1.5416666666666667,0.0,1.1666666666666667,0.0,0.0,0.0,0.0,0.0,0.7916666666666666
2024-07-13 05:00:00+00:00,0.0,3.5833333333333335,0.0,1.5416666666666667,0.0,1.1666666666666667,0.0,0.0,0.0,0.0,0.0,0.7916666666666666
2024-07-13 06:00:00+00:00,0.0,3.5833333333333335,0.0,1.5416666666666667,0.0,1.1666666666666667,0.0,0.0,0.0,0.0,0.0,0.7916666666666666
2024-07-13 07:00:00+00:00,0.0,3.5833333333333335,0.0,1.5416666666666667,0.0,1.1666666666666667,0.0,0.0,0.0,0.0,0.0,0.7916666666666666
2024-07-13 08:00:00+00:00,0.0,3.5833333333333335,0.0,1.5416666666666667,0.0,1.1666666666666667,0.0,0.0,0.0,0.0,0.0,0.7916666666666666
2024-07-13 09:00:00+00:00,0.0,3.5,0.0,1.5416666666666667,0.0,1.0833333333333333,0.0,0.0,0.0,0.0,0.0,0.7916666666666666
2024-07-13 10:00:00+00:00,0.0,3.5,0.0,1.5416666666666667,0.0,1.0833333333333333,0.0,0.0,0.0,0.0,0.0,0.7916666666666666
2024-07-13 11:00:00+00:00,0.0,3.5,0.0,1.5416666666666667,0.0,1.0833333333333333,0.0,0.0,0.0,0.0,0.0,0.7916666666666666
2024-07-13 12:00:00+00:00,3.0,3.2083333333333335,0.0,1.5416666666666667,0.0,0.6666666666666666,0.0,0.0,0.0,0.0,0.0,0.7916666666666666
2024-07-13 13:00:00+00:00,7.0,3.5,0.0,1.5416666666666667,0.0,0.6666666666666666,0.0,0.0,0.0,0.0,0.0,0.7916666666666666
2024-07-13 14:00:00+00:00,2.0,3.5833333333333335,0.0,1.5416666666666667,0.0,0.6666666666666666,0.0,0.0,0.0,0.0,0.0,0.7916666666666666
2024-07-13 15:00:00+00:00,7.0,3.8333333333333335,0.0,1.5416666666666667,0.0,0.625,0.0,0.0,0.0,0.0,0.0,0.7916666666666666
2024-07-13 16:00:00+00:00,0.0,3.8333333333333335,0.0,1.5416666666666667,0.0,0.625,0.0,0.0,0.0,0.0,0.0,0.7916666666666666
2024-07-13 17:00:00+00:00,0.0,3.8333333333333335,0.0,1.5416666666666667,0.0,0.625,0.0,0.0,0.0,0.0,0.0,0.7916666666666666
2024-07-13 18:00:00+00:00,0.0,3.8333333333333335,0.0,1.5416666666666667,0.0,0.625,0.0,0.0,0.0,0.0,0.0,0.7916666666666666
2024-07-13 19:00:00+00:00,0.0,3.8333333333333335,0.0,1.5416666666666667,0.0,0.625,0.0,0.0,0.0,0.0,0.0,0.7916666666666666
2024-07-13 20:00:00+00:00,0.0,3.8333333333333335,0.0,1.5416666666666667,0.0,0.625,0.0,0.0,0.0,0.0,0.0,0.7916666666666666
2024-07-13 21:00:00+00:00,3.0,3.75,0.0,1.5416666666666667,0.0,0.4166666666666667,0.0,0.0,0.0,0.0,0.0,0.7916666666666666
2024-07-13 22:00:00+00:00,2.0,3.7083333333333335,0.0,1.5416666666666667,0.0,0.2916666666666667,0.0,0.0,0.0,0.0,0.0,0.6666666666666666
2024-07-13 23:00:00+00:00,0.0,3.4166666666666665,0.0,1.5416666666666667,0.0,0.0,0.0,0.0,0.0,0.0,0.0,0.375
2024-07-14 00:00:00+00:00,6.0,3.6666666666666665,0.0,1.5416666666666667,0.0,0.0,0.0,0.0,0.0,0.0,0.0,0.375
2024-07-14 01:00:00+00:00,0.0,2.875,0.0,1.5416666666666667,0.0,0.0,0.0,0.0,0.0,0.0,0.0,0.0
2024-07-14 02:00:00+00:00,0.0,2.5416666666666665,0.0,1.2916666666666667,0.0,0.0,0.0,0.0,0.0,0.0,0.0,0.0
2024-07-14 03:00:00+00:00,0.0,1.25,0.0,0.0,0.0,0.0,0.0,0.0,0.0,0.0,0.0,0.0
2024-07-14 04:00:00+00:00,0.0,1.25,0.0,0.0,0.0,0.0,0.0,0.0,0.0,0.0,0.0,0.0
2024-07-14 05:00:00+00:00,0.0,1.25,0.0,0.0,0.0,0.0,0.0,0.0,0.0,0.0,0.0,0.0
2024-07-14 06:00:00+00:00,0.0,1.25,0.0,0.0,0.0,0.0,0.0,0.0,0.0,0.0,0.0,0.0
2024-07-14 07:00:00+00:00,0.0,1.25,0.0,0.0,0.0,0.0,0.0,0.0,0.0,0.0,0.0,0.0
2024-07-14 08:00:00+00:00,0.0,1.25,0.0,0.0,0.0,0.0,0.0,0.0,0.0,0.0,0.0,0.0
2024-07-14 09:00:00+00:00,0.0,1.25,0.0,0.0,0.0,0.0,0.0,0.0,0.0,0.0,0.0,0.0
2024-07-14 10:00:00+00:00,0.0,1.25,0.0,0.0,0.0,0.0,0.0,0.0,0.0,0.0,0.0,0.0
2024-07-14 11:00:00+00:00,0.0,1.25,0.0,0.0,0.0,0.0,0.0,0.0,0.0,0.0,0.0,0.0
2024-07-14 12:00:00+00:00,0.0,1.125,0.0,0.0,0.0,0.0,0.0,0.0,0.0,0.0,0.0,0.0
2024-07-14 13:00:00+00:00,0.0,0.8333333333333334,0.0,0.0,0.0,0.0,0.0,0.0,0.0,0.0,0.0,0.0
2024-07-14 14:00:00+00:00,0.0,0.75,0.0,0.0,0.0,0.0,0.0,0.0,0.0,0.0,0.0,0.0
2024-07-14 15:00:00+00:00,0.0,0.4583333333333333,0.0,0.0,0.0,0.0,0.0,0.0,0.0,0.0,0.0,0.0
2024-07-14 16:00:00+00:00,0.0,0.4583333333333333,0.0,0.0,0.0,0.0,0.0,0.0,0.0,0.0,0.0,0.0
2024-07-14 17:00:00+00:00,0.0,0.4583333333333333,0.0,0.0,0.0,0.0,0.0,0.0,0.0,0.0,0.0,0.0
2024-07-14 18:00:00+00:00,0.0,0.4583333333333333,0.0,0.0,0.0,0.0,0.0,0.0,0.0,0.0,0.0,0.0
2024-07-14 19:00:00+00:00,0.0,0.4583333333333333,0.0,0.0,0.0,0.0,0.0,0.0,0.0,0.0,0.0,0.0
2024-07-14 20:00:00+00:00,0.0,0.4583333333333333,0.0,0.0,0.0,0.0,0.0,0.0,0.0,0.0,0.0,0.0
2024-07-14 21:00:00+00:00,0.0,0.3333333333333333,0.0,0.0,0.0,0.0,0.0,0.0,0.0,0.0,0.0,0.0
2024-07-14 22:00:00+00:00,0.0,0.25,0.0,0.0,0.0,0.0,0.0,0.0,0.0,0.0,0.0,0.0
2024-07-14 23:00:00+00:00,0.0,0.25,0.0,0.0,0.0,0.0,0.0,0.0,0.0,0.0,0.0,0.0
2024-07-15 00:00:00+00:00,0.0,0.0,0.0,0.0,0.0,0.0,0.0,0.0,0.0,0.0,0.0,0.0
2024-07-15 01:00:00+00:00,2.0,0.08333333333333333,0.0,0.0,2.0,0.08333333333333333,0.0,0.0,0.0,0.0,0.0,0.0
2024-07-15 02:00:00+00:00,1.0,0.125,0.0,0.0,1.0,0.125,0.0,0.0,0.0,0.0,0.0,0.0
2024-07-15 03:00:00+00:00,0.0,0.125,0.0,0.0,0.0,0.125,0.0,0.0,0.0,0.0,0.0,0.0
2024-07-15 04:00:00+00:00,0.0,0.125,0.0,0.0,0.0,0.125,0.0,0.0,0.0,0.0,0.0,0.0
2024-07-15 05:00:00+00:00,0.0,0.125,0.0,0.0,0.0,0.125,0.0,0.0,0.0,0.0,0.0,0.0
2024-07-15 06:00:00+00:00,0.0,0.125,0.0,0.0,0.0,0.125,0.0,0.0,0.0,0.0,0.0,0.0
2024-07-15 07:00:00+00:00,0.0,0.125,0.0,0.0,0.0,0.125,0.0,0.0,0.0,0.0,0.0,0.0
2024-07-15 08:00:00+00:00,0.0,0.125,0.0,0.0,0.0,0.125,0.0,0.0,0.0,0.0,0.0,0.0
2024-07-15 09:00:00+00:00,0.0,0.125,0.0,0.0,0.0,0.125,0.0,0.0,0.0,0.0,0.0,0.0
2024-07-15 10:00:00+00:00,0.0,0.125,0.0,0.0,0.0,0.125,0.0,0.0,0.0,0.0,0.0,0.0
2024-07-15 11:00:00+00:00,0.0,0.125,0.0,0.0,0.0,0.125,0.0,0.0,0.0,0.0,0.0,0.0
2024-07-15 12:00:00+00:00,0.0,0.125,0.0,0.0,0.0,0.125,0.0,0.0,0.0,0.0,0.0,0.0
2024-07-15 13:00:00+00:00,0.0,0.125,0.0,0.0,2.0,0.20833333333333334,0.0,0.0,0.0,0.0,0.0,0.0
2024-07-15 14:00:00+00:00,0.0,0.125,0.0,0.0,0.0,0.20833333333333334,0.0,0.0,0.0,0.0,0.0,0.0
2024-07-15 15:00:00+00:00,0.0,0.125,0.0,0.0,14.0,0.7916666666666666,0.0,0.0,0.0,0.0,0.0,0.0
2024-07-15 16:00:00+00:00,0.0,0.125,0.0,0.0,4.0,0.9583333333333334,0.0,0.0,0.0,0.0,0.0,0.0
2024-07-15 17:00:00+00:00,0.0,0.125,0.0,0.0,0.0,0.9583333333333334,0.0,0.0,0.0,0.0,0.0,0.0
2024-07-15 18:00:00+00:00,0.0,0.125,16.0,0.6666666666666666,18.0,1.7083333333333333,0.0,0.0,0.0,0.0,0.0,0.0
2024-07-15 19:00:00+00:00,0.0,0.125,17.0,1.375,17.0,2.4166666666666665,0.0,0.0,0.0,0.0,0.0,0.0
2024-07-15 20:00:00+00:00,0.0,0.125,19.0,2.1666666666666665,19.0,3.2083333333333335,0.0,0.0,0.0,0.0,15.0,0.625
2024-07-15 21:00:00+00:00,0.0,0.125,0.0,2.1666666666666665,0.0,3.2083333333333335,0.0,0.0,0.0,0.0,0.0,0.625
2024-07-15 22:00:00+00:00,0.0,0.125,0.0,2.1666666666666665,1.0,3.25,0.0,0.0,0.0,0.0,0.0,0.625
2024-07-15 23:00:00+00:00,0.0,0.125,0.0,2.1666666666666665,0.0,3.25,0.0,0.0,0.0,0.0,0.0,0.625
2024-07-16 00:00:00+00:00,0.0,0.125,0.0,2.1666666666666665,0.0,3.25,0.0,0.0,0.0,0.0,0.0,0.625
2024-07-16 01:00:00+00:00,0.0,0.041666666666666664,0.0,2.1666666666666665,0.0,3.1666666666666665,0.0,0.0,0.0,0.0,0.0,0.625
2024-07-16 02:00:00+00:00,0.0,0.0,0.0,2.1666666666666665,0.0,3.125,0.0,0.0,0.0,0.0,0.0,0.625
2024-07-16 03:00:00+00:00,0.0,0.0,0.0,2.1666666666666665,0.0,3.125,0.0,0.0,0.0,0.0,0.0,0.625
2024-07-16 04:00:00+00:00,0.0,0.0,0.0,2.1666666666666665,0.0,3.125,0.0,0.0,0.0,0.0,0.0,0.625
2024-07-16 05:00:00+00:00,0.0,0.0,0.0,2.1666666666666665,0.0,3.125,0.0,0.0,0.0,0.0,0.0,0.625
2024-07-16 06:00:00+00:00,0.0,0.0,0.0,2.1666666666666665,0.0,3.125,0.0,0.0,0.0,0.0,0.0,0.625
2024-07-16 07:00:00+00:00,0.0,0.0,0.0,2.1666666666666665,0.0,3.125,0.0,0.0,0.0,0.0,0.0,0.625
2024-07-16 08:00:00+00:00,0.0,0.0,0.0,2.1666666666666665,0.0,3.125,0.0,0.0,0.0,0.0,0.0,0.625
2024-07-16 09:00:00+00:00,0.0,0.0,0.0,2.1666666666666665,0.0,3.125,0.0,0.0,0.0,0.0,0.0,0.625
2024-07-16 10:00:00+00:00,0.0,0.0,0.0,2.1666666666666665,0.0,3.125,0.0,0.0,0.0,0.0,0.0,0.625
2024-07-16 11:00:00+00:00,0.0,0.0,0.0,2.1666666666666665,0.0,3.125,0.0,0.0,0.0,0.0,0.0,0.625
2024-07-16 12:00:00+00:00,0.0,0.0,29.0,3.375,0.0,3.125,0.0,0.0,0.0,0.0,15.0,1.25
2024-07-16 13:00:00+00:00,0.0,0.0,0.0,3.375,0.0,3.0416666666666665,0.0,0.0,0.0,0.0,0.0,1.25
2024-07-16 14:00:00+00:00,0.0,0.0,270.0,14.625,0.0,3.0416666666666665,0.0,0.0,0.0,0.0,157.0,7.791666666666667
2024-07-16 15:00:00+00:00,0.0,0.0,52.0,16.791666666666668,0.0,2.4583333333333335,0.0,0.0,0.0,0.0,23.0,8.75
2024-07-16 16:00:00+00:00,0.0,0.0,30.0,18.041666666666668,0.0,2.2916666666666665,0.0,0.0,0.0,0.0,0.0,8.75
2024-07-16 17:00:00+00:00,0.0,0.0,0.0,18.041666666666668,0.0,2.2916666666666665,0.0,0.0,0.0,0.0,0.0,8.75
2024-07-16 18:00:00+00:00,0.0,0.0,0.0,17.375,0.0,1.5416666666666667,0.0,0.0,0.0,0.0,0.0,8.75
2024-07-16 19:00:00+00:00,0.0,0.0,37.0,18.208333333333332,0.0,0.8333333333333334,0.0,0.0,0.0,0.0,22.0,9.666666666666666
2024-07-16 20:00:00+00:00,0.0,0.0,15.0,18.041666666666668,0.0,0.041666666666666664,0.0,0.0,0.0,0.0,0.0,9.041666666666666
2024-07-16 21:00:00+00:00,0.0,0.0,7.0,18.333333333333332,0.0,0.041666666666666664,0.0,0.0,0.0,0.0,7.0,9.333333333333334
2024-07-16 22:00:00+00:00,0.0,0.0,108.0,22.833333333333332,0.0,0.0,0.0,0.0,0.0,0.0,47.0,11.291666666666666
2024-07-16 23:00:00+00:00,0.0,0.0,0.0,22.833333333333332,0.0,0.0,0.0,0.0,0.0,0.0,0.0,11.291666666666666
2024-07-17 00:00:00+00:00,0.0,0.0,0.0,22.833333333333332,0.0,0.0,0.0,0.0,0.0,0.0,0.0,11.291666666666666
2024-07-17 01:00:00+00:00,0.0,0.0,0.0,22.833333333333332,0.0,0.0,0.0,0.0,0.0,0.0,0.0,11.291666666666666
2024-07-17 02:00:00+00:00,0.0,0.0,0.0,22.833333333333332,0.0,0.0,0.0,0.0,0.0,0.0,0.0,11.291666666666666
2024-07-17 03:00:00+00:00,0.0,0.0,0.0,22.833333333333332,0.0,0.0,0.0,0.0,0.0,0.0,0.0,11.291666666666666
2024-07-17 04:00:00+00:00,0.0,0.0,0.0,22.833333333333332,0.0,0.0,0.0,0.0,0.0,0.0,0.0,11.291666666666666
2024-07-17 05:00:00+00:00,0.0,0.0,0.0,22.833333333333332,0.0,0.0,0.0,0.0,0.0,0.0,0.0,11.291666666666666
2024-07-17 06:00:00+00:00,0.0,0.0,0.0,22.833333333333332,0.0,0.0,0.0,0.0,0.0,0.0,0.0,11.291666666666666
2024-07-17 07:00:00+00:00,0.0,0.0,0.0,22.833333333333332,0.0,0.0,0.0,0.0,0.0,0.0,0.0,11.291666666666666
2024-07-17 08:00:00+00:00,0.0,0.0,0.0,22.833333333333332,0.0,0.0,0.0,0.0,0.0,0.0,0.0,11.291666666666666
2024-07-17 09:00:00+00:00,0.0,0.0,0.0,22.833333333333332,0.0,0.0,0.0,0.0,0.0,0.0,0.0,11.291666666666666
2024-07-17 10:00:00+00:00,0.0,0.0,0.0,22.833333333333332,0.0,0.0,0.0,0.0,0.0,0.0,0.0,11.291666666666666
2024-07-17 11:00:00+00:00,0.0,0.0,0.0,22.833333333333332,0.0,0.0,0.0,0.0,0.0,0.0,0.0,11.291666666666666
2024-07-17 12:00:00+00:00,0.0,0.0,89.0,25.333333333333332,89.0,3.7083333333333335,0.0,0.0,0.0,0.0,68.0,13.5
2024-07-17 13:00:00+00:00,0.0,0.0,112.0,30.0,112.0,8.375,0.0,0.0,0.0,0.0,94.0,17.416666666666668
2024-07-17 14:00:00+00:00,0.0,0.0,173.0,25.958333333333332,173.0,15.583333333333334,0.0,0.0,0.0,0.0,97.0,14.916666666666666
2024-07-17 15:00:00+00:00,0.0,0.0,1.0,23.833333333333332,1.0,15.625,0.0,0.0,0.0,0.0,0.0,13.958333333333334
2024-07-17 16:00:00+00:00,0.0,0.0,136.0,28.25,136.0,21.291666666666668,0.0,0.0,0.0,0.0,86.0,17.541666666666668
2024-07-17 17:00:00+00:00,0.0,0.0,19.0,29.041666666666668,19.0,22.083333333333332,0.0,0.0,0.0,0.0,19.0,18.333333333333332
2024-07-17 18:00:00+00:00,0.0,0.0,0.0,29.041666666666668,0.0,22.083333333333332,0.0,0.0,0.0,0.0,0.0,18.333333333333332
2024-07-17 19:00:00+00:00,0.0,0.0,0.0,27.5,0.0,22.083333333333332,0.0,0.0,0.0,0.0,0.0,17.416666666666668
2024-07-17 20:00:00+00:00,0.0,0.0,141.0,32.75,141.0,27.958333333333332,0.0,0.0,0.0,0.0,82.0,20.833333333333332
2024-07-17 21:00:00+00:00,0.0,0.0,26.0,33.541666666666664,26.0,29.041666666666668,0.0,0.0,0.0,0.0,12.0,21.041666666666668
2024-07-17 22:00:00+00:00,0.0,0.0,0.0,29.041666666666668,0.0,29.041666666666668,0.0,0.0,0.0,0.0,0.0,19.083333333333332
2024-07-17 23:00:00+00:00,0.0,0.0,0.0,29.041666666666668,0.0,29.041666666666668,0.0,0.0,0.0,0.0,0.0,19.083333333333332
2024-07-18 00:00:00+00:00,0.0,0.0,0.0,29.041666666666668,0.0,29.041666666666668,0.0,0.0,0.0,0.0,0.0,19.083333333333332
2024-07-18 01:00:00+00:00,0.0,0.0,0.0,29.041666666666668,0.0,29.041666666666668,0.0,0.0,0.0,0.0,0.0,19.083333333333332
2024-07-18 02:00:00+00:00,0.0,0.0,0.0,29.041666666666668,0.0,29.041666666666668,0.0,0.0,0.0,0.0,0.0,19.083333333333332
2024-07-18 03:00:00+00:00,0.0,0.0,0.0,29.041666666666668,0.0,29.041666666666668,0.0,0.0,0.0,0.0,0.0,19.083333333333332
2024-07-18 04:00:00+00:00,0.0,0.0,0.0,29.041666666666668,0.0,29.041666666666668,0.0,0.0,0.0,0.0,0.0,19.083333333333332
2024-07-18 05:00:00+00:00,0.0,0.0,0.0,29.041666666666668,0.0,29.041666666666668,0.0,0.0,0.0,0.0,0.0,19.083333333333332
2024-07-18 06:00:00+00:00,0.0,0.0,0.0,29.041666666666668,0.0,29.041666666666668,0.0,0.0,0.0,0.0,0.0,19.083333333333332
2024-07-18 07:00:00+00:00,0.0,0.0,0.0,29.041666666666668,0.0,29.041666666666668,0.0,0.0,0.0,0.0,0.0,19.083333333333332
2024-07-18 08:00:00+00:00,0.0,0.0,0.0,29.041666666666668,0.0,29.041666666666668,0.0,0.0,0.0,0.0,0.0,19.083333333333332
2024-07-18 09:00:00+00:00,0.0,0.0,0.0,29.041666666666668,0.0,29.041666666666668,0.0,0.0,0.0,0.0,0.0,19.083333333333332
2024-07-18 10:00:00+00:00,0.0,0.0,0.0,29.041666666666668,0.0,29.041666666666668,0.0,0.0,0.0,0.0,0.0,19.083333333333332
2024-07-18 11:00:00+00:00,0.0,0.0,0.0,29.041666666666668,0.0,29.041666666666668,0.0,0.0,0.0,0.0,0.0,19.083333333333332
2024-07-18 12:00:00+00:00,0.0,0.0,0.0,25.333333333333332,0.0,25.333333333333332,0.0,0.0,0.0,0.0,0.0,16.25
2024-07-18 13:00:00+00:00,0.0,0.0,0.0,20.666666666666668,0.0,20.666666666666668,0.0,0.0,0.0,0.0,0.0,12.333333333333334
2024-07-18 14:00:00+00:00,0.0,0.0,0.0,13.458333333333334,0.0,13.458333333333334,0.0,0.0,0.0,0.0,0.0,8.291666666666666
2024-07-18 15:00:00+00:00,0.0,0.0,93.0,17.291666666666668,93.0,17.291666666666668,0.0,0.0,0.0,0.0,62.0,10.875
2024-07-18 16:00:00+00:00,0.0,0.0,0.0,11.625,0.0,11.625,0.0,0.0,0.0,0.0,0.0,7.291666666666667
2024-07-18 17:00:00+00:00,0.0,0.0,25.0,11.875,25.0,11.875,0.0,0.0,0.0,0.0,7.0,6.791666666666667
2024-07-18 18:00:00+00:00,0.0,0.0,15.0,12.5,15.0,12.5,0.0,0.0,0.0,0.0,0.0,6.791666666666667
2024-07-18 19:00:00+00:00,0.0,0.0,0.0,12.5,0.0,12.5,0.0,0.0,0.0,0.0,0.0,6.791666666666667
2024-07-18 20:00:00+00:00,0.0,0.0,0.0,6.625,0.0,6.625,0.0,0.0,0.0,0.0,0.0,3.375
2024-07-18 21:00:00+00:00,0.0,0.0,0.0,5.541666666666667,14.0,6.125,0.0,0.0,0.0,0.0,0.0,2.875
2024-07-18 22:00:00+00:00,0.0,0.0,0.0,5.541666666666667,0.0,6.125,0.0,0.0,0.0,0.0,0.0,2.875
2024-07-18 23:00:00+00:00,0.0,0.0,0.0,5.541666666666667,0.0,6.125,0.0,0.0,0.0,0.0,0.0,2.875
2024-07-19 00:00:00+00:00,0.0,0.0,0.0,5.541666666666667,0.0,6.125,0.0,0.0,0.0,0.0,0.0,2.875
2024-07-19 01:00:00+00:00,0.0,0.0,0.0,5.541666666666667,0.0,6.125,0.0,0.0,0.0,0.0,0.0,2.875
2024-07-19 02:00:00+00:00,0.0,0.0,0.0,5.541666666666667,0.0,6.125,0.0,0.0,0.0,0.0,0.0,2.875
2024-07-19 03:00:00+00:00,0.0,0.0,0.0,5.541666666666667,0.0,6.125,0.0,0.0,0.0,0.0,0.0,2.875
2024-07-19 04:00:00+00:00,0.0,0.0,0.0,5.541666666666667,0.0,6.125,0.0,0.0,0.0,0.0,0.0,2.875
2024-07-19 05:00:00+00:00,0.0,0.0,0.0,5.541666666666667,0.0,6.125,0.0,0.0,0.0,0.0,0.0,2.875
2024-07-19 06:00:00+00:00,0.0,0.0,0.0,5.541666666666667,0.0,6.125,0.0,0.0,0.0,0.0,0.0,2.875
2024-07-19 07:00:00+00:00,0.0,0.0,0.0,5.541666666666667,0.0,6.125,0.0,0.0,0.0,0.0,0.0,2.875
2024-07-19 08:00:00+00:00,0.0,0.0,0.0,5.541666666666667,0.0,6.125,0.0,0.0,0.0,0.0,0.0,2.875
2024-07-19 09:00:00+00:00,0.0,0.0,0.0,5.541666666666667,0.0,6.125,0.0,0.0,0.0,0.0,0.0,2.875
2024-07-19 10:00:00+00:00,6.0,0.25,6.0,5.791666666666667,0.0,6.125,0.0,0.0,0.0,0.0,6.0,3.125
2024-07-19 11:00:00+00:00,162.0,7.0,162.0,12.541666666666666,0.0,6.125,0.0,0.0,0.0,0.0,125.0,8.333333333333334
2024-07-19 12:00:00+00:00,35.0,8.458333333333334,35.0,14.0,0.0,6.125,0.0,0.0,0.0,0.0,21.0,9.208333333333334
2024-07-19 13:00:00+00:00,12.0,8.958333333333334,12.0,14.5,0.0,6.125,0.0,0.0,0.0,0.0,0.0,9.208333333333334
2024-07-19 14:00:00+00:00,93.0,12.833333333333334,93.0,18.375,0.0,6.125,0.0,0.0,0.0,0.0,61.0,11.75
2024-07-19 15:00:00+00:00,14.0,13.416666666666666,14.0,15.083333333333334,0.0,2.25,0.0,0.0,0.0,0.0,0.0,9.166666666666666
2024-07-19 16:00:00+00:00,128.0,18.75,128.0,20.416666666666668,0.0,2.25,0.0,0.0,0.0,0.0,71.0,12.125
2024-07-19 17:00:00+00:00,233.0,28.458333333333332,233.0,29.083333333333332,0.0,1.2083333333333333,0.0,0.0,0.0,0.0,137.0,17.541666666666668
2024-07-19 18:00:00+00:00,40.0,30.125,40.0,30.125,0.0,0.5833333333333334,0.0,0.0,0.0,0.0,16.0,18.208333333333332
2024-07-19 19:00:00+00:00,0.0,30.125,0.0,30.125,0.0,0.5833333333333334,0.0,0.0,0.0,0.0,0.0,18.208333333333332
2024-07-19 20:00:00+00:00,0.0,30.125,0.0,30.125,0.0,0.5833333333333334,0.0,0.0,0.0,0.0,0.0,18.208333333333332
2024-07-19 21:00:00+00:00,0.0,30.125,0.0,30.125,0.0,0.0,0.0,0.0,0.0,0.0,0.0,18.208333333333332
2024-07-19 22:00:00+00:00,0.0,30.125,0.0,30.125,0.0,0.0,0.0,0.0,0.0,0.0,0.0,18.208333333333332
2024-07-19 23:00:00+00:00,0.0,30.125,0.0,30.125,0.0,0.0,0.0,0.0,0.0,0.0,0.0,18.208333333333332
2024-07-20 00:00:00+00:00,0.0,30.125,0.0,30.125,0.0,0.0,0.0,0.0,0.0,0.0,0.0,18.208333333333332
2024-07-20 01:00:00+00:00,0.0,30.125,0.0,30.125,0.0,0.0,0.0,0.0,0.0,0.0,0.0,18.208333333333332
2024-07-20 02:00:00+00:00,50.0,32.208333333333336,50.0,32.208333333333336,0.0,0.0,0.0,0.0,0.0,0.0,42.0,19.958333333333332
2024-07-20 03:00:00+00:00,0.0,32.208333333333336,0.0,32.208333333333336,0.0,0.0,0.0,0.0,0.0,0.0,0.0,19.958333333333332
2024-07-20 04:00:00+00:00,0.0,32.208333333333336,0.0,32.208333333333336,0.0,0.0,0.0,0.0,0.0,0.0,0.0,19.958333333333332
2024-07-20 05:00:00+00:00,0.0,32.208333333333336,0.0,32.208333333333336,0.0,0.0,0.0,0.0,0.0,0.0,0.0,19.958333333333332
2024-07-20 06:00:00+00:00,0.0,32.208333333333336,0.0,32.208333333333336,0.0,0.0,0.0,0.0,0.0,0.0,0.0,19.958333333333332
2024-07-20 07:00:00+00:00,0.0,32.208333333333336,0.0,32.208333333333336,0.0,0.0,0.0,0.0,0.0,0.0,0.0,19.958333333333332
2024-07-20 08:00:00+00:00,0.0,32.208333333333336,0.0,32.208333333333336,0.0,0.0,0.0,0.0,0.0,0.0,0.0,19.958333333333332
2024-07-20 09:00:00+00:00,0.0,32.208333333333336,0.0,32.208333333333336,0.0,0.0,0.0,0.0,0.0,0.0,0.0,19.958333333333332
2024-07-20 10:00:00+00:00,0.0,31.958333333333332,0.0,31.958333333333332,0.0,0.0,0.0,0.0,0.0,0.0,0.0,19.708333333333332
2024-07-20 11:00:00+00:00,0.0,25.208333333333332,0.0,25.208333333333332,0.0,0.0,0.0,0.0,0.0,0.0,0.0,14.5
2024-07-20 12:00:00+00:00,0.0,23.75,0.0,23.75,0.0,0.0,0.0,0.0,0.0,0.0,0.0,13.625
2024-07-20 13:00:00+00:00,1.0,23.291666666666668,0.0,23.25,0.0,0.0,0.0,0.0,0.0,0.0,0.0,13.625
2024-07-20 14:00:00+00:00,0.0,19.416666666666668,0.0,19.375,0.0,0.0,0.0,0.0,0.0,0.0,0.0,11.083333333333334
2024-07-20 15:00:00+00:00,0.0,18.833333333333332,0.0,18.791666666666668,0.0,0.0,0.0,0.0,0.0,0.0,0.0,11.083333333333334
2024-07-20 16:00:00+00:00,0.0,13.5,0.0,13.458333333333334,0.0,0.0,0.0,0.0,0.0,0.0,0.0,8.125
2024-07-20 17:00:00+00:00,0.0,3.7916666666666665,0.0,3.75,0.0,0.0,0.0,0.0,0.0,0.0,0.0,2.4166666666666665
2024-07-20 18:00:00+00:00,99.0,6.25,99.0,6.208333333333333,0.0,0.0,0.0,0.0,0.0,0.0,83.0,5.208333333333333
2024-07-20 19:00:00+00:00,1.0,6.291666666666667,0.0,6.208333333333333,0.0,0.0,0.0,0.0,0.0,0.0,0.0,5.208333333333333
2024-07-20 20:00:00+00:00,1.0,6.333333333333333,0.0,6.208333333333333,0.0,0.0,0.0,0.0,0.0,0.0,0.0,5.208333333333333
2024-07-20 21:00:00+00:00,29.0,7.541666666666667,29.0,7.416666666666667,0.0,0.0,0.0,0.0,0.0,0.0,0.0,5.208333333333333
2024-07-20 22:00:00+00:00,0.0,7.541666666666667,0.0,7.416666666666667,0.0,0.0,0.0,0.0,0.0,0.0,0.0,5.208333333333333
2024-07-20 23:00:00+00:00,379.0,23.333333333333332,379.0,23.208333333333332,0.0,0.0,0.0,0.0,0.0,0.0,144.0,11.208333333333334
2024-07-21 00:00:00+00:00,0.0,23.333333333333332,0.0,23.208333333333332,0.0,0.0,0.0,0.0,0.0,0.0,0.0,11.208333333333334
2024-07-21 01:00:00+00:00,0.0,23.333333333333332,0.0,23.208333333333332,0.0,0.0,0.0,0.0,0.0,0.0,0.0,11.208333333333334
2024-07-21 02:00:00+00:00,0.0,21.25,0.0,21.125,0.0,0.0,0.0,0.0,0.0,0.0,0.0,9.458333333333334
2024-07-21 03:00:00+00:00,0.0,21.25,0.0,21.125,0.0,0.0,0.0,0.0,0.0,0.0,0.0,9.458333333333334
2024-07-21 04:00:00+00:00,0.0,21.25,0.0,21.125,0.0,0.0,0.0,0.0,0.0,0.0,0.0,9.458333333333334
2024-07-21 05:00:00+00:00,0.0,21.25,0.0,21.125,0.0,0.0,0.0,0.0,0.0,0.0,0.0,9.458333333333334
2024-07-21 06:00:00+00:00,0.0,21.25,0.0,21.125,0.0,0.0,0.0,0.0,0.0,0.0,0.0,9.458333333333334
2024-07-21 07:00:00+00:00,0.0,21.25,0.0,21.125,0.0,0.0,0.0,0.0,0.0,0.0,0.0,9.458333333333334
2024-07-21 08:00:00+00:00,0.0,21.25,0.0,21.125,0.0,0.0,0.0,0.0,0.0,0.0,0.0,9.458333333333334
2024-07-21 09:00:00+00:00,0.0,21.25,0.0,21.125,0.0,0.0,0.0,0.0,0.0,0.0,0.0,9.458333333333334
2024-07-21 10:00:00+00:00,0.0,21.25,0.0,21.125,0.0,0.0,0.0,0.0,0.0,0.0,0.0,9.458333333333334
2024-07-21 11:00:00+00:00,73.0,24.291666666666668,73.0,24.166666666666668,0.0,0.0,0.0,0.0,0.0,0.0,28.0,10.625
2024-07-21 12:00:00+00:00,0.0,24.291666666666668,0.0,24.166666666666668,0.0,0.0,0.0,0.0,0.0,0.0,0.0,10.625
2024-07-21 13:00:00+00:00,0.0,24.25,0.0,24.166666666666668,0.0,0.0,0.0,0.0,0.0,0.0,0.0,10.625
2024-07-21 14:00:00+00:00,0.0,24.25,0.0,24.166666666666668,0.0,0.0,0.0,0.0,0.0,0.0,0.0,10.625
2024-07-21 15:00:00+00:00,15.0,24.875,0.0,24.166666666666668,0.0,0.0,0.0,0.0,0.0,0.0,0.0,10.625
2024-07-21 16:00:00+00:00,0.0,24.875,0.0,24.166666666666668,0.0,0.0,0.0,0.0,0.0,0.0,0.0,10.625
2024-07-21 17:00:00+00:00,6.0,25.125,0.0,24.166666666666668,0.0,0.0,0.0,0.0,0.0,0.0,6.0,10.875
2024-07-21 18:00:00+00:00,0.0,21.0,0.0,20.041666666666668,0.0,0.0,0.0,0.0,0.0,0.0,0.0,7.416666666666667
2024-07-21 19:00:00+00:00,0.0,20.958333333333332,0.0,20.041666666666668,0.0,0.0,0.0,0.0,0.0,0.0,0.0,7.416666666666667
2024-07-21 20:00:00+00:00,0.0,20.916666666666668,0.0,20.041666666666668,0.0,0.0,0.0,0.0,0.0,0.0,0.0,7.416666666666667
2024-07-21 21:00:00+00:00,0.0,19.708333333333332,0.0,18.833333333333332,0.0,0.0,0.0,0.0,0.0,0.0,0.0,7.416666666666667
2024-07-21 22:00:00+00:00,0.0,19.708333333333332,0.0,18.833333333333332,0.0,0.0,0.0,0.0,0.0,0.0,0.0,7.416666666666667
2024-07-21 23:00:00+00:00,0.0,3.9166666666666665,0.0,3.0416666666666665,0.0,0.0,0.0,0.0,0.0,0.0,0.0,1.4166666666666667
2024-07-22 00:00:00+00:00,0.0,3.9166666666666665,0.0,3.0416666666666665,0.0,0.0,0.0,0.0,0.0,0.0,0.0,1.4166666666666667
2024-07-22 01:00:00+00:00,0.0,3.9166666666666665,0.0,3.0416666666666665,0.0,0.0,0.0,0.0,0.0,0.0,0.0,1.4166666666666667
2024-07-22 02:00:00+00:00,0.0,3.9166666666666665,0.0,3.0416666666666665,0.0,0.0,0.0,0.0,0.0,0.0,0.0,1.4166666666666667
2024-07-22 03:00:00+00:00,0.0,3.9166666666666665,0.0,3.0416666666666665,0.0,0.0,0.0,0.0,0.0,0.0,0.0,1.4166666666666667
2024-07-22 04:00:00+00:00,0.0,3.9166666666666665,0.0,3.0416666666666665,0.0,0.0,0.0,0.0,0.0,0.0,0.0,1.4166666666666667
2024-07-22 05:00:00+00:00,0.0,3.9166666666666665,0.0,3.0416666666666665,0.0,0.0,0.0,0.0,0.0,0.0,0.0,1.4166666666666667
2024-07-22 06:00:00+00:00,0.0,3.9166666666666665,0.0,3.0416666666666665,0.0,0.0,0.0,0.0,0.0,0.0,0.0,1.4166666666666667
2024-07-22 07:00:00+00:00,0.0,3.9166666666666665,0.0,3.0416666666666665,0.0,0.0,0.0,0.0,0.0,0.0,0.0,1.4166666666666667
2024-07-22 08:00:00+00:00,0.0,3.9166666666666665,0.0,3.0416666666666665,0.0,0.0,0.0,0.0,0.0,0.0,0.0,1.4166666666666667
2024-07-22 09:00:00+00:00,0.0,3.9166666666666665,0.0,3.0416666666666665,0.0,0.0,0.0,0.0,0.0,0.0,0.0,1.4166666666666667
2024-07-22 10:00:00+00:00,0.0,3.9166666666666665,0.0,3.0416666666666665,0.0,0.0,0.0,0.0,0.0,0.0,0.0,1.4166666666666667
2024-07-22 11:00:00+00:00,0.0,0.875,0.0,0.0,0.0,0.0,0.0,0.0,0.0,0.0,0.0,0.25
2024-07-22 12:00:00+00:00,0.0,0.875,0.0,0.0,0.0,0.0,0.0,0.0,0.0,0.0,0.0,0.25
2024-07-22 13:00:00+00:00,73.0,3.9166666666666665,73.0,3.0416666666666665,73.0,3.0416666666666665,0.0,0.0,0.0,0.0,64.0,2.9166666666666665
2024-07-22 14:00:00+00:00,275.0,15.375,275.0,14.5,275.0,14.5,0.0,0.0,0.0,0.0,162.0,9.666666666666666
2024-07-22 15:00:00+00:00,57.0,17.125,57.0,16.875,57.0,16.875,0.0,0.0,0.0,0.0,33.0,11.041666666666666
2024-07-22 16:00:00+00:00,14.0,17.708333333333332,14.0,17.458333333333332,14.0,17.458333333333332,0.0,0.0,0.0,0.0,8.0,11.375
2024-07-22 17:00:00+00:00,237.0,27.333333333333332,237.0,27.333333333333332,237.0,27.333333333333332,0.0,0.0,0.0,0.0,104.0,15.458333333333334
2024-07-22 18:00:00+00:00,200.0,35.666666666666664,200.0,35.666666666666664,200.0,35.666666666666664,0.0,0.0,0.0,0.0,127.0,20.75
2024-07-22 19:00:00+00:00,105.0,40.041666666666664,105.0,40.041666666666664,105.0,40.041666666666664,0.0,0.0,0.0,0.0,54.0,23.0
2024-07-22 20:00:00+00:00,0.0,40.041666666666664,0.0,40.041666666666664,0.0,40.041666666666664,0.0,0.0,0.0,0.0,0.0,23.0
2024-07-22 21:00:00+00:00,0.0,40.041666666666664,0.0,40.041666666666664,0.0,40.041666666666664,0.0,0.0,0.0,0.0,0.0,23.0
2024-07-22 22:00:00+00:00,0.0,40.041666666666664,0.0,40.041666666666664,0.0,40.041666666666664,0.0,0.0,0.0,0.0,0.0,23.0
2024-07-22 23:00:00+00:00,0.0,40.041666666666664,0.0,40.041666666666664,0.0,40.041666666666664,0.0,0.0,0.0,0.0,0.0,23.0
2024-07-23 00:00:00+00:00,64.0,42.708333333333336,64.0,42.708333333333336,64.0,42.708333333333336,0.0,0.0,0.0,0.0,23.0,23.958333333333332
2024-07-23 01:00:00+00:00,0.0,42.708333333333336,0.0,42.708333333333336,0.0,42.708333333333336,0.0,0.0,0.0,0.0,0.0,23.958333333333332
2024-07-23 02:00:00+00:00,0.0,42.708333333333336,0.0,42.708333333333336,0.0,42.708333333333336,0.0,0.0,0.0,0.0,0.0,23.958333333333332
2024-07-23 03:00:00+00:00,0.0,42.708333333333336,0.0,42.708333333333336,0.0,42.708333333333336,0.0,0.0,0.0,0.0,0.0,23.958333333333332
2024-07-23 04:00:00+00:00,0.0,42.708333333333336,0.0,42.708333333333336,0.0,42.708333333333336,0.0,0.0,0.0,0.0,0.0,23.958333333333332
2024-07-23 05:00:00+00:00,0.0,42.708333333333336,0.0,42.708333333333336,0.0,42.708333333333336,0.0,0.0,0.0,0.0,0.0,23.958333333333332
2024-07-23 06:00:00+00:00,0.0,42.708333333333336,0.0,42.708333333333336,0.0,42.708333333333336,0.0,0.0,0.0,0.0,0.0,23.958333333333332
2024-07-23 07:00:00+00:00,0.0,42.708333333333336,0.0,42.708333333333336,0.0,42.708333333333336,0.0,0.0,0.0,0.0,0.0,23.958333333333332
2024-07-23 08:00:00+00:00,0.0,42.708333333333336,0.0,42.708333333333336,0.0,42.708333333333336,0.0,0.0,0.0,0.0,0.0,23.958333333333332
2024-07-23 09:00:00+00:00,0.0,42.708333333333336,0.0,42.708333333333336,0.0,42.708333333333336,0.0,0.0,0.0,0.0,0.0,23.958333333333332
2024-07-23 10:00:00+00:00,0.0,42.708333333333336,0.0,42.708333333333336,0.0,42.708333333333336,0.0,0.0,0.0,0.0,0.0,23.958333333333332
2024-07-23 11:00:00+00:00,0.0,42.708333333333336,0.0,42.708333333333336,0.0,42.708333333333336,0.0,0.0,0.0,0.0,0.0,23.958333333333332
2024-07-23 12:00:00+00:00,0.0,42.708333333333336,0.0,42.708333333333336,0.0,42.708333333333336,0.0,0.0,0.0,0.0,0.0,23.958333333333332
2024-07-23 13:00:00+00:00,84.0,43.166666666666664,84.0,43.166666666666664,84.0,43.166666666666664,0.0,0.0,0.0,0.0,27.0,22.416666666666668
2024-07-23 14:00:00+00:00,130.0,37.125,130.0,37.125,130.0,37.125,0.0,0.0,0.0,0.0,53.0,17.875
2024-07-23 15:00:00+00:00,32.0,36.083333333333336,32.0,36.083333333333336,32.0,36.083333333333336,0.0,0.0,0.0,0.0,13.0,17.041666666666668
2024-07-23 16:00:00+00:00,368.0,50.833333333333336,368.0,50.833333333333336,368.0,50.833333333333336,0.0,0.0,0.0,0.0,197.0,24.916666666666668
2024-07-23 17:00:00+00:00,257.0,51.666666666666664,257.0,51.666666666666664,257.0,51.666666666666664,0.0,0.0,0.0,0.0,184.0,28.25
2024-07-23 18:00:00+00:00,58.0,45.75,58.0,45.75,58.0,45.75,0.0,0.0,0.0,0.0,0.0,22.958333333333332
2024-07-23 19:00:00+00:00,59.0,43.833333333333336,59.0,43.833333333333336,59.0,43.833333333333336,0.0,0.0,0.0,0.0,30.0,21.958333333333332
2024-07-23 20:00:00+00:00,0.0,43.833333333333336,0.0,43.833333333333336,0.0,43.833333333333336,0.0,0.0,0.0,0.0,0.0,21.958333333333332
2024-07-23 21:00:00+00:00,0.0,43.833333333333336,0.0,43.833333333333336,0.0,43.833333333333336,0.0,0.0,0.0,0.0,0.0,21.958333333333332
2024-07-23 22:00:00+00:00,2.0,43.916666666666664,0.0,43.833333333333336,2.0,43.916666666666664,0.0,0.0,0.0,0.0,0.0,21.958333333333332
2024-07-23 23:00:00+00:00,0.0,43.916666666666664,0.0,43.833333333333336,0.0,43.916666666666664,0.0,0.0,0.0,0.0,0.0,21.958333333333332
2024-07-24 00:00:00+00:00,0.0,41.25,0.0,41.166666666666664,0.0,41.25,0.0,0.0,0.0,0.0,0.0,21.0
2024-07-24 01:00:00+00:00,0.0,41.25,0.0,41.166666666666664,0.0,41.25,0.0,0.0,0.0,0.0,0.0,21.0
2024-07-24 02:00:00+00:00,0.0,41.25,0.0,41.166666666666664,0.0,41.25,0.0,0.0,0.0,0.0,0.0,21.0
2024-07-24 03:00:00+00:00,0.0,41.25,0.0,41.166666666666664,0.0,41.25,0.0,0.0,0.0,0.0,0.0,21.0
2024-07-24 04:00:00+00:00,0.0,41.25,0.0,41.166666666666664,0.0,41.25,0.0,0.0,0.0,0.0,0.0,21.0
2024-07-24 05:00:00+00:00,0.0,41.25,0.0,41.166666666666664,0.0,41.25,0.0,0.0,0.0,0.0,0.0,21.0
2024-07-24 06:00:00+00:00,0.0,41.25,0.0,41.166666666666664,0.0,41.25,0.0,0.0,0.0,0.0,0.0,21.0
2024-07-24 07:00:00+00:00,0.0,41.25,0.0,41.166666666666664,0.0,41.25,0.0,0.0,0.0,0.0,0.0,21.0
2024-07-24 08:00:00+00:00,0.0,41.25,0.0,41.166666666666664,0.0,41.25,0.0,0.0,0.0,0.0,0.0,21.0
2024-07-24 09:00:00+00:00,0.0,41.25,0.0,41.166666666666664,0.0,41.25,0.0,0.0,0.0,0.0,0.0,21.0
2024-07-24 10:00:00+00:00,0.0,41.25,0.0,41.166666666666664,0.0,41.25,0.0,0.0,0.0,0.0,0.0,21.0
2024-07-24 11:00:00+00:00,21.0,42.125,21.0,42.041666666666664,21.0,42.125,0.0,0.0,0.0,0.0,15.0,21.625
2024-07-24 12:00:00+00:00,65.0,44.833333333333336,65.0,44.75,65.0,44.833333333333336,0.0,0.0,0.0,0.0,35.0,23.083333333333332
2024-07-24 13:00:00+00:00,0.0,41.333333333333336,0.0,41.25,0.0,41.333333333333336,0.0,0.0,0.0,0.0,0.0,21.958333333333332
2024-07-24 14:00:00+00:00,0.0,35.916666666666664,0.0,35.833333333333336,0.0,35.916666666666664,0.0,0.0,0.0,0.0,0.0,19.75
2024-07-24 15:00:00+00:00,40.0,36.25,40.0,36.166666666666664,40.0,36.25,0.0,0.0,0.0,0.0,12.0,19.708333333333332
2024-07-24 16:00:00+00:00,182.0,28.5,182.0,28.416666666666668,182.0,28.5,0.0,0.0,0.0,0.0,91.0,15.291666666666666
2024-07-24 17:00:00+00:00,0.0,17.791666666666668,0.0,17.708333333333332,0.0,17.791666666666668,0.0,0.0,0.0,0.0,0.0,7.625
2024-07-24 18:00:00+00:00,6.0,15.625,0.0,15.291666666666666,6.0,15.625,0.0,0.0,0.0,0.0,6.0,7.875
2024-07-24 19:00:00+00:00,9.0,13.541666666666666,0.0,12.833333333333334,9.0,13.541666666666666,0.0,0.0,0.0,0.0,0.0,6.625
2024-07-24 20:00:00+00:00,9.0,13.916666666666666,9.0,13.208333333333334,9.0,13.916666666666666,0.0,0.0,0.0,0.0,0.0,6.625
2024-07-24 21:00:00+00:00,158.0,20.5,158.0,19.791666666666668,158.0,20.5,0.0,0.0,0.0,0.0,111.0,11.25
2024-07-24 22:00:00+00:00,169.0,27.458333333333332,169.0,26.833333333333332,169.0,27.458333333333332,0.0,0.0,0.0,0.0,55.0,13.541666666666666
2024-07-24 23:00:00+00:00,112.0,32.125,112.0,31.5,112.0,32.125,0.0,0.0,0.0,0.0,35.0,15.0
2024-07-25 00:00:00+00:00,0.0,32.125,0.0,31.5,0.0,32.125,0.0,0.0,0.0,0.0,0.0,15.0
2024-07-25 01:00:00+00:00,0.0,32.125,0.0,31.5,0.0,32.125,0.0,0.0,0.0,0.0,0.0,15.0
2024-07-25 02:00:00+00:00,0.0,32.125,0.0,31.5,0.0,32.125,0.0,0.0,0.0,0.0,0.0,15.0
2024-07-25 03:00:00+00:00,0.0,32.125,0.0,31.5,0.0,32.125,0.0,0.0,0.0,0.0,0.0,15.0
2024-07-25 04:00:00+00:00,0.0,32.125,0.0,31.5,0.0,32.125,0.0,0.0,0.0,0.0,0.0,15.0
2024-07-25 05:00:00+00:00,0.0,32.125,0.0,31.5,0.0,32.125,0.0,0.0,0.0,0.0,0.0,15.0
2024-07-25 06:00:00+00:00,0.0,32.125,0.0,31.5,0.0,32.125,0.0,0.0,0.0,0.0,0.0,15.0
2024-07-25 07:00:00+00:00,0.0,32.125,0.0,31.5,0.0,32.125,0.0,0.0,0.0,0.0,0.0,15.0
2024-07-25 08:00:00+00:00,0.0,32.125,0.0,31.5,0.0,32.125,0.0,0.0,0.0,0.0,0.0,15.0
2024-07-25 09:00:00+00:00,0.0,32.125,0.0,31.5,0.0,32.125,0.0,0.0,0.0,0.0,0.0,15.0
2024-07-25 10:00:00+00:00,0.0,32.125,0.0,31.5,0.0,32.125,0.0,0.0,0.0,0.0,0.0,15.0
2024-07-25 11:00:00+00:00,0.0,31.25,0.0,30.625,0.0,31.25,0.0,0.0,0.0,0.0,0.0,14.375
2024-07-25 12:00:00+00:00,19.0,29.333333333333332,0.0,27.916666666666668,19.0,29.333333333333332,0.0,0.0,0.0,0.0,6.0,13.166666666666666
2024-07-25 13:00:00+00:00,0.0,29.333333333333332,0.0,27.916666666666668,0.0,29.333333333333332,0.0,0.0,0.0,0.0,0.0,13.166666666666666
2024-07-25 14:00:00+00:00,0.0,29.333333333333332,0.0,27.916666666666668,0.0,29.333333333333332,0.0,0.0,0.0,0.0,0.0,13.166666666666666
2024-07-25 15:00:00+00:00,108.0,32.166666666666664,108.0,30.75,108.0,32.166666666666664,0.0,0.0,0.0,0.0,47.0,14.625
2024-07-25 16:00:00+00:00,0.0,24.583333333333332,0.0,23.166666666666668,0.0,24.583333333333332,0.0,0.0,0.0,0.0,0.0,10.833333333333334
2024-07-25 17:00:00+00:00,338.0,38.666666666666664,338.0,37.25,338.0,38.666666666666664,0.0,0.0,0.0,0.0,155.0,17.291666666666668
2024-07-25 18:00:00+00:00,17.0,39.125,17.0,37.958333333333336,17.0,39.125,0.0,0.0,0.0,0.0,15.0,17.666666666666668
2024-07-25 19:00:00+00:00,111.0,43.375,111.0,42.583333333333336,111.0,43.375,0.0,0.0,0.0,0.0,26.0,18.75
2024-07-25 20:00:00+00:00,21.0,43.875,21.0,43.083333333333336,21.0,43.875,0.0,0.0,0.0,0.0,21.0,19.625
2024-07-25 21:00:00+00:00,0.0,37.291666666666664,0.0,36.5,0.0,37.291666666666664,0.0,0.0,0.0,0.0,0.0,15.0
2024-07-25 22:00:00+00:00,52.0,32.416666666666664,52.0,31.625,52.0,32.416666666666664,0.0,0.0,0.0,0.0,50.0,14.791666666666666
2024-07-25 23:00:00+00:00,0.0,27.75,0.0,26.958333333333332,0.0,27.75,0.0,0.0,0.0,0.0,0.0,13.333333333333334
2024-07-26 00:00:00+00:00,0.0,27.75,0.0,26.958333333333332,0.0,27.75,0.0,0.0,0.0,0.0,0.0,13.333333333333334
2024-07-26 01:00:00+00:00,0.0,27.75,0.0,26.958333333333332,0.0,27.75,0.0,0.0,0.0,0.0,0.0,13.333333333333334
2024-07-26 02:00:00+00:00,0.0,27.75,0.0,26.958333333333332,0.0,27.75,0.0,0.0,0.0,0.0,0.0,13.333333333333334
2024-07-26 03:00:00+00:00,0.0,27.75,0.0,26.958333333333332,0.0,27.75,0.0,0.0,0.0,0.0,0.0,13.333333333333334
2024-07-26 04:00:00+00:00,0.0,27.75,0.0,26.958333333333332,0.0,27.75,0.0,0.0,0.0,0.0,0.0,13.333333333333334
2024-07-26 05:00:00+00:00,0.0,27.75,0.0,26.958333333333332,0.0,27.75,0.0,0.0,0.0,0.0,0.0,13.333333333333334
2024-07-26 06:00:00+00:00,0.0,27.75,0.0,26.958333333333332,0.0,27.75,0.0,0.0,0.0,0.0,0.0,13.333333333333334
2024-07-26 07:00:00+00:00,0.0,27.75,0.0,26.958333333333332,0.0,27.75,0.0,0.0,0.0,0.0,0.0,13.333333333333334
2024-07-26 08:00:00+00:00,0.0,27.75,0.0,26.958333333333332,0.0,27.75,0.0,0.0,0.0,0.0,0.0,13.333333333333334
2024-07-26 09:00:00+00:00,0.0,27.75,0.0,26.958333333333332,0.0,27.75,0.0,0.0,0.0,0.0,0.0,13.333333333333334
2024-07-26 10:00:00+00:00,0.0,27.75,0.0,26.958333333333332,0.0,27.75,0.0,0.0,0.0,0.0,0.0,13.333333333333334
2024-07-26 11:00:00+00:00,0.0,27.75,0.0,26.958333333333332,0.0,27.75,0.0,0.0,0.0,0.0,0.0,13.333333333333334
2024-07-26 12:00:00+00:00,15.0,27.583333333333332,15.0,27.583333333333332,15.0,27.583333333333332,0.0,0.0,0.0,0.0,0.0,13.083333333333334
2024-07-26 13:00:00+00:00,116.0,32.416666666666664,116.0,32.416666666666664,116.0,32.416666666666664,0.0,0.0,0.0,0.0,67.0,15.875
2024-07-26 14:00:00+00:00,0.0,32.416666666666664,0.0,32.416666666666664,0.0,32.416666666666664,0.0,0.0,0.0,0.0,0.0,15.875
2024-07-26 15:00:00+00:00,0.0,27.916666666666668,0.0,27.916666666666668,0.0,27.916666666666668,0.0,0.0,0.0,0.0,0.0,13.916666666666666
2024-07-26 16:00:00+00:00,161.0,34.625,161.0,34.625,161.0,34.625,0.0,0.0,0.0,0.0,79.0,17.208333333333332
2024-07-26 17:00:00+00:00,0.0,20.541666666666668,0.0,20.541666666666668,0.0,20.541666666666668,0.0,0.0,0.0,0.0,0.0,10.75
2024-07-26 18:00:00+00:00,0.0,19.833333333333332,0.0,19.833333333333332,0.0,19.833333333333332,0.0,0.0,0.0,0.0,0.0,10.125
2024-07-26 19:00:00+00:00,75.0,18.333333333333332,75.0,18.333333333333332,75.0,18.333333333333332,0.0,0.0,0.0,0.0,12.0,9.541666666666666
2024-07-26 20:00:00+00:00,54.0,19.708333333333332,54.0,19.708333333333332,54.0,19.708333333333332,0.0,0.0,0.0,0.0,13.0,9.208333333333334
2024-07-26 21:00:00+00:00,39.0,21.333333333333332,39.0,21.333333333333332,39.0,21.333333333333332,0.0,0.0,0.0,0.0,37.0,10.75
2024-07-26 22:00:00+00:00,0.0,19.166666666666668,0.0,19.166666666666668,0.0,19.166666666666668,0.0,0.0,0.0,0.0,0.0,8.666666666666666
2024-07-26 23:00:00+00:00,0.0,19.166666666666668,0.0,19.166666666666668,0.0,19.166666666666668,0.0,0.0,0.0,0.0,0.0,8.666666666666666
2024-07-27 00:00:00+00:00,0.0,19.166666666666668,0.0,19.166666666666668,0.0,19.166666666666668,0.0,0.0,0.0,0.0,0.0,8.666666666666666
2024-07-27 01:00:00+00:00,0.0,19.166666666666668,0.0,19.166666666666668,0.0,19.166666666666668,0.0,0.0,0.0,0.0,0.0,8.666666666666666
2024-07-27 02:00:00+00:00,0.0,19.166666666666668,0.0,19.166666666666668,0.0,19.166666666666668,0.0,0.0,0.0,0.0,0.0,8.666666666666666
2024-07-27 03:00:00+00:00,0.0,19.166666666666668,0.0,19.166666666666668,0.0,19.166666666666668,0.0,0.0,0.0,0.0,0.0,8.666666666666666
2024-07-27 04:00:00+00:00,0.0,19.166666666666668,0.0,19.166666666666668,0.0,19.166666666666668,0.0,0.0,0.0,0.0,0.0,8.666666666666666
2024-07-27 05:00:00+00:00,0.0,19.166666666666668,0.0,19.166666666666668,0.0,19.166666666666668,0.0,0.0,0.0,0.0,0.0,8.666666666666666
2024-07-27 06:00:00+00:00,0.0,19.166666666666668,0.0,19.166666666666668,0.0,19.166666666666668,0.0,0.0,0.0,0.0,0.0,8.666666666666666
2024-07-27 07:00:00+00:00,0.0,19.166666666666668,0.0,19.166666666666668,0.0,19.166666666666668,0.0,0.0,0.0,0.0,0.0,8.666666666666666
2024-07-27 08:00:00+00:00,0.0,19.166666666666668,0.0,19.166666666666668,0.0,19.166666666666668,0.0,0.0,0.0,0.0,0.0,8.666666666666666
2024-07-27 09:00:00+00:00,0.0,19.166666666666668,0.0,19.166666666666668,0.0,19.166666666666668,0.0,0.0,0.0,0.0,0.0,8.666666666666666
2024-07-27 10:00:00+00:00,0.0,19.166666666666668,0.0,19.166666666666668,0.0,19.166666666666668,0.0,0.0,0.0,0.0,0.0,8.666666666666666
2024-07-27 11:00:00+00:00,2.0,19.25,0.0,19.166666666666668,0.0,19.166666666666668,0.0,0.0,0.0,0.0,0.0,8.666666666666666
2024-07-27 12:00:00+00:00,1.0,18.666666666666668,0.0,18.541666666666668,0.0,18.541666666666668,0.0,0.0,0.0,0.0,0.0,8.666666666666666
2024-07-27 13:00:00+00:00,56.0,16.166666666666668,56.0,16.041666666666668,0.0,13.708333333333334,0.0,0.0,0.0,0.0,11.0,6.333333333333333
2024-07-27 14:00:00+00:00,249.0,26.541666666666668,249.0,26.416666666666668,0.0,13.708333333333334,0.0,0.0,0.0,0.0,104.0,10.666666666666666
2024-07-27 15:00:00+00:00,52.0,28.708333333333332,52.0,28.583333333333332,0.0,13.708333333333334,0.0,0.0,0.0,0.0,52.0,12.833333333333334
2024-07-27 16:00:00+00:00,40.0,23.666666666666668,40.0,23.541666666666668,0.0,7.0,0.0,0.0,0.0,0.0,10.0,9.958333333333334
2024-07-27 17:00:00+00:00,59.0,26.125,59.0,26.0,0.0,7.0,0.0,0.0,0.0,0.0,29.0,11.166666666666666
2024-07-27 18:00:00+00:00,62.0,28.708333333333332,62.0,28.583333333333332,0.0,7.0,0.0,0.0,0.0,0.0,9.0,11.541666666666666
2024-07-27 19:00:00+00:00,0.0,25.583333333333332,0.0,25.458333333333332,0.0,3.875,0.0,0.0,0.0,0.0,0.0,11.041666666666666
2024-07-27 20:00:00+00:00,0.0,23.333333333333332,0.0,23.208333333333332,0.0,1.625,0.0,0.0,0.0,0.0,0.0,10.5
2024-07-27 21:00:00+00:00,0.0,21.708333333333332,0.0,21.583333333333332,0.0,0.0,0.0,0.0,0.0,0.0,0.0,8.958333333333334
2024-07-27 22:00:00+00:00,36.0,23.208333333333332,36.0,23.083333333333332,0.0,0.0,0.0,0.0,0.0,0.0,30.0,10.208333333333334
2024-07-27 23:00:00+00:00,49.0,25.25,49.0,25.125,0.0,0.0,0.0,0.0,0.0,0.0,15.0,10.833333333333334
2024-07-28 00:00:00+00:00,272.0,36.583333333333336,272.0,36.458333333333336,0.0,0.0,0.0,0.0,0.0,0.0,144.0,16.833333333333332
2024-07-28 01:00:00+00:00,129.0,41.958333333333336,129.0,41.833333333333336,0.0,0.0,0.0,0.0,0.0,0.0,33.0,18.208333333333332
2024-07-28 02:00:00+00:00,0.0,41.958333333333336,0.0,41.833333333333336,0.0,0.0,0.0,0.0,0.0,0.0,0.0,18.208333333333332
2024-07-28 03:00:00+00:00,0.0,41.958333333333336,0.0,41.833333333333336,0.0,0.0,0.0,0.0,0.0,0.0,0.0,18.208333333333332
2024-07-28 04:00:00+00:00,0.0,41.958333333333336,0.0,41.833333333333336,0.0,0.0,0.0,0.0,0.0,0.0,0.0,18.208333333333332
2024-07-28 05:00:00+00:00,31.0,43.25,31.0,43.125,0.0,0.0,0.0,0.0,0.0,0.0,0.0,18.208333333333332
2024-07-28 06:00:00+00:00,165.0,50.125,165.0,50.0,0.0,0.0,0.0,0.0,0.0,0.0,106.0,22.625
2024-07-28 07:00:00+00:00,0.0,50.125,0.0,50.0,0.0,0.0,0.0,0.0,0.0,0.0,0.0,22.625
2024-07-28 08:00:00+00:00,0.0,50.125,0.0,50.0,0.0,0.0,0.0,0.0,0.0,0.0,0.0,22.625
2024-07-28 09:00:00+00:00,0.0,50.125,0.0,50.0,0.0,0.0,0.0,0.0,0.0,0.0,0.0,22.625
2024-07-28 10:00:00+00:00,0.0,50.125,0.0,50.0,0.0,0.0,0.0,0.0,0.0,0.0,0.0,22.625
2024-07-28 11:00:00+00:00,0.0,50.041666666666664,0.0,50.0,0.0,0.0,0.0,0.0,0.0,0.0,0.0,22.625
2024-07-28 12:00:00+00:00,216.0,59.0,216.0,59.0,0.0,0.0,0.0,0.0,0.0,0.0,160.0,29.291666666666668
2024-07-28 13:00:00+00:00,0.0,56.666666666666664,0.0,56.666666666666664,0.0,0.0,0.0,0.0,0.0,0.0,0.0,28.833333333333332
2024-07-28 14:00:00+00:00,94.0,50.208333333333336,94.0,50.208333333333336,0.0,0.0,0.0,0.0,0.0,0.0,59.0,26.958333333333332
2024-07-28 15:00:00+00:00,377.0,63.75,377.0,63.75,0.0,0.0,0.0,0.0,0.0,0.0,173.0,32.0
2024-07-28 16:00:00+00:00,155.0,68.54166666666667,155.0,68.54166666666667,0.0,0.0,0.0,0.0,0.0,0.0,75.0,34.708333333333336
2024-07-28 17:00:00+00:00,0.0,66.08333333333333,0.0,66.08333333333333,0.0,0.0,0.0,0.0,0.0,0.0,0.0,33.5
2024-07-28 18:00:00+00:00,0.0,63.5,0.0,63.5,0.0,0.0,0.0,0.0,0.0,0.0,0.0,33.125
2024-07-28 19:00:00+00:00,0.0,63.5,0.0,63.5,0.0,0.0,0.0,0.0,0.0,0.0,0.0,33.125
2024-07-28 20:00:00+00:00,221.0,72.70833333333333,221.0,72.70833333333333,0.0,0.0,0.0,0.0,0.0,0.0,134.0,38.708333333333336
2024-07-28 21:00:00+00:00,0.0,72.70833333333333,0.0,72.70833333333333,0.0,0.0,0.0,0.0,0.0,0.0,0.0,38.708333333333336
2024-07-28 22:00:00+00:00,2.0,71.29166666666667,0.0,71.20833333333333,0.0,0.0,0.0,0.0,0.0,0.0,0.0,37.458333333333336
2024-07-28 23:00:00+00:00,0.0,69.25,0.0,69.16666666666667,0.0,0.0,0.0,0.0,0.0,0.0,0.0,36.833333333333336
2024-07-29 00:00:00+00:00,2.0,58.0,0.0,57.833333333333336,0.0,0.0,0.0,0.0,0.0,0.0,0.0,30.833333333333332
2024-07-29 01:00:00+00:00,0.0,52.625,0.0,52.458333333333336,0.0,0.0,0.0,0.0,0.0,0.0,0.0,29.458333333333332
2024-07-29 02:00:00+00:00,0.0,52.625,0.0,52.458333333333336,0.0,0.0,0.0,0.0,0.0,0.0,0.0,29.458333333333332
2024-07-29 03:00:00+00:00,0.0,52.625,0.0,52.458333333333336,0.0,0.0,0.0,0.0,0.0,0.0,0.0,29.458333333333332
2024-07-29 04:00:00+00:00,0.0,52.625,0.0,52.458333333333336,0.0,0.0,0.0,0.0,0.0,0.0,0.0,29.458333333333332
2024-07-29 05:00:00+00:00,0.0,51.333333333333336,0.0,51.166666666666664,0.0,0.0,0.0,0.0,0.0,0.0,0.0,29.458333333333332
2024-07-29 06:00:00+00:00,0.0,44.458333333333336,0.0,44.291666666666664,0.0,0.0,0.0,0.0,0.0,0.0,0.0,25.041666666666668
2024-07-29 07:00:00+00:00,0.0,44.458333333333336,0.0,44.291666666666664,0.0,0.0,0.0,0.0,0.0,0.0,0.0,25.041666666666668
2024-07-29 08:00:00+00:00,0.0,44.458333333333336,0.0,44.291666666666664,0.0,0.0,0.0,0.0,0.0,0.0,0.0,25.041666666666668
2024-07-29 09:00:00+00:00,0.0,44.458333333333336,0.0,44.291666666666664,0.0,0.0,0.0,0.0,0.0,0.0,0.0,25.041666666666668
2024-07-29 10:00:00+00:00,148.0,50.625,148.0,50.458333333333336,0.0,0.0,0.0,0.0,0.0,0.0,131.0,30.5
2024-07-29 11:00:00+00:00,0.0,50.625,0.0,50.458333333333336,0.0,0.0,0.0,0.0,0.0,0.0,0.0,30.5
2024-07-29 12:00:00+00:00,0.0,41.625,0.0,41.458333333333336,0.0,0.0,0.0,0.0,0.0,0.0,0.0,23.833333333333332
2024-07-29 13:00:00+00:00,0.0,41.625,0.0,41.458333333333336,0.0,0.0,0.0,0.0,0.0,0.0,0.0,23.833333333333332
2024-07-29 14:00:00+00:00,35.0,39.166666666666664,35.0,39.0,0.0,0.0,0.0,0.0,0.0,0.0,0.0,21.375
2024-07-29 15:00:00+00:00,90.0,27.208333333333332,90.0,27.041666666666668,0.0,0.0,0.0,0.0,0.0,0.0,47.0,16.125
2024-07-29 16:00:00+00:00,0.0,20.75,0.0,20.583333333333332,0.0,0.0,0.0,0.0,0.0,0.0,0.0,13.0
2024-07-29 17:00:00+00:00,1.0,20.791666666666668,0.0,20.583333333333332,0.0,0.0,0.0,0.0,0.0,0.0,0.0,13.0
2024-07-29 18:00:00+00:00,0.0,20.791666666666668,0.0,20.583333333333332,0.0,0.0,0.0,0.0,0.0,0.0,0.0,13.0
2024-07-29 19:00:00+00:00,0.0,20.791666666666668,0.0,20.583333333333332,0.0,0.0,0.0,0.0,0.0,0.0,0.0,13.0
2024-07-29 20:00:00+00:00,6.0,11.833333333333334,6.0,11.625,0.0,0.0,0.0,0.0,0.0,0.0,4.0,7.583333333333333
2024-07-29 21:00:00+00:00,69.0,14.708333333333334,69.0,14.5,0.0,0.0,0.0,0.0,0.0,0.0,69.0,10.458333333333334
2024-07-29 22:00:00+00:00,0.0,14.625,0.0,14.5,0.0,0.0,0.0,0.0,0.0,0.0,0.0,10.458333333333334
2024-07-29 23:00:00+00:00,55.0,16.916666666666668,55.0,16.791666666666668,0.0,0.0,0.0,0.0,0.0,0.0,55.0,12.75
2024-07-30 00:00:00+00:00,0.0,16.833333333333332,0.0,16.791666666666668,0.0,0.0,0.0,0.0,0.0,0.0,0.0,12.75
2024-07-30 01:00:00+00:00,0.0,16.833333333333332,0.0,16.791666666666668,0.0,0.0,0.0,0.0,0.0,0.0,0.0,12.75
2024-07-30 02:00:00+00:00,0.0,16.833333333333332,0.0,16.791666666666668,0.0,0.0,0.0,0.0,0.0,0.0,0.0,12.75
2024-07-30 03:00:00+00:00,0.0,16.833333333333332,0.0,16.791666666666668,0.0,0.0,0.0,0.0,0.0,0.0,0.0,12.75
2024-07-30 04:00:00+00:00,0.0,16.833333333333332,0.0,16.791666666666668,0.0,0.0,0.0,0.0,0.0,0.0,0.0,12.75
2024-07-30 05:00:00+00:00,0.0,16.833333333333332,0.0,16.791666666666668,0.0,0.0,0.0,0.0,0.0,0.0,0.0,12.75
2024-07-30 06:00:00+00:00,0.0,16.833333333333332,0.0,16.791666666666668,0.0,0.0,0.0,0.0,0.0,0.0,0.0,12.75
2024-07-30 07:00:00+00:00,0.0,16.833333333333332,0.0,16.791666666666668,0.0,0.0,0.0,0.0,0.0,0.0,0.0,12.75
2024-07-30 08:00:00+00:00,0.0,16.833333333333332,0.0,16.791666666666668,0.0,0.0,0.0,0.0,0.0,0.0,0.0,12.75
2024-07-30 09:00:00+00:00,0.0,16.833333333333332,0.0,16.791666666666668,0.0,0.0,0.0,0.0,0.0,0.0,0.0,12.75
2024-07-30 10:00:00+00:00,0.0,10.666666666666666,0.0,10.625,0.0,0.0,0.0,0.0,0.0,0.0,0.0,7.291666666666667
2024-07-30 11:00:00+00:00,0.0,10.666666666666666,0.0,10.625,0.0,0.0,0.0,0.0,0.0,0.0,0.0,7.291666666666667
2024-07-30 12:00:00+00:00,13.0,11.208333333333334,13.0,11.166666666666666,0.0,0.0,0.0,0.0,0.0,0.0,0.0,7.291666666666667
2024-07-30 13:00:00+00:00,58.0,13.625,58.0,13.583333333333334,0.0,0.0,0.0,0.0,0.0,0.0,55.0,9.583333333333334
2024-07-30 14:00:00+00:00,59.0,14.625,59.0,14.583333333333334,0.0,0.0,0.0,0.0,0.0,0.0,19.0,10.375
2024-07-30 15:00:00+00:00,0.0,10.875,0.0,10.833333333333334,0.0,0.0,0.0,0.0,0.0,0.0,0.0,8.416666666666666
2024-07-30 16:00:00+00:00,176.0,18.208333333333332,176.0,18.166666666666668,0.0,0.0,0.0,0.0,0.0,0.0,61.0,10.958333333333334
2024-07-30 17:00:00+00:00,93.0,22.041666666666668,93.0,22.041666666666668,0.0,0.0,0.0,0.0,0.0,0.0,50.0,13.041666666666666
2024-07-30 18:00:00+00:00,119.0,27.0,119.0,27.0,0.0,0.0,0.0,0.0,0.0,0.0,40.0,14.708333333333334
2024-07-30 19:00:00+00:00,97.0,31.041666666666668,97.0,31.041666666666668,0.0,0.0,0.0,0.0,0.0,0.0,30.0,15.958333333333334
2024-07-30 20:00:00+00:00,310.0,43.708333333333336,310.0,43.708333333333336,0.0,0.0,0.0,0.0,0.0,0.0,159.0,22.416666666666668
2024-07-30 21:00:00+00:00,71.0,43.791666666666664,71.0,43.791666666666664,0.0,0.0,0.0,0.0,0.0,0.0,26.0,20.625
2024-07-30 22:00:00+00:00,12.0,44.291666666666664,12.0,44.291666666666664,0.0,0.0,0.0,0.0,0.0,0.0,0.0,20.625
2024-07-30 23:00:00+00:00,0.0,42.0,0.0,42.0,0.0,0.0,0.0,0.0,0.0,0.0,0.0,18.333333333333332
2024-07-31 00:00:00+00:00,0.0,42.0,0.0,42.0,0.0,0.0,0.0,0.0,0.0,0.0,0.0,18.333333333333332
2024-07-31 01:00:00+00:00,0.0,42.0,0.0,42.0,0.0,0.0,0.0,0.0,0.0,0.0,0.0,18.333333333333332
2024-07-31 02:00:00+00:00,0.0,42.0,0.0,42.0,0.0,0.0,0.0,0.0,0.0,0.0,0.0,18.333333333333332
2024-07-31 03:00:00+00:00,0.0,42.0,0.0,42.0,0.0,0.0,0.0,0.0,0.0,0.0,0.0,18.333333333333332
2024-07-31 04:00:00+00:00,0.0,42.0,0.0,42.0,0.0,0.0,0.0,0.0,0.0,0.0,0.0,18.333333333333332
2024-07-31 05:00:00+00:00,0.0,42.0,0.0,42.0,0.0,0.0,0.0,0.0,0.0,0.0,0.0,18.333333333333332
2024-07-31 06:00:00+00:00,0.0,42.0,0.0,42.0,0.0,0.0,0.0,0.0,0.0,0.0,0.0,18.333333333333332
2024-07-31 07:00:00+00:00,0.0,42.0,0.0,42.0,0.0,0.0,0.0,0.0,0.0,0.0,0.0,18.333333333333332
2024-07-31 08:00:00+00:00,0.0,42.0,0.0,42.0,0.0,0.0,0.0,0.0,0.0,0.0,0.0,18.333333333333332
2024-07-31 09:00:00+00:00,0.0,42.0,0.0,42.0,0.0,0.0,0.0,0.0,0.0,0.0,0.0,18.333333333333332
2024-07-31 10:00:00+00:00,0.0,42.0,0.0,42.0,0.0,0.0,0.0,0.0,0.0,0.0,0.0,18.333333333333332
2024-07-31 11:00:00+00:00,0.0,42.0,0.0,42.0,0.0,0.0,0.0,0.0,0.0,0.0,0.0,18.333333333333332
2024-07-31 12:00:00+00:00,0.0,41.458333333333336,0.0,41.458333333333336,0.0,0.0,0.0,0.0,0.0,0.0,0.0,18.333333333333332
2024-07-31 13:00:00+00:00,0.0,39.041666666666664,0.0,39.041666666666664,0.0,0.0,0.0,0.0,0.0,0.0,0.0,16.041666666666668
2024-07-31 14:00:00+00:00,58.0,39.0,58.0,39.0,58.0,2.4166666666666665,0.0,0.0,0.0,0.0,28.0,16.416666666666668
2024-07-31 15:00:00+00:00,0.0,39.0,0.0,39.0,0.0,2.4166666666666665,0.0,0.0,0.0,0.0,0.0,16.416666666666668
2024-07-31 16:00:00+00:00,0.0,31.666666666666668,0.0,31.666666666666668,0.0,2.4166666666666665,0.0,0.0,0.0,0.0,0.0,13.875
2024-07-31 17:00:00+00:00,0.0,27.791666666666668,0.0,27.791666666666668,0.0,2.4166666666666665,0.0,0.0,0.0,0.0,0.0,11.791666666666666
2024-07-31 18:00:00+00:00,0.0,22.833333333333332,0.0,22.833333333333332,0.0,2.4166666666666665,0.0,0.0,0.0,0.0,0.0,10.125
2024-07-31 19:00:00+00:00,0.0,18.791666666666668,0.0,18.791666666666668,0.0,2.4166666666666665,0.0,0.0,0.0,0.0,0.0,8.875
2024-07-31 20:00:00+00:00,0.0,5.875,0.0,5.875,0.0,2.4166666666666665,0.0,0.0,0.0,0.0,0.0,2.25
2024-07-31 21:00:00+00:00,0.0,2.9166666666666665,0.0,2.9166666666666665,0.0,2.4166666666666665,0.0,0.0,0.0,0.0,0.0,1.1666666666666667
2024-07-31 22:00:00+00:00,0.0,2.4166666666666665,0.0,2.4166666666666665,0.0,2.4166666666666665,0.0,0.0,0.0,0.0,0.0,1.1666666666666667
2024-07-31 23:00:00+00:00,0.0,2.4166666666666665,0.0,2.4166666666666665,0.0,2.4166666666666665,0.0,0.0,0.0,0.0,0.0,1.1666666666666667
2024-08-01 00:00:00+00:00,0.0,2.4166666666666665,0.0,2.4166666666666665,0.0,2.4166666666666665,0.0,0.0,0.0,0.0,0.0,1.1666666666666667
2024-08-01 01:00:00+00:00,0.0,2.4166666666666665,0.0,2.4166666666666665,0.0,2.4166666666666665,0.0,0.0,0.0,0.0,0.0,1.1666666666666667
2024-08-01 02:00:00+00:00,0.0,2.4166666666666665,0.0,2.4166666666666665,0.0,2.4166666666666665,0.0,0.0,0.0,0.0,0.0,1.1666666666666667
2024-08-01 03:00:00+00:00,0.0,2.4166666666666665,0.0,2.4166666666666665,0.0,2.4166666666666665,0.0,0.0,0.0,0.0,0.0,1.1666666666666667
2024-08-01 04:00:00+00:00,0.0,2.4166666666666665,0.0,2.4166666666666665,0.0,2.4166666666666665,0.0,0.0,0.0,0.0,0.0,1.1666666666666667
2024-08-01 05:00:00+00:00,0.0,2.4166666666666665,0.0,2.4166666666666665,0.0,2.4166666666666665,0.0,0.0,0.0,0.0,0.0,1.1666666666666667
2024-08-01 06:00:00+00:00,0.0,2.4166666666666665,0.0,2.4166666666666665,0.0,2.4166666666666665,0.0,0.0,0.0,0.0,0.0,1.1666666666666667
2024-08-01 07:00:00+00:00,0.0,2.4166666666666665,0.0,2.4166666666666665,0.0,2.4166666666666665,0.0,0.0,0.0,0.0,0.0,1.1666666666666667
2024-08-01 08:00:00+00:00,0.0,2.4166666666666665,0.0,2.4166666666666665,0.0,2.4166666666666665,0.0,0.0,0.0,0.0,0.0,1.1666666666666667
2024-08-01 09:00:00+00:00,0.0,2.4166666666666665,0.0,2.4166666666666665,0.0,2.4166666666666665,0.0,0.0,0.0,0.0,0.0,1.1666666666666667
2024-08-01 10:00:00+00:00,0.0,2.4166666666666665,0.0,2.4166666666666665,0.0,2.4166666666666665,0.0,0.0,0.0,0.0,0.0,1.1666666666666667
2024-08-01 11:00:00+00:00,0.0,2.4166666666666665,0.0,2.4166666666666665,0.0,2.4166666666666665,0.0,0.0,0.0,0.0,0.0,1.1666666666666667
2024-08-01 12:00:00+00:00,52.0,4.583333333333333,52.0,4.583333333333333,52.0,4.583333333333333,0.0,0.0,0.0,0.0,49.0,3.2083333333333335
2024-08-01 13:00:00+00:00,50.0,6.666666666666667,50.0,6.666666666666667,50.0,6.666666666666667,0.0,0.0,0.0,0.0,19.0,4.0
2024-08-01 14:00:00+00:00,0.0,4.25,0.0,4.25,0.0,4.25,0.0,0.0,0.0,0.0,0.0,2.8333333333333335
2024-08-01 15:00:00+00:00,0.0,4.25,0.0,4.25,0.0,4.25,0.0,0.0,0.0,0.0,0.0,2.8333333333333335
2024-08-01 16:00:00+00:00,9.0,4.625,0.0,4.25,9.0,4.625,0.0,0.0,0.0,0.0,9.0,3.2083333333333335
2024-08-01 17:00:00+00:00,0.0,4.625,0.0,4.25,0.0,4.625,0.0,0.0,0.0,0.0,0.0,3.2083333333333335
2024-08-01 18:00:00+00:00,18.0,5.375,0.0,4.25,18.0,5.375,0.0,0.0,0.0,0.0,14.0,3.7916666666666665
2024-08-01 19:00:00+00:00,31.0,6.666666666666667,31.0,5.541666666666667,31.0,6.666666666666667,0.0,0.0,0.0,0.0,28.0,4.958333333333333
2024-08-01 20:00:00+00:00,66.0,9.416666666666666,66.0,8.291666666666666,66.0,9.416666666666666,0.0,0.0,0.0,0.0,58.0,7.375
2024-08-01 21:00:00+00:00,108.0,13.916666666666666,108.0,12.791666666666666,108.0,13.916666666666666,0.0,0.0,0.0,0.0,28.0,8.541666666666666
2024-08-01 22:00:00+00:00,60.0,16.416666666666668,60.0,15.291666666666666,60.0,16.416666666666668,0.0,0.0,0.0,0.0,36.0,10.041666666666666
2024-08-01 23:00:00+00:00,9.0,16.791666666666668,9.0,15.666666666666666,9.0,16.791666666666668,0.0,0.0,0.0,0.0,9.0,10.416666666666666
2024-08-02 00:00:00+00:00,0.0,16.791666666666668,0.0,15.666666666666666,0.0,16.791666666666668,0.0,0.0,0.0,0.0,0.0,10.416666666666666
2024-08-02 01:00:00+00:00,0.0,16.791666666666668,0.0,15.666666666666666,0.0,16.791666666666668,0.0,0.0,0.0,0.0,0.0,10.416666666666666
2024-08-02 02:00:00+00:00,0.0,16.791666666666668,0.0,15.666666666666666,0.0,16.791666666666668,0.0,0.0,0.0,0.0,0.0,10.416666666666666
2024-08-02 03:00:00+00:00,0.0,16.791666666666668,0.0,15.666666666666666,0.0,16.791666666666668,0.0,0.0,0.0,0.0,0.0,10.416666666666666
2024-08-02 04:00:00+00:00,0.0,16.791666666666668,0.0,15.666666666666666,0.0,16.791666666666668,0.0,0.0,0.0,0.0,0.0,10.416666666666666
2024-08-02 05:00:00+00:00,0.0,16.791666666666668,0.0,15.666666666666666,0.0,16.791666666666668,0.0,0.0,0.0,0.0,0.0,10.416666666666666
2024-08-02 06:00:00+00:00,0.0,16.791666666666668,0.0,15.666666666666666,0.0,16.791666666666668,0.0,0.0,0.0,0.0,0.0,10.416666666666666
2024-08-02 07:00:00+00:00,0.0,16.791666666666668,0.0,15.666666666666666,0.0,16.791666666666668,0.0,0.0,0.0,0.0,0.0,10.416666666666666
2024-08-02 08:00:00+00:00,0.0,16.791666666666668,0.0,15.666666666666666,0.0,16.791666666666668,0.0,0.0,0.0,0.0,0.0,10.416666666666666
2024-08-02 09:00:00+00:00,0.0,16.791666666666668,0.0,15.666666666666666,0.0,16.791666666666668,0.0,0.0,0.0,0.0,0.0,10.416666666666666
2024-08-02 10:00:00+00:00,0.0,16.791666666666668,0.0,15.666666666666666,0.0,16.791666666666668,0.0,0.0,0.0,0.0,0.0,10.416666666666666
2024-08-02 11:00:00+00:00,0.0,16.791666666666668,0.0,15.666666666666666,0.0,16.791666666666668,0.0,0.0,0.0,0.0,0.0,10.416666666666666
2024-08-02 12:00:00+00:00,58.0,17.041666666666668,58.0,15.916666666666666,58.0,17.041666666666668,0.0,0.0,0.0,0.0,41.0,10.083333333333334
2024-08-02 13:00:00+00:00,144.0,20.958333333333332,144.0,19.833333333333332,144.0,20.958333333333332,0.0,0.0,0.0,0.0,76.0,12.458333333333334
2024-08-02 14:00:00+00:00,0.0,20.958333333333332,0.0,19.833333333333332,0.0,20.958333333333332,0.0,0.0,0.0,0.0,0.0,12.458333333333334
2024-08-02 15:00:00+00:00,155.0,27.416666666666668,155.0,26.291666666666668,155.0,27.416666666666668,0.0,0.0,0.0,0.0,90.0,16.208333333333332
2024-08-02 16:00:00+00:00,13.0,27.583333333333332,13.0,26.833333333333332,13.0,27.583333333333332,0.0,0.0,0.0,0.0,13.0,16.375
2024-08-02 17:00:00+00:00,48.0,29.583333333333332,48.0,28.833333333333332,48.0,29.583333333333332,0.0,0.0,0.0,0.0,29.0,17.583333333333332
2024-08-02 18:00:00+00:00,0.0,28.833333333333332,0.0,28.833333333333332,0.0,28.833333333333332,0.0,0.0,0.0,0.0,0.0,17.0
2024-08-02 19:00:00+00:00,0.0,27.541666666666668,0.0,27.541666666666668,0.0,27.541666666666668,0.0,0.0,0.0,0.0,0.0,15.833333333333334
2024-08-02 20:00:00+00:00,0.0,24.791666666666668,0.0,24.791666666666668,0.0,24.791666666666668,0.0,0.0,0.0,0.0,0.0,13.416666666666666
2024-08-02 21:00:00+00:00,0.0,20.291666666666668,0.0,20.291666666666668,0.0,20.291666666666668,0.0,0.0,0.0,0.0,0.0,12.25
2024-08-02 22:00:00+00:00,0.0,17.791666666666668,0.0,17.791666666666668,0.0,17.791666666666668,0.0,0.0,0.0,0.0,0.0,10.75
2024-08-02 23:00:00+00:00,4.0,17.583333333333332,0.0,17.416666666666668,4.0,17.583333333333332,0.0,0.0,0.0,0.0,0.0,10.375
2024-08-03 00:00:00+00:00,0.0,17.583333333333332,0.0,17.416666666666668,0.0,17.583333333333332,0.0,0.0,0.0,0.0,0.0,10.375
2024-08-03 01:00:00+00:00,0.0,17.583333333333332,0.0,17.416666666666668,0.0,17.583333333333332,0.0,0.0,0.0,0.0,0.0,10.375
2024-08-03 02:00:00+00:00,0.0,17.583333333333332,0.0,17.416666666666668,0.0,17.583333333333332,0.0,0.0,0.0,0.0,0.0,10.375
2024-08-03 03:00:00+00:00,0.0,17.583333333333332,0.0,17.416666666666668,0.0,17.583333333333332,0.0,0.0,0.0,0.0,0.0,10.375
2024-08-03 04:00:00+00:00,0.0,17.583333333333332,0.0,17.416666666666668,0.0,17.583333333333332,0.0,0.0,0.0,0.0,0.0,10.375
2024-08-03 05:00:00+00:00,0.0,17.583333333333332,0.0,17.416666666666668,0.0,17.583333333333332,0.0,0.0,0.0,0.0,0.0,10.375
2024-08-03 06:00:00+00:00,0.0,17.583333333333332,0.0,17.416666666666668,0.0,17.583333333333332,0.0,0.0,0.0,0.0,0.0,10.375
2024-08-03 07:00:00+00:00,0.0,17.583333333333332,0.0,17.416666666666668,0.0,17.583333333333332,0.0,0.0,0.0,0.0,0.0,10.375
2024-08-03 08:00:00+00:00,0.0,17.583333333333332,0.0,17.416666666666668,0.0,17.583333333333332,0.0,0.0,0.0,0.0,0.0,10.375
2024-08-03 09:00:00+00:00,0.0,17.583333333333332,0.0,17.416666666666668,0.0,17.583333333333332,0.0,0.0,0.0,0.0,0.0,10.375
2024-08-03 10:00:00+00:00,0.0,17.583333333333332,0.0,17.416666666666668,0.0,17.583333333333332,0.0,0.0,0.0,0.0,0.0,10.375
2024-08-03 11:00:00+00:00,15.0,18.208333333333332,0.0,17.416666666666668,0.0,17.583333333333332,0.0,0.0,0.0,0.0,0.0,10.375
2024-08-03 12:00:00+00:00,0.0,15.791666666666666,0.0,15.0,0.0,15.166666666666666,0.0,0.0,0.0,0.0,0.0,8.666666666666666
2024-08-03 13:00:00+00:00,0.0,9.791666666666666,0.0,9.0,0.0,9.166666666666666,0.0,0.0,0.0,0.0,0.0,5.5
2024-08-03 14:00:00+00:00,0.0,9.791666666666666,0.0,9.0,0.0,9.166666666666666,0.0,0.0,0.0,0.0,0.0,5.5
2024-08-03 15:00:00+00:00,0.0,3.3333333333333335,0.0,2.5416666666666665,0.0,2.7083333333333335,0.0,0.0,0.0,0.0,0.0,1.75
2024-08-03 16:00:00+00:00,0.0,2.7916666666666665,0.0,2.0,0.0,2.1666666666666665,0.0,0.0,0.0,0.0,0.0,1.2083333333333333
2024-08-03 17:00:00+00:00,0.0,0.7916666666666666,0.0,0.0,0.0,0.16666666666666666,0.0,0.0,0.0,0.0,0.0,0.0
2024-08-03 18:00:00+00:00,0.0,0.7916666666666666,0.0,0.0,0.0,0.16666666666666666,0.0,0.0,0.0,0.0,0.0,0.0
2024-08-03 19:00:00+00:00,19.0,1.5833333333333333,0.0,0.0,0.0,0.16666666666666666,0.0,0.0,0.0,0.0,11.0,0.4583333333333333
2024-08-03 20:00:00+00:00,0.0,1.5833333333333333,0.0,0.0,0.0,0.16666666666666666,0.0,0.0,0.0,0.0,0.0,0.4583333333333333
2024-08-03 21:00:00+00:00,14.0,2.1666666666666665,0.0,0.0,0.0,0.16666666666666666,0.0,0.0,0.0,0.0,0.0,0.4583333333333333
2024-08-03 22:00:00+00:00,1.0,2.2083333333333335,0.0,0.0,0.0,0.16666666666666666,0.0,0.0,0.0,0.0,0.0,0.4583333333333333
2024-08-03 23:00:00+00:00,0.0,2.0416666666666665,0.0,0.0,0.0,0.0,0.0,0.0,0.0,0.0,0.0,0.4583333333333333
2024-08-04 00:00:00+00:00,1.0,2.0833333333333335,0.0,0.0,0.0,0.0,0.0,0.0,0.0,0.0,0.0,0.4583333333333333
2024-08-04 01:00:00+00:00,17.0,2.7916666666666665,0.0,0.0,0.0,0.0,0.0,0.0,0.0,0.0,15.0,1.0833333333333333
2024-08-04 02:00:00+00:00,0.0,2.7916666666666665,0.0,0.0,0.0,0.0,0.0,0.0,0.0,0.0,0.0,1.0833333333333333
2024-08-04 03:00:00+00:00,0.0,2.7916666666666665,0.0,0.0,0.0,0.0,0.0,0.0,0.0,0.0,0.0,1.0833333333333333
2024-08-04 04:00:00+00:00,0.0,2.7916666666666665,0.0,0.0,0.0,0.0,0.0,0.0,0.0,0.0,0.0,1.0833333333333333
2024-08-04 05:00:00+00:00,0.0,2.7916666666666665,0.0,0.0,0.0,0.0,0.0,0.0,0.0,0.0,0.0,1.0833333333333333
2024-08-04 06:00:00+00:00,0.0,2.7916666666666665,0.0,0.0,0.0,0.0,0.0,0.0,0.0,0.0,0.0,1.0833333333333333
2024-08-04 07:00:00+00:00,0.0,2.7916666666666665,0.0,0.0,0.0,0.0,0.0,0.0,0.0,0.0,0.0,1.0833333333333333
2024-08-04 08:00:00+00:00,0.0,2.7916666666666665,0.0,0.0,0.0,0.0,0.0,0.0,0.0,0.0,0.0,1.0833333333333333
2024-08-04 09:00:00+00:00,0.0,2.7916666666666665,0.0,0.0,0.0,0.0,0.0,0.0,0.0,0.0,0.0,1.0833333333333333
2024-08-04 10:00:00+00:00,0.0,2.7916666666666665,0.0,0.0,0.0,0.0,0.0,0.0,0.0,0.0,0.0,1.0833333333333333
2024-08-04 11:00:00+00:00,0.0,2.1666666666666665,0.0,0.0,0.0,0.0,0.0,0.0,0.0,0.0,0.0,1.0833333333333333
2024-08-04 12:00:00+00:00,0.0,2.1666666666666665,0.0,0.0,0.0,0.0,0.0,0.0,0.0,0.0,0.0,1.0833333333333333
2024-08-04 13:00:00+00:00,59.0,4.625,59.0,2.4583333333333335,0.0,0.0,0.0,0.0,0.0,0.0,14.0,1.6666666666666667
2024-08-04 14:00:00+00:00,321.0,18.0,321.0,15.833333333333334,0.0,0.0,0.0,0.0,0.0,0.0,139.0,7.458333333333333
2024-08-04 15:00:00+00:00,278.0,29.583333333333332,278.0,27.416666666666668,0.0,0.0,0.0,0.0,0.0,0.0,135.0,13.083333333333334
2024-08-04 16:00:00+00:00,15.0,30.208333333333332,15.0,28.041666666666668,0.0,0.0,0.0,0.0,0.0,0.0,15.0,13.708333333333334
2024-08-04 17:00:00+00:00,0.0,30.208333333333332,0.0,28.041666666666668,0.0,0.0,0.0,0.0,0.0,0.0,0.0,13.708333333333334
2024-08-04 18:00:00+00:00,0.0,30.208333333333332,0.0,28.041666666666668,0.0,0.0,0.0,0.0,0.0,0.0,0.0,13.708333333333334
2024-08-04 19:00:00+00:00,0.0,29.416666666666668,0.0,28.041666666666668,0.0,0.0,0.0,0.0,0.0,0.0,0.0,13.25
2024-08-04 20:00:00+00:00,30.0,30.666666666666668,30.0,29.291666666666668,0.0,0.0,0.0,0.0,0.0,0.0,0.0,13.25
2024-08-04 21:00:00+00:00,191.0,38.041666666666664,191.0,37.25,0.0,0.0,0.0,0.0,0.0,0.0,91.0,17.041666666666668
2024-08-04 22:00:00+00:00,105.0,42.375,105.0,41.625,0.0,0.0,0.0,0.0,0.0,0.0,93.0,20.916666666666668
2024-08-04 23:00:00+00:00,22.0,43.291666666666664,22.0,42.541666666666664,0.0,0.0,0.0,0.0,0.0,0.0,7.0,21.208333333333332
2024-08-05 00:00:00+00:00,100.0,47.416666666666664,100.0,46.708333333333336,0.0,0.0,0.0,0.0,0.0,0.0,66.0,23.958333333333332
2024-08-05 01:00:00+00:00,0.0,46.708333333333336,0.0,46.708333333333336,0.0,0.0,0.0,0.0,0.0,0.0,0.0,23.333333333333332
2024-08-05 02:00:00+00:00,0.0,46.708333333333336,0.0,46.708333333333336,0.0,0.0,0.0,0.0,0.0,0.0,0.0,23.333333333333332
2024-08-05 03:00:00+00:00,0.0,46.708333333333336,0.0,46.708333333333336,0.0,0.0,0.0,0.0,0.0,0.0,0.0,23.333333333333332
2024-08-05 04:00:00+00:00,0.0,46.708333333333336,0.0,46.708333333333336,0.0,0.0,0.0,0.0,0.0,0.0,0.0,23.333333333333332
2024-08-05 05:00:00+00:00,0.0,46.708333333333336,0.0,46.708333333333336,0.0,0.0,0.0,0.0,0.0,0.0,0.0,23.333333333333332
2024-08-05 06:00:00+00:00,0.0,46.708333333333336,0.0,46.708333333333336,0.0,0.0,0.0,0.0,0.0,0.0,0.0,23.333333333333332
2024-08-05 07:00:00+00:00,0.0,46.708333333333336,0.0,46.708333333333336,0.0,0.0,0.0,0.0,0.0,0.0,0.0,23.333333333333332
2024-08-05 08:00:00+00:00,0.0,46.708333333333336,0.0,46.708333333333336,0.0,0.0,0.0,0.0,0.0,0.0,0.0,23.333333333333332
2024-08-05 09:00:00+00:00,0.0,46.708333333333336,0.0,46.708333333333336,0.0,0.0,0.0,0.0,0.0,0.0,0.0,23.333333333333332
2024-08-05 10:00:00+00:00,0.0,46.708333333333336,0.0,46.708333333333336,0.0,0.0,0.0,0.0,0.0,0.0,0.0,23.333333333333332
2024-08-05 11:00:00+00:00,3.0,46.833333333333336,0.0,46.708333333333336,0.0,0.0,0.0,0.0,0.0,0.0,0.0,23.333333333333332
2024-08-05 12:00:00+00:00,0.0,46.833333333333336,0.0,46.708333333333336,0.0,0.0,0.0,0.0,0.0,0.0,0.0,23.333333333333332
2024-08-05 13:00:00+00:00,0.0,44.375,0.0,44.25,0.0,0.0,0.0,0.0,0.0,0.0,0.0,22.75
2024-08-05 14:00:00+00:00,15.0,31.625,15.0,31.5,0.0,0.0,0.0,0.0,0.0,0.0,0.0,16.958333333333332
2024-08-05 15:00:00+00:00,145.0,26.083333333333332,145.0,25.958333333333332,0.0,0.0,0.0,0.0,0.0,0.0,80.0,14.666666666666666
2024-08-05 16:00:00+00:00,84.0,28.958333333333332,84.0,28.833333333333332,0.0,0.0,0.0,0.0,0.0,0.0,39.0,15.666666666666666
2024-08-05 17:00:00+00:00,174.0,36.208333333333336,174.0,36.083333333333336,0.0,0.0,0.0,0.0,0.0,0.0,28.0,16.833333333333332
2024-08-05 18:00:00+00:00,0.0,36.208333333333336,0.0,36.083333333333336,0.0,0.0,0.0,0.0,0.0,0.0,0.0,16.833333333333332
2024-08-05 19:00:00+00:00,13.0,36.75,0.0,36.083333333333336,0.0,0.0,0.0,0.0,0.0,0.0,12.0,17.333333333333332
2024-08-05 20:00:00+00:00,0.0,35.5,0.0,34.833333333333336,0.0,0.0,0.0,0.0,0.0,0.0,0.0,17.333333333333332
2024-08-05 21:00:00+00:00,8.0,27.875,0.0,26.875,0.0,0.0,0.0,0.0,0.0,0.0,0.0,13.541666666666666
2024-08-05 22:00:00+00:00,0.0,23.5,0.0,22.5,0.0,0.0,0.0,0.0,0.0,0.0,0.0,9.666666666666666
2024-08-05 23:00:00+00:00,5.0,22.791666666666668,0.0,21.583333333333332,0.0,0.0,0.0,0.0,0.0,0.0,0.0,9.375
2024-08-06 00:00:00+00:00,0.0,18.625,0.0,17.416666666666668,0.0,0.0,0.0,0.0,0.0,0.0,0.0,6.625
2024-08-06 01:00:00+00:00,0.0,18.625,0.0,17.416666666666668,0.0,0.0,0.0,0.0,0.0,0.0,0.0,6.625
2024-08-06 02:00:00+00:00,0.0,18.625,0.0,17.416666666666668,0.0,0.0,0.0,0.0,0.0,0.0,0.0,6.625
2024-08-06 03:00:00+00:00,0.0,18.625,0.0,17.416666666666668,0.0,0.0,0.0,0.0,0.0,0.0,0.0,6.625
2024-08-06 04:00:00+00:00,0.0,18.625,0.0,17.416666666666668,0.0,0.0,0.0,0.0,0.0,0.0,0.0,6.625
2024-08-06 05:00:00+00:00,0.0,18.625,0.0,17.416666666666668,0.0,0.0,0.0,0.0,0.0,0.0,0.0,6.625
2024-08-06 06:00:00+00:00,0.0,18.625,0.0,17.416666666666668,0.0,0.0,0.0,0.0,0.0,0.0,0.0,6.625
2024-08-06 07:00:00+00:00,0.0,18.625,0.0,17.416666666666668,0.0,0.0,0.0,0.0,0.0,0.0,0.0,6.625
2024-08-06 08:00:00+00:00,0.0,18.625,0.0,17.416666666666668,0.0,0.0,0.0,0.0,0.0,0.0,0.0,6.625
2024-08-06 09:00:00+00:00,0.0,18.625,0.0,17.416666666666668,0.0,0.0,0.0,0.0,0.0,0.0,0.0,6.625
2024-08-06 10:00:00+00:00,15.0,19.25,0.0,17.416666666666668,0.0,0.0,0.0,0.0,0.0,0.0,14.0,7.208333333333333
2024-08-06 11:00:00+00:00,0.0,19.125,0.0,17.416666666666668,0.0,0.0,0.0,0.0,0.0,0.0,0.0,7.208333333333333
2024-08-06 12:00:00+00:00,0.0,19.125,0.0,17.416666666666668,0.0,0.0,0.0,0.0,0.0,0.0,0.0,7.208333333333333
2024-08-06 13:00:00+00:00,0.0,19.125,0.0,17.416666666666668,0.0,0.0,0.0,0.0,0.0,0.0,0.0,7.208333333333333
2024-08-06 14:00:00+00:00,0.0,18.5,0.0,16.791666666666668,0.0,0.0,0.0,0.0,0.0,0.0,0.0,7.208333333333333
2024-08-06 15:00:00+00:00,154.0,18.875,154.0,17.166666666666668,0.0,0.0,0.0,0.0,0.0,0.0,92.0,7.708333333333333
2024-08-06 16:00:00+00:00,47.0,17.333333333333332,47.0,15.625,0.0,0.0,0.0,0.0,0.0,0.0,6.0,6.333333333333333
2024-08-06 17:00:00+00:00,12.0,10.583333333333334,12.0,8.875,0.0,0.0,0.0,0.0,0.0,0.0,6.0,5.416666666666667
2024-08-06 18:00:00+00:00,37.0,12.125,37.0,10.416666666666666,0.0,0.0,0.0,0.0,0.0,0.0,11.0,5.875
2024-08-06 19:00:00+00:00,26.0,12.666666666666666,26.0,11.5,0.0,0.0,0.0,0.0,0.0,0.0,11.0,5.833333333333333
2024-08-06 20:00:00+00:00,0.0,12.666666666666666,0.0,11.5,0.0,0.0,0.0,0.0,0.0,0.0,0.0,5.833333333333333
2024-08-06 21:00:00+00:00,0.0,12.333333333333334,0.0,11.5,0.0,0.0,0.0,0.0,0.0,0.0,0.0,5.833333333333333
2024-08-06 22:00:00+00:00,2.0,12.416666666666666,0.0,11.5,0.0,0.0,0.0,0.0,0.0,0.0,0.0,5.833333333333333
2024-08-06 23:00:00+00:00,0.0,12.208333333333334,0.0,11.5,0.0,0.0,0.0,0.0,0.0,0.0,0.0,5.833333333333333
2024-08-07 00:00:00+00:00,0.0,12.208333333333334,0.0,11.5,0.0,0.0,0.0,0.0,0.0,0.0,0.0,5.833333333333333
2024-08-07 01:00:00+00:00,0.0,12.208333333333334,0.0,11.5,0.0,0.0,0.0,0.0,0.0,0.0,0.0,5.833333333333333
2024-08-07 02:00:00+00:00,0.0,12.208333333333334,0.0,11.5,0.0,0.0,0.0,0.0,0.0,0.0,0.0,5.833333333333333
2024-08-07 03:00:00+00:00,0.0,12.208333333333334,0.0,11.5,0.0,0.0,0.0,0.0,0.0,0.0,0.0,5.833333333333333
2024-08-07 04:00:00+00:00,0.0,12.208333333333334,0.0,11.5,0.0,0.0,0.0,0.0,0.0,0.0,0.0,5.833333333333333
2024-08-07 05:00:00+00:00,0.0,12.208333333333334,0.0,11.5,0.0,0.0,0.0,0.0,0.0,0.0,0.0,5.833333333333333
2024-08-07 06:00:00+00:00,0.0,12.208333333333334,0.0,11.5,0.0,0.0,0.0,0.0,0.0,0.0,0.0,5.833333333333333
2024-08-07 07:00:00+00:00,0.0,12.208333333333334,0.0,11.5,0.0,0.0,0.0,0.0,0.0,0.0,0.0,5.833333333333333
2024-08-07 08:00:00+00:00,0.0,12.208333333333334,0.0,11.5,0.0,0.0,0.0,0.0,0.0,0.0,0.0,5.833333333333333
2024-08-07 09:00:00+00:00,0.0,12.208333333333334,0.0,11.5,0.0,0.0,0.0,0.0,0.0,0.0,0.0,5.833333333333333
2024-08-07 10:00:00+00:00,0.0,11.583333333333334,0.0,11.5,0.0,0.0,0.0,0.0,0.0,0.0,0.0,5.25
2024-08-07 11:00:00+00:00,0.0,11.583333333333334,0.0,11.5,0.0,0.0,0.0,0.0,0.0,0.0,0.0,5.25
2024-08-07 12:00:00+00:00,0.0,11.583333333333334,0.0,11.5,0.0,0.0,0.0,0.0,0.0,0.0,0.0,5.25
2024-08-07 13:00:00+00:00,0.0,11.583333333333334,0.0,11.5,0.0,0.0,0.0,0.0,0.0,0.0,0.0,5.25
2024-08-07 14:00:00+00:00,0.0,11.583333333333334,0.0,11.5,0.0,0.0,0.0,0.0,0.0,0.0,0.0,5.25
2024-08-07 15:00:00+00:00,14.0,5.75,0.0,5.083333333333333,14.0,0.5833333333333334,0.0,0.0,0.0,0.0,14.0,2.0
2024-08-07 16:00:00+00:00,112.0,8.458333333333334,112.0,7.791666666666667,112.0,5.25,0.0,0.0,0.0,0.0,11.0,2.2083333333333335
2024-08-07 17:00:00+00:00,215.0,16.916666666666668,215.0,16.25,215.0,14.208333333333334,0.0,0.0,0.0,0.0,175.0,9.25
2024-08-07 18:00:00+00:00,47.0,17.333333333333332,47.0,16.666666666666668,47.0,16.166666666666668,0.0,0.0,0.0,0.0,12.0,9.291666666666666
2024-08-07 19:00:00+00:00,34.0,17.666666666666668,34.0,17.0,34.0,17.583333333333332,0.0,0.0,0.0,0.0,33.0,10.208333333333334
2024-08-07 20:00:00+00:00,9.0,18.041666666666668,9.0,17.375,9.0,17.958333333333332,0.0,0.0,0.0,0.0,8.0,10.541666666666666
2024-08-07 21:00:00+00:00,92.0,21.875,92.0,21.208333333333332,92.0,21.791666666666668,0.0,0.0,0.0,0.0,78.0,13.791666666666666
2024-08-07 22:00:00+00:00,20.0,22.625,20.0,22.041666666666668,20.0,22.625,0.0,0.0,0.0,0.0,20.0,14.625
2024-08-07 23:00:00+00:00,0.0,22.625,0.0,22.041666666666668,0.0,22.625,0.0,0.0,0.0,0.0,0.0,14.625
2024-08-08 00:00:00+00:00,0.0,22.625,0.0,22.041666666666668,0.0,22.625,0.0,0.0,0.0,0.0,0.0,14.625
2024-08-08 01:00:00+00:00,0.0,22.625,0.0,22.041666666666668,0.0,22.625,0.0,0.0,0.0,0.0,0.0,14.625
2024-08-08 02:00:00+00:00,0.0,22.625,0.0,22.041666666666668,0.0,22.625,0.0,0.0,0.0,0.0,0.0,14.625
2024-08-08 03:00:00+00:00,0.0,22.625,0.0,22.041666666666668,0.0,22.625,0.0,0.0,0.0,0.0,0.0,14.625
2024-08-08 04:00:00+00:00,0.0,22.625,0.0,22.041666666666668,0.0,22.625,0.0,0.0,0.0,0.0,0.0,14.625
2024-08-08 05:00:00+00:00,0.0,22.625,0.0,22.041666666666668,0.0,22.625,0.0,0.0,0.0,0.0,0.0,14.625
2024-08-08 06:00:00+00:00,0.0,22.625,0.0,22.041666666666668,0.0,22.625,0.0,0.0,0.0,0.0,0.0,14.625
2024-08-08 07:00:00+00:00,0.0,22.625,0.0,22.041666666666668,0.0,22.625,0.0,0.0,0.0,0.0,0.0,14.625
2024-08-08 08:00:00+00:00,0.0,22.625,0.0,22.041666666666668,0.0,22.625,0.0,0.0,0.0,0.0,0.0,14.625
2024-08-08 09:00:00+00:00,0.0,22.625,0.0,22.041666666666668,0.0,22.625,0.0,0.0,0.0,0.0,0.0,14.625
2024-08-08 10:00:00+00:00,50.0,24.708333333333332,50.0,24.125,50.0,24.708333333333332,0.0,0.0,0.0,0.0,33.0,16.0
2024-08-08 11:00:00+00:00,5.0,24.916666666666668,5.0,24.333333333333332,5.0,24.916666666666668,0.0,0.0,0.0,0.0,0.0,16.0
2024-08-08 12:00:00+00:00,2.0,25.0,0.0,24.333333333333332,2.0,25.0,0.0,0.0,0.0,0.0,0.0,16.0
2024-08-08 13:00:00+00:00,2.0,25.083333333333332,2.0,24.416666666666668,2.0,25.083333333333332,0.0,0.0,0.0,0.0,0.0,16.0
2024-08-08 14:00:00+00:00,38.0,26.666666666666668,38.0,26.0,38.0,26.666666666666668,0.0,0.0,0.0,0.0,6.0,16.25
2024-08-08 15:00:00+00:00,17.0,26.791666666666668,0.0,26.0,17.0,26.791666666666668,0.0,0.0,0.0,0.0,15.0,16.291666666666668
2024-08-08 16:00:00+00:00,2.0,22.208333333333332,2.0,21.416666666666668,2.0,22.208333333333332,0.0,0.0,0.0,0.0,0.0,15.833333333333334
2024-08-08 17:00:00+00:00,30.0,14.5,30.0,13.708333333333334,30.0,14.5,0.0,0.0,0.0,0.0,30.0,9.791666666666666
2024-08-08 18:00:00+00:00,18.0,13.291666666666666,0.0,11.75,18.0,13.291666666666666,0.0,0.0,0.0,0.0,18.0,10.041666666666666
2024-08-08 19:00:00+00:00,0.0,11.875,0.0,10.333333333333334,0.0,11.875,0.0,0.0,0.0,0.0,0.0,8.666666666666666
2024-08-08 20:00:00+00:00,0.0,11.5,0.0,9.958333333333334,0.0,11.5,0.0,0.0,0.0,0.0,0.0,8.333333333333334
2024-08-08 21:00:00+00:00,0.0,7.666666666666667,0.0,6.125,0.0,7.666666666666667,0.0,0.0,0.0,0.0,0.0,5.083333333333333
2024-08-08 22:00:00+00:00,0.0,6.833333333333333,0.0,5.291666666666667,0.0,6.833333333333333,0.0,0.0,0.0,0.0,0.0,4.25
2024-08-08 23:00:00+00:00,0.0,6.833333333333333,0.0,5.291666666666667,0.0,6.833333333333333,0.0,0.0,0.0,0.0,0.0,4.25
2024-08-09 00:00:00+00:00,0.0,6.833333333333333,0.0,5.291666666666667,0.0,6.833333333333333,0.0,0.0,0.0,0.0,0.0,4.25
2024-08-09 01:00:00+00:00,0.0,6.833333333333333,0.0,5.291666666666667,0.0,6.833333333333333,0.0,0.0,0.0,0.0,0.0,4.25
2024-08-09 02:00:00+00:00,0.0,6.833333333333333,0.0,5.291666666666667,0.0,6.833333333333333,0.0,0.0,0.0,0.0,0.0,4.25
2024-08-09 03:00:00+00:00,0.0,6.833333333333333,0.0,5.291666666666667,0.0,6.833333333333333,0.0,0.0,0.0,0.0,0.0,4.25
2024-08-09 04:00:00+00:00,0.0,6.833333333333333,0.0,5.291666666666667,0.0,6.833333333333333,0.0,0.0,0.0,0.0,0.0,4.25
2024-08-09 05:00:00+00:00,0.0,6.833333333333333,0.0,5.291666666666667,0.0,6.833333333333333,0.0,0.0,0.0,0.0,0.0,4.25
2024-08-09 06:00:00+00:00,0.0,6.833333333333333,0.0,5.291666666666667,0.0,6.833333333333333,0.0,0.0,0.0,0.0,0.0,4.25
2024-08-09 07:00:00+00:00,0.0,6.833333333333333,0.0,5.291666666666667,0.0,6.833333333333333,0.0,0.0,0.0,0.0,0.0,4.25
2024-08-09 08:00:00+00:00,0.0,6.833333333333333,0.0,5.291666666666667,0.0,6.833333333333333,0.0,0.0,0.0,0.0,0.0,4.25
2024-08-09 09:00:00+00:00,0.0,6.833333333333333,0.0,5.291666666666667,0.0,6.833333333333333,0.0,0.0,0.0,0.0,0.0,4.25
2024-08-09 10:00:00+00:00,0.0,4.75,0.0,3.2083333333333335,0.0,4.75,0.0,0.0,0.0,0.0,0.0,2.875
2024-08-09 11:00:00+00:00,23.0,5.5,23.0,3.9583333333333335,23.0,5.5,0.0,0.0,0.0,0.0,11.0,3.3333333333333335
2024-08-09 12:00:00+00:00,23.0,6.375,23.0,4.916666666666667,23.0,6.375,0.0,0.0,0.0,0.0,9.0,3.7083333333333335
2024-08-09 13:00:00+00:00,0.0,6.291666666666667,0.0,4.833333333333333,0.0,6.291666666666667,0.0,0.0,0.0,0.0,0.0,3.7083333333333335
2024-08-09 14:00:00+00:00,0.0,4.708333333333333,0.0,3.25,0.0,4.708333333333333,0.0,0.0,0.0,0.0,0.0,3.4583333333333335
2024-08-09 15:00:00+00:00,0.0,4.0,0.0,3.25,0.0,4.0,0.0,0.0,0.0,0.0,0.0,2.8333333333333335
2024-08-09 16:00:00+00:00,0.0,3.9166666666666665,0.0,3.1666666666666665,0.0,3.9166666666666665,0.0,0.0,0.0,0.0,0.0,2.8333333333333335
2024-08-09 17:00:00+00:00,0.0,2.6666666666666665,0.0,1.9166666666666667,0.0,2.6666666666666665,0.0,0.0,0.0,0.0,0.0,1.5833333333333333
2024-08-09 18:00:00+00:00,159.0,8.541666666666666,159.0,8.541666666666666,159.0,8.541666666666666,0.0,0.0,0.0,0.0,29.0,2.0416666666666665
2024-08-09 19:00:00+00:00,125.0,13.75,125.0,13.75,125.0,13.75,0.0,0.0,0.0,0.0,65.0,4.75
2024-08-09 20:00:00+00:00,0.0,13.75,0.0,13.75,0.0,13.75,0.0,0.0,0.0,0.0,0.0,4.75
2024-08-09 21:00:00+00:00,0.0,13.75,0.0,13.75,0.0,13.75,0.0,0.0,0.0,0.0,0.0,4.75
2024-08-09 22:00:00+00:00,0.0,13.75,0.0,13.75,0.0,13.75,0.0,0.0,0.0,0.0,0.0,4.75
2024-08-09 23:00:00+00:00,12.0,14.25,12.0,14.25,12.0,14.25,0.0,0.0,0.0,0.0,12.0,5.25
2024-08-10 00:00:00+00:00,118.0,19.166666666666668,118.0,19.166666666666668,118.0,19.166666666666668,0.0,0.0,0.0,0.0,91.0,9.041666666666666
2024-08-10 01:00:00+00:00,0.0,19.166666666666668,0.0,19.166666666666668,0.0,19.166666666666668,0.0,0.0,0.0,0.0,0.0,9.041666666666666
2024-08-10 02:00:00+00:00,0.0,19.166666666666668,0.0,19.166666666666668,0.0,19.166666666666668,0.0,0.0,0.0,0.0,0.0,9.041666666666666
2024-08-10 03:00:00+00:00,0.0,19.166666666666668,0.0,19.166666666666668,0.0,19.166666666666668,0.0,0.0,0.0,0.0,0.0,9.041666666666666
2024-08-10 04:00:00+00:00,0.0,19.166666666666668,0.0,19.166666666666668,0.0,19.166666666666668,0.0,0.0,0.0,0.0,0.0,9.041666666666666
2024-08-10 05:00:00+00:00,0.0,19.166666666666668,0.0,19.166666666666668,0.0,19.166666666666668,0.0,0.0,0.0,0.0,0.0,9.041666666666666
2024-08-10 06:00:00+00:00,0.0,19.166666666666668,0.0,19.166666666666668,0.0,19.166666666666668,0.0,0.0,0.0,0.0,0.0,9.041666666666666
2024-08-10 07:00:00+00:00,0.0,19.166666666666668,0.0,19.166666666666668,0.0,19.166666666666668,0.0,0.0,0.0,0.0,0.0,9.041666666666666
2024-08-10 08:00:00+00:00,0.0,19.166666666666668,0.0,19.166666666666668,0.0,19.166666666666668,0.0,0.0,0.0,0.0,0.0,9.041666666666666
2024-08-10 09:00:00+00:00,8.0,19.5,8.0,19.5,8.0,19.5,0.0,0.0,0.0,0.0,0.0,9.041666666666666
2024-08-10 10:00:00+00:00,100.0,23.666666666666668,100.0,23.666666666666668,100.0,23.666666666666668,0.0,0.0,0.0,0.0,67.0,11.833333333333334
2024-08-10 11:00:00+00:00,0.0,22.708333333333332,0.0,22.708333333333332,0.0,22.708333333333332,0.0,0.0,0.0,0.0,0.0,11.375
2024-08-10 12:00:00+00:00,6.0,22.0,6.0,22.0,6.0,22.0,0.0,0.0,0.0,0.0,6.0,11.25
2024-08-10 13:00:00+00:00,192.0,30.0,192.0,30.0,192.0,30.0,0.0,0.0,0.0,0.0,25.0,12.291666666666666
2024-08-10 14:00:00+00:00,5.0,30.208333333333332,5.0,30.208333333333332,5.0,30.208333333333332,0.0,0.0,0.0,0.0,0.0,12.291666666666666
2024-08-10 15:00:00+00:00,30.0,31.458333333333332,30.0,31.458333333333332,30.0,31.458333333333332,0.0,0.0,0.0,0.0,0.0,12.291666666666666
2024-08-10 16:00:00+00:00,192.0,39.458333333333336,192.0,39.458333333333336,192.0,39.458333333333336,0.0,0.0,0.0,0.0,122.0,17.375
2024-08-10 17:00:00+00:00,192.0,47.458333333333336,192.0,47.458333333333336,192.0,47.458333333333336,0.0,0.0,0.0,0.0,64.0,20.041666666666668
2024-08-10 18:00:00+00:00,0.0,40.833333333333336,0.0,40.833333333333336,0.0,40.833333333333336,0.0,0.0,0.0,0.0,0.0,18.833333333333332
2024-08-10 19:00:00+00:00,0.0,35.625,0.0,35.625,0.0,35.625,0.0,0.0,0.0,0.0,0.0,16.125
2024-08-10 20:00:00+00:00,0.0,35.625,0.0,35.625,0.0,35.625,0.0,0.0,0.0,0.0,0.0,16.125
2024-08-10 21:00:00+00:00,0.0,35.625,0.0,35.625,0.0,35.625,0.0,0.0,0.0,0.0,0.0,16.125
2024-08-10 22:00:00+00:00,0.0,35.625,0.0,35.625,0.0,35.625,0.0,0.0,0.0,0.0,0.0,16.125
2024-08-10 23:00:00+00:00,44.0,36.958333333333336,44.0,36.958333333333336,44.0,36.958333333333336,0.0,0.0,0.0,0.0,19.0,16.416666666666668
2024-08-11 00:00:00+00:00,0.0,32.041666666666664,0.0,32.041666666666664,0.0,32.041666666666664,0.0,0.0,0.0,0.0,0.0,12.625
2024-08-11 01:00:00+00:00,0.0,32.041666666666664,0.0,32.041666666666664,0.0,32.041666666666664,0.0,0.0,0.0,0.0,0.0,12.625
2024-08-11 02:00:00+00:00,0.0,32.041666666666664,0.0,32.041666666666664,0.0,32.041666666666664,0.0,0.0,0.0,0.0,0.0,12.625
2024-08-11 03:00:00+00:00,0.0,32.041666666666664,0.0,32.041666666666664,0.0,32.041666666666664,0.0,0.0,0.0,0.0,0.0,12.625
2024-08-11 04:00:00+00:00,0.0,32.041666666666664,0.0,32.041666666666664,0.0,32.041666666666664,0.0,0.0,0.0,0.0,0.0,12.625
2024-08-11 05:00:00+00:00,0.0,32.041666666666664,0.0,32.041666666666664,0.0,32.041666666666664,0.0,0.0,0.0,0.0,0.0,12.625
2024-08-11 06:00:00+00:00,0.0,32.041666666666664,0.0,32.041666666666664,0.0,32.041666666666664,0.0,0.0,0.0,0.0,0.0,12.625
2024-08-11 07:00:00+00:00,0.0,32.041666666666664,0.0,32.041666666666664,0.0,32.041666666666664,0.0,0.0,0.0,0.0,0.0,12.625
2024-08-11 08:00:00+00:00,73.0,35.083333333333336,73.0,35.083333333333336,0.0,32.041666666666664,0.0,0.0,0.0,0.0,29.0,13.833333333333334
2024-08-11 09:00:00+00:00,147.0,40.875,147.0,40.875,0.0,31.708333333333332,0.0,0.0,0.0,0.0,50.0,15.916666666666666
2024-08-11 10:00:00+00:00,0.0,36.708333333333336,0.0,36.708333333333336,0.0,27.541666666666668,0.0,0.0,0.0,0.0,0.0,13.125
2024-08-11 11:00:00+00:00,0.0,36.708333333333336,0.0,36.708333333333336,0.0,27.541666666666668,0.0,0.0,0.0,0.0,0.0,13.125
2024-08-11 12:00:00+00:00,0.0,36.458333333333336,0.0,36.458333333333336,0.0,27.291666666666668,0.0,0.0,0.0,0.0,0.0,12.875
2024-08-11 13:00:00+00:00,0.0,28.458333333333332,0.0,28.458333333333332,0.0,19.291666666666668,0.0,0.0,0.0,0.0,0.0,11.833333333333334
2024-08-11 14:00:00+00:00,29.0,29.458333333333332,29.0,29.458333333333332,0.0,19.083333333333332,0.0,0.0,0.0,0.0,14.0,12.416666666666666
2024-08-11 15:00:00+00:00,0.0,28.208333333333332,0.0,28.208333333333332,0.0,17.833333333333332,0.0,0.0,0.0,0.0,0.0,12.416666666666666
2024-08-11 16:00:00+00:00,196.0,28.375,196.0,28.375,0.0,9.833333333333334,0.0,0.0,0.0,0.0,126.0,12.583333333333334
2024-08-11 17:00:00+00:00,262.0,31.291666666666668,262.0,31.291666666666668,0.0,1.8333333333333333,0.0,0.0,0.0,0.0,176.0,17.25
2024-08-11 18:00:00+00:00,135.0,36.916666666666664,135.0,36.916666666666664,0.0,1.8333333333333333,0.0,0.0,0.0,0.0,13.0,17.791666666666668
2024-08-11 19:00:00+00:00,15.0,37.541666666666664,15.0,37.541666666666664,0.0,1.8333333333333333,0.0,0.0,0.0,0.0,0.0,17.791666666666668
2024-08-11 20:00:00+00:00,181.0,45.083333333333336,181.0,45.083333333333336,0.0,1.8333333333333333,0.0,0.0,0.0,0.0,93.0,21.666666666666668
2024-08-11 21:00:00+00:00,169.0,52.125,169.0,52.125,0.0,1.8333333333333333,0.0,0.0,0.0,0.0,68.0,24.5
2024-08-11 22:00:00+00:00,226.0,61.541666666666664,226.0,61.541666666666664,0.0,1.8333333333333333,0.0,0.0,0.0,0.0,82.0,27.916666666666668
2024-08-11 23:00:00+00:00,204.0,68.20833333333333,204.0,68.20833333333333,0.0,0.0,0.0,0.0,0.0,0.0,82.0,30.541666666666668
2024-08-12 00:00:00+00:00,0.0,68.20833333333333,0.0,68.20833333333333,0.0,0.0,0.0,0.0,0.0,0.0,0.0,30.541666666666668
2024-08-12 01:00:00+00:00,0.0,68.20833333333333,0.0,68.20833333333333,0.0,0.0,0.0,0.0,0.0,0.0,0.0,30.541666666666668
2024-08-12 02:00:00+00:00,0.0,68.20833333333333,0.0,68.20833333333333,0.0,0.0,0.0,0.0,0.0,0.0,0.0,30.541666666666668
2024-08-12 03:00:00+00:00,0.0,68.20833333333333,0.0,68.20833333333333,0.0,0.0,0.0,0.0,0.0,0.0,0.0,30.541666666666668
2024-08-12 04:00:00+00:00,0.0,68.20833333333333,0.0,68.20833333333333,0.0,0.0,0.0,0.0,0.0,0.0,0.0,30.541666666666668
2024-08-12 05:00:00+00:00,0.0,68.20833333333333,0.0,68.20833333333333,0.0,0.0,0.0,0.0,0.0,0.0,0.0,30.541666666666668
2024-08-12 06:00:00+00:00,0.0,68.20833333333333,0.0,68.20833333333333,0.0,0.0,0.0,0.0,0.0,0.0,0.0,30.541666666666668
2024-08-12 07:00:00+00:00,0.0,68.20833333333333,0.0,68.20833333333333,0.0,0.0,0.0,0.0,0.0,0.0,0.0,30.541666666666668
2024-08-12 08:00:00+00:00,0.0,65.16666666666667,0.0,65.16666666666667,0.0,0.0,0.0,0.0,0.0,0.0,0.0,29.333333333333332
2024-08-12 09:00:00+00:00,0.0,59.041666666666664,0.0,59.041666666666664,0.0,0.0,0.0,0.0,0.0,0.0,0.0,27.25
2024-08-12 10:00:00+00:00,11.0,59.5,0.0,59.041666666666664,11.0,0.4583333333333333,0.0,0.0,0.0,0.0,11.0,27.708333333333332
2024-08-12 11:00:00+00:00,0.0,59.5,0.0,59.041666666666664,0.0,0.4583333333333333,0.0,0.0,0.0,0.0,0.0,27.708333333333332
2024-08-12 12:00:00+00:00,0.0,59.5,0.0,59.041666666666664,0.0,0.4583333333333333,0.0,0.0,0.0,0.0,0.0,27.708333333333332
2024-08-12 13:00:00+00:00,30.0,60.75,30.0,60.291666666666664,30.0,1.7083333333333333,0.0,0.0,0.0,0.0,0.0,27.708333333333332
2024-08-12 14:00:00+00:00,107.0,64.0,107.0,63.541666666666664,107.0,6.166666666666667,0.0,0.0,0.0,0.0,7.0,27.416666666666668
2024-08-12 15:00:00+00:00,44.0,65.83333333333333,44.0,65.375,44.0,8.0,0.0,0.0,0.0,0.0,44.0,29.25
2024-08-12 16:00:00+00:00,0.0,57.666666666666664,0.0,57.208333333333336,0.0,8.0,0.0,0.0,0.0,0.0,0.0,24.0
2024-08-12 17:00:00+00:00,72.0,49.75,72.0,49.291666666666664,72.0,11.0,0.0,0.0,0.0,0.0,62.0,19.25
2024-08-12 18:00:00+00:00,0.0,44.125,0.0,43.666666666666664,0.0,11.0,0.0,0.0,0.0,0.0,0.0,18.708333333333332
2024-08-12 19:00:00+00:00,1.0,43.541666666666664,0.0,43.041666666666664,1.0,11.041666666666666,0.0,0.0,0.0,0.0,0.0,18.708333333333332
2024-08-12 20:00:00+00:00,0.0,36.0,0.0,35.5,0.0,11.041666666666666,0.0,0.0,0.0,0.0,0.0,14.833333333333334
2024-08-12 21:00:00+00:00,0.0,28.958333333333332,0.0,28.458333333333332,0.0,11.041666666666666,0.0,0.0,0.0,0.0,0.0,12.0
2024-08-12 22:00:00+00:00,18.0,20.291666666666668,0.0,19.041666666666668,18.0,11.791666666666666,0.0,0.0,0.0,0.0,18.0,9.333333333333334
2024-08-12 23:00:00+00:00,0.0,11.791666666666666,0.0,10.541666666666666,0.0,11.791666666666666,0.0,0.0,0.0,0.0,0.0,5.916666666666667
2024-08-13 00:00:00+00:00,0.0,11.791666666666666,0.0,10.541666666666666,0.0,11.791666666666666,0.0,0.0,0.0,0.0,0.0,5.916666666666667
2024-08-13 01:00:00+00:00,0.0,11.791666666666666,0.0,10.541666666666666,0.0,11.791666666666666,0.0,0.0,0.0,0.0,0.0,5.916666666666667
2024-08-13 02:00:00+00:00,0.0,11.791666666666666,0.0,10.541666666666666,0.0,11.791666666666666,0.0,0.0,0.0,0.0,0.0,5.916666666666667
2024-08-13 03:00:00+00:00,0.0,11.791666666666666,0.0,10.541666666666666,0.0,11.791666666666666,0.0,0.0,0.0,0.0,0.0,5.916666666666667
2024-08-13 04:00:00+00:00,14.0,12.375,0.0,10.541666666666666,14.0,12.375,0.0,0.0,0.0,0.0,14.0,6.5
2024-08-13 05:00:00+00:00,0.0,12.375,0.0,10.541666666666666,0.0,12.375,0.0,0.0,0.0,0.0,0.0,6.5
2024-08-13 06:00:00+00:00,0.0,12.375,0.0,10.541666666666666,0.0,12.375,0.0,0.0,0.0,0.0,0.0,6.5
2024-08-13 07:00:00+00:00,0.0,12.375,0.0,10.541666666666666,0.0,12.375,0.0,0.0,0.0,0.0,0.0,6.5
2024-08-13 08:00:00+00:00,0.0,12.375,0.0,10.541666666666666,0.0,12.375,0.0,0.0,0.0,0.0,0.0,6.5
2024-08-13 09:00:00+00:00,0.0,12.375,0.0,10.541666666666666,0.0,12.375,0.0,0.0,0.0,0.0,0.0,6.5
2024-08-13 10:00:00+00:00,0.0,11.916666666666666,0.0,10.541666666666666,0.0,11.916666666666666,0.0,0.0,0.0,0.0,0.0,6.041666666666667
2024-08-13 11:00:00+00:00,0.0,11.916666666666666,0.0,10.541666666666666,0.0,11.916666666666666,0.0,0.0,0.0,0.0,0.0,6.041666666666667
2024-08-13 12:00:00+00:00,70.0,14.833333333333334,70.0,13.458333333333334,70.0,14.833333333333334,0.0,0.0,0.0,0.0,0.0,6.041666666666667
2024-08-13 13:00:00+00:00,0.0,13.583333333333334,0.0,12.208333333333334,0.0,13.583333333333334,0.0,0.0,0.0,0.0,0.0,6.041666666666667
2024-08-13 14:00:00+00:00,27.0,10.25,27.0,8.875,27.0,10.25,0.0,0.0,0.0,0.0,12.0,6.25
2024-08-13 15:00:00+00:00,89.0,12.125,89.0,10.75,89.0,12.125,0.0,0.0,0.0,0.0,42.0,6.166666666666667
2024-08-13 16:00:00+00:00,144.0,18.125,144.0,16.75,144.0,18.125,0.0,0.0,0.0,0.0,29.0,7.375
2024-08-13 17:00:00+00:00,66.0,17.875,66.0,16.5,66.0,17.875,0.0,0.0,0.0,0.0,23.0,5.75
2024-08-13 18:00:00+00:00,70.0,20.791666666666668,70.0,19.416666666666668,70.0,20.791666666666668,0.0,0.0,0.0,0.0,40.0,7.416666666666667
2024-08-13 19:00:00+00:00,130.0,26.166666666666668,130.0,24.833333333333332,130.0,26.166666666666668,0.0,0.0,0.0,0.0,60.0,9.916666666666666
2024-08-13 20:00:00+00:00,119.0,31.125,119.0,29.791666666666668,119.0,31.125,0.0,0.0,0.0,0.0,70.0,12.833333333333334
2024-08-13 21:00:00+00:00,19.0,31.916666666666668,19.0,30.583333333333332,19.0,31.916666666666668,0.0,0.0,0.0,0.0,15.0,13.458333333333334
2024-08-13 22:00:00+00:00,0.0,31.166666666666668,0.0,30.583333333333332,0.0,31.166666666666668,0.0,0.0,0.0,0.0,0.0,12.708333333333334
2024-08-13 23:00:00+00:00,0.0,31.166666666666668,0.0,30.583333333333332,0.0,31.166666666666668,0.0,0.0,0.0,0.0,0.0,12.708333333333334
2024-08-14 00:00:00+00:00,0.0,31.166666666666668,0.0,30.583333333333332,0.0,31.166666666666668,0.0,0.0,0.0,0.0,0.0,12.708333333333334
2024-08-14 01:00:00+00:00,0.0,31.166666666666668,0.0,30.583333333333332,0.0,31.166666666666668,0.0,0.0,0.0,0.0,0.0,12.708333333333334
2024-08-14 02:00:00+00:00,0.0,31.166666666666668,0.0,30.583333333333332,0.0,31.166666666666668,0.0,0.0,0.0,0.0,0.0,12.708333333333334
2024-08-14 03:00:00+00:00,0.0,31.166666666666668,0.0,30.583333333333332,0.0,31.166666666666668,0.0,0.0,0.0,0.0,0.0,12.708333333333334
2024-08-14 04:00:00+00:00,0.0,30.583333333333332,0.0,30.583333333333332,0.0,30.583333333333332,0.0,0.0,0.0,0.0,0.0,12.125
2024-08-14 05:00:00+00:00,0.0,30.583333333333332,0.0,30.583333333333332,0.0,30.583333333333332,0.0,0.0,0.0,0.0,0.0,12.125
2024-08-14 06:00:00+00:00,0.0,30.583333333333332,0.0,30.583333333333332,0.0,30.583333333333332,0.0,0.0,0.0,0.0,0.0,12.125
2024-08-14 07:00:00+00:00,0.0,30.583333333333332,0.0,30.583333333333332,0.0,30.583333333333332,0.0,0.0,0.0,0.0,0.0,12.125
2024-08-14 08:00:00+00:00,0.0,30.583333333333332,0.0,30.583333333333332,0.0,30.583333333333332,0.0,0.0,0.0,0.0,0.0,12.125
2024-08-14 09:00:00+00:00,0.0,30.583333333333332,0.0,30.583333333333332,0.0,30.583333333333332,0.0,0.0,0.0,0.0,0.0,12.125
2024-08-14 10:00:00+00:00,0.0,30.583333333333332,0.0,30.583333333333332,0.0,30.583333333333332,0.0,0.0,0.0,0.0,0.0,12.125
2024-08-14 11:00:00+00:00,0.0,30.583333333333332,0.0,30.583333333333332,0.0,30.583333333333332,0.0,0.0,0.0,0.0,0.0,12.125
2024-08-14 12:00:00+00:00,0.0,27.666666666666668,0.0,27.666666666666668,0.0,27.666666666666668,0.0,0.0,0.0,0.0,0.0,12.125
2024-08-14 13:00:00+00:00,0.0,27.666666666666668,0.0,27.666666666666668,0.0,27.666666666666668,0.0,0.0,0.0,0.0,0.0,12.125
2024-08-14 14:00:00+00:00,0.0,26.541666666666668,0.0,26.541666666666668,0.0,26.541666666666668,0.0,0.0,0.0,0.0,0.0,11.625
2024-08-14 15:00:00+00:00,48.0,24.833333333333332,48.0,24.833333333333332,0.0,22.833333333333332,0.0,0.0,0.0,0.0,48.0,11.875
2024-08-14 16:00:00+00:00,10.0,19.25,10.0,19.25,0.0,16.833333333333332,0.0,0.0,0.0,0.0,0.0,10.666666666666666
2024-08-14 17:00:00+00:00,151.0,22.791666666666668,151.0,22.791666666666668,0.0,14.083333333333334,0.0,0.0,0.0,0.0,69.0,12.583333333333334
2024-08-14 18:00:00+00:00,105.0,24.25,105.0,24.25,0.0,11.166666666666666,0.0,0.0,0.0,0.0,91.0,14.708333333333334
2024-08-14 19:00:00+00:00,12.0,19.333333333333332,12.0,19.333333333333332,0.0,5.75,0.0,0.0,0.0,0.0,12.0,12.708333333333334
2024-08-14 20:00:00+00:00,38.0,15.958333333333334,38.0,15.958333333333334,0.0,0.7916666666666666,0.0,0.0,0.0,0.0,7.0,10.083333333333334
2024-08-14 21:00:00+00:00,19.0,15.958333333333334,0.0,15.166666666666666,0.0,0.0,0.0,0.0,0.0,0.0,12.0,9.958333333333334
2024-08-14 22:00:00+00:00,0.0,15.958333333333334,0.0,15.166666666666666,0.0,0.0,0.0,0.0,0.0,0.0,0.0,9.958333333333334
2024-08-14 23:00:00+00:00,0.0,15.958333333333334,0.0,15.166666666666666,0.0,0.0,0.0,0.0,0.0,0.0,0.0,9.958333333333334
2024-08-15 00:00:00+00:00,0.0,15.958333333333334,0.0,15.166666666666666,0.0,0.0,0.0,0.0,0.0,0.0,0.0,9.958333333333334
2024-08-15 01:00:00+00:00,0.0,15.958333333333334,0.0,15.166666666666666,0.0,0.0,0.0,0.0,0.0,0.0,0.0,9.958333333333334
2024-08-15 02:00:00+00:00,0.0,15.958333333333334,0.0,15.166666666666666,0.0,0.0,0.0,0.0,0.0,0.0,0.0,9.958333333333334
2024-08-15 03:00:00+00:00,0.0,15.958333333333334,0.0,15.166666666666666,0.0,0.0,0.0,0.0,0.0,0.0,0.0,9.958333333333334
2024-08-15 04:00:00+00:00,0.0,15.958333333333334,0.0,15.166666666666666,0.0,0.0,0.0,0.0,0.0,0.0,0.0,9.958333333333334
2024-08-15 05:00:00+00:00,0.0,15.958333333333334,0.0,15.166666666666666,0.0,0.0,0.0,0.0,0.0,0.0,0.0,9.958333333333334
2024-08-15 06:00:00+00:00,0.0,15.958333333333334,0.0,15.166666666666666,0.0,0.0,0.0,0.0,0.0,0.0,0.0,9.958333333333334
2024-08-15 07:00:00+00:00,0.0,15.958333333333334,0.0,15.166666666666666,0.0,0.0,0.0,0.0,0.0,0.0,0.0,9.958333333333334
2024-08-15 08:00:00+00:00,0.0,15.958333333333334,0.0,15.166666666666666,0.0,0.0,0.0,0.0,0.0,0.0,0.0,9.958333333333334
2024-08-15 09:00:00+00:00,0.0,15.958333333333334,0.0,15.166666666666666,0.0,0.0,0.0,0.0,0.0,0.0,0.0,9.958333333333334
2024-08-15 10:00:00+00:00,0.0,15.958333333333334,0.0,15.166666666666666,0.0,0.0,0.0,0.0,0.0,0.0,0.0,9.958333333333334
2024-08-15 11:00:00+00:00,0.0,15.958333333333334,0.0,15.166666666666666,0.0,0.0,0.0,0.0,0.0,0.0,0.0,9.958333333333334
2024-08-15 12:00:00+00:00,0.0,15.958333333333334,0.0,15.166666666666666,0.0,0.0,0.0,0.0,0.0,0.0,0.0,9.958333333333334
2024-08-15 13:00:00+00:00,90.0,19.708333333333332,90.0,18.916666666666668,90.0,3.75,0.0,0.0,0.0,0.0,20.0,10.791666666666666
2024-08-15 14:00:00+00:00,0.0,19.708333333333332,0.0,18.916666666666668,0.0,3.75,0.0,0.0,0.0,0.0,0.0,10.791666666666666
2024-08-15 15:00:00+00:00,0.0,17.708333333333332,0.0,16.916666666666668,0.0,3.75,0.0,0.0,0.0,0.0,0.0,8.791666666666666
2024-08-15 16:00:00+00:00,1.0,17.333333333333332,0.0,16.5,1.0,3.7916666666666665,0.0,0.0,0.0,0.0,0.0,8.791666666666666
2024-08-15 17:00:00+00:00,56.0,13.375,56.0,12.541666666666666,56.0,6.125,0.0,0.0,0.0,0.0,11.0,6.375
2024-08-15 18:00:00+00:00,0.0,9.0,0.0,8.166666666666666,0.0,6.125,0.0,0.0,0.0,0.0,0.0,2.5833333333333335
2024-08-15 19:00:00+00:00,0.0,8.5,0.0,7.666666666666667,0.0,6.125,0.0,0.0,0.0,0.0,0.0,2.0833333333333335
2024-08-15 20:00:00+00:00,0.0,6.916666666666667,0.0,6.083333333333333,0.0,6.125,0.0,0.0,0.0,0.0,0.0,1.7916666666666667
2024-08-15 21:00:00+00:00,0.0,6.125,0.0,6.083333333333333,0.0,6.125,0.0,0.0,0.0,0.0,0.0,1.2916666666666667
2024-08-15 22:00:00+00:00,0.0,6.125,0.0,6.083333333333333,0.0,6.125,0.0,0.0,0.0,0.0,0.0,1.2916666666666667
2024-08-15 23:00:00+00:00,0.0,6.125,0.0,6.083333333333333,0.0,6.125,0.0,0.0,0.0,0.0,0.0,1.2916666666666667
2024-08-16 00:00:00+00:00,0.0,6.125,0.0,6.083333333333333,0.0,6.125,0.0,0.0,0.0,0.0,0.0,1.2916666666666667
2024-08-16 01:00:00+00:00,0.0,6.125,0.0,6.083333333333333,0.0,6.125,0.0,0.0,0.0,0.0,0.0,1.2916666666666667
2024-08-16 02:00:00+00:00,0.0,6.125,0.0,6.083333333333333,0.0,6.125,0.0,0.0,0.0,0.0,0.0,1.2916666666666667
2024-08-16 03:00:00+00:00,0.0,6.125,0.0,6.083333333333333,0.0,6.125,0.0,0.0,0.0,0.0,0.0,1.2916666666666667
2024-08-16 04:00:00+00:00,0.0,6.125,0.0,6.083333333333333,0.0,6.125,0.0,0.0,0.0,0.0,0.0,1.2916666666666667
2024-08-16 05:00:00+00:00,0.0,6.125,0.0,6.083333333333333,0.0,6.125,0.0,0.0,0.0,0.0,0.0,1.2916666666666667
2024-08-16 06:00:00+00:00,0.0,6.125,0.0,6.083333333333333,0.0,6.125,0.0,0.0,0.0,0.0,0.0,1.2916666666666667
2024-08-16 07:00:00+00:00,0.0,6.125,0.0,6.083333333333333,0.0,6.125,0.0,0.0,0.0,0.0,0.0,1.2916666666666667
2024-08-16 08:00:00+00:00,0.0,6.125,0.0,6.083333333333333,0.0,6.125,0.0,0.0,0.0,0.0,0.0,1.2916666666666667
2024-08-16 09:00:00+00:00,2.0,6.208333333333333,0.0,6.083333333333333,0.0,6.125,0.0,0.0,0.0,0.0,0.0,1.2916666666666667
2024-08-16 10:00:00+00:00,10.0,6.625,0.0,6.083333333333333,0.0,6.125,0.0,0.0,0.0,0.0,9.0,1.6666666666666667
2024-08-16 11:00:00+00:00,11.0,7.083333333333333,0.0,6.083333333333333,0.0,6.125,0.0,0.0,0.0,0.0,0.0,1.6666666666666667
2024-08-16 12:00:00+00:00,208.0,15.75,208.0,14.75,0.0,6.125,0.0,0.0,0.0,0.0,90.0,5.416666666666667
2024-08-16 13:00:00+00:00,236.0,21.833333333333332,236.0,20.833333333333332,0.0,2.375,0.0,0.0,0.0,0.0,67.0,7.375
2024-08-16 14:00:00+00:00,0.0,21.833333333333332,0.0,20.833333333333332,0.0,2.375,0.0,0.0,0.0,0.0,0.0,7.375
2024-08-16 15:00:00+00:00,59.0,24.291666666666668,59.0,23.291666666666668,0.0,2.375,0.0,0.0,0.0,0.0,29.0,8.583333333333334
2024-08-16 16:00:00+00:00,27.0,25.375,27.0,24.416666666666668,0.0,2.3333333333333335,0.0,0.0,0.0,0.0,0.0,8.583333333333334
2024-08-16 17:00:00+00:00,0.0,23.041666666666668,0.0,22.083333333333332,0.0,0.0,0.0,0.0,0.0,0.0,0.0,8.125
2024-08-16 18:00:00+00:00,0.0,23.041666666666668,0.0,22.083333333333332,0.0,0.0,0.0,0.0,0.0,0.0,0.0,8.125
2024-08-16 19:00:00+00:00,15.0,23.666666666666668,15.0,22.708333333333332,0.0,0.0,0.0,0.0,0.0,0.0,0.0,8.125
2024-08-16 20:00:00+00:00,95.0,27.625,95.0,26.666666666666668,0.0,0.0,0.0,0.0,0.0,0.0,40.0,9.791666666666666
2024-08-16 21:00:00+00:00,15.0,28.25,15.0,27.291666666666668,0.0,0.0,0.0,0.0,0.0,0.0,15.0,10.416666666666666
2024-08-16 22:00:00+00:00,0.0,28.25,0.0,27.291666666666668,0.0,0.0,0.0,0.0,0.0,0.0,0.0,10.416666666666666
2024-08-16 23:00:00+00:00,0.0,28.25,0.0,27.291666666666668,0.0,0.0,0.0,0.0,0.0,0.0,0.0,10.416666666666666
2024-08-17 00:00:00+00:00,0.0,28.25,0.0,27.291666666666668,0.0,0.0,0.0,0.0,0.0,0.0,0.0,10.416666666666666
2024-08-17 01:00:00+00:00,0.0,28.25,0.0,27.291666666666668,0.0,0.0,0.0,0.0,0.0,0.0,0.0,10.416666666666666
2024-08-17 02:00:00+00:00,0.0,28.25,0.0,27.291666666666668,0.0,0.0,0.0,0.0,0.0,0.0,0.0,10.416666666666666
2024-08-17 03:00:00+00:00,0.0,28.25,0.0,27.291666666666668,0.0,0.0,0.0,0.0,0.0,0.0,0.0,10.416666666666666
2024-08-17 04:00:00+00:00,0.0,28.25,0.0,27.291666666666668,0.0,0.0,0.0,0.0,0.0,0.0,0.0,10.416666666666666
2024-08-17 05:00:00+00:00,0.0,28.25,0.0,27.291666666666668,0.0,0.0,0.0,0.0,0.0,0.0,0.0,10.416666666666666
2024-08-17 06:00:00+00:00,0.0,28.25,0.0,27.291666666666668,0.0,0.0,0.0,0.0,0.0,0.0,0.0,10.416666666666666
2024-08-17 07:00:00+00:00,0.0,28.25,0.0,27.291666666666668,0.0,0.0,0.0,0.0,0.0,0.0,0.0,10.416666666666666
2024-08-17 08:00:00+00:00,0.0,28.25,0.0,27.291666666666668,0.0,0.0,0.0,0.0,0.0,0.0,0.0,10.416666666666666
2024-08-17 09:00:00+00:00,0.0,28.166666666666668,0.0,27.291666666666668,0.0,0.0,0.0,0.0,0.0,0.0,0.0,10.416666666666666
2024-08-17 10:00:00+00:00,0.0,27.75,0.0,27.291666666666668,0.0,0.0,0.0,0.0,0.0,0.0,0.0,10.041666666666666
2024-08-17 11:00:00+00:00,0.0,27.291666666666668,0.0,27.291666666666668,0.0,0.0,0.0,0.0,0.0,0.0,0.0,10.041666666666666
2024-08-17 12:00:00+00:00,0.0,18.625,0.0,18.625,0.0,0.0,0.0,0.0,0.0,0.0,0.0,6.291666666666667
2024-08-17 13:00:00+00:00,0.0,8.791666666666666,0.0,8.791666666666666,0.0,0.0,0.0,0.0,0.0,0.0,0.0,3.5
2024-08-17 14:00:00+00:00,0.0,8.791666666666666,0.0,8.791666666666666,0.0,0.0,0.0,0.0,0.0,0.0,0.0,3.5
2024-08-17 15:00:00+00:00,0.0,6.333333333333333,0.0,6.333333333333333,0.0,0.0,0.0,0.0,0.0,0.0,0.0,2.2916666666666665
2024-08-17 16:00:00+00:00,0.0,5.208333333333333,0.0,5.208333333333333,0.0,0.0,0.0,0.0,0.0,0.0,0.0,2.2916666666666665
2024-08-17 17:00:00+00:00,0.0,5.208333333333333,0.0,5.208333333333333,0.0,0.0,0.0,0.0,0.0,0.0,0.0,2.2916666666666665
2024-08-17 18:00:00+00:00,0.0,5.208333333333333,0.0,5.208333333333333,0.0,0.0,0.0,0.0,0.0,0.0,0.0,2.2916666666666665
2024-08-17 19:00:00+00:00,0.0,4.583333333333333,0.0,4.583333333333333,0.0,0.0,0.0,0.0,0.0,0.0,0.0,2.2916666666666665
2024-08-17 20:00:00+00:00,52.0,2.7916666666666665,52.0,2.7916666666666665,0.0,0.0,0.0,0.0,0.0,0.0,52.0,2.7916666666666665
2024-08-17 21:00:00+00:00,0.0,2.1666666666666665,0.0,2.1666666666666665,0.0,0.0,0.0,0.0,0.0,0.0,0.0,2.1666666666666665
2024-08-17 22:00:00+00:00,85.0,5.708333333333333,85.0,5.708333333333333,0.0,0.0,0.0,0.0,0.0,0.0,50.0,4.25
2024-08-17 23:00:00+00:00,42.0,7.458333333333333,42.0,7.458333333333333,0.0,0.0,0.0,0.0,0.0,0.0,20.0,5.083333333333333
2024-08-18 00:00:00+00:00,0.0,7.458333333333333,0.0,7.458333333333333,0.0,0.0,0.0,0.0,0.0,0.0,0.0,5.083333333333333
2024-08-18 01:00:00+00:00,0.0,7.458333333333333,0.0,7.458333333333333,0.0,0.0,0.0,0.0,0.0,0.0,0.0,5.083333333333333
2024-08-18 02:00:00+00:00,0.0,7.458333333333333,0.0,7.458333333333333,0.0,0.0,0.0,0.0,0.0,0.0,0.0,5.083333333333333
2024-08-18 03:00:00+00:00,0.0,7.458333333333333,0.0,7.458333333333333,0.0,0.0,0.0,0.0,0.0,0.0,0.0,5.083333333333333
2024-08-18 04:00:00+00:00,0.0,7.458333333333333,0.0,7.458333333333333,0.0,0.0,0.0,0.0,0.0,0.0,0.0,5.083333333333333
2024-08-18 05:00:00+00:00,0.0,7.458333333333333,0.0,7.458333333333333,0.0,0.0,0.0,0.0,0.0,0.0,0.0,5.083333333333333
2024-08-18 06:00:00+00:00,0.0,7.458333333333333,0.0,7.458333333333333,0.0,0.0,0.0,0.0,0.0,0.0,0.0,5.083333333333333
2024-08-18 07:00:00+00:00,0.0,7.458333333333333,0.0,7.458333333333333,0.0,0.0,0.0,0.0,0.0,0.0,0.0,5.083333333333333
2024-08-18 08:00:00+00:00,0.0,7.458333333333333,0.0,7.458333333333333,0.0,0.0,0.0,0.0,0.0,0.0,0.0,5.083333333333333
2024-08-18 09:00:00+00:00,0.0,7.458333333333333,0.0,7.458333333333333,0.0,0.0,0.0,0.0,0.0,0.0,0.0,5.083333333333333
2024-08-18 10:00:00+00:00,0.0,7.458333333333333,0.0,7.458333333333333,0.0,0.0,0.0,0.0,0.0,0.0,0.0,5.083333333333333
2024-08-18 11:00:00+00:00,0.0,7.458333333333333,0.0,7.458333333333333,0.0,0.0,0.0,0.0,0.0,0.0,0.0,5.083333333333333
2024-08-18 12:00:00+00:00,0.0,7.458333333333333,0.0,7.458333333333333,0.0,0.0,0.0,0.0,0.0,0.0,0.0,5.083333333333333
2024-08-18 13:00:00+00:00,23.0,8.416666666666666,23.0,8.416666666666666,0.0,0.0,0.0,0.0,0.0,0.0,6.0,5.333333333333333
2024-08-18 14:00:00+00:00,93.0,12.291666666666666,93.0,12.291666666666666,0.0,0.0,0.0,0.0,0.0,0.0,43.0,7.125
2024-08-18 15:00:00+00:00,0.0,12.291666666666666,0.0,12.291666666666666,0.0,0.0,0.0,0.0,0.0,0.0,0.0,7.125
2024-08-18 16:00:00+00:00,0.0,12.291666666666666,0.0,12.291666666666666,0.0,0.0,0.0,0.0,0.0,0.0,0.0,7.125
2024-08-18 17:00:00+00:00,0.0,12.291666666666666,0.0,12.291666666666666,0.0,0.0,0.0,0.0,0.0,0.0,0.0,7.125
2024-08-18 18:00:00+00:00,0.0,12.291666666666666,0.0,12.291666666666666,0.0,0.0,0.0,0.0,0.0,0.0,0.0,7.125
2024-08-18 19:00:00+00:00,0.0,12.291666666666666,0.0,12.291666666666666,0.0,0.0,0.0,0.0,0.0,0.0,0.0,7.125
2024-08-18 20:00:00+00:00,0.0,10.125,0.0,10.125,0.0,0.0,0.0,0.0,0.0,0.0,0.0,4.958333333333333
2024-08-18 21:00:00+00:00,15.0,10.75,0.0,10.125,0.0,0.0,0.0,0.0,0.0,0.0,0.0,4.958333333333333
2024-08-18 22:00:00+00:00,0.0,7.208333333333333,0.0,6.583333333333333,0.0,0.0,0.0,0.0,0.0,0.0,0.0,2.875
2024-08-18 23:00:00+00:00,6.0,5.708333333333333,0.0,4.833333333333333,0.0,0.0,0.0,0.0,0.0,0.0,6.0,2.2916666666666665
2024-08-19 00:00:00+00:00,0.0,5.708333333333333,0.0,4.833333333333333,0.0,0.0,0.0,0.0,0.0,0.0,0.0,2.2916666666666665
2024-08-19 01:00:00+00:00,0.0,5.708333333333333,0.0,4.833333333333333,0.0,0.0,0.0,0.0,0.0,0.0,0.0,2.2916666666666665
2024-08-19 02:00:00+00:00,0.0,5.708333333333333,0.0,4.833333333333333,0.0,0.0,0.0,0.0,0.0,0.0,0.0,2.2916666666666665
2024-08-19 03:00:00+00:00,0.0,5.708333333333333,0.0,4.833333333333333,0.0,0.0,0.0,0.0,0.0,0.0,0.0,2.2916666666666665
2024-08-19 04:00:00+00:00,0.0,5.708333333333333,0.0,4.833333333333333,0.0,0.0,0.0,0.0,0.0,0.0,0.0,2.2916666666666665
2024-08-19 05:00:00+00:00,0.0,5.708333333333333,0.0,4.833333333333333,0.0,0.0,0.0,0.0,0.0,0.0,0.0,2.2916666666666665
2024-08-19 06:00:00+00:00,0.0,5.708333333333333,0.0,4.833333333333333,0.0,0.0,0.0,0.0,0.0,0.0,0.0,2.2916666666666665
2024-08-19 07:00:00+00:00,0.0,5.708333333333333,0.0,4.833333333333333,0.0,0.0,0.0,0.0,0.0,0.0,0.0,2.2916666666666665
2024-08-19 08:00:00+00:00,0.0,5.708333333333333,0.0,4.833333333333333,0.0,0.0,0.0,0.0,0.0,0.0,0.0,2.2916666666666665
2024-08-19 09:00:00+00:00,0.0,5.708333333333333,0.0,4.833333333333333,0.0,0.0,0.0,0.0,0.0,0.0,0.0,2.2916666666666665
2024-08-19 10:00:00+00:00,0.0,5.708333333333333,0.0,4.833333333333333,0.0,0.0,0.0,0.0,0.0,0.0,0.0,2.2916666666666665
2024-08-19 11:00:00+00:00,84.0,9.208333333333334,84.0,8.333333333333334,0.0,0.0,0.0,0.0,0.0,0.0,53.0,4.5
2024-08-19 12:00:00+00:00,0.0,9.208333333333334,0.0,8.333333333333334,0.0,0.0,0.0,0.0,0.0,0.0,0.0,4.5
2024-08-19 13:00:00+00:00,0.0,8.25,0.0,7.375,0.0,0.0,0.0,0.0,0.0,0.0,0.0,4.25
2024-08-19 14:00:00+00:00,0.0,4.375,0.0,3.5,0.0,0.0,0.0,0.0,0.0,0.0,0.0,2.4583333333333335
2024-08-19 15:00:00+00:00,0.0,4.375,0.0,3.5,0.0,0.0,0.0,0.0,0.0,0.0,0.0,2.4583333333333335
2024-08-19 16:00:00+00:00,0.0,4.375,0.0,3.5,0.0,0.0,0.0,0.0,0.0,0.0,0.0,2.4583333333333335
2024-08-19 17:00:00+00:00,0.0,4.375,0.0,3.5,0.0,0.0,0.0,0.0,0.0,0.0,0.0,2.4583333333333335
2024-08-19 18:00:00+00:00,0.0,4.375,0.0,3.5,0.0,0.0,0.0,0.0,0.0,0.0,0.0,2.4583333333333335
2024-08-19 19:00:00+00:00,0.0,4.375,0.0,3.5,0.0,0.0,0.0,0.0,0.0,0.0,0.0,2.4583333333333335
2024-08-19 20:00:00+00:00,0.0,4.375,0.0,3.5,0.0,0.0,0.0,0.0,0.0,0.0,0.0,2.4583333333333335
2024-08-19 21:00:00+00:00,0.0,3.75,0.0,3.5,0.0,0.0,0.0,0.0,0.0,0.0,0.0,2.4583333333333335
2024-08-19 22:00:00+00:00,0.0,3.75,0.0,3.5,0.0,0.0,0.0,0.0,0.0,0.0,0.0,2.4583333333333335
2024-08-19 23:00:00+00:00,0.0,3.5,0.0,3.5,0.0,0.0,0.0,0.0,0.0,0.0,0.0,2.2083333333333335
2024-08-20 00:00:00+00:00,0.0,3.5,0.0,3.5,0.0,0.0,0.0,0.0,0.0,0.0,0.0,2.2083333333333335
2024-08-20 01:00:00+00:00,0.0,3.5,0.0,3.5,0.0,0.0,0.0,0.0,0.0,0.0,0.0,2.2083333333333335
2024-08-20 02:00:00+00:00,0.0,3.5,0.0,3.5,0.0,0.0,0.0,0.0,0.0,0.0,0.0,2.2083333333333335
2024-08-20 03:00:00+00:00,0.0,3.5,0.0,3.5,0.0,0.0,0.0,0.0,0.0,0.0,0.0,2.2083333333333335
2024-08-20 04:00:00+00:00,0.0,3.5,0.0,3.5,0.0,0.0,0.0,0.0,0.0,0.0,0.0,2.2083333333333335
2024-08-20 05:00:00+00:00,0.0,3.5,0.0,3.5,0.0,0.0,0.0,0.0,0.0,0.0,0.0,2.2083333333333335
2024-08-20 06:00:00+00:00,0.0,3.5,0.0,3.5,0.0,0.0,0.0,0.0,0.0,0.0,0.0,2.2083333333333335
2024-08-20 07:00:00+00:00,0.0,3.5,0.0,3.5,0.0,0.0,0.0,0.0,0.0,0.0,0.0,2.2083333333333335
2024-08-20 08:00:00+00:00,0.0,3.5,0.0,3.5,0.0,0.0,0.0,0.0,0.0,0.0,0.0,2.2083333333333335
2024-08-20 09:00:00+00:00,0.0,3.5,0.0,3.5,0.0,0.0,0.0,0.0,0.0,0.0,0.0,2.2083333333333335
2024-08-20 10:00:00+00:00,139.0,9.291666666666666,139.0,9.291666666666666,139.0,5.791666666666667,0.0,0.0,0.0,0.0,90.0,5.958333333333333
2024-08-20 11:00:00+00:00,0.0,5.791666666666667,0.0,5.791666666666667,0.0,5.791666666666667,0.0,0.0,0.0,0.0,0.0,3.75
2024-08-20 12:00:00+00:00,0.0,5.791666666666667,0.0,5.791666666666667,0.0,5.791666666666667,0.0,0.0,0.0,0.0,0.0,3.75
2024-08-20 13:00:00+00:00,7.0,6.083333333333333,7.0,6.083333333333333,7.0,6.083333333333333,0.0,0.0,0.0,0.0,7.0,4.041666666666667
2024-08-20 14:00:00+00:00,119.0,11.041666666666666,119.0,11.041666666666666,119.0,11.041666666666666,0.0,0.0,0.0,0.0,77.0,7.25
2024-08-20 15:00:00+00:00,49.0,13.083333333333334,49.0,13.083333333333334,49.0,13.083333333333334,0.0,0.0,0.0,0.0,19.0,8.041666666666666
2024-08-20 16:00:00+00:00,187.0,20.875,187.0,20.875,187.0,20.875,0.0,0.0,0.0,0.0,72.0,11.041666666666666
2024-08-20 17:00:00+00:00,27.0,22.0,27.0,22.0,27.0,22.0,0.0,0.0,0.0,0.0,13.0,11.583333333333334
2024-08-20 18:00:00+00:00,82.0,25.416666666666668,82.0,25.416666666666668,82.0,25.416666666666668,0.0,0.0,0.0,0.0,45.0,13.458333333333334
2024-08-20 19:00:00+00:00,119.0,30.375,119.0,30.375,119.0,30.375,0.0,0.0,0.0,0.0,87.0,17.083333333333332
2024-08-20 20:00:00+00:00,195.0,38.5,195.0,38.5,195.0,38.5,0.0,0.0,0.0,0.0,123.0,22.208333333333332
2024-08-20 21:00:00+00:00,165.0,45.375,165.0,45.375,165.0,45.375,0.0,0.0,0.0,0.0,77.0,25.416666666666668
2024-08-20 22:00:00+00:00,4.0,45.541666666666664,4.0,45.541666666666664,4.0,45.541666666666664,0.0,0.0,0.0,0.0,0.0,25.416666666666668
2024-08-20 23:00:00+00:00,0.0,45.541666666666664,0.0,45.541666666666664,0.0,45.541666666666664,0.0,0.0,0.0,0.0,0.0,25.416666666666668
2024-08-21 00:00:00+00:00,0.0,45.541666666666664,0.0,45.541666666666664,0.0,45.541666666666664,0.0,0.0,0.0,0.0,0.0,25.416666666666668
2024-08-21 01:00:00+00:00,0.0,45.541666666666664,0.0,45.541666666666664,0.0,45.541666666666664,0.0,0.0,0.0,0.0,0.0,25.416666666666668
2024-08-21 02:00:00+00:00,0.0,45.541666666666664,0.0,45.541666666666664,0.0,45.541666666666664,0.0,0.0,0.0,0.0,0.0,25.416666666666668
2024-08-21 03:00:00+00:00,3.0,45.666666666666664,0.0,45.541666666666664,0.0,45.541666666666664,0.0,0.0,0.0,0.0,0.0,25.416666666666668
2024-08-21 04:00:00+00:00,0.0,45.666666666666664,0.0,45.541666666666664,0.0,45.541666666666664,0.0,0.0,0.0,0.0,0.0,25.416666666666668
2024-08-21 05:00:00+00:00,0.0,45.666666666666664,0.0,45.541666666666664,0.0,45.541666666666664,0.0,0.0,0.0,0.0,0.0,25.416666666666668
2024-08-21 06:00:00+00:00,0.0,45.666666666666664,0.0,45.541666666666664,0.0,45.541666666666664,0.0,0.0,0.0,0.0,0.0,25.416666666666668
2024-08-21 07:00:00+00:00,0.0,45.666666666666664,0.0,45.541666666666664,0.0,45.541666666666664,0.0,0.0,0.0,0.0,0.0,25.416666666666668
2024-08-21 08:00:00+00:00,0.0,45.666666666666664,0.0,45.541666666666664,0.0,45.541666666666664,0.0,0.0,0.0,0.0,0.0,25.416666666666668
2024-08-21 09:00:00+00:00,0.0,45.666666666666664,0.0,45.541666666666664,0.0,45.541666666666664,0.0,0.0,0.0,0.0,0.0,25.416666666666668
2024-08-21 10:00:00+00:00,12.0,40.375,0.0,39.75,0.0,39.75,0.0,0.0,0.0,0.0,0.0,21.666666666666668
2024-08-21 11:00:00+00:00,0.0,40.375,0.0,39.75,0.0,39.75,0.0,0.0,0.0,0.0,0.0,21.666666666666668
2024-08-21 12:00:00+00:00,115.0,45.166666666666664,115.0,44.541666666666664,0.0,39.75,0.0,0.0,0.0,0.0,107.0,26.125
2024-08-21 13:00:00+00:00,89.0,48.583333333333336,89.0,47.958333333333336,0.0,39.458333333333336,0.0,0.0,0.0,0.0,55.0,28.125
2024-08-21 14:00:00+00:00,0.0,43.625,0.0,43.0,0.0,34.5,0.0,0.0,0.0,0.0,0.0,24.916666666666668
2024-08-21 15:00:00+00:00,0.0,41.583333333333336,0.0,40.958333333333336,0.0,32.458333333333336,0.0,0.0,0.0,0.0,0.0,24.125
2024-08-21 16:00:00+00:00,0.0,33.791666666666664,0.0,33.166666666666664,0.0,24.666666666666668,0.0,0.0,0.0,0.0,0.0,21.125
2024-08-21 17:00:00+00:00,0.0,32.666666666666664,0.0,32.041666666666664,0.0,23.541666666666668,0.0,0.0,0.0,0.0,0.0,20.583333333333332
2024-08-21 18:00:00+00:00,67.0,32.041666666666664,67.0,31.416666666666668,0.0,20.125,0.0,0.0,0.0,0.0,55.0,21.0
2024-08-21 19:00:00+00:00,0.0,27.083333333333332,0.0,26.458333333333332,0.0,15.166666666666666,0.0,0.0,0.0,0.0,0.0,17.375
2024-08-21 20:00:00+00:00,28.0,20.125,28.0,19.5,0.0,7.041666666666667,0.0,0.0,0.0,0.0,28.0,13.416666666666666
2024-08-21 21:00:00+00:00,81.0,16.625,81.0,16.0,0.0,0.16666666666666666,0.0,0.0,0.0,0.0,62.0,12.791666666666666
2024-08-21 22:00:00+00:00,15.0,17.083333333333332,15.0,16.458333333333332,0.0,0.0,0.0,0.0,0.0,0.0,15.0,13.416666666666666
2024-08-21 23:00:00+00:00,62.0,19.666666666666668,62.0,19.041666666666668,0.0,0.0,0.0,0.0,0.0,0.0,20.0,14.25
2024-08-22 00:00:00+00:00,22.0,20.583333333333332,22.0,19.958333333333332,22.0,0.9166666666666666,0.0,0.0,0.0,0.0,6.0,14.5
2024-08-22 01:00:00+00:00,8.0,20.916666666666668,0.0,19.958333333333332,8.0,1.25,0.0,0.0,0.0,0.0,0.0,14.5
2024-08-22 02:00:00+00:00,0.0,20.916666666666668,0.0,19.958333333333332,0.0,1.25,0.0,0.0,0.0,0.0,0.0,14.5
2024-08-22 03:00:00+00:00,0.0,20.791666666666668,0.0,19.958333333333332,0.0,1.25,0.0,0.0,0.0,0.0,0.0,14.5
2024-08-22 04:00:00+00:00,0.0,20.791666666666668,0.0,19.958333333333332,0.0,1.25,0.0,0.0,0.0,0.0,0.0,14.5
2024-08-22 05:00:00+00:00,87.0,24.416666666666668,87.0,23.583333333333332,87.0,4.875,0.0,0.0,0.0,0.0,55.0,16.791666666666668
2024-08-22 06:00:00+00:00,0.0,24.416666666666668,0.0,23.583333333333332,0.0,4.875,0.0,0.0,0.0,0.0,0.0,16.791666666666668
2024-08-22 07:00:00+00:00,0.0,24.416666666666668,0.0,23.583333333333332,0.0,4.875,0.0,0.0,0.0,0.0,0.0,16.791666666666668
2024-08-22 08:00:00+00:00,0.0,24.416666666666668,0.0,23.583333333333332,0.0,4.875,0.0,0.0,0.0,0.0,0.0,16.791666666666668
2024-08-22 09:00:00+00:00,0.0,24.416666666666668,0.0,23.583333333333332,0.0,4.875,0.0,0.0,0.0,0.0,0.0,16.791666666666668
2024-08-22 10:00:00+00:00,0.0,23.916666666666668,0.0,23.583333333333332,0.0,4.875,0.0,0.0,0.0,0.0,0.0,16.791666666666668
2024-08-22 11:00:00+00:00,0.0,23.916666666666668,0.0,23.583333333333332,0.0,4.875,0.0,0.0,0.0,0.0,0.0,16.791666666666668
2024-08-22 12:00:00+00:00,0.0,19.125,0.0,18.791666666666668,0.0,4.875,0.0,0.0,0.0,0.0,0.0,12.333333333333334
2024-08-22 13:00:00+00:00,82.0,18.833333333333332,82.0,18.5,82.0,8.291666666666666,0.0,0.0,0.0,0.0,54.0,12.291666666666666
2024-08-22 14:00:00+00:00,3.0,18.958333333333332,3.0,18.625,3.0,8.416666666666666,0.0,0.0,0.0,0.0,0.0,12.291666666666666
2024-08-22 15:00:00+00:00,58.0,21.375,58.0,21.041666666666668,58.0,10.833333333333334,0.0,0.0,0.0,0.0,27.0,13.416666666666666
2024-08-22 16:00:00+00:00,65.0,24.083333333333332,65.0,23.75,65.0,13.541666666666666,0.0,0.0,0.0,0.0,9.0,13.791666666666666
2024-08-22 17:00:00+00:00,74.0,27.166666666666668,74.0,26.833333333333332,74.0,16.625,0.0,0.0,0.0,0.0,29.0,15.0
2024-08-22 18:00:00+00:00,0.0,24.375,0.0,24.041666666666668,0.0,16.625,0.0,0.0,0.0,0.0,0.0,12.708333333333334
2024-08-22 19:00:00+00:00,12.0,24.875,12.0,24.541666666666668,12.0,17.125,0.0,0.0,0.0,0.0,10.0,13.125
2024-08-22 20:00:00+00:00,103.0,28.0,103.0,27.666666666666668,103.0,21.416666666666668,0.0,0.0,0.0,0.0,74.0,15.041666666666666
2024-08-22 21:00:00+00:00,0.0,24.625,0.0,24.291666666666668,0.0,21.416666666666668,0.0,0.0,0.0,0.0,0.0,12.458333333333334
2024-08-22 22:00:00+00:00,27.0,25.125,27.0,24.791666666666668,27.0,22.541666666666668,0.0,0.0,0.0,0.0,15.0,12.458333333333334
2024-08-22 23:00:00+00:00,0.0,22.541666666666668,0.0,22.208333333333332,0.0,22.541666666666668,0.0,0.0,0.0,0.0,0.0,11.625
2024-08-23 00:00:00+00:00,84.0,25.125,84.0,24.791666666666668,0.0,21.625,0.0,0.0,0.0,0.0,42.0,13.125
2024-08-23 01:00:00+00:00,112.0,29.458333333333332,112.0,29.458333333333332,0.0,21.291666666666668,0.0,0.0,0.0,0.0,79.0,16.416666666666668
2024-08-23 02:00:00+00:00,0.0,29.458333333333332,0.0,29.458333333333332,0.0,21.291666666666668,0.0,0.0,0.0,0.0,0.0,16.416666666666668
2024-08-23 03:00:00+00:00,33.0,30.833333333333332,33.0,30.833333333333332,0.0,21.291666666666668,0.0,0.0,0.0,0.0,25.0,17.458333333333332
2024-08-23 04:00:00+00:00,0.0,30.833333333333332,0.0,30.833333333333332,0.0,21.291666666666668,0.0,0.0,0.0,0.0,0.0,17.458333333333332
2024-08-23 05:00:00+00:00,5.0,27.416666666666668,0.0,27.208333333333332,0.0,17.666666666666668,0.0,0.0,0.0,0.0,0.0,15.166666666666666
2024-08-23 06:00:00+00:00,0.0,27.416666666666668,0.0,27.208333333333332,0.0,17.666666666666668,0.0,0.0,0.0,0.0,0.0,15.166666666666666
2024-08-23 07:00:00+00:00,0.0,27.416666666666668,0.0,27.208333333333332,0.0,17.666666666666668,0.0,0.0,0.0,0.0,0.0,15.166666666666666
2024-08-23 08:00:00+00:00,0.0,27.416666666666668,0.0,27.208333333333332,0.0,17.666666666666668,0.0,0.0,0.0,0.0,0.0,15.166666666666666
2024-08-23 09:00:00+00:00,0.0,27.416666666666668,0.0,27.208333333333332,0.0,17.666666666666668,0.0,0.0,0.0,0.0,0.0,15.166666666666666
2024-08-23 10:00:00+00:00,0.0,27.416666666666668,0.0,27.208333333333332,0.0,17.666666666666668,0.0,0.0,0.0,0.0,0.0,15.166666666666666
2024-08-23 11:00:00+00:00,0.0,27.416666666666668,0.0,27.208333333333332,0.0,17.666666666666668,0.0,0.0,0.0,0.0,0.0,15.166666666666666
2024-08-23 12:00:00+00:00,0.0,27.416666666666668,0.0,27.208333333333332,0.0,17.666666666666668,0.0,0.0,0.0,0.0,0.0,15.166666666666666
2024-08-23 13:00:00+00:00,17.0,24.708333333333332,0.0,23.791666666666668,0.0,14.25,0.0,0.0,0.0,0.0,9.0,13.291666666666666
2024-08-23 14:00:00+00:00,0.0,24.583333333333332,0.0,23.666666666666668,0.0,14.125,0.0,0.0,0.0,0.0,0.0,13.291666666666666
2024-08-23 15:00:00+00:00,0.0,22.166666666666668,0.0,21.25,0.0,11.708333333333334,0.0,0.0,0.0,0.0,0.0,12.166666666666666
2024-08-23 16:00:00+00:00,0.0,19.458333333333332,0.0,18.541666666666668,0.0,9.0,0.0,0.0,0.0,0.0,0.0,11.791666666666666
2024-08-23 17:00:00+00:00,0.0,16.375,0.0,15.458333333333334,0.0,5.916666666666667,0.0,0.0,0.0,0.0,0.0,10.583333333333334
2024-08-23 18:00:00+00:00,0.0,16.375,0.0,15.458333333333334,0.0,5.916666666666667,0.0,0.0,0.0,0.0,0.0,10.583333333333334
2024-08-23 19:00:00+00:00,130.0,21.291666666666668,130.0,20.375,0.0,5.416666666666667,0.0,0.0,0.0,0.0,63.0,12.791666666666666
2024-08-23 20:00:00+00:00,47.0,18.958333333333332,47.0,18.041666666666668,0.0,1.125,0.0,0.0,0.0,0.0,25.0,10.75
2024-08-23 21:00:00+00:00,0.0,18.958333333333332,0.0,18.041666666666668,0.0,1.125,0.0,0.0,0.0,0.0,0.0,10.75
2024-08-23 22:00:00+00:00,0.0,17.833333333333332,0.0,16.916666666666668,0.0,0.0,0.0,0.0,0.0,0.0,0.0,10.125
2024-08-23 23:00:00+00:00,348.0,32.333333333333336,348.0,31.416666666666668,0.0,0.0,0.0,0.0,0.0,0.0,219.0,19.25
2024-08-24 00:00:00+00:00,131.0,34.291666666666664,131.0,33.375,0.0,0.0,0.0,0.0,0.0,0.0,64.0,20.166666666666668
2024-08-24 01:00:00+00:00,0.0,29.625,0.0,28.708333333333332,0.0,0.0,0.0,0.0,0.0,0.0,0.0,16.875
2024-08-24 02:00:00+00:00,0.0,29.625,0.0,28.708333333333332,0.0,0.0,0.0,0.0,0.0,0.0,0.0,16.875
2024-08-24 03:00:00+00:00,16.0,28.916666666666668,0.0,27.333333333333332,0.0,0.0,0.0,0.0,0.0,0.0,13.0,16.375
2024-08-24 04:00:00+00:00,0.0,28.916666666666668,0.0,27.333333333333332,0.0,0.0,0.0,0.0,0.0,0.0,0.0,16.375
2024-08-24 05:00:00+00:00,0.0,28.708333333333332,0.0,27.333333333333332,0.0,0.0,0.0,0.0,0.0,0.0,0.0,16.375
2024-08-24 06:00:00+00:00,0.0,28.708333333333332,0.0,27.333333333333332,0.0,0.0,0.0,0.0,0.0,0.0,0.0,16.375
2024-08-24 07:00:00+00:00,0.0,28.708333333333332,0.0,27.333333333333332,0.0,0.0,0.0,0.0,0.0,0.0,0.0,16.375
2024-08-24 08:00:00+00:00,0.0,28.708333333333332,0.0,27.333333333333332,0.0,0.0,0.0,0.0,0.0,0.0,0.0,16.375
2024-08-24 09:00:00+00:00,0.0,28.708333333333332,0.0,27.333333333333332,0.0,0.0,0.0,0.0,0.0,0.0,0.0,16.375
2024-08-24 10:00:00+00:00,0.0,28.708333333333332,0.0,27.333333333333332,0.0,0.0,0.0,0.0,0.0,0.0,0.0,16.375
2024-08-24 11:00:00+00:00,0.0,28.708333333333332,0.0,27.333333333333332,0.0,0.0,0.0,0.0,0.0,0.0,0.0,16.375
2024-08-24 12:00:00+00:00,0.0,28.708333333333332,0.0,27.333333333333332,0.0,0.0,0.0,0.0,0.0,0.0,0.0,16.375
2024-08-24 13:00:00+00:00,0.0,28.0,0.0,27.333333333333332,0.0,0.0,0.0,0.0,0.0,0.0,0.0,16.0
2024-08-24 14:00:00+00:00,0.0,28.0,0.0,27.333333333333332,0.0,0.0,0.0,0.0,0.0,0.0,0.0,16.0
2024-08-24 15:00:00+00:00,0.0,28.0,0.0,27.333333333333332,0.0,0.0,0.0,0.0,0.0,0.0,0.0,16.0
2024-08-24 16:00:00+00:00,1.0,28.041666666666668,0.0,27.333333333333332,0.0,0.0,0.0,0.0,0.0,0.0,0.0,16.0
2024-08-24 17:00:00+00:00,87.0,31.666666666666668,87.0,30.958333333333332,0.0,0.0,0.0,0.0,0.0,0.0,67.0,18.791666666666668
2024-08-24 18:00:00+00:00,65.0,34.375,65.0,33.666666666666664,0.0,0.0,0.0,0.0,0.0,0.0,46.0,20.708333333333332
2024-08-24 19:00:00+00:00,48.0,30.958333333333332,48.0,30.25,0.0,0.0,0.0,0.0,0.0,0.0,29.0,19.291666666666668
2024-08-24 20:00:00+00:00,87.0,32.625,87.0,31.916666666666668,0.0,0.0,0.0,0.0,0.0,0.0,68.0,21.083333333333332
2024-08-24 21:00:00+00:00,0.0,32.625,0.0,31.916666666666668,0.0,0.0,0.0,0.0,0.0,0.0,0.0,21.083333333333332
2024-08-24 22:00:00+00:00,0.0,32.625,0.0,31.916666666666668,0.0,0.0,0.0,0.0,0.0,0.0,0.0,21.083333333333332
2024-08-24 23:00:00+00:00,18.0,18.875,18.0,18.166666666666668,0.0,0.0,0.0,0.0,0.0,0.0,13.0,12.5
2024-08-25 00:00:00+00:00,8.0,13.75,8.0,13.041666666666666,0.0,0.0,0.0,0.0,0.0,0.0,7.0,10.125
2024-08-25 01:00:00+00:00,0.0,13.75,0.0,13.041666666666666,0.0,0.0,0.0,0.0,0.0,0.0,0.0,10.125
2024-08-25 02:00:00+00:00,0.0,13.75,0.0,13.041666666666666,0.0,0.0,0.0,0.0,0.0,0.0,0.0,10.125
2024-08-25 03:00:00+00:00,77.0,16.291666666666668,77.0,16.25,0.0,0.0,0.0,0.0,0.0,0.0,30.0,10.833333333333334
2024-08-25 04:00:00+00:00,76.0,19.458333333333332,76.0,19.416666666666668,0.0,0.0,0.0,0.0,0.0,0.0,53.0,13.041666666666666
2024-08-25 05:00:00+00:00,0.0,19.458333333333332,0.0,19.416666666666668,0.0,0.0,0.0,0.0,0.0,0.0,0.0,13.041666666666666
2024-08-25 06:00:00+00:00,0.0,19.458333333333332,0.0,19.416666666666668,0.0,0.0,0.0,0.0,0.0,0.0,0.0,13.041666666666666
2024-08-25 07:00:00+00:00,0.0,19.458333333333332,0.0,19.416666666666668,0.0,0.0,0.0,0.0,0.0,0.0,0.0,13.041666666666666
2024-08-25 08:00:00+00:00,0.0,19.458333333333332,0.0,19.416666666666668,0.0,0.0,0.0,0.0,0.0,0.0,0.0,13.041666666666666
2024-08-25 09:00:00+00:00,0.0,19.458333333333332,0.0,19.416666666666668,0.0,0.0,0.0,0.0,0.0,0.0,0.0,13.041666666666666
2024-08-25 10:00:00+00:00,0.0,19.458333333333332,0.0,19.416666666666668,0.0,0.0,0.0,0.0,0.0,0.0,0.0,13.041666666666666
2024-08-25 11:00:00+00:00,0.0,19.458333333333332,0.0,19.416666666666668,0.0,0.0,0.0,0.0,0.0,0.0,0.0,13.041666666666666
2024-08-25 12:00:00+00:00,0.0,19.458333333333332,0.0,19.416666666666668,0.0,0.0,0.0,0.0,0.0,0.0,0.0,13.041666666666666
2024-08-25 13:00:00+00:00,0.0,19.458333333333332,0.0,19.416666666666668,0.0,0.0,0.0,0.0,0.0,0.0,0.0,13.041666666666666
2024-08-25 14:00:00+00:00,42.0,21.208333333333332,42.0,21.166666666666668,0.0,0.0,0.0,0.0,0.0,0.0,20.0,13.875
2024-08-25 15:00:00+00:00,0.0,21.208333333333332,0.0,21.166666666666668,0.0,0.0,0.0,0.0,0.0,0.0,0.0,13.875
2024-08-25 16:00:00+00:00,0.0,21.166666666666668,0.0,21.166666666666668,0.0,0.0,0.0,0.0,0.0,0.0,0.0,13.875
2024-08-25 17:00:00+00:00,0.0,17.541666666666668,0.0,17.541666666666668,0.0,0.0,0.0,0.0,0.0,0.0,0.0,11.083333333333334
2024-08-25 18:00:00+00:00,0.0,14.833333333333334,0.0,14.833333333333334,0.0,0.0,0.0,0.0,0.0,0.0,0.0,9.166666666666666
2024-08-25 19:00:00+00:00,1.0,12.875,1.0,12.875,0.0,0.0,0.0,0.0,0.0,0.0,0.0,7.958333333333333
2024-08-25 20:00:00+00:00,215.0,18.208333333333332,215.0,18.208333333333332,0.0,0.0,0.0,0.0,0.0,0.0,115.0,9.916666666666666
2024-08-25 21:00:00+00:00,141.0,24.083333333333332,141.0,24.083333333333332,0.0,0.0,0.0,0.0,0.0,0.0,76.0,13.083333333333334
2024-08-25 22:00:00+00:00,0.0,24.083333333333332,0.0,24.083333333333332,0.0,0.0,0.0,0.0,0.0,0.0,0.0,13.083333333333334
2024-08-25 23:00:00+00:00,71.0,26.291666666666668,71.0,26.291666666666668,0.0,0.0,0.0,0.0,0.0,0.0,25.0,13.583333333333334
2024-08-26 00:00:00+00:00,3.0,26.083333333333332,3.0,26.083333333333332,3.0,0.125,0.0,0.0,0.0,0.0,0.0,13.291666666666666
2024-08-26 01:00:00+00:00,0.0,26.083333333333332,0.0,26.083333333333332,0.0,0.125,0.0,0.0,0.0,0.0,0.0,13.291666666666666
2024-08-26 02:00:00+00:00,70.0,29.0,70.0,29.0,70.0,3.0416666666666665,0.0,0.0,0.0,0.0,38.0,14.875
2024-08-26 03:00:00+00:00,0.0,25.791666666666668,0.0,25.791666666666668,0.0,3.0416666666666665,0.0,0.0,0.0,0.0,0.0,13.625
2024-08-26 04:00:00+00:00,0.0,22.625,0.0,22.625,0.0,3.0416666666666665,0.0,0.0,0.0,0.0,0.0,11.416666666666666
2024-08-26 05:00:00+00:00,0.0,22.625,0.0,22.625,0.0,3.0416666666666665,0.0,0.0,0.0,0.0,0.0,11.416666666666666
2024-08-26 06:00:00+00:00,0.0,22.625,0.0,22.625,0.0,3.0416666666666665,0.0,0.0,0.0,0.0,0.0,11.416666666666666
2024-08-26 07:00:00+00:00,0.0,22.625,0.0,22.625,0.0,3.0416666666666665,0.0,0.0,0.0,0.0,0.0,11.416666666666666
2024-08-26 08:00:00+00:00,0.0,22.625,0.0,22.625,0.0,3.0416666666666665,0.0,0.0,0.0,0.0,0.0,11.416666666666666
2024-08-26 09:00:00+00:00,0.0,22.625,0.0,22.625,0.0,3.0416666666666665,0.0,0.0,0.0,0.0,0.0,11.416666666666666
2024-08-26 10:00:00+00:00,27.0,23.75,27.0,23.75,27.0,4.166666666666667,0.0,0.0,0.0,0.0,27.0,12.541666666666666
2024-08-26 11:00:00+00:00,7.0,24.041666666666668,7.0,24.041666666666668,7.0,4.458333333333333,0.0,0.0,0.0,0.0,7.0,12.833333333333334
2024-08-26 12:00:00+00:00,0.0,24.041666666666668,0.0,24.041666666666668,0.0,4.458333333333333,0.0,0.0,0.0,0.0,0.0,12.833333333333334
2024-08-26 13:00:00+00:00,0.0,24.041666666666668,0.0,24.041666666666668,0.0,4.458333333333333,0.0,0.0,0.0,0.0,0.0,12.833333333333334
2024-08-26 14:00:00+00:00,161.0,29.0,161.0,29.0,161.0,11.166666666666666,0.0,0.0,0.0,0.0,113.0,16.708333333333332
2024-08-26 15:00:00+00:00,0.0,29.0,0.0,29.0,0.0,11.166666666666666,0.0,0.0,0.0,0.0,0.0,16.708333333333332
2024-08-26 16:00:00+00:00,236.0,38.833333333333336,236.0,38.833333333333336,236.0,21.0,0.0,0.0,0.0,0.0,103.0,21.0
2024-08-26 17:00:00+00:00,79.0,42.125,79.0,42.125,79.0,24.291666666666668,0.0,0.0,0.0,0.0,45.0,22.875
2024-08-26 18:00:00+00:00,0.0,42.125,0.0,42.125,0.0,24.291666666666668,0.0,0.0,0.0,0.0,0.0,22.875
2024-08-26 19:00:00+00:00,0.0,42.083333333333336,0.0,42.083333333333336,0.0,24.291666666666668,0.0,0.0,0.0,0.0,0.0,22.875
2024-08-26 20:00:00+00:00,0.0,33.125,0.0,33.125,0.0,24.291666666666668,0.0,0.0,0.0,0.0,0.0,18.083333333333332
2024-08-26 21:00:00+00:00,0.0,27.25,0.0,27.25,0.0,24.291666666666668,0.0,0.0,0.0,0.0,0.0,14.916666666666666
2024-08-26 22:00:00+00:00,107.0,31.708333333333332,107.0,31.708333333333332,107.0,28.75,0.0,0.0,0.0,0.0,50.0,17.0
2024-08-26 23:00:00+00:00,48.0,30.75,48.0,30.75,48.0,30.75,0.0,0.0,0.0,0.0,48.0,17.958333333333332
2024-08-27 00:00:00+00:00,4.0,30.791666666666668,0.0,30.625,0.0,30.625,0.0,0.0,0.0,0.0,0.0,17.958333333333332
2024-08-27 01:00:00+00:00,0.0,30.791666666666668,0.0,30.625,0.0,30.625,0.0,0.0,0.0,0.0,0.0,17.958333333333332
2024-08-27 02:00:00+00:00,0.0,27.875,0.0,27.708333333333332,0.0,27.708333333333332,0.0,0.0,0.0,0.0,0.0,16.375
2024-08-27 03:00:00+00:00,0.0,27.875,0.0,27.708333333333332,0.0,27.708333333333332,0.0,0.0,0.0,0.0,0.0,16.375
2024-08-27 04:00:00+00:00,0.0,27.875,0.0,27.708333333333332,0.0,27.708333333333332,0.0,0.0,0.0,0.0,0.0,16.375
2024-08-27 05:00:00+00:00,0.0,27.875,0.0,27.708333333333332,0.0,27.708333333333332,0.0,0.0,0.0,0.0,0.0,16.375
2024-08-27 06:00:00+00:00,37.0,29.416666666666668,37.0,29.25,0.0,27.708333333333332,0.0,0.0,0.0,0.0,22.0,17.291666666666668
2024-08-27 07:00:00+00:00,0.0,29.416666666666668,0.0,29.25,0.0,27.708333333333332,0.0,0.0,0.0,0.0,0.0,17.291666666666668
2024-08-27 08:00:00+00:00,0.0,29.416666666666668,0.0,29.25,0.0,27.708333333333332,0.0,0.0,0.0,0.0,0.0,17.291666666666668
2024-08-27 09:00:00+00:00,0.0,29.416666666666668,0.0,29.25,0.0,27.708333333333332,0.0,0.0,0.0,0.0,0.0,17.291666666666668
2024-08-27 10:00:00+00:00,0.0,28.291666666666668,0.0,28.125,0.0,26.583333333333332,0.0,0.0,0.0,0.0,0.0,16.166666666666668
2024-08-27 11:00:00+00:00,0.0,28.0,0.0,27.833333333333332,0.0,26.291666666666668,0.0,0.0,0.0,0.0,0.0,15.875
2024-08-27 12:00:00+00:00,5.0,28.208333333333332,0.0,27.833333333333332,0.0,26.291666666666668,0.0,0.0,0.0,0.0,0.0,15.875
2024-08-27 13:00:00+00:00,0.0,28.208333333333332,0.0,27.833333333333332,0.0,26.291666666666668,0.0,0.0,0.0,0.0,0.0,15.875
2024-08-27 14:00:00+00:00,0.0,21.5,0.0,21.125,0.0,19.583333333333332,0.0,0.0,0.0,0.0,0.0,11.166666666666666
2024-08-27 15:00:00+00:00,15.0,22.125,0.0,21.125,0.0,19.583333333333332,0.0,0.0,0.0,0.0,15.0,11.791666666666666
2024-08-27 16:00:00+00:00,9.0,12.666666666666666,0.0,11.291666666666666,0.0,9.75,0.0,0.0,0.0,0.0,9.0,7.875
2024-08-27 17:00:00+00:00,0.0,9.375,0.0,8.0,0.0,6.458333333333333,0.0,0.0,0.0,0.0,0.0,6.0
2024-08-27 18:00:00+00:00,0.0,9.375,0.0,8.0,0.0,6.458333333333333,0.0,0.0,0.0,0.0,0.0,6.0
2024-08-27 19:00:00+00:00,0.0,9.375,0.0,8.0,0.0,6.458333333333333,0.0,0.0,0.0,0.0,0.0,6.0
2024-08-27 20:00:00+00:00,0.0,9.375,0.0,8.0,0.0,6.458333333333333,0.0,0.0,0.0,0.0,0.0,6.0
2024-08-27 21:00:00+00:00,0.0,9.375,0.0,8.0,0.0,6.458333333333333,0.0,0.0,0.0,0.0,0.0,6.0
2024-08-27 22:00:00+00:00,29.0,6.125,29.0,4.75,0.0,2.0,0.0,0.0,0.0,0.0,0.0,3.9166666666666665
2024-08-27 23:00:00+00:00,68.0,6.958333333333333,68.0,5.583333333333333,0.0,0.0,0.0,0.0,0.0,0.0,11.0,2.375
2024-08-28 00:00:00+00:00,0.0,6.791666666666667,0.0,5.583333333333333,0.0,0.0,0.0,0.0,0.0,0.0,0.0,2.375
2024-08-28 01:00:00+00:00,0.0,6.791666666666667,0.0,5.583333333333333,0.0,0.0,0.0,0.0,0.0,0.0,0.0,2.375
2024-08-28 02:00:00+00:00,21.0,7.666666666666667,21.0,6.458333333333333,21.0,0.875,0.0,0.0,0.0,0.0,15.0,3.0
2024-08-28 03:00:00+00:00,22.0,8.583333333333334,22.0,7.375,22.0,1.7916666666666667,0.0,0.0,0.0,0.0,0.0,3.0
2024-08-28 04:00:00+00:00,0.0,8.583333333333334,0.0,7.375,0.0,1.7916666666666667,0.0,0.0,0.0,0.0,0.0,3.0
2024-08-28 05:00:00+00:00,0.0,8.583333333333334,0.0,7.375,0.0,1.7916666666666667,0.0,0.0,0.0,0.0,0.0,3.0
2024-08-28 06:00:00+00:00,0.0,7.041666666666667,0.0,5.833333333333333,0.0,1.7916666666666667,0.0,0.0,0.0,0.0,0.0,2.0833333333333335
2024-08-28 07:00:00+00:00,0.0,7.041666666666667,0.0,5.833333333333333,0.0,1.7916666666666667,0.0,0.0,0.0,0.0,0.0,2.0833333333333335
2024-08-28 08:00:00+00:00,0.0,7.041666666666667,0.0,5.833333333333333,0.0,1.7916666666666667,0.0,0.0,0.0,0.0,0.0,2.0833333333333335
2024-08-28 09:00:00+00:00,0.0,7.041666666666667,0.0,5.833333333333333,0.0,1.7916666666666667,0.0,0.0,0.0,0.0,0.0,2.0833333333333335
2024-08-28 10:00:00+00:00,0.0,7.041666666666667,0.0,5.833333333333333,0.0,1.7916666666666667,0.0,0.0,0.0,0.0,0.0,2.0833333333333335
2024-08-28 11:00:00+00:00,104.0,11.375,104.0,10.166666666666666,104.0,6.125,0.0,0.0,0.0,0.0,60.0,4.583333333333333
2024-08-28 12:00:00+00:00,0.0,11.166666666666666,0.0,10.166666666666666,0.0,6.125,0.0,0.0,0.0,0.0,0.0,4.583333333333333
2024-08-28 13:00:00+00:00,0.0,11.166666666666666,0.0,10.166666666666666,0.0,6.125,0.0,0.0,0.0,0.0,0.0,4.583333333333333
2024-08-28 14:00:00+00:00,80.0,14.5,80.0,13.5,80.0,9.458333333333334,0.0,0.0,0.0,0.0,51.0,6.708333333333333
2024-08-28 15:00:00+00:00,30.0,15.125,30.0,14.75,30.0,10.708333333333334,0.0,0.0,0.0,0.0,15.0,6.708333333333333
2024-08-28 16:00:00+00:00,0.0,14.75,0.0,14.75,0.0,10.708333333333334,0.0,0.0,0.0,0.0,0.0,6.333333333333333
2024-08-28 17:00:00+00:00,99.0,18.875,99.0,18.875,99.0,14.833333333333334,0.0,0.0,0.0,0.0,77.0,9.541666666666666
2024-08-28 18:00:00+00:00,24.0,19.875,24.0,19.875,24.0,15.833333333333334,0.0,0.0,0.0,0.0,21.0,10.416666666666666
2024-08-28 19:00:00+00:00,57.0,22.25,57.0,22.25,57.0,18.208333333333332,0.0,0.0,0.0,0.0,53.0,12.625
2024-08-28 20:00:00+00:00,24.0,23.25,24.0,23.25,24.0,19.208333333333332,0.0,0.0,0.0,0.0,23.0,13.583333333333334
2024-08-28 21:00:00+00:00,0.0,23.25,0.0,23.25,0.0,19.208333333333332,0.0,0.0,0.0,0.0,0.0,13.583333333333334
2024-08-28 22:00:00+00:00,0.0,22.041666666666668,0.0,22.041666666666668,0.0,19.208333333333332,0.0,0.0,0.0,0.0,0.0,13.583333333333334
2024-08-28 23:00:00+00:00,45.0,21.083333333333332,45.0,21.083333333333332,45.0,21.083333333333332,0.0,0.0,0.0,0.0,40.0,14.791666666666666
2024-08-29 00:00:00+00:00,138.0,26.833333333333332,138.0,26.833333333333332,0.0,21.083333333333332,0.0,0.0,0.0,0.0,132.0,20.291666666666668
2024-08-29 01:00:00+00:00,14.0,27.416666666666668,14.0,27.416666666666668,0.0,21.083333333333332,0.0,0.0,0.0,0.0,14.0,20.875
2024-08-29 02:00:00+00:00,0.0,26.541666666666668,0.0,26.541666666666668,0.0,20.208333333333332,0.0,0.0,0.0,0.0,0.0,20.25
2024-08-29 03:00:00+00:00,0.0,25.625,0.0,25.625,0.0,19.291666666666668,0.0,0.0,0.0,0.0,0.0,20.25
2024-08-29 04:00:00+00:00,0.0,25.625,0.0,25.625,0.0,19.291666666666668,0.0,0.0,0.0,0.0,0.0,20.25
2024-08-29 05:00:00+00:00,1.0,25.666666666666668,0.0,25.625,0.0,19.291666666666668,0.0,0.0,0.0,0.0,0.0,20.25
2024-08-29 06:00:00+00:00,1.0,25.708333333333332,0.0,25.625,0.0,19.291666666666668,0.0,0.0,0.0,0.0,0.0,20.25
2024-08-29 07:00:00+00:00,0.0,25.708333333333332,0.0,25.625,0.0,19.291666666666668,0.0,0.0,0.0,0.0,0.0,20.25
2024-08-29 08:00:00+00:00,0.0,25.708333333333332,0.0,25.625,0.0,19.291666666666668,0.0,0.0,0.0,0.0,0.0,20.25
2024-08-29 09:00:00+00:00,0.0,25.708333333333332,0.0,25.625,0.0,19.291666666666668,0.0,0.0,0.0,0.0,0.0,20.25
2024-08-29 10:00:00+00:00,0.0,25.708333333333332,0.0,25.625,0.0,19.291666666666668,0.0,0.0,0.0,0.0,0.0,20.25
2024-08-29 11:00:00+00:00,78.0,24.625,78.0,24.541666666666668,0.0,14.958333333333334,0.0,0.0,0.0,0.0,51.0,19.875
2024-08-29 12:00:00+00:00,406.0,41.541666666666664,406.0,41.458333333333336,0.0,14.958333333333334,0.0,0.0,0.0,0.0,314.0,32.958333333333336
2024-08-29 13:00:00+00:00,213.0,50.416666666666664,213.0,50.333333333333336,0.0,14.958333333333334,0.0,0.0,0.0,0.0,132.0,38.458333333333336
2024-08-29 14:00:00+00:00,22.0,48.0,22.0,47.916666666666664,0.0,11.625,0.0,0.0,0.0,0.0,22.0,37.25
2024-08-29 15:00:00+00:00,230.0,56.333333333333336,230.0,56.25,0.0,10.375,0.0,0.0,0.0,0.0,139.0,42.416666666666664
2024-08-29 16:00:00+00:00,29.0,57.541666666666664,29.0,57.458333333333336,0.0,10.375,0.0,0.0,0.0,0.0,0.0,42.416666666666664
2024-08-29 17:00:00+00:00,0.0,53.416666666666664,0.0,53.333333333333336,0.0,6.25,0.0,0.0,0.0,0.0,0.0,39.208333333333336
2024-08-29 18:00:00+00:00,0.0,52.416666666666664,0.0,52.333333333333336,0.0,5.25,0.0,0.0,0.0,0.0,0.0,38.333333333333336
2024-08-29 19:00:00+00:00,9.0,50.416666666666664,9.0,50.333333333333336,0.0,2.875,0.0,0.0,0.0,0.0,9.0,36.5
2024-08-29 20:00:00+00:00,126.0,54.666666666666664,126.0,54.583333333333336,0.0,1.875,0.0,0.0,0.0,0.0,95.0,39.5
2024-08-29 21:00:00+00:00,0.0,54.666666666666664,0.0,54.583333333333336,0.0,1.875,0.0,0.0,0.0,0.0,0.0,39.5
2024-08-29 22:00:00+00:00,0.0,54.666666666666664,0.0,54.583333333333336,0.0,1.875,0.0,0.0,0.0,0.0,0.0,39.5
2024-08-29 23:00:00+00:00,0.0,52.791666666666664,0.0,52.708333333333336,0.0,0.0,0.0,0.0,0.0,0.0,0.0,37.833333333333336
2024-08-30 00:00:00+00:00,12.0,47.541666666666664,12.0,47.458333333333336,0.0,0.0,0.0,0.0,0.0,0.0,12.0,32.833333333333336
2024-08-30 01:00:00+00:00,41.0,48.666666666666664,41.0,48.583333333333336,0.0,0.0,0.0,0.0,0.0,0.0,9.0,32.625
2024-08-30 02:00:00+00:00,113.0,53.375,113.0,53.291666666666664,0.0,0.0,0.0,0.0,0.0,0.0,84.0,36.125
2024-08-30 03:00:00+00:00,0.0,53.375,0.0,53.291666666666664,0.0,0.0,0.0,0.0,0.0,0.0,0.0,36.125
2024-08-30 04:00:00+00:00,0.0,53.375,0.0,53.291666666666664,0.0,0.0,0.0,0.0,0.0,0.0,0.0,36.125
2024-08-30 05:00:00+00:00,0.0,53.333333333333336,0.0,53.291666666666664,0.0,0.0,0.0,0.0,0.0,0.0,0.0,36.125
2024-08-30 06:00:00+00:00,0.0,53.291666666666664,0.0,53.291666666666664,0.0,0.0,0.0,0.0,0.0,0.0,0.0,36.125
2024-08-30 07:00:00+00:00,0.0,53.291666666666664,0.0,53.291666666666664,0.0,0.0,0.0,0.0,0.0,0.0,0.0,36.125
2024-08-30 08:00:00+00:00,0.0,53.291666666666664,0.0,53.291666666666664,0.0,0.0,0.0,0.0,0.0,0.0,0.0,36.125
2024-08-30 09:00:00+00:00,0.0,53.291666666666664,0.0,53.291666666666664,0.0,0.0,0.0,0.0,0.0,0.0,0.0,36.125
2024-08-30 10:00:00+00:00,0.0,53.291666666666664,0.0,53.291666666666664,0.0,0.0,0.0,0.0,0.0,0.0,0.0,36.125
2024-08-30 11:00:00+00:00,24.0,51.041666666666664,24.0,51.041666666666664,0.0,0.0,0.0,0.0,0.0,0.0,24.0,35.0
2024-08-30 12:00:00+00:00,62.0,36.708333333333336,62.0,36.708333333333336,0.0,0.0,0.0,0.0,0.0,0.0,47.0,23.875
2024-08-30 13:00:00+00:00,85.0,31.375,85.0,31.375,0.0,0.0,0.0,0.0,0.0,0.0,57.0,20.75
2024-08-30 14:00:00+00:00,0.0,30.458333333333332,0.0,30.458333333333332,0.0,0.0,0.0,0.0,0.0,0.0,0.0,19.833333333333332
2024-08-30 15:00:00+00:00,55.0,23.166666666666668,55.0,23.166666666666668,0.0,0.0,0.0,0.0,0.0,0.0,42.0,15.791666666666666
2024-08-30 16:00:00+00:00,0.0,21.958333333333332,0.0,21.958333333333332,0.0,0.0,0.0,0.0,0.0,0.0,0.0,15.791666666666666
2024-08-30 17:00:00+00:00,0.0,21.958333333333332,0.0,21.958333333333332,0.0,0.0,0.0,0.0,0.0,0.0,0.0,15.791666666666666
2024-08-30 18:00:00+00:00,0.0,21.958333333333332,0.0,21.958333333333332,0.0,0.0,0.0,0.0,0.0,0.0,0.0,15.791666666666666
2024-08-30 19:00:00+00:00,0.0,21.583333333333332,0.0,21.583333333333332,0.0,0.0,0.0,0.0,0.0,0.0,0.0,15.416666666666666
2024-08-30 20:00:00+00:00,12.0,16.833333333333332,0.0,16.333333333333332,0.0,0.0,0.0,0.0,0.0,0.0,12.0,11.958333333333334
2024-08-30 21:00:00+00:00,0.0,16.833333333333332,0.0,16.333333333333332,0.0,0.0,0.0,0.0,0.0,0.0,0.0,11.958333333333334
2024-08-30 22:00:00+00:00,0.0,16.833333333333332,0.0,16.333333333333332,0.0,0.0,0.0,0.0,0.0,0.0,0.0,11.958333333333334
2024-08-30 23:00:00+00:00,24.0,17.833333333333332,0.0,16.333333333333332,0.0,0.0,0.0,0.0,0.0,0.0,18.0,12.708333333333334
2024-08-31 00:00:00+00:00,15.0,17.958333333333332,15.0,16.458333333333332,0.0,0.0,0.0,0.0,0.0,0.0,15.0,12.833333333333334
2024-08-31 01:00:00+00:00,41.0,17.958333333333332,41.0,16.458333333333332,0.0,0.0,0.0,0.0,0.0,0.0,41.0,14.166666666666666
2024-08-31 02:00:00+00:00,0.0,13.25,0.0,11.75,0.0,0.0,0.0,0.0,0.0,0.0,0.0,10.666666666666666
2024-08-31 03:00:00+00:00,0.0,13.25,0.0,11.75,0.0,0.0,0.0,0.0,0.0,0.0,0.0,10.666666666666666
2024-08-31 04:00:00+00:00,42.0,15.0,42.0,13.5,0.0,0.0,0.0,0.0,0.0,0.0,27.0,11.791666666666666
2024-08-31 05:00:00+00:00,0.0,15.0,0.0,13.5,0.0,0.0,0.0,0.0,0.0,0.0,0.0,11.791666666666666
2024-08-31 06:00:00+00:00,0.0,15.0,0.0,13.5,0.0,0.0,0.0,0.0,0.0,0.0,0.0,11.791666666666666
2024-08-31 07:00:00+00:00,0.0,15.0,0.0,13.5,0.0,0.0,0.0,0.0,0.0,0.0,0.0,11.791666666666666
2024-08-31 08:00:00+00:00,0.0,15.0,0.0,13.5,0.0,0.0,0.0,0.0,0.0,0.0,0.0,11.791666666666666
2024-08-31 09:00:00+00:00,0.0,15.0,0.0,13.5,0.0,0.0,0.0,0.0,0.0,0.0,0.0,11.791666666666666
2024-08-31 10:00:00+00:00,0.0,15.0,0.0,13.5,0.0,0.0,0.0,0.0,0.0,0.0,0.0,11.791666666666666
2024-08-31 11:00:00+00:00,2.0,14.083333333333334,0.0,12.5,0.0,0.0,0.0,0.0,0.0,0.0,0.0,10.791666666666666
2024-08-31 12:00:00+00:00,0.0,11.5,0.0,9.916666666666666,0.0,0.0,0.0,0.0,0.0,0.0,0.0,8.833333333333334
2024-08-31 13:00:00+00:00,0.0,7.958333333333333,0.0,6.375,0.0,0.0,0.0,0.0,0.0,0.0,0.0,6.458333333333333
2024-08-31 14:00:00+00:00,14.0,8.541666666666666,14.0,6.958333333333333,0.0,0.0,0.0,0.0,0.0,0.0,12.0,6.958333333333333
2024-08-31 15:00:00+00:00,38.0,7.833333333333333,38.0,6.25,0.0,0.0,0.0,0.0,0.0,0.0,6.0,5.458333333333333
2024-08-31 16:00:00+00:00,0.0,7.833333333333333,0.0,6.25,0.0,0.0,0.0,0.0,0.0,0.0,0.0,5.458333333333333
2024-08-31 17:00:00+00:00,49.0,9.875,49.0,8.291666666666666,0.0,0.0,0.0,0.0,0.0,0.0,17.0,6.166666666666667
2024-08-31 18:00:00+00:00,0.0,9.875,0.0,8.291666666666666,0.0,0.0,0.0,0.0,0.0,0.0,0.0,6.166666666666667
2024-08-31 19:00:00+00:00,45.0,11.75,45.0,10.166666666666666,0.0,0.0,0.0,0.0,0.0,0.0,32.0,7.5
2024-08-31 20:00:00+00:00,0.0,11.25,0.0,10.166666666666666,0.0,0.0,0.0,0.0,0.0,0.0,0.0,7.0
2024-08-31 21:00:00+00:00,41.0,12.958333333333334,41.0,11.875,0.0,0.0,0.0,0.0,0.0,0.0,12.0,7.5
2024-08-31 22:00:00+00:00,321.0,26.333333333333332,321.0,25.25,0.0,0.0,0.0,0.0,0.0,0.0,220.0,16.666666666666668
2024-08-31 23:00:00+00:00,2.0,25.416666666666668,2.0,25.333333333333332,0.0,0.0,0.0,0.0,0.0,0.0,0.0,15.916666666666666
2024-09-01 00:00:00+00:00,0.0,24.791666666666668,0.0,24.708333333333332,0.0,0.0,0.0,0.0,0.0,0.0,0.0,15.291666666666666
2024-09-01 01:00:00+00:00,0.0,23.083333333333332,0.0,23.0,0.0,0.0,0.0,0.0,0.0,0.0,0.0,13.583333333333334
2024-09-01 02:00:00+00:00,0.0,23.083333333333332,0.0,23.0,0.0,0.0,0.0,0.0,0.0,0.0,0.0,13.583333333333334
2024-09-01 03:00:00+00:00,0.0,23.083333333333332,0.0,23.0,0.0,0.0,0.0,0.0,0.0,0.0,0.0,13.583333333333334
2024-09-01 04:00:00+00:00,0.0,21.333333333333332,0.0,21.25,0.0,0.0,0.0,0.0,0.0,0.0,0.0,12.458333333333334
2024-09-01 05:00:00+00:00,0.0,21.333333333333332,0.0,21.25,0.0,0.0,0.0,0.0,0.0,0.0,0.0,12.458333333333334
2024-09-01 06:00:00+00:00,0.0,21.333333333333332,0.0,21.25,0.0,0.0,0.0,0.0,0.0,0.0,0.0,12.458333333333334
2024-09-01 07:00:00+00:00,11.0,21.791666666666668,11.0,21.708333333333332,0.0,0.0,0.0,0.0,0.0,0.0,0.0,12.458333333333334
2024-09-01 08:00:00+00:00,21.0,22.666666666666668,21.0,22.583333333333332,0.0,0.0,0.0,0.0,0.0,0.0,18.0,13.208333333333334
2024-09-01 09:00:00+00:00,13.0,23.208333333333332,0.0,22.583333333333332,0.0,0.0,0.0,0.0,0.0,0.0,8.0,13.541666666666666
2024-09-01 10:00:00+00:00,0.0,23.208333333333332,0.0,22.583333333333332,0.0,0.0,0.0,0.0,0.0,0.0,0.0,13.541666666666666
2024-09-01 11:00:00+00:00,0.0,23.125,0.0,22.583333333333332,0.0,0.0,0.0,0.0,0.0,0.0,0.0,13.541666666666666
2024-09-01 12:00:00+00:00,0.0,23.125,0.0,22.583333333333332,0.0,0.0,0.0,0.0,0.0,0.0,0.0,13.541666666666666
2024-09-01 13:00:00+00:00,0.0,23.125,0.0,22.583333333333332,0.0,0.0,0.0,0.0,0.0,0.0,0.0,13.541666666666666
2024-09-01 14:00:00+00:00,0.0,22.541666666666668,0.0,22.0,0.0,0.0,0.0,0.0,0.0,0.0,0.0,13.041666666666666
2024-09-01 15:00:00+00:00,115.0,25.75,115.0,25.208333333333332,0.0,0.0,0.0,0.0,0.0,0.0,57.0,15.166666666666666
2024-09-01 16:00:00+00:00,31.0,27.041666666666668,31.0,26.5,0.0,0.0,0.0,0.0,0.0,0.0,12.0,15.666666666666666
2024-09-01 17:00:00+00:00,0.0,25.0,0.0,24.458333333333332,0.0,0.0,0.0,0.0,0.0,0.0,0.0,14.958333333333334
2024-09-01 18:00:00+00:00,0.0,25.0,0.0,24.458333333333332,0.0,0.0,0.0,0.0,0.0,0.0,0.0,14.958333333333334
2024-09-01 19:00:00+00:00,0.0,23.125,0.0,22.583333333333332,0.0,0.0,0.0,0.0,0.0,0.0,0.0,13.625
2024-09-01 20:00:00+00:00,4.0,23.291666666666668,0.0,22.583333333333332,0.0,0.0,0.0,0.0,0.0,0.0,0.0,13.625
2024-09-01 21:00:00+00:00,0.0,21.583333333333332,0.0,20.875,0.0,0.0,0.0,0.0,0.0,0.0,0.0,13.125
2024-09-01 22:00:00+00:00,0.0,8.208333333333334,0.0,7.5,0.0,0.0,0.0,0.0,0.0,0.0,0.0,3.9583333333333335
2024-09-01 23:00:00+00:00,0.0,8.125,0.0,7.416666666666667,0.0,0.0,0.0,0.0,0.0,0.0,0.0,3.9583333333333335
2024-09-02 00:00:00+00:00,0.0,8.125,0.0,7.416666666666667,0.0,0.0,0.0,0.0,0.0,0.0,0.0,3.9583333333333335
2024-09-02 01:00:00+00:00,41.0,9.833333333333334,41.0,9.125,0.0,0.0,0.0,0.0,0.0,0.0,22.0,4.875
2024-09-02 02:00:00+00:00,0.0,9.833333333333334,0.0,9.125,0.0,0.0,0.0,0.0,0.0,0.0,0.0,4.875
2024-09-02 03:00:00+00:00,41.0,11.541666666666666,41.0,10.833333333333334,0.0,0.0,0.0,0.0,0.0,0.0,37.0,6.416666666666667
2024-09-02 04:00:00+00:00,2.0,11.625,0.0,10.833333333333334,0.0,0.0,0.0,0.0,0.0,0.0,0.0,6.416666666666667
2024-09-02 05:00:00+00:00,0.0,11.625,0.0,10.833333333333334,0.0,0.0,0.0,0.0,0.0,0.0,0.0,6.416666666666667
2024-09-02 06:00:00+00:00,57.0,14.0,57.0,13.208333333333334,0.0,0.0,0.0,0.0,0.0,0.0,55.0,8.708333333333334
2024-09-02 07:00:00+00:00,9.0,13.916666666666666,9.0,13.125,0.0,0.0,0.0,0.0,0.0,0.0,7.0,9.0
2024-09-02 08:00:00+00:00,0.0,13.041666666666666,0.0,12.25,0.0,0.0,0.0,0.0,0.0,0.0,0.0,8.25
2024-09-02 09:00:00+00:00,0.0,12.5,0.0,12.25,0.0,0.0,0.0,0.0,0.0,0.0,0.0,7.916666666666667
2024-09-02 10:00:00+00:00,0.0,12.5,0.0,12.25,0.0,0.0,0.0,0.0,0.0,0.0,0.0,7.916666666666667
2024-09-02 11:00:00+00:00,0.0,12.5,0.0,12.25,0.0,0.0,0.0,0.0,0.0,0.0,0.0,7.916666666666667
2024-09-02 12:00:00+00:00,0.0,12.5,0.0,12.25,0.0,0.0,0.0,0.0,0.0,0.0,0.0,7.916666666666667
2024-09-02 13:00:00+00:00,0.0,12.5,0.0,12.25,0.0,0.0,0.0,0.0,0.0,0.0,0.0,7.916666666666667
2024-09-02 14:00:00+00:00,0.0,12.5,0.0,12.25,0.0,0.0,0.0,0.0,0.0,0.0,0.0,7.916666666666667
2024-09-02 15:00:00+00:00,54.0,9.958333333333334,54.0,9.708333333333334,0.0,0.0,0.0,0.0,0.0,0.0,47.0,7.5
2024-09-02 16:00:00+00:00,18.0,9.416666666666666,18.0,9.166666666666666,0.0,0.0,0.0,0.0,0.0,0.0,11.0,7.458333333333333
2024-09-02 17:00:00+00:00,0.0,9.416666666666666,0.0,9.166666666666666,0.0,0.0,0.0,0.0,0.0,0.0,0.0,7.458333333333333
2024-09-02 18:00:00+00:00,7.0,9.708333333333334,0.0,9.166666666666666,0.0,0.0,0.0,0.0,0.0,0.0,7.0,7.75
2024-09-02 19:00:00+00:00,0.0,9.708333333333334,0.0,9.166666666666666,0.0,0.0,0.0,0.0,0.0,0.0,0.0,7.75
2024-09-02 20:00:00+00:00,0.0,9.541666666666666,0.0,9.166666666666666,0.0,0.0,0.0,0.0,0.0,0.0,0.0,7.75
2024-09-02 21:00:00+00:00,15.0,10.166666666666666,15.0,9.791666666666666,0.0,0.0,0.0,0.0,0.0,0.0,10.0,8.166666666666666
2024-09-02 22:00:00+00:00,151.0,16.458333333333332,151.0,16.083333333333332,0.0,0.0,0.0,0.0,0.0,0.0,101.0,12.375
2024-09-02 23:00:00+00:00,0.0,16.458333333333332,0.0,16.083333333333332,0.0,0.0,0.0,0.0,0.0,0.0,0.0,12.375
2024-09-03 00:00:00+00:00,45.0,18.333333333333332,45.0,17.958333333333332,45.0,1.875,0.0,0.0,0.0,0.0,0.0,12.375
2024-09-03 01:00:00+00:00,5.0,16.833333333333332,0.0,16.25,5.0,2.0833333333333335,0.0,0.0,0.0,0.0,0.0,11.458333333333334
2024-09-03 02:00:00+00:00,0.0,16.833333333333332,0.0,16.25,0.0,2.0833333333333335,0.0,0.0,0.0,0.0,0.0,11.458333333333334
2024-09-03 03:00:00+00:00,0.0,15.125,0.0,14.541666666666666,0.0,2.0833333333333335,0.0,0.0,0.0,0.0,0.0,9.916666666666666
2024-09-03 04:00:00+00:00,28.0,16.208333333333332,28.0,15.708333333333334,28.0,3.25,0.0,0.0,0.0,0.0,27.0,11.041666666666666
2024-09-03 05:00:00+00:00,0.0,16.208333333333332,0.0,15.708333333333334,0.0,3.25,0.0,0.0,0.0,0.0,0.0,11.041666666666666
2024-09-03 06:00:00+00:00,0.0,13.833333333333334,0.0,13.333333333333334,0.0,3.25,0.0,0.0,0.0,0.0,0.0,8.75
2024-09-03 07:00:00+00:00,12.0,13.958333333333334,0.0,12.958333333333334,12.0,3.75,0.0,0.0,0.0,0.0,12.0,8.958333333333334
2024-09-03 08:00:00+00:00,0.0,13.958333333333334,0.0,12.958333333333334,0.0,3.75,0.0,0.0,0.0,0.0,0.0,8.958333333333334
2024-09-03 09:00:00+00:00,0.0,13.958333333333334,0.0,12.958333333333334,0.0,3.75,0.0,0.0,0.0,0.0,0.0,8.958333333333334
2024-09-03 10:00:00+00:00,0.0,13.958333333333334,0.0,12.958333333333334,0.0,3.75,0.0,0.0,0.0,0.0,0.0,8.958333333333334
2024-09-03 11:00:00+00:00,0.0,13.958333333333334,0.0,12.958333333333334,0.0,3.75,0.0,0.0,0.0,0.0,0.0,8.958333333333334
2024-09-03 12:00:00+00:00,38.0,15.541666666666666,38.0,14.541666666666666,38.0,5.333333333333333,0.0,0.0,0.0,0.0,23.0,9.916666666666666
2024-09-03 13:00:00+00:00,122.0,20.625,122.0,19.625,122.0,10.416666666666666,0.0,0.0,0.0,0.0,60.0,12.416666666666666
2024-09-03 14:00:00+00:00,0.0,20.625,0.0,19.625,0.0,10.416666666666666,0.0,0.0,0.0,0.0,0.0,12.416666666666666
2024-09-03 15:00:00+00:00,12.0,18.875,0.0,17.375,12.0,10.916666666666666,0.0,0.0,0.0,0.0,6.0,10.708333333333334
2024-09-03 16:00:00+00:00,18.0,18.875,18.0,17.375,18.0,11.666666666666666,0.0,0.0,0.0,0.0,14.0,10.833333333333334
2024-09-03 17:00:00+00:00,70.0,21.791666666666668,70.0,20.291666666666668,70.0,14.583333333333334,0.0,0.0,0.0,0.0,61.0,13.375
2024-09-03 18:00:00+00:00,0.0,21.5,0.0,20.291666666666668,0.0,14.583333333333334,0.0,0.0,0.0,0.0,0.0,13.083333333333334
2024-09-03 19:00:00+00:00,0.0,21.5,0.0,20.291666666666668,0.0,14.583333333333334,0.0,0.0,0.0,0.0,0.0,13.083333333333334
2024-09-03 20:00:00+00:00,37.0,23.041666666666668,37.0,21.833333333333332,37.0,16.125,0.0,0.0,0.0,0.0,35.0,14.541666666666666
2024-09-03 21:00:00+00:00,0.0,22.416666666666668,0.0,21.208333333333332,0.0,16.125,0.0,0.0,0.0,0.0,0.0,14.125
2024-09-03 22:00:00+00:00,183.0,23.75,183.0,22.541666666666668,183.0,23.75,0.0,0.0,0.0,0.0,169.0,16.958333333333332
2024-09-03 23:00:00+00:00,0.0,23.75,0.0,22.541666666666668,0.0,23.75,0.0,0.0,0.0,0.0,0.0,16.958333333333332
2024-09-04 00:00:00+00:00,108.0,26.375,108.0,25.166666666666668,0.0,21.875,0.0,0.0,0.0,0.0,44.0,18.791666666666668
2024-09-04 01:00:00+00:00,148.0,32.333333333333336,148.0,31.333333333333332,0.0,21.666666666666668,0.0,0.0,0.0,0.0,104.0,23.125
2024-09-04 02:00:00+00:00,30.0,33.583333333333336,30.0,32.583333333333336,0.0,21.666666666666668,0.0,0.0,0.0,0.0,30.0,24.375
2024-09-04 03:00:00+00:00,0.0,33.583333333333336,0.0,32.583333333333336,0.0,21.666666666666668,0.0,0.0,0.0,0.0,0.0,24.375
2024-09-04 04:00:00+00:00,0.0,32.416666666666664,0.0,31.416666666666668,0.0,20.5,0.0,0.0,0.0,0.0,0.0,23.25
2024-09-04 05:00:00+00:00,106.0,36.833333333333336,106.0,35.833333333333336,0.0,20.5,0.0,0.0,0.0,0.0,80.0,26.583333333333332
2024-09-04 06:00:00+00:00,15.0,37.458333333333336,15.0,36.458333333333336,0.0,20.5,0.0,0.0,0.0,0.0,10.0,27.0
2024-09-04 07:00:00+00:00,1.0,37.0,0.0,36.458333333333336,0.0,20.0,0.0,0.0,0.0,0.0,0.0,26.5
2024-09-04 08:00:00+00:00,0.0,37.0,0.0,36.458333333333336,0.0,20.0,0.0,0.0,0.0,0.0,0.0,26.5
2024-09-04 09:00:00+00:00,0.0,37.0,0.0,36.458333333333336,0.0,20.0,0.0,0.0,0.0,0.0,0.0,26.5
2024-09-04 10:00:00+00:00,0.0,37.0,0.0,36.458333333333336,0.0,20.0,0.0,0.0,0.0,0.0,0.0,26.5
2024-09-04 11:00:00+00:00,0.0,37.0,0.0,36.458333333333336,0.0,20.0,0.0,0.0,0.0,0.0,0.0,26.5
2024-09-04 12:00:00+00:00,0.0,35.416666666666664,0.0,34.875,0.0,18.416666666666668,0.0,0.0,0.0,0.0,0.0,25.541666666666668
2024-09-04 13:00:00+00:00,0.0,30.333333333333332,0.0,29.791666666666668,0.0,13.333333333333334,0.0,0.0,0.0,0.0,0.0,23.041666666666668
2024-09-04 14:00:00+00:00,0.0,30.333333333333332,0.0,29.791666666666668,0.0,13.333333333333334,0.0,0.0,0.0,0.0,0.0,23.041666666666668
2024-09-04 15:00:00+00:00,0.0,29.833333333333332,0.0,29.791666666666668,0.0,12.833333333333334,0.0,0.0,0.0,0.0,0.0,22.791666666666668
2024-09-04 16:00:00+00:00,0.0,29.083333333333332,0.0,29.041666666666668,0.0,12.083333333333334,0.0,0.0,0.0,0.0,0.0,22.208333333333332
2024-09-04 17:00:00+00:00,0.0,26.166666666666668,0.0,26.125,0.0,9.166666666666666,0.0,0.0,0.0,0.0,0.0,19.666666666666668
2024-09-04 18:00:00+00:00,76.0,29.333333333333332,76.0,29.291666666666668,0.0,9.166666666666666,0.0,0.0,0.0,0.0,58.0,22.083333333333332
2024-09-04 19:00:00+00:00,38.0,30.916666666666668,38.0,30.875,0.0,9.166666666666666,0.0,0.0,0.0,0.0,23.0,23.041666666666668
2024-09-04 20:00:00+00:00,0.0,29.375,0.0,29.333333333333332,0.0,7.625,0.0,0.0,0.0,0.0,0.0,21.583333333333332
2024-09-04 21:00:00+00:00,0.0,29.375,0.0,29.333333333333332,0.0,7.625,0.0,0.0,0.0,0.0,0.0,21.583333333333332
2024-09-04 22:00:00+00:00,0.0,21.75,0.0,21.708333333333332,0.0,0.0,0.0,0.0,0.0,0.0,0.0,14.541666666666666
2024-09-04 23:00:00+00:00,0.0,21.75,0.0,21.708333333333332,0.0,0.0,0.0,0.0,0.0,0.0,0.0,14.541666666666666
2024-09-05 00:00:00+00:00,52.0,19.416666666666668,52.0,19.375,0.0,0.0,0.0,0.0,0.0,0.0,52.0,14.875
2024-09-05 01:00:00+00:00,101.0,17.458333333333332,101.0,17.416666666666668,0.0,0.0,0.0,0.0,0.0,0.0,42.0,12.291666666666666
2024-09-05 02:00:00+00:00,0.0,16.208333333333332,0.0,16.166666666666668,0.0,0.0,0.0,0.0,0.0,0.0,0.0,11.041666666666666
2024-09-05 03:00:00+00:00,0.0,16.208333333333332,0.0,16.166666666666668,0.0,0.0,0.0,0.0,0.0,0.0,0.0,11.041666666666666
2024-09-05 04:00:00+00:00,0.0,16.208333333333332,0.0,16.166666666666668,0.0,0.0,0.0,0.0,0.0,0.0,0.0,11.041666666666666
2024-09-05 05:00:00+00:00,0.0,11.791666666666666,0.0,11.75,0.0,0.0,0.0,0.0,0.0,0.0,0.0,7.708333333333333
2024-09-05 06:00:00+00:00,0.0,11.166666666666666,0.0,11.125,0.0,0.0,0.0,0.0,0.0,0.0,0.0,7.291666666666667
2024-09-05 07:00:00+00:00,2.0,11.208333333333334,0.0,11.125,0.0,0.0,0.0,0.0,0.0,0.0,0.0,7.291666666666667
2024-09-05 08:00:00+00:00,0.0,11.208333333333334,0.0,11.125,0.0,0.0,0.0,0.0,0.0,0.0,0.0,7.291666666666667
2024-09-05 09:00:00+00:00,0.0,11.208333333333334,0.0,11.125,0.0,0.0,0.0,0.0,0.0,0.0,0.0,7.291666666666667
2024-09-05 10:00:00+00:00,0.0,11.208333333333334,0.0,11.125,0.0,0.0,0.0,0.0,0.0,0.0,0.0,7.291666666666667
2024-09-05 11:00:00+00:00,0.0,11.208333333333334,0.0,11.125,0.0,0.0,0.0,0.0,0.0,0.0,0.0,7.291666666666667
2024-09-05 12:00:00+00:00,0.0,11.208333333333334,0.0,11.125,0.0,0.0,0.0,0.0,0.0,0.0,0.0,7.291666666666667
2024-09-05 13:00:00+00:00,0.0,11.208333333333334,0.0,11.125,0.0,0.0,0.0,0.0,0.0,0.0,0.0,7.291666666666667
2024-09-05 14:00:00+00:00,5.0,11.416666666666666,0.0,11.125,0.0,0.0,0.0,0.0,0.0,0.0,0.0,7.291666666666667
2024-09-05 15:00:00+00:00,3.0,11.541666666666666,0.0,11.125,0.0,0.0,0.0,0.0,0.0,0.0,0.0,7.291666666666667
2024-09-05 16:00:00+00:00,0.0,11.541666666666666,0.0,11.125,0.0,0.0,0.0,0.0,0.0,0.0,0.0,7.291666666666667
2024-09-05 17:00:00+00:00,0.0,11.541666666666666,0.0,11.125,0.0,0.0,0.0,0.0,0.0,0.0,0.0,7.291666666666667
2024-09-05 18:00:00+00:00,0.0,8.375,0.0,7.958333333333333,0.0,0.0,0.0,0.0,0.0,0.0,0.0,4.875
2024-09-05 19:00:00+00:00,0.0,6.791666666666667,0.0,6.375,0.0,0.0,0.0,0.0,0.0,0.0,0.0,3.9166666666666665
2024-09-05 20:00:00+00:00,0.0,6.791666666666667,0.0,6.375,0.0,0.0,0.0,0.0,0.0,0.0,0.0,3.9166666666666665
2024-09-05 21:00:00+00:00,0.0,6.791666666666667,0.0,6.375,0.0,0.0,0.0,0.0,0.0,0.0,0.0,3.9166666666666665
2024-09-05 22:00:00+00:00,0.0,6.791666666666667,0.0,6.375,0.0,0.0,0.0,0.0,0.0,0.0,0.0,3.9166666666666665
2024-09-05 23:00:00+00:00,75.0,9.916666666666666,75.0,9.5,0.0,0.0,0.0,0.0,0.0,0.0,45.0,5.791666666666667
2024-09-06 00:00:00+00:00,50.0,9.833333333333334,50.0,9.416666666666666,0.0,0.0,0.0,0.0,0.0,0.0,35.0,5.083333333333333
2024-09-06 01:00:00+00:00,0.0,5.625,0.0,5.208333333333333,0.0,0.0,0.0,0.0,0.0,0.0,0.0,3.3333333333333335
2024-09-06 02:00:00+00:00,11.0,6.083333333333333,11.0,5.666666666666667,0.0,0.0,0.0,0.0,0.0,0.0,11.0,3.7916666666666665
2024-09-06 03:00:00+00:00,61.0,8.625,61.0,8.208333333333334,0.0,0.0,0.0,0.0,0.0,0.0,46.0,5.708333333333333
2024-09-06 04:00:00+00:00,0.0,8.625,0.0,8.208333333333334,0.0,0.0,0.0,0.0,0.0,0.0,0.0,5.708333333333333
2024-09-06 05:00:00+00:00,0.0,8.625,0.0,8.208333333333334,0.0,0.0,0.0,0.0,0.0,0.0,0.0,5.708333333333333
2024-09-06 06:00:00+00:00,22.0,9.541666666666666,22.0,9.125,0.0,0.0,0.0,0.0,0.0,0.0,20.0,6.541666666666667
2024-09-06 07:00:00+00:00,20.0,10.291666666666666,20.0,9.958333333333334,0.0,0.0,0.0,0.0,0.0,0.0,15.0,7.166666666666667
2024-09-06 08:00:00+00:00,93.0,14.166666666666666,93.0,13.833333333333334,0.0,0.0,0.0,0.0,0.0,0.0,61.0,9.708333333333334
2024-09-06 09:00:00+00:00,6.0,14.416666666666666,6.0,14.083333333333334,0.0,0.0,0.0,0.0,0.0,0.0,6.0,9.958333333333334
2024-09-06 10:00:00+00:00,0.0,14.416666666666666,0.0,14.083333333333334,0.0,0.0,0.0,0.0,0.0,0.0,0.0,9.958333333333334
2024-09-06 11:00:00+00:00,0.0,14.416666666666666,0.0,14.083333333333334,0.0,0.0,0.0,0.0,0.0,0.0,0.0,9.958333333333334
2024-09-06 12:00:00+00:00,0.0,14.416666666666666,0.0,14.083333333333334,0.0,0.0,0.0,0.0,0.0,0.0,0.0,9.958333333333334
2024-09-06 13:00:00+00:00,63.0,17.041666666666668,63.0,16.708333333333332,0.0,0.0,0.0,0.0,0.0,0.0,22.0,10.875
2024-09-06 14:00:00+00:00,0.0,16.833333333333332,0.0,16.708333333333332,0.0,0.0,0.0,0.0,0.0,0.0,0.0,10.875
2024-09-06 15:00:00+00:00,118.0,21.625,118.0,21.625,0.0,0.0,0.0,0.0,0.0,0.0,48.0,12.875
2024-09-06 16:00:00+00:00,87.0,25.25,87.0,25.25,0.0,0.0,0.0,0.0,0.0,0.0,28.0,14.041666666666666
2024-09-06 17:00:00+00:00,19.0,26.041666666666668,19.0,26.041666666666668,0.0,0.0,0.0,0.0,0.0,0.0,0.0,14.041666666666666
2024-09-06 18:00:00+00:00,0.0,26.041666666666668,0.0,26.041666666666668,0.0,0.0,0.0,0.0,0.0,0.0,0.0,14.041666666666666
2024-09-06 19:00:00+00:00,0.0,26.041666666666668,0.0,26.041666666666668,0.0,0.0,0.0,0.0,0.0,0.0,0.0,14.041666666666666
2024-09-06 20:00:00+00:00,0.0,26.041666666666668,0.0,26.041666666666668,0.0,0.0,0.0,0.0,0.0,0.0,0.0,14.041666666666666
2024-09-06 21:00:00+00:00,67.0,28.833333333333332,67.0,28.833333333333332,0.0,0.0,0.0,0.0,0.0,0.0,51.0,16.166666666666668
2024-09-06 22:00:00+00:00,49.0,30.875,49.0,30.875,0.0,0.0,0.0,0.0,0.0,0.0,29.0,17.375
2024-09-06 23:00:00+00:00,81.0,31.125,81.0,31.125,0.0,0.0,0.0,0.0,0.0,0.0,41.0,17.208333333333332
2024-09-07 00:00:00+00:00,122.0,34.125,122.0,34.125,0.0,0.0,0.0,0.0,0.0,0.0,104.0,20.083333333333332
2024-09-07 01:00:00+00:00,237.0,44.0,237.0,44.0,0.0,0.0,0.0,0.0,0.0,0.0,199.0,28.375
2024-09-07 02:00:00+00:00,29.0,44.75,29.0,44.75,0.0,0.0,0.0,0.0,0.0,0.0,26.0,29.0
2024-09-07 03:00:00+00:00,233.0,51.916666666666664,233.0,51.916666666666664,0.0,0.0,0.0,0.0,0.0,0.0,164.0,33.916666666666664
2024-09-07 04:00:00+00:00,5.0,52.125,5.0,52.125,0.0,0.0,0.0,0.0,0.0,0.0,0.0,33.916666666666664
2024-09-07 05:00:00+00:00,22.0,53.041666666666664,22.0,53.041666666666664,0.0,0.0,0.0,0.0,0.0,0.0,22.0,34.833333333333336
2024-09-07 06:00:00+00:00,44.0,53.958333333333336,44.0,53.958333333333336,0.0,0.0,0.0,0.0,0.0,0.0,42.0,35.75
2024-09-07 07:00:00+00:00,0.0,53.125,0.0,53.125,0.0,0.0,0.0,0.0,0.0,0.0,0.0,35.125
2024-09-07 08:00:00+00:00,0.0,49.25,0.0,49.25,0.0,0.0,0.0,0.0,0.0,0.0,0.0,32.583333333333336
2024-09-07 09:00:00+00:00,0.0,49.0,0.0,49.0,0.0,0.0,0.0,0.0,0.0,0.0,0.0,32.333333333333336
2024-09-07 10:00:00+00:00,154.0,55.416666666666664,154.0,55.416666666666664,0.0,0.0,0.0,0.0,0.0,0.0,126.0,37.583333333333336
2024-09-07 11:00:00+00:00,151.0,61.708333333333336,151.0,61.708333333333336,0.0,0.0,0.0,0.0,0.0,0.0,98.0,41.666666666666664
2024-09-07 12:00:00+00:00,0.0,61.708333333333336,0.0,61.708333333333336,0.0,0.0,0.0,0.0,0.0,0.0,0.0,41.666666666666664
2024-09-07 13:00:00+00:00,0.0,59.083333333333336,0.0,59.083333333333336,0.0,0.0,0.0,0.0,0.0,0.0,0.0,40.75
2024-09-07 14:00:00+00:00,0.0,59.083333333333336,0.0,59.083333333333336,0.0,0.0,0.0,0.0,0.0,0.0,0.0,40.75
2024-09-07 15:00:00+00:00,24.0,55.166666666666664,24.0,55.166666666666664,0.0,0.0,0.0,0.0,0.0,0.0,12.0,39.25
2024-09-07 16:00:00+00:00,32.0,52.875,32.0,52.875,0.0,0.0,0.0,0.0,0.0,0.0,14.0,38.666666666666664
2024-09-07 17:00:00+00:00,18.0,52.833333333333336,0.0,52.083333333333336,0.0,0.0,0.0,0.0,0.0,0.0,12.0,39.166666666666664
2024-09-07 18:00:00+00:00,0.0,52.833333333333336,0.0,52.083333333333336,0.0,0.0,0.0,0.0,0.0,0.0,0.0,39.166666666666664
2024-09-07 19:00:00+00:00,0.0,52.833333333333336,0.0,52.083333333333336,0.0,0.0,0.0,0.0,0.0,0.0,0.0,39.166666666666664
2024-09-07 20:00:00+00:00,0.0,52.833333333333336,0.0,52.083333333333336,0.0,0.0,0.0,0.0,0.0,0.0,0.0,39.166666666666664
2024-09-07 21:00:00+00:00,0.0,50.041666666666664,0.0,49.291666666666664,0.0,0.0,0.0,0.0,0.0,0.0,0.0,37.041666666666664
2024-09-07 22:00:00+00:00,17.0,48.708333333333336,17.0,47.958333333333336,0.0,0.0,0.0,0.0,0.0,0.0,10.0,36.25
2024-09-07 23:00:00+00:00,46.0,47.25,46.0,46.5,0.0,0.0,0.0,0.0,0.0,0.0,11.0,35.0
2024-09-08 00:00:00+00:00,0.0,42.166666666666664,0.0,41.416666666666664,0.0,0.0,0.0,0.0,0.0,0.0,0.0,30.666666666666668
2024-09-08 01:00:00+00:00,0.0,32.291666666666664,0.0,31.541666666666668,0.0,0.0,0.0,0.0,0.0,0.0,0.0,22.375
2024-09-08 02:00:00+00:00,0.0,31.083333333333332,0.0,30.333333333333332,0.0,0.0,0.0,0.0,0.0,0.0,0.0,21.291666666666668
2024-09-08 03:00:00+00:00,19.0,22.166666666666668,0.0,20.625,0.0,0.0,0.0,0.0,0.0,0.0,13.0,15.0
2024-09-08 04:00:00+00:00,0.0,21.958333333333332,0.0,20.416666666666668,0.0,0.0,0.0,0.0,0.0,0.0,0.0,15.0
2024-09-08 05:00:00+00:00,0.0,21.041666666666668,0.0,19.5,0.0,0.0,0.0,0.0,0.0,0.0,0.0,14.083333333333334
2024-09-08 06:00:00+00:00,0.0,19.208333333333332,0.0,17.666666666666668,0.0,0.0,0.0,0.0,0.0,0.0,0.0,12.333333333333334
2024-09-08 07:00:00+00:00,0.0,19.208333333333332,0.0,17.666666666666668,0.0,0.0,0.0,0.0,0.0,0.0,0.0,12.333333333333334
2024-09-08 08:00:00+00:00,0.0,19.208333333333332,0.0,17.666666666666668,0.0,0.0,0.0,0.0,0.0,0.0,0.0,12.333333333333334
2024-09-08 09:00:00+00:00,0.0,19.208333333333332,0.0,17.666666666666668,0.0,0.0,0.0,0.0,0.0,0.0,0.0,12.333333333333334
2024-09-08 10:00:00+00:00,0.0,12.791666666666666,0.0,11.25,0.0,0.0,0.0,0.0,0.0,0.0,0.0,7.083333333333333
2024-09-08 11:00:00+00:00,46.0,8.416666666666666,46.0,6.875,0.0,0.0,0.0,0.0,0.0,0.0,37.0,4.541666666666667
2024-09-08 12:00:00+00:00,17.0,9.125,17.0,7.583333333333333,0.0,0.0,0.0,0.0,0.0,0.0,15.0,5.166666666666667
2024-09-08 13:00:00+00:00,146.0,15.208333333333334,146.0,13.666666666666666,0.0,0.0,0.0,0.0,0.0,0.0,115.0,9.958333333333334
2024-09-08 14:00:00+00:00,0.0,15.208333333333334,0.0,13.666666666666666,0.0,0.0,0.0,0.0,0.0,0.0,0.0,9.958333333333334
2024-09-08 15:00:00+00:00,0.0,14.208333333333334,0.0,12.666666666666666,0.0,0.0,0.0,0.0,0.0,0.0,0.0,9.458333333333334
2024-09-08 16:00:00+00:00,0.0,12.875,0.0,11.333333333333334,0.0,0.0,0.0,0.0,0.0,0.0,0.0,8.875
2024-09-08 17:00:00+00:00,0.0,12.125,0.0,11.333333333333334,0.0,0.0,0.0,0.0,0.0,0.0,0.0,8.375
2024-09-08 18:00:00+00:00,0.0,12.125,0.0,11.333333333333334,0.0,0.0,0.0,0.0,0.0,0.0,0.0,8.375
2024-09-08 19:00:00+00:00,14.0,12.708333333333334,14.0,11.916666666666666,0.0,0.0,0.0,0.0,0.0,0.0,14.0,8.958333333333334
2024-09-08 20:00:00+00:00,25.0,13.75,25.0,12.958333333333334,0.0,0.0,0.0,0.0,0.0,0.0,11.0,9.416666666666666
2024-09-08 21:00:00+00:00,0.0,13.75,0.0,12.958333333333334,0.0,0.0,0.0,0.0,0.0,0.0,0.0,9.416666666666666
2024-09-08 22:00:00+00:00,54.0,15.291666666666666,54.0,14.5,0.0,0.0,0.0,0.0,0.0,0.0,30.0,10.25
2024-09-08 23:00:00+00:00,6.0,13.625,6.0,12.833333333333334,0.0,0.0,0.0,0.0,0.0,0.0,0.0,9.791666666666666
2024-09-09 00:00:00+00:00,582.0,37.875,582.0,37.083333333333336,0.0,0.0,0.0,0.0,0.0,0.0,404.0,26.625
2024-09-09 01:00:00+00:00,0.0,37.875,0.0,37.083333333333336,0.0,0.0,0.0,0.0,0.0,0.0,0.0,26.625
2024-09-09 02:00:00+00:00,0.0,37.875,0.0,37.083333333333336,0.0,0.0,0.0,0.0,0.0,0.0,0.0,26.625
2024-09-09 03:00:00+00:00,0.0,37.083333333333336,0.0,37.083333333333336,0.0,0.0,0.0,0.0,0.0,0.0,0.0,26.083333333333332
2024-09-09 04:00:00+00:00,0.0,37.083333333333336,0.0,37.083333333333336,0.0,0.0,0.0,0.0,0.0,0.0,0.0,26.083333333333332
2024-09-09 05:00:00+00:00,0.0,37.083333333333336,0.0,37.083333333333336,0.0,0.0,0.0,0.0,0.0,0.0,0.0,26.083333333333332
2024-09-09 06:00:00+00:00,116.0,41.916666666666664,116.0,41.916666666666664,0.0,0.0,0.0,0.0,0.0,0.0,81.0,29.458333333333332
2024-09-09 07:00:00+00:00,53.0,44.125,53.0,44.125,0.0,0.0,0.0,0.0,0.0,0.0,35.0,30.916666666666668
2024-09-09 08:00:00+00:00,0.0,44.125,0.0,44.125,0.0,0.0,0.0,0.0,0.0,0.0,0.0,30.916666666666668
2024-09-09 09:00:00+00:00,0.0,44.125,0.0,44.125,0.0,0.0,0.0,0.0,0.0,0.0,0.0,30.916666666666668
2024-09-09 10:00:00+00:00,25.0,45.166666666666664,25.0,45.166666666666664,0.0,0.0,0.0,0.0,0.0,0.0,20.0,31.75
2024-09-09 11:00:00+00:00,0.0,43.25,0.0,43.25,0.0,0.0,0.0,0.0,0.0,0.0,0.0,30.208333333333332
2024-09-09 12:00:00+00:00,0.0,42.541666666666664,0.0,42.541666666666664,0.0,0.0,0.0,0.0,0.0,0.0,0.0,29.583333333333332
2024-09-09 13:00:00+00:00,119.0,41.416666666666664,119.0,41.416666666666664,0.0,0.0,0.0,0.0,0.0,0.0,47.0,26.75
2024-09-09 14:00:00+00:00,0.0,41.416666666666664,0.0,41.416666666666664,0.0,0.0,0.0,0.0,0.0,0.0,0.0,26.75
2024-09-09 15:00:00+00:00,120.0,46.416666666666664,120.0,46.416666666666664,0.0,0.0,0.0,0.0,0.0,0.0,21.0,27.625
2024-09-09 16:00:00+00:00,0.0,46.416666666666664,0.0,46.416666666666664,0.0,0.0,0.0,0.0,0.0,0.0,0.0,27.625
2024-09-09 17:00:00+00:00,0.0,46.416666666666664,0.0,46.416666666666664,0.0,0.0,0.0,0.0,0.0,0.0,0.0,27.625
2024-09-09 18:00:00+00:00,0.0,46.416666666666664,0.0,46.416666666666664,0.0,0.0,0.0,0.0,0.0,0.0,0.0,27.625
2024-09-09 19:00:00+00:00,63.0,48.458333333333336,63.0,48.458333333333336,0.0,0.0,0.0,0.0,0.0,0.0,47.0,29.0
2024-09-09 20:00:00+00:00,0.0,47.416666666666664,0.0,47.416666666666664,0.0,0.0,0.0,0.0,0.0,0.0,0.0,28.541666666666668
2024-09-09 21:00:00+00:00,27.0,48.541666666666664,27.0,48.541666666666664,0.0,0.0,0.0,0.0,0.0,0.0,19.0,29.333333333333332
2024-09-09 22:00:00+00:00,123.0,51.416666666666664,123.0,51.416666666666664,0.0,0.0,0.0,0.0,0.0,0.0,69.0,30.958333333333332
2024-09-09 23:00:00+00:00,171.0,58.291666666666664,171.0,58.291666666666664,0.0,0.0,0.0,0.0,0.0,0.0,100.0,35.125
2024-09-10 00:00:00+00:00,0.0,34.041666666666664,0.0,34.041666666666664,0.0,0.0,0.0,0.0,0.0,0.0,0.0,18.291666666666668
2024-09-10 01:00:00+00:00,0.0,34.041666666666664,0.0,34.041666666666664,0.0,0.0,0.0,0.0,0.0,0.0,0.0,18.291666666666668
2024-09-10 02:00:00+00:00,0.0,34.041666666666664,0.0,34.041666666666664,0.0,0.0,0.0,0.0,0.0,0.0,0.0,18.291666666666668
2024-09-10 03:00:00+00:00,0.0,34.041666666666664,0.0,34.041666666666664,0.0,0.0,0.0,0.0,0.0,0.0,0.0,18.291666666666668
2024-09-10 04:00:00+00:00,0.0,34.041666666666664,0.0,34.041666666666664,0.0,0.0,0.0,0.0,0.0,0.0,0.0,18.291666666666668
2024-09-10 05:00:00+00:00,0.0,34.041666666666664,0.0,34.041666666666664,0.0,0.0,0.0,0.0,0.0,0.0,0.0,18.291666666666668
2024-09-10 06:00:00+00:00,37.0,30.75,37.0,30.75,0.0,0.0,0.0,0.0,0.0,0.0,32.0,16.25
2024-09-10 07:00:00+00:00,11.0,29.0,0.0,28.541666666666668,0.0,0.0,0.0,0.0,0.0,0.0,11.0,15.25
2024-09-10 08:00:00+00:00,0.0,29.0,0.0,28.541666666666668,0.0,0.0,0.0,0.0,0.0,0.0,0.0,15.25
2024-09-10 09:00:00+00:00,0.0,29.0,0.0,28.541666666666668,0.0,0.0,0.0,0.0,0.0,0.0,0.0,15.25
2024-09-10 10:00:00+00:00,0.0,27.958333333333332,0.0,27.5,0.0,0.0,0.0,0.0,0.0,0.0,0.0,14.416666666666666
2024-09-10 11:00:00+00:00,59.0,30.416666666666668,59.0,29.958333333333332,0.0,0.0,0.0,0.0,0.0,0.0,34.0,15.833333333333334
2024-09-10 12:00:00+00:00,26.0,31.5,26.0,31.041666666666668,0.0,0.0,0.0,0.0,0.0,0.0,8.0,16.166666666666668
2024-09-10 13:00:00+00:00,126.0,31.791666666666668,126.0,31.333333333333332,0.0,0.0,0.0,0.0,0.0,0.0,100.0,18.375
2024-09-10 14:00:00+00:00,100.0,35.958333333333336,100.0,35.5,0.0,0.0,0.0,0.0,0.0,0.0,47.0,20.333333333333332
2024-09-10 15:00:00+00:00,0.0,30.958333333333332,0.0,30.5,0.0,0.0,0.0,0.0,0.0,0.0,0.0,19.458333333333332
2024-09-10 16:00:00+00:00,4.0,31.125,0.0,30.5,0.0,0.0,0.0,0.0,0.0,0.0,0.0,19.458333333333332
2024-09-10 17:00:00+00:00,61.0,33.666666666666664,61.0,33.041666666666664,0.0,0.0,0.0,0.0,0.0,0.0,21.0,20.333333333333332
2024-09-10 18:00:00+00:00,0.0,33.666666666666664,0.0,33.041666666666664,0.0,0.0,0.0,0.0,0.0,0.0,0.0,20.333333333333332
2024-09-10 19:00:00+00:00,106.0,35.458333333333336,106.0,34.833333333333336,0.0,0.0,0.0,0.0,0.0,0.0,49.0,20.416666666666668
2024-09-10 20:00:00+00:00,157.0,42.0,157.0,41.375,0.0,0.0,0.0,0.0,0.0,0.0,113.0,25.125
2024-09-10 21:00:00+00:00,33.0,42.25,33.0,41.625,0.0,0.0,0.0,0.0,0.0,0.0,15.0,24.958333333333332
2024-09-10 22:00:00+00:00,56.0,39.458333333333336,56.0,38.833333333333336,0.0,0.0,0.0,0.0,0.0,0.0,31.0,23.375
2024-09-10 23:00:00+00:00,45.0,34.208333333333336,45.0,33.583333333333336,0.0,0.0,0.0,0.0,0.0,0.0,22.0,20.125
2024-09-11 00:00:00+00:00,0.0,34.208333333333336,0.0,33.583333333333336,0.0,0.0,0.0,0.0,0.0,0.0,0.0,20.125
2024-09-11 01:00:00+00:00,0.0,34.208333333333336,0.0,33.583333333333336,0.0,0.0,0.0,0.0,0.0,0.0,0.0,20.125
2024-09-11 02:00:00+00:00,0.0,34.208333333333336,0.0,33.583333333333336,0.0,0.0,0.0,0.0,0.0,0.0,0.0,20.125
2024-09-11 03:00:00+00:00,0.0,34.208333333333336,0.0,33.583333333333336,0.0,0.0,0.0,0.0,0.0,0.0,0.0,20.125
2024-09-11 04:00:00+00:00,0.0,34.208333333333336,0.0,33.583333333333336,0.0,0.0,0.0,0.0,0.0,0.0,0.0,20.125
2024-09-11 05:00:00+00:00,0.0,34.208333333333336,0.0,33.583333333333336,0.0,0.0,0.0,0.0,0.0,0.0,0.0,20.125
2024-09-11 06:00:00+00:00,0.0,32.666666666666664,0.0,32.041666666666664,0.0,0.0,0.0,0.0,0.0,0.0,0.0,18.791666666666668
2024-09-11 07:00:00+00:00,0.0,32.208333333333336,0.0,32.041666666666664,0.0,0.0,0.0,0.0,0.0,0.0,0.0,18.333333333333332
2024-09-11 08:00:00+00:00,15.0,32.833333333333336,0.0,32.041666666666664,0.0,0.0,0.0,0.0,0.0,0.0,15.0,18.958333333333332
2024-09-11 09:00:00+00:00,0.0,32.833333333333336,0.0,32.041666666666664,0.0,0.0,0.0,0.0,0.0,0.0,0.0,18.958333333333332
2024-09-11 10:00:00+00:00,0.0,32.833333333333336,0.0,32.041666666666664,0.0,0.0,0.0,0.0,0.0,0.0,0.0,18.958333333333332
2024-09-11 11:00:00+00:00,66.0,33.125,66.0,32.333333333333336,0.0,0.0,0.0,0.0,0.0,0.0,57.0,19.916666666666668
2024-09-11 12:00:00+00:00,0.0,32.041666666666664,0.0,31.25,0.0,0.0,0.0,0.0,0.0,0.0,0.0,19.583333333333332
2024-09-11 13:00:00+00:00,0.0,26.791666666666668,0.0,26.0,0.0,0.0,0.0,0.0,0.0,0.0,0.0,15.416666666666666
2024-09-11 14:00:00+00:00,0.0,22.625,0.0,21.833333333333332,0.0,0.0,0.0,0.0,0.0,0.0,0.0,13.458333333333334
2024-09-11 15:00:00+00:00,0.0,22.625,0.0,21.833333333333332,0.0,0.0,0.0,0.0,0.0,0.0,0.0,13.458333333333334
2024-09-11 16:00:00+00:00,0.0,22.458333333333332,0.0,21.833333333333332,0.0,0.0,0.0,0.0,0.0,0.0,0.0,13.458333333333334
2024-09-11 17:00:00+00:00,105.0,24.291666666666668,105.0,23.666666666666668,0.0,0.0,0.0,0.0,0.0,0.0,58.0,15.0
2024-09-11 18:00:00+00:00,71.0,27.25,71.0,26.625,0.0,0.0,0.0,0.0,0.0,0.0,55.0,17.291666666666668
2024-09-11 19:00:00+00:00,18.0,23.583333333333332,0.0,22.208333333333332,0.0,0.0,0.0,0.0,0.0,0.0,11.0,15.708333333333334
2024-09-11 20:00:00+00:00,10.0,17.458333333333332,6.0,15.916666666666666,0.0,0.0,0.0,0.0,0.0,0.0,6.0,11.25
2024-09-11 21:00:00+00:00,183.0,23.708333333333332,183.0,22.166666666666668,0.0,0.0,0.0,0.0,0.0,0.0,115.0,15.416666666666666
2024-09-11 22:00:00+00:00,331.0,35.166666666666664,331.0,33.625,0.0,0.0,0.0,0.0,0.0,0.0,231.0,23.75
2024-09-11 23:00:00+00:00,83.0,36.75,83.0,35.208333333333336,0.0,0.0,0.0,0.0,0.0,0.0,62.0,25.416666666666668
2024-09-12 00:00:00+00:00,40.0,38.416666666666664,40.0,36.875,0.0,0.0,0.0,0.0,0.0,0.0,26.0,26.5
2024-09-12 01:00:00+00:00,71.0,41.375,71.0,39.833333333333336,0.0,0.0,0.0,0.0,0.0,0.0,67.0,29.291666666666668
2024-09-12 02:00:00+00:00,19.0,42.166666666666664,19.0,40.625,0.0,0.0,0.0,0.0,0.0,0.0,8.0,29.625
2024-09-12 03:00:00+00:00,1.0,42.208333333333336,0.0,40.625,0.0,0.0,0.0,0.0,0.0,0.0,0.0,29.625
2024-09-12 04:00:00+00:00,12.0,42.708333333333336,0.0,40.625,0.0,0.0,0.0,0.0,0.0,0.0,7.0,29.916666666666668
2024-09-12 05:00:00+00:00,12.0,43.208333333333336,12.0,41.125,0.0,0.0,0.0,0.0,0.0,0.0,12.0,30.416666666666668
2024-09-12 06:00:00+00:00,56.0,45.541666666666664,56.0,43.458333333333336,0.0,0.0,0.0,0.0,0.0,0.0,40.0,32.083333333333336
2024-09-12 07:00:00+00:00,0.0,45.541666666666664,0.0,43.458333333333336,0.0,0.0,0.0,0.0,0.0,0.0,0.0,32.083333333333336
2024-09-12 08:00:00+00:00,0.0,44.916666666666664,0.0,43.458333333333336,0.0,0.0,0.0,0.0,0.0,0.0,0.0,31.458333333333332
2024-09-12 09:00:00+00:00,0.0,44.916666666666664,0.0,43.458333333333336,0.0,0.0,0.0,0.0,0.0,0.0,0.0,31.458333333333332
2024-09-12 10:00:00+00:00,69.0,47.791666666666664,69.0,46.333333333333336,0.0,0.0,0.0,0.0,0.0,0.0,53.0,33.666666666666664
2024-09-12 11:00:00+00:00,28.0,46.208333333333336,28.0,44.75,0.0,0.0,0.0,0.0,0.0,0.0,28.0,32.458333333333336
2024-09-12 12:00:00+00:00,83.0,49.666666666666664,83.0,48.208333333333336,0.0,0.0,0.0,0.0,0.0,0.0,51.0,34.583333333333336
2024-09-12 13:00:00+00:00,62.0,52.25,62.0,50.791666666666664,0.0,0.0,0.0,0.0,0.0,0.0,57.0,36.958333333333336
2024-09-12 14:00:00+00:00,13.0,52.791666666666664,13.0,51.333333333333336,0.0,0.0,0.0,0.0,0.0,0.0,13.0,37.5
2024-09-12 15:00:00+00:00,0.0,52.791666666666664,0.0,51.333333333333336,0.0,0.0,0.0,0.0,0.0,0.0,0.0,37.5
2024-09-12 16:00:00+00:00,13.0,53.333333333333336,0.0,51.333333333333336,0.0,0.0,0.0,0.0,0.0,0.0,13.0,38.041666666666664
2024-09-12 17:00:00+00:00,0.0,48.958333333333336,0.0,46.958333333333336,0.0,0.0,0.0,0.0,0.0,0.0,0.0,35.625
2024-09-12 18:00:00+00:00,0.0,46.0,0.0,44.0,0.0,0.0,0.0,0.0,0.0,0.0,0.0,33.333333333333336
2024-09-12 19:00:00+00:00,0.0,45.25,0.0,44.0,0.0,0.0,0.0,0.0,0.0,0.0,0.0,32.875
2024-09-12 20:00:00+00:00,0.0,44.833333333333336,0.0,43.75,0.0,0.0,0.0,0.0,0.0,0.0,0.0,32.625
2024-09-12 21:00:00+00:00,8.0,37.541666666666664,8.0,36.458333333333336,0.0,0.0,0.0,0.0,0.0,0.0,0.0,27.833333333333332
2024-09-12 22:00:00+00:00,63.0,26.375,63.0,25.291666666666668,0.0,0.0,0.0,0.0,0.0,0.0,58.0,20.625
2024-09-12 23:00:00+00:00,76.0,26.083333333333332,76.0,25.0,0.0,0.0,0.0,0.0,0.0,0.0,48.0,20.041666666666668
2024-09-13 00:00:00+00:00,10.0,24.833333333333332,10.0,23.75,0.0,0.0,0.0,0.0,0.0,0.0,10.0,19.375
2024-09-13 01:00:00+00:00,0.0,21.875,0.0,20.791666666666668,0.0,0.0,0.0,0.0,0.0,0.0,0.0,16.583333333333332
2024-09-13 02:00:00+00:00,0.0,21.083333333333332,0.0,20.0,0.0,0.0,0.0,0.0,0.0,0.0,0.0,16.25
2024-09-13 03:00:00+00:00,0.0,21.041666666666668,0.0,20.0,0.0,0.0,0.0,0.0,0.0,0.0,0.0,16.25
2024-09-13 04:00:00+00:00,0.0,20.541666666666668,0.0,20.0,0.0,0.0,0.0,0.0,0.0,0.0,0.0,15.958333333333334
2024-09-13 05:00:00+00:00,0.0,20.041666666666668,0.0,19.5,0.0,0.0,0.0,0.0,0.0,0.0,0.0,15.458333333333334
2024-09-13 06:00:00+00:00,0.0,17.708333333333332,0.0,17.166666666666668,0.0,0.0,0.0,0.0,0.0,0.0,0.0,13.791666666666666
2024-09-13 07:00:00+00:00,0.0,17.708333333333332,0.0,17.166666666666668,0.0,0.0,0.0,0.0,0.0,0.0,0.0,13.791666666666666
2024-09-13 08:00:00+00:00,0.0,17.708333333333332,0.0,17.166666666666668,0.0,0.0,0.0,0.0,0.0,0.0,0.0,13.791666666666666
2024-09-13 09:00:00+00:00,0.0,17.708333333333332,0.0,17.166666666666668,0.0,0.0,0.0,0.0,0.0,0.0,0.0,13.791666666666666
2024-09-13 10:00:00+00:00,0.0,14.833333333333334,0.0,14.291666666666666,0.0,0.0,0.0,0.0,0.0,0.0,0.0,11.583333333333334
2024-09-13 11:00:00+00:00,0.0,13.666666666666666,0.0,13.125,0.0,0.0,0.0,0.0,0.0,0.0,0.0,10.416666666666666
2024-09-13 12:00:00+00:00,0.0,10.208333333333334,0.0,9.666666666666666,0.0,0.0,0.0,0.0,0.0,0.0,0.0,8.291666666666666
2024-09-13 13:00:00+00:00,0.0,7.625,0.0,7.083333333333333,0.0,0.0,0.0,0.0,0.0,0.0,0.0,5.916666666666667
2024-09-13 14:00:00+00:00,0.0,7.083333333333333,0.0,6.541666666666667,0.0,0.0,0.0,0.0,0.0,0.0,0.0,5.375
2024-09-13 15:00:00+00:00,0.0,7.083333333333333,0.0,6.541666666666667,0.0,0.0,0.0,0.0,0.0,0.0,0.0,5.375
2024-09-13 16:00:00+00:00,103.0,10.833333333333334,103.0,10.833333333333334,0.0,0.0,0.0,0.0,0.0,0.0,92.0,8.666666666666666
2024-09-13 17:00:00+00:00,103.0,15.125,103.0,15.125,0.0,0.0,0.0,0.0,0.0,0.0,12.0,9.166666666666666
2024-09-13 18:00:00+00:00,29.0,16.333333333333332,29.0,16.333333333333332,0.0,0.0,0.0,0.0,0.0,0.0,12.0,9.666666666666666
2024-09-13 19:00:00+00:00,74.0,19.416666666666668,74.0,19.416666666666668,0.0,0.0,0.0,0.0,0.0,0.0,47.0,11.625
2024-09-13 20:00:00+00:00,10.0,19.833333333333332,10.0,19.833333333333332,0.0,0.0,0.0,0.0,0.0,0.0,8.0,11.958333333333334
2024-09-13 21:00:00+00:00,6.0,19.75,0.0,19.5,0.0,0.0,0.0,0.0,0.0,0.0,6.0,12.208333333333334
2024-09-13 22:00:00+00:00,7.0,17.416666666666668,7.0,17.166666666666668,0.0,0.0,0.0,0.0,0.0,0.0,0.0,9.791666666666666
2024-09-13 23:00:00+00:00,209.0,22.958333333333332,209.0,22.708333333333332,0.0,0.0,0.0,0.0,0.0,0.0,113.0,12.5
2024-09-14 00:00:00+00:00,78.0,25.791666666666668,78.0,25.541666666666668,0.0,0.0,0.0,0.0,0.0,0.0,57.0,14.458333333333334
2024-09-14 01:00:00+00:00,0.0,25.791666666666668,0.0,25.541666666666668,0.0,0.0,0.0,0.0,0.0,0.0,0.0,14.458333333333334
2024-09-14 02:00:00+00:00,0.0,25.791666666666668,0.0,25.541666666666668,0.0,0.0,0.0,0.0,0.0,0.0,0.0,14.458333333333334
2024-09-14 03:00:00+00:00,0.0,25.791666666666668,0.0,25.541666666666668,0.0,0.0,0.0,0.0,0.0,0.0,0.0,14.458333333333334
2024-09-14 04:00:00+00:00,0.0,25.791666666666668,0.0,25.541666666666668,0.0,0.0,0.0,0.0,0.0,0.0,0.0,14.458333333333334
2024-09-14 05:00:00+00:00,0.0,25.791666666666668,0.0,25.541666666666668,0.0,0.0,0.0,0.0,0.0,0.0,0.0,14.458333333333334
2024-09-14 06:00:00+00:00,0.0,25.791666666666668,0.0,25.541666666666668,0.0,0.0,0.0,0.0,0.0,0.0,0.0,14.458333333333334
2024-09-14 07:00:00+00:00,43.0,27.583333333333332,43.0,27.333333333333332,0.0,0.0,0.0,0.0,0.0,0.0,11.0,14.916666666666666
2024-09-14 08:00:00+00:00,0.0,27.583333333333332,0.0,27.333333333333332,0.0,0.0,0.0,0.0,0.0,0.0,0.0,14.916666666666666
2024-09-14 09:00:00+00:00,0.0,27.583333333333332,0.0,27.333333333333332,0.0,0.0,0.0,0.0,0.0,0.0,0.0,14.916666666666666
2024-09-14 10:00:00+00:00,0.0,27.583333333333332,0.0,27.333333333333332,0.0,0.0,0.0,0.0,0.0,0.0,0.0,14.916666666666666
2024-09-14 11:00:00+00:00,0.0,27.583333333333332,0.0,27.333333333333332,0.0,0.0,0.0,0.0,0.0,0.0,0.0,14.916666666666666
2024-09-14 12:00:00+00:00,0.0,27.583333333333332,0.0,27.333333333333332,0.0,0.0,0.0,0.0,0.0,0.0,0.0,14.916666666666666
2024-09-14 13:00:00+00:00,100.0,31.75,100.0,31.5,0.0,0.0,0.0,0.0,0.0,0.0,55.0,17.208333333333332
2024-09-14 14:00:00+00:00,13.0,32.291666666666664,13.0,32.041666666666664,0.0,0.0,0.0,0.0,0.0,0.0,13.0,17.75
2024-09-14 15:00:00+00:00,0.0,32.291666666666664,0.0,32.041666666666664,0.0,0.0,0.0,0.0,0.0,0.0,0.0,17.75
2024-09-14 16:00:00+00:00,0.0,28.0,0.0,27.75,0.0,0.0,0.0,0.0,0.0,0.0,0.0,13.916666666666666
2024-09-14 17:00:00+00:00,0.0,23.708333333333332,0.0,23.458333333333332,0.0,0.0,0.0,0.0,0.0,0.0,0.0,13.416666666666666
2024-09-14 18:00:00+00:00,0.0,22.5,0.0,22.25,0.0,0.0,0.0,0.0,0.0,0.0,0.0,12.916666666666666
2024-09-14 19:00:00+00:00,0.0,19.416666666666668,0.0,19.166666666666668,0.0,0.0,0.0,0.0,0.0,0.0,0.0,10.958333333333334
2024-09-14 20:00:00+00:00,0.0,19.0,0.0,18.75,0.0,0.0,0.0,0.0,0.0,0.0,0.0,10.625
2024-09-14 21:00:00+00:00,24.0,19.75,24.0,19.75,0.0,0.0,0.0,0.0,0.0,0.0,24.0,11.375
2024-09-14 22:00:00+00:00,206.0,28.041666666666668,206.0,28.041666666666668,0.0,0.0,0.0,0.0,0.0,0.0,174.0,18.625
2024-09-14 23:00:00+00:00,51.0,21.458333333333332,51.0,21.458333333333332,0.0,0.0,0.0,0.0,0.0,0.0,21.0,14.791666666666666
2024-09-15 00:00:00+00:00,32.0,19.541666666666668,32.0,19.541666666666668,0.0,0.0,0.0,0.0,0.0,0.0,24.0,13.416666666666666
2024-09-15 01:00:00+00:00,21.0,20.416666666666668,21.0,20.416666666666668,0.0,0.0,0.0,0.0,0.0,0.0,16.0,14.083333333333334
2024-09-15 02:00:00+00:00,42.0,22.166666666666668,42.0,22.166666666666668,0.0,0.0,0.0,0.0,0.0,0.0,42.0,15.833333333333334
2024-09-15 03:00:00+00:00,0.0,22.166666666666668,0.0,22.166666666666668,0.0,0.0,0.0,0.0,0.0,0.0,0.0,15.833333333333334
2024-09-15 04:00:00+00:00,0.0,22.166666666666668,0.0,22.166666666666668,0.0,0.0,0.0,0.0,0.0,0.0,0.0,15.833333333333334
2024-09-15 05:00:00+00:00,0.0,22.166666666666668,0.0,22.166666666666668,0.0,0.0,0.0,0.0,0.0,0.0,0.0,15.833333333333334
2024-09-15 06:00:00+00:00,0.0,22.166666666666668,0.0,22.166666666666668,0.0,0.0,0.0,0.0,0.0,0.0,0.0,15.833333333333334
2024-09-15 07:00:00+00:00,0.0,20.375,0.0,20.375,0.0,0.0,0.0,0.0,0.0,0.0,0.0,15.375
2024-09-15 08:00:00+00:00,0.0,20.375,0.0,20.375,0.0,0.0,0.0,0.0,0.0,0.0,0.0,15.375
2024-09-15 09:00:00+00:00,0.0,20.375,0.0,20.375,0.0,0.0,0.0,0.0,0.0,0.0,0.0,15.375
2024-09-15 10:00:00+00:00,0.0,20.375,0.0,20.375,0.0,0.0,0.0,0.0,0.0,0.0,0.0,15.375
2024-09-15 11:00:00+00:00,0.0,20.375,0.0,20.375,0.0,0.0,0.0,0.0,0.0,0.0,0.0,15.375
2024-09-15 12:00:00+00:00,85.0,23.916666666666668,85.0,23.916666666666668,0.0,0.0,0.0,0.0,0.0,0.0,57.0,17.75
2024-09-15 13:00:00+00:00,74.0,22.833333333333332,74.0,22.833333333333332,0.0,0.0,0.0,0.0,0.0,0.0,37.0,17.0
2024-09-15 14:00:00+00:00,0.0,22.291666666666668,0.0,22.291666666666668,0.0,0.0,0.0,0.0,0.0,0.0,0.0,16.458333333333332
2024-09-15 15:00:00+00:00,0.0,22.291666666666668,0.0,22.291666666666668,0.0,0.0,0.0,0.0,0.0,0.0,0.0,16.458333333333332
2024-09-15 16:00:00+00:00,34.0,23.708333333333332,34.0,23.708333333333332,0.0,0.0,0.0,0.0,0.0,0.0,13.0,17.0
2024-09-15 17:00:00+00:00,123.0,28.833333333333332,123.0,28.833333333333332,0.0,0.0,0.0,0.0,0.0,0.0,62.0,19.583333333333332
2024-09-15 18:00:00+00:00,4.0,29.0,0.0,28.833333333333332,0.0,0.0,0.0,0.0,0.0,0.0,0.0,19.583333333333332
2024-09-15 19:00:00+00:00,0.0,29.0,0.0,28.833333333333332,0.0,0.0,0.0,0.0,0.0,0.0,0.0,19.583333333333332
2024-09-15 20:00:00+00:00,0.0,29.0,0.0,28.833333333333332,0.0,0.0,0.0,0.0,0.0,0.0,0.0,19.583333333333332
2024-09-15 21:00:00+00:00,1.0,28.041666666666668,0.0,27.833333333333332,0.0,0.0,0.0,0.0,0.0,0.0,0.0,18.583333333333332
2024-09-15 22:00:00+00:00,51.0,21.583333333333332,51.0,21.375,0.0,0.0,0.0,0.0,0.0,0.0,33.0,12.708333333333334
2024-09-15 23:00:00+00:00,137.0,25.166666666666668,137.0,24.958333333333332,0.0,0.0,0.0,0.0,0.0,0.0,73.0,14.875
2024-09-16 00:00:00+00:00,27.0,24.958333333333332,27.0,24.75,27.0,1.125,0.0,0.0,0.0,0.0,12.0,14.375
2024-09-16 01:00:00+00:00,78.0,27.333333333333332,78.0,27.125,78.0,4.375,0.0,0.0,0.0,0.0,44.0,15.541666666666666
2024-09-16 02:00:00+00:00,96.0,29.583333333333332,96.0,29.375,96.0,8.375,0.0,0.0,0.0,0.0,72.0,16.791666666666668
2024-09-16 03:00:00+00:00,0.0,29.583333333333332,0.0,29.375,0.0,8.375,0.0,0.0,0.0,0.0,0.0,16.791666666666668
2024-09-16 04:00:00+00:00,0.0,29.583333333333332,0.0,29.375,0.0,8.375,0.0,0.0,0.0,0.0,0.0,16.791666666666668
2024-09-16 05:00:00+00:00,0.0,29.583333333333332,0.0,29.375,0.0,8.375,0.0,0.0,0.0,0.0,0.0,16.791666666666668
2024-09-16 06:00:00+00:00,92.0,33.416666666666664,92.0,33.208333333333336,92.0,12.208333333333334,0.0,0.0,0.0,0.0,29.0,18.0
2024-09-16 07:00:00+00:00,102.0,37.666666666666664,102.0,37.458333333333336,102.0,16.458333333333332,0.0,0.0,0.0,0.0,55.0,20.291666666666668
2024-09-16 08:00:00+00:00,44.0,39.5,44.0,39.291666666666664,44.0,18.291666666666668,0.0,0.0,0.0,0.0,44.0,22.125
2024-09-16 09:00:00+00:00,9.0,39.875,9.0,39.666666666666664,9.0,18.666666666666668,0.0,0.0,0.0,0.0,8.0,22.458333333333332
2024-09-16 10:00:00+00:00,0.0,39.875,0.0,39.666666666666664,0.0,18.666666666666668,0.0,0.0,0.0,0.0,0.0,22.458333333333332
2024-09-16 11:00:00+00:00,24.0,40.875,0.0,39.666666666666664,24.0,19.666666666666668,0.0,0.0,0.0,0.0,24.0,23.458333333333332
2024-09-16 12:00:00+00:00,0.0,37.333333333333336,0.0,36.125,0.0,19.666666666666668,0.0,0.0,0.0,0.0,0.0,21.083333333333332
2024-09-16 13:00:00+00:00,172.0,41.416666666666664,172.0,40.208333333333336,172.0,26.833333333333332,0.0,0.0,0.0,0.0,108.0,24.041666666666668
2024-09-16 14:00:00+00:00,227.0,50.875,227.0,49.666666666666664,227.0,36.291666666666664,0.0,0.0,0.0,0.0,135.0,29.666666666666668
2024-09-16 15:00:00+00:00,0.0,50.875,0.0,49.666666666666664,0.0,36.291666666666664,0.0,0.0,0.0,0.0,0.0,29.666666666666668
2024-09-16 16:00:00+00:00,1.0,49.5,1.0,48.291666666666664,1.0,36.333333333333336,0.0,0.0,0.0,0.0,0.0,29.125
2024-09-16 17:00:00+00:00,25.0,45.416666666666664,25.0,44.208333333333336,25.0,37.375,0.0,0.0,0.0,0.0,25.0,27.583333333333332
2024-09-16 18:00:00+00:00,0.0,45.25,0.0,44.208333333333336,0.0,37.375,0.0,0.0,0.0,0.0,0.0,27.583333333333332
2024-09-16 19:00:00+00:00,0.0,45.25,0.0,44.208333333333336,0.0,37.375,0.0,0.0,0.0,0.0,0.0,27.583333333333332
2024-09-16 20:00:00+00:00,16.0,45.916666666666664,0.0,44.208333333333336,16.0,38.041666666666664,0.0,0.0,0.0,0.0,7.0,27.875
2024-09-16 21:00:00+00:00,0.0,45.875,0.0,44.208333333333336,0.0,38.041666666666664,0.0,0.0,0.0,0.0,0.0,27.875
2024-09-16 22:00:00+00:00,0.0,43.75,0.0,42.083333333333336,0.0,38.041666666666664,0.0,0.0,0.0,0.0,0.0,26.5
2024-09-16 23:00:00+00:00,21.0,38.916666666666664,0.0,36.375,21.0,38.916666666666664,0.0,0.0,0.0,0.0,14.0,24.041666666666668
2024-09-17 00:00:00+00:00,0.0,37.791666666666664,0.0,35.25,0.0,37.791666666666664,0.0,0.0,0.0,0.0,0.0,23.541666666666668
2024-09-17 01:00:00+00:00,0.0,34.541666666666664,0.0,32.0,0.0,34.541666666666664,0.0,0.0,0.0,0.0,0.0,21.708333333333332
2024-09-17 02:00:00+00:00,10.0,30.958333333333332,0.0,28.0,0.0,30.541666666666668,0.0,0.0,0.0,0.0,10.0,19.125
2024-09-17 03:00:00+00:00,23.0,31.916666666666668,0.0,28.0,0.0,30.541666666666668,0.0,0.0,0.0,0.0,21.0,20.0
2024-09-17 04:00:00+00:00,0.0,31.916666666666668,0.0,28.0,0.0,30.541666666666668,0.0,0.0,0.0,0.0,0.0,20.0
2024-09-17 05:00:00+00:00,191.0,39.875,191.0,35.958333333333336,0.0,30.541666666666668,0.0,0.0,0.0,0.0,158.0,26.583333333333332
2024-09-17 06:00:00+00:00,64.0,38.708333333333336,64.0,34.791666666666664,0.0,26.708333333333332,0.0,0.0,0.0,0.0,42.0,27.125
2024-09-17 07:00:00+00:00,9.0,34.833333333333336,9.0,30.916666666666668,0.0,22.458333333333332,0.0,0.0,0.0,0.0,5.0,25.041666666666668
2024-09-17 08:00:00+00:00,16.0,33.666666666666664,16.0,29.75,0.0,20.625,0.0,0.0,0.0,0.0,11.0,23.666666666666668
2024-09-17 09:00:00+00:00,0.0,33.291666666666664,0.0,29.375,0.0,20.25,0.0,0.0,0.0,0.0,0.0,23.333333333333332
2024-09-17 10:00:00+00:00,0.0,33.291666666666664,0.0,29.375,0.0,20.25,0.0,0.0,0.0,0.0,0.0,23.333333333333332
2024-09-17 11:00:00+00:00,11.0,32.75,11.0,29.833333333333332,0.0,19.25,0.0,0.0,0.0,0.0,0.0,22.333333333333332
2024-09-17 12:00:00+00:00,113.0,37.458333333333336,113.0,34.541666666666664,0.0,19.25,0.0,0.0,0.0,0.0,77.0,25.541666666666668
2024-09-17 13:00:00+00:00,0.0,30.291666666666668,0.0,27.375,0.0,12.083333333333334,0.0,0.0,0.0,0.0,0.0,21.041666666666668
2024-09-17 14:00:00+00:00,0.0,20.833333333333332,0.0,17.916666666666668,0.0,2.625,0.0,0.0,0.0,0.0,0.0,15.416666666666666
2024-09-17 15:00:00+00:00,20.0,21.666666666666668,0.0,17.916666666666668,0.0,2.625,0.0,0.0,0.0,0.0,12.0,15.916666666666666
2024-09-17 16:00:00+00:00,0.0,21.625,0.0,17.875,0.0,2.5833333333333335,0.0,0.0,0.0,0.0,0.0,15.916666666666666
2024-09-17 17:00:00+00:00,125.0,25.791666666666668,125.0,22.041666666666668,0.0,1.5416666666666667,0.0,0.0,0.0,0.0,67.0,17.666666666666668
2024-09-17 18:00:00+00:00,80.0,29.125,80.0,25.375,0.0,1.5416666666666667,0.0,0.0,0.0,0.0,46.0,19.583333333333332
2024-09-17 19:00:00+00:00,44.0,30.958333333333332,44.0,27.208333333333332,0.0,1.5416666666666667,0.0,0.0,0.0,0.0,15.0,20.208333333333332
2024-09-17 20:00:00+00:00,0.0,30.291666666666668,0.0,27.208333333333332,0.0,0.875,0.0,0.0,0.0,0.0,0.0,19.916666666666668
2024-09-17 21:00:00+00:00,0.0,30.291666666666668,0.0,27.208333333333332,0.0,0.875,0.0,0.0,0.0,0.0,0.0,19.916666666666668
2024-09-17 22:00:00+00:00,53.0,32.5,53.0,29.416666666666668,0.0,0.875,0.0,0.0,0.0,0.0,35.0,21.375
2024-09-17 23:00:00+00:00,104.0,35.958333333333336,104.0,33.75,0.0,0.0,0.0,0.0,0.0,0.0,58.0,23.208333333333332
2024-09-18 00:00:00+00:00,55.0,38.25,55.0,36.041666666666664,0.0,0.0,0.0,0.0,0.0,0.0,55.0,25.5
2024-09-18 01:00:00+00:00,1.0,38.291666666666664,1.0,36.083333333333336,0.0,0.0,0.0,0.0,0.0,0.0,0.0,25.5
2024-09-18 02:00:00+00:00,13.0,38.416666666666664,0.0,36.083333333333336,0.0,0.0,0.0,0.0,0.0,0.0,12.0,25.583333333333332
2024-09-18 03:00:00+00:00,12.0,37.958333333333336,0.0,36.083333333333336,0.0,0.0,0.0,0.0,0.0,0.0,12.0,25.208333333333332
2024-09-18 04:00:00+00:00,0.0,37.958333333333336,0.0,36.083333333333336,0.0,0.0,0.0,0.0,0.0,0.0,0.0,25.208333333333332
2024-09-18 05:00:00+00:00,0.0,30.0,0.0,28.125,0.0,0.0,0.0,0.0,0.0,0.0,0.0,18.625
2024-09-18 06:00:00+00:00,0.0,27.333333333333332,0.0,25.458333333333332,0.0,0.0,0.0,0.0,0.0,0.0,0.0,16.875
2024-09-18 07:00:00+00:00,0.0,26.958333333333332,0.0,25.083333333333332,0.0,0.0,0.0,0.0,0.0,0.0,0.0,16.666666666666668
2024-09-18 08:00:00+00:00,0.0,26.291666666666668,0.0,24.416666666666668,0.0,0.0,0.0,0.0,0.0,0.0,0.0,16.208333333333332
2024-09-18 09:00:00+00:00,0.0,26.291666666666668,0.0,24.416666666666668,0.0,0.0,0.0,0.0,0.0,0.0,0.0,16.208333333333332
2024-09-18 10:00:00+00:00,0.0,26.291666666666668,0.0,24.416666666666668,0.0,0.0,0.0,0.0,0.0,0.0,0.0,16.208333333333332
2024-09-18 11:00:00+00:00,0.0,25.833333333333332,0.0,23.958333333333332,0.0,0.0,0.0,0.0,0.0,0.0,0.0,16.208333333333332
2024-09-18 12:00:00+00:00,0.0,21.125,0.0,19.25,0.0,0.0,0.0,0.0,0.0,0.0,0.0,13.0
2024-09-18 13:00:00+00:00,0.0,21.125,0.0,19.25,0.0,0.0,0.0,0.0,0.0,0.0,0.0,13.0
2024-09-18 14:00:00+00:00,164.0,27.958333333333332,164.0,26.083333333333332,0.0,0.0,0.0,0.0,0.0,0.0,93.0,16.875
2024-09-18 15:00:00+00:00,40.0,28.791666666666668,40.0,27.75,0.0,0.0,0.0,0.0,0.0,0.0,38.0,17.958333333333332
2024-09-18 16:00:00+00:00,45.0,30.666666666666668,45.0,29.625,0.0,0.0,0.0,0.0,0.0,0.0,34.0,19.375
2024-09-18 17:00:00+00:00,0.0,25.458333333333332,0.0,24.416666666666668,0.0,0.0,0.0,0.0,0.0,0.0,0.0,16.583333333333332
2024-09-18 18:00:00+00:00,23.0,23.083333333333332,0.0,21.083333333333332,0.0,0.0,0.0,0.0,0.0,0.0,13.0,15.208333333333334
2024-09-18 19:00:00+00:00,0.0,21.25,0.0,19.25,0.0,0.0,0.0,0.0,0.0,0.0,0.0,14.583333333333334
2024-09-18 20:00:00+00:00,34.0,22.666666666666668,34.0,20.666666666666668,0.0,0.0,0.0,0.0,0.0,0.0,7.0,14.875
2024-09-18 21:00:00+00:00,0.0,22.666666666666668,0.0,20.666666666666668,0.0,0.0,0.0,0.0,0.0,0.0,0.0,14.875
2024-09-18 22:00:00+00:00,6.0,20.708333333333332,0.0,18.458333333333332,0.0,0.0,0.0,0.0,0.0,0.0,6.0,13.666666666666666
2024-09-18 23:00:00+00:00,0.0,16.375,0.0,14.125,0.0,0.0,0.0,0.0,0.0,0.0,0.0,11.25
2024-09-19 00:00:00+00:00,1.0,14.125,0.0,11.833333333333334,0.0,0.0,0.0,0.0,0.0,0.0,0.0,8.958333333333334
2024-09-19 01:00:00+00:00,0.0,14.083333333333334,0.0,11.791666666666666,0.0,0.0,0.0,0.0,0.0,0.0,0.0,8.958333333333334
2024-09-19 02:00:00+00:00,0.0,13.541666666666666,0.0,11.791666666666666,0.0,0.0,0.0,0.0,0.0,0.0,0.0,8.458333333333334
2024-09-19 03:00:00+00:00,8.0,13.375,0.0,11.791666666666666,0.0,0.0,0.0,0.0,0.0,0.0,8.0,8.291666666666666
2024-09-19 04:00:00+00:00,0.0,13.375,0.0,11.791666666666666,0.0,0.0,0.0,0.0,0.0,0.0,0.0,8.291666666666666
2024-09-19 05:00:00+00:00,0.0,13.375,0.0,11.791666666666666,0.0,0.0,0.0,0.0,0.0,0.0,0.0,8.291666666666666
2024-09-19 06:00:00+00:00,0.0,13.375,0.0,11.791666666666666,0.0,0.0,0.0,0.0,0.0,0.0,0.0,8.291666666666666
2024-09-19 07:00:00+00:00,0.0,13.375,0.0,11.791666666666666,0.0,0.0,0.0,0.0,0.0,0.0,0.0,8.291666666666666
2024-09-19 08:00:00+00:00,0.0,13.375,0.0,11.791666666666666,0.0,0.0,0.0,0.0,0.0,0.0,0.0,8.291666666666666
2024-09-19 09:00:00+00:00,0.0,13.375,0.0,11.791666666666666,0.0,0.0,0.0,0.0,0.0,0.0,0.0,8.291666666666666
2024-09-19 10:00:00+00:00,0.0,13.375,0.0,11.791666666666666,0.0,0.0,0.0,0.0,0.0,0.0,0.0,8.291666666666666
2024-09-19 11:00:00+00:00,0.0,13.375,0.0,11.791666666666666,0.0,0.0,0.0,0.0,0.0,0.0,0.0,8.291666666666666
2024-09-19 12:00:00+00:00,0.0,13.375,0.0,11.791666666666666,0.0,0.0,0.0,0.0,0.0,0.0,0.0,8.291666666666666
2024-09-19 13:00:00+00:00,0.0,13.375,0.0,11.791666666666666,0.0,0.0,0.0,0.0,0.0,0.0,0.0,8.291666666666666
2024-09-19 14:00:00+00:00,67.0,9.333333333333334,67.0,7.75,0.0,0.0,0.0,0.0,0.0,0.0,43.0,6.208333333333333
2024-09-19 15:00:00+00:00,9.0,8.041666666666666,9.0,6.458333333333333,0.0,0.0,0.0,0.0,0.0,0.0,9.0,5.0
2024-09-19 16:00:00+00:00,0.0,6.166666666666667,0.0,4.583333333333333,0.0,0.0,0.0,0.0,0.0,0.0,0.0,3.5833333333333335
2024-09-19 17:00:00+00:00,57.0,8.541666666666666,57.0,6.958333333333333,0.0,0.0,0.0,0.0,0.0,0.0,45.0,5.458333333333333
2024-09-19 18:00:00+00:00,44.0,9.416666666666666,44.0,8.791666666666666,0.0,0.0,0.0,0.0,0.0,0.0,44.0,6.75
2024-09-19 19:00:00+00:00,0.0,9.416666666666666,0.0,8.791666666666666,0.0,0.0,0.0,0.0,0.0,0.0,0.0,6.75
2024-09-19 20:00:00+00:00,0.0,8.0,0.0,7.375,0.0,0.0,0.0,0.0,0.0,0.0,0.0,6.458333333333333
2024-09-19 21:00:00+00:00,56.0,10.333333333333334,56.0,9.708333333333334,0.0,0.0,0.0,0.0,0.0,0.0,26.0,7.541666666666667
2024-09-19 22:00:00+00:00,0.0,10.083333333333334,0.0,9.708333333333334,0.0,0.0,0.0,0.0,0.0,0.0,0.0,7.291666666666667
2024-09-19 23:00:00+00:00,0.0,10.083333333333334,0.0,9.708333333333334,0.0,0.0,0.0,0.0,0.0,0.0,0.0,7.291666666666667
2024-09-20 00:00:00+00:00,0.0,10.041666666666666,0.0,9.708333333333334,0.0,0.0,0.0,0.0,0.0,0.0,0.0,7.291666666666667
2024-09-20 01:00:00+00:00,0.0,10.041666666666666,0.0,9.708333333333334,0.0,0.0,0.0,0.0,0.0,0.0,0.0,7.291666666666667
2024-09-20 02:00:00+00:00,0.0,10.041666666666666,0.0,9.708333333333334,0.0,0.0,0.0,0.0,0.0,0.0,0.0,7.291666666666667
2024-09-20 03:00:00+00:00,0.0,9.708333333333334,0.0,9.708333333333334,0.0,0.0,0.0,0.0,0.0,0.0,0.0,6.958333333333333
2024-09-20 04:00:00+00:00,0.0,9.708333333333334,0.0,9.708333333333334,0.0,0.0,0.0,0.0,0.0,0.0,0.0,6.958333333333333
2024-09-20 05:00:00+00:00,3.0,9.833333333333334,0.0,9.708333333333334,0.0,0.0,0.0,0.0,0.0,0.0,0.0,6.958333333333333
2024-09-20 06:00:00+00:00,98.0,13.916666666666666,98.0,13.791666666666666,0.0,0.0,0.0,0.0,0.0,0.0,60.0,9.458333333333334
2024-09-20 07:00:00+00:00,211.0,22.708333333333332,211.0,22.583333333333332,0.0,0.0,0.0,0.0,0.0,0.0,189.0,17.333333333333332
2024-09-20 08:00:00+00:00,0.0,22.708333333333332,0.0,22.583333333333332,0.0,0.0,0.0,0.0,0.0,0.0,0.0,17.333333333333332
2024-09-20 09:00:00+00:00,0.0,22.708333333333332,0.0,22.583333333333332,0.0,0.0,0.0,0.0,0.0,0.0,0.0,17.333333333333332
2024-09-20 10:00:00+00:00,0.0,22.708333333333332,0.0,22.583333333333332,0.0,0.0,0.0,0.0,0.0,0.0,0.0,17.333333333333332
2024-09-20 11:00:00+00:00,0.0,22.708333333333332,0.0,22.583333333333332,0.0,0.0,0.0,0.0,0.0,0.0,0.0,17.333333333333332
2024-09-20 12:00:00+00:00,0.0,22.708333333333332,0.0,22.583333333333332,0.0,0.0,0.0,0.0,0.0,0.0,0.0,17.333333333333332
2024-09-20 13:00:00+00:00,0.0,22.708333333333332,0.0,22.583333333333332,0.0,0.0,0.0,0.0,0.0,0.0,0.0,17.333333333333332
2024-09-20 14:00:00+00:00,0.0,19.916666666666668,0.0,19.791666666666668,0.0,0.0,0.0,0.0,0.0,0.0,0.0,15.541666666666666
2024-09-20 15:00:00+00:00,45.0,21.416666666666668,45.0,21.291666666666668,0.0,0.0,0.0,0.0,0.0,0.0,43.0,16.958333333333332
2024-09-20 16:00:00+00:00,221.0,30.625,221.0,30.5,0.0,0.0,0.0,0.0,0.0,0.0,72.0,19.958333333333332
2024-09-20 17:00:00+00:00,75.0,31.375,75.0,31.25,0.0,0.0,0.0,0.0,0.0,0.0,68.0,20.916666666666668
2024-09-20 18:00:00+00:00,0.0,29.541666666666668,0.0,29.416666666666668,0.0,0.0,0.0,0.0,0.0,0.0,0.0,19.083333333333332
2024-09-20 19:00:00+00:00,0.0,29.541666666666668,0.0,29.416666666666668,0.0,0.0,0.0,0.0,0.0,0.0,0.0,19.083333333333332
2024-09-20 20:00:00+00:00,14.0,30.125,0.0,29.416666666666668,0.0,0.0,0.0,0.0,0.0,0.0,14.0,19.666666666666668
2024-09-20 21:00:00+00:00,98.0,31.875,98.0,31.166666666666668,0.0,0.0,0.0,0.0,0.0,0.0,88.0,22.25
2024-09-20 22:00:00+00:00,9.0,32.25,9.0,31.541666666666668,0.0,0.0,0.0,0.0,0.0,0.0,9.0,22.625
2024-09-20 23:00:00+00:00,0.0,32.25,0.0,31.541666666666668,0.0,0.0,0.0,0.0,0.0,0.0,0.0,22.625
2024-09-21 00:00:00+00:00,0.0,32.25,0.0,31.541666666666668,0.0,0.0,0.0,0.0,0.0,0.0,0.0,22.625
2024-09-21 01:00:00+00:00,169.0,39.291666666666664,169.0,38.583333333333336,0.0,0.0,0.0,0.0,0.0,0.0,121.0,27.666666666666668
2024-09-21 02:00:00+00:00,0.0,39.291666666666664,0.0,38.583333333333336,0.0,0.0,0.0,0.0,0.0,0.0,0.0,27.666666666666668
2024-09-21 03:00:00+00:00,0.0,39.291666666666664,0.0,38.583333333333336,0.0,0.0,0.0,0.0,0.0,0.0,0.0,27.666666666666668
2024-09-21 04:00:00+00:00,0.0,39.291666666666664,0.0,38.583333333333336,0.0,0.0,0.0,0.0,0.0,0.0,0.0,27.666666666666668
2024-09-21 05:00:00+00:00,0.0,39.166666666666664,0.0,38.583333333333336,0.0,0.0,0.0,0.0,0.0,0.0,0.0,27.666666666666668
2024-09-21 06:00:00+00:00,59.0,37.541666666666664,59.0,36.958333333333336,0.0,0.0,0.0,0.0,0.0,0.0,49.0,27.208333333333332
2024-09-21 07:00:00+00:00,0.0,28.75,0.0,28.166666666666668,0.0,0.0,0.0,0.0,0.0,0.0,0.0,19.333333333333332
2024-09-21 08:00:00+00:00,0.0,28.75,0.0,28.166666666666668,0.0,0.0,0.0,0.0,0.0,0.0,0.0,19.333333333333332
2024-09-21 09:00:00+00:00,0.0,28.75,0.0,28.166666666666668,0.0,0.0,0.0,0.0,0.0,0.0,0.0,19.333333333333332
2024-09-21 10:00:00+00:00,0.0,28.75,0.0,28.166666666666668,0.0,0.0,0.0,0.0,0.0,0.0,0.0,19.333333333333332
2024-09-21 11:00:00+00:00,0.0,28.75,0.0,28.166666666666668,0.0,0.0,0.0,0.0,0.0,0.0,0.0,19.333333333333332
2024-09-21 12:00:00+00:00,0.0,28.75,0.0,28.166666666666668,0.0,0.0,0.0,0.0,0.0,0.0,0.0,19.333333333333332
2024-09-21 13:00:00+00:00,0.0,28.75,0.0,28.166666666666668,0.0,0.0,0.0,0.0,0.0,0.0,0.0,19.333333333333332
2024-09-21 14:00:00+00:00,0.0,28.75,0.0,28.166666666666668,0.0,0.0,0.0,0.0,0.0,0.0,0.0,19.333333333333332
2024-09-21 15:00:00+00:00,0.0,26.875,0.0,26.291666666666668,0.0,0.0,0.0,0.0,0.0,0.0,0.0,17.541666666666668
2024-09-21 16:00:00+00:00,0.0,17.666666666666668,0.0,17.083333333333332,0.0,0.0,0.0,0.0,0.0,0.0,0.0,14.541666666666666
2024-09-21 17:00:00+00:00,0.0,14.541666666666666,0.0,13.958333333333334,0.0,0.0,0.0,0.0,0.0,0.0,0.0,11.708333333333334
2024-09-21 18:00:00+00:00,38.0,16.125,38.0,15.541666666666666,0.0,0.0,0.0,0.0,0.0,0.0,0.0,11.708333333333334
2024-09-21 19:00:00+00:00,113.0,20.833333333333332,113.0,20.25,0.0,0.0,0.0,0.0,0.0,0.0,52.0,13.875
2024-09-21 20:00:00+00:00,0.0,20.25,0.0,20.25,0.0,0.0,0.0,0.0,0.0,0.0,0.0,13.291666666666666
2024-09-21 21:00:00+00:00,0.0,16.166666666666668,0.0,16.166666666666668,0.0,0.0,0.0,0.0,0.0,0.0,0.0,9.625
2024-09-21 22:00:00+00:00,0.0,15.791666666666666,0.0,15.791666666666666,0.0,0.0,0.0,0.0,0.0,0.0,0.0,9.25
2024-09-21 23:00:00+00:00,0.0,15.791666666666666,0.0,15.791666666666666,0.0,0.0,0.0,0.0,0.0,0.0,0.0,9.25
2024-09-22 00:00:00+00:00,174.0,23.041666666666668,174.0,23.041666666666668,0.0,0.0,0.0,0.0,0.0,0.0,54.0,11.5
2024-09-22 01:00:00+00:00,0.0,16.0,0.0,16.0,0.0,0.0,0.0,0.0,0.0,0.0,0.0,6.458333333333333
2024-09-22 02:00:00+00:00,0.0,16.0,0.0,16.0,0.0,0.0,0.0,0.0,0.0,0.0,0.0,6.458333333333333
2024-09-22 03:00:00+00:00,123.0,21.125,123.0,21.125,0.0,0.0,0.0,0.0,0.0,0.0,86.0,10.041666666666666
2024-09-22 04:00:00+00:00,76.0,24.291666666666668,76.0,24.291666666666668,0.0,0.0,0.0,0.0,0.0,0.0,24.0,11.041666666666666
2024-09-22 05:00:00+00:00,60.0,26.791666666666668,60.0,26.791666666666668,0.0,0.0,0.0,0.0,0.0,0.0,45.0,12.916666666666666
2024-09-22 06:00:00+00:00,0.0,24.333333333333332,0.0,24.333333333333332,0.0,0.0,0.0,0.0,0.0,0.0,0.0,10.875
2024-09-22 07:00:00+00:00,0.0,24.333333333333332,0.0,24.333333333333332,0.0,0.0,0.0,0.0,0.0,0.0,0.0,10.875
2024-09-22 08:00:00+00:00,0.0,24.333333333333332,0.0,24.333333333333332,0.0,0.0,0.0,0.0,0.0,0.0,0.0,10.875
2024-09-22 09:00:00+00:00,0.0,24.333333333333332,0.0,24.333333333333332,0.0,0.0,0.0,0.0,0.0,0.0,0.0,10.875
2024-09-22 10:00:00+00:00,0.0,24.333333333333332,0.0,24.333333333333332,0.0,0.0,0.0,0.0,0.0,0.0,0.0,10.875
2024-09-22 11:00:00+00:00,0.0,24.333333333333332,0.0,24.333333333333332,0.0,0.0,0.0,0.0,0.0,0.0,0.0,10.875
2024-09-22 12:00:00+00:00,0.0,24.333333333333332,0.0,24.333333333333332,0.0,0.0,0.0,0.0,0.0,0.0,0.0,10.875
2024-09-22 13:00:00+00:00,0.0,24.333333333333332,0.0,24.333333333333332,0.0,0.0,0.0,0.0,0.0,0.0,0.0,10.875
2024-09-22 14:00:00+00:00,0.0,24.333333333333332,0.0,24.333333333333332,0.0,0.0,0.0,0.0,0.0,0.0,0.0,10.875
2024-09-22 15:00:00+00:00,0.0,24.333333333333332,0.0,24.333333333333332,0.0,0.0,0.0,0.0,0.0,0.0,0.0,10.875
2024-09-22 16:00:00+00:00,0.0,24.333333333333332,0.0,24.333333333333332,0.0,0.0,0.0,0.0,0.0,0.0,0.0,10.875
2024-09-22 17:00:00+00:00,0.0,24.333333333333332,0.0,24.333333333333332,0.0,0.0,0.0,0.0,0.0,0.0,0.0,10.875
2024-09-22 18:00:00+00:00,0.0,22.75,0.0,22.75,0.0,0.0,0.0,0.0,0.0,0.0,0.0,10.875
2024-09-22 19:00:00+00:00,131.0,23.5,131.0,23.5,0.0,0.0,0.0,0.0,0.0,0.0,70.0,11.625
2024-09-22 20:00:00+00:00,43.0,25.291666666666668,43.0,25.291666666666668,0.0,0.0,0.0,0.0,0.0,0.0,0.0,11.625
2024-09-22 21:00:00+00:00,0.0,25.291666666666668,0.0,25.291666666666668,0.0,0.0,0.0,0.0,0.0,0.0,0.0,11.625
2024-09-22 22:00:00+00:00,6.0,25.541666666666668,0.0,25.291666666666668,0.0,0.0,0.0,0.0,0.0,0.0,6.0,11.875
2024-09-22 23:00:00+00:00,0.0,25.541666666666668,0.0,25.291666666666668,0.0,0.0,0.0,0.0,0.0,0.0,0.0,11.875
2024-09-23 00:00:00+00:00,0.0,18.291666666666668,0.0,18.041666666666668,0.0,0.0,0.0,0.0,0.0,0.0,0.0,9.625
2024-09-23 01:00:00+00:00,0.0,18.291666666666668,0.0,18.041666666666668,0.0,0.0,0.0,0.0,0.0,0.0,0.0,9.625
2024-09-23 02:00:00+00:00,15.0,18.916666666666668,0.0,18.041666666666668,15.0,0.625,0.0,0.0,0.0,0.0,0.0,9.625
2024-09-23 03:00:00+00:00,0.0,13.791666666666666,0.0,12.916666666666666,0.0,0.625,0.0,0.0,0.0,0.0,0.0,6.041666666666667
2024-09-23 04:00:00+00:00,0.0,10.625,0.0,9.75,0.0,0.625,0.0,0.0,0.0,0.0,0.0,5.041666666666667
2024-09-23 05:00:00+00:00,0.0,8.125,0.0,7.25,0.0,0.625,0.0,0.0,0.0,0.0,0.0,3.1666666666666665
2024-09-23 06:00:00+00:00,0.0,8.125,0.0,7.25,0.0,0.625,0.0,0.0,0.0,0.0,0.0,3.1666666666666665
2024-09-23 07:00:00+00:00,0.0,8.125,0.0,7.25,0.0,0.625,0.0,0.0,0.0,0.0,0.0,3.1666666666666665
2024-09-23 08:00:00+00:00,0.0,8.125,0.0,7.25,0.0,0.625,0.0,0.0,0.0,0.0,0.0,3.1666666666666665
2024-09-23 09:00:00+00:00,0.0,8.125,0.0,7.25,0.0,0.625,0.0,0.0,0.0,0.0,0.0,3.1666666666666665
2024-09-23 10:00:00+00:00,0.0,8.125,0.0,7.25,0.0,0.625,0.0,0.0,0.0,0.0,0.0,3.1666666666666665
2024-09-23 11:00:00+00:00,0.0,8.125,0.0,7.25,0.0,0.625,0.0,0.0,0.0,0.0,0.0,3.1666666666666665
2024-09-23 12:00:00+00:00,0.0,8.125,0.0,7.25,0.0,0.625,0.0,0.0,0.0,0.0,0.0,3.1666666666666665
2024-09-23 13:00:00+00:00,0.0,8.125,0.0,7.25,0.0,0.625,0.0,0.0,0.0,0.0,0.0,3.1666666666666665
2024-09-23 14:00:00+00:00,0.0,8.125,0.0,7.25,0.0,0.625,0.0,0.0,0.0,0.0,0.0,3.1666666666666665
2024-09-23 15:00:00+00:00,18.0,8.875,18.0,8.0,18.0,1.375,0.0,0.0,0.0,0.0,0.0,3.1666666666666665
2024-09-23 16:00:00+00:00,294.0,21.125,294.0,20.25,294.0,13.625,0.0,0.0,0.0,0.0,153.0,9.541666666666666
2024-09-23 17:00:00+00:00,45.0,23.0,45.0,22.125,45.0,15.5,0.0,0.0,0.0,0.0,15.0,10.166666666666666
2024-09-23 18:00:00+00:00,66.0,25.75,66.0,24.875,66.0,18.25,0.0,0.0,0.0,0.0,24.0,11.166666666666666
2024-09-23 19:00:00+00:00,0.0,20.291666666666668,0.0,19.416666666666668,0.0,18.25,0.0,0.0,0.0,0.0,0.0,8.25
2024-09-23 20:00:00+00:00,0.0,18.5,0.0,17.625,0.0,18.25,0.0,0.0,0.0,0.0,0.0,8.25
2024-09-23 21:00:00+00:00,0.0,18.5,0.0,17.625,0.0,18.25,0.0,0.0,0.0,0.0,0.0,8.25
2024-09-23 22:00:00+00:00,0.0,18.25,0.0,17.625,0.0,18.25,0.0,0.0,0.0,0.0,0.0,8.0
2024-09-23 23:00:00+00:00,0.0,18.25,0.0,17.625,0.0,18.25,0.0,0.0,0.0,0.0,0.0,8.0
2024-09-24 00:00:00+00:00,0.0,18.25,0.0,17.625,0.0,18.25,0.0,0.0,0.0,0.0,0.0,8.0
2024-09-24 01:00:00+00:00,0.0,18.25,0.0,17.625,0.0,18.25,0.0,0.0,0.0,0.0,0.0,8.0
2024-09-24 02:00:00+00:00,84.0,21.125,84.0,21.125,0.0,17.625,0.0,0.0,0.0,0.0,58.0,10.416666666666666
2024-09-24 03:00:00+00:00,50.0,23.208333333333332,50.0,23.208333333333332,0.0,17.625,0.0,0.0,0.0,0.0,34.0,11.833333333333334
2024-09-24 04:00:00+00:00,0.0,23.208333333333332,0.0,23.208333333333332,0.0,17.625,0.0,0.0,0.0,0.0,0.0,11.833333333333334
2024-09-24 05:00:00+00:00,0.0,23.208333333333332,0.0,23.208333333333332,0.0,17.625,0.0,0.0,0.0,0.0,0.0,11.833333333333334
2024-09-24 06:00:00+00:00,5.0,23.416666666666668,0.0,23.208333333333332,0.0,17.625,0.0,0.0,0.0,0.0,0.0,11.833333333333334
2024-09-24 07:00:00+00:00,0.0,23.416666666666668,0.0,23.208333333333332,0.0,17.625,0.0,0.0,0.0,0.0,0.0,11.833333333333334
2024-09-24 08:00:00+00:00,0.0,23.416666666666668,0.0,23.208333333333332,0.0,17.625,0.0,0.0,0.0,0.0,0.0,11.833333333333334
2024-09-24 09:00:00+00:00,0.0,23.416666666666668,0.0,23.208333333333332,0.0,17.625,0.0,0.0,0.0,0.0,0.0,11.833333333333334
2024-09-24 10:00:00+00:00,0.0,23.416666666666668,0.0,23.208333333333332,0.0,17.625,0.0,0.0,0.0,0.0,0.0,11.833333333333334
2024-09-24 11:00:00+00:00,0.0,23.416666666666668,0.0,23.208333333333332,0.0,17.625,0.0,0.0,0.0,0.0,0.0,11.833333333333334
2024-09-24 12:00:00+00:00,0.0,23.416666666666668,0.0,23.208333333333332,0.0,17.625,0.0,0.0,0.0,0.0,0.0,11.833333333333334
2024-09-24 13:00:00+00:00,0.0,23.416666666666668,0.0,23.208333333333332,0.0,17.625,0.0,0.0,0.0,0.0,0.0,11.833333333333334
2024-09-24 14:00:00+00:00,0.0,23.416666666666668,0.0,23.208333333333332,0.0,17.625,0.0,0.0,0.0,0.0,0.0,11.833333333333334
2024-09-24 15:00:00+00:00,0.0,22.666666666666668,0.0,22.458333333333332,0.0,16.875,0.0,0.0,0.0,0.0,0.0,11.833333333333334
2024-09-24 16:00:00+00:00,0.0,10.416666666666666,0.0,10.208333333333334,0.0,4.625,0.0,0.0,0.0,0.0,0.0,5.458333333333333
2024-09-24 17:00:00+00:00,62.0,11.125,62.0,10.916666666666666,0.0,2.75,0.0,0.0,0.0,0.0,47.0,6.791666666666667
2024-09-24 18:00:00+00:00,0.0,8.375,0.0,8.166666666666666,0.0,0.0,0.0,0.0,0.0,0.0,0.0,5.791666666666667
2024-09-24 19:00:00+00:00,5.0,8.583333333333334,5.0,8.375,0.0,0.0,0.0,0.0,0.0,0.0,0.0,5.791666666666667
2024-09-24 20:00:00+00:00,145.0,14.625,145.0,14.416666666666666,0.0,0.0,0.0,0.0,0.0,0.0,90.0,9.541666666666666
2024-09-24 21:00:00+00:00,0.0,14.625,0.0,14.416666666666666,0.0,0.0,0.0,0.0,0.0,0.0,0.0,9.541666666666666
2024-09-24 22:00:00+00:00,8.0,14.958333333333334,8.0,14.75,0.0,0.0,0.0,0.0,0.0,0.0,7.0,9.833333333333334
2024-09-24 23:00:00+00:00,73.0,18.0,73.0,17.791666666666668,0.0,0.0,0.0,0.0,0.0,0.0,66.0,12.583333333333334
2024-09-25 00:00:00+00:00,0.0,18.0,0.0,17.791666666666668,0.0,0.0,0.0,0.0,0.0,0.0,0.0,12.583333333333334
2024-09-25 01:00:00+00:00,0.0,18.0,0.0,17.791666666666668,0.0,0.0,0.0,0.0,0.0,0.0,0.0,12.583333333333334
2024-09-25 02:00:00+00:00,0.0,14.5,0.0,14.291666666666666,0.0,0.0,0.0,0.0,0.0,0.0,0.0,10.166666666666666
2024-09-25 03:00:00+00:00,50.0,14.5,50.0,14.291666666666666,50.0,2.0833333333333335,0.0,0.0,0.0,0.0,38.0,10.333333333333334
2024-09-25 04:00:00+00:00,63.0,17.125,63.0,16.916666666666668,63.0,4.708333333333333,0.0,0.0,0.0,0.0,63.0,12.958333333333334
2024-09-25 05:00:00+00:00,20.0,17.958333333333332,20.0,17.75,20.0,5.541666666666667,0.0,0.0,0.0,0.0,16.0,13.625
2024-09-25 06:00:00+00:00,32.0,19.083333333333332,32.0,19.083333333333332,32.0,6.875,0.0,0.0,0.0,0.0,21.0,14.5
2024-09-25 07:00:00+00:00,0.0,19.083333333333332,0.0,19.083333333333332,0.0,6.875,0.0,0.0,0.0,0.0,0.0,14.5
2024-09-25 08:00:00+00:00,0.0,19.083333333333332,0.0,19.083333333333332,0.0,6.875,0.0,0.0,0.0,0.0,0.0,14.5
2024-09-25 09:00:00+00:00,0.0,19.083333333333332,0.0,19.083333333333332,0.0,6.875,0.0,0.0,0.0,0.0,0.0,14.5
2024-09-25 10:00:00+00:00,0.0,19.083333333333332,0.0,19.083333333333332,0.0,6.875,0.0,0.0,0.0,0.0,0.0,14.5
2024-09-25 11:00:00+00:00,0.0,19.083333333333332,0.0,19.083333333333332,0.0,6.875,0.0,0.0,0.0,0.0,0.0,14.5
2024-09-25 12:00:00+00:00,0.0,19.083333333333332,0.0,19.083333333333332,0.0,6.875,0.0,0.0,0.0,0.0,0.0,14.5
2024-09-25 13:00:00+00:00,58.0,21.5,58.0,21.5,58.0,9.291666666666666,0.0,0.0,0.0,0.0,58.0,16.916666666666668
2024-09-25 14:00:00+00:00,87.0,25.125,87.0,25.125,87.0,12.916666666666666,0.0,0.0,0.0,0.0,11.0,17.375
2024-09-25 15:00:00+00:00,7.0,25.416666666666668,7.0,25.416666666666668,7.0,13.208333333333334,0.0,0.0,0.0,0.0,7.0,17.666666666666668
2024-09-25 16:00:00+00:00,9.0,25.791666666666668,0.0,25.416666666666668,9.0,13.583333333333334,0.0,0.0,0.0,0.0,0.0,17.666666666666668
2024-09-25 17:00:00+00:00,0.0,23.208333333333332,0.0,22.833333333333332,0.0,13.583333333333334,0.0,0.0,0.0,0.0,0.0,15.708333333333334
2024-09-25 18:00:00+00:00,0.0,23.208333333333332,0.0,22.833333333333332,0.0,13.583333333333334,0.0,0.0,0.0,0.0,0.0,15.708333333333334
2024-09-25 19:00:00+00:00,0.0,23.0,0.0,22.625,0.0,13.583333333333334,0.0,0.0,0.0,0.0,0.0,15.708333333333334
2024-09-25 20:00:00+00:00,0.0,16.958333333333332,0.0,16.583333333333332,0.0,13.583333333333334,0.0,0.0,0.0,0.0,0.0,11.958333333333334
2024-09-25 21:00:00+00:00,136.0,22.625,136.0,22.25,136.0,19.25,0.0,0.0,0.0,0.0,100.0,16.125
2024-09-25 22:00:00+00:00,38.0,23.875,38.0,23.5,38.0,20.833333333333332,0.0,0.0,0.0,0.0,23.0,16.791666666666668
2024-09-25 23:00:00+00:00,131.0,26.291666666666668,131.0,25.916666666666668,131.0,26.291666666666668,0.0,0.0,0.0,0.0,113.0,18.75
2024-09-26 00:00:00+00:00,4.0,26.458333333333332,4.0,26.083333333333332,0.0,26.291666666666668,0.0,0.0,0.0,0.0,0.0,18.75
2024-09-26 01:00:00+00:00,0.0,26.458333333333332,0.0,26.083333333333332,0.0,26.291666666666668,0.0,0.0,0.0,0.0,0.0,18.75
2024-09-26 02:00:00+00:00,0.0,26.458333333333332,0.0,26.083333333333332,0.0,26.291666666666668,0.0,0.0,0.0,0.0,0.0,18.75
2024-09-26 03:00:00+00:00,0.0,24.375,0.0,24.0,0.0,24.208333333333332,0.0,0.0,0.0,0.0,0.0,17.166666666666668
2024-09-26 04:00:00+00:00,0.0,21.75,0.0,21.375,0.0,21.583333333333332,0.0,0.0,0.0,0.0,0.0,14.541666666666666
2024-09-26 05:00:00+00:00,0.0,20.916666666666668,0.0,20.541666666666668,0.0,20.75,0.0,0.0,0.0,0.0,0.0,13.875
2024-09-26 06:00:00+00:00,0.0,19.583333333333332,0.0,19.208333333333332,0.0,19.416666666666668,0.0,0.0,0.0,0.0,0.0,13.0
2024-09-26 07:00:00+00:00,0.0,19.583333333333332,0.0,19.208333333333332,0.0,19.416666666666668,0.0,0.0,0.0,0.0,0.0,13.0
2024-09-26 08:00:00+00:00,0.0,19.583333333333332,0.0,19.208333333333332,0.0,19.416666666666668,0.0,0.0,0.0,0.0,0.0,13.0
2024-09-26 09:00:00+00:00,0.0,19.583333333333332,0.0,19.208333333333332,0.0,19.416666666666668,0.0,0.0,0.0,0.0,0.0,13.0
2024-09-26 10:00:00+00:00,0.0,19.583333333333332,0.0,19.208333333333332,0.0,19.416666666666668,0.0,0.0,0.0,0.0,0.0,13.0
2024-09-26 11:00:00+00:00,0.0,19.583333333333332,0.0,19.208333333333332,0.0,19.416666666666668,0.0,0.0,0.0,0.0,0.0,13.0
2024-09-26 12:00:00+00:00,0.0,19.583333333333332,0.0,19.208333333333332,0.0,19.416666666666668,0.0,0.0,0.0,0.0,0.0,13.0
2024-09-26 13:00:00+00:00,70.0,20.083333333333332,70.0,19.708333333333332,0.0,17.0,0.0,0.0,0.0,0.0,28.0,11.75
2024-09-26 14:00:00+00:00,216.0,25.458333333333332,216.0,25.083333333333332,0.0,13.375,0.0,0.0,0.0,0.0,153.0,17.666666666666668
2024-09-26 15:00:00+00:00,0.0,25.166666666666668,0.0,24.791666666666668,0.0,13.083333333333334,0.0,0.0,0.0,0.0,0.0,17.375
2024-09-26 16:00:00+00:00,28.0,25.958333333333332,28.0,25.958333333333332,0.0,12.708333333333334,0.0,0.0,0.0,0.0,13.0,17.916666666666668
2024-09-26 17:00:00+00:00,0.0,25.958333333333332,0.0,25.958333333333332,0.0,12.708333333333334,0.0,0.0,0.0,0.0,0.0,17.916666666666668
2024-09-26 18:00:00+00:00,0.0,25.958333333333332,0.0,25.958333333333332,0.0,12.708333333333334,0.0,0.0,0.0,0.0,0.0,17.916666666666668
2024-09-26 19:00:00+00:00,0.0,25.958333333333332,0.0,25.958333333333332,0.0,12.708333333333334,0.0,0.0,0.0,0.0,0.0,17.916666666666668
2024-09-26 20:00:00+00:00,0.0,25.958333333333332,0.0,25.958333333333332,0.0,12.708333333333334,0.0,0.0,0.0,0.0,0.0,17.916666666666668
2024-09-26 21:00:00+00:00,0.0,20.291666666666668,0.0,20.291666666666668,0.0,7.041666666666667,0.0,0.0,0.0,0.0,0.0,13.75
2024-09-26 22:00:00+00:00,194.0,26.791666666666668,194.0,26.791666666666668,0.0,5.458333333333333,0.0,0.0,0.0,0.0,148.0,18.958333333333332
2024-09-26 23:00:00+00:00,17.0,22.041666666666668,17.0,22.041666666666668,0.0,0.0,0.0,0.0,0.0,0.0,17.0,14.958333333333334
2024-09-27 00:00:00+00:00,12.0,22.375,12.0,22.375,0.0,0.0,0.0,0.0,0.0,0.0,12.0,15.458333333333334
2024-09-27 01:00:00+00:00,0.0,22.375,0.0,22.375,0.0,0.0,0.0,0.0,0.0,0.0,0.0,15.458333333333334
2024-09-27 02:00:00+00:00,0.0,22.375,0.0,22.375,0.0,0.0,0.0,0.0,0.0,0.0,0.0,15.458333333333334
2024-09-27 03:00:00+00:00,7.0,22.666666666666668,0.0,22.375,0.0,0.0,0.0,0.0,0.0,0.0,7.0,15.75
2024-09-27 04:00:00+00:00,0.0,22.666666666666668,0.0,22.375,0.0,0.0,0.0,0.0,0.0,0.0,0.0,15.75
2024-09-27 05:00:00+00:00,0.0,22.666666666666668,0.0,22.375,0.0,0.0,0.0,0.0,0.0,0.0,0.0,15.75
2024-09-27 06:00:00+00:00,56.0,25.0,56.0,24.708333333333332,0.0,0.0,0.0,0.0,0.0,0.0,40.0,17.416666666666668
2024-09-27 07:00:00+00:00,5.0,25.208333333333332,5.0,24.916666666666668,0.0,0.0,0.0,0.0,0.0,0.0,0.0,17.416666666666668
2024-09-27 08:00:00+00:00,0.0,25.208333333333332,0.0,24.916666666666668,0.0,0.0,0.0,0.0,0.0,0.0,0.0,17.416666666666668
2024-09-27 09:00:00+00:00,0.0,25.208333333333332,0.0,24.916666666666668,0.0,0.0,0.0,0.0,0.0,0.0,0.0,17.416666666666668
2024-09-27 10:00:00+00:00,0.0,25.208333333333332,0.0,24.916666666666668,0.0,0.0,0.0,0.0,0.0,0.0,0.0,17.416666666666668
2024-09-27 11:00:00+00:00,0.0,25.208333333333332,0.0,24.916666666666668,0.0,0.0,0.0,0.0,0.0,0.0,0.0,17.416666666666668
2024-09-27 12:00:00+00:00,0.0,25.208333333333332,0.0,24.916666666666668,0.0,0.0,0.0,0.0,0.0,0.0,0.0,17.416666666666668
2024-09-27 13:00:00+00:00,0.0,22.291666666666668,0.0,22.0,0.0,0.0,0.0,0.0,0.0,0.0,0.0,16.25
2024-09-27 14:00:00+00:00,0.0,13.291666666666666,0.0,13.0,0.0,0.0,0.0,0.0,0.0,0.0,0.0,9.875
2024-09-27 15:00:00+00:00,0.0,13.291666666666666,0.0,13.0,0.0,0.0,0.0,0.0,0.0,0.0,0.0,9.875
2024-09-27 16:00:00+00:00,107.0,16.583333333333332,107.0,16.291666666666668,0.0,0.0,0.0,0.0,0.0,0.0,78.0,12.583333333333334
2024-09-27 17:00:00+00:00,40.0,18.25,40.0,17.958333333333332,0.0,0.0,0.0,0.0,0.0,0.0,26.0,13.666666666666666
2024-09-27 18:00:00+00:00,9.0,18.625,0.0,17.958333333333332,0.0,0.0,0.0,0.0,0.0,0.0,7.0,13.958333333333334
2024-09-27 19:00:00+00:00,0.0,18.625,0.0,17.958333333333332,0.0,0.0,0.0,0.0,0.0,0.0,0.0,13.958333333333334
2024-09-27 20:00:00+00:00,0.0,18.625,0.0,17.958333333333332,0.0,0.0,0.0,0.0,0.0,0.0,0.0,13.958333333333334
2024-09-27 21:00:00+00:00,54.0,20.875,54.0,20.208333333333332,0.0,0.0,0.0,0.0,0.0,0.0,19.0,14.75
2024-09-27 22:00:00+00:00,79.0,16.083333333333332,79.0,15.416666666666666,0.0,0.0,0.0,0.0,0.0,0.0,39.0,10.208333333333334
2024-09-27 23:00:00+00:00,89.0,19.083333333333332,89.0,18.416666666666668,0.0,0.0,0.0,0.0,0.0,0.0,62.0,12.083333333333334
2024-09-28 00:00:00+00:00,0.0,18.583333333333332,0.0,17.916666666666668,0.0,0.0,0.0,0.0,0.0,0.0,0.0,11.583333333333334
2024-09-28 01:00:00+00:00,49.0,20.625,49.0,19.958333333333332,0.0,0.0,0.0,0.0,0.0,0.0,31.0,12.875
2024-09-28 02:00:00+00:00,0.0,20.625,0.0,19.958333333333332,0.0,0.0,0.0,0.0,0.0,0.0,0.0,12.875
2024-09-28 03:00:00+00:00,0.0,20.333333333333332,0.0,19.958333333333332,0.0,0.0,0.0,0.0,0.0,0.0,0.0,12.583333333333334
2024-09-28 04:00:00+00:00,0.0,20.333333333333332,0.0,19.958333333333332,0.0,0.0,0.0,0.0,0.0,0.0,0.0,12.583333333333334
2024-09-28 05:00:00+00:00,0.0,20.333333333333332,0.0,19.958333333333332,0.0,0.0,0.0,0.0,0.0,0.0,0.0,12.583333333333334
2024-09-28 06:00:00+00:00,0.0,18.0,0.0,17.625,0.0,0.0,0.0,0.0,0.0,0.0,0.0,10.916666666666666
2024-09-28 07:00:00+00:00,0.0,17.791666666666668,0.0,17.416666666666668,0.0,0.0,0.0,0.0,0.0,0.0,0.0,10.916666666666666
2024-09-28 08:00:00+00:00,0.0,17.791666666666668,0.0,17.416666666666668,0.0,0.0,0.0,0.0,0.0,0.0,0.0,10.916666666666666
2024-09-28 09:00:00+00:00,100.0,21.958333333333332,100.0,21.583333333333332,0.0,0.0,0.0,0.0,0.0,0.0,92.0,14.75
2024-09-28 10:00:00+00:00,28.0,23.125,28.0,22.75,0.0,0.0,0.0,0.0,0.0,0.0,26.0,15.833333333333334
2024-09-28 11:00:00+00:00,3.0,23.25,3.0,22.875,0.0,0.0,0.0,0.0,0.0,0.0,0.0,15.833333333333334
2024-09-28 12:00:00+00:00,6.0,23.5,0.0,22.875,0.0,0.0,0.0,0.0,0.0,0.0,0.0,15.833333333333334
2024-09-28 13:00:00+00:00,0.0,23.5,0.0,22.875,0.0,0.0,0.0,0.0,0.0,0.0,0.0,15.833333333333334
2024-09-28 14:00:00+00:00,4.0,23.666666666666668,0.0,22.875,0.0,0.0,0.0,0.0,0.0,0.0,0.0,15.833333333333334
2024-09-28 15:00:00+00:00,0.0,23.666666666666668,0.0,22.875,0.0,0.0,0.0,0.0,0.0,0.0,0.0,15.833333333333334
2024-09-28 16:00:00+00:00,36.0,20.708333333333332,36.0,19.916666666666668,0.0,0.0,0.0,0.0,0.0,0.0,20.0,13.416666666666666
2024-09-28 17:00:00+00:00,149.0,25.25,149.0,24.458333333333332,0.0,0.0,0.0,0.0,0.0,0.0,83.0,15.791666666666666
2024-09-28 18:00:00+00:00,0.0,24.875,0.0,24.458333333333332,0.0,0.0,0.0,0.0,0.0,0.0,0.0,15.5
2024-09-28 19:00:00+00:00,0.0,24.875,0.0,24.458333333333332,0.0,0.0,0.0,0.0,0.0,0.0,0.0,15.5
2024-09-28 20:00:00+00:00,13.0,25.416666666666668,13.0,25.0,0.0,0.0,0.0,0.0,0.0,0.0,13.0,16.041666666666668
2024-09-28 21:00:00+00:00,118.0,28.083333333333332,118.0,27.666666666666668,0.0,0.0,0.0,0.0,0.0,0.0,68.0,18.083333333333332
2024-09-28 22:00:00+00:00,52.0,26.958333333333332,52.0,26.541666666666668,0.0,0.0,0.0,0.0,0.0,0.0,38.0,18.041666666666668
2024-09-28 23:00:00+00:00,0.0,23.25,0.0,22.833333333333332,0.0,0.0,0.0,0.0,0.0,0.0,0.0,15.458333333333334
2024-09-29 00:00:00+00:00,18.0,24.0,0.0,22.833333333333332,0.0,0.0,0.0,0.0,0.0,0.0,18.0,16.208333333333332
2024-09-29 01:00:00+00:00,0.0,21.958333333333332,0.0,20.791666666666668,0.0,0.0,0.0,0.0,0.0,0.0,0.0,14.916666666666666
2024-09-29 02:00:00+00:00,6.0,22.208333333333332,0.0,20.791666666666668,0.0,0.0,0.0,0.0,0.0,0.0,0.0,14.916666666666666
2024-09-29 03:00:00+00:00,0.0,22.208333333333332,0.0,20.791666666666668,0.0,0.0,0.0,0.0,0.0,0.0,0.0,14.916666666666666
2024-09-29 04:00:00+00:00,14.0,22.791666666666668,0.0,20.791666666666668,0.0,0.0,0.0,0.0,0.0,0.0,0.0,14.916666666666666
2024-09-29 05:00:00+00:00,0.0,22.791666666666668,0.0,20.791666666666668,0.0,0.0,0.0,0.0,0.0,0.0,0.0,14.916666666666666
2024-09-29 06:00:00+00:00,0.0,22.791666666666668,0.0,20.791666666666668,0.0,0.0,0.0,0.0,0.0,0.0,0.0,14.916666666666666
2024-09-29 07:00:00+00:00,0.0,22.791666666666668,0.0,20.791666666666668,0.0,0.0,0.0,0.0,0.0,0.0,0.0,14.916666666666666
2024-09-29 08:00:00+00:00,0.0,22.791666666666668,0.0,20.791666666666668,0.0,0.0,0.0,0.0,0.0,0.0,0.0,14.916666666666666
2024-09-29 09:00:00+00:00,0.0,18.625,0.0,16.625,0.0,0.0,0.0,0.0,0.0,0.0,0.0,11.083333333333334
2024-09-29 10:00:00+00:00,0.0,17.458333333333332,0.0,15.458333333333334,0.0,0.0,0.0,0.0,0.0,0.0,0.0,10.0
2024-09-29 11:00:00+00:00,0.0,17.333333333333332,0.0,15.333333333333334,0.0,0.0,0.0,0.0,0.0,0.0,0.0,10.0
2024-09-29 12:00:00+00:00,0.0,17.083333333333332,0.0,15.333333333333334,0.0,0.0,0.0,0.0,0.0,0.0,0.0,10.0
2024-09-29 13:00:00+00:00,0.0,17.083333333333332,0.0,15.333333333333334,0.0,0.0,0.0,0.0,0.0,0.0,0.0,10.0
2024-09-29 14:00:00+00:00,0.0,16.916666666666668,0.0,15.333333333333334,0.0,0.0,0.0,0.0,0.0,0.0,0.0,10.0
2024-09-29 15:00:00+00:00,0.0,16.916666666666668,0.0,15.333333333333334,0.0,0.0,0.0,0.0,0.0,0.0,0.0,10.0
2024-09-29 16:00:00+00:00,0.0,15.416666666666666,0.0,13.833333333333334,0.0,0.0,0.0,0.0,0.0,0.0,0.0,9.166666666666666
2024-09-29 17:00:00+00:00,0.0,9.208333333333334,0.0,7.625,0.0,0.0,0.0,0.0,0.0,0.0,0.0,5.708333333333333
2024-09-29 18:00:00+00:00,14.0,9.791666666666666,0.0,7.625,0.0,0.0,0.0,0.0,0.0,0.0,14.0,6.291666666666667
2024-09-29 19:00:00+00:00,37.0,11.333333333333334,37.0,9.166666666666666,0.0,0.0,0.0,0.0,0.0,0.0,37.0,7.833333333333333
2024-09-29 20:00:00+00:00,4.0,10.958333333333334,4.0,8.791666666666666,0.0,0.0,0.0,0.0,0.0,0.0,0.0,7.291666666666667
2024-09-29 21:00:00+00:00,97.0,10.083333333333334,97.0,7.916666666666667,0.0,0.0,0.0,0.0,0.0,0.0,97.0,8.5
2024-09-29 22:00:00+00:00,75.0,11.041666666666666,75.0,8.875,0.0,0.0,0.0,0.0,0.0,0.0,56.0,9.25
2024-09-29 23:00:00+00:00,65.0,13.75,65.0,11.583333333333334,0.0,0.0,0.0,0.0,0.0,0.0,61.0,11.791666666666666
2024-09-30 00:00:00+00:00,0.0,13.0,0.0,11.583333333333334,0.0,0.0,0.0,0.0,0.0,0.0,0.0,11.041666666666666
2024-09-30 01:00:00+00:00,0.0,13.0,0.0,11.583333333333334,0.0,0.0,0.0,0.0,0.0,0.0,0.0,11.041666666666666
2024-09-30 02:00:00+00:00,65.0,15.458333333333334,65.0,14.291666666666666,65.0,2.7083333333333335,0.0,0.0,0.0,0.0,34.0,12.458333333333334
2024-09-30 03:00:00+00:00,7.0,15.75,7.0,14.583333333333334,7.0,3.0,0.0,0.0,0.0,0.0,0.0,12.458333333333334
2024-09-30 04:00:00+00:00,0.0,15.166666666666666,0.0,14.583333333333334,0.0,3.0,0.0,0.0,0.0,0.0,0.0,12.458333333333334
2024-09-30 05:00:00+00:00,4.0,15.333333333333334,0.0,14.583333333333334,4.0,3.1666666666666665,0.0,0.0,0.0,0.0,0.0,12.458333333333334
2024-09-30 06:00:00+00:00,9.0,15.708333333333334,0.0,14.583333333333334,9.0,3.5416666666666665,0.0,0.0,0.0,0.0,6.0,12.708333333333334
2024-09-30 07:00:00+00:00,0.0,15.708333333333334,0.0,14.583333333333334,0.0,3.5416666666666665,0.0,0.0,0.0,0.0,0.0,12.708333333333334
2024-09-30 08:00:00+00:00,0.0,15.708333333333334,0.0,14.583333333333334,0.0,3.5416666666666665,0.0,0.0,0.0,0.0,0.0,12.708333333333334
2024-09-30 09:00:00+00:00,0.0,15.708333333333334,0.0,14.583333333333334,0.0,3.5416666666666665,0.0,0.0,0.0,0.0,0.0,12.708333333333334
2024-09-30 10:00:00+00:00,0.0,15.708333333333334,0.0,14.583333333333334,0.0,3.5416666666666665,0.0,0.0,0.0,0.0,0.0,12.708333333333334
2024-09-30 11:00:00+00:00,0.0,15.708333333333334,0.0,14.583333333333334,0.0,3.5416666666666665,0.0,0.0,0.0,0.0,0.0,12.708333333333334
2024-09-30 12:00:00+00:00,0.0,15.708333333333334,0.0,14.583333333333334,0.0,3.5416666666666665,0.0,0.0,0.0,0.0,0.0,12.708333333333334
2024-09-30 13:00:00+00:00,66.0,18.458333333333332,66.0,17.333333333333332,66.0,6.291666666666667,0.0,0.0,0.0,0.0,25.0,13.75
2024-09-30 14:00:00+00:00,0.0,18.458333333333332,0.0,17.333333333333332,0.0,6.291666666666667,0.0,0.0,0.0,0.0,0.0,13.75
2024-09-30 15:00:00+00:00,0.0,18.458333333333332,0.0,17.333333333333332,0.0,6.291666666666667,0.0,0.0,0.0,0.0,0.0,13.75
2024-09-30 16:00:00+00:00,0.0,18.458333333333332,0.0,17.333333333333332,0.0,6.291666666666667,0.0,0.0,0.0,0.0,0.0,13.75
2024-09-30 17:00:00+00:00,0.0,18.458333333333332,0.0,17.333333333333332,0.0,6.291666666666667,0.0,0.0,0.0,0.0,0.0,13.75
2024-09-30 18:00:00+00:00,0.0,17.875,0.0,17.333333333333332,0.0,6.291666666666667,0.0,0.0,0.0,0.0,0.0,13.166666666666666
2024-09-30 19:00:00+00:00,0.0,16.333333333333332,0.0,15.791666666666666,0.0,6.291666666666667,0.0,0.0,0.0,0.0,0.0,11.625
2024-09-30 20:00:00+00:00,0.0,16.166666666666668,0.0,15.625,0.0,6.291666666666667,0.0,0.0,0.0,0.0,0.0,11.625
2024-09-30 21:00:00+00:00,15.0,12.75,15.0,12.208333333333334,15.0,6.916666666666667,0.0,0.0,0.0,0.0,15.0,8.208333333333334
2024-09-30 22:00:00+00:00,147.0,15.75,147.0,15.208333333333334,147.0,13.041666666666666,0.0,0.0,0.0,0.0,86.0,9.458333333333334
2024-09-30 23:00:00+00:00,0.0,13.041666666666666,0.0,12.5,0.0,13.041666666666666,0.0,0.0,0.0,0.0,0.0,6.916666666666667
2024-10-01 00:00:00+00:00,2.0,13.125,0.0,12.5,0.0,13.041666666666666,0.0,0.0,0.0,0.0,0.0,6.916666666666667
2024-10-01 01:00:00+00:00,0.0,13.125,0.0,12.5,0.0,13.041666666666666,0.0,0.0,0.0,0.0,0.0,6.916666666666667
2024-10-01 02:00:00+00:00,40.0,12.083333333333334,40.0,11.458333333333334,0.0,10.333333333333334,0.0,0.0,0.0,0.0,40.0,7.166666666666667
2024-10-01 03:00:00+00:00,12.0,12.291666666666666,4.0,11.333333333333334,0.0,10.041666666666666,0.0,0.0,0.0,0.0,12.0,7.666666666666667
2024-10-01 04:00:00+00:00,0.0,12.291666666666666,0.0,11.333333333333334,0.0,10.041666666666666,0.0,0.0,0.0,0.0,0.0,7.666666666666667
2024-10-01 05:00:00+00:00,0.0,12.125,0.0,11.333333333333334,0.0,9.875,0.0,0.0,0.0,0.0,0.0,7.666666666666667
2024-10-01 06:00:00+00:00,0.0,11.75,0.0,11.333333333333334,0.0,9.5,0.0,0.0,0.0,0.0,0.0,7.416666666666667
2024-10-01 07:00:00+00:00,29.0,12.958333333333334,29.0,12.541666666666666,0.0,9.5,0.0,0.0,0.0,0.0,29.0,8.625
2024-10-01 08:00:00+00:00,100.0,17.125,100.0,16.708333333333332,0.0,9.5,0.0,0.0,0.0,0.0,65.0,11.333333333333334
2024-10-01 09:00:00+00:00,0.0,17.125,0.0,16.708333333333332,0.0,9.5,0.0,0.0,0.0,0.0,0.0,11.333333333333334
2024-10-01 10:00:00+00:00,0.0,17.125,0.0,16.708333333333332,0.0,9.5,0.0,0.0,0.0,0.0,0.0,11.333333333333334
2024-10-01 11:00:00+00:00,0.0,17.125,0.0,16.708333333333332,0.0,9.5,0.0,0.0,0.0,0.0,0.0,11.333333333333334
2024-10-01 12:00:00+00:00,0.0,17.125,0.0,16.708333333333332,0.0,9.5,0.0,0.0,0.0,0.0,0.0,11.333333333333334
2024-10-01 13:00:00+00:00,0.0,14.375,0.0,13.958333333333334,0.0,6.75,0.0,0.0,0.0,0.0,0.0,10.291666666666666
2024-10-01 14:00:00+00:00,0.0,14.375,0.0,13.958333333333334,0.0,6.75,0.0,0.0,0.0,0.0,0.0,10.291666666666666
2024-10-01 15:00:00+00:00,0.0,14.375,0.0,13.958333333333334,0.0,6.75,0.0,0.0,0.0,0.0,0.0,10.291666666666666
2024-10-01 16:00:00+00:00,0.0,14.375,0.0,13.958333333333334,0.0,6.75,0.0,0.0,0.0,0.0,0.0,10.291666666666666
2024-10-01 17:00:00+00:00,2.0,14.458333333333334,0.0,13.958333333333334,0.0,6.75,0.0,0.0,0.0,0.0,0.0,10.291666666666666
2024-10-01 18:00:00+00:00,0.0,14.458333333333334,0.0,13.958333333333334,0.0,6.75,0.0,0.0,0.0,0.0,0.0,10.291666666666666
2024-10-01 19:00:00+00:00,129.0,19.833333333333332,129.0,19.333333333333332,0.0,6.75,0.0,0.0,0.0,0.0,86.0,13.875
2024-10-01 20:00:00+00:00,0.0,19.833333333333332,0.0,19.333333333333332,0.0,6.75,0.0,0.0,0.0,0.0,0.0,13.875
2024-10-01 21:00:00+00:00,70.0,22.125,70.0,21.625,0.0,6.125,0.0,0.0,0.0,0.0,55.0,15.541666666666666
2024-10-01 22:00:00+00:00,0.0,16.0,0.0,15.5,0.0,0.0,0.0,0.0,0.0,0.0,0.0,11.958333333333334
2024-10-01 23:00:00+00:00,0.0,16.0,0.0,15.5,0.0,0.0,0.0,0.0,0.0,0.0,0.0,11.958333333333334
2024-10-02 00:00:00+00:00,0.0,15.916666666666666,0.0,15.5,0.0,0.0,0.0,0.0,0.0,0.0,0.0,11.958333333333334
2024-10-02 01:00:00+00:00,0.0,15.916666666666666,0.0,15.5,0.0,0.0,0.0,0.0,0.0,0.0,0.0,11.958333333333334
2024-10-02 02:00:00+00:00,0.0,14.25,0.0,13.833333333333334,0.0,0.0,0.0,0.0,0.0,0.0,0.0,10.291666666666666
2024-10-02 03:00:00+00:00,0.0,13.75,0.0,13.666666666666666,0.0,0.0,0.0,0.0,0.0,0.0,0.0,9.791666666666666
2024-10-02 04:00:00+00:00,0.0,13.75,0.0,13.666666666666666,0.0,0.0,0.0,0.0,0.0,0.0,0.0,9.791666666666666
2024-10-02 05:00:00+00:00,0.0,13.75,0.0,13.666666666666666,0.0,0.0,0.0,0.0,0.0,0.0,0.0,9.791666666666666
2024-10-02 06:00:00+00:00,0.0,13.75,0.0,13.666666666666666,0.0,0.0,0.0,0.0,0.0,0.0,0.0,9.791666666666666
2024-10-02 07:00:00+00:00,0.0,12.541666666666666,0.0,12.458333333333334,0.0,0.0,0.0,0.0,0.0,0.0,0.0,8.583333333333334
2024-10-02 08:00:00+00:00,0.0,8.375,0.0,8.291666666666666,0.0,0.0,0.0,0.0,0.0,0.0,0.0,5.875
2024-10-02 09:00:00+00:00,0.0,8.375,0.0,8.291666666666666,0.0,0.0,0.0,0.0,0.0,0.0,0.0,5.875
2024-10-02 10:00:00+00:00,0.0,8.375,0.0,8.291666666666666,0.0,0.0,0.0,0.0,0.0,0.0,0.0,5.875
2024-10-02 11:00:00+00:00,0.0,8.375,0.0,8.291666666666666,0.0,0.0,0.0,0.0,0.0,0.0,0.0,5.875
2024-10-02 12:00:00+00:00,0.0,8.375,0.0,8.291666666666666,0.0,0.0,0.0,0.0,0.0,0.0,0.0,5.875
2024-10-02 13:00:00+00:00,0.0,8.375,0.0,8.291666666666666,0.0,0.0,0.0,0.0,0.0,0.0,0.0,5.875
2024-10-02 14:00:00+00:00,0.0,8.375,0.0,8.291666666666666,0.0,0.0,0.0,0.0,0.0,0.0,0.0,5.875
2024-10-02 15:00:00+00:00,0.0,8.375,0.0,8.291666666666666,0.0,0.0,0.0,0.0,0.0,0.0,0.0,5.875
2024-10-02 16:00:00+00:00,30.0,9.625,30.0,9.541666666666666,30.0,1.25,0.0,0.0,0.0,0.0,0.0,5.875
2024-10-02 17:00:00+00:00,0.0,9.541666666666666,0.0,9.541666666666666,0.0,1.25,0.0,0.0,0.0,0.0,0.0,5.875
2024-10-02 18:00:00+00:00,116.0,14.375,116.0,14.375,116.0,6.083333333333333,0.0,0.0,0.0,0.0,60.0,8.375
2024-10-02 19:00:00+00:00,0.0,9.0,0.0,9.0,0.0,6.083333333333333,0.0,0.0,0.0,0.0,0.0,4.791666666666667
2024-10-02 20:00:00+00:00,0.0,9.0,0.0,9.0,0.0,6.083333333333333,0.0,0.0,0.0,0.0,0.0,4.791666666666667
2024-10-02 21:00:00+00:00,0.0,6.083333333333333,0.0,6.083333333333333,0.0,6.083333333333333,0.0,0.0,0.0,0.0,0.0,2.5
2024-10-02 22:00:00+00:00,32.0,7.416666666666667,32.0,7.416666666666667,32.0,7.416666666666667,0.0,0.0,0.0,0.0,27.0,3.625
2024-10-02 23:00:00+00:00,0.0,7.416666666666667,0.0,7.416666666666667,0.0,7.416666666666667,0.0,0.0,0.0,0.0,0.0,3.625
2024-10-03 00:00:00+00:00,0.0,7.416666666666667,0.0,7.416666666666667,0.0,7.416666666666667,0.0,0.0,0.0,0.0,0.0,3.625
2024-10-03 01:00:00+00:00,0.0,7.416666666666667,0.0,7.416666666666667,0.0,7.416666666666667,0.0,0.0,0.0,0.0,0.0,3.625
2024-10-03 02:00:00+00:00,0.0,7.416666666666667,0.0,7.416666666666667,0.0,7.416666666666667,0.0,0.0,0.0,0.0,0.0,3.625
2024-10-03 03:00:00+00:00,0.0,7.416666666666667,0.0,7.416666666666667,0.0,7.416666666666667,0.0,0.0,0.0,0.0,0.0,3.625
2024-10-03 04:00:00+00:00,0.0,7.416666666666667,0.0,7.416666666666667,0.0,7.416666666666667,0.0,0.0,0.0,0.0,0.0,3.625
2024-10-03 05:00:00+00:00,0.0,7.416666666666667,0.0,7.416666666666667,0.0,7.416666666666667,0.0,0.0,0.0,0.0,0.0,3.625
2024-10-03 06:00:00+00:00,0.0,7.416666666666667,0.0,7.416666666666667,0.0,7.416666666666667,0.0,0.0,0.0,0.0,0.0,3.625
2024-10-03 07:00:00+00:00,4.0,7.583333333333333,0.0,7.416666666666667,4.0,7.583333333333333,0.0,0.0,0.0,0.0,0.0,3.625
2024-10-03 08:00:00+00:00,0.0,7.583333333333333,0.0,7.416666666666667,0.0,7.583333333333333,0.0,0.0,0.0,0.0,0.0,3.625
2024-10-03 09:00:00+00:00,0.0,7.583333333333333,0.0,7.416666666666667,0.0,7.583333333333333,0.0,0.0,0.0,0.0,0.0,3.625
2024-10-03 10:00:00+00:00,0.0,7.583333333333333,0.0,7.416666666666667,0.0,7.583333333333333,0.0,0.0,0.0,0.0,0.0,3.625
2024-10-03 11:00:00+00:00,0.0,7.583333333333333,0.0,7.416666666666667,0.0,7.583333333333333,0.0,0.0,0.0,0.0,0.0,3.625
2024-10-03 12:00:00+00:00,0.0,7.583333333333333,0.0,7.416666666666667,0.0,7.583333333333333,0.0,0.0,0.0,0.0,0.0,3.625
2024-10-03 13:00:00+00:00,26.0,8.666666666666666,26.0,8.5,26.0,8.666666666666666,0.0,0.0,0.0,0.0,26.0,4.708333333333333
2024-10-03 14:00:00+00:00,178.0,16.083333333333332,178.0,15.916666666666666,178.0,16.083333333333332,0.0,0.0,0.0,0.0,130.0,10.125
2024-10-03 15:00:00+00:00,27.0,17.208333333333332,27.0,17.041666666666668,27.0,17.208333333333332,0.0,0.0,0.0,0.0,27.0,11.25
2024-10-03 16:00:00+00:00,0.0,15.958333333333334,0.0,15.791666666666666,0.0,15.958333333333334,0.0,0.0,0.0,0.0,0.0,11.25
2024-10-03 17:00:00+00:00,0.0,15.958333333333334,0.0,15.791666666666666,0.0,15.958333333333334,0.0,0.0,0.0,0.0,0.0,11.25
2024-10-03 18:00:00+00:00,0.0,11.125,0.0,10.958333333333334,0.0,11.125,0.0,0.0,0.0,0.0,0.0,8.75
2024-10-03 19:00:00+00:00,0.0,11.125,0.0,10.958333333333334,0.0,11.125,0.0,0.0,0.0,0.0,0.0,8.75
2024-10-03 20:00:00+00:00,0.0,11.125,0.0,10.958333333333334,0.0,11.125,0.0,0.0,0.0,0.0,0.0,8.75
2024-10-03 21:00:00+00:00,0.0,11.125,0.0,10.958333333333334,0.0,11.125,0.0,0.0,0.0,0.0,0.0,8.75
2024-10-03 22:00:00+00:00,0.0,9.791666666666666,0.0,9.625,0.0,9.791666666666666,0.0,0.0,0.0,0.0,0.0,7.625
2024-10-03 23:00:00+00:00,33.0,11.166666666666666,33.0,11.0,33.0,11.166666666666666,0.0,0.0,0.0,0.0,27.0,8.75
2024-10-04 00:00:00+00:00,17.0,11.875,17.0,11.708333333333334,0.0,11.166666666666666,0.0,0.0,0.0,0.0,12.0,9.25
2024-10-04 01:00:00+00:00,10.0,12.291666666666666,0.0,11.708333333333334,0.0,11.166666666666666,0.0,0.0,0.0,0.0,6.0,9.5
2024-10-04 02:00:00+00:00,6.0,12.541666666666666,0.0,11.708333333333334,0.0,11.166666666666666,0.0,0.0,0.0,0.0,0.0,9.5
2024-10-04 03:00:00+00:00,0.0,12.541666666666666,0.0,11.708333333333334,0.0,11.166666666666666,0.0,0.0,0.0,0.0,0.0,9.5
2024-10-04 04:00:00+00:00,0.0,12.541666666666666,0.0,11.708333333333334,0.0,11.166666666666666,0.0,0.0,0.0,0.0,0.0,9.5
2024-10-04 05:00:00+00:00,0.0,12.541666666666666,0.0,11.708333333333334,0.0,11.166666666666666,0.0,0.0,0.0,0.0,0.0,9.5
2024-10-04 06:00:00+00:00,0.0,12.541666666666666,0.0,11.708333333333334,0.0,11.166666666666666,0.0,0.0,0.0,0.0,0.0,9.5
2024-10-04 07:00:00+00:00,0.0,12.375,0.0,11.708333333333334,0.0,11.0,0.0,0.0,0.0,0.0,0.0,9.5
2024-10-04 08:00:00+00:00,0.0,12.375,0.0,11.708333333333334,0.0,11.0,0.0,0.0,0.0,0.0,0.0,9.5
2024-10-04 09:00:00+00:00,2.0,12.458333333333334,0.0,11.708333333333334,0.0,11.0,0.0,0.0,0.0,0.0,0.0,9.5
2024-10-04 10:00:00+00:00,0.0,12.458333333333334,0.0,11.708333333333334,0.0,11.0,0.0,0.0,0.0,0.0,0.0,9.5
2024-10-04 11:00:00+00:00,0.0,12.458333333333334,0.0,11.708333333333334,0.0,11.0,0.0,0.0,0.0,0.0,0.0,9.5
2024-10-04 12:00:00+00:00,45.0,14.333333333333334,45.0,13.583333333333334,0.0,11.0,0.0,0.0,0.0,0.0,45.0,11.375
2024-10-04 13:00:00+00:00,96.0,17.25,96.0,16.5,0.0,9.916666666666666,0.0,0.0,0.0,0.0,53.0,12.5
2024-10-04 14:00:00+00:00,15.0,10.458333333333334,15.0,9.708333333333334,0.0,2.5,0.0,0.0,0.0,0.0,0.0,7.083333333333333
2024-10-04 15:00:00+00:00,29.0,10.541666666666666,29.0,9.791666666666666,0.0,1.375,0.0,0.0,0.0,0.0,29.0,7.166666666666667
2024-10-04 16:00:00+00:00,0.0,10.541666666666666,0.0,9.791666666666666,0.0,1.375,0.0,0.0,0.0,0.0,0.0,7.166666666666667
2024-10-04 17:00:00+00:00,0.0,10.541666666666666,0.0,9.791666666666666,0.0,1.375,0.0,0.0,0.0,0.0,0.0,7.166666666666667
2024-10-04 18:00:00+00:00,0.0,10.541666666666666,0.0,9.791666666666666,0.0,1.375,0.0,0.0,0.0,0.0,0.0,7.166666666666667
2024-10-04 19:00:00+00:00,13.0,11.083333333333334,0.0,9.791666666666666,0.0,1.375,0.0,0.0,0.0,0.0,13.0,7.708333333333333
2024-10-04 20:00:00+00:00,0.0,11.083333333333334,0.0,9.791666666666666,0.0,1.375,0.0,0.0,0.0,0.0,0.0,7.708333333333333
2024-10-04 21:00:00+00:00,0.0,11.083333333333334,0.0,9.791666666666666,0.0,1.375,0.0,0.0,0.0,0.0,0.0,7.708333333333333
2024-10-04 22:00:00+00:00,0.0,11.083333333333334,0.0,9.791666666666666,0.0,1.375,0.0,0.0,0.0,0.0,0.0,7.708333333333333
2024-10-04 23:00:00+00:00,14.0,10.291666666666666,0.0,8.416666666666666,0.0,0.0,0.0,0.0,0.0,0.0,8.0,6.916666666666667
2024-10-05 00:00:00+00:00,10.0,10.0,0.0,7.708333333333333,0.0,0.0,0.0,0.0,0.0,0.0,10.0,6.833333333333333
2024-10-05 01:00:00+00:00,42.0,11.333333333333334,42.0,9.458333333333334,0.0,0.0,0.0,0.0,0.0,0.0,31.0,7.875
2024-10-05 02:00:00+00:00,20.0,11.916666666666666,20.0,10.291666666666666,0.0,0.0,0.0,0.0,0.0,0.0,0.0,7.875
2024-10-05 03:00:00+00:00,0.0,11.916666666666666,0.0,10.291666666666666,0.0,0.0,0.0,0.0,0.0,0.0,0.0,7.875
2024-10-05 04:00:00+00:00,17.0,12.625,0.0,10.291666666666666,0.0,0.0,0.0,0.0,0.0,0.0,7.0,8.166666666666666
2024-10-05 05:00:00+00:00,43.0,14.416666666666666,43.0,12.083333333333334,0.0,0.0,0.0,0.0,0.0,0.0,39.0,9.791666666666666
2024-10-05 06:00:00+00:00,57.0,16.791666666666668,57.0,14.458333333333334,0.0,0.0,0.0,0.0,0.0,0.0,45.0,11.666666666666666
2024-10-05 07:00:00+00:00,0.0,16.791666666666668,0.0,14.458333333333334,0.0,0.0,0.0,0.0,0.0,0.0,0.0,11.666666666666666
2024-10-05 08:00:00+00:00,0.0,16.791666666666668,0.0,14.458333333333334,0.0,0.0,0.0,0.0,0.0,0.0,0.0,11.666666666666666
2024-10-05 09:00:00+00:00,0.0,16.708333333333332,0.0,14.458333333333334,0.0,0.0,0.0,0.0,0.0,0.0,0.0,11.666666666666666
2024-10-05 10:00:00+00:00,0.0,16.708333333333332,0.0,14.458333333333334,0.0,0.0,0.0,0.0,0.0,0.0,0.0,11.666666666666666
2024-10-05 11:00:00+00:00,0.0,16.708333333333332,0.0,14.458333333333334,0.0,0.0,0.0,0.0,0.0,0.0,0.0,11.666666666666666
2024-10-05 12:00:00+00:00,15.0,15.458333333333334,0.0,12.583333333333334,0.0,0.0,0.0,0.0,0.0,0.0,10.0,10.208333333333334
2024-10-05 13:00:00+00:00,0.0,11.458333333333334,0.0,8.583333333333334,0.0,0.0,0.0,0.0,0.0,0.0,0.0,8.0
2024-10-05 14:00:00+00:00,169.0,17.875,169.0,15.0,0.0,0.0,0.0,0.0,0.0,0.0,120.0,13.0
2024-10-05 15:00:00+00:00,29.0,17.875,29.0,15.0,0.0,0.0,0.0,0.0,0.0,0.0,15.0,12.416666666666666
2024-10-05 16:00:00+00:00,0.0,17.875,0.0,15.0,0.0,0.0,0.0,0.0,0.0,0.0,0.0,12.416666666666666
2024-10-05 17:00:00+00:00,104.0,22.208333333333332,104.0,19.333333333333332,0.0,0.0,0.0,0.0,0.0,0.0,79.0,15.708333333333334
2024-10-05 18:00:00+00:00,0.0,22.208333333333332,0.0,19.333333333333332,0.0,0.0,0.0,0.0,0.0,0.0,0.0,15.708333333333334
2024-10-05 19:00:00+00:00,0.0,21.666666666666668,0.0,19.333333333333332,0.0,0.0,0.0,0.0,0.0,0.0,0.0,15.166666666666666
2024-10-05 20:00:00+00:00,44.0,23.5,44.0,21.166666666666668,0.0,0.0,0.0,0.0,0.0,0.0,13.0,15.708333333333334
2024-10-05 21:00:00+00:00,6.0,23.75,0.0,21.166666666666668,0.0,0.0,0.0,0.0,0.0,0.0,6.0,15.958333333333334
2024-10-05 22:00:00+00:00,13.0,24.291666666666668,0.0,21.166666666666668,0.0,0.0,0.0,0.0,0.0,0.0,11.0,16.416666666666668
2024-10-05 23:00:00+00:00,74.0,26.791666666666668,74.0,24.25,0.0,0.0,0.0,0.0,0.0,0.0,58.0,18.5
2024-10-06 00:00:00+00:00,0.0,26.375,0.0,24.25,0.0,0.0,0.0,0.0,0.0,0.0,0.0,18.083333333333332
2024-10-06 01:00:00+00:00,0.0,24.625,0.0,22.5,0.0,0.0,0.0,0.0,0.0,0.0,0.0,16.791666666666668
2024-10-06 02:00:00+00:00,0.0,23.791666666666668,0.0,21.666666666666668,0.0,0.0,0.0,0.0,0.0,0.0,0.0,16.791666666666668
2024-10-06 03:00:00+00:00,0.0,23.791666666666668,0.0,21.666666666666668,0.0,0.0,0.0,0.0,0.0,0.0,0.0,16.791666666666668
2024-10-06 04:00:00+00:00,0.0,23.083333333333332,0.0,21.666666666666668,0.0,0.0,0.0,0.0,0.0,0.0,0.0,16.5
2024-10-06 05:00:00+00:00,0.0,21.291666666666668,0.0,19.875,0.0,0.0,0.0,0.0,0.0,0.0,0.0,14.875
2024-10-06 06:00:00+00:00,0.0,18.916666666666668,0.0,17.5,0.0,0.0,0.0,0.0,0.0,0.0,0.0,13.0
2024-10-06 07:00:00+00:00,0.0,18.916666666666668,0.0,17.5,0.0,0.0,0.0,0.0,0.0,0.0,0.0,13.0
2024-10-06 08:00:00+00:00,0.0,18.916666666666668,0.0,17.5,0.0,0.0,0.0,0.0,0.0,0.0,0.0,13.0
2024-10-06 09:00:00+00:00,0.0,18.916666666666668,0.0,17.5,0.0,0.0,0.0,0.0,0.0,0.0,0.0,13.0
2024-10-06 10:00:00+00:00,0.0,18.916666666666668,0.0,17.5,0.0,0.0,0.0,0.0,0.0,0.0,0.0,13.0
2024-10-06 11:00:00+00:00,0.0,18.916666666666668,0.0,17.5,0.0,0.0,0.0,0.0,0.0,0.0,0.0,13.0
2024-10-06 12:00:00+00:00,0.0,18.291666666666668,0.0,17.5,0.0,0.0,0.0,0.0,0.0,0.0,0.0,12.583333333333334
2024-10-06 13:00:00+00:00,0.0,18.291666666666668,0.0,17.5,0.0,0.0,0.0,0.0,0.0,0.0,0.0,12.583333333333334
2024-10-06 14:00:00+00:00,19.0,12.041666666666666,19.0,11.25,0.0,0.0,0.0,0.0,0.0,0.0,0.0,7.583333333333333
2024-10-06 15:00:00+00:00,254.0,21.416666666666668,254.0,20.625,0.0,0.0,0.0,0.0,0.0,0.0,165.0,13.833333333333334
2024-10-06 16:00:00+00:00,162.0,28.166666666666668,162.0,27.375,0.0,0.0,0.0,0.0,0.0,0.0,106.0,18.25
2024-10-06 17:00:00+00:00,0.0,23.833333333333332,0.0,23.041666666666668,0.0,0.0,0.0,0.0,0.0,0.0,0.0,14.958333333333334
2024-10-06 18:00:00+00:00,3.0,23.958333333333332,0.0,23.041666666666668,0.0,0.0,0.0,0.0,0.0,0.0,0.0,14.958333333333334
2024-10-06 19:00:00+00:00,0.0,23.958333333333332,0.0,23.041666666666668,0.0,0.0,0.0,0.0,0.0,0.0,0.0,14.958333333333334
2024-10-06 20:00:00+00:00,43.0,23.916666666666668,43.0,23.0,0.0,0.0,0.0,0.0,0.0,0.0,21.0,15.291666666666666
2024-10-06 21:00:00+00:00,121.0,28.708333333333332,121.0,28.041666666666668,0.0,0.0,0.0,0.0,0.0,0.0,43.0,16.833333333333332
2024-10-06 22:00:00+00:00,0.0,28.166666666666668,0.0,28.041666666666668,0.0,0.0,0.0,0.0,0.0,0.0,0.0,16.375
2024-10-06 23:00:00+00:00,3.0,25.208333333333332,0.0,24.958333333333332,0.0,0.0,0.0,0.0,0.0,0.0,0.0,13.958333333333334
2024-10-07 00:00:00+00:00,56.0,27.541666666666668,56.0,27.291666666666668,56.0,2.3333333333333335,0.0,0.0,0.0,0.0,56.0,16.291666666666668
2024-10-07 01:00:00+00:00,144.0,33.541666666666664,144.0,33.291666666666664,144.0,8.333333333333334,0.0,0.0,0.0,0.0,107.0,20.75
2024-10-07 02:00:00+00:00,0.0,33.541666666666664,0.0,33.291666666666664,0.0,8.333333333333334,0.0,0.0,0.0,0.0,0.0,20.75
2024-10-07 03:00:00+00:00,28.0,34.708333333333336,28.0,34.458333333333336,28.0,9.5,0.0,0.0,0.0,0.0,0.0,20.75
2024-10-07 04:00:00+00:00,15.0,35.333333333333336,15.0,35.083333333333336,15.0,10.125,0.0,0.0,0.0,0.0,15.0,21.375
2024-10-07 05:00:00+00:00,172.0,42.5,172.0,42.25,172.0,17.291666666666668,0.0,0.0,0.0,0.0,124.0,26.541666666666668
2024-10-07 06:00:00+00:00,1.0,42.541666666666664,1.0,42.291666666666664,1.0,17.333333333333332,0.0,0.0,0.0,0.0,0.0,26.541666666666668
2024-10-07 07:00:00+00:00,0.0,42.541666666666664,0.0,42.291666666666664,0.0,17.333333333333332,0.0,0.0,0.0,0.0,0.0,26.541666666666668
2024-10-07 08:00:00+00:00,0.0,42.541666666666664,0.0,42.291666666666664,0.0,17.333333333333332,0.0,0.0,0.0,0.0,0.0,26.541666666666668
2024-10-07 09:00:00+00:00,0.0,42.541666666666664,0.0,42.291666666666664,0.0,17.333333333333332,0.0,0.0,0.0,0.0,0.0,26.541666666666668
2024-10-07 10:00:00+00:00,0.0,42.541666666666664,0.0,42.291666666666664,0.0,17.333333333333332,0.0,0.0,0.0,0.0,0.0,26.541666666666668
2024-10-07 11:00:00+00:00,0.0,42.541666666666664,0.0,42.291666666666664,0.0,17.333333333333332,0.0,0.0,0.0,0.0,0.0,26.541666666666668
2024-10-07 12:00:00+00:00,0.0,42.541666666666664,0.0,42.291666666666664,0.0,17.333333333333332,0.0,0.0,0.0,0.0,0.0,26.541666666666668
2024-10-07 13:00:00+00:00,0.0,42.541666666666664,0.0,42.291666666666664,0.0,17.333333333333332,0.0,0.0,0.0,0.0,0.0,26.541666666666668
2024-10-07 14:00:00+00:00,41.0,43.458333333333336,41.0,43.208333333333336,41.0,19.041666666666668,0.0,0.0,0.0,0.0,28.0,27.708333333333332
2024-10-07 15:00:00+00:00,0.0,32.875,0.0,32.625,0.0,19.041666666666668,0.0,0.0,0.0,0.0,0.0,20.833333333333332
2024-10-07 16:00:00+00:00,0.0,26.125,0.0,25.875,0.0,19.041666666666668,0.0,0.0,0.0,0.0,0.0,16.416666666666668
2024-10-07 17:00:00+00:00,31.0,27.416666666666668,31.0,27.166666666666668,31.0,20.333333333333332,0.0,0.0,0.0,0.0,24.0,17.416666666666668
2024-10-07 18:00:00+00:00,0.0,27.291666666666668,0.0,27.166666666666668,0.0,20.333333333333332,0.0,0.0,0.0,0.0,0.0,17.416666666666668
2024-10-07 19:00:00+00:00,0.0,27.291666666666668,0.0,27.166666666666668,0.0,20.333333333333332,0.0,0.0,0.0,0.0,0.0,17.416666666666668
2024-10-07 20:00:00+00:00,0.0,25.5,0.0,25.375,0.0,20.333333333333332,0.0,0.0,0.0,0.0,0.0,16.541666666666668
2024-10-07 21:00:00+00:00,0.0,20.458333333333332,0.0,20.333333333333332,0.0,20.333333333333332,0.0,0.0,0.0,0.0,0.0,14.75
2024-10-07 22:00:00+00:00,116.0,25.291666666666668,116.0,25.166666666666668,116.0,25.166666666666668,0.0,0.0,0.0,0.0,97.0,18.791666666666668
2024-10-07 23:00:00+00:00,95.0,29.125,95.0,29.125,95.0,29.125,0.0,0.0,0.0,0.0,48.0,20.791666666666668
2024-10-08 00:00:00+00:00,0.0,26.791666666666668,0.0,26.791666666666668,0.0,26.791666666666668,0.0,0.0,0.0,0.0,0.0,18.458333333333332
2024-10-08 01:00:00+00:00,0.0,20.791666666666668,0.0,20.791666666666668,0.0,20.791666666666668,0.0,0.0,0.0,0.0,0.0,14.0
2024-10-08 02:00:00+00:00,0.0,20.791666666666668,0.0,20.791666666666668,0.0,20.791666666666668,0.0,0.0,0.0,0.0,0.0,14.0
2024-10-08 03:00:00+00:00,0.0,19.625,0.0,19.625,0.0,19.625,0.0,0.0,0.0,0.0,0.0,14.0
2024-10-08 04:00:00+00:00,0.0,19.0,0.0,19.0,0.0,19.0,0.0,0.0,0.0,0.0,0.0,13.375
2024-10-08 05:00:00+00:00,0.0,11.833333333333334,0.0,11.833333333333334,0.0,11.833333333333334,0.0,0.0,0.0,0.0,0.0,8.208333333333334
2024-10-08 06:00:00+00:00,0.0,11.791666666666666,0.0,11.791666666666666,0.0,11.791666666666666,0.0,0.0,0.0,0.0,0.0,8.208333333333334
2024-10-08 07:00:00+00:00,0.0,11.791666666666666,0.0,11.791666666666666,0.0,11.791666666666666,0.0,0.0,0.0,0.0,0.0,8.208333333333334
2024-10-08 08:00:00+00:00,0.0,11.791666666666666,0.0,11.791666666666666,0.0,11.791666666666666,0.0,0.0,0.0,0.0,0.0,8.208333333333334
2024-10-08 09:00:00+00:00,0.0,11.791666666666666,0.0,11.791666666666666,0.0,11.791666666666666,0.0,0.0,0.0,0.0,0.0,8.208333333333334
2024-10-08 10:00:00+00:00,23.0,12.75,23.0,12.75,0.0,11.791666666666666,0.0,0.0,0.0,0.0,12.0,8.708333333333334
2024-10-08 11:00:00+00:00,110.0,17.333333333333332,110.0,17.333333333333332,0.0,11.791666666666666,0.0,0.0,0.0,0.0,75.0,11.833333333333334
2024-10-08 12:00:00+00:00,0.0,17.333333333333332,0.0,17.333333333333332,0.0,11.791666666666666,0.0,0.0,0.0,0.0,0.0,11.833333333333334
2024-10-08 13:00:00+00:00,14.0,17.916666666666668,0.0,17.333333333333332,0.0,11.791666666666666,0.0,0.0,0.0,0.0,14.0,12.416666666666666
2024-10-08 14:00:00+00:00,15.0,16.833333333333332,15.0,16.25,0.0,10.083333333333334,0.0,0.0,0.0,0.0,15.0,11.875
2024-10-08 15:00:00+00:00,60.0,19.333333333333332,60.0,18.75,0.0,10.083333333333334,0.0,0.0,0.0,0.0,53.0,14.083333333333334
2024-10-08 16:00:00+00:00,0.0,19.333333333333332,0.0,18.75,0.0,10.083333333333334,0.0,0.0,0.0,0.0,0.0,14.083333333333334
2024-10-08 17:00:00+00:00,0.0,18.041666666666668,0.0,17.458333333333332,0.0,8.791666666666666,0.0,0.0,0.0,0.0,0.0,13.083333333333334
2024-10-08 18:00:00+00:00,9.0,18.416666666666668,0.0,17.458333333333332,0.0,8.791666666666666,0.0,0.0,0.0,0.0,9.0,13.458333333333334
2024-10-08 19:00:00+00:00,0.0,18.416666666666668,0.0,17.458333333333332,0.0,8.791666666666666,0.0,0.0,0.0,0.0,0.0,13.458333333333334
2024-10-08 20:00:00+00:00,36.0,19.916666666666668,36.0,18.958333333333332,0.0,8.791666666666666,0.0,0.0,0.0,0.0,17.0,14.166666666666666
2024-10-08 21:00:00+00:00,14.0,20.5,14.0,19.541666666666668,0.0,8.791666666666666,0.0,0.0,0.0,0.0,14.0,14.75
2024-10-08 22:00:00+00:00,25.0,16.708333333333332,25.0,15.75,0.0,3.9583333333333335,0.0,0.0,0.0,0.0,21.0,11.583333333333334
2024-10-08 23:00:00+00:00,72.0,15.75,72.0,14.791666666666666,0.0,0.0,0.0,0.0,0.0,0.0,51.0,11.708333333333334
2024-10-09 00:00:00+00:00,131.0,21.208333333333332,131.0,20.25,0.0,0.0,0.0,0.0,0.0,0.0,103.0,16.0
2024-10-09 01:00:00+00:00,27.0,22.333333333333332,27.0,21.375,0.0,0.0,0.0,0.0,0.0,0.0,7.0,16.291666666666668
2024-10-09 02:00:00+00:00,0.0,22.333333333333332,0.0,21.375,0.0,0.0,0.0,0.0,0.0,0.0,0.0,16.291666666666668
2024-10-09 03:00:00+00:00,0.0,22.333333333333332,0.0,21.375,0.0,0.0,0.0,0.0,0.0,0.0,0.0,16.291666666666668
2024-10-09 04:00:00+00:00,39.0,23.958333333333332,39.0,23.0,0.0,0.0,0.0,0.0,0.0,0.0,33.0,17.666666666666668
2024-10-09 05:00:00+00:00,0.0,23.958333333333332,0.0,23.0,0.0,0.0,0.0,0.0,0.0,0.0,0.0,17.666666666666668
2024-10-09 06:00:00+00:00,0.0,23.958333333333332,0.0,23.0,0.0,0.0,0.0,0.0,0.0,0.0,0.0,17.666666666666668
2024-10-09 07:00:00+00:00,0.0,23.958333333333332,0.0,23.0,0.0,0.0,0.0,0.0,0.0,0.0,0.0,17.666666666666668
2024-10-09 08:00:00+00:00,0.0,23.958333333333332,0.0,23.0,0.0,0.0,0.0,0.0,0.0,0.0,0.0,17.666666666666668
2024-10-09 09:00:00+00:00,18.0,24.708333333333332,0.0,23.0,0.0,0.0,0.0,0.0,0.0,0.0,11.0,18.125
2024-10-09 10:00:00+00:00,0.0,23.75,0.0,22.041666666666668,0.0,0.0,0.0,0.0,0.0,0.0,0.0,17.625
2024-10-09 11:00:00+00:00,91.0,22.958333333333332,91.0,21.25,0.0,0.0,0.0,0.0,0.0,0.0,75.0,17.625
2024-10-09 12:00:00+00:00,103.0,27.25,103.0,25.541666666666668,0.0,0.0,0.0,0.0,0.0,0.0,29.0,18.833333333333332
2024-10-09 13:00:00+00:00,133.0,32.208333333333336,133.0,31.083333333333332,0.0,0.0,0.0,0.0,0.0,0.0,88.0,21.916666666666668
2024-10-09 14:00:00+00:00,58.0,34.0,58.0,32.875,0.0,0.0,0.0,0.0,0.0,0.0,36.0,22.791666666666668
2024-10-09 15:00:00+00:00,57.0,33.875,57.0,32.75,0.0,0.0,0.0,0.0,0.0,0.0,42.0,22.333333333333332
2024-10-09 16:00:00+00:00,27.0,35.0,27.0,33.875,0.0,0.0,0.0,0.0,0.0,0.0,13.0,22.875
2024-10-09 17:00:00+00:00,0.0,35.0,0.0,33.875,0.0,0.0,0.0,0.0,0.0,0.0,0.0,22.875
2024-10-09 18:00:00+00:00,0.0,34.625,0.0,33.875,0.0,0.0,0.0,0.0,0.0,0.0,0.0,22.5
2024-10-09 19:00:00+00:00,0.0,34.625,0.0,33.875,0.0,0.0,0.0,0.0,0.0,0.0,0.0,22.5
2024-10-09 20:00:00+00:00,0.0,33.125,0.0,32.375,0.0,0.0,0.0,0.0,0.0,0.0,0.0,21.791666666666668
2024-10-09 21:00:00+00:00,56.0,34.875,56.0,34.125,0.0,0.0,0.0,0.0,0.0,0.0,37.0,22.75
2024-10-09 22:00:00+00:00,30.0,35.083333333333336,30.0,34.333333333333336,0.0,0.0,0.0,0.0,0.0,0.0,21.0,22.75
2024-10-09 23:00:00+00:00,42.0,33.833333333333336,42.0,33.083333333333336,0.0,0.0,0.0,0.0,0.0,0.0,25.0,21.666666666666668
2024-10-10 00:00:00+00:00,10.0,28.791666666666668,10.0,28.041666666666668,0.0,0.0,0.0,0.0,0.0,0.0,6.0,17.625
2024-10-10 01:00:00+00:00,75.0,30.791666666666668,75.0,30.041666666666668,0.0,0.0,0.0,0.0,0.0,0.0,56.0,19.666666666666668
2024-10-10 02:00:00+00:00,0.0,30.791666666666668,0.0,30.041666666666668,0.0,0.0,0.0,0.0,0.0,0.0,0.0,19.666666666666668
2024-10-10 03:00:00+00:00,0.0,30.791666666666668,0.0,30.041666666666668,0.0,0.0,0.0,0.0,0.0,0.0,0.0,19.666666666666668
2024-10-10 04:00:00+00:00,9.0,29.541666666666668,0.0,28.416666666666668,0.0,0.0,0.0,0.0,0.0,0.0,6.0,18.541666666666668
2024-10-10 05:00:00+00:00,11.0,30.0,0.0,28.416666666666668,0.0,0.0,0.0,0.0,0.0,0.0,7.0,18.833333333333332
2024-10-10 06:00:00+00:00,0.0,30.0,0.0,28.416666666666668,0.0,0.0,0.0,0.0,0.0,0.0,0.0,18.833333333333332
2024-10-10 07:00:00+00:00,0.0,30.0,0.0,28.416666666666668,0.0,0.0,0.0,0.0,0.0,0.0,0.0,18.833333333333332
2024-10-10 08:00:00+00:00,6.0,30.25,0.0,28.416666666666668,0.0,0.0,0.0,0.0,0.0,0.0,6.0,19.083333333333332
2024-10-10 09:00:00+00:00,0.0,29.5,0.0,28.416666666666668,0.0,0.0,0.0,0.0,0.0,0.0,0.0,18.625
2024-10-10 10:00:00+00:00,0.0,29.5,0.0,28.416666666666668,0.0,0.0,0.0,0.0,0.0,0.0,0.0,18.625
2024-10-10 11:00:00+00:00,0.0,25.708333333333332,0.0,24.625,0.0,0.0,0.0,0.0,0.0,0.0,0.0,15.5
2024-10-10 12:00:00+00:00,0.0,21.416666666666668,0.0,20.333333333333332,0.0,0.0,0.0,0.0,0.0,0.0,0.0,14.291666666666666
2024-10-10 13:00:00+00:00,0.0,15.875,0.0,14.791666666666666,0.0,0.0,0.0,0.0,0.0,0.0,0.0,10.625
2024-10-10 14:00:00+00:00,0.0,13.458333333333334,0.0,12.375,0.0,0.0,0.0,0.0,0.0,0.0,0.0,9.125
2024-10-10 15:00:00+00:00,54.0,13.333333333333334,54.0,12.25,0.0,0.0,0.0,0.0,0.0,0.0,32.0,8.708333333333334
2024-10-10 16:00:00+00:00,70.0,15.125,70.0,14.041666666666666,0.0,0.0,0.0,0.0,0.0,0.0,70.0,11.083333333333334
2024-10-10 17:00:00+00:00,0.0,15.125,0.0,14.041666666666666,0.0,0.0,0.0,0.0,0.0,0.0,0.0,11.083333333333334
2024-10-10 18:00:00+00:00,141.0,21.0,141.0,19.916666666666668,0.0,0.0,0.0,0.0,0.0,0.0,106.0,15.5
2024-10-10 19:00:00+00:00,375.0,36.625,375.0,35.541666666666664,0.0,0.0,0.0,0.0,0.0,0.0,256.0,26.166666666666668
2024-10-10 20:00:00+00:00,0.0,36.625,0.0,35.541666666666664,0.0,0.0,0.0,0.0,0.0,0.0,0.0,26.166666666666668
2024-10-10 21:00:00+00:00,0.0,34.291666666666664,0.0,33.208333333333336,0.0,0.0,0.0,0.0,0.0,0.0,0.0,24.625
2024-10-10 22:00:00+00:00,0.0,33.041666666666664,0.0,31.958333333333332,0.0,0.0,0.0,0.0,0.0,0.0,0.0,23.75
2024-10-10 23:00:00+00:00,0.0,31.291666666666668,0.0,30.208333333333332,0.0,0.0,0.0,0.0,0.0,0.0,0.0,22.708333333333332
2024-10-11 00:00:00+00:00,118.0,35.791666666666664,118.0,34.708333333333336,0.0,0.0,0.0,0.0,0.0,0.0,94.0,26.375
2024-10-11 01:00:00+00:00,68.0,35.5,68.0,34.416666666666664,0.0,0.0,0.0,0.0,0.0,0.0,29.0,25.25
2024-10-11 02:00:00+00:00,6.0,35.75,0.0,34.416666666666664,0.0,0.0,0.0,0.0,0.0,0.0,6.0,25.5
2024-10-11 03:00:00+00:00,0.0,35.75,0.0,34.416666666666664,0.0,0.0,0.0,0.0,0.0,0.0,0.0,25.5
2024-10-11 04:00:00+00:00,0.0,35.375,0.0,34.416666666666664,0.0,0.0,0.0,0.0,0.0,0.0,0.0,25.25
2024-10-11 05:00:00+00:00,4.0,35.083333333333336,0.0,34.416666666666664,0.0,0.0,0.0,0.0,0.0,0.0,0.0,24.958333333333332
2024-10-11 06:00:00+00:00,12.0,35.583333333333336,0.0,34.416666666666664,0.0,0.0,0.0,0.0,0.0,0.0,11.0,25.416666666666668
2024-10-11 07:00:00+00:00,2.0,35.666666666666664,0.0,34.416666666666664,0.0,0.0,0.0,0.0,0.0,0.0,0.0,25.416666666666668
2024-10-11 08:00:00+00:00,0.0,35.416666666666664,0.0,34.416666666666664,0.0,0.0,0.0,0.0,0.0,0.0,0.0,25.166666666666668
2024-10-11 09:00:00+00:00,0.0,35.416666666666664,0.0,34.416666666666664,0.0,0.0,0.0,0.0,0.0,0.0,0.0,25.166666666666668
2024-10-11 10:00:00+00:00,0.0,35.416666666666664,0.0,34.416666666666664,0.0,0.0,0.0,0.0,0.0,0.0,0.0,25.166666666666668
2024-10-11 11:00:00+00:00,22.0,36.333333333333336,0.0,34.416666666666664,0.0,0.0,0.0,0.0,0.0,0.0,0.0,25.166666666666668
2024-10-11 12:00:00+00:00,55.0,38.625,55.0,36.708333333333336,0.0,0.0,0.0,0.0,0.0,0.0,43.0,26.958333333333332
2024-10-11 13:00:00+00:00,0.0,38.625,0.0,36.708333333333336,0.0,0.0,0.0,0.0,0.0,0.0,0.0,26.958333333333332
2024-10-11 14:00:00+00:00,0.0,38.625,0.0,36.708333333333336,0.0,0.0,0.0,0.0,0.0,0.0,0.0,26.958333333333332
2024-10-11 15:00:00+00:00,30.0,37.625,30.0,35.708333333333336,0.0,0.0,0.0,0.0,0.0,0.0,24.0,26.625
2024-10-11 16:00:00+00:00,69.0,37.583333333333336,69.0,35.666666666666664,0.0,0.0,0.0,0.0,0.0,0.0,55.0,26.0
2024-10-11 17:00:00+00:00,0.0,37.583333333333336,0.0,35.666666666666664,0.0,0.0,0.0,0.0,0.0,0.0,0.0,26.0
2024-10-11 18:00:00+00:00,0.0,31.708333333333332,0.0,29.791666666666668,0.0,0.0,0.0,0.0,0.0,0.0,0.0,21.583333333333332
2024-10-11 19:00:00+00:00,0.0,16.083333333333332,0.0,14.166666666666666,0.0,0.0,0.0,0.0,0.0,0.0,0.0,10.916666666666666
2024-10-11 20:00:00+00:00,0.0,16.083333333333332,0.0,14.166666666666666,0.0,0.0,0.0,0.0,0.0,0.0,0.0,10.916666666666666
2024-10-11 21:00:00+00:00,0.0,16.083333333333332,0.0,14.166666666666666,0.0,0.0,0.0,0.0,0.0,0.0,0.0,10.916666666666666
2024-10-11 22:00:00+00:00,0.0,16.083333333333332,0.0,14.166666666666666,0.0,0.0,0.0,0.0,0.0,0.0,0.0,10.916666666666666
2024-10-11 23:00:00+00:00,0.0,16.083333333333332,0.0,14.166666666666666,0.0,0.0,0.0,0.0,0.0,0.0,0.0,10.916666666666666
2024-10-12 00:00:00+00:00,0.0,11.166666666666666,0.0,9.25,0.0,0.0,0.0,0.0,0.0,0.0,0.0,7.0
2024-10-12 01:00:00+00:00,0.0,8.333333333333334,0.0,6.416666666666667,0.0,0.0,0.0,0.0,0.0,0.0,0.0,5.791666666666667
2024-10-12 02:00:00+00:00,44.0,9.916666666666666,44.0,8.25,0.0,0.0,0.0,0.0,0.0,0.0,38.0,7.125
2024-10-12 03:00:00+00:00,34.0,11.333333333333334,34.0,9.666666666666666,0.0,0.0,0.0,0.0,0.0,0.0,34.0,8.541666666666666
2024-10-12 04:00:00+00:00,18.0,12.083333333333334,18.0,10.416666666666666,0.0,0.0,0.0,0.0,0.0,0.0,18.0,9.291666666666666
2024-10-12 05:00:00+00:00,0.0,11.916666666666666,0.0,10.416666666666666,0.0,0.0,0.0,0.0,0.0,0.0,0.0,9.291666666666666
2024-10-12 06:00:00+00:00,48.0,13.416666666666666,48.0,12.416666666666666,0.0,0.0,0.0,0.0,0.0,0.0,26.0,9.916666666666666
2024-10-12 07:00:00+00:00,0.0,13.333333333333334,0.0,12.416666666666666,0.0,0.0,0.0,0.0,0.0,0.0,0.0,9.916666666666666
2024-10-12 08:00:00+00:00,28.0,14.5,28.0,13.583333333333334,0.0,0.0,0.0,0.0,0.0,0.0,7.0,10.208333333333334
2024-10-12 09:00:00+00:00,37.0,16.041666666666668,37.0,15.125,0.0,0.0,0.0,0.0,0.0,0.0,9.0,10.583333333333334
2024-10-12 10:00:00+00:00,0.0,16.041666666666668,0.0,15.125,0.0,0.0,0.0,0.0,0.0,0.0,0.0,10.583333333333334
2024-10-12 11:00:00+00:00,0.0,15.125,0.0,15.125,0.0,0.0,0.0,0.0,0.0,0.0,0.0,10.583333333333334
2024-10-12 12:00:00+00:00,0.0,12.833333333333334,0.0,12.833333333333334,0.0,0.0,0.0,0.0,0.0,0.0,0.0,8.791666666666666
2024-10-12 13:00:00+00:00,0.0,12.833333333333334,0.0,12.833333333333334,0.0,0.0,0.0,0.0,0.0,0.0,0.0,8.791666666666666
2024-10-12 14:00:00+00:00,0.0,12.833333333333334,0.0,12.833333333333334,0.0,0.0,0.0,0.0,0.0,0.0,0.0,8.791666666666666
2024-10-12 15:00:00+00:00,9.0,11.958333333333334,0.0,11.583333333333334,0.0,0.0,0.0,0.0,0.0,0.0,9.0,8.166666666666666
2024-10-12 16:00:00+00:00,4.0,9.25,0.0,8.708333333333334,0.0,0.0,0.0,0.0,0.0,0.0,4.0,6.041666666666667
2024-10-12 17:00:00+00:00,0.0,9.25,0.0,8.708333333333334,0.0,0.0,0.0,0.0,0.0,0.0,0.0,6.041666666666667
2024-10-12 18:00:00+00:00,74.0,12.333333333333334,74.0,11.791666666666666,0.0,0.0,0.0,0.0,0.0,0.0,54.0,8.291666666666666
2024-10-12 19:00:00+00:00,0.0,12.333333333333334,0.0,11.791666666666666,0.0,0.0,0.0,0.0,0.0,0.0,0.0,8.291666666666666
2024-10-12 20:00:00+00:00,0.0,12.333333333333334,0.0,11.791666666666666,0.0,0.0,0.0,0.0,0.0,0.0,0.0,8.291666666666666
2024-10-12 21:00:00+00:00,0.0,12.333333333333334,0.0,11.791666666666666,0.0,0.0,0.0,0.0,0.0,0.0,0.0,8.291666666666666
2024-10-12 22:00:00+00:00,0.0,12.333333333333334,0.0,11.791666666666666,0.0,0.0,0.0,0.0,0.0,0.0,0.0,8.291666666666666
2024-10-12 23:00:00+00:00,0.0,12.333333333333334,0.0,11.791666666666666,0.0,0.0,0.0,0.0,0.0,0.0,0.0,8.291666666666666
2024-10-13 00:00:00+00:00,49.0,14.375,49.0,13.833333333333334,0.0,0.0,0.0,0.0,0.0,0.0,35.0,9.75
2024-10-13 01:00:00+00:00,0.0,14.375,0.0,13.833333333333334,0.0,0.0,0.0,0.0,0.0,0.0,0.0,9.75
2024-10-13 02:00:00+00:00,145.0,18.583333333333332,145.0,18.041666666666668,0.0,0.0,0.0,0.0,0.0,0.0,109.0,12.708333333333334
2024-10-13 03:00:00+00:00,8.0,17.5,8.0,16.958333333333332,0.0,0.0,0.0,0.0,0.0,0.0,8.0,11.625
2024-10-13 04:00:00+00:00,18.0,17.5,18.0,16.958333333333332,0.0,0.0,0.0,0.0,0.0,0.0,10.0,11.291666666666666
2024-10-13 05:00:00+00:00,70.0,20.416666666666668,70.0,19.875,0.0,0.0,0.0,0.0,0.0,0.0,52.0,13.458333333333334
2024-10-13 06:00:00+00:00,0.0,18.416666666666668,0.0,17.875,0.0,0.0,0.0,0.0,0.0,0.0,0.0,12.375
2024-10-13 07:00:00+00:00,0.0,18.416666666666668,0.0,17.875,0.0,0.0,0.0,0.0,0.0,0.0,0.0,12.375
2024-10-13 08:00:00+00:00,0.0,17.25,0.0,16.708333333333332,0.0,0.0,0.0,0.0,0.0,0.0,0.0,12.083333333333334
2024-10-13 09:00:00+00:00,0.0,15.708333333333334,0.0,15.166666666666666,0.0,0.0,0.0,0.0,0.0,0.0,0.0,11.708333333333334
2024-10-13 10:00:00+00:00,0.0,15.708333333333334,0.0,15.166666666666666,0.0,0.0,0.0,0.0,0.0,0.0,0.0,11.708333333333334
2024-10-13 11:00:00+00:00,0.0,15.708333333333334,0.0,15.166666666666666,0.0,0.0,0.0,0.0,0.0,0.0,0.0,11.708333333333334
2024-10-13 12:00:00+00:00,0.0,15.708333333333334,0.0,15.166666666666666,0.0,0.0,0.0,0.0,0.0,0.0,0.0,11.708333333333334
2024-10-13 13:00:00+00:00,0.0,15.708333333333334,0.0,15.166666666666666,0.0,0.0,0.0,0.0,0.0,0.0,0.0,11.708333333333334
2024-10-13 14:00:00+00:00,93.0,19.583333333333332,93.0,19.041666666666668,0.0,0.0,0.0,0.0,0.0,0.0,61.0,14.25
2024-10-13 15:00:00+00:00,141.0,25.083333333333332,141.0,24.916666666666668,0.0,0.0,0.0,0.0,0.0,0.0,93.0,17.75
2024-10-13 16:00:00+00:00,2.0,25.0,2.0,25.0,0.0,0.0,0.0,0.0,0.0,0.0,0.0,17.583333333333332
2024-10-13 17:00:00+00:00,4.0,25.166666666666668,0.0,25.0,0.0,0.0,0.0,0.0,0.0,0.0,0.0,17.583333333333332
2024-10-13 18:00:00+00:00,0.0,22.083333333333332,0.0,21.916666666666668,0.0,0.0,0.0,0.0,0.0,0.0,0.0,15.333333333333334
2024-10-13 19:00:00+00:00,60.0,24.583333333333332,60.0,24.416666666666668,0.0,0.0,0.0,0.0,0.0,0.0,60.0,17.833333333333332
2024-10-13 20:00:00+00:00,33.0,25.958333333333332,33.0,25.791666666666668,0.0,0.0,0.0,0.0,0.0,0.0,12.0,18.333333333333332
2024-10-13 21:00:00+00:00,3.0,26.083333333333332,3.0,25.916666666666668,0.0,0.0,0.0,0.0,0.0,0.0,0.0,18.333333333333332
2024-10-13 22:00:00+00:00,0.0,26.083333333333332,0.0,25.916666666666668,0.0,0.0,0.0,0.0,0.0,0.0,0.0,18.333333333333332
2024-10-13 23:00:00+00:00,56.0,28.416666666666668,56.0,28.25,0.0,0.0,0.0,0.0,0.0,0.0,39.0,19.958333333333332
2024-10-14 00:00:00+00:00,65.0,29.083333333333332,65.0,28.916666666666668,0.0,0.0,0.0,0.0,0.0,0.0,32.0,19.833333333333332
2024-10-14 01:00:00+00:00,134.0,34.666666666666664,134.0,34.5,0.0,0.0,0.0,0.0,0.0,0.0,99.0,23.958333333333332
2024-10-14 02:00:00+00:00,0.0,28.625,0.0,28.458333333333332,0.0,0.0,0.0,0.0,0.0,0.0,0.0,19.416666666666668
2024-10-14 03:00:00+00:00,0.0,28.291666666666668,0.0,28.125,0.0,0.0,0.0,0.0,0.0,0.0,0.0,19.083333333333332
2024-10-14 04:00:00+00:00,0.0,27.541666666666668,0.0,27.375,0.0,0.0,0.0,0.0,0.0,0.0,0.0,18.666666666666668
2024-10-14 05:00:00+00:00,0.0,24.625,0.0,24.458333333333332,0.0,0.0,0.0,0.0,0.0,0.0,0.0,16.5
2024-10-14 06:00:00+00:00,0.0,24.625,0.0,24.458333333333332,0.0,0.0,0.0,0.0,0.0,0.0,0.0,16.5
2024-10-14 07:00:00+00:00,0.0,24.625,0.0,24.458333333333332,0.0,0.0,0.0,0.0,0.0,0.0,0.0,16.5
2024-10-14 08:00:00+00:00,0.0,24.625,0.0,24.458333333333332,0.0,0.0,0.0,0.0,0.0,0.0,0.0,16.5
2024-10-14 09:00:00+00:00,0.0,24.625,0.0,24.458333333333332,0.0,0.0,0.0,0.0,0.0,0.0,0.0,16.5
2024-10-14 10:00:00+00:00,0.0,24.625,0.0,24.458333333333332,0.0,0.0,0.0,0.0,0.0,0.0,0.0,16.5
2024-10-14 11:00:00+00:00,0.0,24.625,0.0,24.458333333333332,0.0,0.0,0.0,0.0,0.0,0.0,0.0,16.5
2024-10-14 12:00:00+00:00,0.0,24.625,0.0,24.458333333333332,0.0,0.0,0.0,0.0,0.0,0.0,0.0,16.5
2024-10-14 13:00:00+00:00,0.0,24.625,0.0,24.458333333333332,0.0,0.0,0.0,0.0,0.0,0.0,0.0,16.5
2024-10-14 14:00:00+00:00,41.0,22.458333333333332,41.0,22.291666666666668,0.0,0.0,0.0,0.0,0.0,0.0,38.0,15.541666666666666
2024-10-14 15:00:00+00:00,33.0,17.958333333333332,33.0,17.791666666666668,0.0,0.0,0.0,0.0,0.0,0.0,23.0,12.625
2024-10-14 16:00:00+00:00,0.0,17.875,0.0,17.708333333333332,0.0,0.0,0.0,0.0,0.0,0.0,0.0,12.625
2024-10-14 17:00:00+00:00,34.0,19.125,34.0,19.125,0.0,0.0,0.0,0.0,0.0,0.0,16.0,13.291666666666666
2024-10-14 18:00:00+00:00,58.0,21.541666666666668,58.0,21.541666666666668,0.0,0.0,0.0,0.0,0.0,0.0,52.0,15.458333333333334
2024-10-14 19:00:00+00:00,15.0,19.666666666666668,15.0,19.666666666666668,0.0,0.0,0.0,0.0,0.0,0.0,0.0,12.958333333333334
2024-10-14 20:00:00+00:00,0.0,18.291666666666668,0.0,18.291666666666668,0.0,0.0,0.0,0.0,0.0,0.0,0.0,12.458333333333334
2024-10-14 21:00:00+00:00,0.0,18.166666666666668,0.0,18.166666666666668,0.0,0.0,0.0,0.0,0.0,0.0,0.0,12.458333333333334
2024-10-14 22:00:00+00:00,21.0,19.041666666666668,21.0,19.041666666666668,0.0,0.0,0.0,0.0,0.0,0.0,6.0,12.708333333333334
2024-10-14 23:00:00+00:00,31.0,18.0,31.0,18.0,0.0,0.0,0.0,0.0,0.0,0.0,15.0,11.708333333333334
2024-10-15 00:00:00+00:00,0.0,15.291666666666666,0.0,15.291666666666666,0.0,0.0,0.0,0.0,0.0,0.0,0.0,10.375
2024-10-15 01:00:00+00:00,0.0,9.708333333333334,0.0,9.708333333333334,0.0,0.0,0.0,0.0,0.0,0.0,0.0,6.25
2024-10-15 02:00:00+00:00,4.0,9.875,0.0,9.708333333333334,4.0,0.16666666666666666,0.0,0.0,0.0,0.0,0.0,6.25
2024-10-15 03:00:00+00:00,0.0,9.875,0.0,9.708333333333334,0.0,0.16666666666666666,0.0,0.0,0.0,0.0,0.0,6.25
2024-10-15 04:00:00+00:00,20.0,10.708333333333334,14.0,10.291666666666666,20.0,1.0,0.0,0.0,0.0,0.0,10.0,6.666666666666667
2024-10-15 05:00:00+00:00,123.0,15.833333333333334,123.0,15.416666666666666,123.0,6.125,0.0,0.0,0.0,0.0,108.0,11.166666666666666
2024-10-15 06:00:00+00:00,0.0,15.833333333333334,0.0,15.416666666666666,0.0,6.125,0.0,0.0,0.0,0.0,0.0,11.166666666666666
2024-10-15 07:00:00+00:00,0.0,15.833333333333334,0.0,15.416666666666666,0.0,6.125,0.0,0.0,0.0,0.0,0.0,11.166666666666666
2024-10-15 08:00:00+00:00,0.0,15.833333333333334,0.0,15.416666666666666,0.0,6.125,0.0,0.0,0.0,0.0,0.0,11.166666666666666
2024-10-15 09:00:00+00:00,0.0,15.833333333333334,0.0,15.416666666666666,0.0,6.125,0.0,0.0,0.0,0.0,0.0,11.166666666666666
2024-10-15 10:00:00+00:00,0.0,15.833333333333334,0.0,15.416666666666666,0.0,6.125,0.0,0.0,0.0,0.0,0.0,11.166666666666666
2024-10-15 11:00:00+00:00,0.0,15.833333333333334,0.0,15.416666666666666,0.0,6.125,0.0,0.0,0.0,0.0,0.0,11.166666666666666
2024-10-15 12:00:00+00:00,0.0,15.833333333333334,0.0,15.416666666666666,0.0,6.125,0.0,0.0,0.0,0.0,0.0,11.166666666666666
2024-10-15 13:00:00+00:00,0.0,15.833333333333334,0.0,15.416666666666666,0.0,6.125,0.0,0.0,0.0,0.0,0.0,11.166666666666666
2024-10-15 14:00:00+00:00,0.0,14.125,0.0,13.708333333333334,0.0,6.125,0.0,0.0,0.0,0.0,0.0,9.583333333333334
2024-10-15 15:00:00+00:00,202.0,21.166666666666668,202.0,20.75,202.0,14.541666666666666,0.0,0.0,0.0,0.0,101.0,12.833333333333334
2024-10-15 16:00:00+00:00,53.0,23.375,53.0,22.958333333333332,53.0,16.75,0.0,0.0,0.0,0.0,25.0,13.875
2024-10-15 17:00:00+00:00,59.0,24.416666666666668,59.0,24.0,59.0,19.208333333333332,0.0,0.0,0.0,0.0,18.0,13.958333333333334
2024-10-15 18:00:00+00:00,0.0,22.0,0.0,21.583333333333332,0.0,19.208333333333332,0.0,0.0,0.0,0.0,0.0,11.791666666666666
2024-10-15 19:00:00+00:00,0.0,21.375,0.0,20.958333333333332,0.0,19.208333333333332,0.0,0.0,0.0,0.0,0.0,11.791666666666666
2024-10-15 20:00:00+00:00,0.0,21.375,0.0,20.958333333333332,0.0,19.208333333333332,0.0,0.0,0.0,0.0,0.0,11.791666666666666
2024-10-15 21:00:00+00:00,0.0,21.375,0.0,20.958333333333332,0.0,19.208333333333332,0.0,0.0,0.0,0.0,0.0,11.791666666666666
2024-10-15 22:00:00+00:00,82.0,23.916666666666668,82.0,23.5,82.0,22.625,0.0,0.0,0.0,0.0,64.0,14.208333333333334
2024-10-15 23:00:00+00:00,64.0,25.291666666666668,64.0,24.875,64.0,25.291666666666668,0.0,0.0,0.0,0.0,42.0,15.333333333333334
2024-10-16 00:00:00+00:00,0.0,25.291666666666668,0.0,24.875,0.0,25.291666666666668,0.0,0.0,0.0,0.0,0.0,15.333333333333334
2024-10-16 01:00:00+00:00,0.0,25.291666666666668,0.0,24.875,0.0,25.291666666666668,0.0,0.0,0.0,0.0,0.0,15.333333333333334
2024-10-16 02:00:00+00:00,0.0,25.125,0.0,24.875,0.0,25.125,0.0,0.0,0.0,0.0,0.0,15.333333333333334
2024-10-16 03:00:00+00:00,0.0,25.125,0.0,24.875,0.0,25.125,0.0,0.0,0.0,0.0,0.0,15.333333333333334
2024-10-16 04:00:00+00:00,0.0,24.291666666666668,0.0,24.291666666666668,0.0,24.291666666666668,0.0,0.0,0.0,0.0,0.0,14.916666666666666
2024-10-16 05:00:00+00:00,0.0,19.166666666666668,0.0,19.166666666666668,0.0,19.166666666666668,0.0,0.0,0.0,0.0,0.0,10.416666666666666
2024-10-16 06:00:00+00:00,0.0,19.166666666666668,0.0,19.166666666666668,0.0,19.166666666666668,0.0,0.0,0.0,0.0,0.0,10.416666666666666
2024-10-16 07:00:00+00:00,0.0,19.166666666666668,0.0,19.166666666666668,0.0,19.166666666666668,0.0,0.0,0.0,0.0,0.0,10.416666666666666
2024-10-16 08:00:00+00:00,0.0,19.166666666666668,0.0,19.166666666666668,0.0,19.166666666666668,0.0,0.0,0.0,0.0,0.0,10.416666666666666
2024-10-16 09:00:00+00:00,0.0,19.166666666666668,0.0,19.166666666666668,0.0,19.166666666666668,0.0,0.0,0.0,0.0,0.0,10.416666666666666
2024-10-16 10:00:00+00:00,0.0,19.166666666666668,0.0,19.166666666666668,0.0,19.166666666666668,0.0,0.0,0.0,0.0,0.0,10.416666666666666
2024-10-16 11:00:00+00:00,0.0,19.166666666666668,0.0,19.166666666666668,0.0,19.166666666666668,0.0,0.0,0.0,0.0,0.0,10.416666666666666
2024-10-16 12:00:00+00:00,0.0,19.166666666666668,0.0,19.166666666666668,0.0,19.166666666666668,0.0,0.0,0.0,0.0,0.0,10.416666666666666
2024-10-16 13:00:00+00:00,77.0,22.375,77.0,22.375,0.0,19.166666666666668,0.0,0.0,0.0,0.0,56.0,12.75
2024-10-16 14:00:00+00:00,132.0,27.875,132.0,27.875,0.0,19.166666666666668,0.0,0.0,0.0,0.0,62.0,15.333333333333334
2024-10-16 15:00:00+00:00,15.0,20.083333333333332,0.0,19.458333333333332,0.0,10.75,0.0,0.0,0.0,0.0,0.0,11.125
2024-10-16 16:00:00+00:00,22.0,18.791666666666668,22.0,18.166666666666668,0.0,8.541666666666666,0.0,0.0,0.0,0.0,22.0,11.0
2024-10-16 17:00:00+00:00,82.0,19.75,82.0,19.125,0.0,6.083333333333333,0.0,0.0,0.0,0.0,36.0,11.75
2024-10-16 18:00:00+00:00,0.0,19.75,0.0,19.125,0.0,6.083333333333333,0.0,0.0,0.0,0.0,0.0,11.75
2024-10-16 19:00:00+00:00,0.0,19.75,0.0,19.125,0.0,6.083333333333333,0.0,0.0,0.0,0.0,0.0,11.75
2024-10-16 20:00:00+00:00,0.0,19.75,0.0,19.125,0.0,6.083333333333333,0.0,0.0,0.0,0.0,0.0,11.75
2024-10-16 21:00:00+00:00,87.0,23.375,87.0,22.75,0.0,6.083333333333333,0.0,0.0,0.0,0.0,52.0,13.916666666666666
2024-10-16 22:00:00+00:00,13.0,20.5,13.0,19.875,0.0,2.6666666666666665,0.0,0.0,0.0,0.0,13.0,11.791666666666666
2024-10-16 23:00:00+00:00,87.0,21.458333333333332,87.0,20.833333333333332,0.0,0.0,0.0,0.0,0.0,0.0,55.0,12.333333333333334
2024-10-17 00:00:00+00:00,15.0,22.083333333333332,15.0,21.458333333333332,0.0,0.0,0.0,0.0,0.0,0.0,0.0,12.333333333333334
2024-10-17 01:00:00+00:00,47.0,24.041666666666668,47.0,23.416666666666668,0.0,0.0,0.0,0.0,0.0,0.0,43.0,14.125
2024-10-17 02:00:00+00:00,44.0,25.875,44.0,25.25,0.0,0.0,0.0,0.0,0.0,0.0,25.0,15.166666666666666
2024-10-17 03:00:00+00:00,0.0,25.875,0.0,25.25,0.0,0.0,0.0,0.0,0.0,0.0,0.0,15.166666666666666
2024-10-17 04:00:00+00:00,0.0,25.875,0.0,25.25,0.0,0.0,0.0,0.0,0.0,0.0,0.0,15.166666666666666
2024-10-17 05:00:00+00:00,30.0,27.125,30.0,26.5,0.0,0.0,0.0,0.0,0.0,0.0,30.0,16.416666666666668
2024-10-17 06:00:00+00:00,8.0,27.458333333333332,8.0,26.833333333333332,0.0,0.0,0.0,0.0,0.0,0.0,0.0,16.416666666666668
2024-10-17 07:00:00+00:00,0.0,27.458333333333332,0.0,26.833333333333332,0.0,0.0,0.0,0.0,0.0,0.0,0.0,16.416666666666668
2024-10-17 08:00:00+00:00,0.0,27.458333333333332,0.0,26.833333333333332,0.0,0.0,0.0,0.0,0.0,0.0,0.0,16.416666666666668
2024-10-17 09:00:00+00:00,0.0,27.458333333333332,0.0,26.833333333333332,0.0,0.0,0.0,0.0,0.0,0.0,0.0,16.416666666666668
2024-10-17 10:00:00+00:00,0.0,27.458333333333332,0.0,26.833333333333332,0.0,0.0,0.0,0.0,0.0,0.0,0.0,16.416666666666668
2024-10-17 11:00:00+00:00,0.0,27.458333333333332,0.0,26.833333333333332,0.0,0.0,0.0,0.0,0.0,0.0,0.0,16.416666666666668
2024-10-17 12:00:00+00:00,0.0,27.458333333333332,0.0,26.833333333333332,0.0,0.0,0.0,0.0,0.0,0.0,0.0,16.416666666666668
2024-10-17 13:00:00+00:00,0.0,24.25,0.0,23.625,0.0,0.0,0.0,0.0,0.0,0.0,0.0,14.083333333333334
2024-10-17 14:00:00+00:00,276.0,30.25,276.0,29.625,0.0,0.0,0.0,0.0,0.0,0.0,185.0,19.208333333333332
2024-10-17 15:00:00+00:00,0.0,29.625,0.0,29.625,0.0,0.0,0.0,0.0,0.0,0.0,0.0,19.208333333333332
2024-10-17 16:00:00+00:00,121.0,33.75,121.0,33.75,0.0,0.0,0.0,0.0,0.0,0.0,41.0,20.0
2024-10-17 17:00:00+00:00,71.0,33.291666666666664,71.0,33.291666666666664,0.0,0.0,0.0,0.0,0.0,0.0,11.0,18.958333333333332
2024-10-17 18:00:00+00:00,173.0,40.5,173.0,40.5,0.0,0.0,0.0,0.0,0.0,0.0,82.0,22.375
2024-10-17 19:00:00+00:00,16.0,41.166666666666664,8.0,40.833333333333336,0.0,0.0,0.0,0.0,0.0,0.0,10.0,22.791666666666668
2024-10-17 20:00:00+00:00,0.0,41.166666666666664,0.0,40.833333333333336,0.0,0.0,0.0,0.0,0.0,0.0,0.0,22.791666666666668
2024-10-17 21:00:00+00:00,15.0,38.166666666666664,0.0,37.208333333333336,0.0,0.0,0.0,0.0,0.0,0.0,15.0,21.25
2024-10-17 22:00:00+00:00,1.0,37.666666666666664,0.0,36.666666666666664,0.0,0.0,0.0,0.0,0.0,0.0,0.0,20.708333333333332
2024-10-17 23:00:00+00:00,0.0,34.041666666666664,0.0,33.041666666666664,0.0,0.0,0.0,0.0,0.0,0.0,0.0,18.416666666666668
2024-10-18 00:00:00+00:00,0.0,33.416666666666664,0.0,32.416666666666664,0.0,0.0,0.0,0.0,0.0,0.0,0.0,18.416666666666668
2024-10-18 01:00:00+00:00,46.0,33.375,46.0,32.375,0.0,0.0,0.0,0.0,0.0,0.0,32.0,17.958333333333332
2024-10-18 02:00:00+00:00,100.0,35.708333333333336,100.0,34.708333333333336,0.0,0.0,0.0,0.0,0.0,0.0,75.0,20.041666666666668
2024-10-18 03:00:00+00:00,49.0,37.75,49.0,36.75,0.0,0.0,0.0,0.0,0.0,0.0,34.0,21.458333333333332
2024-10-18 04:00:00+00:00,4.0,37.916666666666664,4.0,36.916666666666664,0.0,0.0,0.0,0.0,0.0,0.0,0.0,21.458333333333332
2024-10-18 05:00:00+00:00,0.0,36.666666666666664,0.0,35.666666666666664,0.0,0.0,0.0,0.0,0.0,0.0,0.0,20.208333333333332
2024-10-18 06:00:00+00:00,0.0,36.333333333333336,0.0,35.333333333333336,0.0,0.0,0.0,0.0,0.0,0.0,0.0,20.208333333333332
2024-10-18 07:00:00+00:00,119.0,41.291666666666664,119.0,40.291666666666664,0.0,0.0,0.0,0.0,0.0,0.0,84.0,23.708333333333332
2024-10-18 08:00:00+00:00,0.0,41.291666666666664,0.0,40.291666666666664,0.0,0.0,0.0,0.0,0.0,0.0,0.0,23.708333333333332
2024-10-18 09:00:00+00:00,0.0,41.291666666666664,0.0,40.291666666666664,0.0,0.0,0.0,0.0,0.0,0.0,0.0,23.708333333333332
2024-10-18 10:00:00+00:00,0.0,41.291666666666664,0.0,40.291666666666664,0.0,0.0,0.0,0.0,0.0,0.0,0.0,23.708333333333332
2024-10-18 11:00:00+00:00,0.0,41.291666666666664,0.0,40.291666666666664,0.0,0.0,0.0,0.0,0.0,0.0,0.0,23.708333333333332
2024-10-18 12:00:00+00:00,0.0,41.291666666666664,0.0,40.291666666666664,0.0,0.0,0.0,0.0,0.0,0.0,0.0,23.708333333333332
2024-10-18 13:00:00+00:00,0.0,41.291666666666664,0.0,40.291666666666664,0.0,0.0,0.0,0.0,0.0,0.0,0.0,23.708333333333332
2024-10-18 14:00:00+00:00,117.0,34.666666666666664,117.0,33.666666666666664,0.0,0.0,0.0,0.0,0.0,0.0,33.0,17.375
2024-10-18 15:00:00+00:00,71.0,37.625,71.0,36.625,0.0,0.0,0.0,0.0,0.0,0.0,57.0,19.75
2024-10-18 16:00:00+00:00,56.0,34.916666666666664,56.0,33.916666666666664,0.0,0.0,0.0,0.0,0.0,0.0,49.0,20.083333333333332
2024-10-18 17:00:00+00:00,3.0,32.083333333333336,3.0,31.083333333333332,0.0,0.0,0.0,0.0,0.0,0.0,0.0,19.625
2024-10-18 18:00:00+00:00,0.0,24.875,0.0,23.875,0.0,0.0,0.0,0.0,0.0,0.0,0.0,16.208333333333332
2024-10-18 19:00:00+00:00,40.0,25.875,40.0,25.208333333333332,0.0,0.0,0.0,0.0,0.0,0.0,31.0,17.083333333333332
2024-10-18 20:00:00+00:00,0.0,25.875,0.0,25.208333333333332,0.0,0.0,0.0,0.0,0.0,0.0,0.0,17.083333333333332
2024-10-18 21:00:00+00:00,21.0,26.125,0.0,25.208333333333332,0.0,0.0,0.0,0.0,0.0,0.0,16.0,17.125
2024-10-18 22:00:00+00:00,0.0,26.083333333333332,0.0,25.208333333333332,0.0,0.0,0.0,0.0,0.0,0.0,0.0,17.125
2024-10-18 23:00:00+00:00,0.0,26.083333333333332,0.0,25.208333333333332,0.0,0.0,0.0,0.0,0.0,0.0,0.0,17.125
2024-10-19 00:00:00+00:00,21.0,26.958333333333332,16.0,25.875,0.0,0.0,0.0,0.0,0.0,0.0,0.0,17.125
2024-10-19 01:00:00+00:00,27.0,26.166666666666668,27.0,25.083333333333332,0.0,0.0,0.0,0.0,0.0,0.0,22.0,16.708333333333332
2024-10-19 02:00:00+00:00,8.0,22.333333333333332,8.0,21.25,0.0,0.0,0.0,0.0,0.0,0.0,8.0,13.916666666666666
2024-10-19 03:00:00+00:00,246.0,30.541666666666668,246.0,29.458333333333332,0.0,0.0,0.0,0.0,0.0,0.0,173.0,19.708333333333332
2024-10-19 04:00:00+00:00,61.0,32.916666666666664,61.0,31.833333333333332,0.0,0.0,0.0,0.0,0.0,0.0,56.0,22.041666666666668
2024-10-19 05:00:00+00:00,0.0,32.916666666666664,0.0,31.833333333333332,0.0,0.0,0.0,0.0,0.0,0.0,0.0,22.041666666666668
2024-10-19 06:00:00+00:00,0.0,32.916666666666664,0.0,31.833333333333332,0.0,0.0,0.0,0.0,0.0,0.0,0.0,22.041666666666668
2024-10-19 07:00:00+00:00,94.0,31.875,94.0,30.791666666666668,0.0,0.0,0.0,0.0,0.0,0.0,49.0,20.583333333333332
2024-10-19 08:00:00+00:00,12.0,32.375,12.0,31.291666666666668,0.0,0.0,0.0,0.0,0.0,0.0,12.0,21.083333333333332
2024-10-19 09:00:00+00:00,97.0,36.416666666666664,97.0,35.333333333333336,0.0,0.0,0.0,0.0,0.0,0.0,72.0,24.083333333333332
2024-10-19 10:00:00+00:00,0.0,36.416666666666664,0.0,35.333333333333336,0.0,0.0,0.0,0.0,0.0,0.0,0.0,24.083333333333332
2024-10-19 11:00:00+00:00,13.0,36.958333333333336,0.0,35.333333333333336,0.0,0.0,0.0,0.0,0.0,0.0,2.0,24.166666666666668
2024-10-19 12:00:00+00:00,6.0,37.208333333333336,0.0,35.333333333333336,0.0,0.0,0.0,0.0,0.0,0.0,6.0,24.416666666666668
2024-10-19 13:00:00+00:00,136.0,42.875,136.0,41.0,0.0,0.0,0.0,0.0,0.0,0.0,88.0,28.083333333333332
2024-10-19 14:00:00+00:00,59.0,40.458333333333336,59.0,38.583333333333336,0.0,0.0,0.0,0.0,0.0,0.0,42.0,28.458333333333332
2024-10-19 15:00:00+00:00,0.0,37.5,0.0,35.625,0.0,0.0,0.0,0.0,0.0,0.0,0.0,26.083333333333332
2024-10-19 16:00:00+00:00,0.0,35.166666666666664,0.0,33.291666666666664,0.0,0.0,0.0,0.0,0.0,0.0,0.0,24.041666666666668
2024-10-19 17:00:00+00:00,1.0,35.083333333333336,0.0,33.166666666666664,0.0,0.0,0.0,0.0,0.0,0.0,0.0,24.041666666666668
2024-10-19 18:00:00+00:00,0.0,35.083333333333336,0.0,33.166666666666664,0.0,0.0,0.0,0.0,0.0,0.0,0.0,24.041666666666668
2024-10-19 19:00:00+00:00,0.0,33.416666666666664,0.0,31.5,0.0,0.0,0.0,0.0,0.0,0.0,0.0,22.75
2024-10-19 20:00:00+00:00,0.0,33.416666666666664,0.0,31.5,0.0,0.0,0.0,0.0,0.0,0.0,0.0,22.75
2024-10-19 21:00:00+00:00,0.0,32.541666666666664,0.0,31.5,0.0,0.0,0.0,0.0,0.0,0.0,0.0,22.083333333333332
2024-10-19 22:00:00+00:00,0.0,32.541666666666664,0.0,31.5,0.0,0.0,0.0,0.0,0.0,0.0,0.0,22.083333333333332
2024-10-19 23:00:00+00:00,3.0,32.666666666666664,0.0,31.5,0.0,0.0,0.0,0.0,0.0,0.0,0.0,22.083333333333332
2024-10-20 00:00:00+00:00,16.0,32.458333333333336,16.0,31.5,0.0,0.0,0.0,0.0,0.0,0.0,15.0,22.708333333333332
2024-10-20 01:00:00+00:00,15.0,31.958333333333332,15.0,31.0,0.0,0.0,0.0,0.0,0.0,0.0,15.0,22.416666666666668
2024-10-20 02:00:00+00:00,0.0,31.625,0.0,30.666666666666668,0.0,0.0,0.0,0.0,0.0,0.0,0.0,22.083333333333332
2024-10-20 03:00:00+00:00,0.0,21.375,0.0,20.416666666666668,0.0,0.0,0.0,0.0,0.0,0.0,0.0,14.875
2024-10-20 04:00:00+00:00,0.0,18.833333333333332,0.0,17.875,0.0,0.0,0.0,0.0,0.0,0.0,0.0,12.541666666666666
2024-10-20 05:00:00+00:00,0.0,18.833333333333332,0.0,17.875,0.0,0.0,0.0,0.0,0.0,0.0,0.0,12.541666666666666
2024-10-20 06:00:00+00:00,0.0,18.833333333333332,0.0,17.875,0.0,0.0,0.0,0.0,0.0,0.0,0.0,12.541666666666666
2024-10-20 07:00:00+00:00,0.0,14.916666666666666,0.0,13.958333333333334,0.0,0.0,0.0,0.0,0.0,0.0,0.0,10.5
2024-10-20 08:00:00+00:00,0.0,14.416666666666666,0.0,13.458333333333334,0.0,0.0,0.0,0.0,0.0,0.0,0.0,10.0
2024-10-20 09:00:00+00:00,0.0,10.375,0.0,9.416666666666666,0.0,0.0,0.0,0.0,0.0,0.0,0.0,7.0
2024-10-20 10:00:00+00:00,0.0,10.375,0.0,9.416666666666666,0.0,0.0,0.0,0.0,0.0,0.0,0.0,7.0
2024-10-20 11:00:00+00:00,0.0,9.833333333333334,0.0,9.416666666666666,0.0,0.0,0.0,0.0,0.0,0.0,0.0,6.916666666666667
2024-10-20 12:00:00+00:00,2.0,9.666666666666666,0.0,9.416666666666666,0.0,0.0,0.0,0.0,0.0,0.0,0.0,6.666666666666667
2024-10-20 13:00:00+00:00,0.0,4.0,0.0,3.75,0.0,0.0,0.0,0.0,0.0,0.0,0.0,3.0
2024-10-20 14:00:00+00:00,103.0,5.833333333333333,103.0,5.583333333333333,0.0,0.0,0.0,0.0,0.0,0.0,34.0,2.6666666666666665
2024-10-20 15:00:00+00:00,103.0,10.125,103.0,9.875,0.0,0.0,0.0,0.0,0.0,0.0,36.0,4.166666666666667
2024-10-20 16:00:00+00:00,0.0,10.125,0.0,9.875,0.0,0.0,0.0,0.0,0.0,0.0,0.0,4.166666666666667
2024-10-20 17:00:00+00:00,324.0,23.583333333333332,324.0,23.375,0.0,0.0,0.0,0.0,0.0,0.0,76.0,7.333333333333333
2024-10-20 18:00:00+00:00,70.0,26.5,70.0,26.291666666666668,0.0,0.0,0.0,0.0,0.0,0.0,53.0,9.541666666666666
2024-10-20 19:00:00+00:00,19.0,27.291666666666668,19.0,27.083333333333332,0.0,0.0,0.0,0.0,0.0,0.0,19.0,10.333333333333334
2024-10-20 20:00:00+00:00,121.0,32.333333333333336,121.0,32.125,0.0,0.0,0.0,0.0,0.0,0.0,121.0,15.375
2024-10-20 21:00:00+00:00,49.0,34.375,49.0,34.166666666666664,0.0,0.0,0.0,0.0,0.0,0.0,39.0,17.0
2024-10-20 22:00:00+00:00,0.0,34.375,0.0,34.166666666666664,0.0,0.0,0.0,0.0,0.0,0.0,0.0,17.0
2024-10-20 23:00:00+00:00,15.0,34.875,15.0,34.791666666666664,0.0,0.0,0.0,0.0,0.0,0.0,15.0,17.625
2024-10-21 00:00:00+00:00,15.0,34.833333333333336,15.0,34.75,0.0,0.0,0.0,0.0,0.0,0.0,15.0,17.625
2024-10-21 01:00:00+00:00,0.0,34.208333333333336,0.0,34.125,0.0,0.0,0.0,0.0,0.0,0.0,0.0,17.0
2024-10-21 02:00:00+00:00,0.0,34.208333333333336,0.0,34.125,0.0,0.0,0.0,0.0,0.0,0.0,0.0,17.0
2024-10-21 03:00:00+00:00,0.0,34.208333333333336,0.0,34.125,0.0,0.0,0.0,0.0,0.0,0.0,0.0,17.0
2024-10-21 04:00:00+00:00,0.0,34.208333333333336,0.0,34.125,0.0,0.0,0.0,0.0,0.0,0.0,0.0,17.0
2024-10-21 05:00:00+00:00,0.0,34.208333333333336,0.0,34.125,0.0,0.0,0.0,0.0,0.0,0.0,0.0,17.0
2024-10-21 06:00:00+00:00,0.0,34.208333333333336,0.0,34.125,0.0,0.0,0.0,0.0,0.0,0.0,0.0,17.0
2024-10-21 07:00:00+00:00,0.0,34.208333333333336,0.0,34.125,0.0,0.0,0.0,0.0,0.0,0.0,0.0,17.0
2024-10-21 08:00:00+00:00,0.0,34.208333333333336,0.0,34.125,0.0,0.0,0.0,0.0,0.0,0.0,0.0,17.0
2024-10-21 09:00:00+00:00,0.0,34.208333333333336,0.0,34.125,0.0,0.0,0.0,0.0,0.0,0.0,0.0,17.0
2024-10-21 10:00:00+00:00,0.0,34.208333333333336,0.0,34.125,0.0,0.0,0.0,0.0,0.0,0.0,0.0,17.0
2024-10-21 11:00:00+00:00,0.0,34.208333333333336,0.0,34.125,0.0,0.0,0.0,0.0,0.0,0.0,0.0,17.0
2024-10-21 12:00:00+00:00,16.0,34.791666666666664,16.0,34.791666666666664,0.0,0.0,0.0,0.0,0.0,0.0,15.0,17.625
2024-10-21 13:00:00+00:00,227.0,44.25,227.0,44.25,0.0,0.0,0.0,0.0,0.0,0.0,199.0,25.916666666666668
2024-10-21 14:00:00+00:00,116.0,44.791666666666664,116.0,44.791666666666664,0.0,0.0,0.0,0.0,0.0,0.0,94.0,28.416666666666668
2024-10-21 15:00:00+00:00,0.0,40.5,0.0,40.5,0.0,0.0,0.0,0.0,0.0,0.0,0.0,26.916666666666668
2024-10-21 16:00:00+00:00,0.0,40.5,0.0,40.5,0.0,0.0,0.0,0.0,0.0,0.0,0.0,26.916666666666668
2024-10-21 17:00:00+00:00,0.0,27.0,0.0,27.0,0.0,0.0,0.0,0.0,0.0,0.0,0.0,23.75
2024-10-21 18:00:00+00:00,0.0,24.083333333333332,0.0,24.083333333333332,0.0,0.0,0.0,0.0,0.0,0.0,0.0,21.541666666666668
2024-10-21 19:00:00+00:00,0.0,23.291666666666668,0.0,23.291666666666668,0.0,0.0,0.0,0.0,0.0,0.0,0.0,20.75
2024-10-21 20:00:00+00:00,0.0,18.25,0.0,18.25,0.0,0.0,0.0,0.0,0.0,0.0,0.0,15.708333333333334
2024-10-21 21:00:00+00:00,66.0,18.958333333333332,66.0,18.958333333333332,0.0,0.0,0.0,0.0,0.0,0.0,47.0,16.041666666666668
2024-10-21 22:00:00+00:00,0.0,18.958333333333332,0.0,18.958333333333332,0.0,0.0,0.0,0.0,0.0,0.0,0.0,16.041666666666668
2024-10-21 23:00:00+00:00,4.0,18.5,4.0,18.5,0.0,0.0,0.0,0.0,0.0,0.0,0.0,15.416666666666666
2024-10-22 00:00:00+00:00,36.0,19.375,36.0,19.375,0.0,0.0,0.0,0.0,0.0,0.0,36.0,16.291666666666668
2024-10-22 01:00:00+00:00,0.0,19.375,0.0,19.375,0.0,0.0,0.0,0.0,0.0,0.0,0.0,16.291666666666668
2024-10-22 02:00:00+00:00,0.0,19.375,0.0,19.375,0.0,0.0,0.0,0.0,0.0,0.0,0.0,16.291666666666668
2024-10-22 03:00:00+00:00,0.0,19.375,0.0,19.375,0.0,0.0,0.0,0.0,0.0,0.0,0.0,16.291666666666668
2024-10-22 04:00:00+00:00,0.0,19.375,0.0,19.375,0.0,0.0,0.0,0.0,0.0,0.0,0.0,16.291666666666668
2024-10-22 05:00:00+00:00,0.0,19.375,0.0,19.375,0.0,0.0,0.0,0.0,0.0,0.0,0.0,16.291666666666668
2024-10-22 06:00:00+00:00,0.0,19.375,0.0,19.375,0.0,0.0,0.0,0.0,0.0,0.0,0.0,16.291666666666668
2024-10-22 07:00:00+00:00,0.0,19.375,0.0,19.375,0.0,0.0,0.0,0.0,0.0,0.0,0.0,16.291666666666668
2024-10-22 08:00:00+00:00,0.0,19.375,0.0,19.375,0.0,0.0,0.0,0.0,0.0,0.0,0.0,16.291666666666668
2024-10-22 09:00:00+00:00,0.0,19.375,0.0,19.375,0.0,0.0,0.0,0.0,0.0,0.0,0.0,16.291666666666668
2024-10-22 10:00:00+00:00,0.0,19.375,0.0,19.375,0.0,0.0,0.0,0.0,0.0,0.0,0.0,16.291666666666668
2024-10-22 11:00:00+00:00,0.0,19.375,0.0,19.375,0.0,0.0,0.0,0.0,0.0,0.0,0.0,16.291666666666668
2024-10-22 12:00:00+00:00,29.0,19.916666666666668,29.0,19.916666666666668,0.0,0.0,0.0,0.0,0.0,0.0,13.0,16.208333333333332
2024-10-22 13:00:00+00:00,29.0,11.666666666666666,29.0,11.666666666666666,0.0,0.0,0.0,0.0,0.0,0.0,29.0,9.125
2024-10-22 14:00:00+00:00,38.0,8.416666666666666,38.0,8.416666666666666,0.0,0.0,0.0,0.0,0.0,0.0,11.0,5.666666666666667
2024-10-22 15:00:00+00:00,0.0,8.416666666666666,0.0,8.416666666666666,0.0,0.0,0.0,0.0,0.0,0.0,0.0,5.666666666666667
2024-10-22 16:00:00+00:00,86.0,12.0,86.0,12.0,0.0,0.0,0.0,0.0,0.0,0.0,62.0,8.25
2024-10-22 17:00:00+00:00,74.0,15.083333333333334,74.0,15.083333333333334,0.0,0.0,0.0,0.0,0.0,0.0,60.0,10.75
2024-10-22 18:00:00+00:00,0.0,15.083333333333334,0.0,15.083333333333334,0.0,0.0,0.0,0.0,0.0,0.0,0.0,10.75
2024-10-22 19:00:00+00:00,0.0,15.083333333333334,0.0,15.083333333333334,0.0,0.0,0.0,0.0,0.0,0.0,0.0,10.75
2024-10-22 20:00:00+00:00,0.0,15.083333333333334,0.0,15.083333333333334,0.0,0.0,0.0,0.0,0.0,0.0,0.0,10.75
2024-10-22 21:00:00+00:00,0.0,12.333333333333334,0.0,12.333333333333334,0.0,0.0,0.0,0.0,0.0,0.0,0.0,8.791666666666666
2024-10-22 22:00:00+00:00,15.0,12.958333333333334,15.0,12.958333333333334,0.0,0.0,0.0,0.0,0.0,0.0,15.0,9.416666666666666
2024-10-22 23:00:00+00:00,11.0,13.25,11.0,13.25,0.0,0.0,0.0,0.0,0.0,0.0,11.0,9.875
2024-10-23 00:00:00+00:00,0.0,11.75,0.0,11.75,0.0,0.0,0.0,0.0,0.0,0.0,0.0,8.375
2024-10-23 01:00:00+00:00,0.0,11.75,0.0,11.75,0.0,0.0,0.0,0.0,0.0,0.0,0.0,8.375
2024-10-23 02:00:00+00:00,0.0,11.75,0.0,11.75,0.0,0.0,0.0,0.0,0.0,0.0,0.0,8.375
2024-10-23 03:00:00+00:00,0.0,11.75,0.0,11.75,0.0,0.0,0.0,0.0,0.0,0.0,0.0,8.375
2024-10-23 04:00:00+00:00,0.0,11.75,0.0,11.75,0.0,0.0,0.0,0.0,0.0,0.0,0.0,8.375
2024-10-23 05:00:00+00:00,0.0,11.75,0.0,11.75,0.0,0.0,0.0,0.0,0.0,0.0,0.0,8.375
2024-10-23 06:00:00+00:00,0.0,11.75,0.0,11.75,0.0,0.0,0.0,0.0,0.0,0.0,0.0,8.375
2024-10-23 07:00:00+00:00,38.0,13.333333333333334,38.0,13.333333333333334,0.0,0.0,0.0,0.0,0.0,0.0,31.0,9.666666666666666
2024-10-23 08:00:00+00:00,0.0,13.333333333333334,0.0,13.333333333333334,0.0,0.0,0.0,0.0,0.0,0.0,0.0,9.666666666666666
2024-10-23 09:00:00+00:00,0.0,13.333333333333334,0.0,13.333333333333334,0.0,0.0,0.0,0.0,0.0,0.0,0.0,9.666666666666666
2024-10-23 10:00:00+00:00,0.0,13.333333333333334,0.0,13.333333333333334,0.0,0.0,0.0,0.0,0.0,0.0,0.0,9.666666666666666
2024-10-23 11:00:00+00:00,0.0,13.333333333333334,0.0,13.333333333333334,0.0,0.0,0.0,0.0,0.0,0.0,0.0,9.666666666666666
2024-10-23 12:00:00+00:00,0.0,12.125,0.0,12.125,0.0,0.0,0.0,0.0,0.0,0.0,0.0,9.125
2024-10-23 13:00:00+00:00,132.0,16.416666666666668,132.0,16.416666666666668,0.0,0.0,0.0,0.0,0.0,0.0,127.0,13.208333333333334
2024-10-23 14:00:00+00:00,29.0,16.041666666666668,29.0,16.041666666666668,0.0,0.0,0.0,0.0,0.0,0.0,29.0,13.958333333333334
2024-10-23 15:00:00+00:00,8.0,16.375,6.0,16.291666666666668,0.0,0.0,0.0,0.0,0.0,0.0,8.0,14.291666666666666
2024-10-23 16:00:00+00:00,59.0,15.25,59.0,15.166666666666666,0.0,0.0,0.0,0.0,0.0,0.0,59.0,14.166666666666666
2024-10-23 17:00:00+00:00,0.0,12.166666666666666,0.0,12.083333333333334,0.0,0.0,0.0,0.0,0.0,0.0,0.0,11.666666666666666
2024-10-23 18:00:00+00:00,0.0,12.166666666666666,0.0,12.083333333333334,0.0,0.0,0.0,0.0,0.0,0.0,0.0,11.666666666666666
2024-10-23 19:00:00+00:00,2.0,12.25,2.0,12.166666666666666,0.0,0.0,0.0,0.0,0.0,0.0,0.0,11.666666666666666
2024-10-23 20:00:00+00:00,84.0,15.75,84.0,15.666666666666666,0.0,0.0,0.0,0.0,0.0,0.0,64.0,14.333333333333334
2024-10-23 21:00:00+00:00,0.0,15.75,0.0,15.666666666666666,0.0,0.0,0.0,0.0,0.0,0.0,0.0,14.333333333333334
2024-10-23 22:00:00+00:00,0.0,15.125,0.0,15.041666666666666,0.0,0.0,0.0,0.0,0.0,0.0,0.0,13.708333333333334
2024-10-23 23:00:00+00:00,20.0,15.5,0.0,14.583333333333334,0.0,0.0,0.0,0.0,0.0,0.0,15.0,13.875
2024-10-24 00:00:00+00:00,0.0,15.5,0.0,14.583333333333334,0.0,0.0,0.0,0.0,0.0,0.0,0.0,13.875
2024-10-24 01:00:00+00:00,0.0,15.5,0.0,14.583333333333334,0.0,0.0,0.0,0.0,0.0,0.0,0.0,13.875
2024-10-24 02:00:00+00:00,0.0,15.5,0.0,14.583333333333334,0.0,0.0,0.0,0.0,0.0,0.0,0.0,13.875
2024-10-24 03:00:00+00:00,0.0,15.5,0.0,14.583333333333334,0.0,0.0,0.0,0.0,0.0,0.0,0.0,13.875
2024-10-24 04:00:00+00:00,0.0,15.5,0.0,14.583333333333334,0.0,0.0,0.0,0.0,0.0,0.0,0.0,13.875
2024-10-24 05:00:00+00:00,0.0,15.5,0.0,14.583333333333334,0.0,0.0,0.0,0.0,0.0,0.0,0.0,13.875
2024-10-24 06:00:00+00:00,0.0,15.5,0.0,14.583333333333334,0.0,0.0,0.0,0.0,0.0,0.0,0.0,13.875
2024-10-24 07:00:00+00:00,0.0,13.916666666666666,0.0,13.0,0.0,0.0,0.0,0.0,0.0,0.0,0.0,12.583333333333334
2024-10-24 08:00:00+00:00,0.0,13.916666666666666,0.0,13.0,0.0,0.0,0.0,0.0,0.0,0.0,0.0,12.583333333333334
2024-10-24 09:00:00+00:00,0.0,13.916666666666666,0.0,13.0,0.0,0.0,0.0,0.0,0.0,0.0,0.0,12.583333333333334
2024-10-24 10:00:00+00:00,0.0,13.916666666666666,0.0,13.0,0.0,0.0,0.0,0.0,0.0,0.0,0.0,12.583333333333334
2024-10-24 11:00:00+00:00,0.0,13.916666666666666,0.0,13.0,0.0,0.0,0.0,0.0,0.0,0.0,0.0,12.583333333333334
2024-10-24 12:00:00+00:00,104.0,18.25,104.0,17.333333333333332,0.0,0.0,0.0,0.0,0.0,0.0,85.0,16.125
2024-10-24 13:00:00+00:00,159.0,19.375,159.0,18.458333333333332,0.0,0.0,0.0,0.0,0.0,0.0,114.0,15.583333333333334
2024-10-24 14:00:00+00:00,143.0,24.125,143.0,23.208333333333332,0.0,0.0,0.0,0.0,0.0,0.0,53.0,16.583333333333332
2024-10-24 15:00:00+00:00,7.0,24.083333333333332,7.0,23.25,0.0,0.0,0.0,0.0,0.0,0.0,6.0,16.5
2024-10-24 16:00:00+00:00,30.0,22.875,30.0,22.041666666666668,0.0,0.0,0.0,0.0,0.0,0.0,30.0,15.291666666666666
2024-10-24 17:00:00+00:00,95.0,26.833333333333332,95.0,26.0,0.0,0.0,0.0,0.0,0.0,0.0,80.0,18.625
2024-10-24 18:00:00+00:00,30.0,28.083333333333332,30.0,27.25,0.0,0.0,0.0,0.0,0.0,0.0,15.0,19.25
2024-10-24 19:00:00+00:00,0.0,28.0,0.0,27.166666666666668,0.0,0.0,0.0,0.0,0.0,0.0,0.0,19.25
2024-10-24 20:00:00+00:00,147.0,30.625,147.0,29.791666666666668,0.0,0.0,0.0,0.0,0.0,0.0,111.0,21.208333333333332
2024-10-24 21:00:00+00:00,65.0,33.333333333333336,65.0,32.5,0.0,0.0,0.0,0.0,0.0,0.0,43.0,23.0
2024-10-24 22:00:00+00:00,0.0,33.333333333333336,0.0,32.5,0.0,0.0,0.0,0.0,0.0,0.0,0.0,23.0
2024-10-24 23:00:00+00:00,1.0,32.541666666666664,0.0,32.5,0.0,0.0,0.0,0.0,0.0,0.0,0.0,22.375
2024-10-25 00:00:00+00:00,0.0,32.541666666666664,0.0,32.5,0.0,0.0,0.0,0.0,0.0,0.0,0.0,22.375
2024-10-25 01:00:00+00:00,0.0,32.541666666666664,0.0,32.5,0.0,0.0,0.0,0.0,0.0,0.0,0.0,22.375
2024-10-25 02:00:00+00:00,0.0,32.541666666666664,0.0,32.5,0.0,0.0,0.0,0.0,0.0,0.0,0.0,22.375
2024-10-25 03:00:00+00:00,0.0,32.541666666666664,0.0,32.5,0.0,0.0,0.0,0.0,0.0,0.0,0.0,22.375
2024-10-25 04:00:00+00:00,0.0,32.541666666666664,0.0,32.5,0.0,0.0,0.0,0.0,0.0,0.0,0.0,22.375
2024-10-25 05:00:00+00:00,0.0,32.541666666666664,0.0,32.5,0.0,0.0,0.0,0.0,0.0,0.0,0.0,22.375
2024-10-25 06:00:00+00:00,0.0,32.541666666666664,0.0,32.5,0.0,0.0,0.0,0.0,0.0,0.0,0.0,22.375
2024-10-25 07:00:00+00:00,0.0,32.541666666666664,0.0,32.5,0.0,0.0,0.0,0.0,0.0,0.0,0.0,22.375
2024-10-25 08:00:00+00:00,0.0,32.541666666666664,0.0,32.5,0.0,0.0,0.0,0.0,0.0,0.0,0.0,22.375
2024-10-25 09:00:00+00:00,0.0,32.541666666666664,0.0,32.5,0.0,0.0,0.0,0.0,0.0,0.0,0.0,22.375
2024-10-25 10:00:00+00:00,0.0,32.541666666666664,0.0,32.5,0.0,0.0,0.0,0.0,0.0,0.0,0.0,22.375
2024-10-25 11:00:00+00:00,0.0,32.541666666666664,0.0,32.5,0.0,0.0,0.0,0.0,0.0,0.0,0.0,22.375
2024-10-25 12:00:00+00:00,5.0,28.416666666666668,5.0,28.375,0.0,0.0,0.0,0.0,0.0,0.0,0.0,18.833333333333332
2024-10-25 13:00:00+00:00,118.0,26.708333333333332,118.0,26.666666666666668,0.0,0.0,0.0,0.0,0.0,0.0,88.0,17.75
2024-10-25 14:00:00+00:00,0.0,20.75,0.0,20.708333333333332,0.0,0.0,0.0,0.0,0.0,0.0,0.0,15.541666666666666
2024-10-25 15:00:00+00:00,0.0,20.458333333333332,0.0,20.416666666666668,0.0,0.0,0.0,0.0,0.0,0.0,0.0,15.291666666666666
2024-10-25 16:00:00+00:00,0.0,19.208333333333332,0.0,19.166666666666668,0.0,0.0,0.0,0.0,0.0,0.0,0.0,14.041666666666666
2024-10-25 17:00:00+00:00,0.0,15.25,0.0,15.208333333333334,0.0,0.0,0.0,0.0,0.0,0.0,0.0,10.708333333333334
2024-10-25 18:00:00+00:00,91.0,17.791666666666668,91.0,17.75,0.0,0.0,0.0,0.0,0.0,0.0,68.0,12.916666666666666
2024-10-25 19:00:00+00:00,0.0,17.791666666666668,0.0,17.75,0.0,0.0,0.0,0.0,0.0,0.0,0.0,12.916666666666666
2024-10-25 20:00:00+00:00,2.0,11.75,0.0,11.625,0.0,0.0,0.0,0.0,0.0,0.0,0.0,8.291666666666666
2024-10-25 21:00:00+00:00,0.0,9.041666666666666,0.0,8.916666666666666,0.0,0.0,0.0,0.0,0.0,0.0,0.0,6.5
2024-10-25 22:00:00+00:00,0.0,9.041666666666666,0.0,8.916666666666666,0.0,0.0,0.0,0.0,0.0,0.0,0.0,6.5
2024-10-25 23:00:00+00:00,0.0,9.0,0.0,8.916666666666666,0.0,0.0,0.0,0.0,0.0,0.0,0.0,6.5
2024-10-26 00:00:00+00:00,0.0,9.0,0.0,8.916666666666666,0.0,0.0,0.0,0.0,0.0,0.0,0.0,6.5
2024-10-26 01:00:00+00:00,0.0,9.0,0.0,8.916666666666666,0.0,0.0,0.0,0.0,0.0,0.0,0.0,6.5
2024-10-26 02:00:00+00:00,0.0,9.0,0.0,8.916666666666666,0.0,0.0,0.0,0.0,0.0,0.0,0.0,6.5
2024-10-26 03:00:00+00:00,0.0,9.0,0.0,8.916666666666666,0.0,0.0,0.0,0.0,0.0,0.0,0.0,6.5
2024-10-26 04:00:00+00:00,0.0,9.0,0.0,8.916666666666666,0.0,0.0,0.0,0.0,0.0,0.0,0.0,6.5
2024-10-26 05:00:00+00:00,0.0,9.0,0.0,8.916666666666666,0.0,0.0,0.0,0.0,0.0,0.0,0.0,6.5
2024-10-26 06:00:00+00:00,0.0,9.0,0.0,8.916666666666666,0.0,0.0,0.0,0.0,0.0,0.0,0.0,6.5
2024-10-26 07:00:00+00:00,0.0,9.0,0.0,8.916666666666666,0.0,0.0,0.0,0.0,0.0,0.0,0.0,6.5
2024-10-26 08:00:00+00:00,0.0,9.0,0.0,8.916666666666666,0.0,0.0,0.0,0.0,0.0,0.0,0.0,6.5
2024-10-26 09:00:00+00:00,0.0,9.0,0.0,8.916666666666666,0.0,0.0,0.0,0.0,0.0,0.0,0.0,6.5
2024-10-26 10:00:00+00:00,0.0,9.0,0.0,8.916666666666666,0.0,0.0,0.0,0.0,0.0,0.0,0.0,6.5
2024-10-26 11:00:00+00:00,0.0,9.0,0.0,8.916666666666666,0.0,0.0,0.0,0.0,0.0,0.0,0.0,6.5
2024-10-26 12:00:00+00:00,59.0,11.25,59.0,11.166666666666666,0.0,0.0,0.0,0.0,0.0,0.0,37.0,8.041666666666666
2024-10-26 13:00:00+00:00,0.0,6.333333333333333,0.0,6.25,0.0,0.0,0.0,0.0,0.0,0.0,0.0,4.375
2024-10-26 14:00:00+00:00,0.0,6.333333333333333,0.0,6.25,0.0,0.0,0.0,0.0,0.0,0.0,0.0,4.375
2024-10-26 15:00:00+00:00,58.0,8.75,58.0,8.666666666666666,0.0,0.0,0.0,0.0,0.0,0.0,48.0,6.375
2024-10-26 16:00:00+00:00,101.0,12.958333333333334,101.0,12.875,0.0,0.0,0.0,0.0,0.0,0.0,73.0,9.416666666666666
2024-10-26 17:00:00+00:00,148.0,19.125,148.0,19.041666666666668,0.0,0.0,0.0,0.0,0.0,0.0,147.0,15.541666666666666
2024-10-26 18:00:00+00:00,0.0,15.333333333333334,0.0,15.25,0.0,0.0,0.0,0.0,0.0,0.0,0.0,12.708333333333334
2024-10-26 19:00:00+00:00,0.0,15.333333333333334,0.0,15.25,0.0,0.0,0.0,0.0,0.0,0.0,0.0,12.708333333333334
2024-10-26 20:00:00+00:00,0.0,15.25,0.0,15.25,0.0,0.0,0.0,0.0,0.0,0.0,0.0,12.708333333333334
2024-10-26 21:00:00+00:00,0.0,15.25,0.0,15.25,0.0,0.0,0.0,0.0,0.0,0.0,0.0,12.708333333333334
2024-10-26 22:00:00+00:00,0.0,15.25,0.0,15.25,0.0,0.0,0.0,0.0,0.0,0.0,0.0,12.708333333333334
2024-10-26 23:00:00+00:00,0.0,15.25,0.0,15.25,0.0,0.0,0.0,0.0,0.0,0.0,0.0,12.708333333333334
2024-10-27 00:00:00+00:00,0.0,15.25,0.0,15.25,0.0,0.0,0.0,0.0,0.0,0.0,0.0,12.708333333333334
2024-10-27 01:00:00+00:00,0.0,15.25,0.0,15.25,0.0,0.0,0.0,0.0,0.0,0.0,0.0,12.708333333333334
2024-10-27 02:00:00+00:00,0.0,15.25,0.0,15.25,0.0,0.0,0.0,0.0,0.0,0.0,0.0,12.708333333333334
2024-10-27 03:00:00+00:00,0.0,15.25,0.0,15.25,0.0,0.0,0.0,0.0,0.0,0.0,0.0,12.708333333333334
2024-10-27 04:00:00+00:00,16.0,15.916666666666666,0.0,15.25,0.0,0.0,0.0,0.0,0.0,0.0,14.0,13.291666666666666
2024-10-27 05:00:00+00:00,0.0,15.916666666666666,0.0,15.25,0.0,0.0,0.0,0.0,0.0,0.0,0.0,13.291666666666666
2024-10-27 06:00:00+00:00,0.0,15.916666666666666,0.0,15.25,0.0,0.0,0.0,0.0,0.0,0.0,0.0,13.291666666666666
2024-10-27 07:00:00+00:00,0.0,15.916666666666666,0.0,15.25,0.0,0.0,0.0,0.0,0.0,0.0,0.0,13.291666666666666
2024-10-27 08:00:00+00:00,0.0,15.916666666666666,0.0,15.25,0.0,0.0,0.0,0.0,0.0,0.0,0.0,13.291666666666666
2024-10-27 09:00:00+00:00,0.0,15.916666666666666,0.0,15.25,0.0,0.0,0.0,0.0,0.0,0.0,0.0,13.291666666666666
2024-10-27 10:00:00+00:00,0.0,15.916666666666666,0.0,15.25,0.0,0.0,0.0,0.0,0.0,0.0,0.0,13.291666666666666
2024-10-27 11:00:00+00:00,0.0,15.916666666666666,0.0,15.25,0.0,0.0,0.0,0.0,0.0,0.0,0.0,13.291666666666666
2024-10-27 12:00:00+00:00,0.0,13.458333333333334,0.0,12.791666666666666,0.0,0.0,0.0,0.0,0.0,0.0,0.0,11.75
2024-10-27 13:00:00+00:00,0.0,13.458333333333334,0.0,12.791666666666666,0.0,0.0,0.0,0.0,0.0,0.0,0.0,11.75
2024-10-27 14:00:00+00:00,103.0,17.75,103.0,17.083333333333332,0.0,0.0,0.0,0.0,0.0,0.0,78.0,15.0
2024-10-27 15:00:00+00:00,0.0,15.333333333333334,0.0,14.666666666666666,0.0,0.0,0.0,0.0,0.0,0.0,0.0,13.0
2024-10-27 16:00:00+00:00,0.0,11.125,0.0,10.458333333333334,0.0,0.0,0.0,0.0,0.0,0.0,0.0,9.958333333333334
2024-10-27 17:00:00+00:00,0.0,4.958333333333333,0.0,4.291666666666667,0.0,0.0,0.0,0.0,0.0,0.0,0.0,3.8333333333333335
2024-10-27 18:00:00+00:00,0.0,4.958333333333333,0.0,4.291666666666667,0.0,0.0,0.0,0.0,0.0,0.0,0.0,3.8333333333333335
2024-10-27 19:00:00+00:00,0.0,4.958333333333333,0.0,4.291666666666667,0.0,0.0,0.0,0.0,0.0,0.0,0.0,3.8333333333333335
2024-10-27 20:00:00+00:00,12.0,5.458333333333333,0.0,4.291666666666667,0.0,0.0,0.0,0.0,0.0,0.0,12.0,4.333333333333333
2024-10-27 21:00:00+00:00,0.0,5.458333333333333,0.0,4.291666666666667,0.0,0.0,0.0,0.0,0.0,0.0,0.0,4.333333333333333
2024-10-27 22:00:00+00:00,15.0,6.083333333333333,0.0,4.291666666666667,0.0,0.0,0.0,0.0,0.0,0.0,15.0,4.958333333333333
2024-10-27 23:00:00+00:00,0.0,6.083333333333333,0.0,4.291666666666667,0.0,0.0,0.0,0.0,0.0,0.0,0.0,4.958333333333333
2024-10-28 00:00:00+00:00,0.0,6.083333333333333,0.0,4.291666666666667,0.0,0.0,0.0,0.0,0.0,0.0,0.0,4.958333333333333
2024-10-28 01:00:00+00:00,35.0,7.541666666666667,35.0,5.75,35.0,1.4583333333333333,0.0,0.0,0.0,0.0,30.0,6.208333333333333
2024-10-28 02:00:00+00:00,0.0,7.541666666666667,0.0,5.75,0.0,1.4583333333333333,0.0,0.0,0.0,0.0,0.0,6.208333333333333
2024-10-28 03:00:00+00:00,0.0,7.541666666666667,0.0,5.75,0.0,1.4583333333333333,0.0,0.0,0.0,0.0,0.0,6.208333333333333
2024-10-28 04:00:00+00:00,0.0,6.875,0.0,5.75,0.0,1.4583333333333333,0.0,0.0,0.0,0.0,0.0,5.625
2024-10-28 05:00:00+00:00,0.0,6.875,0.0,5.75,0.0,1.4583333333333333,0.0,0.0,0.0,0.0,0.0,5.625
2024-10-28 06:00:00+00:00,0.0,6.875,0.0,5.75,0.0,1.4583333333333333,0.0,0.0,0.0,0.0,0.0,5.625
2024-10-28 07:00:00+00:00,0.0,6.875,0.0,5.75,0.0,1.4583333333333333,0.0,0.0,0.0,0.0,0.0,5.625
2024-10-28 08:00:00+00:00,0.0,6.875,0.0,5.75,0.0,1.4583333333333333,0.0,0.0,0.0,0.0,0.0,5.625
2024-10-28 09:00:00+00:00,0.0,6.875,0.0,5.75,0.0,1.4583333333333333,0.0,0.0,0.0,0.0,0.0,5.625
2024-10-28 10:00:00+00:00,20.0,7.708333333333333,0.0,5.75,20.0,2.2916666666666665,0.0,0.0,0.0,0.0,17.0,6.333333333333333
2024-10-28 11:00:00+00:00,0.0,7.708333333333333,0.0,5.75,0.0,2.2916666666666665,0.0,0.0,0.0,0.0,0.0,6.333333333333333
2024-10-28 12:00:00+00:00,98.0,11.791666666666666,98.0,9.833333333333334,98.0,6.375,0.0,0.0,0.0,0.0,38.0,7.916666666666667
2024-10-28 13:00:00+00:00,53.0,14.0,53.0,12.041666666666666,53.0,8.583333333333334,0.0,0.0,0.0,0.0,51.0,10.041666666666666
2024-10-28 14:00:00+00:00,139.0,15.5,139.0,13.541666666666666,139.0,14.375,0.0,0.0,0.0,0.0,108.0,11.291666666666666
2024-10-28 15:00:00+00:00,0.0,15.5,0.0,13.541666666666666,0.0,14.375,0.0,0.0,0.0,0.0,0.0,11.291666666666666
2024-10-28 16:00:00+00:00,15.0,16.125,0.0,13.541666666666666,15.0,15.0,0.0,0.0,0.0,0.0,15.0,11.916666666666666
2024-10-28 17:00:00+00:00,0.0,16.125,0.0,13.541666666666666,0.0,15.0,0.0,0.0,0.0,0.0,0.0,11.916666666666666
2024-10-28 18:00:00+00:00,38.0,17.708333333333332,38.0,15.125,38.0,16.583333333333332,0.0,0.0,0.0,0.0,30.0,13.166666666666666
2024-10-28 19:00:00+00:00,40.0,19.375,40.0,16.791666666666668,40.0,18.25,0.0,0.0,0.0,0.0,35.0,14.625
2024-10-28 20:00:00+00:00,212.0,27.708333333333332,212.0,25.625,212.0,27.083333333333332,0.0,0.0,0.0,0.0,49.0,16.166666666666668
2024-10-28 21:00:00+00:00,60.0,30.208333333333332,60.0,28.125,60.0,29.583333333333332,0.0,0.0,0.0,0.0,0.0,16.166666666666668
2024-10-28 22:00:00+00:00,57.0,31.958333333333332,57.0,30.5,57.0,31.958333333333332,0.0,0.0,0.0,0.0,30.0,16.791666666666668
2024-10-28 23:00:00+00:00,4.0,32.125,0.0,30.5,4.0,32.125,0.0,0.0,0.0,0.0,0.0,16.791666666666668
2024-10-29 00:00:00+00:00,0.0,32.125,0.0,30.5,0.0,32.125,0.0,0.0,0.0,0.0,0.0,16.791666666666668
2024-10-29 01:00:00+00:00,24.0,31.666666666666668,9.0,29.416666666666668,0.0,30.666666666666668,0.0,0.0,0.0,0.0,9.0,15.916666666666666
2024-10-29 02:00:00+00:00,92.0,35.5,92.0,33.25,0.0,30.666666666666668,0.0,0.0,0.0,0.0,72.0,18.916666666666668
2024-10-29 03:00:00+00:00,0.0,35.5,0.0,33.25,0.0,30.666666666666668,0.0,0.0,0.0,0.0,0.0,18.916666666666668
2024-10-29 04:00:00+00:00,86.0,39.083333333333336,86.0,36.833333333333336,0.0,30.666666666666668,0.0,0.0,0.0,0.0,49.0,20.958333333333332
2024-10-29 05:00:00+00:00,0.0,39.083333333333336,0.0,36.833333333333336,0.0,30.666666666666668,0.0,0.0,0.0,0.0,0.0,20.958333333333332
2024-10-29 06:00:00+00:00,0.0,39.083333333333336,0.0,36.833333333333336,0.0,30.666666666666668,0.0,0.0,0.0,0.0,0.0,20.958333333333332
2024-10-29 07:00:00+00:00,0.0,39.083333333333336,0.0,36.833333333333336,0.0,30.666666666666668,0.0,0.0,0.0,0.0,0.0,20.958333333333332
2024-10-29 08:00:00+00:00,0.0,39.083333333333336,0.0,36.833333333333336,0.0,30.666666666666668,0.0,0.0,0.0,0.0,0.0,20.958333333333332
2024-10-29 09:00:00+00:00,0.0,39.083333333333336,0.0,36.833333333333336,0.0,30.666666666666668,0.0,0.0,0.0,0.0,0.0,20.958333333333332
2024-10-29 10:00:00+00:00,0.0,38.25,0.0,36.833333333333336,0.0,29.833333333333332,0.0,0.0,0.0,0.0,0.0,20.25
2024-10-29 11:00:00+00:00,0.0,38.25,0.0,36.833333333333336,0.0,29.833333333333332,0.0,0.0,0.0,0.0,0.0,20.25
2024-10-29 12:00:00+00:00,20.0,35.0,20.0,33.583333333333336,0.0,25.75,0.0,0.0,0.0,0.0,6.0,18.916666666666668
2024-10-29 13:00:00+00:00,12.0,33.291666666666664,12.0,31.875,0.0,23.541666666666668,0.0,0.0,0.0,0.0,0.0,16.791666666666668
2024-10-29 14:00:00+00:00,22.0,28.416666666666668,22.0,27.0,0.0,17.75,0.0,0.0,0.0,0.0,15.0,12.916666666666666
2024-10-29 15:00:00+00:00,16.0,29.083333333333332,16.0,27.666666666666668,0.0,17.75,0.0,0.0,0.0,0.0,8.0,13.25
2024-10-29 16:00:00+00:00,38.0,30.041666666666668,38.0,29.25,0.0,17.125,0.0,0.0,0.0,0.0,19.0,13.416666666666666
2024-10-29 17:00:00+00:00,0.0,30.041666666666668,0.0,29.25,0.0,17.125,0.0,0.0,0.0,0.0,0.0,13.416666666666666
2024-10-29 18:00:00+00:00,13.0,29.0,13.0,28.208333333333332,0.0,15.541666666666666,0.0,0.0,0.0,0.0,13.0,12.708333333333334
2024-10-29 19:00:00+00:00,19.0,28.125,19.0,27.333333333333332,0.0,13.875,0.0,0.0,0.0,0.0,19.0,12.041666666666666
2024-10-29 20:00:00+00:00,0.0,19.291666666666668,0.0,18.5,0.0,5.041666666666667,0.0,0.0,0.0,0.0,0.0,10.0
2024-10-29 21:00:00+00:00,0.0,16.791666666666668,0.0,16.0,0.0,2.5416666666666665,0.0,0.0,0.0,0.0,0.0,10.0
2024-10-29 22:00:00+00:00,0.0,14.416666666666666,0.0,13.625,0.0,0.16666666666666666,0.0,0.0,0.0,0.0,0.0,8.75
2024-10-29 23:00:00+00:00,15.0,14.875,0.0,13.625,0.0,0.0,0.0,0.0,0.0,0.0,15.0,9.375
2024-10-30 00:00:00+00:00,1.0,14.916666666666666,1.0,13.666666666666666,1.0,0.041666666666666664,0.0,0.0,0.0,0.0,0.0,9.375
2024-10-30 01:00:00+00:00,289.0,25.958333333333332,289.0,25.333333333333332,289.0,12.083333333333334,0.0,0.0,0.0,0.0,165.0,15.875
2024-10-30 02:00:00+00:00,121.0,27.166666666666668,121.0,26.541666666666668,121.0,17.125,0.0,0.0,0.0,0.0,104.0,17.208333333333332
2024-10-30 03:00:00+00:00,74.0,30.25,74.0,29.625,74.0,20.208333333333332,0.0,0.0,0.0,0.0,56.0,19.541666666666668
2024-10-30 04:00:00+00:00,7.0,26.958333333333332,7.0,26.333333333333332,7.0,20.5,0.0,0.0,0.0,0.0,0.0,17.5
2024-10-30 05:00:00+00:00,117.0,31.833333333333332,117.0,31.208333333333332,117.0,25.375,0.0,0.0,0.0,0.0,103.0,21.791666666666668
2024-10-30 06:00:00+00:00,61.0,34.375,61.0,33.75,61.0,27.916666666666668,0.0,0.0,0.0,0.0,52.0,23.958333333333332
2024-10-30 07:00:00+00:00,31.0,35.666666666666664,31.0,35.041666666666664,31.0,29.208333333333332,0.0,0.0,0.0,0.0,23.0,24.916666666666668
2024-10-30 08:00:00+00:00,0.0,35.666666666666664,0.0,35.041666666666664,0.0,29.208333333333332,0.0,0.0,0.0,0.0,0.0,24.916666666666668
2024-10-30 09:00:00+00:00,0.0,35.666666666666664,0.0,35.041666666666664,0.0,29.208333333333332,0.0,0.0,0.0,0.0,0.0,24.916666666666668
2024-10-30 10:00:00+00:00,0.0,35.666666666666664,0.0,35.041666666666664,0.0,29.208333333333332,0.0,0.0,0.0,0.0,0.0,24.916666666666668
2024-10-30 11:00:00+00:00,0.0,35.666666666666664,0.0,35.041666666666664,0.0,29.208333333333332,0.0,0.0,0.0,0.0,0.0,24.916666666666668
2024-10-30 12:00:00+00:00,0.0,34.833333333333336,0.0,34.208333333333336,0.0,29.208333333333332,0.0,0.0,0.0,0.0,0.0,24.666666666666668
2024-10-30 13:00:00+00:00,103.0,38.625,103.0,38.0,103.0,33.5,0.0,0.0,0.0,0.0,56.0,27.0
2024-10-30 14:00:00+00:00,57.0,40.083333333333336,57.0,39.458333333333336,57.0,35.875,0.0,0.0,0.0,0.0,24.0,27.375
2024-10-30 15:00:00+00:00,0.0,39.416666666666664,0.0,38.791666666666664,0.0,35.875,0.0,0.0,0.0,0.0,0.0,27.041666666666668
2024-10-30 16:00:00+00:00,7.0,38.125,0.0,37.208333333333336,7.0,36.166666666666664,0.0,0.0,0.0,0.0,7.0,26.541666666666668
2024-10-30 17:00:00+00:00,0.0,38.125,0.0,37.208333333333336,0.0,36.166666666666664,0.0,0.0,0.0,0.0,0.0,26.541666666666668
2024-10-30 18:00:00+00:00,0.0,37.583333333333336,0.0,36.666666666666664,0.0,36.166666666666664,0.0,0.0,0.0,0.0,0.0,26.0
2024-10-30 19:00:00+00:00,0.0,36.791666666666664,0.0,35.875,0.0,36.166666666666664,0.0,0.0,0.0,0.0,0.0,25.208333333333332
2024-10-30 20:00:00+00:00,0.0,36.791666666666664,0.0,35.875,0.0,36.166666666666664,0.0,0.0,0.0,0.0,0.0,25.208333333333332
2024-10-30 21:00:00+00:00,70.0,39.708333333333336,70.0,38.791666666666664,70.0,39.083333333333336,0.0,0.0,0.0,0.0,40.0,26.875
2024-10-30 22:00:00+00:00,0.0,39.708333333333336,0.0,38.791666666666664,0.0,39.083333333333336,0.0,0.0,0.0,0.0,0.0,26.875
2024-10-30 23:00:00+00:00,0.0,39.083333333333336,0.0,38.791666666666664,0.0,39.083333333333336,0.0,0.0,0.0,0.0,0.0,26.25
2024-10-31 00:00:00+00:00,0.0,39.041666666666664,0.0,38.75,0.0,39.041666666666664,0.0,0.0,0.0,0.0,0.0,26.25
2024-10-31 01:00:00+00:00,0.0,27.0,0.0,26.708333333333332,0.0,27.0,0.0,0.0,0.0,0.0,0.0,19.375
2024-10-31 02:00:00+00:00,0.0,21.958333333333332,0.0,21.666666666666668,0.0,21.958333333333332,0.0,0.0,0.0,0.0,0.0,15.041666666666666
2024-10-31 03:00:00+00:00,0.0,18.875,0.0,18.583333333333332,0.0,18.875,0.0,0.0,0.0,0.0,0.0,12.708333333333334
2024-10-31 04:00:00+00:00,0.0,18.583333333333332,0.0,18.291666666666668,0.0,18.583333333333332,0.0,0.0,0.0,0.0,0.0,12.708333333333334
2024-10-31 05:00:00+00:00,37.0,15.25,37.0,14.958333333333334,0.0,13.708333333333334,0.0,0.0,0.0,0.0,33.0,9.791666666666666
2024-10-31 06:00:00+00:00,39.0,14.333333333333334,39.0,14.041666666666666,0.0,11.166666666666666,0.0,0.0,0.0,0.0,32.0,8.958333333333334
2024-10-31 07:00:00+00:00,127.0,18.333333333333332,127.0,18.041666666666668,0.0,9.875,0.0,0.0,0.0,0.0,116.0,12.833333333333334
2024-10-31 08:00:00+00:00,7.0,18.625,7.0,18.333333333333332,0.0,9.875,0.0,0.0,0.0,0.0,7.0,13.125
2024-10-31 09:00:00+00:00,0.0,18.625,0.0,18.333333333333332,0.0,9.875,0.0,0.0,0.0,0.0,0.0,13.125
2024-10-31 10:00:00+00:00,0.0,18.625,0.0,18.333333333333332,0.0,9.875,0.0,0.0,0.0,0.0,0.0,13.125
2024-10-31 11:00:00+00:00,0.0,18.625,0.0,18.333333333333332,0.0,9.875,0.0,0.0,0.0,0.0,0.0,13.125
2024-10-31 12:00:00+00:00,0.0,18.625,0.0,18.333333333333332,0.0,9.875,0.0,0.0,0.0,0.0,0.0,13.125
2024-10-31 13:00:00+00:00,0.0,14.333333333333334,0.0,14.041666666666666,0.0,5.583333333333333,0.0,0.0,0.0,0.0,0.0,10.791666666666666
2024-10-31 14:00:00+00:00,7.0,12.25,7.0,11.958333333333334,0.0,3.2083333333333335,0.0,0.0,0.0,0.0,7.0,10.083333333333334
2024-10-31 15:00:00+00:00,129.0,17.625,129.0,17.333333333333332,0.0,3.2083333333333335,0.0,0.0,0.0,0.0,98.0,14.166666666666666
2024-10-31 16:00:00+00:00,52.0,19.5,52.0,19.5,0.0,2.9166666666666665,0.0,0.0,0.0,0.0,42.0,15.625
2024-10-31 17:00:00+00:00,0.0,19.5,0.0,19.5,0.0,2.9166666666666665,0.0,0.0,0.0,0.0,0.0,15.625
2024-10-31 18:00:00+00:00,0.0,19.5,0.0,19.5,0.0,2.9166666666666665,0.0,0.0,0.0,0.0,0.0,15.625
2024-10-31 19:00:00+00:00,0.0,19.5,0.0,19.5,0.0,2.9166666666666665,0.0,0.0,0.0,0.0,0.0,15.625
2024-10-31 20:00:00+00:00,172.0,26.666666666666668,172.0,26.666666666666668,0.0,2.9166666666666665,0.0,0.0,0.0,0.0,54.0,17.875
2024-10-31 21:00:00+00:00,62.0,26.333333333333332,62.0,26.333333333333332,0.0,0.0,0.0,0.0,0.0,0.0,43.0,18.0
2024-10-31 22:00:00+00:00,0.0,26.333333333333332,0.0,26.333333333333332,0.0,0.0,0.0,0.0,0.0,0.0,0.0,18.0
2024-10-31 23:00:00+00:00,15.0,26.958333333333332,0.0,26.333333333333332,0.0,0.0,0.0,0.0,0.0,0.0,15.0,18.625
2024-11-01 00:00:00+00:00,77.0,30.166666666666668,77.0,29.541666666666668,0.0,0.0,0.0,0.0,0.0,0.0,60.0,21.125
2024-11-01 01:00:00+00:00,97.0,34.208333333333336,97.0,33.583333333333336,0.0,0.0,0.0,0.0,0.0,0.0,97.0,25.166666666666668
2024-11-01 02:00:00+00:00,137.0,39.916666666666664,137.0,39.291666666666664,0.0,0.0,0.0,0.0,0.0,0.0,101.0,29.375
2024-11-01 03:00:00+00:00,66.0,42.666666666666664,66.0,42.041666666666664,0.0,0.0,0.0,0.0,0.0,0.0,54.0,31.625
2024-11-01 04:00:00+00:00,305.0,55.375,305.0,54.75,0.0,0.0,0.0,0.0,0.0,0.0,225.0,41.0
2024-11-01 05:00:00+00:00,113.0,58.541666666666664,113.0,57.916666666666664,0.0,0.0,0.0,0.0,0.0,0.0,85.0,43.166666666666664
2024-11-01 06:00:00+00:00,54.0,59.166666666666664,54.0,58.541666666666664,0.0,0.0,0.0,0.0,0.0,0.0,32.0,43.166666666666664
2024-11-01 07:00:00+00:00,0.0,53.875,0.0,53.25,0.0,0.0,0.0,0.0,0.0,0.0,0.0,38.333333333333336
2024-11-01 08:00:00+00:00,0.0,53.583333333333336,0.0,52.958333333333336,0.0,0.0,0.0,0.0,0.0,0.0,0.0,38.041666666666664
2024-11-01 09:00:00+00:00,0.0,53.583333333333336,0.0,52.958333333333336,0.0,0.0,0.0,0.0,0.0,0.0,0.0,38.041666666666664
2024-11-01 10:00:00+00:00,0.0,53.583333333333336,0.0,52.958333333333336,0.0,0.0,0.0,0.0,0.0,0.0,0.0,38.041666666666664
2024-11-01 11:00:00+00:00,0.0,53.583333333333336,0.0,52.958333333333336,0.0,0.0,0.0,0.0,0.0,0.0,0.0,38.041666666666664
2024-11-01 12:00:00+00:00,0.0,53.583333333333336,0.0,52.958333333333336,0.0,0.0,0.0,0.0,0.0,0.0,0.0,38.041666666666664
2024-11-01 13:00:00+00:00,0.0,53.583333333333336,0.0,52.958333333333336,0.0,0.0,0.0,0.0,0.0,0.0,0.0,38.041666666666664
2024-11-01 14:00:00+00:00,0.0,53.291666666666664,0.0,52.666666666666664,0.0,0.0,0.0,0.0,0.0,0.0,0.0,37.75
2024-11-01 15:00:00+00:00,0.0,47.916666666666664,0.0,47.291666666666664,0.0,0.0,0.0,0.0,0.0,0.0,0.0,33.666666666666664
2024-11-01 16:00:00+00:00,0.0,45.75,0.0,45.125,0.0,0.0,0.0,0.0,0.0,0.0,0.0,31.916666666666668
2024-11-01 17:00:00+00:00,141.0,51.625,141.0,51.0,0.0,0.0,0.0,0.0,0.0,0.0,112.0,36.583333333333336
2024-11-01 18:00:00+00:00,0.0,51.625,0.0,51.0,0.0,0.0,0.0,0.0,0.0,0.0,0.0,36.583333333333336
2024-11-01 19:00:00+00:00,0.0,51.625,0.0,51.0,0.0,0.0,0.0,0.0,0.0,0.0,0.0,36.583333333333336
2024-11-01 20:00:00+00:00,0.0,44.458333333333336,0.0,43.833333333333336,0.0,0.0,0.0,0.0,0.0,0.0,0.0,34.333333333333336
2024-11-01 21:00:00+00:00,188.0,49.708333333333336,188.0,49.083333333333336,0.0,0.0,0.0,0.0,0.0,0.0,143.0,38.5
2024-11-01 22:00:00+00:00,162.0,56.458333333333336,162.0,55.833333333333336,0.0,0.0,0.0,0.0,0.0,0.0,97.0,42.541666666666664
2024-11-01 23:00:00+00:00,94.0,59.75,94.0,59.75,0.0,0.0,0.0,0.0,0.0,0.0,51.0,44.041666666666664
2024-11-02 00:00:00+00:00,2.0,56.625,2.0,56.625,0.0,0.0,0.0,0.0,0.0,0.0,0.0,41.541666666666664
2024-11-02 01:00:00+00:00,14.0,53.166666666666664,14.0,53.166666666666664,0.0,0.0,0.0,0.0,0.0,0.0,14.0,38.083333333333336
2024-11-02 02:00:00+00:00,45.0,49.333333333333336,45.0,49.333333333333336,0.0,0.0,0.0,0.0,0.0,0.0,45.0,35.75
2024-11-02 03:00:00+00:00,0.0,46.583333333333336,0.0,46.583333333333336,0.0,0.0,0.0,0.0,0.0,0.0,0.0,33.5
2024-11-02 04:00:00+00:00,60.0,36.375,60.0,36.375,0.0,0.0,0.0,0.0,0.0,0.0,46.0,26.041666666666668
2024-11-02 05:00:00+00:00,16.0,32.333333333333336,16.0,32.333333333333336,0.0,0.0,0.0,0.0,0.0,0.0,13.0,23.041666666666668
2024-11-02 06:00:00+00:00,86.0,33.666666666666664,86.0,33.666666666666664,0.0,0.0,0.0,0.0,0.0,0.0,79.0,25.0
2024-11-02 07:00:00+00:00,94.0,37.583333333333336,94.0,37.583333333333336,0.0,0.0,0.0,0.0,0.0,0.0,88.0,28.666666666666668
2024-11-02 08:00:00+00:00,97.0,41.625,97.0,41.625,0.0,0.0,0.0,0.0,0.0,0.0,86.0,32.25
2024-11-02 09:00:00+00:00,99.0,45.75,99.0,45.75,0.0,0.0,0.0,0.0,0.0,0.0,75.0,35.375
2024-11-02 10:00:00+00:00,58.0,48.166666666666664,58.0,48.166666666666664,0.0,0.0,0.0,0.0,0.0,0.0,34.0,36.791666666666664
2024-11-02 11:00:00+00:00,0.0,48.166666666666664,0.0,48.166666666666664,0.0,0.0,0.0,0.0,0.0,0.0,0.0,36.791666666666664
2024-11-02 12:00:00+00:00,0.0,48.166666666666664,0.0,48.166666666666664,0.0,0.0,0.0,0.0,0.0,0.0,0.0,36.791666666666664
2024-11-02 13:00:00+00:00,0.0,48.166666666666664,0.0,48.166666666666664,0.0,0.0,0.0,0.0,0.0,0.0,0.0,36.791666666666664
2024-11-02 14:00:00+00:00,0.0,48.166666666666664,0.0,48.166666666666664,0.0,0.0,0.0,0.0,0.0,0.0,0.0,36.791666666666664
2024-11-02 15:00:00+00:00,0.0,48.166666666666664,0.0,48.166666666666664,0.0,0.0,0.0,0.0,0.0,0.0,0.0,36.791666666666664
2024-11-02 16:00:00+00:00,0.0,48.166666666666664,0.0,48.166666666666664,0.0,0.0,0.0,0.0,0.0,0.0,0.0,36.791666666666664
2024-11-02 17:00:00+00:00,0.0,42.291666666666664,0.0,42.291666666666664,0.0,0.0,0.0,0.0,0.0,0.0,0.0,32.125
2024-11-02 18:00:00+00:00,29.0,43.5,29.0,43.5,0.0,0.0,0.0,0.0,0.0,0.0,18.0,32.875
2024-11-02 19:00:00+00:00,69.0,46.375,69.0,46.375,0.0,0.0,0.0,0.0,0.0,0.0,42.0,34.625
2024-11-02 20:00:00+00:00,170.0,53.458333333333336,170.0,53.458333333333336,0.0,0.0,0.0,0.0,0.0,0.0,147.0,40.75
2024-11-02 21:00:00+00:00,0.0,45.625,0.0,45.625,0.0,0.0,0.0,0.0,0.0,0.0,0.0,34.791666666666664
2024-11-02 22:00:00+00:00,73.0,41.916666666666664,73.0,41.916666666666664,0.0,0.0,0.0,0.0,0.0,0.0,51.0,32.875
2024-11-02 23:00:00+00:00,31.0,39.291666666666664,31.0,39.291666666666664,0.0,0.0,0.0,0.0,0.0,0.0,25.0,31.791666666666668
2024-11-03 00:00:00+00:00,0.0,39.208333333333336,0.0,39.208333333333336,0.0,0.0,0.0,0.0,0.0,0.0,0.0,31.791666666666668
2024-11-03 01:00:00+00:00,0.0,38.625,0.0,38.625,0.0,0.0,0.0,0.0,0.0,0.0,0.0,31.208333333333332
2024-11-03 02:00:00+00:00,0.0,36.75,0.0,36.75,0.0,0.0,0.0,0.0,0.0,0.0,0.0,29.333333333333332
2024-11-03 03:00:00+00:00,66.0,39.5,66.0,39.5,0.0,0.0,0.0,0.0,0.0,0.0,37.0,30.875
2024-11-03 04:00:00+00:00,12.0,37.5,12.0,37.5,0.0,0.0,0.0,0.0,0.0,0.0,7.0,29.25
2024-11-03 05:00:00+00:00,0.0,36.833333333333336,0.0,36.833333333333336,0.0,0.0,0.0,0.0,0.0,0.0,0.0,28.708333333333332
2024-11-03 06:00:00+00:00,154.0,39.666666666666664,154.0,39.666666666666664,0.0,0.0,0.0,0.0,0.0,0.0,107.0,29.875
2024-11-03 07:00:00+00:00,35.0,37.208333333333336,35.0,37.208333333333336,0.0,0.0,0.0,0.0,0.0,0.0,21.0,27.083333333333332
2024-11-03 08:00:00+00:00,0.0,33.166666666666664,0.0,33.166666666666664,0.0,0.0,0.0,0.0,0.0,0.0,0.0,23.5
2024-11-03 09:00:00+00:00,0.0,29.041666666666668,0.0,29.041666666666668,0.0,0.0,0.0,0.0,0.0,0.0,0.0,20.375
2024-11-03 10:00:00+00:00,219.0,35.75,219.0,35.75,0.0,0.0,0.0,0.0,0.0,0.0,88.0,22.625
2024-11-03 11:00:00+00:00,0.0,35.75,0.0,35.75,0.0,0.0,0.0,0.0,0.0,0.0,0.0,22.625
2024-11-03 12:00:00+00:00,0.0,35.75,0.0,35.75,0.0,0.0,0.0,0.0,0.0,0.0,0.0,22.625
2024-11-03 13:00:00+00:00,0.0,35.75,0.0,35.75,0.0,0.0,0.0,0.0,0.0,0.0,0.0,22.625
2024-11-03 14:00:00+00:00,0.0,35.75,0.0,35.75,0.0,0.0,0.0,0.0,0.0,0.0,0.0,22.625
2024-11-03 15:00:00+00:00,0.0,35.75,0.0,35.75,0.0,0.0,0.0,0.0,0.0,0.0,0.0,22.625
2024-11-03 16:00:00+00:00,0.0,35.75,0.0,35.75,0.0,0.0,0.0,0.0,0.0,0.0,0.0,22.625
2024-11-03 17:00:00+00:00,0.0,35.75,0.0,35.75,0.0,0.0,0.0,0.0,0.0,0.0,0.0,22.625
2024-11-03 18:00:00+00:00,0.0,34.541666666666664,0.0,34.541666666666664,0.0,0.0,0.0,0.0,0.0,0.0,0.0,21.875
2024-11-03 19:00:00+00:00,74.0,34.75,74.0,34.75,0.0,0.0,0.0,0.0,0.0,0.0,60.0,22.625
2024-11-03 20:00:00+00:00,18.0,28.416666666666668,18.0,28.416666666666668,0.0,0.0,0.0,0.0,0.0,0.0,18.0,17.25
2024-11-03 21:00:00+00:00,102.0,32.666666666666664,102.0,32.666666666666664,0.0,0.0,0.0,0.0,0.0,0.0,35.0,18.708333333333332
2024-11-03 22:00:00+00:00,109.0,34.166666666666664,109.0,34.166666666666664,0.0,0.0,0.0,0.0,0.0,0.0,0.0,16.583333333333332
2024-11-03 23:00:00+00:00,0.0,32.875,0.0,32.875,0.0,0.0,0.0,0.0,0.0,0.0,0.0,15.541666666666666
2024-11-04 00:00:00+00:00,0.0,32.875,0.0,32.875,0.0,0.0,0.0,0.0,0.0,0.0,0.0,15.541666666666666
2024-11-04 01:00:00+00:00,0.0,32.875,0.0,32.875,0.0,0.0,0.0,0.0,0.0,0.0,0.0,15.541666666666666
2024-11-04 02:00:00+00:00,0.0,32.875,0.0,32.875,0.0,0.0,0.0,0.0,0.0,0.0,0.0,15.541666666666666
2024-11-04 03:00:00+00:00,0.0,30.125,0.0,30.125,0.0,0.0,0.0,0.0,0.0,0.0,0.0,14.0
2024-11-04 04:00:00+00:00,347.0,44.083333333333336,347.0,44.083333333333336,347.0,14.458333333333334,0.0,0.0,0.0,0.0,273.0,25.083333333333332
2024-11-04 05:00:00+00:00,116.0,48.916666666666664,116.0,48.916666666666664,116.0,19.291666666666668,0.0,0.0,0.0,0.0,67.0,27.875
2024-11-04 06:00:00+00:00,0.0,42.5,0.0,42.5,0.0,19.291666666666668,0.0,0.0,0.0,0.0,0.0,23.416666666666668
2024-11-04 07:00:00+00:00,0.0,41.041666666666664,0.0,41.041666666666664,0.0,19.291666666666668,0.0,0.0,0.0,0.0,0.0,22.541666666666668
2024-11-04 08:00:00+00:00,0.0,41.041666666666664,0.0,41.041666666666664,0.0,19.291666666666668,0.0,0.0,0.0,0.0,0.0,22.541666666666668
2024-11-04 09:00:00+00:00,10.0,41.458333333333336,0.0,41.041666666666664,10.0,19.708333333333332,0.0,0.0,0.0,0.0,0.0,22.541666666666668
2024-11-04 10:00:00+00:00,0.0,32.333333333333336,0.0,31.916666666666668,0.0,19.708333333333332,0.0,0.0,0.0,0.0,0.0,18.875
2024-11-04 11:00:00+00:00,0.0,32.333333333333336,0.0,31.916666666666668,0.0,19.708333333333332,0.0,0.0,0.0,0.0,0.0,18.875
2024-11-04 12:00:00+00:00,0.0,32.333333333333336,0.0,31.916666666666668,0.0,19.708333333333332,0.0,0.0,0.0,0.0,0.0,18.875
2024-11-04 13:00:00+00:00,0.0,32.333333333333336,0.0,31.916666666666668,0.0,19.708333333333332,0.0,0.0,0.0,0.0,0.0,18.875
2024-11-04 14:00:00+00:00,0.0,32.333333333333336,0.0,31.916666666666668,0.0,19.708333333333332,0.0,0.0,0.0,0.0,0.0,18.875
2024-11-04 15:00:00+00:00,92.0,36.166666666666664,92.0,35.75,92.0,23.541666666666668,0.0,0.0,0.0,0.0,67.0,21.666666666666668
2024-11-04 16:00:00+00:00,0.0,36.166666666666664,0.0,35.75,0.0,23.541666666666668,0.0,0.0,0.0,0.0,0.0,21.666666666666668
2024-11-04 17:00:00+00:00,98.0,40.25,98.0,39.833333333333336,98.0,27.625,0.0,0.0,0.0,0.0,89.0,25.375
2024-11-04 18:00:00+00:00,123.0,45.375,123.0,44.958333333333336,123.0,32.75,0.0,0.0,0.0,0.0,82.0,28.791666666666668
2024-11-04 19:00:00+00:00,0.0,42.291666666666664,0.0,41.875,0.0,32.75,0.0,0.0,0.0,0.0,0.0,26.291666666666668
2024-11-04 20:00:00+00:00,48.0,43.541666666666664,48.0,43.125,48.0,34.75,0.0,0.0,0.0,0.0,35.0,27.0
2024-11-04 21:00:00+00:00,69.0,42.166666666666664,69.0,41.75,69.0,37.625,0.0,0.0,0.0,0.0,59.0,28.0
2024-11-04 22:00:00+00:00,0.0,37.625,0.0,37.208333333333336,0.0,37.625,0.0,0.0,0.0,0.0,0.0,28.0
2024-11-04 23:00:00+00:00,0.0,37.625,0.0,37.208333333333336,0.0,37.625,0.0,0.0,0.0,0.0,0.0,28.0
2024-11-05 00:00:00+00:00,0.0,37.625,0.0,37.208333333333336,0.0,37.625,0.0,0.0,0.0,0.0,0.0,28.0
2024-11-05 01:00:00+00:00,3.0,37.75,0.0,37.208333333333336,0.0,37.625,0.0,0.0,0.0,0.0,0.0,28.0
2024-11-05 02:00:00+00:00,0.0,37.75,0.0,37.208333333333336,0.0,37.625,0.0,0.0,0.0,0.0,0.0,28.0
2024-11-05 03:00:00+00:00,6.0,38.0,0.0,37.208333333333336,0.0,37.625,0.0,0.0,0.0,0.0,0.0,28.0
2024-11-05 04:00:00+00:00,27.0,24.666666666666668,27.0,23.875,0.0,23.166666666666668,0.0,0.0,0.0,0.0,27.0,17.75
2024-11-05 05:00:00+00:00,15.0,20.458333333333332,15.0,19.666666666666668,0.0,18.333333333333332,0.0,0.0,0.0,0.0,9.0,15.333333333333334
2024-11-05 06:00:00+00:00,60.0,22.958333333333332,60.0,22.166666666666668,0.0,18.333333333333332,0.0,0.0,0.0,0.0,38.0,16.916666666666668
2024-11-05 07:00:00+00:00,0.0,22.958333333333332,0.0,22.166666666666668,0.0,18.333333333333332,0.0,0.0,0.0,0.0,0.0,16.916666666666668
2024-11-05 08:00:00+00:00,0.0,22.958333333333332,0.0,22.166666666666668,0.0,18.333333333333332,0.0,0.0,0.0,0.0,0.0,16.916666666666668
2024-11-05 09:00:00+00:00,5.0,22.75,0.0,22.166666666666668,0.0,17.916666666666668,0.0,0.0,0.0,0.0,0.0,16.916666666666668
2024-11-05 10:00:00+00:00,0.0,22.75,0.0,22.166666666666668,0.0,17.916666666666668,0.0,0.0,0.0,0.0,0.0,16.916666666666668
2024-11-05 11:00:00+00:00,0.0,22.75,0.0,22.166666666666668,0.0,17.916666666666668,0.0,0.0,0.0,0.0,0.0,16.916666666666668
2024-11-05 12:00:00+00:00,0.0,22.75,0.0,22.166666666666668,0.0,17.916666666666668,0.0,0.0,0.0,0.0,0.0,16.916666666666668
2024-11-05 13:00:00+00:00,0.0,22.75,0.0,22.166666666666668,0.0,17.916666666666668,0.0,0.0,0.0,0.0,0.0,16.916666666666668
2024-11-05 14:00:00+00:00,0.0,22.75,0.0,22.166666666666668,0.0,17.916666666666668,0.0,0.0,0.0,0.0,0.0,16.916666666666668
2024-11-05 15:00:00+00:00,35.0,20.375,35.0,19.791666666666668,0.0,14.083333333333334,0.0,0.0,0.0,0.0,7.0,14.416666666666666
2024-11-05 16:00:00+00:00,70.0,23.291666666666668,70.0,22.708333333333332,0.0,14.083333333333334,0.0,0.0,0.0,0.0,35.0,15.875
2024-11-05 17:00:00+00:00,46.0,21.125,46.0,20.541666666666668,0.0,10.0,0.0,0.0,0.0,0.0,19.0,12.958333333333334
2024-11-05 18:00:00+00:00,52.0,18.166666666666668,52.0,17.583333333333332,0.0,4.875,0.0,0.0,0.0,0.0,37.0,11.083333333333334
2024-11-05 19:00:00+00:00,56.0,20.5,56.0,19.916666666666668,0.0,4.875,0.0,0.0,0.0,0.0,51.0,13.208333333333334
2024-11-05 20:00:00+00:00,48.0,20.5,48.0,19.916666666666668,0.0,2.875,0.0,0.0,0.0,0.0,24.0,12.75
2024-11-05 21:00:00+00:00,0.0,17.625,0.0,17.041666666666668,0.0,0.0,0.0,0.0,0.0,0.0,0.0,10.291666666666666
2024-11-05 22:00:00+00:00,0.0,17.625,0.0,17.041666666666668,0.0,0.0,0.0,0.0,0.0,0.0,0.0,10.291666666666666
2024-11-05 23:00:00+00:00,26.0,18.708333333333332,26.0,18.125,0.0,0.0,0.0,0.0,0.0,0.0,6.0,10.541666666666666
2024-11-06 00:00:00+00:00,0.0,18.708333333333332,0.0,18.125,0.0,0.0,0.0,0.0,0.0,0.0,0.0,10.541666666666666
2024-11-06 01:00:00+00:00,0.0,18.583333333333332,0.0,18.125,0.0,0.0,0.0,0.0,0.0,0.0,0.0,10.541666666666666
2024-11-06 02:00:00+00:00,50.0,20.666666666666668,50.0,20.208333333333332,50.0,2.0833333333333335,0.0,0.0,0.0,0.0,13.0,11.083333333333334
2024-11-06 03:00:00+00:00,13.0,20.958333333333332,13.0,20.75,13.0,2.625,0.0,0.0,0.0,0.0,13.0,11.625
2024-11-06 04:00:00+00:00,0.0,19.833333333333332,0.0,19.625,0.0,2.625,0.0,0.0,0.0,0.0,0.0,10.5
2024-11-06 05:00:00+00:00,0.0,19.208333333333332,0.0,19.0,0.0,2.625,0.0,0.0,0.0,0.0,0.0,10.125
2024-11-06 06:00:00+00:00,0.0,16.708333333333332,0.0,16.5,0.0,2.625,0.0,0.0,0.0,0.0,0.0,8.541666666666666
2024-11-06 07:00:00+00:00,0.0,16.708333333333332,0.0,16.5,0.0,2.625,0.0,0.0,0.0,0.0,0.0,8.541666666666666
2024-11-06 08:00:00+00:00,0.0,16.708333333333332,0.0,16.5,0.0,2.625,0.0,0.0,0.0,0.0,0.0,8.541666666666666
2024-11-06 09:00:00+00:00,0.0,16.5,0.0,16.5,0.0,2.625,0.0,0.0,0.0,0.0,0.0,8.541666666666666
2024-11-06 10:00:00+00:00,0.0,16.5,0.0,16.5,0.0,2.625,0.0,0.0,0.0,0.0,0.0,8.541666666666666
2024-11-06 11:00:00+00:00,0.0,16.5,0.0,16.5,0.0,2.625,0.0,0.0,0.0,0.0,0.0,8.541666666666666
2024-11-06 12:00:00+00:00,0.0,16.5,0.0,16.5,0.0,2.625,0.0,0.0,0.0,0.0,0.0,8.541666666666666
2024-11-06 13:00:00+00:00,0.0,16.5,0.0,16.5,0.0,2.625,0.0,0.0,0.0,0.0,0.0,8.541666666666666
2024-11-06 14:00:00+00:00,0.0,16.5,0.0,16.5,0.0,2.625,0.0,0.0,0.0,0.0,0.0,8.541666666666666
2024-11-06 15:00:00+00:00,0.0,15.041666666666666,0.0,15.041666666666666,0.0,2.625,0.0,0.0,0.0,0.0,0.0,8.25
2024-11-06 16:00:00+00:00,36.0,13.625,36.0,13.625,36.0,4.125,0.0,0.0,0.0,0.0,15.0,7.416666666666667
2024-11-06 17:00:00+00:00,113.0,16.416666666666668,113.0,16.416666666666668,113.0,8.833333333333334,0.0,0.0,0.0,0.0,94.0,10.541666666666666
2024-11-06 18:00:00+00:00,98.0,18.333333333333332,98.0,18.333333333333332,98.0,12.916666666666666,0.0,0.0,0.0,0.0,94.0,12.916666666666666
2024-11-06 19:00:00+00:00,10.0,16.416666666666668,10.0,16.416666666666668,10.0,13.333333333333334,0.0,0.0,0.0,0.0,10.0,11.208333333333334
2024-11-06 20:00:00+00:00,0.0,14.416666666666666,0.0,14.416666666666666,0.0,13.333333333333334,0.0,0.0,0.0,0.0,0.0,10.208333333333334
2024-11-06 21:00:00+00:00,0.0,14.416666666666666,0.0,14.416666666666666,0.0,13.333333333333334,0.0,0.0,0.0,0.0,0.0,10.208333333333334
2024-11-06 22:00:00+00:00,0.0,14.416666666666666,0.0,14.416666666666666,0.0,13.333333333333334,0.0,0.0,0.0,0.0,0.0,10.208333333333334
2024-11-06 23:00:00+00:00,0.0,13.333333333333334,0.0,13.333333333333334,0.0,13.333333333333334,0.0,0.0,0.0,0.0,0.0,9.958333333333334
2024-11-07 00:00:00+00:00,0.0,13.333333333333334,0.0,13.333333333333334,0.0,13.333333333333334,0.0,0.0,0.0,0.0,0.0,9.958333333333334
2024-11-07 01:00:00+00:00,1.0,13.375,1.0,13.375,0.0,13.333333333333334,0.0,0.0,0.0,0.0,0.0,9.958333333333334
2024-11-07 02:00:00+00:00,197.0,19.5,197.0,19.5,0.0,11.25,0.0,0.0,0.0,0.0,121.0,14.458333333333334
2024-11-07 03:00:00+00:00,11.0,19.416666666666668,11.0,19.416666666666668,0.0,10.708333333333334,0.0,0.0,0.0,0.0,11.0,14.375
2024-11-07 04:00:00+00:00,36.0,20.916666666666668,36.0,20.916666666666668,0.0,10.708333333333334,0.0,0.0,0.0,0.0,31.0,15.666666666666666
2024-11-07 05:00:00+00:00,47.0,22.875,47.0,22.875,0.0,10.708333333333334,0.0,0.0,0.0,0.0,32.0,17.0
2024-11-07 06:00:00+00:00,0.0,22.875,0.0,22.875,0.0,10.708333333333334,0.0,0.0,0.0,0.0,0.0,17.0
2024-11-07 07:00:00+00:00,0.0,22.875,0.0,22.875,0.0,10.708333333333334,0.0,0.0,0.0,0.0,0.0,17.0
2024-11-07 08:00:00+00:00,0.0,22.875,0.0,22.875,0.0,10.708333333333334,0.0,0.0,0.0,0.0,0.0,17.0
2024-11-07 09:00:00+00:00,0.0,22.875,0.0,22.875,0.0,10.708333333333334,0.0,0.0,0.0,0.0,0.0,17.0
2024-11-07 10:00:00+00:00,0.0,22.875,0.0,22.875,0.0,10.708333333333334,0.0,0.0,0.0,0.0,0.0,17.0
2024-11-07 11:00:00+00:00,0.0,22.875,0.0,22.875,0.0,10.708333333333334,0.0,0.0,0.0,0.0,0.0,17.0
2024-11-07 12:00:00+00:00,0.0,22.875,0.0,22.875,0.0,10.708333333333334,0.0,0.0,0.0,0.0,0.0,17.0
2024-11-07 13:00:00+00:00,0.0,22.875,0.0,22.875,0.0,10.708333333333334,0.0,0.0,0.0,0.0,0.0,17.0
2024-11-07 14:00:00+00:00,3.0,23.0,3.0,23.0,0.0,10.708333333333334,0.0,0.0,0.0,0.0,0.0,17.0
2024-11-07 15:00:00+00:00,64.0,25.666666666666668,64.0,25.666666666666668,0.0,10.708333333333334,0.0,0.0,0.0,0.0,57.0,19.375
2024-11-07 16:00:00+00:00,27.0,25.291666666666668,27.0,25.291666666666668,0.0,9.208333333333334,0.0,0.0,0.0,0.0,18.0,19.5
2024-11-07 17:00:00+00:00,0.0,20.583333333333332,0.0,20.583333333333332,0.0,4.5,0.0,0.0,0.0,0.0,0.0,15.583333333333334
2024-11-07 18:00:00+00:00,0.0,16.5,0.0,16.5,0.0,0.4166666666666667,0.0,0.0,0.0,0.0,0.0,11.666666666666666
2024-11-07 19:00:00+00:00,75.0,19.208333333333332,75.0,19.208333333333332,0.0,0.0,0.0,0.0,0.0,0.0,46.0,13.166666666666666
2024-11-07 20:00:00+00:00,55.0,21.5,55.0,21.5,0.0,0.0,0.0,0.0,0.0,0.0,42.0,14.916666666666666
2024-11-07 21:00:00+00:00,0.0,21.5,0.0,21.5,0.0,0.0,0.0,0.0,0.0,0.0,0.0,14.916666666666666
2024-11-07 22:00:00+00:00,0.0,21.5,0.0,21.5,0.0,0.0,0.0,0.0,0.0,0.0,0.0,14.916666666666666
2024-11-07 23:00:00+00:00,0.0,21.5,0.0,21.5,0.0,0.0,0.0,0.0,0.0,0.0,0.0,14.916666666666666
2024-11-08 00:00:00+00:00,0.0,21.5,0.0,21.5,0.0,0.0,0.0,0.0,0.0,0.0,0.0,14.916666666666666
2024-11-08 01:00:00+00:00,135.0,27.083333333333332,135.0,27.083333333333332,0.0,0.0,0.0,0.0,0.0,0.0,78.0,18.166666666666668
2024-11-08 02:00:00+00:00,60.0,21.375,60.0,21.375,0.0,0.0,0.0,0.0,0.0,0.0,31.0,14.416666666666666
2024-11-08 03:00:00+00:00,67.0,23.708333333333332,67.0,23.708333333333332,0.0,0.0,0.0,0.0,0.0,0.0,67.0,16.75
2024-11-08 04:00:00+00:00,0.0,22.208333333333332,0.0,22.208333333333332,0.0,0.0,0.0,0.0,0.0,0.0,0.0,15.458333333333334
2024-11-08 05:00:00+00:00,30.0,21.5,30.0,21.5,0.0,0.0,0.0,0.0,0.0,0.0,10.0,14.541666666666666
2024-11-08 06:00:00+00:00,84.0,25.0,84.0,25.0,0.0,0.0,0.0,0.0,0.0,0.0,33.0,15.916666666666666
2024-11-08 07:00:00+00:00,182.0,32.583333333333336,182.0,32.583333333333336,0.0,0.0,0.0,0.0,0.0,0.0,119.0,20.875
2024-11-08 08:00:00+00:00,128.0,37.916666666666664,128.0,37.916666666666664,0.0,0.0,0.0,0.0,0.0,0.0,66.0,23.625
2024-11-08 09:00:00+00:00,196.0,46.083333333333336,196.0,46.083333333333336,0.0,0.0,0.0,0.0,0.0,0.0,131.0,29.083333333333332
2024-11-08 10:00:00+00:00,46.0,48.0,46.0,48.0,0.0,0.0,0.0,0.0,0.0,0.0,36.0,30.583333333333332
2024-11-08 11:00:00+00:00,0.0,48.0,0.0,48.0,0.0,0.0,0.0,0.0,0.0,0.0,0.0,30.583333333333332
2024-11-08 12:00:00+00:00,0.0,48.0,0.0,48.0,0.0,0.0,0.0,0.0,0.0,0.0,0.0,30.583333333333332
2024-11-08 13:00:00+00:00,0.0,48.0,0.0,48.0,0.0,0.0,0.0,0.0,0.0,0.0,0.0,30.583333333333332
2024-11-08 14:00:00+00:00,0.0,47.875,0.0,47.875,0.0,0.0,0.0,0.0,0.0,0.0,0.0,30.583333333333332
2024-11-08 15:00:00+00:00,0.0,45.208333333333336,0.0,45.208333333333336,0.0,0.0,0.0,0.0,0.0,0.0,0.0,28.208333333333332
2024-11-08 16:00:00+00:00,0.0,44.083333333333336,0.0,44.083333333333336,0.0,0.0,0.0,0.0,0.0,0.0,0.0,27.458333333333332
2024-11-08 17:00:00+00:00,0.0,44.083333333333336,0.0,44.083333333333336,0.0,0.0,0.0,0.0,0.0,0.0,0.0,27.458333333333332
2024-11-08 18:00:00+00:00,0.0,44.083333333333336,0.0,44.083333333333336,0.0,0.0,0.0,0.0,0.0,0.0,0.0,27.458333333333332
2024-11-08 19:00:00+00:00,0.0,40.958333333333336,0.0,40.958333333333336,0.0,0.0,0.0,0.0,0.0,0.0,0.0,25.541666666666668
2024-11-08 20:00:00+00:00,37.0,40.208333333333336,37.0,40.208333333333336,0.0,0.0,0.0,0.0,0.0,0.0,12.0,24.291666666666668
2024-11-08 21:00:00+00:00,0.0,40.208333333333336,0.0,40.208333333333336,0.0,0.0,0.0,0.0,0.0,0.0,0.0,24.291666666666668
2024-11-08 22:00:00+00:00,6.0,40.458333333333336,0.0,40.208333333333336,0.0,0.0,0.0,0.0,0.0,0.0,0.0,24.291666666666668
2024-11-08 23:00:00+00:00,0.0,40.458333333333336,0.0,40.208333333333336,0.0,0.0,0.0,0.0,0.0,0.0,0.0,24.291666666666668
2024-11-09 00:00:00+00:00,0.0,40.458333333333336,0.0,40.208333333333336,0.0,0.0,0.0,0.0,0.0,0.0,0.0,24.291666666666668
2024-11-09 01:00:00+00:00,0.0,34.833333333333336,0.0,34.583333333333336,0.0,0.0,0.0,0.0,0.0,0.0,0.0,21.041666666666668
2024-11-09 02:00:00+00:00,0.0,32.333333333333336,0.0,32.083333333333336,0.0,0.0,0.0,0.0,0.0,0.0,0.0,19.75
2024-11-09 03:00:00+00:00,0.0,29.541666666666668,0.0,29.291666666666668,0.0,0.0,0.0,0.0,0.0,0.0,0.0,16.958333333333332
2024-11-09 04:00:00+00:00,0.0,29.541666666666668,0.0,29.291666666666668,0.0,0.0,0.0,0.0,0.0,0.0,0.0,16.958333333333332
2024-11-09 05:00:00+00:00,0.0,28.291666666666668,0.0,28.041666666666668,0.0,0.0,0.0,0.0,0.0,0.0,0.0,16.541666666666668
2024-11-09 06:00:00+00:00,0.0,24.791666666666668,0.0,24.541666666666668,0.0,0.0,0.0,0.0,0.0,0.0,0.0,15.166666666666666
2024-11-09 07:00:00+00:00,0.0,17.208333333333332,0.0,16.958333333333332,0.0,0.0,0.0,0.0,0.0,0.0,0.0,10.208333333333334
2024-11-09 08:00:00+00:00,0.0,11.875,0.0,11.625,0.0,0.0,0.0,0.0,0.0,0.0,0.0,7.458333333333333
2024-11-09 09:00:00+00:00,1.0,3.75,0.0,3.4583333333333335,0.0,0.0,0.0,0.0,0.0,0.0,0.0,2.0
2024-11-09 10:00:00+00:00,4.0,2.0,0.0,1.5416666666666667,0.0,0.0,0.0,0.0,0.0,0.0,0.0,0.5
2024-11-09 11:00:00+00:00,32.0,3.3333333333333335,32.0,2.875,0.0,0.0,0.0,0.0,0.0,0.0,10.0,0.9166666666666666
2024-11-09 12:00:00+00:00,12.0,3.8333333333333335,12.0,3.375,0.0,0.0,0.0,0.0,0.0,0.0,12.0,1.4166666666666667
2024-11-09 13:00:00+00:00,0.0,3.8333333333333335,0.0,3.375,0.0,0.0,0.0,0.0,0.0,0.0,0.0,1.4166666666666667
2024-11-09 14:00:00+00:00,0.0,3.8333333333333335,0.0,3.375,0.0,0.0,0.0,0.0,0.0,0.0,0.0,1.4166666666666667
2024-11-09 15:00:00+00:00,0.0,3.8333333333333335,0.0,3.375,0.0,0.0,0.0,0.0,0.0,0.0,0.0,1.4166666666666667
2024-11-09 16:00:00+00:00,120.0,8.833333333333334,120.0,8.375,0.0,0.0,0.0,0.0,0.0,0.0,74.0,4.5
2024-11-09 17:00:00+00:00,0.0,8.833333333333334,0.0,8.375,0.0,0.0,0.0,0.0,0.0,0.0,0.0,4.5
2024-11-09 18:00:00+00:00,50.0,10.916666666666666,50.0,10.458333333333334,0.0,0.0,0.0,0.0,0.0,0.0,24.0,5.5
2024-11-09 19:00:00+00:00,35.0,12.375,35.0,11.916666666666666,0.0,0.0,0.0,0.0,0.0,0.0,31.0,6.791666666666667
2024-11-09 20:00:00+00:00,17.0,11.541666666666666,17.0,11.083333333333334,0.0,0.0,0.0,0.0,0.0,0.0,0.0,6.291666666666667
2024-11-09 21:00:00+00:00,32.0,12.875,32.0,12.416666666666666,0.0,0.0,0.0,0.0,0.0,0.0,15.0,6.916666666666667
2024-11-09 22:00:00+00:00,0.0,12.625,0.0,12.416666666666666,0.0,0.0,0.0,0.0,0.0,0.0,0.0,6.916666666666667
2024-11-09 23:00:00+00:00,0.0,12.625,0.0,12.416666666666666,0.0,0.0,0.0,0.0,0.0,0.0,0.0,6.916666666666667
2024-11-10 00:00:00+00:00,0.0,12.625,0.0,12.416666666666666,0.0,0.0,0.0,0.0,0.0,0.0,0.0,6.916666666666667
2024-11-10 01:00:00+00:00,0.0,12.625,0.0,12.416666666666666,0.0,0.0,0.0,0.0,0.0,0.0,0.0,6.916666666666667
2024-11-10 02:00:00+00:00,19.0,13.416666666666666,19.0,13.208333333333334,0.0,0.0,0.0,0.0,0.0,0.0,0.0,6.916666666666667
2024-11-10 03:00:00+00:00,76.0,16.583333333333332,76.0,16.375,0.0,0.0,0.0,0.0,0.0,0.0,62.0,9.5
2024-11-10 04:00:00+00:00,25.0,17.625,25.0,17.416666666666668,0.0,0.0,0.0,0.0,0.0,0.0,11.0,9.958333333333334
2024-11-10 05:00:00+00:00,0.0,17.625,0.0,17.416666666666668,0.0,0.0,0.0,0.0,0.0,0.0,0.0,9.958333333333334
2024-11-10 06:00:00+00:00,0.0,17.625,0.0,17.416666666666668,0.0,0.0,0.0,0.0,0.0,0.0,0.0,9.958333333333334
2024-11-10 07:00:00+00:00,87.0,21.25,87.0,21.041666666666668,0.0,0.0,0.0,0.0,0.0,0.0,51.0,12.083333333333334
2024-11-10 08:00:00+00:00,0.0,21.25,0.0,21.041666666666668,0.0,0.0,0.0,0.0,0.0,0.0,0.0,12.083333333333334
2024-11-10 09:00:00+00:00,0.0,21.208333333333332,0.0,21.041666666666668,0.0,0.0,0.0,0.0,0.0,0.0,0.0,12.083333333333334
2024-11-10 10:00:00+00:00,0.0,21.041666666666668,0.0,21.041666666666668,0.0,0.0,0.0,0.0,0.0,0.0,0.0,12.083333333333334
2024-11-10 11:00:00+00:00,0.0,19.708333333333332,0.0,19.708333333333332,0.0,0.0,0.0,0.0,0.0,0.0,0.0,11.666666666666666
2024-11-10 12:00:00+00:00,0.0,19.208333333333332,0.0,19.208333333333332,0.0,0.0,0.0,0.0,0.0,0.0,0.0,11.166666666666666
2024-11-10 13:00:00+00:00,0.0,19.208333333333332,0.0,19.208333333333332,0.0,0.0,0.0,0.0,0.0,0.0,0.0,11.166666666666666
2024-11-10 14:00:00+00:00,0.0,19.208333333333332,0.0,19.208333333333332,0.0,0.0,0.0,0.0,0.0,0.0,0.0,11.166666666666666
2024-11-10 15:00:00+00:00,128.0,24.541666666666668,128.0,24.541666666666668,0.0,0.0,0.0,0.0,0.0,0.0,45.0,13.041666666666666
2024-11-10 16:00:00+00:00,48.0,21.541666666666668,48.0,21.541666666666668,0.0,0.0,0.0,0.0,0.0,0.0,15.0,10.583333333333334
2024-11-10 17:00:00+00:00,0.0,21.541666666666668,0.0,21.541666666666668,0.0,0.0,0.0,0.0,0.0,0.0,0.0,10.583333333333334
2024-11-10 18:00:00+00:00,0.0,19.458333333333332,0.0,19.458333333333332,0.0,0.0,0.0,0.0,0.0,0.0,0.0,9.583333333333334
2024-11-10 19:00:00+00:00,0.0,18.0,0.0,18.0,0.0,0.0,0.0,0.0,0.0,0.0,0.0,8.291666666666666
2024-11-10 20:00:00+00:00,0.0,17.291666666666668,0.0,17.291666666666668,0.0,0.0,0.0,0.0,0.0,0.0,0.0,8.291666666666666
2024-11-10 21:00:00+00:00,0.0,15.958333333333334,0.0,15.958333333333334,0.0,0.0,0.0,0.0,0.0,0.0,0.0,7.666666666666667
2024-11-10 22:00:00+00:00,0.0,15.958333333333334,0.0,15.958333333333334,0.0,0.0,0.0,0.0,0.0,0.0,0.0,7.666666666666667
2024-11-10 23:00:00+00:00,37.0,17.5,37.0,17.5,0.0,0.0,0.0,0.0,0.0,0.0,37.0,9.208333333333334
2024-11-11 00:00:00+00:00,6.0,17.75,6.0,17.75,0.0,0.0,0.0,0.0,0.0,0.0,6.0,9.458333333333334
2024-11-11 01:00:00+00:00,196.0,25.916666666666668,196.0,25.916666666666668,0.0,0.0,0.0,0.0,0.0,0.0,103.0,13.75
2024-11-11 02:00:00+00:00,41.0,26.833333333333332,41.0,26.833333333333332,0.0,0.0,0.0,0.0,0.0,0.0,26.0,14.833333333333334
2024-11-11 03:00:00+00:00,139.0,29.458333333333332,139.0,29.458333333333332,0.0,0.0,0.0,0.0,0.0,0.0,79.0,15.541666666666666
2024-11-11 04:00:00+00:00,0.0,28.416666666666668,0.0,28.416666666666668,0.0,0.0,0.0,0.0,0.0,0.0,0.0,15.083333333333334
2024-11-11 05:00:00+00:00,0.0,28.416666666666668,0.0,28.416666666666668,0.0,0.0,0.0,0.0,0.0,0.0,0.0,15.083333333333334
2024-11-11 06:00:00+00:00,0.0,28.416666666666668,0.0,28.416666666666668,0.0,0.0,0.0,0.0,0.0,0.0,0.0,15.083333333333334
2024-11-11 07:00:00+00:00,48.0,26.791666666666668,48.0,26.791666666666668,0.0,0.0,0.0,0.0,0.0,0.0,23.0,13.916666666666666
2024-11-11 08:00:00+00:00,35.0,28.25,35.0,28.25,0.0,0.0,0.0,0.0,0.0,0.0,35.0,15.375
2024-11-11 09:00:00+00:00,112.0,32.916666666666664,112.0,32.916666666666664,0.0,0.0,0.0,0.0,0.0,0.0,53.0,17.583333333333332
2024-11-11 10:00:00+00:00,142.0,38.833333333333336,142.0,38.833333333333336,0.0,0.0,0.0,0.0,0.0,0.0,98.0,21.666666666666668
2024-11-11 11:00:00+00:00,30.0,40.083333333333336,30.0,40.083333333333336,0.0,0.0,0.0,0.0,0.0,0.0,30.0,22.916666666666668
2024-11-11 12:00:00+00:00,0.0,40.083333333333336,0.0,40.083333333333336,0.0,0.0,0.0,0.0,0.0,0.0,0.0,22.916666666666668
2024-11-11 13:00:00+00:00,0.0,40.083333333333336,0.0,40.083333333333336,0.0,0.0,0.0,0.0,0.0,0.0,0.0,22.916666666666668
2024-11-11 14:00:00+00:00,0.0,40.083333333333336,0.0,40.083333333333336,0.0,0.0,0.0,0.0,0.0,0.0,0.0,22.916666666666668
2024-11-11 15:00:00+00:00,0.0,34.75,0.0,34.75,0.0,0.0,0.0,0.0,0.0,0.0,0.0,21.041666666666668
2024-11-11 16:00:00+00:00,0.0,32.75,0.0,32.75,0.0,0.0,0.0,0.0,0.0,0.0,0.0,20.416666666666668
2024-11-11 17:00:00+00:00,3.0,32.875,3.0,32.875,0.0,0.0,0.0,0.0,0.0,0.0,0.0,20.416666666666668
2024-11-11 18:00:00+00:00,128.0,38.208333333333336,128.0,38.208333333333336,0.0,0.0,0.0,0.0,0.0,0.0,85.0,23.958333333333332
2024-11-11 19:00:00+00:00,217.0,47.25,217.0,47.25,0.0,0.0,0.0,0.0,0.0,0.0,118.0,28.875
2024-11-11 20:00:00+00:00,36.0,48.75,36.0,48.75,0.0,0.0,0.0,0.0,0.0,0.0,36.0,30.375
2024-11-11 21:00:00+00:00,0.0,48.75,0.0,48.75,0.0,0.0,0.0,0.0,0.0,0.0,0.0,30.375
2024-11-11 22:00:00+00:00,0.0,48.75,0.0,48.75,0.0,0.0,0.0,0.0,0.0,0.0,0.0,30.375
2024-11-11 23:00:00+00:00,0.0,47.208333333333336,0.0,47.208333333333336,0.0,0.0,0.0,0.0,0.0,0.0,0.0,28.833333333333332
2024-11-12 00:00:00+00:00,63.0,49.583333333333336,63.0,49.583333333333336,0.0,0.0,0.0,0.0,0.0,0.0,53.0,30.791666666666668
2024-11-12 01:00:00+00:00,0.0,41.416666666666664,0.0,41.416666666666664,0.0,0.0,0.0,0.0,0.0,0.0,0.0,26.5
2024-11-12 02:00:00+00:00,0.0,39.708333333333336,0.0,39.708333333333336,0.0,0.0,0.0,0.0,0.0,0.0,0.0,25.416666666666668
2024-11-12 03:00:00+00:00,83.0,37.375,83.0,37.375,0.0,0.0,0.0,0.0,0.0,0.0,66.0,24.875
2024-11-12 04:00:00+00:00,0.0,37.375,0.0,37.375,0.0,0.0,0.0,0.0,0.0,0.0,0.0,24.875
2024-11-12 05:00:00+00:00,5.0,37.583333333333336,5.0,37.583333333333336,0.0,0.0,0.0,0.0,0.0,0.0,0.0,24.875
2024-11-12 06:00:00+00:00,110.0,42.166666666666664,110.0,42.166666666666664,0.0,0.0,0.0,0.0,0.0,0.0,94.0,28.791666666666668
2024-11-12 07:00:00+00:00,247.0,50.458333333333336,247.0,50.458333333333336,0.0,0.0,0.0,0.0,0.0,0.0,173.0,35.041666666666664
2024-11-12 08:00:00+00:00,0.0,49.0,0.0,49.0,0.0,0.0,0.0,0.0,0.0,0.0,0.0,33.583333333333336
2024-11-12 09:00:00+00:00,0.0,44.333333333333336,0.0,44.333333333333336,0.0,0.0,0.0,0.0,0.0,0.0,0.0,31.375
2024-11-12 10:00:00+00:00,0.0,38.416666666666664,0.0,38.416666666666664,0.0,0.0,0.0,0.0,0.0,0.0,0.0,27.291666666666668
2024-11-12 11:00:00+00:00,0.0,37.166666666666664,0.0,37.166666666666664,0.0,0.0,0.0,0.0,0.0,0.0,0.0,26.041666666666668
2024-11-12 12:00:00+00:00,0.0,37.166666666666664,0.0,37.166666666666664,0.0,0.0,0.0,0.0,0.0,0.0,0.0,26.041666666666668
2024-11-12 13:00:00+00:00,0.0,37.166666666666664,0.0,37.166666666666664,0.0,0.0,0.0,0.0,0.0,0.0,0.0,26.041666666666668
2024-11-12 14:00:00+00:00,0.0,37.166666666666664,0.0,37.166666666666664,0.0,0.0,0.0,0.0,0.0,0.0,0.0,26.041666666666668
2024-11-12 15:00:00+00:00,0.0,37.166666666666664,0.0,37.166666666666664,0.0,0.0,0.0,0.0,0.0,0.0,0.0,26.041666666666668
2024-11-12 16:00:00+00:00,0.0,37.166666666666664,0.0,37.166666666666664,0.0,0.0,0.0,0.0,0.0,0.0,0.0,26.041666666666668
2024-11-12 17:00:00+00:00,0.0,37.041666666666664,0.0,37.041666666666664,0.0,0.0,0.0,0.0,0.0,0.0,0.0,26.041666666666668
2024-11-12 18:00:00+00:00,80.0,35.041666666666664,80.0,35.041666666666664,0.0,0.0,0.0,0.0,0.0,0.0,50.0,24.583333333333332
2024-11-12 19:00:00+00:00,0.0,26.0,0.0,26.0,0.0,0.0,0.0,0.0,0.0,0.0,0.0,19.666666666666668
2024-11-12 20:00:00+00:00,0.0,24.5,0.0,24.5,0.0,0.0,0.0,0.0,0.0,0.0,0.0,18.166666666666668
2024-11-12 21:00:00+00:00,68.0,27.333333333333332,68.0,27.333333333333332,0.0,0.0,0.0,0.0,0.0,0.0,26.0,19.25
2024-11-12 22:00:00+00:00,106.0,31.75,106.0,31.75,0.0,0.0,0.0,0.0,0.0,0.0,56.0,21.583333333333332
2024-11-12 23:00:00+00:00,12.0,32.25,12.0,32.25,0.0,0.0,0.0,0.0,0.0,0.0,12.0,22.083333333333332
2024-11-13 00:00:00+00:00,33.0,31.0,33.0,31.0,0.0,0.0,0.0,0.0,0.0,0.0,12.0,20.375
2024-11-13 01:00:00+00:00,93.0,34.875,93.0,34.875,0.0,0.0,0.0,0.0,0.0,0.0,53.0,22.583333333333332
2024-11-13 02:00:00+00:00,21.0,35.75,21.0,35.75,0.0,0.0,0.0,0.0,0.0,0.0,21.0,23.458333333333332
2024-11-13 03:00:00+00:00,0.0,32.291666666666664,0.0,32.291666666666664,0.0,0.0,0.0,0.0,0.0,0.0,0.0,20.708333333333332
2024-11-13 04:00:00+00:00,0.0,32.291666666666664,0.0,32.291666666666664,0.0,0.0,0.0,0.0,0.0,0.0,0.0,20.708333333333332
2024-11-13 05:00:00+00:00,10.0,32.5,0.0,32.083333333333336,0.0,0.0,0.0,0.0,0.0,0.0,10.0,21.125
2024-11-13 06:00:00+00:00,0.0,27.916666666666668,0.0,27.5,0.0,0.0,0.0,0.0,0.0,0.0,0.0,17.208333333333332
2024-11-13 07:00:00+00:00,69.0,20.5,69.0,20.083333333333332,0.0,0.0,0.0,0.0,0.0,0.0,26.0,11.083333333333334
2024-11-13 08:00:00+00:00,54.0,22.75,54.0,22.333333333333332,0.0,0.0,0.0,0.0,0.0,0.0,49.0,13.125
2024-11-13 09:00:00+00:00,74.0,25.833333333333332,74.0,25.416666666666668,0.0,0.0,0.0,0.0,0.0,0.0,56.0,15.458333333333334
2024-11-13 10:00:00+00:00,6.0,26.083333333333332,4.0,25.583333333333332,0.0,0.0,0.0,0.0,0.0,0.0,0.0,15.458333333333334
2024-11-13 11:00:00+00:00,72.0,29.083333333333332,72.0,28.583333333333332,0.0,0.0,0.0,0.0,0.0,0.0,44.0,17.291666666666668
2024-11-13 12:00:00+00:00,15.0,29.708333333333332,15.0,29.208333333333332,0.0,0.0,0.0,0.0,0.0,0.0,15.0,17.916666666666668
2024-11-13 13:00:00+00:00,0.0,29.708333333333332,0.0,29.208333333333332,0.0,0.0,0.0,0.0,0.0,0.0,0.0,17.916666666666668
2024-11-13 14:00:00+00:00,11.0,30.166666666666668,11.0,29.666666666666668,0.0,0.0,0.0,0.0,0.0,0.0,6.0,18.166666666666668
2024-11-13 15:00:00+00:00,30.0,31.416666666666668,30.0,30.916666666666668,0.0,0.0,0.0,0.0,0.0,0.0,28.0,19.333333333333332
2024-11-13 16:00:00+00:00,0.0,31.416666666666668,0.0,30.916666666666668,0.0,0.0,0.0,0.0,0.0,0.0,0.0,19.333333333333332
2024-11-13 17:00:00+00:00,0.0,31.416666666666668,0.0,30.916666666666668,0.0,0.0,0.0,0.0,0.0,0.0,0.0,19.333333333333332
2024-11-13 18:00:00+00:00,55.0,30.375,55.0,29.875,0.0,0.0,0.0,0.0,0.0,0.0,23.0,18.208333333333332
2024-11-13 19:00:00+00:00,0.0,30.375,0.0,29.875,0.0,0.0,0.0,0.0,0.0,0.0,0.0,18.208333333333332
2024-11-13 20:00:00+00:00,0.0,30.375,0.0,29.875,0.0,0.0,0.0,0.0,0.0,0.0,0.0,18.208333333333332
2024-11-13 21:00:00+00:00,0.0,27.541666666666668,0.0,27.041666666666668,0.0,0.0,0.0,0.0,0.0,0.0,0.0,17.125
2024-11-13 22:00:00+00:00,0.0,23.125,0.0,22.625,0.0,0.0,0.0,0.0,0.0,0.0,0.0,14.791666666666666
2024-11-13 23:00:00+00:00,0.0,22.625,0.0,22.125,0.0,0.0,0.0,0.0,0.0,0.0,0.0,14.291666666666666
2024-11-14 00:00:00+00:00,32.0,22.583333333333332,32.0,22.083333333333332,0.0,0.0,0.0,0.0,0.0,0.0,29.0,15.0
2024-11-14 01:00:00+00:00,46.0,20.625,46.0,20.125,0.0,0.0,0.0,0.0,0.0,0.0,38.0,14.375
2024-11-14 02:00:00+00:00,169.0,26.791666666666668,169.0,26.291666666666668,0.0,0.0,0.0,0.0,0.0,0.0,70.0,16.416666666666668
2024-11-14 03:00:00+00:00,87.0,30.416666666666668,87.0,29.916666666666668,0.0,0.0,0.0,0.0,0.0,0.0,56.0,18.75
2024-11-14 04:00:00+00:00,68.0,33.25,68.0,32.75,0.0,0.0,0.0,0.0,0.0,0.0,29.0,19.958333333333332
2024-11-14 05:00:00+00:00,34.0,34.25,34.0,34.166666666666664,0.0,0.0,0.0,0.0,0.0,0.0,24.0,20.541666666666668
2024-11-14 06:00:00+00:00,0.0,34.25,0.0,34.166666666666664,0.0,0.0,0.0,0.0,0.0,0.0,0.0,20.541666666666668
2024-11-14 07:00:00+00:00,0.0,31.375,0.0,31.291666666666668,0.0,0.0,0.0,0.0,0.0,0.0,0.0,19.458333333333332
2024-11-14 08:00:00+00:00,0.0,29.125,0.0,29.041666666666668,0.0,0.0,0.0,0.0,0.0,0.0,0.0,17.416666666666668
2024-11-14 09:00:00+00:00,0.0,26.041666666666668,0.0,25.958333333333332,0.0,0.0,0.0,0.0,0.0,0.0,0.0,15.083333333333334
2024-11-14 10:00:00+00:00,0.0,25.791666666666668,0.0,25.791666666666668,0.0,0.0,0.0,0.0,0.0,0.0,0.0,15.083333333333334
2024-11-14 11:00:00+00:00,0.0,22.791666666666668,0.0,22.791666666666668,0.0,0.0,0.0,0.0,0.0,0.0,0.0,13.25
2024-11-14 12:00:00+00:00,0.0,22.166666666666668,0.0,22.166666666666668,0.0,0.0,0.0,0.0,0.0,0.0,0.0,12.625
2024-11-14 13:00:00+00:00,0.0,22.166666666666668,0.0,22.166666666666668,0.0,0.0,0.0,0.0,0.0,0.0,0.0,12.625
2024-11-14 14:00:00+00:00,27.0,22.833333333333332,27.0,22.833333333333332,0.0,0.0,0.0,0.0,0.0,0.0,25.0,13.416666666666666
2024-11-14 15:00:00+00:00,95.0,25.541666666666668,95.0,25.541666666666668,0.0,0.0,0.0,0.0,0.0,0.0,47.0,14.208333333333334
2024-11-14 16:00:00+00:00,20.0,26.375,20.0,26.375,0.0,0.0,0.0,0.0,0.0,0.0,9.0,14.583333333333334
2024-11-14 17:00:00+00:00,86.0,29.958333333333332,86.0,29.958333333333332,0.0,0.0,0.0,0.0,0.0,0.0,60.0,17.083333333333332
2024-11-14 18:00:00+00:00,167.0,34.625,167.0,34.625,0.0,0.0,0.0,0.0,0.0,0.0,122.0,21.208333333333332
2024-11-14 19:00:00+00:00,101.0,38.833333333333336,101.0,38.833333333333336,0.0,0.0,0.0,0.0,0.0,0.0,43.0,23.0
2024-11-14 20:00:00+00:00,0.0,38.833333333333336,0.0,38.833333333333336,0.0,0.0,0.0,0.0,0.0,0.0,0.0,23.0
2024-11-14 21:00:00+00:00,62.0,41.416666666666664,62.0,41.416666666666664,0.0,0.0,0.0,0.0,0.0,0.0,46.0,24.916666666666668
2024-11-14 22:00:00+00:00,3.0,41.541666666666664,3.0,41.541666666666664,0.0,0.0,0.0,0.0,0.0,0.0,0.0,24.916666666666668
2024-11-14 23:00:00+00:00,0.0,41.541666666666664,0.0,41.541666666666664,0.0,0.0,0.0,0.0,0.0,0.0,0.0,24.916666666666668
2024-11-15 00:00:00+00:00,0.0,40.208333333333336,0.0,40.208333333333336,0.0,0.0,0.0,0.0,0.0,0.0,0.0,23.708333333333332
2024-11-15 01:00:00+00:00,19.0,39.083333333333336,19.0,39.083333333333336,0.0,0.0,0.0,0.0,0.0,0.0,15.0,22.75
2024-11-15 02:00:00+00:00,154.0,38.458333333333336,154.0,38.458333333333336,0.0,0.0,0.0,0.0,0.0,0.0,124.0,25.0
2024-11-15 03:00:00+00:00,89.0,38.541666666666664,89.0,38.541666666666664,0.0,0.0,0.0,0.0,0.0,0.0,27.0,23.791666666666668
2024-11-15 04:00:00+00:00,0.0,35.708333333333336,0.0,35.708333333333336,0.0,0.0,0.0,0.0,0.0,0.0,0.0,22.583333333333332
2024-11-15 05:00:00+00:00,2.0,34.375,0.0,34.291666666666664,0.0,0.0,0.0,0.0,0.0,0.0,0.0,21.583333333333332
2024-11-15 06:00:00+00:00,15.0,35.0,0.0,34.291666666666664,0.0,0.0,0.0,0.0,0.0,0.0,15.0,22.208333333333332
2024-11-15 07:00:00+00:00,71.0,37.958333333333336,71.0,37.25,0.0,0.0,0.0,0.0,0.0,0.0,50.0,24.291666666666668
2024-11-15 08:00:00+00:00,105.0,42.333333333333336,105.0,41.625,0.0,0.0,0.0,0.0,0.0,0.0,103.0,28.583333333333332
2024-11-15 09:00:00+00:00,80.0,45.666666666666664,80.0,44.958333333333336,0.0,0.0,0.0,0.0,0.0,0.0,52.0,30.75
2024-11-15 10:00:00+00:00,13.0,46.208333333333336,13.0,45.5,0.0,0.0,0.0,0.0,0.0,0.0,11.0,31.208333333333332
2024-11-15 11:00:00+00:00,0.0,46.208333333333336,0.0,45.5,0.0,0.0,0.0,0.0,0.0,0.0,0.0,31.208333333333332
2024-11-15 12:00:00+00:00,1.0,46.25,0.0,45.5,0.0,0.0,0.0,0.0,0.0,0.0,0.0,31.208333333333332
2024-11-15 13:00:00+00:00,0.0,46.25,0.0,45.5,0.0,0.0,0.0,0.0,0.0,0.0,0.0,31.208333333333332
2024-11-15 14:00:00+00:00,0.0,45.125,0.0,44.375,0.0,0.0,0.0,0.0,0.0,0.0,0.0,30.166666666666668
2024-11-15 15:00:00+00:00,120.0,46.166666666666664,120.0,45.416666666666664,0.0,0.0,0.0,0.0,0.0,0.0,50.0,30.291666666666668
2024-11-15 16:00:00+00:00,30.0,46.583333333333336,30.0,45.833333333333336,0.0,0.0,0.0,0.0,0.0,0.0,15.0,30.541666666666668
2024-11-15 17:00:00+00:00,48.0,45.0,48.0,44.25,0.0,0.0,0.0,0.0,0.0,0.0,20.0,28.875
2024-11-15 18:00:00+00:00,13.0,38.583333333333336,13.0,37.833333333333336,0.0,0.0,0.0,0.0,0.0,0.0,13.0,24.333333333333332
2024-11-15 19:00:00+00:00,2.0,34.458333333333336,0.0,33.625,0.0,0.0,0.0,0.0,0.0,0.0,0.0,22.541666666666668
2024-11-15 20:00:00+00:00,0.0,34.458333333333336,0.0,33.625,0.0,0.0,0.0,0.0,0.0,0.0,0.0,22.541666666666668
2024-11-15 21:00:00+00:00,0.0,31.875,0.0,31.041666666666668,0.0,0.0,0.0,0.0,0.0,0.0,0.0,20.625
2024-11-15 22:00:00+00:00,0.0,31.75,0.0,30.916666666666668,0.0,0.0,0.0,0.0,0.0,0.0,0.0,20.625
2024-11-15 23:00:00+00:00,0.0,31.75,0.0,30.916666666666668,0.0,0.0,0.0,0.0,0.0,0.0,0.0,20.625
2024-11-16 00:00:00+00:00,67.0,34.541666666666664,67.0,33.708333333333336,0.0,0.0,0.0,0.0,0.0,0.0,14.0,21.208333333333332
2024-11-16 01:00:00+00:00,0.0,33.75,0.0,32.916666666666664,0.0,0.0,0.0,0.0,0.0,0.0,0.0,20.583333333333332
2024-11-16 02:00:00+00:00,13.0,27.875,13.0,27.041666666666668,0.0,0.0,0.0,0.0,0.0,0.0,12.0,15.916666666666666
2024-11-16 03:00:00+00:00,151.0,30.458333333333332,151.0,29.625,0.0,0.0,0.0,0.0,0.0,0.0,95.0,18.75
2024-11-16 04:00:00+00:00,4.0,30.625,4.0,29.791666666666668,0.0,0.0,0.0,0.0,0.0,0.0,0.0,18.75
2024-11-16 05:00:00+00:00,0.0,30.541666666666668,0.0,29.791666666666668,0.0,0.0,0.0,0.0,0.0,0.0,0.0,18.75
2024-11-16 06:00:00+00:00,1.0,29.958333333333332,0.0,29.791666666666668,0.0,0.0,0.0,0.0,0.0,0.0,0.0,18.125
2024-11-16 07:00:00+00:00,0.0,27.0,0.0,26.833333333333332,0.0,0.0,0.0,0.0,0.0,0.0,0.0,16.041666666666668
2024-11-16 08:00:00+00:00,17.0,23.333333333333332,15.0,23.083333333333332,0.0,0.0,0.0,0.0,0.0,0.0,13.0,12.291666666666666
2024-11-16 09:00:00+00:00,50.0,22.083333333333332,50.0,21.833333333333332,0.0,0.0,0.0,0.0,0.0,0.0,50.0,12.208333333333334
2024-11-16 10:00:00+00:00,109.0,26.083333333333332,109.0,25.833333333333332,0.0,0.0,0.0,0.0,0.0,0.0,41.0,13.458333333333334
2024-11-16 11:00:00+00:00,61.0,28.625,61.0,28.375,0.0,0.0,0.0,0.0,0.0,0.0,46.0,15.375
2024-11-16 12:00:00+00:00,38.0,30.166666666666668,38.0,29.958333333333332,0.0,0.0,0.0,0.0,0.0,0.0,20.0,16.208333333333332
2024-11-16 13:00:00+00:00,0.0,30.166666666666668,0.0,29.958333333333332,0.0,0.0,0.0,0.0,0.0,0.0,0.0,16.208333333333332
2024-11-16 14:00:00+00:00,0.0,30.166666666666668,0.0,29.958333333333332,0.0,0.0,0.0,0.0,0.0,0.0,0.0,16.208333333333332
2024-11-16 15:00:00+00:00,0.0,25.166666666666668,0.0,24.958333333333332,0.0,0.0,0.0,0.0,0.0,0.0,0.0,14.125
2024-11-16 16:00:00+00:00,0.0,23.916666666666668,0.0,23.708333333333332,0.0,0.0,0.0,0.0,0.0,0.0,0.0,13.5
2024-11-16 17:00:00+00:00,0.0,21.916666666666668,0.0,21.708333333333332,0.0,0.0,0.0,0.0,0.0,0.0,0.0,12.666666666666666
2024-11-16 18:00:00+00:00,44.0,23.208333333333332,44.0,23.0,0.0,0.0,0.0,0.0,0.0,0.0,24.0,13.125
2024-11-16 19:00:00+00:00,0.0,23.125,0.0,23.0,0.0,0.0,0.0,0.0,0.0,0.0,0.0,13.125
2024-11-16 20:00:00+00:00,0.0,23.125,0.0,23.0,0.0,0.0,0.0,0.0,0.0,0.0,0.0,13.125
2024-11-16 21:00:00+00:00,60.0,25.625,60.0,25.5,0.0,0.0,0.0,0.0,0.0,0.0,39.0,14.75
2024-11-16 22:00:00+00:00,0.0,25.625,0.0,25.5,0.0,0.0,0.0,0.0,0.0,0.0,0.0,14.75
2024-11-16 23:00:00+00:00,0.0,25.625,0.0,25.5,0.0,0.0,0.0,0.0,0.0,0.0,0.0,14.75
2024-11-17 00:00:00+00:00,0.0,22.833333333333332,0.0,22.708333333333332,0.0,0.0,0.0,0.0,0.0,0.0,0.0,14.166666666666666
2024-11-17 01:00:00+00:00,0.0,22.833333333333332,0.0,22.708333333333332,0.0,0.0,0.0,0.0,0.0,0.0,0.0,14.166666666666666
2024-11-17 02:00:00+00:00,70.0,25.208333333333332,70.0,25.083333333333332,0.0,0.0,0.0,0.0,0.0,0.0,54.0,15.916666666666666
2024-11-17 03:00:00+00:00,0.0,18.916666666666668,0.0,18.791666666666668,0.0,0.0,0.0,0.0,0.0,0.0,0.0,11.958333333333334
2024-11-17 04:00:00+00:00,46.0,20.666666666666668,46.0,20.541666666666668,0.0,0.0,0.0,0.0,0.0,0.0,19.0,12.75
2024-11-17 05:00:00+00:00,26.0,21.75,26.0,21.625,0.0,0.0,0.0,0.0,0.0,0.0,26.0,13.833333333333334
2024-11-17 06:00:00+00:00,0.0,21.708333333333332,0.0,21.625,0.0,0.0,0.0,0.0,0.0,0.0,0.0,13.833333333333334
2024-11-17 07:00:00+00:00,63.0,24.333333333333332,63.0,24.25,0.0,0.0,0.0,0.0,0.0,0.0,60.0,16.333333333333332
2024-11-17 08:00:00+00:00,83.0,27.083333333333332,83.0,27.083333333333332,0.0,0.0,0.0,0.0,0.0,0.0,69.0,18.666666666666668
2024-11-17 09:00:00+00:00,39.0,26.625,39.0,26.625,0.0,0.0,0.0,0.0,0.0,0.0,37.0,18.125
2024-11-17 10:00:00+00:00,125.0,27.291666666666668,125.0,27.291666666666668,0.0,0.0,0.0,0.0,0.0,0.0,79.0,19.708333333333332
2024-11-17 11:00:00+00:00,0.0,24.75,0.0,24.75,0.0,0.0,0.0,0.0,0.0,0.0,0.0,17.791666666666668
2024-11-17 12:00:00+00:00,0.0,23.166666666666668,0.0,23.166666666666668,0.0,0.0,0.0,0.0,0.0,0.0,0.0,16.958333333333332
2024-11-17 13:00:00+00:00,0.0,23.166666666666668,0.0,23.166666666666668,0.0,0.0,0.0,0.0,0.0,0.0,0.0,16.958333333333332
2024-11-17 14:00:00+00:00,15.0,23.791666666666668,0.0,23.166666666666668,0.0,0.0,0.0,0.0,0.0,0.0,0.0,16.958333333333332
2024-11-17 15:00:00+00:00,0.0,23.791666666666668,0.0,23.166666666666668,0.0,0.0,0.0,0.0,0.0,0.0,0.0,16.958333333333332
2024-11-17 16:00:00+00:00,0.0,23.791666666666668,0.0,23.166666666666668,0.0,0.0,0.0,0.0,0.0,0.0,0.0,16.958333333333332
2024-11-17 17:00:00+00:00,34.0,25.208333333333332,34.0,24.583333333333332,0.0,0.0,0.0,0.0,0.0,0.0,31.0,18.25
2024-11-17 18:00:00+00:00,43.0,25.166666666666668,43.0,24.541666666666668,0.0,0.0,0.0,0.0,0.0,0.0,33.0,18.625
2024-11-17 19:00:00+00:00,0.0,25.166666666666668,0.0,24.541666666666668,0.0,0.0,0.0,0.0,0.0,0.0,0.0,18.625
2024-11-17 20:00:00+00:00,0.0,25.166666666666668,0.0,24.541666666666668,0.0,0.0,0.0,0.0,0.0,0.0,0.0,18.625
2024-11-17 21:00:00+00:00,0.0,22.666666666666668,0.0,22.041666666666668,0.0,0.0,0.0,0.0,0.0,0.0,0.0,17.0
2024-11-17 22:00:00+00:00,185.0,30.375,185.0,29.75,0.0,0.0,0.0,0.0,0.0,0.0,110.0,21.583333333333332
2024-11-17 23:00:00+00:00,82.0,33.791666666666664,82.0,33.166666666666664,0.0,0.0,0.0,0.0,0.0,0.0,61.0,24.125
2024-11-18 00:00:00+00:00,0.0,33.791666666666664,0.0,33.166666666666664,0.0,0.0,0.0,0.0,0.0,0.0,0.0,24.125
2024-11-18 01:00:00+00:00,0.0,33.791666666666664,0.0,33.166666666666664,0.0,0.0,0.0,0.0,0.0,0.0,0.0,24.125
2024-11-18 02:00:00+00:00,0.0,30.875,0.0,30.25,0.0,0.0,0.0,0.0,0.0,0.0,0.0,21.875
2024-11-18 03:00:00+00:00,149.0,37.083333333333336,149.0,36.458333333333336,0.0,0.0,0.0,0.0,0.0,0.0,112.0,26.541666666666668
2024-11-18 04:00:00+00:00,0.0,35.166666666666664,0.0,34.541666666666664,0.0,0.0,0.0,0.0,0.0,0.0,0.0,25.75
2024-11-18 05:00:00+00:00,96.0,38.083333333333336,96.0,37.458333333333336,0.0,0.0,0.0,0.0,0.0,0.0,43.0,26.458333333333332
2024-11-18 06:00:00+00:00,15.0,38.708333333333336,0.0,37.458333333333336,0.0,0.0,0.0,0.0,0.0,0.0,10.0,26.875
2024-11-18 07:00:00+00:00,0.0,36.083333333333336,0.0,34.833333333333336,0.0,0.0,0.0,0.0,0.0,0.0,0.0,24.375
2024-11-18 08:00:00+00:00,0.0,32.625,0.0,31.375,0.0,0.0,0.0,0.0,0.0,0.0,0.0,21.5
2024-11-18 09:00:00+00:00,0.0,31.0,0.0,29.75,0.0,0.0,0.0,0.0,0.0,0.0,0.0,19.958333333333332
2024-11-18 10:00:00+00:00,0.0,25.791666666666668,0.0,24.541666666666668,0.0,0.0,0.0,0.0,0.0,0.0,0.0,16.666666666666668
2024-11-18 11:00:00+00:00,0.0,25.791666666666668,0.0,24.541666666666668,0.0,0.0,0.0,0.0,0.0,0.0,0.0,16.666666666666668
2024-11-18 12:00:00+00:00,0.0,25.791666666666668,0.0,24.541666666666668,0.0,0.0,0.0,0.0,0.0,0.0,0.0,16.666666666666668
2024-11-18 13:00:00+00:00,0.0,25.791666666666668,0.0,24.541666666666668,0.0,0.0,0.0,0.0,0.0,0.0,0.0,16.666666666666668
2024-11-18 14:00:00+00:00,0.0,25.166666666666668,0.0,24.541666666666668,0.0,0.0,0.0,0.0,0.0,0.0,0.0,16.666666666666668
2024-11-18 15:00:00+00:00,0.0,25.166666666666668,0.0,24.541666666666668,0.0,0.0,0.0,0.0,0.0,0.0,0.0,16.666666666666668
2024-11-18 16:00:00+00:00,0.0,25.166666666666668,0.0,24.541666666666668,0.0,0.0,0.0,0.0,0.0,0.0,0.0,16.666666666666668
2024-11-18 17:00:00+00:00,15.0,24.375,15.0,23.75,0.0,0.0,0.0,0.0,0.0,0.0,0.0,15.375
2024-11-18 18:00:00+00:00,103.0,26.875,103.0,26.25,0.0,0.0,0.0,0.0,0.0,0.0,39.0,15.625
2024-11-18 19:00:00+00:00,179.0,34.333333333333336,179.0,33.708333333333336,0.0,0.0,0.0,0.0,0.0,0.0,100.0,19.791666666666668
2024-11-18 20:00:00+00:00,60.0,36.833333333333336,60.0,36.208333333333336,0.0,0.0,0.0,0.0,0.0,0.0,45.0,21.666666666666668
2024-11-18 21:00:00+00:00,206.0,45.416666666666664,206.0,44.791666666666664,0.0,0.0,0.0,0.0,0.0,0.0,120.0,26.666666666666668
2024-11-18 22:00:00+00:00,38.0,39.291666666666664,38.0,38.666666666666664,0.0,0.0,0.0,0.0,0.0,0.0,14.0,22.666666666666668
2024-11-18 23:00:00+00:00,38.0,37.458333333333336,38.0,36.833333333333336,0.0,0.0,0.0,0.0,0.0,0.0,27.0,21.25
2024-11-19 00:00:00+00:00,68.0,40.291666666666664,68.0,39.666666666666664,68.0,2.8333333333333335,0.0,0.0,0.0,0.0,28.0,22.416666666666668
2024-11-19 01:00:00+00:00,0.0,40.291666666666664,0.0,39.666666666666664,0.0,2.8333333333333335,0.0,0.0,0.0,0.0,0.0,22.416666666666668
2024-11-19 02:00:00+00:00,7.0,40.583333333333336,0.0,39.666666666666664,7.0,3.125,0.0,0.0,0.0,0.0,7.0,22.708333333333332
2024-11-19 03:00:00+00:00,32.0,35.708333333333336,32.0,34.791666666666664,32.0,4.458333333333333,0.0,0.0,0.0,0.0,8.0,18.375
2024-11-19 04:00:00+00:00,1.0,35.75,1.0,34.833333333333336,1.0,4.5,0.0,0.0,0.0,0.0,0.0,18.375
2024-11-19 05:00:00+00:00,0.0,31.75,0.0,30.833333333333332,0.0,4.5,0.0,0.0,0.0,0.0,0.0,16.583333333333332
2024-11-19 06:00:00+00:00,0.0,31.125,0.0,30.833333333333332,0.0,4.5,0.0,0.0,0.0,0.0,0.0,16.166666666666668
2024-11-19 07:00:00+00:00,0.0,31.125,0.0,30.833333333333332,0.0,4.5,0.0,0.0,0.0,0.0,0.0,16.166666666666668
2024-11-19 08:00:00+00:00,0.0,31.125,0.0,30.833333333333332,0.0,4.5,0.0,0.0,0.0,0.0,0.0,16.166666666666668
2024-11-19 09:00:00+00:00,0.0,31.125,0.0,30.833333333333332,0.0,4.5,0.0,0.0,0.0,0.0,0.0,16.166666666666668
2024-11-19 10:00:00+00:00,0.0,31.125,0.0,30.833333333333332,0.0,4.5,0.0,0.0,0.0,0.0,0.0,16.166666666666668
2024-11-19 11:00:00+00:00,0.0,31.125,0.0,30.833333333333332,0.0,4.5,0.0,0.0,0.0,0.0,0.0,16.166666666666668
2024-11-19 12:00:00+00:00,0.0,31.125,0.0,30.833333333333332,0.0,4.5,0.0,0.0,0.0,0.0,0.0,16.166666666666668
2024-11-19 13:00:00+00:00,0.0,31.125,0.0,30.833333333333332,0.0,4.5,0.0,0.0,0.0,0.0,0.0,16.166666666666668
2024-11-19 14:00:00+00:00,0.0,31.125,0.0,30.833333333333332,0.0,4.5,0.0,0.0,0.0,0.0,0.0,16.166666666666668
2024-11-19 15:00:00+00:00,66.0,33.875,66.0,33.583333333333336,66.0,7.25,0.0,0.0,0.0,0.0,44.0,18.0
2024-11-19 16:00:00+00:00,32.0,35.208333333333336,32.0,34.916666666666664,32.0,8.583333333333334,0.0,0.0,0.0,0.0,24.0,19.0
2024-11-19 17:00:00+00:00,9.0,34.958333333333336,9.0,34.666666666666664,9.0,8.958333333333334,0.0,0.0,0.0,0.0,6.0,19.25
2024-11-19 18:00:00+00:00,0.0,30.666666666666668,0.0,30.375,0.0,8.958333333333334,0.0,0.0,0.0,0.0,0.0,17.625
2024-11-19 19:00:00+00:00,15.0,23.833333333333332,0.0,22.916666666666668,15.0,9.583333333333334,0.0,0.0,0.0,0.0,10.0,13.875
2024-11-19 20:00:00+00:00,10.0,21.75,10.0,20.833333333333332,10.0,10.0,0.0,0.0,0.0,0.0,10.0,12.416666666666666
2024-11-19 21:00:00+00:00,62.0,15.75,62.0,14.833333333333334,62.0,12.583333333333334,0.0,0.0,0.0,0.0,43.0,9.208333333333334
2024-11-19 22:00:00+00:00,21.0,15.041666666666666,21.0,14.125,21.0,13.458333333333334,0.0,0.0,0.0,0.0,21.0,9.5
2024-11-19 23:00:00+00:00,69.0,16.333333333333332,69.0,15.416666666666666,69.0,16.333333333333332,0.0,0.0,0.0,0.0,54.0,10.625
2024-11-20 00:00:00+00:00,58.0,15.916666666666666,58.0,15.0,0.0,13.5,0.0,0.0,0.0,0.0,53.0,11.666666666666666
2024-11-20 01:00:00+00:00,4.0,16.083333333333332,0.0,15.0,0.0,13.5,0.0,0.0,0.0,0.0,0.0,11.666666666666666
2024-11-20 02:00:00+00:00,9.0,16.166666666666668,0.0,15.0,0.0,13.208333333333334,0.0,0.0,0.0,0.0,9.0,11.75
2024-11-20 03:00:00+00:00,0.0,14.833333333333334,0.0,13.666666666666666,0.0,11.875,0.0,0.0,0.0,0.0,0.0,11.416666666666666
2024-11-20 04:00:00+00:00,0.0,14.791666666666666,0.0,13.625,0.0,11.833333333333334,0.0,0.0,0.0,0.0,0.0,11.416666666666666
2024-11-20 05:00:00+00:00,0.0,14.791666666666666,0.0,13.625,0.0,11.833333333333334,0.0,0.0,0.0,0.0,0.0,11.416666666666666
2024-11-20 06:00:00+00:00,0.0,14.791666666666666,0.0,13.625,0.0,11.833333333333334,0.0,0.0,0.0,0.0,0.0,11.416666666666666
2024-11-20 07:00:00+00:00,0.0,14.791666666666666,0.0,13.625,0.0,11.833333333333334,0.0,0.0,0.0,0.0,0.0,11.416666666666666
2024-11-20 08:00:00+00:00,0.0,14.791666666666666,0.0,13.625,0.0,11.833333333333334,0.0,0.0,0.0,0.0,0.0,11.416666666666666
2024-11-20 09:00:00+00:00,0.0,14.791666666666666,0.0,13.625,0.0,11.833333333333334,0.0,0.0,0.0,0.0,0.0,11.416666666666666
2024-11-20 10:00:00+00:00,0.0,14.791666666666666,0.0,13.625,0.0,11.833333333333334,0.0,0.0,0.0,0.0,0.0,11.416666666666666
2024-11-20 11:00:00+00:00,0.0,14.791666666666666,0.0,13.625,0.0,11.833333333333334,0.0,0.0,0.0,0.0,0.0,11.416666666666666
2024-11-20 12:00:00+00:00,0.0,14.791666666666666,0.0,13.625,0.0,11.833333333333334,0.0,0.0,0.0,0.0,0.0,11.416666666666666
2024-11-20 13:00:00+00:00,0.0,14.791666666666666,0.0,13.625,0.0,11.833333333333334,0.0,0.0,0.0,0.0,0.0,11.416666666666666
2024-11-20 14:00:00+00:00,34.0,16.208333333333332,34.0,15.041666666666666,0.0,11.833333333333334,0.0,0.0,0.0,0.0,24.0,12.416666666666666
2024-11-20 15:00:00+00:00,115.0,18.25,115.0,17.083333333333332,0.0,9.083333333333334,0.0,0.0,0.0,0.0,28.0,11.75
2024-11-20 16:00:00+00:00,0.0,16.916666666666668,0.0,15.75,0.0,7.75,0.0,0.0,0.0,0.0,0.0,10.75
2024-11-20 17:00:00+00:00,0.0,16.541666666666668,0.0,15.375,0.0,7.375,0.0,0.0,0.0,0.0,0.0,10.5
2024-11-20 18:00:00+00:00,0.0,16.541666666666668,0.0,15.375,0.0,7.375,0.0,0.0,0.0,0.0,0.0,10.5
2024-11-20 19:00:00+00:00,0.0,15.916666666666666,0.0,15.375,0.0,6.75,0.0,0.0,0.0,0.0,0.0,10.083333333333334
2024-11-20 20:00:00+00:00,0.0,15.5,0.0,14.958333333333334,0.0,6.333333333333333,0.0,0.0,0.0,0.0,0.0,9.666666666666666
2024-11-20 21:00:00+00:00,0.0,12.916666666666666,0.0,12.375,0.0,3.75,0.0,0.0,0.0,0.0,0.0,7.875
2024-11-20 22:00:00+00:00,0.0,12.041666666666666,0.0,11.5,0.0,2.875,0.0,0.0,0.0,0.0,0.0,7.0
2024-11-20 23:00:00+00:00,0.0,9.166666666666666,0.0,8.625,0.0,0.0,0.0,0.0,0.0,0.0,0.0,4.75
2024-11-21 00:00:00+00:00,0.0,6.75,0.0,6.208333333333333,0.0,0.0,0.0,0.0,0.0,0.0,0.0,2.5416666666666665
2024-11-21 01:00:00+00:00,81.0,9.958333333333334,81.0,9.583333333333334,81.0,3.375,0.0,0.0,0.0,0.0,62.0,5.125
2024-11-21 02:00:00+00:00,0.0,9.583333333333334,0.0,9.583333333333334,0.0,3.375,0.0,0.0,0.0,0.0,0.0,4.75
2024-11-21 03:00:00+00:00,0.0,9.583333333333334,0.0,9.583333333333334,0.0,3.375,0.0,0.0,0.0,0.0,0.0,4.75
2024-11-21 04:00:00+00:00,31.0,10.875,31.0,10.875,31.0,4.666666666666667,0.0,0.0,0.0,0.0,31.0,6.041666666666667
2024-11-21 05:00:00+00:00,0.0,10.875,0.0,10.875,0.0,4.666666666666667,0.0,0.0,0.0,0.0,0.0,6.041666666666667
2024-11-21 06:00:00+00:00,0.0,10.875,0.0,10.875,0.0,4.666666666666667,0.0,0.0,0.0,0.0,0.0,6.041666666666667
2024-11-21 07:00:00+00:00,0.0,10.875,0.0,10.875,0.0,4.666666666666667,0.0,0.0,0.0,0.0,0.0,6.041666666666667
2024-11-21 08:00:00+00:00,0.0,10.875,0.0,10.875,0.0,4.666666666666667,0.0,0.0,0.0,0.0,0.0,6.041666666666667
2024-11-21 09:00:00+00:00,0.0,10.875,0.0,10.875,0.0,4.666666666666667,0.0,0.0,0.0,0.0,0.0,6.041666666666667
2024-11-21 10:00:00+00:00,0.0,10.875,0.0,10.875,0.0,4.666666666666667,0.0,0.0,0.0,0.0,0.0,6.041666666666667
2024-11-21 11:00:00+00:00,0.0,10.875,0.0,10.875,0.0,4.666666666666667,0.0,0.0,0.0,0.0,0.0,6.041666666666667
2024-11-21 12:00:00+00:00,0.0,10.875,0.0,10.875,0.0,4.666666666666667,0.0,0.0,0.0,0.0,0.0,6.041666666666667
2024-11-21 13:00:00+00:00,0.0,10.875,0.0,10.875,0.0,4.666666666666667,0.0,0.0,0.0,0.0,0.0,6.041666666666667
2024-11-21 14:00:00+00:00,22.0,10.375,22.0,10.375,22.0,5.583333333333333,0.0,0.0,0.0,0.0,7.0,5.333333333333333
2024-11-21 15:00:00+00:00,179.0,13.041666666666666,179.0,13.041666666666666,179.0,13.041666666666666,0.0,0.0,0.0,0.0,118.0,9.083333333333334
2024-11-21 16:00:00+00:00,44.0,14.875,44.0,14.875,44.0,14.875,0.0,0.0,0.0,0.0,14.0,9.666666666666666
2024-11-21 17:00:00+00:00,67.0,17.666666666666668,67.0,17.666666666666668,67.0,17.666666666666668,0.0,0.0,0.0,0.0,65.0,12.375
2024-11-21 18:00:00+00:00,13.0,18.208333333333332,13.0,18.208333333333332,13.0,18.208333333333332,0.0,0.0,0.0,0.0,12.0,12.875
2024-11-21 19:00:00+00:00,32.0,19.541666666666668,32.0,19.541666666666668,32.0,19.541666666666668,0.0,0.0,0.0,0.0,21.0,13.75
2024-11-21 20:00:00+00:00,50.0,21.625,50.0,21.625,50.0,21.625,0.0,0.0,0.0,0.0,50.0,15.833333333333334
2024-11-21 21:00:00+00:00,38.0,23.208333333333332,38.0,23.208333333333332,38.0,23.208333333333332,0.0,0.0,0.0,0.0,34.0,17.25
2024-11-21 22:00:00+00:00,160.0,29.875,160.0,29.875,160.0,29.875,0.0,0.0,0.0,0.0,84.0,20.75
2024-11-21 23:00:00+00:00,164.0,36.708333333333336,164.0,36.708333333333336,164.0,36.708333333333336,0.0,0.0,0.0,0.0,133.0,26.291666666666668
2024-11-22 00:00:00+00:00,13.0,37.25,13.0,37.25,13.0,37.25,0.0,0.0,0.0,0.0,13.0,26.833333333333332
2024-11-22 01:00:00+00:00,82.0,37.291666666666664,82.0,37.291666666666664,82.0,37.291666666666664,0.0,0.0,0.0,0.0,44.0,26.083333333333332
2024-11-22 02:00:00+00:00,75.0,40.416666666666664,75.0,40.416666666666664,75.0,40.416666666666664,0.0,0.0,0.0,0.0,50.0,28.166666666666668
2024-11-22 03:00:00+00:00,71.0,43.375,71.0,43.375,71.0,43.375,0.0,0.0,0.0,0.0,51.0,30.291666666666668
2024-11-22 04:00:00+00:00,0.0,42.083333333333336,0.0,42.083333333333336,0.0,42.083333333333336,0.0,0.0,0.0,0.0,0.0,29.0
2024-11-22 05:00:00+00:00,0.0,42.083333333333336,0.0,42.083333333333336,0.0,42.083333333333336,0.0,0.0,0.0,0.0,0.0,29.0
2024-11-22 06:00:00+00:00,0.0,42.083333333333336,0.0,42.083333333333336,0.0,42.083333333333336,0.0,0.0,0.0,0.0,0.0,29.0
2024-11-22 07:00:00+00:00,5.0,42.291666666666664,0.0,42.083333333333336,5.0,42.291666666666664,0.0,0.0,0.0,0.0,0.0,29.0
2024-11-22 08:00:00+00:00,4.0,42.458333333333336,0.0,42.083333333333336,4.0,42.458333333333336,0.0,0.0,0.0,0.0,0.0,29.0
2024-11-22 09:00:00+00:00,0.0,42.458333333333336,0.0,42.083333333333336,0.0,42.458333333333336,0.0,0.0,0.0,0.0,0.0,29.0
2024-11-22 10:00:00+00:00,70.0,45.375,70.0,45.0,70.0,45.375,0.0,0.0,0.0,0.0,59.0,31.458333333333332
2024-11-22 11:00:00+00:00,17.0,46.083333333333336,17.0,45.708333333333336,17.0,46.083333333333336,0.0,0.0,0.0,0.0,0.0,31.458333333333332
2024-11-22 12:00:00+00:00,0.0,46.083333333333336,0.0,45.708333333333336,0.0,46.083333333333336,0.0,0.0,0.0,0.0,0.0,31.458333333333332
2024-11-22 13:00:00+00:00,0.0,46.083333333333336,0.0,45.708333333333336,0.0,46.083333333333336,0.0,0.0,0.0,0.0,0.0,31.458333333333332
2024-11-22 14:00:00+00:00,57.0,47.541666666666664,57.0,47.166666666666664,57.0,47.541666666666664,0.0,0.0,0.0,0.0,42.0,32.916666666666664
2024-11-22 15:00:00+00:00,0.0,40.083333333333336,0.0,39.708333333333336,0.0,40.083333333333336,0.0,0.0,0.0,0.0,0.0,28.0
2024-11-22 16:00:00+00:00,0.0,38.25,0.0,37.875,0.0,38.25,0.0,0.0,0.0,0.0,0.0,27.416666666666668
2024-11-22 17:00:00+00:00,0.0,35.458333333333336,0.0,35.083333333333336,0.0,35.458333333333336,0.0,0.0,0.0,0.0,0.0,24.708333333333332
2024-11-22 18:00:00+00:00,2.0,35.0,0.0,34.541666666666664,2.0,35.0,0.0,0.0,0.0,0.0,0.0,24.208333333333332
2024-11-22 19:00:00+00:00,0.0,33.666666666666664,0.0,33.208333333333336,0.0,33.666666666666664,0.0,0.0,0.0,0.0,0.0,23.333333333333332
2024-11-22 20:00:00+00:00,0.0,31.583333333333332,0.0,31.125,0.0,31.583333333333332,0.0,0.0,0.0,0.0,0.0,21.25
2024-11-22 21:00:00+00:00,0.0,30.0,0.0,29.541666666666668,0.0,30.0,0.0,0.0,0.0,0.0,0.0,19.833333333333332
2024-11-22 22:00:00+00:00,0.0,23.333333333333332,0.0,22.875,0.0,23.333333333333332,0.0,0.0,0.0,0.0,0.0,16.333333333333332
2024-11-22 23:00:00+00:00,1.0,16.541666666666668,0.0,16.041666666666668,1.0,16.541666666666668,0.0,0.0,0.0,0.0,0.0,10.791666666666666
2024-11-23 00:00:00+00:00,0.0,16.0,0.0,15.5,0.0,16.0,0.0,0.0,0.0,0.0,0.0,10.25
2024-11-23 01:00:00+00:00,0.0,12.583333333333334,0.0,12.083333333333334,0.0,12.583333333333334,0.0,0.0,0.0,0.0,0.0,8.416666666666666
2024-11-23 02:00:00+00:00,0.0,9.458333333333334,0.0,8.958333333333334,0.0,9.458333333333334,0.0,0.0,0.0,0.0,0.0,6.333333333333333
2024-11-23 03:00:00+00:00,0.0,6.5,0.0,6.0,0.0,6.5,0.0,0.0,0.0,0.0,0.0,4.208333333333333
2024-11-23 04:00:00+00:00,73.0,9.541666666666666,73.0,9.041666666666666,0.0,6.5,0.0,0.0,0.0,0.0,70.0,7.125
2024-11-23 05:00:00+00:00,0.0,9.541666666666666,0.0,9.041666666666666,0.0,6.5,0.0,0.0,0.0,0.0,0.0,7.125
2024-11-23 06:00:00+00:00,0.0,9.541666666666666,0.0,9.041666666666666,0.0,6.5,0.0,0.0,0.0,0.0,0.0,7.125
2024-11-23 07:00:00+00:00,0.0,9.333333333333334,0.0,9.041666666666666,0.0,6.291666666666667,0.0,0.0,0.0,0.0,0.0,7.125
2024-11-23 08:00:00+00:00,0.0,9.166666666666666,0.0,9.041666666666666,0.0,6.125,0.0,0.0,0.0,0.0,0.0,7.125
2024-11-23 09:00:00+00:00,0.0,9.166666666666666,0.0,9.041666666666666,0.0,6.125,0.0,0.0,0.0,0.0,0.0,7.125
2024-11-23 10:00:00+00:00,0.0,6.25,0.0,6.125,0.0,3.2083333333333335,0.0,0.0,0.0,0.0,0.0,4.666666666666667
2024-11-23 11:00:00+00:00,0.0,5.541666666666667,0.0,5.416666666666667,0.0,2.5,0.0,0.0,0.0,0.0,0.0,4.666666666666667
2024-11-23 12:00:00+00:00,21.0,6.416666666666667,0.0,5.416666666666667,0.0,2.5,0.0,0.0,0.0,0.0,0.0,4.666666666666667
2024-11-23 13:00:00+00:00,0.0,6.416666666666667,0.0,5.416666666666667,0.0,2.5,0.0,0.0,0.0,0.0,0.0,4.666666666666667
2024-11-23 14:00:00+00:00,0.0,4.041666666666667,0.0,3.0416666666666665,0.0,0.125,0.0,0.0,0.0,0.0,0.0,2.9166666666666665
2024-11-23 15:00:00+00:00,0.0,4.041666666666667,0.0,3.0416666666666665,0.0,0.125,0.0,0.0,0.0,0.0,0.0,2.9166666666666665
2024-11-23 16:00:00+00:00,0.0,4.041666666666667,0.0,3.0416666666666665,0.0,0.125,0.0,0.0,0.0,0.0,0.0,2.9166666666666665
2024-11-23 17:00:00+00:00,0.0,4.041666666666667,0.0,3.0416666666666665,0.0,0.125,0.0,0.0,0.0,0.0,0.0,2.9166666666666665
2024-11-23 18:00:00+00:00,0.0,3.9583333333333335,0.0,3.0416666666666665,0.0,0.041666666666666664,0.0,0.0,0.0,0.0,0.0,2.9166666666666665
2024-11-23 19:00:00+00:00,0.0,3.9583333333333335,0.0,3.0416666666666665,0.0,0.041666666666666664,0.0,0.0,0.0,0.0,0.0,2.9166666666666665
2024-11-23 20:00:00+00:00,0.0,3.9583333333333335,0.0,3.0416666666666665,0.0,0.041666666666666664,0.0,0.0,0.0,0.0,0.0,2.9166666666666665
2024-11-23 21:00:00+00:00,0.0,3.9583333333333335,0.0,3.0416666666666665,0.0,0.041666666666666664,0.0,0.0,0.0,0.0,0.0,2.9166666666666665
2024-11-23 22:00:00+00:00,13.0,4.5,0.0,3.0416666666666665,0.0,0.041666666666666664,0.0,0.0,0.0,0.0,13.0,3.4583333333333335
2024-11-23 23:00:00+00:00,0.0,4.458333333333333,0.0,3.0416666666666665,0.0,0.0,0.0,0.0,0.0,0.0,0.0,3.4583333333333335
2024-11-24 00:00:00+00:00,0.0,4.458333333333333,0.0,3.0416666666666665,0.0,0.0,0.0,0.0,0.0,0.0,0.0,3.4583333333333335
2024-11-24 01:00:00+00:00,0.0,4.458333333333333,0.0,3.0416666666666665,0.0,0.0,0.0,0.0,0.0,0.0,0.0,3.4583333333333335
2024-11-24 02:00:00+00:00,0.0,4.458333333333333,0.0,3.0416666666666665,0.0,0.0,0.0,0.0,0.0,0.0,0.0,3.4583333333333335
2024-11-24 03:00:00+00:00,0.0,4.458333333333333,0.0,3.0416666666666665,0.0,0.0,0.0,0.0,0.0,0.0,0.0,3.4583333333333335
2024-11-24 04:00:00+00:00,0.0,1.4166666666666667,0.0,0.0,0.0,0.0,0.0,0.0,0.0,0.0,0.0,0.5416666666666666
2024-11-24 05:00:00+00:00,0.0,1.4166666666666667,0.0,0.0,0.0,0.0,0.0,0.0,0.0,0.0,0.0,0.5416666666666666
2024-11-24 06:00:00+00:00,63.0,4.041666666666667,63.0,2.625,0.0,0.0,0.0,0.0,0.0,0.0,58.0,2.9583333333333335
2024-11-24 07:00:00+00:00,2.0,4.125,2.0,2.7083333333333335,0.0,0.0,0.0,0.0,0.0,0.0,0.0,2.9583333333333335
2024-11-24 08:00:00+00:00,0.0,4.125,0.0,2.7083333333333335,0.0,0.0,0.0,0.0,0.0,0.0,0.0,2.9583333333333335
2024-11-24 09:00:00+00:00,0.0,4.125,0.0,2.7083333333333335,0.0,0.0,0.0,0.0,0.0,0.0,0.0,2.9583333333333335
2024-11-24 10:00:00+00:00,0.0,4.125,0.0,2.7083333333333335,0.0,0.0,0.0,0.0,0.0,0.0,0.0,2.9583333333333335
2024-11-24 11:00:00+00:00,0.0,4.125,0.0,2.7083333333333335,0.0,0.0,0.0,0.0,0.0,0.0,0.0,2.9583333333333335
2024-11-24 12:00:00+00:00,0.0,3.25,0.0,2.7083333333333335,0.0,0.0,0.0,0.0,0.0,0.0,0.0,2.9583333333333335
2024-11-24 13:00:00+00:00,0.0,3.25,0.0,2.7083333333333335,0.0,0.0,0.0,0.0,0.0,0.0,0.0,2.9583333333333335
2024-11-24 14:00:00+00:00,0.0,3.25,0.0,2.7083333333333335,0.0,0.0,0.0,0.0,0.0,0.0,0.0,2.9583333333333335
2024-11-24 15:00:00+00:00,0.0,3.25,0.0,2.7083333333333335,0.0,0.0,0.0,0.0,0.0,0.0,0.0,2.9583333333333335
2024-11-24 16:00:00+00:00,0.0,3.25,0.0,2.7083333333333335,0.0,0.0,0.0,0.0,0.0,0.0,0.0,2.9583333333333335
2024-11-24 17:00:00+00:00,0.0,3.25,0.0,2.7083333333333335,0.0,0.0,0.0,0.0,0.0,0.0,0.0,2.9583333333333335
2024-11-24 18:00:00+00:00,0.0,3.25,0.0,2.7083333333333335,0.0,0.0,0.0,0.0,0.0,0.0,0.0,2.9583333333333335
2024-11-24 19:00:00+00:00,0.0,3.25,0.0,2.7083333333333335,0.0,0.0,0.0,0.0,0.0,0.0,0.0,2.9583333333333335
2024-11-24 20:00:00+00:00,0.0,3.25,0.0,2.7083333333333335,0.0,0.0,0.0,0.0,0.0,0.0,0.0,2.9583333333333335
2024-11-24 21:00:00+00:00,36.0,4.75,36.0,4.208333333333333,0.0,0.0,0.0,0.0,0.0,0.0,22.0,3.875
2024-11-24 22:00:00+00:00,0.0,4.208333333333333,0.0,4.208333333333333,0.0,0.0,0.0,0.0,0.0,0.0,0.0,3.3333333333333335
2024-11-24 23:00:00+00:00,0.0,4.208333333333333,0.0,4.208333333333333,0.0,0.0,0.0,0.0,0.0,0.0,0.0,3.3333333333333335
2024-11-25 00:00:00+00:00,0.0,4.208333333333333,0.0,4.208333333333333,0.0,0.0,0.0,0.0,0.0,0.0,0.0,3.3333333333333335
2024-11-25 01:00:00+00:00,1.0,4.25,0.0,4.208333333333333,0.0,0.0,0.0,0.0,0.0,0.0,0.0,3.3333333333333335
2024-11-25 02:00:00+00:00,6.0,4.5,0.0,4.208333333333333,0.0,0.0,0.0,0.0,0.0,0.0,0.0,3.3333333333333335
2024-11-25 03:00:00+00:00,0.0,4.5,0.0,4.208333333333333,0.0,0.0,0.0,0.0,0.0,0.0,0.0,3.3333333333333335
2024-11-25 04:00:00+00:00,0.0,4.5,0.0,4.208333333333333,0.0,0.0,0.0,0.0,0.0,0.0,0.0,3.3333333333333335
2024-11-25 05:00:00+00:00,1.0,4.541666666666667,0.0,4.208333333333333,0.0,0.0,0.0,0.0,0.0,0.0,0.0,3.3333333333333335
2024-11-25 06:00:00+00:00,0.0,1.9166666666666667,0.0,1.5833333333333333,0.0,0.0,0.0,0.0,0.0,0.0,0.0,0.9166666666666666
2024-11-25 07:00:00+00:00,71.0,4.791666666666667,71.0,4.458333333333333,0.0,0.0,0.0,0.0,0.0,0.0,40.0,2.5833333333333335
2024-11-25 08:00:00+00:00,0.0,4.791666666666667,0.0,4.458333333333333,0.0,0.0,0.0,0.0,0.0,0.0,0.0,2.5833333333333335
2024-11-25 09:00:00+00:00,0.0,4.791666666666667,0.0,4.458333333333333,0.0,0.0,0.0,0.0,0.0,0.0,0.0,2.5833333333333335
2024-11-25 10:00:00+00:00,0.0,4.791666666666667,0.0,4.458333333333333,0.0,0.0,0.0,0.0,0.0,0.0,0.0,2.5833333333333335
2024-11-25 11:00:00+00:00,0.0,4.791666666666667,0.0,4.458333333333333,0.0,0.0,0.0,0.0,0.0,0.0,0.0,2.5833333333333335
2024-11-25 12:00:00+00:00,0.0,4.791666666666667,0.0,4.458333333333333,0.0,0.0,0.0,0.0,0.0,0.0,0.0,2.5833333333333335
2024-11-25 13:00:00+00:00,0.0,4.791666666666667,0.0,4.458333333333333,0.0,0.0,0.0,0.0,0.0,0.0,0.0,2.5833333333333335
2024-11-25 14:00:00+00:00,0.0,4.791666666666667,0.0,4.458333333333333,0.0,0.0,0.0,0.0,0.0,0.0,0.0,2.5833333333333335
2024-11-25 15:00:00+00:00,0.0,4.791666666666667,0.0,4.458333333333333,0.0,0.0,0.0,0.0,0.0,0.0,0.0,2.5833333333333335
2024-11-25 16:00:00+00:00,20.0,5.625,0.0,4.458333333333333,0.0,0.0,0.0,0.0,0.0,0.0,12.0,3.0833333333333335
2024-11-25 17:00:00+00:00,9.0,6.0,9.0,4.833333333333333,0.0,0.0,0.0,0.0,0.0,0.0,8.0,3.4166666666666665
2024-11-25 18:00:00+00:00,31.0,7.291666666666667,31.0,6.125,0.0,0.0,0.0,0.0,0.0,0.0,15.0,4.041666666666667
2024-11-25 19:00:00+00:00,78.0,10.541666666666666,78.0,9.375,0.0,0.0,0.0,0.0,0.0,0.0,50.0,6.125
2024-11-25 20:00:00+00:00,5.0,10.75,5.0,9.583333333333334,0.0,0.0,0.0,0.0,0.0,0.0,0.0,6.125
2024-11-25 21:00:00+00:00,0.0,9.25,0.0,8.083333333333334,0.0,0.0,0.0,0.0,0.0,0.0,0.0,5.208333333333333
2024-11-25 22:00:00+00:00,0.0,9.25,0.0,8.083333333333334,0.0,0.0,0.0,0.0,0.0,0.0,0.0,5.208333333333333
2024-11-25 23:00:00+00:00,0.0,9.25,0.0,8.083333333333334,0.0,0.0,0.0,0.0,0.0,0.0,0.0,5.208333333333333
2024-11-26 00:00:00+00:00,0.0,9.25,0.0,8.083333333333334,0.0,0.0,0.0,0.0,0.0,0.0,0.0,5.208333333333333
2024-11-26 01:00:00+00:00,16.0,9.875,0.0,8.083333333333334,0.0,0.0,0.0,0.0,0.0,0.0,10.0,5.625
2024-11-26 02:00:00+00:00,9.0,10.0,2.0,8.166666666666666,0.0,0.0,0.0,0.0,0.0,0.0,7.0,5.916666666666667
2024-11-26 03:00:00+00:00,100.0,14.166666666666666,100.0,12.333333333333334,0.0,0.0,0.0,0.0,0.0,0.0,70.0,8.833333333333334
2024-11-26 04:00:00+00:00,33.0,15.541666666666666,33.0,13.708333333333334,0.0,0.0,0.0,0.0,0.0,0.0,18.0,9.583333333333334
2024-11-26 05:00:00+00:00,2.0,15.583333333333334,0.0,13.708333333333334,0.0,0.0,0.0,0.0,0.0,0.0,0.0,9.583333333333334
2024-11-26 06:00:00+00:00,0.0,15.583333333333334,0.0,13.708333333333334,0.0,0.0,0.0,0.0,0.0,0.0,0.0,9.583333333333334
2024-11-26 07:00:00+00:00,0.0,12.625,0.0,10.75,0.0,0.0,0.0,0.0,0.0,0.0,0.0,7.916666666666667
2024-11-26 08:00:00+00:00,0.0,12.625,0.0,10.75,0.0,0.0,0.0,0.0,0.0,0.0,0.0,7.916666666666667
2024-11-26 09:00:00+00:00,0.0,12.625,0.0,10.75,0.0,0.0,0.0,0.0,0.0,0.0,0.0,7.916666666666667
2024-11-26 10:00:00+00:00,0.0,12.625,0.0,10.75,0.0,0.0,0.0,0.0,0.0,0.0,0.0,7.916666666666667
2024-11-26 11:00:00+00:00,0.0,12.625,0.0,10.75,0.0,0.0,0.0,0.0,0.0,0.0,0.0,7.916666666666667
2024-11-26 12:00:00+00:00,0.0,12.625,0.0,10.75,0.0,0.0,0.0,0.0,0.0,0.0,0.0,7.916666666666667
2024-11-26 13:00:00+00:00,0.0,12.625,0.0,10.75,0.0,0.0,0.0,0.0,0.0,0.0,0.0,7.916666666666667
2024-11-26 14:00:00+00:00,92.0,16.458333333333332,92.0,14.583333333333334,0.0,0.0,0.0,0.0,0.0,0.0,53.0,10.125
2024-11-26 15:00:00+00:00,0.0,16.458333333333332,0.0,14.583333333333334,0.0,0.0,0.0,0.0,0.0,0.0,0.0,10.125
2024-11-26 16:00:00+00:00,0.0,15.625,0.0,14.583333333333334,0.0,0.0,0.0,0.0,0.0,0.0,0.0,9.625
2024-11-26 17:00:00+00:00,20.0,16.083333333333332,0.0,14.208333333333334,0.0,0.0,0.0,0.0,0.0,0.0,20.0,10.125
2024-11-26 18:00:00+00:00,0.0,14.791666666666666,0.0,12.916666666666666,0.0,0.0,0.0,0.0,0.0,0.0,0.0,9.5
2024-11-26 19:00:00+00:00,201.0,19.916666666666668,201.0,18.041666666666668,0.0,0.0,0.0,0.0,0.0,0.0,151.0,13.708333333333334
2024-11-26 20:00:00+00:00,123.0,24.833333333333332,123.0,22.958333333333332,0.0,0.0,0.0,0.0,0.0,0.0,77.0,16.916666666666668
2024-11-26 21:00:00+00:00,131.0,30.291666666666668,131.0,28.416666666666668,0.0,0.0,0.0,0.0,0.0,0.0,88.0,20.583333333333332
2024-11-26 22:00:00+00:00,0.0,30.291666666666668,0.0,28.416666666666668,0.0,0.0,0.0,0.0,0.0,0.0,0.0,20.583333333333332
2024-11-26 23:00:00+00:00,0.0,30.291666666666668,0.0,28.416666666666668,0.0,0.0,0.0,0.0,0.0,0.0,0.0,20.583333333333332
2024-11-27 00:00:00+00:00,160.0,36.958333333333336,160.0,35.083333333333336,0.0,0.0,0.0,0.0,0.0,0.0,113.0,25.291666666666668
2024-11-27 01:00:00+00:00,41.0,38.0,41.0,36.791666666666664,0.0,0.0,0.0,0.0,0.0,0.0,18.0,25.625
2024-11-27 02:00:00+00:00,0.0,37.625,0.0,36.708333333333336,0.0,0.0,0.0,0.0,0.0,0.0,0.0,25.333333333333332
2024-11-27 03:00:00+00:00,0.0,33.458333333333336,0.0,32.541666666666664,0.0,0.0,0.0,0.0,0.0,0.0,0.0,22.416666666666668
2024-11-27 04:00:00+00:00,0.0,32.083333333333336,0.0,31.166666666666668,0.0,0.0,0.0,0.0,0.0,0.0,0.0,21.666666666666668
2024-11-27 05:00:00+00:00,0.0,32.0,0.0,31.166666666666668,0.0,0.0,0.0,0.0,0.0,0.0,0.0,21.666666666666668
2024-11-27 06:00:00+00:00,327.0,45.625,327.0,44.791666666666664,0.0,0.0,0.0,0.0,0.0,0.0,218.0,30.75
2024-11-27 07:00:00+00:00,0.0,45.625,0.0,44.791666666666664,0.0,0.0,0.0,0.0,0.0,0.0,0.0,30.75
2024-11-27 08:00:00+00:00,0.0,45.625,0.0,44.791666666666664,0.0,0.0,0.0,0.0,0.0,0.0,0.0,30.75
2024-11-27 09:00:00+00:00,0.0,45.625,0.0,44.791666666666664,0.0,0.0,0.0,0.0,0.0,0.0,0.0,30.75
2024-11-27 10:00:00+00:00,0.0,45.625,0.0,44.791666666666664,0.0,0.0,0.0,0.0,0.0,0.0,0.0,30.75
2024-11-27 11:00:00+00:00,0.0,45.625,0.0,44.791666666666664,0.0,0.0,0.0,0.0,0.0,0.0,0.0,30.75
2024-11-27 12:00:00+00:00,0.0,45.625,0.0,44.791666666666664,0.0,0.0,0.0,0.0,0.0,0.0,0.0,30.75
2024-11-27 13:00:00+00:00,2.0,45.708333333333336,0.0,44.791666666666664,0.0,0.0,0.0,0.0,0.0,0.0,0.0,30.75
2024-11-27 14:00:00+00:00,55.0,44.166666666666664,55.0,43.25,0.0,0.0,0.0,0.0,0.0,0.0,31.0,29.833333333333332
2024-11-27 15:00:00+00:00,64.0,46.833333333333336,64.0,45.916666666666664,0.0,0.0,0.0,0.0,0.0,0.0,42.0,31.583333333333332
2024-11-27 16:00:00+00:00,143.0,52.791666666666664,143.0,51.875,0.0,0.0,0.0,0.0,0.0,0.0,101.0,35.791666666666664
2024-11-27 17:00:00+00:00,0.0,51.958333333333336,0.0,51.875,0.0,0.0,0.0,0.0,0.0,0.0,0.0,34.958333333333336
2024-11-27 18:00:00+00:00,0.0,51.958333333333336,0.0,51.875,0.0,0.0,0.0,0.0,0.0,0.0,0.0,34.958333333333336
2024-11-27 19:00:00+00:00,0.0,43.583333333333336,0.0,43.5,0.0,0.0,0.0,0.0,0.0,0.0,0.0,28.666666666666668
2024-11-27 20:00:00+00:00,0.0,38.458333333333336,0.0,38.375,0.0,0.0,0.0,0.0,0.0,0.0,0.0,25.458333333333332
2024-11-27 21:00:00+00:00,0.0,33.0,0.0,32.916666666666664,0.0,0.0,0.0,0.0,0.0,0.0,0.0,21.791666666666668
2024-11-27 22:00:00+00:00,2.0,33.083333333333336,0.0,32.916666666666664,0.0,0.0,0.0,0.0,0.0,0.0,0.0,21.791666666666668
2024-11-27 23:00:00+00:00,54.0,35.333333333333336,54.0,35.166666666666664,0.0,0.0,0.0,0.0,0.0,0.0,39.0,23.416666666666668
2024-11-28 00:00:00+00:00,0.0,28.666666666666668,0.0,28.5,0.0,0.0,0.0,0.0,0.0,0.0,0.0,18.708333333333332
2024-11-28 01:00:00+00:00,34.0,28.375,34.0,28.208333333333332,0.0,0.0,0.0,0.0,0.0,0.0,34.0,19.375
2024-11-28 02:00:00+00:00,0.0,28.375,0.0,28.208333333333332,0.0,0.0,0.0,0.0,0.0,0.0,0.0,19.375
2024-11-28 03:00:00+00:00,0.0,28.375,0.0,28.208333333333332,0.0,0.0,0.0,0.0,0.0,0.0,0.0,19.375
2024-11-28 04:00:00+00:00,0.0,28.375,0.0,28.208333333333332,0.0,0.0,0.0,0.0,0.0,0.0,0.0,19.375
2024-11-28 05:00:00+00:00,5.0,28.583333333333332,0.0,28.208333333333332,0.0,0.0,0.0,0.0,0.0,0.0,0.0,19.375
2024-11-28 06:00:00+00:00,0.0,14.958333333333334,0.0,14.583333333333334,0.0,0.0,0.0,0.0,0.0,0.0,0.0,10.291666666666666
2024-11-28 07:00:00+00:00,0.0,14.958333333333334,0.0,14.583333333333334,0.0,0.0,0.0,0.0,0.0,0.0,0.0,10.291666666666666
2024-11-28 08:00:00+00:00,63.0,17.583333333333332,63.0,17.208333333333332,0.0,0.0,0.0,0.0,0.0,0.0,50.0,12.375
2024-11-28 09:00:00+00:00,15.0,18.208333333333332,15.0,17.833333333333332,0.0,0.0,0.0,0.0,0.0,0.0,0.0,12.375
2024-11-28 10:00:00+00:00,0.0,18.208333333333332,0.0,17.833333333333332,0.0,0.0,0.0,0.0,0.0,0.0,0.0,12.375
2024-11-28 11:00:00+00:00,0.0,18.208333333333332,0.0,17.833333333333332,0.0,0.0,0.0,0.0,0.0,0.0,0.0,12.375
2024-11-28 12:00:00+00:00,0.0,18.208333333333332,0.0,17.833333333333332,0.0,0.0,0.0,0.0,0.0,0.0,0.0,12.375
2024-11-28 13:00:00+00:00,0.0,18.125,0.0,17.833333333333332,0.0,0.0,0.0,0.0,0.0,0.0,0.0,12.375
2024-11-28 14:00:00+00:00,0.0,15.833333333333334,0.0,15.541666666666666,0.0,0.0,0.0,0.0,0.0,0.0,0.0,11.083333333333334
2024-11-28 15:00:00+00:00,68.0,16.0,68.0,15.708333333333334,0.0,0.0,0.0,0.0,0.0,0.0,46.0,11.25
2024-11-28 16:00:00+00:00,8.0,10.375,8.0,10.083333333333334,0.0,0.0,0.0,0.0,0.0,0.0,8.0,7.375
2024-11-28 17:00:00+00:00,0.0,10.375,0.0,10.083333333333334,0.0,0.0,0.0,0.0,0.0,0.0,0.0,7.375
2024-11-28 18:00:00+00:00,0.0,10.375,0.0,10.083333333333334,0.0,0.0,0.0,0.0,0.0,0.0,0.0,7.375
2024-11-28 19:00:00+00:00,56.0,12.708333333333334,56.0,12.416666666666666,0.0,0.0,0.0,0.0,0.0,0.0,56.0,9.708333333333334
2024-11-28 20:00:00+00:00,0.0,12.708333333333334,0.0,12.416666666666666,0.0,0.0,0.0,0.0,0.0,0.0,0.0,9.708333333333334
2024-11-28 21:00:00+00:00,0.0,12.708333333333334,0.0,12.416666666666666,0.0,0.0,0.0,0.0,0.0,0.0,0.0,9.708333333333334
2024-11-28 22:00:00+00:00,0.0,12.625,0.0,12.416666666666666,0.0,0.0,0.0,0.0,0.0,0.0,0.0,9.708333333333334
2024-11-28 23:00:00+00:00,0.0,10.375,0.0,10.166666666666666,0.0,0.0,0.0,0.0,0.0,0.0,0.0,8.083333333333334
2024-11-29 00:00:00+00:00,0.0,10.375,0.0,10.166666666666666,0.0,0.0,0.0,0.0,0.0,0.0,0.0,8.083333333333334
2024-11-29 01:00:00+00:00,2.0,9.041666666666666,0.0,8.75,0.0,0.0,0.0,0.0,0.0,0.0,0.0,6.666666666666667
2024-11-29 02:00:00+00:00,0.0,9.041666666666666,0.0,8.75,0.0,0.0,0.0,0.0,0.0,0.0,0.0,6.666666666666667
2024-11-29 03:00:00+00:00,7.0,9.333333333333334,0.0,8.75,0.0,0.0,0.0,0.0,0.0,0.0,7.0,6.958333333333333
2024-11-29 04:00:00+00:00,0.0,9.333333333333334,0.0,8.75,0.0,0.0,0.0,0.0,0.0,0.0,0.0,6.958333333333333
2024-11-29 05:00:00+00:00,0.0,9.125,0.0,8.75,0.0,0.0,0.0,0.0,0.0,0.0,0.0,6.958333333333333
2024-11-29 06:00:00+00:00,53.0,11.333333333333334,53.0,10.958333333333334,0.0,0.0,0.0,0.0,0.0,0.0,35.0,8.416666666666666
2024-11-29 07:00:00+00:00,13.0,11.875,13.0,11.5,0.0,0.0,0.0,0.0,0.0,0.0,13.0,8.958333333333334
2024-11-29 08:00:00+00:00,38.0,10.833333333333334,38.0,10.458333333333334,0.0,0.0,0.0,0.0,0.0,0.0,23.0,7.833333333333333
2024-11-29 09:00:00+00:00,0.0,10.208333333333334,0.0,9.833333333333334,0.0,0.0,0.0,0.0,0.0,0.0,0.0,7.833333333333333
2024-11-29 10:00:00+00:00,0.0,10.208333333333334,0.0,9.833333333333334,0.0,0.0,0.0,0.0,0.0,0.0,0.0,7.833333333333333
2024-11-29 11:00:00+00:00,0.0,10.208333333333334,0.0,9.833333333333334,0.0,0.0,0.0,0.0,0.0,0.0,0.0,7.833333333333333
2024-11-29 12:00:00+00:00,0.0,10.208333333333334,0.0,9.833333333333334,0.0,0.0,0.0,0.0,0.0,0.0,0.0,7.833333333333333
2024-11-29 13:00:00+00:00,0.0,10.208333333333334,0.0,9.833333333333334,0.0,0.0,0.0,0.0,0.0,0.0,0.0,7.833333333333333
2024-11-29 14:00:00+00:00,26.0,11.291666666666666,26.0,10.916666666666666,0.0,0.0,0.0,0.0,0.0,0.0,11.0,8.291666666666666
2024-11-29 15:00:00+00:00,39.0,10.083333333333334,39.0,9.708333333333334,0.0,0.0,0.0,0.0,0.0,0.0,39.0,8.0
2024-11-29 16:00:00+00:00,0.0,9.75,0.0,9.375,0.0,0.0,0.0,0.0,0.0,0.0,0.0,7.666666666666667
2024-11-29 17:00:00+00:00,0.0,9.75,0.0,9.375,0.0,0.0,0.0,0.0,0.0,0.0,0.0,7.666666666666667
2024-11-29 18:00:00+00:00,0.0,9.75,0.0,9.375,0.0,0.0,0.0,0.0,0.0,0.0,0.0,7.666666666666667
2024-11-29 19:00:00+00:00,59.0,9.875,59.0,9.5,0.0,0.0,0.0,0.0,0.0,0.0,50.0,7.416666666666667
2024-11-29 20:00:00+00:00,68.0,12.708333333333334,68.0,12.333333333333334,0.0,0.0,0.0,0.0,0.0,0.0,56.0,9.75
2024-11-29 21:00:00+00:00,0.0,12.708333333333334,0.0,12.333333333333334,0.0,0.0,0.0,0.0,0.0,0.0,0.0,9.75
2024-11-29 22:00:00+00:00,0.0,12.708333333333334,0.0,12.333333333333334,0.0,0.0,0.0,0.0,0.0,0.0,0.0,9.75
2024-11-29 23:00:00+00:00,0.0,12.708333333333334,0.0,12.333333333333334,0.0,0.0,0.0,0.0,0.0,0.0,0.0,9.75
2024-11-30 00:00:00+00:00,0.0,12.708333333333334,0.0,12.333333333333334,0.0,0.0,0.0,0.0,0.0,0.0,0.0,9.75
2024-11-30 01:00:00+00:00,0.0,12.625,0.0,12.333333333333334,0.0,0.0,0.0,0.0,0.0,0.0,0.0,9.75
2024-11-30 02:00:00+00:00,0.0,12.625,0.0,12.333333333333334,0.0,0.0,0.0,0.0,0.0,0.0,0.0,9.75
2024-11-30 03:00:00+00:00,0.0,12.333333333333334,0.0,12.333333333333334,0.0,0.0,0.0,0.0,0.0,0.0,0.0,9.458333333333334
2024-11-30 04:00:00+00:00,0.0,12.333333333333334,0.0,12.333333333333334,0.0,0.0,0.0,0.0,0.0,0.0,0.0,9.458333333333334
2024-11-30 05:00:00+00:00,0.0,12.333333333333334,0.0,12.333333333333334,0.0,0.0,0.0,0.0,0.0,0.0,0.0,9.458333333333334
2024-11-30 06:00:00+00:00,0.0,10.125,0.0,10.125,0.0,0.0,0.0,0.0,0.0,0.0,0.0,8.0
2024-11-30 07:00:00+00:00,0.0,9.583333333333334,0.0,9.583333333333334,0.0,0.0,0.0,0.0,0.0,0.0,0.0,7.458333333333333
2024-11-30 08:00:00+00:00,0.0,8.0,0.0,8.0,0.0,0.0,0.0,0.0,0.0,0.0,0.0,6.5
2024-11-30 09:00:00+00:00,0.0,8.0,0.0,8.0,0.0,0.0,0.0,0.0,0.0,0.0,0.0,6.5
2024-11-30 10:00:00+00:00,0.0,8.0,0.0,8.0,0.0,0.0,0.0,0.0,0.0,0.0,0.0,6.5
2024-11-30 11:00:00+00:00,0.0,8.0,0.0,8.0,0.0,0.0,0.0,0.0,0.0,0.0,0.0,6.5
2024-11-30 12:00:00+00:00,0.0,8.0,0.0,8.0,0.0,0.0,0.0,0.0,0.0,0.0,0.0,6.5
2024-11-30 13:00:00+00:00,0.0,8.0,0.0,8.0,0.0,0.0,0.0,0.0,0.0,0.0,0.0,6.5
2024-11-30 14:00:00+00:00,0.0,6.916666666666667,0.0,6.916666666666667,0.0,0.0,0.0,0.0,0.0,0.0,0.0,6.041666666666667
2024-11-30 15:00:00+00:00,0.0,5.291666666666667,0.0,5.291666666666667,0.0,0.0,0.0,0.0,0.0,0.0,0.0,4.416666666666667
2024-11-30 16:00:00+00:00,0.0,5.291666666666667,0.0,5.291666666666667,0.0,0.0,0.0,0.0,0.0,0.0,0.0,4.416666666666667
2024-11-30 17:00:00+00:00,0.0,5.291666666666667,0.0,5.291666666666667,0.0,0.0,0.0,0.0,0.0,0.0,0.0,4.416666666666667
2024-11-30 18:00:00+00:00,0.0,5.291666666666667,0.0,5.291666666666667,0.0,0.0,0.0,0.0,0.0,0.0,0.0,4.416666666666667
2024-11-30 19:00:00+00:00,0.0,2.8333333333333335,0.0,2.8333333333333335,0.0,0.0,0.0,0.0,0.0,0.0,0.0,2.3333333333333335
2024-11-30 20:00:00+00:00,0.0,0.0,0.0,0.0,0.0,0.0,0.0,0.0,0.0,0.0,0.0,0.0
2024-11-30 21:00:00+00:00,0.0,0.0,0.0,0.0,0.0,0.0,0.0,0.0,0.0,0.0,0.0,0.0
2024-11-30 22:00:00+00:00,129.0,5.375,129.0,5.375,0.0,0.0,0.0,0.0,0.0,0.0,64.0,2.6666666666666665
2024-11-30 23:00:00+00:00,17.0,6.083333333333333,0.0,5.375,0.0,0.0,0.0,0.0,0.0,0.0,17.0,3.375
2024-12-01 00:00:00+00:00,0.0,6.083333333333333,0.0,5.375,0.0,0.0,0.0,0.0,0.0,0.0,0.0,3.375
2024-12-01 01:00:00+00:00,0.0,6.083333333333333,0.0,5.375,0.0,0.0,0.0,0.0,0.0,0.0,0.0,3.375
2024-12-01 02:00:00+00:00,0.0,6.083333333333333,0.0,5.375,0.0,0.0,0.0,0.0,0.0,0.0,0.0,3.375
2024-12-01 03:00:00+00:00,0.0,6.083333333333333,0.0,5.375,0.0,0.0,0.0,0.0,0.0,0.0,0.0,3.375
2024-12-01 04:00:00+00:00,0.0,6.083333333333333,0.0,5.375,0.0,0.0,0.0,0.0,0.0,0.0,0.0,3.375
2024-12-01 05:00:00+00:00,0.0,6.083333333333333,0.0,5.375,0.0,0.0,0.0,0.0,0.0,0.0,0.0,3.375
2024-12-01 06:00:00+00:00,1.0,6.125,1.0,5.416666666666667,0.0,0.0,0.0,0.0,0.0,0.0,0.0,3.375
2024-12-01 07:00:00+00:00,32.0,7.458333333333333,32.0,6.75,0.0,0.0,0.0,0.0,0.0,0.0,12.0,3.875
2024-12-01 08:00:00+00:00,87.0,11.083333333333334,87.0,10.375,0.0,0.0,0.0,0.0,0.0,0.0,57.0,6.25
2024-12-01 09:00:00+00:00,0.0,11.083333333333334,0.0,10.375,0.0,0.0,0.0,0.0,0.0,0.0,0.0,6.25
2024-12-01 10:00:00+00:00,0.0,11.083333333333334,0.0,10.375,0.0,0.0,0.0,0.0,0.0,0.0,0.0,6.25
2024-12-01 11:00:00+00:00,0.0,11.083333333333334,0.0,10.375,0.0,0.0,0.0,0.0,0.0,0.0,0.0,6.25
2024-12-01 12:00:00+00:00,0.0,11.083333333333334,0.0,10.375,0.0,0.0,0.0,0.0,0.0,0.0,0.0,6.25
2024-12-01 13:00:00+00:00,0.0,11.083333333333334,0.0,10.375,0.0,0.0,0.0,0.0,0.0,0.0,0.0,6.25
2024-12-01 14:00:00+00:00,0.0,11.083333333333334,0.0,10.375,0.0,0.0,0.0,0.0,0.0,0.0,0.0,6.25
2024-12-01 15:00:00+00:00,0.0,11.083333333333334,0.0,10.375,0.0,0.0,0.0,0.0,0.0,0.0,0.0,6.25
2024-12-01 16:00:00+00:00,0.0,11.083333333333334,0.0,10.375,0.0,0.0,0.0,0.0,0.0,0.0,0.0,6.25
2024-12-01 17:00:00+00:00,0.0,11.083333333333334,0.0,10.375,0.0,0.0,0.0,0.0,0.0,0.0,0.0,6.25
2024-12-01 18:00:00+00:00,0.0,11.083333333333334,0.0,10.375,0.0,0.0,0.0,0.0,0.0,0.0,0.0,6.25
2024-12-01 19:00:00+00:00,0.0,11.083333333333334,0.0,10.375,0.0,0.0,0.0,0.0,0.0,0.0,0.0,6.25
2024-12-01 20:00:00+00:00,0.0,11.083333333333334,0.0,10.375,0.0,0.0,0.0,0.0,0.0,0.0,0.0,6.25
2024-12-01 21:00:00+00:00,0.0,11.083333333333334,0.0,10.375,0.0,0.0,0.0,0.0,0.0,0.0,0.0,6.25
2024-12-01 22:00:00+00:00,0.0,5.708333333333333,0.0,5.0,0.0,0.0,0.0,0.0,0.0,0.0,0.0,3.5833333333333335
2024-12-01 23:00:00+00:00,0.0,5.0,0.0,5.0,0.0,0.0,0.0,0.0,0.0,0.0,0.0,2.875
2024-12-02 00:00:00+00:00,0.0,5.0,0.0,5.0,0.0,0.0,0.0,0.0,0.0,0.0,0.0,2.875
2024-12-02 01:00:00+00:00,0.0,5.0,0.0,5.0,0.0,0.0,0.0,0.0,0.0,0.0,0.0,2.875
2024-12-02 02:00:00+00:00,0.0,5.0,0.0,5.0,0.0,0.0,0.0,0.0,0.0,0.0,0.0,2.875
2024-12-02 03:00:00+00:00,0.0,5.0,0.0,5.0,0.0,0.0,0.0,0.0,0.0,0.0,0.0,2.875
2024-12-02 04:00:00+00:00,0.0,5.0,0.0,5.0,0.0,0.0,0.0,0.0,0.0,0.0,0.0,2.875
2024-12-02 05:00:00+00:00,0.0,5.0,0.0,5.0,0.0,0.0,0.0,0.0,0.0,0.0,0.0,2.875
2024-12-02 06:00:00+00:00,0.0,4.958333333333333,0.0,4.958333333333333,0.0,0.0,0.0,0.0,0.0,0.0,0.0,2.875
2024-12-02 07:00:00+00:00,0.0,3.625,0.0,3.625,0.0,0.0,0.0,0.0,0.0,0.0,0.0,2.375
2024-12-02 08:00:00+00:00,2.0,0.08333333333333333,2.0,0.08333333333333333,0.0,0.0,0.0,0.0,0.0,0.0,0.0,0.0
2024-12-02 09:00:00+00:00,125.0,5.291666666666667,125.0,5.291666666666667,0.0,0.0,0.0,0.0,0.0,0.0,85.0,3.5416666666666665
2024-12-02 10:00:00+00:00,0.0,5.291666666666667,0.0,5.291666666666667,0.0,0.0,0.0,0.0,0.0,0.0,0.0,3.5416666666666665
2024-12-02 11:00:00+00:00,0.0,5.291666666666667,0.0,5.291666666666667,0.0,0.0,0.0,0.0,0.0,0.0,0.0,3.5416666666666665
2024-12-02 12:00:00+00:00,163.0,12.083333333333334,163.0,12.083333333333334,0.0,0.0,0.0,0.0,0.0,0.0,137.0,9.25
2024-12-02 13:00:00+00:00,278.0,23.666666666666668,278.0,23.666666666666668,0.0,0.0,0.0,0.0,0.0,0.0,189.0,17.125
2024-12-02 14:00:00+00:00,0.0,23.666666666666668,0.0,23.666666666666668,0.0,0.0,0.0,0.0,0.0,0.0,0.0,17.125
2024-12-02 15:00:00+00:00,2.0,23.75,2.0,23.75,0.0,0.0,0.0,0.0,0.0,0.0,0.0,17.125
2024-12-02 16:00:00+00:00,72.0,26.75,72.0,26.75,0.0,0.0,0.0,0.0,0.0,0.0,68.0,19.958333333333332
2024-12-02 17:00:00+00:00,0.0,26.75,0.0,26.75,0.0,0.0,0.0,0.0,0.0,0.0,0.0,19.958333333333332
2024-12-02 18:00:00+00:00,0.0,26.75,0.0,26.75,0.0,0.0,0.0,0.0,0.0,0.0,0.0,19.958333333333332
2024-12-02 19:00:00+00:00,0.0,26.75,0.0,26.75,0.0,0.0,0.0,0.0,0.0,0.0,0.0,19.958333333333332
2024-12-02 20:00:00+00:00,0.0,26.75,0.0,26.75,0.0,0.0,0.0,0.0,0.0,0.0,0.0,19.958333333333332
2024-12-02 21:00:00+00:00,13.0,27.291666666666668,0.0,26.75,0.0,0.0,0.0,0.0,0.0,0.0,8.0,20.291666666666668
2024-12-02 22:00:00+00:00,0.0,27.291666666666668,0.0,26.75,0.0,0.0,0.0,0.0,0.0,0.0,0.0,20.291666666666668
2024-12-02 23:00:00+00:00,0.0,27.291666666666668,0.0,26.75,0.0,0.0,0.0,0.0,0.0,0.0,0.0,20.291666666666668
2024-12-03 00:00:00+00:00,0.0,27.291666666666668,0.0,26.75,0.0,0.0,0.0,0.0,0.0,0.0,0.0,20.291666666666668
2024-12-03 01:00:00+00:00,0.0,27.291666666666668,0.0,26.75,0.0,0.0,0.0,0.0,0.0,0.0,0.0,20.291666666666668
2024-12-03 02:00:00+00:00,3.0,27.416666666666668,0.0,26.75,3.0,0.125,0.0,0.0,0.0,0.0,0.0,20.291666666666668
2024-12-03 03:00:00+00:00,0.0,27.416666666666668,0.0,26.75,0.0,0.125,0.0,0.0,0.0,0.0,0.0,20.291666666666668
2024-12-03 04:00:00+00:00,0.0,27.416666666666668,0.0,26.75,0.0,0.125,0.0,0.0,0.0,0.0,0.0,20.291666666666668
2024-12-03 05:00:00+00:00,0.0,27.416666666666668,0.0,26.75,0.0,0.125,0.0,0.0,0.0,0.0,0.0,20.291666666666668
2024-12-03 06:00:00+00:00,0.0,27.416666666666668,0.0,26.75,0.0,0.125,0.0,0.0,0.0,0.0,0.0,20.291666666666668
2024-12-03 07:00:00+00:00,0.0,27.416666666666668,0.0,26.75,0.0,0.125,0.0,0.0,0.0,0.0,0.0,20.291666666666668
2024-12-03 08:00:00+00:00,0.0,27.333333333333332,0.0,26.666666666666668,0.0,0.125,0.0,0.0,0.0,0.0,0.0,20.291666666666668
2024-12-03 09:00:00+00:00,0.0,22.125,0.0,21.458333333333332,0.0,0.125,0.0,0.0,0.0,0.0,0.0,16.75
2024-12-03 10:00:00+00:00,0.0,22.125,0.0,21.458333333333332,0.0,0.125,0.0,0.0,0.0,0.0,0.0,16.75
2024-12-03 11:00:00+00:00,0.0,22.125,0.0,21.458333333333332,0.0,0.125,0.0,0.0,0.0,0.0,0.0,16.75
2024-12-03 12:00:00+00:00,0.0,15.333333333333334,0.0,14.666666666666666,0.0,0.125,0.0,0.0,0.0,0.0,0.0,11.041666666666666
2024-12-03 13:00:00+00:00,197.0,11.958333333333334,197.0,11.291666666666666,197.0,8.333333333333334,0.0,0.0,0.0,0.0,51.0,5.291666666666667
2024-12-03 14:00:00+00:00,0.0,11.958333333333334,0.0,11.291666666666666,0.0,8.333333333333334,0.0,0.0,0.0,0.0,0.0,5.291666666666667
2024-12-03 15:00:00+00:00,0.0,11.875,0.0,11.208333333333334,0.0,8.333333333333334,0.0,0.0,0.0,0.0,0.0,5.291666666666667
2024-12-03 16:00:00+00:00,0.0,8.875,0.0,8.208333333333334,0.0,8.333333333333334,0.0,0.0,0.0,0.0,0.0,2.4583333333333335
2024-12-03 17:00:00+00:00,146.0,14.958333333333334,146.0,14.291666666666666,146.0,14.416666666666666,0.0,0.0,0.0,0.0,94.0,6.375
2024-12-03 18:00:00+00:00,47.0,16.916666666666668,47.0,16.25,47.0,16.375,0.0,0.0,0.0,0.0,32.0,7.708333333333333
2024-12-03 19:00:00+00:00,0.0,16.916666666666668,0.0,16.25,0.0,16.375,0.0,0.0,0.0,0.0,0.0,7.708333333333333
2024-12-03 20:00:00+00:00,39.0,18.541666666666668,39.0,17.875,39.0,18.0,0.0,0.0,0.0,0.0,30.0,8.958333333333334
2024-12-03 21:00:00+00:00,0.0,18.0,0.0,17.875,0.0,18.0,0.0,0.0,0.0,0.0,0.0,8.625
2024-12-03 22:00:00+00:00,0.0,18.0,0.0,17.875,0.0,18.0,0.0,0.0,0.0,0.0,0.0,8.625
2024-12-03 23:00:00+00:00,0.0,18.0,0.0,17.875,0.0,18.0,0.0,0.0,0.0,0.0,0.0,8.625
2024-12-04 00:00:00+00:00,0.0,18.0,0.0,17.875,0.0,18.0,0.0,0.0,0.0,0.0,0.0,8.625
2024-12-04 01:00:00+00:00,0.0,18.0,0.0,17.875,0.0,18.0,0.0,0.0,0.0,0.0,0.0,8.625
2024-12-04 02:00:00+00:00,0.0,17.875,0.0,17.875,0.0,17.875,0.0,0.0,0.0,0.0,0.0,8.625
2024-12-04 03:00:00+00:00,0.0,17.875,0.0,17.875,0.0,17.875,0.0,0.0,0.0,0.0,0.0,8.625
2024-12-04 04:00:00+00:00,1.0,17.916666666666668,0.0,17.875,0.0,17.875,0.0,0.0,0.0,0.0,0.0,8.625
2024-12-04 05:00:00+00:00,0.0,17.916666666666668,0.0,17.875,0.0,17.875,0.0,0.0,0.0,0.0,0.0,8.625
2024-12-04 06:00:00+00:00,0.0,17.916666666666668,0.0,17.875,0.0,17.875,0.0,0.0,0.0,0.0,0.0,8.625
2024-12-04 07:00:00+00:00,31.0,19.208333333333332,31.0,19.166666666666668,0.0,17.875,0.0,0.0,0.0,0.0,26.0,9.708333333333334
2024-12-04 08:00:00+00:00,31.0,20.5,31.0,20.458333333333332,0.0,17.875,0.0,0.0,0.0,0.0,22.0,10.625
2024-12-04 09:00:00+00:00,0.0,20.5,0.0,20.458333333333332,0.0,17.875,0.0,0.0,0.0,0.0,0.0,10.625
2024-12-04 10:00:00+00:00,0.0,20.5,0.0,20.458333333333332,0.0,17.875,0.0,0.0,0.0,0.0,0.0,10.625
2024-12-04 11:00:00+00:00,0.0,20.5,0.0,20.458333333333332,0.0,17.875,0.0,0.0,0.0,0.0,0.0,10.625
2024-12-04 12:00:00+00:00,0.0,20.5,0.0,20.458333333333332,0.0,17.875,0.0,0.0,0.0,0.0,0.0,10.625
2024-12-04 13:00:00+00:00,0.0,12.291666666666666,0.0,12.25,0.0,9.666666666666666,0.0,0.0,0.0,0.0,0.0,8.5
2024-12-04 14:00:00+00:00,0.0,12.291666666666666,0.0,12.25,0.0,9.666666666666666,0.0,0.0,0.0,0.0,0.0,8.5
2024-12-04 15:00:00+00:00,0.0,12.291666666666666,0.0,12.25,0.0,9.666666666666666,0.0,0.0,0.0,0.0,0.0,8.5
2024-12-04 16:00:00+00:00,141.0,18.166666666666668,141.0,18.125,0.0,9.666666666666666,0.0,0.0,0.0,0.0,94.0,12.416666666666666
2024-12-04 17:00:00+00:00,0.0,12.083333333333334,0.0,12.041666666666666,0.0,3.5833333333333335,0.0,0.0,0.0,0.0,0.0,8.5
2024-12-04 18:00:00+00:00,0.0,10.125,0.0,10.083333333333334,0.0,1.625,0.0,0.0,0.0,0.0,0.0,7.166666666666667
2024-12-04 19:00:00+00:00,0.0,10.125,0.0,10.083333333333334,0.0,1.625,0.0,0.0,0.0,0.0,0.0,7.166666666666667
2024-12-04 20:00:00+00:00,64.0,11.166666666666666,64.0,11.125,0.0,0.0,0.0,0.0,0.0,0.0,49.0,7.958333333333333
2024-12-04 21:00:00+00:00,4.0,11.333333333333334,4.0,11.291666666666666,0.0,0.0,0.0,0.0,0.0,0.0,0.0,7.958333333333333
2024-12-04 22:00:00+00:00,80.0,14.666666666666666,80.0,14.625,0.0,0.0,0.0,0.0,0.0,0.0,48.0,9.958333333333334
2024-12-04 23:00:00+00:00,4.0,14.833333333333334,4.0,14.791666666666666,0.0,0.0,0.0,0.0,0.0,0.0,0.0,9.958333333333334
2024-12-05 00:00:00+00:00,3.0,14.958333333333334,0.0,14.791666666666666,0.0,0.0,0.0,0.0,0.0,0.0,0.0,9.958333333333334
2024-12-05 01:00:00+00:00,22.0,15.875,5.0,15.0,0.0,0.0,0.0,0.0,0.0,0.0,7.0,10.25
2024-12-05 02:00:00+00:00,258.0,26.625,258.0,25.75,0.0,0.0,0.0,0.0,0.0,0.0,231.0,19.875
2024-12-05 03:00:00+00:00,0.0,26.625,0.0,25.75,0.0,0.0,0.0,0.0,0.0,0.0,0.0,19.875
2024-12-05 04:00:00+00:00,0.0,26.583333333333332,0.0,25.75,0.0,0.0,0.0,0.0,0.0,0.0,0.0,19.875
2024-12-05 05:00:00+00:00,0.0,26.583333333333332,0.0,25.75,0.0,0.0,0.0,0.0,0.0,0.0,0.0,19.875
2024-12-05 06:00:00+00:00,13.0,27.125,0.0,25.75,0.0,0.0,0.0,0.0,0.0,0.0,7.0,20.166666666666668
2024-12-05 07:00:00+00:00,0.0,25.833333333333332,0.0,24.458333333333332,0.0,0.0,0.0,0.0,0.0,0.0,0.0,19.083333333333332
2024-12-05 08:00:00+00:00,0.0,24.541666666666668,0.0,23.166666666666668,0.0,0.0,0.0,0.0,0.0,0.0,0.0,18.166666666666668
2024-12-05 09:00:00+00:00,0.0,24.541666666666668,0.0,23.166666666666668,0.0,0.0,0.0,0.0,0.0,0.0,0.0,18.166666666666668
2024-12-05 10:00:00+00:00,0.0,24.541666666666668,0.0,23.166666666666668,0.0,0.0,0.0,0.0,0.0,0.0,0.0,18.166666666666668
2024-12-05 11:00:00+00:00,0.0,24.541666666666668,0.0,23.166666666666668,0.0,0.0,0.0,0.0,0.0,0.0,0.0,18.166666666666668
2024-12-05 12:00:00+00:00,0.0,24.541666666666668,0.0,23.166666666666668,0.0,0.0,0.0,0.0,0.0,0.0,0.0,18.166666666666668
2024-12-05 13:00:00+00:00,14.0,25.125,0.0,23.166666666666668,0.0,0.0,0.0,0.0,0.0,0.0,0.0,18.166666666666668
2024-12-05 14:00:00+00:00,0.0,25.125,0.0,23.166666666666668,0.0,0.0,0.0,0.0,0.0,0.0,0.0,18.166666666666668
2024-12-05 15:00:00+00:00,43.0,26.916666666666668,43.0,24.958333333333332,0.0,0.0,0.0,0.0,0.0,0.0,30.0,19.416666666666668
2024-12-05 16:00:00+00:00,0.0,21.041666666666668,0.0,19.083333333333332,0.0,0.0,0.0,0.0,0.0,0.0,0.0,15.5
2024-12-05 17:00:00+00:00,35.0,22.5,35.0,20.541666666666668,0.0,0.0,0.0,0.0,0.0,0.0,22.0,16.416666666666668
2024-12-05 18:00:00+00:00,8.0,22.833333333333332,8.0,20.875,0.0,0.0,0.0,0.0,0.0,0.0,8.0,16.75
2024-12-05 19:00:00+00:00,0.0,22.833333333333332,0.0,20.875,0.0,0.0,0.0,0.0,0.0,0.0,0.0,16.75
2024-12-05 20:00:00+00:00,0.0,20.166666666666668,0.0,18.208333333333332,0.0,0.0,0.0,0.0,0.0,0.0,0.0,14.708333333333334
2024-12-05 21:00:00+00:00,0.0,20.0,0.0,18.041666666666668,0.0,0.0,0.0,0.0,0.0,0.0,0.0,14.708333333333334
2024-12-05 22:00:00+00:00,138.0,22.416666666666668,138.0,20.458333333333332,0.0,0.0,0.0,0.0,0.0,0.0,111.0,17.333333333333332
2024-12-05 23:00:00+00:00,42.0,24.0,42.0,22.041666666666668,0.0,0.0,0.0,0.0,0.0,0.0,35.0,18.791666666666668
2024-12-06 00:00:00+00:00,0.0,23.875,0.0,22.041666666666668,0.0,0.0,0.0,0.0,0.0,0.0,0.0,18.791666666666668
2024-12-06 01:00:00+00:00,0.0,22.958333333333332,0.0,21.833333333333332,0.0,0.0,0.0,0.0,0.0,0.0,0.0,18.5
2024-12-06 02:00:00+00:00,0.0,12.208333333333334,0.0,11.083333333333334,0.0,0.0,0.0,0.0,0.0,0.0,0.0,8.875
2024-12-06 03:00:00+00:00,0.0,12.208333333333334,0.0,11.083333333333334,0.0,0.0,0.0,0.0,0.0,0.0,0.0,8.875
2024-12-06 04:00:00+00:00,49.0,14.25,49.0,13.125,0.0,0.0,0.0,0.0,0.0,0.0,34.0,10.291666666666666
2024-12-06 05:00:00+00:00,37.0,15.791666666666666,37.0,14.666666666666666,0.0,0.0,0.0,0.0,0.0,0.0,37.0,11.833333333333334
2024-12-06 06:00:00+00:00,67.0,18.041666666666668,67.0,17.458333333333332,0.0,0.0,0.0,0.0,0.0,0.0,63.0,14.166666666666666
2024-12-06 07:00:00+00:00,0.0,18.041666666666668,0.0,17.458333333333332,0.0,0.0,0.0,0.0,0.0,0.0,0.0,14.166666666666666
2024-12-06 08:00:00+00:00,50.0,20.125,50.0,19.541666666666668,0.0,0.0,0.0,0.0,0.0,0.0,48.0,16.166666666666668
2024-12-06 09:00:00+00:00,130.0,25.541666666666668,130.0,24.958333333333332,0.0,0.0,0.0,0.0,0.0,0.0,87.0,19.791666666666668
2024-12-06 10:00:00+00:00,43.0,27.333333333333332,43.0,26.75,0.0,0.0,0.0,0.0,0.0,0.0,33.0,21.166666666666668
2024-12-06 11:00:00+00:00,0.0,27.333333333333332,0.0,26.75,0.0,0.0,0.0,0.0,0.0,0.0,0.0,21.166666666666668
2024-12-06 12:00:00+00:00,0.0,27.333333333333332,0.0,26.75,0.0,0.0,0.0,0.0,0.0,0.0,0.0,21.166666666666668
2024-12-06 13:00:00+00:00,0.0,26.75,0.0,26.75,0.0,0.0,0.0,0.0,0.0,0.0,0.0,21.166666666666668
2024-12-06 14:00:00+00:00,0.0,26.75,0.0,26.75,0.0,0.0,0.0,0.0,0.0,0.0,0.0,21.166666666666668
2024-12-06 15:00:00+00:00,0.0,24.958333333333332,0.0,24.958333333333332,0.0,0.0,0.0,0.0,0.0,0.0,0.0,19.916666666666668
2024-12-06 16:00:00+00:00,0.0,24.958333333333332,0.0,24.958333333333332,0.0,0.0,0.0,0.0,0.0,0.0,0.0,19.916666666666668
2024-12-06 17:00:00+00:00,0.0,23.5,0.0,23.5,0.0,0.0,0.0,0.0,0.0,0.0,0.0,19.0
2024-12-06 18:00:00+00:00,0.0,23.166666666666668,0.0,23.166666666666668,0.0,0.0,0.0,0.0,0.0,0.0,0.0,18.666666666666668
2024-12-06 19:00:00+00:00,0.0,23.166666666666668,0.0,23.166666666666668,0.0,0.0,0.0,0.0,0.0,0.0,0.0,18.666666666666668
2024-12-06 20:00:00+00:00,0.0,23.166666666666668,0.0,23.166666666666668,0.0,0.0,0.0,0.0,0.0,0.0,0.0,18.666666666666668
2024-12-06 21:00:00+00:00,43.0,24.958333333333332,43.0,24.958333333333332,0.0,0.0,0.0,0.0,0.0,0.0,24.0,19.666666666666668
2024-12-06 22:00:00+00:00,0.0,19.208333333333332,0.0,19.208333333333332,0.0,0.0,0.0,0.0,0.0,0.0,0.0,15.041666666666666
2024-12-06 23:00:00+00:00,0.0,17.458333333333332,0.0,17.458333333333332,0.0,0.0,0.0,0.0,0.0,0.0,0.0,13.583333333333334
2024-12-07 00:00:00+00:00,0.0,17.458333333333332,0.0,17.458333333333332,0.0,0.0,0.0,0.0,0.0,0.0,0.0,13.583333333333334
2024-12-07 01:00:00+00:00,21.0,18.333333333333332,0.0,17.458333333333332,0.0,0.0,0.0,0.0,0.0,0.0,21.0,14.458333333333334
2024-12-07 02:00:00+00:00,0.0,18.333333333333332,0.0,17.458333333333332,0.0,0.0,0.0,0.0,0.0,0.0,0.0,14.458333333333334
2024-12-07 03:00:00+00:00,0.0,18.333333333333332,0.0,17.458333333333332,0.0,0.0,0.0,0.0,0.0,0.0,0.0,14.458333333333334
2024-12-07 04:00:00+00:00,0.0,16.291666666666668,0.0,15.416666666666666,0.0,0.0,0.0,0.0,0.0,0.0,0.0,13.041666666666666
2024-12-07 05:00:00+00:00,0.0,14.75,0.0,13.875,0.0,0.0,0.0,0.0,0.0,0.0,0.0,11.5
2024-12-07 06:00:00+00:00,0.0,11.958333333333334,0.0,11.083333333333334,0.0,0.0,0.0,0.0,0.0,0.0,0.0,8.875
2024-12-07 07:00:00+00:00,0.0,11.958333333333334,0.0,11.083333333333334,0.0,0.0,0.0,0.0,0.0,0.0,0.0,8.875
2024-12-07 08:00:00+00:00,1.0,9.916666666666666,0.0,9.0,0.0,0.0,0.0,0.0,0.0,0.0,0.0,6.875
2024-12-07 09:00:00+00:00,70.0,7.416666666666667,70.0,6.5,0.0,0.0,0.0,0.0,0.0,0.0,64.0,5.916666666666667
2024-12-07 10:00:00+00:00,77.0,8.833333333333334,77.0,7.916666666666667,0.0,0.0,0.0,0.0,0.0,0.0,77.0,7.75
2024-12-07 11:00:00+00:00,0.0,8.833333333333334,0.0,7.916666666666667,0.0,0.0,0.0,0.0,0.0,0.0,0.0,7.75
2024-12-07 12:00:00+00:00,0.0,8.833333333333334,0.0,7.916666666666667,0.0,0.0,0.0,0.0,0.0,0.0,0.0,7.75
2024-12-07 13:00:00+00:00,0.0,8.833333333333334,0.0,7.916666666666667,0.0,0.0,0.0,0.0,0.0,0.0,0.0,7.75
2024-12-07 14:00:00+00:00,0.0,8.833333333333334,0.0,7.916666666666667,0.0,0.0,0.0,0.0,0.0,0.0,0.0,7.75
2024-12-07 15:00:00+00:00,0.0,8.833333333333334,0.0,7.916666666666667,0.0,0.0,0.0,0.0,0.0,0.0,0.0,7.75
2024-12-07 16:00:00+00:00,0.0,8.833333333333334,0.0,7.916666666666667,0.0,0.0,0.0,0.0,0.0,0.0,0.0,7.75
2024-12-07 17:00:00+00:00,0.0,8.833333333333334,0.0,7.916666666666667,0.0,0.0,0.0,0.0,0.0,0.0,0.0,7.75
2024-12-07 18:00:00+00:00,0.0,8.833333333333334,0.0,7.916666666666667,0.0,0.0,0.0,0.0,0.0,0.0,0.0,7.75
2024-12-07 19:00:00+00:00,0.0,8.833333333333334,0.0,7.916666666666667,0.0,0.0,0.0,0.0,0.0,0.0,0.0,7.75
2024-12-07 20:00:00+00:00,90.0,12.583333333333334,90.0,11.666666666666666,0.0,0.0,0.0,0.0,0.0,0.0,57.0,10.125
2024-12-07 21:00:00+00:00,15.0,11.416666666666666,15.0,10.5,0.0,0.0,0.0,0.0,0.0,0.0,10.0,9.541666666666666
2024-12-07 22:00:00+00:00,0.0,11.416666666666666,0.0,10.5,0.0,0.0,0.0,0.0,0.0,0.0,0.0,9.541666666666666
2024-12-07 23:00:00+00:00,0.0,11.416666666666666,0.0,10.5,0.0,0.0,0.0,0.0,0.0,0.0,0.0,9.541666666666666
2024-12-08 00:00:00+00:00,0.0,11.416666666666666,0.0,10.5,0.0,0.0,0.0,0.0,0.0,0.0,0.0,9.541666666666666
2024-12-08 01:00:00+00:00,0.0,10.541666666666666,0.0,10.5,0.0,0.0,0.0,0.0,0.0,0.0,0.0,8.666666666666666
2024-12-08 02:00:00+00:00,0.0,10.541666666666666,0.0,10.5,0.0,0.0,0.0,0.0,0.0,0.0,0.0,8.666666666666666
2024-12-08 03:00:00+00:00,0.0,10.541666666666666,0.0,10.5,0.0,0.0,0.0,0.0,0.0,0.0,0.0,8.666666666666666
2024-12-08 04:00:00+00:00,0.0,10.541666666666666,0.0,10.5,0.0,0.0,0.0,0.0,0.0,0.0,0.0,8.666666666666666
2024-12-08 05:00:00+00:00,8.0,10.875,0.0,10.5,0.0,0.0,0.0,0.0,0.0,0.0,8.0,9.0
2024-12-08 06:00:00+00:00,0.0,10.875,0.0,10.5,0.0,0.0,0.0,0.0,0.0,0.0,0.0,9.0
2024-12-08 07:00:00+00:00,0.0,10.875,0.0,10.5,0.0,0.0,0.0,0.0,0.0,0.0,0.0,9.0
2024-12-08 08:00:00+00:00,33.0,12.208333333333334,33.0,11.875,0.0,0.0,0.0,0.0,0.0,0.0,23.0,9.958333333333334
2024-12-08 09:00:00+00:00,248.0,19.625,248.0,19.291666666666668,0.0,0.0,0.0,0.0,0.0,0.0,177.0,14.666666666666666
2024-12-08 10:00:00+00:00,111.0,21.041666666666668,111.0,20.708333333333332,0.0,0.0,0.0,0.0,0.0,0.0,31.0,12.75
2024-12-08 11:00:00+00:00,22.0,21.958333333333332,22.0,21.625,0.0,0.0,0.0,0.0,0.0,0.0,18.0,13.5
2024-12-08 12:00:00+00:00,0.0,21.958333333333332,0.0,21.625,0.0,0.0,0.0,0.0,0.0,0.0,0.0,13.5
2024-12-08 13:00:00+00:00,0.0,21.958333333333332,0.0,21.625,0.0,0.0,0.0,0.0,0.0,0.0,0.0,13.5
2024-12-08 14:00:00+00:00,0.0,21.958333333333332,0.0,21.625,0.0,0.0,0.0,0.0,0.0,0.0,0.0,13.5
2024-12-08 15:00:00+00:00,0.0,21.958333333333332,0.0,21.625,0.0,0.0,0.0,0.0,0.0,0.0,0.0,13.5
2024-12-08 16:00:00+00:00,0.0,21.958333333333332,0.0,21.625,0.0,0.0,0.0,0.0,0.0,0.0,0.0,13.5
2024-12-08 17:00:00+00:00,0.0,21.958333333333332,0.0,21.625,0.0,0.0,0.0,0.0,0.0,0.0,0.0,13.5
2024-12-08 18:00:00+00:00,22.0,22.875,22.0,22.541666666666668,0.0,0.0,0.0,0.0,0.0,0.0,15.0,14.125
2024-12-08 19:00:00+00:00,69.0,25.75,69.0,25.416666666666668,0.0,0.0,0.0,0.0,0.0,0.0,57.0,16.5
2024-12-08 20:00:00+00:00,13.0,22.541666666666668,13.0,22.208333333333332,0.0,0.0,0.0,0.0,0.0,0.0,13.0,14.666666666666666
2024-12-08 21:00:00+00:00,0.0,21.916666666666668,0.0,21.583333333333332,0.0,0.0,0.0,0.0,0.0,0.0,0.0,14.25
2024-12-08 22:00:00+00:00,0.0,21.916666666666668,0.0,21.583333333333332,0.0,0.0,0.0,0.0,0.0,0.0,0.0,14.25
2024-12-08 23:00:00+00:00,0.0,21.916666666666668,0.0,21.583333333333332,0.0,0.0,0.0,0.0,0.0,0.0,0.0,14.25
2024-12-09 00:00:00+00:00,0.0,21.916666666666668,0.0,21.583333333333332,0.0,0.0,0.0,0.0,0.0,0.0,0.0,14.25
2024-12-09 01:00:00+00:00,0.0,21.916666666666668,0.0,21.583333333333332,0.0,0.0,0.0,0.0,0.0,0.0,0.0,14.25
2024-12-09 02:00:00+00:00,0.0,21.916666666666668,0.0,21.583333333333332,0.0,0.0,0.0,0.0,0.0,0.0,0.0,14.25
2024-12-09 03:00:00+00:00,0.0,21.916666666666668,0.0,21.583333333333332,0.0,0.0,0.0,0.0,0.0,0.0,0.0,14.25
2024-12-09 04:00:00+00:00,0.0,21.916666666666668,0.0,21.583333333333332,0.0,0.0,0.0,0.0,0.0,0.0,0.0,14.25
2024-12-09 05:00:00+00:00,0.0,21.583333333333332,0.0,21.583333333333332,0.0,0.0,0.0,0.0,0.0,0.0,0.0,13.916666666666666
2024-12-09 06:00:00+00:00,0.0,21.583333333333332,0.0,21.583333333333332,0.0,0.0,0.0,0.0,0.0,0.0,0.0,13.916666666666666
2024-12-09 07:00:00+00:00,0.0,21.583333333333332,0.0,21.583333333333332,0.0,0.0,0.0,0.0,0.0,0.0,0.0,13.916666666666666
2024-12-09 08:00:00+00:00,0.0,20.208333333333332,0.0,20.208333333333332,0.0,0.0,0.0,0.0,0.0,0.0,0.0,12.958333333333334
2024-12-09 09:00:00+00:00,16.0,10.541666666666666,16.0,10.541666666666666,0.0,0.0,0.0,0.0,0.0,0.0,0.0,5.583333333333333
2024-12-09 10:00:00+00:00,116.0,10.75,116.0,10.75,0.0,0.0,0.0,0.0,0.0,0.0,86.0,7.875
2024-12-09 11:00:00+00:00,0.0,9.833333333333334,0.0,9.833333333333334,0.0,0.0,0.0,0.0,0.0,0.0,0.0,7.125
2024-12-09 12:00:00+00:00,41.0,11.541666666666666,41.0,11.541666666666666,0.0,0.0,0.0,0.0,0.0,0.0,38.0,8.708333333333334
2024-12-09 13:00:00+00:00,0.0,11.541666666666666,0.0,11.541666666666666,0.0,0.0,0.0,0.0,0.0,0.0,0.0,8.708333333333334
2024-12-09 14:00:00+00:00,0.0,11.541666666666666,0.0,11.541666666666666,0.0,0.0,0.0,0.0,0.0,0.0,0.0,8.708333333333334
2024-12-09 15:00:00+00:00,0.0,11.541666666666666,0.0,11.541666666666666,0.0,0.0,0.0,0.0,0.0,0.0,0.0,8.708333333333334
2024-12-09 16:00:00+00:00,0.0,11.541666666666666,0.0,11.541666666666666,0.0,0.0,0.0,0.0,0.0,0.0,0.0,8.708333333333334
2024-12-09 17:00:00+00:00,0.0,11.541666666666666,0.0,11.541666666666666,0.0,0.0,0.0,0.0,0.0,0.0,0.0,8.708333333333334
2024-12-09 18:00:00+00:00,0.0,10.625,0.0,10.625,0.0,0.0,0.0,0.0,0.0,0.0,0.0,8.083333333333334
2024-12-09 19:00:00+00:00,0.0,7.75,0.0,7.75,0.0,0.0,0.0,0.0,0.0,0.0,0.0,5.708333333333333
2024-12-09 20:00:00+00:00,0.0,7.208333333333333,0.0,7.208333333333333,0.0,0.0,0.0,0.0,0.0,0.0,0.0,5.166666666666667
2024-12-09 21:00:00+00:00,0.0,7.208333333333333,0.0,7.208333333333333,0.0,0.0,0.0,0.0,0.0,0.0,0.0,5.166666666666667
2024-12-09 22:00:00+00:00,68.0,10.041666666666666,68.0,10.041666666666666,0.0,0.0,0.0,0.0,0.0,0.0,59.0,7.625
2024-12-09 23:00:00+00:00,149.0,16.25,149.0,16.25,0.0,0.0,0.0,0.0,0.0,0.0,120.0,12.625
2024-12-10 00:00:00+00:00,0.0,16.25,0.0,16.25,0.0,0.0,0.0,0.0,0.0,0.0,0.0,12.625
2024-12-10 01:00:00+00:00,0.0,16.25,0.0,16.25,0.0,0.0,0.0,0.0,0.0,0.0,0.0,12.625
2024-12-10 02:00:00+00:00,0.0,16.25,0.0,16.25,0.0,0.0,0.0,0.0,0.0,0.0,0.0,12.625
2024-12-10 03:00:00+00:00,0.0,16.25,0.0,16.25,0.0,0.0,0.0,0.0,0.0,0.0,0.0,12.625
2024-12-10 04:00:00+00:00,0.0,16.25,0.0,16.25,0.0,0.0,0.0,0.0,0.0,0.0,0.0,12.625
2024-12-10 05:00:00+00:00,69.0,19.125,69.0,19.125,0.0,0.0,0.0,0.0,0.0,0.0,54.0,14.875
2024-12-10 06:00:00+00:00,0.0,19.125,0.0,19.125,0.0,0.0,0.0,0.0,0.0,0.0,0.0,14.875
2024-12-10 07:00:00+00:00,0.0,19.125,0.0,19.125,0.0,0.0,0.0,0.0,0.0,0.0,0.0,14.875
2024-12-10 08:00:00+00:00,0.0,19.125,0.0,19.125,0.0,0.0,0.0,0.0,0.0,0.0,0.0,14.875
2024-12-10 09:00:00+00:00,49.0,20.5,49.0,20.5,0.0,0.0,0.0,0.0,0.0,0.0,24.0,15.875
2024-12-10 10:00:00+00:00,0.0,15.666666666666666,0.0,15.666666666666666,0.0,0.0,0.0,0.0,0.0,0.0,0.0,12.291666666666666
2024-12-10 11:00:00+00:00,0.0,15.666666666666666,0.0,15.666666666666666,0.0,0.0,0.0,0.0,0.0,0.0,0.0,12.291666666666666
2024-12-10 12:00:00+00:00,0.0,13.958333333333334,0.0,13.958333333333334,0.0,0.0,0.0,0.0,0.0,0.0,0.0,10.708333333333334
2024-12-10 13:00:00+00:00,0.0,13.958333333333334,0.0,13.958333333333334,0.0,0.0,0.0,0.0,0.0,0.0,0.0,10.708333333333334
2024-12-10 14:00:00+00:00,0.0,13.958333333333334,0.0,13.958333333333334,0.0,0.0,0.0,0.0,0.0,0.0,0.0,10.708333333333334
2024-12-10 15:00:00+00:00,0.0,13.958333333333334,0.0,13.958333333333334,0.0,0.0,0.0,0.0,0.0,0.0,0.0,10.708333333333334
2024-12-10 16:00:00+00:00,0.0,13.958333333333334,0.0,13.958333333333334,0.0,0.0,0.0,0.0,0.0,0.0,0.0,10.708333333333334
2024-12-10 17:00:00+00:00,0.0,13.958333333333334,0.0,13.958333333333334,0.0,0.0,0.0,0.0,0.0,0.0,0.0,10.708333333333334
2024-12-10 18:00:00+00:00,0.0,13.958333333333334,0.0,13.958333333333334,0.0,0.0,0.0,0.0,0.0,0.0,0.0,10.708333333333334
2024-12-10 19:00:00+00:00,40.0,15.625,40.0,15.625,0.0,0.0,0.0,0.0,0.0,0.0,29.0,11.916666666666666
2024-12-10 20:00:00+00:00,60.0,18.125,60.0,18.125,0.0,0.0,0.0,0.0,0.0,0.0,45.0,13.791666666666666
2024-12-10 21:00:00+00:00,0.0,18.125,0.0,18.125,0.0,0.0,0.0,0.0,0.0,0.0,0.0,13.791666666666666
2024-12-10 22:00:00+00:00,0.0,15.291666666666666,0.0,15.291666666666666,0.0,0.0,0.0,0.0,0.0,0.0,0.0,11.333333333333334
2024-12-10 23:00:00+00:00,0.0,9.083333333333334,0.0,9.083333333333334,0.0,0.0,0.0,0.0,0.0,0.0,0.0,6.333333333333333
2024-12-11 00:00:00+00:00,0.0,9.083333333333334,0.0,9.083333333333334,0.0,0.0,0.0,0.0,0.0,0.0,0.0,6.333333333333333
2024-12-11 01:00:00+00:00,0.0,9.083333333333334,0.0,9.083333333333334,0.0,0.0,0.0,0.0,0.0,0.0,0.0,6.333333333333333
2024-12-11 02:00:00+00:00,96.0,13.083333333333334,96.0,13.083333333333334,96.0,4.0,0.0,0.0,0.0,0.0,47.0,8.291666666666666
2024-12-11 03:00:00+00:00,0.0,13.083333333333334,0.0,13.083333333333334,0.0,4.0,0.0,0.0,0.0,0.0,0.0,8.291666666666666
2024-12-11 04:00:00+00:00,0.0,13.083333333333334,0.0,13.083333333333334,0.0,4.0,0.0,0.0,0.0,0.0,0.0,8.291666666666666
2024-12-11 05:00:00+00:00,49.0,12.25,49.0,12.25,49.0,6.041666666666667,0.0,0.0,0.0,0.0,15.0,6.666666666666667
2024-12-11 06:00:00+00:00,5.0,12.458333333333334,0.0,12.25,5.0,6.25,0.0,0.0,0.0,0.0,0.0,6.666666666666667
2024-12-11 07:00:00+00:00,0.0,12.458333333333334,0.0,12.25,0.0,6.25,0.0,0.0,0.0,0.0,0.0,6.666666666666667
2024-12-11 08:00:00+00:00,0.0,12.458333333333334,0.0,12.25,0.0,6.25,0.0,0.0,0.0,0.0,0.0,6.666666666666667
2024-12-11 09:00:00+00:00,0.0,10.416666666666666,0.0,10.208333333333334,0.0,6.25,0.0,0.0,0.0,0.0,0.0,5.666666666666667
2024-12-11 10:00:00+00:00,0.0,10.416666666666666,0.0,10.208333333333334,0.0,6.25,0.0,0.0,0.0,0.0,0.0,5.666666666666667
2024-12-11 11:00:00+00:00,0.0,10.416666666666666,0.0,10.208333333333334,0.0,6.25,0.0,0.0,0.0,0.0,0.0,5.666666666666667
2024-12-11 12:00:00+00:00,0.0,10.416666666666666,0.0,10.208333333333334,0.0,6.25,0.0,0.0,0.0,0.0,0.0,5.666666666666667
2024-12-11 13:00:00+00:00,28.0,11.583333333333334,28.0,11.375,28.0,7.416666666666667,0.0,0.0,0.0,0.0,0.0,5.666666666666667
2024-12-11 14:00:00+00:00,0.0,11.583333333333334,0.0,11.375,0.0,7.416666666666667,0.0,0.0,0.0,0.0,0.0,5.666666666666667
2024-12-11 15:00:00+00:00,0.0,11.583333333333334,0.0,11.375,0.0,7.416666666666667,0.0,0.0,0.0,0.0,0.0,5.666666666666667
2024-12-11 16:00:00+00:00,4.0,11.75,0.0,11.375,4.0,7.583333333333333,0.0,0.0,0.0,0.0,0.0,5.666666666666667
2024-12-11 17:00:00+00:00,0.0,11.75,0.0,11.375,0.0,7.583333333333333,0.0,0.0,0.0,0.0,0.0,5.666666666666667
2024-12-11 18:00:00+00:00,0.0,11.75,0.0,11.375,0.0,7.583333333333333,0.0,0.0,0.0,0.0,0.0,5.666666666666667
2024-12-11 19:00:00+00:00,0.0,10.083333333333334,0.0,9.708333333333334,0.0,7.583333333333333,0.0,0.0,0.0,0.0,0.0,4.458333333333333
2024-12-11 20:00:00+00:00,0.0,7.583333333333333,0.0,7.208333333333333,0.0,7.583333333333333,0.0,0.0,0.0,0.0,0.0,2.5833333333333335
2024-12-11 21:00:00+00:00,0.0,7.583333333333333,0.0,7.208333333333333,0.0,7.583333333333333,0.0,0.0,0.0,0.0,0.0,2.5833333333333335
2024-12-11 22:00:00+00:00,0.0,7.583333333333333,0.0,7.208333333333333,0.0,7.583333333333333,0.0,0.0,0.0,0.0,0.0,2.5833333333333335
2024-12-11 23:00:00+00:00,59.0,10.041666666666666,59.0,9.666666666666666,59.0,10.041666666666666,0.0,0.0,0.0,0.0,54.0,4.833333333333333
2024-12-12 00:00:00+00:00,60.0,12.541666666666666,60.0,12.166666666666666,0.0,10.041666666666666,0.0,0.0,0.0,0.0,35.0,6.291666666666667
2024-12-12 01:00:00+00:00,0.0,12.541666666666666,0.0,12.166666666666666,0.0,10.041666666666666,0.0,0.0,0.0,0.0,0.0,6.291666666666667
2024-12-12 02:00:00+00:00,0.0,8.541666666666666,0.0,8.166666666666666,0.0,6.041666666666667,0.0,0.0,0.0,0.0,0.0,4.333333333333333
2024-12-12 03:00:00+00:00,0.0,8.541666666666666,0.0,8.166666666666666,0.0,6.041666666666667,0.0,0.0,0.0,0.0,0.0,4.333333333333333
2024-12-12 04:00:00+00:00,0.0,8.541666666666666,0.0,8.166666666666666,0.0,6.041666666666667,0.0,0.0,0.0,0.0,0.0,4.333333333333333
2024-12-12 05:00:00+00:00,0.0,6.5,0.0,6.125,0.0,4.0,0.0,0.0,0.0,0.0,0.0,3.7083333333333335
2024-12-12 06:00:00+00:00,0.0,6.291666666666667,0.0,6.125,0.0,3.7916666666666665,0.0,0.0,0.0,0.0,0.0,3.7083333333333335
2024-12-12 07:00:00+00:00,0.0,6.291666666666667,0.0,6.125,0.0,3.7916666666666665,0.0,0.0,0.0,0.0,0.0,3.7083333333333335
2024-12-12 08:00:00+00:00,0.0,6.291666666666667,0.0,6.125,0.0,3.7916666666666665,0.0,0.0,0.0,0.0,0.0,3.7083333333333335
2024-12-12 09:00:00+00:00,0.0,6.291666666666667,0.0,6.125,0.0,3.7916666666666665,0.0,0.0,0.0,0.0,0.0,3.7083333333333335
2024-12-12 10:00:00+00:00,0.0,6.291666666666667,0.0,6.125,0.0,3.7916666666666665,0.0,0.0,0.0,0.0,0.0,3.7083333333333335
2024-12-12 11:00:00+00:00,0.0,6.291666666666667,0.0,6.125,0.0,3.7916666666666665,0.0,0.0,0.0,0.0,0.0,3.7083333333333335
2024-12-12 12:00:00+00:00,0.0,6.291666666666667,0.0,6.125,0.0,3.7916666666666665,0.0,0.0,0.0,0.0,0.0,3.7083333333333335
2024-12-12 13:00:00+00:00,0.0,5.125,0.0,4.958333333333333,0.0,2.625,0.0,0.0,0.0,0.0,0.0,3.7083333333333335
2024-12-12 14:00:00+00:00,0.0,5.125,0.0,4.958333333333333,0.0,2.625,0.0,0.0,0.0,0.0,0.0,3.7083333333333335
2024-12-12 15:00:00+00:00,0.0,5.125,0.0,4.958333333333333,0.0,2.625,0.0,0.0,0.0,0.0,0.0,3.7083333333333335
2024-12-12 16:00:00+00:00,0.0,4.958333333333333,0.0,4.958333333333333,0.0,2.4583333333333335,0.0,0.0,0.0,0.0,0.0,3.7083333333333335
2024-12-12 17:00:00+00:00,99.0,9.083333333333334,99.0,9.083333333333334,0.0,2.4583333333333335,0.0,0.0,0.0,0.0,87.0,7.333333333333333
2024-12-12 18:00:00+00:00,69.0,11.958333333333334,69.0,11.958333333333334,0.0,2.4583333333333335,0.0,0.0,0.0,0.0,64.0,10.0
2024-12-12 19:00:00+00:00,16.0,12.625,16.0,12.625,0.0,2.4583333333333335,0.0,0.0,0.0,0.0,13.0,10.541666666666666
2024-12-12 20:00:00+00:00,0.0,12.625,0.0,12.625,0.0,2.4583333333333335,0.0,0.0,0.0,0.0,0.0,10.541666666666666
2024-12-12 21:00:00+00:00,5.0,12.833333333333334,5.0,12.833333333333334,0.0,2.4583333333333335,0.0,0.0,0.0,0.0,0.0,10.541666666666666
2024-12-12 22:00:00+00:00,221.0,22.041666666666668,221.0,22.041666666666668,0.0,2.4583333333333335,0.0,0.0,0.0,0.0,165.0,17.416666666666668
2024-12-12 23:00:00+00:00,0.0,19.583333333333332,0.0,19.583333333333332,0.0,0.0,0.0,0.0,0.0,0.0,0.0,15.166666666666666
2024-12-13 00:00:00+00:00,0.0,17.083333333333332,0.0,17.083333333333332,0.0,0.0,0.0,0.0,0.0,0.0,0.0,13.708333333333334
2024-12-13 01:00:00+00:00,0.0,17.083333333333332,0.0,17.083333333333332,0.0,0.0,0.0,0.0,0.0,0.0,0.0,13.708333333333334
2024-12-13 02:00:00+00:00,62.0,19.666666666666668,62.0,19.666666666666668,0.0,0.0,0.0,0.0,0.0,0.0,28.0,14.875
2024-12-13 03:00:00+00:00,11.0,20.125,11.0,20.125,0.0,0.0,0.0,0.0,0.0,0.0,10.0,15.291666666666666
2024-12-13 04:00:00+00:00,12.0,20.625,0.0,20.125,0.0,0.0,0.0,0.0,0.0,0.0,11.0,15.75
2024-12-13 05:00:00+00:00,0.0,20.625,0.0,20.125,0.0,0.0,0.0,0.0,0.0,0.0,0.0,15.75
2024-12-13 06:00:00+00:00,27.0,21.75,27.0,21.25,0.0,0.0,0.0,0.0,0.0,0.0,21.0,16.625
2024-12-13 07:00:00+00:00,0.0,21.75,0.0,21.25,0.0,0.0,0.0,0.0,0.0,0.0,0.0,16.625
2024-12-13 08:00:00+00:00,0.0,21.75,0.0,21.25,0.0,0.0,0.0,0.0,0.0,0.0,0.0,16.625
2024-12-13 09:00:00+00:00,0.0,21.75,0.0,21.25,0.0,0.0,0.0,0.0,0.0,0.0,0.0,16.625
2024-12-13 10:00:00+00:00,0.0,21.75,0.0,21.25,0.0,0.0,0.0,0.0,0.0,0.0,0.0,16.625
2024-12-13 11:00:00+00:00,0.0,21.75,0.0,21.25,0.0,0.0,0.0,0.0,0.0,0.0,0.0,16.625
2024-12-13 12:00:00+00:00,0.0,21.75,0.0,21.25,0.0,0.0,0.0,0.0,0.0,0.0,0.0,16.625
2024-12-13 13:00:00+00:00,0.0,21.75,0.0,21.25,0.0,0.0,0.0,0.0,0.0,0.0,0.0,16.625
2024-12-13 14:00:00+00:00,0.0,21.75,0.0,21.25,0.0,0.0,0.0,0.0,0.0,0.0,0.0,16.625
2024-12-13 15:00:00+00:00,6.0,22.0,0.0,21.25,0.0,0.0,0.0,0.0,0.0,0.0,0.0,16.625
2024-12-13 16:00:00+00:00,0.0,22.0,0.0,21.25,0.0,0.0,0.0,0.0,0.0,0.0,0.0,16.625
2024-12-13 17:00:00+00:00,0.0,17.875,0.0,17.125,0.0,0.0,0.0,0.0,0.0,0.0,0.0,13.0
2024-12-13 18:00:00+00:00,0.0,15.0,0.0,14.25,0.0,0.0,0.0,0.0,0.0,0.0,0.0,10.333333333333334
2024-12-13 19:00:00+00:00,0.0,14.333333333333334,0.0,13.583333333333334,0.0,0.0,0.0,0.0,0.0,0.0,0.0,9.791666666666666
2024-12-13 20:00:00+00:00,0.0,14.333333333333334,0.0,13.583333333333334,0.0,0.0,0.0,0.0,0.0,0.0,0.0,9.791666666666666
2024-12-13 21:00:00+00:00,19.0,14.916666666666666,0.0,13.375,0.0,0.0,0.0,0.0,0.0,0.0,14.0,10.375
2024-12-13 22:00:00+00:00,0.0,5.708333333333333,0.0,4.166666666666667,0.0,0.0,0.0,0.0,0.0,0.0,0.0,3.5
2024-12-13 23:00:00+00:00,10.0,6.125,0.0,4.166666666666667,0.0,0.0,0.0,0.0,0.0,0.0,0.0,3.5
2024-12-14 00:00:00+00:00,5.0,6.333333333333333,5.0,4.375,0.0,0.0,0.0,0.0,0.0,0.0,0.0,3.5
2024-12-14 01:00:00+00:00,146.0,12.416666666666666,146.0,10.458333333333334,0.0,0.0,0.0,0.0,0.0,0.0,79.0,6.791666666666667
2024-12-14 02:00:00+00:00,120.0,14.833333333333334,120.0,12.875,0.0,0.0,0.0,0.0,0.0,0.0,76.0,8.791666666666666
2024-12-14 03:00:00+00:00,15.0,15.0,0.0,12.416666666666666,0.0,0.0,0.0,0.0,0.0,0.0,6.0,8.625
2024-12-14 04:00:00+00:00,0.0,14.5,0.0,12.416666666666666,0.0,0.0,0.0,0.0,0.0,0.0,0.0,8.166666666666666
2024-12-14 05:00:00+00:00,48.0,16.5,48.0,14.416666666666666,0.0,0.0,0.0,0.0,0.0,0.0,31.0,9.458333333333334
2024-12-14 06:00:00+00:00,31.0,16.666666666666668,31.0,14.583333333333334,0.0,0.0,0.0,0.0,0.0,0.0,31.0,9.875
2024-12-14 07:00:00+00:00,36.0,18.166666666666668,36.0,16.083333333333332,0.0,0.0,0.0,0.0,0.0,0.0,23.0,10.833333333333334
2024-12-14 08:00:00+00:00,22.0,19.083333333333332,22.0,17.0,0.0,0.0,0.0,0.0,0.0,0.0,22.0,11.75
2024-12-14 09:00:00+00:00,8.0,19.416666666666668,8.0,17.333333333333332,0.0,0.0,0.0,0.0,0.0,0.0,8.0,12.083333333333334
2024-12-14 10:00:00+00:00,17.0,20.125,17.0,18.041666666666668,0.0,0.0,0.0,0.0,0.0,0.0,12.0,12.583333333333334
2024-12-14 11:00:00+00:00,0.0,20.125,0.0,18.041666666666668,0.0,0.0,0.0,0.0,0.0,0.0,0.0,12.583333333333334
2024-12-14 12:00:00+00:00,15.0,20.75,0.0,18.041666666666668,0.0,0.0,0.0,0.0,0.0,0.0,0.0,12.583333333333334
2024-12-14 13:00:00+00:00,0.0,20.75,0.0,18.041666666666668,0.0,0.0,0.0,0.0,0.0,0.0,0.0,12.583333333333334
2024-12-14 14:00:00+00:00,0.0,20.75,0.0,18.041666666666668,0.0,0.0,0.0,0.0,0.0,0.0,0.0,12.583333333333334
2024-12-14 15:00:00+00:00,0.0,20.5,0.0,18.041666666666668,0.0,0.0,0.0,0.0,0.0,0.0,0.0,12.583333333333334
2024-12-14 16:00:00+00:00,0.0,20.5,0.0,18.041666666666668,0.0,0.0,0.0,0.0,0.0,0.0,0.0,12.583333333333334
2024-12-14 17:00:00+00:00,0.0,20.5,0.0,18.041666666666668,0.0,0.0,0.0,0.0,0.0,0.0,0.0,12.583333333333334
2024-12-14 18:00:00+00:00,20.0,21.333333333333332,20.0,18.875,0.0,0.0,0.0,0.0,0.0,0.0,20.0,13.416666666666666
2024-12-14 19:00:00+00:00,76.0,24.5,76.0,22.041666666666668,0.0,0.0,0.0,0.0,0.0,0.0,76.0,16.583333333333332
2024-12-14 20:00:00+00:00,4.0,24.666666666666668,4.0,22.208333333333332,0.0,0.0,0.0,0.0,0.0,0.0,0.0,16.583333333333332
2024-12-14 21:00:00+00:00,0.0,23.875,0.0,22.208333333333332,0.0,0.0,0.0,0.0,0.0,0.0,0.0,16.0
2024-12-14 22:00:00+00:00,0.0,23.875,0.0,22.208333333333332,0.0,0.0,0.0,0.0,0.0,0.0,0.0,16.0
2024-12-14 23:00:00+00:00,0.0,23.458333333333332,0.0,22.208333333333332,0.0,0.0,0.0,0.0,0.0,0.0,0.0,16.0
2024-12-15 00:00:00+00:00,0.0,23.25,0.0,22.0,0.0,0.0,0.0,0.0,0.0,0.0,0.0,16.0
2024-12-15 01:00:00+00:00,6.0,17.416666666666668,0.0,15.916666666666666,0.0,0.0,0.0,0.0,0.0,0.0,6.0,12.958333333333334
2024-12-15 02:00:00+00:00,0.0,12.416666666666666,0.0,10.916666666666666,0.0,0.0,0.0,0.0,0.0,0.0,0.0,9.791666666666666
2024-12-15 03:00:00+00:00,0.0,11.791666666666666,0.0,10.916666666666666,0.0,0.0,0.0,0.0,0.0,0.0,0.0,9.541666666666666
2024-12-15 04:00:00+00:00,0.0,11.791666666666666,0.0,10.916666666666666,0.0,0.0,0.0,0.0,0.0,0.0,0.0,9.541666666666666
2024-12-15 05:00:00+00:00,46.0,11.708333333333334,46.0,10.833333333333334,0.0,0.0,0.0,0.0,0.0,0.0,18.0,9.0
2024-12-15 06:00:00+00:00,4.0,10.583333333333334,0.0,9.541666666666666,0.0,0.0,0.0,0.0,0.0,0.0,0.0,7.708333333333333
2024-12-15 07:00:00+00:00,74.0,12.166666666666666,74.0,11.125,0.0,0.0,0.0,0.0,0.0,0.0,65.0,9.458333333333334
2024-12-15 08:00:00+00:00,187.0,19.041666666666668,187.0,18.0,0.0,0.0,0.0,0.0,0.0,0.0,160.0,15.208333333333334
2024-12-15 09:00:00+00:00,48.0,20.708333333333332,48.0,19.666666666666668,0.0,0.0,0.0,0.0,0.0,0.0,24.0,15.875
2024-12-15 10:00:00+00:00,0.0,20.0,0.0,18.958333333333332,0.0,0.0,0.0,0.0,0.0,0.0,0.0,15.375
2024-12-15 11:00:00+00:00,0.0,20.0,0.0,18.958333333333332,0.0,0.0,0.0,0.0,0.0,0.0,0.0,15.375
2024-12-15 12:00:00+00:00,0.0,19.375,0.0,18.958333333333332,0.0,0.0,0.0,0.0,0.0,0.0,0.0,15.375
2024-12-15 13:00:00+00:00,0.0,19.375,0.0,18.958333333333332,0.0,0.0,0.0,0.0,0.0,0.0,0.0,15.375
2024-12-15 14:00:00+00:00,0.0,19.375,0.0,18.958333333333332,0.0,0.0,0.0,0.0,0.0,0.0,0.0,15.375
2024-12-15 15:00:00+00:00,0.0,19.375,0.0,18.958333333333332,0.0,0.0,0.0,0.0,0.0,0.0,0.0,15.375
2024-12-15 16:00:00+00:00,0.0,19.375,0.0,18.958333333333332,0.0,0.0,0.0,0.0,0.0,0.0,0.0,15.375
2024-12-15 17:00:00+00:00,0.0,19.375,0.0,18.958333333333332,0.0,0.0,0.0,0.0,0.0,0.0,0.0,15.375
2024-12-15 18:00:00+00:00,11.0,19.0,0.0,18.125,0.0,0.0,0.0,0.0,0.0,0.0,0.0,14.541666666666666
2024-12-15 19:00:00+00:00,0.0,15.833333333333334,0.0,14.958333333333334,0.0,0.0,0.0,0.0,0.0,0.0,0.0,11.375
2024-12-15 20:00:00+00:00,0.0,15.666666666666666,0.0,14.791666666666666,0.0,0.0,0.0,0.0,0.0,0.0,0.0,11.375
2024-12-15 21:00:00+00:00,0.0,15.666666666666666,0.0,14.791666666666666,0.0,0.0,0.0,0.0,0.0,0.0,0.0,11.375
2024-12-15 22:00:00+00:00,93.0,19.541666666666668,93.0,18.666666666666668,0.0,0.0,0.0,0.0,0.0,0.0,39.0,13.0
2024-12-15 23:00:00+00:00,0.0,19.541666666666668,0.0,18.666666666666668,0.0,0.0,0.0,0.0,0.0,0.0,0.0,13.0
2024-12-16 00:00:00+00:00,0.0,19.541666666666668,0.0,18.666666666666668,0.0,0.0,0.0,0.0,0.0,0.0,0.0,13.0
2024-12-16 01:00:00+00:00,0.0,19.291666666666668,0.0,18.666666666666668,0.0,0.0,0.0,0.0,0.0,0.0,0.0,12.75
2024-12-16 02:00:00+00:00,64.0,21.958333333333332,64.0,21.333333333333332,64.0,2.6666666666666665,0.0,0.0,0.0,0.0,49.0,14.791666666666666
2024-12-16 03:00:00+00:00,2.0,22.041666666666668,2.0,21.416666666666668,2.0,2.75,0.0,0.0,0.0,0.0,0.0,14.791666666666666
2024-12-16 04:00:00+00:00,0.0,22.041666666666668,0.0,21.416666666666668,0.0,2.75,0.0,0.0,0.0,0.0,0.0,14.791666666666666
2024-12-16 05:00:00+00:00,0.0,20.125,0.0,19.5,0.0,2.75,0.0,0.0,0.0,0.0,0.0,14.041666666666666
2024-12-16 06:00:00+00:00,0.0,19.958333333333332,0.0,19.5,0.0,2.75,0.0,0.0,0.0,0.0,0.0,14.041666666666666
2024-12-16 07:00:00+00:00,22.0,17.791666666666668,0.0,16.416666666666668,22.0,3.6666666666666665,0.0,0.0,0.0,0.0,10.0,11.75
2024-12-16 08:00:00+00:00,0.0,10.0,0.0,8.625,0.0,3.6666666666666665,0.0,0.0,0.0,0.0,0.0,5.083333333333333
2024-12-16 09:00:00+00:00,16.0,8.666666666666666,0.0,6.625,16.0,4.333333333333333,0.0,0.0,0.0,0.0,14.0,4.666666666666667
2024-12-16 10:00:00+00:00,0.0,8.666666666666666,0.0,6.625,0.0,4.333333333333333,0.0,0.0,0.0,0.0,0.0,4.666666666666667
2024-12-16 11:00:00+00:00,0.0,8.666666666666666,0.0,6.625,0.0,4.333333333333333,0.0,0.0,0.0,0.0,0.0,4.666666666666667
2024-12-16 12:00:00+00:00,0.0,8.666666666666666,0.0,6.625,0.0,4.333333333333333,0.0,0.0,0.0,0.0,0.0,4.666666666666667
2024-12-16 13:00:00+00:00,0.0,8.666666666666666,0.0,6.625,0.0,4.333333333333333,0.0,0.0,0.0,0.0,0.0,4.666666666666667
2024-12-16 14:00:00+00:00,0.0,8.666666666666666,0.0,6.625,0.0,4.333333333333333,0.0,0.0,0.0,0.0,0.0,4.666666666666667
2024-12-16 15:00:00+00:00,0.0,8.666666666666666,0.0,6.625,0.0,4.333333333333333,0.0,0.0,0.0,0.0,0.0,4.666666666666667
2024-12-16 16:00:00+00:00,0.0,8.666666666666666,0.0,6.625,0.0,4.333333333333333,0.0,0.0,0.0,0.0,0.0,4.666666666666667
2024-12-16 17:00:00+00:00,78.0,11.916666666666666,78.0,9.875,78.0,7.583333333333333,0.0,0.0,0.0,0.0,72.0,7.666666666666667
2024-12-16 18:00:00+00:00,0.0,11.458333333333334,0.0,9.875,0.0,7.583333333333333,0.0,0.0,0.0,0.0,0.0,7.666666666666667
2024-12-16 19:00:00+00:00,0.0,11.458333333333334,0.0,9.875,0.0,7.583333333333333,0.0,0.0,0.0,0.0,0.0,7.666666666666667
2024-12-16 20:00:00+00:00,18.0,12.208333333333334,12.0,10.375,18.0,8.333333333333334,0.0,0.0,0.0,0.0,16.0,8.333333333333334
2024-12-16 21:00:00+00:00,41.0,13.916666666666666,41.0,12.083333333333334,41.0,10.041666666666666,0.0,0.0,0.0,0.0,31.0,9.625
2024-12-16 22:00:00+00:00,0.0,10.041666666666666,0.0,8.208333333333334,0.0,10.041666666666666,0.0,0.0,0.0,0.0,0.0,8.0
2024-12-16 23:00:00+00:00,0.0,10.041666666666666,0.0,8.208333333333334,0.0,10.041666666666666,0.0,0.0,0.0,0.0,0.0,8.0
2024-12-17 00:00:00+00:00,104.0,14.375,104.0,12.541666666666666,0.0,10.041666666666666,0.0,0.0,0.0,0.0,25.0,9.041666666666666
2024-12-17 01:00:00+00:00,38.0,15.958333333333334,38.0,14.125,0.0,10.041666666666666,0.0,0.0,0.0,0.0,29.0,10.25
2024-12-17 02:00:00+00:00,94.0,17.208333333333332,94.0,15.375,0.0,7.375,0.0,0.0,0.0,0.0,85.0,11.75
2024-12-17 03:00:00+00:00,0.0,17.125,0.0,15.291666666666666,0.0,7.291666666666667,0.0,0.0,0.0,0.0,0.0,11.75
2024-12-17 04:00:00+00:00,0.0,17.125,0.0,15.291666666666666,0.0,7.291666666666667,0.0,0.0,0.0,0.0,0.0,11.75
2024-12-17 05:00:00+00:00,0.0,17.125,0.0,15.291666666666666,0.0,7.291666666666667,0.0,0.0,0.0,0.0,0.0,11.75
2024-12-17 06:00:00+00:00,0.0,17.125,0.0,15.291666666666666,0.0,7.291666666666667,0.0,0.0,0.0,0.0,0.0,11.75
2024-12-17 07:00:00+00:00,85.0,19.75,85.0,18.833333333333332,0.0,6.375,0.0,0.0,0.0,0.0,71.0,14.291666666666666
2024-12-17 08:00:00+00:00,70.0,22.666666666666668,70.0,21.75,0.0,6.375,0.0,0.0,0.0,0.0,60.0,16.791666666666668
2024-12-17 09:00:00+00:00,0.0,22.0,0.0,21.75,0.0,5.708333333333333,0.0,0.0,0.0,0.0,0.0,16.208333333333332
2024-12-17 10:00:00+00:00,0.0,22.0,0.0,21.75,0.0,5.708333333333333,0.0,0.0,0.0,0.0,0.0,16.208333333333332
2024-12-17 11:00:00+00:00,0.0,22.0,0.0,21.75,0.0,5.708333333333333,0.0,0.0,0.0,0.0,0.0,16.208333333333332
2024-12-17 12:00:00+00:00,0.0,22.0,0.0,21.75,0.0,5.708333333333333,0.0,0.0,0.0,0.0,0.0,16.208333333333332
2024-12-17 13:00:00+00:00,0.0,22.0,0.0,21.75,0.0,5.708333333333333,0.0,0.0,0.0,0.0,0.0,16.208333333333332
2024-12-17 14:00:00+00:00,64.0,24.666666666666668,64.0,24.416666666666668,0.0,5.708333333333333,0.0,0.0,0.0,0.0,64.0,18.875
2024-12-17 15:00:00+00:00,81.0,28.041666666666668,81.0,27.791666666666668,0.0,5.708333333333333,0.0,0.0,0.0,0.0,70.0,21.791666666666668
2024-12-17 16:00:00+00:00,10.0,28.458333333333332,10.0,28.208333333333332,0.0,5.708333333333333,0.0,0.0,0.0,0.0,0.0,21.791666666666668
2024-12-17 17:00:00+00:00,0.0,25.208333333333332,0.0,24.958333333333332,0.0,2.4583333333333335,0.0,0.0,0.0,0.0,0.0,18.791666666666668
2024-12-17 18:00:00+00:00,0.0,25.208333333333332,0.0,24.958333333333332,0.0,2.4583333333333335,0.0,0.0,0.0,0.0,0.0,18.791666666666668
2024-12-17 19:00:00+00:00,0.0,25.208333333333332,0.0,24.958333333333332,0.0,2.4583333333333335,0.0,0.0,0.0,0.0,0.0,18.791666666666668
2024-12-17 20:00:00+00:00,0.0,24.458333333333332,0.0,24.458333333333332,0.0,1.7083333333333333,0.0,0.0,0.0,0.0,0.0,18.125
2024-12-17 21:00:00+00:00,0.0,22.75,0.0,22.75,0.0,0.0,0.0,0.0,0.0,0.0,0.0,16.833333333333332
2024-12-17 22:00:00+00:00,0.0,22.75,0.0,22.75,0.0,0.0,0.0,0.0,0.0,0.0,0.0,16.833333333333332
2024-12-17 23:00:00+00:00,0.0,22.75,0.0,22.75,0.0,0.0,0.0,0.0,0.0,0.0,0.0,16.833333333333332
2024-12-18 00:00:00+00:00,0.0,18.416666666666668,0.0,18.416666666666668,0.0,0.0,0.0,0.0,0.0,0.0,0.0,15.791666666666666
2024-12-18 01:00:00+00:00,0.0,16.833333333333332,0.0,16.833333333333332,0.0,0.0,0.0,0.0,0.0,0.0,0.0,14.583333333333334
2024-12-18 02:00:00+00:00,0.0,12.916666666666666,0.0,12.916666666666666,0.0,0.0,0.0,0.0,0.0,0.0,0.0,11.041666666666666
2024-12-18 03:00:00+00:00,62.0,15.5,62.0,15.5,62.0,2.5833333333333335,0.0,0.0,0.0,0.0,19.0,11.833333333333334
2024-12-18 04:00:00+00:00,0.0,15.5,0.0,15.5,0.0,2.5833333333333335,0.0,0.0,0.0,0.0,0.0,11.833333333333334
2024-12-18 05:00:00+00:00,0.0,15.5,0.0,15.5,0.0,2.5833333333333335,0.0,0.0,0.0,0.0,0.0,11.833333333333334
2024-12-18 06:00:00+00:00,0.0,15.5,0.0,15.5,0.0,2.5833333333333335,0.0,0.0,0.0,0.0,0.0,11.833333333333334
2024-12-18 07:00:00+00:00,0.0,11.958333333333334,0.0,11.958333333333334,0.0,2.5833333333333335,0.0,0.0,0.0,0.0,0.0,8.875
2024-12-18 08:00:00+00:00,0.0,9.041666666666666,0.0,9.041666666666666,0.0,2.5833333333333335,0.0,0.0,0.0,0.0,0.0,6.375
2024-12-18 09:00:00+00:00,0.0,9.041666666666666,0.0,9.041666666666666,0.0,2.5833333333333335,0.0,0.0,0.0,0.0,0.0,6.375
2024-12-18 10:00:00+00:00,131.0,14.5,131.0,14.5,131.0,8.041666666666666,0.0,0.0,0.0,0.0,83.0,9.833333333333334
2024-12-18 11:00:00+00:00,0.0,14.5,0.0,14.5,0.0,8.041666666666666,0.0,0.0,0.0,0.0,0.0,9.833333333333334
2024-12-18 12:00:00+00:00,0.0,14.5,0.0,14.5,0.0,8.041666666666666,0.0,0.0,0.0,0.0,0.0,9.833333333333334
2024-12-18 13:00:00+00:00,0.0,14.5,0.0,14.5,0.0,8.041666666666666,0.0,0.0,0.0,0.0,0.0,9.833333333333334
2024-12-18 14:00:00+00:00,0.0,11.833333333333334,0.0,11.833333333333334,0.0,8.041666666666666,0.0,0.0,0.0,0.0,0.0,7.166666666666667
2024-12-18 15:00:00+00:00,0.0,8.458333333333334,0.0,8.458333333333334,0.0,8.041666666666666,0.0,0.0,0.0,0.0,0.0,4.25
2024-12-18 16:00:00+00:00,0.0,8.041666666666666,0.0,8.041666666666666,0.0,8.041666666666666,0.0,0.0,0.0,0.0,0.0,4.25
2024-12-18 17:00:00+00:00,0.0,8.041666666666666,0.0,8.041666666666666,0.0,8.041666666666666,0.0,0.0,0.0,0.0,0.0,4.25
2024-12-18 18:00:00+00:00,0.0,8.041666666666666,0.0,8.041666666666666,0.0,8.041666666666666,0.0,0.0,0.0,0.0,0.0,4.25
2024-12-18 19:00:00+00:00,0.0,8.041666666666666,0.0,8.041666666666666,0.0,8.041666666666666,0.0,0.0,0.0,0.0,0.0,4.25
2024-12-18 20:00:00+00:00,0.0,8.041666666666666,0.0,8.041666666666666,0.0,8.041666666666666,0.0,0.0,0.0,0.0,0.0,4.25
2024-12-18 21:00:00+00:00,0.0,8.041666666666666,0.0,8.041666666666666,0.0,8.041666666666666,0.0,0.0,0.0,0.0,0.0,4.25
2024-12-18 22:00:00+00:00,0.0,8.041666666666666,0.0,8.041666666666666,0.0,8.041666666666666,0.0,0.0,0.0,0.0,0.0,4.25
2024-12-18 23:00:00+00:00,39.0,9.666666666666666,39.0,9.666666666666666,39.0,9.666666666666666,0.0,0.0,0.0,0.0,30.0,5.5
2024-12-19 00:00:00+00:00,128.0,15.0,128.0,15.0,0.0,9.666666666666666,0.0,0.0,0.0,0.0,102.0,9.75
2024-12-19 01:00:00+00:00,105.0,19.375,105.0,19.375,0.0,9.666666666666666,0.0,0.0,0.0,0.0,80.0,13.083333333333334
2024-12-19 02:00:00+00:00,65.0,22.083333333333332,65.0,22.083333333333332,0.0,9.666666666666666,0.0,0.0,0.0,0.0,47.0,15.041666666666666
2024-12-19 03:00:00+00:00,0.0,19.5,0.0,19.5,0.0,7.083333333333333,0.0,0.0,0.0,0.0,0.0,14.25
2024-12-19 04:00:00+00:00,0.0,19.5,0.0,19.5,0.0,7.083333333333333,0.0,0.0,0.0,0.0,0.0,14.25
2024-12-19 05:00:00+00:00,0.0,19.5,0.0,19.5,0.0,7.083333333333333,0.0,0.0,0.0,0.0,0.0,14.25
2024-12-19 06:00:00+00:00,0.0,19.5,0.0,19.5,0.0,7.083333333333333,0.0,0.0,0.0,0.0,0.0,14.25
2024-12-19 07:00:00+00:00,0.0,19.5,0.0,19.5,0.0,7.083333333333333,0.0,0.0,0.0,0.0,0.0,14.25
2024-12-19 08:00:00+00:00,10.0,19.916666666666668,0.0,19.5,0.0,7.083333333333333,0.0,0.0,0.0,0.0,10.0,14.666666666666666
2024-12-19 09:00:00+00:00,0.0,19.916666666666668,0.0,19.5,0.0,7.083333333333333,0.0,0.0,0.0,0.0,0.0,14.666666666666666
2024-12-19 10:00:00+00:00,0.0,14.458333333333334,0.0,14.041666666666666,0.0,1.625,0.0,0.0,0.0,0.0,0.0,11.208333333333334
2024-12-19 11:00:00+00:00,0.0,14.458333333333334,0.0,14.041666666666666,0.0,1.625,0.0,0.0,0.0,0.0,0.0,11.208333333333334
2024-12-19 12:00:00+00:00,0.0,14.458333333333334,0.0,14.041666666666666,0.0,1.625,0.0,0.0,0.0,0.0,0.0,11.208333333333334
2024-12-19 13:00:00+00:00,0.0,14.458333333333334,0.0,14.041666666666666,0.0,1.625,0.0,0.0,0.0,0.0,0.0,11.208333333333334
2024-12-19 14:00:00+00:00,0.0,14.458333333333334,0.0,14.041666666666666,0.0,1.625,0.0,0.0,0.0,0.0,0.0,11.208333333333334
2024-12-19 15:00:00+00:00,0.0,14.458333333333334,0.0,14.041666666666666,0.0,1.625,0.0,0.0,0.0,0.0,0.0,11.208333333333334
2024-12-19 16:00:00+00:00,0.0,14.458333333333334,0.0,14.041666666666666,0.0,1.625,0.0,0.0,0.0,0.0,0.0,11.208333333333334
2024-12-19 17:00:00+00:00,0.0,14.458333333333334,0.0,14.041666666666666,0.0,1.625,0.0,0.0,0.0,0.0,0.0,11.208333333333334
2024-12-19 18:00:00+00:00,0.0,14.458333333333334,0.0,14.041666666666666,0.0,1.625,0.0,0.0,0.0,0.0,0.0,11.208333333333334
2024-12-19 19:00:00+00:00,0.0,14.458333333333334,0.0,14.041666666666666,0.0,1.625,0.0,0.0,0.0,0.0,0.0,11.208333333333334
2024-12-19 20:00:00+00:00,0.0,14.458333333333334,0.0,14.041666666666666,0.0,1.625,0.0,0.0,0.0,0.0,0.0,11.208333333333334
2024-12-19 21:00:00+00:00,0.0,14.458333333333334,0.0,14.041666666666666,0.0,1.625,0.0,0.0,0.0,0.0,0.0,11.208333333333334
2024-12-19 22:00:00+00:00,0.0,14.458333333333334,0.0,14.041666666666666,0.0,1.625,0.0,0.0,0.0,0.0,0.0,11.208333333333334
2024-12-19 23:00:00+00:00,33.0,14.208333333333334,33.0,13.791666666666666,0.0,0.0,0.0,0.0,0.0,0.0,14.0,10.541666666666666
2024-12-20 00:00:00+00:00,39.0,10.5,39.0,10.083333333333334,0.0,0.0,0.0,0.0,0.0,0.0,21.0,7.166666666666667
2024-12-20 01:00:00+00:00,0.0,6.125,0.0,5.708333333333333,0.0,0.0,0.0,0.0,0.0,0.0,0.0,3.8333333333333335
2024-12-20 02:00:00+00:00,39.0,5.041666666666667,39.0,4.625,0.0,0.0,0.0,0.0,0.0,0.0,37.0,3.4166666666666665
2024-12-20 03:00:00+00:00,179.0,12.5,179.0,12.083333333333334,0.0,0.0,0.0,0.0,0.0,0.0,84.0,6.916666666666667
2024-12-20 04:00:00+00:00,0.0,12.5,0.0,12.083333333333334,0.0,0.0,0.0,0.0,0.0,0.0,0.0,6.916666666666667
2024-12-20 05:00:00+00:00,0.0,12.5,0.0,12.083333333333334,0.0,0.0,0.0,0.0,0.0,0.0,0.0,6.916666666666667
2024-12-20 06:00:00+00:00,10.0,12.916666666666666,0.0,12.083333333333334,0.0,0.0,0.0,0.0,0.0,0.0,10.0,7.333333333333333
2024-12-20 07:00:00+00:00,0.0,12.916666666666666,0.0,12.083333333333334,0.0,0.0,0.0,0.0,0.0,0.0,0.0,7.333333333333333
2024-12-20 08:00:00+00:00,0.0,12.5,0.0,12.083333333333334,0.0,0.0,0.0,0.0,0.0,0.0,0.0,6.916666666666667
2024-12-20 09:00:00+00:00,2.0,12.583333333333334,0.0,12.083333333333334,0.0,0.0,0.0,0.0,0.0,0.0,0.0,6.916666666666667
2024-12-20 10:00:00+00:00,0.0,12.583333333333334,0.0,12.083333333333334,0.0,0.0,0.0,0.0,0.0,0.0,0.0,6.916666666666667
2024-12-20 11:00:00+00:00,0.0,12.583333333333334,0.0,12.083333333333334,0.0,0.0,0.0,0.0,0.0,0.0,0.0,6.916666666666667
2024-12-20 12:00:00+00:00,23.0,13.541666666666666,0.0,12.083333333333334,0.0,0.0,0.0,0.0,0.0,0.0,11.0,7.375
2024-12-20 13:00:00+00:00,0.0,13.541666666666666,0.0,12.083333333333334,0.0,0.0,0.0,0.0,0.0,0.0,0.0,7.375
2024-12-20 14:00:00+00:00,0.0,13.541666666666666,0.0,12.083333333333334,0.0,0.0,0.0,0.0,0.0,0.0,0.0,7.375
2024-12-20 15:00:00+00:00,0.0,13.541666666666666,0.0,12.083333333333334,0.0,0.0,0.0,0.0,0.0,0.0,0.0,7.375
2024-12-20 16:00:00+00:00,65.0,16.25,65.0,14.791666666666666,0.0,0.0,0.0,0.0,0.0,0.0,44.0,9.208333333333334
2024-12-20 17:00:00+00:00,0.0,16.25,0.0,14.791666666666666,0.0,0.0,0.0,0.0,0.0,0.0,0.0,9.208333333333334
2024-12-20 18:00:00+00:00,0.0,16.25,0.0,14.791666666666666,0.0,0.0,0.0,0.0,0.0,0.0,0.0,9.208333333333334
2024-12-20 19:00:00+00:00,0.0,16.25,0.0,14.791666666666666,0.0,0.0,0.0,0.0,0.0,0.0,0.0,9.208333333333334
2024-12-20 20:00:00+00:00,0.0,16.25,0.0,14.791666666666666,0.0,0.0,0.0,0.0,0.0,0.0,0.0,9.208333333333334
2024-12-20 21:00:00+00:00,0.0,16.25,0.0,14.791666666666666,0.0,0.0,0.0,0.0,0.0,0.0,0.0,9.208333333333334
2024-12-20 22:00:00+00:00,0.0,16.25,0.0,14.791666666666666,0.0,0.0,0.0,0.0,0.0,0.0,0.0,9.208333333333334
2024-12-20 23:00:00+00:00,0.0,14.875,0.0,13.416666666666666,0.0,0.0,0.0,0.0,0.0,0.0,0.0,8.625
2024-12-21 00:00:00+00:00,0.0,13.25,0.0,11.791666666666666,0.0,0.0,0.0,0.0,0.0,0.0,0.0,7.75
2024-12-21 01:00:00+00:00,0.0,13.25,0.0,11.791666666666666,0.0,0.0,0.0,0.0,0.0,0.0,0.0,7.75
2024-12-21 02:00:00+00:00,168.0,18.625,168.0,17.166666666666668,0.0,0.0,0.0,0.0,0.0,0.0,93.0,10.083333333333334
2024-12-21 03:00:00+00:00,121.0,16.208333333333332,121.0,14.75,0.0,0.0,0.0,0.0,0.0,0.0,118.0,11.5
2024-12-21 04:00:00+00:00,10.0,16.625,10.0,15.166666666666666,0.0,0.0,0.0,0.0,0.0,0.0,6.0,11.75
2024-12-21 05:00:00+00:00,0.0,16.625,0.0,15.166666666666666,0.0,0.0,0.0,0.0,0.0,0.0,0.0,11.75
2024-12-21 06:00:00+00:00,4.0,16.375,0.0,15.166666666666666,0.0,0.0,0.0,0.0,0.0,0.0,0.0,11.333333333333334
2024-12-21 07:00:00+00:00,0.0,16.375,0.0,15.166666666666666,0.0,0.0,0.0,0.0,0.0,0.0,0.0,11.333333333333334
2024-12-21 08:00:00+00:00,3.0,16.5,0.0,15.166666666666666,0.0,0.0,0.0,0.0,0.0,0.0,0.0,11.333333333333334
2024-12-21 09:00:00+00:00,0.0,16.416666666666668,0.0,15.166666666666666,0.0,0.0,0.0,0.0,0.0,0.0,0.0,11.333333333333334
2024-12-21 10:00:00+00:00,0.0,16.416666666666668,0.0,15.166666666666666,0.0,0.0,0.0,0.0,0.0,0.0,0.0,11.333333333333334
2024-12-21 11:00:00+00:00,136.0,22.083333333333332,136.0,20.833333333333332,0.0,0.0,0.0,0.0,0.0,0.0,88.0,15.0
2024-12-21 12:00:00+00:00,281.0,32.833333333333336,281.0,32.541666666666664,0.0,0.0,0.0,0.0,0.0,0.0,170.0,21.625
2024-12-21 13:00:00+00:00,0.0,32.833333333333336,0.0,32.541666666666664,0.0,0.0,0.0,0.0,0.0,0.0,0.0,21.625
2024-12-21 14:00:00+00:00,0.0,32.833333333333336,0.0,32.541666666666664,0.0,0.0,0.0,0.0,0.0,0.0,0.0,21.625
2024-12-21 15:00:00+00:00,0.0,32.833333333333336,0.0,32.541666666666664,0.0,0.0,0.0,0.0,0.0,0.0,0.0,21.625
2024-12-21 16:00:00+00:00,0.0,30.125,0.0,29.833333333333332,0.0,0.0,0.0,0.0,0.0,0.0,0.0,19.791666666666668
2024-12-21 17:00:00+00:00,0.0,30.125,0.0,29.833333333333332,0.0,0.0,0.0,0.0,0.0,0.0,0.0,19.791666666666668
2024-12-21 18:00:00+00:00,0.0,30.125,0.0,29.833333333333332,0.0,0.0,0.0,0.0,0.0,0.0,0.0,19.791666666666668
2024-12-21 19:00:00+00:00,0.0,30.125,0.0,29.833333333333332,0.0,0.0,0.0,0.0,0.0,0.0,0.0,19.791666666666668
2024-12-21 20:00:00+00:00,0.0,30.125,0.0,29.833333333333332,0.0,0.0,0.0,0.0,0.0,0.0,0.0,19.791666666666668
2024-12-21 21:00:00+00:00,0.0,30.125,0.0,29.833333333333332,0.0,0.0,0.0,0.0,0.0,0.0,0.0,19.791666666666668
2024-12-21 22:00:00+00:00,0.0,30.125,0.0,29.833333333333332,0.0,0.0,0.0,0.0,0.0,0.0,0.0,19.791666666666668
2024-12-21 23:00:00+00:00,0.0,30.125,0.0,29.833333333333332,0.0,0.0,0.0,0.0,0.0,0.0,0.0,19.791666666666668
2024-12-22 00:00:00+00:00,331.0,43.916666666666664,331.0,43.625,0.0,0.0,0.0,0.0,0.0,0.0,166.0,26.708333333333332
2024-12-22 01:00:00+00:00,0.0,43.916666666666664,0.0,43.625,0.0,0.0,0.0,0.0,0.0,0.0,0.0,26.708333333333332
2024-12-22 02:00:00+00:00,0.0,36.916666666666664,0.0,36.625,0.0,0.0,0.0,0.0,0.0,0.0,0.0,22.833333333333332
2024-12-22 03:00:00+00:00,0.0,31.875,0.0,31.583333333333332,0.0,0.0,0.0,0.0,0.0,0.0,0.0,17.916666666666668
2024-12-22 04:00:00+00:00,0.0,31.458333333333332,0.0,31.166666666666668,0.0,0.0,0.0,0.0,0.0,0.0,0.0,17.666666666666668
2024-12-22 05:00:00+00:00,0.0,31.458333333333332,0.0,31.166666666666668,0.0,0.0,0.0,0.0,0.0,0.0,0.0,17.666666666666668
2024-12-22 06:00:00+00:00,41.0,33.0,41.0,32.875,0.0,0.0,0.0,0.0,0.0,0.0,25.0,18.708333333333332
2024-12-22 07:00:00+00:00,0.0,33.0,0.0,32.875,0.0,0.0,0.0,0.0,0.0,0.0,0.0,18.708333333333332
2024-12-22 08:00:00+00:00,0.0,32.875,0.0,32.875,0.0,0.0,0.0,0.0,0.0,0.0,0.0,18.708333333333332
2024-12-22 09:00:00+00:00,0.0,32.875,0.0,32.875,0.0,0.0,0.0,0.0,0.0,0.0,0.0,18.708333333333332
2024-12-22 10:00:00+00:00,0.0,32.875,0.0,32.875,0.0,0.0,0.0,0.0,0.0,0.0,0.0,18.708333333333332
2024-12-22 11:00:00+00:00,0.0,27.208333333333332,0.0,27.208333333333332,0.0,0.0,0.0,0.0,0.0,0.0,0.0,15.041666666666666
2024-12-22 12:00:00+00:00,0.0,15.5,0.0,15.5,0.0,0.0,0.0,0.0,0.0,0.0,0.0,7.958333333333333
2024-12-22 13:00:00+00:00,0.0,15.5,0.0,15.5,0.0,0.0,0.0,0.0,0.0,0.0,0.0,7.958333333333333
2024-12-22 14:00:00+00:00,2.0,15.583333333333334,0.0,15.5,0.0,0.0,0.0,0.0,0.0,0.0,0.0,7.958333333333333
2024-12-22 15:00:00+00:00,0.0,15.583333333333334,0.0,15.5,0.0,0.0,0.0,0.0,0.0,0.0,0.0,7.958333333333333
2024-12-22 16:00:00+00:00,0.0,15.583333333333334,0.0,15.5,0.0,0.0,0.0,0.0,0.0,0.0,0.0,7.958333333333333
2024-12-22 17:00:00+00:00,0.0,15.583333333333334,0.0,15.5,0.0,0.0,0.0,0.0,0.0,0.0,0.0,7.958333333333333
2024-12-22 18:00:00+00:00,0.0,15.583333333333334,0.0,15.5,0.0,0.0,0.0,0.0,0.0,0.0,0.0,7.958333333333333
2024-12-22 19:00:00+00:00,0.0,15.583333333333334,0.0,15.5,0.0,0.0,0.0,0.0,0.0,0.0,0.0,7.958333333333333
2024-12-22 20:00:00+00:00,0.0,15.583333333333334,0.0,15.5,0.0,0.0,0.0,0.0,0.0,0.0,0.0,7.958333333333333
2024-12-22 21:00:00+00:00,0.0,15.583333333333334,0.0,15.5,0.0,0.0,0.0,0.0,0.0,0.0,0.0,7.958333333333333
2024-12-22 22:00:00+00:00,85.0,19.125,85.0,19.041666666666668,0.0,0.0,0.0,0.0,0.0,0.0,66.0,10.708333333333334
2024-12-22 23:00:00+00:00,83.0,22.583333333333332,83.0,22.5,0.0,0.0,0.0,0.0,0.0,0.0,77.0,13.916666666666666
2024-12-23 00:00:00+00:00,0.0,8.791666666666666,0.0,8.708333333333334,0.0,0.0,0.0,0.0,0.0,0.0,0.0,7.0
2024-12-23 01:00:00+00:00,2.0,8.875,0.0,8.708333333333334,0.0,0.0,0.0,0.0,0.0,0.0,0.0,7.0
2024-12-23 02:00:00+00:00,11.0,9.333333333333334,0.0,8.708333333333334,0.0,0.0,0.0,0.0,0.0,0.0,11.0,7.458333333333333
2024-12-23 03:00:00+00:00,0.0,9.333333333333334,0.0,8.708333333333334,0.0,0.0,0.0,0.0,0.0,0.0,0.0,7.458333333333333
2024-12-23 04:00:00+00:00,0.0,9.333333333333334,0.0,8.708333333333334,0.0,0.0,0.0,0.0,0.0,0.0,0.0,7.458333333333333
2024-12-23 05:00:00+00:00,4.0,9.5,0.0,8.708333333333334,0.0,0.0,0.0,0.0,0.0,0.0,0.0,7.458333333333333
2024-12-23 06:00:00+00:00,0.0,7.791666666666667,0.0,7.0,0.0,0.0,0.0,0.0,0.0,0.0,0.0,6.416666666666667
2024-12-23 07:00:00+00:00,2.0,7.875,2.0,7.083333333333333,0.0,0.0,0.0,0.0,0.0,0.0,0.0,6.416666666666667
2024-12-23 08:00:00+00:00,73.0,10.916666666666666,73.0,10.125,0.0,0.0,0.0,0.0,0.0,0.0,37.0,7.958333333333333
2024-12-23 09:00:00+00:00,0.0,10.916666666666666,0.0,10.125,0.0,0.0,0.0,0.0,0.0,0.0,0.0,7.958333333333333
2024-12-23 10:00:00+00:00,0.0,10.916666666666666,0.0,10.125,0.0,0.0,0.0,0.0,0.0,0.0,0.0,7.958333333333333
2024-12-23 11:00:00+00:00,0.0,10.916666666666666,0.0,10.125,0.0,0.0,0.0,0.0,0.0,0.0,0.0,7.958333333333333
2024-12-23 12:00:00+00:00,0.0,10.916666666666666,0.0,10.125,0.0,0.0,0.0,0.0,0.0,0.0,0.0,7.958333333333333
2024-12-23 13:00:00+00:00,0.0,10.916666666666666,0.0,10.125,0.0,0.0,0.0,0.0,0.0,0.0,0.0,7.958333333333333
2024-12-23 14:00:00+00:00,15.0,11.458333333333334,0.0,10.125,0.0,0.0,0.0,0.0,0.0,0.0,0.0,7.958333333333333
2024-12-23 15:00:00+00:00,0.0,11.458333333333334,0.0,10.125,0.0,0.0,0.0,0.0,0.0,0.0,0.0,7.958333333333333
2024-12-23 16:00:00+00:00,0.0,11.458333333333334,0.0,10.125,0.0,0.0,0.0,0.0,0.0,0.0,0.0,7.958333333333333
2024-12-23 17:00:00+00:00,0.0,11.458333333333334,0.0,10.125,0.0,0.0,0.0,0.0,0.0,0.0,0.0,7.958333333333333
2024-12-23 18:00:00+00:00,132.0,16.958333333333332,132.0,15.625,0.0,0.0,0.0,0.0,0.0,0.0,74.0,11.041666666666666
2024-12-23 19:00:00+00:00,0.0,16.958333333333332,0.0,15.625,0.0,0.0,0.0,0.0,0.0,0.0,0.0,11.041666666666666
2024-12-23 20:00:00+00:00,0.0,16.958333333333332,0.0,15.625,0.0,0.0,0.0,0.0,0.0,0.0,0.0,11.041666666666666
2024-12-23 21:00:00+00:00,0.0,16.958333333333332,0.0,15.625,0.0,0.0,0.0,0.0,0.0,0.0,0.0,11.041666666666666
2024-12-23 22:00:00+00:00,0.0,13.416666666666666,0.0,12.083333333333334,0.0,0.0,0.0,0.0,0.0,0.0,0.0,8.291666666666666
2024-12-23 23:00:00+00:00,0.0,9.958333333333334,0.0,8.625,0.0,0.0,0.0,0.0,0.0,0.0,0.0,5.083333333333333
2024-12-24 00:00:00+00:00,0.0,9.958333333333334,0.0,8.625,0.0,0.0,0.0,0.0,0.0,0.0,0.0,5.083333333333333
2024-12-24 01:00:00+00:00,63.0,12.5,63.0,11.25,0.0,0.0,0.0,0.0,0.0,0.0,32.0,6.416666666666667
2024-12-24 02:00:00+00:00,216.0,21.041666666666668,216.0,20.25,0.0,0.0,0.0,0.0,0.0,0.0,112.0,10.625
2024-12-24 03:00:00+00:00,34.0,22.458333333333332,34.0,21.666666666666668,0.0,0.0,0.0,0.0,0.0,0.0,18.0,11.375
2024-12-24 04:00:00+00:00,8.0,22.791666666666668,8.0,22.0,0.0,0.0,0.0,0.0,0.0,0.0,0.0,11.375
2024-12-24 05:00:00+00:00,125.0,27.833333333333332,125.0,27.208333333333332,0.0,0.0,0.0,0.0,0.0,0.0,98.0,15.458333333333334
2024-12-24 06:00:00+00:00,98.0,31.916666666666668,98.0,31.291666666666668,0.0,0.0,0.0,0.0,0.0,0.0,50.0,17.541666666666668
2024-12-24 07:00:00+00:00,124.0,37.0,124.0,36.375,0.0,0.0,0.0,0.0,0.0,0.0,98.0,21.625
2024-12-24 08:00:00+00:00,0.0,33.958333333333336,0.0,33.333333333333336,0.0,0.0,0.0,0.0,0.0,0.0,0.0,20.083333333333332
2024-12-24 09:00:00+00:00,0.0,33.958333333333336,0.0,33.333333333333336,0.0,0.0,0.0,0.0,0.0,0.0,0.0,20.083333333333332
2024-12-24 10:00:00+00:00,0.0,33.958333333333336,0.0,33.333333333333336,0.0,0.0,0.0,0.0,0.0,0.0,0.0,20.083333333333332
2024-12-24 11:00:00+00:00,0.0,33.958333333333336,0.0,33.333333333333336,0.0,0.0,0.0,0.0,0.0,0.0,0.0,20.083333333333332
2024-12-24 12:00:00+00:00,0.0,33.958333333333336,0.0,33.333333333333336,0.0,0.0,0.0,0.0,0.0,0.0,0.0,20.083333333333332
2024-12-24 13:00:00+00:00,13.0,34.5,0.0,33.333333333333336,0.0,0.0,0.0,0.0,0.0,0.0,9.0,20.458333333333332
2024-12-24 14:00:00+00:00,0.0,33.875,0.0,33.333333333333336,0.0,0.0,0.0,0.0,0.0,0.0,0.0,20.458333333333332
2024-12-24 15:00:00+00:00,0.0,33.875,0.0,33.333333333333336,0.0,0.0,0.0,0.0,0.0,0.0,0.0,20.458333333333332
2024-12-24 16:00:00+00:00,0.0,33.875,0.0,33.333333333333336,0.0,0.0,0.0,0.0,0.0,0.0,0.0,20.458333333333332
2024-12-24 17:00:00+00:00,0.0,33.875,0.0,33.333333333333336,0.0,0.0,0.0,0.0,0.0,0.0,0.0,20.458333333333332
2024-12-24 18:00:00+00:00,4.0,28.541666666666668,0.0,27.833333333333332,0.0,0.0,0.0,0.0,0.0,0.0,0.0,17.375
2024-12-24 19:00:00+00:00,0.0,28.541666666666668,0.0,27.833333333333332,0.0,0.0,0.0,0.0,0.0,0.0,0.0,17.375
2024-12-24 20:00:00+00:00,0.0,28.541666666666668,0.0,27.833333333333332,0.0,0.0,0.0,0.0,0.0,0.0,0.0,17.375
2024-12-24 21:00:00+00:00,0.0,28.541666666666668,0.0,27.833333333333332,0.0,0.0,0.0,0.0,0.0,0.0,0.0,17.375
2024-12-24 22:00:00+00:00,0.0,28.541666666666668,0.0,27.833333333333332,0.0,0.0,0.0,0.0,0.0,0.0,0.0,17.375
2024-12-24 23:00:00+00:00,0.0,28.541666666666668,0.0,27.833333333333332,0.0,0.0,0.0,0.0,0.0,0.0,0.0,17.375
2024-12-25 00:00:00+00:00,0.0,28.541666666666668,0.0,27.833333333333332,0.0,0.0,0.0,0.0,0.0,0.0,0.0,17.375
2024-12-25 01:00:00+00:00,0.0,25.916666666666668,0.0,25.208333333333332,0.0,0.0,0.0,0.0,0.0,0.0,0.0,16.041666666666668
2024-12-25 02:00:00+00:00,159.0,23.541666666666668,159.0,22.833333333333332,0.0,0.0,0.0,0.0,0.0,0.0,133.0,16.916666666666668
2024-12-25 03:00:00+00:00,0.0,22.125,0.0,21.416666666666668,0.0,0.0,0.0,0.0,0.0,0.0,0.0,16.166666666666668
2024-12-25 04:00:00+00:00,25.0,22.833333333333332,25.0,22.125,0.0,0.0,0.0,0.0,0.0,0.0,21.0,17.041666666666668
2024-12-25 05:00:00+00:00,0.0,17.625,0.0,16.916666666666668,0.0,0.0,0.0,0.0,0.0,0.0,0.0,12.958333333333334
2024-12-25 06:00:00+00:00,0.0,13.541666666666666,0.0,12.833333333333334,0.0,0.0,0.0,0.0,0.0,0.0,0.0,10.875
2024-12-25 07:00:00+00:00,0.0,8.375,0.0,7.666666666666667,0.0,0.0,0.0,0.0,0.0,0.0,0.0,6.791666666666667
2024-12-25 08:00:00+00:00,0.0,8.375,0.0,7.666666666666667,0.0,0.0,0.0,0.0,0.0,0.0,0.0,6.791666666666667
2024-12-25 09:00:00+00:00,0.0,8.375,0.0,7.666666666666667,0.0,0.0,0.0,0.0,0.0,0.0,0.0,6.791666666666667
2024-12-25 10:00:00+00:00,0.0,8.375,0.0,7.666666666666667,0.0,0.0,0.0,0.0,0.0,0.0,0.0,6.791666666666667
2024-12-25 11:00:00+00:00,0.0,8.375,0.0,7.666666666666667,0.0,0.0,0.0,0.0,0.0,0.0,0.0,6.791666666666667
2024-12-25 12:00:00+00:00,0.0,8.375,0.0,7.666666666666667,0.0,0.0,0.0,0.0,0.0,0.0,0.0,6.791666666666667
2024-12-25 13:00:00+00:00,0.0,7.833333333333333,0.0,7.666666666666667,0.0,0.0,0.0,0.0,0.0,0.0,0.0,6.416666666666667
2024-12-25 14:00:00+00:00,0.0,7.833333333333333,0.0,7.666666666666667,0.0,0.0,0.0,0.0,0.0,0.0,0.0,6.416666666666667
2024-12-25 15:00:00+00:00,0.0,7.833333333333333,0.0,7.666666666666667,0.0,0.0,0.0,0.0,0.0,0.0,0.0,6.416666666666667
2024-12-25 16:00:00+00:00,15.0,8.458333333333334,0.0,7.666666666666667,0.0,0.0,0.0,0.0,0.0,0.0,13.0,6.958333333333333
2024-12-25 17:00:00+00:00,0.0,8.458333333333334,0.0,7.666666666666667,0.0,0.0,0.0,0.0,0.0,0.0,0.0,6.958333333333333
2024-12-25 18:00:00+00:00,0.0,8.291666666666666,0.0,7.666666666666667,0.0,0.0,0.0,0.0,0.0,0.0,0.0,6.958333333333333
2024-12-25 19:00:00+00:00,0.0,8.291666666666666,0.0,7.666666666666667,0.0,0.0,0.0,0.0,0.0,0.0,0.0,6.958333333333333
2024-12-25 20:00:00+00:00,0.0,8.291666666666666,0.0,7.666666666666667,0.0,0.0,0.0,0.0,0.0,0.0,0.0,6.958333333333333
2024-12-25 21:00:00+00:00,0.0,8.291666666666666,0.0,7.666666666666667,0.0,0.0,0.0,0.0,0.0,0.0,0.0,6.958333333333333
2024-12-25 22:00:00+00:00,0.0,8.291666666666666,0.0,7.666666666666667,0.0,0.0,0.0,0.0,0.0,0.0,0.0,6.958333333333333
2024-12-25 23:00:00+00:00,0.0,8.291666666666666,0.0,7.666666666666667,0.0,0.0,0.0,0.0,0.0,0.0,0.0,6.958333333333333
2024-12-26 00:00:00+00:00,0.0,8.291666666666666,0.0,7.666666666666667,0.0,0.0,0.0,0.0,0.0,0.0,0.0,6.958333333333333
2024-12-26 01:00:00+00:00,111.0,12.916666666666666,111.0,12.291666666666666,0.0,0.0,0.0,0.0,0.0,0.0,47.0,8.916666666666666
2024-12-26 02:00:00+00:00,148.0,12.458333333333334,148.0,11.833333333333334,0.0,0.0,0.0,0.0,0.0,0.0,71.0,6.333333333333333
2024-12-26 03:00:00+00:00,0.0,12.458333333333334,0.0,11.833333333333334,0.0,0.0,0.0,0.0,0.0,0.0,0.0,6.333333333333333
2024-12-26 04:00:00+00:00,0.0,11.416666666666666,0.0,10.791666666666666,0.0,0.0,0.0,0.0,0.0,0.0,0.0,5.458333333333333
2024-12-26 05:00:00+00:00,0.0,11.416666666666666,0.0,10.791666666666666,0.0,0.0,0.0,0.0,0.0,0.0,0.0,5.458333333333333
2024-12-26 06:00:00+00:00,0.0,11.416666666666666,0.0,10.791666666666666,0.0,0.0,0.0,0.0,0.0,0.0,0.0,5.458333333333333
2024-12-26 07:00:00+00:00,0.0,11.416666666666666,0.0,10.791666666666666,0.0,0.0,0.0,0.0,0.0,0.0,0.0,5.458333333333333
2024-12-26 08:00:00+00:00,0.0,11.416666666666666,0.0,10.791666666666666,0.0,0.0,0.0,0.0,0.0,0.0,0.0,5.458333333333333
2024-12-26 09:00:00+00:00,0.0,11.416666666666666,0.0,10.791666666666666,0.0,0.0,0.0,0.0,0.0,0.0,0.0,5.458333333333333
2024-12-26 10:00:00+00:00,0.0,11.416666666666666,0.0,10.791666666666666,0.0,0.0,0.0,0.0,0.0,0.0,0.0,5.458333333333333
2024-12-26 11:00:00+00:00,0.0,11.416666666666666,0.0,10.791666666666666,0.0,0.0,0.0,0.0,0.0,0.0,0.0,5.458333333333333
2024-12-26 12:00:00+00:00,0.0,11.416666666666666,0.0,10.791666666666666,0.0,0.0,0.0,0.0,0.0,0.0,0.0,5.458333333333333
2024-12-26 13:00:00+00:00,0.0,11.416666666666666,0.0,10.791666666666666,0.0,0.0,0.0,0.0,0.0,0.0,0.0,5.458333333333333
2024-12-26 14:00:00+00:00,0.0,11.416666666666666,0.0,10.791666666666666,0.0,0.0,0.0,0.0,0.0,0.0,0.0,5.458333333333333
2024-12-26 15:00:00+00:00,0.0,11.416666666666666,0.0,10.791666666666666,0.0,0.0,0.0,0.0,0.0,0.0,0.0,5.458333333333333
2024-12-26 16:00:00+00:00,0.0,10.791666666666666,0.0,10.791666666666666,0.0,0.0,0.0,0.0,0.0,0.0,0.0,4.916666666666667
2024-12-26 17:00:00+00:00,0.0,10.791666666666666,0.0,10.791666666666666,0.0,0.0,0.0,0.0,0.0,0.0,0.0,4.916666666666667
2024-12-26 18:00:00+00:00,0.0,10.791666666666666,0.0,10.791666666666666,0.0,0.0,0.0,0.0,0.0,0.0,0.0,4.916666666666667
2024-12-26 19:00:00+00:00,0.0,10.791666666666666,0.0,10.791666666666666,0.0,0.0,0.0,0.0,0.0,0.0,0.0,4.916666666666667
2024-12-26 20:00:00+00:00,0.0,10.791666666666666,0.0,10.791666666666666,0.0,0.0,0.0,0.0,0.0,0.0,0.0,4.916666666666667
2024-12-26 21:00:00+00:00,0.0,10.791666666666666,0.0,10.791666666666666,0.0,0.0,0.0,0.0,0.0,0.0,0.0,4.916666666666667
2024-12-26 22:00:00+00:00,0.0,10.791666666666666,0.0,10.791666666666666,0.0,0.0,0.0,0.0,0.0,0.0,0.0,4.916666666666667
2024-12-26 23:00:00+00:00,0.0,10.791666666666666,0.0,10.791666666666666,0.0,0.0,0.0,0.0,0.0,0.0,0.0,4.916666666666667
2024-12-27 00:00:00+00:00,0.0,10.791666666666666,0.0,10.791666666666666,0.0,0.0,0.0,0.0,0.0,0.0,0.0,4.916666666666667
2024-12-27 01:00:00+00:00,0.0,6.166666666666667,0.0,6.166666666666667,0.0,0.0,0.0,0.0,0.0,0.0,0.0,2.9583333333333335
2024-12-27 02:00:00+00:00,0.0,0.0,0.0,0.0,0.0,0.0,0.0,0.0,0.0,0.0,0.0,0.0
2024-12-27 03:00:00+00:00,0.0,0.0,0.0,0.0,0.0,0.0,0.0,0.0,0.0,0.0,0.0,0.0
2024-12-27 04:00:00+00:00,0.0,0.0,0.0,0.0,0.0,0.0,0.0,0.0,0.0,0.0,0.0,0.0
2024-12-27 05:00:00+00:00,0.0,0.0,0.0,0.0,0.0,0.0,0.0,0.0,0.0,0.0,0.0,0.0
2024-12-27 06:00:00+00:00,0.0,0.0,0.0,0.0,0.0,0.0,0.0,0.0,0.0,0.0,0.0,0.0
2024-12-27 07:00:00+00:00,0.0,0.0,0.0,0.0,0.0,0.0,0.0,0.0,0.0,0.0,0.0,0.0
2024-12-27 08:00:00+00:00,0.0,0.0,0.0,0.0,0.0,0.0,0.0,0.0,0.0,0.0,0.0,0.0
2024-12-27 09:00:00+00:00,0.0,0.0,0.0,0.0,0.0,0.0,0.0,0.0,0.0,0.0,0.0,0.0
2024-12-27 10:00:00+00:00,0.0,0.0,0.0,0.0,0.0,0.0,0.0,0.0,0.0,0.0,0.0,0.0
2024-12-27 11:00:00+00:00,0.0,0.0,0.0,0.0,0.0,0.0,0.0,0.0,0.0,0.0,0.0,0.0
2024-12-27 12:00:00+00:00,60.0,2.5,60.0,2.5,0.0,0.0,0.0,0.0,0.0,0.0,36.0,1.5
2024-12-27 13:00:00+00:00,413.0,19.708333333333332,413.0,19.708333333333332,0.0,0.0,0.0,0.0,0.0,0.0,242.0,11.583333333333334
2024-12-27 14:00:00+00:00,0.0,19.708333333333332,0.0,19.708333333333332,0.0,0.0,0.0,0.0,0.0,0.0,0.0,11.583333333333334
2024-12-27 15:00:00+00:00,0.0,19.708333333333332,0.0,19.708333333333332,0.0,0.0,0.0,0.0,0.0,0.0,0.0,11.583333333333334
2024-12-27 16:00:00+00:00,0.0,19.708333333333332,0.0,19.708333333333332,0.0,0.0,0.0,0.0,0.0,0.0,0.0,11.583333333333334
2024-12-27 17:00:00+00:00,0.0,19.708333333333332,0.0,19.708333333333332,0.0,0.0,0.0,0.0,0.0,0.0,0.0,11.583333333333334
2024-12-27 18:00:00+00:00,0.0,19.708333333333332,0.0,19.708333333333332,0.0,0.0,0.0,0.0,0.0,0.0,0.0,11.583333333333334
2024-12-27 19:00:00+00:00,76.0,22.875,76.0,22.875,0.0,0.0,0.0,0.0,0.0,0.0,49.0,13.625
2024-12-27 20:00:00+00:00,219.0,32.0,219.0,32.0,0.0,0.0,0.0,0.0,0.0,0.0,114.0,18.375
2024-12-27 21:00:00+00:00,0.0,32.0,0.0,32.0,0.0,0.0,0.0,0.0,0.0,0.0,0.0,18.375
2024-12-27 22:00:00+00:00,45.0,33.875,45.0,33.875,0.0,0.0,0.0,0.0,0.0,0.0,23.0,19.333333333333332
2024-12-27 23:00:00+00:00,1.0,33.916666666666664,1.0,33.916666666666664,0.0,0.0,0.0,0.0,0.0,0.0,0.0,19.333333333333332
2024-12-28 00:00:00+00:00,93.0,37.791666666666664,93.0,37.791666666666664,0.0,0.0,0.0,0.0,0.0,0.0,64.0,22.0
2024-12-28 01:00:00+00:00,39.0,39.416666666666664,39.0,39.416666666666664,0.0,0.0,0.0,0.0,0.0,0.0,11.0,22.458333333333332
2024-12-28 02:00:00+00:00,1.0,39.458333333333336,0.0,39.416666666666664,0.0,0.0,0.0,0.0,0.0,0.0,0.0,22.458333333333332
2024-12-28 03:00:00+00:00,0.0,39.458333333333336,0.0,39.416666666666664,0.0,0.0,0.0,0.0,0.0,0.0,0.0,22.458333333333332
2024-12-28 04:00:00+00:00,17.0,40.166666666666664,0.0,39.416666666666664,0.0,0.0,0.0,0.0,0.0,0.0,17.0,23.166666666666668
2024-12-28 05:00:00+00:00,0.0,40.166666666666664,0.0,39.416666666666664,0.0,0.0,0.0,0.0,0.0,0.0,0.0,23.166666666666668
2024-12-28 06:00:00+00:00,0.0,40.166666666666664,0.0,39.416666666666664,0.0,0.0,0.0,0.0,0.0,0.0,0.0,23.166666666666668
2024-12-28 07:00:00+00:00,0.0,40.166666666666664,0.0,39.416666666666664,0.0,0.0,0.0,0.0,0.0,0.0,0.0,23.166666666666668
2024-12-28 08:00:00+00:00,88.0,43.833333333333336,88.0,43.083333333333336,0.0,0.0,0.0,0.0,0.0,0.0,58.0,25.583333333333332
2024-12-28 09:00:00+00:00,0.0,43.833333333333336,0.0,43.083333333333336,0.0,0.0,0.0,0.0,0.0,0.0,0.0,25.583333333333332
2024-12-28 10:00:00+00:00,15.0,44.458333333333336,0.0,43.083333333333336,0.0,0.0,0.0,0.0,0.0,0.0,0.0,25.583333333333332
2024-12-28 11:00:00+00:00,0.0,44.458333333333336,0.0,43.083333333333336,0.0,0.0,0.0,0.0,0.0,0.0,0.0,25.583333333333332
2024-12-28 12:00:00+00:00,15.0,42.583333333333336,0.0,40.583333333333336,0.0,0.0,0.0,0.0,0.0,0.0,0.0,24.083333333333332
2024-12-28 13:00:00+00:00,0.0,25.375,0.0,23.375,0.0,0.0,0.0,0.0,0.0,0.0,0.0,14.0
2024-12-28 14:00:00+00:00,0.0,25.375,0.0,23.375,0.0,0.0,0.0,0.0,0.0,0.0,0.0,14.0
2024-12-28 15:00:00+00:00,0.0,25.375,0.0,23.375,0.0,0.0,0.0,0.0,0.0,0.0,0.0,14.0
2024-12-28 16:00:00+00:00,0.0,25.375,0.0,23.375,0.0,0.0,0.0,0.0,0.0,0.0,0.0,14.0
2024-12-28 17:00:00+00:00,0.0,25.375,0.0,23.375,0.0,0.0,0.0,0.0,0.0,0.0,0.0,14.0
2024-12-28 18:00:00+00:00,0.0,25.375,0.0,23.375,0.0,0.0,0.0,0.0,0.0,0.0,0.0,14.0
2024-12-28 19:00:00+00:00,0.0,22.208333333333332,0.0,20.208333333333332,0.0,0.0,0.0,0.0,0.0,0.0,0.0,11.958333333333334
2024-12-28 20:00:00+00:00,0.0,13.083333333333334,0.0,11.083333333333334,0.0,0.0,0.0,0.0,0.0,0.0,0.0,7.208333333333333
2024-12-28 21:00:00+00:00,0.0,13.083333333333334,0.0,11.083333333333334,0.0,0.0,0.0,0.0,0.0,0.0,0.0,7.208333333333333
2024-12-28 22:00:00+00:00,0.0,11.208333333333334,0.0,9.208333333333334,0.0,0.0,0.0,0.0,0.0,0.0,0.0,6.25
2024-12-28 23:00:00+00:00,0.0,11.166666666666666,0.0,9.166666666666666,0.0,0.0,0.0,0.0,0.0,0.0,0.0,6.25
2024-12-29 00:00:00+00:00,0.0,7.291666666666667,0.0,5.291666666666667,0.0,0.0,0.0,0.0,0.0,0.0,0.0,3.5833333333333335
2024-12-29 01:00:00+00:00,0.0,5.666666666666667,0.0,3.6666666666666665,0.0,0.0,0.0,0.0,0.0,0.0,0.0,3.125
2024-12-29 02:00:00+00:00,0.0,5.625,0.0,3.6666666666666665,0.0,0.0,0.0,0.0,0.0,0.0,0.0,3.125
2024-12-29 03:00:00+00:00,0.0,5.625,0.0,3.6666666666666665,0.0,0.0,0.0,0.0,0.0,0.0,0.0,3.125
2024-12-29 04:00:00+00:00,0.0,4.916666666666667,0.0,3.6666666666666665,0.0,0.0,0.0,0.0,0.0,0.0,0.0,2.4166666666666665
2024-12-29 05:00:00+00:00,75.0,8.041666666666666,75.0,6.791666666666667,0.0,0.0,0.0,0.0,0.0,0.0,48.0,4.416666666666667
2024-12-29 06:00:00+00:00,0.0,8.041666666666666,0.0,6.791666666666667,0.0,0.0,0.0,0.0,0.0,0.0,0.0,4.416666666666667
2024-12-29 07:00:00+00:00,18.0,8.791666666666666,18.0,7.541666666666667,0.0,0.0,0.0,0.0,0.0,0.0,18.0,5.166666666666667
2024-12-29 08:00:00+00:00,115.0,9.916666666666666,115.0,8.666666666666666,0.0,0.0,0.0,0.0,0.0,0.0,74.0,5.833333333333333
2024-12-29 09:00:00+00:00,92.0,13.75,92.0,12.5,0.0,0.0,0.0,0.0,0.0,0.0,56.0,8.166666666666666
2024-12-29 10:00:00+00:00,0.0,13.125,0.0,12.5,0.0,0.0,0.0,0.0,0.0,0.0,0.0,8.166666666666666
2024-12-29 11:00:00+00:00,25.0,14.166666666666666,25.0,13.541666666666666,0.0,0.0,0.0,0.0,0.0,0.0,19.0,8.958333333333334
2024-12-29 12:00:00+00:00,0.0,13.541666666666666,0.0,13.541666666666666,0.0,0.0,0.0,0.0,0.0,0.0,0.0,8.958333333333334
2024-12-29 13:00:00+00:00,97.0,17.583333333333332,97.0,17.583333333333332,0.0,0.0,0.0,0.0,0.0,0.0,78.0,12.208333333333334
2024-12-29 14:00:00+00:00,112.0,22.25,112.0,22.25,0.0,0.0,0.0,0.0,0.0,0.0,84.0,15.708333333333334
2024-12-29 15:00:00+00:00,244.0,32.416666666666664,244.0,32.416666666666664,0.0,0.0,0.0,0.0,0.0,0.0,197.0,23.916666666666668
2024-12-29 16:00:00+00:00,81.0,35.791666666666664,81.0,35.791666666666664,0.0,0.0,0.0,0.0,0.0,0.0,60.0,26.416666666666668
2024-12-29 17:00:00+00:00,0.0,35.791666666666664,0.0,35.791666666666664,0.0,0.0,0.0,0.0,0.0,0.0,0.0,26.416666666666668
2024-12-29 18:00:00+00:00,10.0,36.208333333333336,0.0,35.791666666666664,0.0,0.0,0.0,0.0,0.0,0.0,6.0,26.666666666666668
2024-12-29 19:00:00+00:00,0.0,36.208333333333336,0.0,35.791666666666664,0.0,0.0,0.0,0.0,0.0,0.0,0.0,26.666666666666668
2024-12-29 20:00:00+00:00,0.0,36.208333333333336,0.0,35.791666666666664,0.0,0.0,0.0,0.0,0.0,0.0,0.0,26.666666666666668
2024-12-29 21:00:00+00:00,271.0,47.5,271.0,47.083333333333336,0.0,0.0,0.0,0.0,0.0,0.0,177.0,34.041666666666664
2024-12-29 22:00:00+00:00,0.0,47.5,0.0,47.083333333333336,0.0,0.0,0.0,0.0,0.0,0.0,0.0,34.041666666666664
2024-12-29 23:00:00+00:00,0.0,47.5,0.0,47.083333333333336,0.0,0.0,0.0,0.0,0.0,0.0,0.0,34.041666666666664
2024-12-30 00:00:00+00:00,0.0,47.5,0.0,47.083333333333336,0.0,0.0,0.0,0.0,0.0,0.0,0.0,34.041666666666664
2024-12-30 01:00:00+00:00,0.0,47.5,0.0,47.083333333333336,0.0,0.0,0.0,0.0,0.0,0.0,0.0,34.041666666666664
2024-12-30 02:00:00+00:00,0.0,47.5,0.0,47.083333333333336,0.0,0.0,0.0,0.0,0.0,0.0,0.0,34.041666666666664
2024-12-30 03:00:00+00:00,0.0,47.5,0.0,47.083333333333336,0.0,0.0,0.0,0.0,0.0,0.0,0.0,34.041666666666664
2024-12-30 04:00:00+00:00,0.0,47.5,0.0,47.083333333333336,0.0,0.0,0.0,0.0,0.0,0.0,0.0,34.041666666666664
2024-12-30 05:00:00+00:00,0.0,44.375,0.0,43.958333333333336,0.0,0.0,0.0,0.0,0.0,0.0,0.0,32.041666666666664
2024-12-30 06:00:00+00:00,0.0,44.375,0.0,43.958333333333336,0.0,0.0,0.0,0.0,0.0,0.0,0.0,32.041666666666664
2024-12-30 07:00:00+00:00,0.0,43.625,0.0,43.208333333333336,0.0,0.0,0.0,0.0,0.0,0.0,0.0,31.291666666666668
2024-12-30 08:00:00+00:00,0.0,38.833333333333336,0.0,38.416666666666664,0.0,0.0,0.0,0.0,0.0,0.0,0.0,28.208333333333332
2024-12-30 09:00:00+00:00,0.0,35.0,0.0,34.583333333333336,0.0,0.0,0.0,0.0,0.0,0.0,0.0,25.875
2024-12-30 10:00:00+00:00,1.0,35.041666666666664,0.0,34.583333333333336,0.0,0.0,0.0,0.0,0.0,0.0,0.0,25.875
2024-12-30 11:00:00+00:00,10.0,34.416666666666664,0.0,33.541666666666664,0.0,0.0,0.0,0.0,0.0,0.0,0.0,25.083333333333332
2024-12-30 12:00:00+00:00,0.0,34.416666666666664,0.0,33.541666666666664,0.0,0.0,0.0,0.0,0.0,0.0,0.0,25.083333333333332
2024-12-30 13:00:00+00:00,150.0,36.625,150.0,35.75,0.0,0.0,0.0,0.0,0.0,0.0,79.0,25.125
2024-12-30 14:00:00+00:00,43.0,33.75,43.0,32.875,0.0,0.0,0.0,0.0,0.0,0.0,26.0,22.708333333333332
2024-12-30 15:00:00+00:00,12.0,24.083333333333332,12.0,23.208333333333332,0.0,0.0,0.0,0.0,0.0,0.0,0.0,14.5
2024-12-30 16:00:00+00:00,139.0,26.5,139.0,25.625,0.0,0.0,0.0,0.0,0.0,0.0,93.0,15.875
2024-12-30 17:00:00+00:00,0.0,26.5,0.0,25.625,0.0,0.0,0.0,0.0,0.0,0.0,0.0,15.875
2024-12-30 18:00:00+00:00,0.0,26.083333333333332,0.0,25.625,0.0,0.0,0.0,0.0,0.0,0.0,0.0,15.625
2024-12-30 19:00:00+00:00,0.0,26.083333333333332,0.0,25.625,0.0,0.0,0.0,0.0,0.0,0.0,0.0,15.625
2024-12-30 20:00:00+00:00,7.0,26.375,0.0,25.625,0.0,0.0,0.0,0.0,0.0,0.0,7.0,15.916666666666666
2024-12-30 21:00:00+00:00,0.0,15.083333333333334,0.0,14.333333333333334,0.0,0.0,0.0,0.0,0.0,0.0,0.0,8.541666666666666
2024-12-30 22:00:00+00:00,0.0,15.083333333333334,0.0,14.333333333333334,0.0,0.0,0.0,0.0,0.0,0.0,0.0,8.541666666666666
2024-12-30 23:00:00+00:00,0.0,15.083333333333334,0.0,14.333333333333334,0.0,0.0,0.0,0.0,0.0,0.0,0.0,8.541666666666666
2024-12-31 00:00:00+00:00,0.0,15.083333333333334,0.0,14.333333333333334,0.0,0.0,0.0,0.0,0.0,0.0,0.0,8.541666666666666
2024-12-31 01:00:00+00:00,0.0,15.083333333333334,0.0,14.333333333333334,0.0,0.0,0.0,0.0,0.0,0.0,0.0,8.541666666666666
2024-12-31 02:00:00+00:00,0.0,15.083333333333334,0.0,14.333333333333334,0.0,0.0,0.0,0.0,0.0,0.0,0.0,8.541666666666666
2024-12-31 03:00:00+00:00,2.0,15.166666666666666,0.0,14.333333333333334,2.0,0.08333333333333333,0.0,0.0,0.0,0.0,0.0,8.541666666666666
2024-12-31 04:00:00+00:00,0.0,15.166666666666666,0.0,14.333333333333334,0.0,0.08333333333333333,0.0,0.0,0.0,0.0,0.0,8.541666666666666
2024-12-31 05:00:00+00:00,0.0,15.166666666666666,0.0,14.333333333333334,0.0,0.08333333333333333,0.0,0.0,0.0,0.0,0.0,8.541666666666666
2024-12-31 06:00:00+00:00,0.0,15.166666666666666,0.0,14.333333333333334,0.0,0.08333333333333333,0.0,0.0,0.0,0.0,0.0,8.541666666666666
2024-12-31 07:00:00+00:00,0.0,15.166666666666666,0.0,14.333333333333334,0.0,0.08333333333333333,0.0,0.0,0.0,0.0,0.0,8.541666666666666
2024-12-31 08:00:00+00:00,0.0,15.166666666666666,0.0,14.333333333333334,0.0,0.08333333333333333,0.0,0.0,0.0,0.0,0.0,8.541666666666666
2024-12-31 09:00:00+00:00,0.0,15.166666666666666,0.0,14.333333333333334,0.0,0.08333333333333333,0.0,0.0,0.0,0.0,0.0,8.541666666666666
2024-12-31 10:00:00+00:00,0.0,15.125,0.0,14.333333333333334,0.0,0.08333333333333333,0.0,0.0,0.0,0.0,0.0,8.541666666666666
2024-12-31 11:00:00+00:00,17.0,15.416666666666666,0.0,14.333333333333334,17.0,0.7916666666666666,0.0,0.0,0.0,0.0,10.0,8.958333333333334
2024-12-31 12:00:00+00:00,0.0,15.416666666666666,0.0,14.333333333333334,0.0,0.7916666666666666,0.0,0.0,0.0,0.0,0.0,8.958333333333334
2024-12-31 13:00:00+00:00,0.0,9.166666666666666,0.0,8.083333333333334,0.0,0.7916666666666666,0.0,0.0,0.0,0.0,0.0,5.666666666666667
2024-12-31 14:00:00+00:00,10.0,7.791666666666667,0.0,6.291666666666667,10.0,1.2083333333333333,0.0,0.0,0.0,0.0,7.0,4.875
2024-12-31 15:00:00+00:00,0.0,7.291666666666667,0.0,5.791666666666667,0.0,1.2083333333333333,0.0,0.0,0.0,0.0,0.0,4.875
2024-12-31 16:00:00+00:00,0.0,1.5,0.0,0.0,0.0,1.2083333333333333,0.0,0.0,0.0,0.0,0.0,1.0
2024-12-31 17:00:00+00:00,0.0,1.5,0.0,0.0,0.0,1.2083333333333333,0.0,0.0,0.0,0.0,0.0,1.0
2024-12-31 18:00:00+00:00,0.0,1.5,0.0,0.0,0.0,1.2083333333333333,0.0,0.0,0.0,0.0,0.0,1.0
2024-12-31 19:00:00+00:00,0.0,1.5,0.0,0.0,0.0,1.2083333333333333,0.0,0.0,0.0,0.0,0.0,1.0
2024-12-31 20:00:00+00:00,0.0,1.2083333333333333,0.0,0.0,0.0,1.2083333333333333,0.0,0.0,0.0,0.0,0.0,0.7083333333333334
2024-12-31 21:00:00+00:00,12.0,1.7083333333333333,0.0,0.0,12.0,1.7083333333333333,0.0,0.0,0.0,0.0,11.0,1.1666666666666667
2024-12-31 22:00:00+00:00,0.0,1.7083333333333333,0.0,0.0,0.0,1.7083333333333333,0.0,0.0,0.0,0.0,0.0,1.1666666666666667
2024-12-31 23:00:00+00:00,0.0,1.7083333333333333,0.0,0.0,0.0,1.7083333333333333,0.0,0.0,0.0,0.0,0.0,1.1666666666666667
2025-01-01 00:00:00+00:00,0.0,1.7083333333333333,0.0,0.0,0.0,1.7083333333333333,0.0,0.0,0.0,0.0,0.0,1.1666666666666667
2025-01-01 01:00:00+00:00,0.0,1.7083333333333333,0.0,0.0,0.0,1.7083333333333333,0.0,0.0,0.0,0.0,0.0,1.1666666666666667
2025-01-01 02:00:00+00:00,0.0,1.7083333333333333,0.0,0.0,0.0,1.7083333333333333,0.0,0.0,0.0,0.0,0.0,1.1666666666666667
2025-01-01 03:00:00+00:00,0.0,1.625,0.0,0.0,0.0,1.625,0.0,0.0,0.0,0.0,0.0,1.1666666666666667
2025-01-01 04:00:00+00:00,0.0,1.625,0.0,0.0,0.0,1.625,0.0,0.0,0.0,0.0,0.0,1.1666666666666667
2025-01-01 05:00:00+00:00,35.0,3.0833333333333335,35.0,1.4583333333333333,35.0,3.0833333333333335,0.0,0.0,0.0,0.0,28.0,2.3333333333333335
2025-01-01 06:00:00+00:00,0.0,3.0833333333333335,0.0,1.4583333333333333,0.0,3.0833333333333335,0.0,0.0,0.0,0.0,0.0,2.3333333333333335
2025-01-01 07:00:00+00:00,0.0,3.0833333333333335,0.0,1.4583333333333333,0.0,3.0833333333333335,0.0,0.0,0.0,0.0,0.0,2.3333333333333335
2025-01-01 08:00:00+00:00,0.0,3.0833333333333335,0.0,1.4583333333333333,0.0,3.0833333333333335,0.0,0.0,0.0,0.0,0.0,2.3333333333333335
2025-01-01 09:00:00+00:00,108.0,7.583333333333333,108.0,5.958333333333333,108.0,7.583333333333333,0.0,0.0,0.0,0.0,93.0,6.208333333333333
2025-01-01 10:00:00+00:00,203.0,16.041666666666668,203.0,14.416666666666666,203.0,16.041666666666668,0.0,0.0,0.0,0.0,77.0,9.416666666666666
2025-01-01 11:00:00+00:00,165.0,22.208333333333332,165.0,21.291666666666668,165.0,22.208333333333332,0.0,0.0,0.0,0.0,48.0,11.0
2025-01-01 12:00:00+00:00,67.0,25.0,67.0,24.083333333333332,67.0,25.0,0.0,0.0,0.0,0.0,66.0,13.75
2025-01-01 13:00:00+00:00,15.0,25.625,15.0,24.708333333333332,15.0,25.625,0.0,0.0,0.0,0.0,15.0,14.375
2025-01-01 14:00:00+00:00,12.0,25.708333333333332,0.0,24.708333333333332,12.0,25.708333333333332,0.0,0.0,0.0,0.0,12.0,14.583333333333334
2025-01-01 15:00:00+00:00,0.0,25.708333333333332,0.0,24.708333333333332,0.0,25.708333333333332,0.0,0.0,0.0,0.0,0.0,14.583333333333334
2025-01-01 16:00:00+00:00,3.0,25.833333333333332,3.0,24.833333333333332,3.0,25.833333333333332,0.0,0.0,0.0,0.0,0.0,14.583333333333334
2025-01-01 17:00:00+00:00,298.0,38.25,298.0,37.25,298.0,38.25,0.0,0.0,0.0,0.0,219.0,23.708333333333332
2025-01-01 18:00:00+00:00,0.0,38.25,0.0,37.25,0.0,38.25,0.0,0.0,0.0,0.0,0.0,23.708333333333332
2025-01-01 19:00:00+00:00,0.0,38.25,0.0,37.25,0.0,38.25,0.0,0.0,0.0,0.0,0.0,23.708333333333332
2025-01-01 20:00:00+00:00,0.0,38.25,0.0,37.25,0.0,38.25,0.0,0.0,0.0,0.0,0.0,23.708333333333332
2025-01-01 21:00:00+00:00,0.0,37.75,0.0,37.25,0.0,37.75,0.0,0.0,0.0,0.0,0.0,23.25
2025-01-01 22:00:00+00:00,0.0,37.75,0.0,37.25,0.0,37.75,0.0,0.0,0.0,0.0,0.0,23.25
2025-01-01 23:00:00+00:00,0.0,37.75,0.0,37.25,0.0,37.75,0.0,0.0,0.0,0.0,0.0,23.25
2025-01-02 00:00:00+00:00,0.0,37.75,0.0,37.25,0.0,37.75,0.0,0.0,0.0,0.0,0.0,23.25
2025-01-02 01:00:00+00:00,0.0,37.75,0.0,37.25,0.0,37.75,0.0,0.0,0.0,0.0,0.0,23.25
2025-01-02 02:00:00+00:00,0.0,37.75,0.0,37.25,0.0,37.75,0.0,0.0,0.0,0.0,0.0,23.25
2025-01-02 03:00:00+00:00,0.0,37.75,0.0,37.25,0.0,37.75,0.0,0.0,0.0,0.0,0.0,23.25
2025-01-02 04:00:00+00:00,0.0,37.75,0.0,37.25,0.0,37.75,0.0,0.0,0.0,0.0,0.0,23.25
2025-01-02 05:00:00+00:00,144.0,42.291666666666664,144.0,41.791666666666664,0.0,36.291666666666664,0.0,0.0,0.0,0.0,133.0,27.625
2025-01-02 06:00:00+00:00,0.0,42.291666666666664,0.0,41.791666666666664,0.0,36.291666666666664,0.0,0.0,0.0,0.0,0.0,27.625
2025-01-02 07:00:00+00:00,0.0,42.291666666666664,0.0,41.791666666666664,0.0,36.291666666666664,0.0,0.0,0.0,0.0,0.0,27.625
2025-01-02 08:00:00+00:00,0.0,42.291666666666664,0.0,41.791666666666664,0.0,36.291666666666664,0.0,0.0,0.0,0.0,0.0,27.625
2025-01-02 09:00:00+00:00,0.0,37.791666666666664,0.0,37.291666666666664,0.0,31.791666666666668,0.0,0.0,0.0,0.0,0.0,23.75
2025-01-02 10:00:00+00:00,0.0,29.333333333333332,0.0,28.833333333333332,0.0,23.333333333333332,0.0,0.0,0.0,0.0,0.0,20.541666666666668
2025-01-02 11:00:00+00:00,0.0,22.458333333333332,0.0,21.958333333333332,0.0,16.458333333333332,0.0,0.0,0.0,0.0,0.0,18.541666666666668
2025-01-02 12:00:00+00:00,40.0,21.333333333333332,40.0,20.833333333333332,0.0,13.666666666666666,0.0,0.0,0.0,0.0,25.0,16.833333333333332
2025-01-02 13:00:00+00:00,172.0,27.875,172.0,27.375,0.0,13.041666666666666,0.0,0.0,0.0,0.0,122.0,21.291666666666668
2025-01-02 14:00:00+00:00,108.0,31.875,108.0,31.875,0.0,12.541666666666666,0.0,0.0,0.0,0.0,72.0,23.791666666666668
2025-01-02 15:00:00+00:00,42.0,33.625,42.0,33.625,0.0,12.541666666666666,0.0,0.0,0.0,0.0,16.0,24.458333333333332
2025-01-02 16:00:00+00:00,50.0,35.583333333333336,50.0,35.583333333333336,0.0,12.416666666666666,0.0,0.0,0.0,0.0,43.0,26.25
2025-01-02 17:00:00+00:00,104.0,27.5,104.0,27.5,0.0,0.0,0.0,0.0,0.0,0.0,73.0,20.166666666666668
2025-01-02 18:00:00+00:00,0.0,27.5,0.0,27.5,0.0,0.0,0.0,0.0,0.0,0.0,0.0,20.166666666666668
2025-01-02 19:00:00+00:00,0.0,27.5,0.0,27.5,0.0,0.0,0.0,0.0,0.0,0.0,0.0,20.166666666666668
2025-01-02 20:00:00+00:00,0.0,27.5,0.0,27.5,0.0,0.0,0.0,0.0,0.0,0.0,0.0,20.166666666666668
2025-01-02 21:00:00+00:00,0.0,27.5,0.0,27.5,0.0,0.0,0.0,0.0,0.0,0.0,0.0,20.166666666666668
2025-01-02 22:00:00+00:00,0.0,27.5,0.0,27.5,0.0,0.0,0.0,0.0,0.0,0.0,0.0,20.166666666666668
2025-01-02 23:00:00+00:00,0.0,27.5,0.0,27.5,0.0,0.0,0.0,0.0,0.0,0.0,0.0,20.166666666666668
2025-01-03 00:00:00+00:00,0.0,27.5,0.0,27.5,0.0,0.0,0.0,0.0,0.0,0.0,0.0,20.166666666666668
2025-01-03 01:00:00+00:00,0.0,27.5,0.0,27.5,0.0,0.0,0.0,0.0,0.0,0.0,0.0,20.166666666666668
2025-01-03 02:00:00+00:00,0.0,27.5,0.0,27.5,0.0,0.0,0.0,0.0,0.0,0.0,0.0,20.166666666666668
2025-01-03 03:00:00+00:00,0.0,27.5,0.0,27.5,0.0,0.0,0.0,0.0,0.0,0.0,0.0,20.166666666666668
2025-01-03 04:00:00+00:00,118.0,32.416666666666664,118.0,32.416666666666664,0.0,0.0,0.0,0.0,0.0,0.0,113.0,24.875
2025-01-03 05:00:00+00:00,34.0,27.833333333333332,34.0,27.833333333333332,0.0,0.0,0.0,0.0,0.0,0.0,28.0,20.5
2025-01-03 06:00:00+00:00,0.0,27.833333333333332,0.0,27.833333333333332,0.0,0.0,0.0,0.0,0.0,0.0,0.0,20.5
2025-01-03 07:00:00+00:00,0.0,27.833333333333332,0.0,27.833333333333332,0.0,0.0,0.0,0.0,0.0,0.0,0.0,20.5
2025-01-03 08:00:00+00:00,0.0,27.833333333333332,0.0,27.833333333333332,0.0,0.0,0.0,0.0,0.0,0.0,0.0,20.5
2025-01-03 09:00:00+00:00,14.0,28.416666666666668,0.0,27.833333333333332,0.0,0.0,0.0,0.0,0.0,0.0,7.0,20.791666666666668
2025-01-03 10:00:00+00:00,305.0,41.125,305.0,40.541666666666664,0.0,0.0,0.0,0.0,0.0,0.0,216.0,29.791666666666668
2025-01-03 11:00:00+00:00,82.0,44.541666666666664,82.0,43.958333333333336,0.0,0.0,0.0,0.0,0.0,0.0,54.0,32.041666666666664
2025-01-03 12:00:00+00:00,65.0,45.583333333333336,65.0,45.0,0.0,0.0,0.0,0.0,0.0,0.0,54.0,33.25
2025-01-03 13:00:00+00:00,0.0,38.416666666666664,0.0,37.833333333333336,0.0,0.0,0.0,0.0,0.0,0.0,0.0,28.166666666666668
2025-01-03 14:00:00+00:00,0.0,33.916666666666664,0.0,33.333333333333336,0.0,0.0,0.0,0.0,0.0,0.0,0.0,25.166666666666668
2025-01-03 15:00:00+00:00,0.0,32.166666666666664,0.0,31.583333333333332,0.0,0.0,0.0,0.0,0.0,0.0,0.0,24.5
2025-01-03 16:00:00+00:00,0.0,30.083333333333332,0.0,29.5,0.0,0.0,0.0,0.0,0.0,0.0,0.0,22.708333333333332
2025-01-03 17:00:00+00:00,0.0,25.75,0.0,25.166666666666668,0.0,0.0,0.0,0.0,0.0,0.0,0.0,19.666666666666668
2025-01-03 18:00:00+00:00,0.0,25.75,0.0,25.166666666666668,0.0,0.0,0.0,0.0,0.0,0.0,0.0,19.666666666666668
2025-01-03 19:00:00+00:00,0.0,25.75,0.0,25.166666666666668,0.0,0.0,0.0,0.0,0.0,0.0,0.0,19.666666666666668
2025-01-03 20:00:00+00:00,0.0,25.75,0.0,25.166666666666668,0.0,0.0,0.0,0.0,0.0,0.0,0.0,19.666666666666668
2025-01-03 21:00:00+00:00,0.0,25.75,0.0,25.166666666666668,0.0,0.0,0.0,0.0,0.0,0.0,0.0,19.666666666666668
2025-01-03 22:00:00+00:00,0.0,25.75,0.0,25.166666666666668,0.0,0.0,0.0,0.0,0.0,0.0,0.0,19.666666666666668
2025-01-03 23:00:00+00:00,0.0,25.75,0.0,25.166666666666668,0.0,0.0,0.0,0.0,0.0,0.0,0.0,19.666666666666668
2025-01-04 00:00:00+00:00,0.0,25.75,0.0,25.166666666666668,0.0,0.0,0.0,0.0,0.0,0.0,0.0,19.666666666666668
2025-01-04 01:00:00+00:00,0.0,25.75,0.0,25.166666666666668,0.0,0.0,0.0,0.0,0.0,0.0,0.0,19.666666666666668
2025-01-04 02:00:00+00:00,0.0,25.75,0.0,25.166666666666668,0.0,0.0,0.0,0.0,0.0,0.0,0.0,19.666666666666668
2025-01-04 03:00:00+00:00,0.0,25.75,0.0,25.166666666666668,0.0,0.0,0.0,0.0,0.0,0.0,0.0,19.666666666666668
2025-01-04 04:00:00+00:00,0.0,20.833333333333332,0.0,20.25,0.0,0.0,0.0,0.0,0.0,0.0,0.0,14.958333333333334
2025-01-04 05:00:00+00:00,25.0,20.458333333333332,25.0,19.875,0.0,0.0,0.0,0.0,0.0,0.0,20.0,14.625
2025-01-04 06:00:00+00:00,57.0,22.833333333333332,57.0,22.25,0.0,0.0,0.0,0.0,0.0,0.0,56.0,16.958333333333332
2025-01-04 07:00:00+00:00,192.0,30.833333333333332,192.0,30.25,0.0,0.0,0.0,0.0,0.0,0.0,157.0,23.5
2025-01-04 08:00:00+00:00,0.0,30.833333333333332,0.0,30.25,0.0,0.0,0.0,0.0,0.0,0.0,0.0,23.5
2025-01-04 09:00:00+00:00,0.0,30.25,0.0,30.25,0.0,0.0,0.0,0.0,0.0,0.0,0.0,23.208333333333332
2025-01-04 10:00:00+00:00,0.0,17.541666666666668,0.0,17.541666666666668,0.0,0.0,0.0,0.0,0.0,0.0,0.0,14.208333333333334
2025-01-04 11:00:00+00:00,0.0,14.125,0.0,14.125,0.0,0.0,0.0,0.0,0.0,0.0,0.0,11.958333333333334
2025-01-04 12:00:00+00:00,0.0,11.416666666666666,0.0,11.416666666666666,0.0,0.0,0.0,0.0,0.0,0.0,0.0,9.708333333333334
2025-01-04 13:00:00+00:00,3.0,11.541666666666666,0.0,11.416666666666666,0.0,0.0,0.0,0.0,0.0,0.0,0.0,9.708333333333334
2025-01-04 14:00:00+00:00,0.0,11.541666666666666,0.0,11.416666666666666,0.0,0.0,0.0,0.0,0.0,0.0,0.0,9.708333333333334
2025-01-04 15:00:00+00:00,54.0,13.791666666666666,54.0,13.666666666666666,0.0,0.0,0.0,0.0,0.0,0.0,42.0,11.458333333333334
2025-01-04 16:00:00+00:00,26.0,14.875,26.0,14.75,0.0,0.0,0.0,0.0,0.0,0.0,0.0,11.458333333333334
2025-01-04 17:00:00+00:00,0.0,14.875,0.0,14.75,0.0,0.0,0.0,0.0,0.0,0.0,0.0,11.458333333333334
2025-01-04 18:00:00+00:00,0.0,14.875,0.0,14.75,0.0,0.0,0.0,0.0,0.0,0.0,0.0,11.458333333333334
2025-01-04 19:00:00+00:00,0.0,14.875,0.0,14.75,0.0,0.0,0.0,0.0,0.0,0.0,0.0,11.458333333333334
2025-01-04 20:00:00+00:00,0.0,14.875,0.0,14.75,0.0,0.0,0.0,0.0,0.0,0.0,0.0,11.458333333333334
2025-01-04 21:00:00+00:00,0.0,14.875,0.0,14.75,0.0,0.0,0.0,0.0,0.0,0.0,0.0,11.458333333333334
2025-01-04 22:00:00+00:00,0.0,14.875,0.0,14.75,0.0,0.0,0.0,0.0,0.0,0.0,0.0,11.458333333333334
2025-01-04 23:00:00+00:00,0.0,14.875,0.0,14.75,0.0,0.0,0.0,0.0,0.0,0.0,0.0,11.458333333333334
2025-01-05 00:00:00+00:00,0.0,14.875,0.0,14.75,0.0,0.0,0.0,0.0,0.0,0.0,0.0,11.458333333333334
2025-01-05 01:00:00+00:00,0.0,14.875,0.0,14.75,0.0,0.0,0.0,0.0,0.0,0.0,0.0,11.458333333333334
2025-01-05 02:00:00+00:00,0.0,14.875,0.0,14.75,0.0,0.0,0.0,0.0,0.0,0.0,0.0,11.458333333333334
2025-01-05 03:00:00+00:00,0.0,14.875,0.0,14.75,0.0,0.0,0.0,0.0,0.0,0.0,0.0,11.458333333333334
2025-01-05 04:00:00+00:00,8.0,15.208333333333334,0.0,14.75,0.0,0.0,0.0,0.0,0.0,0.0,8.0,11.791666666666666
2025-01-05 05:00:00+00:00,42.0,15.916666666666666,42.0,15.458333333333334,0.0,0.0,0.0,0.0,0.0,0.0,28.0,12.125
2025-01-05 06:00:00+00:00,7.0,13.833333333333334,0.0,13.083333333333334,0.0,0.0,0.0,0.0,0.0,0.0,7.0,10.083333333333334
2025-01-05 07:00:00+00:00,0.0,5.833333333333333,0.0,5.083333333333333,0.0,0.0,0.0,0.0,0.0,0.0,0.0,3.5416666666666665
2025-01-05 08:00:00+00:00,0.0,5.833333333333333,0.0,5.083333333333333,0.0,0.0,0.0,0.0,0.0,0.0,0.0,3.5416666666666665
2025-01-05 09:00:00+00:00,280.0,17.5,280.0,16.75,0.0,0.0,0.0,0.0,0.0,0.0,216.0,12.541666666666666
2025-01-05 10:00:00+00:00,0.0,17.5,0.0,16.75,0.0,0.0,0.0,0.0,0.0,0.0,0.0,12.541666666666666
2025-01-05 11:00:00+00:00,0.0,17.5,0.0,16.75,0.0,0.0,0.0,0.0,0.0,0.0,0.0,12.541666666666666
2025-01-05 12:00:00+00:00,0.0,17.5,0.0,16.75,0.0,0.0,0.0,0.0,0.0,0.0,0.0,12.541666666666666
2025-01-05 13:00:00+00:00,0.0,17.375,0.0,16.75,0.0,0.0,0.0,0.0,0.0,0.0,0.0,12.541666666666666
2025-01-05 14:00:00+00:00,90.0,21.125,90.0,20.5,0.0,0.0,0.0,0.0,0.0,0.0,82.0,15.958333333333334
2025-01-05 15:00:00+00:00,118.0,23.791666666666668,118.0,23.166666666666668,0.0,0.0,0.0,0.0,0.0,0.0,82.0,17.625
2025-01-05 16:00:00+00:00,25.0,23.75,25.0,23.125,0.0,0.0,0.0,0.0,0.0,0.0,15.0,18.25
2025-01-05 17:00:00+00:00,0.0,23.75,0.0,23.125,0.0,0.0,0.0,0.0,0.0,0.0,0.0,18.25
2025-01-05 18:00:00+00:00,0.0,23.75,0.0,23.125,0.0,0.0,0.0,0.0,0.0,0.0,0.0,18.25
2025-01-05 19:00:00+00:00,0.0,23.75,0.0,23.125,0.0,0.0,0.0,0.0,0.0,0.0,0.0,18.25
2025-01-05 20:00:00+00:00,0.0,23.75,0.0,23.125,0.0,0.0,0.0,0.0,0.0,0.0,0.0,18.25
2025-01-05 21:00:00+00:00,0.0,23.75,0.0,23.125,0.0,0.0,0.0,0.0,0.0,0.0,0.0,18.25
2025-01-05 22:00:00+00:00,0.0,23.75,0.0,23.125,0.0,0.0,0.0,0.0,0.0,0.0,0.0,18.25
2025-01-05 23:00:00+00:00,0.0,23.75,0.0,23.125,0.0,0.0,0.0,0.0,0.0,0.0,0.0,18.25
2025-01-06 00:00:00+00:00,0.0,23.75,0.0,23.125,0.0,0.0,0.0,0.0,0.0,0.0,0.0,18.25
2025-01-06 01:00:00+00:00,0.0,23.75,0.0,23.125,0.0,0.0,0.0,0.0,0.0,0.0,0.0,18.25
2025-01-06 02:00:00+00:00,0.0,23.75,0.0,23.125,0.0,0.0,0.0,0.0,0.0,0.0,0.0,18.25
2025-01-06 03:00:00+00:00,0.0,23.75,0.0,23.125,0.0,0.0,0.0,0.0,0.0,0.0,0.0,18.25
2025-01-06 04:00:00+00:00,65.0,26.125,65.0,25.833333333333332,65.0,2.7083333333333335,0.0,0.0,0.0,0.0,40.0,19.583333333333332
2025-01-06 05:00:00+00:00,0.0,24.375,0.0,24.083333333333332,0.0,2.7083333333333335,0.0,0.0,0.0,0.0,0.0,18.416666666666668
2025-01-06 06:00:00+00:00,0.0,24.083333333333332,0.0,24.083333333333332,0.0,2.7083333333333335,0.0,0.0,0.0,0.0,0.0,18.125
2025-01-06 07:00:00+00:00,0.0,24.083333333333332,0.0,24.083333333333332,0.0,2.7083333333333335,0.0,0.0,0.0,0.0,0.0,18.125
2025-01-06 08:00:00+00:00,259.0,34.875,259.0,34.875,259.0,13.5,0.0,0.0,0.0,0.0,197.0,26.333333333333332
2025-01-06 09:00:00+00:00,0.0,23.208333333333332,0.0,23.208333333333332,0.0,13.5,0.0,0.0,0.0,0.0,0.0,17.333333333333332
2025-01-06 10:00:00+00:00,0.0,23.208333333333332,0.0,23.208333333333332,0.0,13.5,0.0,0.0,0.0,0.0,0.0,17.333333333333332
2025-01-06 11:00:00+00:00,0.0,23.208333333333332,0.0,23.208333333333332,0.0,13.5,0.0,0.0,0.0,0.0,0.0,17.333333333333332
2025-01-06 12:00:00+00:00,0.0,23.208333333333332,0.0,23.208333333333332,0.0,13.5,0.0,0.0,0.0,0.0,0.0,17.333333333333332
2025-01-06 13:00:00+00:00,0.0,23.208333333333332,0.0,23.208333333333332,0.0,13.5,0.0,0.0,0.0,0.0,0.0,17.333333333333332
2025-01-06 14:00:00+00:00,0.0,19.458333333333332,0.0,19.458333333333332,0.0,13.5,0.0,0.0,0.0,0.0,0.0,13.916666666666666
2025-01-06 15:00:00+00:00,89.0,18.25,89.0,18.25,89.0,17.208333333333332,0.0,0.0,0.0,0.0,34.0,11.916666666666666
2025-01-06 16:00:00+00:00,0.0,17.208333333333332,0.0,17.208333333333332,0.0,17.208333333333332,0.0,0.0,0.0,0.0,0.0,11.291666666666666
2025-01-06 17:00:00+00:00,0.0,17.208333333333332,0.0,17.208333333333332,0.0,17.208333333333332,0.0,0.0,0.0,0.0,0.0,11.291666666666666
2025-01-06 18:00:00+00:00,0.0,17.208333333333332,0.0,17.208333333333332,0.0,17.208333333333332,0.0,0.0,0.0,0.0,0.0,11.291666666666666
2025-01-06 19:00:00+00:00,0.0,17.208333333333332,0.0,17.208333333333332,0.0,17.208333333333332,0.0,0.0,0.0,0.0,0.0,11.291666666666666
2025-01-06 20:00:00+00:00,0.0,17.208333333333332,0.0,17.208333333333332,0.0,17.208333333333332,0.0,0.0,0.0,0.0,0.0,11.291666666666666
2025-01-06 21:00:00+00:00,0.0,17.208333333333332,0.0,17.208333333333332,0.0,17.208333333333332,0.0,0.0,0.0,0.0,0.0,11.291666666666666
2025-01-06 22:00:00+00:00,0.0,17.208333333333332,0.0,17.208333333333332,0.0,17.208333333333332,0.0,0.0,0.0,0.0,0.0,11.291666666666666
2025-01-06 23:00:00+00:00,0.0,17.208333333333332,0.0,17.208333333333332,0.0,17.208333333333332,0.0,0.0,0.0,0.0,0.0,11.291666666666666
2025-01-07 00:00:00+00:00,0.0,17.208333333333332,0.0,17.208333333333332,0.0,17.208333333333332,0.0,0.0,0.0,0.0,0.0,11.291666666666666
2025-01-07 01:00:00+00:00,0.0,17.208333333333332,0.0,17.208333333333332,0.0,17.208333333333332,0.0,0.0,0.0,0.0,0.0,11.291666666666666
2025-01-07 02:00:00+00:00,0.0,17.208333333333332,0.0,17.208333333333332,0.0,17.208333333333332,0.0,0.0,0.0,0.0,0.0,11.291666666666666
2025-01-07 03:00:00+00:00,0.0,17.208333333333332,0.0,17.208333333333332,0.0,17.208333333333332,0.0,0.0,0.0,0.0,0.0,11.291666666666666
2025-01-07 04:00:00+00:00,0.0,14.5,0.0,14.5,0.0,14.5,0.0,0.0,0.0,0.0,0.0,9.625
2025-01-07 05:00:00+00:00,0.0,14.5,0.0,14.5,0.0,14.5,0.0,0.0,0.0,0.0,0.0,9.625
2025-01-07 06:00:00+00:00,0.0,14.5,0.0,14.5,0.0,14.5,0.0,0.0,0.0,0.0,0.0,9.625
2025-01-07 07:00:00+00:00,0.0,14.5,0.0,14.5,0.0,14.5,0.0,0.0,0.0,0.0,0.0,9.625
2025-01-07 08:00:00+00:00,2.0,3.7916666666666665,2.0,3.7916666666666665,0.0,3.7083333333333335,0.0,0.0,0.0,0.0,0.0,1.4166666666666667
2025-01-07 09:00:00+00:00,47.0,5.75,47.0,5.75,0.0,3.7083333333333335,0.0,0.0,0.0,0.0,42.0,3.1666666666666665
2025-01-07 10:00:00+00:00,13.0,6.291666666666667,13.0,6.291666666666667,0.0,3.7083333333333335,0.0,0.0,0.0,0.0,9.0,3.5416666666666665
2025-01-07 11:00:00+00:00,0.0,6.291666666666667,0.0,6.291666666666667,0.0,3.7083333333333335,0.0,0.0,0.0,0.0,0.0,3.5416666666666665
2025-01-07 12:00:00+00:00,8.0,6.625,8.0,6.625,0.0,3.7083333333333335,0.0,0.0,0.0,0.0,7.0,3.8333333333333335
2025-01-07 13:00:00+00:00,27.0,7.75,27.0,7.75,0.0,3.7083333333333335,0.0,0.0,0.0,0.0,22.0,4.75
2025-01-07 14:00:00+00:00,92.0,11.583333333333334,92.0,11.583333333333334,0.0,3.7083333333333335,0.0,0.0,0.0,0.0,61.0,7.291666666666667
2025-01-07 15:00:00+00:00,0.0,7.875,0.0,7.875,0.0,0.0,0.0,0.0,0.0,0.0,0.0,5.875
2025-01-07 16:00:00+00:00,145.0,13.916666666666666,145.0,13.916666666666666,0.0,0.0,0.0,0.0,0.0,0.0,92.0,9.708333333333334
2025-01-07 17:00:00+00:00,38.0,15.5,38.0,15.5,0.0,0.0,0.0,0.0,0.0,0.0,18.0,10.458333333333334
2025-01-07 18:00:00+00:00,95.0,19.458333333333332,95.0,19.458333333333332,0.0,0.0,0.0,0.0,0.0,0.0,77.0,13.666666666666666
2025-01-07 19:00:00+00:00,220.0,28.625,220.0,28.625,0.0,0.0,0.0,0.0,0.0,0.0,151.0,19.958333333333332
2025-01-07 20:00:00+00:00,95.0,32.583333333333336,95.0,32.583333333333336,0.0,0.0,0.0,0.0,0.0,0.0,78.0,23.208333333333332
2025-01-07 21:00:00+00:00,0.0,32.583333333333336,0.0,32.583333333333336,0.0,0.0,0.0,0.0,0.0,0.0,0.0,23.208333333333332
2025-01-07 22:00:00+00:00,0.0,32.583333333333336,0.0,32.583333333333336,0.0,0.0,0.0,0.0,0.0,0.0,0.0,23.208333333333332
2025-01-07 23:00:00+00:00,0.0,32.583333333333336,0.0,32.583333333333336,0.0,0.0,0.0,0.0,0.0,0.0,0.0,23.208333333333332
2025-01-08 00:00:00+00:00,19.0,33.375,19.0,33.375,0.0,0.0,0.0,0.0,0.0,0.0,0.0,23.208333333333332
2025-01-08 01:00:00+00:00,96.0,37.375,96.0,37.375,0.0,0.0,0.0,0.0,0.0,0.0,63.0,25.833333333333332
2025-01-08 02:00:00+00:00,0.0,37.375,0.0,37.375,0.0,0.0,0.0,0.0,0.0,0.0,0.0,25.833333333333332
2025-01-08 03:00:00+00:00,0.0,37.375,0.0,37.375,0.0,0.0,0.0,0.0,0.0,0.0,0.0,25.833333333333332
2025-01-08 04:00:00+00:00,0.0,37.375,0.0,37.375,0.0,0.0,0.0,0.0,0.0,0.0,0.0,25.833333333333332
2025-01-08 05:00:00+00:00,0.0,37.375,0.0,37.375,0.0,0.0,0.0,0.0,0.0,0.0,0.0,25.833333333333332
2025-01-08 06:00:00+00:00,0.0,37.375,0.0,37.375,0.0,0.0,0.0,0.0,0.0,0.0,0.0,25.833333333333332
2025-01-08 07:00:00+00:00,0.0,37.375,0.0,37.375,0.0,0.0,0.0,0.0,0.0,0.0,0.0,25.833333333333332
2025-01-08 08:00:00+00:00,0.0,37.291666666666664,0.0,37.291666666666664,0.0,0.0,0.0,0.0,0.0,0.0,0.0,25.833333333333332
2025-01-08 09:00:00+00:00,150.0,41.583333333333336,150.0,41.583333333333336,0.0,0.0,0.0,0.0,0.0,0.0,113.0,28.791666666666668
2025-01-08 10:00:00+00:00,29.0,42.25,29.0,42.25,0.0,0.0,0.0,0.0,0.0,0.0,22.0,29.333333333333332
2025-01-08 11:00:00+00:00,0.0,42.25,0.0,42.25,0.0,0.0,0.0,0.0,0.0,0.0,0.0,29.333333333333332
2025-01-08 12:00:00+00:00,20.0,42.75,0.0,41.916666666666664,0.0,0.0,0.0,0.0,0.0,0.0,19.0,29.833333333333332
2025-01-08 13:00:00+00:00,0.0,41.625,0.0,40.791666666666664,0.0,0.0,0.0,0.0,0.0,0.0,0.0,28.916666666666668
2025-01-08 14:00:00+00:00,0.0,37.791666666666664,0.0,36.958333333333336,0.0,0.0,0.0,0.0,0.0,0.0,0.0,26.375
2025-01-08 15:00:00+00:00,0.0,37.791666666666664,0.0,36.958333333333336,0.0,0.0,0.0,0.0,0.0,0.0,0.0,26.375
2025-01-08 16:00:00+00:00,0.0,31.75,0.0,30.916666666666668,0.0,0.0,0.0,0.0,0.0,0.0,0.0,22.541666666666668
2025-01-08 17:00:00+00:00,0.0,30.166666666666668,0.0,29.333333333333332,0.0,0.0,0.0,0.0,0.0,0.0,0.0,21.791666666666668
2025-01-08 18:00:00+00:00,0.0,26.208333333333332,0.0,25.375,0.0,0.0,0.0,0.0,0.0,0.0,0.0,18.583333333333332
2025-01-08 19:00:00+00:00,0.0,17.041666666666668,0.0,16.208333333333332,0.0,0.0,0.0,0.0,0.0,0.0,0.0,12.291666666666666
2025-01-08 20:00:00+00:00,105.0,17.458333333333332,105.0,16.625,0.0,0.0,0.0,0.0,0.0,0.0,55.0,11.333333333333334
2025-01-08 21:00:00+00:00,107.0,21.916666666666668,107.0,21.083333333333332,0.0,0.0,0.0,0.0,0.0,0.0,64.0,14.0
2025-01-08 22:00:00+00:00,0.0,21.916666666666668,0.0,21.083333333333332,0.0,0.0,0.0,0.0,0.0,0.0,0.0,14.0
2025-01-08 23:00:00+00:00,0.0,21.916666666666668,0.0,21.083333333333332,0.0,0.0,0.0,0.0,0.0,0.0,0.0,14.0
2025-01-09 00:00:00+00:00,5.0,21.333333333333332,0.0,20.291666666666668,5.0,0.20833333333333334,0.0,0.0,0.0,0.0,0.0,14.0
2025-01-09 01:00:00+00:00,6.0,17.583333333333332,0.0,16.291666666666668,6.0,0.4583333333333333,0.0,0.0,0.0,0.0,6.0,11.625
2025-01-09 02:00:00+00:00,0.0,17.583333333333332,0.0,16.291666666666668,0.0,0.4583333333333333,0.0,0.0,0.0,0.0,0.0,11.625
2025-01-09 03:00:00+00:00,0.0,17.583333333333332,0.0,16.291666666666668,0.0,0.4583333333333333,0.0,0.0,0.0,0.0,0.0,11.625
2025-01-09 04:00:00+00:00,0.0,17.583333333333332,0.0,16.291666666666668,0.0,0.4583333333333333,0.0,0.0,0.0,0.0,0.0,11.625
2025-01-09 05:00:00+00:00,0.0,17.583333333333332,0.0,16.291666666666668,0.0,0.4583333333333333,0.0,0.0,0.0,0.0,0.0,11.625
2025-01-09 06:00:00+00:00,0.0,17.583333333333332,0.0,16.291666666666668,0.0,0.4583333333333333,0.0,0.0,0.0,0.0,0.0,11.625
2025-01-09 07:00:00+00:00,0.0,17.583333333333332,0.0,16.291666666666668,0.0,0.4583333333333333,0.0,0.0,0.0,0.0,0.0,11.625
2025-01-09 08:00:00+00:00,0.0,17.583333333333332,0.0,16.291666666666668,0.0,0.4583333333333333,0.0,0.0,0.0,0.0,0.0,11.625
2025-01-09 09:00:00+00:00,0.0,11.333333333333334,0.0,10.041666666666666,0.0,0.4583333333333333,0.0,0.0,0.0,0.0,0.0,6.916666666666667
2025-01-09 10:00:00+00:00,0.0,10.125,0.0,8.833333333333334,0.0,0.4583333333333333,0.0,0.0,0.0,0.0,0.0,6.0
2025-01-09 11:00:00+00:00,0.0,10.125,0.0,8.833333333333334,0.0,0.4583333333333333,0.0,0.0,0.0,0.0,0.0,6.0
2025-01-09 12:00:00+00:00,0.0,9.291666666666666,0.0,8.833333333333334,0.0,0.4583333333333333,0.0,0.0,0.0,0.0,0.0,5.208333333333333
2025-01-09 13:00:00+00:00,0.0,9.291666666666666,0.0,8.833333333333334,0.0,0.4583333333333333,0.0,0.0,0.0,0.0,0.0,5.208333333333333
2025-01-09 14:00:00+00:00,154.0,15.708333333333334,154.0,15.25,154.0,6.875,0.0,0.0,0.0,0.0,67.0,8.0
2025-01-09 15:00:00+00:00,218.0,24.791666666666668,218.0,24.333333333333332,218.0,15.958333333333334,0.0,0.0,0.0,0.0,88.0,11.666666666666666
2025-01-09 16:00:00+00:00,159.0,31.416666666666668,159.0,30.958333333333332,159.0,22.583333333333332,0.0,0.0,0.0,0.0,51.0,13.791666666666666
2025-01-09 17:00:00+00:00,0.0,31.416666666666668,0.0,30.958333333333332,0.0,22.583333333333332,0.0,0.0,0.0,0.0,0.0,13.791666666666666
2025-01-09 18:00:00+00:00,27.0,32.541666666666664,27.0,32.083333333333336,27.0,23.708333333333332,0.0,0.0,0.0,0.0,13.0,14.333333333333334
2025-01-09 19:00:00+00:00,0.0,32.541666666666664,0.0,32.083333333333336,0.0,23.708333333333332,0.0,0.0,0.0,0.0,0.0,14.333333333333334
2025-01-09 20:00:00+00:00,0.0,28.166666666666668,0.0,27.708333333333332,0.0,23.708333333333332,0.0,0.0,0.0,0.0,0.0,12.041666666666666
2025-01-09 21:00:00+00:00,0.0,23.708333333333332,0.0,23.25,0.0,23.708333333333332,0.0,0.0,0.0,0.0,0.0,9.375
2025-01-09 22:00:00+00:00,49.0,25.75,49.0,25.291666666666668,49.0,25.75,0.0,0.0,0.0,0.0,34.0,10.791666666666666
2025-01-09 23:00:00+00:00,0.0,25.75,0.0,25.291666666666668,0.0,25.75,0.0,0.0,0.0,0.0,0.0,10.791666666666666
2025-01-10 00:00:00+00:00,0.0,25.541666666666668,0.0,25.291666666666668,0.0,25.541666666666668,0.0,0.0,0.0,0.0,0.0,10.791666666666666
2025-01-10 01:00:00+00:00,0.0,25.291666666666668,0.0,25.291666666666668,0.0,25.291666666666668,0.0,0.0,0.0,0.0,0.0,10.541666666666666
2025-01-10 02:00:00+00:00,0.0,25.291666666666668,0.0,25.291666666666668,0.0,25.291666666666668,0.0,0.0,0.0,0.0,0.0,10.541666666666666
2025-01-10 03:00:00+00:00,0.0,25.291666666666668,0.0,25.291666666666668,0.0,25.291666666666668,0.0,0.0,0.0,0.0,0.0,10.541666666666666
2025-01-10 04:00:00+00:00,0.0,25.291666666666668,0.0,25.291666666666668,0.0,25.291666666666668,0.0,0.0,0.0,0.0,0.0,10.541666666666666
2025-01-10 05:00:00+00:00,0.0,25.291666666666668,0.0,25.291666666666668,0.0,25.291666666666668,0.0,0.0,0.0,0.0,0.0,10.541666666666666
2025-01-10 06:00:00+00:00,0.0,25.291666666666668,0.0,25.291666666666668,0.0,25.291666666666668,0.0,0.0,0.0,0.0,0.0,10.541666666666666
2025-01-10 07:00:00+00:00,0.0,25.291666666666668,0.0,25.291666666666668,0.0,25.291666666666668,0.0,0.0,0.0,0.0,0.0,10.541666666666666
2025-01-10 08:00:00+00:00,0.0,25.291666666666668,0.0,25.291666666666668,0.0,25.291666666666668,0.0,0.0,0.0,0.0,0.0,10.541666666666666
2025-01-10 09:00:00+00:00,0.0,25.291666666666668,0.0,25.291666666666668,0.0,25.291666666666668,0.0,0.0,0.0,0.0,0.0,10.541666666666666
2025-01-10 10:00:00+00:00,0.0,25.291666666666668,0.0,25.291666666666668,0.0,25.291666666666668,0.0,0.0,0.0,0.0,0.0,10.541666666666666
2025-01-10 11:00:00+00:00,0.0,25.291666666666668,0.0,25.291666666666668,0.0,25.291666666666668,0.0,0.0,0.0,0.0,0.0,10.541666666666666
2025-01-10 12:00:00+00:00,0.0,25.291666666666668,0.0,25.291666666666668,0.0,25.291666666666668,0.0,0.0,0.0,0.0,0.0,10.541666666666666
2025-01-10 13:00:00+00:00,0.0,25.291666666666668,0.0,25.291666666666668,0.0,25.291666666666668,0.0,0.0,0.0,0.0,0.0,10.541666666666666
2025-01-10 14:00:00+00:00,0.0,18.875,0.0,18.875,0.0,18.875,0.0,0.0,0.0,0.0,0.0,7.75
2025-01-10 15:00:00+00:00,0.0,9.791666666666666,0.0,9.791666666666666,0.0,9.791666666666666,0.0,0.0,0.0,0.0,0.0,4.083333333333333
2025-01-10 16:00:00+00:00,0.0,3.1666666666666665,0.0,3.1666666666666665,0.0,3.1666666666666665,0.0,0.0,0.0,0.0,0.0,1.9583333333333333
2025-01-10 17:00:00+00:00,1.0,3.2083333333333335,0.0,3.1666666666666665,0.0,3.1666666666666665,0.0,0.0,0.0,0.0,0.0,1.9583333333333333
2025-01-10 18:00:00+00:00,0.0,2.0833333333333335,0.0,2.0416666666666665,0.0,2.0416666666666665,0.0,0.0,0.0,0.0,0.0,1.4166666666666667
2025-01-10 19:00:00+00:00,40.0,3.75,40.0,3.7083333333333335,0.0,2.0416666666666665,0.0,0.0,0.0,0.0,12.0,1.9166666666666667
2025-01-10 20:00:00+00:00,0.0,3.75,0.0,3.7083333333333335,0.0,2.0416666666666665,0.0,0.0,0.0,0.0,0.0,1.9166666666666667
2025-01-10 21:00:00+00:00,0.0,3.75,0.0,3.7083333333333335,0.0,2.0416666666666665,0.0,0.0,0.0,0.0,0.0,1.9166666666666667
2025-01-10 22:00:00+00:00,0.0,1.7083333333333333,0.0,1.6666666666666667,0.0,0.0,0.0,0.0,0.0,0.0,0.0,0.5
2025-01-10 23:00:00+00:00,0.0,1.7083333333333333,0.0,1.6666666666666667,0.0,0.0,0.0,0.0,0.0,0.0,0.0,0.5
2025-01-11 00:00:00+00:00,37.0,3.25,37.0,3.2083333333333335,0.0,0.0,0.0,0.0,0.0,0.0,7.0,0.7916666666666666
2025-01-11 01:00:00+00:00,15.0,3.875,15.0,3.8333333333333335,0.0,0.0,0.0,0.0,0.0,0.0,0.0,0.7916666666666666
2025-01-11 02:00:00+00:00,0.0,3.875,0.0,3.8333333333333335,0.0,0.0,0.0,0.0,0.0,0.0,0.0,0.7916666666666666
2025-01-11 03:00:00+00:00,0.0,3.875,0.0,3.8333333333333335,0.0,0.0,0.0,0.0,0.0,0.0,0.0,0.7916666666666666
2025-01-11 04:00:00+00:00,34.0,5.291666666666667,34.0,5.25,0.0,0.0,0.0,0.0,0.0,0.0,23.0,1.75
2025-01-11 05:00:00+00:00,0.0,5.291666666666667,0.0,5.25,0.0,0.0,0.0,0.0,0.0,0.0,0.0,1.75
2025-01-11 06:00:00+00:00,0.0,5.291666666666667,0.0,5.25,0.0,0.0,0.0,0.0,0.0,0.0,0.0,1.75
2025-01-11 07:00:00+00:00,0.0,5.291666666666667,0.0,5.25,0.0,0.0,0.0,0.0,0.0,0.0,0.0,1.75
2025-01-11 08:00:00+00:00,0.0,5.291666666666667,0.0,5.25,0.0,0.0,0.0,0.0,0.0,0.0,0.0,1.75
2025-01-11 09:00:00+00:00,0.0,5.291666666666667,0.0,5.25,0.0,0.0,0.0,0.0,0.0,0.0,0.0,1.75
2025-01-11 10:00:00+00:00,0.0,5.291666666666667,0.0,5.25,0.0,0.0,0.0,0.0,0.0,0.0,0.0,1.75
2025-01-11 11:00:00+00:00,31.0,6.583333333333333,31.0,6.541666666666667,0.0,0.0,0.0,0.0,0.0,0.0,16.0,2.4166666666666665
2025-01-11 12:00:00+00:00,0.0,6.583333333333333,0.0,6.541666666666667,0.0,0.0,0.0,0.0,0.0,0.0,0.0,2.4166666666666665
2025-01-11 13:00:00+00:00,0.0,6.583333333333333,0.0,6.541666666666667,0.0,0.0,0.0,0.0,0.0,0.0,0.0,2.4166666666666665
2025-01-11 14:00:00+00:00,112.0,11.25,112.0,11.208333333333334,0.0,0.0,0.0,0.0,0.0,0.0,71.0,5.375
2025-01-11 15:00:00+00:00,27.0,12.375,27.0,12.333333333333334,0.0,0.0,0.0,0.0,0.0,0.0,18.0,6.125
2025-01-11 16:00:00+00:00,0.0,12.375,0.0,12.333333333333334,0.0,0.0,0.0,0.0,0.0,0.0,0.0,6.125
2025-01-11 17:00:00+00:00,12.0,12.833333333333334,0.0,12.333333333333334,0.0,0.0,0.0,0.0,0.0,0.0,12.0,6.625
2025-01-11 18:00:00+00:00,0.0,12.833333333333334,0.0,12.333333333333334,0.0,0.0,0.0,0.0,0.0,0.0,0.0,6.625
2025-01-11 19:00:00+00:00,39.0,12.791666666666666,39.0,12.291666666666666,0.0,0.0,0.0,0.0,0.0,0.0,23.0,7.083333333333333
2025-01-11 20:00:00+00:00,0.0,12.791666666666666,0.0,12.291666666666666,0.0,0.0,0.0,0.0,0.0,0.0,0.0,7.083333333333333
2025-01-11 21:00:00+00:00,0.0,12.791666666666666,0.0,12.291666666666666,0.0,0.0,0.0,0.0,0.0,0.0,0.0,7.083333333333333
2025-01-11 22:00:00+00:00,292.0,24.958333333333332,292.0,24.458333333333332,0.0,0.0,0.0,0.0,0.0,0.0,108.0,11.583333333333334
2025-01-11 23:00:00+00:00,91.0,28.75,91.0,28.25,0.0,0.0,0.0,0.0,0.0,0.0,21.0,12.458333333333334
2025-01-12 00:00:00+00:00,36.0,28.708333333333332,36.0,28.208333333333332,0.0,0.0,0.0,0.0,0.0,0.0,21.0,13.041666666666666
2025-01-12 01:00:00+00:00,9.0,28.458333333333332,0.0,27.583333333333332,0.0,0.0,0.0,0.0,0.0,0.0,9.0,13.416666666666666
2025-01-12 02:00:00+00:00,0.0,28.458333333333332,0.0,27.583333333333332,0.0,0.0,0.0,0.0,0.0,0.0,0.0,13.416666666666666
2025-01-12 03:00:00+00:00,0.0,28.458333333333332,0.0,27.583333333333332,0.0,0.0,0.0,0.0,0.0,0.0,0.0,13.416666666666666
2025-01-12 04:00:00+00:00,0.0,27.041666666666668,0.0,26.166666666666668,0.0,0.0,0.0,0.0,0.0,0.0,0.0,12.458333333333334
2025-01-12 05:00:00+00:00,23.0,28.0,0.0,26.166666666666668,0.0,0.0,0.0,0.0,0.0,0.0,19.0,13.25
2025-01-12 06:00:00+00:00,0.0,28.0,0.0,26.166666666666668,0.0,0.0,0.0,0.0,0.0,0.0,0.0,13.25
2025-01-12 07:00:00+00:00,0.0,28.0,0.0,26.166666666666668,0.0,0.0,0.0,0.0,0.0,0.0,0.0,13.25
2025-01-12 08:00:00+00:00,0.0,28.0,0.0,26.166666666666668,0.0,0.0,0.0,0.0,0.0,0.0,0.0,13.25
2025-01-12 09:00:00+00:00,0.0,28.0,0.0,26.166666666666668,0.0,0.0,0.0,0.0,0.0,0.0,0.0,13.25
2025-01-12 10:00:00+00:00,0.0,28.0,0.0,26.166666666666668,0.0,0.0,0.0,0.0,0.0,0.0,0.0,13.25
2025-01-12 11:00:00+00:00,0.0,26.708333333333332,0.0,24.875,0.0,0.0,0.0,0.0,0.0,0.0,0.0,12.583333333333334
2025-01-12 12:00:00+00:00,0.0,26.708333333333332,0.0,24.875,0.0,0.0,0.0,0.0,0.0,0.0,0.0,12.583333333333334
2025-01-12 13:00:00+00:00,0.0,26.708333333333332,0.0,24.875,0.0,0.0,0.0,0.0,0.0,0.0,0.0,12.583333333333334
2025-01-12 14:00:00+00:00,0.0,22.041666666666668,0.0,20.208333333333332,0.0,0.0,0.0,0.0,0.0,0.0,0.0,9.625
2025-01-12 15:00:00+00:00,0.0,20.916666666666668,0.0,19.083333333333332,0.0,0.0,0.0,0.0,0.0,0.0,0.0,8.875
2025-01-12 16:00:00+00:00,0.0,20.916666666666668,0.0,19.083333333333332,0.0,0.0,0.0,0.0,0.0,0.0,0.0,8.875
2025-01-12 17:00:00+00:00,0.0,20.416666666666668,0.0,19.083333333333332,0.0,0.0,0.0,0.0,0.0,0.0,0.0,8.375
2025-01-12 18:00:00+00:00,0.0,20.416666666666668,0.0,19.083333333333332,0.0,0.0,0.0,0.0,0.0,0.0,0.0,8.375
2025-01-12 19:00:00+00:00,29.0,20.0,29.0,18.666666666666668,0.0,0.0,0.0,0.0,0.0,0.0,10.0,7.833333333333333
2025-01-12 20:00:00+00:00,0.0,20.0,0.0,18.666666666666668,0.0,0.0,0.0,0.0,0.0,0.0,0.0,7.833333333333333
2025-01-12 21:00:00+00:00,0.0,20.0,0.0,18.666666666666668,0.0,0.0,0.0,0.0,0.0,0.0,0.0,7.833333333333333
2025-01-12 22:00:00+00:00,0.0,7.833333333333333,0.0,6.5,0.0,0.0,0.0,0.0,0.0,0.0,0.0,3.3333333333333335
2025-01-12 23:00:00+00:00,64.0,6.708333333333333,64.0,5.375,0.0,0.0,0.0,0.0,0.0,0.0,61.0,5.0
2025-01-13 00:00:00+00:00,0.0,5.208333333333333,0.0,3.875,0.0,0.0,0.0,0.0,0.0,0.0,0.0,4.125
2025-01-13 01:00:00+00:00,0.0,4.833333333333333,0.0,3.875,0.0,0.0,0.0,0.0,0.0,0.0,0.0,3.75
2025-01-13 02:00:00+00:00,0.0,4.833333333333333,0.0,3.875,0.0,0.0,0.0,0.0,0.0,0.0,0.0,3.75
2025-01-13 03:00:00+00:00,0.0,4.833333333333333,0.0,3.875,0.0,0.0,0.0,0.0,0.0,0.0,0.0,3.75
2025-01-13 04:00:00+00:00,0.0,4.833333333333333,0.0,3.875,0.0,0.0,0.0,0.0,0.0,0.0,0.0,3.75
2025-01-13 05:00:00+00:00,0.0,3.875,0.0,3.875,0.0,0.0,0.0,0.0,0.0,0.0,0.0,2.9583333333333335
2025-01-13 06:00:00+00:00,91.0,7.666666666666667,91.0,7.666666666666667,91.0,3.7916666666666665,0.0,0.0,0.0,0.0,73.0,6.0
2025-01-13 07:00:00+00:00,15.0,8.291666666666666,15.0,8.291666666666666,15.0,4.416666666666667,0.0,0.0,0.0,0.0,15.0,6.625
2025-01-13 08:00:00+00:00,0.0,8.291666666666666,0.0,8.291666666666666,0.0,4.416666666666667,0.0,0.0,0.0,0.0,0.0,6.625
2025-01-13 09:00:00+00:00,0.0,8.291666666666666,0.0,8.291666666666666,0.0,4.416666666666667,0.0,0.0,0.0,0.0,0.0,6.625
2025-01-13 10:00:00+00:00,0.0,8.291666666666666,0.0,8.291666666666666,0.0,4.416666666666667,0.0,0.0,0.0,0.0,0.0,6.625
2025-01-13 11:00:00+00:00,0.0,8.291666666666666,0.0,8.291666666666666,0.0,4.416666666666667,0.0,0.0,0.0,0.0,0.0,6.625
2025-01-13 12:00:00+00:00,0.0,8.291666666666666,0.0,8.291666666666666,0.0,4.416666666666667,0.0,0.0,0.0,0.0,0.0,6.625
2025-01-13 13:00:00+00:00,0.0,8.291666666666666,0.0,8.291666666666666,0.0,4.416666666666667,0.0,0.0,0.0,0.0,0.0,6.625
2025-01-13 14:00:00+00:00,0.0,8.291666666666666,0.0,8.291666666666666,0.0,4.416666666666667,0.0,0.0,0.0,0.0,0.0,6.625
2025-01-13 15:00:00+00:00,22.0,9.208333333333334,0.0,8.291666666666666,22.0,5.333333333333333,0.0,0.0,0.0,0.0,22.0,7.541666666666667
2025-01-13 16:00:00+00:00,74.0,12.291666666666666,74.0,11.375,74.0,8.416666666666666,0.0,0.0,0.0,0.0,44.0,9.375
2025-01-13 17:00:00+00:00,227.0,21.75,227.0,20.833333333333332,227.0,17.875,0.0,0.0,0.0,0.0,127.0,14.666666666666666
2025-01-13 18:00:00+00:00,28.0,22.916666666666668,28.0,22.0,28.0,19.041666666666668,0.0,0.0,0.0,0.0,0.0,14.666666666666666
2025-01-13 19:00:00+00:00,61.0,24.25,61.0,23.333333333333332,61.0,21.583333333333332,0.0,0.0,0.0,0.0,34.0,15.666666666666666
2025-01-13 20:00:00+00:00,70.0,27.166666666666668,70.0,26.25,70.0,24.5,0.0,0.0,0.0,0.0,27.0,16.791666666666668
2025-01-13 21:00:00+00:00,0.0,27.166666666666668,0.0,26.25,0.0,24.5,0.0,0.0,0.0,0.0,0.0,16.791666666666668
2025-01-13 22:00:00+00:00,0.0,27.166666666666668,0.0,26.25,0.0,24.5,0.0,0.0,0.0,0.0,0.0,16.791666666666668
2025-01-13 23:00:00+00:00,0.0,24.5,0.0,23.583333333333332,0.0,24.5,0.0,0.0,0.0,0.0,0.0,14.25
2025-01-14 00:00:00+00:00,0.0,24.5,0.0,23.583333333333332,0.0,24.5,0.0,0.0,0.0,0.0,0.0,14.25
2025-01-14 01:00:00+00:00,0.0,24.5,0.0,23.583333333333332,0.0,24.5,0.0,0.0,0.0,0.0,0.0,14.25
2025-01-14 02:00:00+00:00,0.0,24.5,0.0,23.583333333333332,0.0,24.5,0.0,0.0,0.0,0.0,0.0,14.25
2025-01-14 03:00:00+00:00,0.0,24.5,0.0,23.583333333333332,0.0,24.5,0.0,0.0,0.0,0.0,0.0,14.25
2025-01-14 04:00:00+00:00,0.0,24.5,0.0,23.583333333333332,0.0,24.5,0.0,0.0,0.0,0.0,0.0,14.25
2025-01-14 05:00:00+00:00,0.0,24.5,0.0,23.583333333333332,0.0,24.5,0.0,0.0,0.0,0.0,0.0,14.25
2025-01-14 06:00:00+00:00,0.0,20.708333333333332,0.0,19.791666666666668,0.0,20.708333333333332,0.0,0.0,0.0,0.0,0.0,11.208333333333334
2025-01-14 07:00:00+00:00,0.0,20.083333333333332,0.0,19.166666666666668,0.0,20.083333333333332,0.0,0.0,0.0,0.0,0.0,10.583333333333334
2025-01-14 08:00:00+00:00,0.0,20.083333333333332,0.0,19.166666666666668,0.0,20.083333333333332,0.0,0.0,0.0,0.0,0.0,10.583333333333334
2025-01-14 09:00:00+00:00,0.0,20.083333333333332,0.0,19.166666666666668,0.0,20.083333333333332,0.0,0.0,0.0,0.0,0.0,10.583333333333334
2025-01-14 10:00:00+00:00,0.0,20.083333333333332,0.0,19.166666666666668,0.0,20.083333333333332,0.0,0.0,0.0,0.0,0.0,10.583333333333334
2025-01-14 11:00:00+00:00,0.0,20.083333333333332,0.0,19.166666666666668,0.0,20.083333333333332,0.0,0.0,0.0,0.0,0.0,10.583333333333334
2025-01-14 12:00:00+00:00,0.0,20.083333333333332,0.0,19.166666666666668,0.0,20.083333333333332,0.0,0.0,0.0,0.0,0.0,10.583333333333334
2025-01-14 13:00:00+00:00,58.0,22.5,58.0,21.583333333333332,0.0,20.083333333333332,0.0,0.0,0.0,0.0,52.0,12.75
2025-01-14 14:00:00+00:00,3.0,22.625,3.0,21.708333333333332,0.0,20.083333333333332,0.0,0.0,0.0,0.0,2.0,12.833333333333334
2025-01-14 15:00:00+00:00,88.0,25.375,88.0,25.375,0.0,19.166666666666668,0.0,0.0,0.0,0.0,79.0,15.208333333333334
2025-01-14 16:00:00+00:00,0.0,22.291666666666668,0.0,22.291666666666668,0.0,16.083333333333332,0.0,0.0,0.0,0.0,0.0,13.375
2025-01-14 17:00:00+00:00,26.0,13.916666666666666,26.0,13.916666666666666,0.0,6.625,0.0,0.0,0.0,0.0,11.0,8.541666666666666
2025-01-14 18:00:00+00:00,73.0,15.791666666666666,73.0,15.791666666666666,0.0,5.458333333333333,0.0,0.0,0.0,0.0,34.0,9.958333333333334
2025-01-14 19:00:00+00:00,82.0,16.666666666666668,82.0,16.666666666666668,0.0,2.9166666666666665,0.0,0.0,0.0,0.0,68.0,11.375
2025-01-14 20:00:00+00:00,0.0,13.75,0.0,13.75,0.0,0.0,0.0,0.0,0.0,0.0,0.0,10.25
2025-01-14 21:00:00+00:00,9.0,14.125,9.0,14.125,0.0,0.0,0.0,0.0,0.0,0.0,9.0,10.625
2025-01-14 22:00:00+00:00,194.0,22.208333333333332,194.0,22.208333333333332,0.0,0.0,0.0,0.0,0.0,0.0,81.0,14.0
2025-01-14 23:00:00+00:00,7.0,22.5,0.0,22.208333333333332,0.0,0.0,0.0,0.0,0.0,0.0,7.0,14.291666666666666
2025-01-15 00:00:00+00:00,0.0,22.5,0.0,22.208333333333332,0.0,0.0,0.0,0.0,0.0,0.0,0.0,14.291666666666666
2025-01-15 01:00:00+00:00,0.0,22.5,0.0,22.208333333333332,0.0,0.0,0.0,0.0,0.0,0.0,0.0,14.291666666666666
2025-01-15 02:00:00+00:00,0.0,22.5,0.0,22.208333333333332,0.0,0.0,0.0,0.0,0.0,0.0,0.0,14.291666666666666
2025-01-15 03:00:00+00:00,0.0,22.5,0.0,22.208333333333332,0.0,0.0,0.0,0.0,0.0,0.0,0.0,14.291666666666666
2025-01-15 04:00:00+00:00,1.0,22.541666666666668,1.0,22.25,0.0,0.0,0.0,0.0,0.0,0.0,0.0,14.291666666666666
2025-01-15 05:00:00+00:00,49.0,24.583333333333332,49.0,24.291666666666668,0.0,0.0,0.0,0.0,0.0,0.0,44.0,16.125
2025-01-15 06:00:00+00:00,0.0,24.583333333333332,0.0,24.291666666666668,0.0,0.0,0.0,0.0,0.0,0.0,0.0,16.125
2025-01-15 07:00:00+00:00,0.0,24.583333333333332,0.0,24.291666666666668,0.0,0.0,0.0,0.0,0.0,0.0,0.0,16.125
2025-01-15 08:00:00+00:00,0.0,24.583333333333332,0.0,24.291666666666668,0.0,0.0,0.0,0.0,0.0,0.0,0.0,16.125
2025-01-15 09:00:00+00:00,0.0,24.583333333333332,0.0,24.291666666666668,0.0,0.0,0.0,0.0,0.0,0.0,0.0,16.125
2025-01-15 10:00:00+00:00,0.0,24.583333333333332,0.0,24.291666666666668,0.0,0.0,0.0,0.0,0.0,0.0,0.0,16.125
2025-01-15 11:00:00+00:00,0.0,24.583333333333332,0.0,24.291666666666668,0.0,0.0,0.0,0.0,0.0,0.0,0.0,16.125
2025-01-15 12:00:00+00:00,0.0,24.583333333333332,0.0,24.291666666666668,0.0,0.0,0.0,0.0,0.0,0.0,0.0,16.125
2025-01-15 13:00:00+00:00,106.0,26.583333333333332,106.0,26.291666666666668,0.0,0.0,0.0,0.0,0.0,0.0,90.0,17.708333333333332
2025-01-15 14:00:00+00:00,9.0,26.833333333333332,9.0,26.541666666666668,0.0,0.0,0.0,0.0,0.0,0.0,9.0,18.0
2025-01-15 15:00:00+00:00,0.0,23.166666666666668,0.0,22.875,0.0,0.0,0.0,0.0,0.0,0.0,0.0,14.708333333333334
2025-01-15 16:00:00+00:00,72.0,26.166666666666668,72.0,25.875,0.0,0.0,0.0,0.0,0.0,0.0,27.0,15.833333333333334
2025-01-15 17:00:00+00:00,240.0,35.083333333333336,240.0,34.791666666666664,0.0,0.0,0.0,0.0,0.0,0.0,148.0,21.541666666666668
2025-01-15 18:00:00+00:00,97.0,36.083333333333336,97.0,35.791666666666664,0.0,0.0,0.0,0.0,0.0,0.0,41.0,21.833333333333332
2025-01-15 19:00:00+00:00,0.0,32.666666666666664,0.0,32.375,0.0,0.0,0.0,0.0,0.0,0.0,0.0,19.0
2025-01-15 20:00:00+00:00,24.0,33.666666666666664,24.0,33.375,0.0,0.0,0.0,0.0,0.0,0.0,24.0,20.0
2025-01-15 21:00:00+00:00,165.0,40.166666666666664,165.0,39.875,0.0,0.0,0.0,0.0,0.0,0.0,107.0,24.083333333333332
2025-01-15 22:00:00+00:00,205.0,40.625,205.0,40.333333333333336,0.0,0.0,0.0,0.0,0.0,0.0,101.0,24.916666666666668
2025-01-15 23:00:00+00:00,14.0,40.916666666666664,14.0,40.916666666666664,0.0,0.0,0.0,0.0,0.0,0.0,0.0,24.625
2025-01-16 00:00:00+00:00,7.0,41.208333333333336,0.0,40.916666666666664,0.0,0.0,0.0,0.0,0.0,0.0,0.0,24.625
2025-01-16 01:00:00+00:00,0.0,41.208333333333336,0.0,40.916666666666664,0.0,0.0,0.0,0.0,0.0,0.0,0.0,24.625
2025-01-16 02:00:00+00:00,0.0,41.208333333333336,0.0,40.916666666666664,0.0,0.0,0.0,0.0,0.0,0.0,0.0,24.625
2025-01-16 03:00:00+00:00,262.0,52.125,262.0,51.833333333333336,0.0,0.0,0.0,0.0,0.0,0.0,138.0,30.375
2025-01-16 04:00:00+00:00,0.0,52.083333333333336,0.0,51.791666666666664,0.0,0.0,0.0,0.0,0.0,0.0,0.0,30.375
2025-01-16 05:00:00+00:00,0.0,50.041666666666664,0.0,49.75,0.0,0.0,0.0,0.0,0.0,0.0,0.0,28.541666666666668
2025-01-16 06:00:00+00:00,0.0,50.041666666666664,0.0,49.75,0.0,0.0,0.0,0.0,0.0,0.0,0.0,28.541666666666668
2025-01-16 07:00:00+00:00,0.0,50.041666666666664,0.0,49.75,0.0,0.0,0.0,0.0,0.0,0.0,0.0,28.541666666666668
2025-01-16 08:00:00+00:00,0.0,50.041666666666664,0.0,49.75,0.0,0.0,0.0,0.0,0.0,0.0,0.0,28.541666666666668
2025-01-16 09:00:00+00:00,0.0,50.041666666666664,0.0,49.75,0.0,0.0,0.0,0.0,0.0,0.0,0.0,28.541666666666668
2025-01-16 10:00:00+00:00,0.0,50.041666666666664,0.0,49.75,0.0,0.0,0.0,0.0,0.0,0.0,0.0,28.541666666666668
2025-01-16 11:00:00+00:00,0.0,50.041666666666664,0.0,49.75,0.0,0.0,0.0,0.0,0.0,0.0,0.0,28.541666666666668
2025-01-16 12:00:00+00:00,0.0,50.041666666666664,0.0,49.75,0.0,0.0,0.0,0.0,0.0,0.0,0.0,28.541666666666668
2025-01-16 13:00:00+00:00,0.0,45.625,0.0,45.333333333333336,0.0,0.0,0.0,0.0,0.0,0.0,0.0,24.791666666666668
2025-01-16 14:00:00+00:00,0.0,45.25,0.0,44.958333333333336,0.0,0.0,0.0,0.0,0.0,0.0,0.0,24.416666666666668
2025-01-16 15:00:00+00:00,0.0,45.25,0.0,44.958333333333336,0.0,0.0,0.0,0.0,0.0,0.0,0.0,24.416666666666668
2025-01-16 16:00:00+00:00,0.0,42.25,0.0,41.958333333333336,0.0,0.0,0.0,0.0,0.0,0.0,0.0,23.291666666666668
2025-01-16 17:00:00+00:00,301.0,44.791666666666664,301.0,44.5,0.0,0.0,0.0,0.0,0.0,0.0,173.0,24.333333333333332
2025-01-16 18:00:00+00:00,0.0,40.75,0.0,40.458333333333336,0.0,0.0,0.0,0.0,0.0,0.0,0.0,22.625
2025-01-16 19:00:00+00:00,0.0,40.75,0.0,40.458333333333336,0.0,0.0,0.0,0.0,0.0,0.0,0.0,22.625
2025-01-16 20:00:00+00:00,0.0,39.75,0.0,39.458333333333336,0.0,0.0,0.0,0.0,0.0,0.0,0.0,21.625
2025-01-16 21:00:00+00:00,322.0,46.291666666666664,322.0,46.0,0.0,0.0,0.0,0.0,0.0,0.0,195.0,25.291666666666668
2025-01-16 22:00:00+00:00,0.0,37.75,0.0,37.458333333333336,0.0,0.0,0.0,0.0,0.0,0.0,0.0,21.083333333333332
2025-01-16 23:00:00+00:00,1.0,37.208333333333336,0.0,36.875,0.0,0.0,0.0,0.0,0.0,0.0,0.0,21.083333333333332
2025-01-17 00:00:00+00:00,0.0,36.916666666666664,0.0,36.875,0.0,0.0,0.0,0.0,0.0,0.0,0.0,21.083333333333332
2025-01-17 01:00:00+00:00,6.0,37.166666666666664,0.0,36.875,0.0,0.0,0.0,0.0,0.0,0.0,0.0,21.083333333333332
2025-01-17 02:00:00+00:00,0.0,37.166666666666664,0.0,36.875,0.0,0.0,0.0,0.0,0.0,0.0,0.0,21.083333333333332
2025-01-17 03:00:00+00:00,0.0,26.25,0.0,25.958333333333332,0.0,0.0,0.0,0.0,0.0,0.0,0.0,15.333333333333334
2025-01-17 04:00:00+00:00,0.0,26.25,0.0,25.958333333333332,0.0,0.0,0.0,0.0,0.0,0.0,0.0,15.333333333333334
2025-01-17 05:00:00+00:00,0.0,26.25,0.0,25.958333333333332,0.0,0.0,0.0,0.0,0.0,0.0,0.0,15.333333333333334
2025-01-17 06:00:00+00:00,0.0,26.25,0.0,25.958333333333332,0.0,0.0,0.0,0.0,0.0,0.0,0.0,15.333333333333334
2025-01-17 07:00:00+00:00,3.0,26.375,0.0,25.958333333333332,0.0,0.0,0.0,0.0,0.0,0.0,0.0,15.333333333333334
2025-01-17 08:00:00+00:00,0.0,26.375,0.0,25.958333333333332,0.0,0.0,0.0,0.0,0.0,0.0,0.0,15.333333333333334
2025-01-17 09:00:00+00:00,0.0,26.375,0.0,25.958333333333332,0.0,0.0,0.0,0.0,0.0,0.0,0.0,15.333333333333334
2025-01-17 10:00:00+00:00,0.0,26.375,0.0,25.958333333333332,0.0,0.0,0.0,0.0,0.0,0.0,0.0,15.333333333333334
2025-01-17 11:00:00+00:00,0.0,26.375,0.0,25.958333333333332,0.0,0.0,0.0,0.0,0.0,0.0,0.0,15.333333333333334
2025-01-17 12:00:00+00:00,0.0,26.375,0.0,25.958333333333332,0.0,0.0,0.0,0.0,0.0,0.0,0.0,15.333333333333334
2025-01-17 13:00:00+00:00,0.0,26.375,0.0,25.958333333333332,0.0,0.0,0.0,0.0,0.0,0.0,0.0,15.333333333333334
2025-01-17 14:00:00+00:00,0.0,26.375,0.0,25.958333333333332,0.0,0.0,0.0,0.0,0.0,0.0,0.0,15.333333333333334
2025-01-17 15:00:00+00:00,95.0,30.333333333333332,95.0,29.916666666666668,0.0,0.0,0.0,0.0,0.0,0.0,79.0,18.625
2025-01-17 16:00:00+00:00,2.0,30.416666666666668,2.0,30.0,0.0,0.0,0.0,0.0,0.0,0.0,2.0,18.708333333333332
2025-01-17 17:00:00+00:00,69.0,20.75,69.0,20.333333333333332,0.0,0.0,0.0,0.0,0.0,0.0,62.0,14.083333333333334
2025-01-17 18:00:00+00:00,0.0,20.75,0.0,20.333333333333332,0.0,0.0,0.0,0.0,0.0,0.0,0.0,14.083333333333334
2025-01-17 19:00:00+00:00,60.0,23.25,60.0,22.833333333333332,0.0,0.0,0.0,0.0,0.0,0.0,15.0,14.708333333333334
2025-01-17 20:00:00+00:00,191.0,31.208333333333332,191.0,30.791666666666668,0.0,0.0,0.0,0.0,0.0,0.0,106.0,19.125
2025-01-17 21:00:00+00:00,135.0,23.416666666666668,135.0,23.0,0.0,0.0,0.0,0.0,0.0,0.0,95.0,14.958333333333334
2025-01-17 22:00:00+00:00,27.0,24.541666666666668,27.0,24.125,0.0,0.0,0.0,0.0,0.0,0.0,12.0,15.458333333333334
2025-01-17 23:00:00+00:00,0.0,24.5,0.0,24.125,0.0,0.0,0.0,0.0,0.0,0.0,0.0,15.458333333333334
2025-01-18 00:00:00+00:00,0.0,24.5,0.0,24.125,0.0,0.0,0.0,0.0,0.0,0.0,0.0,15.458333333333334
2025-01-18 01:00:00+00:00,0.0,24.25,0.0,24.125,0.0,0.0,0.0,0.0,0.0,0.0,0.0,15.458333333333334
2025-01-18 02:00:00+00:00,0.0,24.25,0.0,24.125,0.0,0.0,0.0,0.0,0.0,0.0,0.0,15.458333333333334
2025-01-18 03:00:00+00:00,0.0,24.25,0.0,24.125,0.0,0.0,0.0,0.0,0.0,0.0,0.0,15.458333333333334
2025-01-18 04:00:00+00:00,0.0,24.25,0.0,24.125,0.0,0.0,0.0,0.0,0.0,0.0,0.0,15.458333333333334
2025-01-18 05:00:00+00:00,0.0,24.25,0.0,24.125,0.0,0.0,0.0,0.0,0.0,0.0,0.0,15.458333333333334
2025-01-18 06:00:00+00:00,78.0,27.5,78.0,27.375,0.0,0.0,0.0,0.0,0.0,0.0,44.0,17.291666666666668
2025-01-18 07:00:00+00:00,0.0,27.375,0.0,27.375,0.0,0.0,0.0,0.0,0.0,0.0,0.0,17.291666666666668
2025-01-18 08:00:00+00:00,0.0,27.375,0.0,27.375,0.0,0.0,0.0,0.0,0.0,0.0,0.0,17.291666666666668
2025-01-18 09:00:00+00:00,0.0,27.375,0.0,27.375,0.0,0.0,0.0,0.0,0.0,0.0,0.0,17.291666666666668
2025-01-18 10:00:00+00:00,0.0,27.375,0.0,27.375,0.0,0.0,0.0,0.0,0.0,0.0,0.0,17.291666666666668
2025-01-18 11:00:00+00:00,292.0,39.541666666666664,292.0,39.541666666666664,0.0,0.0,0.0,0.0,0.0,0.0,170.0,24.375
2025-01-18 12:00:00+00:00,0.0,39.541666666666664,0.0,39.541666666666664,0.0,0.0,0.0,0.0,0.0,0.0,0.0,24.375
2025-01-18 13:00:00+00:00,0.0,39.541666666666664,0.0,39.541666666666664,0.0,0.0,0.0,0.0,0.0,0.0,0.0,24.375
2025-01-18 14:00:00+00:00,0.0,39.541666666666664,0.0,39.541666666666664,0.0,0.0,0.0,0.0,0.0,0.0,0.0,24.375
2025-01-18 15:00:00+00:00,0.0,35.583333333333336,0.0,35.583333333333336,0.0,0.0,0.0,0.0,0.0,0.0,0.0,21.083333333333332
2025-01-18 16:00:00+00:00,0.0,35.5,0.0,35.5,0.0,0.0,0.0,0.0,0.0,0.0,0.0,21.0
2025-01-18 17:00:00+00:00,136.0,38.291666666666664,136.0,38.291666666666664,0.0,0.0,0.0,0.0,0.0,0.0,70.0,21.333333333333332
2025-01-18 18:00:00+00:00,2.0,38.375,0.0,38.291666666666664,0.0,0.0,0.0,0.0,0.0,0.0,0.0,21.333333333333332
2025-01-18 19:00:00+00:00,0.0,35.875,0.0,35.791666666666664,0.0,0.0,0.0,0.0,0.0,0.0,0.0,20.708333333333332
2025-01-18 20:00:00+00:00,0.0,27.916666666666668,0.0,27.833333333333332,0.0,0.0,0.0,0.0,0.0,0.0,0.0,16.291666666666668
2025-01-18 21:00:00+00:00,292.0,34.458333333333336,292.0,34.375,0.0,0.0,0.0,0.0,0.0,0.0,135.0,17.958333333333332
2025-01-18 22:00:00+00:00,360.0,48.333333333333336,360.0,48.25,0.0,0.0,0.0,0.0,0.0,0.0,178.0,24.875
2025-01-18 23:00:00+00:00,0.0,48.333333333333336,0.0,48.25,0.0,0.0,0.0,0.0,0.0,0.0,0.0,24.875
2025-01-19 00:00:00+00:00,0.0,48.333333333333336,0.0,48.25,0.0,0.0,0.0,0.0,0.0,0.0,0.0,24.875
2025-01-19 01:00:00+00:00,0.0,48.333333333333336,0.0,48.25,0.0,0.0,0.0,0.0,0.0,0.0,0.0,24.875
2025-01-19 02:00:00+00:00,0.0,48.333333333333336,0.0,48.25,0.0,0.0,0.0,0.0,0.0,0.0,0.0,24.875
2025-01-19 03:00:00+00:00,167.0,55.291666666666664,167.0,55.208333333333336,0.0,0.0,0.0,0.0,0.0,0.0,89.0,28.583333333333332
2025-01-19 04:00:00+00:00,79.0,58.583333333333336,79.0,58.5,0.0,0.0,0.0,0.0,0.0,0.0,70.0,31.5
2025-01-19 05:00:00+00:00,71.0,61.541666666666664,71.0,61.458333333333336,0.0,0.0,0.0,0.0,0.0,0.0,48.0,33.5
2025-01-19 06:00:00+00:00,174.0,65.54166666666667,174.0,65.45833333333333,0.0,0.0,0.0,0.0,0.0,0.0,95.0,35.625
2025-01-19 07:00:00+00:00,0.0,65.54166666666667,0.0,65.45833333333333,0.0,0.0,0.0,0.0,0.0,0.0,0.0,35.625
2025-01-19 08:00:00+00:00,0.0,65.54166666666667,0.0,65.45833333333333,0.0,0.0,0.0,0.0,0.0,0.0,0.0,35.625
2025-01-19 09:00:00+00:00,0.0,65.54166666666667,0.0,65.45833333333333,0.0,0.0,0.0,0.0,0.0,0.0,0.0,35.625
2025-01-19 10:00:00+00:00,5.0,65.75,0.0,65.45833333333333,0.0,0.0,0.0,0.0,0.0,0.0,0.0,35.625
2025-01-19 11:00:00+00:00,0.0,53.583333333333336,0.0,53.291666666666664,0.0,0.0,0.0,0.0,0.0,0.0,0.0,28.541666666666668
2025-01-19 12:00:00+00:00,0.0,53.583333333333336,0.0,53.291666666666664,0.0,0.0,0.0,0.0,0.0,0.0,0.0,28.541666666666668
2025-01-19 13:00:00+00:00,0.0,53.583333333333336,0.0,53.291666666666664,0.0,0.0,0.0,0.0,0.0,0.0,0.0,28.541666666666668
2025-01-19 14:00:00+00:00,52.0,55.75,52.0,55.458333333333336,0.0,0.0,0.0,0.0,0.0,0.0,34.0,29.958333333333332
2025-01-19 15:00:00+00:00,31.0,57.041666666666664,31.0,56.75,0.0,0.0,0.0,0.0,0.0,0.0,0.0,29.958333333333332
2025-01-19 16:00:00+00:00,45.0,58.916666666666664,45.0,58.625,0.0,0.0,0.0,0.0,0.0,0.0,30.0,31.208333333333332
2025-01-19 17:00:00+00:00,0.0,53.25,0.0,52.958333333333336,0.0,0.0,0.0,0.0,0.0,0.0,0.0,28.291666666666668
2025-01-19 18:00:00+00:00,0.0,53.166666666666664,0.0,52.958333333333336,0.0,0.0,0.0,0.0,0.0,0.0,0.0,28.291666666666668
2025-01-19 19:00:00+00:00,0.0,53.166666666666664,0.0,52.958333333333336,0.0,0.0,0.0,0.0,0.0,0.0,0.0,28.291666666666668
2025-01-19 20:00:00+00:00,0.0,53.166666666666664,0.0,52.958333333333336,0.0,0.0,0.0,0.0,0.0,0.0,0.0,28.291666666666668
2025-01-19 21:00:00+00:00,0.0,41.0,0.0,40.791666666666664,0.0,0.0,0.0,0.0,0.0,0.0,0.0,22.666666666666668
2025-01-19 22:00:00+00:00,0.0,26.0,0.0,25.791666666666668,0.0,0.0,0.0,0.0,0.0,0.0,0.0,15.25
2025-01-19 23:00:00+00:00,0.0,26.0,0.0,25.791666666666668,0.0,0.0,0.0,0.0,0.0,0.0,0.0,15.25
2025-01-20 00:00:00+00:00,0.0,26.0,0.0,25.791666666666668,0.0,0.0,0.0,0.0,0.0,0.0,0.0,15.25
2025-01-20 01:00:00+00:00,0.0,26.0,0.0,25.791666666666668,0.0,0.0,0.0,0.0,0.0,0.0,0.0,15.25
2025-01-20 02:00:00+00:00,0.0,26.0,0.0,25.791666666666668,0.0,0.0,0.0,0.0,0.0,0.0,0.0,15.25
2025-01-20 03:00:00+00:00,133.0,24.583333333333332,133.0,24.375,0.0,0.0,0.0,0.0,0.0,0.0,90.0,15.291666666666666
2025-01-20 04:00:00+00:00,0.0,21.291666666666668,0.0,21.083333333333332,0.0,0.0,0.0,0.0,0.0,0.0,0.0,12.375
2025-01-20 05:00:00+00:00,0.0,18.333333333333332,0.0,18.125,0.0,0.0,0.0,0.0,0.0,0.0,0.0,10.375
2025-01-20 06:00:00+00:00,0.0,11.083333333333334,0.0,10.875,0.0,0.0,0.0,0.0,0.0,0.0,0.0,6.416666666666667
2025-01-20 07:00:00+00:00,152.0,17.416666666666668,152.0,17.208333333333332,0.0,0.0,0.0,0.0,0.0,0.0,89.0,10.125
2025-01-20 08:00:00+00:00,0.0,17.416666666666668,0.0,17.208333333333332,0.0,0.0,0.0,0.0,0.0,0.0,0.0,10.125
2025-01-20 09:00:00+00:00,0.0,17.416666666666668,0.0,17.208333333333332,0.0,0.0,0.0,0.0,0.0,0.0,0.0,10.125
2025-01-20 10:00:00+00:00,0.0,17.208333333333332,0.0,17.208333333333332,0.0,0.0,0.0,0.0,0.0,0.0,0.0,10.125
2025-01-20 11:00:00+00:00,0.0,17.208333333333332,0.0,17.208333333333332,0.0,0.0,0.0,0.0,0.0,0.0,0.0,10.125
2025-01-20 12:00:00+00:00,0.0,17.208333333333332,0.0,17.208333333333332,0.0,0.0,0.0,0.0,0.0,0.0,0.0,10.125
2025-01-20 13:00:00+00:00,0.0,17.208333333333332,0.0,17.208333333333332,0.0,0.0,0.0,0.0,0.0,0.0,0.0,10.125
2025-01-20 14:00:00+00:00,60.0,17.541666666666668,60.0,17.541666666666668,0.0,0.0,0.0,0.0,0.0,0.0,48.0,10.708333333333334
2025-01-20 15:00:00+00:00,11.0,16.708333333333332,11.0,16.708333333333332,0.0,0.0,0.0,0.0,0.0,0.0,7.0,11.0
2025-01-20 16:00:00+00:00,136.0,20.5,136.0,20.5,0.0,0.0,0.0,0.0,0.0,0.0,41.0,11.458333333333334
2025-01-20 17:00:00+00:00,8.0,20.833333333333332,8.0,20.833333333333332,0.0,0.0,0.0,0.0,0.0,0.0,0.0,11.458333333333334
2025-01-20 18:00:00+00:00,0.0,20.833333333333332,0.0,20.833333333333332,0.0,0.0,0.0,0.0,0.0,0.0,0.0,11.458333333333334
2025-01-20 19:00:00+00:00,0.0,20.833333333333332,0.0,20.833333333333332,0.0,0.0,0.0,0.0,0.0,0.0,0.0,11.458333333333334
2025-01-20 20:00:00+00:00,0.0,20.833333333333332,0.0,20.833333333333332,0.0,0.0,0.0,0.0,0.0,0.0,0.0,11.458333333333334
2025-01-20 21:00:00+00:00,76.0,24.0,76.0,24.0,0.0,0.0,0.0,0.0,0.0,0.0,28.0,12.625
2025-01-20 22:00:00+00:00,137.0,29.708333333333332,137.0,29.708333333333332,0.0,0.0,0.0,0.0,0.0,0.0,83.0,16.083333333333332
2025-01-20 23:00:00+00:00,100.0,33.875,100.0,33.875,0.0,0.0,0.0,0.0,0.0,0.0,75.0,19.208333333333332
2025-01-21 00:00:00+00:00,0.0,33.875,0.0,33.875,0.0,0.0,0.0,0.0,0.0,0.0,0.0,19.208333333333332
2025-01-21 01:00:00+00:00,13.0,34.416666666666664,0.0,33.875,0.0,0.0,0.0,0.0,0.0,0.0,0.0,19.208333333333332
2025-01-21 02:00:00+00:00,0.0,34.416666666666664,0.0,33.875,0.0,0.0,0.0,0.0,0.0,0.0,0.0,19.208333333333332
2025-01-21 03:00:00+00:00,120.0,33.875,120.0,33.333333333333336,0.0,0.0,0.0,0.0,0.0,0.0,68.0,18.291666666666668
2025-01-21 04:00:00+00:00,103.0,38.166666666666664,103.0,37.625,0.0,0.0,0.0,0.0,0.0,0.0,90.0,22.041666666666668
2025-01-21 05:00:00+00:00,0.0,38.166666666666664,0.0,37.625,0.0,0.0,0.0,0.0,0.0,0.0,0.0,22.041666666666668
2025-01-21 06:00:00+00:00,27.0,39.291666666666664,27.0,38.75,0.0,0.0,0.0,0.0,0.0,0.0,13.0,22.583333333333332
2025-01-21 07:00:00+00:00,120.0,37.958333333333336,120.0,37.416666666666664,0.0,0.0,0.0,0.0,0.0,0.0,80.0,22.208333333333332
2025-01-21 08:00:00+00:00,11.0,38.416666666666664,0.0,37.416666666666664,0.0,0.0,0.0,0.0,0.0,0.0,0.0,22.208333333333332
2025-01-21 09:00:00+00:00,0.0,38.416666666666664,0.0,37.416666666666664,0.0,0.0,0.0,0.0,0.0,0.0,0.0,22.208333333333332
2025-01-21 10:00:00+00:00,7.0,38.708333333333336,0.0,37.416666666666664,0.0,0.0,0.0,0.0,0.0,0.0,0.0,22.208333333333332
2025-01-21 11:00:00+00:00,137.0,44.416666666666664,137.0,43.125,0.0,0.0,0.0,0.0,0.0,0.0,81.0,25.583333333333332
2025-01-21 12:00:00+00:00,36.0,45.916666666666664,36.0,44.625,0.0,0.0,0.0,0.0,0.0,0.0,12.0,26.083333333333332
2025-01-21 13:00:00+00:00,340.0,60.083333333333336,340.0,58.791666666666664,0.0,0.0,0.0,0.0,0.0,0.0,283.0,37.875
2025-01-21 14:00:00+00:00,445.0,76.125,445.0,74.83333333333333,0.0,0.0,0.0,0.0,0.0,0.0,338.0,49.958333333333336
2025-01-21 15:00:00+00:00,82.0,79.08333333333333,82.0,77.79166666666667,0.0,0.0,0.0,0.0,0.0,0.0,56.0,52.0
2025-01-21 16:00:00+00:00,33.0,74.79166666666667,33.0,73.5,0.0,0.0,0.0,0.0,0.0,0.0,15.0,50.916666666666664
2025-01-21 17:00:00+00:00,6.0,74.70833333333333,6.0,73.41666666666667,0.0,0.0,0.0,0.0,0.0,0.0,0.0,50.916666666666664
2025-01-21 18:00:00+00:00,0.0,74.70833333333333,0.0,73.41666666666667,0.0,0.0,0.0,0.0,0.0,0.0,0.0,50.916666666666664
2025-01-21 19:00:00+00:00,51.0,76.83333333333333,51.0,75.54166666666667,0.0,0.0,0.0,0.0,0.0,0.0,39.0,52.541666666666664
2025-01-21 20:00:00+00:00,405.0,93.70833333333333,405.0,92.41666666666667,0.0,0.0,0.0,0.0,0.0,0.0,256.0,63.208333333333336
2025-01-21 21:00:00+00:00,46.0,92.45833333333333,46.0,91.16666666666667,0.0,0.0,0.0,0.0,0.0,0.0,15.0,62.666666666666664
2025-01-21 22:00:00+00:00,0.0,86.75,0.0,85.45833333333333,0.0,0.0,0.0,0.0,0.0,0.0,0.0,59.208333333333336
2025-01-21 23:00:00+00:00,0.0,82.58333333333333,0.0,81.29166666666667,0.0,0.0,0.0,0.0,0.0,0.0,0.0,56.083333333333336
2025-01-22 00:00:00+00:00,0.0,82.58333333333333,0.0,81.29166666666667,0.0,0.0,0.0,0.0,0.0,0.0,0.0,56.083333333333336
2025-01-22 01:00:00+00:00,0.0,82.04166666666667,0.0,81.29166666666667,0.0,0.0,0.0,0.0,0.0,0.0,0.0,56.083333333333336
2025-01-22 02:00:00+00:00,0.0,82.04166666666667,0.0,81.29166666666667,0.0,0.0,0.0,0.0,0.0,0.0,0.0,56.083333333333336
2025-01-22 03:00:00+00:00,0.0,77.04166666666667,0.0,76.29166666666667,0.0,0.0,0.0,0.0,0.0,0.0,0.0,53.25
2025-01-22 04:00:00+00:00,30.0,74.0,30.0,73.25,30.0,1.25,0.0,0.0,0.0,0.0,30.0,50.75
2025-01-22 05:00:00+00:00,0.0,74.0,0.0,73.25,0.0,1.25,0.0,0.0,0.0,0.0,0.0,50.75
2025-01-22 06:00:00+00:00,0.0,72.875,0.0,72.125,0.0,1.25,0.0,0.0,0.0,0.0,0.0,50.208333333333336
2025-01-22 07:00:00+00:00,0.0,67.875,0.0,67.125,0.0,1.25,0.0,0.0,0.0,0.0,0.0,46.875
2025-01-22 08:00:00+00:00,0.0,67.41666666666667,0.0,67.125,0.0,1.25,0.0,0.0,0.0,0.0,0.0,46.875
2025-01-22 09:00:00+00:00,0.0,67.41666666666667,0.0,67.125,0.0,1.25,0.0,0.0,0.0,0.0,0.0,46.875
2025-01-22 10:00:00+00:00,0.0,67.125,0.0,67.125,0.0,1.25,0.0,0.0,0.0,0.0,0.0,46.875
2025-01-22 11:00:00+00:00,0.0,61.416666666666664,0.0,61.416666666666664,0.0,1.25,0.0,0.0,0.0,0.0,0.0,43.5
2025-01-22 12:00:00+00:00,0.0,59.916666666666664,0.0,59.916666666666664,0.0,1.25,0.0,0.0,0.0,0.0,0.0,43.0
2025-01-22 13:00:00+00:00,0.0,45.75,0.0,45.75,0.0,1.25,0.0,0.0,0.0,0.0,0.0,31.208333333333332
2025-01-22 14:00:00+00:00,0.0,27.208333333333332,0.0,27.208333333333332,0.0,1.25,0.0,0.0,0.0,0.0,0.0,17.125
2025-01-22 15:00:00+00:00,17.0,24.5,17.0,24.5,17.0,1.9583333333333333,0.0,0.0,0.0,0.0,14.0,15.375
2025-01-22 16:00:00+00:00,97.0,27.166666666666668,97.0,27.166666666666668,97.0,6.0,0.0,0.0,0.0,0.0,40.0,16.416666666666668
2025-01-22 17:00:00+00:00,245.0,37.125,245.0,37.125,245.0,16.208333333333332,0.0,0.0,0.0,0.0,107.0,20.875
2025-01-22 18:00:00+00:00,176.0,44.458333333333336,176.0,44.458333333333336,176.0,23.541666666666668,0.0,0.0,0.0,0.0,67.0,23.666666666666668
2025-01-22 19:00:00+00:00,9.0,42.708333333333336,9.0,42.708333333333336,9.0,23.916666666666668,0.0,0.0,0.0,0.0,9.0,22.416666666666668
2025-01-22 20:00:00+00:00,9.0,26.208333333333332,0.0,25.833333333333332,9.0,24.291666666666668,0.0,0.0,0.0,0.0,0.0,11.75
2025-01-22 21:00:00+00:00,9.0,24.666666666666668,9.0,24.291666666666668,9.0,24.666666666666668,0.0,0.0,0.0,0.0,9.0,11.5
2025-01-22 22:00:00+00:00,68.0,27.5,68.0,27.125,68.0,27.5,0.0,0.0,0.0,0.0,22.0,12.416666666666666
2025-01-22 23:00:00+00:00,98.0,31.583333333333332,98.0,31.208333333333332,98.0,31.583333333333332,0.0,0.0,0.0,0.0,48.0,14.416666666666666
2025-01-23 00:00:00+00:00,26.0,32.666666666666664,26.0,32.291666666666664,0.0,31.583333333333332,0.0,0.0,0.0,0.0,0.0,14.416666666666666
2025-01-23 01:00:00+00:00,0.0,32.666666666666664,0.0,32.291666666666664,0.0,31.583333333333332,0.0,0.0,0.0,0.0,0.0,14.416666666666666
2025-01-23 02:00:00+00:00,0.0,32.666666666666664,0.0,32.291666666666664,0.0,31.583333333333332,0.0,0.0,0.0,0.0,0.0,14.416666666666666
2025-01-23 03:00:00+00:00,0.0,32.666666666666664,0.0,32.291666666666664,0.0,31.583333333333332,0.0,0.0,0.0,0.0,0.0,14.416666666666666
2025-01-23 04:00:00+00:00,5.0,31.625,0.0,31.041666666666668,0.0,30.333333333333332,0.0,0.0,0.0,0.0,0.0,13.166666666666666
2025-01-23 05:00:00+00:00,0.0,31.625,0.0,31.041666666666668,0.0,30.333333333333332,0.0,0.0,0.0,0.0,0.0,13.166666666666666
2025-01-23 06:00:00+00:00,0.0,31.625,0.0,31.041666666666668,0.0,30.333333333333332,0.0,0.0,0.0,0.0,0.0,13.166666666666666
2025-01-23 07:00:00+00:00,0.0,31.625,0.0,31.041666666666668,0.0,30.333333333333332,0.0,0.0,0.0,0.0,0.0,13.166666666666666
2025-01-23 08:00:00+00:00,0.0,31.625,0.0,31.041666666666668,0.0,30.333333333333332,0.0,0.0,0.0,0.0,0.0,13.166666666666666
2025-01-23 09:00:00+00:00,35.0,33.083333333333336,35.0,32.5,0.0,30.333333333333332,0.0,0.0,0.0,0.0,33.0,14.541666666666666
2025-01-23 10:00:00+00:00,81.0,36.458333333333336,81.0,35.875,0.0,30.333333333333332,0.0,0.0,0.0,0.0,78.0,17.791666666666668
2025-01-23 11:00:00+00:00,201.0,44.833333333333336,201.0,44.25,0.0,30.333333333333332,0.0,0.0,0.0,0.0,137.0,23.5
2025-01-23 12:00:00+00:00,0.0,44.833333333333336,0.0,44.25,0.0,30.333333333333332,0.0,0.0,0.0,0.0,0.0,23.5
2025-01-23 13:00:00+00:00,19.0,45.625,0.0,44.25,0.0,30.333333333333332,0.0,0.0,0.0,0.0,14.0,24.083333333333332
2025-01-23 14:00:00+00:00,0.0,45.625,0.0,44.25,0.0,30.333333333333332,0.0,0.0,0.0,0.0,0.0,24.083333333333332
2025-01-23 15:00:00+00:00,0.0,44.916666666666664,0.0,43.541666666666664,0.0,29.625,0.0,0.0,0.0,0.0,0.0,23.5
2025-01-23 16:00:00+00:00,0.0,40.875,0.0,39.5,0.0,25.583333333333332,0.0,0.0,0.0,0.0,0.0,21.833333333333332
2025-01-23 17:00:00+00:00,15.0,31.291666666666668,15.0,29.916666666666668,0.0,15.375,0.0,0.0,0.0,0.0,0.0,17.375
2025-01-23 18:00:00+00:00,543.0,46.583333333333336,543.0,45.208333333333336,0.0,8.041666666666666,0.0,0.0,0.0,0.0,291.0,26.708333333333332
2025-01-23 19:00:00+00:00,72.0,49.208333333333336,72.0,47.833333333333336,0.0,7.666666666666667,0.0,0.0,0.0,0.0,48.0,28.333333333333332
2025-01-23 20:00:00+00:00,146.0,54.916666666666664,146.0,53.916666666666664,0.0,7.291666666666667,0.0,0.0,0.0,0.0,108.0,32.833333333333336
2025-01-23 21:00:00+00:00,0.0,54.541666666666664,0.0,53.541666666666664,0.0,6.916666666666667,0.0,0.0,0.0,0.0,0.0,32.458333333333336
2025-01-23 22:00:00+00:00,0.0,51.708333333333336,0.0,50.708333333333336,0.0,4.083333333333333,0.0,0.0,0.0,0.0,0.0,31.541666666666668
2025-01-23 23:00:00+00:00,55.0,49.916666666666664,55.0,48.916666666666664,0.0,0.0,0.0,0.0,0.0,0.0,12.0,30.041666666666668
2025-01-24 00:00:00+00:00,244.0,59.0,244.0,58.0,244.0,10.166666666666666,0.0,0.0,0.0,0.0,135.0,35.666666666666664
2025-01-24 01:00:00+00:00,0.0,59.0,0.0,58.0,0.0,10.166666666666666,0.0,0.0,0.0,0.0,0.0,35.666666666666664
2025-01-24 02:00:00+00:00,20.0,59.833333333333336,0.0,58.0,20.0,11.0,0.0,0.0,0.0,0.0,16.0,36.333333333333336
2025-01-24 03:00:00+00:00,1.0,59.875,0.0,58.0,1.0,11.041666666666666,0.0,0.0,0.0,0.0,0.0,36.333333333333336
2025-01-24 04:00:00+00:00,9.0,60.041666666666664,0.0,58.0,9.0,11.416666666666666,0.0,0.0,0.0,0.0,9.0,36.708333333333336
2025-01-24 05:00:00+00:00,0.0,60.041666666666664,0.0,58.0,0.0,11.416666666666666,0.0,0.0,0.0,0.0,0.0,36.708333333333336
2025-01-24 06:00:00+00:00,0.0,60.041666666666664,0.0,58.0,0.0,11.416666666666666,0.0,0.0,0.0,0.0,0.0,36.708333333333336
2025-01-24 07:00:00+00:00,22.0,60.958333333333336,0.0,58.0,22.0,12.333333333333334,0.0,0.0,0.0,0.0,11.0,37.166666666666664
2025-01-24 08:00:00+00:00,24.0,61.958333333333336,24.0,59.0,24.0,13.333333333333334,0.0,0.0,0.0,0.0,22.0,38.083333333333336
2025-01-24 09:00:00+00:00,210.0,69.25,210.0,66.29166666666667,210.0,22.083333333333332,0.0,0.0,0.0,0.0,119.0,41.666666666666664
2025-01-24 10:00:00+00:00,0.0,65.875,0.0,62.916666666666664,0.0,22.083333333333332,0.0,0.0,0.0,0.0,0.0,38.416666666666664
2025-01-24 11:00:00+00:00,0.0,57.5,0.0,54.541666666666664,0.0,22.083333333333332,0.0,0.0,0.0,0.0,0.0,32.708333333333336
2025-01-24 12:00:00+00:00,0.0,57.5,0.0,54.541666666666664,0.0,22.083333333333332,0.0,0.0,0.0,0.0,0.0,32.708333333333336
2025-01-24 13:00:00+00:00,199.0,65.0,199.0,62.833333333333336,199.0,30.375,0.0,0.0,0.0,0.0,93.0,36.0
2025-01-24 14:00:00+00:00,423.0,82.625,423.0,80.45833333333333,423.0,48.0,0.0,0.0,0.0,0.0,240.0,46.0
2025-01-24 15:00:00+00:00,15.0,83.25,15.0,81.08333333333333,15.0,48.625,0.0,0.0,0.0,0.0,0.0,46.0
2025-01-24 16:00:00+00:00,41.0,84.95833333333333,41.0,82.79166666666667,41.0,50.333333333333336,0.0,0.0,0.0,0.0,11.0,46.458333333333336
2025-01-24 17:00:00+00:00,0.0,84.33333333333333,0.0,82.16666666666667,0.0,50.333333333333336,0.0,0.0,0.0,0.0,0.0,46.458333333333336
2025-01-24 18:00:00+00:00,94.0,65.625,94.0,63.458333333333336,94.0,54.25,0.0,0.0,0.0,0.0,90.0,38.083333333333336
2025-01-24 19:00:00+00:00,62.0,65.20833333333333,62.0,63.041666666666664,62.0,56.833333333333336,0.0,0.0,0.0,0.0,49.0,38.125
2025-01-24 20:00:00+00:00,85.0,62.666666666666664,85.0,60.5,85.0,60.375,0.0,0.0,0.0,0.0,42.0,35.375
2025-01-24 21:00:00+00:00,142.0,68.58333333333333,142.0,66.41666666666667,142.0,66.29166666666667,0.0,0.0,0.0,0.0,77.0,38.583333333333336
2025-01-24 22:00:00+00:00,0.0,68.58333333333333,0.0,66.41666666666667,0.0,66.29166666666667,0.0,0.0,0.0,0.0,0.0,38.583333333333336
2025-01-24 23:00:00+00:00,0.0,66.29166666666667,0.0,64.125,0.0,66.29166666666667,0.0,0.0,0.0,0.0,0.0,38.083333333333336
2025-01-25 00:00:00+00:00,0.0,56.125,0.0,53.958333333333336,0.0,56.125,0.0,0.0,0.0,0.0,0.0,32.458333333333336
2025-01-25 01:00:00+00:00,2.0,56.208333333333336,0.0,53.958333333333336,0.0,56.125,0.0,0.0,0.0,0.0,0.0,32.458333333333336
2025-01-25 02:00:00+00:00,0.0,55.375,0.0,53.958333333333336,0.0,55.291666666666664,0.0,0.0,0.0,0.0,0.0,31.791666666666668
2025-01-25 03:00:00+00:00,0.0,55.333333333333336,0.0,53.958333333333336,0.0,55.25,0.0,0.0,0.0,0.0,0.0,31.791666666666668
2025-01-25 04:00:00+00:00,0.0,54.958333333333336,0.0,53.958333333333336,0.0,54.875,0.0,0.0,0.0,0.0,0.0,31.416666666666668
2025-01-25 05:00:00+00:00,274.0,66.375,274.0,65.375,0.0,54.875,0.0,0.0,0.0,0.0,185.0,39.125
2025-01-25 06:00:00+00:00,74.0,69.45833333333333,74.0,68.45833333333333,0.0,54.875,0.0,0.0,0.0,0.0,48.0,41.125
2025-01-25 07:00:00+00:00,29.0,69.75,29.0,69.66666666666667,0.0,53.958333333333336,0.0,0.0,0.0,0.0,22.0,41.583333333333336
2025-01-25 08:00:00+00:00,0.0,68.75,0.0,68.66666666666667,0.0,52.958333333333336,0.0,0.0,0.0,0.0,0.0,40.666666666666664
2025-01-25 09:00:00+00:00,0.0,60.0,0.0,59.916666666666664,0.0,44.208333333333336,0.0,0.0,0.0,0.0,0.0,35.708333333333336
2025-01-25 10:00:00+00:00,0.0,60.0,0.0,59.916666666666664,0.0,44.208333333333336,0.0,0.0,0.0,0.0,0.0,35.708333333333336
2025-01-25 11:00:00+00:00,0.0,60.0,0.0,59.916666666666664,0.0,44.208333333333336,0.0,0.0,0.0,0.0,0.0,35.708333333333336
2025-01-25 12:00:00+00:00,0.0,60.0,0.0,59.916666666666664,0.0,44.208333333333336,0.0,0.0,0.0,0.0,0.0,35.708333333333336
2025-01-25 13:00:00+00:00,0.0,51.708333333333336,0.0,51.625,0.0,35.916666666666664,0.0,0.0,0.0,0.0,0.0,31.833333333333332
2025-01-25 14:00:00+00:00,1.0,34.125,0.0,34.0,0.0,18.291666666666668,0.0,0.0,0.0,0.0,0.0,21.833333333333332
2025-01-25 15:00:00+00:00,0.0,33.5,0.0,33.375,0.0,17.666666666666668,0.0,0.0,0.0,0.0,0.0,21.833333333333332
2025-01-25 16:00:00+00:00,4.0,31.958333333333332,0.0,31.666666666666668,0.0,15.958333333333334,0.0,0.0,0.0,0.0,0.0,21.375
2025-01-25 17:00:00+00:00,0.0,31.958333333333332,0.0,31.666666666666668,0.0,15.958333333333334,0.0,0.0,0.0,0.0,0.0,21.375
2025-01-25 18:00:00+00:00,0.0,28.041666666666668,0.0,27.75,0.0,12.041666666666666,0.0,0.0,0.0,0.0,0.0,17.625
2025-01-25 19:00:00+00:00,3.0,25.583333333333332,0.0,25.166666666666668,0.0,9.458333333333334,0.0,0.0,0.0,0.0,0.0,15.583333333333334
2025-01-25 20:00:00+00:00,0.0,22.041666666666668,0.0,21.625,0.0,5.916666666666667,0.0,0.0,0.0,0.0,0.0,13.833333333333334
2025-01-25 21:00:00+00:00,0.0,16.125,0.0,15.708333333333334,0.0,0.0,0.0,0.0,0.0,0.0,0.0,10.625
2025-01-25 22:00:00+00:00,0.0,16.125,0.0,15.708333333333334,0.0,0.0,0.0,0.0,0.0,0.0,0.0,10.625
2025-01-25 23:00:00+00:00,71.0,19.083333333333332,71.0,18.666666666666668,0.0,0.0,0.0,0.0,0.0,0.0,40.0,12.291666666666666
2025-01-26 00:00:00+00:00,0.0,19.083333333333332,0.0,18.666666666666668,0.0,0.0,0.0,0.0,0.0,0.0,0.0,12.291666666666666
2025-01-26 01:00:00+00:00,0.0,19.0,0.0,18.666666666666668,0.0,0.0,0.0,0.0,0.0,0.0,0.0,12.291666666666666
2025-01-26 02:00:00+00:00,58.0,21.416666666666668,58.0,21.083333333333332,0.0,0.0,0.0,0.0,0.0,0.0,38.0,13.875
2025-01-26 03:00:00+00:00,17.0,22.125,17.0,21.791666666666668,0.0,0.0,0.0,0.0,0.0,0.0,0.0,13.875
2025-01-26 04:00:00+00:00,6.0,22.375,0.0,21.791666666666668,0.0,0.0,0.0,0.0,0.0,0.0,6.0,14.125
2025-01-26 05:00:00+00:00,12.0,11.458333333333334,0.0,10.375,0.0,0.0,0.0,0.0,0.0,0.0,9.0,6.791666666666667
2025-01-26 06:00:00+00:00,0.0,8.375,0.0,7.291666666666667,0.0,0.0,0.0,0.0,0.0,0.0,0.0,4.791666666666667
2025-01-26 07:00:00+00:00,0.0,7.166666666666667,0.0,6.083333333333333,0.0,0.0,0.0,0.0,0.0,0.0,0.0,3.875
2025-01-26 08:00:00+00:00,0.0,7.166666666666667,0.0,6.083333333333333,0.0,0.0,0.0,0.0,0.0,0.0,0.0,3.875
2025-01-26 09:00:00+00:00,28.0,8.333333333333334,28.0,7.25,0.0,0.0,0.0,0.0,0.0,0.0,0.0,3.875
2025-01-26 10:00:00+00:00,0.0,8.333333333333334,0.0,7.25,0.0,0.0,0.0,0.0,0.0,0.0,0.0,3.875
2025-01-26 11:00:00+00:00,62.0,10.916666666666666,62.0,9.833333333333334,0.0,0.0,0.0,0.0,0.0,0.0,51.0,6.0
2025-01-26 12:00:00+00:00,0.0,10.916666666666666,0.0,9.833333333333334,0.0,0.0,0.0,0.0,0.0,0.0,0.0,6.0
2025-01-26 13:00:00+00:00,0.0,10.916666666666666,0.0,9.833333333333334,0.0,0.0,0.0,0.0,0.0,0.0,0.0,6.0
2025-01-26 14:00:00+00:00,3.0,11.0,0.0,9.833333333333334,0.0,0.0,0.0,0.0,0.0,0.0,0.0,6.0
2025-01-26 15:00:00+00:00,0.0,11.0,0.0,9.833333333333334,0.0,0.0,0.0,0.0,0.0,0.0,0.0,6.0
2025-01-26 16:00:00+00:00,39.0,12.458333333333334,39.0,11.458333333333334,0.0,0.0,0.0,0.0,0.0,0.0,32.0,7.333333333333333
2025-01-26 17:00:00+00:00,0.0,12.458333333333334,0.0,11.458333333333334,0.0,0.0,0.0,0.0,0.0,0.0,0.0,7.333333333333333
2025-01-26 18:00:00+00:00,0.0,12.458333333333334,0.0,11.458333333333334,0.0,0.0,0.0,0.0,0.0,0.0,0.0,7.333333333333333
2025-01-26 19:00:00+00:00,0.0,12.333333333333334,0.0,11.458333333333334,0.0,0.0,0.0,0.0,0.0,0.0,0.0,7.333333333333333
2025-01-26 20:00:00+00:00,39.0,13.958333333333334,39.0,13.083333333333334,0.0,0.0,0.0,0.0,0.0,0.0,29.0,8.541666666666666
2025-01-26 21:00:00+00:00,0.0,13.958333333333334,0.0,13.083333333333334,0.0,0.0,0.0,0.0,0.0,0.0,0.0,8.541666666666666
2025-01-26 22:00:00+00:00,0.0,13.958333333333334,0.0,13.083333333333334,0.0,0.0,0.0,0.0,0.0,0.0,0.0,8.541666666666666
2025-01-26 23:00:00+00:00,0.0,11.0,0.0,10.125,0.0,0.0,0.0,0.0,0.0,0.0,0.0,6.875
2025-01-27 00:00:00+00:00,15.0,11.625,15.0,10.75,0.0,0.0,0.0,0.0,0.0,0.0,0.0,6.875
2025-01-27 01:00:00+00:00,129.0,17.0,129.0,16.125,0.0,0.0,0.0,0.0,0.0,0.0,64.0,9.541666666666666
2025-01-27 02:00:00+00:00,0.0,14.583333333333334,0.0,13.708333333333334,0.0,0.0,0.0,0.0,0.0,0.0,0.0,7.958333333333333
2025-01-27 03:00:00+00:00,0.0,13.875,0.0,13.0,0.0,0.0,0.0,0.0,0.0,0.0,0.0,7.958333333333333
2025-01-27 04:00:00+00:00,0.0,13.625,0.0,13.0,0.0,0.0,0.0,0.0,0.0,0.0,0.0,7.708333333333333
2025-01-27 05:00:00+00:00,0.0,13.125,0.0,13.0,0.0,0.0,0.0,0.0,0.0,0.0,0.0,7.333333333333333
2025-01-27 06:00:00+00:00,0.0,13.125,0.0,13.0,0.0,0.0,0.0,0.0,0.0,0.0,0.0,7.333333333333333
2025-01-27 07:00:00+00:00,0.0,13.125,0.0,13.0,0.0,0.0,0.0,0.0,0.0,0.0,0.0,7.333333333333333
2025-01-27 08:00:00+00:00,64.0,15.791666666666666,64.0,15.666666666666666,0.0,0.0,0.0,0.0,0.0,0.0,19.0,8.125
2025-01-27 09:00:00+00:00,0.0,14.625,0.0,14.5,0.0,0.0,0.0,0.0,0.0,0.0,0.0,8.125
2025-01-27 10:00:00+00:00,0.0,14.625,0.0,14.5,0.0,0.0,0.0,0.0,0.0,0.0,0.0,8.125
2025-01-27 11:00:00+00:00,213.0,20.916666666666668,213.0,20.791666666666668,0.0,0.0,0.0,0.0,0.0,0.0,139.0,11.791666666666666
2025-01-27 12:00:00+00:00,0.0,20.916666666666668,0.0,20.791666666666668,0.0,0.0,0.0,0.0,0.0,0.0,0.0,11.791666666666666
2025-01-27 13:00:00+00:00,141.0,26.791666666666668,141.0,26.666666666666668,0.0,0.0,0.0,0.0,0.0,0.0,112.0,16.458333333333332
2025-01-27 14:00:00+00:00,48.0,28.666666666666668,48.0,28.666666666666668,0.0,0.0,0.0,0.0,0.0,0.0,0.0,16.458333333333332
2025-01-27 15:00:00+00:00,120.0,33.666666666666664,120.0,33.666666666666664,0.0,0.0,0.0,0.0,0.0,0.0,84.0,19.958333333333332
2025-01-27 16:00:00+00:00,27.0,33.166666666666664,27.0,33.166666666666664,0.0,0.0,0.0,0.0,0.0,0.0,6.0,18.875
2025-01-27 17:00:00+00:00,107.0,37.625,107.0,37.625,0.0,0.0,0.0,0.0,0.0,0.0,71.0,21.833333333333332
2025-01-27 18:00:00+00:00,0.0,37.625,0.0,37.625,0.0,0.0,0.0,0.0,0.0,0.0,0.0,21.833333333333332
2025-01-27 19:00:00+00:00,0.0,37.625,0.0,37.625,0.0,0.0,0.0,0.0,0.0,0.0,0.0,21.833333333333332
2025-01-27 20:00:00+00:00,0.0,36.0,0.0,36.0,0.0,0.0,0.0,0.0,0.0,0.0,0.0,20.625
2025-01-27 21:00:00+00:00,0.0,36.0,0.0,36.0,0.0,0.0,0.0,0.0,0.0,0.0,0.0,20.625
2025-01-27 22:00:00+00:00,0.0,36.0,0.0,36.0,0.0,0.0,0.0,0.0,0.0,0.0,0.0,20.625
2025-01-27 23:00:00+00:00,45.0,37.875,45.0,37.875,0.0,0.0,0.0,0.0,0.0,0.0,15.0,21.25
2025-01-28 00:00:00+00:00,0.0,37.25,0.0,37.25,0.0,0.0,0.0,0.0,0.0,0.0,0.0,21.25
2025-01-28 01:00:00+00:00,0.0,31.875,0.0,31.875,0.0,0.0,0.0,0.0,0.0,0.0,0.0,18.583333333333332
2025-01-28 02:00:00+00:00,0.0,31.875,0.0,31.875,0.0,0.0,0.0,0.0,0.0,0.0,0.0,18.583333333333332
2025-01-28 03:00:00+00:00,23.0,32.833333333333336,0.0,31.875,0.0,0.0,0.0,0.0,0.0,0.0,21.0,19.458333333333332
2025-01-28 04:00:00+00:00,0.0,32.833333333333336,0.0,31.875,0.0,0.0,0.0,0.0,0.0,0.0,0.0,19.458333333333332
2025-01-28 05:00:00+00:00,4.0,33.0,0.0,31.875,0.0,0.0,0.0,0.0,0.0,0.0,0.0,19.458333333333332
2025-01-28 06:00:00+00:00,0.0,33.0,0.0,31.875,0.0,0.0,0.0,0.0,0.0,0.0,0.0,19.458333333333332
2025-01-28 07:00:00+00:00,0.0,33.0,0.0,31.875,0.0,0.0,0.0,0.0,0.0,0.0,0.0,19.458333333333332
2025-01-28 08:00:00+00:00,0.0,30.333333333333332,0.0,29.208333333333332,0.0,0.0,0.0,0.0,0.0,0.0,0.0,18.666666666666668
2025-01-28 09:00:00+00:00,0.0,30.333333333333332,0.0,29.208333333333332,0.0,0.0,0.0,0.0,0.0,0.0,0.0,18.666666666666668
2025-01-28 10:00:00+00:00,6.0,30.583333333333332,0.0,29.208333333333332,0.0,0.0,0.0,0.0,0.0,0.0,6.0,18.916666666666668
2025-01-28 11:00:00+00:00,0.0,21.708333333333332,0.0,20.333333333333332,0.0,0.0,0.0,0.0,0.0,0.0,0.0,13.125
2025-01-28 12:00:00+00:00,31.0,23.0,31.0,21.625,0.0,0.0,0.0,0.0,0.0,0.0,25.0,14.166666666666666
2025-01-28 13:00:00+00:00,16.0,17.791666666666668,16.0,16.416666666666668,0.0,0.0,0.0,0.0,0.0,0.0,16.0,10.166666666666666
2025-01-28 14:00:00+00:00,0.0,15.791666666666666,0.0,14.416666666666666,0.0,0.0,0.0,0.0,0.0,0.0,0.0,10.166666666666666
2025-01-28 15:00:00+00:00,1.0,10.833333333333334,0.0,9.416666666666666,0.0,0.0,0.0,0.0,0.0,0.0,0.0,6.666666666666667
2025-01-28 16:00:00+00:00,0.0,9.708333333333334,0.0,8.291666666666666,0.0,0.0,0.0,0.0,0.0,0.0,0.0,6.416666666666667
2025-01-28 17:00:00+00:00,3.0,5.375,0.0,3.8333333333333335,0.0,0.0,0.0,0.0,0.0,0.0,0.0,3.4583333333333335
2025-01-28 18:00:00+00:00,21.0,6.25,0.0,3.8333333333333335,0.0,0.0,0.0,0.0,0.0,0.0,16.0,4.125
2025-01-28 19:00:00+00:00,0.0,6.25,0.0,3.8333333333333335,0.0,0.0,0.0,0.0,0.0,0.0,0.0,4.125
2025-01-28 20:00:00+00:00,0.0,6.25,0.0,3.8333333333333335,0.0,0.0,0.0,0.0,0.0,0.0,0.0,4.125
2025-01-28 21:00:00+00:00,3.0,6.375,0.0,3.8333333333333335,0.0,0.0,0.0,0.0,0.0,0.0,0.0,4.125
2025-01-28 22:00:00+00:00,0.0,6.375,0.0,3.8333333333333335,0.0,0.0,0.0,0.0,0.0,0.0,0.0,4.125
2025-01-28 23:00:00+00:00,4.0,4.666666666666667,0.0,1.9583333333333333,0.0,0.0,0.0,0.0,0.0,0.0,0.0,3.5
2025-01-29 00:00:00+00:00,0.0,4.666666666666667,0.0,1.9583333333333333,0.0,0.0,0.0,0.0,0.0,0.0,0.0,3.5
2025-01-29 01:00:00+00:00,37.0,6.208333333333333,37.0,3.5,37.0,1.5416666666666667,0.0,0.0,0.0,0.0,27.0,4.625
2025-01-29 02:00:00+00:00,0.0,6.208333333333333,0.0,3.5,0.0,1.5416666666666667,0.0,0.0,0.0,0.0,0.0,4.625
2025-01-29 03:00:00+00:00,4.0,5.416666666666667,0.0,3.5,4.0,1.7083333333333333,0.0,0.0,0.0,0.0,0.0,3.75
2025-01-29 04:00:00+00:00,0.0,5.416666666666667,0.0,3.5,0.0,1.7083333333333333,0.0,0.0,0.0,0.0,0.0,3.75
2025-01-29 05:00:00+00:00,0.0,5.25,0.0,3.5,0.0,1.7083333333333333,0.0,0.0,0.0,0.0,0.0,3.75
2025-01-29 06:00:00+00:00,0.0,5.25,0.0,3.5,0.0,1.7083333333333333,0.0,0.0,0.0,0.0,0.0,3.75
2025-01-29 07:00:00+00:00,0.0,5.25,0.0,3.5,0.0,1.7083333333333333,0.0,0.0,0.0,0.0,0.0,3.75
2025-01-29 08:00:00+00:00,0.0,5.25,0.0,3.5,0.0,1.7083333333333333,0.0,0.0,0.0,0.0,0.0,3.75
2025-01-29 09:00:00+00:00,0.0,5.25,0.0,3.5,0.0,1.7083333333333333,0.0,0.0,0.0,0.0,0.0,3.75
2025-01-29 10:00:00+00:00,0.0,5.0,0.0,3.5,0.0,1.7083333333333333,0.0,0.0,0.0,0.0,0.0,3.5
2025-01-29 11:00:00+00:00,0.0,5.0,0.0,3.5,0.0,1.7083333333333333,0.0,0.0,0.0,0.0,0.0,3.5
2025-01-29 12:00:00+00:00,0.0,3.7083333333333335,0.0,2.2083333333333335,0.0,1.7083333333333333,0.0,0.0,0.0,0.0,0.0,2.4583333333333335
2025-01-29 13:00:00+00:00,0.0,3.0416666666666665,0.0,1.5416666666666667,0.0,1.7083333333333333,0.0,0.0,0.0,0.0,0.0,1.7916666666666667
2025-01-29 14:00:00+00:00,97.0,7.083333333333333,97.0,5.583333333333333,97.0,5.75,0.0,0.0,0.0,0.0,28.0,2.9583333333333335
2025-01-29 15:00:00+00:00,205.0,15.583333333333334,205.0,14.125,205.0,14.291666666666666,0.0,0.0,0.0,0.0,81.0,6.333333333333333
2025-01-29 16:00:00+00:00,319.0,28.875,319.0,27.416666666666668,319.0,27.583333333333332,0.0,0.0,0.0,0.0,178.0,13.75
2025-01-29 17:00:00+00:00,118.0,33.666666666666664,118.0,32.333333333333336,118.0,32.5,0.0,0.0,0.0,0.0,42.0,15.5
2025-01-29 18:00:00+00:00,62.0,35.375,62.0,34.916666666666664,62.0,35.083333333333336,0.0,0.0,0.0,0.0,47.0,16.791666666666668
2025-01-29 19:00:00+00:00,0.0,35.375,0.0,34.916666666666664,0.0,35.083333333333336,0.0,0.0,0.0,0.0,0.0,16.791666666666668
2025-01-29 20:00:00+00:00,107.0,39.833333333333336,107.0,39.375,107.0,39.541666666666664,0.0,0.0,0.0,0.0,52.0,18.958333333333332
2025-01-29 21:00:00+00:00,156.0,46.208333333333336,156.0,45.875,156.0,46.041666666666664,0.0,0.0,0.0,0.0,72.0,21.958333333333332
2025-01-29 22:00:00+00:00,48.0,48.208333333333336,48.0,47.875,48.0,48.041666666666664,0.0,0.0,0.0,0.0,31.0,23.25
2025-01-29 23:00:00+00:00,0.0,48.041666666666664,0.0,47.875,0.0,48.041666666666664,0.0,0.0,0.0,0.0,0.0,23.25
2025-01-30 00:00:00+00:00,0.0,48.041666666666664,0.0,47.875,0.0,48.041666666666664,0.0,0.0,0.0,0.0,0.0,23.25
2025-01-30 01:00:00+00:00,0.0,46.5,0.0,46.333333333333336,0.0,46.5,0.0,0.0,0.0,0.0,0.0,22.125
2025-01-30 02:00:00+00:00,15.0,47.125,15.0,46.958333333333336,15.0,47.125,0.0,0.0,0.0,0.0,11.0,22.583333333333332
2025-01-30 03:00:00+00:00,19.0,47.75,19.0,47.75,19.0,47.75,0.0,0.0,0.0,0.0,14.0,23.166666666666668
2025-01-30 04:00:00+00:00,0.0,47.75,0.0,47.75,0.0,47.75,0.0,0.0,0.0,0.0,0.0,23.166666666666668
2025-01-30 05:00:00+00:00,0.0,47.75,0.0,47.75,0.0,47.75,0.0,0.0,0.0,0.0,0.0,23.166666666666668
2025-01-30 06:00:00+00:00,0.0,47.75,0.0,47.75,0.0,47.75,0.0,0.0,0.0,0.0,0.0,23.166666666666668
2025-01-30 07:00:00+00:00,158.0,54.333333333333336,158.0,54.333333333333336,158.0,54.333333333333336,0.0,0.0,0.0,0.0,84.0,26.666666666666668
2025-01-30 08:00:00+00:00,0.0,54.333333333333336,0.0,54.333333333333336,0.0,54.333333333333336,0.0,0.0,0.0,0.0,0.0,26.666666666666668
2025-01-30 09:00:00+00:00,0.0,54.333333333333336,0.0,54.333333333333336,0.0,54.333333333333336,0.0,0.0,0.0,0.0,0.0,26.666666666666668
2025-01-30 10:00:00+00:00,0.0,54.333333333333336,0.0,54.333333333333336,0.0,54.333333333333336,0.0,0.0,0.0,0.0,0.0,26.666666666666668
2025-01-30 11:00:00+00:00,0.0,54.333333333333336,0.0,54.333333333333336,0.0,54.333333333333336,0.0,0.0,0.0,0.0,0.0,26.666666666666668
2025-01-30 12:00:00+00:00,0.0,54.333333333333336,0.0,54.333333333333336,0.0,54.333333333333336,0.0,0.0,0.0,0.0,0.0,26.666666666666668
2025-01-30 13:00:00+00:00,34.0,55.75,34.0,55.75,34.0,55.75,0.0,0.0,0.0,0.0,30.0,27.916666666666668
2025-01-30 14:00:00+00:00,69.0,54.583333333333336,69.0,54.583333333333336,69.0,54.583333333333336,0.0,0.0,0.0,0.0,51.0,28.875
2025-01-30 15:00:00+00:00,90.0,49.791666666666664,90.0,49.791666666666664,90.0,49.791666666666664,0.0,0.0,0.0,0.0,23.0,26.458333333333332
2025-01-30 16:00:00+00:00,164.0,43.333333333333336,164.0,43.333333333333336,164.0,43.333333333333336,0.0,0.0,0.0,0.0,76.0,22.208333333333332
2025-01-30 17:00:00+00:00,125.0,43.625,125.0,43.625,125.0,43.625,0.0,0.0,0.0,0.0,51.0,22.583333333333332
2025-01-30 18:00:00+00:00,19.0,41.833333333333336,19.0,41.833333333333336,19.0,41.833333333333336,0.0,0.0,0.0,0.0,0.0,20.625
2025-01-30 19:00:00+00:00,239.0,51.791666666666664,239.0,51.791666666666664,239.0,51.791666666666664,0.0,0.0,0.0,0.0,78.0,23.875
2025-01-30 20:00:00+00:00,71.0,50.291666666666664,71.0,50.291666666666664,71.0,50.291666666666664,0.0,0.0,0.0,0.0,48.0,23.708333333333332
2025-01-30 21:00:00+00:00,40.0,45.458333333333336,40.0,45.458333333333336,40.0,45.458333333333336,0.0,0.0,0.0,0.0,25.0,21.75
2025-01-30 22:00:00+00:00,79.0,46.75,79.0,46.75,79.0,46.75,0.0,0.0,0.0,0.0,52.0,22.625
2025-01-30 23:00:00+00:00,22.0,47.666666666666664,22.0,47.666666666666664,22.0,47.666666666666664,0.0,0.0,0.0,0.0,22.0,23.541666666666668
2025-01-31 00:00:00+00:00,0.0,47.666666666666664,0.0,47.666666666666664,0.0,47.666666666666664,0.0,0.0,0.0,0.0,0.0,23.541666666666668
2025-01-31 01:00:00+00:00,0.0,47.666666666666664,0.0,47.666666666666664,0.0,47.666666666666664,0.0,0.0,0.0,0.0,0.0,23.541666666666668
2025-01-31 02:00:00+00:00,97.0,51.083333333333336,97.0,51.083333333333336,0.0,47.041666666666664,0.0,0.0,0.0,0.0,72.0,26.083333333333332
2025-01-31 03:00:00+00:00,77.0,53.5,77.0,53.5,0.0,46.25,0.0,0.0,0.0,0.0,68.0,28.333333333333332
2025-01-31 04:00:00+00:00,4.0,53.666666666666664,0.0,53.5,0.0,46.25,0.0,0.0,0.0,0.0,0.0,28.333333333333332
2025-01-31 05:00:00+00:00,0.0,53.666666666666664,0.0,53.5,0.0,46.25,0.0,0.0,0.0,0.0,0.0,28.333333333333332
2025-01-31 06:00:00+00:00,0.0,53.666666666666664,0.0,53.5,0.0,46.25,0.0,0.0,0.0,0.0,0.0,28.333333333333332
2025-01-31 07:00:00+00:00,0.0,47.083333333333336,0.0,46.916666666666664,0.0,39.666666666666664,0.0,0.0,0.0,0.0,0.0,24.833333333333332
2025-01-31 08:00:00+00:00,0.0,47.083333333333336,0.0,46.916666666666664,0.0,39.666666666666664,0.0,0.0,0.0,0.0,0.0,24.833333333333332
2025-01-31 09:00:00+00:00,0.0,47.083333333333336,0.0,46.916666666666664,0.0,39.666666666666664,0.0,0.0,0.0,0.0,0.0,24.833333333333332
2025-01-31 10:00:00+00:00,1.0,47.125,0.0,46.916666666666664,0.0,39.666666666666664,0.0,0.0,0.0,0.0,0.0,24.833333333333332
2025-01-31 11:00:00+00:00,24.0,48.125,24.0,47.916666666666664,0.0,39.666666666666664,0.0,0.0,0.0,0.0,23.0,25.791666666666668
2025-01-31 12:00:00+00:00,94.0,52.041666666666664,94.0,51.833333333333336,0.0,39.666666666666664,0.0,0.0,0.0,0.0,28.0,26.958333333333332
2025-01-31 13:00:00+00:00,91.0,54.416666666666664,91.0,54.208333333333336,0.0,38.25,0.0,0.0,0.0,0.0,84.0,29.208333333333332
2025-01-31 14:00:00+00:00,0.0,51.541666666666664,0.0,51.333333333333336,0.0,35.375,0.0,0.0,0.0,0.0,0.0,27.083333333333332
2025-01-31 15:00:00+00:00,159.0,54.416666666666664,159.0,54.208333333333336,0.0,31.625,0.0,0.0,0.0,0.0,119.0,31.083333333333332
2025-01-31 16:00:00+00:00,15.0,48.208333333333336,15.0,48.0,0.0,24.791666666666668,0.0,0.0,0.0,0.0,0.0,27.916666666666668
2025-01-31 17:00:00+00:00,0.0,43.0,0.0,42.791666666666664,0.0,19.583333333333332,0.0,0.0,0.0,0.0,0.0,25.791666666666668
2025-01-31 18:00:00+00:00,51.0,44.333333333333336,51.0,44.125,0.0,18.791666666666668,0.0,0.0,0.0,0.0,44.0,27.625
2025-01-31 19:00:00+00:00,0.0,34.375,0.0,34.166666666666664,0.0,8.833333333333334,0.0,0.0,0.0,0.0,0.0,24.375
2025-01-31 20:00:00+00:00,239.0,41.375,239.0,41.166666666666664,0.0,5.875,0.0,0.0,0.0,0.0,138.0,28.125
2025-01-31 21:00:00+00:00,148.0,45.875,148.0,45.666666666666664,0.0,4.208333333333333,0.0,0.0,0.0,0.0,97.0,31.125
2025-01-31 22:00:00+00:00,126.0,47.833333333333336,126.0,47.625,0.0,0.9166666666666666,0.0,0.0,0.0,0.0,69.0,31.833333333333332
2025-01-31 23:00:00+00:00,34.0,48.333333333333336,34.0,48.125,0.0,0.0,0.0,0.0,0.0,0.0,34.0,32.333333333333336
2025-02-01 00:00:00+00:00,0.0,48.333333333333336,0.0,48.125,0.0,0.0,0.0,0.0,0.0,0.0,0.0,32.333333333333336
2025-02-01 01:00:00+00:00,186.0,56.083333333333336,186.0,55.875,0.0,0.0,0.0,0.0,0.0,0.0,117.0,37.208333333333336
2025-02-01 02:00:00+00:00,0.0,52.041666666666664,0.0,51.833333333333336,0.0,0.0,0.0,0.0,0.0,0.0,0.0,34.208333333333336
2025-02-01 03:00:00+00:00,0.0,48.833333333333336,0.0,48.625,0.0,0.0,0.0,0.0,0.0,0.0,0.0,31.375
2025-02-01 04:00:00+00:00,84.0,52.166666666666664,84.0,52.125,0.0,0.0,0.0,0.0,0.0,0.0,58.0,33.791666666666664
2025-02-01 05:00:00+00:00,0.0,52.166666666666664,0.0,52.125,0.0,0.0,0.0,0.0,0.0,0.0,0.0,33.791666666666664
2025-02-01 06:00:00+00:00,0.0,52.166666666666664,0.0,52.125,0.0,0.0,0.0,0.0,0.0,0.0,0.0,33.791666666666664
2025-02-01 07:00:00+00:00,0.0,52.166666666666664,0.0,52.125,0.0,0.0,0.0,0.0,0.0,0.0,0.0,33.791666666666664
2025-02-01 08:00:00+00:00,0.0,52.166666666666664,0.0,52.125,0.0,0.0,0.0,0.0,0.0,0.0,0.0,33.791666666666664
2025-02-01 09:00:00+00:00,0.0,52.166666666666664,0.0,52.125,0.0,0.0,0.0,0.0,0.0,0.0,0.0,33.791666666666664
2025-02-01 10:00:00+00:00,0.0,52.125,0.0,52.125,0.0,0.0,0.0,0.0,0.0,0.0,0.0,33.791666666666664
2025-02-01 11:00:00+00:00,288.0,63.125,288.0,63.125,0.0,0.0,0.0,0.0,0.0,0.0,172.0,40.0
2025-02-01 12:00:00+00:00,18.0,59.958333333333336,18.0,59.958333333333336,0.0,0.0,0.0,0.0,0.0,0.0,14.0,39.416666666666664
2025-02-01 13:00:00+00:00,0.0,56.166666666666664,0.0,56.166666666666664,0.0,0.0,0.0,0.0,0.0,0.0,0.0,35.916666666666664
2025-02-01 14:00:00+00:00,43.0,57.958333333333336,43.0,57.958333333333336,0.0,0.0,0.0,0.0,0.0,0.0,34.0,37.333333333333336
2025-02-01 15:00:00+00:00,41.0,53.041666666666664,41.0,53.041666666666664,0.0,0.0,0.0,0.0,0.0,0.0,36.0,33.875
2025-02-01 16:00:00+00:00,153.0,58.791666666666664,153.0,58.791666666666664,0.0,0.0,0.0,0.0,0.0,0.0,99.0,38.0
2025-02-01 17:00:00+00:00,169.0,65.83333333333333,169.0,65.83333333333333,0.0,0.0,0.0,0.0,0.0,0.0,64.0,40.666666666666664
2025-02-01 18:00:00+00:00,216.0,72.70833333333333,216.0,72.70833333333333,0.0,0.0,0.0,0.0,0.0,0.0,117.0,43.708333333333336
2025-02-01 19:00:00+00:00,249.0,83.08333333333333,249.0,83.08333333333333,0.0,0.0,0.0,0.0,0.0,0.0,170.0,50.791666666666664
2025-02-01 20:00:00+00:00,119.0,78.08333333333333,119.0,78.08333333333333,0.0,0.0,0.0,0.0,0.0,0.0,95.0,49.0
2025-02-01 21:00:00+00:00,36.0,73.41666666666667,36.0,73.41666666666667,0.0,0.0,0.0,0.0,0.0,0.0,20.0,45.791666666666664
2025-02-01 22:00:00+00:00,0.0,68.16666666666667,0.0,68.16666666666667,0.0,0.0,0.0,0.0,0.0,0.0,0.0,42.916666666666664
2025-02-01 23:00:00+00:00,1.0,66.79166666666667,0.0,66.75,0.0,0.0,0.0,0.0,0.0,0.0,0.0,41.5
2025-02-02 00:00:00+00:00,0.0,66.79166666666667,0.0,66.75,0.0,0.0,0.0,0.0,0.0,0.0,0.0,41.5
2025-02-02 01:00:00+00:00,0.0,59.041666666666664,0.0,59.0,0.0,0.0,0.0,0.0,0.0,0.0,0.0,36.625
2025-02-02 02:00:00+00:00,0.0,59.041666666666664,0.0,59.0,0.0,0.0,0.0,0.0,0.0,0.0,0.0,36.625
2025-02-02 03:00:00+00:00,0.0,59.041666666666664,0.0,59.0,0.0,0.0,0.0,0.0,0.0,0.0,0.0,36.625
2025-02-02 04:00:00+00:00,0.0,55.541666666666664,0.0,55.5,0.0,0.0,0.0,0.0,0.0,0.0,0.0,34.208333333333336
2025-02-02 05:00:00+00:00,129.0,60.916666666666664,129.0,60.875,0.0,0.0,0.0,0.0,0.0,0.0,81.0,37.583333333333336
2025-02-02 06:00:00+00:00,0.0,60.916666666666664,0.0,60.875,0.0,0.0,0.0,0.0,0.0,0.0,0.0,37.583333333333336
2025-02-02 07:00:00+00:00,0.0,60.916666666666664,0.0,60.875,0.0,0.0,0.0,0.0,0.0,0.0,0.0,37.583333333333336
2025-02-02 08:00:00+00:00,0.0,60.916666666666664,0.0,60.875,0.0,0.0,0.0,0.0,0.0,0.0,0.0,37.583333333333336
2025-02-02 09:00:00+00:00,0.0,60.916666666666664,0.0,60.875,0.0,0.0,0.0,0.0,0.0,0.0,0.0,37.583333333333336
2025-02-02 10:00:00+00:00,0.0,60.916666666666664,0.0,60.875,0.0,0.0,0.0,0.0,0.0,0.0,0.0,37.583333333333336
2025-02-02 11:00:00+00:00,175.0,56.208333333333336,175.0,56.166666666666664,0.0,0.0,0.0,0.0,0.0,0.0,124.0,35.583333333333336
2025-02-02 12:00:00+00:00,104.0,59.791666666666664,104.0,59.75,0.0,0.0,0.0,0.0,0.0,0.0,43.0,36.791666666666664
2025-02-02 13:00:00+00:00,0.0,59.791666666666664,0.0,59.75,0.0,0.0,0.0,0.0,0.0,0.0,0.0,36.791666666666664
2025-02-02 14:00:00+00:00,29.0,59.208333333333336,29.0,59.166666666666664,0.0,0.0,0.0,0.0,0.0,0.0,14.0,35.958333333333336
2025-02-02 15:00:00+00:00,12.0,58.0,12.0,57.958333333333336,0.0,0.0,0.0,0.0,0.0,0.0,7.0,34.75
2025-02-02 16:00:00+00:00,200.0,59.958333333333336,200.0,59.916666666666664,0.0,0.0,0.0,0.0,0.0,0.0,114.0,35.375
2025-02-02 17:00:00+00:00,54.0,55.166666666666664,54.0,55.125,0.0,0.0,0.0,0.0,0.0,0.0,30.0,33.958333333333336
2025-02-02 18:00:00+00:00,137.0,51.875,137.0,51.833333333333336,0.0,0.0,0.0,0.0,0.0,0.0,80.0,32.416666666666664
2025-02-02 19:00:00+00:00,86.0,45.083333333333336,86.0,45.041666666666664,0.0,0.0,0.0,0.0,0.0,0.0,60.0,27.833333333333332
2025-02-02 20:00:00+00:00,70.0,43.041666666666664,70.0,43.0,0.0,0.0,0.0,0.0,0.0,0.0,19.0,24.666666666666668
2025-02-02 21:00:00+00:00,372.0,57.041666666666664,372.0,57.0,0.0,0.0,0.0,0.0,0.0,0.0,256.0,34.5
2025-02-02 22:00:00+00:00,0.0,57.041666666666664,0.0,57.0,0.0,0.0,0.0,0.0,0.0,0.0,0.0,34.5
2025-02-02 23:00:00+00:00,0.0,57.0,0.0,57.0,0.0,0.0,0.0,0.0,0.0,0.0,0.0,34.5
2025-02-03 00:00:00+00:00,0.0,57.0,0.0,57.0,0.0,0.0,0.0,0.0,0.0,0.0,0.0,34.5
2025-02-03 01:00:00+00:00,0.0,57.0,0.0,57.0,0.0,0.0,0.0,0.0,0.0,0.0,0.0,34.5
2025-02-03 02:00:00+00:00,0.0,57.0,0.0,57.0,0.0,0.0,0.0,0.0,0.0,0.0,0.0,34.5
2025-02-03 03:00:00+00:00,29.0,58.208333333333336,29.0,58.208333333333336,29.0,1.2083333333333333,0.0,0.0,0.0,0.0,26.0,35.583333333333336
2025-02-03 04:00:00+00:00,40.0,59.875,40.0,59.875,40.0,2.875,0.0,0.0,0.0,0.0,12.0,36.083333333333336
2025-02-03 05:00:00+00:00,18.0,55.25,8.0,54.833333333333336,18.0,3.625,0.0,0.0,0.0,0.0,0.0,32.708333333333336
2025-02-03 06:00:00+00:00,45.0,57.125,45.0,56.708333333333336,45.0,5.5,0.0,0.0,0.0,0.0,37.0,34.25
2025-02-03 07:00:00+00:00,0.0,57.125,0.0,56.708333333333336,0.0,5.5,0.0,0.0,0.0,0.0,0.0,34.25
2025-02-03 08:00:00+00:00,287.0,69.08333333333333,287.0,68.66666666666667,287.0,17.458333333333332,0.0,0.0,0.0,0.0,125.0,39.458333333333336
2025-02-03 09:00:00+00:00,0.0,69.08333333333333,0.0,68.66666666666667,0.0,17.458333333333332,0.0,0.0,0.0,0.0,0.0,39.458333333333336
2025-02-03 10:00:00+00:00,0.0,69.08333333333333,0.0,68.66666666666667,0.0,17.458333333333332,0.0,0.0,0.0,0.0,0.0,39.458333333333336
2025-02-03 11:00:00+00:00,0.0,61.791666666666664,0.0,61.375,0.0,17.458333333333332,0.0,0.0,0.0,0.0,0.0,34.291666666666664
2025-02-03 12:00:00+00:00,0.0,57.458333333333336,0.0,57.041666666666664,0.0,17.458333333333332,0.0,0.0,0.0,0.0,0.0,32.5
2025-02-03 13:00:00+00:00,0.0,57.458333333333336,0.0,57.041666666666664,0.0,17.458333333333332,0.0,0.0,0.0,0.0,0.0,32.5
2025-02-03 14:00:00+00:00,15.0,56.875,15.0,56.458333333333336,15.0,18.083333333333332,0.0,0.0,0.0,0.0,0.0,31.916666666666668
2025-02-03 15:00:00+00:00,403.0,73.16666666666667,403.0,72.75,403.0,34.875,0.0,0.0,0.0,0.0,191.0,39.583333333333336
2025-02-03 16:00:00+00:00,312.0,77.83333333333333,312.0,77.41666666666667,312.0,47.875,0.0,0.0,0.0,0.0,118.0,39.75
2025-02-03 17:00:00+00:00,528.0,97.58333333333333,528.0,97.16666666666667,528.0,69.875,0.0,0.0,0.0,0.0,302.0,51.083333333333336
2025-02-03 18:00:00+00:00,177.0,99.25,177.0,98.83333333333333,177.0,77.25,0.0,0.0,0.0,0.0,124.0,52.916666666666664
2025-02-03 19:00:00+00:00,267.0,106.79166666666667,267.0,106.375,267.0,88.375,0.0,0.0,0.0,0.0,175.0,57.708333333333336
2025-02-03 20:00:00+00:00,13.0,104.41666666666667,13.0,104.0,13.0,88.91666666666667,0.0,0.0,0.0,0.0,13.0,57.458333333333336
2025-02-03 21:00:00+00:00,43.0,90.70833333333333,43.0,90.29166666666667,43.0,90.70833333333333,0.0,0.0,0.0,0.0,28.0,47.958333333333336
2025-02-03 22:00:00+00:00,305.0,103.41666666666667,305.0,103.0,305.0,103.41666666666667,0.0,0.0,0.0,0.0,174.0,55.208333333333336
2025-02-03 23:00:00+00:00,212.0,112.25,212.0,111.83333333333333,212.0,112.25,0.0,0.0,0.0,0.0,96.0,59.208333333333336
2025-02-04 00:00:00+00:00,0.0,112.25,0.0,111.83333333333333,0.0,112.25,0.0,0.0,0.0,0.0,0.0,59.208333333333336
2025-02-04 01:00:00+00:00,86.0,115.83333333333333,86.0,115.41666666666667,0.0,112.25,0.0,0.0,0.0,0.0,40.0,60.875
2025-02-04 02:00:00+00:00,32.0,117.16666666666667,32.0,116.75,0.0,112.25,0.0,0.0,0.0,0.0,17.0,61.583333333333336
2025-02-04 03:00:00+00:00,14.0,116.54166666666667,14.0,116.125,0.0,111.04166666666667,0.0,0.0,0.0,0.0,14.0,61.083333333333336
2025-02-04 04:00:00+00:00,54.0,117.125,54.0,116.70833333333333,0.0,109.375,0.0,0.0,0.0,0.0,39.0,62.208333333333336
2025-02-04 05:00:00+00:00,0.0,116.375,0.0,116.375,0.0,108.625,0.0,0.0,0.0,0.0,0.0,62.208333333333336
2025-02-04 06:00:00+00:00,0.0,114.5,0.0,114.5,0.0,106.75,0.0,0.0,0.0,0.0,0.0,60.666666666666664
2025-02-04 07:00:00+00:00,0.0,114.5,0.0,114.5,0.0,106.75,0.0,0.0,0.0,0.0,0.0,60.666666666666664
2025-02-04 08:00:00+00:00,0.0,102.54166666666667,0.0,102.54166666666667,0.0,94.79166666666667,0.0,0.0,0.0,0.0,0.0,55.458333333333336
2025-02-04 09:00:00+00:00,0.0,102.54166666666667,0.0,102.54166666666667,0.0,94.79166666666667,0.0,0.0,0.0,0.0,0.0,55.458333333333336
2025-02-04 10:00:00+00:00,0.0,102.54166666666667,0.0,102.54166666666667,0.0,94.79166666666667,0.0,0.0,0.0,0.0,0.0,55.458333333333336
2025-02-04 11:00:00+00:00,0.0,102.54166666666667,0.0,102.54166666666667,0.0,94.79166666666667,0.0,0.0,0.0,0.0,0.0,55.458333333333336
2025-02-04 12:00:00+00:00,0.0,102.54166666666667,0.0,102.54166666666667,0.0,94.79166666666667,0.0,0.0,0.0,0.0,0.0,55.458333333333336
2025-02-04 13:00:00+00:00,0.0,102.54166666666667,0.0,102.54166666666667,0.0,94.79166666666667,0.0,0.0,0.0,0.0,0.0,55.458333333333336
2025-02-04 14:00:00+00:00,6.0,102.16666666666667,0.0,101.91666666666667,0.0,94.16666666666667,0.0,0.0,0.0,0.0,6.0,55.708333333333336
2025-02-04 15:00:00+00:00,1.0,85.41666666666667,1.0,85.16666666666667,0.0,77.375,0.0,0.0,0.0,0.0,0.0,47.75
2025-02-04 16:00:00+00:00,55.0,74.70833333333333,55.0,74.45833333333333,0.0,64.375,0.0,0.0,0.0,0.0,6.0,43.083333333333336
2025-02-04 17:00:00+00:00,0.0,52.708333333333336,0.0,52.458333333333336,0.0,42.375,0.0,0.0,0.0,0.0,0.0,30.5
2025-02-04 18:00:00+00:00,0.0,45.333333333333336,0.0,45.083333333333336,0.0,35.0,0.0,0.0,0.0,0.0,0.0,25.333333333333332
2025-02-04 19:00:00+00:00,0.0,34.208333333333336,0.0,33.958333333333336,0.0,23.875,0.0,0.0,0.0,0.0,0.0,18.041666666666668
2025-02-04 20:00:00+00:00,13.0,34.208333333333336,0.0,33.416666666666664,0.0,23.333333333333332,0.0,0.0,0.0,0.0,13.0,18.041666666666668
2025-02-04 21:00:00+00:00,22.0,33.333333333333336,22.0,32.541666666666664,0.0,21.541666666666668,0.0,0.0,0.0,0.0,0.0,16.875
2025-02-04 22:00:00+00:00,10.0,21.041666666666668,10.0,20.25,0.0,8.833333333333334,0.0,0.0,0.0,0.0,10.0,10.041666666666666
2025-02-04 23:00:00+00:00,39.0,13.833333333333334,39.0,13.041666666666666,0.0,0.0,0.0,0.0,0.0,0.0,22.0,6.958333333333333
2025-02-05 00:00:00+00:00,196.0,22.0,196.0,21.208333333333332,196.0,8.166666666666666,0.0,0.0,0.0,0.0,120.0,11.958333333333334
2025-02-05 01:00:00+00:00,4.0,18.583333333333332,4.0,17.791666666666668,4.0,8.333333333333334,0.0,0.0,0.0,0.0,0.0,10.291666666666666
2025-02-05 02:00:00+00:00,0.0,17.25,0.0,16.458333333333332,0.0,8.333333333333334,0.0,0.0,0.0,0.0,0.0,9.583333333333334
2025-02-05 03:00:00+00:00,3.0,16.791666666666668,0.0,15.875,3.0,8.458333333333334,0.0,0.0,0.0,0.0,0.0,9.0
2025-02-05 04:00:00+00:00,0.0,14.541666666666666,0.0,13.625,0.0,8.458333333333334,0.0,0.0,0.0,0.0,0.0,7.375
2025-02-05 05:00:00+00:00,0.0,14.541666666666666,0.0,13.625,0.0,8.458333333333334,0.0,0.0,0.0,0.0,0.0,7.375
2025-02-05 06:00:00+00:00,0.0,14.541666666666666,0.0,13.625,0.0,8.458333333333334,0.0,0.0,0.0,0.0,0.0,7.375
2025-02-05 07:00:00+00:00,0.0,14.541666666666666,0.0,13.625,0.0,8.458333333333334,0.0,0.0,0.0,0.0,0.0,7.375
2025-02-05 08:00:00+00:00,0.0,14.541666666666666,0.0,13.625,0.0,8.458333333333334,0.0,0.0,0.0,0.0,0.0,7.375
2025-02-05 09:00:00+00:00,0.0,14.541666666666666,0.0,13.625,0.0,8.458333333333334,0.0,0.0,0.0,0.0,0.0,7.375
2025-02-05 10:00:00+00:00,151.0,20.833333333333332,151.0,19.916666666666668,151.0,14.75,0.0,0.0,0.0,0.0,102.0,11.625
2025-02-05 11:00:00+00:00,0.0,20.833333333333332,0.0,19.916666666666668,0.0,14.75,0.0,0.0,0.0,0.0,0.0,11.625
2025-02-05 12:00:00+00:00,0.0,20.833333333333332,0.0,19.916666666666668,0.0,14.75,0.0,0.0,0.0,0.0,0.0,11.625
2025-02-05 13:00:00+00:00,0.0,20.833333333333332,0.0,19.916666666666668,0.0,14.75,0.0,0.0,0.0,0.0,0.0,11.625
2025-02-05 14:00:00+00:00,81.0,23.958333333333332,81.0,23.291666666666668,81.0,18.125,0.0,0.0,0.0,0.0,48.0,13.375
2025-02-05 15:00:00+00:00,232.0,33.583333333333336,232.0,32.916666666666664,232.0,27.791666666666668,0.0,0.0,0.0,0.0,100.0,17.541666666666668
2025-02-05 16:00:00+00:00,85.0,34.833333333333336,85.0,34.166666666666664,85.0,31.333333333333332,0.0,0.0,0.0,0.0,48.0,19.291666666666668
2025-02-05 17:00:00+00:00,64.0,37.5,64.0,36.833333333333336,64.0,34.0,0.0,0.0,0.0,0.0,45.0,21.166666666666668
2025-02-05 18:00:00+00:00,325.0,51.041666666666664,325.0,50.375,325.0,47.541666666666664,0.0,0.0,0.0,0.0,215.0,30.125
2025-02-05 19:00:00+00:00,0.0,51.041666666666664,0.0,50.375,0.0,47.541666666666664,0.0,0.0,0.0,0.0,0.0,30.125
2025-02-05 20:00:00+00:00,249.0,60.875,249.0,60.75,249.0,57.916666666666664,0.0,0.0,0.0,0.0,145.0,35.625
2025-02-05 21:00:00+00:00,181.0,67.5,181.0,67.375,181.0,65.45833333333333,0.0,0.0,0.0,0.0,100.0,39.791666666666664
2025-02-05 22:00:00+00:00,95.0,71.04166666666667,95.0,70.91666666666667,95.0,69.41666666666667,0.0,0.0,0.0,0.0,53.0,41.583333333333336
2025-02-05 23:00:00+00:00,93.0,73.29166666666667,93.0,73.16666666666667,93.0,73.29166666666667,0.0,0.0,0.0,0.0,41.0,42.375
2025-02-06 00:00:00+00:00,0.0,65.125,0.0,65.0,0.0,65.125,0.0,0.0,0.0,0.0,0.0,37.375
2025-02-06 01:00:00+00:00,0.0,64.95833333333333,0.0,64.83333333333333,0.0,64.95833333333333,0.0,0.0,0.0,0.0,0.0,37.375
2025-02-06 02:00:00+00:00,63.0,67.58333333333333,63.0,67.45833333333333,0.0,64.95833333333333,0.0,0.0,0.0,0.0,45.0,39.25
2025-02-06 03:00:00+00:00,0.0,67.45833333333333,0.0,67.45833333333333,0.0,64.83333333333333,0.0,0.0,0.0,0.0,0.0,39.25
2025-02-06 04:00:00+00:00,0.0,67.45833333333333,0.0,67.45833333333333,0.0,64.83333333333333,0.0,0.0,0.0,0.0,0.0,39.25
2025-02-06 05:00:00+00:00,35.0,68.91666666666667,35.0,68.91666666666667,0.0,64.83333333333333,0.0,0.0,0.0,0.0,31.0,40.541666666666664
2025-02-06 06:00:00+00:00,176.0,76.25,176.0,76.25,0.0,64.83333333333333,0.0,0.0,0.0,0.0,104.0,44.875
2025-02-06 07:00:00+00:00,0.0,76.25,0.0,76.25,0.0,64.83333333333333,0.0,0.0,0.0,0.0,0.0,44.875
2025-02-06 08:00:00+00:00,0.0,76.25,0.0,76.25,0.0,64.83333333333333,0.0,0.0,0.0,0.0,0.0,44.875
2025-02-06 09:00:00+00:00,0.0,76.25,0.0,76.25,0.0,64.83333333333333,0.0,0.0,0.0,0.0,0.0,44.875
2025-02-06 10:00:00+00:00,0.0,69.95833333333333,0.0,69.95833333333333,0.0,58.541666666666664,0.0,0.0,0.0,0.0,0.0,40.625
2025-02-06 11:00:00+00:00,0.0,69.95833333333333,0.0,69.95833333333333,0.0,58.541666666666664,0.0,0.0,0.0,0.0,0.0,40.625
2025-02-06 12:00:00+00:00,0.0,69.95833333333333,0.0,69.95833333333333,0.0,58.541666666666664,0.0,0.0,0.0,0.0,0.0,40.625
2025-02-06 13:00:00+00:00,0.0,69.95833333333333,0.0,69.95833333333333,0.0,58.541666666666664,0.0,0.0,0.0,0.0,0.0,40.625
2025-02-06 14:00:00+00:00,147.0,72.70833333333333,147.0,72.70833333333333,0.0,55.166666666666664,0.0,0.0,0.0,0.0,112.0,43.291666666666664
2025-02-06 15:00:00+00:00,79.0,66.33333333333333,79.0,66.33333333333333,0.0,45.5,0.0,0.0,0.0,0.0,30.0,40.375
2025-02-06 16:00:00+00:00,85.0,66.33333333333333,85.0,66.33333333333333,0.0,41.958333333333336,0.0,0.0,0.0,0.0,57.0,40.75
2025-02-06 17:00:00+00:00,34.0,65.08333333333333,34.0,65.08333333333333,0.0,39.291666666666664,0.0,0.0,0.0,0.0,18.0,39.625
2025-02-06 18:00:00+00:00,0.0,51.541666666666664,0.0,51.541666666666664,0.0,25.75,0.0,0.0,0.0,0.0,0.0,30.666666666666668
2025-02-06 19:00:00+00:00,55.0,53.833333333333336,55.0,53.833333333333336,0.0,25.75,0.0,0.0,0.0,0.0,12.0,31.166666666666668
2025-02-06 20:00:00+00:00,0.0,43.458333333333336,0.0,43.458333333333336,0.0,15.375,0.0,0.0,0.0,0.0,0.0,25.125
2025-02-06 21:00:00+00:00,173.0,43.125,173.0,43.125,0.0,7.833333333333333,0.0,0.0,0.0,0.0,66.0,23.708333333333332
2025-02-06 22:00:00+00:00,30.0,40.416666666666664,30.0,40.416666666666664,0.0,3.875,0.0,0.0,0.0,0.0,15.0,22.125
2025-02-06 23:00:00+00:00,0.0,36.541666666666664,0.0,36.541666666666664,0.0,0.0,0.0,0.0,0.0,0.0,0.0,20.416666666666668
2025-02-07 00:00:00+00:00,0.0,36.541666666666664,0.0,36.541666666666664,0.0,0.0,0.0,0.0,0.0,0.0,0.0,20.416666666666668
2025-02-07 01:00:00+00:00,424.0,54.208333333333336,424.0,54.208333333333336,424.0,17.666666666666668,0.0,0.0,0.0,0.0,305.0,33.125
2025-02-07 02:00:00+00:00,22.0,52.5,22.0,52.5,22.0,18.583333333333332,0.0,0.0,0.0,0.0,20.0,32.083333333333336
2025-02-07 03:00:00+00:00,3.0,52.625,0.0,52.5,3.0,18.708333333333332,0.0,0.0,0.0,0.0,0.0,32.083333333333336
2025-02-07 04:00:00+00:00,4.0,52.791666666666664,0.0,52.5,4.0,18.875,0.0,0.0,0.0,0.0,0.0,32.083333333333336
2025-02-07 05:00:00+00:00,9.0,51.708333333333336,0.0,51.041666666666664,9.0,19.25,0.0,0.0,0.0,0.0,9.0,31.166666666666668
2025-02-07 06:00:00+00:00,0.0,44.375,0.0,43.708333333333336,0.0,19.25,0.0,0.0,0.0,0.0,0.0,26.833333333333332
2025-02-07 07:00:00+00:00,62.0,46.958333333333336,62.0,46.291666666666664,62.0,21.833333333333332,0.0,0.0,0.0,0.0,35.0,28.291666666666668
2025-02-07 08:00:00+00:00,111.0,51.583333333333336,111.0,50.916666666666664,111.0,26.458333333333332,0.0,0.0,0.0,0.0,58.0,30.708333333333332
2025-02-07 09:00:00+00:00,0.0,51.583333333333336,0.0,50.916666666666664,0.0,26.458333333333332,0.0,0.0,0.0,0.0,0.0,30.708333333333332
2025-02-07 10:00:00+00:00,0.0,51.583333333333336,0.0,50.916666666666664,0.0,26.458333333333332,0.0,0.0,0.0,0.0,0.0,30.708333333333332
2025-02-07 11:00:00+00:00,0.0,51.583333333333336,0.0,50.916666666666664,0.0,26.458333333333332,0.0,0.0,0.0,0.0,0.0,30.708333333333332
2025-02-07 12:00:00+00:00,0.0,51.583333333333336,0.0,50.916666666666664,0.0,26.458333333333332,0.0,0.0,0.0,0.0,0.0,30.708333333333332
2025-02-07 13:00:00+00:00,222.0,60.833333333333336,222.0,60.166666666666664,222.0,35.708333333333336,0.0,0.0,0.0,0.0,153.0,37.083333333333336
2025-02-07 14:00:00+00:00,104.0,59.041666666666664,104.0,58.375,104.0,40.041666666666664,0.0,0.0,0.0,0.0,45.0,34.291666666666664
2025-02-07 15:00:00+00:00,278.0,67.33333333333333,278.0,66.66666666666667,278.0,51.625,0.0,0.0,0.0,0.0,204.0,41.541666666666664
2025-02-07 16:00:00+00:00,298.0,76.20833333333333,298.0,75.54166666666667,298.0,64.04166666666667,0.0,0.0,0.0,0.0,132.0,44.666666666666664
2025-02-07 17:00:00+00:00,138.0,80.54166666666667,138.0,79.875,138.0,69.79166666666667,0.0,0.0,0.0,0.0,89.0,47.625
2025-02-07 18:00:00+00:00,0.0,80.54166666666667,0.0,79.875,0.0,69.79166666666667,0.0,0.0,0.0,0.0,0.0,47.625
2025-02-07 19:00:00+00:00,135.0,83.875,135.0,83.20833333333333,135.0,75.41666666666667,0.0,0.0,0.0,0.0,98.0,51.208333333333336
2025-02-07 20:00:00+00:00,102.0,88.125,102.0,87.45833333333333,102.0,79.66666666666667,0.0,0.0,0.0,0.0,88.0,54.875
2025-02-07 21:00:00+00:00,0.0,80.91666666666667,0.0,80.25,0.0,79.66666666666667,0.0,0.0,0.0,0.0,0.0,52.125
2025-02-07 22:00:00+00:00,7.0,79.95833333333333,7.0,79.29166666666667,7.0,79.95833333333333,0.0,0.0,0.0,0.0,0.0,51.5
2025-02-07 23:00:00+00:00,80.0,83.29166666666667,80.0,82.625,80.0,83.29166666666667,0.0,0.0,0.0,0.0,33.0,52.875
2025-02-08 00:00:00+00:00,577.0,107.33333333333333,577.0,106.66666666666667,0.0,83.29166666666667,0.0,0.0,0.0,0.0,391.0,69.16666666666667
2025-02-08 01:00:00+00:00,44.0,91.5,44.0,90.83333333333333,0.0,65.625,0.0,0.0,0.0,0.0,28.0,57.625
2025-02-08 02:00:00+00:00,0.0,90.58333333333333,0.0,89.91666666666667,0.0,64.70833333333333,0.0,0.0,0.0,0.0,0.0,56.791666666666664
2025-02-08 03:00:00+00:00,15.0,91.08333333333333,0.0,89.91666666666667,0.0,64.58333333333333,0.0,0.0,0.0,0.0,15.0,57.416666666666664
2025-02-08 04:00:00+00:00,0.0,90.91666666666667,0.0,89.91666666666667,0.0,64.41666666666667,0.0,0.0,0.0,0.0,0.0,57.416666666666664
2025-02-08 05:00:00+00:00,0.0,90.54166666666667,0.0,89.91666666666667,0.0,64.04166666666667,0.0,0.0,0.0,0.0,0.0,57.041666666666664
2025-02-08 06:00:00+00:00,16.0,91.20833333333333,0.0,89.91666666666667,0.0,64.04166666666667,0.0,0.0,0.0,0.0,11.0,57.5
2025-02-08 07:00:00+00:00,0.0,88.625,0.0,87.33333333333333,0.0,61.458333333333336,0.0,0.0,0.0,0.0,0.0,56.041666666666664
2025-02-08 08:00:00+00:00,0.0,84.0,0.0,82.70833333333333,0.0,56.833333333333336,0.0,0.0,0.0,0.0,0.0,53.625
2025-02-08 09:00:00+00:00,0.0,84.0,0.0,82.70833333333333,0.0,56.833333333333336,0.0,0.0,0.0,0.0,0.0,53.625
2025-02-08 10:00:00+00:00,0.0,84.0,0.0,82.70833333333333,0.0,56.833333333333336,0.0,0.0,0.0,0.0,0.0,53.625
2025-02-08 11:00:00+00:00,0.0,84.0,0.0,82.70833333333333,0.0,56.833333333333336,0.0,0.0,0.0,0.0,0.0,53.625
2025-02-08 12:00:00+00:00,0.0,84.0,0.0,82.70833333333333,0.0,56.833333333333336,0.0,0.0,0.0,0.0,0.0,53.625
2025-02-08 13:00:00+00:00,0.0,74.75,0.0,73.45833333333333,0.0,47.583333333333336,0.0,0.0,0.0,0.0,0.0,47.25
2025-02-08 14:00:00+00:00,0.0,70.41666666666667,0.0,69.125,0.0,43.25,0.0,0.0,0.0,0.0,0.0,45.375
2025-02-08 15:00:00+00:00,435.0,76.95833333333333,435.0,75.66666666666667,0.0,31.666666666666668,0.0,0.0,0.0,0.0,333.0,50.75
2025-02-08 16:00:00+00:00,30.0,65.79166666666667,30.0,64.5,0.0,19.25,0.0,0.0,0.0,0.0,23.0,46.208333333333336
2025-02-08 17:00:00+00:00,13.0,60.583333333333336,13.0,59.291666666666664,0.0,13.5,0.0,0.0,0.0,0.0,9.0,42.875
2025-02-08 18:00:00+00:00,2.0,60.666666666666664,0.0,59.291666666666664,0.0,13.5,0.0,0.0,0.0,0.0,0.0,42.875
2025-02-08 19:00:00+00:00,25.0,56.083333333333336,25.0,54.708333333333336,0.0,7.875,0.0,0.0,0.0,0.0,14.0,39.375
2025-02-08 20:00:00+00:00,23.0,52.791666666666664,23.0,51.416666666666664,0.0,3.625,0.0,0.0,0.0,0.0,21.0,36.583333333333336
2025-02-08 21:00:00+00:00,3.0,52.916666666666664,3.0,51.541666666666664,0.0,3.625,0.0,0.0,0.0,0.0,0.0,36.583333333333336
2025-02-08 22:00:00+00:00,0.0,52.625,0.0,51.25,0.0,3.3333333333333335,0.0,0.0,0.0,0.0,0.0,36.583333333333336
2025-02-08 23:00:00+00:00,0.0,49.291666666666664,0.0,47.916666666666664,0.0,0.0,0.0,0.0,0.0,0.0,0.0,35.208333333333336
2025-02-09 00:00:00+00:00,404.0,42.083333333333336,404.0,40.708333333333336,0.0,0.0,0.0,0.0,0.0,0.0,237.0,28.791666666666668
2025-02-09 01:00:00+00:00,30.0,41.5,30.0,40.125,0.0,0.0,0.0,0.0,0.0,0.0,14.0,28.208333333333332
2025-02-09 02:00:00+00:00,23.0,42.458333333333336,23.0,41.083333333333336,0.0,0.0,0.0,0.0,0.0,0.0,19.0,29.0
2025-02-09 03:00:00+00:00,98.0,45.916666666666664,98.0,45.166666666666664,0.0,0.0,0.0,0.0,0.0,0.0,64.0,31.041666666666668
2025-02-09 04:00:00+00:00,219.0,55.041666666666664,219.0,54.291666666666664,0.0,0.0,0.0,0.0,0.0,0.0,127.0,36.333333333333336
2025-02-09 05:00:00+00:00,0.0,55.041666666666664,0.0,54.291666666666664,0.0,0.0,0.0,0.0,0.0,0.0,0.0,36.333333333333336
2025-02-09 06:00:00+00:00,0.0,54.375,0.0,54.291666666666664,0.0,0.0,0.0,0.0,0.0,0.0,0.0,35.875
2025-02-09 07:00:00+00:00,0.0,54.375,0.0,54.291666666666664,0.0,0.0,0.0,0.0,0.0,0.0,0.0,35.875
2025-02-09 08:00:00+00:00,0.0,54.375,0.0,54.291666666666664,0.0,0.0,0.0,0.0,0.0,0.0,0.0,35.875
2025-02-09 09:00:00+00:00,11.0,54.833333333333336,0.0,54.291666666666664,0.0,0.0,0.0,0.0,0.0,0.0,0.0,35.875
2025-02-09 10:00:00+00:00,0.0,54.833333333333336,0.0,54.291666666666664,0.0,0.0,0.0,0.0,0.0,0.0,0.0,35.875
2025-02-09 11:00:00+00:00,0.0,54.833333333333336,0.0,54.291666666666664,0.0,0.0,0.0,0.0,0.0,0.0,0.0,35.875
2025-02-09 12:00:00+00:00,6.0,55.083333333333336,0.0,54.291666666666664,0.0,0.0,0.0,0.0,0.0,0.0,6.0,36.125
2025-02-09 13:00:00+00:00,0.0,55.083333333333336,0.0,54.291666666666664,0.0,0.0,0.0,0.0,0.0,0.0,0.0,36.125
2025-02-09 14:00:00+00:00,223.0,64.375,223.0,63.583333333333336,0.0,0.0,0.0,0.0,0.0,0.0,159.0,42.75
2025-02-09 15:00:00+00:00,0.0,46.25,0.0,45.458333333333336,0.0,0.0,0.0,0.0,0.0,0.0,0.0,28.875
2025-02-09 16:00:00+00:00,0.0,45.0,0.0,44.208333333333336,0.0,0.0,0.0,0.0,0.0,0.0,0.0,27.916666666666668
2025-02-09 17:00:00+00:00,0.0,44.458333333333336,0.0,43.666666666666664,0.0,0.0,0.0,0.0,0.0,0.0,0.0,27.541666666666668
2025-02-09 18:00:00+00:00,0.0,44.375,0.0,43.666666666666664,0.0,0.0,0.0,0.0,0.0,0.0,0.0,27.541666666666668
2025-02-09 19:00:00+00:00,0.0,43.333333333333336,0.0,42.625,0.0,0.0,0.0,0.0,0.0,0.0,0.0,26.958333333333332
2025-02-09 20:00:00+00:00,9.0,42.75,9.0,42.041666666666664,0.0,0.0,0.0,0.0,0.0,0.0,9.0,26.458333333333332
2025-02-09 21:00:00+00:00,169.0,49.666666666666664,169.0,48.958333333333336,0.0,0.0,0.0,0.0,0.0,0.0,85.0,30.0
2025-02-09 22:00:00+00:00,0.0,49.666666666666664,0.0,48.958333333333336,0.0,0.0,0.0,0.0,0.0,0.0,0.0,30.0
2025-02-09 23:00:00+00:00,49.0,51.708333333333336,49.0,51.0,0.0,0.0,0.0,0.0,0.0,0.0,30.0,31.25
2025-02-10 00:00:00+00:00,0.0,34.875,0.0,34.166666666666664,0.0,0.0,0.0,0.0,0.0,0.0,0.0,21.375
2025-02-10 01:00:00+00:00,128.0,38.958333333333336,128.0,38.25,0.0,0.0,0.0,0.0,0.0,0.0,70.0,23.708333333333332
2025-02-10 02:00:00+00:00,0.0,38.0,0.0,37.291666666666664,0.0,0.0,0.0,0.0,0.0,0.0,0.0,22.916666666666668
2025-02-10 03:00:00+00:00,167.0,40.875,167.0,40.166666666666664,0.0,0.0,0.0,0.0,0.0,0.0,118.0,25.166666666666668
2025-02-10 04:00:00+00:00,0.0,31.75,0.0,31.041666666666668,0.0,0.0,0.0,0.0,0.0,0.0,0.0,19.875
2025-02-10 05:00:00+00:00,0.0,31.75,0.0,31.041666666666668,0.0,0.0,0.0,0.0,0.0,0.0,0.0,19.875
2025-02-10 06:00:00+00:00,0.0,31.75,0.0,31.041666666666668,0.0,0.0,0.0,0.0,0.0,0.0,0.0,19.875
2025-02-10 07:00:00+00:00,0.0,31.75,0.0,31.041666666666668,0.0,0.0,0.0,0.0,0.0,0.0,0.0,19.875
2025-02-10 08:00:00+00:00,0.0,31.75,0.0,31.041666666666668,0.0,0.0,0.0,0.0,0.0,0.0,0.0,19.875
2025-02-10 09:00:00+00:00,0.0,31.291666666666668,0.0,31.041666666666668,0.0,0.0,0.0,0.0,0.0,0.0,0.0,19.875
2025-02-10 10:00:00+00:00,0.0,31.291666666666668,0.0,31.041666666666668,0.0,0.0,0.0,0.0,0.0,0.0,0.0,19.875
2025-02-10 11:00:00+00:00,0.0,31.291666666666668,0.0,31.041666666666668,0.0,0.0,0.0,0.0,0.0,0.0,0.0,19.875
2025-02-10 12:00:00+00:00,0.0,31.041666666666668,0.0,31.041666666666668,0.0,0.0,0.0,0.0,0.0,0.0,0.0,19.625
2025-02-10 13:00:00+00:00,0.0,31.041666666666668,0.0,31.041666666666668,0.0,0.0,0.0,0.0,0.0,0.0,0.0,19.625
2025-02-10 14:00:00+00:00,0.0,21.75,0.0,21.75,0.0,0.0,0.0,0.0,0.0,0.0,0.0,13.0
2025-02-10 15:00:00+00:00,144.0,27.75,144.0,27.75,0.0,0.0,0.0,0.0,0.0,0.0,128.0,18.333333333333332
2025-02-10 16:00:00+00:00,80.0,31.083333333333332,80.0,31.083333333333332,0.0,0.0,0.0,0.0,0.0,0.0,69.0,21.208333333333332
2025-02-10 17:00:00+00:00,218.0,40.166666666666664,218.0,40.166666666666664,0.0,0.0,0.0,0.0,0.0,0.0,178.0,28.625
2025-02-10 18:00:00+00:00,177.0,47.541666666666664,177.0,47.541666666666664,0.0,0.0,0.0,0.0,0.0,0.0,109.0,33.166666666666664
2025-02-10 19:00:00+00:00,60.0,50.041666666666664,60.0,50.041666666666664,0.0,0.0,0.0,0.0,0.0,0.0,60.0,35.666666666666664
2025-02-10 20:00:00+00:00,0.0,49.666666666666664,0.0,49.666666666666664,0.0,0.0,0.0,0.0,0.0,0.0,0.0,35.291666666666664
2025-02-10 21:00:00+00:00,0.0,42.625,0.0,42.625,0.0,0.0,0.0,0.0,0.0,0.0,0.0,31.75
2025-02-10 22:00:00+00:00,0.0,42.625,0.0,42.625,0.0,0.0,0.0,0.0,0.0,0.0,0.0,31.75
2025-02-10 23:00:00+00:00,118.0,45.5,118.0,45.5,0.0,0.0,0.0,0.0,0.0,0.0,44.0,32.333333333333336
2025-02-11 00:00:00+00:00,361.0,60.541666666666664,361.0,60.541666666666664,361.0,15.041666666666666,0.0,0.0,0.0,0.0,197.0,40.541666666666664
2025-02-11 01:00:00+00:00,0.0,55.208333333333336,0.0,55.208333333333336,0.0,15.041666666666666,0.0,0.0,0.0,0.0,0.0,37.625
2025-02-11 02:00:00+00:00,0.0,55.208333333333336,0.0,55.208333333333336,0.0,15.041666666666666,0.0,0.0,0.0,0.0,0.0,37.625
2025-02-11 03:00:00+00:00,0.0,48.25,0.0,48.25,0.0,15.041666666666666,0.0,0.0,0.0,0.0,0.0,32.708333333333336
2025-02-11 04:00:00+00:00,8.0,48.583333333333336,0.0,48.25,8.0,15.375,0.0,0.0,0.0,0.0,0.0,32.708333333333336
2025-02-11 05:00:00+00:00,0.0,48.583333333333336,0.0,48.25,0.0,15.375,0.0,0.0,0.0,0.0,0.0,32.708333333333336
2025-02-11 06:00:00+00:00,0.0,48.583333333333336,0.0,48.25,0.0,15.375,0.0,0.0,0.0,0.0,0.0,32.708333333333336
2025-02-11 07:00:00+00:00,4.0,48.75,4.0,48.416666666666664,4.0,15.541666666666666,0.0,0.0,0.0,0.0,0.0,32.708333333333336
2025-02-11 08:00:00+00:00,80.0,52.083333333333336,80.0,51.75,80.0,18.875,0.0,0.0,0.0,0.0,73.0,35.75
2025-02-11 09:00:00+00:00,34.0,53.5,34.0,53.166666666666664,34.0,20.291666666666668,0.0,0.0,0.0,0.0,34.0,37.166666666666664
2025-02-11 10:00:00+00:00,0.0,53.5,0.0,53.166666666666664,0.0,20.291666666666668,0.0,0.0,0.0,0.0,0.0,37.166666666666664
2025-02-11 11:00:00+00:00,0.0,53.5,0.0,53.166666666666664,0.0,20.291666666666668,0.0,0.0,0.0,0.0,0.0,37.166666666666664
2025-02-11 12:00:00+00:00,0.0,53.5,0.0,53.166666666666664,0.0,20.291666666666668,0.0,0.0,0.0,0.0,0.0,37.166666666666664
2025-02-11 13:00:00+00:00,0.0,53.5,0.0,53.166666666666664,0.0,20.291666666666668,0.0,0.0,0.0,0.0,0.0,37.166666666666664
2025-02-11 14:00:00+00:00,121.0,58.541666666666664,121.0,58.208333333333336,121.0,25.333333333333332,0.0,0.0,0.0,0.0,61.0,39.708333333333336
2025-02-11 15:00:00+00:00,0.0,52.541666666666664,0.0,52.208333333333336,0.0,25.333333333333332,0.0,0.0,0.0,0.0,0.0,34.375
2025-02-11 16:00:00+00:00,87.0,52.833333333333336,87.0,52.5,87.0,28.958333333333332,0.0,0.0,0.0,0.0,57.0,33.875
2025-02-11 17:00:00+00:00,147.0,49.875,147.0,49.541666666666664,147.0,35.083333333333336,0.0,0.0,0.0,0.0,84.0,29.958333333333332
2025-02-11 18:00:00+00:00,339.0,56.625,339.0,56.291666666666664,339.0,49.208333333333336,0.0,0.0,0.0,0.0,192.0,33.416666666666664
2025-02-11 19:00:00+00:00,175.0,61.416666666666664,175.0,61.083333333333336,175.0,56.5,0.0,0.0,0.0,0.0,123.0,36.041666666666664
2025-02-11 20:00:00+00:00,0.0,61.416666666666664,0.0,61.083333333333336,0.0,56.5,0.0,0.0,0.0,0.0,0.0,36.041666666666664
2025-02-11 21:00:00+00:00,0.0,61.416666666666664,0.0,61.083333333333336,0.0,56.5,0.0,0.0,0.0,0.0,0.0,36.041666666666664
2025-02-11 22:00:00+00:00,89.0,65.125,89.0,64.79166666666667,89.0,60.208333333333336,0.0,0.0,0.0,0.0,55.0,38.333333333333336
2025-02-11 23:00:00+00:00,6.0,60.458333333333336,6.0,60.125,6.0,60.458333333333336,0.0,0.0,0.0,0.0,0.0,36.5
2025-02-12 00:00:00+00:00,0.0,45.416666666666664,0.0,45.083333333333336,0.0,45.416666666666664,0.0,0.0,0.0,0.0,0.0,28.291666666666668
