<?xml version="1.0" encoding="UTF-8"?>
<TrainingCenterDatabase
    xmlns="http://www.garmin.com/xmlschemas/TrainingCenterDatabase/v2"
    xmlns:ns2="http://www.garmin.com/xmlschemas/UserProfile/v2"
    xmlns:ns3="http://www.garmin.com/xmlschemas/ActivityExtension/v2"
    xmlns:ns4="http://www.garmin.com/xmlschemas/ProfileExtension/v1"
    xmlns:ns5="http://www.garmin.com/xmlschemas/ActivityGoals/v1"
    xmlns:xsi="http://www.w3.org/2001/XMLSchema-instance" xsi:schemaLocation="http://www.garmin.com/xmlschemas/TrainingCenterDatabase/v2 http://www.garmin.com/xmlschemas/TrainingCenterDatabasev2.xsd">
    <Activities>
        <Activity Sport="Walking">
            <Id>2019-10-07T13:06:01.692Z</Id>
            <Lap StartTime="2019-10-07T13:06:01.692Z">
                <Track>
                    <Trackpoint>
                        <DistanceMeters>0.0</DistanceMeters>
                        <Time>2019-10-07T13:06:01.692Z</Time>
                    </Trackpoint>
                    <Trackpoint>
                        <DistanceMeters>5.872184753417969</DistanceMeters>
                        <Time>2019-10-07T13:06:02.819Z</Time>
                        <Position>
                            <LatitudeDegrees>18.4549809</LatitudeDegrees>
                            <LongitudeDegrees>73.8345413</LongitudeDegrees>
                        </Position>
                        <AltitudeMeters>551.693359375</AltitudeMeters>
                    </Trackpoint>
                    <Trackpoint>
                        <DistanceMeters>5.872184753417969</DistanceMeters>
                        <Time>2019-10-07T13:06:08.818Z</Time>
                        <Position>
                            <LatitudeDegrees>18.4549762</LatitudeDegrees>
                            <LongitudeDegrees>73.8345518</LongitudeDegrees>
                        </Position>
                        <AltitudeMeters>548.529296875</AltitudeMeters>
                    </Trackpoint>
                    <Trackpoint>
                        <DistanceMeters>5.872184753417969</DistanceMeters>
                        <Time>2019-10-07T13:06:19.819Z</Time>
                        <Position>
                            <LatitudeDegrees>18.4549696</LatitudeDegrees>
                            <LongitudeDegrees>73.8345717</LongitudeDegrees>
                        </Position>
                        <AltitudeMeters>551.431884765625</AltitudeMeters>
                    </Trackpoint>
                    <Trackpoint>
                        <DistanceMeters>5.872184753417969</DistanceMeters>
                        <Time>2019-10-07T13:06:20.821Z</Time>
                        <Position>
                            <LatitudeDegrees>18.4549679</LatitudeDegrees>
                            <LongitudeDegrees>73.8345911</LongitudeDegrees>
                        </Position>
                        <AltitudeMeters>553.4835205078125</AltitudeMeters>
                    </Trackpoint>
                    <Trackpoint>
                        <DistanceMeters>5.872184753417969</DistanceMeters>
                        <Time>2019-10-07T13:06:21.635Z</Time>
                    </Trackpoint>
                    <Trackpoint>
                        <DistanceMeters>23.488739013671875</DistanceMeters>
                        <Time>2019-10-07T13:06:21.815Z</Time>
                        <Position>
                            <LatitudeDegrees>18.4549684</LatitudeDegrees>
                            <LongitudeDegrees>73.8346069</LongitudeDegrees>
                        </Position>
                        <AltitudeMeters>555.8232421875</AltitudeMeters>
                    </Trackpoint>
                    <Trackpoint>
                        <DistanceMeters>23.488739013671875</DistanceMeters>
                        <Time>2019-10-07T13:06:22.819Z</Time>
                        <Position>
                            <LatitudeDegrees>18.4549718</LatitudeDegrees>
                            <LongitudeDegrees>73.8346213</LongitudeDegrees>
                        </Position>
                        <AltitudeMeters>555.131591796875</AltitudeMeters>
                    </Trackpoint>
                    <Trackpoint>
                        <DistanceMeters>23.488739013671875</DistanceMeters>
                        <Time>2019-10-07T13:06:23.818Z</Time>
                        <Position>
                            <LatitudeDegrees>18.4549777</LatitudeDegrees>
                            <LongitudeDegrees>73.834634</LongitudeDegrees>
                        </Position>
                        <AltitudeMeters>553.56201171875</AltitudeMeters>
                    </Trackpoint>
                    <Trackpoint>
                        <DistanceMeters>23.488739013671875</DistanceMeters>
                        <Time>2019-10-07T13:06:24.831Z</Time>
                        <Position>
                            <LatitudeDegrees>18.4549856</LatitudeDegrees>
                            <LongitudeDegrees>73.8346441</LongitudeDegrees>
                        </Position>
                        <AltitudeMeters>555.17822265625</AltitudeMeters>
                    </Trackpoint>
                    <Trackpoint>
                        <DistanceMeters>23.488739013671875</DistanceMeters>
                        <Time>2019-10-07T13:06:25.854Z</Time>
                        <Position>
                            <LatitudeDegrees>18.4549958</LatitudeDegrees>
                            <LongitudeDegrees>73.8346494</LongitudeDegrees>
                        </Position>
                        <AltitudeMeters>554.920654296875</AltitudeMeters>
                    </Trackpoint>
                    <Trackpoint>
                        <DistanceMeters>23.488739013671875</DistanceMeters>
                        <Time>2019-10-07T13:06:26.820Z</Time>
                        <Position>
                            <LatitudeDegrees>18.4550052</LatitudeDegrees>
                            <LongitudeDegrees>73.8346511</LongitudeDegrees>
                        </Position>
                        <AltitudeMeters>553.883056640625</AltitudeMeters>
                    </Trackpoint>
                    <Trackpoint>
                        <DistanceMeters>23.488739013671875</DistanceMeters>
                        <Time>2019-10-07T13:06:28.818Z</Time>
                        <Position>
                            <LatitudeDegrees>18.4550115</LatitudeDegrees>
                            <LongitudeDegrees>73.8346668</LongitudeDegrees>
                        </Position>
                        <AltitudeMeters>554.603515625</AltitudeMeters>
                    </Trackpoint>
                    <Trackpoint>
                        <DistanceMeters>23.488739013671875</DistanceMeters>
                        <Time>2019-10-07T13:06:32.821Z</Time>
                        <Position>
                            <LatitudeDegrees>18.4550014</LatitudeDegrees>
                            <LongitudeDegrees>73.8346567</LongitudeDegrees>
                        </Position>
                        <AltitudeMeters>553.6328125</AltitudeMeters>
                    </Trackpoint>
                    <Trackpoint>
                        <DistanceMeters>23.488739013671875</DistanceMeters>
                        <Time>2019-10-07T13:06:34.822Z</Time>
                        <Position>
                            <LatitudeDegrees>18.4549957</LatitudeDegrees>
                            <LongitudeDegrees>73.8346458</LongitudeDegrees>
                        </Position>
                        <AltitudeMeters>553.146484375</AltitudeMeters>
                    </Trackpoint>
                    <Trackpoint>
                        <DistanceMeters>23.488739013671875</DistanceMeters>
                        <Time>2019-10-07T13:06:38.819Z</Time>
                        <Position>
                            <LatitudeDegrees>18.4549896</LatitudeDegrees>
                            <LongitudeDegrees>73.8346531</LongitudeDegrees>
                        </Position>
                        <AltitudeMeters>553.95556640625</AltitudeMeters>
                    </Trackpoint>
                    <Trackpoint>
                        <DistanceMeters>23.488739013671875</DistanceMeters>
                        <Time>2019-10-07T13:06:45.819Z</Time>
                        <Position>
                            <LatitudeDegrees>18.4549777</LatitudeDegrees>
                            <LongitudeDegrees>73.8346544</LongitudeDegrees>
                        </Position>
                        <AltitudeMeters>551.85205078125</AltitudeMeters>
                    </Trackpoint>
                    <Trackpoint>
                        <DistanceMeters>23.488739013671875</DistanceMeters>
                        <Time>2019-10-07T13:06:51.817Z</Time>
                        <Position>
                            <LatitudeDegrees>18.4549818</LatitudeDegrees>
                            <LongitudeDegrees>73.8346635</LongitudeDegrees>
                        </Position>
                        <AltitudeMeters>551.838623046875</AltitudeMeters>
                    </Trackpoint>
                    <Trackpoint>
                        <DistanceMeters>23.488739013671875</DistanceMeters>
                        <Time>2019-10-07T13:06:55.765Z</Time>
                    </Trackpoint>
                </Track>
                <DistanceMeters>23.488739013671875</DistanceMeters>
                <TotalTimeSeconds>54.073</TotalTimeSeconds>
                <Calories>5.365243434906006</Calories>
                <Intensity>Active</Intensity>
                <TriggerMethod>Manual</TriggerMethod>
            </Lap>
        </Activity>
        <Activity Sport="Walking">
            <Id>2019-10-07T13:09:52.574Z</Id>
            <Lap StartTime="2019-10-07T13:09:52.574Z">
                <Track>
                    <Trackpoint>
                        <DistanceMeters>0.0</DistanceMeters>
                        <Time>2019-10-07T13:09:52.574Z</Time>
                    </Trackpoint>
                    <Trackpoint>
                        <DistanceMeters>0.0</DistanceMeters>
                        <Time>2019-10-07T13:14:29.729Z</Time>
                    </Trackpoint>
                    <Trackpoint>
                        <DistanceMeters>1.4087655544281006</DistanceMeters>
                        <Time>2019-10-07T13:14:30.309Z</Time>
                        <Position>
                            <LatitudeDegrees>18.4550328</LatitudeDegrees>
                            <LongitudeDegrees>73.8346962</LongitudeDegrees>
                        </Position>
                        <AltitudeMeters>560.3499755859375</AltitudeMeters>
                    </Trackpoint>
                    <Trackpoint>
                        <DistanceMeters>1.4087655544281006</DistanceMeters>
                        <Time>2019-10-07T13:14:31.309Z</Time>
                        <Position>
                            <LatitudeDegrees>18.4550232</LatitudeDegrees>
                            <LongitudeDegrees>73.8346957</LongitudeDegrees>
                        </Position>
                        <AltitudeMeters>560.6357421875</AltitudeMeters>
                    </Trackpoint>
                    <Trackpoint>
                        <DistanceMeters>1.4087655544281006</DistanceMeters>
                        <Time>2019-10-07T13:14:31.504Z</Time>
                    </Trackpoint>
                </Track>
                <DistanceMeters>1.4087655544281006</DistanceMeters>
                <TotalTimeSeconds>278.93</TotalTimeSeconds>
                <Calories>5.968572840094566</Calories>
                <Intensity>Active</Intensity>
                <TriggerMethod>Manual</TriggerMethod>
            </Lap>
        </Activity>
        <Activity Sport="Walking">
            <Id>2019-10-07T13:14:31.504Z</Id>
            <Lap StartTime="2019-10-07T13:14:31.504Z">
                <Track>
                    <Trackpoint>
                        <DistanceMeters>0.0</DistanceMeters>
                        <Time>2019-10-07T13:14:31.504Z</Time>
                    </Trackpoint>
                    <Trackpoint>
                        <DistanceMeters>21.284954071044922</DistanceMeters>
                        <Time>2019-10-07T13:14:32.311Z</Time>
                        <Position>
                            <LatitudeDegrees>18.4550084</LatitudeDegrees>
                            <LongitudeDegrees>73.8346951</LongitudeDegrees>
                        </Position>
                        <AltitudeMeters>561.09326171875</AltitudeMeters>
                    </Trackpoint>
                    <Trackpoint>
                        <DistanceMeters>21.284954071044922</DistanceMeters>
                        <Time>2019-10-07T13:14:33.310Z</Time>
                        <Position>
                            <LatitudeDegrees>18.4549941</LatitudeDegrees>
                            <LongitudeDegrees>73.8346952</LongitudeDegrees>
                        </Position>
                        <AltitudeMeters>561.0894775390625</AltitudeMeters>
                    </Trackpoint>
                    <Trackpoint>
                        <DistanceMeters>21.284954071044922</DistanceMeters>
                        <Time>2019-10-07T13:14:34.348Z</Time>
                        <Position>
                            <LatitudeDegrees>18.4549794</LatitudeDegrees>
                            <LongitudeDegrees>73.8346971</LongitudeDegrees>
                        </Position>
                        <AltitudeMeters>561.096923828125</AltitudeMeters>
                    </Trackpoint>
                    <Trackpoint>
                        <DistanceMeters>21.284954071044922</DistanceMeters>
                        <Time>2019-10-07T13:14:35.312Z</Time>
                        <Position>
                            <LatitudeDegrees>18.4549695</LatitudeDegrees>
                            <LongitudeDegrees>73.8346998</LongitudeDegrees>
                        </Position>
                        <AltitudeMeters>561.100830078125</AltitudeMeters>
                    </Trackpoint>
                    <Trackpoint>
                        <DistanceMeters>21.284954071044922</DistanceMeters>
                        <Time>2019-10-07T13:14:41.309Z</Time>
                        <Position>
                            <LatitudeDegrees>18.4549601</LatitudeDegrees>
                            <LongitudeDegrees>73.8347034</LongitudeDegrees>
                        </Position>
                        <AltitudeMeters>563.4609375</AltitudeMeters>
                    </Trackpoint>
                    <Trackpoint>
                        <DistanceMeters>21.284954071044922</DistanceMeters>
                        <Time>2019-10-07T13:14:46.315Z</Time>
                        <Position>
                            <LatitudeDegrees>18.4549716</LatitudeDegrees>
                            <LongitudeDegrees>73.8347014</LongitudeDegrees>
                        </Position>
                        <AltitudeMeters>566.861572265625</AltitudeMeters>
                    </Trackpoint>
                    <Trackpoint>
                        <DistanceMeters>21.284954071044922</DistanceMeters>
                        <Time>2019-10-07T13:14:50.312Z</Time>
                        <Position>
                            <LatitudeDegrees>18.4549618</LatitudeDegrees>
                            <LongitudeDegrees>73.8346943</LongitudeDegrees>
                        </Position>
                        <AltitudeMeters>563.270751953125</AltitudeMeters>
                    </Trackpoint>
                    <Trackpoint>
                        <DistanceMeters>21.284954071044922</DistanceMeters>
                        <Time>2019-10-07T13:14:52.314Z</Time>
                        <Position>
                            <LatitudeDegrees>18.4549447</LatitudeDegrees>
                            <LongitudeDegrees>73.8346908</LongitudeDegrees>
                        </Position>
                        <AltitudeMeters>558.553466796875</AltitudeMeters>
                    </Trackpoint>
                    <Trackpoint>
                        <DistanceMeters>21.284954071044922</DistanceMeters>
                        <Time>2019-10-07T13:14:53.311Z</Time>
                        <Position>
                            <LatitudeDegrees>18.4549342</LatitudeDegrees>
                            <LongitudeDegrees>73.8346897</LongitudeDegrees>
                        </Position>
                        <AltitudeMeters>558.201416015625</AltitudeMeters>
                    </Trackpoint>
                    <Trackpoint>
                        <DistanceMeters>21.284954071044922</DistanceMeters>
                        <Time>2019-10-07T13:14:54.315Z</Time>
                        <Position>
                            <LatitudeDegrees>18.4549229</LatitudeDegrees>
                            <LongitudeDegrees>73.8346899</LongitudeDegrees>
                        </Position>
                        <AltitudeMeters>558.2919921875</AltitudeMeters>
                    </Trackpoint>
                    <Trackpoint>
                        <DistanceMeters>21.284954071044922</DistanceMeters>
                        <Time>2019-10-07T13:14:55.314Z</Time>
                        <Position>
                            <LatitudeDegrees>18.4549106</LatitudeDegrees>
                            <LongitudeDegrees>73.8346915</LongitudeDegrees>
                        </Position>
                        <AltitudeMeters>558.5517578125</AltitudeMeters>
                    </Trackpoint>
                    <Trackpoint>
                        <DistanceMeters>21.284954071044922</DistanceMeters>
                        <Time>2019-10-07T13:14:56.308Z</Time>
                        <Position>
                            <LatitudeDegrees>18.4548979</LatitudeDegrees>
                            <LongitudeDegrees>73.834694</LongitudeDegrees>
                        </Position>
                        <AltitudeMeters>558.04638671875</AltitudeMeters>
                    </Trackpoint>
                    <Trackpoint>
                        <DistanceMeters>21.284954071044922</DistanceMeters>
                        <Time>2019-10-07T13:14:57.310Z</Time>
                        <Position>
                            <LatitudeDegrees>18.4548851</LatitudeDegrees>
                            <LongitudeDegrees>73.8346952</LongitudeDegrees>
                        </Position>
                        <AltitudeMeters>557.519775390625</AltitudeMeters>
                    </Trackpoint>
                    <Trackpoint>
                        <DistanceMeters>21.284954071044922</DistanceMeters>
                        <Time>2019-10-07T13:14:58.312Z</Time>
                        <Position>
                            <LatitudeDegrees>18.4548724</LatitudeDegrees>
                            <LongitudeDegrees>73.8346951</LongitudeDegrees>
                        </Position>
                        <AltitudeMeters>557.52099609375</AltitudeMeters>
                    </Trackpoint>
                    <Trackpoint>
                        <DistanceMeters>116.79378890991211</DistanceMeters>
                        <Time>2019-10-07T13:15:00.308Z</Time>
                        <Position>
                            <LatitudeDegrees>18.4548544</LatitudeDegrees>
                            <LongitudeDegrees>73.834694</LongitudeDegrees>
                        </Position>
                        <AltitudeMeters>557.5223388671875</AltitudeMeters>
                    </Trackpoint>
                    <Trackpoint>
                        <DistanceMeters>116.79378890991211</DistanceMeters>
                        <Time>2019-10-07T13:15:04.786Z</Time>
                        <Position>
                            <LatitudeDegrees>18.4547493</LatitudeDegrees>
                            <LongitudeDegrees>73.8349361</LongitudeDegrees>
                        </Position>
                        <AltitudeMeters>556.8228759765625</AltitudeMeters>
                    </Trackpoint>
                    <Trackpoint>
                        <DistanceMeters>116.79378890991211</DistanceMeters>
                        <Time>2019-10-07T13:15:04.818Z</Time>
                        <Position>
                            <LatitudeDegrees>18.4548083</LatitudeDegrees>
                            <LongitudeDegrees>73.8349058</LongitudeDegrees>
                        </Position>
                        <AltitudeMeters>556.7919921875</AltitudeMeters>
                    </Trackpoint>
                    <Trackpoint>
                        <DistanceMeters>116.79378890991211</DistanceMeters>
                        <Time>2019-10-07T13:15:05.305Z</Time>
                        <Position>
                            <LatitudeDegrees>18.4548262</LatitudeDegrees>
                            <LongitudeDegrees>73.83494</LongitudeDegrees>
                        </Position>
                        <AltitudeMeters>556.843994140625</AltitudeMeters>
                    </Trackpoint>
                    <Trackpoint>
                        <DistanceMeters>116.79378890991211</DistanceMeters>
                        <Time>2019-10-07T13:15:06.305Z</Time>
                        <Position>
                            <LatitudeDegrees>18.4548319</LatitudeDegrees>
                            <LongitudeDegrees>73.8349608</LongitudeDegrees>
                        </Position>
                        <AltitudeMeters>556.9217529296875</AltitudeMeters>
                    </Trackpoint>
                    <Trackpoint>
                        <DistanceMeters>116.79378890991211</DistanceMeters>
                        <Time>2019-10-07T13:15:07.311Z</Time>
                        <Position>
                            <LatitudeDegrees>18.4548339</LatitudeDegrees>
                            <LongitudeDegrees>73.8349792</LongitudeDegrees>
                        </Position>
                        <AltitudeMeters>557.250732421875</AltitudeMeters>
                    </Trackpoint>
                    <Trackpoint>
                        <DistanceMeters>116.79378890991211</DistanceMeters>
                        <Time>2019-10-07T13:15:08.304Z</Time>
                        <Position>
                            <LatitudeDegrees>18.4548181</LatitudeDegrees>
                            <LongitudeDegrees>73.8349856</LongitudeDegrees>
                        </Position>
                        <AltitudeMeters>557.522216796875</AltitudeMeters>
                    </Trackpoint>
                    <Trackpoint>
                        <DistanceMeters>116.79378890991211</DistanceMeters>
                        <Time>2019-10-07T13:15:09.302Z</Time>
                        <Position>
                            <LatitudeDegrees>18.4548057</LatitudeDegrees>
                            <LongitudeDegrees>73.8349959</LongitudeDegrees>
                        </Position>
                        <AltitudeMeters>557.728759765625</AltitudeMeters>
                    </Trackpoint>
                    <Trackpoint>
                        <DistanceMeters>116.79378890991211</DistanceMeters>
                        <Time>2019-10-07T13:15:10.304Z</Time>
                        <Position>
                            <LatitudeDegrees>18.4547896</LatitudeDegrees>
                            <LongitudeDegrees>73.835001</LongitudeDegrees>
                        </Position>
                        <AltitudeMeters>557.313232421875</AltitudeMeters>
                    </Trackpoint>
                    <Trackpoint>
                        <DistanceMeters>116.79378890991211</DistanceMeters>
                        <Time>2019-10-07T13:15:11.304Z</Time>
                        <Position>
                            <LatitudeDegrees>18.4547691</LatitudeDegrees>
                            <LongitudeDegrees>73.8349988</LongitudeDegrees>
                        </Position>
                        <AltitudeMeters>557.260498046875</AltitudeMeters>
                    </Trackpoint>
                    <Trackpoint>
                        <DistanceMeters>116.79378890991211</DistanceMeters>
                        <Time>2019-10-07T13:15:12.302Z</Time>
                        <Position>
                            <LatitudeDegrees>18.4547484</LatitudeDegrees>
                            <LongitudeDegrees>73.8349928</LongitudeDegrees>
                        </Position>
                        <AltitudeMeters>556.4171142578125</AltitudeMeters>
                    </Trackpoint>
                    <Trackpoint>
                        <DistanceMeters>116.79378890991211</DistanceMeters>
                        <Time>2019-10-07T13:15:13.310Z</Time>
                        <Position>
                            <LatitudeDegrees>18.4547381</LatitudeDegrees>
                            <LongitudeDegrees>73.8349504</LongitudeDegrees>
                        </Position>
                        <AltitudeMeters>556.858642578125</AltitudeMeters>
                    </Trackpoint>
                    <Trackpoint>
                        <DistanceMeters>116.79378890991211</DistanceMeters>
                        <Time>2019-10-07T13:15:14.309Z</Time>
                        <Position>
                            <LatitudeDegrees>18.4547296</LatitudeDegrees>
                            <LongitudeDegrees>73.8349039</LongitudeDegrees>
                        </Position>
                        <AltitudeMeters>558.9619140625</AltitudeMeters>
                    </Trackpoint>
                    <Trackpoint>
                        <DistanceMeters>116.79378890991211</DistanceMeters>
                        <Time>2019-10-07T13:15:15.331Z</Time>
                        <Position>
                            <LatitudeDegrees>18.4547229</LatitudeDegrees>
                            <LongitudeDegrees>73.8348675</LongitudeDegrees>
                        </Position>
                        <AltitudeMeters>559.702392578125</AltitudeMeters>
                    </Trackpoint>
                    <Trackpoint>
                        <DistanceMeters>116.79378890991211</DistanceMeters>
                        <Time>2019-10-07T13:15:16.351Z</Time>
                        <Position>
                            <LatitudeDegrees>18.4547161</LatitudeDegrees>
                            <LongitudeDegrees>73.8348398</LongitudeDegrees>
                        </Position>
                        <AltitudeMeters>559.510009765625</AltitudeMeters>
                    </Trackpoint>
                    <Trackpoint>
                        <DistanceMeters>116.79378890991211</DistanceMeters>
                        <Time>2019-10-07T13:15:17.313Z</Time>
                        <Position>
                            <LatitudeDegrees>18.4547108</LatitudeDegrees>
                            <LongitudeDegrees>73.8348142</LongitudeDegrees>
                        </Position>
                        <AltitudeMeters>559.959228515625</AltitudeMeters>
                    </Trackpoint>
                    <Trackpoint>
                        <DistanceMeters>116.79378890991211</DistanceMeters>
                        <Time>2019-10-07T13:15:18.315Z</Time>
                        <Position>
                            <LatitudeDegrees>18.4547048</LatitudeDegrees>
                            <LongitudeDegrees>73.83479</LongitudeDegrees>
                        </Position>
                        <AltitudeMeters>561.039306640625</AltitudeMeters>
                    </Trackpoint>
                    <Trackpoint>
                        <DistanceMeters>116.79378890991211</DistanceMeters>
                        <Time>2019-10-07T13:15:19.304Z</Time>
                        <Position>
                            <LatitudeDegrees>18.4546989</LatitudeDegrees>
                            <LongitudeDegrees>73.8347716</LongitudeDegrees>
                        </Position>
                        <AltitudeMeters>563.207275390625</AltitudeMeters>
                    </Trackpoint>
                    <Trackpoint>
                        <DistanceMeters>116.79378890991211</DistanceMeters>
                        <Time>2019-10-07T13:15:20.331Z</Time>
                        <Position>
                            <LatitudeDegrees>18.4546931</LatitudeDegrees>
                            <LongitudeDegrees>73.8347588</LongitudeDegrees>
                        </Position>
                        <AltitudeMeters>561.735595703125</AltitudeMeters>
                    </Trackpoint>
                    <Trackpoint>
                        <DistanceMeters>116.79378890991211</DistanceMeters>
                        <Time>2019-10-07T13:15:21.327Z</Time>
                        <Position>
                            <LatitudeDegrees>18.4546906</LatitudeDegrees>
                            <LongitudeDegrees>73.8347461</LongitudeDegrees>
                        </Position>
                        <AltitudeMeters>562.3609619140625</AltitudeMeters>
                    </Trackpoint>
                    <Trackpoint>
                        <DistanceMeters>116.79378890991211</DistanceMeters>
                        <Time>2019-10-07T13:15:22.313Z</Time>
                        <Position>
                            <LatitudeDegrees>18.4546902</LatitudeDegrees>
                            <LongitudeDegrees>73.8347356</LongitudeDegrees>
                        </Position>
                        <AltitudeMeters>561.3741455078125</AltitudeMeters>
                    </Trackpoint>
                    <Trackpoint>
                        <DistanceMeters>116.79378890991211</DistanceMeters>
                        <Time>2019-10-07T13:15:23.306Z</Time>
                        <Position>
                            <LatitudeDegrees>18.4546919</LatitudeDegrees>
                            <LongitudeDegrees>73.8347258</LongitudeDegrees>
                        </Position>
                        <AltitudeMeters>559.8359375</AltitudeMeters>
                    </Trackpoint>
                    <Trackpoint>
                        <DistanceMeters>116.79378890991211</DistanceMeters>
                        <Time>2019-10-07T13:15:25.305Z</Time>
                        <Position>
                            <LatitudeDegrees>18.4547102</LatitudeDegrees>
                            <LongitudeDegrees>73.834717</LongitudeDegrees>
                        </Position>
                        <AltitudeMeters>561.3157958984375</AltitudeMeters>
                    </Trackpoint>
                    <Trackpoint>
                        <DistanceMeters>116.79378890991211</DistanceMeters>
                        <Time>2019-10-07T13:15:26.309Z</Time>
                        <Position>
                            <LatitudeDegrees>18.4547245</LatitudeDegrees>
                            <LongitudeDegrees>73.8347164</LongitudeDegrees>
                        </Position>
                        <AltitudeMeters>558.969482421875</AltitudeMeters>
                    </Trackpoint>
                    <Trackpoint>
                        <DistanceMeters>116.79378890991211</DistanceMeters>
                        <Time>2019-10-07T13:15:27.305Z</Time>
                        <Position>
                            <LatitudeDegrees>18.4547387</LatitudeDegrees>
                            <LongitudeDegrees>73.8347166</LongitudeDegrees>
                        </Position>
                        <AltitudeMeters>559.414306640625</AltitudeMeters>
                    </Trackpoint>
                    <Trackpoint>
                        <DistanceMeters>116.79378890991211</DistanceMeters>
                        <Time>2019-10-07T13:15:28.304Z</Time>
                        <Position>
                            <LatitudeDegrees>18.4547582</LatitudeDegrees>
                            <LongitudeDegrees>73.8347175</LongitudeDegrees>
                        </Position>
                        <AltitudeMeters>559.3984375</AltitudeMeters>
                    </Trackpoint>
                    <Trackpoint>
                        <DistanceMeters>116.79378890991211</DistanceMeters>
                        <Time>2019-10-07T13:15:29.304Z</Time>
                        <Position>
                            <LatitudeDegrees>18.4547872</LatitudeDegrees>
                            <LongitudeDegrees>73.8347189</LongitudeDegrees>
                        </Position>
                        <AltitudeMeters>559.390625</AltitudeMeters>
                    </Trackpoint>
                    <Trackpoint>
                        <DistanceMeters>136.55303382873535</DistanceMeters>
                        <Time>2019-10-07T13:15:30.307Z</Time>
                        <Position>
                            <LatitudeDegrees>18.4548031</LatitudeDegrees>
                            <LongitudeDegrees>73.83472</LongitudeDegrees>
                        </Position>
                        <AltitudeMeters>559.723876953125</AltitudeMeters>
                    </Trackpoint>
                    <Trackpoint>
                        <DistanceMeters>136.55303382873535</DistanceMeters>
                        <Time>2019-10-07T13:15:31.308Z</Time>
                        <Position>
                            <LatitudeDegrees>18.4548141</LatitudeDegrees>
                            <LongitudeDegrees>73.8347216</LongitudeDegrees>
                        </Position>
                        <AltitudeMeters>557.07861328125</AltitudeMeters>
                    </Trackpoint>
                    <Trackpoint>
                        <DistanceMeters>136.55303382873535</DistanceMeters>
                        <Time>2019-10-07T13:15:32.308Z</Time>
                        <Position>
                            <LatitudeDegrees>18.4548234</LatitudeDegrees>
                            <LongitudeDegrees>73.8347233</LongitudeDegrees>
                        </Position>
                        <AltitudeMeters>557.162109375</AltitudeMeters>
                    </Trackpoint>
                    <Trackpoint>
                        <DistanceMeters>136.55303382873535</DistanceMeters>
                        <Time>2019-10-07T13:15:33.309Z</Time>
                        <Position>
                            <LatitudeDegrees>18.4548366</LatitudeDegrees>
                            <LongitudeDegrees>73.8347267</LongitudeDegrees>
                        </Position>
                        <AltitudeMeters>555.721923828125</AltitudeMeters>
                    </Trackpoint>
                    <Trackpoint>
                        <DistanceMeters>136.55303382873535</DistanceMeters>
                        <Time>2019-10-07T13:15:34.304Z</Time>
                        <Position>
                            <LatitudeDegrees>18.4548493</LatitudeDegrees>
                            <LongitudeDegrees>73.8347307</LongitudeDegrees>
                        </Position>
                        <AltitudeMeters>555.7041015625</AltitudeMeters>
                    </Trackpoint>
                    <Trackpoint>
                        <DistanceMeters>136.55303382873535</DistanceMeters>
                        <Time>2019-10-07T13:15:36.303Z</Time>
                        <Position>
                            <LatitudeDegrees>18.4548618</LatitudeDegrees>
                            <LongitudeDegrees>73.8347352</LongitudeDegrees>
                        </Position>
                        <AltitudeMeters>555.7021484375</AltitudeMeters>
                    </Trackpoint>
                    <Trackpoint>
                        <DistanceMeters>136.55303382873535</DistanceMeters>
                        <Time>2019-10-07T13:15:42.324Z</Time>
                        <Position>
                            <LatitudeDegrees>18.4548674</LatitudeDegrees>
                            <LongitudeDegrees>73.8347237</LongitudeDegrees>
                        </Position>
                        <AltitudeMeters>554.603271484375</AltitudeMeters>
                    </Trackpoint>
                    <Trackpoint>
                        <DistanceMeters>136.55303382873535</DistanceMeters>
                        <Time>2019-10-07T13:15:44.313Z</Time>
                        <Position>
                            <LatitudeDegrees>18.4548781</LatitudeDegrees>
                            <LongitudeDegrees>73.8347176</LongitudeDegrees>
                        </Position>
                        <AltitudeMeters>553.9290771484375</AltitudeMeters>
                    </Trackpoint>
                    <Trackpoint>
                        <DistanceMeters>136.55303382873535</DistanceMeters>
                        <Time>2019-10-07T13:15:46.329Z</Time>
                        <Position>
                            <LatitudeDegrees>18.4548897</LatitudeDegrees>
                            <LongitudeDegrees>73.8347171</LongitudeDegrees>
                        </Position>
                        <AltitudeMeters>555.403076171875</AltitudeMeters>
                    </Trackpoint>
                    <Trackpoint>
                        <DistanceMeters>136.55303382873535</DistanceMeters>
                        <Time>2019-10-07T13:15:48.308Z</Time>
                        <Position>
                            <LatitudeDegrees>18.4548995</LatitudeDegrees>
                            <LongitudeDegrees>73.834722</LongitudeDegrees>
                        </Position>
                        <AltitudeMeters>553.111328125</AltitudeMeters>
                    </Trackpoint>
                    <Trackpoint>
                        <DistanceMeters>136.55303382873535</DistanceMeters>
                        <Time>2019-10-07T13:15:50.307Z</Time>
                        <Position>
                            <LatitudeDegrees>18.4549114</LatitudeDegrees>
                            <LongitudeDegrees>73.8347254</LongitudeDegrees>
                        </Position>
                        <AltitudeMeters>554.792724609375</AltitudeMeters>
                    </Trackpoint>
                    <Trackpoint>
                        <DistanceMeters>136.55303382873535</DistanceMeters>
                        <Time>2019-10-07T13:15:55.311Z</Time>
                        <Position>
                            <LatitudeDegrees>18.4549065</LatitudeDegrees>
                            <LongitudeDegrees>73.8347363</LongitudeDegrees>
                        </Position>
                        <AltitudeMeters>554.9384765625</AltitudeMeters>
                    </Trackpoint>
                    <Trackpoint>
                        <DistanceMeters>136.55303382873535</DistanceMeters>
                        <Time>2019-10-07T13:15:56.312Z</Time>
                        <Position>
                            <LatitudeDegrees>18.4548979</LatitudeDegrees>
                            <LongitudeDegrees>73.834744</LongitudeDegrees>
                        </Position>
                        <AltitudeMeters>554.464599609375</AltitudeMeters>
                    </Trackpoint>
                    <Trackpoint>
                        <DistanceMeters>136.55303382873535</DistanceMeters>
                        <Time>2019-10-07T13:15:58.310Z</Time>
                        <Position>
                            <LatitudeDegrees>18.4548872</LatitudeDegrees>
                            <LongitudeDegrees>73.8347519</LongitudeDegrees>
                        </Position>
                        <AltitudeMeters>553.98974609375</AltitudeMeters>
                    </Trackpoint>
                    <Trackpoint>
                        <DistanceMeters>158.18292045593262</DistanceMeters>
                        <Time>2019-10-07T13:16:00.318Z</Time>
                        <Position>
                            <LatitudeDegrees>18.4548747</LatitudeDegrees>
                            <LongitudeDegrees>73.8347527</LongitudeDegrees>
                        </Position>
                        <AltitudeMeters>552.787109375</AltitudeMeters>
                    </Trackpoint>
                    <Trackpoint>
                        <DistanceMeters>158.18292045593262</DistanceMeters>
                        <Time>2019-10-07T13:16:02.303Z</Time>
                        <Position>
                            <LatitudeDegrees>18.4548606</LatitudeDegrees>
                            <LongitudeDegrees>73.8347532</LongitudeDegrees>
                        </Position>
                        <AltitudeMeters>553.086669921875</AltitudeMeters>
                    </Trackpoint>
                    <Trackpoint>
                        <DistanceMeters>158.18292045593262</DistanceMeters>
                        <Time>2019-10-07T13:16:04.309Z</Time>
                        <Position>
                            <LatitudeDegrees>18.4548514</LatitudeDegrees>
                            <LongitudeDegrees>73.8347548</LongitudeDegrees>
                        </Position>
                        <AltitudeMeters>553.407958984375</AltitudeMeters>
                    </Trackpoint>
                    <Trackpoint>
                        <DistanceMeters>158.18292045593262</DistanceMeters>
                        <Time>2019-10-07T13:16:07.333Z</Time>
                        <Position>
                            <LatitudeDegrees>18.4548381</LatitudeDegrees>
                            <LongitudeDegrees>73.834758</LongitudeDegrees>
                        </Position>
                        <AltitudeMeters>554.4979248046875</AltitudeMeters>
                    </Trackpoint>
                    <Trackpoint>
                        <DistanceMeters>158.18292045593262</DistanceMeters>
                        <Time>2019-10-07T13:16:11.307Z</Time>
                        <Position>
                            <LatitudeDegrees>18.4548256</LatitudeDegrees>
                            <LongitudeDegrees>73.8347564</LongitudeDegrees>
                        </Position>
                        <AltitudeMeters>551.13720703125</AltitudeMeters>
                    </Trackpoint>
                    <Trackpoint>
                        <DistanceMeters>158.18292045593262</DistanceMeters>
                        <Time>2019-10-07T13:16:14.336Z</Time>
                        <Position>
                            <LatitudeDegrees>18.4548436</LatitudeDegrees>
                            <LongitudeDegrees>73.8347548</LongitudeDegrees>
                        </Position>
                        <AltitudeMeters>551.037109375</AltitudeMeters>
                    </Trackpoint>
                    <Trackpoint>
                        <DistanceMeters>158.18292045593262</DistanceMeters>
                        <Time>2019-10-07T13:16:15.305Z</Time>
                        <Position>
                            <LatitudeDegrees>18.4548554</LatitudeDegrees>
                            <LongitudeDegrees>73.8347554</LongitudeDegrees>
                        </Position>
                        <AltitudeMeters>553.926025390625</AltitudeMeters>
                    </Trackpoint>
                    <Trackpoint>
                        <DistanceMeters>158.18292045593262</DistanceMeters>
                        <Time>2019-10-07T13:16:16.308Z</Time>
                        <Position>
                            <LatitudeDegrees>18.4548663</LatitudeDegrees>
                            <LongitudeDegrees>73.8347572</LongitudeDegrees>
                        </Position>
                        <AltitudeMeters>551.25</AltitudeMeters>
                    </Trackpoint>
                    <Trackpoint>
                        <DistanceMeters>158.18292045593262</DistanceMeters>
                        <Time>2019-10-07T13:16:17.308Z</Time>
                        <Position>
                            <LatitudeDegrees>18.4548775</LatitudeDegrees>
                            <LongitudeDegrees>73.8347587</LongitudeDegrees>
                        </Position>
                        <AltitudeMeters>551.641357421875</AltitudeMeters>
                    </Trackpoint>
                    <Trackpoint>
                        <DistanceMeters>158.18292045593262</DistanceMeters>
                        <Time>2019-10-07T13:16:18.314Z</Time>
                        <Position>
                            <LatitudeDegrees>18.4548878</LatitudeDegrees>
                            <LongitudeDegrees>73.834758</LongitudeDegrees>
                        </Position>
                        <AltitudeMeters>553.6405029296875</AltitudeMeters>
                    </Trackpoint>
                    <Trackpoint>
                        <DistanceMeters>158.18292045593262</DistanceMeters>
                        <Time>2019-10-07T13:16:20.312Z</Time>
                        <Position>
                            <LatitudeDegrees>18.4549033</LatitudeDegrees>
                            <LongitudeDegrees>73.834755</LongitudeDegrees>
                        </Position>
                        <AltitudeMeters>552.072265625</AltitudeMeters>
                    </Trackpoint>
                    <Trackpoint>
                        <DistanceMeters>158.18292045593262</DistanceMeters>
                        <Time>2019-10-07T13:16:22.312Z</Time>
                        <Position>
                            <LatitudeDegrees>18.4549153</LatitudeDegrees>
                            <LongitudeDegrees>73.8347524</LongitudeDegrees>
                        </Position>
                        <AltitudeMeters>550.5751953125</AltitudeMeters>
                    </Trackpoint>
                    <Trackpoint>
                        <DistanceMeters>158.18292045593262</DistanceMeters>
                        <Time>2019-10-07T13:16:24.310Z</Time>
                        <Position>
                            <LatitudeDegrees>18.4549252</LatitudeDegrees>
                            <LongitudeDegrees>73.8347504</LongitudeDegrees>
                        </Position>
                        <AltitudeMeters>549.6195068359375</AltitudeMeters>
                    </Trackpoint>
                    <Trackpoint>
                        <DistanceMeters>158.18292045593262</DistanceMeters>
                        <Time>2019-10-07T13:16:27.304Z</Time>
                        <Position>
                            <LatitudeDegrees>18.4549367</LatitudeDegrees>
                            <LongitudeDegrees>73.8347568</LongitudeDegrees>
                        </Position>
                        <AltitudeMeters>549.0367431640625</AltitudeMeters>
                    </Trackpoint>
                    <Trackpoint>
                        <DistanceMeters>158.18292045593262</DistanceMeters>
                        <Time>2019-10-07T13:16:29.310Z</Time>
                        <Position>
                            <LatitudeDegrees>18.4549477</LatitudeDegrees>
                            <LongitudeDegrees>73.8347427</LongitudeDegrees>
                        </Position>
                        <AltitudeMeters>549.7442626953125</AltitudeMeters>
                    </Trackpoint>
                    <Trackpoint>
                        <DistanceMeters>196.3153591156006</DistanceMeters>
                        <Time>2019-10-07T13:16:30.313Z</Time>
                        <Position>
                            <LatitudeDegrees>18.454952</LatitudeDegrees>
                            <LongitudeDegrees>73.83473</LongitudeDegrees>
                        </Position>
                        <AltitudeMeters>549.405517578125</AltitudeMeters>
                    </Trackpoint>
                    <Trackpoint>
                        <DistanceMeters>196.3153591156006</DistanceMeters>
                        <Time>2019-10-07T13:16:31.310Z</Time>
                        <Position>
                            <LatitudeDegrees>18.4549597</LatitudeDegrees>
                            <LongitudeDegrees>73.8347188</LongitudeDegrees>
                        </Position>
                        <AltitudeMeters>549.254638671875</AltitudeMeters>
                    </Trackpoint>
                    <Trackpoint>
                        <DistanceMeters>196.3153591156006</DistanceMeters>
                        <Time>2019-10-07T13:16:32.313Z</Time>
                        <Position>
                            <LatitudeDegrees>18.4549732</LatitudeDegrees>
                            <LongitudeDegrees>73.8347118</LongitudeDegrees>
                        </Position>
                        <AltitudeMeters>549.9033203125</AltitudeMeters>
                    </Trackpoint>
                    <Trackpoint>
                        <DistanceMeters>196.3153591156006</DistanceMeters>
                        <Time>2019-10-07T13:16:33.305Z</Time>
                        <Position>
                            <LatitudeDegrees>18.4549891</LatitudeDegrees>
                            <LongitudeDegrees>73.8347113</LongitudeDegrees>
                        </Position>
                        <AltitudeMeters>550.44091796875</AltitudeMeters>
                    </Trackpoint>
                    <Trackpoint>
                        <DistanceMeters>196.3153591156006</DistanceMeters>
                        <Time>2019-10-07T13:16:34.315Z</Time>
                        <Position>
                            <LatitudeDegrees>18.4550037</LatitudeDegrees>
                            <LongitudeDegrees>73.8347174</LongitudeDegrees>
                        </Position>
                        <AltitudeMeters>551.0234375</AltitudeMeters>
                    </Trackpoint>
                    <Trackpoint>
                        <DistanceMeters>196.3153591156006</DistanceMeters>
                        <Time>2019-10-07T13:16:35.311Z</Time>
                        <Position>
                            <LatitudeDegrees>18.4550149</LatitudeDegrees>
                            <LongitudeDegrees>73.8347281</LongitudeDegrees>
                        </Position>
                        <AltitudeMeters>552.1158447265625</AltitudeMeters>
                    </Trackpoint>
                    <Trackpoint>
                        <DistanceMeters>196.3153591156006</DistanceMeters>
                        <Time>2019-10-07T13:16:36.314Z</Time>
                        <Position>
                            <LatitudeDegrees>18.4550222</LatitudeDegrees>
                            <LongitudeDegrees>73.8347416</LongitudeDegrees>
                        </Position>
                        <AltitudeMeters>552.91845703125</AltitudeMeters>
                    </Trackpoint>
                    <Trackpoint>
                        <DistanceMeters>196.3153591156006</DistanceMeters>
                        <Time>2019-10-07T13:16:37.313Z</Time>
                        <Position>
                            <LatitudeDegrees>18.4550239</LatitudeDegrees>
                            <LongitudeDegrees>73.834756</LongitudeDegrees>
                        </Position>
                        <AltitudeMeters>551.2745361328125</AltitudeMeters>
                    </Trackpoint>
                    <Trackpoint>
                        <DistanceMeters>196.3153591156006</DistanceMeters>
                        <Time>2019-10-07T13:16:38.307Z</Time>
                        <Position>
                            <LatitudeDegrees>18.4550187</LatitudeDegrees>
                            <LongitudeDegrees>73.8347694</LongitudeDegrees>
                        </Position>
                        <AltitudeMeters>550.17822265625</AltitudeMeters>
                    </Trackpoint>
                    <Trackpoint>
                        <DistanceMeters>196.3153591156006</DistanceMeters>
                        <Time>2019-10-07T13:16:39.319Z</Time>
                        <Position>
                            <LatitudeDegrees>18.4550071</LatitudeDegrees>
                            <LongitudeDegrees>73.8347792</LongitudeDegrees>
                        </Position>
                        <AltitudeMeters>550.5751953125</AltitudeMeters>
                    </Trackpoint>
                    <Trackpoint>
                        <DistanceMeters>196.3153591156006</DistanceMeters>
                        <Time>2019-10-07T13:16:40.304Z</Time>
                        <Position>
                            <LatitudeDegrees>18.4549946</LatitudeDegrees>
                            <LongitudeDegrees>73.8347855</LongitudeDegrees>
                        </Position>
                        <AltitudeMeters>550.71826171875</AltitudeMeters>
                    </Trackpoint>
                    <Trackpoint>
                        <DistanceMeters>196.3153591156006</DistanceMeters>
                        <Time>2019-10-07T13:16:41.308Z</Time>
                        <Position>
                            <LatitudeDegrees>18.4549823</LatitudeDegrees>
                            <LongitudeDegrees>73.8347898</LongitudeDegrees>
                        </Position>
                        <AltitudeMeters>550.07861328125</AltitudeMeters>
                    </Trackpoint>
                    <Trackpoint>
                        <DistanceMeters>196.3153591156006</DistanceMeters>
                        <Time>2019-10-07T13:16:42.308Z</Time>
                        <Position>
                            <LatitudeDegrees>18.4549712</LatitudeDegrees>
                            <LongitudeDegrees>73.8347908</LongitudeDegrees>
                        </Position>
                        <AltitudeMeters>551.467529296875</AltitudeMeters>
                    </Trackpoint>
                    <Trackpoint>
                        <DistanceMeters>196.3153591156006</DistanceMeters>
                        <Time>2019-10-07T13:16:43.306Z</Time>
                        <Position>
                            <LatitudeDegrees>18.4549606</LatitudeDegrees>
                            <LongitudeDegrees>73.8347899</LongitudeDegrees>
                        </Position>
                        <AltitudeMeters>551.4918212890625</AltitudeMeters>
                    </Trackpoint>
                    <Trackpoint>
                        <DistanceMeters>196.3153591156006</DistanceMeters>
                        <Time>2019-10-07T13:16:44.305Z</Time>
                        <Position>
                            <LatitudeDegrees>18.4549506</LatitudeDegrees>
                            <LongitudeDegrees>73.8347872</LongitudeDegrees>
                        </Position>
                        <AltitudeMeters>551.8731689453125</AltitudeMeters>
                    </Trackpoint>
                    <Trackpoint>
                        <DistanceMeters>196.3153591156006</DistanceMeters>
                        <Time>2019-10-07T13:16:45.304Z</Time>
                        <Position>
                            <LatitudeDegrees>18.4549411</LatitudeDegrees>
                            <LongitudeDegrees>73.8347849</LongitudeDegrees>
                        </Position>
                        <AltitudeMeters>550.718994140625</AltitudeMeters>
                    </Trackpoint>
                    <Trackpoint>
                        <DistanceMeters>196.3153591156006</DistanceMeters>
                        <Time>2019-10-07T13:16:46.314Z</Time>
                        <Position>
                            <LatitudeDegrees>18.4549318</LatitudeDegrees>
                            <LongitudeDegrees>73.8347822</LongitudeDegrees>
                        </Position>
                        <AltitudeMeters>551.865966796875</AltitudeMeters>
                    </Trackpoint>
                    <Trackpoint>
                        <DistanceMeters>196.3153591156006</DistanceMeters>
                        <Time>2019-10-07T13:16:48.309Z</Time>
                        <Position>
                            <LatitudeDegrees>18.4549139</LatitudeDegrees>
                            <LongitudeDegrees>73.8347796</LongitudeDegrees>
                        </Position>
                        <AltitudeMeters>550.244873046875</AltitudeMeters>
                    </Trackpoint>
                    <Trackpoint>
                        <DistanceMeters>196.3153591156006</DistanceMeters>
                        <Time>2019-10-07T13:16:49.313Z</Time>
                        <Position>
                            <LatitudeDegrees>18.4549047</LatitudeDegrees>
                            <LongitudeDegrees>73.8347782</LongitudeDegrees>
                        </Position>
                        <AltitudeMeters>550.51220703125</AltitudeMeters>
                    </Trackpoint>
                    <Trackpoint>
                        <DistanceMeters>196.3153591156006</DistanceMeters>
                        <Time>2019-10-07T13:16:50.315Z</Time>
                        <Position>
                            <LatitudeDegrees>18.4548958</LatitudeDegrees>
                            <LongitudeDegrees>73.8347761</LongitudeDegrees>
                        </Position>
                        <AltitudeMeters>551.2080078125</AltitudeMeters>
                    </Trackpoint>
                    <Trackpoint>
                        <DistanceMeters>196.3153591156006</DistanceMeters>
                        <Time>2019-10-07T13:16:51.311Z</Time>
                        <Position>
                            <LatitudeDegrees>18.4548871</LatitudeDegrees>
                            <LongitudeDegrees>73.8347733</LongitudeDegrees>
                        </Position>
                        <AltitudeMeters>552.658203125</AltitudeMeters>
                    </Trackpoint>
                    <Trackpoint>
                        <DistanceMeters>196.3153591156006</DistanceMeters>
                        <Time>2019-10-07T13:16:52.310Z</Time>
                        <Position>
                            <LatitudeDegrees>18.4548788</LatitudeDegrees>
                            <LongitudeDegrees>73.8347687</LongitudeDegrees>
                        </Position>
                        <AltitudeMeters>552.2333984375</AltitudeMeters>
                    </Trackpoint>
                    <Trackpoint>
                        <DistanceMeters>196.3153591156006</DistanceMeters>
                        <Time>2019-10-07T13:16:53.307Z</Time>
                        <Position>
                            <LatitudeDegrees>18.4548708</LatitudeDegrees>
                            <LongitudeDegrees>73.8347632</LongitudeDegrees>
                        </Position>
                        <AltitudeMeters>550.802001953125</AltitudeMeters>
                    </Trackpoint>
                    <Trackpoint>
                        <DistanceMeters>196.3153591156006</DistanceMeters>
                        <Time>2019-10-07T13:16:55.316Z</Time>
                        <Position>
                            <LatitudeDegrees>18.4548561</LatitudeDegrees>
                            <LongitudeDegrees>73.8347541</LongitudeDegrees>
                        </Position>
                        <AltitudeMeters>550.55078125</AltitudeMeters>
                    </Trackpoint>
                    <Trackpoint>
                        <DistanceMeters>196.3153591156006</DistanceMeters>
                        <Time>2019-10-07T13:16:57.311Z</Time>
                        <Position>
                            <LatitudeDegrees>18.4548441</LatitudeDegrees>
                            <LongitudeDegrees>73.8347463</LongitudeDegrees>
                        </Position>
                        <AltitudeMeters>550.69140625</AltitudeMeters>
                    </Trackpoint>
                    <Trackpoint>
                        <DistanceMeters>196.3153591156006</DistanceMeters>
                        <Time>2019-10-07T13:16:59.313Z</Time>
                        <Position>
                            <LatitudeDegrees>18.4548363</LatitudeDegrees>
                            <LongitudeDegrees>73.8347315</LongitudeDegrees>
                        </Position>
                        <AltitudeMeters>550.77197265625</AltitudeMeters>
                    </Trackpoint>
                    <Trackpoint>
                        <DistanceMeters>234.18939018249512</DistanceMeters>
                        <Time>2019-10-07T13:17:01.307Z</Time>
                        <Position>
                            <LatitudeDegrees>18.4548302</LatitudeDegrees>
                            <LongitudeDegrees>73.8347219</LongitudeDegrees>
                        </Position>
                        <AltitudeMeters>550.142578125</AltitudeMeters>
                    </Trackpoint>
                    <Trackpoint>
                        <DistanceMeters>234.18939018249512</DistanceMeters>
                        <Time>2019-10-07T13:17:03.315Z</Time>
                        <Position>
                            <LatitudeDegrees>18.4548322</LatitudeDegrees>
                            <LongitudeDegrees>73.8347079</LongitudeDegrees>
                        </Position>
                        <AltitudeMeters>551.343017578125</AltitudeMeters>
                    </Trackpoint>
                    <Trackpoint>
                        <DistanceMeters>234.18939018249512</DistanceMeters>
                        <Time>2019-10-07T13:17:04.310Z</Time>
                        <Position>
                            <LatitudeDegrees>18.4548421</LatitudeDegrees>
                            <LongitudeDegrees>73.8346982</LongitudeDegrees>
                        </Position>
                        <AltitudeMeters>553.318603515625</AltitudeMeters>
                    </Trackpoint>
                    <Trackpoint>
                        <DistanceMeters>234.18939018249512</DistanceMeters>
                        <Time>2019-10-07T13:17:05.302Z</Time>
                        <Position>
                            <LatitudeDegrees>18.4548567</LatitudeDegrees>
                            <LongitudeDegrees>73.8346911</LongitudeDegrees>
                        </Position>
                        <AltitudeMeters>553.34521484375</AltitudeMeters>
                    </Trackpoint>
                    <Trackpoint>
                        <DistanceMeters>234.18939018249512</DistanceMeters>
                        <Time>2019-10-07T13:17:06.310Z</Time>
                        <Position>
                            <LatitudeDegrees>18.4548733</LatitudeDegrees>
                            <LongitudeDegrees>73.8346876</LongitudeDegrees>
                        </Position>
                        <AltitudeMeters>553.9189453125</AltitudeMeters>
                    </Trackpoint>
                    <Trackpoint>
                        <DistanceMeters>234.18939018249512</DistanceMeters>
                        <Time>2019-10-07T13:17:07.309Z</Time>
                        <Position>
                            <LatitudeDegrees>18.45489</LatitudeDegrees>
                            <LongitudeDegrees>73.8346891</LongitudeDegrees>
                        </Position>
                        <AltitudeMeters>552.3126220703125</AltitudeMeters>
                    </Trackpoint>
                    <Trackpoint>
                        <DistanceMeters>234.18939018249512</DistanceMeters>
                        <Time>2019-10-07T13:17:08.306Z</Time>
                        <Position>
                            <LatitudeDegrees>18.4549059</LatitudeDegrees>
                            <LongitudeDegrees>73.8346957</LongitudeDegrees>
                        </Position>
                        <AltitudeMeters>552.052001953125</AltitudeMeters>
                    </Trackpoint>
                    <Trackpoint>
                        <DistanceMeters>234.18939018249512</DistanceMeters>
                        <Time>2019-10-07T13:17:09.309Z</Time>
                        <Position>
                            <LatitudeDegrees>18.4549204</LatitudeDegrees>
                            <LongitudeDegrees>73.834704</LongitudeDegrees>
                        </Position>
                        <AltitudeMeters>551.76025390625</AltitudeMeters>
                    </Trackpoint>
                    <Trackpoint>
                        <DistanceMeters>234.18939018249512</DistanceMeters>
                        <Time>2019-10-07T13:17:10.313Z</Time>
                        <Position>
                            <LatitudeDegrees>18.4549338</LatitudeDegrees>
                            <LongitudeDegrees>73.834712</LongitudeDegrees>
                        </Position>
                        <AltitudeMeters>551.259033203125</AltitudeMeters>
                    </Trackpoint>
                    <Trackpoint>
                        <DistanceMeters>234.18939018249512</DistanceMeters>
                        <Time>2019-10-07T13:17:11.302Z</Time>
                        <Position>
                            <LatitudeDegrees>18.4549471</LatitudeDegrees>
                            <LongitudeDegrees>73.8347154</LongitudeDegrees>
                        </Position>
                        <AltitudeMeters>551.09228515625</AltitudeMeters>
                    </Trackpoint>
                    <Trackpoint>
                        <DistanceMeters>234.18939018249512</DistanceMeters>
                        <Time>2019-10-07T13:17:12.318Z</Time>
                        <Position>
                            <LatitudeDegrees>18.4549584</LatitudeDegrees>
                            <LongitudeDegrees>73.8347144</LongitudeDegrees>
                        </Position>
                        <AltitudeMeters>550.665771484375</AltitudeMeters>
                    </Trackpoint>
                    <Trackpoint>
                        <DistanceMeters>234.18939018249512</DistanceMeters>
                        <Time>2019-10-07T13:17:13.308Z</Time>
                        <Position>
                            <LatitudeDegrees>18.4549678</LatitudeDegrees>
                            <LongitudeDegrees>73.8347103</LongitudeDegrees>
                        </Position>
                        <AltitudeMeters>550.727294921875</AltitudeMeters>
                    </Trackpoint>
                    <Trackpoint>
                        <DistanceMeters>234.18939018249512</DistanceMeters>
                        <Time>2019-10-07T13:17:14.309Z</Time>
                        <Position>
                            <LatitudeDegrees>18.4549777</LatitudeDegrees>
                            <LongitudeDegrees>73.8347075</LongitudeDegrees>
                        </Position>
                        <AltitudeMeters>550.5150146484375</AltitudeMeters>
                    </Trackpoint>
                    <Trackpoint>
                        <DistanceMeters>234.18939018249512</DistanceMeters>
                        <Time>2019-10-07T13:17:15.317Z</Time>
                        <Position>
                            <LatitudeDegrees>18.4549885</LatitudeDegrees>
                            <LongitudeDegrees>73.8347081</LongitudeDegrees>
                        </Position>
                        <AltitudeMeters>550.39208984375</AltitudeMeters>
                    </Trackpoint>
                    <Trackpoint>
                        <DistanceMeters>234.18939018249512</DistanceMeters>
                        <Time>2019-10-07T13:17:16.314Z</Time>
                        <Position>
                            <LatitudeDegrees>18.454999</LatitudeDegrees>
                            <LongitudeDegrees>73.8347125</LongitudeDegrees>
                        </Position>
                        <AltitudeMeters>550.402099609375</AltitudeMeters>
                    </Trackpoint>
                    <Trackpoint>
                        <DistanceMeters>234.18939018249512</DistanceMeters>
                        <Time>2019-10-07T13:17:17.316Z</Time>
                        <Position>
                            <LatitudeDegrees>18.4550085</LatitudeDegrees>
                            <LongitudeDegrees>73.8347171</LongitudeDegrees>
                        </Position>
                        <AltitudeMeters>550.80908203125</AltitudeMeters>
                    </Trackpoint>
                    <Trackpoint>
                        <DistanceMeters>234.18939018249512</DistanceMeters>
                        <Time>2019-10-07T13:17:18.308Z</Time>
                        <Position>
                            <LatitudeDegrees>18.4550182</LatitudeDegrees>
                            <LongitudeDegrees>73.8347204</LongitudeDegrees>
                        </Position>
                        <AltitudeMeters>551.0047607421875</AltitudeMeters>
                    </Trackpoint>
                    <Trackpoint>
                        <DistanceMeters>234.18939018249512</DistanceMeters>
                        <Time>2019-10-07T13:17:19.305Z</Time>
                        <Position>
                            <LatitudeDegrees>18.4550278</LatitudeDegrees>
                            <LongitudeDegrees>73.8347229</LongitudeDegrees>
                        </Position>
                        <AltitudeMeters>551.355712890625</AltitudeMeters>
                    </Trackpoint>
                    <Trackpoint>
                        <DistanceMeters>234.18939018249512</DistanceMeters>
                        <Time>2019-10-07T13:17:20.301Z</Time>
                        <Position>
                            <LatitudeDegrees>18.4550373</LatitudeDegrees>
                            <LongitudeDegrees>73.8347257</LongitudeDegrees>
                        </Position>
                        <AltitudeMeters>551.898193359375</AltitudeMeters>
                    </Trackpoint>
                    <Trackpoint>
                        <DistanceMeters>234.18939018249512</DistanceMeters>
                        <Time>2019-10-07T13:17:21.303Z</Time>
                        <Position>
                            <LatitudeDegrees>18.4550465</LatitudeDegrees>
                            <LongitudeDegrees>73.8347289</LongitudeDegrees>
                        </Position>
                        <AltitudeMeters>551.752685546875</AltitudeMeters>
                    </Trackpoint>
                    <Trackpoint>
                        <DistanceMeters>234.18939018249512</DistanceMeters>
                        <Time>2019-10-07T13:17:22.312Z</Time>
                        <Position>
                            <LatitudeDegrees>18.4550557</LatitudeDegrees>
                            <LongitudeDegrees>73.8347319</LongitudeDegrees>
                        </Position>
                        <AltitudeMeters>551.901123046875</AltitudeMeters>
                    </Trackpoint>
                    <Trackpoint>
                        <DistanceMeters>234.18939018249512</DistanceMeters>
                        <Time>2019-10-07T13:17:23.311Z</Time>
                        <Position>
                            <LatitudeDegrees>18.4550645</LatitudeDegrees>
                            <LongitudeDegrees>73.8347356</LongitudeDegrees>
                        </Position>
                        <AltitudeMeters>552.4163818359375</AltitudeMeters>
                    </Trackpoint>
                    <Trackpoint>
                        <DistanceMeters>234.18939018249512</DistanceMeters>
                        <Time>2019-10-07T13:17:24.309Z</Time>
                        <Position>
                            <LatitudeDegrees>18.4550732</LatitudeDegrees>
                            <LongitudeDegrees>73.83474</LongitudeDegrees>
                        </Position>
                        <AltitudeMeters>552.6748046875</AltitudeMeters>
                    </Trackpoint>
                    <Trackpoint>
                        <DistanceMeters>234.18939018249512</DistanceMeters>
                        <Time>2019-10-07T13:17:25.308Z</Time>
                        <Position>
                            <LatitudeDegrees>18.4550824</LatitudeDegrees>
                            <LongitudeDegrees>73.8347441</LongitudeDegrees>
                        </Position>
                        <AltitudeMeters>552.4527587890625</AltitudeMeters>
                    </Trackpoint>
                    <Trackpoint>
                        <DistanceMeters>234.18939018249512</DistanceMeters>
                        <Time>2019-10-07T13:17:26.311Z</Time>
                        <Position>
                            <LatitudeDegrees>18.4550914</LatitudeDegrees>
                            <LongitudeDegrees>73.8347458</LongitudeDegrees>
                        </Position>
                        <AltitudeMeters>552.576171875</AltitudeMeters>
                    </Trackpoint>
                    <Trackpoint>
                        <DistanceMeters>234.18939018249512</DistanceMeters>
                        <Time>2019-10-07T13:17:27.305Z</Time>
                        <Position>
                            <LatitudeDegrees>18.4551003</LatitudeDegrees>
                            <LongitudeDegrees>73.8347476</LongitudeDegrees>
                        </Position>
                        <AltitudeMeters>553.620361328125</AltitudeMeters>
                    </Trackpoint>
                    <Trackpoint>
                        <DistanceMeters>234.18939018249512</DistanceMeters>
                        <Time>2019-10-07T13:17:28.311Z</Time>
                        <Position>
                            <LatitudeDegrees>18.4551093</LatitudeDegrees>
                            <LongitudeDegrees>73.8347505</LongitudeDegrees>
                        </Position>
                        <AltitudeMeters>554.443115234375</AltitudeMeters>
                    </Trackpoint>
                    <Trackpoint>
                        <DistanceMeters>234.18939018249512</DistanceMeters>
                        <Time>2019-10-07T13:17:29.311Z</Time>
                        <Position>
                            <LatitudeDegrees>18.455118</LatitudeDegrees>
                            <LongitudeDegrees>73.8347558</LongitudeDegrees>
                        </Position>
                        <AltitudeMeters>553.698974609375</AltitudeMeters>
                    </Trackpoint>
                    <Trackpoint>
                        <DistanceMeters>289.0449695587158</DistanceMeters>
                        <Time>2019-10-07T13:17:30.307Z</Time>
                        <Position>
                            <LatitudeDegrees>18.455126</LatitudeDegrees>
                            <LongitudeDegrees>73.8347636</LongitudeDegrees>
                        </Position>
                        <AltitudeMeters>554.83740234375</AltitudeMeters>
                    </Trackpoint>
                    <Trackpoint>
                        <DistanceMeters>289.0449695587158</DistanceMeters>
                        <Time>2019-10-07T13:17:31.311Z</Time>
                        <Position>
                            <LatitudeDegrees>18.4551335</LatitudeDegrees>
                            <LongitudeDegrees>73.8347718</LongitudeDegrees>
                        </Position>
                        <AltitudeMeters>555.5159912109375</AltitudeMeters>
                    </Trackpoint>
                    <Trackpoint>
                        <DistanceMeters>289.0449695587158</DistanceMeters>
                        <Time>2019-10-07T13:17:32.304Z</Time>
                        <Position>
                            <LatitudeDegrees>18.4551406</LatitudeDegrees>
                            <LongitudeDegrees>73.8347799</LongitudeDegrees>
                        </Position>
                        <AltitudeMeters>555.9915771484375</AltitudeMeters>
                    </Trackpoint>
                    <Trackpoint>
                        <DistanceMeters>289.0449695587158</DistanceMeters>
                        <Time>2019-10-07T13:17:33.303Z</Time>
                        <Position>
                            <LatitudeDegrees>18.4551474</LatitudeDegrees>
                            <LongitudeDegrees>73.8347877</LongitudeDegrees>
                        </Position>
                        <AltitudeMeters>556.147216796875</AltitudeMeters>
                    </Trackpoint>
                    <Trackpoint>
                        <DistanceMeters>289.0449695587158</DistanceMeters>
                        <Time>2019-10-07T13:17:34.304Z</Time>
                        <Position>
                            <LatitudeDegrees>18.4551542</LatitudeDegrees>
                            <LongitudeDegrees>73.8347953</LongitudeDegrees>
                        </Position>
                        <AltitudeMeters>555.859130859375</AltitudeMeters>
                    </Trackpoint>
                    <Trackpoint>
                        <DistanceMeters>289.0449695587158</DistanceMeters>
                        <Time>2019-10-07T13:17:36.305Z</Time>
                        <Position>
                            <LatitudeDegrees>18.4551669</LatitudeDegrees>
                            <LongitudeDegrees>73.8348065</LongitudeDegrees>
                        </Position>
                        <AltitudeMeters>555.936279296875</AltitudeMeters>
                    </Trackpoint>
                    <Trackpoint>
                        <DistanceMeters>289.0449695587158</DistanceMeters>
                        <Time>2019-10-07T13:17:38.317Z</Time>
                        <Position>
                            <LatitudeDegrees>18.4551759</LatitudeDegrees>
                            <LongitudeDegrees>73.8348164</LongitudeDegrees>
                        </Position>
                        <AltitudeMeters>557.3770751953125</AltitudeMeters>
                    </Trackpoint>
                    <Trackpoint>
                        <DistanceMeters>289.0449695587158</DistanceMeters>
                        <Time>2019-10-07T13:17:39.480Z</Time>
                        <Position>
                            <LatitudeDegrees>18.4551852</LatitudeDegrees>
                            <LongitudeDegrees>73.8348157</LongitudeDegrees>
                        </Position>
                        <AltitudeMeters>557.4097900390625</AltitudeMeters>
                    </Trackpoint>
                    <Trackpoint>
                        <DistanceMeters>289.0449695587158</DistanceMeters>
                        <Time>2019-10-07T13:17:42.310Z</Time>
                        <Position>
                            <LatitudeDegrees>18.4552061</LatitudeDegrees>
                            <LongitudeDegrees>73.8347954</LongitudeDegrees>
                        </Position>
                        <AltitudeMeters>557.2958984375</AltitudeMeters>
                    </Trackpoint>
                    <Trackpoint>
                        <DistanceMeters>289.0449695587158</DistanceMeters>
                        <Time>2019-10-07T13:17:43.314Z</Time>
                        <Position>
                            <LatitudeDegrees>18.4552081</LatitudeDegrees>
                            <LongitudeDegrees>73.8347754</LongitudeDegrees>
                        </Position>
                        <AltitudeMeters>557.214599609375</AltitudeMeters>
                    </Trackpoint>
                    <Trackpoint>
                        <DistanceMeters>289.0449695587158</DistanceMeters>
                        <Time>2019-10-07T13:17:44.313Z</Time>
                        <Position>
                            <LatitudeDegrees>18.4552082</LatitudeDegrees>
                            <LongitudeDegrees>73.8347527</LongitudeDegrees>
                        </Position>
                        <AltitudeMeters>557.2376708984375</AltitudeMeters>
                    </Trackpoint>
                    <Trackpoint>
                        <DistanceMeters>289.0449695587158</DistanceMeters>
                        <Time>2019-10-07T13:17:45.319Z</Time>
                        <Position>
                            <LatitudeDegrees>18.455207</LatitudeDegrees>
                            <LongitudeDegrees>73.8347325</LongitudeDegrees>
                        </Position>
                        <AltitudeMeters>557.08251953125</AltitudeMeters>
                    </Trackpoint>
                    <Trackpoint>
                        <DistanceMeters>289.0449695587158</DistanceMeters>
                        <Time>2019-10-07T13:17:46.308Z</Time>
                        <Position>
                            <LatitudeDegrees>18.455201</LatitudeDegrees>
                            <LongitudeDegrees>73.8347092</LongitudeDegrees>
                        </Position>
                        <AltitudeMeters>557.281982421875</AltitudeMeters>
                    </Trackpoint>
                    <Trackpoint>
                        <DistanceMeters>289.0449695587158</DistanceMeters>
                        <Time>2019-10-07T13:17:47.309Z</Time>
                        <Position>
                            <LatitudeDegrees>18.4552141</LatitudeDegrees>
                            <LongitudeDegrees>73.8347602</LongitudeDegrees>
                        </Position>
                        <AltitudeMeters>557.746826171875</AltitudeMeters>
                    </Trackpoint>
                    <Trackpoint>
                        <DistanceMeters>289.0449695587158</DistanceMeters>
                        <Time>2019-10-07T13:17:48.312Z</Time>
                        <Position>
                            <LatitudeDegrees>18.4552221</LatitudeDegrees>
                            <LongitudeDegrees>73.8348004</LongitudeDegrees>
                        </Position>
                        <AltitudeMeters>557.5474853515625</AltitudeMeters>
                    </Trackpoint>
                    <Trackpoint>
                        <DistanceMeters>289.0449695587158</DistanceMeters>
                        <Time>2019-10-07T13:17:49.305Z</Time>
                        <Position>
                            <LatitudeDegrees>18.4552268</LatitudeDegrees>
                            <LongitudeDegrees>73.8348333</LongitudeDegrees>
                        </Position>
                        <AltitudeMeters>557.3701171875</AltitudeMeters>
                    </Trackpoint>
                    <Trackpoint>
                        <DistanceMeters>289.0449695587158</DistanceMeters>
                        <Time>2019-10-07T13:17:50.304Z</Time>
                        <Position>
                            <LatitudeDegrees>18.45523</LatitudeDegrees>
                            <LongitudeDegrees>73.8348585</LongitudeDegrees>
                        </Position>
                        <AltitudeMeters>557.3382568359375</AltitudeMeters>
                    </Trackpoint>
                    <Trackpoint>
                        <DistanceMeters>289.0449695587158</DistanceMeters>
                        <Time>2019-10-07T13:17:51.311Z</Time>
                        <Position>
                            <LatitudeDegrees>18.4552342</LatitudeDegrees>
                            <LongitudeDegrees>73.8348796</LongitudeDegrees>
                        </Position>
                        <AltitudeMeters>557.18212890625</AltitudeMeters>
                    </Trackpoint>
                    <Trackpoint>
                        <DistanceMeters>289.0449695587158</DistanceMeters>
                        <Time>2019-10-07T13:17:52.308Z</Time>
                        <Position>
                            <LatitudeDegrees>18.455239</LatitudeDegrees>
                            <LongitudeDegrees>73.8348984</LongitudeDegrees>
                        </Position>
                        <AltitudeMeters>557.4161376953125</AltitudeMeters>
                    </Trackpoint>
                    <Trackpoint>
                        <DistanceMeters>289.0449695587158</DistanceMeters>
                        <Time>2019-10-07T13:17:53.303Z</Time>
                        <Position>
                            <LatitudeDegrees>18.4552449</LatitudeDegrees>
                            <LongitudeDegrees>73.834917</LongitudeDegrees>
                        </Position>
                        <AltitudeMeters>558.349609375</AltitudeMeters>
                    </Trackpoint>
                    <Trackpoint>
                        <DistanceMeters>289.0449695587158</DistanceMeters>
                        <Time>2019-10-07T13:17:54.311Z</Time>
                        <Position>
                            <LatitudeDegrees>18.4552507</LatitudeDegrees>
                            <LongitudeDegrees>73.8349382</LongitudeDegrees>
                        </Position>
                        <AltitudeMeters>558.590087890625</AltitudeMeters>
                    </Trackpoint>
                    <Trackpoint>
                        <DistanceMeters>289.0449695587158</DistanceMeters>
                        <Time>2019-10-07T13:17:55.305Z</Time>
                        <Position>
                            <LatitudeDegrees>18.4552561</LatitudeDegrees>
                            <LongitudeDegrees>73.8349577</LongitudeDegrees>
                        </Position>
                        <AltitudeMeters>558.9615478515625</AltitudeMeters>
                    </Trackpoint>
                    <Trackpoint>
                        <DistanceMeters>289.0449695587158</DistanceMeters>
                        <Time>2019-10-07T13:17:56.303Z</Time>
                        <Position>
                            <LatitudeDegrees>18.4552615</LatitudeDegrees>
                            <LongitudeDegrees>73.8349731</LongitudeDegrees>
                        </Position>
                        <AltitudeMeters>557.3212890625</AltitudeMeters>
                    </Trackpoint>
                    <Trackpoint>
                        <DistanceMeters>289.0449695587158</DistanceMeters>
                        <Time>2019-10-07T13:17:57.311Z</Time>
                        <Position>
                            <LatitudeDegrees>18.455268</LatitudeDegrees>
                            <LongitudeDegrees>73.834985</LongitudeDegrees>
                        </Position>
                        <AltitudeMeters>557.31005859375</AltitudeMeters>
                    </Trackpoint>
                    <Trackpoint>
                        <DistanceMeters>289.0449695587158</DistanceMeters>
                        <Time>2019-10-07T13:17:58.309Z</Time>
                        <Position>
                            <LatitudeDegrees>18.4552746</LatitudeDegrees>
                            <LongitudeDegrees>73.8349947</LongitudeDegrees>
                        </Position>
                        <AltitudeMeters>557.563232421875</AltitudeMeters>
                    </Trackpoint>
                    <Trackpoint>
                        <DistanceMeters>289.0449695587158</DistanceMeters>
                        <Time>2019-10-07T13:17:59.307Z</Time>
                        <Position>
                            <LatitudeDegrees>18.4552815</LatitudeDegrees>
                            <LongitudeDegrees>73.8350025</LongitudeDegrees>
                        </Position>
                        <AltitudeMeters>557.6640625</AltitudeMeters>
                    </Trackpoint>
                    <Trackpoint>
                        <DistanceMeters>338.1287097930908</DistanceMeters>
                        <Time>2019-10-07T13:18:00.309Z</Time>
                        <Position>
                            <LatitudeDegrees>18.4552878</LatitudeDegrees>
                            <LongitudeDegrees>73.8350099</LongitudeDegrees>
                        </Position>
                        <AltitudeMeters>557.81640625</AltitudeMeters>
                    </Trackpoint>
                    <Trackpoint>
                        <DistanceMeters>338.1287097930908</DistanceMeters>
                        <Time>2019-10-07T13:18:02.307Z</Time>
                        <Position>
                            <LatitudeDegrees>18.4552984</LatitudeDegrees>
                            <LongitudeDegrees>73.8350218</LongitudeDegrees>
                        </Position>
                        <AltitudeMeters>557.7872314453125</AltitudeMeters>
                    </Trackpoint>
                    <Trackpoint>
                        <DistanceMeters>338.1287097930908</DistanceMeters>
                        <Time>2019-10-07T13:18:03.305Z</Time>
                        <Position>
                            <LatitudeDegrees>18.4553061</LatitudeDegrees>
                            <LongitudeDegrees>73.8350272</LongitudeDegrees>
                        </Position>
                        <AltitudeMeters>557.7882080078125</AltitudeMeters>
                    </Trackpoint>
                    <Trackpoint>
                        <DistanceMeters>338.1287097930908</DistanceMeters>
                        <Time>2019-10-07T13:18:13.308Z</Time>
                        <Position>
                            <LatitudeDegrees>18.4553571</LatitudeDegrees>
                            <LongitudeDegrees>73.834915</LongitudeDegrees>
                        </Position>
                        <AltitudeMeters>558.54541015625</AltitudeMeters>
                    </Trackpoint>
                    <Trackpoint>
                        <DistanceMeters>338.1287097930908</DistanceMeters>
                        <Time>2019-10-07T13:18:14.314Z</Time>
                        <Position>
                            <LatitudeDegrees>18.4553774</LatitudeDegrees>
                            <LongitudeDegrees>73.8348522</LongitudeDegrees>
                        </Position>
                        <AltitudeMeters>558.498046875</AltitudeMeters>
                    </Trackpoint>
                    <Trackpoint>
                        <DistanceMeters>338.1287097930908</DistanceMeters>
                        <Time>2019-10-07T13:18:15.310Z</Time>
                        <Position>
                            <LatitudeDegrees>18.4553757</LatitudeDegrees>
                            <LongitudeDegrees>73.8348235</LongitudeDegrees>
                        </Position>
                        <AltitudeMeters>556.2239990234375</AltitudeMeters>
                    </Trackpoint>
                    <Trackpoint>
                        <DistanceMeters>338.1287097930908</DistanceMeters>
                        <Time>2019-10-07T13:18:16.311Z</Time>
                        <Position>
                            <LatitudeDegrees>18.455367</LatitudeDegrees>
                            <LongitudeDegrees>73.8348174</LongitudeDegrees>
                        </Position>
                        <AltitudeMeters>555.2908935546875</AltitudeMeters>
                    </Trackpoint>
                    <Trackpoint>
                        <DistanceMeters>338.1287097930908</DistanceMeters>
                        <Time>2019-10-07T13:18:17.309Z</Time>
                        <Position>
                            <LatitudeDegrees>18.4553573</LatitudeDegrees>
                            <LongitudeDegrees>73.8348212</LongitudeDegrees>
                        </Position>
                        <AltitudeMeters>554.689697265625</AltitudeMeters>
                    </Trackpoint>
                    <Trackpoint>
                        <DistanceMeters>338.1287097930908</DistanceMeters>
                        <Time>2019-10-07T13:18:18.303Z</Time>
                        <Position>
                            <LatitudeDegrees>18.4553472</LatitudeDegrees>
                            <LongitudeDegrees>73.8348277</LongitudeDegrees>
                        </Position>
                        <AltitudeMeters>555.051513671875</AltitudeMeters>
                    </Trackpoint>
                    <Trackpoint>
                        <DistanceMeters>338.1287097930908</DistanceMeters>
                        <Time>2019-10-07T13:18:19.307Z</Time>
                        <Position>
                            <LatitudeDegrees>18.4553343</LatitudeDegrees>
                            <LongitudeDegrees>73.834834</LongitudeDegrees>
                        </Position>
                        <AltitudeMeters>555.145751953125</AltitudeMeters>
                    </Trackpoint>
                    <Trackpoint>
                        <DistanceMeters>338.1287097930908</DistanceMeters>
                        <Time>2019-10-07T13:18:20.306Z</Time>
                        <Position>
                            <LatitudeDegrees>18.45532</LatitudeDegrees>
                            <LongitudeDegrees>73.8348412</LongitudeDegrees>
                        </Position>
                        <AltitudeMeters>555.49169921875</AltitudeMeters>
                    </Trackpoint>
                    <Trackpoint>
                        <DistanceMeters>338.1287097930908</DistanceMeters>
                        <Time>2019-10-07T13:18:21.309Z</Time>
                        <Position>
                            <LatitudeDegrees>18.4553039</LatitudeDegrees>
                            <LongitudeDegrees>73.8348494</LongitudeDegrees>
                        </Position>
                        <AltitudeMeters>555.500244140625</AltitudeMeters>
                    </Trackpoint>
                    <Trackpoint>
                        <DistanceMeters>338.1287097930908</DistanceMeters>
                        <Time>2019-10-07T13:18:26.346Z</Time>
                        <Position>
                            <LatitudeDegrees>18.4552552</LatitudeDegrees>
                            <LongitudeDegrees>73.8348789</LongitudeDegrees>
                        </Position>
                        <AltitudeMeters>555.6220703125</AltitudeMeters>
                    </Trackpoint>
                    <Trackpoint>
                        <DistanceMeters>338.1287097930908</DistanceMeters>
                        <Time>2019-10-07T13:18:27.308Z</Time>
                        <Position>
                            <LatitudeDegrees>18.4552447</LatitudeDegrees>
                            <LongitudeDegrees>73.8348834</LongitudeDegrees>
                        </Position>
                        <AltitudeMeters>555.8519287109375</AltitudeMeters>
                    </Trackpoint>
                    <Trackpoint>
                        <DistanceMeters>338.1287097930908</DistanceMeters>
                        <Time>2019-10-07T13:18:28.301Z</Time>
                        <Position>
                            <LatitudeDegrees>18.4552277</LatitudeDegrees>
                            <LongitudeDegrees>73.8348936</LongitudeDegrees>
                        </Position>
                        <AltitudeMeters>556.1300048828125</AltitudeMeters>
                    </Trackpoint>
                    <Trackpoint>
                        <DistanceMeters>338.1287097930908</DistanceMeters>
                        <Time>2019-10-07T13:18:29.307Z</Time>
                        <Position>
                            <LatitudeDegrees>18.4552063</LatitudeDegrees>
                            <LongitudeDegrees>73.8349028</LongitudeDegrees>
                        </Position>
                        <AltitudeMeters>557.185791015625</AltitudeMeters>
                    </Trackpoint>
                    <Trackpoint>
                        <DistanceMeters>422.73655891418457</DistanceMeters>
                        <Time>2019-10-07T13:18:30.309Z</Time>
                        <Position>
                            <LatitudeDegrees>18.4551846</LatitudeDegrees>
                            <LongitudeDegrees>73.8349102</LongitudeDegrees>
                        </Position>
                        <AltitudeMeters>557.2054443359375</AltitudeMeters>
                    </Trackpoint>
                    <Trackpoint>
                        <DistanceMeters>422.73655891418457</DistanceMeters>
                        <Time>2019-10-07T13:18:34.302Z</Time>
                        <Position>
                            <LatitudeDegrees>18.4551309</LatitudeDegrees>
                            <LongitudeDegrees>73.8349324</LongitudeDegrees>
                        </Position>
                        <AltitudeMeters>556.323486328125</AltitudeMeters>
                    </Trackpoint>
                    <Trackpoint>
                        <DistanceMeters>422.73655891418457</DistanceMeters>
                        <Time>2019-10-07T13:18:35.306Z</Time>
                        <Position>
                            <LatitudeDegrees>18.4550953</LatitudeDegrees>
                            <LongitudeDegrees>73.8349279</LongitudeDegrees>
                        </Position>
                        <AltitudeMeters>556.8447265625</AltitudeMeters>
                    </Trackpoint>
                    <Trackpoint>
                        <DistanceMeters>422.73655891418457</DistanceMeters>
                        <Time>2019-10-07T13:18:36.305Z</Time>
                        <Position>
                            <LatitudeDegrees>18.4550525</LatitudeDegrees>
                            <LongitudeDegrees>73.8348922</LongitudeDegrees>
                        </Position>
                        <AltitudeMeters>556.337890625</AltitudeMeters>
                    </Trackpoint>
                    <Trackpoint>
                        <DistanceMeters>422.73655891418457</DistanceMeters>
                        <Time>2019-10-07T13:18:37.309Z</Time>
                        <Position>
                            <LatitudeDegrees>18.4550138</LatitudeDegrees>
                            <LongitudeDegrees>73.8348626</LongitudeDegrees>
                        </Position>
                        <AltitudeMeters>556.333984375</AltitudeMeters>
                    </Trackpoint>
                    <Trackpoint>
                        <DistanceMeters>422.73655891418457</DistanceMeters>
                        <Time>2019-10-07T13:18:38.310Z</Time>
                        <Position>
                            <LatitudeDegrees>18.4549828</LatitudeDegrees>
                            <LongitudeDegrees>73.8348419</LongitudeDegrees>
                        </Position>
                        <AltitudeMeters>556.26513671875</AltitudeMeters>
                    </Trackpoint>
                    <Trackpoint>
                        <DistanceMeters>422.73655891418457</DistanceMeters>
                        <Time>2019-10-07T13:18:39.306Z</Time>
                        <Position>
                            <LatitudeDegrees>18.4549544</LatitudeDegrees>
                            <LongitudeDegrees>73.8348232</LongitudeDegrees>
                        </Position>
                        <AltitudeMeters>556.449462890625</AltitudeMeters>
                    </Trackpoint>
                    <Trackpoint>
                        <DistanceMeters>422.73655891418457</DistanceMeters>
                        <Time>2019-10-07T13:18:40.302Z</Time>
                        <Position>
                            <LatitudeDegrees>18.4549214</LatitudeDegrees>
                            <LongitudeDegrees>73.8347993</LongitudeDegrees>
                        </Position>
                        <AltitudeMeters>556.7142333984375</AltitudeMeters>
                    </Trackpoint>
                    <Trackpoint>
                        <DistanceMeters>422.73655891418457</DistanceMeters>
                        <Time>2019-10-07T13:18:41.313Z</Time>
                        <Position>
                            <LatitudeDegrees>18.4548795</LatitudeDegrees>
                            <LongitudeDegrees>73.8347649</LongitudeDegrees>
                        </Position>
                        <AltitudeMeters>556.1556396484375</AltitudeMeters>
                    </Trackpoint>
                    <Trackpoint>
                        <DistanceMeters>422.73655891418457</DistanceMeters>
                        <Time>2019-10-07T13:18:42.315Z</Time>
                        <Position>
                            <LatitudeDegrees>18.4548644</LatitudeDegrees>
                            <LongitudeDegrees>73.8347409</LongitudeDegrees>
                        </Position>
                        <AltitudeMeters>556.79736328125</AltitudeMeters>
                    </Trackpoint>
                    <Trackpoint>
                        <DistanceMeters>422.73655891418457</DistanceMeters>
                        <Time>2019-10-07T13:18:43.308Z</Time>
                        <Position>
                            <LatitudeDegrees>18.4548366</LatitudeDegrees>
                            <LongitudeDegrees>73.834715</LongitudeDegrees>
                        </Position>
                        <AltitudeMeters>556.612548828125</AltitudeMeters>
                    </Trackpoint>
                    <Trackpoint>
                        <DistanceMeters>422.73655891418457</DistanceMeters>
                        <Time>2019-10-07T13:18:44.308Z</Time>
                        <Position>
                            <LatitudeDegrees>18.4548151</LatitudeDegrees>
                            <LongitudeDegrees>73.8346921</LongitudeDegrees>
                        </Position>
                        <AltitudeMeters>556.465576171875</AltitudeMeters>
                    </Trackpoint>
                    <Trackpoint>
                        <DistanceMeters>422.73655891418457</DistanceMeters>
                        <Time>2019-10-07T13:18:45.315Z</Time>
                        <Position>
                            <LatitudeDegrees>18.4547997</LatitudeDegrees>
                            <LongitudeDegrees>73.8346733</LongitudeDegrees>
                        </Position>
                        <AltitudeMeters>556.2115478515625</AltitudeMeters>
                    </Trackpoint>
                    <Trackpoint>
                        <DistanceMeters>422.73655891418457</DistanceMeters>
                        <Time>2019-10-07T13:18:46.303Z</Time>
                        <Position>
                            <LatitudeDegrees>18.45479</LatitudeDegrees>
                            <LongitudeDegrees>73.8346592</LongitudeDegrees>
                        </Position>
                        <AltitudeMeters>555.354736328125</AltitudeMeters>
                    </Trackpoint>
                    <Trackpoint>
                        <DistanceMeters>422.73655891418457</DistanceMeters>
                        <Time>2019-10-07T13:18:49.312Z</Time>
                        <Position>
                            <LatitudeDegrees>18.4548017</LatitudeDegrees>
                            <LongitudeDegrees>73.8346701</LongitudeDegrees>
                        </Position>
                        <AltitudeMeters>555.63623046875</AltitudeMeters>
                    </Trackpoint>
                    <Trackpoint>
                        <DistanceMeters>422.73655891418457</DistanceMeters>
                        <Time>2019-10-07T13:18:50.311Z</Time>
                        <Position>
                            <LatitudeDegrees>18.4548206</LatitudeDegrees>
                            <LongitudeDegrees>73.834679</LongitudeDegrees>
                        </Position>
                        <AltitudeMeters>556.289794921875</AltitudeMeters>
                    </Trackpoint>
                    <Trackpoint>
                        <DistanceMeters>422.73655891418457</DistanceMeters>
                        <Time>2019-10-07T13:18:51.310Z</Time>
                        <Position>
                            <LatitudeDegrees>18.4548431</LatitudeDegrees>
                            <LongitudeDegrees>73.8346838</LongitudeDegrees>
                        </Position>
                        <AltitudeMeters>555.71728515625</AltitudeMeters>
                    </Trackpoint>
                    <Trackpoint>
                        <DistanceMeters>422.73655891418457</DistanceMeters>
                        <Time>2019-10-07T13:18:52.310Z</Time>
                        <Position>
                            <LatitudeDegrees>18.4548657</LatitudeDegrees>
                            <LongitudeDegrees>73.8346835</LongitudeDegrees>
                        </Position>
                        <AltitudeMeters>555.502197265625</AltitudeMeters>
                    </Trackpoint>
                    <Trackpoint>
                        <DistanceMeters>422.73655891418457</DistanceMeters>
                        <Time>2019-10-07T13:18:53.304Z</Time>
                        <Position>
                            <LatitudeDegrees>18.4548861</LatitudeDegrees>
                            <LongitudeDegrees>73.8346809</LongitudeDegrees>
                        </Position>
                        <AltitudeMeters>555.60693359375</AltitudeMeters>
                    </Trackpoint>
                    <Trackpoint>
                        <DistanceMeters>422.73655891418457</DistanceMeters>
                        <Time>2019-10-07T13:18:54.351Z</Time>
                        <Position>
                            <LatitudeDegrees>18.4549073</LatitudeDegrees>
                            <LongitudeDegrees>73.8346793</LongitudeDegrees>
                        </Position>
                        <AltitudeMeters>556.72802734375</AltitudeMeters>
                    </Trackpoint>
                    <Trackpoint>
                        <DistanceMeters>422.73655891418457</DistanceMeters>
                        <Time>2019-10-07T13:18:55.312Z</Time>
                        <Position>
                            <LatitudeDegrees>18.4549285</LatitudeDegrees>
                            <LongitudeDegrees>73.834681</LongitudeDegrees>
                        </Position>
                        <AltitudeMeters>556.558837890625</AltitudeMeters>
                    </Trackpoint>
                    <Trackpoint>
                        <DistanceMeters>422.73655891418457</DistanceMeters>
                        <Time>2019-10-07T13:18:56.313Z</Time>
                        <Position>
                            <LatitudeDegrees>18.4549503</LatitudeDegrees>
                            <LongitudeDegrees>73.834685</LongitudeDegrees>
                        </Position>
                        <AltitudeMeters>555.786376953125</AltitudeMeters>
                    </Trackpoint>
                    <Trackpoint>
                        <DistanceMeters>422.73655891418457</DistanceMeters>
                        <Time>2019-10-07T13:18:57.304Z</Time>
                        <Position>
                            <LatitudeDegrees>18.4549755</LatitudeDegrees>
                            <LongitudeDegrees>73.8346916</LongitudeDegrees>
                        </Position>
                        <AltitudeMeters>556.185546875</AltitudeMeters>
                    </Trackpoint>
                    <Trackpoint>
                        <DistanceMeters>422.73655891418457</DistanceMeters>
                        <Time>2019-10-07T13:18:58.306Z</Time>
                        <Position>
                            <LatitudeDegrees>18.4550003</LatitudeDegrees>
                            <LongitudeDegrees>73.8346965</LongitudeDegrees>
                        </Position>
                        <AltitudeMeters>555.736572265625</AltitudeMeters>
                    </Trackpoint>
                    <Trackpoint>
                        <DistanceMeters>422.73655891418457</DistanceMeters>
                        <Time>2019-10-07T13:18:59.306Z</Time>
                        <Position>
                            <LatitudeDegrees>18.4550174</LatitudeDegrees>
                            <LongitudeDegrees>73.8346969</LongitudeDegrees>
                        </Position>
                        <AltitudeMeters>553.0904541015625</AltitudeMeters>
                    </Trackpoint>
                    <Trackpoint>
                        <DistanceMeters>461.63054847717285</DistanceMeters>
                        <Time>2019-10-07T13:19:00.301Z</Time>
                        <Position>
                            <LatitudeDegrees>18.4550324</LatitudeDegrees>
                            <LongitudeDegrees>73.8346953</LongitudeDegrees>
                        </Position>
                        <AltitudeMeters>552.859130859375</AltitudeMeters>
                    </Trackpoint>
                    <Trackpoint>
                        <DistanceMeters>461.63054847717285</DistanceMeters>
                        <Time>2019-10-07T13:19:01.312Z</Time>
                        <Position>
                            <LatitudeDegrees>18.4550453</LatitudeDegrees>
                            <LongitudeDegrees>73.8346937</LongitudeDegrees>
                        </Position>
                        <AltitudeMeters>552.7677001953125</AltitudeMeters>
                    </Trackpoint>
                    <Trackpoint>
                        <DistanceMeters>461.63054847717285</DistanceMeters>
                        <Time>2019-10-07T13:19:02.313Z</Time>
                        <Position>
                            <LatitudeDegrees>18.4550565</LatitudeDegrees>
                            <LongitudeDegrees>73.8346933</LongitudeDegrees>
                        </Position>
                        <AltitudeMeters>552.74609375</AltitudeMeters>
                    </Trackpoint>
                    <Trackpoint>
                        <DistanceMeters>461.63054847717285</DistanceMeters>
                        <Time>2019-10-07T13:19:03.306Z</Time>
                        <Position>
                            <LatitudeDegrees>18.4550669</LatitudeDegrees>
                            <LongitudeDegrees>73.8346951</LongitudeDegrees>
                        </Position>
                        <AltitudeMeters>552.44384765625</AltitudeMeters>
                    </Trackpoint>
                    <Trackpoint>
                        <DistanceMeters>461.63054847717285</DistanceMeters>
                        <Time>2019-10-07T13:19:04.303Z</Time>
                        <Position>
                            <LatitudeDegrees>18.4550765</LatitudeDegrees>
                            <LongitudeDegrees>73.8346983</LongitudeDegrees>
                        </Position>
                        <AltitudeMeters>552.2093505859375</AltitudeMeters>
                    </Trackpoint>
                    <Trackpoint>
                        <DistanceMeters>461.63054847717285</DistanceMeters>
                        <Time>2019-10-07T13:19:05.310Z</Time>
                        <Position>
                            <LatitudeDegrees>18.4550854</LatitudeDegrees>
                            <LongitudeDegrees>73.8347019</LongitudeDegrees>
                        </Position>
                        <AltitudeMeters>551.7218017578125</AltitudeMeters>
                    </Trackpoint>
                    <Trackpoint>
                        <DistanceMeters>461.63054847717285</DistanceMeters>
                        <Time>2019-10-07T13:19:06.321Z</Time>
                        <Position>
                            <LatitudeDegrees>18.4550933</LatitudeDegrees>
                            <LongitudeDegrees>73.8347067</LongitudeDegrees>
                        </Position>
                        <AltitudeMeters>552.08056640625</AltitudeMeters>
                    </Trackpoint>
                    <Trackpoint>
                        <DistanceMeters>461.63054847717285</DistanceMeters>
                        <Time>2019-10-07T13:19:08.303Z</Time>
                        <Position>
                            <LatitudeDegrees>18.4551065</LatitudeDegrees>
                            <LongitudeDegrees>73.834717</LongitudeDegrees>
                        </Position>
                        <AltitudeMeters>552.0343017578125</AltitudeMeters>
                    </Trackpoint>
                    <Trackpoint>
                        <DistanceMeters>461.63054847717285</DistanceMeters>
                        <Time>2019-10-07T13:19:09.520Z</Time>
                        <Position>
                            <LatitudeDegrees>18.4551142</LatitudeDegrees>
                            <LongitudeDegrees>73.8347232</LongitudeDegrees>
                        </Position>
                        <AltitudeMeters>551.474853515625</AltitudeMeters>
                    </Trackpoint>
                    <Trackpoint>
                        <DistanceMeters>461.63054847717285</DistanceMeters>
                        <Time>2019-10-07T13:19:11.304Z</Time>
                        <Position>
                            <LatitudeDegrees>18.4551259</LatitudeDegrees>
                            <LongitudeDegrees>73.8347342</LongitudeDegrees>
                        </Position>
                        <AltitudeMeters>550.888427734375</AltitudeMeters>
                    </Trackpoint>
                    <Trackpoint>
                        <DistanceMeters>461.63054847717285</DistanceMeters>
                        <Time>2019-10-07T13:19:14.313Z</Time>
                        <Position>
                            <LatitudeDegrees>18.4551176</LatitudeDegrees>
                            <LongitudeDegrees>73.8346969</LongitudeDegrees>
                        </Position>
                        <AltitudeMeters>551.654052734375</AltitudeMeters>
                    </Trackpoint>
                    <Trackpoint>
                        <DistanceMeters>461.63054847717285</DistanceMeters>
                        <Time>2019-10-07T13:19:15.310Z</Time>
                        <Position>
                            <LatitudeDegrees>18.4550965</LatitudeDegrees>
                            <LongitudeDegrees>73.8346593</LongitudeDegrees>
                        </Position>
                        <AltitudeMeters>552.2626953125</AltitudeMeters>
                    </Trackpoint>
                    <Trackpoint>
                        <DistanceMeters>461.63054847717285</DistanceMeters>
                        <Time>2019-10-07T13:19:16.302Z</Time>
                        <Position>
                            <LatitudeDegrees>18.4550781</LatitudeDegrees>
                            <LongitudeDegrees>73.8346362</LongitudeDegrees>
                        </Position>
                        <AltitudeMeters>551.848388671875</AltitudeMeters>
                    </Trackpoint>
                    <Trackpoint>
                        <DistanceMeters>461.63054847717285</DistanceMeters>
                        <Time>2019-10-07T13:19:17.303Z</Time>
                        <Position>
                            <LatitudeDegrees>18.4550616</LatitudeDegrees>
                            <LongitudeDegrees>73.8346199</LongitudeDegrees>
                        </Position>
                        <AltitudeMeters>551.898193359375</AltitudeMeters>
                    </Trackpoint>
                    <Trackpoint>
                        <DistanceMeters>461.63054847717285</DistanceMeters>
                        <Time>2019-10-07T13:19:18.313Z</Time>
                        <Position>
                            <LatitudeDegrees>18.4550481</LatitudeDegrees>
                            <LongitudeDegrees>73.8346089</LongitudeDegrees>
                        </Position>
                        <AltitudeMeters>551.825439453125</AltitudeMeters>
                    </Trackpoint>
                    <Trackpoint>
                        <DistanceMeters>461.63054847717285</DistanceMeters>
                        <Time>2019-10-07T13:19:19.305Z</Time>
                        <Position>
                            <LatitudeDegrees>18.4550368</LatitudeDegrees>
                            <LongitudeDegrees>73.834602</LongitudeDegrees>
                        </Position>
                        <AltitudeMeters>552.188720703125</AltitudeMeters>
                    </Trackpoint>
                    <Trackpoint>
                        <DistanceMeters>461.63054847717285</DistanceMeters>
                        <Time>2019-10-07T13:19:20.306Z</Time>
                        <Position>
                            <LatitudeDegrees>18.4550284</LatitudeDegrees>
                            <LongitudeDegrees>73.8345972</LongitudeDegrees>
                        </Position>
                        <AltitudeMeters>552.0093994140625</AltitudeMeters>
                    </Trackpoint>
                    <Trackpoint>
                        <DistanceMeters>461.63054847717285</DistanceMeters>
                        <Time>2019-10-07T13:19:22.307Z</Time>
                        <Position>
                            <LatitudeDegrees>18.4550199</LatitudeDegrees>
                            <LongitudeDegrees>73.8345877</LongitudeDegrees>
                        </Position>
                        <AltitudeMeters>552.1817626953125</AltitudeMeters>
                    </Trackpoint>
                    <Trackpoint>
                        <DistanceMeters>461.63054847717285</DistanceMeters>
                        <Time>2019-10-07T13:19:24.316Z</Time>
                        <Position>
                            <LatitudeDegrees>18.4550109</LatitudeDegrees>
                            <LongitudeDegrees>73.8345842</LongitudeDegrees>
                        </Position>
                        <AltitudeMeters>552.296142578125</AltitudeMeters>
                    </Trackpoint>
                    <Trackpoint>
                        <DistanceMeters>461.63054847717285</DistanceMeters>
                        <Time>2019-10-07T13:19:26.310Z</Time>
                        <Position>
                            <LatitudeDegrees>18.4549949</LatitudeDegrees>
                            <LongitudeDegrees>73.8345938</LongitudeDegrees>
                        </Position>
                        <AltitudeMeters>554.0482177734375</AltitudeMeters>
                    </Trackpoint>
                    <Trackpoint>
                        <DistanceMeters>461.63054847717285</DistanceMeters>
                        <Time>2019-10-07T13:19:27.321Z</Time>
                        <Position>
                            <LatitudeDegrees>18.4549849</LatitudeDegrees>
                            <LongitudeDegrees>73.8345992</LongitudeDegrees>
                        </Position>
                        <AltitudeMeters>554.06494140625</AltitudeMeters>
                    </Trackpoint>
                    <Trackpoint>
                        <DistanceMeters>461.63054847717285</DistanceMeters>
                        <Time>2019-10-07T13:19:28.309Z</Time>
                        <Position>
                            <LatitudeDegrees>18.4549743</LatitudeDegrees>
                            <LongitudeDegrees>73.8346049</LongitudeDegrees>
                        </Position>
                        <AltitudeMeters>554.047607421875</AltitudeMeters>
                    </Trackpoint>
                    <Trackpoint>
                        <DistanceMeters>493.1687641143799</DistanceMeters>
                        <Time>2019-10-07T13:19:30.319Z</Time>
                        <Position>
                            <LatitudeDegrees>18.4549604</LatitudeDegrees>
                            <LongitudeDegrees>73.8346064</LongitudeDegrees>
                        </Position>
                        <AltitudeMeters>553.515625</AltitudeMeters>
                    </Trackpoint>
                    <Trackpoint>
                        <DistanceMeters>493.1687641143799</DistanceMeters>
                        <Time>2019-10-07T13:19:33.325Z</Time>
                        <Position>
                            <LatitudeDegrees>18.4549742</LatitudeDegrees>
                            <LongitudeDegrees>73.8346223</LongitudeDegrees>
                        </Position>
                        <AltitudeMeters>551.7308349609375</AltitudeMeters>
                    </Trackpoint>
                    <Trackpoint>
                        <DistanceMeters>493.1687641143799</DistanceMeters>
                        <Time>2019-10-07T13:19:34.304Z</Time>
                        <Position>
                            <LatitudeDegrees>18.454982</LatitudeDegrees>
                            <LongitudeDegrees>73.8346385</LongitudeDegrees>
                        </Position>
                        <AltitudeMeters>552.607666015625</AltitudeMeters>
                    </Trackpoint>
                    <Trackpoint>
                        <DistanceMeters>493.1687641143799</DistanceMeters>
                        <Time>2019-10-07T13:19:35.307Z</Time>
                        <Position>
                            <LatitudeDegrees>18.4549868</LatitudeDegrees>
                            <LongitudeDegrees>73.8346582</LongitudeDegrees>
                        </Position>
                        <AltitudeMeters>555.357177734375</AltitudeMeters>
                    </Trackpoint>
                    <Trackpoint>
                        <DistanceMeters>493.1687641143799</DistanceMeters>
                        <Time>2019-10-07T13:19:36.310Z</Time>
                        <Position>
                            <LatitudeDegrees>18.4549883</LatitudeDegrees>
                            <LongitudeDegrees>73.8346777</LongitudeDegrees>
                        </Position>
                        <AltitudeMeters>557.1832275390625</AltitudeMeters>
                    </Trackpoint>
                    <Trackpoint>
                        <DistanceMeters>493.1687641143799</DistanceMeters>
                        <Time>2019-10-07T13:19:37.307Z</Time>
                        <Position>
                            <LatitudeDegrees>18.4549876</LatitudeDegrees>
                            <LongitudeDegrees>73.8346954</LongitudeDegrees>
                        </Position>
                        <AltitudeMeters>558.6337890625</AltitudeMeters>
                    </Trackpoint>
                    <Trackpoint>
                        <DistanceMeters>493.1687641143799</DistanceMeters>
                        <Time>2019-10-07T13:19:38.313Z</Time>
                        <Position>
                            <LatitudeDegrees>18.454987</LatitudeDegrees>
                            <LongitudeDegrees>73.8347107</LongitudeDegrees>
                        </Position>
                        <AltitudeMeters>558.61865234375</AltitudeMeters>
                    </Trackpoint>
                    <Trackpoint>
                        <DistanceMeters>493.1687641143799</DistanceMeters>
                        <Time>2019-10-07T13:19:39.306Z</Time>
                        <Position>
                            <LatitudeDegrees>18.4549853</LatitudeDegrees>
                            <LongitudeDegrees>73.8347249</LongitudeDegrees>
                        </Position>
                        <AltitudeMeters>559.280517578125</AltitudeMeters>
                    </Trackpoint>
                    <Trackpoint>
                        <DistanceMeters>493.1687641143799</DistanceMeters>
                        <Time>2019-10-07T13:19:40.316Z</Time>
                        <Position>
                            <LatitudeDegrees>18.4549849</LatitudeDegrees>
                            <LongitudeDegrees>73.8347376</LongitudeDegrees>
                        </Position>
                        <AltitudeMeters>559.0745849609375</AltitudeMeters>
                    </Trackpoint>
                    <Trackpoint>
                        <DistanceMeters>493.1687641143799</DistanceMeters>
                        <Time>2019-10-07T13:19:41.308Z</Time>
                        <Position>
                            <LatitudeDegrees>18.4549855</LatitudeDegrees>
                            <LongitudeDegrees>73.8347483</LongitudeDegrees>
                        </Position>
                        <AltitudeMeters>559.0089111328125</AltitudeMeters>
                    </Trackpoint>
                    <Trackpoint>
                        <DistanceMeters>493.1687641143799</DistanceMeters>
                        <Time>2019-10-07T13:19:43.302Z</Time>
                        <Position>
                            <LatitudeDegrees>18.4549913</LatitudeDegrees>
                            <LongitudeDegrees>73.8347646</LongitudeDegrees>
                        </Position>
                        <AltitudeMeters>559.193603515625</AltitudeMeters>
                    </Trackpoint>
                    <Trackpoint>
                        <DistanceMeters>493.1687641143799</DistanceMeters>
                        <Time>2019-10-07T13:19:45.305Z</Time>
                        <Position>
                            <LatitudeDegrees>18.4549983</LatitudeDegrees>
                            <LongitudeDegrees>73.8347785</LongitudeDegrees>
                        </Position>
                        <AltitudeMeters>560.9144287109375</AltitudeMeters>
                    </Trackpoint>
                    <Trackpoint>
                        <DistanceMeters>493.1687641143799</DistanceMeters>
                        <Time>2019-10-07T13:19:47.313Z</Time>
                        <Position>
                            <LatitudeDegrees>18.4550052</LatitudeDegrees>
                            <LongitudeDegrees>73.834794</LongitudeDegrees>
                        </Position>
                        <AltitudeMeters>561.0126953125</AltitudeMeters>
                    </Trackpoint>
                    <Trackpoint>
                        <DistanceMeters>493.1687641143799</DistanceMeters>
                        <Time>2019-10-07T13:19:49.310Z</Time>
                        <Position>
                            <LatitudeDegrees>18.4550128</LatitudeDegrees>
                            <LongitudeDegrees>73.8348093</LongitudeDegrees>
                        </Position>
                        <AltitudeMeters>560.31494140625</AltitudeMeters>
                    </Trackpoint>
                    <Trackpoint>
                        <DistanceMeters>493.1687641143799</DistanceMeters>
                        <Time>2019-10-07T13:19:51.311Z</Time>
                        <Position>
                            <LatitudeDegrees>18.4550215</LatitudeDegrees>
                            <LongitudeDegrees>73.8348184</LongitudeDegrees>
                        </Position>
                        <AltitudeMeters>560.41357421875</AltitudeMeters>
                    </Trackpoint>
                    <Trackpoint>
                        <DistanceMeters>493.1687641143799</DistanceMeters>
                        <Time>2019-10-07T13:19:53.308Z</Time>
                        <Position>
                            <LatitudeDegrees>18.4550317</LatitudeDegrees>
                            <LongitudeDegrees>73.8348206</LongitudeDegrees>
                        </Position>
                        <AltitudeMeters>562.9117431640625</AltitudeMeters>
                    </Trackpoint>
                    <Trackpoint>
                        <DistanceMeters>493.1687641143799</DistanceMeters>
                        <Time>2019-10-07T13:19:55.313Z</Time>
                        <Position>
                            <LatitudeDegrees>18.4550424</LatitudeDegrees>
                            <LongitudeDegrees>73.834817</LongitudeDegrees>
                        </Position>
                        <AltitudeMeters>561.7825927734375</AltitudeMeters>
                    </Trackpoint>
                    <Trackpoint>
                        <DistanceMeters>493.1687641143799</DistanceMeters>
                        <Time>2019-10-07T13:19:57.307Z</Time>
                        <Position>
                            <LatitudeDegrees>18.455055</LatitudeDegrees>
                            <LongitudeDegrees>73.8348129</LongitudeDegrees>
                        </Position>
                        <AltitudeMeters>562.60205078125</AltitudeMeters>
                    </Trackpoint>
                    <Trackpoint>
                        <DistanceMeters>493.1687641143799</DistanceMeters>
                        <Time>2019-10-07T13:19:59.312Z</Time>
                        <Position>
                            <LatitudeDegrees>18.4550682</LatitudeDegrees>
                            <LongitudeDegrees>73.8348135</LongitudeDegrees>
                        </Position>
                        <AltitudeMeters>561.8798828125</AltitudeMeters>
                    </Trackpoint>
                    <Trackpoint>
                        <DistanceMeters>529.8848819732666</DistanceMeters>
                        <Time>2019-10-07T13:20:01.313Z</Time>
                        <Position>
                            <LatitudeDegrees>18.4550829</LatitudeDegrees>
                            <LongitudeDegrees>73.8348161</LongitudeDegrees>
                        </Position>
                        <AltitudeMeters>561.866455078125</AltitudeMeters>
                    </Trackpoint>
                    <Trackpoint>
                        <DistanceMeters>529.8848819732666</DistanceMeters>
                        <Time>2019-10-07T13:20:03.310Z</Time>
                        <Position>
                            <LatitudeDegrees>18.4550909</LatitudeDegrees>
                            <LongitudeDegrees>73.8348117</LongitudeDegrees>
                        </Position>
                        <AltitudeMeters>561.933349609375</AltitudeMeters>
                    </Trackpoint>
                    <Trackpoint>
                        <DistanceMeters>529.8848819732666</DistanceMeters>
                        <Time>2019-10-07T13:20:04.306Z</Time>
                        <Position>
                            <LatitudeDegrees>18.4550906</LatitudeDegrees>
                            <LongitudeDegrees>73.8348019</LongitudeDegrees>
                        </Position>
                        <AltitudeMeters>561.624267578125</AltitudeMeters>
                    </Trackpoint>
                    <Trackpoint>
                        <DistanceMeters>529.8848819732666</DistanceMeters>
                        <Time>2019-10-07T13:20:05.310Z</Time>
                        <Position>
                            <LatitudeDegrees>18.455082</LatitudeDegrees>
                            <LongitudeDegrees>73.8347927</LongitudeDegrees>
                        </Position>
                        <AltitudeMeters>561.4932861328125</AltitudeMeters>
                    </Trackpoint>
                    <Trackpoint>
                        <DistanceMeters>529.8848819732666</DistanceMeters>
                        <Time>2019-10-07T13:20:06.303Z</Time>
                        <Position>
                            <LatitudeDegrees>18.4550724</LatitudeDegrees>
                            <LongitudeDegrees>73.8347826</LongitudeDegrees>
                        </Position>
                        <AltitudeMeters>561.440673828125</AltitudeMeters>
                    </Trackpoint>
                    <Trackpoint>
                        <DistanceMeters>529.8848819732666</DistanceMeters>
                        <Time>2019-10-07T13:20:07.303Z</Time>
                        <Position>
                            <LatitudeDegrees>18.455063</LatitudeDegrees>
                            <LongitudeDegrees>73.8347725</LongitudeDegrees>
                        </Position>
                        <AltitudeMeters>561.140869140625</AltitudeMeters>
                    </Trackpoint>
                    <Trackpoint>
                        <DistanceMeters>529.8848819732666</DistanceMeters>
                        <Time>2019-10-07T13:20:08.316Z</Time>
                        <Position>
                            <LatitudeDegrees>18.4550534</LatitudeDegrees>
                            <LongitudeDegrees>73.8347629</LongitudeDegrees>
                        </Position>
                        <AltitudeMeters>559.80322265625</AltitudeMeters>
                    </Trackpoint>
                    <Trackpoint>
                        <DistanceMeters>529.8848819732666</DistanceMeters>
                        <Time>2019-10-07T13:20:09.308Z</Time>
                        <Position>
                            <LatitudeDegrees>18.4550428</LatitudeDegrees>
                            <LongitudeDegrees>73.8347553</LongitudeDegrees>
                        </Position>
                        <AltitudeMeters>559.7529296875</AltitudeMeters>
                    </Trackpoint>
                    <Trackpoint>
                        <DistanceMeters>529.8848819732666</DistanceMeters>
                        <Time>2019-10-07T13:20:10.307Z</Time>
                        <Position>
                            <LatitudeDegrees>18.4550317</LatitudeDegrees>
                            <LongitudeDegrees>73.8347483</LongitudeDegrees>
                        </Position>
                        <AltitudeMeters>559.26708984375</AltitudeMeters>
                    </Trackpoint>
                    <Trackpoint>
                        <DistanceMeters>529.8848819732666</DistanceMeters>
                        <Time>2019-10-07T13:20:11.310Z</Time>
                        <Position>
                            <LatitudeDegrees>18.455021</LatitudeDegrees>
                            <LongitudeDegrees>73.8347419</LongitudeDegrees>
                        </Position>
                        <AltitudeMeters>559.63671875</AltitudeMeters>
                    </Trackpoint>
                    <Trackpoint>
                        <DistanceMeters>529.8848819732666</DistanceMeters>
                        <Time>2019-10-07T13:20:12.301Z</Time>
                        <Position>
                            <LatitudeDegrees>18.4550119</LatitudeDegrees>
                            <LongitudeDegrees>73.8347352</LongitudeDegrees>
                        </Position>
                        <AltitudeMeters>559.677490234375</AltitudeMeters>
                    </Trackpoint>
                    <Trackpoint>
                        <DistanceMeters>529.8848819732666</DistanceMeters>
                        <Time>2019-10-07T13:20:13.332Z</Time>
                        <Position>
                            <LatitudeDegrees>18.455003</LatitudeDegrees>
                            <LongitudeDegrees>73.8347264</LongitudeDegrees>
                        </Position>
                        <AltitudeMeters>559.59716796875</AltitudeMeters>
                    </Trackpoint>
                    <Trackpoint>
                        <DistanceMeters>529.8848819732666</DistanceMeters>
                        <Time>2019-10-07T13:20:14.310Z</Time>
                        <Position>
                            <LatitudeDegrees>18.4549944</LatitudeDegrees>
                            <LongitudeDegrees>73.834717</LongitudeDegrees>
                        </Position>
                        <AltitudeMeters>559.782958984375</AltitudeMeters>
                    </Trackpoint>
                    <Trackpoint>
                        <DistanceMeters>529.8848819732666</DistanceMeters>
                        <Time>2019-10-07T13:20:15.309Z</Time>
                        <Position>
                            <LatitudeDegrees>18.454985</LatitudeDegrees>
                            <LongitudeDegrees>73.8347064</LongitudeDegrees>
                        </Position>
                        <AltitudeMeters>562.1494140625</AltitudeMeters>
                    </Trackpoint>
                    <Trackpoint>
                        <DistanceMeters>529.8848819732666</DistanceMeters>
                        <Time>2019-10-07T13:20:16.547Z</Time>
                        <Position>
                            <LatitudeDegrees>18.4549735</LatitudeDegrees>
                            <LongitudeDegrees>73.8346955</LongitudeDegrees>
                        </Position>
                        <AltitudeMeters>563.2750244140625</AltitudeMeters>
                    </Trackpoint>
                    <Trackpoint>
                        <DistanceMeters>529.8848819732666</DistanceMeters>
                        <Time>2019-10-07T13:20:17.318Z</Time>
                        <Position>
                            <LatitudeDegrees>18.4549653</LatitudeDegrees>
                            <LongitudeDegrees>73.8346879</LongitudeDegrees>
                        </Position>
                        <AltitudeMeters>562.85546875</AltitudeMeters>
                    </Trackpoint>
                    <Trackpoint>
                        <DistanceMeters>529.8848819732666</DistanceMeters>
                        <Time>2019-10-07T13:20:18.320Z</Time>
                        <Position>
                            <LatitudeDegrees>18.4549551</LatitudeDegrees>
                            <LongitudeDegrees>73.8346808</LongitudeDegrees>
                        </Position>
                        <AltitudeMeters>564.9605712890625</AltitudeMeters>
                    </Trackpoint>
                    <Trackpoint>
                        <DistanceMeters>529.8848819732666</DistanceMeters>
                        <Time>2019-10-07T13:20:19.313Z</Time>
                        <Position>
                            <LatitudeDegrees>18.4549452</LatitudeDegrees>
                            <LongitudeDegrees>73.8346751</LongitudeDegrees>
                        </Position>
                        <AltitudeMeters>565.3360595703125</AltitudeMeters>
                    </Trackpoint>
                    <Trackpoint>
                        <DistanceMeters>529.8848819732666</DistanceMeters>
                        <Time>2019-10-07T13:20:20.304Z</Time>
                        <Position>
                            <LatitudeDegrees>18.4549355</LatitudeDegrees>
                            <LongitudeDegrees>73.8346699</LongitudeDegrees>
                        </Position>
                        <AltitudeMeters>564.62353515625</AltitudeMeters>
                    </Trackpoint>
                    <Trackpoint>
                        <DistanceMeters>529.8848819732666</DistanceMeters>
                        <Time>2019-10-07T13:20:21.311Z</Time>
                        <Position>
                            <LatitudeDegrees>18.4549257</LatitudeDegrees>
                            <LongitudeDegrees>73.8346662</LongitudeDegrees>
                        </Position>
                        <AltitudeMeters>563.5673828125</AltitudeMeters>
                    </Trackpoint>
                    <Trackpoint>
                        <DistanceMeters>529.8848819732666</DistanceMeters>
                        <Time>2019-10-07T13:20:22.312Z</Time>
                        <Position>
                            <LatitudeDegrees>18.4549161</LatitudeDegrees>
                            <LongitudeDegrees>73.8346631</LongitudeDegrees>
                        </Position>
                        <AltitudeMeters>563.5162353515625</AltitudeMeters>
                    </Trackpoint>
                    <Trackpoint>
                        <DistanceMeters>529.8848819732666</DistanceMeters>
                        <Time>2019-10-07T13:20:23.310Z</Time>
                        <Position>
                            <LatitudeDegrees>18.4549068</LatitudeDegrees>
                            <LongitudeDegrees>73.8346606</LongitudeDegrees>
                        </Position>
                        <AltitudeMeters>563.1033935546875</AltitudeMeters>
                    </Trackpoint>
                    <Trackpoint>
                        <DistanceMeters>529.8848819732666</DistanceMeters>
                        <Time>2019-10-07T13:20:24.309Z</Time>
                        <Position>
                            <LatitudeDegrees>18.4548978</LatitudeDegrees>
                            <LongitudeDegrees>73.8346587</LongitudeDegrees>
                        </Position>
                        <AltitudeMeters>564.119384765625</AltitudeMeters>
                    </Trackpoint>
                    <Trackpoint>
                        <DistanceMeters>529.8848819732666</DistanceMeters>
                        <Time>2019-10-07T13:20:26.316Z</Time>
                        <Position>
                            <LatitudeDegrees>18.4548802</LatitudeDegrees>
                            <LongitudeDegrees>73.8346592</LongitudeDegrees>
                        </Position>
                        <AltitudeMeters>565.030517578125</AltitudeMeters>
                    </Trackpoint>
                    <Trackpoint>
                        <DistanceMeters>529.8848819732666</DistanceMeters>
                        <Time>2019-10-07T13:20:27.304Z</Time>
                        <Position>
                            <LatitudeDegrees>18.4548714</LatitudeDegrees>
                            <LongitudeDegrees>73.8346636</LongitudeDegrees>
                        </Position>
                        <AltitudeMeters>566.6400146484375</AltitudeMeters>
                    </Trackpoint>
                    <Trackpoint>
                        <DistanceMeters>529.8848819732666</DistanceMeters>
                        <Time>2019-10-07T13:20:28.306Z</Time>
                        <Position>
                            <LatitudeDegrees>18.4548625</LatitudeDegrees>
                            <LongitudeDegrees>73.8346711</LongitudeDegrees>
                        </Position>
                        <AltitudeMeters>568.361572265625</AltitudeMeters>
                    </Trackpoint>
                    <Trackpoint>
                        <DistanceMeters>529.8848819732666</DistanceMeters>
                        <Time>2019-10-07T13:20:29.319Z</Time>
                        <Position>
                            <LatitudeDegrees>18.4548538</LatitudeDegrees>
                            <LongitudeDegrees>73.8346803</LongitudeDegrees>
                        </Position>
                        <AltitudeMeters>568.693603515625</AltitudeMeters>
                    </Trackpoint>
                    <Trackpoint>
                        <DistanceMeters>581.7406215667725</DistanceMeters>
                        <Time>2019-10-07T13:20:30.303Z</Time>
                        <Position>
                            <LatitudeDegrees>18.4548458</LatitudeDegrees>
                            <LongitudeDegrees>73.8346906</LongitudeDegrees>
                        </Position>
                        <AltitudeMeters>567.4561767578125</AltitudeMeters>
                    </Trackpoint>
                    <Trackpoint>
                        <DistanceMeters>581.7406215667725</DistanceMeters>
                        <Time>2019-10-07T13:20:31.303Z</Time>
                        <Position>
                            <LatitudeDegrees>18.4548375</LatitudeDegrees>
                            <LongitudeDegrees>73.8346998</LongitudeDegrees>
                        </Position>
                        <AltitudeMeters>567.895263671875</AltitudeMeters>
                    </Trackpoint>
                    <Trackpoint>
                        <DistanceMeters>581.7406215667725</DistanceMeters>
                        <Time>2019-10-07T13:20:32.307Z</Time>
                        <Position>
                            <LatitudeDegrees>18.4548296</LatitudeDegrees>
                            <LongitudeDegrees>73.8347087</LongitudeDegrees>
                        </Position>
                        <AltitudeMeters>567.8802490234375</AltitudeMeters>
                    </Trackpoint>
                    <Trackpoint>
                        <DistanceMeters>581.7406215667725</DistanceMeters>
                        <Time>2019-10-07T13:20:33.306Z</Time>
                        <Position>
                            <LatitudeDegrees>18.4548216</LatitudeDegrees>
                            <LongitudeDegrees>73.8347148</LongitudeDegrees>
                        </Position>
                        <AltitudeMeters>567.944580078125</AltitudeMeters>
                    </Trackpoint>
                    <Trackpoint>
                        <DistanceMeters>581.7406215667725</DistanceMeters>
                        <Time>2019-10-07T13:20:34.306Z</Time>
                        <Position>
                            <LatitudeDegrees>18.4548137</LatitudeDegrees>
                            <LongitudeDegrees>73.8347197</LongitudeDegrees>
                        </Position>
                        <AltitudeMeters>567.921875</AltitudeMeters>
                    </Trackpoint>
                    <Trackpoint>
                        <DistanceMeters>581.7406215667725</DistanceMeters>
                        <Time>2019-10-07T13:20:36.305Z</Time>
                        <Position>
                            <LatitudeDegrees>18.4547985</LatitudeDegrees>
                            <LongitudeDegrees>73.8347242</LongitudeDegrees>
                        </Position>
                        <AltitudeMeters>567.741943359375</AltitudeMeters>
                    </Trackpoint>
                    <Trackpoint>
                        <DistanceMeters>581.7406215667725</DistanceMeters>
                        <Time>2019-10-07T13:20:38.310Z</Time>
                        <Position>
                            <LatitudeDegrees>18.4547854</LatitudeDegrees>
                            <LongitudeDegrees>73.8347267</LongitudeDegrees>
                        </Position>
                        <AltitudeMeters>566.460693359375</AltitudeMeters>
                    </Trackpoint>
                    <Trackpoint>
                        <DistanceMeters>581.7406215667725</DistanceMeters>
                        <Time>2019-10-07T13:20:40.313Z</Time>
                        <Position>
                            <LatitudeDegrees>18.454774</LatitudeDegrees>
                            <LongitudeDegrees>73.8347194</LongitudeDegrees>
                        </Position>
                        <AltitudeMeters>565.736572265625</AltitudeMeters>
                    </Trackpoint>
                    <Trackpoint>
                        <DistanceMeters>581.7406215667725</DistanceMeters>
                        <Time>2019-10-07T13:20:42.300Z</Time>
                        <Position>
                            <LatitudeDegrees>18.4547664</LatitudeDegrees>
                            <LongitudeDegrees>73.8347051</LongitudeDegrees>
                        </Position>
                        <AltitudeMeters>566.721923828125</AltitudeMeters>
                    </Trackpoint>
                    <Trackpoint>
                        <DistanceMeters>581.7406215667725</DistanceMeters>
                        <Time>2019-10-07T13:20:44.300Z</Time>
                        <Position>
                            <LatitudeDegrees>18.4547598</LatitudeDegrees>
                            <LongitudeDegrees>73.834688</LongitudeDegrees>
                        </Position>
                        <AltitudeMeters>567.05908203125</AltitudeMeters>
                    </Trackpoint>
                    <Trackpoint>
                        <DistanceMeters>581.7406215667725</DistanceMeters>
                        <Time>2019-10-07T13:20:46.313Z</Time>
                        <Position>
                            <LatitudeDegrees>18.4547601</LatitudeDegrees>
                            <LongitudeDegrees>73.834672</LongitudeDegrees>
                        </Position>
                        <AltitudeMeters>567.9635009765625</AltitudeMeters>
                    </Trackpoint>
                    <Trackpoint>
                        <DistanceMeters>581.7406215667725</DistanceMeters>
                        <Time>2019-10-07T13:20:47.300Z</Time>
                        <Position>
                            <LatitudeDegrees>18.4547869</LatitudeDegrees>
                            <LongitudeDegrees>73.8346757</LongitudeDegrees>
                        </Position>
                        <AltitudeMeters>568.9140625</AltitudeMeters>
                    </Trackpoint>
                    <Trackpoint>
                        <DistanceMeters>581.7406215667725</DistanceMeters>
                        <Time>2019-10-07T13:20:48.306Z</Time>
                        <Position>
                            <LatitudeDegrees>18.4548142</LatitudeDegrees>
                            <LongitudeDegrees>73.8346777</LongitudeDegrees>
                        </Position>
                        <AltitudeMeters>568.9248046875</AltitudeMeters>
                    </Trackpoint>
                    <Trackpoint>
                        <DistanceMeters>581.7406215667725</DistanceMeters>
                        <Time>2019-10-07T13:20:48.796Z</Time>
                        <Position>
                            <LatitudeDegrees>18.4548294</LatitudeDegrees>
                            <LongitudeDegrees>73.8346791</LongitudeDegrees>
                        </Position>
                        <AltitudeMeters>568.9248046875</AltitudeMeters>
                    </Trackpoint>
                    <Trackpoint>
                        <DistanceMeters>581.7406215667725</DistanceMeters>
                        <Time>2019-10-07T13:20:49.307Z</Time>
                        <Position>
                            <LatitudeDegrees>18.4548474</LatitudeDegrees>
                            <LongitudeDegrees>73.8346809</LongitudeDegrees>
                        </Position>
                        <AltitudeMeters>569.324462890625</AltitudeMeters>
                    </Trackpoint>
                    <Trackpoint>
                        <DistanceMeters>581.7406215667725</DistanceMeters>
                        <Time>2019-10-07T13:20:50.304Z</Time>
                        <Position>
                            <LatitudeDegrees>18.4548707</LatitudeDegrees>
                            <LongitudeDegrees>73.8346837</LongitudeDegrees>
                        </Position>
                        <AltitudeMeters>569.163818359375</AltitudeMeters>
                    </Trackpoint>
                    <Trackpoint>
                        <DistanceMeters>581.7406215667725</DistanceMeters>
                        <Time>2019-10-07T13:20:51.316Z</Time>
                        <Position>
                            <LatitudeDegrees>18.4548919</LatitudeDegrees>
                            <LongitudeDegrees>73.8346895</LongitudeDegrees>
                        </Position>
                        <AltitudeMeters>569.517822265625</AltitudeMeters>
                    </Trackpoint>
                    <Trackpoint>
                        <DistanceMeters>581.7406215667725</DistanceMeters>
                        <Time>2019-10-07T13:20:52.311Z</Time>
                        <Position>
                            <LatitudeDegrees>18.4549143</LatitudeDegrees>
                            <LongitudeDegrees>73.8346973</LongitudeDegrees>
                        </Position>
                        <AltitudeMeters>571.19775390625</AltitudeMeters>
                    </Trackpoint>
                    <Trackpoint>
                        <DistanceMeters>581.7406215667725</DistanceMeters>
                        <Time>2019-10-07T13:20:53.308Z</Time>
                        <Position>
                            <LatitudeDegrees>18.4549402</LatitudeDegrees>
                            <LongitudeDegrees>73.8347056</LongitudeDegrees>
                        </Position>
                        <AltitudeMeters>570.423583984375</AltitudeMeters>
                    </Trackpoint>
                    <Trackpoint>
                        <DistanceMeters>581.7406215667725</DistanceMeters>
                        <Time>2019-10-07T13:20:54.311Z</Time>
                        <Position>
                            <LatitudeDegrees>18.4549659</LatitudeDegrees>
                            <LongitudeDegrees>73.8347116</LongitudeDegrees>
                        </Position>
                        <AltitudeMeters>568.772216796875</AltitudeMeters>
                    </Trackpoint>
                    <Trackpoint>
                        <DistanceMeters>581.7406215667725</DistanceMeters>
                        <Time>2019-10-07T13:20:55.313Z</Time>
                        <Position>
                            <LatitudeDegrees>18.4549913</LatitudeDegrees>
                            <LongitudeDegrees>73.8347142</LongitudeDegrees>
                        </Position>
                        <AltitudeMeters>570.2529296875</AltitudeMeters>
                    </Trackpoint>
                    <Trackpoint>
                        <DistanceMeters>581.7406215667725</DistanceMeters>
                        <Time>2019-10-07T13:20:56.310Z</Time>
                        <Position>
                            <LatitudeDegrees>18.4550148</LatitudeDegrees>
                            <LongitudeDegrees>73.8347145</LongitudeDegrees>
                        </Position>
                        <AltitudeMeters>571.1673583984375</AltitudeMeters>
                    </Trackpoint>
                    <Trackpoint>
                        <DistanceMeters>581.7406215667725</DistanceMeters>
                        <Time>2019-10-07T13:20:57.314Z</Time>
                        <Position>
                            <LatitudeDegrees>18.4550339</LatitudeDegrees>
                            <LongitudeDegrees>73.8347143</LongitudeDegrees>
                        </Position>
                        <AltitudeMeters>570.874267578125</AltitudeMeters>
                    </Trackpoint>
                    <Trackpoint>
                        <DistanceMeters>581.7406215667725</DistanceMeters>
                        <Time>2019-10-07T13:20:58.308Z</Time>
                        <Position>
                            <LatitudeDegrees>18.4550514</LatitudeDegrees>
                            <LongitudeDegrees>73.8347135</LongitudeDegrees>
                        </Position>
                        <AltitudeMeters>570.623046875</AltitudeMeters>
                    </Trackpoint>
                    <Trackpoint>
                        <DistanceMeters>581.7406215667725</DistanceMeters>
                        <Time>2019-10-07T13:20:59.311Z</Time>
                        <Position>
                            <LatitudeDegrees>18.4550697</LatitudeDegrees>
                            <LongitudeDegrees>73.8347116</LongitudeDegrees>
                        </Position>
                        <AltitudeMeters>569.046875</AltitudeMeters>
                    </Trackpoint>
                    <Trackpoint>
                        <DistanceMeters>639.3516254425049</DistanceMeters>
                        <Time>2019-10-07T13:21:00.303Z</Time>
                        <Position>
                            <LatitudeDegrees>18.4550873</LatitudeDegrees>
                            <LongitudeDegrees>73.8347092</LongitudeDegrees>
                        </Position>
                        <AltitudeMeters>568.769287109375</AltitudeMeters>
                    </Trackpoint>
                    <Trackpoint>
                        <DistanceMeters>639.3516254425049</DistanceMeters>
                        <Time>2019-10-07T13:21:01.312Z</Time>
                        <Position>
                            <LatitudeDegrees>18.4551053</LatitudeDegrees>
                            <LongitudeDegrees>73.8347069</LongitudeDegrees>
                        </Position>
                        <AltitudeMeters>570.3394775390625</AltitudeMeters>
                    </Trackpoint>
                    <Trackpoint>
                        <DistanceMeters>639.3516254425049</DistanceMeters>
                        <Time>2019-10-07T13:21:02.303Z</Time>
                        <Position>
                            <LatitudeDegrees>18.4551233</LatitudeDegrees>
                            <LongitudeDegrees>73.8347059</LongitudeDegrees>
                        </Position>
                        <AltitudeMeters>570.9517822265625</AltitudeMeters>
                    </Trackpoint>
                    <Trackpoint>
                        <DistanceMeters>639.3516254425049</DistanceMeters>
                        <Time>2019-10-07T13:21:03.317Z</Time>
                        <Position>
                            <LatitudeDegrees>18.4551411</LatitudeDegrees>
                            <LongitudeDegrees>73.8347081</LongitudeDegrees>
                        </Position>
                        <AltitudeMeters>571.823486328125</AltitudeMeters>
                    </Trackpoint>
                    <Trackpoint>
                        <DistanceMeters>639.3516254425049</DistanceMeters>
                        <Time>2019-10-07T13:21:04.311Z</Time>
                        <Position>
                            <LatitudeDegrees>18.4551577</LatitudeDegrees>
                            <LongitudeDegrees>73.8347158</LongitudeDegrees>
                        </Position>
                        <AltitudeMeters>572.3818359375</AltitudeMeters>
                    </Trackpoint>
                    <Trackpoint>
                        <DistanceMeters>639.3516254425049</DistanceMeters>
                        <Time>2019-10-07T13:21:05.315Z</Time>
                        <Position>
                            <LatitudeDegrees>18.4551713</LatitudeDegrees>
                            <LongitudeDegrees>73.834727</LongitudeDegrees>
                        </Position>
                        <AltitudeMeters>573.20654296875</AltitudeMeters>
                    </Trackpoint>
                    <Trackpoint>
                        <DistanceMeters>639.3516254425049</DistanceMeters>
                        <Time>2019-10-07T13:21:06.362Z</Time>
                        <Position>
                            <LatitudeDegrees>18.4551826</LatitudeDegrees>
                            <LongitudeDegrees>73.8347381</LongitudeDegrees>
                        </Position>
                        <AltitudeMeters>572.9901123046875</AltitudeMeters>
                    </Trackpoint>
                    <Trackpoint>
                        <DistanceMeters>639.3516254425049</DistanceMeters>
                        <Time>2019-10-07T13:21:07.307Z</Time>
                        <Position>
                            <LatitudeDegrees>18.4551905</LatitudeDegrees>
                            <LongitudeDegrees>73.8347433</LongitudeDegrees>
                        </Position>
                        <AltitudeMeters>572.9912109375</AltitudeMeters>
                    </Trackpoint>
                    <Trackpoint>
                        <DistanceMeters>639.3516254425049</DistanceMeters>
                        <Time>2019-10-07T13:21:08.312Z</Time>
                        <Position>
                            <LatitudeDegrees>18.4551903</LatitudeDegrees>
                            <LongitudeDegrees>73.8347823</LongitudeDegrees>
                        </Position>
                        <AltitudeMeters>573.0548095703125</AltitudeMeters>
                    </Trackpoint>
                    <Trackpoint>
                        <DistanceMeters>639.3516254425049</DistanceMeters>
                        <Time>2019-10-07T13:21:09.309Z</Time>
                        <Position>
                            <LatitudeDegrees>18.4551741</LatitudeDegrees>
                            <LongitudeDegrees>73.834875</LongitudeDegrees>
                        </Position>
                        <AltitudeMeters>572.1944580078125</AltitudeMeters>
                    </Trackpoint>
                    <Trackpoint>
                        <DistanceMeters>639.3516254425049</DistanceMeters>
                        <Time>2019-10-07T13:21:10.311Z</Time>
                        <Position>
                            <LatitudeDegrees>18.455165</LatitudeDegrees>
                            <LongitudeDegrees>73.8349346</LongitudeDegrees>
                        </Position>
                        <AltitudeMeters>569.558837890625</AltitudeMeters>
                    </Trackpoint>
                    <Trackpoint>
                        <DistanceMeters>639.3516254425049</DistanceMeters>
                        <Time>2019-10-07T13:21:11.316Z</Time>
                        <Position>
                            <LatitudeDegrees>18.4551644</LatitudeDegrees>
                            <LongitudeDegrees>73.8349652</LongitudeDegrees>
                        </Position>
                        <AltitudeMeters>569.34619140625</AltitudeMeters>
                    </Trackpoint>
                    <Trackpoint>
                        <DistanceMeters>639.3516254425049</DistanceMeters>
                        <Time>2019-10-07T13:21:12.308Z</Time>
                        <Position>
                            <LatitudeDegrees>18.4551658</LatitudeDegrees>
                            <LongitudeDegrees>73.8349865</LongitudeDegrees>
                        </Position>
                        <AltitudeMeters>569.54052734375</AltitudeMeters>
                    </Trackpoint>
                    <Trackpoint>
                        <DistanceMeters>639.3516254425049</DistanceMeters>
                        <Time>2019-10-07T13:21:13.307Z</Time>
                        <Position>
                            <LatitudeDegrees>18.4551683</LatitudeDegrees>
                            <LongitudeDegrees>73.8350002</LongitudeDegrees>
                        </Position>
                        <AltitudeMeters>569.6622314453125</AltitudeMeters>
                    </Trackpoint>
                    <Trackpoint>
                        <DistanceMeters>639.3516254425049</DistanceMeters>
                        <Time>2019-10-07T13:21:15.303Z</Time>
                        <Position>
                            <LatitudeDegrees>18.4551802</LatitudeDegrees>
                            <LongitudeDegrees>73.8350005</LongitudeDegrees>
                        </Position>
                        <AltitudeMeters>569.510986328125</AltitudeMeters>
                    </Trackpoint>
                    <Trackpoint>
                        <DistanceMeters>639.3516254425049</DistanceMeters>
                        <Time>2019-10-07T13:21:16.307Z</Time>
                        <Position>
                            <LatitudeDegrees>18.4551889</LatitudeDegrees>
                            <LongitudeDegrees>73.8349916</LongitudeDegrees>
                        </Position>
                        <AltitudeMeters>568.44873046875</AltitudeMeters>
                    </Trackpoint>
                    <Trackpoint>
                        <DistanceMeters>639.3516254425049</DistanceMeters>
                        <Time>2019-10-07T13:21:17.303Z</Time>
                        <Position>
                            <LatitudeDegrees>18.4551978</LatitudeDegrees>
                            <LongitudeDegrees>73.8349798</LongitudeDegrees>
                        </Position>
                        <AltitudeMeters>564.365966796875</AltitudeMeters>
                    </Trackpoint>
                    <Trackpoint>
                        <DistanceMeters>639.3516254425049</DistanceMeters>
                        <Time>2019-10-07T13:21:18.312Z</Time>
                        <Position>
                            <LatitudeDegrees>18.4552072</LatitudeDegrees>
                            <LongitudeDegrees>73.8349677</LongitudeDegrees>
                        </Position>
                        <AltitudeMeters>563.820556640625</AltitudeMeters>
                    </Trackpoint>
                    <Trackpoint>
                        <DistanceMeters>639.3516254425049</DistanceMeters>
                        <Time>2019-10-07T13:21:19.302Z</Time>
                        <Position>
                            <LatitudeDegrees>18.4552159</LatitudeDegrees>
                            <LongitudeDegrees>73.8349574</LongitudeDegrees>
                        </Position>
                        <AltitudeMeters>564.164794921875</AltitudeMeters>
                    </Trackpoint>
                    <Trackpoint>
                        <DistanceMeters>639.3516254425049</DistanceMeters>
                        <Time>2019-10-07T13:21:21.309Z</Time>
                        <Position>
                            <LatitudeDegrees>18.4552313</LatitudeDegrees>
                            <LongitudeDegrees>73.8349435</LongitudeDegrees>
                        </Position>
                        <AltitudeMeters>564.166015625</AltitudeMeters>
                    </Trackpoint>
                    <Trackpoint>
                        <DistanceMeters>639.3516254425049</DistanceMeters>
                        <Time>2019-10-07T13:21:22.309Z</Time>
                        <Position>
                            <LatitudeDegrees>18.4552375</LatitudeDegrees>
                            <LongitudeDegrees>73.8349303</LongitudeDegrees>
                        </Position>
                        <AltitudeMeters>563.8306884765625</AltitudeMeters>
                    </Trackpoint>
                    <Trackpoint>
                        <DistanceMeters>639.3516254425049</DistanceMeters>
                        <Time>2019-10-07T13:21:23.308Z</Time>
                        <Position>
                            <LatitudeDegrees>18.4552439</LatitudeDegrees>
                            <LongitudeDegrees>73.8349167</LongitudeDegrees>
                        </Position>
                        <AltitudeMeters>563.556396484375</AltitudeMeters>
                    </Trackpoint>
                    <Trackpoint>
                        <DistanceMeters>639.3516254425049</DistanceMeters>
                        <Time>2019-10-07T13:21:24.305Z</Time>
                        <Position>
                            <LatitudeDegrees>18.4552503</LatitudeDegrees>
                            <LongitudeDegrees>73.8349068</LongitudeDegrees>
                        </Position>
                        <AltitudeMeters>564.016357421875</AltitudeMeters>
                    </Trackpoint>
                    <Trackpoint>
                        <DistanceMeters>639.3516254425049</DistanceMeters>
                        <Time>2019-10-07T13:21:26.314Z</Time>
                        <Position>
                            <LatitudeDegrees>18.4552612</LatitudeDegrees>
                            <LongitudeDegrees>73.8349003</LongitudeDegrees>
                        </Position>
                        <AltitudeMeters>559.497802734375</AltitudeMeters>
                    </Trackpoint>
                    <Trackpoint>
                        <DistanceMeters>660.9029426574707</DistanceMeters>
                        <Time>2019-10-07T13:21:32.317Z</Time>
                        <Position>
                            <LatitudeDegrees>18.4552515</LatitudeDegrees>
                            <LongitudeDegrees>73.8349036</LongitudeDegrees>
                        </Position>
                        <AltitudeMeters>560.103759765625</AltitudeMeters>
                    </Trackpoint>
                    <Trackpoint>
                        <DistanceMeters>660.9029426574707</DistanceMeters>
                        <Time>2019-10-07T13:21:35.308Z</Time>
                        <Position>
                            <LatitudeDegrees>18.4552464</LatitudeDegrees>
                            <LongitudeDegrees>73.8349156</LongitudeDegrees>
                        </Position>
                        <AltitudeMeters>560.943115234375</AltitudeMeters>
                    </Trackpoint>
                    <Trackpoint>
                        <DistanceMeters>660.9029426574707</DistanceMeters>
                        <Time>2019-10-07T13:21:37.312Z</Time>
                        <Position>
                            <LatitudeDegrees>18.4552429</LatitudeDegrees>
                            <LongitudeDegrees>73.8349311</LongitudeDegrees>
                        </Position>
                        <AltitudeMeters>560.964111328125</AltitudeMeters>
                    </Trackpoint>
                    <Trackpoint>
                        <DistanceMeters>660.9029426574707</DistanceMeters>
                        <Time>2019-10-07T13:21:39.310Z</Time>
                        <Position>
                            <LatitudeDegrees>18.4552416</LatitudeDegrees>
                            <LongitudeDegrees>73.8349489</LongitudeDegrees>
                        </Position>
                        <AltitudeMeters>559.574951171875</AltitudeMeters>
                    </Trackpoint>
                    <Trackpoint>
                        <DistanceMeters>660.9029426574707</DistanceMeters>
                        <Time>2019-10-07T13:21:41.307Z</Time>
                        <Position>
                            <LatitudeDegrees>18.4552413</LatitudeDegrees>
                            <LongitudeDegrees>73.8349674</LongitudeDegrees>
                        </Position>
                        <AltitudeMeters>561.2889404296875</AltitudeMeters>
                    </Trackpoint>
                    <Trackpoint>
                        <DistanceMeters>660.9029426574707</DistanceMeters>
                        <Time>2019-10-07T13:21:43.312Z</Time>
                        <Position>
                            <LatitudeDegrees>18.4552423</LatitudeDegrees>
                            <LongitudeDegrees>73.8349814</LongitudeDegrees>
                        </Position>
                        <AltitudeMeters>563.44677734375</AltitudeMeters>
                    </Trackpoint>
                    <Trackpoint>
                        <DistanceMeters>660.9029426574707</DistanceMeters>
                        <Time>2019-10-07T13:21:45.302Z</Time>
                        <Position>
                            <LatitudeDegrees>18.4552495</LatitudeDegrees>
                            <LongitudeDegrees>73.8349885</LongitudeDegrees>
                        </Position>
                        <AltitudeMeters>563.547119140625</AltitudeMeters>
                    </Trackpoint>
                    <Trackpoint>
                        <DistanceMeters>660.9029426574707</DistanceMeters>
                        <Time>2019-10-07T13:21:47.305Z</Time>
                        <Position>
                            <LatitudeDegrees>18.4552623</LatitudeDegrees>
                            <LongitudeDegrees>73.8349829</LongitudeDegrees>
                        </Position>
                        <AltitudeMeters>563.4534912109375</AltitudeMeters>
                    </Trackpoint>
                    <Trackpoint>
                        <DistanceMeters>660.9029426574707</DistanceMeters>
                        <Time>2019-10-07T13:21:48.304Z</Time>
                        <Position>
                            <LatitudeDegrees>18.4552709</LatitudeDegrees>
                            <LongitudeDegrees>73.834977</LongitudeDegrees>
                        </Position>
                        <AltitudeMeters>563.49658203125</AltitudeMeters>
                    </Trackpoint>
                    <Trackpoint>
                        <DistanceMeters>660.9029426574707</DistanceMeters>
                        <Time>2019-10-07T13:21:49.308Z</Time>
                        <Position>
                            <LatitudeDegrees>18.4552794</LatitudeDegrees>
                            <LongitudeDegrees>73.8349734</LongitudeDegrees>
                        </Position>
                        <AltitudeMeters>564.5830078125</AltitudeMeters>
                    </Trackpoint>
                    <Trackpoint>
                        <DistanceMeters>660.9029426574707</DistanceMeters>
                        <Time>2019-10-07T13:21:51.314Z</Time>
                        <Position>
                            <LatitudeDegrees>18.4552918</LatitudeDegrees>
                            <LongitudeDegrees>73.834966</LongitudeDegrees>
                        </Position>
                        <AltitudeMeters>564.802978515625</AltitudeMeters>
                    </Trackpoint>
                    <Trackpoint>
                        <DistanceMeters>660.9029426574707</DistanceMeters>
                        <Time>2019-10-07T13:21:53.305Z</Time>
                        <Position>
                            <LatitudeDegrees>18.4553038</LatitudeDegrees>
                            <LongitudeDegrees>73.8349586</LongitudeDegrees>
                        </Position>
                        <AltitudeMeters>565.377685546875</AltitudeMeters>
                    </Trackpoint>
                    <Trackpoint>
                        <DistanceMeters>660.9029426574707</DistanceMeters>
                        <Time>2019-10-07T13:21:55.311Z</Time>
                        <Position>
                            <LatitudeDegrees>18.4553166</LatitudeDegrees>
                            <LongitudeDegrees>73.8349556</LongitudeDegrees>
                        </Position>
                        <AltitudeMeters>565.80908203125</AltitudeMeters>
                    </Trackpoint>
                    <Trackpoint>
                        <DistanceMeters>660.9029426574707</DistanceMeters>
                        <Time>2019-10-07T13:21:57.311Z</Time>
                        <Position>
                            <LatitudeDegrees>18.4553307</LatitudeDegrees>
                            <LongitudeDegrees>73.8349445</LongitudeDegrees>
                        </Position>
                        <AltitudeMeters>565.7000732421875</AltitudeMeters>
                    </Trackpoint>
                    <Trackpoint>
                        <DistanceMeters>727.9977378845215</DistanceMeters>
                        <Time>2019-10-07T13:22:01.307Z</Time>
                        <Position>
                            <LatitudeDegrees>18.4552086</LatitudeDegrees>
                            <LongitudeDegrees>73.8349511</LongitudeDegrees>
                        </Position>
                        <AltitudeMeters>565.1927490234375</AltitudeMeters>
                    </Trackpoint>
                    <Trackpoint>
                        <DistanceMeters>727.9977378845215</DistanceMeters>
                        <Time>2019-10-07T13:22:02.305Z</Time>
                        <Position>
                            <LatitudeDegrees>18.4551578</LatitudeDegrees>
                            <LongitudeDegrees>73.834955</LongitudeDegrees>
                        </Position>
                        <AltitudeMeters>565.668701171875</AltitudeMeters>
                    </Trackpoint>
                    <Trackpoint>
                        <DistanceMeters>727.9977378845215</DistanceMeters>
                        <Time>2019-10-07T13:22:03.309Z</Time>
                        <Position>
                            <LatitudeDegrees>18.4551079</LatitudeDegrees>
                            <LongitudeDegrees>73.8349494</LongitudeDegrees>
                        </Position>
                        <AltitudeMeters>565.829345703125</AltitudeMeters>
                    </Trackpoint>
                    <Trackpoint>
                        <DistanceMeters>727.9977378845215</DistanceMeters>
                        <Time>2019-10-07T13:22:04.308Z</Time>
                        <Position>
                            <LatitudeDegrees>18.4550788</LatitudeDegrees>
                            <LongitudeDegrees>73.834938</LongitudeDegrees>
                        </Position>
                        <AltitudeMeters>565.823486328125</AltitudeMeters>
                    </Trackpoint>
                    <Trackpoint>
                        <DistanceMeters>727.9977378845215</DistanceMeters>
                        <Time>2019-10-07T13:22:05.304Z</Time>
                        <Position>
                            <LatitudeDegrees>18.4550623</LatitudeDegrees>
                            <LongitudeDegrees>73.8349224</LongitudeDegrees>
                        </Position>
                        <AltitudeMeters>566.503173828125</AltitudeMeters>
                    </Trackpoint>
                    <Trackpoint>
                        <DistanceMeters>727.9977378845215</DistanceMeters>
                        <Time>2019-10-07T13:22:06.309Z</Time>
                        <Position>
                            <LatitudeDegrees>18.4550557</LatitudeDegrees>
                            <LongitudeDegrees>73.8349055</LongitudeDegrees>
                        </Position>
                        <AltitudeMeters>565.953369140625</AltitudeMeters>
                    </Trackpoint>
                    <Trackpoint>
                        <DistanceMeters>727.9977378845215</DistanceMeters>
                        <Time>2019-10-07T13:22:07.304Z</Time>
                        <Position>
                            <LatitudeDegrees>18.4550943</LatitudeDegrees>
                            <LongitudeDegrees>73.8348919</LongitudeDegrees>
                        </Position>
                        <AltitudeMeters>564.3681640625</AltitudeMeters>
                    </Trackpoint>
                    <Trackpoint>
                        <DistanceMeters>727.9977378845215</DistanceMeters>
                        <Time>2019-10-07T13:22:08.301Z</Time>
                        <Position>
                            <LatitudeDegrees>18.4551111</LatitudeDegrees>
                            <LongitudeDegrees>73.8348841</LongitudeDegrees>
                        </Position>
                        <AltitudeMeters>564.5867919921875</AltitudeMeters>
                    </Trackpoint>
                    <Trackpoint>
                        <DistanceMeters>727.9977378845215</DistanceMeters>
                        <Time>2019-10-07T13:22:09.308Z</Time>
                        <Position>
                            <LatitudeDegrees>18.4551319</LatitudeDegrees>
                            <LongitudeDegrees>73.8348749</LongitudeDegrees>
                        </Position>
                        <AltitudeMeters>565.58203125</AltitudeMeters>
                    </Trackpoint>
                    <Trackpoint>
                        <DistanceMeters>727.9977378845215</DistanceMeters>
                        <Time>2019-10-07T13:22:10.304Z</Time>
                        <Position>
                            <LatitudeDegrees>18.4551406</LatitudeDegrees>
                            <LongitudeDegrees>73.834869</LongitudeDegrees>
                        </Position>
                        <AltitudeMeters>564.142822265625</AltitudeMeters>
                    </Trackpoint>
                    <Trackpoint>
                        <DistanceMeters>727.9977378845215</DistanceMeters>
                        <Time>2019-10-07T13:22:13.312Z</Time>
                        <Position>
                            <LatitudeDegrees>18.4551435</LatitudeDegrees>
                            <LongitudeDegrees>73.834857</LongitudeDegrees>
                        </Position>
                        <AltitudeMeters>571.9066162109375</AltitudeMeters>
                    </Trackpoint>
                    <Trackpoint>
                        <DistanceMeters>727.9977378845215</DistanceMeters>
                        <Time>2019-10-07T13:22:15.304Z</Time>
                        <Position>
                            <LatitudeDegrees>18.4551294</LatitudeDegrees>
                            <LongitudeDegrees>73.8348517</LongitudeDegrees>
                        </Position>
                        <AltitudeMeters>571.3831787109375</AltitudeMeters>
                    </Trackpoint>
                    <Trackpoint>
                        <DistanceMeters>727.9977378845215</DistanceMeters>
                        <Time>2019-10-07T13:22:16.305Z</Time>
                        <Position>
                            <LatitudeDegrees>18.4551179</LatitudeDegrees>
                            <LongitudeDegrees>73.8348501</LongitudeDegrees>
                        </Position>
                        <AltitudeMeters>571.322998046875</AltitudeMeters>
                    </Trackpoint>
                    <Trackpoint>
                        <DistanceMeters>727.9977378845215</DistanceMeters>
                        <Time>2019-10-07T13:22:17.310Z</Time>
                        <Position>
                            <LatitudeDegrees>18.4551042</LatitudeDegrees>
                            <LongitudeDegrees>73.8348499</LongitudeDegrees>
                        </Position>
                        <AltitudeMeters>572.5174560546875</AltitudeMeters>
                    </Trackpoint>
                    <Trackpoint>
                        <DistanceMeters>727.9977378845215</DistanceMeters>
                        <Time>2019-10-07T13:22:18.308Z</Time>
                        <Position>
                            <LatitudeDegrees>18.455089</LatitudeDegrees>
                            <LongitudeDegrees>73.8348502</LongitudeDegrees>
                        </Position>
                        <AltitudeMeters>573.2445068359375</AltitudeMeters>
                    </Trackpoint>
                    <Trackpoint>
                        <DistanceMeters>727.9977378845215</DistanceMeters>
                        <Time>2019-10-07T13:22:19.301Z</Time>
                        <Position>
                            <LatitudeDegrees>18.4550729</LatitudeDegrees>
                            <LongitudeDegrees>73.8348522</LongitudeDegrees>
                        </Position>
                        <AltitudeMeters>573.413818359375</AltitudeMeters>
                    </Trackpoint>
                    <Trackpoint>
                        <DistanceMeters>727.9977378845215</DistanceMeters>
                        <Time>2019-10-07T13:22:20.318Z</Time>
                        <Position>
                            <LatitudeDegrees>18.4550582</LatitudeDegrees>
                            <LongitudeDegrees>73.8348543</LongitudeDegrees>
                        </Position>
                        <AltitudeMeters>572.90869140625</AltitudeMeters>
                    </Trackpoint>
                    <Trackpoint>
                        <DistanceMeters>727.9977378845215</DistanceMeters>
                        <Time>2019-10-07T13:22:21.309Z</Time>
                        <Position>
                            <LatitudeDegrees>18.4550449</LatitudeDegrees>
                            <LongitudeDegrees>73.8348563</LongitudeDegrees>
                        </Position>
                        <AltitudeMeters>572.040283203125</AltitudeMeters>
                    </Trackpoint>
                    <Trackpoint>
                        <DistanceMeters>727.9977378845215</DistanceMeters>
                        <Time>2019-10-07T13:22:22.303Z</Time>
                        <Position>
                            <LatitudeDegrees>18.4550324</LatitudeDegrees>
                            <LongitudeDegrees>73.8348564</LongitudeDegrees>
                        </Position>
                        <AltitudeMeters>572.0126953125</AltitudeMeters>
                    </Trackpoint>
                    <Trackpoint>
                        <DistanceMeters>727.9977378845215</DistanceMeters>
                        <Time>2019-10-07T13:22:23.305Z</Time>
                        <Position>
                            <LatitudeDegrees>18.4550211</LatitudeDegrees>
                            <LongitudeDegrees>73.8348546</LongitudeDegrees>
                        </Position>
                        <AltitudeMeters>572.25830078125</AltitudeMeters>
                    </Trackpoint>
                    <Trackpoint>
                        <DistanceMeters>727.9977378845215</DistanceMeters>
                        <Time>2019-10-07T13:22:24.305Z</Time>
                        <Position>
                            <LatitudeDegrees>18.4550109</LatitudeDegrees>
                            <LongitudeDegrees>73.8348506</LongitudeDegrees>
                        </Position>
                        <AltitudeMeters>572.400146484375</AltitudeMeters>
                    </Trackpoint>
                    <Trackpoint>
                        <DistanceMeters>727.9977378845215</DistanceMeters>
                        <Time>2019-10-07T13:22:25.323Z</Time>
                        <Position>
                            <LatitudeDegrees>18.4550022</LatitudeDegrees>
                            <LongitudeDegrees>73.8348439</LongitudeDegrees>
                        </Position>
                        <AltitudeMeters>572.24560546875</AltitudeMeters>
                    </Trackpoint>
                    <Trackpoint>
                        <DistanceMeters>727.9977378845215</DistanceMeters>
                        <Time>2019-10-07T13:22:26.306Z</Time>
                        <Position>
                            <LatitudeDegrees>18.4549944</LatitudeDegrees>
                            <LongitudeDegrees>73.8348354</LongitudeDegrees>
                        </Position>
                        <AltitudeMeters>569.849853515625</AltitudeMeters>
                    </Trackpoint>
                    <Trackpoint>
                        <DistanceMeters>727.9977378845215</DistanceMeters>
                        <Time>2019-10-07T13:22:27.321Z</Time>
                        <Position>
                            <LatitudeDegrees>18.4549834</LatitudeDegrees>
                            <LongitudeDegrees>73.8348251</LongitudeDegrees>
                        </Position>
                        <AltitudeMeters>556.34765625</AltitudeMeters>
                    </Trackpoint>
                    <Trackpoint>
                        <DistanceMeters>727.9977378845215</DistanceMeters>
                        <Time>2019-10-07T13:22:28.309Z</Time>
                        <Position>
                            <LatitudeDegrees>18.4549707</LatitudeDegrees>
                            <LongitudeDegrees>73.8348153</LongitudeDegrees>
                        </Position>
                        <AltitudeMeters>556.861083984375</AltitudeMeters>
                    </Trackpoint>
                    <Trackpoint>
                        <DistanceMeters>727.9977378845215</DistanceMeters>
                        <Time>2019-10-07T13:22:29.314Z</Time>
                        <Position>
                            <LatitudeDegrees>18.4549572</LatitudeDegrees>
                            <LongitudeDegrees>73.8348053</LongitudeDegrees>
                        </Position>
                        <AltitudeMeters>557.0458984375</AltitudeMeters>
                    </Trackpoint>
                    <Trackpoint>
                        <DistanceMeters>760.0759086608887</DistanceMeters>
                        <Time>2019-10-07T13:22:30.311Z</Time>
                        <Position>
                            <LatitudeDegrees>18.4549433</LatitudeDegrees>
                            <LongitudeDegrees>73.8347927</LongitudeDegrees>
                        </Position>
                        <AltitudeMeters>557.11767578125</AltitudeMeters>
                    </Trackpoint>
                    <Trackpoint>
                        <DistanceMeters>760.0759086608887</DistanceMeters>
                        <Time>2019-10-07T13:22:31.307Z</Time>
                        <Position>
                            <LatitudeDegrees>18.454928</LatitudeDegrees>
                            <LongitudeDegrees>73.8347779</LongitudeDegrees>
                        </Position>
                        <AltitudeMeters>557.0523681640625</AltitudeMeters>
                    </Trackpoint>
                    <Trackpoint>
                        <DistanceMeters>760.0759086608887</DistanceMeters>
                        <Time>2019-10-07T13:22:32.303Z</Time>
                        <Position>
                            <LatitudeDegrees>18.4549135</LatitudeDegrees>
                            <LongitudeDegrees>73.834765</LongitudeDegrees>
                        </Position>
                        <AltitudeMeters>556.832275390625</AltitudeMeters>
                    </Trackpoint>
                    <Trackpoint>
                        <DistanceMeters>760.0759086608887</DistanceMeters>
                        <Time>2019-10-07T13:22:33.305Z</Time>
                        <Position>
                            <LatitudeDegrees>18.4548991</LatitudeDegrees>
                            <LongitudeDegrees>73.8347553</LongitudeDegrees>
                        </Position>
                        <AltitudeMeters>557.16796875</AltitudeMeters>
                    </Trackpoint>
                    <Trackpoint>
                        <DistanceMeters>760.0759086608887</DistanceMeters>
                        <Time>2019-10-07T13:22:34.309Z</Time>
                        <Position>
                            <LatitudeDegrees>18.4548836</LatitudeDegrees>
                            <LongitudeDegrees>73.8347496</LongitudeDegrees>
                        </Position>
                        <AltitudeMeters>556.80029296875</AltitudeMeters>
                    </Trackpoint>
                    <Trackpoint>
                        <DistanceMeters>760.0759086608887</DistanceMeters>
                        <Time>2019-10-07T13:22:35.306Z</Time>
                        <Position>
                            <LatitudeDegrees>18.4548713</LatitudeDegrees>
                            <LongitudeDegrees>73.8347488</LongitudeDegrees>
                        </Position>
                        <AltitudeMeters>556.652587890625</AltitudeMeters>
                    </Trackpoint>
                    <Trackpoint>
                        <DistanceMeters>760.0759086608887</DistanceMeters>
                        <Time>2019-10-07T13:22:36.308Z</Time>
                        <Position>
                            <LatitudeDegrees>18.4548583</LatitudeDegrees>
                            <LongitudeDegrees>73.8347482</LongitudeDegrees>
                        </Position>
                        <AltitudeMeters>556.2403564453125</AltitudeMeters>
                    </Trackpoint>
                    <Trackpoint>
                        <DistanceMeters>760.0759086608887</DistanceMeters>
                        <Time>2019-10-07T13:22:37.305Z</Time>
                        <Position>
                            <LatitudeDegrees>18.4548463</LatitudeDegrees>
                            <LongitudeDegrees>73.8347479</LongitudeDegrees>
                        </Position>
                        <AltitudeMeters>556.243896484375</AltitudeMeters>
                    </Trackpoint>
                    <Trackpoint>
                        <DistanceMeters>760.0759086608887</DistanceMeters>
                        <Time>2019-10-07T13:22:38.307Z</Time>
                        <Position>
                            <LatitudeDegrees>18.454834</LatitudeDegrees>
                            <LongitudeDegrees>73.8347447</LongitudeDegrees>
                        </Position>
                        <AltitudeMeters>556.77783203125</AltitudeMeters>
                    </Trackpoint>
                    <Trackpoint>
                        <DistanceMeters>760.0759086608887</DistanceMeters>
                        <Time>2019-10-07T13:22:39.302Z</Time>
                        <Position>
                            <LatitudeDegrees>18.4548225</LatitudeDegrees>
                            <LongitudeDegrees>73.8347401</LongitudeDegrees>
                        </Position>
                        <AltitudeMeters>556.7796630859375</AltitudeMeters>
                    </Trackpoint>
                    <Trackpoint>
                        <DistanceMeters>760.0759086608887</DistanceMeters>
                        <Time>2019-10-07T13:22:40.308Z</Time>
                        <Position>
                            <LatitudeDegrees>18.4548126</LatitudeDegrees>
                            <LongitudeDegrees>73.8347353</LongitudeDegrees>
                        </Position>
                        <AltitudeMeters>556.32958984375</AltitudeMeters>
                    </Trackpoint>
                    <Trackpoint>
                        <DistanceMeters>760.0759086608887</DistanceMeters>
                        <Time>2019-10-07T13:22:41.311Z</Time>
                        <Position>
                            <LatitudeDegrees>18.4548038</LatitudeDegrees>
                            <LongitudeDegrees>73.8347298</LongitudeDegrees>
                        </Position>
                        <AltitudeMeters>555.6300048828125</AltitudeMeters>
                    </Trackpoint>
                    <Trackpoint>
                        <DistanceMeters>760.0759086608887</DistanceMeters>
                        <Time>2019-10-07T13:22:43.309Z</Time>
                        <Position>
                            <LatitudeDegrees>18.4547895</LatitudeDegrees>
                            <LongitudeDegrees>73.8347191</LongitudeDegrees>
                        </Position>
                        <AltitudeMeters>554.6494140625</AltitudeMeters>
                    </Trackpoint>
                    <Trackpoint>
                        <DistanceMeters>760.0759086608887</DistanceMeters>
                        <Time>2019-10-07T13:22:45.303Z</Time>
                        <Position>
                            <LatitudeDegrees>18.4547774</LatitudeDegrees>
                            <LongitudeDegrees>73.8347095</LongitudeDegrees>
                        </Position>
                        <AltitudeMeters>557.98046875</AltitudeMeters>
                    </Trackpoint>
                    <Trackpoint>
                        <DistanceMeters>760.0759086608887</DistanceMeters>
                        <Time>2019-10-07T13:22:47.314Z</Time>
                        <Position>
                            <LatitudeDegrees>18.4547686</LatitudeDegrees>
                            <LongitudeDegrees>73.8347049</LongitudeDegrees>
                        </Position>
                        <AltitudeMeters>557.8133544921875</AltitudeMeters>
                    </Trackpoint>
                    <Trackpoint>
                        <DistanceMeters>760.0759086608887</DistanceMeters>
                        <Time>2019-10-07T13:22:51.315Z</Time>
                        <Position>
                            <LatitudeDegrees>18.4547618</LatitudeDegrees>
                            <LongitudeDegrees>73.8346975</LongitudeDegrees>
                        </Position>
                        <AltitudeMeters>558.5736083984375</AltitudeMeters>
                    </Trackpoint>
                    <Trackpoint>
                        <DistanceMeters>760.0759086608887</DistanceMeters>
                        <Time>2019-10-07T13:22:55.310Z</Time>
                        <Position>
                            <LatitudeDegrees>18.4547659</LatitudeDegrees>
                            <LongitudeDegrees>73.8346862</LongitudeDegrees>
                        </Position>
                        <AltitudeMeters>554.516357421875</AltitudeMeters>
                    </Trackpoint>
                    <Trackpoint>
                        <DistanceMeters>760.0759086608887</DistanceMeters>
                        <Time>2019-10-07T13:22:58.322Z</Time>
                        <Position>
                            <LatitudeDegrees>18.4547881</LatitudeDegrees>
                            <LongitudeDegrees>73.8346935</LongitudeDegrees>
                        </Position>
                        <AltitudeMeters>553.4771728515625</AltitudeMeters>
                    </Trackpoint>
                    <Trackpoint>
                        <DistanceMeters>760.0759086608887</DistanceMeters>
                        <Time>2019-10-07T13:22:59.303Z</Time>
                        <Position>
                            <LatitudeDegrees>18.4548069</LatitudeDegrees>
                            <LongitudeDegrees>73.8347024</LongitudeDegrees>
                        </Position>
                        <AltitudeMeters>553.61328125</AltitudeMeters>
                    </Trackpoint>
                    <Trackpoint>
                        <DistanceMeters>786.1935958862305</DistanceMeters>
                        <Time>2019-10-07T13:23:00.312Z</Time>
                        <Position>
                            <LatitudeDegrees>18.4548227</LatitudeDegrees>
                            <LongitudeDegrees>73.8347114</LongitudeDegrees>
                        </Position>
                        <AltitudeMeters>554.9029541015625</AltitudeMeters>
                    </Trackpoint>
                    <Trackpoint>
                        <DistanceMeters>786.1935958862305</DistanceMeters>
                        <Time>2019-10-07T13:23:01.312Z</Time>
                        <Position>
                            <LatitudeDegrees>18.454836</LatitudeDegrees>
                            <LongitudeDegrees>73.8347192</LongitudeDegrees>
                        </Position>
                        <AltitudeMeters>554.6640625</AltitudeMeters>
                    </Trackpoint>
                    <Trackpoint>
                        <DistanceMeters>786.1935958862305</DistanceMeters>
                        <Time>2019-10-07T13:23:02.311Z</Time>
                        <Position>
                            <LatitudeDegrees>18.4548493</LatitudeDegrees>
                            <LongitudeDegrees>73.834727</LongitudeDegrees>
                        </Position>
                        <AltitudeMeters>552.747802734375</AltitudeMeters>
                    </Trackpoint>
                    <Trackpoint>
                        <DistanceMeters>786.1935958862305</DistanceMeters>
                        <Time>2019-10-07T13:23:03.306Z</Time>
                        <Position>
                            <LatitudeDegrees>18.4548614</LatitudeDegrees>
                            <LongitudeDegrees>73.8347349</LongitudeDegrees>
                        </Position>
                        <AltitudeMeters>551.30078125</AltitudeMeters>
                    </Trackpoint>
                    <Trackpoint>
                        <DistanceMeters>786.1935958862305</DistanceMeters>
                        <Time>2019-10-07T13:23:04.313Z</Time>
                        <Position>
                            <LatitudeDegrees>18.4548728</LatitudeDegrees>
                            <LongitudeDegrees>73.8347426</LongitudeDegrees>
                        </Position>
                        <AltitudeMeters>551.129638671875</AltitudeMeters>
                    </Trackpoint>
                    <Trackpoint>
                        <DistanceMeters>786.1935958862305</DistanceMeters>
                        <Time>2019-10-07T13:23:05.304Z</Time>
                        <Position>
                            <LatitudeDegrees>18.4548839</LatitudeDegrees>
                            <LongitudeDegrees>73.8347488</LongitudeDegrees>
                        </Position>
                        <AltitudeMeters>551.145263671875</AltitudeMeters>
                    </Trackpoint>
                    <Trackpoint>
                        <DistanceMeters>786.1935958862305</DistanceMeters>
                        <Time>2019-10-07T13:23:09.776Z</Time>
                        <Position>
                            <LatitudeDegrees>18.4549192</LatitudeDegrees>
                            <LongitudeDegrees>73.8347627</LongitudeDegrees>
                        </Position>
                        <AltitudeMeters>551.145263671875</AltitudeMeters>
                    </Trackpoint>
                    <Trackpoint>
                        <DistanceMeters>786.1935958862305</DistanceMeters>
                        <Time>2019-10-07T13:23:23.305Z</Time>
                        <Position>
                            <LatitudeDegrees>18.4549446</LatitudeDegrees>
                            <LongitudeDegrees>73.8347014</LongitudeDegrees>
                        </Position>
                        <AltitudeMeters>551.114990234375</AltitudeMeters>
                    </Trackpoint>
                    <Trackpoint>
                        <DistanceMeters>786.1935958862305</DistanceMeters>
                        <Time>2019-10-07T13:23:26.303Z</Time>
                        <Position>
                            <LatitudeDegrees>18.4549358</LatitudeDegrees>
                            <LongitudeDegrees>73.8347127</LongitudeDegrees>
                        </Position>
                        <AltitudeMeters>549.8592529296875</AltitudeMeters>
                    </Trackpoint>
                    <Trackpoint>
                        <DistanceMeters>786.1935958862305</DistanceMeters>
                        <Time>2019-10-07T13:23:27.307Z</Time>
                        <Position>
                            <LatitudeDegrees>18.4549286</LatitudeDegrees>
                            <LongitudeDegrees>73.8347196</LongitudeDegrees>
                        </Position>
                        <AltitudeMeters>549.86572265625</AltitudeMeters>
                    </Trackpoint>
                    <Trackpoint>
                        <DistanceMeters>786.1935958862305</DistanceMeters>
                        <Time>2019-10-07T13:23:28.301Z</Time>
                        <Position>
                            <LatitudeDegrees>18.4549198</LatitudeDegrees>
                            <LongitudeDegrees>73.8347269</LongitudeDegrees>
                        </Position>
                        <AltitudeMeters>550.21044921875</AltitudeMeters>
                    </Trackpoint>
                    <Trackpoint>
                        <DistanceMeters>786.1935958862305</DistanceMeters>
                        <Time>2019-10-07T13:23:29.320Z</Time>
                        <Position>
                            <LatitudeDegrees>18.4549105</LatitudeDegrees>
                            <LongitudeDegrees>73.8347331</LongitudeDegrees>
                        </Position>
                        <AltitudeMeters>550.146240234375</AltitudeMeters>
                    </Trackpoint>
                    <Trackpoint>
                        <DistanceMeters>802.8491821289062</DistanceMeters>
                        <Time>2019-10-07T13:23:31.308Z</Time>
                        <Position>
                            <LatitudeDegrees>18.4548954</LatitudeDegrees>
                            <LongitudeDegrees>73.8347356</LongitudeDegrees>
                        </Position>
                        <AltitudeMeters>549.935791015625</AltitudeMeters>
                    </Trackpoint>
                    <Trackpoint>
                        <DistanceMeters>802.8491821289062</DistanceMeters>
                        <Time>2019-10-07T13:23:33.309Z</Time>
                        <Position>
                            <LatitudeDegrees>18.4548878</LatitudeDegrees>
                            <LongitudeDegrees>73.8347438</LongitudeDegrees>
                        </Position>
                        <AltitudeMeters>550.9290771484375</AltitudeMeters>
                    </Trackpoint>
                    <Trackpoint>
                        <DistanceMeters>802.8491821289062</DistanceMeters>
                        <Time>2019-10-07T13:23:35.520Z</Time>
                        <Position>
                            <LatitudeDegrees>18.4548748</LatitudeDegrees>
                            <LongitudeDegrees>73.8347466</LongitudeDegrees>
                        </Position>
                        <AltitudeMeters>552.0411376953125</AltitudeMeters>
                    </Trackpoint>
                    <Trackpoint>
                        <DistanceMeters>802.8491821289062</DistanceMeters>
                        <Time>2019-10-07T13:23:37.302Z</Time>
                        <Position>
                            <LatitudeDegrees>18.454863</LatitudeDegrees>
                            <LongitudeDegrees>73.8347489</LongitudeDegrees>
                        </Position>
                        <AltitudeMeters>552.5872802734375</AltitudeMeters>
                    </Trackpoint>
                    <Trackpoint>
                        <DistanceMeters>802.8491821289062</DistanceMeters>
                        <Time>2019-10-07T13:23:40.302Z</Time>
                        <Position>
                            <LatitudeDegrees>18.4548505</LatitudeDegrees>
                            <LongitudeDegrees>73.8347484</LongitudeDegrees>
                        </Position>
                        <AltitudeMeters>543.6591796875</AltitudeMeters>
                    </Trackpoint>
                    <Trackpoint>
                        <DistanceMeters>802.8491821289062</DistanceMeters>
                        <Time>2019-10-07T13:23:42.314Z</Time>
                        <Position>
                            <LatitudeDegrees>18.4548421</LatitudeDegrees>
                            <LongitudeDegrees>73.8347424</LongitudeDegrees>
                        </Position>
                        <AltitudeMeters>543.4932861328125</AltitudeMeters>
                    </Trackpoint>
                    <Trackpoint>
                        <DistanceMeters>802.8491821289062</DistanceMeters>
                        <Time>2019-10-07T13:23:44.327Z</Time>
                        <Position>
                            <LatitudeDegrees>18.4548355</LatitudeDegrees>
                            <LongitudeDegrees>73.8347341</LongitudeDegrees>
                        </Position>
                        <AltitudeMeters>541.9453125</AltitudeMeters>
                    </Trackpoint>
                    <Trackpoint>
                        <DistanceMeters>802.8491821289062</DistanceMeters>
                        <Time>2019-10-07T13:23:46.308Z</Time>
                        <Position>
                            <LatitudeDegrees>18.4548255</LatitudeDegrees>
                            <LongitudeDegrees>73.8347255</LongitudeDegrees>
                        </Position>
                        <AltitudeMeters>541.391357421875</AltitudeMeters>
                    </Trackpoint>
                    <Trackpoint>
                        <DistanceMeters>802.8491821289062</DistanceMeters>
                        <Time>2019-10-07T13:23:48.309Z</Time>
                        <Position>
                            <LatitudeDegrees>18.4548142</LatitudeDegrees>
                            <LongitudeDegrees>73.8347218</LongitudeDegrees>
                        </Position>
                        <AltitudeMeters>539.7545166015625</AltitudeMeters>
                    </Trackpoint>
                    <Trackpoint>
                        <DistanceMeters>802.8491821289062</DistanceMeters>
                        <Time>2019-10-07T13:23:50.309Z</Time>
                        <Position>
                            <LatitudeDegrees>18.4548066</LatitudeDegrees>
                            <LongitudeDegrees>73.8347161</LongitudeDegrees>
                        </Position>
                        <AltitudeMeters>538.6219482421875</AltitudeMeters>
                    </Trackpoint>
                    <Trackpoint>
                        <DistanceMeters>802.8491821289062</DistanceMeters>
                        <Time>2019-10-07T13:23:58.309Z</Time>
                        <Position>
                            <LatitudeDegrees>18.4548193</LatitudeDegrees>
                            <LongitudeDegrees>73.8347221</LongitudeDegrees>
                        </Position>
                        <AltitudeMeters>543.438232421875</AltitudeMeters>
                    </Trackpoint>
                    <Trackpoint>
                        <DistanceMeters>802.8491821289062</DistanceMeters>
                        <Time>2019-10-07T13:23:59.307Z</Time>
                        <Position>
                            <LatitudeDegrees>18.4548315</LatitudeDegrees>
                            <LongitudeDegrees>73.8347271</LongitudeDegrees>
                        </Position>
                        <AltitudeMeters>540.8251953125</AltitudeMeters>
                    </Trackpoint>
                    <Trackpoint>
                        <DistanceMeters>840.3842887878418</DistanceMeters>
                        <Time>2019-10-07T13:24:00.309Z</Time>
                        <Position>
                            <LatitudeDegrees>18.4548474</LatitudeDegrees>
                            <LongitudeDegrees>73.8347267</LongitudeDegrees>
                        </Position>
                        <AltitudeMeters>540.6085205078125</AltitudeMeters>
                    </Trackpoint>
                    <Trackpoint>
                        <DistanceMeters>840.3842887878418</DistanceMeters>
                        <Time>2019-10-07T13:24:01.303Z</Time>
                        <Position>
                            <LatitudeDegrees>18.4548637</LatitudeDegrees>
                            <LongitudeDegrees>73.8347262</LongitudeDegrees>
                        </Position>
                        <AltitudeMeters>541.52978515625</AltitudeMeters>
                    </Trackpoint>
                    <Trackpoint>
                        <DistanceMeters>840.3842887878418</DistanceMeters>
                        <Time>2019-10-07T13:24:02.307Z</Time>
                        <Position>
                            <LatitudeDegrees>18.4548792</LatitudeDegrees>
                            <LongitudeDegrees>73.8347252</LongitudeDegrees>
                        </Position>
                        <AltitudeMeters>539.9569091796875</AltitudeMeters>
                    </Trackpoint>
                    <Trackpoint>
                        <DistanceMeters>840.3842887878418</DistanceMeters>
                        <Time>2019-10-07T13:24:03.304Z</Time>
                        <Position>
                            <LatitudeDegrees>18.4548927</LatitudeDegrees>
                            <LongitudeDegrees>73.8347238</LongitudeDegrees>
                        </Position>
                        <AltitudeMeters>539.90673828125</AltitudeMeters>
                    </Trackpoint>
                    <Trackpoint>
                        <DistanceMeters>840.3842887878418</DistanceMeters>
                        <Time>2019-10-07T13:24:04.310Z</Time>
                        <Position>
                            <LatitudeDegrees>18.4549054</LatitudeDegrees>
                            <LongitudeDegrees>73.8347225</LongitudeDegrees>
                        </Position>
                        <AltitudeMeters>540.39404296875</AltitudeMeters>
                    </Trackpoint>
                    <Trackpoint>
                        <DistanceMeters>840.3842887878418</DistanceMeters>
                        <Time>2019-10-07T13:24:05.307Z</Time>
                        <Position>
                            <LatitudeDegrees>18.4549167</LatitudeDegrees>
                            <LongitudeDegrees>73.8347217</LongitudeDegrees>
                        </Position>
                        <AltitudeMeters>540.3092041015625</AltitudeMeters>
                    </Trackpoint>
                    <Trackpoint>
                        <DistanceMeters>840.3842887878418</DistanceMeters>
                        <Time>2019-10-07T13:24:07.307Z</Time>
                        <Position>
                            <LatitudeDegrees>18.4549344</LatitudeDegrees>
                            <LongitudeDegrees>73.8347212</LongitudeDegrees>
                        </Position>
                        <AltitudeMeters>540.232666015625</AltitudeMeters>
                    </Trackpoint>
                    <Trackpoint>
                        <DistanceMeters>840.3842887878418</DistanceMeters>
                        <Time>2019-10-07T13:24:09.308Z</Time>
                        <Position>
                            <LatitudeDegrees>18.4549477</LatitudeDegrees>
                            <LongitudeDegrees>73.8347033</LongitudeDegrees>
                        </Position>
                        <AltitudeMeters>541.5977783203125</AltitudeMeters>
                    </Trackpoint>
                    <Trackpoint>
                        <DistanceMeters>840.3842887878418</DistanceMeters>
                        <Time>2019-10-07T13:24:10.300Z</Time>
                        <Position>
                            <LatitudeDegrees>18.4549548</LatitudeDegrees>
                            <LongitudeDegrees>73.8346865</LongitudeDegrees>
                        </Position>
                        <AltitudeMeters>541.7869873046875</AltitudeMeters>
                    </Trackpoint>
                    <Trackpoint>
                        <DistanceMeters>840.3842887878418</DistanceMeters>
                        <Time>2019-10-07T13:24:11.306Z</Time>
                        <Position>
                            <LatitudeDegrees>18.454963</LatitudeDegrees>
                            <LongitudeDegrees>73.8346759</LongitudeDegrees>
                        </Position>
                        <AltitudeMeters>542.864501953125</AltitudeMeters>
                    </Trackpoint>
                    <Trackpoint>
                        <DistanceMeters>840.3842887878418</DistanceMeters>
                        <Time>2019-10-07T13:24:12.315Z</Time>
                        <Position>
                            <LatitudeDegrees>18.4549711</LatitudeDegrees>
                            <LongitudeDegrees>73.8346715</LongitudeDegrees>
                        </Position>
                        <AltitudeMeters>542.892578125</AltitudeMeters>
                    </Trackpoint>
                    <Trackpoint>
                        <DistanceMeters>840.3842887878418</DistanceMeters>
                        <Time>2019-10-07T13:24:14.306Z</Time>
                        <Position>
                            <LatitudeDegrees>18.454987</LatitudeDegrees>
                            <LongitudeDegrees>73.8346775</LongitudeDegrees>
                        </Position>
                        <AltitudeMeters>545.7838134765625</AltitudeMeters>
                    </Trackpoint>
                    <Trackpoint>
                        <DistanceMeters>840.3842887878418</DistanceMeters>
                        <Time>2019-10-07T13:24:15.304Z</Time>
                        <Position>
                            <LatitudeDegrees>18.4549951</LatitudeDegrees>
                            <LongitudeDegrees>73.8346858</LongitudeDegrees>
                        </Position>
                        <AltitudeMeters>545.7275390625</AltitudeMeters>
                    </Trackpoint>
                    <Trackpoint>
                        <DistanceMeters>840.3842887878418</DistanceMeters>
                        <Time>2019-10-07T13:24:16.302Z</Time>
                        <Position>
                            <LatitudeDegrees>18.4550035</LatitudeDegrees>
                            <LongitudeDegrees>73.8346939</LongitudeDegrees>
                        </Position>
                        <AltitudeMeters>546.397216796875</AltitudeMeters>
                    </Trackpoint>
                    <Trackpoint>
                        <DistanceMeters>840.3842887878418</DistanceMeters>
                        <Time>2019-10-07T13:24:17.305Z</Time>
                        <Position>
                            <LatitudeDegrees>18.4550127</LatitudeDegrees>
                            <LongitudeDegrees>73.8346992</LongitudeDegrees>
                        </Position>
                        <AltitudeMeters>548.576171875</AltitudeMeters>
                    </Trackpoint>
                    <Trackpoint>
                        <DistanceMeters>840.3842887878418</DistanceMeters>
                        <Time>2019-10-07T13:24:18.311Z</Time>
                        <Position>
                            <LatitudeDegrees>18.4550221</LatitudeDegrees>
                            <LongitudeDegrees>73.8347035</LongitudeDegrees>
                        </Position>
                        <AltitudeMeters>548.7530517578125</AltitudeMeters>
                    </Trackpoint>
                    <Trackpoint>
                        <DistanceMeters>840.3842887878418</DistanceMeters>
                        <Time>2019-10-07T13:24:19.324Z</Time>
                        <Position>
                            <LatitudeDegrees>18.4550311</LatitudeDegrees>
                            <LongitudeDegrees>73.8347052</LongitudeDegrees>
                        </Position>
                        <AltitudeMeters>548.7470703125</AltitudeMeters>
                    </Trackpoint>
                    <Trackpoint>
                        <DistanceMeters>840.3842887878418</DistanceMeters>
                        <Time>2019-10-07T13:24:21.309Z</Time>
                        <Position>
                            <LatitudeDegrees>18.4550449</LatitudeDegrees>
                            <LongitudeDegrees>73.8347188</LongitudeDegrees>
                        </Position>
                        <AltitudeMeters>549.60986328125</AltitudeMeters>
                    </Trackpoint>
                    <Trackpoint>
                        <DistanceMeters>840.3842887878418</DistanceMeters>
                        <Time>2019-10-07T13:24:22.312Z</Time>
                        <Position>
                            <LatitudeDegrees>18.4550544</LatitudeDegrees>
                            <LongitudeDegrees>73.8347267</LongitudeDegrees>
                        </Position>
                        <AltitudeMeters>553.574462890625</AltitudeMeters>
                    </Trackpoint>
                    <Trackpoint>
                        <DistanceMeters>840.3842887878418</DistanceMeters>
                        <Time>2019-10-07T13:24:23.299Z</Time>
                        <Position>
                            <LatitudeDegrees>18.4550657</LatitudeDegrees>
                            <LongitudeDegrees>73.8347311</LongitudeDegrees>
                        </Position>
                        <AltitudeMeters>551.7105712890625</AltitudeMeters>
                    </Trackpoint>
                    <Trackpoint>
                        <DistanceMeters>840.3842887878418</DistanceMeters>
                        <Time>2019-10-07T13:24:24.304Z</Time>
                        <Position>
                            <LatitudeDegrees>18.4550775</LatitudeDegrees>
                            <LongitudeDegrees>73.8347317</LongitudeDegrees>
                        </Position>
                        <AltitudeMeters>551.6845703125</AltitudeMeters>
                    </Trackpoint>
                    <Trackpoint>
                        <DistanceMeters>840.3842887878418</DistanceMeters>
                        <Time>2019-10-07T13:24:25.305Z</Time>
                        <Position>
                            <LatitudeDegrees>18.4550893</LatitudeDegrees>
                            <LongitudeDegrees>73.8347318</LongitudeDegrees>
                        </Position>
                        <AltitudeMeters>550.901611328125</AltitudeMeters>
                    </Trackpoint>
                    <Trackpoint>
                        <DistanceMeters>840.3842887878418</DistanceMeters>
                        <Time>2019-10-07T13:24:26.315Z</Time>
                        <Position>
                            <LatitudeDegrees>18.4551004</LatitudeDegrees>
                            <LongitudeDegrees>73.8347332</LongitudeDegrees>
                        </Position>
                        <AltitudeMeters>550.469970703125</AltitudeMeters>
                    </Trackpoint>
                    <Trackpoint>
                        <DistanceMeters>840.3842887878418</DistanceMeters>
                        <Time>2019-10-07T13:24:27.305Z</Time>
                        <Position>
                            <LatitudeDegrees>18.4551106</LatitudeDegrees>
                            <LongitudeDegrees>73.8347357</LongitudeDegrees>
                        </Position>
                        <AltitudeMeters>550.4912109375</AltitudeMeters>
                    </Trackpoint>
                    <Trackpoint>
                        <DistanceMeters>840.3842887878418</DistanceMeters>
                        <Time>2019-10-07T13:24:28.305Z</Time>
                        <Position>
                            <LatitudeDegrees>18.4551194</LatitudeDegrees>
                            <LongitudeDegrees>73.8347384</LongitudeDegrees>
                        </Position>
                        <AltitudeMeters>550.48779296875</AltitudeMeters>
                    </Trackpoint>
                    <Trackpoint>
                        <DistanceMeters>879.2741584777832</DistanceMeters>
                        <Time>2019-10-07T13:24:30.309Z</Time>
                        <Position>
                            <LatitudeDegrees>18.4551356</LatitudeDegrees>
                            <LongitudeDegrees>73.8347444</LongitudeDegrees>
                        </Position>
                        <AltitudeMeters>550.372314453125</AltitudeMeters>
                    </Trackpoint>
                    <Trackpoint>
                        <DistanceMeters>879.2741584777832</DistanceMeters>
                        <Time>2019-10-07T13:24:32.315Z</Time>
                        <Position>
                            <LatitudeDegrees>18.4551228</LatitudeDegrees>
                            <LongitudeDegrees>73.8347971</LongitudeDegrees>
                        </Position>
                        <AltitudeMeters>550.289794921875</AltitudeMeters>
                    </Trackpoint>
                    <Trackpoint>
                        <DistanceMeters>879.2741584777832</DistanceMeters>
                        <Time>2019-10-07T13:24:33.301Z</Time>
                        <Position>
                            <LatitudeDegrees>18.4550982</LatitudeDegrees>
                            <LongitudeDegrees>73.8348514</LongitudeDegrees>
                        </Position>
                        <AltitudeMeters>549.165771484375</AltitudeMeters>
                    </Trackpoint>
                    <Trackpoint>
                        <DistanceMeters>879.2741584777832</DistanceMeters>
                        <Time>2019-10-07T13:24:34.306Z</Time>
                        <Position>
                            <LatitudeDegrees>18.4550878</LatitudeDegrees>
                            <LongitudeDegrees>73.8348776</LongitudeDegrees>
                        </Position>
                        <AltitudeMeters>549.1759033203125</AltitudeMeters>
                    </Trackpoint>
                    <Trackpoint>
                        <DistanceMeters>879.2741584777832</DistanceMeters>
                        <Time>2019-10-07T13:24:35.303Z</Time>
                        <Position>
                            <LatitudeDegrees>18.4550858</LatitudeDegrees>
                            <LongitudeDegrees>73.8348915</LongitudeDegrees>
                        </Position>
                        <AltitudeMeters>548.8681640625</AltitudeMeters>
                    </Trackpoint>
                    <Trackpoint>
                        <DistanceMeters>879.2741584777832</DistanceMeters>
                        <Time>2019-10-07T13:24:36.306Z</Time>
                        <Position>
                            <LatitudeDegrees>18.4550842</LatitudeDegrees>
                            <LongitudeDegrees>73.8349023</LongitudeDegrees>
                        </Position>
                        <AltitudeMeters>547.9884033203125</AltitudeMeters>
                    </Trackpoint>
                    <Trackpoint>
                        <DistanceMeters>879.2741584777832</DistanceMeters>
                        <Time>2019-10-07T13:24:38.311Z</Time>
                        <Position>
                            <LatitudeDegrees>18.4550886</LatitudeDegrees>
                            <LongitudeDegrees>73.8349155</LongitudeDegrees>
                        </Position>
                        <AltitudeMeters>548.631103515625</AltitudeMeters>
                    </Trackpoint>
                    <Trackpoint>
                        <DistanceMeters>879.2741584777832</DistanceMeters>
                        <Time>2019-10-07T13:24:41.316Z</Time>
                        <Position>
                            <LatitudeDegrees>18.4550928</LatitudeDegrees>
                            <LongitudeDegrees>73.8349269</LongitudeDegrees>
                        </Position>
                        <AltitudeMeters>545.5733642578125</AltitudeMeters>
                    </Trackpoint>
                    <Trackpoint>
                        <DistanceMeters>879.2741584777832</DistanceMeters>
                        <Time>2019-10-07T13:24:45.299Z</Time>
                        <Position>
                            <LatitudeDegrees>18.4550995</LatitudeDegrees>
                            <LongitudeDegrees>73.8349159</LongitudeDegrees>
                        </Position>
                        <AltitudeMeters>546.74169921875</AltitudeMeters>
                    </Trackpoint>
                    <Trackpoint>
                        <DistanceMeters>879.2741584777832</DistanceMeters>
                        <Time>2019-10-07T13:24:47.303Z</Time>
                        <Position>
                            <LatitudeDegrees>18.4550956</LatitudeDegrees>
                            <LongitudeDegrees>73.8349071</LongitudeDegrees>
                        </Position>
                        <AltitudeMeters>546.2628173828125</AltitudeMeters>
                    </Trackpoint>
                    <Trackpoint>
                        <DistanceMeters>879.2741584777832</DistanceMeters>
                        <Time>2019-10-07T13:24:50.305Z</Time>
                        <Position>
                            <LatitudeDegrees>18.4551079</LatitudeDegrees>
                            <LongitudeDegrees>73.8349115</LongitudeDegrees>
                        </Position>
                        <AltitudeMeters>545.6513671875</AltitudeMeters>
                    </Trackpoint>
                    <Trackpoint>
                        <DistanceMeters>879.2741584777832</DistanceMeters>
                        <Time>2019-10-07T13:24:53.312Z</Time>
                        <Position>
                            <LatitudeDegrees>18.4551007</LatitudeDegrees>
                            <LongitudeDegrees>73.8349026</LongitudeDegrees>
                        </Position>
                        <AltitudeMeters>545.453125</AltitudeMeters>
                    </Trackpoint>
                    <Trackpoint>
                        <DistanceMeters>879.2741584777832</DistanceMeters>
                        <Time>2019-10-07T13:24:54.303Z</Time>
                        <Position>
                            <LatitudeDegrees>18.4550828</LatitudeDegrees>
                            <LongitudeDegrees>73.834894</LongitudeDegrees>
                        </Position>
                        <AltitudeMeters>545.52587890625</AltitudeMeters>
                    </Trackpoint>
                    <Trackpoint>
                        <DistanceMeters>879.2741584777832</DistanceMeters>
                        <Time>2019-10-07T13:24:55.309Z</Time>
                        <Position>
                            <LatitudeDegrees>18.4550679</LatitudeDegrees>
                            <LongitudeDegrees>73.8348869</LongitudeDegrees>
                        </Position>
                        <AltitudeMeters>545.4957275390625</AltitudeMeters>
                    </Trackpoint>
                    <Trackpoint>
                        <DistanceMeters>879.2741584777832</DistanceMeters>
                        <Time>2019-10-07T13:24:56.305Z</Time>
                        <Position>
                            <LatitudeDegrees>18.4550534</LatitudeDegrees>
                            <LongitudeDegrees>73.8348797</LongitudeDegrees>
                        </Position>
                        <AltitudeMeters>544.973388671875</AltitudeMeters>
                    </Trackpoint>
                    <Trackpoint>
                        <DistanceMeters>879.2741584777832</DistanceMeters>
                        <Time>2019-10-07T13:24:57.311Z</Time>
                        <Position>
                            <LatitudeDegrees>18.4550401</LatitudeDegrees>
                            <LongitudeDegrees>73.8348728</LongitudeDegrees>
                        </Position>
                        <AltitudeMeters>544.9617919921875</AltitudeMeters>
                    </Trackpoint>
                    <Trackpoint>
                        <DistanceMeters>879.2741584777832</DistanceMeters>
                        <Time>2019-10-07T13:24:58.306Z</Time>
                        <Position>
                            <LatitudeDegrees>18.4550286</LatitudeDegrees>
                            <LongitudeDegrees>73.8348665</LongitudeDegrees>
                        </Position>
                        <AltitudeMeters>545.9410400390625</AltitudeMeters>
                    </Trackpoint>
                    <Trackpoint>
                        <DistanceMeters>879.2741584777832</DistanceMeters>
                        <Time>2019-10-07T13:24:59.307Z</Time>
                        <Position>
                            <LatitudeDegrees>18.4550179</LatitudeDegrees>
                            <LongitudeDegrees>73.8348618</LongitudeDegrees>
                        </Position>
                        <AltitudeMeters>546.54541015625</AltitudeMeters>
                    </Trackpoint>
                    <Trackpoint>
                        <DistanceMeters>902.5891990661621</DistanceMeters>
                        <Time>2019-10-07T13:25:00.309Z</Time>
                        <Position>
                            <LatitudeDegrees>18.4550077</LatitudeDegrees>
                            <LongitudeDegrees>73.8348552</LongitudeDegrees>
                        </Position>
                        <AltitudeMeters>546.37744140625</AltitudeMeters>
                    </Trackpoint>
                    <Trackpoint>
                        <DistanceMeters>902.5891990661621</DistanceMeters>
                        <Time>2019-10-07T13:25:01.305Z</Time>
                        <Position>
                            <LatitudeDegrees>18.4550181</LatitudeDegrees>
                            <LongitudeDegrees>73.8348536</LongitudeDegrees>
                        </Position>
                        <AltitudeMeters>546.171875</AltitudeMeters>
                    </Trackpoint>
                    <Trackpoint>
                        <DistanceMeters>902.5891990661621</DistanceMeters>
                        <Time>2019-10-07T13:25:03.308Z</Time>
                        <Position>
                            <LatitudeDegrees>18.455033</LatitudeDegrees>
                            <LongitudeDegrees>73.8348451</LongitudeDegrees>
                        </Position>
                        <AltitudeMeters>546.078125</AltitudeMeters>
                    </Trackpoint>
                    <Trackpoint>
                        <DistanceMeters>902.5891990661621</DistanceMeters>
                        <Time>2019-10-07T13:25:05.305Z</Time>
                        <Position>
                            <LatitudeDegrees>18.4550458</LatitudeDegrees>
                            <LongitudeDegrees>73.8348421</LongitudeDegrees>
                        </Position>
                        <AltitudeMeters>545.708740234375</AltitudeMeters>
                    </Trackpoint>
                    <Trackpoint>
                        <DistanceMeters>902.5891990661621</DistanceMeters>
                        <Time>2019-10-07T13:25:07.308Z</Time>
                        <Position>
                            <LatitudeDegrees>18.4550546</LatitudeDegrees>
                            <LongitudeDegrees>73.8348472</LongitudeDegrees>
                        </Position>
                        <AltitudeMeters>545.92529296875</AltitudeMeters>
                    </Trackpoint>
                    <Trackpoint>
                        <DistanceMeters>902.5891990661621</DistanceMeters>
                        <Time>2019-10-07T13:25:27.302Z</Time>
                        <Position>
                            <LatitudeDegrees>18.4549303</LatitudeDegrees>
                            <LongitudeDegrees>73.8348644</LongitudeDegrees>
                        </Position>
                        <AltitudeMeters>549.000732421875</AltitudeMeters>
                    </Trackpoint>
                    <Trackpoint>
                        <DistanceMeters>902.5891990661621</DistanceMeters>
                        <Time>2019-10-07T13:25:29.317Z</Time>
                        <Position>
                            <LatitudeDegrees>18.4549194</LatitudeDegrees>
                            <LongitudeDegrees>73.8348772</LongitudeDegrees>
                        </Position>
                        <AltitudeMeters>549.209228515625</AltitudeMeters>
                    </Trackpoint>
                    <Trackpoint>
                        <DistanceMeters>940.0146141052246</DistanceMeters>
                        <Time>2019-10-07T13:25:31.338Z</Time>
                        <Position>
                            <LatitudeDegrees>18.4549111</LatitudeDegrees>
                            <LongitudeDegrees>73.8348851</LongitudeDegrees>
                        </Position>
                        <AltitudeMeters>549.145751953125</AltitudeMeters>
                    </Trackpoint>
                    <Trackpoint>
                        <DistanceMeters>940.0146141052246</DistanceMeters>
                        <Time>2019-10-07T13:25:38.326Z</Time>
                        <Position>
                            <LatitudeDegrees>18.4548774</LatitudeDegrees>
                            <LongitudeDegrees>73.8348913</LongitudeDegrees>
                        </Position>
                        <AltitudeMeters>549.145751953125</AltitudeMeters>
                    </Trackpoint>
                    <Trackpoint>
                        <DistanceMeters>940.0146141052246</DistanceMeters>
                        <Time>2019-10-07T13:25:50.302Z</Time>
                        <Position>
                            <LatitudeDegrees>18.4550566</LatitudeDegrees>
                            <LongitudeDegrees>73.8348089</LongitudeDegrees>
                        </Position>
                        <AltitudeMeters>548.121337890625</AltitudeMeters>
                    </Trackpoint>
                    <Trackpoint>
                        <DistanceMeters>940.0146141052246</DistanceMeters>
                        <Time>2019-10-07T13:25:51.308Z</Time>
                        <Position>
                            <LatitudeDegrees>18.455101</LatitudeDegrees>
                            <LongitudeDegrees>73.8347809</LongitudeDegrees>
                        </Position>
                        <AltitudeMeters>548.192138671875</AltitudeMeters>
                    </Trackpoint>
                    <Trackpoint>
                        <DistanceMeters>940.0146141052246</DistanceMeters>
                        <Time>2019-10-07T13:25:56.301Z</Time>
                        <Position>
                            <LatitudeDegrees>18.4550731</LatitudeDegrees>
                            <LongitudeDegrees>73.8347871</LongitudeDegrees>
                        </Position>
                        <AltitudeMeters>551.28759765625</AltitudeMeters>
                    </Trackpoint>
                    <Trackpoint>
                        <DistanceMeters>940.0146141052246</DistanceMeters>
                        <Time>2019-10-07T13:25:58.304Z</Time>
                        <Position>
                            <LatitudeDegrees>18.4550852</LatitudeDegrees>
                            <LongitudeDegrees>73.8347833</LongitudeDegrees>
                        </Position>
                        <AltitudeMeters>551.37255859375</AltitudeMeters>
                    </Trackpoint>
                    <Trackpoint>
                        <DistanceMeters>951.99853515625</DistanceMeters>
                        <Time>2019-10-07T13:26:04.322Z</Time>
                        <Position>
                            <LatitudeDegrees>18.4551504</LatitudeDegrees>
                            <LongitudeDegrees>73.8347962</LongitudeDegrees>
                        </Position>
                        <AltitudeMeters>552.63818359375</AltitudeMeters>
                    </Trackpoint>
                    <Trackpoint>
                        <DistanceMeters>951.99853515625</DistanceMeters>
                        <Time>2019-10-07T13:26:09.807Z</Time>
                        <Position>
                            <LatitudeDegrees>18.4551909</LatitudeDegrees>
                            <LongitudeDegrees>73.8348084</LongitudeDegrees>
                        </Position>
                        <AltitudeMeters>552.66064453125</AltitudeMeters>
                    </Trackpoint>
                    <Trackpoint>
                        <DistanceMeters>1029.8549499511719</DistanceMeters>
                        <Time>2019-10-07T13:26:31.300Z</Time>
                        <Position>
                            <LatitudeDegrees>18.4547829</LatitudeDegrees>
                            <LongitudeDegrees>73.8348329</LongitudeDegrees>
                        </Position>
                        <AltitudeMeters>554.3968505859375</AltitudeMeters>
                    </Trackpoint>
                    <Trackpoint>
                        <DistanceMeters>1029.8549499511719</DistanceMeters>
                        <Time>2019-10-07T13:26:32.304Z</Time>
                        <Position>
                            <LatitudeDegrees>18.4548422</LatitudeDegrees>
                            <LongitudeDegrees>73.834846</LongitudeDegrees>
                        </Position>
                        <AltitudeMeters>553.7640380859375</AltitudeMeters>
                    </Trackpoint>
                    <Trackpoint>
                        <DistanceMeters>1029.8549499511719</DistanceMeters>
                        <Time>2019-10-07T13:26:33.302Z</Time>
                        <Position>
                            <LatitudeDegrees>18.4548679</LatitudeDegrees>
                            <LongitudeDegrees>73.8348513</LongitudeDegrees>
                        </Position>
                        <AltitudeMeters>553.66748046875</AltitudeMeters>
                    </Trackpoint>
                    <Trackpoint>
                        <DistanceMeters>1029.8549499511719</DistanceMeters>
                        <Time>2019-10-07T13:26:34.305Z</Time>
                        <Position>
                            <LatitudeDegrees>18.4548928</LatitudeDegrees>
                            <LongitudeDegrees>73.8348516</LongitudeDegrees>
                        </Position>
                        <AltitudeMeters>554.10986328125</AltitudeMeters>
                    </Trackpoint>
                    <Trackpoint>
                        <DistanceMeters>1029.8549499511719</DistanceMeters>
                        <Time>2019-10-07T13:26:35.305Z</Time>
                        <Position>
                            <LatitudeDegrees>18.4549094</LatitudeDegrees>
                            <LongitudeDegrees>73.8348509</LongitudeDegrees>
                        </Position>
                        <AltitudeMeters>554.02734375</AltitudeMeters>
                    </Trackpoint>
                    <Trackpoint>
                        <DistanceMeters>1029.8549499511719</DistanceMeters>
                        <Time>2019-10-07T13:26:36.309Z</Time>
                        <Position>
                            <LatitudeDegrees>18.4549222</LatitudeDegrees>
                            <LongitudeDegrees>73.834851</LongitudeDegrees>
                        </Position>
                        <AltitudeMeters>553.496337890625</AltitudeMeters>
                    </Trackpoint>
                    <Trackpoint>
                        <DistanceMeters>1029.8549499511719</DistanceMeters>
                        <Time>2019-10-07T13:26:37.321Z</Time>
                        <Position>
                            <LatitudeDegrees>18.454932</LatitudeDegrees>
                            <LongitudeDegrees>73.8348516</LongitudeDegrees>
                        </Position>
                        <AltitudeMeters>553.532958984375</AltitudeMeters>
                    </Trackpoint>
                    <Trackpoint>
                        <DistanceMeters>1029.8549499511719</DistanceMeters>
                        <Time>2019-10-07T13:26:38.304Z</Time>
                        <Position>
                            <LatitudeDegrees>18.4549435</LatitudeDegrees>
                            <LongitudeDegrees>73.8348506</LongitudeDegrees>
                        </Position>
                        <AltitudeMeters>553.78662109375</AltitudeMeters>
                    </Trackpoint>
                    <Trackpoint>
                        <DistanceMeters>1029.8549499511719</DistanceMeters>
                        <Time>2019-10-07T13:26:39.310Z</Time>
                        <Position>
                            <LatitudeDegrees>18.454958</LatitudeDegrees>
                            <LongitudeDegrees>73.834849</LongitudeDegrees>
                        </Position>
                        <AltitudeMeters>553.72509765625</AltitudeMeters>
                    </Trackpoint>
                    <Trackpoint>
                        <DistanceMeters>1029.8549499511719</DistanceMeters>
                        <Time>2019-10-07T13:26:40.302Z</Time>
                        <Position>
                            <LatitudeDegrees>18.454968</LatitudeDegrees>
                            <LongitudeDegrees>73.8348468</LongitudeDegrees>
                        </Position>
                        <AltitudeMeters>553.739501953125</AltitudeMeters>
                    </Trackpoint>
                    <Trackpoint>
                        <DistanceMeters>1029.8549499511719</DistanceMeters>
                        <Time>2019-10-07T13:26:41.394Z</Time>
                        <Position>
                            <LatitudeDegrees>18.4549804</LatitudeDegrees>
                            <LongitudeDegrees>73.8348437</LongitudeDegrees>
                        </Position>
                        <AltitudeMeters>553.7515869140625</AltitudeMeters>
                    </Trackpoint>
                    <Trackpoint>
                        <DistanceMeters>1029.8549499511719</DistanceMeters>
                        <Time>2019-10-07T13:26:42.302Z</Time>
                        <Position>
                            <LatitudeDegrees>18.4549922</LatitudeDegrees>
                            <LongitudeDegrees>73.8348403</LongitudeDegrees>
                        </Position>
                        <AltitudeMeters>553.76123046875</AltitudeMeters>
                    </Trackpoint>
                    <Trackpoint>
                        <DistanceMeters>1029.8549499511719</DistanceMeters>
                        <Time>2019-10-07T13:26:43.301Z</Time>
                        <Position>
                            <LatitudeDegrees>18.4550025</LatitudeDegrees>
                            <LongitudeDegrees>73.834837</LongitudeDegrees>
                        </Position>
                        <AltitudeMeters>553.7708740234375</AltitudeMeters>
                    </Trackpoint>
                    <Trackpoint>
                        <DistanceMeters>1029.8549499511719</DistanceMeters>
                        <Time>2019-10-07T13:26:45.305Z</Time>
                        <Position>
                            <LatitudeDegrees>18.4550149</LatitudeDegrees>
                            <LongitudeDegrees>73.8348316</LongitudeDegrees>
                        </Position>
                        <AltitudeMeters>553.8397216796875</AltitudeMeters>
                    </Trackpoint>
                    <Trackpoint>
                        <DistanceMeters>1029.8549499511719</DistanceMeters>
                        <Time>2019-10-07T13:26:54.306Z</Time>
                        <Position>
                            <LatitudeDegrees>18.455012</LatitudeDegrees>
                            <LongitudeDegrees>73.8348209</LongitudeDegrees>
                        </Position>
                        <AltitudeMeters>554.02294921875</AltitudeMeters>
                    </Trackpoint>
                    <Trackpoint>
                        <DistanceMeters>1029.8549499511719</DistanceMeters>
                        <Time>2019-10-07T13:26:55.302Z</Time>
                        <Position>
                            <LatitudeDegrees>18.4550015</LatitudeDegrees>
                            <LongitudeDegrees>73.8348181</LongitudeDegrees>
                        </Position>
                        <AltitudeMeters>553.203369140625</AltitudeMeters>
                    </Trackpoint>
                    <Trackpoint>
                        <DistanceMeters>1029.8549499511719</DistanceMeters>
                        <Time>2019-10-07T13:26:57.310Z</Time>
                        <Position>
                            <LatitudeDegrees>18.4549893</LatitudeDegrees>
                            <LongitudeDegrees>73.8348238</LongitudeDegrees>
                        </Position>
                        <AltitudeMeters>553.72119140625</AltitudeMeters>
                    </Trackpoint>
                    <Trackpoint>
                        <DistanceMeters>1029.8549499511719</DistanceMeters>
                        <Time>2019-10-07T13:26:59.307Z</Time>
                        <Position>
                            <LatitudeDegrees>18.4549934</LatitudeDegrees>
                            <LongitudeDegrees>73.8348387</LongitudeDegrees>
                        </Position>
                        <AltitudeMeters>554.77734375</AltitudeMeters>
                    </Trackpoint>
                    <Trackpoint>
                        <DistanceMeters>1059.4772357940674</DistanceMeters>
                        <Time>2019-10-07T13:27:00.313Z</Time>
                        <Position>
                            <LatitudeDegrees>18.4549978</LatitudeDegrees>
                            <LongitudeDegrees>73.8348479</LongitudeDegrees>
                        </Position>
                        <AltitudeMeters>554.486328125</AltitudeMeters>
                    </Trackpoint>
                    <Trackpoint>
                        <DistanceMeters>1059.4772357940674</DistanceMeters>
                        <Time>2019-10-07T13:27:02.307Z</Time>
                        <Position>
                            <LatitudeDegrees>18.4550035</LatitudeDegrees>
                            <LongitudeDegrees>73.834861</LongitudeDegrees>
                        </Position>
                        <AltitudeMeters>553.2340087890625</AltitudeMeters>
                    </Trackpoint>
                    <Trackpoint>
                        <DistanceMeters>1059.4772357940674</DistanceMeters>
                        <Time>2019-10-07T13:27:03.305Z</Time>
                        <Position>
                            <LatitudeDegrees>18.455008</LatitudeDegrees>
                            <LongitudeDegrees>73.8348711</LongitudeDegrees>
                        </Position>
                        <AltitudeMeters>553.2154541015625</AltitudeMeters>
                    </Trackpoint>
                    <Trackpoint>
                        <DistanceMeters>1059.4772357940674</DistanceMeters>
                        <Time>2019-10-07T13:27:04.305Z</Time>
                        <Position>
                            <LatitudeDegrees>18.4550125</LatitudeDegrees>
                            <LongitudeDegrees>73.8348804</LongitudeDegrees>
                        </Position>
                        <AltitudeMeters>553.185791015625</AltitudeMeters>
                    </Trackpoint>
                    <Trackpoint>
                        <DistanceMeters>1059.4772357940674</DistanceMeters>
                        <Time>2019-10-07T13:27:05.308Z</Time>
                        <Position>
                            <LatitudeDegrees>18.4550171</LatitudeDegrees>
                            <LongitudeDegrees>73.834889</LongitudeDegrees>
                        </Position>
                        <AltitudeMeters>553.779541015625</AltitudeMeters>
                    </Trackpoint>
                    <Trackpoint>
                        <DistanceMeters>1059.4772357940674</DistanceMeters>
                        <Time>2019-10-07T13:27:06.301Z</Time>
                        <Position>
                            <LatitudeDegrees>18.4550222</LatitudeDegrees>
                            <LongitudeDegrees>73.8348975</LongitudeDegrees>
                        </Position>
                        <AltitudeMeters>553.1767578125</AltitudeMeters>
                    </Trackpoint>
                    <Trackpoint>
                        <DistanceMeters>1059.4772357940674</DistanceMeters>
                        <Time>2019-10-07T13:27:07.310Z</Time>
                        <Position>
                            <LatitudeDegrees>18.4550333</LatitudeDegrees>
                            <LongitudeDegrees>73.8348962</LongitudeDegrees>
                        </Position>
                        <AltitudeMeters>553.1556396484375</AltitudeMeters>
                    </Trackpoint>
                    <Trackpoint>
                        <DistanceMeters>1059.4772357940674</DistanceMeters>
                        <Time>2019-10-07T13:27:08.313Z</Time>
                        <Position>
                            <LatitudeDegrees>18.4550425</LatitudeDegrees>
                            <LongitudeDegrees>73.8348935</LongitudeDegrees>
                        </Position>
                        <AltitudeMeters>554.0042724609375</AltitudeMeters>
                    </Trackpoint>
                    <Trackpoint>
                        <DistanceMeters>1059.4772357940674</DistanceMeters>
                        <Time>2019-10-07T13:27:10.306Z</Time>
                        <Position>
                            <LatitudeDegrees>18.4550329</LatitudeDegrees>
                            <LongitudeDegrees>73.8348743</LongitudeDegrees>
                        </Position>
                        <AltitudeMeters>555.5980224609375</AltitudeMeters>
                    </Trackpoint>
                    <Trackpoint>
                        <DistanceMeters>1059.4772357940674</DistanceMeters>
                        <Time>2019-10-07T13:27:11.309Z</Time>
                        <Position>
                            <LatitudeDegrees>18.4550167</LatitudeDegrees>
                            <LongitudeDegrees>73.8348645</LongitudeDegrees>
                        </Position>
                        <AltitudeMeters>556.2774658203125</AltitudeMeters>
                    </Trackpoint>
                    <Trackpoint>
                        <DistanceMeters>1059.4772357940674</DistanceMeters>
                        <Time>2019-10-07T13:27:12.308Z</Time>
                        <Position>
                            <LatitudeDegrees>18.4549994</LatitudeDegrees>
                            <LongitudeDegrees>73.8348542</LongitudeDegrees>
                        </Position>
                        <AltitudeMeters>555.9913330078125</AltitudeMeters>
                    </Trackpoint>
                    <Trackpoint>
                        <DistanceMeters>1059.4772357940674</DistanceMeters>
                        <Time>2019-10-07T13:27:13.305Z</Time>
                        <Position>
                            <LatitudeDegrees>18.4549846</LatitudeDegrees>
                            <LongitudeDegrees>73.834844</LongitudeDegrees>
                        </Position>
                        <AltitudeMeters>556.10595703125</AltitudeMeters>
                    </Trackpoint>
                    <Trackpoint>
                        <DistanceMeters>1059.4772357940674</DistanceMeters>
                        <Time>2019-10-07T13:27:14.307Z</Time>
                        <Position>
                            <LatitudeDegrees>18.4549768</LatitudeDegrees>
                            <LongitudeDegrees>73.8348367</LongitudeDegrees>
                        </Position>
                        <AltitudeMeters>556.5206298828125</AltitudeMeters>
                    </Trackpoint>
                    <Trackpoint>
                        <DistanceMeters>1059.4772357940674</DistanceMeters>
                        <Time>2019-10-07T13:27:16.305Z</Time>
                        <Position>
                            <LatitudeDegrees>18.4549687</LatitudeDegrees>
                            <LongitudeDegrees>73.8348294</LongitudeDegrees>
                        </Position>
                        <AltitudeMeters>555.539794921875</AltitudeMeters>
                    </Trackpoint>
                    <Trackpoint>
                        <DistanceMeters>1059.4772357940674</DistanceMeters>
                        <Time>2019-10-07T13:27:20.302Z</Time>
                        <Position>
                            <LatitudeDegrees>18.4549719</LatitudeDegrees>
                            <LongitudeDegrees>73.8348383</LongitudeDegrees>
                        </Position>
                        <AltitudeMeters>555.999755859375</AltitudeMeters>
                    </Trackpoint>
                    <Trackpoint>
                        <DistanceMeters>1059.4772357940674</DistanceMeters>
                        <Time>2019-10-07T13:27:22.305Z</Time>
                        <Position>
                            <LatitudeDegrees>18.4549629</LatitudeDegrees>
                            <LongitudeDegrees>73.8348498</LongitudeDegrees>
                        </Position>
                        <AltitudeMeters>556.2332763671875</AltitudeMeters>
                    </Trackpoint>
                    <Trackpoint>
                        <DistanceMeters>1059.4772357940674</DistanceMeters>
                        <Time>2019-10-07T13:27:23.315Z</Time>
                        <Position>
                            <LatitudeDegrees>18.4549553</LatitudeDegrees>
                            <LongitudeDegrees>73.8348564</LongitudeDegrees>
                        </Position>
                        <AltitudeMeters>556.196044921875</AltitudeMeters>
                    </Trackpoint>
                    <Trackpoint>
                        <DistanceMeters>1059.4772357940674</DistanceMeters>
                        <Time>2019-10-07T13:27:25.308Z</Time>
                        <Position>
                            <LatitudeDegrees>18.4549584</LatitudeDegrees>
                            <LongitudeDegrees>73.8348667</LongitudeDegrees>
                        </Position>
                        <AltitudeMeters>554.662109375</AltitudeMeters>
                    </Trackpoint>
                    <Trackpoint>
                        <DistanceMeters>1059.4772357940674</DistanceMeters>
                        <Time>2019-10-07T13:27:26.306Z</Time>
                        <Position>
                            <LatitudeDegrees>18.454971</LatitudeDegrees>
                            <LongitudeDegrees>73.8348716</LongitudeDegrees>
                        </Position>
                        <AltitudeMeters>554.40380859375</AltitudeMeters>
                    </Trackpoint>
                    <Trackpoint>
                        <DistanceMeters>1059.4772357940674</DistanceMeters>
                        <Time>2019-10-07T13:27:27.303Z</Time>
                        <Position>
                            <LatitudeDegrees>18.454986</LatitudeDegrees>
                            <LongitudeDegrees>73.8348761</LongitudeDegrees>
                        </Position>
                        <AltitudeMeters>554.421875</AltitudeMeters>
                    </Trackpoint>
                    <Trackpoint>
                        <DistanceMeters>1059.4772357940674</DistanceMeters>
                        <Time>2019-10-07T13:27:28.306Z</Time>
                        <Position>
                            <LatitudeDegrees>18.4549978</LatitudeDegrees>
                            <LongitudeDegrees>73.8348801</LongitudeDegrees>
                        </Position>
                        <AltitudeMeters>555.9873046875</AltitudeMeters>
                    </Trackpoint>
                    <Trackpoint>
                        <DistanceMeters>1082.4699020385742</DistanceMeters>
                        <Time>2019-10-07T13:27:30.306Z</Time>
                        <Position>
                            <LatitudeDegrees>18.4550114</LatitudeDegrees>
                            <LongitudeDegrees>73.8348841</LongitudeDegrees>
                        </Position>
                        <AltitudeMeters>555.5098876953125</AltitudeMeters>
                    </Trackpoint>
                    <Trackpoint>
                        <DistanceMeters>1082.4699020385742</DistanceMeters>
                        <Time>2019-10-07T13:27:31.305Z</Time>
                        <Position>
                            <LatitudeDegrees>18.4549838</LatitudeDegrees>
                            <LongitudeDegrees>73.8348857</LongitudeDegrees>
                        </Position>
                        <AltitudeMeters>559.076416015625</AltitudeMeters>
                    </Trackpoint>
                    <Trackpoint>
                        <DistanceMeters>1082.4699020385742</DistanceMeters>
                        <Time>2019-10-07T13:27:32.318Z</Time>
                        <Position>
                            <LatitudeDegrees>18.4549635</LatitudeDegrees>
                            <LongitudeDegrees>73.8348897</LongitudeDegrees>
                        </Position>
                        <AltitudeMeters>559.101318359375</AltitudeMeters>
                    </Trackpoint>
                    <Trackpoint>
                        <DistanceMeters>1082.4699020385742</DistanceMeters>
                        <Time>2019-10-07T13:27:33.308Z</Time>
                        <Position>
                            <LatitudeDegrees>18.4549447</LatitudeDegrees>
                            <LongitudeDegrees>73.8348952</LongitudeDegrees>
                        </Position>
                        <AltitudeMeters>559.2042236328125</AltitudeMeters>
                    </Trackpoint>
                    <Trackpoint>
                        <DistanceMeters>1082.4699020385742</DistanceMeters>
                        <Time>2019-10-07T13:27:34.307Z</Time>
                        <Position>
                            <LatitudeDegrees>18.454929</LatitudeDegrees>
                            <LongitudeDegrees>73.8349014</LongitudeDegrees>
                        </Position>
                        <AltitudeMeters>559.16943359375</AltitudeMeters>
                    </Trackpoint>
                    <Trackpoint>
                        <DistanceMeters>1082.4699020385742</DistanceMeters>
                        <Time>2019-10-07T13:27:35.435Z</Time>
                        <Position>
                            <LatitudeDegrees>18.4549134</LatitudeDegrees>
                            <LongitudeDegrees>73.8349093</LongitudeDegrees>
                        </Position>
                        <AltitudeMeters>559.2384033203125</AltitudeMeters>
                    </Trackpoint>
                    <Trackpoint>
                        <DistanceMeters>1082.4699020385742</DistanceMeters>
                        <Time>2019-10-07T13:27:36.303Z</Time>
                        <Position>
                            <LatitudeDegrees>18.454904</LatitudeDegrees>
                            <LongitudeDegrees>73.8349177</LongitudeDegrees>
                        </Position>
                        <AltitudeMeters>559.6455078125</AltitudeMeters>
                    </Trackpoint>
                    <Trackpoint>
                        <DistanceMeters>1082.4699020385742</DistanceMeters>
                        <Time>2019-10-07T13:27:38.302Z</Time>
                        <Position>
                            <LatitudeDegrees>18.4549133</LatitudeDegrees>
                            <LongitudeDegrees>73.8349207</LongitudeDegrees>
                        </Position>
                        <AltitudeMeters>558.826904296875</AltitudeMeters>
                    </Trackpoint>
                    <Trackpoint>
                        <DistanceMeters>1082.4699020385742</DistanceMeters>
                        <Time>2019-10-07T13:27:44.301Z</Time>
                        <Position>
                            <LatitudeDegrees>18.4549191</LatitudeDegrees>
                            <LongitudeDegrees>73.8349306</LongitudeDegrees>
                        </Position>
                        <AltitudeMeters>558.5733642578125</AltitudeMeters>
                    </Trackpoint>
                    <Trackpoint>
                        <DistanceMeters>1082.4699020385742</DistanceMeters>
                        <Time>2019-10-07T13:27:49.307Z</Time>
                        <Position>
                            <LatitudeDegrees>18.4549203</LatitudeDegrees>
                            <LongitudeDegrees>73.8349191</LongitudeDegrees>
                        </Position>
                        <AltitudeMeters>558.661865234375</AltitudeMeters>
                    </Trackpoint>
                    <Trackpoint>
                        <DistanceMeters>1082.4699020385742</DistanceMeters>
                        <Time>2019-10-07T13:27:52.311Z</Time>
                        <Position>
                            <LatitudeDegrees>18.4549082</LatitudeDegrees>
                            <LongitudeDegrees>73.8349151</LongitudeDegrees>
                        </Position>
                        <AltitudeMeters>559.961669921875</AltitudeMeters>
                    </Trackpoint>
                    <Trackpoint>
                        <DistanceMeters>1082.4699020385742</DistanceMeters>
                        <Time>2019-10-07T13:27:54.312Z</Time>
                        <Position>
                            <LatitudeDegrees>18.4549182</LatitudeDegrees>
                            <LongitudeDegrees>73.8349238</LongitudeDegrees>
                        </Position>
                        <AltitudeMeters>559.3931884765625</AltitudeMeters>
                    </Trackpoint>
                    <Trackpoint>
                        <DistanceMeters>1082.4699020385742</DistanceMeters>
                        <Time>2019-10-07T13:27:56.309Z</Time>
                        <Position>
                            <LatitudeDegrees>18.4549298</LatitudeDegrees>
                            <LongitudeDegrees>73.8349271</LongitudeDegrees>
                        </Position>
                        <AltitudeMeters>558.9678955078125</AltitudeMeters>
                    </Trackpoint>
                    <Trackpoint>
                        <DistanceMeters>1082.4699020385742</DistanceMeters>
                        <Time>2019-10-07T13:27:58.310Z</Time>
                        <Position>
                            <LatitudeDegrees>18.4549372</LatitudeDegrees>
                            <LongitudeDegrees>73.8349216</LongitudeDegrees>
                        </Position>
                        <AltitudeMeters>558.8961181640625</AltitudeMeters>
                    </Trackpoint>
                    <Trackpoint>
                        <DistanceMeters>1113.6614875793457</DistanceMeters>
                        <Time>2019-10-07T13:28:00.312Z</Time>
                        <Position>
                            <LatitudeDegrees>18.4549432</LatitudeDegrees>
                            <LongitudeDegrees>73.8349072</LongitudeDegrees>
                        </Position>
                        <AltitudeMeters>558.8023681640625</AltitudeMeters>
                    </Trackpoint>
                    <Trackpoint>
                        <DistanceMeters>1113.6614875793457</DistanceMeters>
                        <Time>2019-10-07T13:28:01.301Z</Time>
                        <Position>
                            <LatitudeDegrees>18.4549491</LatitudeDegrees>
                            <LongitudeDegrees>73.8348998</LongitudeDegrees>
                        </Position>
                        <AltitudeMeters>558.766357421875</AltitudeMeters>
                    </Trackpoint>
                    <Trackpoint>
                        <DistanceMeters>1113.6614875793457</DistanceMeters>
                        <Time>2019-10-07T13:28:02.304Z</Time>
                        <Position>
                            <LatitudeDegrees>18.4549561</LatitudeDegrees>
                            <LongitudeDegrees>73.8348917</LongitudeDegrees>
                        </Position>
                        <AltitudeMeters>558.672119140625</AltitudeMeters>
                    </Trackpoint>
                    <Trackpoint>
                        <DistanceMeters>1113.6614875793457</DistanceMeters>
                        <Time>2019-10-07T13:28:04.306Z</Time>
                        <Position>
                            <LatitudeDegrees>18.4549667</LatitudeDegrees>
                            <LongitudeDegrees>73.8348806</LongitudeDegrees>
                        </Position>
                        <AltitudeMeters>559.4825439453125</AltitudeMeters>
                    </Trackpoint>
                    <Trackpoint>
                        <DistanceMeters>1113.6614875793457</DistanceMeters>
                        <Time>2019-10-07T13:28:06.304Z</Time>
                        <Position>
                            <LatitudeDegrees>18.4549721</LatitudeDegrees>
                            <LongitudeDegrees>73.8348667</LongitudeDegrees>
                        </Position>
                        <AltitudeMeters>557.967529296875</AltitudeMeters>
                    </Trackpoint>
                    <Trackpoint>
                        <DistanceMeters>1113.6614875793457</DistanceMeters>
                        <Time>2019-10-07T13:28:08.311Z</Time>
                        <Position>
                            <LatitudeDegrees>18.4549708</LatitudeDegrees>
                            <LongitudeDegrees>73.8348522</LongitudeDegrees>
                        </Position>
                        <AltitudeMeters>557.887451171875</AltitudeMeters>
                    </Trackpoint>
                    <Trackpoint>
                        <DistanceMeters>1113.6614875793457</DistanceMeters>
                        <Time>2019-10-07T13:28:10.309Z</Time>
                        <Position>
                            <LatitudeDegrees>18.4549714</LatitudeDegrees>
                            <LongitudeDegrees>73.8348397</LongitudeDegrees>
                        </Position>
                        <AltitudeMeters>555.31982421875</AltitudeMeters>
                    </Trackpoint>
                    <Trackpoint>
                        <DistanceMeters>1113.6614875793457</DistanceMeters>
                        <Time>2019-10-07T13:28:12.310Z</Time>
                        <Position>
                            <LatitudeDegrees>18.4549732</LatitudeDegrees>
                            <LongitudeDegrees>73.83483</LongitudeDegrees>
                        </Position>
                        <AltitudeMeters>555.9244384765625</AltitudeMeters>
                    </Trackpoint>
                    <Trackpoint>
                        <DistanceMeters>1113.6614875793457</DistanceMeters>
                        <Time>2019-10-07T13:28:15.309Z</Time>
                        <Position>
                            <LatitudeDegrees>18.4549813</LatitudeDegrees>
                            <LongitudeDegrees>73.8348167</LongitudeDegrees>
                        </Position>
                        <AltitudeMeters>553.66064453125</AltitudeMeters>
                    </Trackpoint>
                    <Trackpoint>
                        <DistanceMeters>1113.6614875793457</DistanceMeters>
                        <Time>2019-10-07T13:28:17.313Z</Time>
                        <Position>
                            <LatitudeDegrees>18.4549889</LatitudeDegrees>
                            <LongitudeDegrees>73.8348042</LongitudeDegrees>
                        </Position>
                        <AltitudeMeters>552.104248046875</AltitudeMeters>
                    </Trackpoint>
                    <Trackpoint>
                        <DistanceMeters>1113.6614875793457</DistanceMeters>
                        <Time>2019-10-07T13:28:19.310Z</Time>
                        <Position>
                            <LatitudeDegrees>18.4549838</LatitudeDegrees>
                            <LongitudeDegrees>73.8347854</LongitudeDegrees>
                        </Position>
                        <AltitudeMeters>553.0294189453125</AltitudeMeters>
                    </Trackpoint>
                    <Trackpoint>
                        <DistanceMeters>1113.6614875793457</DistanceMeters>
                        <Time>2019-10-07T13:28:21.301Z</Time>
                        <Position>
                            <LatitudeDegrees>18.4549724</LatitudeDegrees>
                            <LongitudeDegrees>73.8347706</LongitudeDegrees>
                        </Position>
                        <AltitudeMeters>553.2056884765625</AltitudeMeters>
                    </Trackpoint>
                    <Trackpoint>
                        <DistanceMeters>1113.6614875793457</DistanceMeters>
                        <Time>2019-10-07T13:28:22.308Z</Time>
                        <Position>
                            <LatitudeDegrees>18.4549652</LatitudeDegrees>
                            <LongitudeDegrees>73.834762</LongitudeDegrees>
                        </Position>
                        <AltitudeMeters>553.17578125</AltitudeMeters>
                    </Trackpoint>
                    <Trackpoint>
                        <DistanceMeters>1113.6614875793457</DistanceMeters>
                        <Time>2019-10-07T13:28:23.312Z</Time>
                        <Position>
                            <LatitudeDegrees>18.4549663</LatitudeDegrees>
                            <LongitudeDegrees>73.8347502</LongitudeDegrees>
                        </Position>
                        <AltitudeMeters>553.475341796875</AltitudeMeters>
                    </Trackpoint>
                    <Trackpoint>
                        <DistanceMeters>1113.6614875793457</DistanceMeters>
                        <Time>2019-10-07T13:28:24.307Z</Time>
                        <Position>
                            <LatitudeDegrees>18.4549728</LatitudeDegrees>
                            <LongitudeDegrees>73.8347364</LongitudeDegrees>
                        </Position>
                        <AltitudeMeters>552.7073974609375</AltitudeMeters>
                    </Trackpoint>
                    <Trackpoint>
                        <DistanceMeters>1113.6614875793457</DistanceMeters>
                        <Time>2019-10-07T13:28:25.303Z</Time>
                        <Position>
                            <LatitudeDegrees>18.4549843</LatitudeDegrees>
                            <LongitudeDegrees>73.8347227</LongitudeDegrees>
                        </Position>
                        <AltitudeMeters>553.2235107421875</AltitudeMeters>
                    </Trackpoint>
                    <Trackpoint>
                        <DistanceMeters>1113.6614875793457</DistanceMeters>
                        <Time>2019-10-07T13:28:26.301Z</Time>
                        <Position>
                            <LatitudeDegrees>18.4549966</LatitudeDegrees>
                            <LongitudeDegrees>73.8347112</LongitudeDegrees>
                        </Position>
                        <AltitudeMeters>552.7918701171875</AltitudeMeters>
                    </Trackpoint>
                    <Trackpoint>
                        <DistanceMeters>1113.6614875793457</DistanceMeters>
                        <Time>2019-10-07T13:28:27.557Z</Time>
                        <Position>
                            <LatitudeDegrees>18.4550114</LatitudeDegrees>
                            <LongitudeDegrees>73.834698</LongitudeDegrees>
                        </Position>
                        <AltitudeMeters>552.538330078125</AltitudeMeters>
                    </Trackpoint>
                    <Trackpoint>
                        <DistanceMeters>1113.6614875793457</DistanceMeters>
                        <Time>2019-10-07T13:28:28.305Z</Time>
                        <Position>
                            <LatitudeDegrees>18.4550188</LatitudeDegrees>
                            <LongitudeDegrees>73.8346888</LongitudeDegrees>
                        </Position>
                        <AltitudeMeters>552.5498046875</AltitudeMeters>
                    </Trackpoint>
                    <Trackpoint>
                        <DistanceMeters>1113.6614875793457</DistanceMeters>
                        <Time>2019-10-07T13:28:29.348Z</Time>
                        <Position>
                            <LatitudeDegrees>18.4550269</LatitudeDegrees>
                            <LongitudeDegrees>73.8346781</LongitudeDegrees>
                        </Position>
                        <AltitudeMeters>552.7635498046875</AltitudeMeters>
                    </Trackpoint>
                    <Trackpoint>
                        <DistanceMeters>1144.7402801513672</DistanceMeters>
                        <Time>2019-10-07T13:28:30.453Z</Time>
                        <Position>
                            <LatitudeDegrees>18.4550297</LatitudeDegrees>
                            <LongitudeDegrees>73.834668</LongitudeDegrees>
                        </Position>
                        <AltitudeMeters>552.76318359375</AltitudeMeters>
                    </Trackpoint>
                    <Trackpoint>
                        <DistanceMeters>1144.7402801513672</DistanceMeters>
                        <Time>2019-10-07T13:28:32.302Z</Time>
                        <Position>
                            <LatitudeDegrees>18.455017</LatitudeDegrees>
                            <LongitudeDegrees>73.8346567</LongitudeDegrees>
                        </Position>
                        <AltitudeMeters>552.765625</AltitudeMeters>
                    </Trackpoint>
                    <Trackpoint>
                        <DistanceMeters>1144.7402801513672</DistanceMeters>
                        <Time>2019-10-07T13:28:34.311Z</Time>
                        <Position>
                            <LatitudeDegrees>18.4550048</LatitudeDegrees>
                            <LongitudeDegrees>73.8346537</LongitudeDegrees>
                        </Position>
                        <AltitudeMeters>552.7294921875</AltitudeMeters>
                    </Trackpoint>
                    <Trackpoint>
                        <DistanceMeters>1144.7402801513672</DistanceMeters>
                        <Time>2019-10-07T13:28:40.301Z</Time>
                        <Position>
                            <LatitudeDegrees>18.4549808</LatitudeDegrees>
                            <LongitudeDegrees>73.8346631</LongitudeDegrees>
                        </Position>
                        <AltitudeMeters>552.975830078125</AltitudeMeters>
                    </Trackpoint>
                    <Trackpoint>
                        <DistanceMeters>1144.7402801513672</DistanceMeters>
                        <Time>2019-10-07T13:28:41.310Z</Time>
                        <Position>
                            <LatitudeDegrees>18.4549614</LatitudeDegrees>
                            <LongitudeDegrees>73.8346653</LongitudeDegrees>
                        </Position>
                        <AltitudeMeters>553.10546875</AltitudeMeters>
                    </Trackpoint>
                    <Trackpoint>
                        <DistanceMeters>1144.7402801513672</DistanceMeters>
                        <Time>2019-10-07T13:28:42.306Z</Time>
                        <Position>
                            <LatitudeDegrees>18.4549412</LatitudeDegrees>
                            <LongitudeDegrees>73.8346669</LongitudeDegrees>
                        </Position>
                        <AltitudeMeters>552.5745849609375</AltitudeMeters>
                    </Trackpoint>
                    <Trackpoint>
                        <DistanceMeters>1144.7402801513672</DistanceMeters>
                        <Time>2019-10-07T13:28:43.307Z</Time>
                        <Position>
                            <LatitudeDegrees>18.4549237</LatitudeDegrees>
                            <LongitudeDegrees>73.8346688</LongitudeDegrees>
                        </Position>
                        <AltitudeMeters>552.5693359375</AltitudeMeters>
                    </Trackpoint>
                    <Trackpoint>
                        <DistanceMeters>1144.7402801513672</DistanceMeters>
                        <Time>2019-10-07T13:28:44.307Z</Time>
                        <Position>
                            <LatitudeDegrees>18.4549154</LatitudeDegrees>
                            <LongitudeDegrees>73.8346728</LongitudeDegrees>
                        </Position>
                        <AltitudeMeters>552.259521484375</AltitudeMeters>
                    </Trackpoint>
                    <Trackpoint>
                        <DistanceMeters>1144.7402801513672</DistanceMeters>
                        <Time>2019-10-07T13:28:45.300Z</Time>
                        <Position>
                            <LatitudeDegrees>18.454907</LatitudeDegrees>
                            <LongitudeDegrees>73.8346763</LongitudeDegrees>
                        </Position>
                        <AltitudeMeters>552.1722412109375</AltitudeMeters>
                    </Trackpoint>
                    <Trackpoint>
                        <DistanceMeters>1144.7402801513672</DistanceMeters>
                        <Time>2019-10-07T13:28:46.312Z</Time>
                        <Position>
                            <LatitudeDegrees>18.454895</LatitudeDegrees>
                            <LongitudeDegrees>73.834682</LongitudeDegrees>
                        </Position>
                        <AltitudeMeters>554.1435546875</AltitudeMeters>
                    </Trackpoint>
                    <Trackpoint>
                        <DistanceMeters>1144.7402801513672</DistanceMeters>
                        <Time>2019-10-07T13:28:47.303Z</Time>
                        <Position>
                            <LatitudeDegrees>18.4548797</LatitudeDegrees>
                            <LongitudeDegrees>73.8346892</LongitudeDegrees>
                        </Position>
                        <AltitudeMeters>554.2132568359375</AltitudeMeters>
                    </Trackpoint>
                    <Trackpoint>
                        <DistanceMeters>1144.7402801513672</DistanceMeters>
                        <Time>2019-10-07T13:28:48.308Z</Time>
                        <Position>
                            <LatitudeDegrees>18.4548704</LatitudeDegrees>
                            <LongitudeDegrees>73.834694</LongitudeDegrees>
                        </Position>
                        <AltitudeMeters>551.0025634765625</AltitudeMeters>
                    </Trackpoint>
                    <Trackpoint>
                        <DistanceMeters>1144.7402801513672</DistanceMeters>
                        <Time>2019-10-07T13:28:49.309Z</Time>
                        <Position>
                            <LatitudeDegrees>18.454858</LatitudeDegrees>
                            <LongitudeDegrees>73.8346999</LongitudeDegrees>
                        </Position>
                        <AltitudeMeters>550.591796875</AltitudeMeters>
                    </Trackpoint>
                    <Trackpoint>
                        <DistanceMeters>1144.7402801513672</DistanceMeters>
                        <Time>2019-10-07T13:28:50.306Z</Time>
                        <Position>
                            <LatitudeDegrees>18.4548449</LatitudeDegrees>
                            <LongitudeDegrees>73.8347051</LongitudeDegrees>
                        </Position>
                        <AltitudeMeters>550.69091796875</AltitudeMeters>
                    </Trackpoint>
                    <Trackpoint>
                        <DistanceMeters>1144.7402801513672</DistanceMeters>
                        <Time>2019-10-07T13:28:51.310Z</Time>
                        <Position>
                            <LatitudeDegrees>18.4548363</LatitudeDegrees>
                            <LongitudeDegrees>73.834712</LongitudeDegrees>
                        </Position>
                        <AltitudeMeters>549.822021484375</AltitudeMeters>
                    </Trackpoint>
                    <Trackpoint>
                        <DistanceMeters>1144.7402801513672</DistanceMeters>
                        <Time>2019-10-07T13:28:53.299Z</Time>
                        <Position>
                            <LatitudeDegrees>18.4548294</LatitudeDegrees>
                            <LongitudeDegrees>73.8347202</LongitudeDegrees>
                        </Position>
                        <AltitudeMeters>547.37548828125</AltitudeMeters>
                    </Trackpoint>
                    <Trackpoint>
                        <DistanceMeters>1144.7402801513672</DistanceMeters>
                        <Time>2019-10-07T13:28:55.302Z</Time>
                        <Position>
                            <LatitudeDegrees>18.4548323</LatitudeDegrees>
                            <LongitudeDegrees>73.8347333</LongitudeDegrees>
                        </Position>
                        <AltitudeMeters>550.70263671875</AltitudeMeters>
                    </Trackpoint>
                    <Trackpoint>
                        <DistanceMeters>1144.7402801513672</DistanceMeters>
                        <Time>2019-10-07T13:28:57.302Z</Time>
                        <Position>
                            <LatitudeDegrees>18.4548402</LatitudeDegrees>
                            <LongitudeDegrees>73.8347452</LongitudeDegrees>
                        </Position>
                        <AltitudeMeters>551.9912109375</AltitudeMeters>
                    </Trackpoint>
                    <Trackpoint>
                        <DistanceMeters>1144.7402801513672</DistanceMeters>
                        <Time>2019-10-07T13:28:59.309Z</Time>
                        <Position>
                            <LatitudeDegrees>18.4548551</LatitudeDegrees>
                            <LongitudeDegrees>73.834752</LongitudeDegrees>
                        </Position>
                        <AltitudeMeters>553.8851318359375</AltitudeMeters>
                    </Trackpoint>
                    <Trackpoint>
                        <DistanceMeters>1153.544867515564</DistanceMeters>
                        <Time>2019-10-07T13:29:01.314Z</Time>
                        <Position>
                            <LatitudeDegrees>18.4548664</LatitudeDegrees>
                            <LongitudeDegrees>73.8347542</LongitudeDegrees>
                        </Position>
                        <AltitudeMeters>561.97314453125</AltitudeMeters>
                    </Trackpoint>
                    <Trackpoint>
                        <DistanceMeters>1153.544867515564</DistanceMeters>
                        <Time>2019-10-07T13:29:05.305Z</Time>
                        <Position>
                            <LatitudeDegrees>18.4548666</LatitudeDegrees>
                            <LongitudeDegrees>73.8347414</LongitudeDegrees>
                        </Position>
                        <AltitudeMeters>561.2835693359375</AltitudeMeters>
                    </Trackpoint>
                    <Trackpoint>
                        <DistanceMeters>1153.544867515564</DistanceMeters>
                        <Time>2019-10-07T13:29:07.402Z</Time>
                        <Position>
                            <LatitudeDegrees>18.4548612</LatitudeDegrees>
                            <LongitudeDegrees>73.8347305</LongitudeDegrees>
                        </Position>
                        <AltitudeMeters>560.740966796875</AltitudeMeters>
                    </Trackpoint>
                    <Trackpoint>
                        <DistanceMeters>1153.544867515564</DistanceMeters>
                        <Time>2019-10-07T13:29:10.302Z</Time>
                        <Position>
                            <LatitudeDegrees>18.4548556</LatitudeDegrees>
                            <LongitudeDegrees>73.8347205</LongitudeDegrees>
                        </Position>
                        <AltitudeMeters>563.9791259765625</AltitudeMeters>
                    </Trackpoint>
                    <Trackpoint>
                        <DistanceMeters>1153.544867515564</DistanceMeters>
                        <Time>2019-10-07T13:29:21.302Z</Time>
                        <Position>
                            <LatitudeDegrees>18.4548484</LatitudeDegrees>
                            <LongitudeDegrees>73.8347137</LongitudeDegrees>
                        </Position>
                        <AltitudeMeters>559.5111083984375</AltitudeMeters>
                    </Trackpoint>
                    <Trackpoint>
                        <DistanceMeters>1153.544867515564</DistanceMeters>
                        <Time>2019-10-07T13:29:26.306Z</Time>
                        <Position>
                            <LatitudeDegrees>18.4548435</LatitudeDegrees>
                            <LongitudeDegrees>73.8347036</LongitudeDegrees>
                        </Position>
                        <AltitudeMeters>558.309814453125</AltitudeMeters>
                    </Trackpoint>
                    <Trackpoint>
                        <DistanceMeters>1153.544867515564</DistanceMeters>
                        <Time>2019-10-07T13:29:28.312Z</Time>
                        <Position>
                            <LatitudeDegrees>18.4548443</LatitudeDegrees>
                            <LongitudeDegrees>73.8346931</LongitudeDegrees>
                        </Position>
                        <AltitudeMeters>560.268798828125</AltitudeMeters>
                    </Trackpoint>
                    <Trackpoint>
                        <DistanceMeters>1191.0909337997437</DistanceMeters>
                        <Time>2019-10-07T13:29:30.303Z</Time>
                        <Position>
                            <LatitudeDegrees>18.454846</LatitudeDegrees>
                            <LongitudeDegrees>73.8346811</LongitudeDegrees>
                        </Position>
                        <AltitudeMeters>559.7967529296875</AltitudeMeters>
                    </Trackpoint>
                    <Trackpoint>
                        <DistanceMeters>1191.0909337997437</DistanceMeters>
                        <Time>2019-10-07T13:29:32.302Z</Time>
                        <Position>
                            <LatitudeDegrees>18.454845</LatitudeDegrees>
                            <LongitudeDegrees>73.8346707</LongitudeDegrees>
                        </Position>
                        <AltitudeMeters>559.7034912109375</AltitudeMeters>
                    </Trackpoint>
                    <Trackpoint>
                        <DistanceMeters>1191.0909337997437</DistanceMeters>
                        <Time>2019-10-07T13:29:35.320Z</Time>
                        <Position>
                            <LatitudeDegrees>18.4548315</LatitudeDegrees>
                            <LongitudeDegrees>73.8346665</LongitudeDegrees>
                        </Position>
                        <AltitudeMeters>556.46044921875</AltitudeMeters>
                    </Trackpoint>
                    <Trackpoint>
                        <DistanceMeters>1191.0909337997437</DistanceMeters>
                        <Time>2019-10-07T13:29:37.304Z</Time>
                        <Position>
                            <LatitudeDegrees>18.45482</LatitudeDegrees>
                            <LongitudeDegrees>73.8346714</LongitudeDegrees>
                        </Position>
                        <AltitudeMeters>557.7978515625</AltitudeMeters>
                    </Trackpoint>
                    <Trackpoint>
                        <DistanceMeters>1191.0909337997437</DistanceMeters>
                        <Time>2019-10-07T13:29:39.300Z</Time>
                        <Position>
                            <LatitudeDegrees>18.454808</LatitudeDegrees>
                            <LongitudeDegrees>73.8346804</LongitudeDegrees>
                        </Position>
                        <AltitudeMeters>558.504638671875</AltitudeMeters>
                    </Trackpoint>
                    <Trackpoint>
                        <DistanceMeters>1191.0909337997437</DistanceMeters>
                        <Time>2019-10-07T13:29:42.315Z</Time>
                        <Position>
                            <LatitudeDegrees>18.4547928</LatitudeDegrees>
                            <LongitudeDegrees>73.8346878</LongitudeDegrees>
                        </Position>
                        <AltitudeMeters>557.715576171875</AltitudeMeters>
                    </Trackpoint>
                    <Trackpoint>
                        <DistanceMeters>1191.0909337997437</DistanceMeters>
                        <Time>2019-10-07T13:29:43.310Z</Time>
                        <Position>
                            <LatitudeDegrees>18.4548014</LatitudeDegrees>
                            <LongitudeDegrees>73.834693</LongitudeDegrees>
                        </Position>
                        <AltitudeMeters>557.998046875</AltitudeMeters>
                    </Trackpoint>
                    <Trackpoint>
                        <DistanceMeters>1191.0909337997437</DistanceMeters>
                        <Time>2019-10-07T13:29:44.308Z</Time>
                        <Position>
                            <LatitudeDegrees>18.4548033</LatitudeDegrees>
                            <LongitudeDegrees>73.8346649</LongitudeDegrees>
                        </Position>
                        <AltitudeMeters>558.0074462890625</AltitudeMeters>
                    </Trackpoint>
                    <Trackpoint>
                        <DistanceMeters>1191.0909337997437</DistanceMeters>
                        <Time>2019-10-07T13:29:45.316Z</Time>
                        <Position>
                            <LatitudeDegrees>18.4548071</LatitudeDegrees>
                            <LongitudeDegrees>73.8346491</LongitudeDegrees>
                        </Position>
                        <AltitudeMeters>558.010498046875</AltitudeMeters>
                    </Trackpoint>
                    <Trackpoint>
                        <DistanceMeters>1191.0909337997437</DistanceMeters>
                        <Time>2019-10-07T13:29:46.308Z</Time>
                        <Position>
                            <LatitudeDegrees>18.45481</LatitudeDegrees>
                            <LongitudeDegrees>73.8346259</LongitudeDegrees>
                        </Position>
                        <AltitudeMeters>557.933837890625</AltitudeMeters>
                    </Trackpoint>
                    <Trackpoint>
                        <DistanceMeters>1191.0909337997437</DistanceMeters>
                        <Time>2019-10-07T13:29:47.320Z</Time>
                        <Position>
                            <LatitudeDegrees>18.4548393</LatitudeDegrees>
                            <LongitudeDegrees>73.8346571</LongitudeDegrees>
                        </Position>
                        <AltitudeMeters>557.1309814453125</AltitudeMeters>
                    </Trackpoint>
                    <Trackpoint>
                        <DistanceMeters>1191.0909337997437</DistanceMeters>
                        <Time>2019-10-07T13:29:48.312Z</Time>
                        <Position>
                            <LatitudeDegrees>18.4548578</LatitudeDegrees>
                            <LongitudeDegrees>73.8346803</LongitudeDegrees>
                        </Position>
                        <AltitudeMeters>557.757568359375</AltitudeMeters>
                    </Trackpoint>
                    <Trackpoint>
                        <DistanceMeters>1191.0909337997437</DistanceMeters>
                        <Time>2019-10-07T13:29:49.311Z</Time>
                        <Position>
                            <LatitudeDegrees>18.4548736</LatitudeDegrees>
                            <LongitudeDegrees>73.8346983</LongitudeDegrees>
                        </Position>
                        <AltitudeMeters>557.280517578125</AltitudeMeters>
                    </Trackpoint>
                    <Trackpoint>
                        <DistanceMeters>1191.0909337997437</DistanceMeters>
                        <Time>2019-10-07T13:29:50.308Z</Time>
                        <Position>
                            <LatitudeDegrees>18.4548881</LatitudeDegrees>
                            <LongitudeDegrees>73.8347116</LongitudeDegrees>
                        </Position>
                        <AltitudeMeters>558.13330078125</AltitudeMeters>
                    </Trackpoint>
                    <Trackpoint>
                        <DistanceMeters>1191.0909337997437</DistanceMeters>
                        <Time>2019-10-07T13:29:51.301Z</Time>
                        <Position>
                            <LatitudeDegrees>18.4548989</LatitudeDegrees>
                            <LongitudeDegrees>73.8347216</LongitudeDegrees>
                        </Position>
                        <AltitudeMeters>557.6552734375</AltitudeMeters>
                    </Trackpoint>
                    <Trackpoint>
                        <DistanceMeters>1191.0909337997437</DistanceMeters>
                        <Time>2019-10-07T13:29:52.304Z</Time>
                        <Position>
                            <LatitudeDegrees>18.4549076</LatitudeDegrees>
                            <LongitudeDegrees>73.834729</LongitudeDegrees>
                        </Position>
                        <AltitudeMeters>557.6947021484375</AltitudeMeters>
                    </Trackpoint>
                    <Trackpoint>
                        <DistanceMeters>1191.0909337997437</DistanceMeters>
                        <Time>2019-10-07T13:29:54.312Z</Time>
                        <Position>
                            <LatitudeDegrees>18.4549181</LatitudeDegrees>
                            <LongitudeDegrees>73.8347399</LongitudeDegrees>
                        </Position>
                        <AltitudeMeters>556.822021484375</AltitudeMeters>
                    </Trackpoint>
                    <Trackpoint>
                        <DistanceMeters>1191.0909337997437</DistanceMeters>
                        <Time>2019-10-07T13:29:55.303Z</Time>
                        <Position>
                            <LatitudeDegrees>18.4549259</LatitudeDegrees>
                            <LongitudeDegrees>73.8347458</LongitudeDegrees>
                        </Position>
                        <AltitudeMeters>556.482421875</AltitudeMeters>
                    </Trackpoint>
                    <Trackpoint>
                        <DistanceMeters>1191.0909337997437</DistanceMeters>
                        <Time>2019-10-07T13:29:57.301Z</Time>
                        <Position>
                            <LatitudeDegrees>18.4549347</LatitudeDegrees>
                            <LongitudeDegrees>73.8347575</LongitudeDegrees>
                        </Position>
                        <AltitudeMeters>556.48291015625</AltitudeMeters>
                    </Trackpoint>
                    <Trackpoint>
                        <DistanceMeters>1211.1000623703003</DistanceMeters>
                        <Time>2019-10-07T13:30:02.608Z</Time>
                        <Position>
                            <LatitudeDegrees>18.4549604</LatitudeDegrees>
                            <LongitudeDegrees>73.8347764</LongitudeDegrees>
                        </Position>
                        <AltitudeMeters>556.935791015625</AltitudeMeters>
                    </Trackpoint>
                    <Trackpoint>
                        <DistanceMeters>1211.1000623703003</DistanceMeters>
                        <Time>2019-10-07T13:30:17.307Z</Time>
                        <Position>
                            <LatitudeDegrees>18.4550532</LatitudeDegrees>
                            <LongitudeDegrees>73.8348366</LongitudeDegrees>
                        </Position>
                        <AltitudeMeters>556.766357421875</AltitudeMeters>
                    </Trackpoint>
                    <Trackpoint>
                        <DistanceMeters>1211.1000623703003</DistanceMeters>
                        <Time>2019-10-07T13:30:18.306Z</Time>
                        <Position>
                            <LatitudeDegrees>18.4550574</LatitudeDegrees>
                            <LongitudeDegrees>73.8348526</LongitudeDegrees>
                        </Position>
                        <AltitudeMeters>557.874755859375</AltitudeMeters>
                    </Trackpoint>
                    <Trackpoint>
                        <DistanceMeters>1211.1000623703003</DistanceMeters>
                        <Time>2019-10-07T13:30:25.306Z</Time>
                        <Position>
                            <LatitudeDegrees>18.4550773</LatitudeDegrees>
                            <LongitudeDegrees>73.8348641</LongitudeDegrees>
                        </Position>
                        <AltitudeMeters>558.22119140625</AltitudeMeters>
                    </Trackpoint>
                    <Trackpoint>
                        <DistanceMeters>1265.4925527572632</DistanceMeters>
                        <Time>2019-10-07T13:30:38.310Z</Time>
                        <Position>
                            <LatitudeDegrees>18.4551323</LatitudeDegrees>
                            <LongitudeDegrees>73.8347663</LongitudeDegrees>
                        </Position>
                        <AltitudeMeters>559.60791015625</AltitudeMeters>
                    </Trackpoint>
                    <Trackpoint>
                        <DistanceMeters>1265.4925527572632</DistanceMeters>
                        <Time>2019-10-07T13:30:39.300Z</Time>
                        <Position>
                            <LatitudeDegrees>18.4551355</LatitudeDegrees>
                            <LongitudeDegrees>73.8347185</LongitudeDegrees>
                        </Position>
                        <AltitudeMeters>559.5867919921875</AltitudeMeters>
                    </Trackpoint>
                    <Trackpoint>
                        <DistanceMeters>1265.4925527572632</DistanceMeters>
                        <Time>2019-10-07T13:30:42.303Z</Time>
                        <Position>
                            <LatitudeDegrees>18.4551029</LatitudeDegrees>
                            <LongitudeDegrees>73.8347812</LongitudeDegrees>
                        </Position>
                        <AltitudeMeters>555.536376953125</AltitudeMeters>
                    </Trackpoint>
                    <Trackpoint>
                        <DistanceMeters>1265.4925527572632</DistanceMeters>
                        <Time>2019-10-07T13:30:43.318Z</Time>
                        <Position>
                            <LatitudeDegrees>18.4550815</LatitudeDegrees>
                            <LongitudeDegrees>73.8348243</LongitudeDegrees>
                        </Position>
                        <AltitudeMeters>555.498291015625</AltitudeMeters>
                    </Trackpoint>
                    <Trackpoint>
                        <DistanceMeters>1265.4925527572632</DistanceMeters>
                        <Time>2019-10-07T13:30:44.309Z</Time>
                        <Position>
                            <LatitudeDegrees>18.4550696</LatitudeDegrees>
                            <LongitudeDegrees>73.8348519</LongitudeDegrees>
                        </Position>
                        <AltitudeMeters>555.1826171875</AltitudeMeters>
                    </Trackpoint>
                    <Trackpoint>
                        <DistanceMeters>1265.4925527572632</DistanceMeters>
                        <Time>2019-10-07T13:30:45.301Z</Time>
                        <Position>
                            <LatitudeDegrees>18.4550596</LatitudeDegrees>
                            <LongitudeDegrees>73.8348678</LongitudeDegrees>
                        </Position>
                        <AltitudeMeters>556.106201171875</AltitudeMeters>
                    </Trackpoint>
                    <Trackpoint>
                        <DistanceMeters>1265.4925527572632</DistanceMeters>
                        <Time>2019-10-07T13:30:47.315Z</Time>
                        <Position>
                            <LatitudeDegrees>18.4550444</LatitudeDegrees>
                            <LongitudeDegrees>73.8348643</LongitudeDegrees>
                        </Position>
                        <AltitudeMeters>557.0556640625</AltitudeMeters>
                    </Trackpoint>
                    <Trackpoint>
                        <DistanceMeters>1265.4925527572632</DistanceMeters>
                        <Time>2019-10-07T13:30:48.301Z</Time>
                        <Position>
                            <LatitudeDegrees>18.4550374</LatitudeDegrees>
                            <LongitudeDegrees>73.8348557</LongitudeDegrees>
                        </Position>
                        <AltitudeMeters>557.1361083984375</AltitudeMeters>
                    </Trackpoint>
                    <Trackpoint>
                        <DistanceMeters>1265.4925527572632</DistanceMeters>
                        <Time>2019-10-07T13:30:49.313Z</Time>
                        <Position>
                            <LatitudeDegrees>18.455029</LatitudeDegrees>
                            <LongitudeDegrees>73.834846</LongitudeDegrees>
                        </Position>
                        <AltitudeMeters>556.1021728515625</AltitudeMeters>
                    </Trackpoint>
                    <Trackpoint>
                        <DistanceMeters>1265.4925527572632</DistanceMeters>
                        <Time>2019-10-07T13:30:50.315Z</Time>
                        <Position>
                            <LatitudeDegrees>18.4550207</LatitudeDegrees>
                            <LongitudeDegrees>73.8348358</LongitudeDegrees>
                        </Position>
                        <AltitudeMeters>557.00830078125</AltitudeMeters>
                    </Trackpoint>
                    <Trackpoint>
                        <DistanceMeters>1265.4925527572632</DistanceMeters>
                        <Time>2019-10-07T13:30:51.310Z</Time>
                        <Position>
                            <LatitudeDegrees>18.4550117</LatitudeDegrees>
                            <LongitudeDegrees>73.8348254</LongitudeDegrees>
                        </Position>
                        <AltitudeMeters>557.4102783203125</AltitudeMeters>
                    </Trackpoint>
                    <Trackpoint>
                        <DistanceMeters>1265.4925527572632</DistanceMeters>
                        <Time>2019-10-07T13:30:52.303Z</Time>
                        <Position>
                            <LatitudeDegrees>18.4550026</LatitudeDegrees>
                            <LongitudeDegrees>73.8348156</LongitudeDegrees>
                        </Position>
                        <AltitudeMeters>556.5968017578125</AltitudeMeters>
                    </Trackpoint>
                    <Trackpoint>
                        <DistanceMeters>1265.4925527572632</DistanceMeters>
                        <Time>2019-10-07T13:30:53.299Z</Time>
                        <Position>
                            <LatitudeDegrees>18.4549933</LatitudeDegrees>
                            <LongitudeDegrees>73.8348068</LongitudeDegrees>
                        </Position>
                        <AltitudeMeters>556.214599609375</AltitudeMeters>
                    </Trackpoint>
                    <Trackpoint>
                        <DistanceMeters>1265.4925527572632</DistanceMeters>
                        <Time>2019-10-07T13:30:54.300Z</Time>
                        <Position>
                            <LatitudeDegrees>18.4549827</LatitudeDegrees>
                            <LongitudeDegrees>73.8347985</LongitudeDegrees>
                        </Position>
                        <AltitudeMeters>556.19287109375</AltitudeMeters>
                    </Trackpoint>
                    <Trackpoint>
                        <DistanceMeters>1265.4925527572632</DistanceMeters>
                        <Time>2019-10-07T13:30:55.299Z</Time>
                        <Position>
                            <LatitudeDegrees>18.4549732</LatitudeDegrees>
                            <LongitudeDegrees>73.83479</LongitudeDegrees>
                        </Position>
                        <AltitudeMeters>556.7786865234375</AltitudeMeters>
                    </Trackpoint>
                    <Trackpoint>
                        <DistanceMeters>1265.4925527572632</DistanceMeters>
                        <Time>2019-10-07T13:30:56.306Z</Time>
                        <Position>
                            <LatitudeDegrees>18.4549654</LatitudeDegrees>
                            <LongitudeDegrees>73.8347809</LongitudeDegrees>
                        </Position>
                        <AltitudeMeters>556.6917724609375</AltitudeMeters>
                    </Trackpoint>
                    <Trackpoint>
                        <DistanceMeters>1265.4925527572632</DistanceMeters>
                        <Time>2019-10-07T13:30:57.306Z</Time>
                        <Position>
                            <LatitudeDegrees>18.4549585</LatitudeDegrees>
                            <LongitudeDegrees>73.8347671</LongitudeDegrees>
                        </Position>
                        <AltitudeMeters>555.51220703125</AltitudeMeters>
                    </Trackpoint>
                    <Trackpoint>
                        <DistanceMeters>1265.4925527572632</DistanceMeters>
                        <Time>2019-10-07T13:30:58.383Z</Time>
                        <Position>
                            <LatitudeDegrees>18.4549503</LatitudeDegrees>
                            <LongitudeDegrees>73.8347525</LongitudeDegrees>
                        </Position>
                        <AltitudeMeters>555.76904296875</AltitudeMeters>
                    </Trackpoint>
                    <Trackpoint>
                        <DistanceMeters>1265.4925527572632</DistanceMeters>
                        <Time>2019-10-07T13:30:59.320Z</Time>
                        <Position>
                            <LatitudeDegrees>18.454942</LatitudeDegrees>
                            <LongitudeDegrees>73.8347395</LongitudeDegrees>
                        </Position>
                        <AltitudeMeters>555.782958984375</AltitudeMeters>
                    </Trackpoint>
                    <Trackpoint>
                        <DistanceMeters>1311.7261228561401</DistanceMeters>
                        <Time>2019-10-07T13:31:00.304Z</Time>
                        <Position>
                            <LatitudeDegrees>18.454933</LatitudeDegrees>
                            <LongitudeDegrees>73.8347278</LongitudeDegrees>
                        </Position>
                        <AltitudeMeters>558.016357421875</AltitudeMeters>
                    </Trackpoint>
                    <Trackpoint>
                        <DistanceMeters>1311.7261228561401</DistanceMeters>
                        <Time>2019-10-07T13:31:01.301Z</Time>
                        <Position>
                            <LatitudeDegrees>18.4549239</LatitudeDegrees>
                            <LongitudeDegrees>73.834717</LongitudeDegrees>
                        </Position>
                        <AltitudeMeters>557.4912109375</AltitudeMeters>
                    </Trackpoint>
                    <Trackpoint>
                        <DistanceMeters>1311.7261228561401</DistanceMeters>
                        <Time>2019-10-07T13:31:02.310Z</Time>
                        <Position>
                            <LatitudeDegrees>18.4549149</LatitudeDegrees>
                            <LongitudeDegrees>73.834708</LongitudeDegrees>
                        </Position>
                        <AltitudeMeters>558.2923583984375</AltitudeMeters>
                    </Trackpoint>
                    <Trackpoint>
                        <DistanceMeters>1311.7261228561401</DistanceMeters>
                        <Time>2019-10-07T13:31:03.310Z</Time>
                        <Position>
                            <LatitudeDegrees>18.4549052</LatitudeDegrees>
                            <LongitudeDegrees>73.8347016</LongitudeDegrees>
                        </Position>
                        <AltitudeMeters>559.6192626953125</AltitudeMeters>
                    </Trackpoint>
                    <Trackpoint>
                        <DistanceMeters>1311.7261228561401</DistanceMeters>
                        <Time>2019-10-07T13:31:04.303Z</Time>
                        <Position>
                            <LatitudeDegrees>18.4548957</LatitudeDegrees>
                            <LongitudeDegrees>73.8346979</LongitudeDegrees>
                        </Position>
                        <AltitudeMeters>559.7391357421875</AltitudeMeters>
                    </Trackpoint>
                    <Trackpoint>
                        <DistanceMeters>1311.7261228561401</DistanceMeters>
                        <Time>2019-10-07T13:31:05.314Z</Time>
                        <Position>
                            <LatitudeDegrees>18.4548863</LatitudeDegrees>
                            <LongitudeDegrees>73.8346945</LongitudeDegrees>
                        </Position>
                        <AltitudeMeters>557.974365234375</AltitudeMeters>
                    </Trackpoint>
                    <Trackpoint>
                        <DistanceMeters>1311.7261228561401</DistanceMeters>
                        <Time>2019-10-07T13:31:06.326Z</Time>
                        <Position>
                            <LatitudeDegrees>18.4548774</LatitudeDegrees>
                            <LongitudeDegrees>73.8346909</LongitudeDegrees>
                        </Position>
                        <AltitudeMeters>557.5966796875</AltitudeMeters>
                    </Trackpoint>
                    <Trackpoint>
                        <DistanceMeters>1311.7261228561401</DistanceMeters>
                        <Time>2019-10-07T13:31:07.302Z</Time>
                        <Position>
                            <LatitudeDegrees>18.4548695</LatitudeDegrees>
                            <LongitudeDegrees>73.8346858</LongitudeDegrees>
                        </Position>
                        <AltitudeMeters>558.398681640625</AltitudeMeters>
                    </Trackpoint>
                    <Trackpoint>
                        <DistanceMeters>1311.7261228561401</DistanceMeters>
                        <Time>2019-10-07T13:31:08.308Z</Time>
                        <Position>
                            <LatitudeDegrees>18.4548622</LatitudeDegrees>
                            <LongitudeDegrees>73.8346796</LongitudeDegrees>
                        </Position>
                        <AltitudeMeters>558.5672607421875</AltitudeMeters>
                    </Trackpoint>
                    <Trackpoint>
                        <DistanceMeters>1311.7261228561401</DistanceMeters>
                        <Time>2019-10-07T13:31:10.300Z</Time>
                        <Position>
                            <LatitudeDegrees>18.454852</LatitudeDegrees>
                            <LongitudeDegrees>73.8346727</LongitudeDegrees>
                        </Position>
                        <AltitudeMeters>557.34423828125</AltitudeMeters>
                    </Trackpoint>
                    <Trackpoint>
                        <DistanceMeters>1311.7261228561401</DistanceMeters>
                        <Time>2019-10-07T13:31:14.314Z</Time>
                        <Position>
                            <LatitudeDegrees>18.4548381</LatitudeDegrees>
                            <LongitudeDegrees>73.8346746</LongitudeDegrees>
                        </Position>
                        <AltitudeMeters>557.77099609375</AltitudeMeters>
                    </Trackpoint>
                    <Trackpoint>
                        <DistanceMeters>1311.7261228561401</DistanceMeters>
                        <Time>2019-10-07T13:31:17.300Z</Time>
                        <Position>
                            <LatitudeDegrees>18.4548368</LatitudeDegrees>
                            <LongitudeDegrees>73.8346863</LongitudeDegrees>
                        </Position>
                        <AltitudeMeters>559.107177734375</AltitudeMeters>
                    </Trackpoint>
                    <Trackpoint>
                        <DistanceMeters>1311.7261228561401</DistanceMeters>
                        <Time>2019-10-07T13:31:19.407Z</Time>
                        <Position>
                            <LatitudeDegrees>18.4548263</LatitudeDegrees>
                            <LongitudeDegrees>73.8346859</LongitudeDegrees>
                        </Position>
                        <AltitudeMeters>559.107177734375</AltitudeMeters>
                    </Trackpoint>
                    <Trackpoint>
                        <DistanceMeters>1311.7261228561401</DistanceMeters>
                        <Time>2019-10-07T13:31:20.318Z</Time>
                        <Position>
                            <LatitudeDegrees>18.4548123</LatitudeDegrees>
                            <LongitudeDegrees>73.8346952</LongitudeDegrees>
                        </Position>
                        <AltitudeMeters>560.677734375</AltitudeMeters>
                    </Trackpoint>
                    <Trackpoint>
                        <DistanceMeters>1311.7261228561401</DistanceMeters>
                        <Time>2019-10-07T13:31:21.306Z</Time>
                        <Position>
                            <LatitudeDegrees>18.4548414</LatitudeDegrees>
                            <LongitudeDegrees>73.8347163</LongitudeDegrees>
                        </Position>
                        <AltitudeMeters>558.15185546875</AltitudeMeters>
                    </Trackpoint>
                    <Trackpoint>
                        <DistanceMeters>1311.7261228561401</DistanceMeters>
                        <Time>2019-10-07T13:31:22.300Z</Time>
                        <Position>
                            <LatitudeDegrees>18.4548784</LatitudeDegrees>
                            <LongitudeDegrees>73.8347375</LongitudeDegrees>
                        </Position>
                        <AltitudeMeters>552.7928466796875</AltitudeMeters>
                    </Trackpoint>
                    <Trackpoint>
                        <DistanceMeters>1311.7261228561401</DistanceMeters>
                        <Time>2019-10-07T13:31:23.311Z</Time>
                        <Position>
                            <LatitudeDegrees>18.4549151</LatitudeDegrees>
                            <LongitudeDegrees>73.834749</LongitudeDegrees>
                        </Position>
                        <AltitudeMeters>554.4140625</AltitudeMeters>
                    </Trackpoint>
                    <Trackpoint>
                        <DistanceMeters>1311.7261228561401</DistanceMeters>
                        <Time>2019-10-07T13:31:24.302Z</Time>
                        <Position>
                            <LatitudeDegrees>18.4549432</LatitudeDegrees>
                            <LongitudeDegrees>73.834755</LongitudeDegrees>
                        </Position>
                        <AltitudeMeters>553.998291015625</AltitudeMeters>
                    </Trackpoint>
                    <Trackpoint>
                        <DistanceMeters>1311.7261228561401</DistanceMeters>
                        <Time>2019-10-07T13:31:25.306Z</Time>
                        <Position>
                            <LatitudeDegrees>18.4549659</LatitudeDegrees>
                            <LongitudeDegrees>73.8347589</LongitudeDegrees>
                        </Position>
                        <AltitudeMeters>553.27587890625</AltitudeMeters>
                    </Trackpoint>
                    <Trackpoint>
                        <DistanceMeters>1311.7261228561401</DistanceMeters>
                        <Time>2019-10-07T13:31:26.306Z</Time>
                        <Position>
                            <LatitudeDegrees>18.4549858</LatitudeDegrees>
                            <LongitudeDegrees>73.8347617</LongitudeDegrees>
                        </Position>
                        <AltitudeMeters>555.680908203125</AltitudeMeters>
                    </Trackpoint>
                    <Trackpoint>
                        <DistanceMeters>1311.7261228561401</DistanceMeters>
                        <Time>2019-10-07T13:31:27.305Z</Time>
                        <Position>
                            <LatitudeDegrees>18.4550052</LatitudeDegrees>
                            <LongitudeDegrees>73.8347641</LongitudeDegrees>
                        </Position>
                        <AltitudeMeters>557.7357177734375</AltitudeMeters>
                    </Trackpoint>
                    <Trackpoint>
                        <DistanceMeters>1311.7261228561401</DistanceMeters>
                        <Time>2019-10-07T13:31:28.311Z</Time>
                        <Position>
                            <LatitudeDegrees>18.4550236</LatitudeDegrees>
                            <LongitudeDegrees>73.8347665</LongitudeDegrees>
                        </Position>
                        <AltitudeMeters>558.636962890625</AltitudeMeters>
                    </Trackpoint>
                    <Trackpoint>
                        <DistanceMeters>1311.7261228561401</DistanceMeters>
                        <Time>2019-10-07T13:31:29.307Z</Time>
                        <Position>
                            <LatitudeDegrees>18.4550419</LatitudeDegrees>
                            <LongitudeDegrees>73.8347687</LongitudeDegrees>
                        </Position>
                        <AltitudeMeters>561.57666015625</AltitudeMeters>
                    </Trackpoint>
                    <Trackpoint>
                        <DistanceMeters>1335.086853981018</DistanceMeters>
                        <Time>2019-10-07T13:31:30.315Z</Time>
                        <Position>
                            <LatitudeDegrees>18.4550572</LatitudeDegrees>
                            <LongitudeDegrees>73.8347714</LongitudeDegrees>
                        </Position>
                        <AltitudeMeters>560.73876953125</AltitudeMeters>
                    </Trackpoint>
                    <Trackpoint>
                        <DistanceMeters>1335.086853981018</DistanceMeters>
                        <Time>2019-10-07T13:31:31.309Z</Time>
                        <Position>
                            <LatitudeDegrees>18.4550673</LatitudeDegrees>
                            <LongitudeDegrees>73.8347763</LongitudeDegrees>
                        </Position>
                        <AltitudeMeters>558.2244873046875</AltitudeMeters>
                    </Trackpoint>
                    <Trackpoint>
                        <DistanceMeters>1335.086853981018</DistanceMeters>
                        <Time>2019-10-07T13:31:33.313Z</Time>
                        <Position>
                            <LatitudeDegrees>18.4550721</LatitudeDegrees>
                            <LongitudeDegrees>73.8347875</LongitudeDegrees>
                        </Position>
                        <AltitudeMeters>558.712646484375</AltitudeMeters>
                    </Trackpoint>
                    <Trackpoint>
                        <DistanceMeters>1335.086853981018</DistanceMeters>
                        <Time>2019-10-07T13:31:35.309Z</Time>
                        <Position>
                            <LatitudeDegrees>18.4550614</LatitudeDegrees>
                            <LongitudeDegrees>73.8347898</LongitudeDegrees>
                        </Position>
                        <AltitudeMeters>559.201904296875</AltitudeMeters>
                    </Trackpoint>
                    <Trackpoint>
                        <DistanceMeters>1335.086853981018</DistanceMeters>
                        <Time>2019-10-07T13:31:37.307Z</Time>
                        <Position>
                            <LatitudeDegrees>18.4550471</LatitudeDegrees>
                            <LongitudeDegrees>73.8347835</LongitudeDegrees>
                        </Position>
                        <AltitudeMeters>559.586669921875</AltitudeMeters>
                    </Trackpoint>
                    <Trackpoint>
                        <DistanceMeters>1335.086853981018</DistanceMeters>
                        <Time>2019-10-07T13:31:39.308Z</Time>
                        <Position>
                            <LatitudeDegrees>18.4550337</LatitudeDegrees>
                            <LongitudeDegrees>73.8347782</LongitudeDegrees>
                        </Position>
                        <AltitudeMeters>558.70703125</AltitudeMeters>
                    </Trackpoint>
                    <Trackpoint>
                        <DistanceMeters>1335.086853981018</DistanceMeters>
                        <Time>2019-10-07T13:31:41.302Z</Time>
                        <Position>
                            <LatitudeDegrees>18.4550192</LatitudeDegrees>
                            <LongitudeDegrees>73.8347752</LongitudeDegrees>
                        </Position>
                        <AltitudeMeters>557.2177734375</AltitudeMeters>
                    </Trackpoint>
                    <Trackpoint>
                        <DistanceMeters>1335.086853981018</DistanceMeters>
                        <Time>2019-10-07T13:31:43.355Z</Time>
                        <Position>
                            <LatitudeDegrees>18.4550039</LatitudeDegrees>
                            <LongitudeDegrees>73.8347726</LongitudeDegrees>
                        </Position>
                        <AltitudeMeters>556.746337890625</AltitudeMeters>
                    </Trackpoint>
                    <Trackpoint>
                        <DistanceMeters>1335.086853981018</DistanceMeters>
                        <Time>2019-10-07T13:31:45.310Z</Time>
                        <Position>
                            <LatitudeDegrees>18.4549899</LatitudeDegrees>
                            <LongitudeDegrees>73.8347649</LongitudeDegrees>
                        </Position>
                        <AltitudeMeters>558.355224609375</AltitudeMeters>
                    </Trackpoint>
                    <Trackpoint>
                        <DistanceMeters>1335.086853981018</DistanceMeters>
                        <Time>2019-10-07T13:31:47.311Z</Time>
                        <Position>
                            <LatitudeDegrees>18.4549769</LatitudeDegrees>
                            <LongitudeDegrees>73.8347537</LongitudeDegrees>
                        </Position>
                        <AltitudeMeters>555.91064453125</AltitudeMeters>
                    </Trackpoint>
                    <Trackpoint>
                        <DistanceMeters>1335.086853981018</DistanceMeters>
                        <Time>2019-10-07T13:31:49.306Z</Time>
                        <Position>
                            <LatitudeDegrees>18.4549638</LatitudeDegrees>
                            <LongitudeDegrees>73.8347463</LongitudeDegrees>
                        </Position>
                        <AltitudeMeters>556.638916015625</AltitudeMeters>
                    </Trackpoint>
                    <Trackpoint>
                        <DistanceMeters>1335.086853981018</DistanceMeters>
                        <Time>2019-10-07T13:31:51.304Z</Time>
                        <Position>
                            <LatitudeDegrees>18.454953</LatitudeDegrees>
                            <LongitudeDegrees>73.834738</LongitudeDegrees>
                        </Position>
                        <AltitudeMeters>558.6396484375</AltitudeMeters>
                    </Trackpoint>
                    <Trackpoint>
                        <DistanceMeters>1335.086853981018</DistanceMeters>
                        <Time>2019-10-07T13:31:53.312Z</Time>
                        <Position>
                            <LatitudeDegrees>18.4549436</LatitudeDegrees>
                            <LongitudeDegrees>73.8347292</LongitudeDegrees>
                        </Position>
                        <AltitudeMeters>556.244384765625</AltitudeMeters>
                    </Trackpoint>
                    <Trackpoint>
                        <DistanceMeters>1335.086853981018</DistanceMeters>
                        <Time>2019-10-07T13:31:55.315Z</Time>
                        <Position>
                            <LatitudeDegrees>18.4549289</LatitudeDegrees>
                            <LongitudeDegrees>73.8347276</LongitudeDegrees>
                        </Position>
                        <AltitudeMeters>555.1787109375</AltitudeMeters>
                    </Trackpoint>
                    <Trackpoint>
                        <DistanceMeters>1335.086853981018</DistanceMeters>
                        <Time>2019-10-07T13:31:59.313Z</Time>
                        <Position>
                            <LatitudeDegrees>18.4549184</LatitudeDegrees>
                            <LongitudeDegrees>73.8347222</LongitudeDegrees>
                        </Position>
                        <AltitudeMeters>553.287841796875</AltitudeMeters>
                    </Trackpoint>
                    <Trackpoint>
                        <DistanceMeters>1354.4295625686646</DistanceMeters>
                        <Time>2019-10-07T13:32:02.310Z</Time>
                        <Position>
                            <LatitudeDegrees>18.4549093</LatitudeDegrees>
                            <LongitudeDegrees>73.834723</LongitudeDegrees>
                        </Position>
                        <AltitudeMeters>552.9520263671875</AltitudeMeters>
                    </Trackpoint>
                    <Trackpoint>
                        <DistanceMeters>1354.4295625686646</DistanceMeters>
                        <Time>2019-10-07T13:32:06.317Z</Time>
                        <Position>
                            <LatitudeDegrees>18.4549042</LatitudeDegrees>
                            <LongitudeDegrees>73.8347331</LongitudeDegrees>
                        </Position>
                        <AltitudeMeters>551.5491943359375</AltitudeMeters>
                    </Trackpoint>
                    <Trackpoint>
                        <DistanceMeters>1354.4295625686646</DistanceMeters>
                        <Time>2019-10-07T13:32:10.308Z</Time>
                        <Position>
                            <LatitudeDegrees>18.4548982</LatitudeDegrees>
                            <LongitudeDegrees>73.8347406</LongitudeDegrees>
                        </Position>
                        <AltitudeMeters>552.594970703125</AltitudeMeters>
                    </Trackpoint>
                    <Trackpoint>
                        <DistanceMeters>1354.4295625686646</DistanceMeters>
                        <Time>2019-10-07T13:32:11.311Z</Time>
                        <Position>
                            <LatitudeDegrees>18.4549053</LatitudeDegrees>
                            <LongitudeDegrees>73.8347473</LongitudeDegrees>
                        </Position>
                        <AltitudeMeters>553.0770263671875</AltitudeMeters>
                    </Trackpoint>
                    <Trackpoint>
                        <DistanceMeters>1354.4295625686646</DistanceMeters>
                        <Time>2019-10-07T13:32:12.310Z</Time>
                        <Position>
                            <LatitudeDegrees>18.4549129</LatitudeDegrees>
                            <LongitudeDegrees>73.8347536</LongitudeDegrees>
                        </Position>
                        <AltitudeMeters>553.31103515625</AltitudeMeters>
                    </Trackpoint>
                    <Trackpoint>
                        <DistanceMeters>1354.4295625686646</DistanceMeters>
                        <Time>2019-10-07T13:32:16.310Z</Time>
                        <Position>
                            <LatitudeDegrees>18.4549204</LatitudeDegrees>
                            <LongitudeDegrees>73.8347402</LongitudeDegrees>
                        </Position>
                        <AltitudeMeters>553.816650390625</AltitudeMeters>
                    </Trackpoint>
                    <Trackpoint>
                        <DistanceMeters>1354.4295625686646</DistanceMeters>
                        <Time>2019-10-07T13:32:17.310Z</Time>
                        <Position>
                            <LatitudeDegrees>18.4549295</LatitudeDegrees>
                            <LongitudeDegrees>73.8347338</LongitudeDegrees>
                        </Position>
                        <AltitudeMeters>553.88525390625</AltitudeMeters>
                    </Trackpoint>
                    <Trackpoint>
                        <DistanceMeters>1354.4295625686646</DistanceMeters>
                        <Time>2019-10-07T13:32:18.319Z</Time>
                        <Position>
                            <LatitudeDegrees>18.4549405</LatitudeDegrees>
                            <LongitudeDegrees>73.8347303</LongitudeDegrees>
                        </Position>
                        <AltitudeMeters>555.2353515625</AltitudeMeters>
                    </Trackpoint>
                    <Trackpoint>
                        <DistanceMeters>1354.4295625686646</DistanceMeters>
                        <Time>2019-10-07T13:32:19.311Z</Time>
                        <Position>
                            <LatitudeDegrees>18.4549517</LatitudeDegrees>
                            <LongitudeDegrees>73.8347292</LongitudeDegrees>
                        </Position>
                        <AltitudeMeters>555.61181640625</AltitudeMeters>
                    </Trackpoint>
                    <Trackpoint>
                        <DistanceMeters>1354.4295625686646</DistanceMeters>
                        <Time>2019-10-07T13:32:20.315Z</Time>
                        <Position>
                            <LatitudeDegrees>18.4549666</LatitudeDegrees>
                            <LongitudeDegrees>73.8347312</LongitudeDegrees>
                        </Position>
                        <AltitudeMeters>556.401123046875</AltitudeMeters>
                    </Trackpoint>
                    <Trackpoint>
                        <DistanceMeters>1354.4295625686646</DistanceMeters>
                        <Time>2019-10-07T13:32:22.302Z</Time>
                        <Position>
                            <LatitudeDegrees>18.454984</LatitudeDegrees>
                            <LongitudeDegrees>73.834736</LongitudeDegrees>
                        </Position>
                        <AltitudeMeters>556.381591796875</AltitudeMeters>
                    </Trackpoint>
                    <Trackpoint>
                        <DistanceMeters>1354.4295625686646</DistanceMeters>
                        <Time>2019-10-07T13:32:24.315Z</Time>
                        <Position>
                            <LatitudeDegrees>18.4549982</LatitudeDegrees>
                            <LongitudeDegrees>73.8347465</LongitudeDegrees>
                        </Position>
                        <AltitudeMeters>554.83740234375</AltitudeMeters>
                    </Trackpoint>
                    <Trackpoint>
                        <DistanceMeters>1354.4295625686646</DistanceMeters>
                        <Time>2019-10-07T13:32:26.309Z</Time>
                        <Position>
                            <LatitudeDegrees>18.4550086</LatitudeDegrees>
                            <LongitudeDegrees>73.8347584</LongitudeDegrees>
                        </Position>
                        <AltitudeMeters>554.8193359375</AltitudeMeters>
                    </Trackpoint>
                    <Trackpoint>
                        <DistanceMeters>1354.4295625686646</DistanceMeters>
                        <Time>2019-10-07T13:32:28.309Z</Time>
                        <Position>
                            <LatitudeDegrees>18.4550203</LatitudeDegrees>
                            <LongitudeDegrees>73.8347626</LongitudeDegrees>
                        </Position>
                        <AltitudeMeters>554.1982421875</AltitudeMeters>
                    </Trackpoint>
                    <Trackpoint>
                        <DistanceMeters>1370.8034372329712</DistanceMeters>
                        <Time>2019-10-07T13:32:31.305Z</Time>
                        <Position>
                            <LatitudeDegrees>18.4550089</LatitudeDegrees>
                            <LongitudeDegrees>73.8347577</LongitudeDegrees>
                        </Position>
                        <AltitudeMeters>554.2939453125</AltitudeMeters>
                    </Trackpoint>
                    <Trackpoint>
                        <DistanceMeters>1370.8034372329712</DistanceMeters>
                        <Time>2019-10-07T13:32:33.308Z</Time>
                        <Position>
                            <LatitudeDegrees>18.4549945</LatitudeDegrees>
                            <LongitudeDegrees>73.8347543</LongitudeDegrees>
                        </Position>
                        <AltitudeMeters>553.8111572265625</AltitudeMeters>
                    </Trackpoint>
                    <Trackpoint>
                        <DistanceMeters>1370.8034372329712</DistanceMeters>
                        <Time>2019-10-07T13:32:35.315Z</Time>
                        <Position>
                            <LatitudeDegrees>18.4549819</LatitudeDegrees>
                            <LongitudeDegrees>73.8347519</LongitudeDegrees>
                        </Position>
                        <AltitudeMeters>555.519287109375</AltitudeMeters>
                    </Trackpoint>
                    <Trackpoint>
                        <DistanceMeters>1370.8034372329712</DistanceMeters>
                        <Time>2019-10-07T13:32:37.314Z</Time>
                        <Position>
                            <LatitudeDegrees>18.454971</LatitudeDegrees>
                            <LongitudeDegrees>73.8347503</LongitudeDegrees>
                        </Position>
                        <AltitudeMeters>555.164794921875</AltitudeMeters>
                    </Trackpoint>
                    <Trackpoint>
                        <DistanceMeters>1370.8034372329712</DistanceMeters>
                        <Time>2019-10-07T13:32:39.321Z</Time>
                        <Position>
                            <LatitudeDegrees>18.4549614</LatitudeDegrees>
                            <LongitudeDegrees>73.8347477</LongitudeDegrees>
                        </Position>
                        <AltitudeMeters>555.297119140625</AltitudeMeters>
                    </Trackpoint>
                    <Trackpoint>
                        <DistanceMeters>1370.8034372329712</DistanceMeters>
                        <Time>2019-10-07T13:32:42.313Z</Time>
                        <Position>
                            <LatitudeDegrees>18.4549486</LatitudeDegrees>
                            <LongitudeDegrees>73.8347434</LongitudeDegrees>
                        </Position>
                        <AltitudeMeters>554.82080078125</AltitudeMeters>
                    </Trackpoint>
                    <Trackpoint>
                        <DistanceMeters>1370.8034372329712</DistanceMeters>
                        <Time>2019-10-07T13:32:45.305Z</Time>
                        <Position>
                            <LatitudeDegrees>18.4549354</LatitudeDegrees>
                            <LongitudeDegrees>73.8347404</LongitudeDegrees>
                        </Position>
                        <AltitudeMeters>553.34228515625</AltitudeMeters>
                    </Trackpoint>
                    <Trackpoint>
                        <DistanceMeters>1370.8034372329712</DistanceMeters>
                        <Time>2019-10-07T13:32:47.317Z</Time>
                        <Position>
                            <LatitudeDegrees>18.4549253</LatitudeDegrees>
                            <LongitudeDegrees>73.8347375</LongitudeDegrees>
                        </Position>
                        <AltitudeMeters>554.211669921875</AltitudeMeters>
                    </Trackpoint>
                    <Trackpoint>
                        <DistanceMeters>1370.8034372329712</DistanceMeters>
                        <Time>2019-10-07T13:32:49.305Z</Time>
                        <Position>
                            <LatitudeDegrees>18.4549152</LatitudeDegrees>
                            <LongitudeDegrees>73.8347363</LongitudeDegrees>
                        </Position>
                        <AltitudeMeters>554.72314453125</AltitudeMeters>
                    </Trackpoint>
                    <Trackpoint>
                        <DistanceMeters>1370.8034372329712</DistanceMeters>
                        <Time>2019-10-07T13:32:51.303Z</Time>
                        <Position>
                            <LatitudeDegrees>18.4549077</LatitudeDegrees>
                            <LongitudeDegrees>73.8347309</LongitudeDegrees>
                        </Position>
                        <AltitudeMeters>555.021728515625</AltitudeMeters>
                    </Trackpoint>
                    <Trackpoint>
                        <DistanceMeters>1370.8034372329712</DistanceMeters>
                        <Time>2019-10-07T13:32:54.323Z</Time>
                        <Position>
                            <LatitudeDegrees>18.4549014</LatitudeDegrees>
                            <LongitudeDegrees>73.8347201</LongitudeDegrees>
                        </Position>
                        <AltitudeMeters>553.713623046875</AltitudeMeters>
                    </Trackpoint>
                    <Trackpoint>
                        <DistanceMeters>1370.8034372329712</DistanceMeters>
                        <Time>2019-10-07T13:32:58.306Z</Time>
                        <Position>
                            <LatitudeDegrees>18.4548916</LatitudeDegrees>
                            <LongitudeDegrees>73.8347138</LongitudeDegrees>
                        </Position>
                        <AltitudeMeters>553.4017333984375</AltitudeMeters>
                    </Trackpoint>
                    <Trackpoint>
                        <DistanceMeters>1382.4343166351318</DistanceMeters>
                        <Time>2019-10-07T13:33:03.317Z</Time>
                        <Position>
                            <LatitudeDegrees>18.4548854</LatitudeDegrees>
                            <LongitudeDegrees>73.8347029</LongitudeDegrees>
                        </Position>
                        <AltitudeMeters>554.398681640625</AltitudeMeters>
                    </Trackpoint>
                    <Trackpoint>
                        <DistanceMeters>1382.4343166351318</DistanceMeters>
                        <Time>2019-10-07T13:33:07.314Z</Time>
                        <Position>
                            <LatitudeDegrees>18.454896</LatitudeDegrees>
                            <LongitudeDegrees>73.8347034</LongitudeDegrees>
                        </Position>
                        <AltitudeMeters>555.506103515625</AltitudeMeters>
                    </Trackpoint>
                    <Trackpoint>
                        <DistanceMeters>1382.4343166351318</DistanceMeters>
                        <Time>2019-10-07T13:33:08.311Z</Time>
                        <Position>
                            <LatitudeDegrees>18.45491</LatitudeDegrees>
                            <LongitudeDegrees>73.8347092</LongitudeDegrees>
                        </Position>
                        <AltitudeMeters>555.71337890625</AltitudeMeters>
                    </Trackpoint>
                    <Trackpoint>
                        <DistanceMeters>1382.4343166351318</DistanceMeters>
                        <Time>2019-10-07T13:33:09.304Z</Time>
                        <Position>
                            <LatitudeDegrees>18.454924</LatitudeDegrees>
                            <LongitudeDegrees>73.8347161</LongitudeDegrees>
                        </Position>
                        <AltitudeMeters>555.681640625</AltitudeMeters>
                    </Trackpoint>
                    <Trackpoint>
                        <DistanceMeters>1382.4343166351318</DistanceMeters>
                        <Time>2019-10-07T13:33:10.319Z</Time>
                        <Position>
                            <LatitudeDegrees>18.454933</LatitudeDegrees>
                            <LongitudeDegrees>73.834721</LongitudeDegrees>
                        </Position>
                        <AltitudeMeters>555.6795654296875</AltitudeMeters>
                    </Trackpoint>
                    <Trackpoint>
                        <DistanceMeters>1382.4343166351318</DistanceMeters>
                        <Time>2019-10-07T13:33:15.303Z</Time>
                        <Position>
                            <LatitudeDegrees>18.4549402</LatitudeDegrees>
                            <LongitudeDegrees>73.8347287</LongitudeDegrees>
                        </Position>
                        <AltitudeMeters>555.4410400390625</AltitudeMeters>
                    </Trackpoint>
                    <Trackpoint>
                        <DistanceMeters>1382.4343166351318</DistanceMeters>
                        <Time>2019-10-07T13:33:19.530Z</Time>
                        <Position>
                            <LatitudeDegrees>18.4549287</LatitudeDegrees>
                            <LongitudeDegrees>73.8347323</LongitudeDegrees>
                        </Position>
                        <AltitudeMeters>550.692138671875</AltitudeMeters>
                    </Trackpoint>
                    <Trackpoint>
                        <DistanceMeters>1382.4343166351318</DistanceMeters>
                        <Time>2019-10-07T13:33:21.303Z</Time>
                        <Position>
                            <LatitudeDegrees>18.454916</LatitudeDegrees>
                            <LongitudeDegrees>73.8347343</LongitudeDegrees>
                        </Position>
                        <AltitudeMeters>550.648681640625</AltitudeMeters>
                    </Trackpoint>
                    <Trackpoint>
                        <DistanceMeters>1396.3449697494507</DistanceMeters>
                        <Time>2019-10-07T13:33:35.316Z</Time>
                        <Position>
                            <LatitudeDegrees>18.4549242</LatitudeDegrees>
                            <LongitudeDegrees>73.8347419</LongitudeDegrees>
                        </Position>
                        <AltitudeMeters>553.21044921875</AltitudeMeters>
                    </Trackpoint>
                    <Trackpoint>
                        <DistanceMeters>1396.3449697494507</DistanceMeters>
                        <Time>2019-10-07T13:33:40.315Z</Time>
                        <Position>
                            <LatitudeDegrees>18.4549371</LatitudeDegrees>
                            <LongitudeDegrees>73.8347451</LongitudeDegrees>
                        </Position>
                        <AltitudeMeters>552.948974609375</AltitudeMeters>
                    </Trackpoint>
                    <Trackpoint>
                        <DistanceMeters>1396.3449697494507</DistanceMeters>
                        <Time>2019-10-07T13:33:43.302Z</Time>
                        <Position>
                            <LatitudeDegrees>18.4549466</LatitudeDegrees>
                            <LongitudeDegrees>73.8347498</LongitudeDegrees>
                        </Position>
                        <AltitudeMeters>553.6298828125</AltitudeMeters>
                    </Trackpoint>
                    <Trackpoint>
                        <DistanceMeters>1396.3449697494507</DistanceMeters>
                        <Time>2019-10-07T13:33:45.313Z</Time>
                        <Position>
                            <LatitudeDegrees>18.4549605</LatitudeDegrees>
                            <LongitudeDegrees>73.8347555</LongitudeDegrees>
                        </Position>
                        <AltitudeMeters>554.125732421875</AltitudeMeters>
                    </Trackpoint>
                    <Trackpoint>
                        <DistanceMeters>1396.3449697494507</DistanceMeters>
                        <Time>2019-10-07T13:33:46.321Z</Time>
                        <Position>
                            <LatitudeDegrees>18.4549694</LatitudeDegrees>
                            <LongitudeDegrees>73.8347573</LongitudeDegrees>
                        </Position>
                        <AltitudeMeters>554.15673828125</AltitudeMeters>
                    </Trackpoint>
                    <Trackpoint>
                        <DistanceMeters>1396.3449697494507</DistanceMeters>
                        <Time>2019-10-07T13:33:48.311Z</Time>
                        <Position>
                            <LatitudeDegrees>18.4549858</LatitudeDegrees>
                            <LongitudeDegrees>73.8347609</LongitudeDegrees>
                        </Position>
                        <AltitudeMeters>556.247314453125</AltitudeMeters>
                    </Trackpoint>
                    <Trackpoint>
                        <DistanceMeters>1396.3449697494507</DistanceMeters>
                        <Time>2019-10-07T13:33:52.303Z</Time>
                        <Position>
                            <LatitudeDegrees>18.4549753</LatitudeDegrees>
                            <LongitudeDegrees>73.8347659</LongitudeDegrees>
                        </Position>
                        <AltitudeMeters>554.3248291015625</AltitudeMeters>
                    </Trackpoint>
                    <Trackpoint>
                        <DistanceMeters>1396.3449697494507</DistanceMeters>
                        <Time>2019-10-07T13:33:55.311Z</Time>
                        <Position>
                            <LatitudeDegrees>18.454963</LatitudeDegrees>
                            <LongitudeDegrees>73.8347654</LongitudeDegrees>
                        </Position>
                        <AltitudeMeters>555.243896484375</AltitudeMeters>
                    </Trackpoint>
                    <Trackpoint>
                        <DistanceMeters>1396.3449697494507</DistanceMeters>
                        <Time>2019-10-07T13:33:57.314Z</Time>
                        <Position>
                            <LatitudeDegrees>18.4549582</LatitudeDegrees>
                            <LongitudeDegrees>73.8347561</LongitudeDegrees>
                        </Position>
                        <AltitudeMeters>553.816650390625</AltitudeMeters>
                    </Trackpoint>
                    <Trackpoint>
                        <DistanceMeters>1396.3449697494507</DistanceMeters>
                        <Time>2019-10-07T13:33:59.304Z</Time>
                        <Position>
                            <LatitudeDegrees>18.4549584</LatitudeDegrees>
                            <LongitudeDegrees>73.8347403</LongitudeDegrees>
                        </Position>
                        <AltitudeMeters>554.96728515625</AltitudeMeters>
                    </Trackpoint>
                    <Trackpoint>
                        <DistanceMeters>1412.5423555374146</DistanceMeters>
                        <Time>2019-10-07T13:34:01.310Z</Time>
                        <Position>
                            <LatitudeDegrees>18.4549565</LatitudeDegrees>
                            <LongitudeDegrees>73.8347274</LongitudeDegrees>
                        </Position>
                        <AltitudeMeters>556.10986328125</AltitudeMeters>
                    </Trackpoint>
                    <Trackpoint>
                        <DistanceMeters>1412.5423555374146</DistanceMeters>
                        <Time>2019-10-07T13:34:06.304Z</Time>
                        <Position>
                            <LatitudeDegrees>18.4549636</LatitudeDegrees>
                            <LongitudeDegrees>73.8347362</LongitudeDegrees>
                        </Position>
                        <AltitudeMeters>558.718017578125</AltitudeMeters>
                    </Trackpoint>
                    <Trackpoint>
                        <DistanceMeters>1412.5423555374146</DistanceMeters>
                        <Time>2019-10-07T13:34:08.303Z</Time>
                        <Position>
                            <LatitudeDegrees>18.4549798</LatitudeDegrees>
                            <LongitudeDegrees>73.8347385</LongitudeDegrees>
                        </Position>
                        <AltitudeMeters>559.976318359375</AltitudeMeters>
                    </Trackpoint>
                    <Trackpoint>
                        <DistanceMeters>1412.5423555374146</DistanceMeters>
                        <Time>2019-10-07T13:34:10.312Z</Time>
                        <Position>
                            <LatitudeDegrees>18.4549931</LatitudeDegrees>
                            <LongitudeDegrees>73.8347433</LongitudeDegrees>
                        </Position>
                        <AltitudeMeters>560.9669189453125</AltitudeMeters>
                    </Trackpoint>
                    <Trackpoint>
                        <DistanceMeters>1412.5423555374146</DistanceMeters>
                        <Time>2019-10-07T13:34:12.308Z</Time>
                        <Position>
                            <LatitudeDegrees>18.4550024</LatitudeDegrees>
                            <LongitudeDegrees>73.8347514</LongitudeDegrees>
                        </Position>
                        <AltitudeMeters>561.45361328125</AltitudeMeters>
                    </Trackpoint>
                    <Trackpoint>
                        <DistanceMeters>1412.5423555374146</DistanceMeters>
                        <Time>2019-10-07T13:34:14.305Z</Time>
                        <Position>
                            <LatitudeDegrees>18.4550101</LatitudeDegrees>
                            <LongitudeDegrees>73.8347583</LongitudeDegrees>
                        </Position>
                        <AltitudeMeters>560.875244140625</AltitudeMeters>
                    </Trackpoint>
                    <Trackpoint>
                        <DistanceMeters>1412.5423555374146</DistanceMeters>
                        <Time>2019-10-07T13:34:16.316Z</Time>
                        <Position>
                            <LatitudeDegrees>18.4550194</LatitudeDegrees>
                            <LongitudeDegrees>73.8347583</LongitudeDegrees>
                        </Position>
                        <AltitudeMeters>561.512451171875</AltitudeMeters>
                    </Trackpoint>
                    <Trackpoint>
                        <DistanceMeters>1412.5423555374146</DistanceMeters>
                        <Time>2019-10-07T13:34:18.325Z</Time>
                        <Position>
                            <LatitudeDegrees>18.4550293</LatitudeDegrees>
                            <LongitudeDegrees>73.8347566</LongitudeDegrees>
                        </Position>
                        <AltitudeMeters>562.1866455078125</AltitudeMeters>
                    </Trackpoint>
                    <Trackpoint>
                        <DistanceMeters>1412.5423555374146</DistanceMeters>
                        <Time>2019-10-07T13:34:20.310Z</Time>
                        <Position>
                            <LatitudeDegrees>18.4550391</LatitudeDegrees>
                            <LongitudeDegrees>73.8347549</LongitudeDegrees>
                        </Position>
                        <AltitudeMeters>562.0740966796875</AltitudeMeters>
                    </Trackpoint>
                    <Trackpoint>
                        <DistanceMeters>1412.5423555374146</DistanceMeters>
                        <Time>2019-10-07T13:34:22.314Z</Time>
                        <Position>
                            <LatitudeDegrees>18.455049</LatitudeDegrees>
                            <LongitudeDegrees>73.8347539</LongitudeDegrees>
                        </Position>
                        <AltitudeMeters>562.186279296875</AltitudeMeters>
                    </Trackpoint>
                    <Trackpoint>
                        <DistanceMeters>1412.5423555374146</DistanceMeters>
                        <Time>2019-10-07T13:34:24.311Z</Time>
                        <Position>
                            <LatitudeDegrees>18.4550579</LatitudeDegrees>
                            <LongitudeDegrees>73.8347575</LongitudeDegrees>
                        </Position>
                        <AltitudeMeters>562.5838623046875</AltitudeMeters>
                    </Trackpoint>
                    <Trackpoint>
                        <DistanceMeters>1412.5423555374146</DistanceMeters>
                        <Time>2019-10-07T13:34:27.305Z</Time>
                        <Position>
                            <LatitudeDegrees>18.4550682</LatitudeDegrees>
                            <LongitudeDegrees>73.8347627</LongitudeDegrees>
                        </Position>
                        <AltitudeMeters>562.4951171875</AltitudeMeters>
                    </Trackpoint>
                    <Trackpoint>
                        <DistanceMeters>1425.3218021392822</DistanceMeters>
                        <Time>2019-10-07T13:34:30.303Z</Time>
                        <Position>
                            <LatitudeDegrees>18.4550783</LatitudeDegrees>
                            <LongitudeDegrees>73.8347625</LongitudeDegrees>
                        </Position>
                        <AltitudeMeters>561.9619140625</AltitudeMeters>
                    </Trackpoint>
                    <Trackpoint>
                        <DistanceMeters>1425.3218021392822</DistanceMeters>
                        <Time>2019-10-07T13:34:32.303Z</Time>
                        <Position>
                            <LatitudeDegrees>18.4550844</LatitudeDegrees>
                            <LongitudeDegrees>73.8347521</LongitudeDegrees>
                        </Position>
                        <AltitudeMeters>563.8709716796875</AltitudeMeters>
                    </Trackpoint>
                    <Trackpoint>
                        <DistanceMeters>1425.3218021392822</DistanceMeters>
                        <Time>2019-10-07T13:34:34.310Z</Time>
                        <Position>
                            <LatitudeDegrees>18.4550922</LatitudeDegrees>
                            <LongitudeDegrees>73.8347445</LongitudeDegrees>
                        </Position>
                        <AltitudeMeters>563.775634765625</AltitudeMeters>
                    </Trackpoint>
                    <Trackpoint>
                        <DistanceMeters>1425.3218021392822</DistanceMeters>
                        <Time>2019-10-07T13:34:36.311Z</Time>
                        <Position>
                            <LatitudeDegrees>18.4551014</LatitudeDegrees>
                            <LongitudeDegrees>73.8347516</LongitudeDegrees>
                        </Position>
                        <AltitudeMeters>563.21728515625</AltitudeMeters>
                    </Trackpoint>
                    <Trackpoint>
                        <DistanceMeters>1425.3218021392822</DistanceMeters>
                        <Time>2019-10-07T13:34:38.329Z</Time>
                        <Position>
                            <LatitudeDegrees>18.4551096</LatitudeDegrees>
                            <LongitudeDegrees>73.8347583</LongitudeDegrees>
                        </Position>
                        <AltitudeMeters>563.5535888671875</AltitudeMeters>
                    </Trackpoint>
                    <Trackpoint>
                        <DistanceMeters>1425.3218021392822</DistanceMeters>
                        <Time>2019-10-07T13:34:41.308Z</Time>
                        <Position>
                            <LatitudeDegrees>18.4551223</LatitudeDegrees>
                            <LongitudeDegrees>73.8347617</LongitudeDegrees>
                        </Position>
                        <AltitudeMeters>562.9501953125</AltitudeMeters>
                    </Trackpoint>
                    <Trackpoint>
                        <DistanceMeters>1425.3218021392822</DistanceMeters>
                        <Time>2019-10-07T13:34:44.304Z</Time>
                        <Position>
                            <LatitudeDegrees>18.4551336</LatitudeDegrees>
                            <LongitudeDegrees>73.834766</LongitudeDegrees>
                        </Position>
                        <AltitudeMeters>564.4715576171875</AltitudeMeters>
                    </Trackpoint>
                    <Trackpoint>
                        <DistanceMeters>1425.3218021392822</DistanceMeters>
                        <Time>2019-10-07T13:34:48.302Z</Time>
                        <Position>
                            <LatitudeDegrees>18.4551441</LatitudeDegrees>
                            <LongitudeDegrees>73.8347684</LongitudeDegrees>
                        </Position>
                        <AltitudeMeters>562.3779296875</AltitudeMeters>
                    </Trackpoint>
                    <Trackpoint>
                        <DistanceMeters>1425.3218021392822</DistanceMeters>
                        <Time>2019-10-07T13:34:53.316Z</Time>
                        <Position>
                            <LatitudeDegrees>18.4551511</LatitudeDegrees>
                            <LongitudeDegrees>73.8347752</LongitudeDegrees>
                        </Position>
                        <AltitudeMeters>561.490478515625</AltitudeMeters>
                    </Trackpoint>
                    <Trackpoint>
                        <DistanceMeters>1425.3218021392822</DistanceMeters>
                        <Time>2019-10-07T13:34:55.313Z</Time>
                        <Position>
                            <LatitudeDegrees>18.4551455</LatitudeDegrees>
                            <LongitudeDegrees>73.8347849</LongitudeDegrees>
                        </Position>
                        <AltitudeMeters>559.672607421875</AltitudeMeters>
                    </Trackpoint>
                    <Trackpoint>
                        <DistanceMeters>1425.3218021392822</DistanceMeters>
                        <Time>2019-10-07T13:34:59.303Z</Time>
                        <Position>
                            <LatitudeDegrees>18.4551447</LatitudeDegrees>
                            <LongitudeDegrees>73.8347951</LongitudeDegrees>
                        </Position>
                        <AltitudeMeters>560.5526123046875</AltitudeMeters>
                    </Trackpoint>
                    <Trackpoint>
                        <DistanceMeters>1435.8407573699951</DistanceMeters>
                        <Time>2019-10-07T13:35:06.308Z</Time>
                        <Position>
                            <LatitudeDegrees>18.4551545</LatitudeDegrees>
                            <LongitudeDegrees>73.8347976</LongitudeDegrees>
                        </Position>
                        <AltitudeMeters>563.24853515625</AltitudeMeters>
                    </Trackpoint>
                    <Trackpoint>
                        <DistanceMeters>1435.8407573699951</DistanceMeters>
                        <Time>2019-10-07T13:35:13.308Z</Time>
                        <Position>
                            <LatitudeDegrees>18.45515</LatitudeDegrees>
                            <LongitudeDegrees>73.8347837</LongitudeDegrees>
                        </Position>
                        <AltitudeMeters>564.0047607421875</AltitudeMeters>
                    </Trackpoint>
                    <Trackpoint>
                        <DistanceMeters>1435.8407573699951</DistanceMeters>
                        <Time>2019-10-07T13:35:15.323Z</Time>
                        <Position>
                            <LatitudeDegrees>18.4551383</LatitudeDegrees>
                            <LongitudeDegrees>73.8347718</LongitudeDegrees>
                        </Position>
                        <AltitudeMeters>564.157958984375</AltitudeMeters>
                    </Trackpoint>
                    <Trackpoint>
                        <DistanceMeters>1435.8407573699951</DistanceMeters>
                        <Time>2019-10-07T13:35:17.321Z</Time>
                        <Position>
                            <LatitudeDegrees>18.4551295</LatitudeDegrees>
                            <LongitudeDegrees>73.8347622</LongitudeDegrees>
                        </Position>
                        <AltitudeMeters>564.1541748046875</AltitudeMeters>
                    </Trackpoint>
                    <Trackpoint>
                        <DistanceMeters>1435.8407573699951</DistanceMeters>
                        <Time>2019-10-07T13:35:20.307Z</Time>
                        <Position>
                            <LatitudeDegrees>18.4551167</LatitudeDegrees>
                            <LongitudeDegrees>73.8347596</LongitudeDegrees>
                        </Position>
                        <AltitudeMeters>564.0311279296875</AltitudeMeters>
                    </Trackpoint>
                    <Trackpoint>
                        <DistanceMeters>1435.8407573699951</DistanceMeters>
                        <Time>2019-10-07T13:35:22.305Z</Time>
                        <Position>
                            <LatitudeDegrees>18.4551074</LatitudeDegrees>
                            <LongitudeDegrees>73.834754</LongitudeDegrees>
                        </Position>
                        <AltitudeMeters>564.030029296875</AltitudeMeters>
                    </Trackpoint>
                    <Trackpoint>
                        <DistanceMeters>1435.8407573699951</DistanceMeters>
                        <Time>2019-10-07T13:35:28.304Z</Time>
                        <Position>
                            <LatitudeDegrees>18.4551162</LatitudeDegrees>
                            <LongitudeDegrees>73.8347609</LongitudeDegrees>
                        </Position>
                        <AltitudeMeters>564.218505859375</AltitudeMeters>
                    </Trackpoint>
                    <Trackpoint>
                        <DistanceMeters>1448.6409749984741</DistanceMeters>
                        <Time>2019-10-07T13:35:30.317Z</Time>
                        <Position>
                            <LatitudeDegrees>18.4551238</LatitudeDegrees>
                            <LongitudeDegrees>73.834767</LongitudeDegrees>
                        </Position>
                        <AltitudeMeters>564.2412109375</AltitudeMeters>
                    </Trackpoint>
                    <Trackpoint>
                        <DistanceMeters>1448.6409749984741</DistanceMeters>
                        <Time>2019-10-07T13:35:34.301Z</Time>
                        <Position>
                            <LatitudeDegrees>18.4551084</LatitudeDegrees>
                            <LongitudeDegrees>73.8347772</LongitudeDegrees>
                        </Position>
                        <AltitudeMeters>564.3740234375</AltitudeMeters>
                    </Trackpoint>
                    <Trackpoint>
                        <DistanceMeters>1448.6409749984741</DistanceMeters>
                        <Time>2019-10-07T13:35:36.301Z</Time>
                        <Position>
                            <LatitudeDegrees>18.4550976</LatitudeDegrees>
                            <LongitudeDegrees>73.8347887</LongitudeDegrees>
                        </Position>
                        <AltitudeMeters>564.541259765625</AltitudeMeters>
                    </Trackpoint>
                    <Trackpoint>
                        <DistanceMeters>1448.6409749984741</DistanceMeters>
                        <Time>2019-10-07T13:35:38.306Z</Time>
                        <Position>
                            <LatitudeDegrees>18.4550829</LatitudeDegrees>
                            <LongitudeDegrees>73.8347933</LongitudeDegrees>
                        </Position>
                        <AltitudeMeters>564.809814453125</AltitudeMeters>
                    </Trackpoint>
                    <Trackpoint>
                        <DistanceMeters>1448.6409749984741</DistanceMeters>
                        <Time>2019-10-07T13:35:46.305Z</Time>
                        <Position>
                            <LatitudeDegrees>18.4550905</LatitudeDegrees>
                            <LongitudeDegrees>73.834786</LongitudeDegrees>
                        </Position>
                        <AltitudeMeters>561.71728515625</AltitudeMeters>
                    </Trackpoint>
                    <Trackpoint>
                        <DistanceMeters>1448.6409749984741</DistanceMeters>
                        <Time>2019-10-07T13:35:51.303Z</Time>
                        <Position>
                            <LatitudeDegrees>18.4550888</LatitudeDegrees>
                            <LongitudeDegrees>73.8347976</LongitudeDegrees>
                        </Position>
                        <AltitudeMeters>561.1116943359375</AltitudeMeters>
                    </Trackpoint>
                    <Trackpoint>
                        <DistanceMeters>1448.6409749984741</DistanceMeters>
                        <Time>2019-10-07T13:35:53.307Z</Time>
                        <Position>
                            <LatitudeDegrees>18.455088</LatitudeDegrees>
                            <LongitudeDegrees>73.8348092</LongitudeDegrees>
                        </Position>
                        <AltitudeMeters>561.5872802734375</AltitudeMeters>
                    </Trackpoint>
                    <Trackpoint>
                        <DistanceMeters>1448.6409749984741</DistanceMeters>
                        <Time>2019-10-07T13:35:55.301Z</Time>
                        <Position>
                            <LatitudeDegrees>18.4550923</LatitudeDegrees>
                            <LongitudeDegrees>73.8348193</LongitudeDegrees>
                        </Position>
                        <AltitudeMeters>561.83251953125</AltitudeMeters>
                    </Trackpoint>
                    <Trackpoint>
                        <DistanceMeters>1448.6409749984741</DistanceMeters>
                        <Time>2019-10-07T13:35:59.568Z</Time>
                        <Position>
                            <LatitudeDegrees>18.455104</LatitudeDegrees>
                            <LongitudeDegrees>73.8348347</LongitudeDegrees>
                        </Position>
                        <AltitudeMeters>561.83251953125</AltitudeMeters>
                    </Trackpoint>
                    <Trackpoint>
                        <DistanceMeters>1468.758189201355</DistanceMeters>
                        <Time>2019-10-07T13:36:11.303Z</Time>
                        <Position>
                            <LatitudeDegrees>18.4551522</LatitudeDegrees>
                            <LongitudeDegrees>73.8348325</LongitudeDegrees>
                        </Position>
                        <AltitudeMeters>562.516845703125</AltitudeMeters>
                    </Trackpoint>
                    <Trackpoint>
                        <DistanceMeters>1468.758189201355</DistanceMeters>
                        <Time>2019-10-07T13:36:12.309Z</Time>
                        <Position>
                            <LatitudeDegrees>18.4551565</LatitudeDegrees>
                            <LongitudeDegrees>73.8348212</LongitudeDegrees>
                        </Position>
                        <AltitudeMeters>563.390869140625</AltitudeMeters>
                    </Trackpoint>
                    <Trackpoint>
                        <DistanceMeters>1468.758189201355</DistanceMeters>
                        <Time>2019-10-07T13:36:16.303Z</Time>
                        <Position>
                            <LatitudeDegrees>18.4551943</LatitudeDegrees>
                            <LongitudeDegrees>73.8347825</LongitudeDegrees>
                        </Position>
                        <AltitudeMeters>563.077880859375</AltitudeMeters>
                    </Trackpoint>
                    <Trackpoint>
                        <DistanceMeters>1468.758189201355</DistanceMeters>
                        <Time>2019-10-07T13:36:26.309Z</Time>
                        <Position>
                            <LatitudeDegrees>18.4552047</LatitudeDegrees>
                            <LongitudeDegrees>73.8348106</LongitudeDegrees>
                        </Position>
                        <AltitudeMeters>565.431884765625</AltitudeMeters>
                    </Trackpoint>
                    <Trackpoint>
                        <DistanceMeters>1468.758189201355</DistanceMeters>
                        <Time>2019-10-07T13:36:27.309Z</Time>
                        <Position>
                            <LatitudeDegrees>18.4551811</LatitudeDegrees>
                            <LongitudeDegrees>73.8348398</LongitudeDegrees>
                        </Position>
                        <AltitudeMeters>567.474853515625</AltitudeMeters>
                    </Trackpoint>
                    <Trackpoint>
                        <DistanceMeters>1468.758189201355</DistanceMeters>
                        <Time>2019-10-07T13:36:28.302Z</Time>
                        <Position>
                            <LatitudeDegrees>18.4551721</LatitudeDegrees>
                            <LongitudeDegrees>73.8348458</LongitudeDegrees>
                        </Position>
                        <AltitudeMeters>562.6337890625</AltitudeMeters>
                    </Trackpoint>
                    <Trackpoint>
                        <DistanceMeters>1499.3161668777466</DistanceMeters>
                        <Time>2019-10-07T13:36:30.305Z</Time>
                        <Position>
                            <LatitudeDegrees>18.4551541</LatitudeDegrees>
                            <LongitudeDegrees>73.8348411</LongitudeDegrees>
                        </Position>
                        <AltitudeMeters>561.75634765625</AltitudeMeters>
                    </Trackpoint>
                    <Trackpoint>
                        <DistanceMeters>1499.3161668777466</DistanceMeters>
                        <Time>2019-10-07T13:36:31.314Z</Time>
                        <Position>
                            <LatitudeDegrees>18.4551386</LatitudeDegrees>
                            <LongitudeDegrees>73.834836</LongitudeDegrees>
                        </Position>
                        <AltitudeMeters>561.3837890625</AltitudeMeters>
                    </Trackpoint>
                    <Trackpoint>
                        <DistanceMeters>1499.3161668777466</DistanceMeters>
                        <Time>2019-10-07T13:36:32.310Z</Time>
                        <Position>
                            <LatitudeDegrees>18.4551218</LatitudeDegrees>
                            <LongitudeDegrees>73.8348306</LongitudeDegrees>
                        </Position>
                        <AltitudeMeters>556.34521484375</AltitudeMeters>
                    </Trackpoint>
                    <Trackpoint>
                        <DistanceMeters>1499.3161668777466</DistanceMeters>
                        <Time>2019-10-07T13:36:33.303Z</Time>
                        <Position>
                            <LatitudeDegrees>18.4551069</LatitudeDegrees>
                            <LongitudeDegrees>73.8348271</LongitudeDegrees>
                        </Position>
                        <AltitudeMeters>552.3529052734375</AltitudeMeters>
                    </Trackpoint>
                    <Trackpoint>
                        <DistanceMeters>1499.3161668777466</DistanceMeters>
                        <Time>2019-10-07T13:36:34.306Z</Time>
                        <Position>
                            <LatitudeDegrees>18.4550905</LatitudeDegrees>
                            <LongitudeDegrees>73.8348236</LongitudeDegrees>
                        </Position>
                        <AltitudeMeters>552.8890380859375</AltitudeMeters>
                    </Trackpoint>
                    <Trackpoint>
                        <DistanceMeters>1499.3161668777466</DistanceMeters>
                        <Time>2019-10-07T13:36:35.309Z</Time>
                        <Position>
                            <LatitudeDegrees>18.4550761</LatitudeDegrees>
                            <LongitudeDegrees>73.8348212</LongitudeDegrees>
                        </Position>
                        <AltitudeMeters>553.1768798828125</AltitudeMeters>
                    </Trackpoint>
                    <Trackpoint>
                        <DistanceMeters>1499.3161668777466</DistanceMeters>
                        <Time>2019-10-07T13:36:37.040Z</Time>
                        <Position>
                            <LatitudeDegrees>18.4550658</LatitudeDegrees>
                            <LongitudeDegrees>73.8348216</LongitudeDegrees>
                        </Position>
                        <AltitudeMeters>552.964111328125</AltitudeMeters>
                    </Trackpoint>
                    <Trackpoint>
                        <DistanceMeters>1499.3161668777466</DistanceMeters>
                        <Time>2019-10-07T13:36:37.304Z</Time>
                        <Position>
                            <LatitudeDegrees>18.4550537</LatitudeDegrees>
                            <LongitudeDegrees>73.8348193</LongitudeDegrees>
                        </Position>
                        <AltitudeMeters>552.427978515625</AltitudeMeters>
                    </Trackpoint>
                    <Trackpoint>
                        <DistanceMeters>1499.3161668777466</DistanceMeters>
                        <Time>2019-10-07T13:36:38.316Z</Time>
                        <Position>
                            <LatitudeDegrees>18.4550432</LatitudeDegrees>
                            <LongitudeDegrees>73.8348192</LongitudeDegrees>
                        </Position>
                        <AltitudeMeters>552.201416015625</AltitudeMeters>
                    </Trackpoint>
                    <Trackpoint>
                        <DistanceMeters>1499.3161668777466</DistanceMeters>
                        <Time>2019-10-07T13:36:40.304Z</Time>
                        <Position>
                            <LatitudeDegrees>18.4550292</LatitudeDegrees>
                            <LongitudeDegrees>73.8348168</LongitudeDegrees>
                        </Position>
                        <AltitudeMeters>552.4091796875</AltitudeMeters>
                    </Trackpoint>
                    <Trackpoint>
                        <DistanceMeters>1499.3161668777466</DistanceMeters>
                        <Time>2019-10-07T13:36:43.358Z</Time>
                        <Position>
                            <LatitudeDegrees>18.4550266</LatitudeDegrees>
                            <LongitudeDegrees>73.8348067</LongitudeDegrees>
                        </Position>
                        <AltitudeMeters>551.891357421875</AltitudeMeters>
                    </Trackpoint>
                    <Trackpoint>
                        <DistanceMeters>1499.3161668777466</DistanceMeters>
                        <Time>2019-10-07T13:36:45.314Z</Time>
                        <Position>
                            <LatitudeDegrees>18.4550357</LatitudeDegrees>
                            <LongitudeDegrees>73.834801</LongitudeDegrees>
                        </Position>
                        <AltitudeMeters>554.458984375</AltitudeMeters>
                    </Trackpoint>
                    <Trackpoint>
                        <DistanceMeters>1499.3161668777466</DistanceMeters>
                        <Time>2019-10-07T13:36:47.321Z</Time>
                        <Position>
                            <LatitudeDegrees>18.4550504</LatitudeDegrees>
                            <LongitudeDegrees>73.8347973</LongitudeDegrees>
                        </Position>
                        <AltitudeMeters>555.82958984375</AltitudeMeters>
                    </Trackpoint>
                    <Trackpoint>
                        <DistanceMeters>1499.3161668777466</DistanceMeters>
                        <Time>2019-10-07T13:36:49.306Z</Time>
                        <Position>
                            <LatitudeDegrees>18.4550673</LatitudeDegrees>
                            <LongitudeDegrees>73.8347953</LongitudeDegrees>
                        </Position>
                        <AltitudeMeters>554.8934326171875</AltitudeMeters>
                    </Trackpoint>
                    <Trackpoint>
                        <DistanceMeters>1499.3161668777466</DistanceMeters>
                        <Time>2019-10-07T13:36:51.310Z</Time>
                        <Position>
                            <LatitudeDegrees>18.455084</LatitudeDegrees>
                            <LongitudeDegrees>73.8347917</LongitudeDegrees>
                        </Position>
                        <AltitudeMeters>557.419921875</AltitudeMeters>
                    </Trackpoint>
                    <Trackpoint>
                        <DistanceMeters>1499.3161668777466</DistanceMeters>
                        <Time>2019-10-07T13:36:53.310Z</Time>
                        <Position>
                            <LatitudeDegrees>18.4550995</LatitudeDegrees>
                            <LongitudeDegrees>73.8347901</LongitudeDegrees>
                        </Position>
                        <AltitudeMeters>558.193603515625</AltitudeMeters>
                    </Trackpoint>
                    <Trackpoint>
                        <DistanceMeters>1499.3161668777466</DistanceMeters>
                        <Time>2019-10-07T13:36:55.311Z</Time>
                        <Position>
                            <LatitudeDegrees>18.4551144</LatitudeDegrees>
                            <LongitudeDegrees>73.8347889</LongitudeDegrees>
                        </Position>
                        <AltitudeMeters>559.795654296875</AltitudeMeters>
                    </Trackpoint>
                    <Trackpoint>
                        <DistanceMeters>1499.3161668777466</DistanceMeters>
                        <Time>2019-10-07T13:36:57.309Z</Time>
                        <Position>
                            <LatitudeDegrees>18.4551274</LatitudeDegrees>
                            <LongitudeDegrees>73.8347861</LongitudeDegrees>
                        </Position>
                        <AltitudeMeters>560.08251953125</AltitudeMeters>
                    </Trackpoint>
                    <Trackpoint>
                        <DistanceMeters>1499.3161668777466</DistanceMeters>
                        <Time>2019-10-07T13:36:59.304Z</Time>
                        <Position>
                            <LatitudeDegrees>18.4551388</LatitudeDegrees>
                            <LongitudeDegrees>73.8347839</LongitudeDegrees>
                        </Position>
                        <AltitudeMeters>559.5186767578125</AltitudeMeters>
                    </Trackpoint>
                    <Trackpoint>
                        <DistanceMeters>1514.6159706115723</DistanceMeters>
                        <Time>2019-10-07T13:37:01.304Z</Time>
                        <Position>
                            <LatitudeDegrees>18.4551491</LatitudeDegrees>
                            <LongitudeDegrees>73.8347822</LongitudeDegrees>
                        </Position>
                        <AltitudeMeters>561.16357421875</AltitudeMeters>
                    </Trackpoint>
                    <Trackpoint>
                        <DistanceMeters>1514.6159706115723</DistanceMeters>
                        <Time>2019-10-07T13:37:03.322Z</Time>
                        <Position>
                            <LatitudeDegrees>18.4551587</LatitudeDegrees>
                            <LongitudeDegrees>73.8347821</LongitudeDegrees>
                        </Position>
                        <AltitudeMeters>561.1812744140625</AltitudeMeters>
                    </Trackpoint>
                    <Trackpoint>
                        <DistanceMeters>1514.6159706115723</DistanceMeters>
                        <Time>2019-10-07T13:37:05.314Z</Time>
                        <Position>
                            <LatitudeDegrees>18.4551702</LatitudeDegrees>
                            <LongitudeDegrees>73.8347808</LongitudeDegrees>
                        </Position>
                        <AltitudeMeters>563.292236328125</AltitudeMeters>
                    </Trackpoint>
                    <Trackpoint>
                        <DistanceMeters>1514.6159706115723</DistanceMeters>
                        <Time>2019-10-07T13:37:07.311Z</Time>
                        <Position>
                            <LatitudeDegrees>18.4551834</LatitudeDegrees>
                            <LongitudeDegrees>73.8347789</LongitudeDegrees>
                        </Position>
                        <AltitudeMeters>564.2166748046875</AltitudeMeters>
                    </Trackpoint>
                    <Trackpoint>
                        <DistanceMeters>1514.6159706115723</DistanceMeters>
                        <Time>2019-10-07T13:37:09.303Z</Time>
                        <Position>
                            <LatitudeDegrees>18.4551955</LatitudeDegrees>
                            <LongitudeDegrees>73.8347787</LongitudeDegrees>
                        </Position>
                        <AltitudeMeters>562.2403564453125</AltitudeMeters>
                    </Trackpoint>
                    <Trackpoint>
                        <DistanceMeters>1514.6159706115723</DistanceMeters>
                        <Time>2019-10-07T13:37:11.302Z</Time>
                        <Position>
                            <LatitudeDegrees>18.4552063</LatitudeDegrees>
                            <LongitudeDegrees>73.8347794</LongitudeDegrees>
                        </Position>
                        <AltitudeMeters>561.730712890625</AltitudeMeters>
                    </Trackpoint>
                    <Trackpoint>
                        <DistanceMeters>1514.6159706115723</DistanceMeters>
                        <Time>2019-10-07T13:37:14.310Z</Time>
                        <Position>
                            <LatitudeDegrees>18.4552185</LatitudeDegrees>
                            <LongitudeDegrees>73.8347825</LongitudeDegrees>
                        </Position>
                        <AltitudeMeters>562.16259765625</AltitudeMeters>
                    </Trackpoint>
                    <Trackpoint>
                        <DistanceMeters>1514.6159706115723</DistanceMeters>
                        <Time>2019-10-07T13:37:17.316Z</Time>
                        <Position>
                            <LatitudeDegrees>18.4552253</LatitudeDegrees>
                            <LongitudeDegrees>73.8347898</LongitudeDegrees>
                        </Position>
                        <AltitudeMeters>564.6446533203125</AltitudeMeters>
                    </Trackpoint>
                    <Trackpoint>
                        <DistanceMeters>1514.6159706115723</DistanceMeters>
                        <Time>2019-10-07T13:37:21.310Z</Time>
                        <Position>
                            <LatitudeDegrees>18.4552364</LatitudeDegrees>
                            <LongitudeDegrees>73.8347929</LongitudeDegrees>
                        </Position>
                        <AltitudeMeters>563.157958984375</AltitudeMeters>
                    </Trackpoint>
                    <Trackpoint>
                        <DistanceMeters>1514.6159706115723</DistanceMeters>
                        <Time>2019-10-07T13:37:24.304Z</Time>
                        <Position>
                            <LatitudeDegrees>18.4552417</LatitudeDegrees>
                            <LongitudeDegrees>73.8348019</LongitudeDegrees>
                        </Position>
                        <AltitudeMeters>562.85546875</AltitudeMeters>
                    </Trackpoint>
                    <Trackpoint>
                        <DistanceMeters>1514.6159706115723</DistanceMeters>
                        <Time>2019-10-07T13:37:26.308Z</Time>
                        <Position>
                            <LatitudeDegrees>18.4552454</LatitudeDegrees>
                            <LongitudeDegrees>73.8348115</LongitudeDegrees>
                        </Position>
                        <AltitudeMeters>562.6973876953125</AltitudeMeters>
                    </Trackpoint>
                    <Trackpoint>
                        <DistanceMeters>1514.6159706115723</DistanceMeters>
                        <Time>2019-10-07T13:37:29.017Z</Time>
                        <Position>
                            <LatitudeDegrees>18.4552514</LatitudeDegrees>
                            <LongitudeDegrees>73.8348235</LongitudeDegrees>
                        </Position>
                        <AltitudeMeters>562.65283203125</AltitudeMeters>
                    </Trackpoint>
                    <Trackpoint>
                        <DistanceMeters>1537.2101249694824</DistanceMeters>
                        <Time>2019-10-07T13:37:31.308Z</Time>
                        <Position>
                            <LatitudeDegrees>18.4552806</LatitudeDegrees>
                            <LongitudeDegrees>73.8348198</LongitudeDegrees>
                        </Position>
                        <AltitudeMeters>561.773681640625</AltitudeMeters>
                    </Trackpoint>
                    <Trackpoint>
                        <DistanceMeters>1537.2101249694824</DistanceMeters>
                        <Time>2019-10-07T13:37:33.311Z</Time>
                        <Position>
                            <LatitudeDegrees>18.455277</LatitudeDegrees>
                            <LongitudeDegrees>73.8348083</LongitudeDegrees>
                        </Position>
                        <AltitudeMeters>566.437744140625</AltitudeMeters>
                    </Trackpoint>
                    <Trackpoint>
                        <DistanceMeters>1537.2101249694824</DistanceMeters>
                        <Time>2019-10-07T13:37:35.306Z</Time>
                        <Position>
                            <LatitudeDegrees>18.4552664</LatitudeDegrees>
                            <LongitudeDegrees>73.8348044</LongitudeDegrees>
                        </Position>
                        <AltitudeMeters>566.041748046875</AltitudeMeters>
                    </Trackpoint>
                    <Trackpoint>
                        <DistanceMeters>1537.2101249694824</DistanceMeters>
                        <Time>2019-10-07T13:37:38.305Z</Time>
                        <Position>
                            <LatitudeDegrees>18.4552558</LatitudeDegrees>
                            <LongitudeDegrees>73.8348018</LongitudeDegrees>
                        </Position>
                        <AltitudeMeters>566.1534423828125</AltitudeMeters>
                    </Trackpoint>
                    <Trackpoint>
                        <DistanceMeters>1537.2101249694824</DistanceMeters>
                        <Time>2019-10-07T13:37:45.302Z</Time>
                        <Position>
                            <LatitudeDegrees>18.4552665</LatitudeDegrees>
                            <LongitudeDegrees>73.8348063</LongitudeDegrees>
                        </Position>
                        <AltitudeMeters>569.6922607421875</AltitudeMeters>
                    </Trackpoint>
                    <Trackpoint>
                        <DistanceMeters>1537.2101249694824</DistanceMeters>
                        <Time>2019-10-07T13:37:48.300Z</Time>
                        <Position>
                            <LatitudeDegrees>18.4552549</LatitudeDegrees>
                            <LongitudeDegrees>73.8348085</LongitudeDegrees>
                        </Position>
                        <AltitudeMeters>569.824462890625</AltitudeMeters>
                    </Trackpoint>
                    <Trackpoint>
                        <DistanceMeters>1537.2101249694824</DistanceMeters>
                        <Time>2019-10-07T13:37:49.304Z</Time>
                        <Position>
                            <LatitudeDegrees>18.4552447</LatitudeDegrees>
                            <LongitudeDegrees>73.8348097</LongitudeDegrees>
                        </Position>
                        <AltitudeMeters>569.7939453125</AltitudeMeters>
                    </Trackpoint>
                    <Trackpoint>
                        <DistanceMeters>1537.2101249694824</DistanceMeters>
                        <Time>2019-10-07T13:37:50.299Z</Time>
                        <Position>
                            <LatitudeDegrees>18.4552349</LatitudeDegrees>
                            <LongitudeDegrees>73.8348107</LongitudeDegrees>
                        </Position>
                        <AltitudeMeters>569.7562255859375</AltitudeMeters>
                    </Trackpoint>
                    <Trackpoint>
                        <DistanceMeters>1537.2101249694824</DistanceMeters>
                        <Time>2019-10-07T13:37:52.297Z</Time>
                        <Position>
                            <LatitudeDegrees>18.4552198</LatitudeDegrees>
                            <LongitudeDegrees>73.8348102</LongitudeDegrees>
                        </Position>
                        <AltitudeMeters>569.762939453125</AltitudeMeters>
                    </Trackpoint>
                    <Trackpoint>
                        <DistanceMeters>1537.2101249694824</DistanceMeters>
                        <Time>2019-10-07T13:37:53.307Z</Time>
                        <Position>
                            <LatitudeDegrees>18.4552105</LatitudeDegrees>
                            <LongitudeDegrees>73.8348091</LongitudeDegrees>
                        </Position>
                        <AltitudeMeters>569.8182373046875</AltitudeMeters>
                    </Trackpoint>
                    <Trackpoint>
                        <DistanceMeters>1537.2101249694824</DistanceMeters>
                        <Time>2019-10-07T13:37:54.306Z</Time>
                        <Position>
                            <LatitudeDegrees>18.4552012</LatitudeDegrees>
                            <LongitudeDegrees>73.8348074</LongitudeDegrees>
                        </Position>
                        <AltitudeMeters>570.17919921875</AltitudeMeters>
                    </Trackpoint>
                    <Trackpoint>
                        <DistanceMeters>1537.2101249694824</DistanceMeters>
                        <Time>2019-10-07T13:37:55.303Z</Time>
                        <Position>
                            <LatitudeDegrees>18.4551921</LatitudeDegrees>
                            <LongitudeDegrees>73.8348053</LongitudeDegrees>
                        </Position>
                        <AltitudeMeters>570.465576171875</AltitudeMeters>
                    </Trackpoint>
                    <Trackpoint>
                        <DistanceMeters>1537.2101249694824</DistanceMeters>
                        <Time>2019-10-07T13:37:56.305Z</Time>
                        <Position>
                            <LatitudeDegrees>18.4551809</LatitudeDegrees>
                            <LongitudeDegrees>73.8348028</LongitudeDegrees>
                        </Position>
                        <AltitudeMeters>571.494873046875</AltitudeMeters>
                    </Trackpoint>
                    <Trackpoint>
                        <DistanceMeters>1537.2101249694824</DistanceMeters>
                        <Time>2019-10-07T13:37:57.306Z</Time>
                        <Position>
                            <LatitudeDegrees>18.4551688</LatitudeDegrees>
                            <LongitudeDegrees>73.8348004</LongitudeDegrees>
                        </Position>
                        <AltitudeMeters>571.392822265625</AltitudeMeters>
                    </Trackpoint>
                    <Trackpoint>
                        <DistanceMeters>1537.2101249694824</DistanceMeters>
                        <Time>2019-10-07T13:37:58.305Z</Time>
                        <Position>
                            <LatitudeDegrees>18.455158</LatitudeDegrees>
                            <LongitudeDegrees>73.8347982</LongitudeDegrees>
                        </Position>
                        <AltitudeMeters>571.1513671875</AltitudeMeters>
                    </Trackpoint>
                    <Trackpoint>
                        <DistanceMeters>1537.2101249694824</DistanceMeters>
                        <Time>2019-10-07T13:37:59.326Z</Time>
                        <Position>
                            <LatitudeDegrees>18.4551495</LatitudeDegrees>
                            <LongitudeDegrees>73.8347944</LongitudeDegrees>
                        </Position>
                        <AltitudeMeters>571.600341796875</AltitudeMeters>
                    </Trackpoint>
                    <Trackpoint>
                        <DistanceMeters>1541.9867749214172</DistanceMeters>
                        <Time>2019-10-07T13:38:05.340Z</Time>
                    </Trackpoint>
                </Track>
                <DistanceMeters>1541.9867749214172</DistanceMeters>
                <TotalTimeSeconds>1413.836</TotalTimeSeconds>
                <Calories>140.28395080566406</Calories>
                <Intensity>Active</Intensity>
                <TriggerMethod>Manual</TriggerMethod>
            </Lap>
        </Activity>
    </Activities>
    <Author xsi:type="Application_t">
        <Name>Google Fit</Name>
        <Build>
            <Version>
                <VersionMajor>0</VersionMajor>
                <VersionMinor>0</VersionMinor>
                <BuildMajor>0</BuildMajor>
                <BuildMinor>0</BuildMinor>
            </Version>
        </Build>
        <LangID>en</LangID>
        <PartNumber>000-00000-00</PartNumber>
    </Author>
</TrainingCenterDatabase>
