<?xml version="1.0" encoding="UTF-8"?>
<TrainingCenterDatabase
    xmlns="http://www.garmin.com/xmlschemas/TrainingCenterDatabase/v2"
    xmlns:ns2="http://www.garmin.com/xmlschemas/UserProfile/v2"
    xmlns:ns3="http://www.garmin.com/xmlschemas/ActivityExtension/v2"
    xmlns:ns4="http://www.garmin.com/xmlschemas/ProfileExtension/v1"
    xmlns:ns5="http://www.garmin.com/xmlschemas/ActivityGoals/v1"
    xmlns:xsi="http://www.w3.org/2001/XMLSchema-instance" xsi:schemaLocation="http://www.garmin.com/xmlschemas/TrainingCenterDatabase/v2 http://www.garmin.com/xmlschemas/TrainingCenterDatabasev2.xsd">
    <Activities>
        <Activity Sport="Walking">
            <Id>2021-05-19T08:42:45.687Z</Id>
            <Lap StartTime="2021-05-19T08:42:45.687Z">
                <Track>
                    <Trackpoint>
                        <DistanceMeters>0.0</DistanceMeters>
                        <Time>2021-05-19T08:42:45.687Z</Time>
                    </Trackpoint>
                    <Trackpoint>
                        <DistanceMeters>0.0</DistanceMeters>
                        <Time>2021-05-19T11:23:37.405Z</Time>
                    </Trackpoint>
                    <Trackpoint>
                        <DistanceMeters>33.892887115478516</DistanceMeters>
                        <Time>2021-05-19T11:24:17.733Z</Time>
                    </Trackpoint>
                    <Trackpoint>
                        <DistanceMeters>49.9160041809082</DistanceMeters>
                        <Time>2021-05-19T11:24:30.625Z</Time>
                    </Trackpoint>
                    <Trackpoint>
                        <DistanceMeters>78.04920768737793</DistanceMeters>
                        <Time>2021-05-19T11:24:52.589Z</Time>
                    </Trackpoint>
                    <Trackpoint>
                        <DistanceMeters>111.26421928405762</DistanceMeters>
                        <Time>2021-05-19T11:25:18.133Z</Time>
                    </Trackpoint>
                </Track>
                <DistanceMeters>111.26421928405762</DistanceMeters>
                <TotalTimeSeconds>9752.446556335</TotalTimeSeconds>
                <Calories>207.11006832122803</Calories>
                <Intensity>Active</Intensity>
                <TriggerMethod>Manual</TriggerMethod>
            </Lap>
        </Activity>
        <Activity Sport="Walking">
            <Id>2021-05-19T11:24:52.589Z</Id>
            <Lap StartTime="2021-05-19T11:24:52.589Z">
                <Track>
                    <Trackpoint>
                        <DistanceMeters>0.0</DistanceMeters>
                        <Time>2021-05-19T11:24:52.589Z</Time>
                    </Trackpoint>
                    <Trackpoint>
                        <DistanceMeters>33.21501159667969</DistanceMeters>
                        <Time>2021-05-19T11:24:56.419Z</Time>
                    </Trackpoint>
                    <Trackpoint>
                        <DistanceMeters>33.21501159667969</DistanceMeters>
                        <Time>2021-05-19T11:25:18.133Z</Time>
                    </Trackpoint>
                    <Trackpoint>
                        <DistanceMeters>49.23850631713867</DistanceMeters>
                        <Time>2021-05-19T11:25:31.024Z</Time>
                    </Trackpoint>
                    <Trackpoint>
                        <DistanceMeters>77.55818176269531</DistanceMeters>
                        <Time>2021-05-19T11:25:52.347Z</Time>
                        <Position>
                            <LatitudeDegrees>18.592546463012695</LatitudeDegrees>
                            <LongitudeDegrees>73.79643249511719</LongitudeDegrees>
                        </Position>
                        <AltitudeMeters>502.77142333984375</AltitudeMeters>
                    </Trackpoint>
                    <Trackpoint>
                        <DistanceMeters>103.94488525390625</DistanceMeters>
                        <Time>2021-05-19T11:25:53.351Z</Time>
                        <Position>
                            <LatitudeDegrees>18.592546463012695</LatitudeDegrees>
                            <LongitudeDegrees>73.79644775390625</LongitudeDegrees>
                        </Position>
                        <AltitudeMeters>504.8595275878906</AltitudeMeters>
                    </Trackpoint>
                    <Trackpoint>
                        <DistanceMeters>103.94488525390625</DistanceMeters>
                        <Time>2021-05-19T11:25:54.358Z</Time>
                        <Position>
                            <LatitudeDegrees>18.592557907104492</LatitudeDegrees>
                            <LongitudeDegrees>73.79644775390625</LongitudeDegrees>
                        </Position>
                        <AltitudeMeters>504.0827331542969</AltitudeMeters>
                    </Trackpoint>
                    <Trackpoint>
                        <DistanceMeters>103.94488525390625</DistanceMeters>
                        <Time>2021-05-19T11:25:55.375Z</Time>
                        <Position>
                            <LatitudeDegrees>18.592565536499023</LatitudeDegrees>
                            <LongitudeDegrees>73.79641723632812</LongitudeDegrees>
                        </Position>
                        <AltitudeMeters>503.084228515625</AltitudeMeters>
                    </Trackpoint>
                    <Trackpoint>
                        <DistanceMeters>103.94488525390625</DistanceMeters>
                        <Time>2021-05-19T11:25:56.359Z</Time>
                        <Position>
                            <LatitudeDegrees>18.59256935119629</LatitudeDegrees>
                            <LongitudeDegrees>73.79637908935547</LongitudeDegrees>
                        </Position>
                        <AltitudeMeters>502.8841857910156</AltitudeMeters>
                    </Trackpoint>
                    <Trackpoint>
                        <DistanceMeters>103.94488525390625</DistanceMeters>
                        <Time>2021-05-19T11:25:57.366Z</Time>
                        <Position>
                            <LatitudeDegrees>18.592573165893555</LatitudeDegrees>
                            <LongitudeDegrees>73.79631805419922</LongitudeDegrees>
                        </Position>
                        <AltitudeMeters>500.1304016113281</AltitudeMeters>
                    </Trackpoint>
                    <Trackpoint>
                        <DistanceMeters>103.94488525390625</DistanceMeters>
                        <Time>2021-05-19T11:25:58.363Z</Time>
                        <Position>
                            <LatitudeDegrees>18.592567443847656</LatitudeDegrees>
                            <LongitudeDegrees>73.7962646484375</LongitudeDegrees>
                        </Position>
                        <AltitudeMeters>503.81927490234375</AltitudeMeters>
                    </Trackpoint>
                    <Trackpoint>
                        <DistanceMeters>103.94488525390625</DistanceMeters>
                        <Time>2021-05-19T11:25:59.358Z</Time>
                        <Position>
                            <LatitudeDegrees>18.59256362915039</LatitudeDegrees>
                            <LongitudeDegrees>73.79622650146484</LongitudeDegrees>
                        </Position>
                        <AltitudeMeters>503.4771728515625</AltitudeMeters>
                    </Trackpoint>
                    <Trackpoint>
                        <DistanceMeters>151.46416473388672</DistanceMeters>
                        <Time>2021-05-19T11:26:00.346Z</Time>
                        <Position>
                            <LatitudeDegrees>18.592565536499023</LatitudeDegrees>
                            <LongitudeDegrees>73.79620361328125</LongitudeDegrees>
                        </Position>
                        <AltitudeMeters>502.8831787109375</AltitudeMeters>
                    </Trackpoint>
                    <Trackpoint>
                        <DistanceMeters>151.46416473388672</DistanceMeters>
                        <Time>2021-05-19T11:26:01.355Z</Time>
                        <Position>
                            <LatitudeDegrees>18.592573165893555</LatitudeDegrees>
                            <LongitudeDegrees>73.79618835449219</LongitudeDegrees>
                        </Position>
                        <AltitudeMeters>503.3836364746094</AltitudeMeters>
                    </Trackpoint>
                    <Trackpoint>
                        <DistanceMeters>151.46416473388672</DistanceMeters>
                        <Time>2021-05-19T11:26:02.353Z</Time>
                        <Position>
                            <LatitudeDegrees>18.59258270263672</LatitudeDegrees>
                            <LongitudeDegrees>73.79618072509766</LongitudeDegrees>
                        </Position>
                        <AltitudeMeters>502.91363525390625</AltitudeMeters>
                    </Trackpoint>
                    <Trackpoint>
                        <DistanceMeters>151.46416473388672</DistanceMeters>
                        <Time>2021-05-19T11:26:03.358Z</Time>
                        <Position>
                            <LatitudeDegrees>18.59259033203125</LatitudeDegrees>
                            <LongitudeDegrees>73.7961654663086</LongitudeDegrees>
                        </Position>
                        <AltitudeMeters>505.7175598144531</AltitudeMeters>
                    </Trackpoint>
                    <Trackpoint>
                        <DistanceMeters>151.46416473388672</DistanceMeters>
                        <Time>2021-05-19T11:26:04.360Z</Time>
                        <Position>
                            <LatitudeDegrees>18.59259605407715</LatitudeDegrees>
                            <LongitudeDegrees>73.79615020751953</LongitudeDegrees>
                        </Position>
                        <AltitudeMeters>506.79913330078125</AltitudeMeters>
                    </Trackpoint>
                    <Trackpoint>
                        <DistanceMeters>151.46416473388672</DistanceMeters>
                        <Time>2021-05-19T11:26:06.354Z</Time>
                        <Position>
                            <LatitudeDegrees>18.592605590820312</LatitudeDegrees>
                            <LongitudeDegrees>73.796142578125</LongitudeDegrees>
                        </Position>
                        <AltitudeMeters>508.06756591796875</AltitudeMeters>
                    </Trackpoint>
                    <Trackpoint>
                        <DistanceMeters>151.46416473388672</DistanceMeters>
                        <Time>2021-05-19T11:26:08.354Z</Time>
                        <Position>
                            <LatitudeDegrees>18.592620849609375</LatitudeDegrees>
                            <LongitudeDegrees>73.79611206054688</LongitudeDegrees>
                        </Position>
                        <AltitudeMeters>508.8817138671875</AltitudeMeters>
                    </Trackpoint>
                    <Trackpoint>
                        <DistanceMeters>151.46416473388672</DistanceMeters>
                        <Time>2021-05-19T11:26:09.358Z</Time>
                        <Position>
                            <LatitudeDegrees>18.592639923095703</LatitudeDegrees>
                            <LongitudeDegrees>73.79608917236328</LongitudeDegrees>
                        </Position>
                        <AltitudeMeters>511.4292907714844</AltitudeMeters>
                    </Trackpoint>
                    <Trackpoint>
                        <DistanceMeters>151.46416473388672</DistanceMeters>
                        <Time>2021-05-19T11:26:10.356Z</Time>
                        <Position>
                            <LatitudeDegrees>18.592655181884766</LatitudeDegrees>
                            <LongitudeDegrees>73.79606628417969</LongitudeDegrees>
                        </Position>
                        <AltitudeMeters>509.1018371582031</AltitudeMeters>
                    </Trackpoint>
                    <Trackpoint>
                        <DistanceMeters>151.46416473388672</DistanceMeters>
                        <Time>2021-05-19T11:26:11.425Z</Time>
                        <Position>
                            <LatitudeDegrees>18.59267234802246</LatitudeDegrees>
                            <LongitudeDegrees>73.7960433959961</LongitudeDegrees>
                        </Position>
                        <AltitudeMeters>507.6022033691406</AltitudeMeters>
                    </Trackpoint>
                    <Trackpoint>
                        <DistanceMeters>151.46416473388672</DistanceMeters>
                        <Time>2021-05-19T11:26:12.362Z</Time>
                        <Position>
                            <LatitudeDegrees>18.592681884765625</LatitudeDegrees>
                            <LongitudeDegrees>73.79602813720703</LongitudeDegrees>
                        </Position>
                        <AltitudeMeters>508.9655456542969</AltitudeMeters>
                    </Trackpoint>
                    <Trackpoint>
                        <DistanceMeters>151.46416473388672</DistanceMeters>
                        <Time>2021-05-19T11:26:13.361Z</Time>
                        <Position>
                            <LatitudeDegrees>18.592689514160156</LatitudeDegrees>
                            <LongitudeDegrees>73.7960205078125</LongitudeDegrees>
                        </Position>
                        <AltitudeMeters>510.0323791503906</AltitudeMeters>
                    </Trackpoint>
                    <Trackpoint>
                        <DistanceMeters>151.46416473388672</DistanceMeters>
                        <Time>2021-05-19T11:26:14.358Z</Time>
                        <Position>
                            <LatitudeDegrees>18.592697143554688</LatitudeDegrees>
                            <LongitudeDegrees>73.79600524902344</LongitudeDegrees>
                        </Position>
                        <AltitudeMeters>509.23309326171875</AltitudeMeters>
                    </Trackpoint>
                    <Trackpoint>
                        <DistanceMeters>151.46416473388672</DistanceMeters>
                        <Time>2021-05-19T11:26:15.359Z</Time>
                        <Position>
                            <LatitudeDegrees>18.59270477294922</LatitudeDegrees>
                            <LongitudeDegrees>73.79598999023438</LongitudeDegrees>
                        </Position>
                        <AltitudeMeters>511.0997619628906</AltitudeMeters>
                    </Trackpoint>
                    <Trackpoint>
                        <DistanceMeters>151.46416473388672</DistanceMeters>
                        <Time>2021-05-19T11:26:16.363Z</Time>
                        <Position>
                            <LatitudeDegrees>18.592710494995117</LatitudeDegrees>
                            <LongitudeDegrees>73.79597473144531</LongitudeDegrees>
                        </Position>
                        <AltitudeMeters>511.8292541503906</AltitudeMeters>
                    </Trackpoint>
                    <Trackpoint>
                        <DistanceMeters>151.46416473388672</DistanceMeters>
                        <Time>2021-05-19T11:26:17.356Z</Time>
                        <Position>
                            <LatitudeDegrees>18.592714309692383</LatitudeDegrees>
                            <LongitudeDegrees>73.79595947265625</LongitudeDegrees>
                        </Position>
                        <AltitudeMeters>512.2199096679688</AltitudeMeters>
                    </Trackpoint>
                    <Trackpoint>
                        <DistanceMeters>151.46416473388672</DistanceMeters>
                        <Time>2021-05-19T11:26:18.359Z</Time>
                        <Position>
                            <LatitudeDegrees>18.592716217041016</LatitudeDegrees>
                            <LongitudeDegrees>73.79595184326172</LongitudeDegrees>
                        </Position>
                        <AltitudeMeters>512.3854370117188</AltitudeMeters>
                    </Trackpoint>
                    <Trackpoint>
                        <DistanceMeters>151.46416473388672</DistanceMeters>
                        <Time>2021-05-19T11:26:19.351Z</Time>
                        <Position>
                            <LatitudeDegrees>18.592721939086914</LatitudeDegrees>
                            <LongitudeDegrees>73.79593658447266</LongitudeDegrees>
                        </Position>
                        <AltitudeMeters>513.5714721679688</AltitudeMeters>
                    </Trackpoint>
                    <Trackpoint>
                        <DistanceMeters>151.46416473388672</DistanceMeters>
                        <Time>2021-05-19T11:26:20.358Z</Time>
                        <Position>
                            <LatitudeDegrees>18.59272575378418</LatitudeDegrees>
                            <LongitudeDegrees>73.7959213256836</LongitudeDegrees>
                        </Position>
                        <AltitudeMeters>512.1710815429688</AltitudeMeters>
                    </Trackpoint>
                    <Trackpoint>
                        <DistanceMeters>151.46416473388672</DistanceMeters>
                        <Time>2021-05-19T11:26:21.368Z</Time>
                        <Position>
                            <LatitudeDegrees>18.592727661132812</LatitudeDegrees>
                            <LongitudeDegrees>73.79591369628906</LongitudeDegrees>
                        </Position>
                        <AltitudeMeters>511.001220703125</AltitudeMeters>
                    </Trackpoint>
                    <Trackpoint>
                        <DistanceMeters>151.46416473388672</DistanceMeters>
                        <Time>2021-05-19T11:26:22.359Z</Time>
                        <Position>
                            <LatitudeDegrees>18.592729568481445</LatitudeDegrees>
                            <LongitudeDegrees>73.79590606689453</LongitudeDegrees>
                        </Position>
                        <AltitudeMeters>511.02764892578125</AltitudeMeters>
                    </Trackpoint>
                    <Trackpoint>
                        <DistanceMeters>151.46416473388672</DistanceMeters>
                        <Time>2021-05-19T11:26:23.360Z</Time>
                        <Position>
                            <LatitudeDegrees>18.592729568481445</LatitudeDegrees>
                            <LongitudeDegrees>73.79589080810547</LongitudeDegrees>
                        </Position>
                        <AltitudeMeters>509.5960388183594</AltitudeMeters>
                    </Trackpoint>
                    <Trackpoint>
                        <DistanceMeters>151.46416473388672</DistanceMeters>
                        <Time>2021-05-19T11:26:24.360Z</Time>
                        <Position>
                            <LatitudeDegrees>18.592727661132812</LatitudeDegrees>
                            <LongitudeDegrees>73.79588317871094</LongitudeDegrees>
                        </Position>
                        <AltitudeMeters>509.747802734375</AltitudeMeters>
                    </Trackpoint>
                    <Trackpoint>
                        <DistanceMeters>151.46416473388672</DistanceMeters>
                        <Time>2021-05-19T11:26:25.348Z</Time>
                        <Position>
                            <LatitudeDegrees>18.59272575378418</LatitudeDegrees>
                            <LongitudeDegrees>73.79586791992188</LongitudeDegrees>
                        </Position>
                        <AltitudeMeters>509.8534851074219</AltitudeMeters>
                    </Trackpoint>
                    <Trackpoint>
                        <DistanceMeters>151.46416473388672</DistanceMeters>
                        <Time>2021-05-19T11:26:27.363Z</Time>
                        <Position>
                            <LatitudeDegrees>18.592723846435547</LatitudeDegrees>
                            <LongitudeDegrees>73.79585266113281</LongitudeDegrees>
                        </Position>
                        <AltitudeMeters>512.1524658203125</AltitudeMeters>
                    </Trackpoint>
                    <Trackpoint>
                        <DistanceMeters>151.46416473388672</DistanceMeters>
                        <Time>2021-05-19T11:26:28.351Z</Time>
                        <Position>
                            <LatitudeDegrees>18.592721939086914</LatitudeDegrees>
                            <LongitudeDegrees>73.79583740234375</LongitudeDegrees>
                        </Position>
                        <AltitudeMeters>511.5335693359375</AltitudeMeters>
                    </Trackpoint>
                    <Trackpoint>
                        <DistanceMeters>151.46416473388672</DistanceMeters>
                        <Time>2021-05-19T11:26:29.354Z</Time>
                        <Position>
                            <LatitudeDegrees>18.59271812438965</LatitudeDegrees>
                            <LongitudeDegrees>73.79582977294922</LongitudeDegrees>
                        </Position>
                        <AltitudeMeters>511.2767333984375</AltitudeMeters>
                    </Trackpoint>
                    <Trackpoint>
                        <DistanceMeters>188.43059921264648</DistanceMeters>
                        <Time>2021-05-19T11:26:30.349Z</Time>
                        <Position>
                            <LatitudeDegrees>18.592710494995117</LatitudeDegrees>
                            <LongitudeDegrees>73.79581451416016</LongitudeDegrees>
                        </Position>
                        <AltitudeMeters>511.6524353027344</AltitudeMeters>
                    </Trackpoint>
                    <Trackpoint>
                        <DistanceMeters>188.43059921264648</DistanceMeters>
                        <Time>2021-05-19T11:26:31.353Z</Time>
                        <Position>
                            <LatitudeDegrees>18.59270477294922</LatitudeDegrees>
                            <LongitudeDegrees>73.7957992553711</LongitudeDegrees>
                        </Position>
                        <AltitudeMeters>512.7711791992188</AltitudeMeters>
                    </Trackpoint>
                    <Trackpoint>
                        <DistanceMeters>188.43059921264648</DistanceMeters>
                        <Time>2021-05-19T11:26:32.353Z</Time>
                        <Position>
                            <LatitudeDegrees>18.59269905090332</LatitudeDegrees>
                            <LongitudeDegrees>73.79579162597656</LongitudeDegrees>
                        </Position>
                        <AltitudeMeters>510.935546875</AltitudeMeters>
                    </Trackpoint>
                    <Trackpoint>
                        <DistanceMeters>188.43059921264648</DistanceMeters>
                        <Time>2021-05-19T11:26:34.366Z</Time>
                        <Position>
                            <LatitudeDegrees>18.592702865600586</LatitudeDegrees>
                            <LongitudeDegrees>73.79576873779297</LongitudeDegrees>
                        </Position>
                        <AltitudeMeters>508.9752502441406</AltitudeMeters>
                    </Trackpoint>
                    <Trackpoint>
                        <DistanceMeters>188.43059921264648</DistanceMeters>
                        <Time>2021-05-19T11:26:36.356Z</Time>
                        <Position>
                            <LatitudeDegrees>18.59272003173828</LatitudeDegrees>
                            <LongitudeDegrees>73.79576873779297</LongitudeDegrees>
                        </Position>
                        <AltitudeMeters>509.18951416015625</AltitudeMeters>
                    </Trackpoint>
                    <Trackpoint>
                        <DistanceMeters>188.43059921264648</DistanceMeters>
                        <Time>2021-05-19T11:26:37.361Z</Time>
                        <Position>
                            <LatitudeDegrees>18.592731475830078</LatitudeDegrees>
                            <LongitudeDegrees>73.79576873779297</LongitudeDegrees>
                        </Position>
                        <AltitudeMeters>507.3529052734375</AltitudeMeters>
                    </Trackpoint>
                    <Trackpoint>
                        <DistanceMeters>188.43059921264648</DistanceMeters>
                        <Time>2021-05-19T11:26:38.366Z</Time>
                        <Position>
                            <LatitudeDegrees>18.592742919921875</LatitudeDegrees>
                            <LongitudeDegrees>73.79576873779297</LongitudeDegrees>
                        </Position>
                        <AltitudeMeters>507.14373779296875</AltitudeMeters>
                    </Trackpoint>
                    <Trackpoint>
                        <DistanceMeters>188.43059921264648</DistanceMeters>
                        <Time>2021-05-19T11:26:39.357Z</Time>
                        <Position>
                            <LatitudeDegrees>18.59275245666504</LatitudeDegrees>
                            <LongitudeDegrees>73.79576873779297</LongitudeDegrees>
                        </Position>
                        <AltitudeMeters>507.5001525878906</AltitudeMeters>
                    </Trackpoint>
                    <Trackpoint>
                        <DistanceMeters>188.43059921264648</DistanceMeters>
                        <Time>2021-05-19T11:26:40.366Z</Time>
                        <Position>
                            <LatitudeDegrees>18.592763900756836</LatitudeDegrees>
                            <LongitudeDegrees>73.7957763671875</LongitudeDegrees>
                        </Position>
                        <AltitudeMeters>506.787109375</AltitudeMeters>
                    </Trackpoint>
                    <Trackpoint>
                        <DistanceMeters>188.43059921264648</DistanceMeters>
                        <Time>2021-05-19T11:26:41.353Z</Time>
                        <Position>
                            <LatitudeDegrees>18.5927734375</LatitudeDegrees>
                            <LongitudeDegrees>73.7957763671875</LongitudeDegrees>
                        </Position>
                        <AltitudeMeters>505.94158935546875</AltitudeMeters>
                    </Trackpoint>
                    <Trackpoint>
                        <DistanceMeters>188.43059921264648</DistanceMeters>
                        <Time>2021-05-19T11:26:42.348Z</Time>
                        <Position>
                            <LatitudeDegrees>18.592782974243164</LatitudeDegrees>
                            <LongitudeDegrees>73.79578399658203</LongitudeDegrees>
                        </Position>
                        <AltitudeMeters>505.6455078125</AltitudeMeters>
                    </Trackpoint>
                    <Trackpoint>
                        <DistanceMeters>188.43059921264648</DistanceMeters>
                        <Time>2021-05-19T11:26:43.354Z</Time>
                        <Position>
                            <LatitudeDegrees>18.592792510986328</LatitudeDegrees>
                            <LongitudeDegrees>73.79578399658203</LongitudeDegrees>
                        </Position>
                        <AltitudeMeters>506.0462646484375</AltitudeMeters>
                    </Trackpoint>
                    <Trackpoint>
                        <DistanceMeters>188.43059921264648</DistanceMeters>
                        <Time>2021-05-19T11:26:44.359Z</Time>
                        <Position>
                            <LatitudeDegrees>18.59280014038086</LatitudeDegrees>
                            <LongitudeDegrees>73.79579162597656</LongitudeDegrees>
                        </Position>
                        <AltitudeMeters>509.4400329589844</AltitudeMeters>
                    </Trackpoint>
                    <Trackpoint>
                        <DistanceMeters>188.43059921264648</DistanceMeters>
                        <Time>2021-05-19T11:26:45.359Z</Time>
                        <Position>
                            <LatitudeDegrees>18.592809677124023</LatitudeDegrees>
                            <LongitudeDegrees>73.79579162597656</LongitudeDegrees>
                        </Position>
                        <AltitudeMeters>507.931884765625</AltitudeMeters>
                    </Trackpoint>
                    <Trackpoint>
                        <DistanceMeters>188.43059921264648</DistanceMeters>
                        <Time>2021-05-19T11:26:46.426Z</Time>
                        <Position>
                            <LatitudeDegrees>18.592819213867188</LatitudeDegrees>
                            <LongitudeDegrees>73.7957992553711</LongitudeDegrees>
                        </Position>
                        <AltitudeMeters>507.61517333984375</AltitudeMeters>
                    </Trackpoint>
                    <Trackpoint>
                        <DistanceMeters>188.43059921264648</DistanceMeters>
                        <Time>2021-05-19T11:26:48.358Z</Time>
                        <Position>
                            <LatitudeDegrees>18.59283447265625</LatitudeDegrees>
                            <LongitudeDegrees>73.7957992553711</LongitudeDegrees>
                        </Position>
                        <AltitudeMeters>507.5118408203125</AltitudeMeters>
                    </Trackpoint>
                    <Trackpoint>
                        <DistanceMeters>188.43059921264648</DistanceMeters>
                        <Time>2021-05-19T11:26:49.359Z</Time>
                        <Position>
                            <LatitudeDegrees>18.592845916748047</LatitudeDegrees>
                            <LongitudeDegrees>73.79580688476562</LongitudeDegrees>
                        </Position>
                        <AltitudeMeters>506.72998046875</AltitudeMeters>
                    </Trackpoint>
                    <Trackpoint>
                        <DistanceMeters>188.43059921264648</DistanceMeters>
                        <Time>2021-05-19T11:26:50.365Z</Time>
                        <Position>
                            <LatitudeDegrees>18.59285545349121</LatitudeDegrees>
                            <LongitudeDegrees>73.79581451416016</LongitudeDegrees>
                        </Position>
                        <AltitudeMeters>505.2768249511719</AltitudeMeters>
                    </Trackpoint>
                    <Trackpoint>
                        <DistanceMeters>188.43059921264648</DistanceMeters>
                        <Time>2021-05-19T11:26:51.361Z</Time>
                        <Position>
                            <LatitudeDegrees>18.592864990234375</LatitudeDegrees>
                            <LongitudeDegrees>73.79582214355469</LongitudeDegrees>
                        </Position>
                        <AltitudeMeters>506.3737487792969</AltitudeMeters>
                    </Trackpoint>
                    <Trackpoint>
                        <DistanceMeters>188.43059921264648</DistanceMeters>
                        <Time>2021-05-19T11:26:52.362Z</Time>
                        <Position>
                            <LatitudeDegrees>18.59287452697754</LatitudeDegrees>
                            <LongitudeDegrees>73.79582977294922</LongitudeDegrees>
                        </Position>
                        <AltitudeMeters>504.38104248046875</AltitudeMeters>
                    </Trackpoint>
                    <Trackpoint>
                        <DistanceMeters>188.43059921264648</DistanceMeters>
                        <Time>2021-05-19T11:26:53.372Z</Time>
                        <Position>
                            <LatitudeDegrees>18.59288215637207</LatitudeDegrees>
                            <LongitudeDegrees>73.79583740234375</LongitudeDegrees>
                        </Position>
                        <AltitudeMeters>505.07781982421875</AltitudeMeters>
                    </Trackpoint>
                    <Trackpoint>
                        <DistanceMeters>188.43059921264648</DistanceMeters>
                        <Time>2021-05-19T11:26:54.361Z</Time>
                        <Position>
                            <LatitudeDegrees>18.592891693115234</LatitudeDegrees>
                            <LongitudeDegrees>73.79583740234375</LongitudeDegrees>
                        </Position>
                        <AltitudeMeters>505.4230041503906</AltitudeMeters>
                    </Trackpoint>
                    <Trackpoint>
                        <DistanceMeters>188.43059921264648</DistanceMeters>
                        <Time>2021-05-19T11:26:55.358Z</Time>
                        <Position>
                            <LatitudeDegrees>18.592899322509766</LatitudeDegrees>
                            <LongitudeDegrees>73.79584503173828</LongitudeDegrees>
                        </Position>
                        <AltitudeMeters>504.4786376953125</AltitudeMeters>
                    </Trackpoint>
                    <Trackpoint>
                        <DistanceMeters>188.43059921264648</DistanceMeters>
                        <Time>2021-05-19T11:26:56.365Z</Time>
                        <Position>
                            <LatitudeDegrees>18.59290885925293</LatitudeDegrees>
                            <LongitudeDegrees>73.79584503173828</LongitudeDegrees>
                        </Position>
                        <AltitudeMeters>504.6462707519531</AltitudeMeters>
                    </Trackpoint>
                    <Trackpoint>
                        <DistanceMeters>188.43059921264648</DistanceMeters>
                        <Time>2021-05-19T11:26:57.358Z</Time>
                        <Position>
                            <LatitudeDegrees>18.592920303344727</LatitudeDegrees>
                            <LongitudeDegrees>73.79585266113281</LongitudeDegrees>
                        </Position>
                        <AltitudeMeters>504.0491943359375</AltitudeMeters>
                    </Trackpoint>
                    <Trackpoint>
                        <DistanceMeters>188.43059921264648</DistanceMeters>
                        <Time>2021-05-19T11:26:58.358Z</Time>
                        <Position>
                            <LatitudeDegrees>18.592931747436523</LatitudeDegrees>
                            <LongitudeDegrees>73.79586029052734</LongitudeDegrees>
                        </Position>
                        <AltitudeMeters>505.6585693359375</AltitudeMeters>
                    </Trackpoint>
                    <Trackpoint>
                        <DistanceMeters>188.43059921264648</DistanceMeters>
                        <Time>2021-05-19T11:26:59.359Z</Time>
                        <Position>
                            <LatitudeDegrees>18.59294319152832</LatitudeDegrees>
                            <LongitudeDegrees>73.79586029052734</LongitudeDegrees>
                        </Position>
                        <AltitudeMeters>506.02496337890625</AltitudeMeters>
                    </Trackpoint>
                    <Trackpoint>
                        <DistanceMeters>229.6484603881836</DistanceMeters>
                        <Time>2021-05-19T11:27:00.357Z</Time>
                        <Position>
                            <LatitudeDegrees>18.592954635620117</LatitudeDegrees>
                            <LongitudeDegrees>73.79586791992188</LongitudeDegrees>
                        </Position>
                        <AltitudeMeters>504.6435852050781</AltitudeMeters>
                    </Trackpoint>
                    <Trackpoint>
                        <DistanceMeters>229.6484603881836</DistanceMeters>
                        <Time>2021-05-19T11:27:01.352Z</Time>
                        <Position>
                            <LatitudeDegrees>18.59296417236328</LatitudeDegrees>
                            <LongitudeDegrees>73.7958755493164</LongitudeDegrees>
                        </Position>
                        <AltitudeMeters>504.7897033691406</AltitudeMeters>
                    </Trackpoint>
                    <Trackpoint>
                        <DistanceMeters>229.6484603881836</DistanceMeters>
                        <Time>2021-05-19T11:27:02.355Z</Time>
                        <Position>
                            <LatitudeDegrees>18.592971801757812</LatitudeDegrees>
                            <LongitudeDegrees>73.79589080810547</LongitudeDegrees>
                        </Position>
                        <AltitudeMeters>506.09283447265625</AltitudeMeters>
                    </Trackpoint>
                    <Trackpoint>
                        <DistanceMeters>229.6484603881836</DistanceMeters>
                        <Time>2021-05-19T11:27:03.359Z</Time>
                        <Position>
                            <LatitudeDegrees>18.592981338500977</LatitudeDegrees>
                            <LongitudeDegrees>73.7958984375</LongitudeDegrees>
                        </Position>
                        <AltitudeMeters>505.27239990234375</AltitudeMeters>
                    </Trackpoint>
                    <Trackpoint>
                        <DistanceMeters>229.6484603881836</DistanceMeters>
                        <Time>2021-05-19T11:27:04.357Z</Time>
                        <Position>
                            <LatitudeDegrees>18.592987060546875</LatitudeDegrees>
                            <LongitudeDegrees>73.79591369628906</LongitudeDegrees>
                        </Position>
                        <AltitudeMeters>504.72271728515625</AltitudeMeters>
                    </Trackpoint>
                    <Trackpoint>
                        <DistanceMeters>229.6484603881836</DistanceMeters>
                        <Time>2021-05-19T11:27:05.348Z</Time>
                        <Position>
                            <LatitudeDegrees>18.592994689941406</LatitudeDegrees>
                            <LongitudeDegrees>73.7959213256836</LongitudeDegrees>
                        </Position>
                        <AltitudeMeters>505.428955078125</AltitudeMeters>
                    </Trackpoint>
                    <Trackpoint>
                        <DistanceMeters>229.6484603881836</DistanceMeters>
                        <Time>2021-05-19T11:27:06.357Z</Time>
                        <Position>
                            <LatitudeDegrees>18.59300422668457</LatitudeDegrees>
                            <LongitudeDegrees>73.7959213256836</LongitudeDegrees>
                        </Position>
                        <AltitudeMeters>503.74346923828125</AltitudeMeters>
                    </Trackpoint>
                    <Trackpoint>
                        <DistanceMeters>229.6484603881836</DistanceMeters>
                        <Time>2021-05-19T11:27:07.359Z</Time>
                        <Position>
                            <LatitudeDegrees>18.593013763427734</LatitudeDegrees>
                            <LongitudeDegrees>73.79592895507812</LongitudeDegrees>
                        </Position>
                        <AltitudeMeters>503.6213684082031</AltitudeMeters>
                    </Trackpoint>
                    <Trackpoint>
                        <DistanceMeters>229.6484603881836</DistanceMeters>
                        <Time>2021-05-19T11:27:08.347Z</Time>
                        <Position>
                            <LatitudeDegrees>18.593021392822266</LatitudeDegrees>
                            <LongitudeDegrees>73.79594421386719</LongitudeDegrees>
                        </Position>
                        <AltitudeMeters>504.3602600097656</AltitudeMeters>
                    </Trackpoint>
                    <Trackpoint>
                        <DistanceMeters>229.6484603881836</DistanceMeters>
                        <Time>2021-05-19T11:27:09.358Z</Time>
                        <Position>
                            <LatitudeDegrees>18.593034744262695</LatitudeDegrees>
                            <LongitudeDegrees>73.79595184326172</LongitudeDegrees>
                        </Position>
                        <AltitudeMeters>505.5543518066406</AltitudeMeters>
                    </Trackpoint>
                    <Trackpoint>
                        <DistanceMeters>229.6484603881836</DistanceMeters>
                        <Time>2021-05-19T11:27:10.403Z</Time>
                        <Position>
                            <LatitudeDegrees>18.593046188354492</LatitudeDegrees>
                            <LongitudeDegrees>73.79595947265625</LongitudeDegrees>
                        </Position>
                        <AltitudeMeters>504.75555419921875</AltitudeMeters>
                    </Trackpoint>
                    <Trackpoint>
                        <DistanceMeters>229.6484603881836</DistanceMeters>
                        <Time>2021-05-19T11:27:11.363Z</Time>
                        <Position>
                            <LatitudeDegrees>18.59305763244629</LatitudeDegrees>
                            <LongitudeDegrees>73.79596710205078</LongitudeDegrees>
                        </Position>
                        <AltitudeMeters>504.59515380859375</AltitudeMeters>
                    </Trackpoint>
                    <Trackpoint>
                        <DistanceMeters>229.6484603881836</DistanceMeters>
                        <Time>2021-05-19T11:27:12.360Z</Time>
                        <Position>
                            <LatitudeDegrees>18.593067169189453</LatitudeDegrees>
                            <LongitudeDegrees>73.79596710205078</LongitudeDegrees>
                        </Position>
                        <AltitudeMeters>505.31439208984375</AltitudeMeters>
                    </Trackpoint>
                    <Trackpoint>
                        <DistanceMeters>229.6484603881836</DistanceMeters>
                        <Time>2021-05-19T11:27:13.347Z</Time>
                        <Position>
                            <LatitudeDegrees>18.593076705932617</LatitudeDegrees>
                            <LongitudeDegrees>73.79596710205078</LongitudeDegrees>
                        </Position>
                        <AltitudeMeters>504.68084716796875</AltitudeMeters>
                    </Trackpoint>
                    <Trackpoint>
                        <DistanceMeters>229.6484603881836</DistanceMeters>
                        <Time>2021-05-19T11:27:14.346Z</Time>
                        <Position>
                            <LatitudeDegrees>18.593088150024414</LatitudeDegrees>
                            <LongitudeDegrees>73.79596710205078</LongitudeDegrees>
                        </Position>
                        <AltitudeMeters>504.79779052734375</AltitudeMeters>
                    </Trackpoint>
                    <Trackpoint>
                        <DistanceMeters>229.6484603881836</DistanceMeters>
                        <Time>2021-05-19T11:27:15.356Z</Time>
                        <Position>
                            <LatitudeDegrees>18.593097686767578</LatitudeDegrees>
                            <LongitudeDegrees>73.79595947265625</LongitudeDegrees>
                        </Position>
                        <AltitudeMeters>503.832275390625</AltitudeMeters>
                    </Trackpoint>
                    <Trackpoint>
                        <DistanceMeters>229.6484603881836</DistanceMeters>
                        <Time>2021-05-19T11:27:17.357Z</Time>
                        <Position>
                            <LatitudeDegrees>18.59311294555664</LatitudeDegrees>
                            <LongitudeDegrees>73.79595184326172</LongitudeDegrees>
                        </Position>
                        <AltitudeMeters>506.28216552734375</AltitudeMeters>
                    </Trackpoint>
                    <Trackpoint>
                        <DistanceMeters>229.6484603881836</DistanceMeters>
                        <Time>2021-05-19T11:27:18.361Z</Time>
                        <Position>
                            <LatitudeDegrees>18.593122482299805</LatitudeDegrees>
                            <LongitudeDegrees>73.79595184326172</LongitudeDegrees>
                        </Position>
                        <AltitudeMeters>507.134765625</AltitudeMeters>
                    </Trackpoint>
                    <Trackpoint>
                        <DistanceMeters>229.6484603881836</DistanceMeters>
                        <Time>2021-05-19T11:27:19.365Z</Time>
                        <Position>
                            <LatitudeDegrees>18.59313201904297</LatitudeDegrees>
                            <LongitudeDegrees>73.79594421386719</LongitudeDegrees>
                        </Position>
                        <AltitudeMeters>506.6880187988281</AltitudeMeters>
                    </Trackpoint>
                    <Trackpoint>
                        <DistanceMeters>229.6484603881836</DistanceMeters>
                        <Time>2021-05-19T11:27:21.438Z</Time>
                        <Position>
                            <LatitudeDegrees>18.593151092529297</LatitudeDegrees>
                            <LongitudeDegrees>73.79594421386719</LongitudeDegrees>
                        </Position>
                        <AltitudeMeters>507.1626281738281</AltitudeMeters>
                    </Trackpoint>
                    <Trackpoint>
                        <DistanceMeters>229.6484603881836</DistanceMeters>
                        <Time>2021-05-19T11:27:22.362Z</Time>
                        <Position>
                            <LatitudeDegrees>18.59316062927246</LatitudeDegrees>
                            <LongitudeDegrees>73.79594421386719</LongitudeDegrees>
                        </Position>
                        <AltitudeMeters>505.8041076660156</AltitudeMeters>
                    </Trackpoint>
                    <Trackpoint>
                        <DistanceMeters>229.6484603881836</DistanceMeters>
                        <Time>2021-05-19T11:27:23.360Z</Time>
                        <Position>
                            <LatitudeDegrees>18.593172073364258</LatitudeDegrees>
                            <LongitudeDegrees>73.79593658447266</LongitudeDegrees>
                        </Position>
                        <AltitudeMeters>506.0597229003906</AltitudeMeters>
                    </Trackpoint>
                    <Trackpoint>
                        <DistanceMeters>229.6484603881836</DistanceMeters>
                        <Time>2021-05-19T11:27:24.361Z</Time>
                        <Position>
                            <LatitudeDegrees>18.593183517456055</LatitudeDegrees>
                            <LongitudeDegrees>73.79592895507812</LongitudeDegrees>
                        </Position>
                        <AltitudeMeters>506.05010986328125</AltitudeMeters>
                    </Trackpoint>
                    <Trackpoint>
                        <DistanceMeters>229.6484603881836</DistanceMeters>
                        <Time>2021-05-19T11:27:25.358Z</Time>
                        <Position>
                            <LatitudeDegrees>18.593196868896484</LatitudeDegrees>
                            <LongitudeDegrees>73.7959213256836</LongitudeDegrees>
                        </Position>
                        <AltitudeMeters>504.6978759765625</AltitudeMeters>
                    </Trackpoint>
                    <Trackpoint>
                        <DistanceMeters>229.6484603881836</DistanceMeters>
                        <Time>2021-05-19T11:27:26.368Z</Time>
                        <Position>
                            <LatitudeDegrees>18.593210220336914</LatitudeDegrees>
                            <LongitudeDegrees>73.79591369628906</LongitudeDegrees>
                        </Position>
                        <AltitudeMeters>504.7297668457031</AltitudeMeters>
                    </Trackpoint>
                    <Trackpoint>
                        <DistanceMeters>229.6484603881836</DistanceMeters>
                        <Time>2021-05-19T11:27:27.359Z</Time>
                        <Position>
                            <LatitudeDegrees>18.59322166442871</LatitudeDegrees>
                            <LongitudeDegrees>73.79590606689453</LongitudeDegrees>
                        </Position>
                        <AltitudeMeters>505.2720642089844</AltitudeMeters>
                    </Trackpoint>
                    <Trackpoint>
                        <DistanceMeters>229.6484603881836</DistanceMeters>
                        <Time>2021-05-19T11:27:28.357Z</Time>
                        <Position>
                            <LatitudeDegrees>18.59323501586914</LatitudeDegrees>
                            <LongitudeDegrees>73.7958984375</LongitudeDegrees>
                        </Position>
                        <AltitudeMeters>507.132568359375</AltitudeMeters>
                    </Trackpoint>
                    <Trackpoint>
                        <DistanceMeters>229.6484603881836</DistanceMeters>
                        <Time>2021-05-19T11:27:29.366Z</Time>
                        <Position>
                            <LatitudeDegrees>18.593250274658203</LatitudeDegrees>
                            <LongitudeDegrees>73.7958984375</LongitudeDegrees>
                        </Position>
                        <AltitudeMeters>506.68548583984375</AltitudeMeters>
                    </Trackpoint>
                    <Trackpoint>
                        <DistanceMeters>262.6186752319336</DistanceMeters>
                        <Time>2021-05-19T11:27:30.358Z</Time>
                        <Position>
                            <LatitudeDegrees>18.59326171875</LatitudeDegrees>
                            <LongitudeDegrees>73.7958984375</LongitudeDegrees>
                        </Position>
                        <AltitudeMeters>506.3258972167969</AltitudeMeters>
                    </Trackpoint>
                    <Trackpoint>
                        <DistanceMeters>262.6186752319336</DistanceMeters>
                        <Time>2021-05-19T11:27:31.357Z</Time>
                        <Position>
                            <LatitudeDegrees>18.59327507019043</LatitudeDegrees>
                            <LongitudeDegrees>73.7958984375</LongitudeDegrees>
                        </Position>
                        <AltitudeMeters>505.9052734375</AltitudeMeters>
                    </Trackpoint>
                    <Trackpoint>
                        <DistanceMeters>262.6186752319336</DistanceMeters>
                        <Time>2021-05-19T11:27:32.360Z</Time>
                        <Position>
                            <LatitudeDegrees>18.59328842163086</LatitudeDegrees>
                            <LongitudeDegrees>73.79589080810547</LongitudeDegrees>
                        </Position>
                        <AltitudeMeters>505.50390625</AltitudeMeters>
                    </Trackpoint>
                    <Trackpoint>
                        <DistanceMeters>262.6186752319336</DistanceMeters>
                        <Time>2021-05-19T11:27:33.357Z</Time>
                        <Position>
                            <LatitudeDegrees>18.593299865722656</LatitudeDegrees>
                            <LongitudeDegrees>73.79589080810547</LongitudeDegrees>
                        </Position>
                        <AltitudeMeters>504.3953857421875</AltitudeMeters>
                    </Trackpoint>
                    <Trackpoint>
                        <DistanceMeters>262.6186752319336</DistanceMeters>
                        <Time>2021-05-19T11:27:34.360Z</Time>
                        <Position>
                            <LatitudeDegrees>18.59330940246582</LatitudeDegrees>
                            <LongitudeDegrees>73.79589080810547</LongitudeDegrees>
                        </Position>
                        <AltitudeMeters>505.2506408691406</AltitudeMeters>
                    </Trackpoint>
                    <Trackpoint>
                        <DistanceMeters>262.6186752319336</DistanceMeters>
                        <Time>2021-05-19T11:27:40.355Z</Time>
                        <Position>
                            <LatitudeDegrees>18.59330177307129</LatitudeDegrees>
                            <LongitudeDegrees>73.79588317871094</LongitudeDegrees>
                        </Position>
                        <AltitudeMeters>503.3880615234375</AltitudeMeters>
                    </Trackpoint>
                    <Trackpoint>
                        <DistanceMeters>262.6186752319336</DistanceMeters>
                        <Time>2021-05-19T11:27:41.364Z</Time>
                        <Position>
                            <LatitudeDegrees>18.59330177307129</LatitudeDegrees>
                            <LongitudeDegrees>73.7958755493164</LongitudeDegrees>
                        </Position>
                        <AltitudeMeters>503.53857421875</AltitudeMeters>
                    </Trackpoint>
                    <Trackpoint>
                        <DistanceMeters>262.6186752319336</DistanceMeters>
                        <Time>2021-05-19T11:27:42.357Z</Time>
                        <Position>
                            <LatitudeDegrees>18.59330177307129</LatitudeDegrees>
                            <LongitudeDegrees>73.79586029052734</LongitudeDegrees>
                        </Position>
                        <AltitudeMeters>504.237548828125</AltitudeMeters>
                    </Trackpoint>
                    <Trackpoint>
                        <DistanceMeters>262.6186752319336</DistanceMeters>
                        <Time>2021-05-19T11:27:43.354Z</Time>
                        <Position>
                            <LatitudeDegrees>18.59330177307129</LatitudeDegrees>
                            <LongitudeDegrees>73.79585266113281</LongitudeDegrees>
                        </Position>
                        <AltitudeMeters>504.2489318847656</AltitudeMeters>
                    </Trackpoint>
                    <Trackpoint>
                        <DistanceMeters>262.6186752319336</DistanceMeters>
                        <Time>2021-05-19T11:27:44.360Z</Time>
                        <Position>
                            <LatitudeDegrees>18.593305587768555</LatitudeDegrees>
                            <LongitudeDegrees>73.79583740234375</LongitudeDegrees>
                        </Position>
                        <AltitudeMeters>503.8542175292969</AltitudeMeters>
                    </Trackpoint>
                    <Trackpoint>
                        <DistanceMeters>262.6186752319336</DistanceMeters>
                        <Time>2021-05-19T11:27:45.356Z</Time>
                        <Position>
                            <LatitudeDegrees>18.59330940246582</LatitudeDegrees>
                            <LongitudeDegrees>73.79582214355469</LongitudeDegrees>
                        </Position>
                        <AltitudeMeters>505.4292907714844</AltitudeMeters>
                    </Trackpoint>
                    <Trackpoint>
                        <DistanceMeters>262.6186752319336</DistanceMeters>
                        <Time>2021-05-19T11:27:46.357Z</Time>
                        <Position>
                            <LatitudeDegrees>18.59331512451172</LatitudeDegrees>
                            <LongitudeDegrees>73.79580688476562</LongitudeDegrees>
                        </Position>
                        <AltitudeMeters>503.9523620605469</AltitudeMeters>
                    </Trackpoint>
                    <Trackpoint>
                        <DistanceMeters>262.6186752319336</DistanceMeters>
                        <Time>2021-05-19T11:27:47.361Z</Time>
                        <Position>
                            <LatitudeDegrees>18.593318939208984</LatitudeDegrees>
                            <LongitudeDegrees>73.7957992553711</LongitudeDegrees>
                        </Position>
                        <AltitudeMeters>503.63299560546875</AltitudeMeters>
                    </Trackpoint>
                    <Trackpoint>
                        <DistanceMeters>262.6186752319336</DistanceMeters>
                        <Time>2021-05-19T11:27:48.360Z</Time>
                        <Position>
                            <LatitudeDegrees>18.593324661254883</LatitudeDegrees>
                            <LongitudeDegrees>73.79578399658203</LongitudeDegrees>
                        </Position>
                        <AltitudeMeters>504.21881103515625</AltitudeMeters>
                    </Trackpoint>
                    <Trackpoint>
                        <DistanceMeters>262.6186752319336</DistanceMeters>
                        <Time>2021-05-19T11:27:49.356Z</Time>
                        <Position>
                            <LatitudeDegrees>18.59332847595215</LatitudeDegrees>
                            <LongitudeDegrees>73.7957763671875</LongitudeDegrees>
                        </Position>
                        <AltitudeMeters>504.0859375</AltitudeMeters>
                    </Trackpoint>
                    <Trackpoint>
                        <DistanceMeters>262.6186752319336</DistanceMeters>
                        <Time>2021-05-19T11:27:50.367Z</Time>
                        <Position>
                            <LatitudeDegrees>18.593334197998047</LatitudeDegrees>
                            <LongitudeDegrees>73.79576110839844</LongitudeDegrees>
                        </Position>
                        <AltitudeMeters>506.0379638671875</AltitudeMeters>
                    </Trackpoint>
                    <Trackpoint>
                        <DistanceMeters>262.6186752319336</DistanceMeters>
                        <Time>2021-05-19T11:27:51.370Z</Time>
                        <Position>
                            <LatitudeDegrees>18.593339920043945</LatitudeDegrees>
                            <LongitudeDegrees>73.7957534790039</LongitudeDegrees>
                        </Position>
                        <AltitudeMeters>506.0938720703125</AltitudeMeters>
                    </Trackpoint>
                    <Trackpoint>
                        <DistanceMeters>262.6186752319336</DistanceMeters>
                        <Time>2021-05-19T11:27:52.358Z</Time>
                        <Position>
                            <LatitudeDegrees>18.593345642089844</LatitudeDegrees>
                            <LongitudeDegrees>73.79574584960938</LongitudeDegrees>
                        </Position>
                        <AltitudeMeters>505.3059997558594</AltitudeMeters>
                    </Trackpoint>
                    <Trackpoint>
                        <DistanceMeters>262.6186752319336</DistanceMeters>
                        <Time>2021-05-19T11:27:53.363Z</Time>
                        <Position>
                            <LatitudeDegrees>18.593351364135742</LatitudeDegrees>
                            <LongitudeDegrees>73.79573059082031</LongitudeDegrees>
                        </Position>
                        <AltitudeMeters>505.78515625</AltitudeMeters>
                    </Trackpoint>
                    <Trackpoint>
                        <DistanceMeters>262.6186752319336</DistanceMeters>
                        <Time>2021-05-19T11:27:54.365Z</Time>
                        <Position>
                            <LatitudeDegrees>18.59335708618164</LatitudeDegrees>
                            <LongitudeDegrees>73.79572296142578</LongitudeDegrees>
                        </Position>
                        <AltitudeMeters>506.0946044921875</AltitudeMeters>
                    </Trackpoint>
                    <Trackpoint>
                        <DistanceMeters>262.6186752319336</DistanceMeters>
                        <Time>2021-05-19T11:27:55.361Z</Time>
                        <Position>
                            <LatitudeDegrees>18.593360900878906</LatitudeDegrees>
                            <LongitudeDegrees>73.79570770263672</LongitudeDegrees>
                        </Position>
                        <AltitudeMeters>506.20538330078125</AltitudeMeters>
                    </Trackpoint>
                    <Trackpoint>
                        <DistanceMeters>262.6186752319336</DistanceMeters>
                        <Time>2021-05-19T11:27:56.357Z</Time>
                        <Position>
                            <LatitudeDegrees>18.593364715576172</LatitudeDegrees>
                            <LongitudeDegrees>73.79570007324219</LongitudeDegrees>
                        </Position>
                        <AltitudeMeters>506.5315856933594</AltitudeMeters>
                    </Trackpoint>
                    <Trackpoint>
                        <DistanceMeters>262.6186752319336</DistanceMeters>
                        <Time>2021-05-19T11:27:57.363Z</Time>
                        <Position>
                            <LatitudeDegrees>18.593366622924805</LatitudeDegrees>
                            <LongitudeDegrees>73.79568481445312</LongitudeDegrees>
                        </Position>
                        <AltitudeMeters>506.925048828125</AltitudeMeters>
                    </Trackpoint>
                    <Trackpoint>
                        <DistanceMeters>262.6186752319336</DistanceMeters>
                        <Time>2021-05-19T11:27:58.363Z</Time>
                        <Position>
                            <LatitudeDegrees>18.593368530273438</LatitudeDegrees>
                            <LongitudeDegrees>73.7956771850586</LongitudeDegrees>
                        </Position>
                        <AltitudeMeters>505.4676208496094</AltitudeMeters>
                    </Trackpoint>
                    <Trackpoint>
                        <DistanceMeters>262.6186752319336</DistanceMeters>
                        <Time>2021-05-19T11:27:59.365Z</Time>
                        <Position>
                            <LatitudeDegrees>18.593372344970703</LatitudeDegrees>
                            <LongitudeDegrees>73.79566192626953</LongitudeDegrees>
                        </Position>
                        <AltitudeMeters>504.8336181640625</AltitudeMeters>
                    </Trackpoint>
                    <Trackpoint>
                        <DistanceMeters>300.07323837280273</DistanceMeters>
                        <Time>2021-05-19T11:28:00.364Z</Time>
                        <Position>
                            <LatitudeDegrees>18.593374252319336</LatitudeDegrees>
                            <LongitudeDegrees>73.79564666748047</LongitudeDegrees>
                        </Position>
                        <AltitudeMeters>504.7875061035156</AltitudeMeters>
                    </Trackpoint>
                    <Trackpoint>
                        <DistanceMeters>300.07323837280273</DistanceMeters>
                        <Time>2021-05-19T11:28:01.361Z</Time>
                        <Position>
                            <LatitudeDegrees>18.5933780670166</LatitudeDegrees>
                            <LongitudeDegrees>73.79563903808594</LongitudeDegrees>
                        </Position>
                        <AltitudeMeters>504.41497802734375</AltitudeMeters>
                    </Trackpoint>
                    <Trackpoint>
                        <DistanceMeters>300.07323837280273</DistanceMeters>
                        <Time>2021-05-19T11:28:02.359Z</Time>
                        <Position>
                            <LatitudeDegrees>18.5933837890625</LatitudeDegrees>
                            <LongitudeDegrees>73.79562377929688</LongitudeDegrees>
                        </Position>
                        <AltitudeMeters>506.7939147949219</AltitudeMeters>
                    </Trackpoint>
                    <Trackpoint>
                        <DistanceMeters>300.07323837280273</DistanceMeters>
                        <Time>2021-05-19T11:28:03.352Z</Time>
                        <Position>
                            <LatitudeDegrees>18.593387603759766</LatitudeDegrees>
                            <LongitudeDegrees>73.79561614990234</LongitudeDegrees>
                        </Position>
                        <AltitudeMeters>506.8821716308594</AltitudeMeters>
                    </Trackpoint>
                    <Trackpoint>
                        <DistanceMeters>300.07323837280273</DistanceMeters>
                        <Time>2021-05-19T11:28:04.358Z</Time>
                        <Position>
                            <LatitudeDegrees>18.593393325805664</LatitudeDegrees>
                            <LongitudeDegrees>73.79560852050781</LongitudeDegrees>
                        </Position>
                        <AltitudeMeters>507.3045349121094</AltitudeMeters>
                    </Trackpoint>
                    <Trackpoint>
                        <DistanceMeters>300.07323837280273</DistanceMeters>
                        <Time>2021-05-19T11:28:05.362Z</Time>
                        <Position>
                            <LatitudeDegrees>18.59339714050293</LatitudeDegrees>
                            <LongitudeDegrees>73.79559326171875</LongitudeDegrees>
                        </Position>
                        <AltitudeMeters>506.6546325683594</AltitudeMeters>
                    </Trackpoint>
                    <Trackpoint>
                        <DistanceMeters>300.07323837280273</DistanceMeters>
                        <Time>2021-05-19T11:28:06.367Z</Time>
                        <Position>
                            <LatitudeDegrees>18.593400955200195</LatitudeDegrees>
                            <LongitudeDegrees>73.79558563232422</LongitudeDegrees>
                        </Position>
                        <AltitudeMeters>505.9246826171875</AltitudeMeters>
                    </Trackpoint>
                    <Trackpoint>
                        <DistanceMeters>300.07323837280273</DistanceMeters>
                        <Time>2021-05-19T11:28:07.355Z</Time>
                        <Position>
                            <LatitudeDegrees>18.593402862548828</LatitudeDegrees>
                            <LongitudeDegrees>73.79557037353516</LongitudeDegrees>
                        </Position>
                        <AltitudeMeters>505.7963562011719</AltitudeMeters>
                    </Trackpoint>
                    <Trackpoint>
                        <DistanceMeters>300.07323837280273</DistanceMeters>
                        <Time>2021-05-19T11:28:08.361Z</Time>
                        <Position>
                            <LatitudeDegrees>18.593406677246094</LatitudeDegrees>
                            <LongitudeDegrees>73.79556274414062</LongitudeDegrees>
                        </Position>
                        <AltitudeMeters>505.8438415527344</AltitudeMeters>
                    </Trackpoint>
                    <Trackpoint>
                        <DistanceMeters>300.07323837280273</DistanceMeters>
                        <Time>2021-05-19T11:28:09.360Z</Time>
                        <Position>
                            <LatitudeDegrees>18.593408584594727</LatitudeDegrees>
                            <LongitudeDegrees>73.79554748535156</LongitudeDegrees>
                        </Position>
                        <AltitudeMeters>506.42547607421875</AltitudeMeters>
                    </Trackpoint>
                    <Trackpoint>
                        <DistanceMeters>300.07323837280273</DistanceMeters>
                        <Time>2021-05-19T11:28:10.359Z</Time>
                        <Position>
                            <LatitudeDegrees>18.59341049194336</LatitudeDegrees>
                            <LongitudeDegrees>73.79553985595703</LongitudeDegrees>
                        </Position>
                        <AltitudeMeters>506.4187316894531</AltitudeMeters>
                    </Trackpoint>
                    <Trackpoint>
                        <DistanceMeters>300.07323837280273</DistanceMeters>
                        <Time>2021-05-19T11:28:11.367Z</Time>
                        <Position>
                            <LatitudeDegrees>18.593414306640625</LatitudeDegrees>
                            <LongitudeDegrees>73.79552459716797</LongitudeDegrees>
                        </Position>
                        <AltitudeMeters>507.8321838378906</AltitudeMeters>
                    </Trackpoint>
                    <Trackpoint>
                        <DistanceMeters>300.07323837280273</DistanceMeters>
                        <Time>2021-05-19T11:28:12.364Z</Time>
                        <Position>
                            <LatitudeDegrees>18.593416213989258</LatitudeDegrees>
                            <LongitudeDegrees>73.79551696777344</LongitudeDegrees>
                        </Position>
                        <AltitudeMeters>506.6702575683594</AltitudeMeters>
                    </Trackpoint>
                    <Trackpoint>
                        <DistanceMeters>300.07323837280273</DistanceMeters>
                        <Time>2021-05-19T11:28:13.366Z</Time>
                        <Position>
                            <LatitudeDegrees>18.593420028686523</LatitudeDegrees>
                            <LongitudeDegrees>73.79550170898438</LongitudeDegrees>
                        </Position>
                        <AltitudeMeters>506.40093994140625</AltitudeMeters>
                    </Trackpoint>
                    <Trackpoint>
                        <DistanceMeters>300.07323837280273</DistanceMeters>
                        <Time>2021-05-19T11:28:14.365Z</Time>
                        <Position>
                            <LatitudeDegrees>18.59342384338379</LatitudeDegrees>
                            <LongitudeDegrees>73.79549407958984</LongitudeDegrees>
                        </Position>
                        <AltitudeMeters>505.7836608886719</AltitudeMeters>
                    </Trackpoint>
                    <Trackpoint>
                        <DistanceMeters>300.07323837280273</DistanceMeters>
                        <Time>2021-05-19T11:28:15.361Z</Time>
                        <Position>
                            <LatitudeDegrees>18.593427658081055</LatitudeDegrees>
                            <LongitudeDegrees>73.79548645019531</LongitudeDegrees>
                        </Position>
                        <AltitudeMeters>504.19110107421875</AltitudeMeters>
                    </Trackpoint>
                    <Trackpoint>
                        <DistanceMeters>300.07323837280273</DistanceMeters>
                        <Time>2021-05-19T11:28:16.359Z</Time>
                        <Position>
                            <LatitudeDegrees>18.593429565429688</LatitudeDegrees>
                            <LongitudeDegrees>73.79547119140625</LongitudeDegrees>
                        </Position>
                        <AltitudeMeters>505.6372985839844</AltitudeMeters>
                    </Trackpoint>
                    <Trackpoint>
                        <DistanceMeters>300.07323837280273</DistanceMeters>
                        <Time>2021-05-19T11:28:17.362Z</Time>
                        <Position>
                            <LatitudeDegrees>18.593433380126953</LatitudeDegrees>
                            <LongitudeDegrees>73.79546356201172</LongitudeDegrees>
                        </Position>
                        <AltitudeMeters>505.9321594238281</AltitudeMeters>
                    </Trackpoint>
                    <Trackpoint>
                        <DistanceMeters>300.07323837280273</DistanceMeters>
                        <Time>2021-05-19T11:28:18.364Z</Time>
                        <Position>
                            <LatitudeDegrees>18.59343147277832</LatitudeDegrees>
                            <LongitudeDegrees>73.79544830322266</LongitudeDegrees>
                        </Position>
                        <AltitudeMeters>505.9560852050781</AltitudeMeters>
                    </Trackpoint>
                    <Trackpoint>
                        <DistanceMeters>300.07323837280273</DistanceMeters>
                        <Time>2021-05-19T11:28:19.351Z</Time>
                        <Position>
                            <LatitudeDegrees>18.59343147277832</LatitudeDegrees>
                            <LongitudeDegrees>73.7954330444336</LongitudeDegrees>
                        </Position>
                        <AltitudeMeters>506.034912109375</AltitudeMeters>
                    </Trackpoint>
                    <Trackpoint>
                        <DistanceMeters>300.07323837280273</DistanceMeters>
                        <Time>2021-05-19T11:28:20.364Z</Time>
                        <Position>
                            <LatitudeDegrees>18.593433380126953</LatitudeDegrees>
                            <LongitudeDegrees>73.79542541503906</LongitudeDegrees>
                        </Position>
                        <AltitudeMeters>505.9512939453125</AltitudeMeters>
                    </Trackpoint>
                    <Trackpoint>
                        <DistanceMeters>300.07323837280273</DistanceMeters>
                        <Time>2021-05-19T11:28:21.361Z</Time>
                        <Position>
                            <LatitudeDegrees>18.593435287475586</LatitudeDegrees>
                            <LongitudeDegrees>73.79541015625</LongitudeDegrees>
                        </Position>
                        <AltitudeMeters>507.1982727050781</AltitudeMeters>
                    </Trackpoint>
                    <Trackpoint>
                        <DistanceMeters>300.07323837280273</DistanceMeters>
                        <Time>2021-05-19T11:28:22.358Z</Time>
                        <Position>
                            <LatitudeDegrees>18.593435287475586</LatitudeDegrees>
                            <LongitudeDegrees>73.79539489746094</LongitudeDegrees>
                        </Position>
                        <AltitudeMeters>507.1137390136719</AltitudeMeters>
                    </Trackpoint>
                    <Trackpoint>
                        <DistanceMeters>300.07323837280273</DistanceMeters>
                        <Time>2021-05-19T11:28:23.348Z</Time>
                        <Position>
                            <LatitudeDegrees>18.59343719482422</LatitudeDegrees>
                            <LongitudeDegrees>73.7953872680664</LongitudeDegrees>
                        </Position>
                        <AltitudeMeters>506.1964111328125</AltitudeMeters>
                    </Trackpoint>
                    <Trackpoint>
                        <DistanceMeters>300.07323837280273</DistanceMeters>
                        <Time>2021-05-19T11:28:24.357Z</Time>
                        <Position>
                            <LatitudeDegrees>18.593442916870117</LatitudeDegrees>
                            <LongitudeDegrees>73.79537200927734</LongitudeDegrees>
                        </Position>
                        <AltitudeMeters>506.2922058105469</AltitudeMeters>
                    </Trackpoint>
                    <Trackpoint>
                        <DistanceMeters>300.07323837280273</DistanceMeters>
                        <Time>2021-05-19T11:28:25.354Z</Time>
                        <Position>
                            <LatitudeDegrees>18.593446731567383</LatitudeDegrees>
                            <LongitudeDegrees>73.79536437988281</LongitudeDegrees>
                        </Position>
                        <AltitudeMeters>505.6880187988281</AltitudeMeters>
                    </Trackpoint>
                    <Trackpoint>
                        <DistanceMeters>300.07323837280273</DistanceMeters>
                        <Time>2021-05-19T11:28:26.361Z</Time>
                        <Position>
                            <LatitudeDegrees>18.59345054626465</LatitudeDegrees>
                            <LongitudeDegrees>73.79535675048828</LongitudeDegrees>
                        </Position>
                        <AltitudeMeters>505.62152099609375</AltitudeMeters>
                    </Trackpoint>
                    <Trackpoint>
                        <DistanceMeters>300.07323837280273</DistanceMeters>
                        <Time>2021-05-19T11:28:27.365Z</Time>
                        <Position>
                            <LatitudeDegrees>18.593454360961914</LatitudeDegrees>
                            <LongitudeDegrees>73.79534912109375</LongitudeDegrees>
                        </Position>
                        <AltitudeMeters>504.843017578125</AltitudeMeters>
                    </Trackpoint>
                    <Trackpoint>
                        <DistanceMeters>300.07323837280273</DistanceMeters>
                        <Time>2021-05-19T11:28:28.363Z</Time>
                        <Position>
                            <LatitudeDegrees>18.593460083007812</LatitudeDegrees>
                            <LongitudeDegrees>73.79533386230469</LongitudeDegrees>
                        </Position>
                        <AltitudeMeters>504.7349853515625</AltitudeMeters>
                    </Trackpoint>
                    <Trackpoint>
                        <DistanceMeters>300.07323837280273</DistanceMeters>
                        <Time>2021-05-19T11:28:29.359Z</Time>
                        <Position>
                            <LatitudeDegrees>18.593463897705078</LatitudeDegrees>
                            <LongitudeDegrees>73.79532623291016</LongitudeDegrees>
                        </Position>
                        <AltitudeMeters>504.2333068847656</AltitudeMeters>
                    </Trackpoint>
                    <Trackpoint>
                        <DistanceMeters>338.7286491394043</DistanceMeters>
                        <Time>2021-05-19T11:28:30.361Z</Time>
                        <Position>
                            <LatitudeDegrees>18.593469619750977</LatitudeDegrees>
                            <LongitudeDegrees>73.79531860351562</LongitudeDegrees>
                        </Position>
                        <AltitudeMeters>504.5711669921875</AltitudeMeters>
                    </Trackpoint>
                    <Trackpoint>
                        <DistanceMeters>338.7286491394043</DistanceMeters>
                        <Time>2021-05-19T11:28:31.356Z</Time>
                        <Position>
                            <LatitudeDegrees>18.593475341796875</LatitudeDegrees>
                            <LongitudeDegrees>73.79530334472656</LongitudeDegrees>
                        </Position>
                        <AltitudeMeters>504.8054504394531</AltitudeMeters>
                    </Trackpoint>
                    <Trackpoint>
                        <DistanceMeters>338.7286491394043</DistanceMeters>
                        <Time>2021-05-19T11:28:32.360Z</Time>
                        <Position>
                            <LatitudeDegrees>18.59347915649414</LatitudeDegrees>
                            <LongitudeDegrees>73.79529571533203</LongitudeDegrees>
                        </Position>
                        <AltitudeMeters>504.2884521484375</AltitudeMeters>
                    </Trackpoint>
                    <Trackpoint>
                        <DistanceMeters>338.7286491394043</DistanceMeters>
                        <Time>2021-05-19T11:28:33.360Z</Time>
                        <Position>
                            <LatitudeDegrees>18.593482971191406</LatitudeDegrees>
                            <LongitudeDegrees>73.7952880859375</LongitudeDegrees>
                        </Position>
                        <AltitudeMeters>505.28143310546875</AltitudeMeters>
                    </Trackpoint>
                    <Trackpoint>
                        <DistanceMeters>338.7286491394043</DistanceMeters>
                        <Time>2021-05-19T11:28:34.366Z</Time>
                        <Position>
                            <LatitudeDegrees>18.593488693237305</LatitudeDegrees>
                            <LongitudeDegrees>73.79527282714844</LongitudeDegrees>
                        </Position>
                        <AltitudeMeters>505.4159851074219</AltitudeMeters>
                    </Trackpoint>
                    <Trackpoint>
                        <DistanceMeters>338.7286491394043</DistanceMeters>
                        <Time>2021-05-19T11:28:35.441Z</Time>
                        <Position>
                            <LatitudeDegrees>18.59349250793457</LatitudeDegrees>
                            <LongitudeDegrees>73.79525756835938</LongitudeDegrees>
                        </Position>
                        <AltitudeMeters>505.9228820800781</AltitudeMeters>
                    </Trackpoint>
                    <Trackpoint>
                        <DistanceMeters>338.7286491394043</DistanceMeters>
                        <Time>2021-05-19T11:28:36.357Z</Time>
                        <Position>
                            <LatitudeDegrees>18.593496322631836</LatitudeDegrees>
                            <LongitudeDegrees>73.79524993896484</LongitudeDegrees>
                        </Position>
                        <AltitudeMeters>506.0670471191406</AltitudeMeters>
                    </Trackpoint>
                    <Trackpoint>
                        <DistanceMeters>338.7286491394043</DistanceMeters>
                        <Time>2021-05-19T11:28:37.359Z</Time>
                        <Position>
                            <LatitudeDegrees>18.5935001373291</LatitudeDegrees>
                            <LongitudeDegrees>73.79523468017578</LongitudeDegrees>
                        </Position>
                        <AltitudeMeters>505.4386291503906</AltitudeMeters>
                    </Trackpoint>
                    <Trackpoint>
                        <DistanceMeters>338.7286491394043</DistanceMeters>
                        <Time>2021-05-19T11:28:38.369Z</Time>
                        <Position>
                            <LatitudeDegrees>18.593503952026367</LatitudeDegrees>
                            <LongitudeDegrees>73.79522705078125</LongitudeDegrees>
                        </Position>
                        <AltitudeMeters>505.5819396972656</AltitudeMeters>
                    </Trackpoint>
                    <Trackpoint>
                        <DistanceMeters>338.7286491394043</DistanceMeters>
                        <Time>2021-05-19T11:28:39.364Z</Time>
                        <Position>
                            <LatitudeDegrees>18.593507766723633</LatitudeDegrees>
                            <LongitudeDegrees>73.79521179199219</LongitudeDegrees>
                        </Position>
                        <AltitudeMeters>505.0914306640625</AltitudeMeters>
                    </Trackpoint>
                    <Trackpoint>
                        <DistanceMeters>338.7286491394043</DistanceMeters>
                        <Time>2021-05-19T11:28:40.365Z</Time>
                        <Position>
                            <LatitudeDegrees>18.593507766723633</LatitudeDegrees>
                            <LongitudeDegrees>73.79519653320312</LongitudeDegrees>
                        </Position>
                        <AltitudeMeters>506.2103576660156</AltitudeMeters>
                    </Trackpoint>
                    <Trackpoint>
                        <DistanceMeters>338.7286491394043</DistanceMeters>
                        <Time>2021-05-19T11:28:41.368Z</Time>
                        <Position>
                            <LatitudeDegrees>18.5935115814209</LatitudeDegrees>
                            <LongitudeDegrees>73.7951889038086</LongitudeDegrees>
                        </Position>
                        <AltitudeMeters>506.16656494140625</AltitudeMeters>
                    </Trackpoint>
                    <Trackpoint>
                        <DistanceMeters>338.7286491394043</DistanceMeters>
                        <Time>2021-05-19T11:28:42.367Z</Time>
                        <Position>
                            <LatitudeDegrees>18.59351348876953</LatitudeDegrees>
                            <LongitudeDegrees>73.79517364501953</LongitudeDegrees>
                        </Position>
                        <AltitudeMeters>506.88812255859375</AltitudeMeters>
                    </Trackpoint>
                    <Trackpoint>
                        <DistanceMeters>338.7286491394043</DistanceMeters>
                        <Time>2021-05-19T11:28:43.356Z</Time>
                        <Position>
                            <LatitudeDegrees>18.59351348876953</LatitudeDegrees>
                            <LongitudeDegrees>73.79515838623047</LongitudeDegrees>
                        </Position>
                        <AltitudeMeters>507.045654296875</AltitudeMeters>
                    </Trackpoint>
                    <Trackpoint>
                        <DistanceMeters>338.7286491394043</DistanceMeters>
                        <Time>2021-05-19T11:28:44.363Z</Time>
                        <Position>
                            <LatitudeDegrees>18.59351348876953</LatitudeDegrees>
                            <LongitudeDegrees>73.79515075683594</LongitudeDegrees>
                        </Position>
                        <AltitudeMeters>508.02252197265625</AltitudeMeters>
                    </Trackpoint>
                    <Trackpoint>
                        <DistanceMeters>338.7286491394043</DistanceMeters>
                        <Time>2021-05-19T11:28:45.357Z</Time>
                        <Position>
                            <LatitudeDegrees>18.5935115814209</LatitudeDegrees>
                            <LongitudeDegrees>73.7951431274414</LongitudeDegrees>
                        </Position>
                        <AltitudeMeters>508.1415710449219</AltitudeMeters>
                    </Trackpoint>
                    <Trackpoint>
                        <DistanceMeters>338.7286491394043</DistanceMeters>
                        <Time>2021-05-19T11:28:46.355Z</Time>
                        <Position>
                            <LatitudeDegrees>18.593509674072266</LatitudeDegrees>
                            <LongitudeDegrees>73.79512786865234</LongitudeDegrees>
                        </Position>
                        <AltitudeMeters>508.09857177734375</AltitudeMeters>
                    </Trackpoint>
                    <Trackpoint>
                        <DistanceMeters>338.7286491394043</DistanceMeters>
                        <Time>2021-05-19T11:28:47.365Z</Time>
                        <Position>
                            <LatitudeDegrees>18.593507766723633</LatitudeDegrees>
                            <LongitudeDegrees>73.79512023925781</LongitudeDegrees>
                        </Position>
                        <AltitudeMeters>508.33526611328125</AltitudeMeters>
                    </Trackpoint>
                    <Trackpoint>
                        <DistanceMeters>338.7286491394043</DistanceMeters>
                        <Time>2021-05-19T11:28:48.361Z</Time>
                        <Position>
                            <LatitudeDegrees>18.593503952026367</LatitudeDegrees>
                            <LongitudeDegrees>73.79511260986328</LongitudeDegrees>
                        </Position>
                        <AltitudeMeters>508.1374206542969</AltitudeMeters>
                    </Trackpoint>
                    <Trackpoint>
                        <DistanceMeters>338.7286491394043</DistanceMeters>
                        <Time>2021-05-19T11:28:49.357Z</Time>
                        <Position>
                            <LatitudeDegrees>18.593503952026367</LatitudeDegrees>
                            <LongitudeDegrees>73.79509735107422</LongitudeDegrees>
                        </Position>
                        <AltitudeMeters>508.18218994140625</AltitudeMeters>
                    </Trackpoint>
                    <Trackpoint>
                        <DistanceMeters>338.7286491394043</DistanceMeters>
                        <Time>2021-05-19T11:28:50.368Z</Time>
                        <Position>
                            <LatitudeDegrees>18.593502044677734</LatitudeDegrees>
                            <LongitudeDegrees>73.79508209228516</LongitudeDegrees>
                        </Position>
                        <AltitudeMeters>508.3972473144531</AltitudeMeters>
                    </Trackpoint>
                    <Trackpoint>
                        <DistanceMeters>338.7286491394043</DistanceMeters>
                        <Time>2021-05-19T11:28:51.358Z</Time>
                        <Position>
                            <LatitudeDegrees>18.593502044677734</LatitudeDegrees>
                            <LongitudeDegrees>73.79507446289062</LongitudeDegrees>
                        </Position>
                        <AltitudeMeters>509.55059814453125</AltitudeMeters>
                    </Trackpoint>
                    <Trackpoint>
                        <DistanceMeters>338.7286491394043</DistanceMeters>
                        <Time>2021-05-19T11:28:52.359Z</Time>
                        <Position>
                            <LatitudeDegrees>18.593503952026367</LatitudeDegrees>
                            <LongitudeDegrees>73.79505920410156</LongitudeDegrees>
                        </Position>
                        <AltitudeMeters>509.1124267578125</AltitudeMeters>
                    </Trackpoint>
                    <Trackpoint>
                        <DistanceMeters>338.7286491394043</DistanceMeters>
                        <Time>2021-05-19T11:28:53.358Z</Time>
                        <Position>
                            <LatitudeDegrees>18.593503952026367</LatitudeDegrees>
                            <LongitudeDegrees>73.79505157470703</LongitudeDegrees>
                        </Position>
                        <AltitudeMeters>509.50787353515625</AltitudeMeters>
                    </Trackpoint>
                    <Trackpoint>
                        <DistanceMeters>338.7286491394043</DistanceMeters>
                        <Time>2021-05-19T11:28:54.363Z</Time>
                        <Position>
                            <LatitudeDegrees>18.593503952026367</LatitudeDegrees>
                            <LongitudeDegrees>73.79503631591797</LongitudeDegrees>
                        </Position>
                        <AltitudeMeters>508.8045349121094</AltitudeMeters>
                    </Trackpoint>
                    <Trackpoint>
                        <DistanceMeters>338.7286491394043</DistanceMeters>
                        <Time>2021-05-19T11:28:55.363Z</Time>
                        <Position>
                            <LatitudeDegrees>18.5935001373291</LatitudeDegrees>
                            <LongitudeDegrees>73.7950210571289</LongitudeDegrees>
                        </Position>
                        <AltitudeMeters>509.0494689941406</AltitudeMeters>
                    </Trackpoint>
                    <Trackpoint>
                        <DistanceMeters>338.7286491394043</DistanceMeters>
                        <Time>2021-05-19T11:28:56.368Z</Time>
                        <Position>
                            <LatitudeDegrees>18.593494415283203</LatitudeDegrees>
                            <LongitudeDegrees>73.79500579833984</LongitudeDegrees>
                        </Position>
                        <AltitudeMeters>510.1543884277344</AltitudeMeters>
                    </Trackpoint>
                    <Trackpoint>
                        <DistanceMeters>338.7286491394043</DistanceMeters>
                        <Time>2021-05-19T11:28:57.359Z</Time>
                        <Position>
                            <LatitudeDegrees>18.593490600585938</LatitudeDegrees>
                            <LongitudeDegrees>73.79499816894531</LongitudeDegrees>
                        </Position>
                        <AltitudeMeters>510.40557861328125</AltitudeMeters>
                    </Trackpoint>
                    <Trackpoint>
                        <DistanceMeters>338.7286491394043</DistanceMeters>
                        <Time>2021-05-19T11:28:58.363Z</Time>
                        <Position>
                            <LatitudeDegrees>18.593488693237305</LatitudeDegrees>
                            <LongitudeDegrees>73.79498291015625</LongitudeDegrees>
                        </Position>
                        <AltitudeMeters>509.8887939453125</AltitudeMeters>
                    </Trackpoint>
                    <Trackpoint>
                        <DistanceMeters>338.7286491394043</DistanceMeters>
                        <Time>2021-05-19T11:28:59.362Z</Time>
                        <Position>
                            <LatitudeDegrees>18.593486785888672</LatitudeDegrees>
                            <LongitudeDegrees>73.79497528076172</LongitudeDegrees>
                        </Position>
                        <AltitudeMeters>509.1366882324219</AltitudeMeters>
                    </Trackpoint>
                    <Trackpoint>
                        <DistanceMeters>375.4916648864746</DistanceMeters>
                        <Time>2021-05-19T11:29:00.361Z</Time>
                        <Position>
                            <LatitudeDegrees>18.593486785888672</LatitudeDegrees>
                            <LongitudeDegrees>73.79496765136719</LongitudeDegrees>
                        </Position>
                        <AltitudeMeters>509.67596435546875</AltitudeMeters>
                    </Trackpoint>
                    <Trackpoint>
                        <DistanceMeters>375.4916648864746</DistanceMeters>
                        <Time>2021-05-19T11:29:01.365Z</Time>
                        <Position>
                            <LatitudeDegrees>18.593488693237305</LatitudeDegrees>
                            <LongitudeDegrees>73.79495239257812</LongitudeDegrees>
                        </Position>
                        <AltitudeMeters>509.69012451171875</AltitudeMeters>
                    </Trackpoint>
                    <Trackpoint>
                        <DistanceMeters>375.4916648864746</DistanceMeters>
                        <Time>2021-05-19T11:29:02.368Z</Time>
                        <Position>
                            <LatitudeDegrees>18.593488693237305</LatitudeDegrees>
                            <LongitudeDegrees>73.7949447631836</LongitudeDegrees>
                        </Position>
                        <AltitudeMeters>509.774658203125</AltitudeMeters>
                    </Trackpoint>
                    <Trackpoint>
                        <DistanceMeters>375.4916648864746</DistanceMeters>
                        <Time>2021-05-19T11:29:03.366Z</Time>
                        <Position>
                            <LatitudeDegrees>18.593490600585938</LatitudeDegrees>
                            <LongitudeDegrees>73.79492950439453</LongitudeDegrees>
                        </Position>
                        <AltitudeMeters>510.6692199707031</AltitudeMeters>
                    </Trackpoint>
                    <Trackpoint>
                        <DistanceMeters>375.4916648864746</DistanceMeters>
                        <Time>2021-05-19T11:29:04.353Z</Time>
                        <Position>
                            <LatitudeDegrees>18.593490600585938</LatitudeDegrees>
                            <LongitudeDegrees>73.794921875</LongitudeDegrees>
                        </Position>
                        <AltitudeMeters>509.909423828125</AltitudeMeters>
                    </Trackpoint>
                    <Trackpoint>
                        <DistanceMeters>375.4916648864746</DistanceMeters>
                        <Time>2021-05-19T11:29:05.357Z</Time>
                        <Position>
                            <LatitudeDegrees>18.593490600585938</LatitudeDegrees>
                            <LongitudeDegrees>73.79491424560547</LongitudeDegrees>
                        </Position>
                        <AltitudeMeters>510.85101318359375</AltitudeMeters>
                    </Trackpoint>
                    <Trackpoint>
                        <DistanceMeters>375.4916648864746</DistanceMeters>
                        <Time>2021-05-19T11:29:06.375Z</Time>
                        <Position>
                            <LatitudeDegrees>18.593490600585938</LatitudeDegrees>
                            <LongitudeDegrees>73.7948989868164</LongitudeDegrees>
                        </Position>
                        <AltitudeMeters>510.8955993652344</AltitudeMeters>
                    </Trackpoint>
                    <Trackpoint>
                        <DistanceMeters>375.4916648864746</DistanceMeters>
                        <Time>2021-05-19T11:29:07.365Z</Time>
                        <Position>
                            <LatitudeDegrees>18.593490600585938</LatitudeDegrees>
                            <LongitudeDegrees>73.79489135742188</LongitudeDegrees>
                        </Position>
                        <AltitudeMeters>510.9559326171875</AltitudeMeters>
                    </Trackpoint>
                    <Trackpoint>
                        <DistanceMeters>375.4916648864746</DistanceMeters>
                        <Time>2021-05-19T11:29:08.357Z</Time>
                        <Position>
                            <LatitudeDegrees>18.59349250793457</LatitudeDegrees>
                            <LongitudeDegrees>73.79488372802734</LongitudeDegrees>
                        </Position>
                        <AltitudeMeters>511.58026123046875</AltitudeMeters>
                    </Trackpoint>
                    <Trackpoint>
                        <DistanceMeters>375.4916648864746</DistanceMeters>
                        <Time>2021-05-19T11:29:10.411Z</Time>
                        <Position>
                            <LatitudeDegrees>18.593496322631836</LatitudeDegrees>
                            <LongitudeDegrees>73.79486083984375</LongitudeDegrees>
                        </Position>
                        <AltitudeMeters>510.5782165527344</AltitudeMeters>
                    </Trackpoint>
                    <Trackpoint>
                        <DistanceMeters>375.4916648864746</DistanceMeters>
                        <Time>2021-05-19T11:29:11.362Z</Time>
                        <Position>
                            <LatitudeDegrees>18.59349822998047</LatitudeDegrees>
                            <LongitudeDegrees>73.79485321044922</LongitudeDegrees>
                        </Position>
                        <AltitudeMeters>510.38885498046875</AltitudeMeters>
                    </Trackpoint>
                    <Trackpoint>
                        <DistanceMeters>375.4916648864746</DistanceMeters>
                        <Time>2021-05-19T11:29:12.364Z</Time>
                        <Position>
                            <LatitudeDegrees>18.593505859375</LatitudeDegrees>
                            <LongitudeDegrees>73.79483795166016</LongitudeDegrees>
                        </Position>
                        <AltitudeMeters>508.7265625</AltitudeMeters>
                    </Trackpoint>
                    <Trackpoint>
                        <DistanceMeters>375.4916648864746</DistanceMeters>
                        <Time>2021-05-19T11:29:13.366Z</Time>
                        <Position>
                            <LatitudeDegrees>18.5935115814209</LatitudeDegrees>
                            <LongitudeDegrees>73.79483032226562</LongitudeDegrees>
                        </Position>
                        <AltitudeMeters>508.92535400390625</AltitudeMeters>
                    </Trackpoint>
                    <Trackpoint>
                        <DistanceMeters>375.4916648864746</DistanceMeters>
                        <Time>2021-05-19T11:29:14.354Z</Time>
                        <Position>
                            <LatitudeDegrees>18.593515396118164</LatitudeDegrees>
                            <LongitudeDegrees>73.79481506347656</LongitudeDegrees>
                        </Position>
                        <AltitudeMeters>509.4937438964844</AltitudeMeters>
                    </Trackpoint>
                    <Trackpoint>
                        <DistanceMeters>375.4916648864746</DistanceMeters>
                        <Time>2021-05-19T11:29:15.361Z</Time>
                        <Position>
                            <LatitudeDegrees>18.59351921081543</LatitudeDegrees>
                            <LongitudeDegrees>73.79480743408203</LongitudeDegrees>
                        </Position>
                        <AltitudeMeters>509.4477844238281</AltitudeMeters>
                    </Trackpoint>
                    <Trackpoint>
                        <DistanceMeters>375.4916648864746</DistanceMeters>
                        <Time>2021-05-19T11:29:16.363Z</Time>
                        <Position>
                            <LatitudeDegrees>18.593521118164062</LatitudeDegrees>
                            <LongitudeDegrees>73.79479217529297</LongitudeDegrees>
                        </Position>
                        <AltitudeMeters>509.44915771484375</AltitudeMeters>
                    </Trackpoint>
                    <Trackpoint>
                        <DistanceMeters>375.4916648864746</DistanceMeters>
                        <Time>2021-05-19T11:29:17.359Z</Time>
                        <Position>
                            <LatitudeDegrees>18.593524932861328</LatitudeDegrees>
                            <LongitudeDegrees>73.79478454589844</LongitudeDegrees>
                        </Position>
                        <AltitudeMeters>510.99212646484375</AltitudeMeters>
                    </Trackpoint>
                    <Trackpoint>
                        <DistanceMeters>375.4916648864746</DistanceMeters>
                        <Time>2021-05-19T11:29:18.360Z</Time>
                        <Position>
                            <LatitudeDegrees>18.59352684020996</LatitudeDegrees>
                            <LongitudeDegrees>73.79476928710938</LongitudeDegrees>
                        </Position>
                        <AltitudeMeters>509.449462890625</AltitudeMeters>
                    </Trackpoint>
                    <Trackpoint>
                        <DistanceMeters>375.4916648864746</DistanceMeters>
                        <Time>2021-05-19T11:29:19.367Z</Time>
                        <Position>
                            <LatitudeDegrees>18.59352684020996</LatitudeDegrees>
                            <LongitudeDegrees>73.79476165771484</LongitudeDegrees>
                        </Position>
                        <AltitudeMeters>507.8612365722656</AltitudeMeters>
                    </Trackpoint>
                    <Trackpoint>
                        <DistanceMeters>375.4916648864746</DistanceMeters>
                        <Time>2021-05-19T11:29:20.349Z</Time>
                        <Position>
                            <LatitudeDegrees>18.59352684020996</LatitudeDegrees>
                            <LongitudeDegrees>73.79474639892578</LongitudeDegrees>
                        </Position>
                        <AltitudeMeters>507.74639892578125</AltitudeMeters>
                    </Trackpoint>
                    <Trackpoint>
                        <DistanceMeters>375.4916648864746</DistanceMeters>
                        <Time>2021-05-19T11:29:21.348Z</Time>
                        <Position>
                            <LatitudeDegrees>18.593528747558594</LatitudeDegrees>
                            <LongitudeDegrees>73.79473114013672</LongitudeDegrees>
                        </Position>
                        <AltitudeMeters>506.47772216796875</AltitudeMeters>
                    </Trackpoint>
                    <Trackpoint>
                        <DistanceMeters>375.4916648864746</DistanceMeters>
                        <Time>2021-05-19T11:29:22.352Z</Time>
                        <Position>
                            <LatitudeDegrees>18.593530654907227</LatitudeDegrees>
                            <LongitudeDegrees>73.79472351074219</LongitudeDegrees>
                        </Position>
                        <AltitudeMeters>505.50244140625</AltitudeMeters>
                    </Trackpoint>
                    <Trackpoint>
                        <DistanceMeters>375.4916648864746</DistanceMeters>
                        <Time>2021-05-19T11:29:23.354Z</Time>
                        <Position>
                            <LatitudeDegrees>18.59353256225586</LatitudeDegrees>
                            <LongitudeDegrees>73.79471588134766</LongitudeDegrees>
                        </Position>
                        <AltitudeMeters>505.7309875488281</AltitudeMeters>
                    </Trackpoint>
                    <Trackpoint>
                        <DistanceMeters>375.4916648864746</DistanceMeters>
                        <Time>2021-05-19T11:29:24.364Z</Time>
                        <Position>
                            <LatitudeDegrees>18.593536376953125</LatitudeDegrees>
                            <LongitudeDegrees>73.7947006225586</LongitudeDegrees>
                        </Position>
                        <AltitudeMeters>503.19451904296875</AltitudeMeters>
                    </Trackpoint>
                    <Trackpoint>
                        <DistanceMeters>375.4916648864746</DistanceMeters>
                        <Time>2021-05-19T11:29:25.358Z</Time>
                        <Position>
                            <LatitudeDegrees>18.593538284301758</LatitudeDegrees>
                            <LongitudeDegrees>73.79468536376953</LongitudeDegrees>
                        </Position>
                        <AltitudeMeters>503.3369445800781</AltitudeMeters>
                    </Trackpoint>
                    <Trackpoint>
                        <DistanceMeters>375.4916648864746</DistanceMeters>
                        <Time>2021-05-19T11:29:26.359Z</Time>
                        <Position>
                            <LatitudeDegrees>18.59354019165039</LatitudeDegrees>
                            <LongitudeDegrees>73.794677734375</LongitudeDegrees>
                        </Position>
                        <AltitudeMeters>504.4201354980469</AltitudeMeters>
                    </Trackpoint>
                    <Trackpoint>
                        <DistanceMeters>375.4916648864746</DistanceMeters>
                        <Time>2021-05-19T11:29:27.363Z</Time>
                        <Position>
                            <LatitudeDegrees>18.593544006347656</LatitudeDegrees>
                            <LongitudeDegrees>73.79466247558594</LongitudeDegrees>
                        </Position>
                        <AltitudeMeters>504.8236083984375</AltitudeMeters>
                    </Trackpoint>
                    <Trackpoint>
                        <DistanceMeters>375.4916648864746</DistanceMeters>
                        <Time>2021-05-19T11:29:28.359Z</Time>
                        <Position>
                            <LatitudeDegrees>18.593549728393555</LatitudeDegrees>
                            <LongitudeDegrees>73.79464721679688</LongitudeDegrees>
                        </Position>
                        <AltitudeMeters>506.564697265625</AltitudeMeters>
                    </Trackpoint>
                    <Trackpoint>
                        <DistanceMeters>375.4916648864746</DistanceMeters>
                        <Time>2021-05-19T11:29:29.353Z</Time>
                        <Position>
                            <LatitudeDegrees>18.593555450439453</LatitudeDegrees>
                            <LongitudeDegrees>73.79463958740234</LongitudeDegrees>
                        </Position>
                        <AltitudeMeters>506.82073974609375</AltitudeMeters>
                    </Trackpoint>
                    <Trackpoint>
                        <DistanceMeters>411.8727378845215</DistanceMeters>
                        <Time>2021-05-19T11:29:31.361Z</Time>
                        <Position>
                            <LatitudeDegrees>18.59356117248535</LatitudeDegrees>
                            <LongitudeDegrees>73.79462432861328</LongitudeDegrees>
                        </Position>
                        <AltitudeMeters>506.76751708984375</AltitudeMeters>
                    </Trackpoint>
                    <Trackpoint>
                        <DistanceMeters>411.8727378845215</DistanceMeters>
                        <Time>2021-05-19T11:29:32.355Z</Time>
                        <Position>
                            <LatitudeDegrees>18.593564987182617</LatitudeDegrees>
                            <LongitudeDegrees>73.79461669921875</LongitudeDegrees>
                        </Position>
                        <AltitudeMeters>506.7314453125</AltitudeMeters>
                    </Trackpoint>
                    <Trackpoint>
                        <DistanceMeters>411.8727378845215</DistanceMeters>
                        <Time>2021-05-19T11:29:33.351Z</Time>
                        <Position>
                            <LatitudeDegrees>18.59356689453125</LatitudeDegrees>
                            <LongitudeDegrees>73.79460144042969</LongitudeDegrees>
                        </Position>
                        <AltitudeMeters>508.3372497558594</AltitudeMeters>
                    </Trackpoint>
                    <Trackpoint>
                        <DistanceMeters>411.8727378845215</DistanceMeters>
                        <Time>2021-05-19T11:29:35.361Z</Time>
                        <Position>
                            <LatitudeDegrees>18.593568801879883</LatitudeDegrees>
                            <LongitudeDegrees>73.79458618164062</LongitudeDegrees>
                        </Position>
                        <AltitudeMeters>509.2844543457031</AltitudeMeters>
                    </Trackpoint>
                    <Trackpoint>
                        <DistanceMeters>411.8727378845215</DistanceMeters>
                        <Time>2021-05-19T11:29:36.360Z</Time>
                        <Position>
                            <LatitudeDegrees>18.59357261657715</LatitudeDegrees>
                            <LongitudeDegrees>73.79457092285156</LongitudeDegrees>
                        </Position>
                        <AltitudeMeters>508.4019470214844</AltitudeMeters>
                    </Trackpoint>
                    <Trackpoint>
                        <DistanceMeters>411.8727378845215</DistanceMeters>
                        <Time>2021-05-19T11:29:37.350Z</Time>
                        <Position>
                            <LatitudeDegrees>18.59357452392578</LatitudeDegrees>
                            <LongitudeDegrees>73.7945556640625</LongitudeDegrees>
                        </Position>
                        <AltitudeMeters>508.7389221191406</AltitudeMeters>
                    </Trackpoint>
                    <Trackpoint>
                        <DistanceMeters>411.8727378845215</DistanceMeters>
                        <Time>2021-05-19T11:29:38.360Z</Time>
                        <Position>
                            <LatitudeDegrees>18.593576431274414</LatitudeDegrees>
                            <LongitudeDegrees>73.79454040527344</LongitudeDegrees>
                        </Position>
                        <AltitudeMeters>509.2499694824219</AltitudeMeters>
                    </Trackpoint>
                    <Trackpoint>
                        <DistanceMeters>411.8727378845215</DistanceMeters>
                        <Time>2021-05-19T11:29:39.354Z</Time>
                        <Position>
                            <LatitudeDegrees>18.593578338623047</LatitudeDegrees>
                            <LongitudeDegrees>73.7945327758789</LongitudeDegrees>
                        </Position>
                        <AltitudeMeters>509.0043640136719</AltitudeMeters>
                    </Trackpoint>
                    <Trackpoint>
                        <DistanceMeters>411.8727378845215</DistanceMeters>
                        <Time>2021-05-19T11:29:41.361Z</Time>
                        <Position>
                            <LatitudeDegrees>18.59357452392578</LatitudeDegrees>
                            <LongitudeDegrees>73.79450988769531</LongitudeDegrees>
                        </Position>
                        <AltitudeMeters>510.7666931152344</AltitudeMeters>
                    </Trackpoint>
                    <Trackpoint>
                        <DistanceMeters>411.8727378845215</DistanceMeters>
                        <Time>2021-05-19T11:29:43.353Z</Time>
                        <Position>
                            <LatitudeDegrees>18.593570709228516</LatitudeDegrees>
                            <LongitudeDegrees>73.79449462890625</LongitudeDegrees>
                        </Position>
                        <AltitudeMeters>509.9259948730469</AltitudeMeters>
                    </Trackpoint>
                    <Trackpoint>
                        <DistanceMeters>411.8727378845215</DistanceMeters>
                        <Time>2021-05-19T11:29:44.363Z</Time>
                        <Position>
                            <LatitudeDegrees>18.593570709228516</LatitudeDegrees>
                            <LongitudeDegrees>73.79448699951172</LongitudeDegrees>
                        </Position>
                        <AltitudeMeters>509.5110778808594</AltitudeMeters>
                    </Trackpoint>
                    <Trackpoint>
                        <DistanceMeters>411.8727378845215</DistanceMeters>
                        <Time>2021-05-19T11:29:45.364Z</Time>
                        <Position>
                            <LatitudeDegrees>18.593570709228516</LatitudeDegrees>
                            <LongitudeDegrees>73.79447174072266</LongitudeDegrees>
                        </Position>
                        <AltitudeMeters>510.5155029296875</AltitudeMeters>
                    </Trackpoint>
                    <Trackpoint>
                        <DistanceMeters>411.8727378845215</DistanceMeters>
                        <Time>2021-05-19T11:29:47.358Z</Time>
                        <Position>
                            <LatitudeDegrees>18.59357261657715</LatitudeDegrees>
                            <LongitudeDegrees>73.79444885253906</LongitudeDegrees>
                        </Position>
                        <AltitudeMeters>509.4345703125</AltitudeMeters>
                    </Trackpoint>
                    <Trackpoint>
                        <DistanceMeters>411.8727378845215</DistanceMeters>
                        <Time>2021-05-19T11:29:48.360Z</Time>
                        <Position>
                            <LatitudeDegrees>18.59358024597168</LatitudeDegrees>
                            <LongitudeDegrees>73.79443359375</LongitudeDegrees>
                        </Position>
                        <AltitudeMeters>508.9192810058594</AltitudeMeters>
                    </Trackpoint>
                    <Trackpoint>
                        <DistanceMeters>411.8727378845215</DistanceMeters>
                        <Time>2021-05-19T11:29:49.359Z</Time>
                        <Position>
                            <LatitudeDegrees>18.593584060668945</LatitudeDegrees>
                            <LongitudeDegrees>73.79441833496094</LongitudeDegrees>
                        </Position>
                        <AltitudeMeters>510.83746337890625</AltitudeMeters>
                    </Trackpoint>
                    <Trackpoint>
                        <DistanceMeters>411.8727378845215</DistanceMeters>
                        <Time>2021-05-19T11:29:50.368Z</Time>
                        <Position>
                            <LatitudeDegrees>18.59359359741211</LatitudeDegrees>
                            <LongitudeDegrees>73.79440307617188</LongitudeDegrees>
                        </Position>
                        <AltitudeMeters>509.0420227050781</AltitudeMeters>
                    </Trackpoint>
                    <Trackpoint>
                        <DistanceMeters>411.8727378845215</DistanceMeters>
                        <Time>2021-05-19T11:29:51.362Z</Time>
                        <Position>
                            <LatitudeDegrees>18.593597412109375</LatitudeDegrees>
                            <LongitudeDegrees>73.79438781738281</LongitudeDegrees>
                        </Position>
                        <AltitudeMeters>509.38531494140625</AltitudeMeters>
                    </Trackpoint>
                    <Trackpoint>
                        <DistanceMeters>411.8727378845215</DistanceMeters>
                        <Time>2021-05-19T11:29:52.355Z</Time>
                        <Position>
                            <LatitudeDegrees>18.59360122680664</LatitudeDegrees>
                            <LongitudeDegrees>73.79438018798828</LongitudeDegrees>
                        </Position>
                        <AltitudeMeters>505.9609680175781</AltitudeMeters>
                    </Trackpoint>
                    <Trackpoint>
                        <DistanceMeters>411.8727378845215</DistanceMeters>
                        <Time>2021-05-19T11:29:53.357Z</Time>
                        <Position>
                            <LatitudeDegrees>18.593603134155273</LatitudeDegrees>
                            <LongitudeDegrees>73.79436492919922</LongitudeDegrees>
                        </Position>
                        <AltitudeMeters>507.0861511230469</AltitudeMeters>
                    </Trackpoint>
                    <Trackpoint>
                        <DistanceMeters>411.8727378845215</DistanceMeters>
                        <Time>2021-05-19T11:29:54.365Z</Time>
                        <Position>
                            <LatitudeDegrees>18.593605041503906</LatitudeDegrees>
                            <LongitudeDegrees>73.79435729980469</LongitudeDegrees>
                        </Position>
                        <AltitudeMeters>507.8150329589844</AltitudeMeters>
                    </Trackpoint>
                    <Trackpoint>
                        <DistanceMeters>411.8727378845215</DistanceMeters>
                        <Time>2021-05-19T11:29:56.356Z</Time>
                        <Position>
                            <LatitudeDegrees>18.593610763549805</LatitudeDegrees>
                            <LongitudeDegrees>73.79434204101562</LongitudeDegrees>
                        </Position>
                        <AltitudeMeters>506.9522399902344</AltitudeMeters>
                    </Trackpoint>
                    <Trackpoint>
                        <DistanceMeters>411.8727378845215</DistanceMeters>
                        <Time>2021-05-19T11:29:57.367Z</Time>
                        <Position>
                            <LatitudeDegrees>18.593612670898438</LatitudeDegrees>
                            <LongitudeDegrees>73.79432678222656</LongitudeDegrees>
                        </Position>
                        <AltitudeMeters>507.04010009765625</AltitudeMeters>
                    </Trackpoint>
                    <Trackpoint>
                        <DistanceMeters>411.8727378845215</DistanceMeters>
                        <Time>2021-05-19T11:29:58.363Z</Time>
                        <Position>
                            <LatitudeDegrees>18.59361457824707</LatitudeDegrees>
                            <LongitudeDegrees>73.7943115234375</LongitudeDegrees>
                        </Position>
                        <AltitudeMeters>508.43572998046875</AltitudeMeters>
                    </Trackpoint>
                    <Trackpoint>
                        <DistanceMeters>411.8727378845215</DistanceMeters>
                        <Time>2021-05-19T11:29:58.412Z</Time>
                    </Trackpoint>
                </Track>
                <DistanceMeters>411.8727378845215</DistanceMeters>
                <TotalTimeSeconds>305.822484736</TotalTimeSeconds>
                <Calories>23.27023696899414</Calories>
                <Intensity>Active</Intensity>
                <TriggerMethod>Manual</TriggerMethod>
            </Lap>
        </Activity>
        <Activity Sport="Walking">
            <Id>2021-05-19T11:29:58.412Z</Id>
            <Lap StartTime="2021-05-19T11:29:58.412Z">
                <Track>
                    <Trackpoint>
                        <DistanceMeters>0.0</DistanceMeters>
                        <Time>2021-05-19T11:29:58.412Z</Time>
                    </Trackpoint>
                    <Trackpoint>
                        <DistanceMeters>1.1781063079833984</DistanceMeters>
                        <Time>2021-05-19T11:29:59.353Z</Time>
                        <Position>
                            <LatitudeDegrees>18.59361457824707</LatitudeDegrees>
                            <LongitudeDegrees>73.79429626464844</LongitudeDegrees>
                        </Position>
                        <AltitudeMeters>509.74859619140625</AltitudeMeters>
                    </Trackpoint>
                    <Trackpoint>
                        <DistanceMeters>43.867074966430664</DistanceMeters>
                        <Time>2021-05-19T11:30:00.353Z</Time>
                        <Position>
                            <LatitudeDegrees>18.593612670898438</LatitudeDegrees>
                            <LongitudeDegrees>73.79428100585938</LongitudeDegrees>
                        </Position>
                        <AltitudeMeters>508.9931640625</AltitudeMeters>
                    </Trackpoint>
                    <Trackpoint>
                        <DistanceMeters>43.867074966430664</DistanceMeters>
                        <Time>2021-05-19T11:30:01.417Z</Time>
                        <Position>
                            <LatitudeDegrees>18.593610763549805</LatitudeDegrees>
                            <LongitudeDegrees>73.79425811767578</LongitudeDegrees>
                        </Position>
                        <AltitudeMeters>499.9276123046875</AltitudeMeters>
                    </Trackpoint>
                    <Trackpoint>
                        <DistanceMeters>43.867074966430664</DistanceMeters>
                        <Time>2021-05-19T11:30:03.352Z</Time>
                        <Position>
                            <LatitudeDegrees>18.59361457824707</LatitudeDegrees>
                            <LongitudeDegrees>73.79424285888672</LongitudeDegrees>
                        </Position>
                        <AltitudeMeters>499.9047546386719</AltitudeMeters>
                    </Trackpoint>
                    <Trackpoint>
                        <DistanceMeters>43.867074966430664</DistanceMeters>
                        <Time>2021-05-19T11:30:04.365Z</Time>
                        <Position>
                            <LatitudeDegrees>18.593616485595703</LatitudeDegrees>
                            <LongitudeDegrees>73.79423522949219</LongitudeDegrees>
                        </Position>
                        <AltitudeMeters>499.8973693847656</AltitudeMeters>
                    </Trackpoint>
                    <Trackpoint>
                        <DistanceMeters>43.867074966430664</DistanceMeters>
                        <Time>2021-05-19T11:30:05.360Z</Time>
                        <Position>
                            <LatitudeDegrees>18.59362030029297</LatitudeDegrees>
                            <LongitudeDegrees>73.79421997070312</LongitudeDegrees>
                        </Position>
                        <AltitudeMeters>499.9288024902344</AltitudeMeters>
                    </Trackpoint>
                    <Trackpoint>
                        <DistanceMeters>43.867074966430664</DistanceMeters>
                        <Time>2021-05-19T11:30:06.365Z</Time>
                        <Position>
                            <LatitudeDegrees>18.5936222076416</LatitudeDegrees>
                            <LongitudeDegrees>73.7942123413086</LongitudeDegrees>
                        </Position>
                        <AltitudeMeters>499.943603515625</AltitudeMeters>
                    </Trackpoint>
                    <Trackpoint>
                        <DistanceMeters>43.867074966430664</DistanceMeters>
                        <Time>2021-05-19T11:30:08.352Z</Time>
                        <Position>
                            <LatitudeDegrees>18.593626022338867</LatitudeDegrees>
                            <LongitudeDegrees>73.794189453125</LongitudeDegrees>
                        </Position>
                        <AltitudeMeters>499.94927978515625</AltitudeMeters>
                    </Trackpoint>
                    <Trackpoint>
                        <DistanceMeters>43.867074966430664</DistanceMeters>
                        <Time>2021-05-19T11:30:09.365Z</Time>
                        <Position>
                            <LatitudeDegrees>18.593626022338867</LatitudeDegrees>
                            <LongitudeDegrees>73.79418182373047</LongitudeDegrees>
                        </Position>
                        <AltitudeMeters>499.9660339355469</AltitudeMeters>
                    </Trackpoint>
                    <Trackpoint>
                        <DistanceMeters>43.867074966430664</DistanceMeters>
                        <Time>2021-05-19T11:30:10.360Z</Time>
                        <Position>
                            <LatitudeDegrees>18.5936279296875</LatitudeDegrees>
                            <LongitudeDegrees>73.7941665649414</LongitudeDegrees>
                        </Position>
                        <AltitudeMeters>499.9290466308594</AltitudeMeters>
                    </Trackpoint>
                    <Trackpoint>
                        <DistanceMeters>43.867074966430664</DistanceMeters>
                        <Time>2021-05-19T11:30:11.357Z</Time>
                        <Position>
                            <LatitudeDegrees>18.593629837036133</LatitudeDegrees>
                            <LongitudeDegrees>73.79414367675781</LongitudeDegrees>
                        </Position>
                        <AltitudeMeters>499.9709167480469</AltitudeMeters>
                    </Trackpoint>
                    <Trackpoint>
                        <DistanceMeters>43.867074966430664</DistanceMeters>
                        <Time>2021-05-19T11:30:12.352Z</Time>
                        <Position>
                            <LatitudeDegrees>18.5936336517334</LatitudeDegrees>
                            <LongitudeDegrees>73.79412841796875</LongitudeDegrees>
                        </Position>
                        <AltitudeMeters>499.98248291015625</AltitudeMeters>
                    </Trackpoint>
                    <Trackpoint>
                        <DistanceMeters>43.867074966430664</DistanceMeters>
                        <Time>2021-05-19T11:30:13.359Z</Time>
                        <Position>
                            <LatitudeDegrees>18.59364128112793</LatitudeDegrees>
                            <LongitudeDegrees>73.79411315917969</LongitudeDegrees>
                        </Position>
                        <AltitudeMeters>500.0080261230469</AltitudeMeters>
                    </Trackpoint>
                    <Trackpoint>
                        <DistanceMeters>43.867074966430664</DistanceMeters>
                        <Time>2021-05-19T11:30:14.363Z</Time>
                        <Position>
                            <LatitudeDegrees>18.593645095825195</LatitudeDegrees>
                            <LongitudeDegrees>73.79409790039062</LongitudeDegrees>
                        </Position>
                        <AltitudeMeters>500.0460205078125</AltitudeMeters>
                    </Trackpoint>
                    <Trackpoint>
                        <DistanceMeters>43.867074966430664</DistanceMeters>
                        <Time>2021-05-19T11:30:15.349Z</Time>
                        <Position>
                            <LatitudeDegrees>18.59364891052246</LatitudeDegrees>
                            <LongitudeDegrees>73.7940902709961</LongitudeDegrees>
                        </Position>
                        <AltitudeMeters>500.0363464355469</AltitudeMeters>
                    </Trackpoint>
                    <Trackpoint>
                        <DistanceMeters>43.867074966430664</DistanceMeters>
                        <Time>2021-05-19T11:30:16.360Z</Time>
                        <Position>
                            <LatitudeDegrees>18.593652725219727</LatitudeDegrees>
                            <LongitudeDegrees>73.79408264160156</LongitudeDegrees>
                        </Position>
                        <AltitudeMeters>500.05255126953125</AltitudeMeters>
                    </Trackpoint>
                    <Trackpoint>
                        <DistanceMeters>43.867074966430664</DistanceMeters>
                        <Time>2021-05-19T11:30:17.358Z</Time>
                        <Position>
                            <LatitudeDegrees>18.59365463256836</LatitudeDegrees>
                            <LongitudeDegrees>73.7940673828125</LongitudeDegrees>
                        </Position>
                        <AltitudeMeters>500.02239990234375</AltitudeMeters>
                    </Trackpoint>
                    <Trackpoint>
                        <DistanceMeters>43.867074966430664</DistanceMeters>
                        <Time>2021-05-19T11:30:18.363Z</Time>
                        <Position>
                            <LatitudeDegrees>18.593647003173828</LatitudeDegrees>
                            <LongitudeDegrees>73.7940444946289</LongitudeDegrees>
                        </Position>
                        <AltitudeMeters>500.0130615234375</AltitudeMeters>
                    </Trackpoint>
                    <Trackpoint>
                        <DistanceMeters>43.867074966430664</DistanceMeters>
                        <Time>2021-05-19T11:30:19.365Z</Time>
                        <Position>
                            <LatitudeDegrees>18.593643188476562</LatitudeDegrees>
                            <LongitudeDegrees>73.79403686523438</LongitudeDegrees>
                        </Position>
                        <AltitudeMeters>500.0313415527344</AltitudeMeters>
                    </Trackpoint>
                    <Trackpoint>
                        <DistanceMeters>43.867074966430664</DistanceMeters>
                        <Time>2021-05-19T11:30:20.367Z</Time>
                        <Position>
                            <LatitudeDegrees>18.593639373779297</LatitudeDegrees>
                            <LongitudeDegrees>73.79402160644531</LongitudeDegrees>
                        </Position>
                        <AltitudeMeters>499.9847412109375</AltitudeMeters>
                    </Trackpoint>
                    <Trackpoint>
                        <DistanceMeters>43.867074966430664</DistanceMeters>
                        <Time>2021-05-19T11:30:21.351Z</Time>
                        <Position>
                            <LatitudeDegrees>18.5936336517334</LatitudeDegrees>
                            <LongitudeDegrees>73.79400634765625</LongitudeDegrees>
                        </Position>
                        <AltitudeMeters>499.96478271484375</AltitudeMeters>
                    </Trackpoint>
                    <Trackpoint>
                        <DistanceMeters>43.867074966430664</DistanceMeters>
                        <Time>2021-05-19T11:30:23.358Z</Time>
                        <Position>
                            <LatitudeDegrees>18.593629837036133</LatitudeDegrees>
                            <LongitudeDegrees>73.79398345947266</LongitudeDegrees>
                        </Position>
                        <AltitudeMeters>499.9815979003906</AltitudeMeters>
                    </Trackpoint>
                    <Trackpoint>
                        <DistanceMeters>43.867074966430664</DistanceMeters>
                        <Time>2021-05-19T11:30:24.356Z</Time>
                        <Position>
                            <LatitudeDegrees>18.593629837036133</LatitudeDegrees>
                            <LongitudeDegrees>73.79397583007812</LongitudeDegrees>
                        </Position>
                        <AltitudeMeters>499.98638916015625</AltitudeMeters>
                    </Trackpoint>
                    <Trackpoint>
                        <DistanceMeters>43.867074966430664</DistanceMeters>
                        <Time>2021-05-19T11:30:25.362Z</Time>
                        <Position>
                            <LatitudeDegrees>18.593629837036133</LatitudeDegrees>
                            <LongitudeDegrees>73.79396057128906</LongitudeDegrees>
                        </Position>
                        <AltitudeMeters>499.9994812011719</AltitudeMeters>
                    </Trackpoint>
                    <Trackpoint>
                        <DistanceMeters>43.867074966430664</DistanceMeters>
                        <Time>2021-05-19T11:30:26.362Z</Time>
                        <Position>
                            <LatitudeDegrees>18.59363555908203</LatitudeDegrees>
                            <LongitudeDegrees>73.7939453125</LongitudeDegrees>
                        </Position>
                        <AltitudeMeters>500.02105712890625</AltitudeMeters>
                    </Trackpoint>
                    <Trackpoint>
                        <DistanceMeters>43.867074966430664</DistanceMeters>
                        <Time>2021-05-19T11:30:27.373Z</Time>
                        <Position>
                            <LatitudeDegrees>18.59364128112793</LatitudeDegrees>
                            <LongitudeDegrees>73.79393768310547</LongitudeDegrees>
                        </Position>
                        <AltitudeMeters>500.0136413574219</AltitudeMeters>
                    </Trackpoint>
                    <Trackpoint>
                        <DistanceMeters>43.867074966430664</DistanceMeters>
                        <Time>2021-05-19T11:30:28.355Z</Time>
                        <Position>
                            <LatitudeDegrees>18.593645095825195</LatitudeDegrees>
                            <LongitudeDegrees>73.7939224243164</LongitudeDegrees>
                        </Position>
                        <AltitudeMeters>500.0315246582031</AltitudeMeters>
                    </Trackpoint>
                    <Trackpoint>
                        <DistanceMeters>43.867074966430664</DistanceMeters>
                        <Time>2021-05-19T11:30:29.353Z</Time>
                        <Position>
                            <LatitudeDegrees>18.59364891052246</LatitudeDegrees>
                            <LongitudeDegrees>73.79390716552734</LongitudeDegrees>
                        </Position>
                        <AltitudeMeters>500.0121154785156</AltitudeMeters>
                    </Trackpoint>
                    <Trackpoint>
                        <DistanceMeters>66.20904541015625</DistanceMeters>
                        <Time>2021-05-19T11:30:30.360Z</Time>
                        <Position>
                            <LatitudeDegrees>18.593652725219727</LatitudeDegrees>
                            <LongitudeDegrees>73.79389953613281</LongitudeDegrees>
                        </Position>
                        <AltitudeMeters>500.0057678222656</AltitudeMeters>
                    </Trackpoint>
                    <Trackpoint>
                        <DistanceMeters>66.20904541015625</DistanceMeters>
                        <Time>2021-05-19T11:30:32.364Z</Time>
                        <Position>
                            <LatitudeDegrees>18.593658447265625</LatitudeDegrees>
                            <LongitudeDegrees>73.79387664794922</LongitudeDegrees>
                        </Position>
                        <AltitudeMeters>500.0274963378906</AltitudeMeters>
                    </Trackpoint>
                    <Trackpoint>
                        <DistanceMeters>66.20904541015625</DistanceMeters>
                        <Time>2021-05-19T11:30:33.372Z</Time>
                        <Position>
                            <LatitudeDegrees>18.593664169311523</LatitudeDegrees>
                            <LongitudeDegrees>73.79385375976562</LongitudeDegrees>
                        </Position>
                        <AltitudeMeters>500.00390625</AltitudeMeters>
                    </Trackpoint>
                    <Trackpoint>
                        <DistanceMeters>66.20904541015625</DistanceMeters>
                        <Time>2021-05-19T11:30:34.360Z</Time>
                        <Position>
                            <LatitudeDegrees>18.59366798400879</LatitudeDegrees>
                            <LongitudeDegrees>73.7938461303711</LongitudeDegrees>
                        </Position>
                        <AltitudeMeters>500.0364990234375</AltitudeMeters>
                    </Trackpoint>
                    <Trackpoint>
                        <DistanceMeters>66.20904541015625</DistanceMeters>
                        <Time>2021-05-19T11:30:35.362Z</Time>
                        <Position>
                            <LatitudeDegrees>18.593671798706055</LatitudeDegrees>
                            <LongitudeDegrees>73.79383087158203</LongitudeDegrees>
                        </Position>
                        <AltitudeMeters>500.06365966796875</AltitudeMeters>
                    </Trackpoint>
                    <Trackpoint>
                        <DistanceMeters>66.20904541015625</DistanceMeters>
                        <Time>2021-05-19T11:30:36.433Z</Time>
                        <Position>
                            <LatitudeDegrees>18.59367561340332</LatitudeDegrees>
                            <LongitudeDegrees>73.79381561279297</LongitudeDegrees>
                        </Position>
                        <AltitudeMeters>500.0324401855469</AltitudeMeters>
                    </Trackpoint>
                    <Trackpoint>
                        <DistanceMeters>66.20904541015625</DistanceMeters>
                        <Time>2021-05-19T11:30:37.361Z</Time>
                        <Position>
                            <LatitudeDegrees>18.593677520751953</LatitudeDegrees>
                            <LongitudeDegrees>73.79380798339844</LongitudeDegrees>
                        </Position>
                        <AltitudeMeters>500.0533142089844</AltitudeMeters>
                    </Trackpoint>
                    <Trackpoint>
                        <DistanceMeters>66.20904541015625</DistanceMeters>
                        <Time>2021-05-19T11:30:39.362Z</Time>
                        <Position>
                            <LatitudeDegrees>18.593679428100586</LatitudeDegrees>
                            <LongitudeDegrees>73.79379272460938</LongitudeDegrees>
                        </Position>
                        <AltitudeMeters>500.0771789550781</AltitudeMeters>
                    </Trackpoint>
                    <Trackpoint>
                        <DistanceMeters>66.20904541015625</DistanceMeters>
                        <Time>2021-05-19T11:30:40.360Z</Time>
                        <Position>
                            <LatitudeDegrees>18.59368133544922</LatitudeDegrees>
                            <LongitudeDegrees>73.79377746582031</LongitudeDegrees>
                        </Position>
                        <AltitudeMeters>500.0848388671875</AltitudeMeters>
                    </Trackpoint>
                    <Trackpoint>
                        <DistanceMeters>66.20904541015625</DistanceMeters>
                        <Time>2021-05-19T11:30:42.356Z</Time>
                        <Position>
                            <LatitudeDegrees>18.59368324279785</LatitudeDegrees>
                            <LongitudeDegrees>73.79375457763672</LongitudeDegrees>
                        </Position>
                        <AltitudeMeters>500.11236572265625</AltitudeMeters>
                    </Trackpoint>
                    <Trackpoint>
                        <DistanceMeters>66.20904541015625</DistanceMeters>
                        <Time>2021-05-19T11:30:43.353Z</Time>
                        <Position>
                            <LatitudeDegrees>18.593685150146484</LatitudeDegrees>
                            <LongitudeDegrees>73.79373931884766</LongitudeDegrees>
                        </Position>
                        <AltitudeMeters>500.1455993652344</AltitudeMeters>
                    </Trackpoint>
                    <Trackpoint>
                        <DistanceMeters>66.20904541015625</DistanceMeters>
                        <Time>2021-05-19T11:30:44.366Z</Time>
                        <Position>
                            <LatitudeDegrees>18.593687057495117</LatitudeDegrees>
                            <LongitudeDegrees>73.79373168945312</LongitudeDegrees>
                        </Position>
                        <AltitudeMeters>500.15380859375</AltitudeMeters>
                    </Trackpoint>
                    <Trackpoint>
                        <DistanceMeters>66.20904541015625</DistanceMeters>
                        <Time>2021-05-19T11:30:45.358Z</Time>
                        <Position>
                            <LatitudeDegrees>18.593687057495117</LatitudeDegrees>
                            <LongitudeDegrees>73.79371643066406</LongitudeDegrees>
                        </Position>
                        <AltitudeMeters>500.11798095703125</AltitudeMeters>
                    </Trackpoint>
                    <Trackpoint>
                        <DistanceMeters>66.20904541015625</DistanceMeters>
                        <Time>2021-05-19T11:30:47.377Z</Time>
                        <Position>
                            <LatitudeDegrees>18.593690872192383</LatitudeDegrees>
                            <LongitudeDegrees>73.793701171875</LongitudeDegrees>
                        </Position>
                        <AltitudeMeters>500.0633850097656</AltitudeMeters>
                    </Trackpoint>
                    <Trackpoint>
                        <DistanceMeters>151.3992691040039</DistanceMeters>
                        <Time>2021-05-19T11:31:59.523Z</Time>
                        <Position>
                            <LatitudeDegrees>18.593839645385742</LatitudeDegrees>
                            <LongitudeDegrees>73.79290771484375</LongitudeDegrees>
                        </Position>
                        <AltitudeMeters>497.3382263183594</AltitudeMeters>
                    </Trackpoint>
                    <Trackpoint>
                        <DistanceMeters>287.5156936645508</DistanceMeters>
                        <Time>2021-05-19T11:34:00.557Z</Time>
                    </Trackpoint>
                </Track>
                <DistanceMeters>287.5156936645508</DistanceMeters>
                <TotalTimeSeconds>242.145</TotalTimeSeconds>
                <Calories>18.65861701965332</Calories>
                <Intensity>Active</Intensity>
                <TriggerMethod>Manual</TriggerMethod>
            </Lap>
        </Activity>
        <Activity Sport="Walking">
            <Id>2021-05-19T11:34:00.557Z</Id>
            <Lap StartTime="2021-05-19T11:34:00.557Z">
                <Track>
                    <Trackpoint>
                        <DistanceMeters>0.0</DistanceMeters>
                        <Time>2021-05-19T11:34:00.557Z</Time>
                    </Trackpoint>
                    <Trackpoint>
                        <DistanceMeters>0.02361687831580639</DistanceMeters>
                        <Time>2021-05-19T11:34:00.578Z</Time>
                        <Position>
                            <LatitudeDegrees>18.593997955322266</LatitudeDegrees>
                            <LongitudeDegrees>73.7916259765625</LongitudeDegrees>
                        </Position>
                        <AltitudeMeters>493.95733642578125</AltitudeMeters>
                    </Trackpoint>
                    <Trackpoint>
                        <DistanceMeters>268.88854607753456</DistanceMeters>
                        <Time>2021-05-19T11:36:02.378Z</Time>
                        <Position>
                            <LatitudeDegrees>18.594629287719727</LatitudeDegrees>
                            <LongitudeDegrees>73.7891616821289</LongitudeDegrees>
                        </Position>
                        <AltitudeMeters>494.83526611328125</AltitudeMeters>
                    </Trackpoint>
                    <Trackpoint>
                        <DistanceMeters>297.3623162191361</DistanceMeters>
                        <Time>2021-05-19T11:38:02.756Z</Time>
                        <Position>
                            <LatitudeDegrees>18.59479522705078</LatitudeDegrees>
                            <LongitudeDegrees>73.78895568847656</LongitudeDegrees>
                        </Position>
                        <AltitudeMeters>494.86224365234375</AltitudeMeters>
                    </Trackpoint>
                    <Trackpoint>
                        <DistanceMeters>399.4156304281205</DistanceMeters>
                        <Time>2021-05-19T11:40:03.850Z</Time>
                        <Position>
                            <LatitudeDegrees>18.59554672241211</LatitudeDegrees>
                            <LongitudeDegrees>73.78839874267578</LongitudeDegrees>
                        </Position>
                        <AltitudeMeters>495.3236999511719</AltitudeMeters>
                    </Trackpoint>
                    <Trackpoint>
                        <DistanceMeters>484.29581841640174</DistanceMeters>
                        <Time>2021-05-19T11:42:04.859Z</Time>
                        <Position>
                            <LatitudeDegrees>18.596084594726562</LatitudeDegrees>
                            <LongitudeDegrees>73.78897094726562</LongitudeDegrees>
                        </Position>
                        <AltitudeMeters>495.5545959472656</AltitudeMeters>
                    </Trackpoint>
                    <Trackpoint>
                        <DistanceMeters>499.63571366481483</DistanceMeters>
                        <Time>2021-05-19T11:44:26.094Z</Time>
                    </Trackpoint>
                </Track>
                <DistanceMeters>499.63571366481483</DistanceMeters>
                <TotalTimeSeconds>625.537</TotalTimeSeconds>
                <Calories>48.20109939575195</Calories>
                <Intensity>Active</Intensity>
                <TriggerMethod>Manual</TriggerMethod>
            </Lap>
        </Activity>
        <Activity Sport="Walking">
            <Id>2021-05-19T11:44:26.094Z</Id>
            <Lap StartTime="2021-05-19T11:44:26.094Z">
                <Track>
                    <Trackpoint>
                        <DistanceMeters>0.0</DistanceMeters>
                        <Time>2021-05-19T11:44:26.094Z</Time>
                    </Trackpoint>
                    <Trackpoint>
                        <DistanceMeters>6.113081455230713</DistanceMeters>
                        <Time>2021-05-19T11:44:33.732Z</Time>
                    </Trackpoint>
                </Track>
                <DistanceMeters>6.113081455230713</DistanceMeters>
                <TotalTimeSeconds>7.638938504</TotalTimeSeconds>
                <Calories>0.5886226296424866</Calories>
                <Intensity>Active</Intensity>
                <TriggerMethod>Manual</TriggerMethod>
            </Lap>
        </Activity>
        <Activity Sport="Walking">
            <Id>2021-05-19T11:44:33.732Z</Id>
            <Lap StartTime="2021-05-19T11:44:33.732Z">
                <Track>
                    <Trackpoint>
                        <DistanceMeters>0.0</DistanceMeters>
                        <Time>2021-05-19T11:44:33.732Z</Time>
                    </Trackpoint>
                    <Trackpoint>
                        <DistanceMeters>0.0</DistanceMeters>
                        <Time>2021-05-19T11:51:42.313Z</Time>
                    </Trackpoint>
                    <Trackpoint>
                        <DistanceMeters>13.808212280273438</DistanceMeters>
                        <Time>2021-05-19T11:52:20.409Z</Time>
                    </Trackpoint>
                    <Trackpoint>
                        <DistanceMeters>16.946442365646362</DistanceMeters>
                        <Time>2021-05-19T11:52:25.661Z</Time>
                    </Trackpoint>
                    <Trackpoint>
                        <DistanceMeters>46.445805311203</DistanceMeters>
                        <Time>2021-05-19T11:53:10.290Z</Time>
                    </Trackpoint>
                    <Trackpoint>
                        <DistanceMeters>54.653603315353394</DistanceMeters>
                        <Time>2021-05-19T11:53:19.440Z</Time>
                    </Trackpoint>
                    <Trackpoint>
                        <DistanceMeters>67.33620238304138</DistanceMeters>
                        <Time>2021-05-19T11:53:33.889Z</Time>
                    </Trackpoint>
                </Track>
                <DistanceMeters>67.33620238304138</DistanceMeters>
                <TotalTimeSeconds>540.156061496</TotalTimeSeconds>
                <Calories>15.381723403930664</Calories>
                <Intensity>Active</Intensity>
                <TriggerMethod>Manual</TriggerMethod>
            </Lap>
        </Activity>
        <Activity Sport="Walking">
            <Id>2021-05-19T11:53:33.889Z</Id>
            <Lap StartTime="2021-05-19T11:53:33.889Z">
                <Track>
                    <Trackpoint>
                        <DistanceMeters>0.0</DistanceMeters>
                        <Time>2021-05-19T11:53:33.889Z</Time>
                    </Trackpoint>
                    <Trackpoint>
                        <DistanceMeters>11.382197380065918</DistanceMeters>
                        <Time>2021-05-19T11:58:23.970Z</Time>
                        <Position>
                            <LatitudeDegrees>18.5978946685791</LatitudeDegrees>
                            <LongitudeDegrees>73.79060363769531</LongitudeDegrees>
                        </Position>
                        <AltitudeMeters>493.815185546875</AltitudeMeters>
                    </Trackpoint>
                    <Trackpoint>
                        <DistanceMeters>168.6364393234253</DistanceMeters>
                        <Time>2021-05-19T11:58:34.190Z</Time>
                        <Position>
                            <LatitudeDegrees>18.597471237182617</LatitudeDegrees>
                            <LongitudeDegrees>73.7902603149414</LongitudeDegrees>
                        </Position>
                        <AltitudeMeters>493.3138122558594</AltitudeMeters>
                    </Trackpoint>
                    <Trackpoint>
                        <DistanceMeters>168.6364393234253</DistanceMeters>
                        <Time>2021-05-19T11:58:36.347Z</Time>
                        <Position>
                            <LatitudeDegrees>18.597322463989258</LatitudeDegrees>
                            <LongitudeDegrees>73.79019165039062</LongitudeDegrees>
                        </Position>
                        <AltitudeMeters>493.3595275878906</AltitudeMeters>
                    </Trackpoint>
                    <Trackpoint>
                        <DistanceMeters>168.6364393234253</DistanceMeters>
                        <Time>2021-05-19T11:58:36.898Z</Time>
                        <Position>
                            <LatitudeDegrees>18.59735679626465</LatitudeDegrees>
                            <LongitudeDegrees>73.79027557373047</LongitudeDegrees>
                        </Position>
                        <AltitudeMeters>493.3595275878906</AltitudeMeters>
                    </Trackpoint>
                    <Trackpoint>
                        <DistanceMeters>168.6364393234253</DistanceMeters>
                        <Time>2021-05-19T11:58:37.409Z</Time>
                        <Position>
                            <LatitudeDegrees>18.59710121154785</LatitudeDegrees>
                            <LongitudeDegrees>73.79024505615234</LongitudeDegrees>
                        </Position>
                        <AltitudeMeters>493.3736877441406</AltitudeMeters>
                        <Position>
                            <LatitudeDegrees>18.59710121154785</LatitudeDegrees>
                            <LongitudeDegrees>73.79024505615234</LongitudeDegrees>
                        </Position>
                        <AltitudeMeters>493.3736877441406</AltitudeMeters>
                    </Trackpoint>
                    <Trackpoint>
                        <DistanceMeters>168.6364393234253</DistanceMeters>
                        <Time>2021-05-19T11:58:38.332Z</Time>
                        <Position>
                            <LatitudeDegrees>18.597076416015625</LatitudeDegrees>
                            <LongitudeDegrees>73.79025268554688</LongitudeDegrees>
                        </Position>
                        <AltitudeMeters>493.3844909667969</AltitudeMeters>
                        <Position>
                            <LatitudeDegrees>18.597076416015625</LatitudeDegrees>
                            <LongitudeDegrees>73.79025268554688</LongitudeDegrees>
                        </Position>
                        <AltitudeMeters>493.3844909667969</AltitudeMeters>
                    </Trackpoint>
                    <Trackpoint>
                        <DistanceMeters>168.6364393234253</DistanceMeters>
                        <Time>2021-05-19T11:58:38.633Z</Time>
                        <Position>
                            <LatitudeDegrees>18.59705924987793</LatitudeDegrees>
                            <LongitudeDegrees>73.79025268554688</LongitudeDegrees>
                        </Position>
                        <AltitudeMeters>493.3844909667969</AltitudeMeters>
                    </Trackpoint>
                    <Trackpoint>
                        <DistanceMeters>168.6364393234253</DistanceMeters>
                        <Time>2021-05-19T11:58:39.110Z</Time>
                        <Position>
                            <LatitudeDegrees>18.597047805786133</LatitudeDegrees>
                            <LongitudeDegrees>73.79025268554688</LongitudeDegrees>
                        </Position>
                        <AltitudeMeters>493.3844909667969</AltitudeMeters>
                    </Trackpoint>
                    <Trackpoint>
                        <DistanceMeters>168.6364393234253</DistanceMeters>
                        <Time>2021-05-19T11:58:39.788Z</Time>
                        <Position>
                            <LatitudeDegrees>18.597030639648438</LatitudeDegrees>
                            <LongitudeDegrees>73.79025268554688</LongitudeDegrees>
                        </Position>
                        <AltitudeMeters>493.40264892578125</AltitudeMeters>
                    </Trackpoint>
                    <Trackpoint>
                        <DistanceMeters>168.6364393234253</DistanceMeters>
                        <Time>2021-05-19T11:58:40.332Z</Time>
                        <Position>
                            <LatitudeDegrees>18.597021102905273</LatitudeDegrees>
                            <LongitudeDegrees>73.79025268554688</LongitudeDegrees>
                        </Position>
                        <AltitudeMeters>493.38232421875</AltitudeMeters>
                    </Trackpoint>
                    <Trackpoint>
                        <DistanceMeters>168.6364393234253</DistanceMeters>
                        <Time>2021-05-19T11:58:40.911Z</Time>
                        <Position>
                            <LatitudeDegrees>18.59700584411621</LatitudeDegrees>
                            <LongitudeDegrees>73.79025268554688</LongitudeDegrees>
                        </Position>
                        <AltitudeMeters>493.38232421875</AltitudeMeters>
                    </Trackpoint>
                    <Trackpoint>
                        <DistanceMeters>168.6364393234253</DistanceMeters>
                        <Time>2021-05-19T11:58:41.335Z</Time>
                        <Position>
                            <LatitudeDegrees>18.596988677978516</LatitudeDegrees>
                            <LongitudeDegrees>73.79025268554688</LongitudeDegrees>
                        </Position>
                        <AltitudeMeters>493.3932800292969</AltitudeMeters>
                    </Trackpoint>
                    <Trackpoint>
                        <DistanceMeters>168.6364393234253</DistanceMeters>
                        <Time>2021-05-19T11:58:41.998Z</Time>
                        <Position>
                            <LatitudeDegrees>18.59696388244629</LatitudeDegrees>
                            <LongitudeDegrees>73.79025268554688</LongitudeDegrees>
                        </Position>
                        <AltitudeMeters>493.3932800292969</AltitudeMeters>
                    </Trackpoint>
                    <Trackpoint>
                        <DistanceMeters>168.6364393234253</DistanceMeters>
                        <Time>2021-05-19T11:58:42.555Z</Time>
                        <Position>
                            <LatitudeDegrees>18.596948623657227</LatitudeDegrees>
                            <LongitudeDegrees>73.79025268554688</LongitudeDegrees>
                        </Position>
                        <AltitudeMeters>493.4123229980469</AltitudeMeters>
                    </Trackpoint>
                    <Trackpoint>
                        <DistanceMeters>168.6364393234253</DistanceMeters>
                        <Time>2021-05-19T11:58:43.707Z</Time>
                        <Position>
                            <LatitudeDegrees>18.596933364868164</LatitudeDegrees>
                            <LongitudeDegrees>73.79023742675781</LongitudeDegrees>
                        </Position>
                        <AltitudeMeters>493.39227294921875</AltitudeMeters>
                    </Trackpoint>
                    <Trackpoint>
                        <DistanceMeters>168.6364393234253</DistanceMeters>
                        <Time>2021-05-19T11:58:44.932Z</Time>
                        <Position>
                            <LatitudeDegrees>18.596923828125</LatitudeDegrees>
                            <LongitudeDegrees>73.79021453857422</LongitudeDegrees>
                        </Position>
                        <AltitudeMeters>493.3997802734375</AltitudeMeters>
                    </Trackpoint>
                    <Trackpoint>
                        <DistanceMeters>168.6364393234253</DistanceMeters>
                        <Time>2021-05-19T11:58:45.527Z</Time>
                        <Position>
                            <LatitudeDegrees>18.596920013427734</LatitudeDegrees>
                            <LongitudeDegrees>73.79020690917969</LongitudeDegrees>
                        </Position>
                        <AltitudeMeters>493.35321044921875</AltitudeMeters>
                    </Trackpoint>
                    <Trackpoint>
                        <DistanceMeters>168.6364393234253</DistanceMeters>
                        <Time>2021-05-19T11:58:46.035Z</Time>
                        <Position>
                            <LatitudeDegrees>18.596904754638672</LatitudeDegrees>
                            <LongitudeDegrees>73.79019165039062</LongitudeDegrees>
                        </Position>
                        <AltitudeMeters>493.29315185546875</AltitudeMeters>
                    </Trackpoint>
                    <Trackpoint>
                        <DistanceMeters>168.6364393234253</DistanceMeters>
                        <Time>2021-05-19T11:58:47.209Z</Time>
                        <Position>
                            <LatitudeDegrees>18.596900939941406</LatitudeDegrees>
                            <LongitudeDegrees>73.79017639160156</LongitudeDegrees>
                        </Position>
                        <AltitudeMeters>493.29736328125</AltitudeMeters>
                    </Trackpoint>
                    <Trackpoint>
                        <DistanceMeters>168.6364393234253</DistanceMeters>
                        <Time>2021-05-19T11:58:48.337Z</Time>
                        <Position>
                            <LatitudeDegrees>18.59689712524414</LatitudeDegrees>
                            <LongitudeDegrees>73.79016876220703</LongitudeDegrees>
                        </Position>
                        <AltitudeMeters>493.1893310546875</AltitudeMeters>
                    </Trackpoint>
                    <Trackpoint>
                        <DistanceMeters>168.6364393234253</DistanceMeters>
                        <Time>2021-05-19T11:58:49.339Z</Time>
                        <Position>
                            <LatitudeDegrees>18.596893310546875</LatitudeDegrees>
                            <LongitudeDegrees>73.7901611328125</LongitudeDegrees>
                        </Position>
                        <AltitudeMeters>493.2148742675781</AltitudeMeters>
                    </Trackpoint>
                    <Trackpoint>
                        <DistanceMeters>168.6364393234253</DistanceMeters>
                        <Time>2021-05-19T11:58:50.345Z</Time>
                        <Position>
                            <LatitudeDegrees>18.596891403198242</LatitudeDegrees>
                            <LongitudeDegrees>73.79014587402344</LongitudeDegrees>
                        </Position>
                        <AltitudeMeters>493.181884765625</AltitudeMeters>
                    </Trackpoint>
                    <Trackpoint>
                        <DistanceMeters>168.6364393234253</DistanceMeters>
                        <Time>2021-05-19T11:58:51.341Z</Time>
                        <Position>
                            <LatitudeDegrees>18.596885681152344</LatitudeDegrees>
                            <LongitudeDegrees>73.79012298583984</LongitudeDegrees>
                        </Position>
                        <AltitudeMeters>493.2784423828125</AltitudeMeters>
                    </Trackpoint>
                    <Trackpoint>
                        <DistanceMeters>168.6364393234253</DistanceMeters>
                        <Time>2021-05-19T11:58:52.338Z</Time>
                        <Position>
                            <LatitudeDegrees>18.596879959106445</LatitudeDegrees>
                            <LongitudeDegrees>73.79011535644531</LongitudeDegrees>
                        </Position>
                        <AltitudeMeters>493.294189453125</AltitudeMeters>
                    </Trackpoint>
                    <Trackpoint>
                        <DistanceMeters>168.6364393234253</DistanceMeters>
                        <Time>2021-05-19T11:58:53.343Z</Time>
                        <Position>
                            <LatitudeDegrees>18.596874237060547</LatitudeDegrees>
                            <LongitudeDegrees>73.79010772705078</LongitudeDegrees>
                        </Position>
                        <AltitudeMeters>493.3360900878906</AltitudeMeters>
                    </Trackpoint>
                    <Trackpoint>
                        <DistanceMeters>168.6364393234253</DistanceMeters>
                        <Time>2021-05-19T11:58:54.213Z</Time>
                        <Position>
                            <LatitudeDegrees>18.59687042236328</LatitudeDegrees>
                            <LongitudeDegrees>73.79010009765625</LongitudeDegrees>
                        </Position>
                        <AltitudeMeters>493.3360900878906</AltitudeMeters>
                    </Trackpoint>
                    <Trackpoint>
                        <DistanceMeters>168.6364393234253</DistanceMeters>
                        <Time>2021-05-19T11:58:55.338Z</Time>
                        <Position>
                            <LatitudeDegrees>18.59686279296875</LatitudeDegrees>
                            <LongitudeDegrees>73.79009246826172</LongitudeDegrees>
                        </Position>
                        <AltitudeMeters>493.37139892578125</AltitudeMeters>
                    </Trackpoint>
                    <Trackpoint>
                        <DistanceMeters>168.6364393234253</DistanceMeters>
                        <Time>2021-05-19T11:58:56.343Z</Time>
                        <Position>
                            <LatitudeDegrees>18.596851348876953</LatitudeDegrees>
                            <LongitudeDegrees>73.79008483886719</LongitudeDegrees>
                        </Position>
                        <AltitudeMeters>493.4280090332031</AltitudeMeters>
                    </Trackpoint>
                    <Trackpoint>
                        <DistanceMeters>168.6364393234253</DistanceMeters>
                        <Time>2021-05-19T11:58:58.190Z</Time>
                        <Position>
                            <LatitudeDegrees>18.596843719482422</LatitudeDegrees>
                            <LongitudeDegrees>73.79006958007812</LongitudeDegrees>
                        </Position>
                        <AltitudeMeters>493.391357421875</AltitudeMeters>
                    </Trackpoint>
                    <Trackpoint>
                        <DistanceMeters>168.6364393234253</DistanceMeters>
                        <Time>2021-05-19T11:58:59.345Z</Time>
                        <Position>
                            <LatitudeDegrees>18.596834182739258</LatitudeDegrees>
                            <LongitudeDegrees>73.7900619506836</LongitudeDegrees>
                        </Position>
                        <AltitudeMeters>493.4192199707031</AltitudeMeters>
                    </Trackpoint>
                    <Trackpoint>
                        <DistanceMeters>172.74245071411133</DistanceMeters>
                        <Time>2021-05-19T11:59:00.338Z</Time>
                        <Position>
                            <LatitudeDegrees>18.596824645996094</LatitudeDegrees>
                            <LongitudeDegrees>73.79005432128906</LongitudeDegrees>
                        </Position>
                        <AltitudeMeters>493.4150085449219</AltitudeMeters>
                    </Trackpoint>
                    <Trackpoint>
                        <DistanceMeters>172.74245071411133</DistanceMeters>
                        <Time>2021-05-19T11:59:02.328Z</Time>
                        <Position>
                            <LatitudeDegrees>18.596813201904297</LatitudeDegrees>
                            <LongitudeDegrees>73.79005432128906</LongitudeDegrees>
                        </Position>
                        <AltitudeMeters>493.38665771484375</AltitudeMeters>
                    </Trackpoint>
                    <Trackpoint>
                        <DistanceMeters>172.74245071411133</DistanceMeters>
                        <Time>2021-05-19T11:59:05.340Z</Time>
                        <Position>
                            <LatitudeDegrees>18.5968017578125</LatitudeDegrees>
                            <LongitudeDegrees>73.7900619506836</LongitudeDegrees>
                        </Position>
                        <AltitudeMeters>493.3898010253906</AltitudeMeters>
                    </Trackpoint>
                    <Trackpoint>
                        <DistanceMeters>177.0698504447937</DistanceMeters>
                        <Time>2021-05-19T11:59:10.699Z</Time>
                    </Trackpoint>
                </Track>
                <DistanceMeters>177.0698504447937</DistanceMeters>
                <TotalTimeSeconds>336.81</TotalTimeSeconds>
                <Calories>25.953079223632812</Calories>
                <Intensity>Active</Intensity>
                <TriggerMethod>Manual</TriggerMethod>
            </Lap>
        </Activity>
    </Activities>
    <Author xsi:type="Application_t">
        <Name>Google Fit</Name>
        <Build>
            <Version>
                <VersionMajor>0</VersionMajor>
                <VersionMinor>0</VersionMinor>
                <BuildMajor>0</BuildMajor>
                <BuildMinor>0</BuildMinor>
            </Version>
        </Build>
        <LangID>en</LangID>
        <PartNumber>000-00000-00</PartNumber>
    </Author>
</TrainingCenterDatabase>
