<?xml version="1.0" encoding="UTF-8"?>
<TrainingCenterDatabase
    xmlns="http://www.garmin.com/xmlschemas/TrainingCenterDatabase/v2"
    xmlns:ns2="http://www.garmin.com/xmlschemas/UserProfile/v2"
    xmlns:ns3="http://www.garmin.com/xmlschemas/ActivityExtension/v2"
    xmlns:ns4="http://www.garmin.com/xmlschemas/ProfileExtension/v1"
    xmlns:ns5="http://www.garmin.com/xmlschemas/ActivityGoals/v1"
    xmlns:xsi="http://www.w3.org/2001/XMLSchema-instance" xsi:schemaLocation="http://www.garmin.com/xmlschemas/TrainingCenterDatabase/v2 http://www.garmin.com/xmlschemas/TrainingCenterDatabasev2.xsd">
    <Activities>
        <Activity Sport="Walking">
            <Id>2021-02-24T14:44:00.000Z</Id>
            <Lap StartTime="2021-02-24T14:44:00.000Z">
                <Track>
                    <Trackpoint>
                        <DistanceMeters>0.0</DistanceMeters>
                        <Time>2021-02-24T14:44:00.000Z</Time>
                    </Trackpoint>
                    <Trackpoint>
                        <DistanceMeters>0.0</DistanceMeters>
                        <Time>2021-02-24T14:45:00.000Z</Time>
                    </Trackpoint>
                </Track>
                <DistanceMeters>0.0</DistanceMeters>
                <TotalTimeSeconds>60.0</TotalTimeSeconds>
                <Calories>5.636666774749756</Calories>
                <Intensity>Active</Intensity>
                <TriggerMethod>Manual</TriggerMethod>
            </Lap>
        </Activity>
        <Activity Sport="Walking">
            <Id>2021-02-24T14:46:00.000Z</Id>
            <Lap StartTime="2021-02-24T14:46:00.000Z">
                <Track>
                    <Trackpoint>
                        <DistanceMeters>0.0</DistanceMeters>
                        <Time>2021-02-24T14:46:00.000Z</Time>
                    </Trackpoint>
                    <Trackpoint>
                        <DistanceMeters>42.0</DistanceMeters>
                        <Time>2021-02-24T14:47:00.000Z</Time>
                    </Trackpoint>
                </Track>
                <DistanceMeters>42.0</DistanceMeters>
                <TotalTimeSeconds>60.0</TotalTimeSeconds>
                <Calories>5.636666774749756</Calories>
                <Intensity>Active</Intensity>
                <TriggerMethod>Manual</TriggerMethod>
            </Lap>
        </Activity>
        <Activity Sport="Walking">
            <Id>2021-02-24T14:47:00.000Z</Id>
            <Lap StartTime="2021-02-24T14:47:00.000Z">
                <Track>
                    <Trackpoint>
                        <DistanceMeters>0.0</DistanceMeters>
                        <Time>2021-02-24T14:47:00.000Z</Time>
                    </Trackpoint>
                    <Trackpoint>
                        <DistanceMeters>0.0</DistanceMeters>
                        <Time>2021-02-24T14:48:00.000Z</Time>
                    </Trackpoint>
                </Track>
                <DistanceMeters>0.0</DistanceMeters>
                <TotalTimeSeconds>60.0</TotalTimeSeconds>
                <Calories>5.636666774749756</Calories>
                <Intensity>Active</Intensity>
                <TriggerMethod>Manual</TriggerMethod>
            </Lap>
        </Activity>
        <Activity Sport="Walking">
            <Id>2021-02-24T14:54:00.000Z</Id>
            <Lap StartTime="2021-02-24T14:54:00.000Z">
                <Track>
                    <Trackpoint>
                        <DistanceMeters>0.0</DistanceMeters>
                        <Time>2021-02-24T14:54:00.000Z</Time>
                    </Trackpoint>
                    <Trackpoint>
                        <DistanceMeters>6.0</DistanceMeters>
                        <Time>2021-02-24T14:55:00.000Z</Time>
                    </Trackpoint>
                </Track>
                <DistanceMeters>6.0</DistanceMeters>
                <TotalTimeSeconds>60.0</TotalTimeSeconds>
                <Calories>5.636666774749756</Calories>
                <Intensity>Active</Intensity>
                <TriggerMethod>Manual</TriggerMethod>
            </Lap>
        </Activity>
        <Activity Sport="Walking">
            <Id>2021-02-24T14:55:00.000Z</Id>
            <Lap StartTime="2021-02-24T14:55:00.000Z">
                <Track>
                    <Trackpoint>
                        <DistanceMeters>0.0</DistanceMeters>
                        <Time>2021-02-24T14:55:00.000Z</Time>
                    </Trackpoint>
                    <Trackpoint>
                        <DistanceMeters>38.0</DistanceMeters>
                        <Time>2021-02-24T14:56:00.000Z</Time>
                    </Trackpoint>
                </Track>
                <DistanceMeters>38.0</DistanceMeters>
                <TotalTimeSeconds>60.0</TotalTimeSeconds>
                <Calories>5.636666774749756</Calories>
                <Intensity>Active</Intensity>
                <TriggerMethod>Manual</TriggerMethod>
            </Lap>
        </Activity>
        <Activity Sport="Walking">
            <Id>2021-02-24T14:56:00.000Z</Id>
            <Lap StartTime="2021-02-24T14:56:00.000Z">
                <Track>
                    <Trackpoint>
                        <DistanceMeters>0.0</DistanceMeters>
                        <Time>2021-02-24T14:56:00.000Z</Time>
                    </Trackpoint>
                    <Trackpoint>
                        <DistanceMeters>44.0</DistanceMeters>
                        <Time>2021-02-24T14:57:00.000Z</Time>
                    </Trackpoint>
                </Track>
                <DistanceMeters>44.0</DistanceMeters>
                <TotalTimeSeconds>60.0</TotalTimeSeconds>
                <Calories>5.636666774749756</Calories>
                <Intensity>Active</Intensity>
                <TriggerMethod>Manual</TriggerMethod>
            </Lap>
        </Activity>
        <Activity Sport="Walking">
            <Id>2021-02-24T14:57:00.000Z</Id>
            <Lap StartTime="2021-02-24T14:57:00.000Z">
                <Track>
                    <Trackpoint>
                        <DistanceMeters>0.0</DistanceMeters>
                        <Time>2021-02-24T14:57:00.000Z</Time>
                    </Trackpoint>
                    <Trackpoint>
                        <DistanceMeters>77.0</DistanceMeters>
                        <Time>2021-02-24T14:57:30.144Z</Time>
                        <Position>
                            <LatitudeDegrees>18.591793060302734</LatitudeDegrees>
                            <LongitudeDegrees>73.79588317871094</LongitudeDegrees>
                        </Position>
                        <AltitudeMeters>472.9599914550781</AltitudeMeters>
                    </Trackpoint>
                    <Trackpoint>
                        <DistanceMeters>77.0</DistanceMeters>
                        <Time>2021-02-24T14:57:33.978Z</Time>
                        <Position>
                            <LatitudeDegrees>18.59191131591797</LatitudeDegrees>
                            <LongitudeDegrees>73.79589080810547</LongitudeDegrees>
                        </Position>
                        <AltitudeMeters>493.98553466796875</AltitudeMeters>
                    </Trackpoint>
                    <Trackpoint>
                        <DistanceMeters>77.0</DistanceMeters>
                        <Time>2021-02-24T14:58:00.000Z</Time>
                    </Trackpoint>
                </Track>
                <DistanceMeters>77.0</DistanceMeters>
                <TotalTimeSeconds>60.0</TotalTimeSeconds>
                <Calories>5.636666774749756</Calories>
                <Intensity>Active</Intensity>
                <TriggerMethod>Manual</TriggerMethod>
            </Lap>
        </Activity>
        <Activity Sport="Walking">
            <Id>2021-02-24T14:58:00.000Z</Id>
            <Lap StartTime="2021-02-24T14:58:00.000Z">
                <Track>
                    <Trackpoint>
                        <DistanceMeters>0.0</DistanceMeters>
                        <Time>2021-02-24T14:58:00.000Z</Time>
                    </Trackpoint>
                    <Trackpoint>
                        <DistanceMeters>78.0</DistanceMeters>
                        <Time>2021-02-24T14:59:00.000Z</Time>
                    </Trackpoint>
                </Track>
                <DistanceMeters>78.0</DistanceMeters>
                <TotalTimeSeconds>60.0</TotalTimeSeconds>
                <Calories>5.636666774749756</Calories>
                <Intensity>Active</Intensity>
                <TriggerMethod>Manual</TriggerMethod>
            </Lap>
        </Activity>
        <Activity Sport="Walking">
            <Id>2021-02-24T14:59:00.000Z</Id>
            <Lap StartTime="2021-02-24T14:59:00.000Z">
                <Track>
                    <Trackpoint>
                        <DistanceMeters>0.0</DistanceMeters>
                        <Time>2021-02-24T14:59:00.000Z</Time>
                    </Trackpoint>
                    <Trackpoint>
                        <DistanceMeters>77.0</DistanceMeters>
                        <Time>2021-02-24T14:59:34.490Z</Time>
                        <Position>
                            <LatitudeDegrees>18.592147827148438</LatitudeDegrees>
                            <LongitudeDegrees>73.79647827148438</LongitudeDegrees>
                        </Position>
                        <AltitudeMeters>493.1600036621094</AltitudeMeters>
                    </Trackpoint>
                    <Trackpoint>
                        <DistanceMeters>77.0</DistanceMeters>
                        <Time>2021-02-24T15:00:00.000Z</Time>
                    </Trackpoint>
                </Track>
                <DistanceMeters>77.0</DistanceMeters>
                <TotalTimeSeconds>60.0</TotalTimeSeconds>
                <Calories>5.636666774749756</Calories>
                <Intensity>Active</Intensity>
                <TriggerMethod>Manual</TriggerMethod>
            </Lap>
        </Activity>
        <Activity Sport="Walking">
            <Id>2021-02-24T15:00:00.000Z</Id>
            <Lap StartTime="2021-02-24T15:00:00.000Z">
                <Track>
                    <Trackpoint>
                        <DistanceMeters>0.0</DistanceMeters>
                        <Time>2021-02-24T15:00:00.000Z</Time>
                    </Trackpoint>
                    <Trackpoint>
                        <DistanceMeters>82.0</DistanceMeters>
                        <Time>2021-02-24T15:01:00.000Z</Time>
                    </Trackpoint>
                </Track>
                <DistanceMeters>82.0</DistanceMeters>
                <TotalTimeSeconds>60.0</TotalTimeSeconds>
                <Calories>5.636666774749756</Calories>
                <Intensity>Active</Intensity>
                <TriggerMethod>Manual</TriggerMethod>
            </Lap>
        </Activity>
        <Activity Sport="Walking">
            <Id>2021-02-24T15:01:00.000Z</Id>
            <Lap StartTime="2021-02-24T15:01:00.000Z">
                <Track>
                    <Trackpoint>
                        <DistanceMeters>0.0</DistanceMeters>
                        <Time>2021-02-24T15:01:00.000Z</Time>
                    </Trackpoint>
                    <Trackpoint>
                        <DistanceMeters>82.0</DistanceMeters>
                        <Time>2021-02-24T15:01:38.756Z</Time>
                        <Position>
                            <LatitudeDegrees>18.591028213500977</LatitudeDegrees>
                            <LongitudeDegrees>73.79609680175781</LongitudeDegrees>
                        </Position>
                        <AltitudeMeters>497.760009765625</AltitudeMeters>
                    </Trackpoint>
                    <Trackpoint>
                        <DistanceMeters>82.0</DistanceMeters>
                        <Time>2021-02-24T15:02:00.000Z</Time>
                    </Trackpoint>
                </Track>
                <DistanceMeters>82.0</DistanceMeters>
                <TotalTimeSeconds>60.0</TotalTimeSeconds>
                <Calories>5.636666774749756</Calories>
                <Intensity>Active</Intensity>
                <TriggerMethod>Manual</TriggerMethod>
            </Lap>
        </Activity>
        <Activity Sport="Walking">
            <Id>2021-02-24T15:02:00.000Z</Id>
            <Lap StartTime="2021-02-24T15:02:00.000Z">
                <Track>
                    <Trackpoint>
                        <DistanceMeters>0.0</DistanceMeters>
                        <Time>2021-02-24T15:02:00.000Z</Time>
                    </Trackpoint>
                    <Trackpoint>
                        <DistanceMeters>84.0</DistanceMeters>
                        <Time>2021-02-24T15:03:00.000Z</Time>
                    </Trackpoint>
                </Track>
                <DistanceMeters>84.0</DistanceMeters>
                <TotalTimeSeconds>60.0</TotalTimeSeconds>
                <Calories>5.636666774749756</Calories>
                <Intensity>Active</Intensity>
                <TriggerMethod>Manual</TriggerMethod>
            </Lap>
        </Activity>
        <Activity Sport="Walking">
            <Id>2021-02-24T15:03:00.000Z</Id>
            <Lap StartTime="2021-02-24T15:03:00.000Z">
                <Track>
                    <Trackpoint>
                        <DistanceMeters>0.0</DistanceMeters>
                        <Time>2021-02-24T15:03:00.000Z</Time>
                    </Trackpoint>
                    <Trackpoint>
                        <DistanceMeters>83.0</DistanceMeters>
                        <Time>2021-02-24T15:03:39.901Z</Time>
                        <Position>
                            <LatitudeDegrees>18.591907501220703</LatitudeDegrees>
                            <LongitudeDegrees>73.79590606689453</LongitudeDegrees>
                        </Position>
                        <AltitudeMeters>460.6600036621094</AltitudeMeters>
                    </Trackpoint>
                    <Trackpoint>
                        <DistanceMeters>83.0</DistanceMeters>
                        <Time>2021-02-24T15:04:00.000Z</Time>
                    </Trackpoint>
                </Track>
                <DistanceMeters>83.0</DistanceMeters>
                <TotalTimeSeconds>60.0</TotalTimeSeconds>
                <Calories>5.636666774749756</Calories>
                <Intensity>Active</Intensity>
                <TriggerMethod>Manual</TriggerMethod>
            </Lap>
        </Activity>
        <Activity Sport="Walking">
            <Id>2021-02-24T15:04:00.000Z</Id>
            <Lap StartTime="2021-02-24T15:04:00.000Z">
                <Track>
                    <Trackpoint>
                        <DistanceMeters>0.0</DistanceMeters>
                        <Time>2021-02-24T15:04:00.000Z</Time>
                    </Trackpoint>
                    <Trackpoint>
                        <DistanceMeters>82.0</DistanceMeters>
                        <Time>2021-02-24T15:05:00.000Z</Time>
                    </Trackpoint>
                </Track>
                <DistanceMeters>82.0</DistanceMeters>
                <TotalTimeSeconds>60.0</TotalTimeSeconds>
                <Calories>5.636666774749756</Calories>
                <Intensity>Active</Intensity>
                <TriggerMethod>Manual</TriggerMethod>
            </Lap>
        </Activity>
        <Activity Sport="Walking">
            <Id>2021-02-24T15:05:00.000Z</Id>
            <Lap StartTime="2021-02-24T15:05:00.000Z">
                <Track>
                    <Trackpoint>
                        <DistanceMeters>0.0</DistanceMeters>
                        <Time>2021-02-24T15:05:00.000Z</Time>
                    </Trackpoint>
                    <Trackpoint>
                        <DistanceMeters>84.0</DistanceMeters>
                        <Time>2021-02-24T15:05:40.831Z</Time>
                        <Position>
                            <LatitudeDegrees>18.592079162597656</LatitudeDegrees>
                            <LongitudeDegrees>73.7965087890625</LongitudeDegrees>
                        </Position>
                        <AltitudeMeters>491.4599914550781</AltitudeMeters>
                    </Trackpoint>
                    <Trackpoint>
                        <DistanceMeters>84.0</DistanceMeters>
                        <Time>2021-02-24T15:06:00.000Z</Time>
                    </Trackpoint>
                </Track>
                <DistanceMeters>84.0</DistanceMeters>
                <TotalTimeSeconds>60.0</TotalTimeSeconds>
                <Calories>5.636666774749756</Calories>
                <Intensity>Active</Intensity>
                <TriggerMethod>Manual</TriggerMethod>
            </Lap>
        </Activity>
        <Activity Sport="Walking">
            <Id>2021-02-24T15:06:00.000Z</Id>
            <Lap StartTime="2021-02-24T15:06:00.000Z">
                <Track>
                    <Trackpoint>
                        <DistanceMeters>0.0</DistanceMeters>
                        <Time>2021-02-24T15:06:00.000Z</Time>
                    </Trackpoint>
                    <Trackpoint>
                        <DistanceMeters>85.0</DistanceMeters>
                        <Time>2021-02-24T15:07:00.000Z</Time>
                    </Trackpoint>
                </Track>
                <DistanceMeters>85.0</DistanceMeters>
                <TotalTimeSeconds>60.0</TotalTimeSeconds>
                <Calories>5.636666774749756</Calories>
                <Intensity>Active</Intensity>
                <TriggerMethod>Manual</TriggerMethod>
            </Lap>
        </Activity>
        <Activity Sport="Walking">
            <Id>2021-02-24T15:07:00.000Z</Id>
            <Lap StartTime="2021-02-24T15:07:00.000Z">
                <Track>
                    <Trackpoint>
                        <DistanceMeters>0.0</DistanceMeters>
                        <Time>2021-02-24T15:07:00.000Z</Time>
                    </Trackpoint>
                    <Trackpoint>
                        <DistanceMeters>85.0</DistanceMeters>
                        <Time>2021-02-24T15:07:41.904Z</Time>
                        <Position>
                            <LatitudeDegrees>18.590965270996094</LatitudeDegrees>
                            <LongitudeDegrees>73.79619598388672</LongitudeDegrees>
                        </Position>
                        <AltitudeMeters>495.760009765625</AltitudeMeters>
                    </Trackpoint>
                    <Trackpoint>
                        <DistanceMeters>85.0</DistanceMeters>
                        <Time>2021-02-24T15:08:00.000Z</Time>
                    </Trackpoint>
                </Track>
                <DistanceMeters>85.0</DistanceMeters>
                <TotalTimeSeconds>60.0</TotalTimeSeconds>
                <Calories>5.636666774749756</Calories>
                <Intensity>Active</Intensity>
                <TriggerMethod>Manual</TriggerMethod>
            </Lap>
        </Activity>
        <Activity Sport="Walking">
            <Id>2021-02-24T15:08:00.000Z</Id>
            <Lap StartTime="2021-02-24T15:08:00.000Z">
                <Track>
                    <Trackpoint>
                        <DistanceMeters>0.0</DistanceMeters>
                        <Time>2021-02-24T15:08:00.000Z</Time>
                    </Trackpoint>
                    <Trackpoint>
                        <DistanceMeters>83.0</DistanceMeters>
                        <Time>2021-02-24T15:09:00.000Z</Time>
                    </Trackpoint>
                </Track>
                <DistanceMeters>83.0</DistanceMeters>
                <TotalTimeSeconds>60.0</TotalTimeSeconds>
                <Calories>5.636666774749756</Calories>
                <Intensity>Active</Intensity>
                <TriggerMethod>Manual</TriggerMethod>
            </Lap>
        </Activity>
        <Activity Sport="Walking">
            <Id>2021-02-24T15:09:00.000Z</Id>
            <Lap StartTime="2021-02-24T15:09:00.000Z">
                <Track>
                    <Trackpoint>
                        <DistanceMeters>0.0</DistanceMeters>
                        <Time>2021-02-24T15:09:00.000Z</Time>
                    </Trackpoint>
                    <Trackpoint>
                        <DistanceMeters>87.0</DistanceMeters>
                        <Time>2021-02-24T15:09:49.894Z</Time>
                        <Position>
                            <LatitudeDegrees>18.59174156188965</LatitudeDegrees>
                            <LongitudeDegrees>73.79582214355469</LongitudeDegrees>
                        </Position>
                        <AltitudeMeters>460.6600036621094</AltitudeMeters>
                    </Trackpoint>
                    <Trackpoint>
                        <DistanceMeters>87.0</DistanceMeters>
                        <Time>2021-02-24T15:10:00.000Z</Time>
                    </Trackpoint>
                </Track>
                <DistanceMeters>87.0</DistanceMeters>
                <TotalTimeSeconds>60.0</TotalTimeSeconds>
                <Calories>5.636666774749756</Calories>
                <Intensity>Active</Intensity>
                <TriggerMethod>Manual</TriggerMethod>
            </Lap>
        </Activity>
        <Activity Sport="Walking">
            <Id>2021-02-24T15:10:00.000Z</Id>
            <Lap StartTime="2021-02-24T15:10:00.000Z">
                <Track>
                    <Trackpoint>
                        <DistanceMeters>0.0</DistanceMeters>
                        <Time>2021-02-24T15:10:00.000Z</Time>
                    </Trackpoint>
                    <Trackpoint>
                        <DistanceMeters>82.0</DistanceMeters>
                        <Time>2021-02-24T15:11:00.000Z</Time>
                    </Trackpoint>
                </Track>
                <DistanceMeters>82.0</DistanceMeters>
                <TotalTimeSeconds>60.0</TotalTimeSeconds>
                <Calories>5.636666774749756</Calories>
                <Intensity>Active</Intensity>
                <TriggerMethod>Manual</TriggerMethod>
            </Lap>
        </Activity>
        <Activity Sport="Walking">
            <Id>2021-02-24T15:11:00.000Z</Id>
            <Lap StartTime="2021-02-24T15:11:00.000Z">
                <Track>
                    <Trackpoint>
                        <DistanceMeters>0.0</DistanceMeters>
                        <Time>2021-02-24T15:11:00.000Z</Time>
                    </Trackpoint>
                    <Trackpoint>
                        <DistanceMeters>81.0</DistanceMeters>
                        <Time>2021-02-24T15:11:50.981Z</Time>
                        <Position>
                            <LatitudeDegrees>18.591983795166016</LatitudeDegrees>
                            <LongitudeDegrees>73.79641723632812</LongitudeDegrees>
                        </Position>
                        <AltitudeMeters>471.55999755859375</AltitudeMeters>
                    </Trackpoint>
                    <Trackpoint>
                        <DistanceMeters>81.0</DistanceMeters>
                        <Time>2021-02-24T15:12:00.000Z</Time>
                    </Trackpoint>
                </Track>
                <DistanceMeters>81.0</DistanceMeters>
                <TotalTimeSeconds>60.0</TotalTimeSeconds>
                <Calories>5.636666774749756</Calories>
                <Intensity>Active</Intensity>
                <TriggerMethod>Manual</TriggerMethod>
            </Lap>
        </Activity>
        <Activity Sport="Walking">
            <Id>2021-02-24T15:12:00.000Z</Id>
            <Lap StartTime="2021-02-24T15:12:00.000Z">
                <Track>
                    <Trackpoint>
                        <DistanceMeters>0.0</DistanceMeters>
                        <Time>2021-02-24T15:12:00.000Z</Time>
                    </Trackpoint>
                    <Trackpoint>
                        <DistanceMeters>78.0</DistanceMeters>
                        <Time>2021-02-24T15:13:00.000Z</Time>
                    </Trackpoint>
                </Track>
                <DistanceMeters>78.0</DistanceMeters>
                <TotalTimeSeconds>60.0</TotalTimeSeconds>
                <Calories>5.636666774749756</Calories>
                <Intensity>Active</Intensity>
                <TriggerMethod>Manual</TriggerMethod>
            </Lap>
        </Activity>
        <Activity Sport="Walking">
            <Id>2021-02-24T15:13:00.000Z</Id>
            <Lap StartTime="2021-02-24T15:13:00.000Z">
                <Track>
                    <Trackpoint>
                        <DistanceMeters>0.0</DistanceMeters>
                        <Time>2021-02-24T15:13:00.000Z</Time>
                    </Trackpoint>
                    <Trackpoint>
                        <DistanceMeters>82.0</DistanceMeters>
                        <Time>2021-02-24T15:13:51.918Z</Time>
                        <Position>
                            <LatitudeDegrees>18.592546463012695</LatitudeDegrees>
                            <LongitudeDegrees>73.79759216308594</LongitudeDegrees>
                        </Position>
                        <AltitudeMeters>471.55999755859375</AltitudeMeters>
                    </Trackpoint>
                    <Trackpoint>
                        <DistanceMeters>82.0</DistanceMeters>
                        <Time>2021-02-24T15:14:00.000Z</Time>
                    </Trackpoint>
                </Track>
                <DistanceMeters>82.0</DistanceMeters>
                <TotalTimeSeconds>60.0</TotalTimeSeconds>
                <Calories>5.636666774749756</Calories>
                <Intensity>Active</Intensity>
                <TriggerMethod>Manual</TriggerMethod>
            </Lap>
        </Activity>
        <Activity Sport="Walking">
            <Id>2021-02-24T15:14:00.000Z</Id>
            <Lap StartTime="2021-02-24T15:14:00.000Z">
                <Track>
                    <Trackpoint>
                        <DistanceMeters>0.0</DistanceMeters>
                        <Time>2021-02-24T15:14:00.000Z</Time>
                    </Trackpoint>
                    <Trackpoint>
                        <DistanceMeters>84.0</DistanceMeters>
                        <Time>2021-02-24T15:15:00.000Z</Time>
                    </Trackpoint>
                </Track>
                <DistanceMeters>84.0</DistanceMeters>
                <TotalTimeSeconds>60.0</TotalTimeSeconds>
                <Calories>5.636666774749756</Calories>
                <Intensity>Active</Intensity>
                <TriggerMethod>Manual</TriggerMethod>
            </Lap>
        </Activity>
        <Activity Sport="Walking">
            <Id>2021-02-24T15:15:00.000Z</Id>
            <Lap StartTime="2021-02-24T15:15:00.000Z">
                <Track>
                    <Trackpoint>
                        <DistanceMeters>0.0</DistanceMeters>
                        <Time>2021-02-24T15:15:00.000Z</Time>
                    </Trackpoint>
                    <Trackpoint>
                        <DistanceMeters>83.0</DistanceMeters>
                        <Time>2021-02-24T15:15:52.986Z</Time>
                        <Position>
                            <LatitudeDegrees>18.590999603271484</LatitudeDegrees>
                            <LongitudeDegrees>73.79381561279297</LongitudeDegrees>
                        </Position>
                        <AltitudeMeters>471.55999755859375</AltitudeMeters>
                    </Trackpoint>
                    <Trackpoint>
                        <DistanceMeters>83.0</DistanceMeters>
                        <Time>2021-02-24T15:16:00.000Z</Time>
                    </Trackpoint>
                </Track>
                <DistanceMeters>83.0</DistanceMeters>
                <TotalTimeSeconds>60.0</TotalTimeSeconds>
                <Calories>5.636666774749756</Calories>
                <Intensity>Active</Intensity>
                <TriggerMethod>Manual</TriggerMethod>
            </Lap>
        </Activity>
        <Activity Sport="Walking">
            <Id>2021-02-24T15:16:00.000Z</Id>
            <Lap StartTime="2021-02-24T15:16:00.000Z">
                <Track>
                    <Trackpoint>
                        <DistanceMeters>0.0</DistanceMeters>
                        <Time>2021-02-24T15:16:00.000Z</Time>
                    </Trackpoint>
                    <Trackpoint>
                        <DistanceMeters>83.0</DistanceMeters>
                        <Time>2021-02-24T15:17:00.000Z</Time>
                    </Trackpoint>
                </Track>
                <DistanceMeters>83.0</DistanceMeters>
                <TotalTimeSeconds>60.0</TotalTimeSeconds>
                <Calories>5.636666774749756</Calories>
                <Intensity>Active</Intensity>
                <TriggerMethod>Manual</TriggerMethod>
            </Lap>
        </Activity>
        <Activity Sport="Walking">
            <Id>2021-02-24T15:17:00.000Z</Id>
            <Lap StartTime="2021-02-24T15:17:00.000Z">
                <Track>
                    <Trackpoint>
                        <DistanceMeters>0.0</DistanceMeters>
                        <Time>2021-02-24T15:17:00.000Z</Time>
                    </Trackpoint>
                    <Trackpoint>
                        <DistanceMeters>82.0</DistanceMeters>
                        <Time>2021-02-24T15:17:54.077Z</Time>
                        <Position>
                            <LatitudeDegrees>18.592546463012695</LatitudeDegrees>
                            <LongitudeDegrees>73.79759216308594</LongitudeDegrees>
                        </Position>
                        <AltitudeMeters>471.55999755859375</AltitudeMeters>
                    </Trackpoint>
                    <Trackpoint>
                        <DistanceMeters>82.0</DistanceMeters>
                        <Time>2021-02-24T15:18:00.000Z</Time>
                    </Trackpoint>
                </Track>
                <DistanceMeters>82.0</DistanceMeters>
                <TotalTimeSeconds>60.0</TotalTimeSeconds>
                <Calories>5.636666774749756</Calories>
                <Intensity>Active</Intensity>
                <TriggerMethod>Manual</TriggerMethod>
            </Lap>
        </Activity>
        <Activity Sport="Walking">
            <Id>2021-02-24T15:18:00.000Z</Id>
            <Lap StartTime="2021-02-24T15:18:00.000Z">
                <Track>
                    <Trackpoint>
                        <DistanceMeters>0.0</DistanceMeters>
                        <Time>2021-02-24T15:18:00.000Z</Time>
                    </Trackpoint>
                    <Trackpoint>
                        <DistanceMeters>82.0</DistanceMeters>
                        <Time>2021-02-24T15:19:00.000Z</Time>
                    </Trackpoint>
                </Track>
                <DistanceMeters>82.0</DistanceMeters>
                <TotalTimeSeconds>60.0</TotalTimeSeconds>
                <Calories>5.636666774749756</Calories>
                <Intensity>Active</Intensity>
                <TriggerMethod>Manual</TriggerMethod>
            </Lap>
        </Activity>
        <Activity Sport="Walking">
            <Id>2021-02-24T15:19:00.000Z</Id>
            <Lap StartTime="2021-02-24T15:19:00.000Z">
                <Track>
                    <Trackpoint>
                        <DistanceMeters>0.0</DistanceMeters>
                        <Time>2021-02-24T15:19:00.000Z</Time>
                    </Trackpoint>
                    <Trackpoint>
                        <DistanceMeters>88.0</DistanceMeters>
                        <Time>2021-02-24T15:19:55.226Z</Time>
                        <Position>
                            <LatitudeDegrees>18.592546463012695</LatitudeDegrees>
                            <LongitudeDegrees>73.79759216308594</LongitudeDegrees>
                        </Position>
                        <AltitudeMeters>471.55999755859375</AltitudeMeters>
                    </Trackpoint>
                    <Trackpoint>
                        <DistanceMeters>88.0</DistanceMeters>
                        <Time>2021-02-24T15:20:00.000Z</Time>
                    </Trackpoint>
                </Track>
                <DistanceMeters>88.0</DistanceMeters>
                <TotalTimeSeconds>60.0</TotalTimeSeconds>
                <Calories>5.636666774749756</Calories>
                <Intensity>Active</Intensity>
                <TriggerMethod>Manual</TriggerMethod>
            </Lap>
        </Activity>
        <Activity Sport="Walking">
            <Id>2021-02-24T15:20:00.000Z</Id>
            <Lap StartTime="2021-02-24T15:20:00.000Z">
                <Track>
                    <Trackpoint>
                        <DistanceMeters>0.0</DistanceMeters>
                        <Time>2021-02-24T15:20:00.000Z</Time>
                    </Trackpoint>
                    <Trackpoint>
                        <DistanceMeters>85.0</DistanceMeters>
                        <Time>2021-02-24T15:21:00.000Z</Time>
                    </Trackpoint>
                </Track>
                <DistanceMeters>85.0</DistanceMeters>
                <TotalTimeSeconds>60.0</TotalTimeSeconds>
                <Calories>5.636666774749756</Calories>
                <Intensity>Active</Intensity>
                <TriggerMethod>Manual</TriggerMethod>
            </Lap>
        </Activity>
        <Activity Sport="Walking">
            <Id>2021-02-24T15:21:00.000Z</Id>
            <Lap StartTime="2021-02-24T15:21:00.000Z">
                <Track>
                    <Trackpoint>
                        <DistanceMeters>0.0</DistanceMeters>
                        <Time>2021-02-24T15:21:00.000Z</Time>
                    </Trackpoint>
                    <Trackpoint>
                        <DistanceMeters>82.0</DistanceMeters>
                        <Time>2021-02-24T15:21:56.224Z</Time>
                        <Position>
                            <LatitudeDegrees>18.59172248840332</LatitudeDegrees>
                            <LongitudeDegrees>73.79593658447266</LongitudeDegrees>
                        </Position>
                        <AltitudeMeters>494.1600036621094</AltitudeMeters>
                        <Position>
                            <LatitudeDegrees>18.59172248840332</LatitudeDegrees>
                            <LongitudeDegrees>73.79593658447266</LongitudeDegrees>
                        </Position>
                        <AltitudeMeters>494.1600036621094</AltitudeMeters>
                    </Trackpoint>
                    <Trackpoint>
                        <DistanceMeters>82.0</DistanceMeters>
                        <Time>2021-02-24T15:22:00.000Z</Time>
                    </Trackpoint>
                </Track>
                <DistanceMeters>82.0</DistanceMeters>
                <TotalTimeSeconds>60.0</TotalTimeSeconds>
                <Calories>5.636666774749756</Calories>
                <Intensity>Active</Intensity>
                <TriggerMethod>Manual</TriggerMethod>
            </Lap>
        </Activity>
        <Activity Sport="Walking">
            <Id>2021-02-24T15:22:00.000Z</Id>
            <Lap StartTime="2021-02-24T15:22:00.000Z">
                <Track>
                    <Trackpoint>
                        <DistanceMeters>0.0</DistanceMeters>
                        <Time>2021-02-24T15:22:00.000Z</Time>
                    </Trackpoint>
                    <Trackpoint>
                        <DistanceMeters>84.0</DistanceMeters>
                        <Time>2021-02-24T15:23:00.000Z</Time>
                    </Trackpoint>
                </Track>
                <DistanceMeters>84.0</DistanceMeters>
                <TotalTimeSeconds>60.0</TotalTimeSeconds>
                <Calories>5.636666774749756</Calories>
                <Intensity>Active</Intensity>
                <TriggerMethod>Manual</TriggerMethod>
            </Lap>
        </Activity>
        <Activity Sport="Walking">
            <Id>2021-02-24T15:23:00.000Z</Id>
            <Lap StartTime="2021-02-24T15:23:00.000Z">
                <Track>
                    <Trackpoint>
                        <DistanceMeters>0.0</DistanceMeters>
                        <Time>2021-02-24T15:23:00.000Z</Time>
                    </Trackpoint>
                    <Trackpoint>
                        <DistanceMeters>87.0</DistanceMeters>
                        <Time>2021-02-24T15:24:00.000Z</Time>
                    </Trackpoint>
                </Track>
                <DistanceMeters>87.0</DistanceMeters>
                <TotalTimeSeconds>60.0</TotalTimeSeconds>
                <Calories>5.636666774749756</Calories>
                <Intensity>Active</Intensity>
                <TriggerMethod>Manual</TriggerMethod>
            </Lap>
        </Activity>
        <Activity Sport="Walking">
            <Id>2021-02-24T15:24:00.000Z</Id>
            <Lap StartTime="2021-02-24T15:24:00.000Z">
                <Track>
                    <Trackpoint>
                        <DistanceMeters>0.0</DistanceMeters>
                        <Time>2021-02-24T15:24:00.000Z</Time>
                    </Trackpoint>
                    <Trackpoint>
                        <DistanceMeters>89.0</DistanceMeters>
                        <Time>2021-02-24T15:25:00.000Z</Time>
                    </Trackpoint>
                </Track>
                <DistanceMeters>89.0</DistanceMeters>
                <TotalTimeSeconds>60.0</TotalTimeSeconds>
                <Calories>5.636666774749756</Calories>
                <Intensity>Active</Intensity>
                <TriggerMethod>Manual</TriggerMethod>
            </Lap>
        </Activity>
        <Activity Sport="Walking">
            <Id>2021-02-24T15:25:00.000Z</Id>
            <Lap StartTime="2021-02-24T15:25:00.000Z">
                <Track>
                    <Trackpoint>
                        <DistanceMeters>0.0</DistanceMeters>
                        <Time>2021-02-24T15:25:00.000Z</Time>
                    </Trackpoint>
                    <Trackpoint>
                        <DistanceMeters>85.0</DistanceMeters>
                        <Time>2021-02-24T15:26:00.000Z</Time>
                    </Trackpoint>
                </Track>
                <DistanceMeters>85.0</DistanceMeters>
                <TotalTimeSeconds>60.0</TotalTimeSeconds>
                <Calories>5.636666774749756</Calories>
                <Intensity>Active</Intensity>
                <TriggerMethod>Manual</TriggerMethod>
            </Lap>
        </Activity>
        <Activity Sport="Walking">
            <Id>2021-02-24T15:26:00.000Z</Id>
            <Lap StartTime="2021-02-24T15:26:00.000Z">
                <Track>
                    <Trackpoint>
                        <DistanceMeters>0.0</DistanceMeters>
                        <Time>2021-02-24T15:26:00.000Z</Time>
                    </Trackpoint>
                    <Trackpoint>
                        <DistanceMeters>89.0</DistanceMeters>
                        <Time>2021-02-24T15:27:00.000Z</Time>
                    </Trackpoint>
                </Track>
                <DistanceMeters>89.0</DistanceMeters>
                <TotalTimeSeconds>60.0</TotalTimeSeconds>
                <Calories>5.636666774749756</Calories>
                <Intensity>Active</Intensity>
                <TriggerMethod>Manual</TriggerMethod>
            </Lap>
        </Activity>
        <Activity Sport="Walking">
            <Id>2021-02-24T15:27:00.000Z</Id>
            <Lap StartTime="2021-02-24T15:27:00.000Z">
                <Track>
                    <Trackpoint>
                        <DistanceMeters>0.0</DistanceMeters>
                        <Time>2021-02-24T15:27:00.000Z</Time>
                    </Trackpoint>
                    <Trackpoint>
                        <DistanceMeters>73.0</DistanceMeters>
                        <Time>2021-02-24T15:28:00.000Z</Time>
                    </Trackpoint>
                </Track>
                <DistanceMeters>73.0</DistanceMeters>
                <TotalTimeSeconds>60.0</TotalTimeSeconds>
                <Calories>5.636666774749756</Calories>
                <Intensity>Active</Intensity>
                <TriggerMethod>Manual</TriggerMethod>
            </Lap>
        </Activity>
        <Activity Sport="Walking">
            <Id>2021-02-24T15:28:00.000Z</Id>
            <Lap StartTime="2021-02-24T15:28:00.000Z">
                <Track>
                    <Trackpoint>
                        <DistanceMeters>0.0</DistanceMeters>
                        <Time>2021-02-24T15:28:00.000Z</Time>
                    </Trackpoint>
                    <Trackpoint>
                        <DistanceMeters>79.0</DistanceMeters>
                        <Time>2021-02-24T15:28:39.495Z</Time>
                        <Position>
                            <LatitudeDegrees>18.592023849487305</LatitudeDegrees>
                            <LongitudeDegrees>73.79597473144531</LongitudeDegrees>
                        </Position>
                        <AltitudeMeters>492.8600158691406</AltitudeMeters>
                    </Trackpoint>
                    <Trackpoint>
                        <DistanceMeters>79.0</DistanceMeters>
                        <Time>2021-02-24T15:29:00.000Z</Time>
                    </Trackpoint>
                </Track>
                <DistanceMeters>79.0</DistanceMeters>
                <TotalTimeSeconds>60.0</TotalTimeSeconds>
                <Calories>5.636666774749756</Calories>
                <Intensity>Active</Intensity>
                <TriggerMethod>Manual</TriggerMethod>
            </Lap>
        </Activity>
        <Activity Sport="Walking">
            <Id>2021-02-24T15:29:00.000Z</Id>
            <Lap StartTime="2021-02-24T15:29:00.000Z">
                <Track>
                    <Trackpoint>
                        <DistanceMeters>0.0</DistanceMeters>
                        <Time>2021-02-24T15:29:00.000Z</Time>
                    </Trackpoint>
                    <Trackpoint>
                        <DistanceMeters>82.0</DistanceMeters>
                        <Time>2021-02-24T15:29:00.554Z</Time>
                        <Position>
                            <LatitudeDegrees>18.591768264770508</LatitudeDegrees>
                            <LongitudeDegrees>73.79622650146484</LongitudeDegrees>
                        </Position>
                        <AltitudeMeters>493.6470642089844</AltitudeMeters>
                    </Trackpoint>
                    <Trackpoint>
                        <DistanceMeters>82.0</DistanceMeters>
                        <Time>2021-02-24T15:30:00.000Z</Time>
                    </Trackpoint>
                </Track>
                <DistanceMeters>82.0</DistanceMeters>
                <TotalTimeSeconds>60.0</TotalTimeSeconds>
                <Calories>5.636666774749756</Calories>
                <Intensity>Active</Intensity>
                <TriggerMethod>Manual</TriggerMethod>
            </Lap>
        </Activity>
        <Activity Sport="Walking">
            <Id>2021-02-24T15:30:00.000Z</Id>
            <Lap StartTime="2021-02-24T15:30:00.000Z">
                <Track>
                    <Trackpoint>
                        <DistanceMeters>0.0</DistanceMeters>
                        <Time>2021-02-24T15:30:00.000Z</Time>
                    </Trackpoint>
                    <Trackpoint>
                        <DistanceMeters>28.734966278076172</DistanceMeters>
                        <Time>2021-02-24T15:31:00.000Z</Time>
                    </Trackpoint>
                </Track>
                <DistanceMeters>28.734966278076172</DistanceMeters>
                <TotalTimeSeconds>60.0</TotalTimeSeconds>
                <Calories>5.636666774749756</Calories>
                <Intensity>Active</Intensity>
                <TriggerMethod>Manual</TriggerMethod>
            </Lap>
        </Activity>
        <Activity Sport="Walking">
            <Id>2021-02-24T15:31:00.000Z</Id>
            <Lap StartTime="2021-02-24T15:31:00.000Z">
                <Track>
                    <Trackpoint>
                        <DistanceMeters>0.0</DistanceMeters>
                        <Time>2021-02-24T15:31:00.000Z</Time>
                    </Trackpoint>
                    <Trackpoint>
                        <DistanceMeters>1.4362694025039673</DistanceMeters>
                        <Time>2021-02-24T15:31:02.999Z</Time>
                    </Trackpoint>
                    <Trackpoint>
                        <DistanceMeters>1.4479855671525002</DistanceMeters>
                        <Time>2021-02-24T15:31:03.015Z</Time>
                    </Trackpoint>
                </Track>
                <DistanceMeters>1.4479855671525002</DistanceMeters>
                <TotalTimeSeconds>3.015</TotalTimeSeconds>
                <Calories>0.28324246406555176</Calories>
                <Intensity>Active</Intensity>
                <TriggerMethod>Manual</TriggerMethod>
            </Lap>
        </Activity>
        <Activity Sport="Walking">
            <Id>2021-02-24T15:31:33.118Z</Id>
            <Lap StartTime="2021-02-24T15:31:33.118Z">
                <Track>
                    <Trackpoint>
                        <DistanceMeters>0.0</DistanceMeters>
                        <Time>2021-02-24T15:31:33.118Z</Time>
                    </Trackpoint>
                    <Trackpoint>
                        <DistanceMeters>19.684621810913086</DistanceMeters>
                        <Time>2021-02-24T15:32:00.000Z</Time>
                    </Trackpoint>
                    <Trackpoint>
                        <DistanceMeters>112.68462181091309</DistanceMeters>
                        <Time>2021-02-24T15:33:00.000Z</Time>
                    </Trackpoint>
                </Track>
                <DistanceMeters>112.68462181091309</DistanceMeters>
                <TotalTimeSeconds>86.882</TotalTimeSeconds>
                <Calories>8.162080764770508</Calories>
                <Intensity>Active</Intensity>
                <TriggerMethod>Manual</TriggerMethod>
            </Lap>
        </Activity>
        <Activity Sport="Walking">
            <Id>2021-02-24T15:33:00.000Z</Id>
            <Lap StartTime="2021-02-24T15:33:00.000Z">
                <Track>
                    <Trackpoint>
                        <DistanceMeters>0.0</DistanceMeters>
                        <Time>2021-02-24T15:33:00.000Z</Time>
                    </Trackpoint>
                    <Trackpoint>
                        <DistanceMeters>89.0</DistanceMeters>
                        <Time>2021-02-24T15:33:04.134Z</Time>
                        <Position>
                            <LatitudeDegrees>18.591020584106445</LatitudeDegrees>
                            <LongitudeDegrees>73.79570007324219</LongitudeDegrees>
                        </Position>
                        <AltitudeMeters>495.4599914550781</AltitudeMeters>
                        <Position>
                            <LatitudeDegrees>18.591020584106445</LatitudeDegrees>
                            <LongitudeDegrees>73.79570007324219</LongitudeDegrees>
                        </Position>
                        <AltitudeMeters>495.4599914550781</AltitudeMeters>
                    </Trackpoint>
                    <Trackpoint>
                        <DistanceMeters>89.0</DistanceMeters>
                        <Time>2021-02-24T15:34:00.000Z</Time>
                    </Trackpoint>
                </Track>
                <DistanceMeters>89.0</DistanceMeters>
                <TotalTimeSeconds>60.0</TotalTimeSeconds>
                <Calories>5.636666774749756</Calories>
                <Intensity>Active</Intensity>
                <TriggerMethod>Manual</TriggerMethod>
            </Lap>
        </Activity>
        <Activity Sport="Walking">
            <Id>2021-02-24T15:34:00.000Z</Id>
            <Lap StartTime="2021-02-24T15:34:00.000Z">
                <Track>
                    <Trackpoint>
                        <DistanceMeters>0.0</DistanceMeters>
                        <Time>2021-02-24T15:34:00.000Z</Time>
                    </Trackpoint>
                    <Trackpoint>
                        <DistanceMeters>87.0</DistanceMeters>
                        <Time>2021-02-24T15:35:00.000Z</Time>
                    </Trackpoint>
                </Track>
                <DistanceMeters>87.0</DistanceMeters>
                <TotalTimeSeconds>60.0</TotalTimeSeconds>
                <Calories>5.636666774749756</Calories>
                <Intensity>Active</Intensity>
                <TriggerMethod>Manual</TriggerMethod>
            </Lap>
        </Activity>
        <Activity Sport="Walking">
            <Id>2021-02-24T15:35:00.000Z</Id>
            <Lap StartTime="2021-02-24T15:35:00.000Z">
                <Track>
                    <Trackpoint>
                        <DistanceMeters>0.0</DistanceMeters>
                        <Time>2021-02-24T15:35:00.000Z</Time>
                    </Trackpoint>
                    <Trackpoint>
                        <DistanceMeters>86.0</DistanceMeters>
                        <Time>2021-02-24T15:36:00.000Z</Time>
                    </Trackpoint>
                </Track>
                <DistanceMeters>86.0</DistanceMeters>
                <TotalTimeSeconds>60.0</TotalTimeSeconds>
                <Calories>5.636666774749756</Calories>
                <Intensity>Active</Intensity>
                <TriggerMethod>Manual</TriggerMethod>
            </Lap>
        </Activity>
        <Activity Sport="Walking">
            <Id>2021-02-24T15:36:00.000Z</Id>
            <Lap StartTime="2021-02-24T15:36:00.000Z">
                <Track>
                    <Trackpoint>
                        <DistanceMeters>0.0</DistanceMeters>
                        <Time>2021-02-24T15:36:00.000Z</Time>
                    </Trackpoint>
                    <Trackpoint>
                        <DistanceMeters>85.0</DistanceMeters>
                        <Time>2021-02-24T15:37:00.000Z</Time>
                    </Trackpoint>
                </Track>
                <DistanceMeters>85.0</DistanceMeters>
                <TotalTimeSeconds>60.0</TotalTimeSeconds>
                <Calories>5.636666774749756</Calories>
                <Intensity>Active</Intensity>
                <TriggerMethod>Manual</TriggerMethod>
            </Lap>
        </Activity>
        <Activity Sport="Walking">
            <Id>2021-02-24T15:37:00.000Z</Id>
            <Lap StartTime="2021-02-24T15:37:00.000Z">
                <Track>
                    <Trackpoint>
                        <DistanceMeters>0.0</DistanceMeters>
                        <Time>2021-02-24T15:37:00.000Z</Time>
                    </Trackpoint>
                    <Trackpoint>
                        <DistanceMeters>86.0</DistanceMeters>
                        <Time>2021-02-24T15:37:06.234Z</Time>
                        <Position>
                            <LatitudeDegrees>18.591379165649414</LatitudeDegrees>
                            <LongitudeDegrees>73.79635620117188</LongitudeDegrees>
                        </Position>
                        <AltitudeMeters>493.9599914550781</AltitudeMeters>
                        <Position>
                            <LatitudeDegrees>18.591379165649414</LatitudeDegrees>
                            <LongitudeDegrees>73.79635620117188</LongitudeDegrees>
                        </Position>
                        <AltitudeMeters>493.9599914550781</AltitudeMeters>
                    </Trackpoint>
                    <Trackpoint>
                        <DistanceMeters>86.0</DistanceMeters>
                        <Time>2021-02-24T15:38:00.000Z</Time>
                    </Trackpoint>
                </Track>
                <DistanceMeters>86.0</DistanceMeters>
                <TotalTimeSeconds>60.0</TotalTimeSeconds>
                <Calories>5.636666774749756</Calories>
                <Intensity>Active</Intensity>
                <TriggerMethod>Manual</TriggerMethod>
            </Lap>
        </Activity>
        <Activity Sport="Walking">
            <Id>2021-02-24T15:38:00.000Z</Id>
            <Lap StartTime="2021-02-24T15:38:00.000Z">
                <Track>
                    <Trackpoint>
                        <DistanceMeters>0.0</DistanceMeters>
                        <Time>2021-02-24T15:38:00.000Z</Time>
                    </Trackpoint>
                    <Trackpoint>
                        <DistanceMeters>88.0</DistanceMeters>
                        <Time>2021-02-24T15:38:49.014Z</Time>
                        <Position>
                            <LatitudeDegrees>18.59105110168457</LatitudeDegrees>
                            <LongitudeDegrees>73.7957534790039</LongitudeDegrees>
                        </Position>
                        <AltitudeMeters>496.55999755859375</AltitudeMeters>
                    </Trackpoint>
                    <Trackpoint>
                        <DistanceMeters>88.0</DistanceMeters>
                        <Time>2021-02-24T15:39:00.000Z</Time>
                    </Trackpoint>
                </Track>
                <DistanceMeters>88.0</DistanceMeters>
                <TotalTimeSeconds>60.0</TotalTimeSeconds>
                <Calories>5.636666774749756</Calories>
                <Intensity>Active</Intensity>
                <TriggerMethod>Manual</TriggerMethod>
            </Lap>
        </Activity>
        <Activity Sport="Walking">
            <Id>2021-02-24T15:39:00.000Z</Id>
            <Lap StartTime="2021-02-24T15:39:00.000Z">
                <Track>
                    <Trackpoint>
                        <DistanceMeters>0.0</DistanceMeters>
                        <Time>2021-02-24T15:39:00.000Z</Time>
                    </Trackpoint>
                    <Trackpoint>
                        <DistanceMeters>87.0</DistanceMeters>
                        <Time>2021-02-24T15:39:10.019Z</Time>
                        <Position>
                            <LatitudeDegrees>18.591190338134766</LatitudeDegrees>
                            <LongitudeDegrees>73.79589080810547</LongitudeDegrees>
                        </Position>
                        <AltitudeMeters>495.2461853027344</AltitudeMeters>
                    </Trackpoint>
                    <Trackpoint>
                        <DistanceMeters>87.0</DistanceMeters>
                        <Time>2021-02-24T15:40:00.000Z</Time>
                    </Trackpoint>
                </Track>
                <DistanceMeters>87.0</DistanceMeters>
                <TotalTimeSeconds>60.0</TotalTimeSeconds>
                <Calories>5.636666774749756</Calories>
                <Intensity>Active</Intensity>
                <TriggerMethod>Manual</TriggerMethod>
            </Lap>
        </Activity>
        <Activity Sport="Walking">
            <Id>2021-02-24T15:40:00.000Z</Id>
            <Lap StartTime="2021-02-24T15:40:00.000Z">
                <Track>
                    <Trackpoint>
                        <DistanceMeters>0.0</DistanceMeters>
                        <Time>2021-02-24T15:40:00.000Z</Time>
                    </Trackpoint>
                    <Trackpoint>
                        <DistanceMeters>86.0</DistanceMeters>
                        <Time>2021-02-24T15:41:00.000Z</Time>
                    </Trackpoint>
                </Track>
                <DistanceMeters>86.0</DistanceMeters>
                <TotalTimeSeconds>60.0</TotalTimeSeconds>
                <Calories>5.636666774749756</Calories>
                <Intensity>Active</Intensity>
                <TriggerMethod>Manual</TriggerMethod>
            </Lap>
        </Activity>
        <Activity Sport="Walking">
            <Id>2021-02-24T15:41:00.000Z</Id>
            <Lap StartTime="2021-02-24T15:41:00.000Z">
                <Track>
                    <Trackpoint>
                        <DistanceMeters>0.0</DistanceMeters>
                        <Time>2021-02-24T15:41:00.000Z</Time>
                    </Trackpoint>
                    <Trackpoint>
                        <DistanceMeters>84.0</DistanceMeters>
                        <Time>2021-02-24T15:42:00.000Z</Time>
                    </Trackpoint>
                </Track>
                <DistanceMeters>84.0</DistanceMeters>
                <TotalTimeSeconds>60.0</TotalTimeSeconds>
                <Calories>5.636666774749756</Calories>
                <Intensity>Active</Intensity>
                <TriggerMethod>Manual</TriggerMethod>
            </Lap>
        </Activity>
        <Activity Sport="Walking">
            <Id>2021-02-24T15:42:00.000Z</Id>
            <Lap StartTime="2021-02-24T15:42:00.000Z">
                <Track>
                    <Trackpoint>
                        <DistanceMeters>0.0</DistanceMeters>
                        <Time>2021-02-24T15:42:00.000Z</Time>
                    </Trackpoint>
                    <Trackpoint>
                        <DistanceMeters>85.0</DistanceMeters>
                        <Time>2021-02-24T15:43:00.000Z</Time>
                    </Trackpoint>
                </Track>
                <DistanceMeters>85.0</DistanceMeters>
                <TotalTimeSeconds>60.0</TotalTimeSeconds>
                <Calories>5.636666774749756</Calories>
                <Intensity>Active</Intensity>
                <TriggerMethod>Manual</TriggerMethod>
            </Lap>
        </Activity>
        <Activity Sport="Walking">
            <Id>2021-02-24T15:43:00.000Z</Id>
            <Lap StartTime="2021-02-24T15:43:00.000Z">
                <Track>
                    <Trackpoint>
                        <DistanceMeters>0.0</DistanceMeters>
                        <Time>2021-02-24T15:43:00.000Z</Time>
                    </Trackpoint>
                    <Trackpoint>
                        <DistanceMeters>87.0</DistanceMeters>
                        <Time>2021-02-24T15:44:00.000Z</Time>
                    </Trackpoint>
                </Track>
                <DistanceMeters>87.0</DistanceMeters>
                <TotalTimeSeconds>60.0</TotalTimeSeconds>
                <Calories>5.636666774749756</Calories>
                <Intensity>Active</Intensity>
                <TriggerMethod>Manual</TriggerMethod>
            </Lap>
        </Activity>
        <Activity Sport="Walking">
            <Id>2021-02-24T15:44:00.000Z</Id>
            <Lap StartTime="2021-02-24T15:44:00.000Z">
                <Track>
                    <Trackpoint>
                        <DistanceMeters>0.0</DistanceMeters>
                        <Time>2021-02-24T15:44:00.000Z</Time>
                    </Trackpoint>
                    <Trackpoint>
                        <DistanceMeters>78.0</DistanceMeters>
                        <Time>2021-02-24T15:44:11.925Z</Time>
                        <Position>
                            <LatitudeDegrees>18.591218948364258</LatitudeDegrees>
                            <LongitudeDegrees>73.79572296142578</LongitudeDegrees>
                        </Position>
                        <AltitudeMeters>495.05999755859375</AltitudeMeters>
                        <Position>
                            <LatitudeDegrees>18.591218948364258</LatitudeDegrees>
                            <LongitudeDegrees>73.79572296142578</LongitudeDegrees>
                        </Position>
                        <AltitudeMeters>495.05999755859375</AltitudeMeters>
                    </Trackpoint>
                    <Trackpoint>
                        <DistanceMeters>78.0</DistanceMeters>
                        <Time>2021-02-24T15:44:16.152Z</Time>
                        <Position>
                            <LatitudeDegrees>18.591270446777344</LatitudeDegrees>
                            <LongitudeDegrees>73.79578399658203</LongitudeDegrees>
                        </Position>
                        <AltitudeMeters>495.05999755859375</AltitudeMeters>
                    </Trackpoint>
                    <Trackpoint>
                        <DistanceMeters>78.0</DistanceMeters>
                        <Time>2021-02-24T15:44:17.149Z</Time>
                        <Position>
                            <LatitudeDegrees>18.591312408447266</LatitudeDegrees>
                            <LongitudeDegrees>73.79580688476562</LongitudeDegrees>
                        </Position>
                        <AltitudeMeters>495.05999755859375</AltitudeMeters>
                        <Position>
                            <LatitudeDegrees>18.591312408447266</LatitudeDegrees>
                            <LongitudeDegrees>73.79580688476562</LongitudeDegrees>
                        </Position>
                        <AltitudeMeters>495.05999755859375</AltitudeMeters>
                    </Trackpoint>
                    <Trackpoint>
                        <DistanceMeters>78.0</DistanceMeters>
                        <Time>2021-02-24T15:44:18.149Z</Time>
                        <Position>
                            <LatitudeDegrees>18.59135627746582</LatitudeDegrees>
                            <LongitudeDegrees>73.79580688476562</LongitudeDegrees>
                        </Position>
                        <AltitudeMeters>495.05999755859375</AltitudeMeters>
                        <Position>
                            <LatitudeDegrees>18.59135627746582</LatitudeDegrees>
                            <LongitudeDegrees>73.79580688476562</LongitudeDegrees>
                        </Position>
                        <AltitudeMeters>495.05999755859375</AltitudeMeters>
                    </Trackpoint>
                    <Trackpoint>
                        <DistanceMeters>78.0</DistanceMeters>
                        <Time>2021-02-24T15:44:19.150Z</Time>
                        <Position>
                            <LatitudeDegrees>18.59137725830078</LatitudeDegrees>
                            <LongitudeDegrees>73.79579162597656</LongitudeDegrees>
                        </Position>
                        <AltitudeMeters>495.05999755859375</AltitudeMeters>
                    </Trackpoint>
                    <Trackpoint>
                        <DistanceMeters>78.0</DistanceMeters>
                        <Time>2021-02-24T15:44:20.151Z</Time>
                        <Position>
                            <LatitudeDegrees>18.591386795043945</LatitudeDegrees>
                            <LongitudeDegrees>73.7957763671875</LongitudeDegrees>
                        </Position>
                        <AltitudeMeters>495.05999755859375</AltitudeMeters>
                    </Trackpoint>
                    <Trackpoint>
                        <DistanceMeters>78.0</DistanceMeters>
                        <Time>2021-02-24T15:44:21.135Z</Time>
                        <Position>
                            <LatitudeDegrees>18.591373443603516</LatitudeDegrees>
                            <LongitudeDegrees>73.79583740234375</LongitudeDegrees>
                        </Position>
                        <AltitudeMeters>494.6931457519531</AltitudeMeters>
                    </Trackpoint>
                    <Trackpoint>
                        <DistanceMeters>78.0</DistanceMeters>
                        <Time>2021-02-24T15:44:21.635Z</Time>
                        <Position>
                            <LatitudeDegrees>18.591379165649414</LatitudeDegrees>
                            <LongitudeDegrees>73.79579162597656</LongitudeDegrees>
                        </Position>
                        <AltitudeMeters>494.70574951171875</AltitudeMeters>
                    </Trackpoint>
                    <Trackpoint>
                        <DistanceMeters>78.0</DistanceMeters>
                        <Time>2021-02-24T15:44:22.152Z</Time>
                        <Position>
                            <LatitudeDegrees>18.591379165649414</LatitudeDegrees>
                            <LongitudeDegrees>73.7957763671875</LongitudeDegrees>
                        </Position>
                        <AltitudeMeters>494.7178955078125</AltitudeMeters>
                    </Trackpoint>
                    <Trackpoint>
                        <DistanceMeters>78.0</DistanceMeters>
                        <Time>2021-02-24T15:44:22.774Z</Time>
                        <Position>
                            <LatitudeDegrees>18.591379165649414</LatitudeDegrees>
                            <LongitudeDegrees>73.7957534790039</LongitudeDegrees>
                        </Position>
                        <AltitudeMeters>494.7178955078125</AltitudeMeters>
                    </Trackpoint>
                    <Trackpoint>
                        <DistanceMeters>78.0</DistanceMeters>
                        <Time>2021-02-24T15:44:23.153Z</Time>
                        <Position>
                            <LatitudeDegrees>18.59137535095215</LatitudeDegrees>
                            <LongitudeDegrees>73.79573822021484</LongitudeDegrees>
                        </Position>
                        <AltitudeMeters>494.7168273925781</AltitudeMeters>
                    </Trackpoint>
                    <Trackpoint>
                        <DistanceMeters>78.0</DistanceMeters>
                        <Time>2021-02-24T15:44:23.874Z</Time>
                        <Position>
                            <LatitudeDegrees>18.591371536254883</LatitudeDegrees>
                            <LongitudeDegrees>73.79573059082031</LongitudeDegrees>
                        </Position>
                        <AltitudeMeters>494.7168273925781</AltitudeMeters>
                    </Trackpoint>
                    <Trackpoint>
                        <DistanceMeters>78.0</DistanceMeters>
                        <Time>2021-02-24T15:44:24.413Z</Time>
                        <Position>
                            <LatitudeDegrees>18.591373443603516</LatitudeDegrees>
                            <LongitudeDegrees>73.79571533203125</LongitudeDegrees>
                        </Position>
                        <AltitudeMeters>494.6997375488281</AltitudeMeters>
                    </Trackpoint>
                    <Trackpoint>
                        <DistanceMeters>78.0</DistanceMeters>
                        <Time>2021-02-24T15:44:24.996Z</Time>
                        <Position>
                            <LatitudeDegrees>18.591373443603516</LatitudeDegrees>
                            <LongitudeDegrees>73.79572296142578</LongitudeDegrees>
                        </Position>
                        <AltitudeMeters>494.5762634277344</AltitudeMeters>
                    </Trackpoint>
                    <Trackpoint>
                        <DistanceMeters>78.0</DistanceMeters>
                        <Time>2021-02-24T15:44:25.535Z</Time>
                        <Position>
                            <LatitudeDegrees>18.59137535095215</LatitudeDegrees>
                            <LongitudeDegrees>73.79573059082031</LongitudeDegrees>
                        </Position>
                        <AltitudeMeters>494.57073974609375</AltitudeMeters>
                    </Trackpoint>
                    <Trackpoint>
                        <DistanceMeters>78.0</DistanceMeters>
                        <Time>2021-02-24T15:44:26.134Z</Time>
                        <Position>
                            <LatitudeDegrees>18.59137725830078</LatitudeDegrees>
                            <LongitudeDegrees>73.79572296142578</LongitudeDegrees>
                        </Position>
                        <AltitudeMeters>494.57073974609375</AltitudeMeters>
                    </Trackpoint>
                    <Trackpoint>
                        <DistanceMeters>78.0</DistanceMeters>
                        <Time>2021-02-24T15:44:26.654Z</Time>
                        <Position>
                            <LatitudeDegrees>18.591381072998047</LatitudeDegrees>
                            <LongitudeDegrees>73.79571533203125</LongitudeDegrees>
                        </Position>
                        <AltitudeMeters>494.5906066894531</AltitudeMeters>
                    </Trackpoint>
                    <Trackpoint>
                        <DistanceMeters>78.0</DistanceMeters>
                        <Time>2021-02-24T15:44:27.156Z</Time>
                        <Position>
                            <LatitudeDegrees>18.59138298034668</LatitudeDegrees>
                            <LongitudeDegrees>73.79570770263672</LongitudeDegrees>
                        </Position>
                        <AltitudeMeters>494.5459289550781</AltitudeMeters>
                    </Trackpoint>
                    <Trackpoint>
                        <DistanceMeters>78.0</DistanceMeters>
                        <Time>2021-02-24T15:44:27.760Z</Time>
                        <Position>
                            <LatitudeDegrees>18.591386795043945</LatitudeDegrees>
                            <LongitudeDegrees>73.79570007324219</LongitudeDegrees>
                        </Position>
                        <AltitudeMeters>494.5459289550781</AltitudeMeters>
                    </Trackpoint>
                    <Trackpoint>
                        <DistanceMeters>78.0</DistanceMeters>
                        <Time>2021-02-24T15:44:28.293Z</Time>
                        <Position>
                            <LatitudeDegrees>18.59139060974121</LatitudeDegrees>
                            <LongitudeDegrees>73.79569244384766</LongitudeDegrees>
                        </Position>
                        <AltitudeMeters>494.5115661621094</AltitudeMeters>
                    </Trackpoint>
                    <Trackpoint>
                        <DistanceMeters>78.0</DistanceMeters>
                        <Time>2021-02-24T15:44:28.856Z</Time>
                        <Position>
                            <LatitudeDegrees>18.591392517089844</LatitudeDegrees>
                            <LongitudeDegrees>73.79568481445312</LongitudeDegrees>
                        </Position>
                        <AltitudeMeters>494.5115661621094</AltitudeMeters>
                    </Trackpoint>
                    <Trackpoint>
                        <DistanceMeters>78.0</DistanceMeters>
                        <Time>2021-02-24T15:44:29.396Z</Time>
                        <Position>
                            <LatitudeDegrees>18.59139633178711</LatitudeDegrees>
                            <LongitudeDegrees>73.7956771850586</LongitudeDegrees>
                        </Position>
                        <AltitudeMeters>494.5117492675781</AltitudeMeters>
                    </Trackpoint>
                    <Trackpoint>
                        <DistanceMeters>78.0</DistanceMeters>
                        <Time>2021-02-24T15:44:29.935Z</Time>
                        <Position>
                            <LatitudeDegrees>18.591398239135742</LatitudeDegrees>
                            <LongitudeDegrees>73.79566955566406</LongitudeDegrees>
                        </Position>
                        <AltitudeMeters>494.5117492675781</AltitudeMeters>
                    </Trackpoint>
                    <Trackpoint>
                        <DistanceMeters>78.0</DistanceMeters>
                        <Time>2021-02-24T15:44:30.502Z</Time>
                        <Position>
                            <LatitudeDegrees>18.591402053833008</LatitudeDegrees>
                            <LongitudeDegrees>73.79566192626953</LongitudeDegrees>
                        </Position>
                        <AltitudeMeters>494.5392150878906</AltitudeMeters>
                    </Trackpoint>
                    <Trackpoint>
                        <DistanceMeters>78.0</DistanceMeters>
                        <Time>2021-02-24T15:44:31.015Z</Time>
                        <Position>
                            <LatitudeDegrees>18.59140396118164</LatitudeDegrees>
                            <LongitudeDegrees>73.795654296875</LongitudeDegrees>
                        </Position>
                        <AltitudeMeters>494.5392150878906</AltitudeMeters>
                    </Trackpoint>
                    <Trackpoint>
                        <DistanceMeters>78.0</DistanceMeters>
                        <Time>2021-02-24T15:44:31.634Z</Time>
                        <Position>
                            <LatitudeDegrees>18.59140968322754</LatitudeDegrees>
                            <LongitudeDegrees>73.795654296875</LongitudeDegrees>
                        </Position>
                        <AltitudeMeters>494.5902404785156</AltitudeMeters>
                    </Trackpoint>
                    <Trackpoint>
                        <DistanceMeters>78.0</DistanceMeters>
                        <Time>2021-02-24T15:44:32.154Z</Time>
                        <Position>
                            <LatitudeDegrees>18.591411590576172</LatitudeDegrees>
                            <LongitudeDegrees>73.79564666748047</LongitudeDegrees>
                        </Position>
                        <AltitudeMeters>494.5902404785156</AltitudeMeters>
                    </Trackpoint>
                    <Trackpoint>
                        <DistanceMeters>78.0</DistanceMeters>
                        <Time>2021-02-24T15:44:32.694Z</Time>
                        <Position>
                            <LatitudeDegrees>18.5914249420166</LatitudeDegrees>
                            <LongitudeDegrees>73.79568481445312</LongitudeDegrees>
                        </Position>
                        <AltitudeMeters>494.4122314453125</AltitudeMeters>
                    </Trackpoint>
                    <Trackpoint>
                        <DistanceMeters>78.0</DistanceMeters>
                        <Time>2021-02-24T15:44:33.297Z</Time>
                        <Position>
                            <LatitudeDegrees>18.5914306640625</LatitudeDegrees>
                            <LongitudeDegrees>73.79568481445312</LongitudeDegrees>
                        </Position>
                        <AltitudeMeters>494.365234375</AltitudeMeters>
                    </Trackpoint>
                    <Trackpoint>
                        <DistanceMeters>78.0</DistanceMeters>
                        <Time>2021-02-24T15:44:33.820Z</Time>
                        <Position>
                            <LatitudeDegrees>18.5914363861084</LatitudeDegrees>
                            <LongitudeDegrees>73.7956771850586</LongitudeDegrees>
                        </Position>
                        <AltitudeMeters>494.365234375</AltitudeMeters>
                    </Trackpoint>
                    <Trackpoint>
                        <DistanceMeters>78.0</DistanceMeters>
                        <Time>2021-02-24T15:44:34.381Z</Time>
                        <Position>
                            <LatitudeDegrees>18.59144401550293</LatitudeDegrees>
                            <LongitudeDegrees>73.7956771850586</LongitudeDegrees>
                        </Position>
                        <AltitudeMeters>494.3663330078125</AltitudeMeters>
                    </Trackpoint>
                    <Trackpoint>
                        <DistanceMeters>78.0</DistanceMeters>
                        <Time>2021-02-24T15:44:34.954Z</Time>
                        <Position>
                            <LatitudeDegrees>18.591447830200195</LatitudeDegrees>
                            <LongitudeDegrees>73.79566955566406</LongitudeDegrees>
                        </Position>
                        <AltitudeMeters>494.3663330078125</AltitudeMeters>
                    </Trackpoint>
                    <Trackpoint>
                        <DistanceMeters>78.0</DistanceMeters>
                        <Time>2021-02-24T15:44:35.514Z</Time>
                        <Position>
                            <LatitudeDegrees>18.59145736694336</LatitudeDegrees>
                            <LongitudeDegrees>73.79566955566406</LongitudeDegrees>
                        </Position>
                        <AltitudeMeters>494.3154296875</AltitudeMeters>
                    </Trackpoint>
                    <Trackpoint>
                        <DistanceMeters>78.0</DistanceMeters>
                        <Time>2021-02-24T15:44:36.074Z</Time>
                        <Position>
                            <LatitudeDegrees>18.591463088989258</LatitudeDegrees>
                            <LongitudeDegrees>73.79566192626953</LongitudeDegrees>
                        </Position>
                        <AltitudeMeters>494.3154296875</AltitudeMeters>
                    </Trackpoint>
                    <Trackpoint>
                        <DistanceMeters>78.0</DistanceMeters>
                        <Time>2021-02-24T15:44:36.594Z</Time>
                        <Position>
                            <LatitudeDegrees>18.591474533081055</LatitudeDegrees>
                            <LongitudeDegrees>73.79566192626953</LongitudeDegrees>
                        </Position>
                        <AltitudeMeters>494.3164978027344</AltitudeMeters>
                    </Trackpoint>
                    <Trackpoint>
                        <DistanceMeters>78.0</DistanceMeters>
                        <Time>2021-02-24T15:44:37.160Z</Time>
                        <Position>
                            <LatitudeDegrees>18.591493606567383</LatitudeDegrees>
                            <LongitudeDegrees>73.7956771850586</LongitudeDegrees>
                        </Position>
                        <AltitudeMeters>494.2612609863281</AltitudeMeters>
                    </Trackpoint>
                    <Trackpoint>
                        <DistanceMeters>78.0</DistanceMeters>
                        <Time>2021-02-24T15:44:37.735Z</Time>
                        <Position>
                            <LatitudeDegrees>18.591508865356445</LatitudeDegrees>
                            <LongitudeDegrees>73.79568481445312</LongitudeDegrees>
                        </Position>
                        <AltitudeMeters>494.2612609863281</AltitudeMeters>
                    </Trackpoint>
                    <Trackpoint>
                        <DistanceMeters>78.0</DistanceMeters>
                        <Time>2021-02-24T15:44:38.257Z</Time>
                        <Position>
                            <LatitudeDegrees>18.591522216796875</LatitudeDegrees>
                            <LongitudeDegrees>73.79569244384766</LongitudeDegrees>
                        </Position>
                        <AltitudeMeters>494.2585144042969</AltitudeMeters>
                    </Trackpoint>
                    <Trackpoint>
                        <DistanceMeters>78.0</DistanceMeters>
                        <Time>2021-02-24T15:44:38.914Z</Time>
                        <Position>
                            <LatitudeDegrees>18.591527938842773</LatitudeDegrees>
                            <LongitudeDegrees>73.79569244384766</LongitudeDegrees>
                        </Position>
                        <AltitudeMeters>494.2585144042969</AltitudeMeters>
                    </Trackpoint>
                    <Trackpoint>
                        <DistanceMeters>78.0</DistanceMeters>
                        <Time>2021-02-24T15:44:39.474Z</Time>
                        <Position>
                            <LatitudeDegrees>18.591535568237305</LatitudeDegrees>
                            <LongitudeDegrees>73.79570770263672</LongitudeDegrees>
                        </Position>
                        <AltitudeMeters>494.2564697265625</AltitudeMeters>
                    </Trackpoint>
                    <Trackpoint>
                        <DistanceMeters>78.0</DistanceMeters>
                        <Time>2021-02-24T15:44:40.014Z</Time>
                        <Position>
                            <LatitudeDegrees>18.59153938293457</LatitudeDegrees>
                            <LongitudeDegrees>73.79571533203125</LongitudeDegrees>
                        </Position>
                        <AltitudeMeters>494.2564697265625</AltitudeMeters>
                    </Trackpoint>
                    <Trackpoint>
                        <DistanceMeters>78.0</DistanceMeters>
                        <Time>2021-02-24T15:44:40.554Z</Time>
                        <Position>
                            <LatitudeDegrees>18.59154510498047</LatitudeDegrees>
                            <LongitudeDegrees>73.79572296142578</LongitudeDegrees>
                        </Position>
                        <AltitudeMeters>494.2158203125</AltitudeMeters>
                    </Trackpoint>
                    <Trackpoint>
                        <DistanceMeters>78.0</DistanceMeters>
                        <Time>2021-02-24T15:44:41.053Z</Time>
                        <Position>
                            <LatitudeDegrees>18.591550827026367</LatitudeDegrees>
                            <LongitudeDegrees>73.79572296142578</LongitudeDegrees>
                        </Position>
                        <AltitudeMeters>494.2158203125</AltitudeMeters>
                    </Trackpoint>
                    <Trackpoint>
                        <DistanceMeters>78.0</DistanceMeters>
                        <Time>2021-02-24T15:44:42.158Z</Time>
                        <Position>
                            <LatitudeDegrees>18.591571807861328</LatitudeDegrees>
                            <LongitudeDegrees>73.79573822021484</LongitudeDegrees>
                        </Position>
                        <AltitudeMeters>494.2276306152344</AltitudeMeters>
                    </Trackpoint>
                    <Trackpoint>
                        <DistanceMeters>78.0</DistanceMeters>
                        <Time>2021-02-24T15:44:42.894Z</Time>
                        <Position>
                            <LatitudeDegrees>18.591577529907227</LatitudeDegrees>
                            <LongitudeDegrees>73.79573822021484</LongitudeDegrees>
                        </Position>
                        <AltitudeMeters>494.2276306152344</AltitudeMeters>
                    </Trackpoint>
                    <Trackpoint>
                        <DistanceMeters>78.0</DistanceMeters>
                        <Time>2021-02-24T15:44:43.496Z</Time>
                        <Position>
                            <LatitudeDegrees>18.591583251953125</LatitudeDegrees>
                            <LongitudeDegrees>73.79573059082031</LongitudeDegrees>
                        </Position>
                        <AltitudeMeters>494.2269592285156</AltitudeMeters>
                    </Trackpoint>
                    <Trackpoint>
                        <DistanceMeters>78.0</DistanceMeters>
                        <Time>2021-02-24T15:44:44.075Z</Time>
                        <Position>
                            <LatitudeDegrees>18.591588973999023</LatitudeDegrees>
                            <LongitudeDegrees>73.79573059082031</LongitudeDegrees>
                        </Position>
                        <AltitudeMeters>494.2269592285156</AltitudeMeters>
                    </Trackpoint>
                    <Trackpoint>
                        <DistanceMeters>78.0</DistanceMeters>
                        <Time>2021-02-24T15:44:44.694Z</Time>
                        <Position>
                            <LatitudeDegrees>18.591596603393555</LatitudeDegrees>
                            <LongitudeDegrees>73.79573059082031</LongitudeDegrees>
                        </Position>
                        <AltitudeMeters>494.204345703125</AltitudeMeters>
                    </Trackpoint>
                    <Trackpoint>
                        <DistanceMeters>78.0</DistanceMeters>
                        <Time>2021-02-24T15:44:45.157Z</Time>
                        <Position>
                            <LatitudeDegrees>18.591602325439453</LatitudeDegrees>
                            <LongitudeDegrees>73.79572296142578</LongitudeDegrees>
                        </Position>
                        <AltitudeMeters>494.1795654296875</AltitudeMeters>
                    </Trackpoint>
                    <Trackpoint>
                        <DistanceMeters>78.0</DistanceMeters>
                        <Time>2021-02-24T15:44:45.793Z</Time>
                        <Position>
                            <LatitudeDegrees>18.59161376953125</LatitudeDegrees>
                            <LongitudeDegrees>73.79573059082031</LongitudeDegrees>
                        </Position>
                        <AltitudeMeters>494.1795654296875</AltitudeMeters>
                    </Trackpoint>
                    <Trackpoint>
                        <DistanceMeters>78.0</DistanceMeters>
                        <Time>2021-02-24T15:44:46.156Z</Time>
                        <Position>
                            <LatitudeDegrees>18.591623306274414</LatitudeDegrees>
                            <LongitudeDegrees>73.79573822021484</LongitudeDegrees>
                        </Position>
                        <AltitudeMeters>494.2049865722656</AltitudeMeters>
                    </Trackpoint>
                    <Trackpoint>
                        <DistanceMeters>78.0</DistanceMeters>
                        <Time>2021-02-24T15:44:46.873Z</Time>
                        <Position>
                            <LatitudeDegrees>18.591636657714844</LatitudeDegrees>
                            <LongitudeDegrees>73.79574584960938</LongitudeDegrees>
                        </Position>
                        <AltitudeMeters>494.2049865722656</AltitudeMeters>
                    </Trackpoint>
                    <Trackpoint>
                        <DistanceMeters>78.0</DistanceMeters>
                        <Time>2021-02-24T15:44:47.976Z</Time>
                        <Position>
                            <LatitudeDegrees>18.591659545898438</LatitudeDegrees>
                            <LongitudeDegrees>73.79576110839844</LongitudeDegrees>
                        </Position>
                        <AltitudeMeters>494.30322265625</AltitudeMeters>
                    </Trackpoint>
                    <Trackpoint>
                        <DistanceMeters>78.0</DistanceMeters>
                        <Time>2021-02-24T15:44:48.554Z</Time>
                        <Position>
                            <LatitudeDegrees>18.59166717529297</LatitudeDegrees>
                            <LongitudeDegrees>73.79576110839844</LongitudeDegrees>
                        </Position>
                        <AltitudeMeters>494.2881774902344</AltitudeMeters>
                    </Trackpoint>
                    <Trackpoint>
                        <DistanceMeters>78.0</DistanceMeters>
                        <Time>2021-02-24T15:44:49.144Z</Time>
                        <Position>
                            <LatitudeDegrees>18.5916748046875</LatitudeDegrees>
                            <LongitudeDegrees>73.79576110839844</LongitudeDegrees>
                        </Position>
                        <AltitudeMeters>494.2881774902344</AltitudeMeters>
                    </Trackpoint>
                    <Trackpoint>
                        <DistanceMeters>78.0</DistanceMeters>
                        <Time>2021-02-24T15:44:49.733Z</Time>
                        <Position>
                            <LatitudeDegrees>18.59168243408203</LatitudeDegrees>
                            <LongitudeDegrees>73.79576110839844</LongitudeDegrees>
                        </Position>
                        <AltitudeMeters>494.31103515625</AltitudeMeters>
                    </Trackpoint>
                    <Trackpoint>
                        <DistanceMeters>78.0</DistanceMeters>
                        <Time>2021-02-24T15:44:50.317Z</Time>
                        <Position>
                            <LatitudeDegrees>18.59168815612793</LatitudeDegrees>
                            <LongitudeDegrees>73.79576110839844</LongitudeDegrees>
                        </Position>
                        <AltitudeMeters>494.35101318359375</AltitudeMeters>
                    </Trackpoint>
                    <Trackpoint>
                        <DistanceMeters>78.0</DistanceMeters>
                        <Time>2021-02-24T15:44:50.895Z</Time>
                        <Position>
                            <LatitudeDegrees>18.59169578552246</LatitudeDegrees>
                            <LongitudeDegrees>73.79576110839844</LongitudeDegrees>
                        </Position>
                        <AltitudeMeters>494.35101318359375</AltitudeMeters>
                    </Trackpoint>
                    <Trackpoint>
                        <DistanceMeters>78.0</DistanceMeters>
                        <Time>2021-02-24T15:44:51.434Z</Time>
                        <Position>
                            <LatitudeDegrees>18.59170150756836</LatitudeDegrees>
                            <LongitudeDegrees>73.79576873779297</LongitudeDegrees>
                        </Position>
                        <AltitudeMeters>494.34942626953125</AltitudeMeters>
                    </Trackpoint>
                    <Trackpoint>
                        <DistanceMeters>78.0</DistanceMeters>
                        <Time>2021-02-24T15:44:52.155Z</Time>
                        <Position>
                            <LatitudeDegrees>18.59170913696289</LatitudeDegrees>
                            <LongitudeDegrees>73.79576873779297</LongitudeDegrees>
                        </Position>
                        <AltitudeMeters>494.364013671875</AltitudeMeters>
                    </Trackpoint>
                    <Trackpoint>
                        <DistanceMeters>78.0</DistanceMeters>
                        <Time>2021-02-24T15:44:53.114Z</Time>
                        <Position>
                            <LatitudeDegrees>18.591718673706055</LatitudeDegrees>
                            <LongitudeDegrees>73.79576873779297</LongitudeDegrees>
                        </Position>
                        <AltitudeMeters>494.364013671875</AltitudeMeters>
                    </Trackpoint>
                    <Trackpoint>
                        <DistanceMeters>78.0</DistanceMeters>
                        <Time>2021-02-24T15:44:54.158Z</Time>
                        <Position>
                            <LatitudeDegrees>18.59173583984375</LatitudeDegrees>
                            <LongitudeDegrees>73.79579162597656</LongitudeDegrees>
                        </Position>
                        <AltitudeMeters>494.3716125488281</AltitudeMeters>
                    </Trackpoint>
                    <Trackpoint>
                        <DistanceMeters>78.0</DistanceMeters>
                        <Time>2021-02-24T15:44:55.254Z</Time>
                        <Position>
                            <LatitudeDegrees>18.591754913330078</LatitudeDegrees>
                            <LongitudeDegrees>73.79582214355469</LongitudeDegrees>
                        </Position>
                        <AltitudeMeters>494.3185119628906</AltitudeMeters>
                    </Trackpoint>
                    <Trackpoint>
                        <DistanceMeters>78.0</DistanceMeters>
                        <Time>2021-02-24T15:44:56.158Z</Time>
                        <Position>
                            <LatitudeDegrees>18.59176254272461</LatitudeDegrees>
                            <LongitudeDegrees>73.79582977294922</LongitudeDegrees>
                        </Position>
                        <AltitudeMeters>494.30816650390625</AltitudeMeters>
                    </Trackpoint>
                    <Trackpoint>
                        <DistanceMeters>78.0</DistanceMeters>
                        <Time>2021-02-24T15:44:56.374Z</Time>
                        <Position>
                            <LatitudeDegrees>18.591766357421875</LatitudeDegrees>
                            <LongitudeDegrees>73.79582977294922</LongitudeDegrees>
                        </Position>
                        <AltitudeMeters>494.30816650390625</AltitudeMeters>
                    </Trackpoint>
                    <Trackpoint>
                        <DistanceMeters>78.0</DistanceMeters>
                        <Time>2021-02-24T15:44:56.914Z</Time>
                        <Position>
                            <LatitudeDegrees>18.591772079467773</LatitudeDegrees>
                            <LongitudeDegrees>73.79582977294922</LongitudeDegrees>
                        </Position>
                        <AltitudeMeters>494.30816650390625</AltitudeMeters>
                    </Trackpoint>
                    <Trackpoint>
                        <DistanceMeters>78.0</DistanceMeters>
                        <Time>2021-02-24T15:45:00.000Z</Time>
                    </Trackpoint>
                </Track>
                <DistanceMeters>78.0</DistanceMeters>
                <TotalTimeSeconds>60.0</TotalTimeSeconds>
                <Calories>5.636666774749756</Calories>
                <Intensity>Active</Intensity>
                <TriggerMethod>Manual</TriggerMethod>
            </Lap>
        </Activity>
        <Activity Sport="Walking">
            <Id>2021-02-24T15:45:00.000Z</Id>
            <Lap StartTime="2021-02-24T15:45:00.000Z">
                <Track>
                    <Trackpoint>
                        <DistanceMeters>0.0</DistanceMeters>
                        <Time>2021-02-24T15:45:00.000Z</Time>
                    </Trackpoint>
                    <Trackpoint>
                        <DistanceMeters>40.0</DistanceMeters>
                        <Time>2021-02-24T15:45:28.892Z</Time>
                        <Position>
                            <LatitudeDegrees>18.59210777282715</LatitudeDegrees>
                            <LongitudeDegrees>73.79598999023438</LongitudeDegrees>
                        </Position>
                        <AltitudeMeters>475.4599914550781</AltitudeMeters>
                    </Trackpoint>
                    <Trackpoint>
                        <DistanceMeters>40.0</DistanceMeters>
                        <Time>2021-02-24T15:45:35.580Z</Time>
                        <Position>
                            <LatitudeDegrees>18.592105865478516</LatitudeDegrees>
                            <LongitudeDegrees>73.79598999023438</LongitudeDegrees>
                        </Position>
                        <AltitudeMeters>475.4599914550781</AltitudeMeters>
                    </Trackpoint>
                    <Trackpoint>
                        <DistanceMeters>40.0</DistanceMeters>
                        <Time>2021-02-24T15:45:36.081Z</Time>
                        <Position>
                            <LatitudeDegrees>18.592103958129883</LatitudeDegrees>
                            <LongitudeDegrees>73.79598999023438</LongitudeDegrees>
                        </Position>
                        <AltitudeMeters>475.4599914550781</AltitudeMeters>
                    </Trackpoint>
                    <Trackpoint>
                        <DistanceMeters>40.0</DistanceMeters>
                        <Time>2021-02-24T15:45:36.660Z</Time>
                        <Position>
                            <LatitudeDegrees>18.592100143432617</LatitudeDegrees>
                            <LongitudeDegrees>73.79600524902344</LongitudeDegrees>
                        </Position>
                        <AltitudeMeters>475.4599914550781</AltitudeMeters>
                    </Trackpoint>
                    <Trackpoint>
                        <DistanceMeters>40.0</DistanceMeters>
                        <Time>2021-02-24T15:45:37.181Z</Time>
                        <Position>
                            <LatitudeDegrees>18.592098236083984</LatitudeDegrees>
                            <LongitudeDegrees>73.79600524902344</LongitudeDegrees>
                        </Position>
                        <AltitudeMeters>475.4599914550781</AltitudeMeters>
                    </Trackpoint>
                    <Trackpoint>
                        <DistanceMeters>40.0</DistanceMeters>
                        <Time>2021-02-24T15:45:38.150Z</Time>
                        <Position>
                            <LatitudeDegrees>18.592098236083984</LatitudeDegrees>
                            <LongitudeDegrees>73.79601287841797</LongitudeDegrees>
                        </Position>
                        <AltitudeMeters>475.4599914550781</AltitudeMeters>
                    </Trackpoint>
                    <Trackpoint>
                        <DistanceMeters>40.0</DistanceMeters>
                        <Time>2021-02-24T15:45:39.149Z</Time>
                        <Position>
                            <LatitudeDegrees>18.59209632873535</LatitudeDegrees>
                            <LongitudeDegrees>73.79601287841797</LongitudeDegrees>
                        </Position>
                        <AltitudeMeters>475.4599914550781</AltitudeMeters>
                    </Trackpoint>
                    <Trackpoint>
                        <DistanceMeters>40.0</DistanceMeters>
                        <Time>2021-02-24T15:45:40.151Z</Time>
                        <Position>
                            <LatitudeDegrees>18.59209632873535</LatitudeDegrees>
                            <LongitudeDegrees>73.79598999023438</LongitudeDegrees>
                        </Position>
                        <AltitudeMeters>494.0175476074219</AltitudeMeters>
                    </Trackpoint>
                    <Trackpoint>
                        <DistanceMeters>40.0</DistanceMeters>
                        <Time>2021-02-24T15:45:41.149Z</Time>
                        <Position>
                            <LatitudeDegrees>18.59209632873535</LatitudeDegrees>
                            <LongitudeDegrees>73.7959976196289</LongitudeDegrees>
                        </Position>
                        <AltitudeMeters>494.016357421875</AltitudeMeters>
                    </Trackpoint>
                    <Trackpoint>
                        <DistanceMeters>40.0</DistanceMeters>
                        <Time>2021-02-24T15:45:42.148Z</Time>
                        <Position>
                            <LatitudeDegrees>18.59209632873535</LatitudeDegrees>
                            <LongitudeDegrees>73.7959976196289</LongitudeDegrees>
                        </Position>
                        <AltitudeMeters>494.02801513671875</AltitudeMeters>
                    </Trackpoint>
                    <Trackpoint>
                        <DistanceMeters>40.0</DistanceMeters>
                        <Time>2021-02-24T15:45:43.149Z</Time>
                        <Position>
                            <LatitudeDegrees>18.59209442138672</LatitudeDegrees>
                            <LongitudeDegrees>73.7959976196289</LongitudeDegrees>
                        </Position>
                        <AltitudeMeters>494.020263671875</AltitudeMeters>
                    </Trackpoint>
                    <Trackpoint>
                        <DistanceMeters>40.0</DistanceMeters>
                        <Time>2021-02-24T15:45:44.152Z</Time>
                        <Position>
                            <LatitudeDegrees>18.59209442138672</LatitudeDegrees>
                            <LongitudeDegrees>73.7959976196289</LongitudeDegrees>
                        </Position>
                        <AltitudeMeters>494.0397644042969</AltitudeMeters>
                    </Trackpoint>
                    <Trackpoint>
                        <DistanceMeters>40.0</DistanceMeters>
                        <Time>2021-02-24T15:45:45.153Z</Time>
                        <Position>
                            <LatitudeDegrees>18.592092514038086</LatitudeDegrees>
                            <LongitudeDegrees>73.7959976196289</LongitudeDegrees>
                        </Position>
                        <AltitudeMeters>494.01214599609375</AltitudeMeters>
                    </Trackpoint>
                    <Trackpoint>
                        <DistanceMeters>40.0</DistanceMeters>
                        <Time>2021-02-24T15:45:46.152Z</Time>
                        <Position>
                            <LatitudeDegrees>18.592082977294922</LatitudeDegrees>
                            <LongitudeDegrees>73.79600524902344</LongitudeDegrees>
                        </Position>
                        <AltitudeMeters>493.98876953125</AltitudeMeters>
                    </Trackpoint>
                    <Trackpoint>
                        <DistanceMeters>40.0</DistanceMeters>
                        <Time>2021-02-24T15:45:46.943Z</Time>
                        <Position>
                            <LatitudeDegrees>18.592071533203125</LatitudeDegrees>
                            <LongitudeDegrees>73.79601287841797</LongitudeDegrees>
                        </Position>
                        <AltitudeMeters>493.98876953125</AltitudeMeters>
                    </Trackpoint>
                    <Trackpoint>
                        <DistanceMeters>40.0</DistanceMeters>
                        <Time>2021-02-24T15:45:47.156Z</Time>
                        <Position>
                            <LatitudeDegrees>18.59206771850586</LatitudeDegrees>
                            <LongitudeDegrees>73.79601287841797</LongitudeDegrees>
                        </Position>
                        <AltitudeMeters>494.05316162109375</AltitudeMeters>
                    </Trackpoint>
                    <Trackpoint>
                        <DistanceMeters>40.0</DistanceMeters>
                        <Time>2021-02-24T15:45:48.154Z</Time>
                        <Position>
                            <LatitudeDegrees>18.59205436706543</LatitudeDegrees>
                            <LongitudeDegrees>73.7960205078125</LongitudeDegrees>
                        </Position>
                        <AltitudeMeters>493.9007263183594</AltitudeMeters>
                    </Trackpoint>
                    <Trackpoint>
                        <DistanceMeters>40.0</DistanceMeters>
                        <Time>2021-02-24T15:45:49.152Z</Time>
                        <Position>
                            <LatitudeDegrees>18.592052459716797</LatitudeDegrees>
                            <LongitudeDegrees>73.7960205078125</LongitudeDegrees>
                        </Position>
                        <AltitudeMeters>493.92138671875</AltitudeMeters>
                    </Trackpoint>
                    <Trackpoint>
                        <DistanceMeters>40.0</DistanceMeters>
                        <Time>2021-02-24T15:45:50.157Z</Time>
                        <Position>
                            <LatitudeDegrees>18.5920467376709</LatitudeDegrees>
                            <LongitudeDegrees>73.79602813720703</LongitudeDegrees>
                        </Position>
                        <AltitudeMeters>493.8044128417969</AltitudeMeters>
                    </Trackpoint>
                    <Trackpoint>
                        <DistanceMeters>40.0</DistanceMeters>
                        <Time>2021-02-24T15:45:51.153Z</Time>
                        <Position>
                            <LatitudeDegrees>18.592044830322266</LatitudeDegrees>
                            <LongitudeDegrees>73.79602813720703</LongitudeDegrees>
                        </Position>
                        <AltitudeMeters>493.7684631347656</AltitudeMeters>
                    </Trackpoint>
                    <Trackpoint>
                        <DistanceMeters>40.0</DistanceMeters>
                        <Time>2021-02-24T15:45:52.153Z</Time>
                        <Position>
                            <LatitudeDegrees>18.592042922973633</LatitudeDegrees>
                            <LongitudeDegrees>73.79602813720703</LongitudeDegrees>
                        </Position>
                        <AltitudeMeters>493.7364501953125</AltitudeMeters>
                    </Trackpoint>
                    <Trackpoint>
                        <DistanceMeters>40.0</DistanceMeters>
                        <Time>2021-02-24T15:45:53.154Z</Time>
                        <Position>
                            <LatitudeDegrees>18.592042922973633</LatitudeDegrees>
                            <LongitudeDegrees>73.79602813720703</LongitudeDegrees>
                        </Position>
                        <AltitudeMeters>493.7516174316406</AltitudeMeters>
                    </Trackpoint>
                    <Trackpoint>
                        <DistanceMeters>40.0</DistanceMeters>
                        <Time>2021-02-24T15:45:54.152Z</Time>
                        <Position>
                            <LatitudeDegrees>18.592041015625</LatitudeDegrees>
                            <LongitudeDegrees>73.79602813720703</LongitudeDegrees>
                        </Position>
                        <AltitudeMeters>493.70257568359375</AltitudeMeters>
                    </Trackpoint>
                    <Trackpoint>
                        <DistanceMeters>40.0</DistanceMeters>
                        <Time>2021-02-24T15:45:56.154Z</Time>
                        <Position>
                            <LatitudeDegrees>18.592044830322266</LatitudeDegrees>
                            <LongitudeDegrees>73.79603576660156</LongitudeDegrees>
                        </Position>
                        <AltitudeMeters>493.676025390625</AltitudeMeters>
                    </Trackpoint>
                    <Trackpoint>
                        <DistanceMeters>40.0</DistanceMeters>
                        <Time>2021-02-24T15:45:57.155Z</Time>
                        <Position>
                            <LatitudeDegrees>18.592044830322266</LatitudeDegrees>
                            <LongitudeDegrees>73.79603576660156</LongitudeDegrees>
                        </Position>
                        <AltitudeMeters>493.6237487792969</AltitudeMeters>
                    </Trackpoint>
                    <Trackpoint>
                        <DistanceMeters>40.0</DistanceMeters>
                        <Time>2021-02-24T15:45:58.152Z</Time>
                        <Position>
                            <LatitudeDegrees>18.592044830322266</LatitudeDegrees>
                            <LongitudeDegrees>73.79603576660156</LongitudeDegrees>
                        </Position>
                        <AltitudeMeters>493.62225341796875</AltitudeMeters>
                    </Trackpoint>
                    <Trackpoint>
                        <DistanceMeters>40.0</DistanceMeters>
                        <Time>2021-02-24T15:45:58.860Z</Time>
                        <Position>
                            <LatitudeDegrees>18.592044830322266</LatitudeDegrees>
                            <LongitudeDegrees>73.79603576660156</LongitudeDegrees>
                        </Position>
                        <AltitudeMeters>493.62225341796875</AltitudeMeters>
                    </Trackpoint>
                    <Trackpoint>
                        <DistanceMeters>40.0</DistanceMeters>
                        <Time>2021-02-24T15:45:59.519Z</Time>
                        <Position>
                            <LatitudeDegrees>18.59205436706543</LatitudeDegrees>
                            <LongitudeDegrees>73.7960433959961</LongitudeDegrees>
                        </Position>
                        <AltitudeMeters>493.6090087890625</AltitudeMeters>
                    </Trackpoint>
                    <Trackpoint>
                        <DistanceMeters>40.0</DistanceMeters>
                        <Time>2021-02-24T15:46:00.000Z</Time>
                    </Trackpoint>
                </Track>
                <DistanceMeters>40.0</DistanceMeters>
                <TotalTimeSeconds>60.0</TotalTimeSeconds>
                <Calories>5.636666774749756</Calories>
                <Intensity>Active</Intensity>
                <TriggerMethod>Manual</TriggerMethod>
            </Lap>
        </Activity>
        <Activity Sport="Walking">
            <Id>2021-02-24T15:46:00.000Z</Id>
            <Lap StartTime="2021-02-24T15:46:00.000Z">
                <Track>
                    <Trackpoint>
                        <DistanceMeters>0.0</DistanceMeters>
                        <Time>2021-02-24T15:46:00.000Z</Time>
                    </Trackpoint>
                    <Trackpoint>
                        <DistanceMeters>79.0</DistanceMeters>
                        <Time>2021-02-24T15:46:00.155Z</Time>
                        <Position>
                            <LatitudeDegrees>18.59206199645996</LatitudeDegrees>
                            <LongitudeDegrees>73.7960433959961</LongitudeDegrees>
                        </Position>
                        <AltitudeMeters>493.6192932128906</AltitudeMeters>
                    </Trackpoint>
                    <Trackpoint>
                        <DistanceMeters>79.0</DistanceMeters>
                        <Time>2021-02-24T15:46:00.780Z</Time>
                        <Position>
                            <LatitudeDegrees>18.59208106994629</LatitudeDegrees>
                            <LongitudeDegrees>73.7960433959961</LongitudeDegrees>
                        </Position>
                        <AltitudeMeters>493.6192932128906</AltitudeMeters>
                    </Trackpoint>
                    <Trackpoint>
                        <DistanceMeters>79.0</DistanceMeters>
                        <Time>2021-02-24T15:46:01.341Z</Time>
                        <Position>
                            <LatitudeDegrees>18.592098236083984</LatitudeDegrees>
                            <LongitudeDegrees>73.7960433959961</LongitudeDegrees>
                        </Position>
                        <AltitudeMeters>493.6908264160156</AltitudeMeters>
                    </Trackpoint>
                    <Trackpoint>
                        <DistanceMeters>79.0</DistanceMeters>
                        <Time>2021-02-24T15:46:01.960Z</Time>
                        <Position>
                            <LatitudeDegrees>18.59210205078125</LatitudeDegrees>
                            <LongitudeDegrees>73.79605102539062</LongitudeDegrees>
                        </Position>
                        <AltitudeMeters>493.6908264160156</AltitudeMeters>
                    </Trackpoint>
                    <Trackpoint>
                        <DistanceMeters>79.0</DistanceMeters>
                        <Time>2021-02-24T15:46:02.541Z</Time>
                        <Position>
                            <LatitudeDegrees>18.592119216918945</LatitudeDegrees>
                            <LongitudeDegrees>73.79605102539062</LongitudeDegrees>
                        </Position>
                        <AltitudeMeters>493.43121337890625</AltitudeMeters>
                    </Trackpoint>
                    <Trackpoint>
                        <DistanceMeters>79.0</DistanceMeters>
                        <Time>2021-02-24T15:46:03.021Z</Time>
                        <Position>
                            <LatitudeDegrees>18.592119216918945</LatitudeDegrees>
                            <LongitudeDegrees>73.79605102539062</LongitudeDegrees>
                        </Position>
                        <AltitudeMeters>493.43121337890625</AltitudeMeters>
                    </Trackpoint>
                    <Trackpoint>
                        <DistanceMeters>79.0</DistanceMeters>
                        <Time>2021-02-24T15:46:03.660Z</Time>
                        <Position>
                            <LatitudeDegrees>18.592117309570312</LatitudeDegrees>
                            <LongitudeDegrees>73.79605865478516</LongitudeDegrees>
                        </Position>
                        <AltitudeMeters>493.4375305175781</AltitudeMeters>
                    </Trackpoint>
                    <Trackpoint>
                        <DistanceMeters>79.0</DistanceMeters>
                        <Time>2021-02-24T15:46:04.153Z</Time>
                        <Position>
                            <LatitudeDegrees>18.59211540222168</LatitudeDegrees>
                            <LongitudeDegrees>73.79605865478516</LongitudeDegrees>
                        </Position>
                        <AltitudeMeters>493.408203125</AltitudeMeters>
                    </Trackpoint>
                    <Trackpoint>
                        <DistanceMeters>79.0</DistanceMeters>
                        <Time>2021-02-24T15:46:04.758Z</Time>
                        <Position>
                            <LatitudeDegrees>18.59210968017578</LatitudeDegrees>
                            <LongitudeDegrees>73.79606628417969</LongitudeDegrees>
                        </Position>
                        <AltitudeMeters>493.408203125</AltitudeMeters>
                    </Trackpoint>
                    <Trackpoint>
                        <DistanceMeters>79.0</DistanceMeters>
                        <Time>2021-02-24T15:46:05.298Z</Time>
                        <Position>
                            <LatitudeDegrees>18.59210205078125</LatitudeDegrees>
                            <LongitudeDegrees>73.79607391357422</LongitudeDegrees>
                        </Position>
                        <AltitudeMeters>493.2649230957031</AltitudeMeters>
                    </Trackpoint>
                    <Trackpoint>
                        <DistanceMeters>79.0</DistanceMeters>
                        <Time>2021-02-24T15:46:05.860Z</Time>
                        <Position>
                            <LatitudeDegrees>18.592100143432617</LatitudeDegrees>
                            <LongitudeDegrees>73.79608154296875</LongitudeDegrees>
                        </Position>
                        <AltitudeMeters>493.2649230957031</AltitudeMeters>
                    </Trackpoint>
                    <Trackpoint>
                        <DistanceMeters>79.0</DistanceMeters>
                        <Time>2021-02-24T15:46:06.421Z</Time>
                        <Position>
                            <LatitudeDegrees>18.59209632873535</LatitudeDegrees>
                            <LongitudeDegrees>73.79608917236328</LongitudeDegrees>
                        </Position>
                        <AltitudeMeters>493.22314453125</AltitudeMeters>
                    </Trackpoint>
                    <Trackpoint>
                        <DistanceMeters>79.0</DistanceMeters>
                        <Time>2021-02-24T15:46:06.960Z</Time>
                        <Position>
                            <LatitudeDegrees>18.592092514038086</LatitudeDegrees>
                            <LongitudeDegrees>73.79609680175781</LongitudeDegrees>
                        </Position>
                        <AltitudeMeters>493.22314453125</AltitudeMeters>
                    </Trackpoint>
                    <Trackpoint>
                        <DistanceMeters>79.0</DistanceMeters>
                        <Time>2021-02-24T15:46:07.600Z</Time>
                        <Position>
                            <LatitudeDegrees>18.592086791992188</LatitudeDegrees>
                            <LongitudeDegrees>73.79610443115234</LongitudeDegrees>
                        </Position>
                        <AltitudeMeters>493.2060241699219</AltitudeMeters>
                    </Trackpoint>
                    <Trackpoint>
                        <DistanceMeters>79.0</DistanceMeters>
                        <Time>2021-02-24T15:46:08.160Z</Time>
                        <Position>
                            <LatitudeDegrees>18.59208106994629</LatitudeDegrees>
                            <LongitudeDegrees>73.79611206054688</LongitudeDegrees>
                        </Position>
                        <AltitudeMeters>493.2060241699219</AltitudeMeters>
                    </Trackpoint>
                    <Trackpoint>
                        <DistanceMeters>79.0</DistanceMeters>
                        <Time>2021-02-24T15:46:08.678Z</Time>
                        <Position>
                            <LatitudeDegrees>18.59207534790039</LatitudeDegrees>
                            <LongitudeDegrees>73.7961196899414</LongitudeDegrees>
                        </Position>
                        <AltitudeMeters>493.15533447265625</AltitudeMeters>
                    </Trackpoint>
                    <Trackpoint>
                        <DistanceMeters>79.0</DistanceMeters>
                        <Time>2021-02-24T15:46:09.159Z</Time>
                        <Position>
                            <LatitudeDegrees>18.592058181762695</LatitudeDegrees>
                            <LongitudeDegrees>73.7961196899414</LongitudeDegrees>
                        </Position>
                        <AltitudeMeters>493.1070556640625</AltitudeMeters>
                    </Trackpoint>
                    <Trackpoint>
                        <DistanceMeters>79.0</DistanceMeters>
                        <Time>2021-02-24T15:46:09.880Z</Time>
                        <Position>
                            <LatitudeDegrees>18.592042922973633</LatitudeDegrees>
                            <LongitudeDegrees>73.79612731933594</LongitudeDegrees>
                        </Position>
                        <AltitudeMeters>493.1070556640625</AltitudeMeters>
                    </Trackpoint>
                    <Trackpoint>
                        <DistanceMeters>79.0</DistanceMeters>
                        <Time>2021-02-24T15:46:10.440Z</Time>
                        <Position>
                            <LatitudeDegrees>18.59202766418457</LatitudeDegrees>
                            <LongitudeDegrees>73.79613494873047</LongitudeDegrees>
                        </Position>
                        <AltitudeMeters>493.091796875</AltitudeMeters>
                    </Trackpoint>
                    <Trackpoint>
                        <DistanceMeters>79.0</DistanceMeters>
                        <Time>2021-02-24T15:46:10.940Z</Time>
                        <Position>
                            <LatitudeDegrees>18.59202003479004</LatitudeDegrees>
                            <LongitudeDegrees>73.79613494873047</LongitudeDegrees>
                        </Position>
                        <AltitudeMeters>493.091796875</AltitudeMeters>
                    </Trackpoint>
                    <Trackpoint>
                        <DistanceMeters>79.0</DistanceMeters>
                        <Time>2021-02-24T15:46:11.539Z</Time>
                        <Position>
                            <LatitudeDegrees>18.592012405395508</LatitudeDegrees>
                            <LongitudeDegrees>73.796142578125</LongitudeDegrees>
                        </Position>
                        <AltitudeMeters>493.08502197265625</AltitudeMeters>
                    </Trackpoint>
                    <Trackpoint>
                        <DistanceMeters>79.0</DistanceMeters>
                        <Time>2021-02-24T15:46:12.061Z</Time>
                        <Position>
                            <LatitudeDegrees>18.592004776000977</LatitudeDegrees>
                            <LongitudeDegrees>73.796142578125</LongitudeDegrees>
                        </Position>
                        <AltitudeMeters>493.08502197265625</AltitudeMeters>
                    </Trackpoint>
                    <Trackpoint>
                        <DistanceMeters>79.0</DistanceMeters>
                        <Time>2021-02-24T15:46:12.661Z</Time>
                        <Position>
                            <LatitudeDegrees>18.591995239257812</LatitudeDegrees>
                            <LongitudeDegrees>73.796142578125</LongitudeDegrees>
                        </Position>
                        <AltitudeMeters>493.1259460449219</AltitudeMeters>
                    </Trackpoint>
                    <Trackpoint>
                        <DistanceMeters>79.0</DistanceMeters>
                        <Time>2021-02-24T15:46:13.153Z</Time>
                        <Position>
                            <LatitudeDegrees>18.59198570251465</LatitudeDegrees>
                            <LongitudeDegrees>73.796142578125</LongitudeDegrees>
                        </Position>
                        <AltitudeMeters>493.13616943359375</AltitudeMeters>
                    </Trackpoint>
                    <Trackpoint>
                        <DistanceMeters>79.0</DistanceMeters>
                        <Time>2021-02-24T15:46:13.859Z</Time>
                        <Position>
                            <LatitudeDegrees>18.591976165771484</LatitudeDegrees>
                            <LongitudeDegrees>73.796142578125</LongitudeDegrees>
                        </Position>
                        <AltitudeMeters>493.13616943359375</AltitudeMeters>
                    </Trackpoint>
                    <Trackpoint>
                        <DistanceMeters>79.0</DistanceMeters>
                        <Time>2021-02-24T15:46:14.422Z</Time>
                        <Position>
                            <LatitudeDegrees>18.591960906982422</LatitudeDegrees>
                            <LongitudeDegrees>73.796142578125</LongitudeDegrees>
                        </Position>
                        <AltitudeMeters>493.1150817871094</AltitudeMeters>
                    </Trackpoint>
                    <Trackpoint>
                        <DistanceMeters>79.0</DistanceMeters>
                        <Time>2021-02-24T15:46:15.154Z</Time>
                        <Position>
                            <LatitudeDegrees>18.59194564819336</LatitudeDegrees>
                            <LongitudeDegrees>73.796142578125</LongitudeDegrees>
                        </Position>
                        <AltitudeMeters>493.1084289550781</AltitudeMeters>
                    </Trackpoint>
                    <Trackpoint>
                        <DistanceMeters>79.0</DistanceMeters>
                        <Time>2021-02-24T15:46:15.760Z</Time>
                        <Position>
                            <LatitudeDegrees>18.591930389404297</LatitudeDegrees>
                            <LongitudeDegrees>73.796142578125</LongitudeDegrees>
                        </Position>
                        <AltitudeMeters>493.1084289550781</AltitudeMeters>
                    </Trackpoint>
                    <Trackpoint>
                        <DistanceMeters>79.0</DistanceMeters>
                        <Time>2021-02-24T15:46:16.155Z</Time>
                        <Position>
                            <LatitudeDegrees>18.591920852661133</LatitudeDegrees>
                            <LongitudeDegrees>73.796142578125</LongitudeDegrees>
                        </Position>
                        <AltitudeMeters>493.13995361328125</AltitudeMeters>
                    </Trackpoint>
                    <Trackpoint>
                        <DistanceMeters>79.0</DistanceMeters>
                        <Time>2021-02-24T15:46:16.901Z</Time>
                        <Position>
                            <LatitudeDegrees>18.591907501220703</LatitudeDegrees>
                            <LongitudeDegrees>73.796142578125</LongitudeDegrees>
                        </Position>
                        <AltitudeMeters>493.13995361328125</AltitudeMeters>
                    </Trackpoint>
                    <Trackpoint>
                        <DistanceMeters>79.0</DistanceMeters>
                        <Time>2021-02-24T15:46:17.155Z</Time>
                        <Position>
                            <LatitudeDegrees>18.59189796447754</LatitudeDegrees>
                            <LongitudeDegrees>73.796142578125</LongitudeDegrees>
                        </Position>
                        <AltitudeMeters>493.13323974609375</AltitudeMeters>
                    </Trackpoint>
                    <Trackpoint>
                        <DistanceMeters>79.0</DistanceMeters>
                        <Time>2021-02-24T15:46:18.059Z</Time>
                        <Position>
                            <LatitudeDegrees>18.591882705688477</LatitudeDegrees>
                            <LongitudeDegrees>73.79615020751953</LongitudeDegrees>
                        </Position>
                        <AltitudeMeters>493.2027587890625</AltitudeMeters>
                    </Trackpoint>
                    <Trackpoint>
                        <DistanceMeters>79.0</DistanceMeters>
                        <Time>2021-02-24T15:46:18.619Z</Time>
                        <Position>
                            <LatitudeDegrees>18.591876983642578</LatitudeDegrees>
                            <LongitudeDegrees>73.79615020751953</LongitudeDegrees>
                        </Position>
                        <AltitudeMeters>493.20172119140625</AltitudeMeters>
                    </Trackpoint>
                    <Trackpoint>
                        <DistanceMeters>79.0</DistanceMeters>
                        <Time>2021-02-24T15:46:19.139Z</Time>
                        <Position>
                            <LatitudeDegrees>18.591873168945312</LatitudeDegrees>
                            <LongitudeDegrees>73.796142578125</LongitudeDegrees>
                        </Position>
                        <AltitudeMeters>493.20172119140625</AltitudeMeters>
                    </Trackpoint>
                    <Trackpoint>
                        <DistanceMeters>79.0</DistanceMeters>
                        <Time>2021-02-24T15:46:19.781Z</Time>
                        <Position>
                            <LatitudeDegrees>18.59186553955078</LatitudeDegrees>
                            <LongitudeDegrees>73.796142578125</LongitudeDegrees>
                        </Position>
                        <AltitudeMeters>493.2217712402344</AltitudeMeters>
                    </Trackpoint>
                    <Trackpoint>
                        <DistanceMeters>79.0</DistanceMeters>
                        <Time>2021-02-24T15:46:20.157Z</Time>
                        <Position>
                            <LatitudeDegrees>18.591869354248047</LatitudeDegrees>
                            <LongitudeDegrees>73.79612731933594</LongitudeDegrees>
                        </Position>
                        <AltitudeMeters>493.24639892578125</AltitudeMeters>
                    </Trackpoint>
                    <Trackpoint>
                        <DistanceMeters>79.0</DistanceMeters>
                        <Time>2021-02-24T15:46:20.880Z</Time>
                        <Position>
                            <LatitudeDegrees>18.59186363220215</LatitudeDegrees>
                            <LongitudeDegrees>73.79612731933594</LongitudeDegrees>
                        </Position>
                        <AltitudeMeters>493.24639892578125</AltitudeMeters>
                    </Trackpoint>
                    <Trackpoint>
                        <DistanceMeters>79.0</DistanceMeters>
                        <Time>2021-02-24T15:46:21.158Z</Time>
                        <Position>
                            <LatitudeDegrees>18.591859817504883</LatitudeDegrees>
                            <LongitudeDegrees>73.79612731933594</LongitudeDegrees>
                        </Position>
                        <AltitudeMeters>493.30303955078125</AltitudeMeters>
                    </Trackpoint>
                    <Trackpoint>
                        <DistanceMeters>79.0</DistanceMeters>
                        <Time>2021-02-24T15:46:22.039Z</Time>
                        <Position>
                            <LatitudeDegrees>18.59185028076172</LatitudeDegrees>
                            <LongitudeDegrees>73.7961196899414</LongitudeDegrees>
                        </Position>
                        <AltitudeMeters>493.30303955078125</AltitudeMeters>
                    </Trackpoint>
                    <Trackpoint>
                        <DistanceMeters>79.0</DistanceMeters>
                        <Time>2021-02-24T15:46:22.581Z</Time>
                        <Position>
                            <LatitudeDegrees>18.59184455871582</LatitudeDegrees>
                            <LongitudeDegrees>73.7961196899414</LongitudeDegrees>
                        </Position>
                        <AltitudeMeters>493.3403015136719</AltitudeMeters>
                    </Trackpoint>
                    <Trackpoint>
                        <DistanceMeters>79.0</DistanceMeters>
                        <Time>2021-02-24T15:46:23.101Z</Time>
                        <Position>
                            <LatitudeDegrees>18.591838836669922</LatitudeDegrees>
                            <LongitudeDegrees>73.7961196899414</LongitudeDegrees>
                        </Position>
                        <AltitudeMeters>493.3403015136719</AltitudeMeters>
                    </Trackpoint>
                    <Trackpoint>
                        <DistanceMeters>79.0</DistanceMeters>
                        <Time>2021-02-24T15:46:23.660Z</Time>
                        <Position>
                            <LatitudeDegrees>18.59183120727539</LatitudeDegrees>
                            <LongitudeDegrees>73.7961196899414</LongitudeDegrees>
                        </Position>
                        <AltitudeMeters>493.34857177734375</AltitudeMeters>
                    </Trackpoint>
                    <Trackpoint>
                        <DistanceMeters>79.0</DistanceMeters>
                        <Time>2021-02-24T15:46:24.155Z</Time>
                        <Position>
                            <LatitudeDegrees>18.591825485229492</LatitudeDegrees>
                            <LongitudeDegrees>73.7961196899414</LongitudeDegrees>
                        </Position>
                        <AltitudeMeters>493.27923583984375</AltitudeMeters>
                    </Trackpoint>
                    <Trackpoint>
                        <DistanceMeters>79.0</DistanceMeters>
                        <Time>2021-02-24T15:46:24.700Z</Time>
                        <Position>
                            <LatitudeDegrees>18.591815948486328</LatitudeDegrees>
                            <LongitudeDegrees>73.79612731933594</LongitudeDegrees>
                        </Position>
                        <AltitudeMeters>493.27923583984375</AltitudeMeters>
                    </Trackpoint>
                    <Trackpoint>
                        <DistanceMeters>79.0</DistanceMeters>
                        <Time>2021-02-24T15:46:25.155Z</Time>
                        <Position>
                            <LatitudeDegrees>18.591814041137695</LatitudeDegrees>
                            <LongitudeDegrees>73.796142578125</LongitudeDegrees>
                        </Position>
                        <AltitudeMeters>493.26129150390625</AltitudeMeters>
                    </Trackpoint>
                    <Trackpoint>
                        <DistanceMeters>79.0</DistanceMeters>
                        <Time>2021-02-24T15:46:25.859Z</Time>
                        <Position>
                            <LatitudeDegrees>18.591808319091797</LatitudeDegrees>
                            <LongitudeDegrees>73.79613494873047</LongitudeDegrees>
                        </Position>
                        <AltitudeMeters>493.26129150390625</AltitudeMeters>
                    </Trackpoint>
                    <Trackpoint>
                        <DistanceMeters>79.0</DistanceMeters>
                        <Time>2021-02-24T15:46:26.401Z</Time>
                        <Position>
                            <LatitudeDegrees>18.5918025970459</LatitudeDegrees>
                            <LongitudeDegrees>73.79613494873047</LongitudeDegrees>
                        </Position>
                        <AltitudeMeters>493.2214660644531</AltitudeMeters>
                    </Trackpoint>
                    <Trackpoint>
                        <DistanceMeters>79.0</DistanceMeters>
                        <Time>2021-02-24T15:46:26.961Z</Time>
                        <Position>
                            <LatitudeDegrees>18.591794967651367</LatitudeDegrees>
                            <LongitudeDegrees>73.79613494873047</LongitudeDegrees>
                        </Position>
                        <AltitudeMeters>493.2214660644531</AltitudeMeters>
                    </Trackpoint>
                    <Trackpoint>
                        <DistanceMeters>79.0</DistanceMeters>
                        <Time>2021-02-24T15:46:27.520Z</Time>
                        <Position>
                            <LatitudeDegrees>18.591787338256836</LatitudeDegrees>
                            <LongitudeDegrees>73.796142578125</LongitudeDegrees>
                        </Position>
                        <AltitudeMeters>493.2027587890625</AltitudeMeters>
                    </Trackpoint>
                    <Trackpoint>
                        <DistanceMeters>79.0</DistanceMeters>
                        <Time>2021-02-24T15:46:28.045Z</Time>
                        <Position>
                            <LatitudeDegrees>18.591779708862305</LatitudeDegrees>
                            <LongitudeDegrees>73.796142578125</LongitudeDegrees>
                        </Position>
                        <AltitudeMeters>493.2027587890625</AltitudeMeters>
                    </Trackpoint>
                    <Trackpoint>
                        <DistanceMeters>79.0</DistanceMeters>
                        <Time>2021-02-24T15:46:28.679Z</Time>
                        <Position>
                            <LatitudeDegrees>18.591772079467773</LatitudeDegrees>
                            <LongitudeDegrees>73.796142578125</LongitudeDegrees>
                        </Position>
                        <AltitudeMeters>493.19976806640625</AltitudeMeters>
                    </Trackpoint>
                    <Trackpoint>
                        <DistanceMeters>79.0</DistanceMeters>
                        <Time>2021-02-24T15:46:29.154Z</Time>
                        <Position>
                            <LatitudeDegrees>18.59175682067871</LatitudeDegrees>
                            <LongitudeDegrees>73.7961654663086</LongitudeDegrees>
                        </Position>
                        <AltitudeMeters>493.2510986328125</AltitudeMeters>
                    </Trackpoint>
                    <Trackpoint>
                        <DistanceMeters>79.0</DistanceMeters>
                        <Time>2021-02-24T15:46:29.802Z</Time>
                        <Position>
                            <LatitudeDegrees>18.59174346923828</LatitudeDegrees>
                            <LongitudeDegrees>73.79618072509766</LongitudeDegrees>
                        </Position>
                        <AltitudeMeters>493.2510986328125</AltitudeMeters>
                    </Trackpoint>
                    <Trackpoint>
                        <DistanceMeters>79.0</DistanceMeters>
                        <Time>2021-02-24T15:46:30.420Z</Time>
                        <Position>
                            <LatitudeDegrees>18.59173011779785</LatitudeDegrees>
                            <LongitudeDegrees>73.79620361328125</LongitudeDegrees>
                        </Position>
                        <AltitudeMeters>493.27227783203125</AltitudeMeters>
                    </Trackpoint>
                    <Trackpoint>
                        <DistanceMeters>79.0</DistanceMeters>
                        <Time>2021-02-24T15:46:30.980Z</Time>
                        <Position>
                            <LatitudeDegrees>18.591718673706055</LatitudeDegrees>
                            <LongitudeDegrees>73.79621887207031</LongitudeDegrees>
                        </Position>
                        <AltitudeMeters>493.27227783203125</AltitudeMeters>
                    </Trackpoint>
                    <Trackpoint>
                        <DistanceMeters>79.0</DistanceMeters>
                        <Time>2021-02-24T15:46:31.559Z</Time>
                        <Position>
                            <LatitudeDegrees>18.59170913696289</LatitudeDegrees>
                            <LongitudeDegrees>73.79622650146484</LongitudeDegrees>
                        </Position>
                        <AltitudeMeters>493.2447204589844</AltitudeMeters>
                    </Trackpoint>
                    <Trackpoint>
                        <DistanceMeters>79.0</DistanceMeters>
                        <Time>2021-02-24T15:46:32.080Z</Time>
                        <Position>
                            <LatitudeDegrees>18.591699600219727</LatitudeDegrees>
                            <LongitudeDegrees>73.79623413085938</LongitudeDegrees>
                        </Position>
                        <AltitudeMeters>493.2447204589844</AltitudeMeters>
                    </Trackpoint>
                    <Trackpoint>
                        <DistanceMeters>79.0</DistanceMeters>
                        <Time>2021-02-24T15:46:32.684Z</Time>
                        <Position>
                            <LatitudeDegrees>18.59169578552246</LatitudeDegrees>
                            <LongitudeDegrees>73.79625701904297</LongitudeDegrees>
                        </Position>
                        <AltitudeMeters>493.1923828125</AltitudeMeters>
                    </Trackpoint>
                    <Trackpoint>
                        <DistanceMeters>79.0</DistanceMeters>
                        <Time>2021-02-24T15:46:33.160Z</Time>
                        <Position>
                            <LatitudeDegrees>18.591691970825195</LatitudeDegrees>
                            <LongitudeDegrees>73.79625701904297</LongitudeDegrees>
                        </Position>
                        <AltitudeMeters>493.1546630859375</AltitudeMeters>
                    </Trackpoint>
                    <Trackpoint>
                        <DistanceMeters>79.0</DistanceMeters>
                        <Time>2021-02-24T15:46:33.781Z</Time>
                        <Position>
                            <LatitudeDegrees>18.591684341430664</LatitudeDegrees>
                            <LongitudeDegrees>73.79625701904297</LongitudeDegrees>
                        </Position>
                        <AltitudeMeters>493.1546630859375</AltitudeMeters>
                    </Trackpoint>
                    <Trackpoint>
                        <DistanceMeters>79.0</DistanceMeters>
                        <Time>2021-02-24T15:46:34.338Z</Time>
                        <Position>
                            <LatitudeDegrees>18.5916805267334</LatitudeDegrees>
                            <LongitudeDegrees>73.7962646484375</LongitudeDegrees>
                        </Position>
                        <AltitudeMeters>493.1222839355469</AltitudeMeters>
                    </Trackpoint>
                    <Trackpoint>
                        <DistanceMeters>79.0</DistanceMeters>
                        <Time>2021-02-24T15:46:34.859Z</Time>
                        <Position>
                            <LatitudeDegrees>18.5916748046875</LatitudeDegrees>
                            <LongitudeDegrees>73.79627227783203</LongitudeDegrees>
                        </Position>
                        <AltitudeMeters>493.1222839355469</AltitudeMeters>
                    </Trackpoint>
                    <Trackpoint>
                        <DistanceMeters>79.0</DistanceMeters>
                        <Time>2021-02-24T15:46:35.438Z</Time>
                        <Position>
                            <LatitudeDegrees>18.5916748046875</LatitudeDegrees>
                            <LongitudeDegrees>73.79627990722656</LongitudeDegrees>
                        </Position>
                        <AltitudeMeters>493.23931884765625</AltitudeMeters>
                    </Trackpoint>
                    <Trackpoint>
                        <DistanceMeters>79.0</DistanceMeters>
                        <Time>2021-02-24T15:46:35.945Z</Time>
                        <Position>
                            <LatitudeDegrees>18.591672897338867</LatitudeDegrees>
                            <LongitudeDegrees>73.79627990722656</LongitudeDegrees>
                        </Position>
                        <AltitudeMeters>493.23931884765625</AltitudeMeters>
                    </Trackpoint>
                    <Trackpoint>
                        <DistanceMeters>79.0</DistanceMeters>
                        <Time>2021-02-24T15:46:36.521Z</Time>
                        <Position>
                            <LatitudeDegrees>18.59166717529297</LatitudeDegrees>
                            <LongitudeDegrees>73.79627990722656</LongitudeDegrees>
                        </Position>
                        <AltitudeMeters>493.23284912109375</AltitudeMeters>
                    </Trackpoint>
                    <Trackpoint>
                        <DistanceMeters>79.0</DistanceMeters>
                        <Time>2021-02-24T15:46:37.041Z</Time>
                        <Position>
                            <LatitudeDegrees>18.59166145324707</LatitudeDegrees>
                            <LongitudeDegrees>73.79627990722656</LongitudeDegrees>
                        </Position>
                        <AltitudeMeters>493.23284912109375</AltitudeMeters>
                    </Trackpoint>
                    <Trackpoint>
                        <DistanceMeters>79.0</DistanceMeters>
                        <Time>2021-02-24T15:46:37.561Z</Time>
                        <Position>
                            <LatitudeDegrees>18.591655731201172</LatitudeDegrees>
                            <LongitudeDegrees>73.79627990722656</LongitudeDegrees>
                        </Position>
                        <AltitudeMeters>493.2790832519531</AltitudeMeters>
                    </Trackpoint>
                    <Trackpoint>
                        <DistanceMeters>79.0</DistanceMeters>
                        <Time>2021-02-24T15:46:38.153Z</Time>
                        <Position>
                            <LatitudeDegrees>18.591650009155273</LatitudeDegrees>
                            <LongitudeDegrees>73.7962875366211</LongitudeDegrees>
                        </Position>
                        <AltitudeMeters>493.2576599121094</AltitudeMeters>
                    </Trackpoint>
                    <Trackpoint>
                        <DistanceMeters>79.0</DistanceMeters>
                        <Time>2021-02-24T15:46:38.699Z</Time>
                        <Position>
                            <LatitudeDegrees>18.591642379760742</LatitudeDegrees>
                            <LongitudeDegrees>73.7962875366211</LongitudeDegrees>
                        </Position>
                        <AltitudeMeters>493.2576599121094</AltitudeMeters>
                    </Trackpoint>
                    <Trackpoint>
                        <DistanceMeters>79.0</DistanceMeters>
                        <Time>2021-02-24T15:46:39.281Z</Time>
                        <Position>
                            <LatitudeDegrees>18.591636657714844</LatitudeDegrees>
                            <LongitudeDegrees>73.7962875366211</LongitudeDegrees>
                        </Position>
                        <AltitudeMeters>493.2308654785156</AltitudeMeters>
                    </Trackpoint>
                    <Trackpoint>
                        <DistanceMeters>79.0</DistanceMeters>
                        <Time>2021-02-24T15:46:39.920Z</Time>
                        <Position>
                            <LatitudeDegrees>18.591629028320312</LatitudeDegrees>
                            <LongitudeDegrees>73.79629516601562</LongitudeDegrees>
                        </Position>
                        <AltitudeMeters>493.2308654785156</AltitudeMeters>
                    </Trackpoint>
                    <Trackpoint>
                        <DistanceMeters>79.0</DistanceMeters>
                        <Time>2021-02-24T15:46:40.500Z</Time>
                        <Position>
                            <LatitudeDegrees>18.591630935668945</LatitudeDegrees>
                            <LongitudeDegrees>73.79630279541016</LongitudeDegrees>
                        </Position>
                        <AltitudeMeters>493.1971435546875</AltitudeMeters>
                    </Trackpoint>
                    <Trackpoint>
                        <DistanceMeters>79.0</DistanceMeters>
                        <Time>2021-02-24T15:46:41.039Z</Time>
                        <Position>
                            <LatitudeDegrees>18.59162712097168</LatitudeDegrees>
                            <LongitudeDegrees>73.79630279541016</LongitudeDegrees>
                        </Position>
                        <AltitudeMeters>493.1971435546875</AltitudeMeters>
                    </Trackpoint>
                    <Trackpoint>
                        <DistanceMeters>79.0</DistanceMeters>
                        <Time>2021-02-24T15:46:41.579Z</Time>
                        <Position>
                            <LatitudeDegrees>18.591623306274414</LatitudeDegrees>
                            <LongitudeDegrees>73.79630279541016</LongitudeDegrees>
                        </Position>
                        <AltitudeMeters>493.1620788574219</AltitudeMeters>
                    </Trackpoint>
                    <Trackpoint>
                        <DistanceMeters>79.0</DistanceMeters>
                        <Time>2021-02-24T15:46:42.138Z</Time>
                        <Position>
                            <LatitudeDegrees>18.591617584228516</LatitudeDegrees>
                            <LongitudeDegrees>73.79630279541016</LongitudeDegrees>
                        </Position>
                        <AltitudeMeters>493.1620788574219</AltitudeMeters>
                    </Trackpoint>
                    <Trackpoint>
                        <DistanceMeters>79.0</DistanceMeters>
                        <Time>2021-02-24T15:46:42.701Z</Time>
                        <Position>
                            <LatitudeDegrees>18.591611862182617</LatitudeDegrees>
                            <LongitudeDegrees>73.79630279541016</LongitudeDegrees>
                        </Position>
                        <AltitudeMeters>493.1484069824219</AltitudeMeters>
                    </Trackpoint>
                    <Trackpoint>
                        <DistanceMeters>79.0</DistanceMeters>
                        <Time>2021-02-24T15:46:43.322Z</Time>
                        <Position>
                            <LatitudeDegrees>18.591604232788086</LatitudeDegrees>
                            <LongitudeDegrees>73.79631042480469</LongitudeDegrees>
                        </Position>
                        <AltitudeMeters>493.15911865234375</AltitudeMeters>
                    </Trackpoint>
                    <Trackpoint>
                        <DistanceMeters>79.0</DistanceMeters>
                        <Time>2021-02-24T15:46:43.840Z</Time>
                        <Position>
                            <LatitudeDegrees>18.591598510742188</LatitudeDegrees>
                            <LongitudeDegrees>73.79631042480469</LongitudeDegrees>
                        </Position>
                        <AltitudeMeters>493.15911865234375</AltitudeMeters>
                    </Trackpoint>
                    <Trackpoint>
                        <DistanceMeters>79.0</DistanceMeters>
                        <Time>2021-02-24T15:46:44.419Z</Time>
                        <Position>
                            <LatitudeDegrees>18.591590881347656</LatitudeDegrees>
                            <LongitudeDegrees>73.79631042480469</LongitudeDegrees>
                        </Position>
                        <AltitudeMeters>493.1781311035156</AltitudeMeters>
                    </Trackpoint>
                    <Trackpoint>
                        <DistanceMeters>79.0</DistanceMeters>
                        <Time>2021-02-24T15:46:44.860Z</Time>
                        <Position>
                            <LatitudeDegrees>18.591585159301758</LatitudeDegrees>
                            <LongitudeDegrees>73.79631042480469</LongitudeDegrees>
                        </Position>
                        <AltitudeMeters>493.1781311035156</AltitudeMeters>
                    </Trackpoint>
                    <Trackpoint>
                        <DistanceMeters>79.0</DistanceMeters>
                        <Time>2021-02-24T15:46:45.479Z</Time>
                        <Position>
                            <LatitudeDegrees>18.591577529907227</LatitudeDegrees>
                            <LongitudeDegrees>73.79631805419922</LongitudeDegrees>
                        </Position>
                        <AltitudeMeters>493.1690979003906</AltitudeMeters>
                    </Trackpoint>
                    <Trackpoint>
                        <DistanceMeters>79.0</DistanceMeters>
                        <Time>2021-02-24T15:46:46.081Z</Time>
                        <Position>
                            <LatitudeDegrees>18.591569900512695</LatitudeDegrees>
                            <LongitudeDegrees>73.79631805419922</LongitudeDegrees>
                        </Position>
                        <AltitudeMeters>493.1690979003906</AltitudeMeters>
                    </Trackpoint>
                    <Trackpoint>
                        <DistanceMeters>79.0</DistanceMeters>
                        <Time>2021-02-24T15:46:46.579Z</Time>
                        <Position>
                            <LatitudeDegrees>18.591562271118164</LatitudeDegrees>
                            <LongitudeDegrees>73.79631805419922</LongitudeDegrees>
                        </Position>
                        <AltitudeMeters>493.16827392578125</AltitudeMeters>
                    </Trackpoint>
                    <Trackpoint>
                        <DistanceMeters>79.0</DistanceMeters>
                        <Time>2021-02-24T15:46:47.162Z</Time>
                        <Position>
                            <LatitudeDegrees>18.591556549072266</LatitudeDegrees>
                            <LongitudeDegrees>73.79631805419922</LongitudeDegrees>
                        </Position>
                        <AltitudeMeters>493.16827392578125</AltitudeMeters>
                    </Trackpoint>
                    <Trackpoint>
                        <DistanceMeters>79.0</DistanceMeters>
                        <Time>2021-02-24T15:46:47.661Z</Time>
                        <Position>
                            <LatitudeDegrees>18.591550827026367</LatitudeDegrees>
                            <LongitudeDegrees>73.79633331298828</LongitudeDegrees>
                        </Position>
                        <AltitudeMeters>493.2771301269531</AltitudeMeters>
                    </Trackpoint>
                    <Trackpoint>
                        <DistanceMeters>79.0</DistanceMeters>
                        <Time>2021-02-24T15:46:48.258Z</Time>
                        <Position>
                            <LatitudeDegrees>18.5915470123291</LatitudeDegrees>
                            <LongitudeDegrees>73.79634094238281</LongitudeDegrees>
                        </Position>
                        <AltitudeMeters>493.2505187988281</AltitudeMeters>
                    </Trackpoint>
                    <Trackpoint>
                        <DistanceMeters>79.0</DistanceMeters>
                        <Time>2021-02-24T15:46:48.779Z</Time>
                        <Position>
                            <LatitudeDegrees>18.591543197631836</LatitudeDegrees>
                            <LongitudeDegrees>73.79634857177734</LongitudeDegrees>
                        </Position>
                        <AltitudeMeters>493.2505187988281</AltitudeMeters>
                    </Trackpoint>
                    <Trackpoint>
                        <DistanceMeters>79.0</DistanceMeters>
                        <Time>2021-02-24T15:46:49.341Z</Time>
                        <Position>
                            <LatitudeDegrees>18.59153938293457</LatitudeDegrees>
                            <LongitudeDegrees>73.79635620117188</LongitudeDegrees>
                        </Position>
                        <AltitudeMeters>493.28271484375</AltitudeMeters>
                    </Trackpoint>
                    <Trackpoint>
                        <DistanceMeters>79.0</DistanceMeters>
                        <Time>2021-02-24T15:46:50.421Z</Time>
                        <Position>
                            <LatitudeDegrees>18.591535568237305</LatitudeDegrees>
                            <LongitudeDegrees>73.79637145996094</LongitudeDegrees>
                        </Position>
                        <AltitudeMeters>493.4016418457031</AltitudeMeters>
                    </Trackpoint>
                    <Trackpoint>
                        <DistanceMeters>79.0</DistanceMeters>
                        <Time>2021-02-24T15:46:51.156Z</Time>
                        <Position>
                            <LatitudeDegrees>18.591535568237305</LatitudeDegrees>
                            <LongitudeDegrees>73.79637145996094</LongitudeDegrees>
                        </Position>
                        <AltitudeMeters>493.4473571777344</AltitudeMeters>
                    </Trackpoint>
                    <Trackpoint>
                        <DistanceMeters>79.0</DistanceMeters>
                        <Time>2021-02-24T15:46:52.059Z</Time>
                        <Position>
                            <LatitudeDegrees>18.59153175354004</LatitudeDegrees>
                            <LongitudeDegrees>73.79638671875</LongitudeDegrees>
                        </Position>
                        <AltitudeMeters>493.4473571777344</AltitudeMeters>
                    </Trackpoint>
                    <Trackpoint>
                        <DistanceMeters>79.0</DistanceMeters>
                        <Time>2021-02-24T15:46:52.160Z</Time>
                        <Position>
                            <LatitudeDegrees>18.59153175354004</LatitudeDegrees>
                            <LongitudeDegrees>73.79638671875</LongitudeDegrees>
                        </Position>
                        <AltitudeMeters>493.4063720703125</AltitudeMeters>
                    </Trackpoint>
                    <Trackpoint>
                        <DistanceMeters>79.0</DistanceMeters>
                        <Time>2021-02-24T15:46:53.139Z</Time>
                        <Position>
                            <LatitudeDegrees>18.591529846191406</LatitudeDegrees>
                            <LongitudeDegrees>73.79639434814453</LongitudeDegrees>
                        </Position>
                        <AltitudeMeters>493.4063720703125</AltitudeMeters>
                    </Trackpoint>
                    <Trackpoint>
                        <DistanceMeters>79.0</DistanceMeters>
                        <Time>2021-02-24T15:46:53.681Z</Time>
                        <Position>
                            <LatitudeDegrees>18.591527938842773</LatitudeDegrees>
                            <LongitudeDegrees>73.79640197753906</LongitudeDegrees>
                        </Position>
                        <AltitudeMeters>493.4103088378906</AltitudeMeters>
                    </Trackpoint>
                    <Trackpoint>
                        <DistanceMeters>79.0</DistanceMeters>
                        <Time>2021-02-24T15:46:54.152Z</Time>
                        <Position>
                            <LatitudeDegrees>18.59152603149414</LatitudeDegrees>
                            <LongitudeDegrees>73.7964096069336</LongitudeDegrees>
                        </Position>
                        <AltitudeMeters>493.40740966796875</AltitudeMeters>
                    </Trackpoint>
                    <Trackpoint>
                        <DistanceMeters>79.0</DistanceMeters>
                        <Time>2021-02-24T15:46:54.820Z</Time>
                        <Position>
                            <LatitudeDegrees>18.591524124145508</LatitudeDegrees>
                            <LongitudeDegrees>73.79641723632812</LongitudeDegrees>
                        </Position>
                        <AltitudeMeters>493.40740966796875</AltitudeMeters>
                    </Trackpoint>
                    <Trackpoint>
                        <DistanceMeters>79.0</DistanceMeters>
                        <Time>2021-02-24T15:46:55.943Z</Time>
                        <Position>
                            <LatitudeDegrees>18.591527938842773</LatitudeDegrees>
                            <LongitudeDegrees>73.79644012451172</LongitudeDegrees>
                        </Position>
                        <AltitudeMeters>493.4565124511719</AltitudeMeters>
                    </Trackpoint>
                    <Trackpoint>
                        <DistanceMeters>79.0</DistanceMeters>
                        <Time>2021-02-24T15:46:56.439Z</Time>
                        <Position>
                            <LatitudeDegrees>18.591529846191406</LatitudeDegrees>
                            <LongitudeDegrees>73.79644012451172</LongitudeDegrees>
                        </Position>
                        <AltitudeMeters>493.441162109375</AltitudeMeters>
                    </Trackpoint>
                    <Trackpoint>
                        <DistanceMeters>79.0</DistanceMeters>
                        <Time>2021-02-24T15:46:57.001Z</Time>
                        <Position>
                            <LatitudeDegrees>18.591527938842773</LatitudeDegrees>
                            <LongitudeDegrees>73.79644775390625</LongitudeDegrees>
                        </Position>
                        <AltitudeMeters>493.441162109375</AltitudeMeters>
                    </Trackpoint>
                    <Trackpoint>
                        <DistanceMeters>79.0</DistanceMeters>
                        <Time>2021-02-24T15:46:57.541Z</Time>
                        <Position>
                            <LatitudeDegrees>18.59152603149414</LatitudeDegrees>
                            <LongitudeDegrees>73.79644775390625</LongitudeDegrees>
                        </Position>
                        <AltitudeMeters>493.4535827636719</AltitudeMeters>
                    </Trackpoint>
                    <Trackpoint>
                        <DistanceMeters>79.0</DistanceMeters>
                        <Time>2021-02-24T15:46:58.158Z</Time>
                        <Position>
                            <LatitudeDegrees>18.591522216796875</LatitudeDegrees>
                            <LongitudeDegrees>73.79645538330078</LongitudeDegrees>
                        </Position>
                        <AltitudeMeters>493.4322814941406</AltitudeMeters>
                    </Trackpoint>
                    <Trackpoint>
                        <DistanceMeters>79.0</DistanceMeters>
                        <Time>2021-02-24T15:46:58.721Z</Time>
                        <Position>
                            <LatitudeDegrees>18.59151840209961</LatitudeDegrees>
                            <LongitudeDegrees>73.79645538330078</LongitudeDegrees>
                        </Position>
                        <AltitudeMeters>493.4322814941406</AltitudeMeters>
                    </Trackpoint>
                    <Trackpoint>
                        <DistanceMeters>79.0</DistanceMeters>
                        <Time>2021-02-24T15:46:59.199Z</Time>
                        <Position>
                            <LatitudeDegrees>18.591516494750977</LatitudeDegrees>
                            <LongitudeDegrees>73.79646301269531</LongitudeDegrees>
                        </Position>
                        <AltitudeMeters>493.3976745605469</AltitudeMeters>
                    </Trackpoint>
                    <Trackpoint>
                        <DistanceMeters>79.0</DistanceMeters>
                        <Time>2021-02-24T15:46:59.860Z</Time>
                        <Position>
                            <LatitudeDegrees>18.59151268005371</LatitudeDegrees>
                            <LongitudeDegrees>73.79647064208984</LongitudeDegrees>
                        </Position>
                        <AltitudeMeters>493.3976745605469</AltitudeMeters>
                    </Trackpoint>
                    <Trackpoint>
                        <DistanceMeters>79.0</DistanceMeters>
                        <Time>2021-02-24T15:47:00.000Z</Time>
                    </Trackpoint>
                </Track>
                <DistanceMeters>79.0</DistanceMeters>
                <TotalTimeSeconds>60.0</TotalTimeSeconds>
                <Calories>5.636666774749756</Calories>
                <Intensity>Active</Intensity>
                <TriggerMethod>Manual</TriggerMethod>
            </Lap>
        </Activity>
        <Activity Sport="Walking">
            <Id>2021-02-24T15:47:00.000Z</Id>
            <Lap StartTime="2021-02-24T15:47:00.000Z">
                <Track>
                    <Trackpoint>
                        <DistanceMeters>0.0</DistanceMeters>
                        <Time>2021-02-24T15:47:00.000Z</Time>
                    </Trackpoint>
                    <Trackpoint>
                        <DistanceMeters>80.0</DistanceMeters>
                        <Time>2021-02-24T15:47:00.381Z</Time>
                        <Position>
                            <LatitudeDegrees>18.591510772705078</LatitudeDegrees>
                            <LongitudeDegrees>73.79647064208984</LongitudeDegrees>
                        </Position>
                        <AltitudeMeters>493.4085388183594</AltitudeMeters>
                    </Trackpoint>
                    <Trackpoint>
                        <DistanceMeters>80.0</DistanceMeters>
                        <Time>2021-02-24T15:47:00.940Z</Time>
                        <Position>
                            <LatitudeDegrees>18.591506958007812</LatitudeDegrees>
                            <LongitudeDegrees>73.79647827148438</LongitudeDegrees>
                        </Position>
                        <AltitudeMeters>493.4085388183594</AltitudeMeters>
                    </Trackpoint>
                    <Trackpoint>
                        <DistanceMeters>80.0</DistanceMeters>
                        <Time>2021-02-24T15:47:01.460Z</Time>
                        <Position>
                            <LatitudeDegrees>18.591503143310547</LatitudeDegrees>
                            <LongitudeDegrees>73.79647827148438</LongitudeDegrees>
                        </Position>
                        <AltitudeMeters>493.3791198730469</AltitudeMeters>
                    </Trackpoint>
                    <Trackpoint>
                        <DistanceMeters>80.0</DistanceMeters>
                        <Time>2021-02-24T15:47:02.020Z</Time>
                        <Position>
                            <LatitudeDegrees>18.59149932861328</LatitudeDegrees>
                            <LongitudeDegrees>73.7964859008789</LongitudeDegrees>
                        </Position>
                        <AltitudeMeters>493.3791198730469</AltitudeMeters>
                    </Trackpoint>
                    <Trackpoint>
                        <DistanceMeters>80.0</DistanceMeters>
                        <Time>2021-02-24T15:47:02.618Z</Time>
                        <Position>
                            <LatitudeDegrees>18.59149742126465</LatitudeDegrees>
                            <LongitudeDegrees>73.79647827148438</LongitudeDegrees>
                        </Position>
                        <AltitudeMeters>493.53912353515625</AltitudeMeters>
                    </Trackpoint>
                    <Trackpoint>
                        <DistanceMeters>80.0</DistanceMeters>
                        <Time>2021-02-24T15:47:03.155Z</Time>
                        <Position>
                            <LatitudeDegrees>18.591493606567383</LatitudeDegrees>
                            <LongitudeDegrees>73.79647827148438</LongitudeDegrees>
                        </Position>
                        <AltitudeMeters>493.4933166503906</AltitudeMeters>
                    </Trackpoint>
                    <Trackpoint>
                        <DistanceMeters>80.0</DistanceMeters>
                        <Time>2021-02-24T15:47:03.900Z</Time>
                        <Position>
                            <LatitudeDegrees>18.59148597717285</LatitudeDegrees>
                            <LongitudeDegrees>73.79647827148438</LongitudeDegrees>
                        </Position>
                        <AltitudeMeters>493.4933166503906</AltitudeMeters>
                    </Trackpoint>
                    <Trackpoint>
                        <DistanceMeters>80.0</DistanceMeters>
                        <Time>2021-02-24T15:47:04.300Z</Time>
                        <Position>
                            <LatitudeDegrees>18.591480255126953</LatitudeDegrees>
                            <LongitudeDegrees>73.79647827148438</LongitudeDegrees>
                        </Position>
                        <AltitudeMeters>493.5028991699219</AltitudeMeters>
                    </Trackpoint>
                    <Trackpoint>
                        <DistanceMeters>80.0</DistanceMeters>
                        <Time>2021-02-24T15:47:04.840Z</Time>
                        <Position>
                            <LatitudeDegrees>18.591474533081055</LatitudeDegrees>
                            <LongitudeDegrees>73.79647827148438</LongitudeDegrees>
                        </Position>
                        <AltitudeMeters>493.5028991699219</AltitudeMeters>
                    </Trackpoint>
                    <Trackpoint>
                        <DistanceMeters>80.0</DistanceMeters>
                        <Time>2021-02-24T15:47:06.155Z</Time>
                        <Position>
                            <LatitudeDegrees>18.591466903686523</LatitudeDegrees>
                            <LongitudeDegrees>73.79647064208984</LongitudeDegrees>
                        </Position>
                        <AltitudeMeters>493.5920715332031</AltitudeMeters>
                    </Trackpoint>
                    <Trackpoint>
                        <DistanceMeters>80.0</DistanceMeters>
                        <Time>2021-02-24T15:47:06.439Z</Time>
                        <Position>
                            <LatitudeDegrees>18.59146499633789</LatitudeDegrees>
                            <LongitudeDegrees>73.79646301269531</LongitudeDegrees>
                        </Position>
                        <AltitudeMeters>493.5920715332031</AltitudeMeters>
                    </Trackpoint>
                    <Trackpoint>
                        <DistanceMeters>80.0</DistanceMeters>
                        <Time>2021-02-24T15:47:07.002Z</Time>
                        <Position>
                            <LatitudeDegrees>18.591459274291992</LatitudeDegrees>
                            <LongitudeDegrees>73.79645538330078</LongitudeDegrees>
                        </Position>
                        <AltitudeMeters>493.5920715332031</AltitudeMeters>
                    </Trackpoint>
                    <Trackpoint>
                        <DistanceMeters>80.0</DistanceMeters>
                        <Time>2021-02-24T15:47:07.561Z</Time>
                        <Position>
                            <LatitudeDegrees>18.591453552246094</LatitudeDegrees>
                            <LongitudeDegrees>73.79645538330078</LongitudeDegrees>
                        </Position>
                        <AltitudeMeters>493.67755126953125</AltitudeMeters>
                    </Trackpoint>
                    <Trackpoint>
                        <DistanceMeters>80.0</DistanceMeters>
                        <Time>2021-02-24T15:47:08.140Z</Time>
                        <Position>
                            <LatitudeDegrees>18.591447830200195</LatitudeDegrees>
                            <LongitudeDegrees>73.79644775390625</LongitudeDegrees>
                        </Position>
                        <AltitudeMeters>493.67755126953125</AltitudeMeters>
                    </Trackpoint>
                    <Trackpoint>
                        <DistanceMeters>80.0</DistanceMeters>
                        <Time>2021-02-24T15:47:08.660Z</Time>
                        <Position>
                            <LatitudeDegrees>18.591442108154297</LatitudeDegrees>
                            <LongitudeDegrees>73.79644775390625</LongitudeDegrees>
                        </Position>
                        <AltitudeMeters>493.6885986328125</AltitudeMeters>
                    </Trackpoint>
                    <Trackpoint>
                        <DistanceMeters>80.0</DistanceMeters>
                        <Time>2021-02-24T15:47:09.219Z</Time>
                        <Position>
                            <LatitudeDegrees>18.5914363861084</LatitudeDegrees>
                            <LongitudeDegrees>73.79644775390625</LongitudeDegrees>
                        </Position>
                        <AltitudeMeters>493.7176208496094</AltitudeMeters>
                    </Trackpoint>
                    <Trackpoint>
                        <DistanceMeters>80.0</DistanceMeters>
                        <Time>2021-02-24T15:47:09.779Z</Time>
                        <Position>
                            <LatitudeDegrees>18.591428756713867</LatitudeDegrees>
                            <LongitudeDegrees>73.79644775390625</LongitudeDegrees>
                        </Position>
                        <AltitudeMeters>493.7176208496094</AltitudeMeters>
                    </Trackpoint>
                    <Trackpoint>
                        <DistanceMeters>80.0</DistanceMeters>
                        <Time>2021-02-24T15:47:10.900Z</Time>
                        <Position>
                            <LatitudeDegrees>18.591428756713867</LatitudeDegrees>
                            <LongitudeDegrees>73.79642486572266</LongitudeDegrees>
                        </Position>
                        <AltitudeMeters>493.75897216796875</AltitudeMeters>
                    </Trackpoint>
                    <Trackpoint>
                        <DistanceMeters>80.0</DistanceMeters>
                        <Time>2021-02-24T15:47:11.439Z</Time>
                        <Position>
                            <LatitudeDegrees>18.5914306640625</LatitudeDegrees>
                            <LongitudeDegrees>73.79641723632812</LongitudeDegrees>
                        </Position>
                        <AltitudeMeters>493.7948913574219</AltitudeMeters>
                    </Trackpoint>
                    <Trackpoint>
                        <DistanceMeters>80.0</DistanceMeters>
                        <Time>2021-02-24T15:47:12.019Z</Time>
                        <Position>
                            <LatitudeDegrees>18.591426849365234</LatitudeDegrees>
                            <LongitudeDegrees>73.7964096069336</LongitudeDegrees>
                        </Position>
                        <AltitudeMeters>493.7948913574219</AltitudeMeters>
                    </Trackpoint>
                    <Trackpoint>
                        <DistanceMeters>80.0</DistanceMeters>
                        <Time>2021-02-24T15:47:12.538Z</Time>
                        <Position>
                            <LatitudeDegrees>18.59142303466797</LatitudeDegrees>
                            <LongitudeDegrees>73.7964096069336</LongitudeDegrees>
                        </Position>
                        <AltitudeMeters>493.7851867675781</AltitudeMeters>
                    </Trackpoint>
                    <Trackpoint>
                        <DistanceMeters>80.0</DistanceMeters>
                        <Time>2021-02-24T15:47:13.118Z</Time>
                        <Position>
                            <LatitudeDegrees>18.59141731262207</LatitudeDegrees>
                            <LongitudeDegrees>73.79640197753906</LongitudeDegrees>
                        </Position>
                        <AltitudeMeters>493.7851867675781</AltitudeMeters>
                    </Trackpoint>
                    <Trackpoint>
                        <DistanceMeters>80.0</DistanceMeters>
                        <Time>2021-02-24T15:47:13.681Z</Time>
                        <Position>
                            <LatitudeDegrees>18.59140968322754</LatitudeDegrees>
                            <LongitudeDegrees>73.79640197753906</LongitudeDegrees>
                        </Position>
                        <AltitudeMeters>493.7799987792969</AltitudeMeters>
                    </Trackpoint>
                    <Trackpoint>
                        <DistanceMeters>80.0</DistanceMeters>
                        <Time>2021-02-24T15:47:14.201Z</Time>
                        <Position>
                            <LatitudeDegrees>18.591402053833008</LatitudeDegrees>
                            <LongitudeDegrees>73.79640197753906</LongitudeDegrees>
                        </Position>
                        <AltitudeMeters>493.7987976074219</AltitudeMeters>
                    </Trackpoint>
                    <Trackpoint>
                        <DistanceMeters>80.0</DistanceMeters>
                        <Time>2021-02-24T15:47:14.820Z</Time>
                        <Position>
                            <LatitudeDegrees>18.591394424438477</LatitudeDegrees>
                            <LongitudeDegrees>73.79640197753906</LongitudeDegrees>
                        </Position>
                        <AltitudeMeters>493.7987976074219</AltitudeMeters>
                    </Trackpoint>
                    <Trackpoint>
                        <DistanceMeters>80.0</DistanceMeters>
                        <Time>2021-02-24T15:47:15.380Z</Time>
                        <Position>
                            <LatitudeDegrees>18.59138298034668</LatitudeDegrees>
                            <LongitudeDegrees>73.7964096069336</LongitudeDegrees>
                        </Position>
                        <AltitudeMeters>493.8558654785156</AltitudeMeters>
                    </Trackpoint>
                    <Trackpoint>
                        <DistanceMeters>80.0</DistanceMeters>
                        <Time>2021-02-24T15:47:15.960Z</Time>
                        <Position>
                            <LatitudeDegrees>18.59137535095215</LatitudeDegrees>
                            <LongitudeDegrees>73.79641723632812</LongitudeDegrees>
                        </Position>
                        <AltitudeMeters>493.8558654785156</AltitudeMeters>
                    </Trackpoint>
                    <Trackpoint>
                        <DistanceMeters>80.0</DistanceMeters>
                        <Time>2021-02-24T15:47:16.541Z</Time>
                        <Position>
                            <LatitudeDegrees>18.59136390686035</LatitudeDegrees>
                            <LongitudeDegrees>73.79642486572266</LongitudeDegrees>
                        </Position>
                        <AltitudeMeters>493.899658203125</AltitudeMeters>
                    </Trackpoint>
                    <Trackpoint>
                        <DistanceMeters>80.0</DistanceMeters>
                        <Time>2021-02-24T15:47:17.061Z</Time>
                        <Position>
                            <LatitudeDegrees>18.591354370117188</LatitudeDegrees>
                            <LongitudeDegrees>73.79642486572266</LongitudeDegrees>
                        </Position>
                        <AltitudeMeters>493.899658203125</AltitudeMeters>
                    </Trackpoint>
                    <Trackpoint>
                        <DistanceMeters>80.0</DistanceMeters>
                        <Time>2021-02-24T15:47:17.660Z</Time>
                        <Position>
                            <LatitudeDegrees>18.59136199951172</LatitudeDegrees>
                            <LongitudeDegrees>73.79641723632812</LongitudeDegrees>
                        </Position>
                        <AltitudeMeters>493.8458251953125</AltitudeMeters>
                    </Trackpoint>
                    <Trackpoint>
                        <DistanceMeters>80.0</DistanceMeters>
                        <Time>2021-02-24T15:47:18.220Z</Time>
                        <Position>
                            <LatitudeDegrees>18.591358184814453</LatitudeDegrees>
                            <LongitudeDegrees>73.79641723632812</LongitudeDegrees>
                        </Position>
                        <AltitudeMeters>493.87957763671875</AltitudeMeters>
                    </Trackpoint>
                    <Trackpoint>
                        <DistanceMeters>80.0</DistanceMeters>
                        <Time>2021-02-24T15:47:19.157Z</Time>
                        <Position>
                            <LatitudeDegrees>18.591350555419922</LatitudeDegrees>
                            <LongitudeDegrees>73.79641723632812</LongitudeDegrees>
                        </Position>
                        <AltitudeMeters>493.88970947265625</AltitudeMeters>
                    </Trackpoint>
                    <Trackpoint>
                        <DistanceMeters>80.0</DistanceMeters>
                        <Time>2021-02-24T15:47:19.359Z</Time>
                        <Position>
                            <LatitudeDegrees>18.591344833374023</LatitudeDegrees>
                            <LongitudeDegrees>73.79641723632812</LongitudeDegrees>
                        </Position>
                        <AltitudeMeters>493.88970947265625</AltitudeMeters>
                    </Trackpoint>
                    <Trackpoint>
                        <DistanceMeters>80.0</DistanceMeters>
                        <Time>2021-02-24T15:47:19.839Z</Time>
                        <Position>
                            <LatitudeDegrees>18.591337203979492</LatitudeDegrees>
                            <LongitudeDegrees>73.79641723632812</LongitudeDegrees>
                        </Position>
                        <AltitudeMeters>493.88970947265625</AltitudeMeters>
                    </Trackpoint>
                    <Trackpoint>
                        <DistanceMeters>80.0</DistanceMeters>
                        <Time>2021-02-24T15:47:20.440Z</Time>
                        <Position>
                            <LatitudeDegrees>18.591344833374023</LatitudeDegrees>
                            <LongitudeDegrees>73.79641723632812</LongitudeDegrees>
                        </Position>
                        <AltitudeMeters>493.8407287597656</AltitudeMeters>
                    </Trackpoint>
                    <Trackpoint>
                        <DistanceMeters>80.0</DistanceMeters>
                        <Time>2021-02-24T15:47:20.960Z</Time>
                        <Position>
                            <LatitudeDegrees>18.59134864807129</LatitudeDegrees>
                            <LongitudeDegrees>73.7964096069336</LongitudeDegrees>
                        </Position>
                        <AltitudeMeters>493.8407287597656</AltitudeMeters>
                    </Trackpoint>
                    <Trackpoint>
                        <DistanceMeters>80.0</DistanceMeters>
                        <Time>2021-02-24T15:47:21.500Z</Time>
                        <Position>
                            <LatitudeDegrees>18.59134864807129</LatitudeDegrees>
                            <LongitudeDegrees>73.79640197753906</LongitudeDegrees>
                        </Position>
                        <AltitudeMeters>493.7953186035156</AltitudeMeters>
                    </Trackpoint>
                    <Trackpoint>
                        <DistanceMeters>80.0</DistanceMeters>
                        <Time>2021-02-24T15:47:22.060Z</Time>
                        <Position>
                            <LatitudeDegrees>18.591344833374023</LatitudeDegrees>
                            <LongitudeDegrees>73.79640197753906</LongitudeDegrees>
                        </Position>
                        <AltitudeMeters>493.7953186035156</AltitudeMeters>
                    </Trackpoint>
                    <Trackpoint>
                        <DistanceMeters>80.0</DistanceMeters>
                        <Time>2021-02-24T15:47:23.119Z</Time>
                        <Position>
                            <LatitudeDegrees>18.59133529663086</LatitudeDegrees>
                            <LongitudeDegrees>73.79640197753906</LongitudeDegrees>
                        </Position>
                        <AltitudeMeters>493.8060607910156</AltitudeMeters>
                    </Trackpoint>
                    <Trackpoint>
                        <DistanceMeters>80.0</DistanceMeters>
                        <Time>2021-02-24T15:47:23.699Z</Time>
                        <Position>
                            <LatitudeDegrees>18.591327667236328</LatitudeDegrees>
                            <LongitudeDegrees>73.79640197753906</LongitudeDegrees>
                        </Position>
                        <AltitudeMeters>493.8417053222656</AltitudeMeters>
                    </Trackpoint>
                    <Trackpoint>
                        <DistanceMeters>80.0</DistanceMeters>
                        <Time>2021-02-24T15:47:24.154Z</Time>
                        <Position>
                            <LatitudeDegrees>18.59132194519043</LatitudeDegrees>
                            <LongitudeDegrees>73.79640197753906</LongitudeDegrees>
                        </Position>
                        <AltitudeMeters>493.8198547363281</AltitudeMeters>
                    </Trackpoint>
                    <Trackpoint>
                        <DistanceMeters>80.0</DistanceMeters>
                        <Time>2021-02-24T15:47:24.701Z</Time>
                        <Position>
                            <LatitudeDegrees>18.591310501098633</LatitudeDegrees>
                            <LongitudeDegrees>73.7964096069336</LongitudeDegrees>
                        </Position>
                        <AltitudeMeters>493.8198547363281</AltitudeMeters>
                    </Trackpoint>
                    <Trackpoint>
                        <DistanceMeters>80.0</DistanceMeters>
                        <Time>2021-02-24T15:47:25.152Z</Time>
                        <Position>
                            <LatitudeDegrees>18.59130096435547</LatitudeDegrees>
                            <LongitudeDegrees>73.79641723632812</LongitudeDegrees>
                        </Position>
                        <AltitudeMeters>493.8489990234375</AltitudeMeters>
                    </Trackpoint>
                    <Trackpoint>
                        <DistanceMeters>80.0</DistanceMeters>
                        <Time>2021-02-24T15:47:25.782Z</Time>
                        <Position>
                            <LatitudeDegrees>18.591279983520508</LatitudeDegrees>
                            <LongitudeDegrees>73.79642486572266</LongitudeDegrees>
                        </Position>
                        <AltitudeMeters>493.8759765625</AltitudeMeters>
                    </Trackpoint>
                    <Trackpoint>
                        <DistanceMeters>80.0</DistanceMeters>
                        <Time>2021-02-24T15:47:26.159Z</Time>
                        <Position>
                            <LatitudeDegrees>18.59127426147461</LatitudeDegrees>
                            <LongitudeDegrees>73.79643249511719</LongitudeDegrees>
                        </Position>
                        <AltitudeMeters>493.8663024902344</AltitudeMeters>
                    </Trackpoint>
                    <Trackpoint>
                        <DistanceMeters>80.0</DistanceMeters>
                        <Time>2021-02-24T15:47:26.940Z</Time>
                        <Position>
                            <LatitudeDegrees>18.591264724731445</LatitudeDegrees>
                            <LongitudeDegrees>73.79643249511719</LongitudeDegrees>
                        </Position>
                        <AltitudeMeters>493.8663024902344</AltitudeMeters>
                    </Trackpoint>
                    <Trackpoint>
                        <DistanceMeters>80.0</DistanceMeters>
                        <Time>2021-02-24T15:47:27.419Z</Time>
                        <Position>
                            <LatitudeDegrees>18.591259002685547</LatitudeDegrees>
                            <LongitudeDegrees>73.79643249511719</LongitudeDegrees>
                        </Position>
                        <AltitudeMeters>493.8663635253906</AltitudeMeters>
                    </Trackpoint>
                    <Trackpoint>
                        <DistanceMeters>80.0</DistanceMeters>
                        <Time>2021-02-24T15:47:28.041Z</Time>
                        <Position>
                            <LatitudeDegrees>18.591251373291016</LatitudeDegrees>
                            <LongitudeDegrees>73.79643249511719</LongitudeDegrees>
                        </Position>
                        <AltitudeMeters>493.8663635253906</AltitudeMeters>
                    </Trackpoint>
                    <Trackpoint>
                        <DistanceMeters>80.0</DistanceMeters>
                        <Time>2021-02-24T15:47:28.580Z</Time>
                        <Position>
                            <LatitudeDegrees>18.591245651245117</LatitudeDegrees>
                            <LongitudeDegrees>73.79644012451172</LongitudeDegrees>
                        </Position>
                        <AltitudeMeters>493.8289794921875</AltitudeMeters>
                    </Trackpoint>
                    <Trackpoint>
                        <DistanceMeters>80.0</DistanceMeters>
                        <Time>2021-02-24T15:47:29.154Z</Time>
                        <Position>
                            <LatitudeDegrees>18.591238021850586</LatitudeDegrees>
                            <LongitudeDegrees>73.79644012451172</LongitudeDegrees>
                        </Position>
                        <AltitudeMeters>493.85198974609375</AltitudeMeters>
                    </Trackpoint>
                    <Trackpoint>
                        <DistanceMeters>80.0</DistanceMeters>
                        <Time>2021-02-24T15:47:29.640Z</Time>
                        <Position>
                            <LatitudeDegrees>18.591230392456055</LatitudeDegrees>
                            <LongitudeDegrees>73.79644775390625</LongitudeDegrees>
                        </Position>
                        <AltitudeMeters>493.85198974609375</AltitudeMeters>
                    </Trackpoint>
                    <Trackpoint>
                        <DistanceMeters>80.0</DistanceMeters>
                        <Time>2021-02-24T15:47:30.152Z</Time>
                        <Position>
                            <LatitudeDegrees>18.59122085571289</LatitudeDegrees>
                            <LongitudeDegrees>73.79644775390625</LongitudeDegrees>
                        </Position>
                        <AltitudeMeters>493.84832763671875</AltitudeMeters>
                    </Trackpoint>
                    <Trackpoint>
                        <DistanceMeters>80.0</DistanceMeters>
                        <Time>2021-02-24T15:47:30.759Z</Time>
                        <Position>
                            <LatitudeDegrees>18.591211318969727</LatitudeDegrees>
                            <LongitudeDegrees>73.79645538330078</LongitudeDegrees>
                        </Position>
                        <AltitudeMeters>493.84832763671875</AltitudeMeters>
                    </Trackpoint>
                    <Trackpoint>
                        <DistanceMeters>80.0</DistanceMeters>
                        <Time>2021-02-24T15:47:31.319Z</Time>
                        <Position>
                            <LatitudeDegrees>18.591203689575195</LatitudeDegrees>
                            <LongitudeDegrees>73.79646301269531</LongitudeDegrees>
                        </Position>
                        <AltitudeMeters>493.8457946777344</AltitudeMeters>
                    </Trackpoint>
                    <Trackpoint>
                        <DistanceMeters>80.0</DistanceMeters>
                        <Time>2021-02-24T15:47:31.933Z</Time>
                        <Position>
                            <LatitudeDegrees>18.591196060180664</LatitudeDegrees>
                            <LongitudeDegrees>73.79646301269531</LongitudeDegrees>
                        </Position>
                        <AltitudeMeters>493.8457946777344</AltitudeMeters>
                    </Trackpoint>
                    <Trackpoint>
                        <DistanceMeters>80.0</DistanceMeters>
                        <Time>2021-02-24T15:47:32.421Z</Time>
                        <Position>
                            <LatitudeDegrees>18.591188430786133</LatitudeDegrees>
                            <LongitudeDegrees>73.79647064208984</LongitudeDegrees>
                        </Position>
                        <AltitudeMeters>493.85369873046875</AltitudeMeters>
                    </Trackpoint>
                    <Trackpoint>
                        <DistanceMeters>80.0</DistanceMeters>
                        <Time>2021-02-24T15:47:32.981Z</Time>
                        <Position>
                            <LatitudeDegrees>18.59117317199707</LatitudeDegrees>
                            <LongitudeDegrees>73.79644775390625</LongitudeDegrees>
                        </Position>
                        <AltitudeMeters>494.02838134765625</AltitudeMeters>
                    </Trackpoint>
                    <Trackpoint>
                        <DistanceMeters>80.0</DistanceMeters>
                        <Time>2021-02-24T15:47:33.441Z</Time>
                        <Position>
                            <LatitudeDegrees>18.591167449951172</LatitudeDegrees>
                            <LongitudeDegrees>73.79645538330078</LongitudeDegrees>
                        </Position>
                        <AltitudeMeters>494.0223388671875</AltitudeMeters>
                    </Trackpoint>
                    <Trackpoint>
                        <DistanceMeters>80.0</DistanceMeters>
                        <Time>2021-02-24T15:47:34.120Z</Time>
                        <Position>
                            <LatitudeDegrees>18.59115982055664</LatitudeDegrees>
                            <LongitudeDegrees>73.79645538330078</LongitudeDegrees>
                        </Position>
                        <AltitudeMeters>494.0223388671875</AltitudeMeters>
                    </Trackpoint>
                    <Trackpoint>
                        <DistanceMeters>80.0</DistanceMeters>
                        <Time>2021-02-24T15:47:34.579Z</Time>
                        <Position>
                            <LatitudeDegrees>18.591154098510742</LatitudeDegrees>
                            <LongitudeDegrees>73.79645538330078</LongitudeDegrees>
                        </Position>
                        <AltitudeMeters>494.030517578125</AltitudeMeters>
                    </Trackpoint>
                    <Trackpoint>
                        <DistanceMeters>80.0</DistanceMeters>
                        <Time>2021-02-24T15:47:35.153Z</Time>
                        <Position>
                            <LatitudeDegrees>18.591148376464844</LatitudeDegrees>
                            <LongitudeDegrees>73.79645538330078</LongitudeDegrees>
                        </Position>
                        <AltitudeMeters>494.0361022949219</AltitudeMeters>
                    </Trackpoint>
                    <Trackpoint>
                        <DistanceMeters>80.0</DistanceMeters>
                        <Time>2021-02-24T15:47:35.736Z</Time>
                        <Position>
                            <LatitudeDegrees>18.59114646911621</LatitudeDegrees>
                            <LongitudeDegrees>73.79646301269531</LongitudeDegrees>
                        </Position>
                        <AltitudeMeters>494.0975036621094</AltitudeMeters>
                    </Trackpoint>
                    <Trackpoint>
                        <DistanceMeters>80.0</DistanceMeters>
                        <Time>2021-02-24T15:47:36.300Z</Time>
                        <Position>
                            <LatitudeDegrees>18.591140747070312</LatitudeDegrees>
                            <LongitudeDegrees>73.79646301269531</LongitudeDegrees>
                        </Position>
                        <AltitudeMeters>494.099853515625</AltitudeMeters>
                    </Trackpoint>
                    <Trackpoint>
                        <DistanceMeters>80.0</DistanceMeters>
                        <Time>2021-02-24T15:47:36.781Z</Time>
                        <Position>
                            <LatitudeDegrees>18.591136932373047</LatitudeDegrees>
                            <LongitudeDegrees>73.79646301269531</LongitudeDegrees>
                        </Position>
                        <AltitudeMeters>494.099853515625</AltitudeMeters>
                    </Trackpoint>
                    <Trackpoint>
                        <DistanceMeters>80.0</DistanceMeters>
                        <Time>2021-02-24T15:47:37.379Z</Time>
                        <Position>
                            <LatitudeDegrees>18.591129302978516</LatitudeDegrees>
                            <LongitudeDegrees>73.79647064208984</LongitudeDegrees>
                        </Position>
                        <AltitudeMeters>494.0780334472656</AltitudeMeters>
                    </Trackpoint>
                    <Trackpoint>
                        <DistanceMeters>80.0</DistanceMeters>
                        <Time>2021-02-24T15:47:37.944Z</Time>
                        <Position>
                            <LatitudeDegrees>18.591123580932617</LatitudeDegrees>
                            <LongitudeDegrees>73.79647064208984</LongitudeDegrees>
                        </Position>
                        <AltitudeMeters>494.0780334472656</AltitudeMeters>
                    </Trackpoint>
                    <Trackpoint>
                        <DistanceMeters>80.0</DistanceMeters>
                        <Time>2021-02-24T15:47:38.479Z</Time>
                        <Position>
                            <LatitudeDegrees>18.591115951538086</LatitudeDegrees>
                            <LongitudeDegrees>73.79647064208984</LongitudeDegrees>
                        </Position>
                        <AltitudeMeters>494.0621643066406</AltitudeMeters>
                    </Trackpoint>
                    <Trackpoint>
                        <DistanceMeters>80.0</DistanceMeters>
                        <Time>2021-02-24T15:47:39.041Z</Time>
                        <Position>
                            <LatitudeDegrees>18.591110229492188</LatitudeDegrees>
                            <LongitudeDegrees>73.79647064208984</LongitudeDegrees>
                        </Position>
                        <AltitudeMeters>494.0621643066406</AltitudeMeters>
                    </Trackpoint>
                    <Trackpoint>
                        <DistanceMeters>80.0</DistanceMeters>
                        <Time>2021-02-24T15:47:39.561Z</Time>
                        <Position>
                            <LatitudeDegrees>18.59110450744629</LatitudeDegrees>
                            <LongitudeDegrees>73.79647827148438</LongitudeDegrees>
                        </Position>
                        <AltitudeMeters>494.0748596191406</AltitudeMeters>
                    </Trackpoint>
                    <Trackpoint>
                        <DistanceMeters>80.0</DistanceMeters>
                        <Time>2021-02-24T15:47:40.140Z</Time>
                        <Position>
                            <LatitudeDegrees>18.591096878051758</LatitudeDegrees>
                            <LongitudeDegrees>73.79647827148438</LongitudeDegrees>
                        </Position>
                        <AltitudeMeters>494.0748596191406</AltitudeMeters>
                    </Trackpoint>
                    <Trackpoint>
                        <DistanceMeters>80.0</DistanceMeters>
                        <Time>2021-02-24T15:47:40.660Z</Time>
                        <Position>
                            <LatitudeDegrees>18.591096878051758</LatitudeDegrees>
                            <LongitudeDegrees>73.79647064208984</LongitudeDegrees>
                        </Position>
                        <AltitudeMeters>494.0747375488281</AltitudeMeters>
                    </Trackpoint>
                    <Trackpoint>
                        <DistanceMeters>80.0</DistanceMeters>
                        <Time>2021-02-24T15:47:41.280Z</Time>
                        <Position>
                            <LatitudeDegrees>18.591093063354492</LatitudeDegrees>
                            <LongitudeDegrees>73.79647064208984</LongitudeDegrees>
                        </Position>
                        <AltitudeMeters>494.0434265136719</AltitudeMeters>
                    </Trackpoint>
                    <Trackpoint>
                        <DistanceMeters>80.0</DistanceMeters>
                        <Time>2021-02-24T15:47:41.859Z</Time>
                        <Position>
                            <LatitudeDegrees>18.591087341308594</LatitudeDegrees>
                            <LongitudeDegrees>73.79647827148438</LongitudeDegrees>
                        </Position>
                        <AltitudeMeters>494.0434265136719</AltitudeMeters>
                    </Trackpoint>
                    <Trackpoint>
                        <DistanceMeters>80.0</DistanceMeters>
                        <Time>2021-02-24T15:47:42.421Z</Time>
                        <Position>
                            <LatitudeDegrees>18.591079711914062</LatitudeDegrees>
                            <LongitudeDegrees>73.79647827148438</LongitudeDegrees>
                        </Position>
                        <AltitudeMeters>494.0421142578125</AltitudeMeters>
                    </Trackpoint>
                    <Trackpoint>
                        <DistanceMeters>80.0</DistanceMeters>
                        <Time>2021-02-24T15:47:42.980Z</Time>
                        <Position>
                            <LatitudeDegrees>18.591073989868164</LatitudeDegrees>
                            <LongitudeDegrees>73.79647827148438</LongitudeDegrees>
                        </Position>
                        <AltitudeMeters>494.0421142578125</AltitudeMeters>
                    </Trackpoint>
                    <Trackpoint>
                        <DistanceMeters>80.0</DistanceMeters>
                        <Time>2021-02-24T15:47:43.540Z</Time>
                        <Position>
                            <LatitudeDegrees>18.591066360473633</LatitudeDegrees>
                            <LongitudeDegrees>73.79647827148438</LongitudeDegrees>
                        </Position>
                        <AltitudeMeters>494.0182800292969</AltitudeMeters>
                    </Trackpoint>
                    <Trackpoint>
                        <DistanceMeters>80.0</DistanceMeters>
                        <Time>2021-02-24T15:47:44.059Z</Time>
                        <Position>
                            <LatitudeDegrees>18.5910587310791</LatitudeDegrees>
                            <LongitudeDegrees>73.79647827148438</LongitudeDegrees>
                        </Position>
                        <AltitudeMeters>494.0182800292969</AltitudeMeters>
                    </Trackpoint>
                    <Trackpoint>
                        <DistanceMeters>80.0</DistanceMeters>
                        <Time>2021-02-24T15:47:44.620Z</Time>
                        <Position>
                            <LatitudeDegrees>18.59105110168457</LatitudeDegrees>
                            <LongitudeDegrees>73.79647827148438</LongitudeDegrees>
                        </Position>
                        <AltitudeMeters>494.01611328125</AltitudeMeters>
                    </Trackpoint>
                    <Trackpoint>
                        <DistanceMeters>80.0</DistanceMeters>
                        <Time>2021-02-24T15:47:45.153Z</Time>
                        <Position>
                            <LatitudeDegrees>18.591045379638672</LatitudeDegrees>
                            <LongitudeDegrees>73.79647827148438</LongitudeDegrees>
                        </Position>
                        <AltitudeMeters>494.0179138183594</AltitudeMeters>
                    </Trackpoint>
                    <Trackpoint>
                        <DistanceMeters>80.0</DistanceMeters>
                        <Time>2021-02-24T15:47:45.722Z</Time>
                        <Position>
                            <LatitudeDegrees>18.59103775024414</LatitudeDegrees>
                            <LongitudeDegrees>73.79647827148438</LongitudeDegrees>
                        </Position>
                        <AltitudeMeters>494.0179138183594</AltitudeMeters>
                    </Trackpoint>
                    <Trackpoint>
                        <DistanceMeters>80.0</DistanceMeters>
                        <Time>2021-02-24T15:47:46.301Z</Time>
                        <Position>
                            <LatitudeDegrees>18.591032028198242</LatitudeDegrees>
                            <LongitudeDegrees>73.79647064208984</LongitudeDegrees>
                        </Position>
                        <AltitudeMeters>494.002197265625</AltitudeMeters>
                    </Trackpoint>
                    <Trackpoint>
                        <DistanceMeters>80.0</DistanceMeters>
                        <Time>2021-02-24T15:47:46.880Z</Time>
                        <Position>
                            <LatitudeDegrees>18.591026306152344</LatitudeDegrees>
                            <LongitudeDegrees>73.79647064208984</LongitudeDegrees>
                        </Position>
                        <AltitudeMeters>494.002197265625</AltitudeMeters>
                    </Trackpoint>
                    <Trackpoint>
                        <DistanceMeters>80.0</DistanceMeters>
                        <Time>2021-02-24T15:47:48.155Z</Time>
                        <Position>
                            <LatitudeDegrees>18.591018676757812</LatitudeDegrees>
                            <LongitudeDegrees>73.79646301269531</LongitudeDegrees>
                        </Position>
                        <AltitudeMeters>494.2476501464844</AltitudeMeters>
                    </Trackpoint>
                    <Trackpoint>
                        <DistanceMeters>80.0</DistanceMeters>
                        <Time>2021-02-24T15:47:49.019Z</Time>
                        <Position>
                            <LatitudeDegrees>18.591012954711914</LatitudeDegrees>
                            <LongitudeDegrees>73.79646301269531</LongitudeDegrees>
                        </Position>
                        <AltitudeMeters>494.2476501464844</AltitudeMeters>
                    </Trackpoint>
                    <Trackpoint>
                        <DistanceMeters>80.0</DistanceMeters>
                        <Time>2021-02-24T15:47:49.600Z</Time>
                        <Position>
                            <LatitudeDegrees>18.59100914001465</LatitudeDegrees>
                            <LongitudeDegrees>73.79646301269531</LongitudeDegrees>
                        </Position>
                        <AltitudeMeters>494.2173156738281</AltitudeMeters>
                    </Trackpoint>
                    <Trackpoint>
                        <DistanceMeters>80.0</DistanceMeters>
                        <Time>2021-02-24T15:47:50.155Z</Time>
                        <Position>
                            <LatitudeDegrees>18.59100341796875</LatitudeDegrees>
                            <LongitudeDegrees>73.79645538330078</LongitudeDegrees>
                        </Position>
                        <AltitudeMeters>494.1856994628906</AltitudeMeters>
                    </Trackpoint>
                    <Trackpoint>
                        <DistanceMeters>80.0</DistanceMeters>
                        <Time>2021-02-24T15:47:50.720Z</Time>
                        <Position>
                            <LatitudeDegrees>18.59099578857422</LatitudeDegrees>
                            <LongitudeDegrees>73.79645538330078</LongitudeDegrees>
                        </Position>
                        <AltitudeMeters>494.29437255859375</AltitudeMeters>
                    </Trackpoint>
                    <Trackpoint>
                        <DistanceMeters>80.0</DistanceMeters>
                        <Time>2021-02-24T15:47:51.155Z</Time>
                        <Position>
                            <LatitudeDegrees>18.59099006652832</LatitudeDegrees>
                            <LongitudeDegrees>73.79645538330078</LongitudeDegrees>
                        </Position>
                        <AltitudeMeters>494.3005676269531</AltitudeMeters>
                    </Trackpoint>
                    <Trackpoint>
                        <DistanceMeters>80.0</DistanceMeters>
                        <Time>2021-02-24T15:47:51.878Z</Time>
                        <Position>
                            <LatitudeDegrees>18.590984344482422</LatitudeDegrees>
                            <LongitudeDegrees>73.79645538330078</LongitudeDegrees>
                        </Position>
                        <AltitudeMeters>494.3005676269531</AltitudeMeters>
                    </Trackpoint>
                    <Trackpoint>
                        <DistanceMeters>80.0</DistanceMeters>
                        <Time>2021-02-24T15:47:52.481Z</Time>
                        <Position>
                            <LatitudeDegrees>18.590978622436523</LatitudeDegrees>
                            <LongitudeDegrees>73.79644775390625</LongitudeDegrees>
                        </Position>
                        <AltitudeMeters>494.2826232910156</AltitudeMeters>
                    </Trackpoint>
                    <Trackpoint>
                        <DistanceMeters>80.0</DistanceMeters>
                        <Time>2021-02-24T15:47:53.020Z</Time>
                        <Position>
                            <LatitudeDegrees>18.590972900390625</LatitudeDegrees>
                            <LongitudeDegrees>73.79644775390625</LongitudeDegrees>
                        </Position>
                        <AltitudeMeters>494.2826232910156</AltitudeMeters>
                    </Trackpoint>
                    <Trackpoint>
                        <DistanceMeters>80.0</DistanceMeters>
                        <Time>2021-02-24T15:47:53.599Z</Time>
                        <Position>
                            <LatitudeDegrees>18.590967178344727</LatitudeDegrees>
                            <LongitudeDegrees>73.79644775390625</LongitudeDegrees>
                        </Position>
                        <AltitudeMeters>494.2911071777344</AltitudeMeters>
                    </Trackpoint>
                    <Trackpoint>
                        <DistanceMeters>80.0</DistanceMeters>
                        <Time>2021-02-24T15:47:54.161Z</Time>
                        <Position>
                            <LatitudeDegrees>18.590961456298828</LatitudeDegrees>
                            <LongitudeDegrees>73.79644775390625</LongitudeDegrees>
                        </Position>
                        <AltitudeMeters>494.2911071777344</AltitudeMeters>
                    </Trackpoint>
                    <Trackpoint>
                        <DistanceMeters>80.0</DistanceMeters>
                        <Time>2021-02-24T15:47:54.719Z</Time>
                        <Position>
                            <LatitudeDegrees>18.59095573425293</LatitudeDegrees>
                            <LongitudeDegrees>73.79644012451172</LongitudeDegrees>
                        </Position>
                        <AltitudeMeters>494.3162841796875</AltitudeMeters>
                    </Trackpoint>
                    <Trackpoint>
                        <DistanceMeters>80.0</DistanceMeters>
                        <Time>2021-02-24T15:47:55.301Z</Time>
                        <Position>
                            <LatitudeDegrees>18.590951919555664</LatitudeDegrees>
                            <LongitudeDegrees>73.79644012451172</LongitudeDegrees>
                        </Position>
                        <AltitudeMeters>494.2839050292969</AltitudeMeters>
                    </Trackpoint>
                    <Trackpoint>
                        <DistanceMeters>80.0</DistanceMeters>
                        <Time>2021-02-24T15:47:55.861Z</Time>
                        <Position>
                            <LatitudeDegrees>18.590944290161133</LatitudeDegrees>
                            <LongitudeDegrees>73.79643249511719</LongitudeDegrees>
                        </Position>
                        <AltitudeMeters>494.3938903808594</AltitudeMeters>
                    </Trackpoint>
                    <Trackpoint>
                        <DistanceMeters>80.0</DistanceMeters>
                        <Time>2021-02-24T15:47:56.379Z</Time>
                        <Position>
                            <LatitudeDegrees>18.590940475463867</LatitudeDegrees>
                            <LongitudeDegrees>73.79643249511719</LongitudeDegrees>
                        </Position>
                        <AltitudeMeters>494.3932800292969</AltitudeMeters>
                    </Trackpoint>
                    <Trackpoint>
                        <DistanceMeters>80.0</DistanceMeters>
                        <Time>2021-02-24T15:47:56.979Z</Time>
                        <Position>
                            <LatitudeDegrees>18.59093475341797</LatitudeDegrees>
                            <LongitudeDegrees>73.79643249511719</LongitudeDegrees>
                        </Position>
                        <AltitudeMeters>494.3932800292969</AltitudeMeters>
                    </Trackpoint>
                    <Trackpoint>
                        <DistanceMeters>80.0</DistanceMeters>
                        <Time>2021-02-24T15:47:57.441Z</Time>
                        <Position>
                            <LatitudeDegrees>18.590930938720703</LatitudeDegrees>
                            <LongitudeDegrees>73.79642486572266</LongitudeDegrees>
                        </Position>
                        <AltitudeMeters>494.3876953125</AltitudeMeters>
                    </Trackpoint>
                    <Trackpoint>
                        <DistanceMeters>80.0</DistanceMeters>
                        <Time>2021-02-24T15:47:58.101Z</Time>
                        <Position>
                            <LatitudeDegrees>18.590925216674805</LatitudeDegrees>
                            <LongitudeDegrees>73.79642486572266</LongitudeDegrees>
                        </Position>
                        <AltitudeMeters>494.3876953125</AltitudeMeters>
                    </Trackpoint>
                    <Trackpoint>
                        <DistanceMeters>80.0</DistanceMeters>
                        <Time>2021-02-24T15:47:58.641Z</Time>
                        <Position>
                            <LatitudeDegrees>18.590917587280273</LatitudeDegrees>
                            <LongitudeDegrees>73.79642486572266</LongitudeDegrees>
                        </Position>
                        <AltitudeMeters>494.3165283203125</AltitudeMeters>
                    </Trackpoint>
                    <Trackpoint>
                        <DistanceMeters>80.0</DistanceMeters>
                        <Time>2021-02-24T15:47:59.157Z</Time>
                        <Position>
                            <LatitudeDegrees>18.590911865234375</LatitudeDegrees>
                            <LongitudeDegrees>73.79642486572266</LongitudeDegrees>
                        </Position>
                        <AltitudeMeters>494.3163757324219</AltitudeMeters>
                    </Trackpoint>
                    <Trackpoint>
                        <DistanceMeters>80.0</DistanceMeters>
                        <Time>2021-02-24T15:47:59.760Z</Time>
                        <Position>
                            <LatitudeDegrees>18.590906143188477</LatitudeDegrees>
                            <LongitudeDegrees>73.79641723632812</LongitudeDegrees>
                        </Position>
                        <AltitudeMeters>494.3163757324219</AltitudeMeters>
                    </Trackpoint>
                    <Trackpoint>
                        <DistanceMeters>80.0</DistanceMeters>
                        <Time>2021-02-24T15:48:00.000Z</Time>
                    </Trackpoint>
                </Track>
                <DistanceMeters>80.0</DistanceMeters>
                <TotalTimeSeconds>60.0</TotalTimeSeconds>
                <Calories>5.636666774749756</Calories>
                <Intensity>Active</Intensity>
                <TriggerMethod>Manual</TriggerMethod>
            </Lap>
        </Activity>
        <Activity Sport="Walking">
            <Id>2021-02-24T15:48:00.000Z</Id>
            <Lap StartTime="2021-02-24T15:48:00.000Z">
                <Track>
                    <Trackpoint>
                        <DistanceMeters>0.0</DistanceMeters>
                        <Time>2021-02-24T15:48:00.000Z</Time>
                    </Trackpoint>
                    <Trackpoint>
                        <DistanceMeters>41.0</DistanceMeters>
                        <Time>2021-02-24T15:48:00.359Z</Time>
                        <Position>
                            <LatitudeDegrees>18.590898513793945</LatitudeDegrees>
                            <LongitudeDegrees>73.79641723632812</LongitudeDegrees>
                        </Position>
                        <AltitudeMeters>494.3397521972656</AltitudeMeters>
                    </Trackpoint>
                    <Trackpoint>
                        <DistanceMeters>41.0</DistanceMeters>
                        <Time>2021-02-24T15:48:00.839Z</Time>
                        <Position>
                            <LatitudeDegrees>18.590892791748047</LatitudeDegrees>
                            <LongitudeDegrees>73.79641723632812</LongitudeDegrees>
                        </Position>
                        <AltitudeMeters>494.3397521972656</AltitudeMeters>
                    </Trackpoint>
                    <Trackpoint>
                        <DistanceMeters>41.0</DistanceMeters>
                        <Time>2021-02-24T15:48:01.361Z</Time>
                        <Position>
                            <LatitudeDegrees>18.590885162353516</LatitudeDegrees>
                            <LongitudeDegrees>73.79641723632812</LongitudeDegrees>
                        </Position>
                        <AltitudeMeters>494.3689270019531</AltitudeMeters>
                    </Trackpoint>
                    <Trackpoint>
                        <DistanceMeters>41.0</DistanceMeters>
                        <Time>2021-02-24T15:48:01.981Z</Time>
                        <Position>
                            <LatitudeDegrees>18.590879440307617</LatitudeDegrees>
                            <LongitudeDegrees>73.79641723632812</LongitudeDegrees>
                        </Position>
                        <AltitudeMeters>494.3689270019531</AltitudeMeters>
                    </Trackpoint>
                    <Trackpoint>
                        <DistanceMeters>41.0</DistanceMeters>
                        <Time>2021-02-24T15:48:02.600Z</Time>
                        <Position>
                            <LatitudeDegrees>18.590871810913086</LatitudeDegrees>
                            <LongitudeDegrees>73.79641723632812</LongitudeDegrees>
                        </Position>
                        <AltitudeMeters>494.37677001953125</AltitudeMeters>
                    </Trackpoint>
                    <Trackpoint>
                        <DistanceMeters>41.0</DistanceMeters>
                        <Time>2021-02-24T15:48:03.120Z</Time>
                        <Position>
                            <LatitudeDegrees>18.59087371826172</LatitudeDegrees>
                            <LongitudeDegrees>73.79640197753906</LongitudeDegrees>
                        </Position>
                        <AltitudeMeters>494.4245910644531</AltitudeMeters>
                    </Trackpoint>
                    <Trackpoint>
                        <DistanceMeters>41.0</DistanceMeters>
                        <Time>2021-02-24T15:48:03.680Z</Time>
                        <Position>
                            <LatitudeDegrees>18.59086799621582</LatitudeDegrees>
                            <LongitudeDegrees>73.79640197753906</LongitudeDegrees>
                        </Position>
                        <AltitudeMeters>494.3909912109375</AltitudeMeters>
                    </Trackpoint>
                    <Trackpoint>
                        <DistanceMeters>41.0</DistanceMeters>
                        <Time>2021-02-24T15:48:04.156Z</Time>
                        <Position>
                            <LatitudeDegrees>18.590864181518555</LatitudeDegrees>
                            <LongitudeDegrees>73.79639434814453</LongitudeDegrees>
                        </Position>
                        <AltitudeMeters>494.3486328125</AltitudeMeters>
                    </Trackpoint>
                    <Trackpoint>
                        <DistanceMeters>41.0</DistanceMeters>
                        <Time>2021-02-24T15:48:04.781Z</Time>
                        <Position>
                            <LatitudeDegrees>18.590856552124023</LatitudeDegrees>
                            <LongitudeDegrees>73.79639434814453</LongitudeDegrees>
                        </Position>
                        <AltitudeMeters>494.3486328125</AltitudeMeters>
                    </Trackpoint>
                    <Trackpoint>
                        <DistanceMeters>41.0</DistanceMeters>
                        <Time>2021-02-24T15:48:05.322Z</Time>
                        <Position>
                            <LatitudeDegrees>18.590850830078125</LatitudeDegrees>
                            <LongitudeDegrees>73.79639434814453</LongitudeDegrees>
                        </Position>
                        <AltitudeMeters>494.3489074707031</AltitudeMeters>
                    </Trackpoint>
                    <Trackpoint>
                        <DistanceMeters>41.0</DistanceMeters>
                        <Time>2021-02-24T15:48:05.860Z</Time>
                        <Position>
                            <LatitudeDegrees>18.590850830078125</LatitudeDegrees>
                            <LongitudeDegrees>73.79637908935547</LongitudeDegrees>
                        </Position>
                        <AltitudeMeters>494.4432373046875</AltitudeMeters>
                    </Trackpoint>
                    <Trackpoint>
                        <DistanceMeters>41.0</DistanceMeters>
                        <Time>2021-02-24T15:48:06.420Z</Time>
                        <Position>
                            <LatitudeDegrees>18.59084701538086</LatitudeDegrees>
                            <LongitudeDegrees>73.79637908935547</LongitudeDegrees>
                        </Position>
                        <AltitudeMeters>494.4505615234375</AltitudeMeters>
                    </Trackpoint>
                    <Trackpoint>
                        <DistanceMeters>41.0</DistanceMeters>
                        <Time>2021-02-24T15:48:06.959Z</Time>
                        <Position>
                            <LatitudeDegrees>18.59084129333496</LatitudeDegrees>
                            <LongitudeDegrees>73.79637908935547</LongitudeDegrees>
                        </Position>
                        <AltitudeMeters>494.4505615234375</AltitudeMeters>
                    </Trackpoint>
                    <Trackpoint>
                        <DistanceMeters>41.0</DistanceMeters>
                        <Time>2021-02-24T15:48:07.500Z</Time>
                        <Position>
                            <LatitudeDegrees>18.590837478637695</LatitudeDegrees>
                            <LongitudeDegrees>73.79637145996094</LongitudeDegrees>
                        </Position>
                        <AltitudeMeters>494.43023681640625</AltitudeMeters>
                    </Trackpoint>
                    <Trackpoint>
                        <DistanceMeters>41.0</DistanceMeters>
                        <Time>2021-02-24T15:48:08.079Z</Time>
                        <Position>
                            <LatitudeDegrees>18.590831756591797</LatitudeDegrees>
                            <LongitudeDegrees>73.7963638305664</LongitudeDegrees>
                        </Position>
                        <AltitudeMeters>494.43023681640625</AltitudeMeters>
                    </Trackpoint>
                    <Trackpoint>
                        <DistanceMeters>41.0</DistanceMeters>
                        <Time>2021-02-24T15:48:08.641Z</Time>
                        <Position>
                            <LatitudeDegrees>18.5908260345459</LatitudeDegrees>
                            <LongitudeDegrees>73.7963638305664</LongitudeDegrees>
                        </Position>
                        <AltitudeMeters>494.423828125</AltitudeMeters>
                    </Trackpoint>
                    <Trackpoint>
                        <DistanceMeters>41.0</DistanceMeters>
                        <Time>2021-02-24T15:48:09.153Z</Time>
                        <Position>
                            <LatitudeDegrees>18.5908203125</LatitudeDegrees>
                            <LongitudeDegrees>73.79635620117188</LongitudeDegrees>
                        </Position>
                        <AltitudeMeters>494.483154296875</AltitudeMeters>
                    </Trackpoint>
                    <Trackpoint>
                        <DistanceMeters>41.0</DistanceMeters>
                        <Time>2021-02-24T15:48:10.154Z</Time>
                        <Position>
                            <LatitudeDegrees>18.59081268310547</LatitudeDegrees>
                            <LongitudeDegrees>73.79634857177734</LongitudeDegrees>
                        </Position>
                        <AltitudeMeters>494.4956970214844</AltitudeMeters>
                    </Trackpoint>
                    <Trackpoint>
                        <DistanceMeters>41.0</DistanceMeters>
                        <Time>2021-02-24T15:48:10.479Z</Time>
                        <Position>
                            <LatitudeDegrees>18.590808868408203</LatitudeDegrees>
                            <LongitudeDegrees>73.79634857177734</LongitudeDegrees>
                        </Position>
                        <AltitudeMeters>494.4956970214844</AltitudeMeters>
                    </Trackpoint>
                    <Trackpoint>
                        <DistanceMeters>41.0</DistanceMeters>
                        <Time>2021-02-24T15:48:10.958Z</Time>
                        <Position>
                            <LatitudeDegrees>18.590810775756836</LatitudeDegrees>
                            <LongitudeDegrees>73.79634857177734</LongitudeDegrees>
                        </Position>
                        <AltitudeMeters>494.6425476074219</AltitudeMeters>
                    </Trackpoint>
                    <Trackpoint>
                        <DistanceMeters>41.0</DistanceMeters>
                        <Time>2021-02-24T15:48:11.582Z</Time>
                        <Position>
                            <LatitudeDegrees>18.59080696105957</LatitudeDegrees>
                            <LongitudeDegrees>73.79634094238281</LongitudeDegrees>
                        </Position>
                        <AltitudeMeters>494.63037109375</AltitudeMeters>
                    </Trackpoint>
                    <Trackpoint>
                        <DistanceMeters>41.0</DistanceMeters>
                        <Time>2021-02-24T15:48:12.154Z</Time>
                        <Position>
                            <LatitudeDegrees>18.590803146362305</LatitudeDegrees>
                            <LongitudeDegrees>73.79634094238281</LongitudeDegrees>
                        </Position>
                        <AltitudeMeters>494.646240234375</AltitudeMeters>
                    </Trackpoint>
                    <Trackpoint>
                        <DistanceMeters>41.0</DistanceMeters>
                        <Time>2021-02-24T15:48:13.157Z</Time>
                        <Position>
                            <LatitudeDegrees>18.59079933166504</LatitudeDegrees>
                            <LongitudeDegrees>73.79633331298828</LongitudeDegrees>
                        </Position>
                        <AltitudeMeters>494.6759338378906</AltitudeMeters>
                    </Trackpoint>
                    <Trackpoint>
                        <DistanceMeters>41.0</DistanceMeters>
                        <Time>2021-02-24T15:48:13.319Z</Time>
                        <Position>
                            <LatitudeDegrees>18.590797424316406</LatitudeDegrees>
                            <LongitudeDegrees>73.79632568359375</LongitudeDegrees>
                        </Position>
                        <AltitudeMeters>494.6759338378906</AltitudeMeters>
                    </Trackpoint>
                    <Trackpoint>
                        <DistanceMeters>41.0</DistanceMeters>
                        <Time>2021-02-24T15:48:14.155Z</Time>
                        <Position>
                            <LatitudeDegrees>18.590791702270508</LatitudeDegrees>
                            <LongitudeDegrees>73.79632568359375</LongitudeDegrees>
                        </Position>
                        <AltitudeMeters>494.6369934082031</AltitudeMeters>
                    </Trackpoint>
                    <Trackpoint>
                        <DistanceMeters>41.0</DistanceMeters>
                        <Time>2021-02-24T15:48:15.153Z</Time>
                        <Position>
                            <LatitudeDegrees>18.590791702270508</LatitudeDegrees>
                            <LongitudeDegrees>73.79631805419922</LongitudeDegrees>
                        </Position>
                        <AltitudeMeters>494.6523132324219</AltitudeMeters>
                    </Trackpoint>
                    <Trackpoint>
                        <DistanceMeters>41.0</DistanceMeters>
                        <Time>2021-02-24T15:48:16.155Z</Time>
                        <Position>
                            <LatitudeDegrees>18.590787887573242</LatitudeDegrees>
                            <LongitudeDegrees>73.79631805419922</LongitudeDegrees>
                        </Position>
                        <AltitudeMeters>494.62371826171875</AltitudeMeters>
                    </Trackpoint>
                    <Trackpoint>
                        <DistanceMeters>41.0</DistanceMeters>
                        <Time>2021-02-24T15:48:16.620Z</Time>
                        <Position>
                            <LatitudeDegrees>18.59078598022461</LatitudeDegrees>
                            <LongitudeDegrees>73.79631805419922</LongitudeDegrees>
                        </Position>
                        <AltitudeMeters>494.62371826171875</AltitudeMeters>
                    </Trackpoint>
                    <Trackpoint>
                        <DistanceMeters>41.0</DistanceMeters>
                        <Time>2021-02-24T15:48:17.156Z</Time>
                        <Position>
                            <LatitudeDegrees>18.59078598022461</LatitudeDegrees>
                            <LongitudeDegrees>73.79631805419922</LongitudeDegrees>
                        </Position>
                        <AltitudeMeters>494.6232604980469</AltitudeMeters>
                    </Trackpoint>
                    <Trackpoint>
                        <DistanceMeters>41.0</DistanceMeters>
                        <Time>2021-02-24T15:48:17.460Z</Time>
                        <Position>
                            <LatitudeDegrees>18.590784072875977</LatitudeDegrees>
                            <LongitudeDegrees>73.79632568359375</LongitudeDegrees>
                        </Position>
                        <AltitudeMeters>494.6232604980469</AltitudeMeters>
                    </Trackpoint>
                    <Trackpoint>
                        <DistanceMeters>41.0</DistanceMeters>
                        <Time>2021-02-24T15:48:18.039Z</Time>
                        <Position>
                            <LatitudeDegrees>18.590778350830078</LatitudeDegrees>
                            <LongitudeDegrees>73.79632568359375</LongitudeDegrees>
                        </Position>
                        <AltitudeMeters>494.745849609375</AltitudeMeters>
                    </Trackpoint>
                    <Trackpoint>
                        <DistanceMeters>41.0</DistanceMeters>
                        <Time>2021-02-24T15:48:19.155Z</Time>
                        <Position>
                            <LatitudeDegrees>18.590778350830078</LatitudeDegrees>
                            <LongitudeDegrees>73.79632568359375</LongitudeDegrees>
                        </Position>
                        <AltitudeMeters>494.7249450683594</AltitudeMeters>
                    </Trackpoint>
                    <Trackpoint>
                        <DistanceMeters>41.0</DistanceMeters>
                        <Time>2021-02-24T15:48:20.153Z</Time>
                        <Position>
                            <LatitudeDegrees>18.59078025817871</LatitudeDegrees>
                            <LongitudeDegrees>73.79632568359375</LongitudeDegrees>
                        </Position>
                        <AltitudeMeters>494.7279052734375</AltitudeMeters>
                    </Trackpoint>
                    <Trackpoint>
                        <DistanceMeters>41.0</DistanceMeters>
                        <Time>2021-02-24T15:48:20.459Z</Time>
                        <Position>
                            <LatitudeDegrees>18.590782165527344</LatitudeDegrees>
                            <LongitudeDegrees>73.79632568359375</LongitudeDegrees>
                        </Position>
                        <AltitudeMeters>494.7279052734375</AltitudeMeters>
                    </Trackpoint>
                    <Trackpoint>
                        <DistanceMeters>41.0</DistanceMeters>
                        <Time>2021-02-24T15:48:21.100Z</Time>
                        <Position>
                            <LatitudeDegrees>18.59079360961914</LatitudeDegrees>
                            <LongitudeDegrees>73.79631805419922</LongitudeDegrees>
                        </Position>
                        <AltitudeMeters>494.8524475097656</AltitudeMeters>
                    </Trackpoint>
                    <Trackpoint>
                        <DistanceMeters>41.0</DistanceMeters>
                        <Time>2021-02-24T15:48:21.620Z</Time>
                        <Position>
                            <LatitudeDegrees>18.590797424316406</LatitudeDegrees>
                            <LongitudeDegrees>73.79631805419922</LongitudeDegrees>
                        </Position>
                        <AltitudeMeters>494.83978271484375</AltitudeMeters>
                    </Trackpoint>
                    <Trackpoint>
                        <DistanceMeters>41.0</DistanceMeters>
                        <Time>2021-02-24T15:48:22.152Z</Time>
                        <Position>
                            <LatitudeDegrees>18.590801239013672</LatitudeDegrees>
                            <LongitudeDegrees>73.79631805419922</LongitudeDegrees>
                        </Position>
                        <AltitudeMeters>494.83935546875</AltitudeMeters>
                    </Trackpoint>
                    <Trackpoint>
                        <DistanceMeters>41.0</DistanceMeters>
                        <Time>2021-02-24T15:48:22.840Z</Time>
                        <Position>
                            <LatitudeDegrees>18.590805053710938</LatitudeDegrees>
                            <LongitudeDegrees>73.79631042480469</LongitudeDegrees>
                        </Position>
                        <AltitudeMeters>494.83935546875</AltitudeMeters>
                    </Trackpoint>
                    <Trackpoint>
                        <DistanceMeters>41.0</DistanceMeters>
                        <Time>2021-02-24T15:48:23.156Z</Time>
                        <Position>
                            <LatitudeDegrees>18.59080696105957</LatitudeDegrees>
                            <LongitudeDegrees>73.79631042480469</LongitudeDegrees>
                        </Position>
                        <AltitudeMeters>494.8605041503906</AltitudeMeters>
                    </Trackpoint>
                    <Trackpoint>
                        <DistanceMeters>41.0</DistanceMeters>
                        <Time>2021-02-24T15:48:24.153Z</Time>
                        <Position>
                            <LatitudeDegrees>18.590810775756836</LatitudeDegrees>
                            <LongitudeDegrees>73.79630279541016</LongitudeDegrees>
                        </Position>
                        <AltitudeMeters>494.8692321777344</AltitudeMeters>
                    </Trackpoint>
                    <Trackpoint>
                        <DistanceMeters>41.0</DistanceMeters>
                        <Time>2021-02-24T15:48:24.184Z</Time>
                        <Position>
                            <LatitudeDegrees>18.590810775756836</LatitudeDegrees>
                            <LongitudeDegrees>73.79630279541016</LongitudeDegrees>
                        </Position>
                        <AltitudeMeters>494.8692321777344</AltitudeMeters>
                    </Trackpoint>
                    <Trackpoint>
                        <DistanceMeters>41.0</DistanceMeters>
                        <Time>2021-02-24T15:48:25.099Z</Time>
                        <Position>
                            <LatitudeDegrees>18.5908145904541</LatitudeDegrees>
                            <LongitudeDegrees>73.79629516601562</LongitudeDegrees>
                        </Position>
                        <AltitudeMeters>494.8692321777344</AltitudeMeters>
                    </Trackpoint>
                    <Trackpoint>
                        <DistanceMeters>41.0</DistanceMeters>
                        <Time>2021-02-24T15:48:26.155Z</Time>
                        <Position>
                            <LatitudeDegrees>18.590822219848633</LatitudeDegrees>
                            <LongitudeDegrees>73.79629516601562</LongitudeDegrees>
                        </Position>
                        <AltitudeMeters>494.9908142089844</AltitudeMeters>
                    </Trackpoint>
                    <Trackpoint>
                        <DistanceMeters>41.0</DistanceMeters>
                        <Time>2021-02-24T15:48:27.154Z</Time>
                        <Position>
                            <LatitudeDegrees>18.590824127197266</LatitudeDegrees>
                            <LongitudeDegrees>73.7962875366211</LongitudeDegrees>
                        </Position>
                        <AltitudeMeters>495.0082702636719</AltitudeMeters>
                    </Trackpoint>
                    <Trackpoint>
                        <DistanceMeters>41.0</DistanceMeters>
                        <Time>2021-02-24T15:48:28.155Z</Time>
                        <Position>
                            <LatitudeDegrees>18.590822219848633</LatitudeDegrees>
                            <LongitudeDegrees>73.7962875366211</LongitudeDegrees>
                        </Position>
                        <AltitudeMeters>495.0745544433594</AltitudeMeters>
                    </Trackpoint>
                    <Trackpoint>
                        <DistanceMeters>41.0</DistanceMeters>
                        <Time>2021-02-24T15:48:29.153Z</Time>
                        <Position>
                            <LatitudeDegrees>18.590822219848633</LatitudeDegrees>
                            <LongitudeDegrees>73.7962875366211</LongitudeDegrees>
                        </Position>
                        <AltitudeMeters>495.0528869628906</AltitudeMeters>
                    </Trackpoint>
                    <Trackpoint>
                        <DistanceMeters>41.0</DistanceMeters>
                        <Time>2021-02-24T15:48:30.154Z</Time>
                        <Position>
                            <LatitudeDegrees>18.590822219848633</LatitudeDegrees>
                            <LongitudeDegrees>73.7962875366211</LongitudeDegrees>
                        </Position>
                        <AltitudeMeters>494.9973449707031</AltitudeMeters>
                    </Trackpoint>
                    <Trackpoint>
                        <DistanceMeters>41.0</DistanceMeters>
                        <Time>2021-02-24T15:48:31.155Z</Time>
                        <Position>
                            <LatitudeDegrees>18.590818405151367</LatitudeDegrees>
                            <LongitudeDegrees>73.7962875366211</LongitudeDegrees>
                        </Position>
                        <AltitudeMeters>495.009521484375</AltitudeMeters>
                    </Trackpoint>
                    <Trackpoint>
                        <DistanceMeters>41.0</DistanceMeters>
                        <Time>2021-02-24T15:48:32.154Z</Time>
                        <Position>
                            <LatitudeDegrees>18.5908145904541</LatitudeDegrees>
                            <LongitudeDegrees>73.7962875366211</LongitudeDegrees>
                        </Position>
                        <AltitudeMeters>494.99530029296875</AltitudeMeters>
                    </Trackpoint>
                    <Trackpoint>
                        <DistanceMeters>41.0</DistanceMeters>
                        <Time>2021-02-24T15:48:32.580Z</Time>
                        <Position>
                            <LatitudeDegrees>18.590810775756836</LatitudeDegrees>
                            <LongitudeDegrees>73.7962875366211</LongitudeDegrees>
                        </Position>
                        <AltitudeMeters>494.99530029296875</AltitudeMeters>
                    </Trackpoint>
                    <Trackpoint>
                        <DistanceMeters>41.0</DistanceMeters>
                        <Time>2021-02-24T15:48:33.839Z</Time>
                        <Position>
                            <LatitudeDegrees>18.590805053710938</LatitudeDegrees>
                            <LongitudeDegrees>73.79627990722656</LongitudeDegrees>
                        </Position>
                        <AltitudeMeters>495.20538330078125</AltitudeMeters>
                    </Trackpoint>
                    <Trackpoint>
                        <DistanceMeters>41.0</DistanceMeters>
                        <Time>2021-02-24T15:48:34.152Z</Time>
                        <Position>
                            <LatitudeDegrees>18.59080696105957</LatitudeDegrees>
                            <LongitudeDegrees>73.79627990722656</LongitudeDegrees>
                        </Position>
                        <AltitudeMeters>495.241455078125</AltitudeMeters>
                    </Trackpoint>
                    <Trackpoint>
                        <DistanceMeters>41.0</DistanceMeters>
                        <Time>2021-02-24T15:48:34.961Z</Time>
                        <Position>
                            <LatitudeDegrees>18.590808868408203</LatitudeDegrees>
                            <LongitudeDegrees>73.79627990722656</LongitudeDegrees>
                        </Position>
                        <AltitudeMeters>495.241455078125</AltitudeMeters>
                    </Trackpoint>
                    <Trackpoint>
                        <DistanceMeters>41.0</DistanceMeters>
                        <Time>2021-02-24T15:48:35.153Z</Time>
                        <Position>
                            <LatitudeDegrees>18.59080696105957</LatitudeDegrees>
                            <LongitudeDegrees>73.79627990722656</LongitudeDegrees>
                        </Position>
                        <AltitudeMeters>495.2558288574219</AltitudeMeters>
                    </Trackpoint>
                    <Trackpoint>
                        <DistanceMeters>41.0</DistanceMeters>
                        <Time>2021-02-24T15:48:35.981Z</Time>
                        <Position>
                            <LatitudeDegrees>18.590808868408203</LatitudeDegrees>
                            <LongitudeDegrees>73.79627227783203</LongitudeDegrees>
                        </Position>
                        <AltitudeMeters>495.3110656738281</AltitudeMeters>
                    </Trackpoint>
                    <Trackpoint>
                        <DistanceMeters>41.0</DistanceMeters>
                        <Time>2021-02-24T15:48:36.639Z</Time>
                        <Position>
                            <LatitudeDegrees>18.590810775756836</LatitudeDegrees>
                            <LongitudeDegrees>73.79627227783203</LongitudeDegrees>
                        </Position>
                        <AltitudeMeters>495.2948303222656</AltitudeMeters>
                    </Trackpoint>
                    <Trackpoint>
                        <DistanceMeters>41.0</DistanceMeters>
                        <Time>2021-02-24T15:48:37.088Z</Time>
                        <Position>
                            <LatitudeDegrees>18.5908145904541</LatitudeDegrees>
                            <LongitudeDegrees>73.7962646484375</LongitudeDegrees>
                        </Position>
                        <AltitudeMeters>495.2948303222656</AltitudeMeters>
                    </Trackpoint>
                    <Trackpoint>
                        <DistanceMeters>41.0</DistanceMeters>
                        <Time>2021-02-24T15:48:37.761Z</Time>
                        <Position>
                            <LatitudeDegrees>18.590816497802734</LatitudeDegrees>
                            <LongitudeDegrees>73.7962646484375</LongitudeDegrees>
                        </Position>
                        <AltitudeMeters>495.3170166015625</AltitudeMeters>
                    </Trackpoint>
                    <Trackpoint>
                        <DistanceMeters>41.0</DistanceMeters>
                        <Time>2021-02-24T15:48:38.156Z</Time>
                        <Position>
                            <LatitudeDegrees>18.5908203125</LatitudeDegrees>
                            <LongitudeDegrees>73.7962646484375</LongitudeDegrees>
                        </Position>
                        <AltitudeMeters>495.35968017578125</AltitudeMeters>
                    </Trackpoint>
                    <Trackpoint>
                        <DistanceMeters>41.0</DistanceMeters>
                        <Time>2021-02-24T15:48:38.978Z</Time>
                        <Position>
                            <LatitudeDegrees>18.590824127197266</LatitudeDegrees>
                            <LongitudeDegrees>73.79625701904297</LongitudeDegrees>
                        </Position>
                        <AltitudeMeters>495.35968017578125</AltitudeMeters>
                    </Trackpoint>
                    <Trackpoint>
                        <DistanceMeters>41.0</DistanceMeters>
                        <Time>2021-02-24T15:48:39.156Z</Time>
                        <Position>
                            <LatitudeDegrees>18.590824127197266</LatitudeDegrees>
                            <LongitudeDegrees>73.79625701904297</LongitudeDegrees>
                        </Position>
                        <AltitudeMeters>495.3804931640625</AltitudeMeters>
                    </Trackpoint>
                    <Trackpoint>
                        <DistanceMeters>41.0</DistanceMeters>
                        <Time>2021-02-24T15:48:40.101Z</Time>
                        <Position>
                            <LatitudeDegrees>18.5908260345459</LatitudeDegrees>
                            <LongitudeDegrees>73.79624938964844</LongitudeDegrees>
                        </Position>
                        <AltitudeMeters>495.3804931640625</AltitudeMeters>
                    </Trackpoint>
                    <Trackpoint>
                        <DistanceMeters>41.0</DistanceMeters>
                        <Time>2021-02-24T15:48:41.159Z</Time>
                        <Position>
                            <LatitudeDegrees>18.5908203125</LatitudeDegrees>
                            <LongitudeDegrees>73.79621887207031</LongitudeDegrees>
                        </Position>
                        <AltitudeMeters>495.4011535644531</AltitudeMeters>
                    </Trackpoint>
                    <Trackpoint>
                        <DistanceMeters>41.0</DistanceMeters>
                        <Time>2021-02-24T15:48:41.740Z</Time>
                        <Position>
                            <LatitudeDegrees>18.590822219848633</LatitudeDegrees>
                            <LongitudeDegrees>73.79621887207031</LongitudeDegrees>
                        </Position>
                        <AltitudeMeters>495.4011535644531</AltitudeMeters>
                    </Trackpoint>
                    <Trackpoint>
                        <DistanceMeters>41.0</DistanceMeters>
                        <Time>2021-02-24T15:48:42.159Z</Time>
                        <Position>
                            <LatitudeDegrees>18.590824127197266</LatitudeDegrees>
                            <LongitudeDegrees>73.79621124267578</LongitudeDegrees>
                        </Position>
                        <AltitudeMeters>495.43743896484375</AltitudeMeters>
                    </Trackpoint>
                    <Trackpoint>
                        <DistanceMeters>41.0</DistanceMeters>
                        <Time>2021-02-24T15:48:43.100Z</Time>
                        <Position>
                            <LatitudeDegrees>18.5908260345459</LatitudeDegrees>
                            <LongitudeDegrees>73.79620361328125</LongitudeDegrees>
                        </Position>
                        <AltitudeMeters>495.43743896484375</AltitudeMeters>
                    </Trackpoint>
                    <Trackpoint>
                        <DistanceMeters>41.0</DistanceMeters>
                        <Time>2021-02-24T15:48:43.157Z</Time>
                        <Position>
                            <LatitudeDegrees>18.5908260345459</LatitudeDegrees>
                            <LongitudeDegrees>73.79620361328125</LongitudeDegrees>
                        </Position>
                        <AltitudeMeters>495.4503173828125</AltitudeMeters>
                    </Trackpoint>
                    <Trackpoint>
                        <DistanceMeters>41.0</DistanceMeters>
                        <Time>2021-02-24T15:48:44.160Z</Time>
                        <Position>
                            <LatitudeDegrees>18.59082794189453</LatitudeDegrees>
                            <LongitudeDegrees>73.79619598388672</LongitudeDegrees>
                        </Position>
                        <AltitudeMeters>495.4819030761719</AltitudeMeters>
                    </Trackpoint>
                    <Trackpoint>
                        <DistanceMeters>41.0</DistanceMeters>
                        <Time>2021-02-24T15:48:45.153Z</Time>
                        <Position>
                            <LatitudeDegrees>18.590829849243164</LatitudeDegrees>
                            <LongitudeDegrees>73.79618835449219</LongitudeDegrees>
                        </Position>
                        <AltitudeMeters>495.5086975097656</AltitudeMeters>
                    </Trackpoint>
                    <Trackpoint>
                        <DistanceMeters>41.0</DistanceMeters>
                        <Time>2021-02-24T15:48:46.151Z</Time>
                        <Position>
                            <LatitudeDegrees>18.59082794189453</LatitudeDegrees>
                            <LongitudeDegrees>73.79617309570312</LongitudeDegrees>
                        </Position>
                        <AltitudeMeters>495.4813232421875</AltitudeMeters>
                    </Trackpoint>
                    <Trackpoint>
                        <DistanceMeters>41.0</DistanceMeters>
                        <Time>2021-02-24T15:48:47.153Z</Time>
                        <Position>
                            <LatitudeDegrees>18.590822219848633</LatitudeDegrees>
                            <LongitudeDegrees>73.79617309570312</LongitudeDegrees>
                        </Position>
                        <AltitudeMeters>495.5300598144531</AltitudeMeters>
                    </Trackpoint>
                    <Trackpoint>
                        <DistanceMeters>41.0</DistanceMeters>
                        <Time>2021-02-24T15:48:48.820Z</Time>
                        <Position>
                            <LatitudeDegrees>18.59080696105957</LatitudeDegrees>
                            <LongitudeDegrees>73.79615783691406</LongitudeDegrees>
                        </Position>
                        <AltitudeMeters>495.52337646484375</AltitudeMeters>
                    </Trackpoint>
                    <Trackpoint>
                        <DistanceMeters>41.0</DistanceMeters>
                        <Time>2021-02-24T15:48:49.156Z</Time>
                        <Position>
                            <LatitudeDegrees>18.590810775756836</LatitudeDegrees>
                            <LongitudeDegrees>73.79615783691406</LongitudeDegrees>
                        </Position>
                        <AltitudeMeters>495.53887939453125</AltitudeMeters>
                    </Trackpoint>
                    <Trackpoint>
                        <DistanceMeters>41.0</DistanceMeters>
                        <Time>2021-02-24T15:48:50.039Z</Time>
                        <Position>
                            <LatitudeDegrees>18.5908145904541</LatitudeDegrees>
                            <LongitudeDegrees>73.79615783691406</LongitudeDegrees>
                        </Position>
                        <AltitudeMeters>495.53887939453125</AltitudeMeters>
                    </Trackpoint>
                    <Trackpoint>
                        <DistanceMeters>41.0</DistanceMeters>
                        <Time>2021-02-24T15:48:50.582Z</Time>
                        <Position>
                            <LatitudeDegrees>18.5908145904541</LatitudeDegrees>
                            <LongitudeDegrees>73.79615020751953</LongitudeDegrees>
                        </Position>
                        <AltitudeMeters>495.53289794921875</AltitudeMeters>
                    </Trackpoint>
                    <Trackpoint>
                        <DistanceMeters>41.0</DistanceMeters>
                        <Time>2021-02-24T15:48:51.156Z</Time>
                        <Position>
                            <LatitudeDegrees>18.59083366394043</LatitudeDegrees>
                            <LongitudeDegrees>73.79615020751953</LongitudeDegrees>
                        </Position>
                        <AltitudeMeters>495.5899658203125</AltitudeMeters>
                        <Position>
                            <LatitudeDegrees>18.59083366394043</LatitudeDegrees>
                            <LongitudeDegrees>73.79615020751953</LongitudeDegrees>
                        </Position>
                        <AltitudeMeters>495.5899658203125</AltitudeMeters>
                    </Trackpoint>
                    <Trackpoint>
                        <DistanceMeters>41.0</DistanceMeters>
                        <Time>2021-02-24T15:48:51.720Z</Time>
                        <Position>
                            <LatitudeDegrees>18.590835571289062</LatitudeDegrees>
                            <LongitudeDegrees>73.796142578125</LongitudeDegrees>
                        </Position>
                        <AltitudeMeters>495.5899658203125</AltitudeMeters>
                    </Trackpoint>
                    <Trackpoint>
                        <DistanceMeters>41.0</DistanceMeters>
                        <Time>2021-02-24T15:48:52.155Z</Time>
                        <Position>
                            <LatitudeDegrees>18.590837478637695</LatitudeDegrees>
                            <LongitudeDegrees>73.79613494873047</LongitudeDegrees>
                        </Position>
                        <AltitudeMeters>495.5893249511719</AltitudeMeters>
                    </Trackpoint>
                    <Trackpoint>
                        <DistanceMeters>41.0</DistanceMeters>
                        <Time>2021-02-24T15:48:52.859Z</Time>
                        <Position>
                            <LatitudeDegrees>18.590839385986328</LatitudeDegrees>
                            <LongitudeDegrees>73.79612731933594</LongitudeDegrees>
                        </Position>
                        <AltitudeMeters>495.5893249511719</AltitudeMeters>
                    </Trackpoint>
                    <Trackpoint>
                        <DistanceMeters>41.0</DistanceMeters>
                        <Time>2021-02-24T15:48:53.461Z</Time>
                        <Position>
                            <LatitudeDegrees>18.590839385986328</LatitudeDegrees>
                            <LongitudeDegrees>73.7961196899414</LongitudeDegrees>
                        </Position>
                        <AltitudeMeters>495.5692443847656</AltitudeMeters>
                    </Trackpoint>
                    <Trackpoint>
                        <DistanceMeters>41.0</DistanceMeters>
                        <Time>2021-02-24T15:48:54.060Z</Time>
                        <Position>
                            <LatitudeDegrees>18.59084129333496</LatitudeDegrees>
                            <LongitudeDegrees>73.7961196899414</LongitudeDegrees>
                        </Position>
                        <AltitudeMeters>495.5692443847656</AltitudeMeters>
                    </Trackpoint>
                    <Trackpoint>
                        <DistanceMeters>41.0</DistanceMeters>
                        <Time>2021-02-24T15:48:54.540Z</Time>
                        <Position>
                            <LatitudeDegrees>18.59084129333496</LatitudeDegrees>
                            <LongitudeDegrees>73.79611206054688</LongitudeDegrees>
                        </Position>
                        <AltitudeMeters>495.5337829589844</AltitudeMeters>
                    </Trackpoint>
                    <Trackpoint>
                        <DistanceMeters>41.0</DistanceMeters>
                        <Time>2021-02-24T15:48:55.162Z</Time>
                        <Position>
                            <LatitudeDegrees>18.590843200683594</LatitudeDegrees>
                            <LongitudeDegrees>73.79610443115234</LongitudeDegrees>
                        </Position>
                        <AltitudeMeters>495.5337829589844</AltitudeMeters>
                    </Trackpoint>
                    <Trackpoint>
                        <DistanceMeters>41.0</DistanceMeters>
                        <Time>2021-02-24T15:48:56.341Z</Time>
                        <Position>
                            <LatitudeDegrees>18.59084701538086</LatitudeDegrees>
                            <LongitudeDegrees>73.79608917236328</LongitudeDegrees>
                        </Position>
                        <AltitudeMeters>495.3643798828125</AltitudeMeters>
                    </Trackpoint>
                    <Trackpoint>
                        <DistanceMeters>41.0</DistanceMeters>
                        <Time>2021-02-24T15:48:57.158Z</Time>
                        <Position>
                            <LatitudeDegrees>18.590852737426758</LatitudeDegrees>
                            <LongitudeDegrees>73.79608154296875</LongitudeDegrees>
                        </Position>
                        <AltitudeMeters>495.3616638183594</AltitudeMeters>
                        <Position>
                            <LatitudeDegrees>18.590852737426758</LatitudeDegrees>
                            <LongitudeDegrees>73.79608154296875</LongitudeDegrees>
                        </Position>
                        <AltitudeMeters>495.3616638183594</AltitudeMeters>
                    </Trackpoint>
                    <Trackpoint>
                        <DistanceMeters>41.0</DistanceMeters>
                        <Time>2021-02-24T15:48:57.579Z</Time>
                        <Position>
                            <LatitudeDegrees>18.59085464477539</LatitudeDegrees>
                            <LongitudeDegrees>73.79607391357422</LongitudeDegrees>
                        </Position>
                        <AltitudeMeters>495.3616638183594</AltitudeMeters>
                    </Trackpoint>
                    <Trackpoint>
                        <DistanceMeters>41.0</DistanceMeters>
                        <Time>2021-02-24T15:48:58.156Z</Time>
                        <Position>
                            <LatitudeDegrees>18.590858459472656</LatitudeDegrees>
                            <LongitudeDegrees>73.79607391357422</LongitudeDegrees>
                        </Position>
                        <AltitudeMeters>495.3294982910156</AltitudeMeters>
                    </Trackpoint>
                    <Trackpoint>
                        <DistanceMeters>41.0</DistanceMeters>
                        <Time>2021-02-24T15:48:58.860Z</Time>
                        <Position>
                            <LatitudeDegrees>18.59086036682129</LatitudeDegrees>
                            <LongitudeDegrees>73.79606628417969</LongitudeDegrees>
                        </Position>
                        <AltitudeMeters>495.3294982910156</AltitudeMeters>
                    </Trackpoint>
                    <Trackpoint>
                        <DistanceMeters>41.0</DistanceMeters>
                        <Time>2021-02-24T15:48:59.154Z</Time>
                        <Position>
                            <LatitudeDegrees>18.59086036682129</LatitudeDegrees>
                            <LongitudeDegrees>73.79605865478516</LongitudeDegrees>
                        </Position>
                        <AltitudeMeters>495.3425598144531</AltitudeMeters>
                    </Trackpoint>
                    <Trackpoint>
                        <DistanceMeters>41.0</DistanceMeters>
                        <Time>2021-02-24T15:48:59.939Z</Time>
                        <Position>
                            <LatitudeDegrees>18.590862274169922</LatitudeDegrees>
                            <LongitudeDegrees>73.79605865478516</LongitudeDegrees>
                        </Position>
                        <AltitudeMeters>495.3425598144531</AltitudeMeters>
                    </Trackpoint>
                    <Trackpoint>
                        <DistanceMeters>41.0</DistanceMeters>
                        <Time>2021-02-24T15:49:00.000Z</Time>
                    </Trackpoint>
                </Track>
                <DistanceMeters>41.0</DistanceMeters>
                <TotalTimeSeconds>60.0</TotalTimeSeconds>
                <Calories>5.636666774749756</Calories>
                <Intensity>Active</Intensity>
                <TriggerMethod>Manual</TriggerMethod>
            </Lap>
        </Activity>
        <Activity Sport="Walking">
            <Id>2021-02-24T15:49:00.000Z</Id>
            <Lap StartTime="2021-02-24T15:49:00.000Z">
                <Track>
                    <Trackpoint>
                        <DistanceMeters>0.0</DistanceMeters>
                        <Time>2021-02-24T15:49:00.000Z</Time>
                    </Trackpoint>
                    <Trackpoint>
                        <DistanceMeters>57.0</DistanceMeters>
                        <Time>2021-02-24T15:49:00.641Z</Time>
                        <Position>
                            <LatitudeDegrees>18.59086036682129</LatitudeDegrees>
                            <LongitudeDegrees>73.79605102539062</LongitudeDegrees>
                        </Position>
                        <AltitudeMeters>495.3462219238281</AltitudeMeters>
                    </Trackpoint>
                    <Trackpoint>
                        <DistanceMeters>57.0</DistanceMeters>
                        <Time>2021-02-24T15:49:01.154Z</Time>
                        <Position>
                            <LatitudeDegrees>18.590856552124023</LatitudeDegrees>
                            <LongitudeDegrees>73.7960433959961</LongitudeDegrees>
                        </Position>
                        <AltitudeMeters>495.40130615234375</AltitudeMeters>
                    </Trackpoint>
                    <Trackpoint>
                        <DistanceMeters>57.0</DistanceMeters>
                        <Time>2021-02-24T15:49:01.820Z</Time>
                        <Position>
                            <LatitudeDegrees>18.590848922729492</LatitudeDegrees>
                            <LongitudeDegrees>73.79603576660156</LongitudeDegrees>
                        </Position>
                        <AltitudeMeters>495.40130615234375</AltitudeMeters>
                    </Trackpoint>
                    <Trackpoint>
                        <DistanceMeters>57.0</DistanceMeters>
                        <Time>2021-02-24T15:49:02.152Z</Time>
                        <Position>
                            <LatitudeDegrees>18.590845108032227</LatitudeDegrees>
                            <LongitudeDegrees>73.79602813720703</LongitudeDegrees>
                        </Position>
                        <AltitudeMeters>495.384765625</AltitudeMeters>
                    </Trackpoint>
                    <Trackpoint>
                        <DistanceMeters>57.0</DistanceMeters>
                        <Time>2021-02-24T15:49:03.154Z</Time>
                        <Position>
                            <LatitudeDegrees>18.59083366394043</LatitudeDegrees>
                            <LongitudeDegrees>73.7960205078125</LongitudeDegrees>
                        </Position>
                        <AltitudeMeters>495.383544921875</AltitudeMeters>
                    </Trackpoint>
                    <Trackpoint>
                        <DistanceMeters>57.0</DistanceMeters>
                        <Time>2021-02-24T15:49:03.659Z</Time>
                        <Position>
                            <LatitudeDegrees>18.590824127197266</LatitudeDegrees>
                            <LongitudeDegrees>73.79601287841797</LongitudeDegrees>
                        </Position>
                        <AltitudeMeters>495.383544921875</AltitudeMeters>
                    </Trackpoint>
                    <Trackpoint>
                        <DistanceMeters>57.0</DistanceMeters>
                        <Time>2021-02-24T15:49:04.120Z</Time>
                        <Position>
                            <LatitudeDegrees>18.590818405151367</LatitudeDegrees>
                            <LongitudeDegrees>73.79601287841797</LongitudeDegrees>
                        </Position>
                        <AltitudeMeters>495.383544921875</AltitudeMeters>
                    </Trackpoint>
                    <Trackpoint>
                        <DistanceMeters>57.0</DistanceMeters>
                        <Time>2021-02-24T15:49:04.901Z</Time>
                        <Position>
                            <LatitudeDegrees>18.59080696105957</LatitudeDegrees>
                            <LongitudeDegrees>73.79600524902344</LongitudeDegrees>
                        </Position>
                        <AltitudeMeters>495.3719787597656</AltitudeMeters>
                    </Trackpoint>
                    <Trackpoint>
                        <DistanceMeters>57.0</DistanceMeters>
                        <Time>2021-02-24T15:49:05.154Z</Time>
                        <Position>
                            <LatitudeDegrees>18.590803146362305</LatitudeDegrees>
                            <LongitudeDegrees>73.7959976196289</LongitudeDegrees>
                        </Position>
                        <AltitudeMeters>495.3143310546875</AltitudeMeters>
                    </Trackpoint>
                    <Trackpoint>
                        <DistanceMeters>57.0</DistanceMeters>
                        <Time>2021-02-24T15:49:05.659Z</Time>
                        <Position>
                            <LatitudeDegrees>18.590797424316406</LatitudeDegrees>
                            <LongitudeDegrees>73.7959976196289</LongitudeDegrees>
                        </Position>
                        <AltitudeMeters>495.3143310546875</AltitudeMeters>
                    </Trackpoint>
                    <Trackpoint>
                        <DistanceMeters>57.0</DistanceMeters>
                        <Time>2021-02-24T15:49:06.199Z</Time>
                        <Position>
                            <LatitudeDegrees>18.590789794921875</LatitudeDegrees>
                            <LongitudeDegrees>73.79598999023438</LongitudeDegrees>
                        </Position>
                        <AltitudeMeters>495.2946472167969</AltitudeMeters>
                    </Trackpoint>
                    <Trackpoint>
                        <DistanceMeters>57.0</DistanceMeters>
                        <Time>2021-02-24T15:49:06.980Z</Time>
                        <Position>
                            <LatitudeDegrees>18.59078598022461</LatitudeDegrees>
                            <LongitudeDegrees>73.79598999023438</LongitudeDegrees>
                        </Position>
                        <AltitudeMeters>495.2946472167969</AltitudeMeters>
                    </Trackpoint>
                    <Trackpoint>
                        <DistanceMeters>57.0</DistanceMeters>
                        <Time>2021-02-24T15:49:07.621Z</Time>
                        <Position>
                            <LatitudeDegrees>18.590782165527344</LatitudeDegrees>
                            <LongitudeDegrees>73.79598236083984</LongitudeDegrees>
                        </Position>
                        <AltitudeMeters>495.2772216796875</AltitudeMeters>
                    </Trackpoint>
                    <Trackpoint>
                        <DistanceMeters>57.0</DistanceMeters>
                        <Time>2021-02-24T15:49:08.152Z</Time>
                        <Position>
                            <LatitudeDegrees>18.59078025817871</LatitudeDegrees>
                            <LongitudeDegrees>73.79597473144531</LongitudeDegrees>
                        </Position>
                        <AltitudeMeters>495.3382873535156</AltitudeMeters>
                    </Trackpoint>
                    <Trackpoint>
                        <DistanceMeters>57.0</DistanceMeters>
                        <Time>2021-02-24T15:49:09.159Z</Time>
                        <Position>
                            <LatitudeDegrees>18.59078025817871</LatitudeDegrees>
                            <LongitudeDegrees>73.79596710205078</LongitudeDegrees>
                        </Position>
                        <AltitudeMeters>495.22784423828125</AltitudeMeters>
                    </Trackpoint>
                    <Trackpoint>
                        <DistanceMeters>57.0</DistanceMeters>
                        <Time>2021-02-24T15:49:10.162Z</Time>
                        <Position>
                            <LatitudeDegrees>18.59078598022461</LatitudeDegrees>
                            <LongitudeDegrees>73.79595947265625</LongitudeDegrees>
                        </Position>
                        <AltitudeMeters>495.20916748046875</AltitudeMeters>
                    </Trackpoint>
                    <Trackpoint>
                        <DistanceMeters>57.0</DistanceMeters>
                        <Time>2021-02-24T15:49:10.740Z</Time>
                        <Position>
                            <LatitudeDegrees>18.590789794921875</LatitudeDegrees>
                            <LongitudeDegrees>73.79595947265625</LongitudeDegrees>
                        </Position>
                        <AltitudeMeters>495.20916748046875</AltitudeMeters>
                    </Trackpoint>
                    <Trackpoint>
                        <DistanceMeters>57.0</DistanceMeters>
                        <Time>2021-02-24T15:49:11.360Z</Time>
                        <Position>
                            <LatitudeDegrees>18.59079360961914</LatitudeDegrees>
                            <LongitudeDegrees>73.79595184326172</LongitudeDegrees>
                        </Position>
                        <AltitudeMeters>495.2231750488281</AltitudeMeters>
                    </Trackpoint>
                    <Trackpoint>
                        <DistanceMeters>57.0</DistanceMeters>
                        <Time>2021-02-24T15:49:12.041Z</Time>
                        <Position>
                            <LatitudeDegrees>18.590795516967773</LatitudeDegrees>
                            <LongitudeDegrees>73.79595184326172</LongitudeDegrees>
                        </Position>
                        <AltitudeMeters>495.2231750488281</AltitudeMeters>
                    </Trackpoint>
                    <Trackpoint>
                        <DistanceMeters>57.0</DistanceMeters>
                        <Time>2021-02-24T15:49:12.602Z</Time>
                        <Position>
                            <LatitudeDegrees>18.590795516967773</LatitudeDegrees>
                            <LongitudeDegrees>73.79594421386719</LongitudeDegrees>
                        </Position>
                        <AltitudeMeters>495.2420349121094</AltitudeMeters>
                    </Trackpoint>
                    <Trackpoint>
                        <DistanceMeters>57.0</DistanceMeters>
                        <Time>2021-02-24T15:49:13.151Z</Time>
                        <Position>
                            <LatitudeDegrees>18.590795516967773</LatitudeDegrees>
                            <LongitudeDegrees>73.79593658447266</LongitudeDegrees>
                        </Position>
                        <AltitudeMeters>495.2323303222656</AltitudeMeters>
                    </Trackpoint>
                    <Trackpoint>
                        <DistanceMeters>57.0</DistanceMeters>
                        <Time>2021-02-24T15:49:13.881Z</Time>
                        <Position>
                            <LatitudeDegrees>18.590795516967773</LatitudeDegrees>
                            <LongitudeDegrees>73.79592895507812</LongitudeDegrees>
                        </Position>
                        <AltitudeMeters>495.2905578613281</AltitudeMeters>
                    </Trackpoint>
                    <Trackpoint>
                        <DistanceMeters>57.0</DistanceMeters>
                        <Time>2021-02-24T15:49:14.600Z</Time>
                        <Position>
                            <LatitudeDegrees>18.590795516967773</LatitudeDegrees>
                            <LongitudeDegrees>73.7959213256836</LongitudeDegrees>
                        </Position>
                        <AltitudeMeters>495.29901123046875</AltitudeMeters>
                    </Trackpoint>
                    <Trackpoint>
                        <DistanceMeters>57.0</DistanceMeters>
                        <Time>2021-02-24T15:49:15.157Z</Time>
                        <Position>
                            <LatitudeDegrees>18.59079360961914</LatitudeDegrees>
                            <LongitudeDegrees>73.7959213256836</LongitudeDegrees>
                        </Position>
                        <AltitudeMeters>495.283203125</AltitudeMeters>
                    </Trackpoint>
                    <Trackpoint>
                        <DistanceMeters>57.0</DistanceMeters>
                        <Time>2021-02-24T15:49:15.679Z</Time>
                        <Position>
                            <LatitudeDegrees>18.590791702270508</LatitudeDegrees>
                            <LongitudeDegrees>73.79591369628906</LongitudeDegrees>
                        </Position>
                        <AltitudeMeters>495.283203125</AltitudeMeters>
                    </Trackpoint>
                    <Trackpoint>
                        <DistanceMeters>57.0</DistanceMeters>
                        <Time>2021-02-24T15:49:16.158Z</Time>
                        <Position>
                            <LatitudeDegrees>18.590791702270508</LatitudeDegrees>
                            <LongitudeDegrees>73.79591369628906</LongitudeDegrees>
                        </Position>
                        <AltitudeMeters>495.2725830078125</AltitudeMeters>
                    </Trackpoint>
                    <Trackpoint>
                        <DistanceMeters>57.0</DistanceMeters>
                        <Time>2021-02-24T15:49:17.059Z</Time>
                        <Position>
                            <LatitudeDegrees>18.590789794921875</LatitudeDegrees>
                            <LongitudeDegrees>73.7958984375</LongitudeDegrees>
                        </Position>
                        <AltitudeMeters>495.2725830078125</AltitudeMeters>
                    </Trackpoint>
                    <Trackpoint>
                        <DistanceMeters>57.0</DistanceMeters>
                        <Time>2021-02-24T15:49:17.619Z</Time>
                        <Position>
                            <LatitudeDegrees>18.590787887573242</LatitudeDegrees>
                            <LongitudeDegrees>73.7958984375</LongitudeDegrees>
                        </Position>
                        <AltitudeMeters>495.26513671875</AltitudeMeters>
                    </Trackpoint>
                    <Trackpoint>
                        <DistanceMeters>57.0</DistanceMeters>
                        <Time>2021-02-24T15:49:18.154Z</Time>
                        <Position>
                            <LatitudeDegrees>18.59078598022461</LatitudeDegrees>
                            <LongitudeDegrees>73.79589080810547</LongitudeDegrees>
                        </Position>
                        <AltitudeMeters>495.236083984375</AltitudeMeters>
                    </Trackpoint>
                    <Trackpoint>
                        <DistanceMeters>57.0</DistanceMeters>
                        <Time>2021-02-24T15:49:18.931Z</Time>
                        <Position>
                            <LatitudeDegrees>18.590784072875977</LatitudeDegrees>
                            <LongitudeDegrees>73.79588317871094</LongitudeDegrees>
                        </Position>
                        <AltitudeMeters>495.236083984375</AltitudeMeters>
                    </Trackpoint>
                    <Trackpoint>
                        <DistanceMeters>57.0</DistanceMeters>
                        <Time>2021-02-24T15:49:19.151Z</Time>
                        <Position>
                            <LatitudeDegrees>18.590784072875977</LatitudeDegrees>
                            <LongitudeDegrees>73.79588317871094</LongitudeDegrees>
                        </Position>
                        <AltitudeMeters>495.2655334472656</AltitudeMeters>
                    </Trackpoint>
                    <Trackpoint>
                        <DistanceMeters>57.0</DistanceMeters>
                        <Time>2021-02-24T15:49:19.578Z</Time>
                        <Position>
                            <LatitudeDegrees>18.590784072875977</LatitudeDegrees>
                            <LongitudeDegrees>73.7958755493164</LongitudeDegrees>
                        </Position>
                        <AltitudeMeters>495.2655334472656</AltitudeMeters>
                    </Trackpoint>
                    <Trackpoint>
                        <DistanceMeters>57.0</DistanceMeters>
                        <Time>2021-02-24T15:49:20.153Z</Time>
                        <Position>
                            <LatitudeDegrees>18.590784072875977</LatitudeDegrees>
                            <LongitudeDegrees>73.79586791992188</LongitudeDegrees>
                        </Position>
                        <AltitudeMeters>495.24090576171875</AltitudeMeters>
                    </Trackpoint>
                    <Trackpoint>
                        <DistanceMeters>57.0</DistanceMeters>
                        <Time>2021-02-24T15:49:21.521Z</Time>
                        <Position>
                            <LatitudeDegrees>18.590805053710938</LatitudeDegrees>
                            <LongitudeDegrees>73.79584503173828</LongitudeDegrees>
                        </Position>
                        <AltitudeMeters>495.2560119628906</AltitudeMeters>
                    </Trackpoint>
                    <Trackpoint>
                        <DistanceMeters>57.0</DistanceMeters>
                        <Time>2021-02-24T15:49:22.154Z</Time>
                        <Position>
                            <LatitudeDegrees>18.59081268310547</LatitudeDegrees>
                            <LongitudeDegrees>73.79583740234375</LongitudeDegrees>
                        </Position>
                        <AltitudeMeters>495.2597351074219</AltitudeMeters>
                    </Trackpoint>
                    <Trackpoint>
                        <DistanceMeters>57.0</DistanceMeters>
                        <Time>2021-02-24T15:49:22.620Z</Time>
                        <Position>
                            <LatitudeDegrees>18.590816497802734</LatitudeDegrees>
                            <LongitudeDegrees>73.79582977294922</LongitudeDegrees>
                        </Position>
                        <AltitudeMeters>495.2597351074219</AltitudeMeters>
                    </Trackpoint>
                    <Trackpoint>
                        <DistanceMeters>57.0</DistanceMeters>
                        <Time>2021-02-24T15:49:23.156Z</Time>
                        <Position>
                            <LatitudeDegrees>18.590822219848633</LatitudeDegrees>
                            <LongitudeDegrees>73.79582977294922</LongitudeDegrees>
                        </Position>
                        <AltitudeMeters>495.2298583984375</AltitudeMeters>
                    </Trackpoint>
                    <Trackpoint>
                        <DistanceMeters>57.0</DistanceMeters>
                        <Time>2021-02-24T15:49:24.154Z</Time>
                        <Position>
                            <LatitudeDegrees>18.590839385986328</LatitudeDegrees>
                            <LongitudeDegrees>73.79581451416016</LongitudeDegrees>
                        </Position>
                        <AltitudeMeters>495.2351379394531</AltitudeMeters>
                    </Trackpoint>
                    <Trackpoint>
                        <DistanceMeters>57.0</DistanceMeters>
                        <Time>2021-02-24T15:49:25.140Z</Time>
                        <Position>
                            <LatitudeDegrees>18.59084129333496</LatitudeDegrees>
                            <LongitudeDegrees>73.79581451416016</LongitudeDegrees>
                        </Position>
                        <AltitudeMeters>495.2351379394531</AltitudeMeters>
                    </Trackpoint>
                    <Trackpoint>
                        <DistanceMeters>57.0</DistanceMeters>
                        <Time>2021-02-24T15:49:26.000Z</Time>
                        <Position>
                            <LatitudeDegrees>18.590843200683594</LatitudeDegrees>
                            <LongitudeDegrees>73.79581451416016</LongitudeDegrees>
                        </Position>
                        <AltitudeMeters>495.2381591796875</AltitudeMeters>
                    </Trackpoint>
                    <Trackpoint>
                        <DistanceMeters>57.0</DistanceMeters>
                        <Time>2021-02-24T15:49:26.932Z</Time>
                        <Position>
                            <LatitudeDegrees>18.590848922729492</LatitudeDegrees>
                            <LongitudeDegrees>73.79582214355469</LongitudeDegrees>
                        </Position>
                        <AltitudeMeters>495.2191162109375</AltitudeMeters>
                    </Trackpoint>
                    <Trackpoint>
                        <DistanceMeters>57.0</DistanceMeters>
                        <Time>2021-02-24T15:49:27.157Z</Time>
                        <Position>
                            <LatitudeDegrees>18.590850830078125</LatitudeDegrees>
                            <LongitudeDegrees>73.79582214355469</LongitudeDegrees>
                        </Position>
                        <AltitudeMeters>495.2091979980469</AltitudeMeters>
                    </Trackpoint>
                    <Trackpoint>
                        <DistanceMeters>57.0</DistanceMeters>
                        <Time>2021-02-24T15:49:28.139Z</Time>
                        <Position>
                            <LatitudeDegrees>18.59085464477539</LatitudeDegrees>
                            <LongitudeDegrees>73.79582214355469</LongitudeDegrees>
                        </Position>
                        <AltitudeMeters>495.2091979980469</AltitudeMeters>
                    </Trackpoint>
                    <Trackpoint>
                        <DistanceMeters>57.0</DistanceMeters>
                        <Time>2021-02-24T15:49:28.155Z</Time>
                        <Position>
                            <LatitudeDegrees>18.59085464477539</LatitudeDegrees>
                            <LongitudeDegrees>73.79582214355469</LongitudeDegrees>
                        </Position>
                        <AltitudeMeters>495.24273681640625</AltitudeMeters>
                    </Trackpoint>
                    <Trackpoint>
                        <DistanceMeters>57.0</DistanceMeters>
                        <Time>2021-02-24T15:49:28.743Z</Time>
                        <Position>
                            <LatitudeDegrees>18.590858459472656</LatitudeDegrees>
                            <LongitudeDegrees>73.79582977294922</LongitudeDegrees>
                        </Position>
                        <AltitudeMeters>495.2038269042969</AltitudeMeters>
                    </Trackpoint>
                    <Trackpoint>
                        <DistanceMeters>57.0</DistanceMeters>
                        <Time>2021-02-24T15:49:29.320Z</Time>
                        <Position>
                            <LatitudeDegrees>18.59086036682129</LatitudeDegrees>
                            <LongitudeDegrees>73.79582977294922</LongitudeDegrees>
                        </Position>
                        <AltitudeMeters>495.2284240722656</AltitudeMeters>
                    </Trackpoint>
                    <Trackpoint>
                        <DistanceMeters>57.0</DistanceMeters>
                        <Time>2021-02-24T15:49:29.959Z</Time>
                        <Position>
                            <LatitudeDegrees>18.590866088867188</LatitudeDegrees>
                            <LongitudeDegrees>73.79582977294922</LongitudeDegrees>
                        </Position>
                        <AltitudeMeters>495.2284240722656</AltitudeMeters>
                    </Trackpoint>
                    <Trackpoint>
                        <DistanceMeters>57.0</DistanceMeters>
                        <Time>2021-02-24T15:49:30.601Z</Time>
                        <Position>
                            <LatitudeDegrees>18.590869903564453</LatitudeDegrees>
                            <LongitudeDegrees>73.79583740234375</LongitudeDegrees>
                        </Position>
                        <AltitudeMeters>495.2487487792969</AltitudeMeters>
                    </Trackpoint>
                    <Trackpoint>
                        <DistanceMeters>57.0</DistanceMeters>
                        <Time>2021-02-24T15:49:31.152Z</Time>
                        <Position>
                            <LatitudeDegrees>18.59087371826172</LatitudeDegrees>
                            <LongitudeDegrees>73.79583740234375</LongitudeDegrees>
                        </Position>
                        <AltitudeMeters>495.3179016113281</AltitudeMeters>
                    </Trackpoint>
                    <Trackpoint>
                        <DistanceMeters>57.0</DistanceMeters>
                        <Time>2021-02-24T15:49:31.899Z</Time>
                        <Position>
                            <LatitudeDegrees>18.590877532958984</LatitudeDegrees>
                            <LongitudeDegrees>73.79583740234375</LongitudeDegrees>
                        </Position>
                        <AltitudeMeters>495.3179016113281</AltitudeMeters>
                    </Trackpoint>
                    <Trackpoint>
                        <DistanceMeters>57.0</DistanceMeters>
                        <Time>2021-02-24T15:49:32.157Z</Time>
                        <Position>
                            <LatitudeDegrees>18.590879440307617</LatitudeDegrees>
                            <LongitudeDegrees>73.79583740234375</LongitudeDegrees>
                        </Position>
                        <AltitudeMeters>495.2945861816406</AltitudeMeters>
                    </Trackpoint>
                    <Trackpoint>
                        <DistanceMeters>57.0</DistanceMeters>
                        <Time>2021-02-24T15:49:33.151Z</Time>
                        <Position>
                            <LatitudeDegrees>18.590885162353516</LatitudeDegrees>
                            <LongitudeDegrees>73.79583740234375</LongitudeDegrees>
                        </Position>
                        <AltitudeMeters>495.3263244628906</AltitudeMeters>
                    </Trackpoint>
                    <Trackpoint>
                        <DistanceMeters>57.0</DistanceMeters>
                        <Time>2021-02-24T15:49:33.260Z</Time>
                        <Position>
                            <LatitudeDegrees>18.59088706970215</LatitudeDegrees>
                            <LongitudeDegrees>73.79584503173828</LongitudeDegrees>
                        </Position>
                        <AltitudeMeters>495.3263244628906</AltitudeMeters>
                    </Trackpoint>
                    <Trackpoint>
                        <DistanceMeters>57.0</DistanceMeters>
                        <Time>2021-02-24T15:49:34.152Z</Time>
                        <Position>
                            <LatitudeDegrees>18.590892791748047</LatitudeDegrees>
                            <LongitudeDegrees>73.79584503173828</LongitudeDegrees>
                        </Position>
                        <AltitudeMeters>495.3698425292969</AltitudeMeters>
                    </Trackpoint>
                    <Trackpoint>
                        <DistanceMeters>57.0</DistanceMeters>
                        <Time>2021-02-24T15:49:34.620Z</Time>
                        <Position>
                            <LatitudeDegrees>18.590896606445312</LatitudeDegrees>
                            <LongitudeDegrees>73.79584503173828</LongitudeDegrees>
                        </Position>
                        <AltitudeMeters>495.3698425292969</AltitudeMeters>
                    </Trackpoint>
                    <Trackpoint>
                        <DistanceMeters>57.0</DistanceMeters>
                        <Time>2021-02-24T15:49:35.154Z</Time>
                        <Position>
                            <LatitudeDegrees>18.590900421142578</LatitudeDegrees>
                            <LongitudeDegrees>73.79584503173828</LongitudeDegrees>
                        </Position>
                        <AltitudeMeters>495.409912109375</AltitudeMeters>
                    </Trackpoint>
                    <Trackpoint>
                        <DistanceMeters>57.0</DistanceMeters>
                        <Time>2021-02-24T15:49:36.158Z</Time>
                        <Position>
                            <LatitudeDegrees>18.590919494628906</LatitudeDegrees>
                            <LongitudeDegrees>73.79583740234375</LongitudeDegrees>
                        </Position>
                        <AltitudeMeters>495.3212585449219</AltitudeMeters>
                    </Trackpoint>
                    <Trackpoint>
                        <DistanceMeters>57.0</DistanceMeters>
                        <Time>2021-02-24T15:49:37.139Z</Time>
                        <Position>
                            <LatitudeDegrees>18.59092903137207</LatitudeDegrees>
                            <LongitudeDegrees>73.79582977294922</LongitudeDegrees>
                        </Position>
                        <AltitudeMeters>495.3212585449219</AltitudeMeters>
                    </Trackpoint>
                    <Trackpoint>
                        <DistanceMeters>57.0</DistanceMeters>
                        <Time>2021-02-24T15:49:37.681Z</Time>
                        <Position>
                            <LatitudeDegrees>18.59093475341797</LatitudeDegrees>
                            <LongitudeDegrees>73.79582977294922</LongitudeDegrees>
                        </Position>
                        <AltitudeMeters>495.3265075683594</AltitudeMeters>
                    </Trackpoint>
                    <Trackpoint>
                        <DistanceMeters>57.0</DistanceMeters>
                        <Time>2021-02-24T15:49:38.152Z</Time>
                        <Position>
                            <LatitudeDegrees>18.590938568115234</LatitudeDegrees>
                            <LongitudeDegrees>73.79582214355469</LongitudeDegrees>
                        </Position>
                        <AltitudeMeters>495.3107604980469</AltitudeMeters>
                    </Trackpoint>
                    <Trackpoint>
                        <DistanceMeters>57.0</DistanceMeters>
                        <Time>2021-02-24T15:49:39.153Z</Time>
                        <Position>
                            <LatitudeDegrees>18.5909481048584</LatitudeDegrees>
                            <LongitudeDegrees>73.79581451416016</LongitudeDegrees>
                        </Position>
                        <AltitudeMeters>495.2872009277344</AltitudeMeters>
                    </Trackpoint>
                    <Trackpoint>
                        <DistanceMeters>57.0</DistanceMeters>
                        <Time>2021-02-24T15:49:40.081Z</Time>
                        <Position>
                            <LatitudeDegrees>18.590953826904297</LatitudeDegrees>
                            <LongitudeDegrees>73.79580688476562</LongitudeDegrees>
                        </Position>
                        <AltitudeMeters>495.2872009277344</AltitudeMeters>
                    </Trackpoint>
                    <Trackpoint>
                        <DistanceMeters>57.0</DistanceMeters>
                        <Time>2021-02-24T15:49:40.541Z</Time>
                        <Position>
                            <LatitudeDegrees>18.59095573425293</LatitudeDegrees>
                            <LongitudeDegrees>73.7957992553711</LongitudeDegrees>
                        </Position>
                        <AltitudeMeters>495.24114990234375</AltitudeMeters>
                    </Trackpoint>
                    <Trackpoint>
                        <DistanceMeters>57.0</DistanceMeters>
                        <Time>2021-02-24T15:49:41.156Z</Time>
                        <Position>
                            <LatitudeDegrees>18.590957641601562</LatitudeDegrees>
                            <LongitudeDegrees>73.7957992553711</LongitudeDegrees>
                        </Position>
                        <AltitudeMeters>495.2618103027344</AltitudeMeters>
                    </Trackpoint>
                    <Trackpoint>
                        <DistanceMeters>57.0</DistanceMeters>
                        <Time>2021-02-24T15:49:41.399Z</Time>
                        <Position>
                            <LatitudeDegrees>18.590959548950195</LatitudeDegrees>
                            <LongitudeDegrees>73.79579162597656</LongitudeDegrees>
                        </Position>
                        <AltitudeMeters>495.2618103027344</AltitudeMeters>
                    </Trackpoint>
                    <Trackpoint>
                        <DistanceMeters>57.0</DistanceMeters>
                        <Time>2021-02-24T15:49:42.000Z</Time>
                        <Position>
                            <LatitudeDegrees>18.59096336364746</LatitudeDegrees>
                            <LongitudeDegrees>73.79579162597656</LongitudeDegrees>
                        </Position>
                        <AltitudeMeters>495.2618103027344</AltitudeMeters>
                    </Trackpoint>
                    <Trackpoint>
                        <DistanceMeters>57.0</DistanceMeters>
                        <Time>2021-02-24T15:49:43.120Z</Time>
                        <Position>
                            <LatitudeDegrees>18.590972900390625</LatitudeDegrees>
                            <LongitudeDegrees>73.79579162597656</LongitudeDegrees>
                        </Position>
                        <AltitudeMeters>495.26751708984375</AltitudeMeters>
                    </Trackpoint>
                    <Trackpoint>
                        <DistanceMeters>57.0</DistanceMeters>
                        <Time>2021-02-24T15:49:43.698Z</Time>
                        <Position>
                            <LatitudeDegrees>18.590984344482422</LatitudeDegrees>
                            <LongitudeDegrees>73.79578399658203</LongitudeDegrees>
                        </Position>
                        <AltitudeMeters>495.185546875</AltitudeMeters>
                    </Trackpoint>
                    <Trackpoint>
                        <DistanceMeters>57.0</DistanceMeters>
                        <Time>2021-02-24T15:49:44.151Z</Time>
                        <Position>
                            <LatitudeDegrees>18.590986251831055</LatitudeDegrees>
                            <LongitudeDegrees>73.79578399658203</LongitudeDegrees>
                        </Position>
                        <AltitudeMeters>495.16522216796875</AltitudeMeters>
                    </Trackpoint>
                    <Trackpoint>
                        <DistanceMeters>57.0</DistanceMeters>
                        <Time>2021-02-24T15:49:44.935Z</Time>
                        <Position>
                            <LatitudeDegrees>18.590993881225586</LatitudeDegrees>
                            <LongitudeDegrees>73.79578399658203</LongitudeDegrees>
                        </Position>
                        <AltitudeMeters>495.16522216796875</AltitudeMeters>
                    </Trackpoint>
                    <Trackpoint>
                        <DistanceMeters>57.0</DistanceMeters>
                        <Time>2021-02-24T15:49:45.500Z</Time>
                        <Position>
                            <LatitudeDegrees>18.59099769592285</LatitudeDegrees>
                            <LongitudeDegrees>73.79578399658203</LongitudeDegrees>
                        </Position>
                        <AltitudeMeters>495.2190246582031</AltitudeMeters>
                    </Trackpoint>
                    <Trackpoint>
                        <DistanceMeters>57.0</DistanceMeters>
                        <Time>2021-02-24T15:49:45.999Z</Time>
                        <Position>
                            <LatitudeDegrees>18.591001510620117</LatitudeDegrees>
                            <LongitudeDegrees>73.79579162597656</LongitudeDegrees>
                        </Position>
                        <AltitudeMeters>495.2190246582031</AltitudeMeters>
                    </Trackpoint>
                    <Trackpoint>
                        <DistanceMeters>57.0</DistanceMeters>
                        <Time>2021-02-24T15:49:46.661Z</Time>
                        <Position>
                            <LatitudeDegrees>18.591007232666016</LatitudeDegrees>
                            <LongitudeDegrees>73.79579162597656</LongitudeDegrees>
                        </Position>
                        <AltitudeMeters>495.2378845214844</AltitudeMeters>
                    </Trackpoint>
                    <Trackpoint>
                        <DistanceMeters>57.0</DistanceMeters>
                        <Time>2021-02-24T15:49:47.158Z</Time>
                        <Position>
                            <LatitudeDegrees>18.59101104736328</LatitudeDegrees>
                            <LongitudeDegrees>73.79579162597656</LongitudeDegrees>
                        </Position>
                        <AltitudeMeters>495.2312316894531</AltitudeMeters>
                    </Trackpoint>
                    <Trackpoint>
                        <DistanceMeters>57.0</DistanceMeters>
                        <Time>2021-02-24T15:49:47.840Z</Time>
                        <Position>
                            <LatitudeDegrees>18.59101676940918</LatitudeDegrees>
                            <LongitudeDegrees>73.79579162597656</LongitudeDegrees>
                        </Position>
                        <AltitudeMeters>495.2312316894531</AltitudeMeters>
                    </Trackpoint>
                    <Trackpoint>
                        <DistanceMeters>57.0</DistanceMeters>
                        <Time>2021-02-24T15:49:48.459Z</Time>
                        <Position>
                            <LatitudeDegrees>18.591020584106445</LatitudeDegrees>
                            <LongitudeDegrees>73.79579162597656</LongitudeDegrees>
                        </Position>
                        <AltitudeMeters>495.2229309082031</AltitudeMeters>
                    </Trackpoint>
                    <Trackpoint>
                        <DistanceMeters>57.0</DistanceMeters>
                        <Time>2021-02-24T15:49:49.153Z</Time>
                        <Position>
                            <LatitudeDegrees>18.591026306152344</LatitudeDegrees>
                            <LongitudeDegrees>73.79579162597656</LongitudeDegrees>
                        </Position>
                        <AltitudeMeters>495.2395935058594</AltitudeMeters>
                    </Trackpoint>
                    <Trackpoint>
                        <DistanceMeters>57.0</DistanceMeters>
                        <Time>2021-02-24T15:49:49.660Z</Time>
                        <Position>
                            <LatitudeDegrees>18.591028213500977</LatitudeDegrees>
                            <LongitudeDegrees>73.7957992553711</LongitudeDegrees>
                        </Position>
                        <AltitudeMeters>495.2395935058594</AltitudeMeters>
                    </Trackpoint>
                    <Trackpoint>
                        <DistanceMeters>57.0</DistanceMeters>
                        <Time>2021-02-24T15:49:50.152Z</Time>
                        <Position>
                            <LatitudeDegrees>18.591032028198242</LatitudeDegrees>
                            <LongitudeDegrees>73.7957992553711</LongitudeDegrees>
                        </Position>
                        <AltitudeMeters>495.2385559082031</AltitudeMeters>
                    </Trackpoint>
                    <Trackpoint>
                        <DistanceMeters>57.0</DistanceMeters>
                        <Time>2021-02-24T15:49:50.881Z</Time>
                        <Position>
                            <LatitudeDegrees>18.591035842895508</LatitudeDegrees>
                            <LongitudeDegrees>73.7957992553711</LongitudeDegrees>
                        </Position>
                        <AltitudeMeters>495.2385559082031</AltitudeMeters>
                    </Trackpoint>
                    <Trackpoint>
                        <DistanceMeters>57.0</DistanceMeters>
                        <Time>2021-02-24T15:49:51.501Z</Time>
                        <Position>
                            <LatitudeDegrees>18.591035842895508</LatitudeDegrees>
                            <LongitudeDegrees>73.79579162597656</LongitudeDegrees>
                        </Position>
                        <AltitudeMeters>495.23040771484375</AltitudeMeters>
                    </Trackpoint>
                    <Trackpoint>
                        <DistanceMeters>57.0</DistanceMeters>
                        <Time>2021-02-24T15:49:52.060Z</Time>
                        <Position>
                            <LatitudeDegrees>18.591039657592773</LatitudeDegrees>
                            <LongitudeDegrees>73.79579162597656</LongitudeDegrees>
                        </Position>
                        <AltitudeMeters>495.23040771484375</AltitudeMeters>
                    </Trackpoint>
                    <Trackpoint>
                        <DistanceMeters>57.0</DistanceMeters>
                        <Time>2021-02-24T15:49:52.679Z</Time>
                        <Position>
                            <LatitudeDegrees>18.591045379638672</LatitudeDegrees>
                            <LongitudeDegrees>73.79579162597656</LongitudeDegrees>
                        </Position>
                        <AltitudeMeters>495.2525634765625</AltitudeMeters>
                    </Trackpoint>
                    <Trackpoint>
                        <DistanceMeters>57.0</DistanceMeters>
                        <Time>2021-02-24T15:49:53.155Z</Time>
                        <Position>
                            <LatitudeDegrees>18.59105110168457</LatitudeDegrees>
                            <LongitudeDegrees>73.79579162597656</LongitudeDegrees>
                        </Position>
                        <AltitudeMeters>495.2232360839844</AltitudeMeters>
                    </Trackpoint>
                    <Trackpoint>
                        <DistanceMeters>57.0</DistanceMeters>
                        <Time>2021-02-24T15:49:54.157Z</Time>
                        <Position>
                            <LatitudeDegrees>18.591049194335938</LatitudeDegrees>
                            <LongitudeDegrees>73.79578399658203</LongitudeDegrees>
                        </Position>
                        <AltitudeMeters>495.1752624511719</AltitudeMeters>
                    </Trackpoint>
                    <Trackpoint>
                        <DistanceMeters>57.0</DistanceMeters>
                        <Time>2021-02-24T15:49:55.152Z</Time>
                        <Position>
                            <LatitudeDegrees>18.591054916381836</LatitudeDegrees>
                            <LongitudeDegrees>73.79578399658203</LongitudeDegrees>
                        </Position>
                        <AltitudeMeters>495.2181091308594</AltitudeMeters>
                    </Trackpoint>
                    <Trackpoint>
                        <DistanceMeters>57.0</DistanceMeters>
                        <Time>2021-02-24T15:49:56.150Z</Time>
                        <Position>
                            <LatitudeDegrees>18.591054916381836</LatitudeDegrees>
                            <LongitudeDegrees>73.79578399658203</LongitudeDegrees>
                        </Position>
                        <AltitudeMeters>495.1591491699219</AltitudeMeters>
                    </Trackpoint>
                    <Trackpoint>
                        <DistanceMeters>57.0</DistanceMeters>
                        <Time>2021-02-24T15:49:57.157Z</Time>
                        <Position>
                            <LatitudeDegrees>18.59105682373047</LatitudeDegrees>
                            <LongitudeDegrees>73.79578399658203</LongitudeDegrees>
                        </Position>
                        <AltitudeMeters>495.1533508300781</AltitudeMeters>
                    </Trackpoint>
                    <Trackpoint>
                        <DistanceMeters>57.0</DistanceMeters>
                        <Time>2021-02-24T15:49:57.680Z</Time>
                        <Position>
                            <LatitudeDegrees>18.59105682373047</LatitudeDegrees>
                            <LongitudeDegrees>73.79578399658203</LongitudeDegrees>
                        </Position>
                        <AltitudeMeters>495.1533508300781</AltitudeMeters>
                    </Trackpoint>
                    <Trackpoint>
                        <DistanceMeters>57.0</DistanceMeters>
                        <Time>2021-02-24T15:49:58.151Z</Time>
                        <Position>
                            <LatitudeDegrees>18.5910587310791</LatitudeDegrees>
                            <LongitudeDegrees>73.79578399658203</LongitudeDegrees>
                        </Position>
                        <AltitudeMeters>495.13031005859375</AltitudeMeters>
                    </Trackpoint>
                    <Trackpoint>
                        <DistanceMeters>57.0</DistanceMeters>
                        <Time>2021-02-24T15:49:59.155Z</Time>
                        <Position>
                            <LatitudeDegrees>18.59105110168457</LatitudeDegrees>
                            <LongitudeDegrees>73.79578399658203</LongitudeDegrees>
                        </Position>
                        <AltitudeMeters>494.9698791503906</AltitudeMeters>
                    </Trackpoint>
                    <Trackpoint>
                        <DistanceMeters>57.0</DistanceMeters>
                        <Time>2021-02-24T15:50:00.000Z</Time>
                    </Trackpoint>
                </Track>
                <DistanceMeters>57.0</DistanceMeters>
                <TotalTimeSeconds>60.0</TotalTimeSeconds>
                <Calories>5.636666774749756</Calories>
                <Intensity>Active</Intensity>
                <TriggerMethod>Manual</TriggerMethod>
            </Lap>
        </Activity>
        <Activity Sport="Walking">
            <Id>2021-02-24T15:50:00.000Z</Id>
            <Lap StartTime="2021-02-24T15:50:00.000Z">
                <Track>
                    <Trackpoint>
                        <DistanceMeters>0.0</DistanceMeters>
                        <Time>2021-02-24T15:50:00.000Z</Time>
                    </Trackpoint>
                    <Trackpoint>
                        <DistanceMeters>72.0</DistanceMeters>
                        <Time>2021-02-24T15:50:00.100Z</Time>
                        <Position>
                            <LatitudeDegrees>18.59105682373047</LatitudeDegrees>
                            <LongitudeDegrees>73.7957763671875</LongitudeDegrees>
                        </Position>
                        <AltitudeMeters>494.9698791503906</AltitudeMeters>
                    </Trackpoint>
                    <Trackpoint>
                        <DistanceMeters>72.0</DistanceMeters>
                        <Time>2021-02-24T15:50:00.153Z</Time>
                        <Position>
                            <LatitudeDegrees>18.591060638427734</LatitudeDegrees>
                            <LongitudeDegrees>73.7957763671875</LongitudeDegrees>
                        </Position>
                        <AltitudeMeters>494.9793395996094</AltitudeMeters>
                    </Trackpoint>
                    <Trackpoint>
                        <DistanceMeters>72.0</DistanceMeters>
                        <Time>2021-02-24T15:50:00.776Z</Time>
                        <Position>
                            <LatitudeDegrees>18.591068267822266</LatitudeDegrees>
                            <LongitudeDegrees>73.7957763671875</LongitudeDegrees>
                        </Position>
                        <AltitudeMeters>494.9793395996094</AltitudeMeters>
                    </Trackpoint>
                    <Trackpoint>
                        <DistanceMeters>72.0</DistanceMeters>
                        <Time>2021-02-24T15:50:01.523Z</Time>
                        <Position>
                            <LatitudeDegrees>18.59107780456543</LatitudeDegrees>
                            <LongitudeDegrees>73.79578399658203</LongitudeDegrees>
                        </Position>
                        <AltitudeMeters>495.0309753417969</AltitudeMeters>
                    </Trackpoint>
                    <Trackpoint>
                        <DistanceMeters>72.0</DistanceMeters>
                        <Time>2021-02-24T15:50:02.159Z</Time>
                        <Position>
                            <LatitudeDegrees>18.591083526611328</LatitudeDegrees>
                            <LongitudeDegrees>73.79578399658203</LongitudeDegrees>
                        </Position>
                        <AltitudeMeters>494.9756164550781</AltitudeMeters>
                    </Trackpoint>
                    <Trackpoint>
                        <DistanceMeters>72.0</DistanceMeters>
                        <Time>2021-02-24T15:50:02.779Z</Time>
                        <Position>
                            <LatitudeDegrees>18.591087341308594</LatitudeDegrees>
                            <LongitudeDegrees>73.79578399658203</LongitudeDegrees>
                        </Position>
                        <AltitudeMeters>494.9756164550781</AltitudeMeters>
                    </Trackpoint>
                    <Trackpoint>
                        <DistanceMeters>72.0</DistanceMeters>
                        <Time>2021-02-24T15:50:03.155Z</Time>
                        <Position>
                            <LatitudeDegrees>18.591089248657227</LatitudeDegrees>
                            <LongitudeDegrees>73.79578399658203</LongitudeDegrees>
                        </Position>
                        <AltitudeMeters>494.9825439453125</AltitudeMeters>
                    </Trackpoint>
                    <Trackpoint>
                        <DistanceMeters>72.0</DistanceMeters>
                        <Time>2021-02-24T15:50:04.100Z</Time>
                        <Position>
                            <LatitudeDegrees>18.591094970703125</LatitudeDegrees>
                            <LongitudeDegrees>73.79578399658203</LongitudeDegrees>
                        </Position>
                        <AltitudeMeters>494.9825439453125</AltitudeMeters>
                    </Trackpoint>
                    <Trackpoint>
                        <DistanceMeters>72.0</DistanceMeters>
                        <Time>2021-02-24T15:50:04.699Z</Time>
                        <Position>
                            <LatitudeDegrees>18.59109878540039</LatitudeDegrees>
                            <LongitudeDegrees>73.79579162597656</LongitudeDegrees>
                        </Position>
                        <AltitudeMeters>495.0088195800781</AltitudeMeters>
                    </Trackpoint>
                    <Trackpoint>
                        <DistanceMeters>72.0</DistanceMeters>
                        <Time>2021-02-24T15:50:05.156Z</Time>
                        <Position>
                            <LatitudeDegrees>18.591102600097656</LatitudeDegrees>
                            <LongitudeDegrees>73.79579162597656</LongitudeDegrees>
                        </Position>
                        <AltitudeMeters>494.9894714355469</AltitudeMeters>
                    </Trackpoint>
                    <Trackpoint>
                        <DistanceMeters>72.0</DistanceMeters>
                        <Time>2021-02-24T15:50:05.460Z</Time>
                        <Position>
                            <LatitudeDegrees>18.59110450744629</LatitudeDegrees>
                            <LongitudeDegrees>73.7957992553711</LongitudeDegrees>
                        </Position>
                        <AltitudeMeters>494.9894714355469</AltitudeMeters>
                    </Trackpoint>
                    <Trackpoint>
                        <DistanceMeters>72.0</DistanceMeters>
                        <Time>2021-02-24T15:50:06.040Z</Time>
                        <Position>
                            <LatitudeDegrees>18.591102600097656</LatitudeDegrees>
                            <LongitudeDegrees>73.79579162597656</LongitudeDegrees>
                        </Position>
                        <AltitudeMeters>494.8829345703125</AltitudeMeters>
                    </Trackpoint>
                    <Trackpoint>
                        <DistanceMeters>72.0</DistanceMeters>
                        <Time>2021-02-24T15:50:06.600Z</Time>
                        <Position>
                            <LatitudeDegrees>18.591106414794922</LatitudeDegrees>
                            <LongitudeDegrees>73.79579162597656</LongitudeDegrees>
                        </Position>
                        <AltitudeMeters>494.8663635253906</AltitudeMeters>
                    </Trackpoint>
                    <Trackpoint>
                        <DistanceMeters>72.0</DistanceMeters>
                        <Time>2021-02-24T15:50:07.159Z</Time>
                        <Position>
                            <LatitudeDegrees>18.591110229492188</LatitudeDegrees>
                            <LongitudeDegrees>73.79579162597656</LongitudeDegrees>
                        </Position>
                        <AltitudeMeters>494.8736267089844</AltitudeMeters>
                    </Trackpoint>
                    <Trackpoint>
                        <DistanceMeters>72.0</DistanceMeters>
                        <Time>2021-02-24T15:50:07.860Z</Time>
                        <Position>
                            <LatitudeDegrees>18.591115951538086</LatitudeDegrees>
                            <LongitudeDegrees>73.79579162597656</LongitudeDegrees>
                        </Position>
                        <AltitudeMeters>494.8736267089844</AltitudeMeters>
                    </Trackpoint>
                    <Trackpoint>
                        <DistanceMeters>72.0</DistanceMeters>
                        <Time>2021-02-24T15:50:08.442Z</Time>
                        <Position>
                            <LatitudeDegrees>18.591121673583984</LatitudeDegrees>
                            <LongitudeDegrees>73.79579162597656</LongitudeDegrees>
                        </Position>
                        <AltitudeMeters>494.90118408203125</AltitudeMeters>
                    </Trackpoint>
                    <Trackpoint>
                        <DistanceMeters>72.0</DistanceMeters>
                        <Time>2021-02-24T15:50:09.121Z</Time>
                        <Position>
                            <LatitudeDegrees>18.591127395629883</LatitudeDegrees>
                            <LongitudeDegrees>73.79579162597656</LongitudeDegrees>
                        </Position>
                        <AltitudeMeters>494.90118408203125</AltitudeMeters>
                    </Trackpoint>
                    <Trackpoint>
                        <DistanceMeters>72.0</DistanceMeters>
                        <Time>2021-02-24T15:50:09.780Z</Time>
                        <Position>
                            <LatitudeDegrees>18.591127395629883</LatitudeDegrees>
                            <LongitudeDegrees>73.79578399658203</LongitudeDegrees>
                        </Position>
                        <AltitudeMeters>494.8910827636719</AltitudeMeters>
                    </Trackpoint>
                    <Trackpoint>
                        <DistanceMeters>72.0</DistanceMeters>
                        <Time>2021-02-24T15:50:10.157Z</Time>
                        <Position>
                            <LatitudeDegrees>18.59113121032715</LatitudeDegrees>
                            <LongitudeDegrees>73.79578399658203</LongitudeDegrees>
                        </Position>
                        <AltitudeMeters>494.8814697265625</AltitudeMeters>
                    </Trackpoint>
                    <Trackpoint>
                        <DistanceMeters>72.0</DistanceMeters>
                        <Time>2021-02-24T15:50:10.839Z</Time>
                        <Position>
                            <LatitudeDegrees>18.591136932373047</LatitudeDegrees>
                            <LongitudeDegrees>73.79578399658203</LongitudeDegrees>
                        </Position>
                        <AltitudeMeters>494.8814697265625</AltitudeMeters>
                    </Trackpoint>
                    <Trackpoint>
                        <DistanceMeters>72.0</DistanceMeters>
                        <Time>2021-02-24T15:50:11.156Z</Time>
                        <Position>
                            <LatitudeDegrees>18.591140747070312</LatitudeDegrees>
                            <LongitudeDegrees>73.79578399658203</LongitudeDegrees>
                        </Position>
                        <AltitudeMeters>494.8735046386719</AltitudeMeters>
                    </Trackpoint>
                    <Trackpoint>
                        <DistanceMeters>72.0</DistanceMeters>
                        <Time>2021-02-24T15:50:12.120Z</Time>
                        <Position>
                            <LatitudeDegrees>18.591148376464844</LatitudeDegrees>
                            <LongitudeDegrees>73.79578399658203</LongitudeDegrees>
                        </Position>
                        <AltitudeMeters>494.8735046386719</AltitudeMeters>
                    </Trackpoint>
                    <Trackpoint>
                        <DistanceMeters>72.0</DistanceMeters>
                        <Time>2021-02-24T15:50:12.838Z</Time>
                        <Position>
                            <LatitudeDegrees>18.591154098510742</LatitudeDegrees>
                            <LongitudeDegrees>73.79578399658203</LongitudeDegrees>
                        </Position>
                        <AltitudeMeters>494.8504638671875</AltitudeMeters>
                    </Trackpoint>
                    <Trackpoint>
                        <DistanceMeters>72.0</DistanceMeters>
                        <Time>2021-02-24T15:50:14.020Z</Time>
                        <Position>
                            <LatitudeDegrees>18.591163635253906</LatitudeDegrees>
                            <LongitudeDegrees>73.79579162597656</LongitudeDegrees>
                        </Position>
                        <AltitudeMeters>494.8923034667969</AltitudeMeters>
                    </Trackpoint>
                    <Trackpoint>
                        <DistanceMeters>72.0</DistanceMeters>
                        <Time>2021-02-24T15:50:15.154Z</Time>
                        <Position>
                            <LatitudeDegrees>18.591171264648438</LatitudeDegrees>
                            <LongitudeDegrees>73.7957992553711</LongitudeDegrees>
                        </Position>
                        <AltitudeMeters>494.86773681640625</AltitudeMeters>
                    </Trackpoint>
                    <Trackpoint>
                        <DistanceMeters>72.0</DistanceMeters>
                        <Time>2021-02-24T15:50:15.901Z</Time>
                        <Position>
                            <LatitudeDegrees>18.59117317199707</LatitudeDegrees>
                            <LongitudeDegrees>73.7957992553711</LongitudeDegrees>
                        </Position>
                        <AltitudeMeters>494.86773681640625</AltitudeMeters>
                    </Trackpoint>
                    <Trackpoint>
                        <DistanceMeters>72.0</DistanceMeters>
                        <Time>2021-02-24T15:50:16.151Z</Time>
                        <Position>
                            <LatitudeDegrees>18.591175079345703</LatitudeDegrees>
                            <LongitudeDegrees>73.7957992553711</LongitudeDegrees>
                        </Position>
                        <AltitudeMeters>494.8706970214844</AltitudeMeters>
                    </Trackpoint>
                    <Trackpoint>
                        <DistanceMeters>72.0</DistanceMeters>
                        <Time>2021-02-24T15:50:17.157Z</Time>
                        <Position>
                            <LatitudeDegrees>18.5911808013916</LatitudeDegrees>
                            <LongitudeDegrees>73.7957992553711</LongitudeDegrees>
                        </Position>
                        <AltitudeMeters>494.83099365234375</AltitudeMeters>
                    </Trackpoint>
                    <Trackpoint>
                        <DistanceMeters>72.0</DistanceMeters>
                        <Time>2021-02-24T15:50:17.241Z</Time>
                        <Position>
                            <LatitudeDegrees>18.591182708740234</LatitudeDegrees>
                            <LongitudeDegrees>73.7957992553711</LongitudeDegrees>
                        </Position>
                        <AltitudeMeters>494.83099365234375</AltitudeMeters>
                    </Trackpoint>
                    <Trackpoint>
                        <DistanceMeters>72.0</DistanceMeters>
                        <Time>2021-02-24T15:50:17.840Z</Time>
                        <Position>
                            <LatitudeDegrees>18.5911865234375</LatitudeDegrees>
                            <LongitudeDegrees>73.79580688476562</LongitudeDegrees>
                        </Position>
                        <AltitudeMeters>494.83099365234375</AltitudeMeters>
                    </Trackpoint>
                    <Trackpoint>
                        <DistanceMeters>72.0</DistanceMeters>
                        <Time>2021-02-24T15:50:18.420Z</Time>
                        <Position>
                            <LatitudeDegrees>18.5911922454834</LatitudeDegrees>
                            <LongitudeDegrees>73.79580688476562</LongitudeDegrees>
                        </Position>
                        <AltitudeMeters>494.83062744140625</AltitudeMeters>
                    </Trackpoint>
                    <Trackpoint>
                        <DistanceMeters>72.0</DistanceMeters>
                        <Time>2021-02-24T15:50:19.153Z</Time>
                        <Position>
                            <LatitudeDegrees>18.591197967529297</LatitudeDegrees>
                            <LongitudeDegrees>73.79580688476562</LongitudeDegrees>
                        </Position>
                        <AltitudeMeters>494.8092956542969</AltitudeMeters>
                    </Trackpoint>
                    <Trackpoint>
                        <DistanceMeters>72.0</DistanceMeters>
                        <Time>2021-02-24T15:50:20.151Z</Time>
                        <Position>
                            <LatitudeDegrees>18.591205596923828</LatitudeDegrees>
                            <LongitudeDegrees>73.79580688476562</LongitudeDegrees>
                        </Position>
                        <AltitudeMeters>494.8184509277344</AltitudeMeters>
                    </Trackpoint>
                    <Trackpoint>
                        <DistanceMeters>72.0</DistanceMeters>
                        <Time>2021-02-24T15:50:20.899Z</Time>
                        <Position>
                            <LatitudeDegrees>18.59121322631836</LatitudeDegrees>
                            <LongitudeDegrees>73.79581451416016</LongitudeDegrees>
                        </Position>
                        <AltitudeMeters>494.8184509277344</AltitudeMeters>
                    </Trackpoint>
                    <Trackpoint>
                        <DistanceMeters>72.0</DistanceMeters>
                        <Time>2021-02-24T15:50:21.481Z</Time>
                        <Position>
                            <LatitudeDegrees>18.591217041015625</LatitudeDegrees>
                            <LongitudeDegrees>73.79582214355469</LongitudeDegrees>
                        </Position>
                        <AltitudeMeters>494.81951904296875</AltitudeMeters>
                    </Trackpoint>
                    <Trackpoint>
                        <DistanceMeters>72.0</DistanceMeters>
                        <Time>2021-02-24T15:50:22.152Z</Time>
                        <Position>
                            <LatitudeDegrees>18.591222763061523</LatitudeDegrees>
                            <LongitudeDegrees>73.79582214355469</LongitudeDegrees>
                        </Position>
                        <AltitudeMeters>494.7959899902344</AltitudeMeters>
                    </Trackpoint>
                    <Trackpoint>
                        <DistanceMeters>72.0</DistanceMeters>
                        <Time>2021-02-24T15:50:23.155Z</Time>
                        <Position>
                            <LatitudeDegrees>18.591230392456055</LatitudeDegrees>
                            <LongitudeDegrees>73.79582977294922</LongitudeDegrees>
                        </Position>
                        <AltitudeMeters>494.8716735839844</AltitudeMeters>
                    </Trackpoint>
                    <Trackpoint>
                        <DistanceMeters>72.0</DistanceMeters>
                        <Time>2021-02-24T15:50:23.881Z</Time>
                        <Position>
                            <LatitudeDegrees>18.591236114501953</LatitudeDegrees>
                            <LongitudeDegrees>73.79582977294922</LongitudeDegrees>
                        </Position>
                        <AltitudeMeters>494.8716735839844</AltitudeMeters>
                    </Trackpoint>
                    <Trackpoint>
                        <DistanceMeters>72.0</DistanceMeters>
                        <Time>2021-02-24T15:50:24.153Z</Time>
                        <Position>
                            <LatitudeDegrees>18.591238021850586</LatitudeDegrees>
                            <LongitudeDegrees>73.79583740234375</LongitudeDegrees>
                        </Position>
                        <AltitudeMeters>494.9021911621094</AltitudeMeters>
                    </Trackpoint>
                    <Trackpoint>
                        <DistanceMeters>72.0</DistanceMeters>
                        <Time>2021-02-24T15:50:25.003Z</Time>
                        <Position>
                            <LatitudeDegrees>18.591243743896484</LatitudeDegrees>
                            <LongitudeDegrees>73.79583740234375</LongitudeDegrees>
                        </Position>
                        <AltitudeMeters>494.9021911621094</AltitudeMeters>
                    </Trackpoint>
                    <Trackpoint>
                        <DistanceMeters>72.0</DistanceMeters>
                        <Time>2021-02-24T15:50:25.679Z</Time>
                        <Position>
                            <LatitudeDegrees>18.591243743896484</LatitudeDegrees>
                            <LongitudeDegrees>73.79584503173828</LongitudeDegrees>
                        </Position>
                        <AltitudeMeters>494.9007568359375</AltitudeMeters>
                    </Trackpoint>
                    <Trackpoint>
                        <DistanceMeters>72.0</DistanceMeters>
                        <Time>2021-02-24T15:50:26.156Z</Time>
                        <Position>
                            <LatitudeDegrees>18.59124755859375</LatitudeDegrees>
                            <LongitudeDegrees>73.79584503173828</LongitudeDegrees>
                        </Position>
                        <AltitudeMeters>494.9705810546875</AltitudeMeters>
                    </Trackpoint>
                    <Trackpoint>
                        <DistanceMeters>72.0</DistanceMeters>
                        <Time>2021-02-24T15:50:26.821Z</Time>
                        <Position>
                            <LatitudeDegrees>18.59125328063965</LatitudeDegrees>
                            <LongitudeDegrees>73.79584503173828</LongitudeDegrees>
                        </Position>
                        <AltitudeMeters>494.9705810546875</AltitudeMeters>
                    </Trackpoint>
                    <Trackpoint>
                        <DistanceMeters>72.0</DistanceMeters>
                        <Time>2021-02-24T15:50:27.156Z</Time>
                        <Position>
                            <LatitudeDegrees>18.591257095336914</LatitudeDegrees>
                            <LongitudeDegrees>73.79584503173828</LongitudeDegrees>
                        </Position>
                        <AltitudeMeters>494.9784851074219</AltitudeMeters>
                    </Trackpoint>
                    <Trackpoint>
                        <DistanceMeters>72.0</DistanceMeters>
                        <Time>2021-02-24T15:50:27.980Z</Time>
                        <Position>
                            <LatitudeDegrees>18.591262817382812</LatitudeDegrees>
                            <LongitudeDegrees>73.79585266113281</LongitudeDegrees>
                        </Position>
                        <AltitudeMeters>494.9784851074219</AltitudeMeters>
                    </Trackpoint>
                    <Trackpoint>
                        <DistanceMeters>72.0</DistanceMeters>
                        <Time>2021-02-24T15:50:28.599Z</Time>
                        <Position>
                            <LatitudeDegrees>18.59126853942871</LatitudeDegrees>
                            <LongitudeDegrees>73.79585266113281</LongitudeDegrees>
                        </Position>
                        <AltitudeMeters>495.0071716308594</AltitudeMeters>
                    </Trackpoint>
                    <Trackpoint>
                        <DistanceMeters>72.0</DistanceMeters>
                        <Time>2021-02-24T15:50:29.151Z</Time>
                        <Position>
                            <LatitudeDegrees>18.59127426147461</LatitudeDegrees>
                            <LongitudeDegrees>73.79586029052734</LongitudeDegrees>
                        </Position>
                        <AltitudeMeters>494.9742126464844</AltitudeMeters>
                    </Trackpoint>
                    <Trackpoint>
                        <DistanceMeters>72.0</DistanceMeters>
                        <Time>2021-02-24T15:50:29.760Z</Time>
                        <Position>
                            <LatitudeDegrees>18.591279983520508</LatitudeDegrees>
                            <LongitudeDegrees>73.79586029052734</LongitudeDegrees>
                        </Position>
                        <AltitudeMeters>494.9742126464844</AltitudeMeters>
                    </Trackpoint>
                    <Trackpoint>
                        <DistanceMeters>72.0</DistanceMeters>
                        <Time>2021-02-24T15:50:30.156Z</Time>
                        <Position>
                            <LatitudeDegrees>18.591289520263672</LatitudeDegrees>
                            <LongitudeDegrees>73.79586791992188</LongitudeDegrees>
                        </Position>
                        <AltitudeMeters>494.90191650390625</AltitudeMeters>
                    </Trackpoint>
                    <Trackpoint>
                        <DistanceMeters>72.0</DistanceMeters>
                        <Time>2021-02-24T15:50:30.933Z</Time>
                        <Position>
                            <LatitudeDegrees>18.591291427612305</LatitudeDegrees>
                            <LongitudeDegrees>73.7958755493164</LongitudeDegrees>
                        </Position>
                        <AltitudeMeters>494.90191650390625</AltitudeMeters>
                    </Trackpoint>
                    <Trackpoint>
                        <DistanceMeters>72.0</DistanceMeters>
                        <Time>2021-02-24T15:50:31.521Z</Time>
                        <Position>
                            <LatitudeDegrees>18.59129524230957</LatitudeDegrees>
                            <LongitudeDegrees>73.7958755493164</LongitudeDegrees>
                        </Position>
                        <AltitudeMeters>494.8854675292969</AltitudeMeters>
                    </Trackpoint>
                    <Trackpoint>
                        <DistanceMeters>72.0</DistanceMeters>
                        <Time>2021-02-24T15:50:32.021Z</Time>
                        <Position>
                            <LatitudeDegrees>18.591297149658203</LatitudeDegrees>
                            <LongitudeDegrees>73.79588317871094</LongitudeDegrees>
                        </Position>
                        <AltitudeMeters>494.8854675292969</AltitudeMeters>
                    </Trackpoint>
                    <Trackpoint>
                        <DistanceMeters>72.0</DistanceMeters>
                        <Time>2021-02-24T15:50:32.640Z</Time>
                        <Position>
                            <LatitudeDegrees>18.5913028717041</LatitudeDegrees>
                            <LongitudeDegrees>73.79588317871094</LongitudeDegrees>
                        </Position>
                        <AltitudeMeters>494.85693359375</AltitudeMeters>
                    </Trackpoint>
                    <Trackpoint>
                        <DistanceMeters>72.0</DistanceMeters>
                        <Time>2021-02-24T15:50:33.152Z</Time>
                        <Position>
                            <LatitudeDegrees>18.591306686401367</LatitudeDegrees>
                            <LongitudeDegrees>73.79589080810547</LongitudeDegrees>
                        </Position>
                        <AltitudeMeters>494.8811950683594</AltitudeMeters>
                    </Trackpoint>
                    <Trackpoint>
                        <DistanceMeters>72.0</DistanceMeters>
                        <Time>2021-02-24T15:50:33.839Z</Time>
                        <Position>
                            <LatitudeDegrees>18.591312408447266</LatitudeDegrees>
                            <LongitudeDegrees>73.79589080810547</LongitudeDegrees>
                        </Position>
                        <AltitudeMeters>494.8811950683594</AltitudeMeters>
                    </Trackpoint>
                    <Trackpoint>
                        <DistanceMeters>72.0</DistanceMeters>
                        <Time>2021-02-24T15:50:34.481Z</Time>
                        <Position>
                            <LatitudeDegrees>18.59131622314453</LatitudeDegrees>
                            <LongitudeDegrees>73.7958984375</LongitudeDegrees>
                        </Position>
                        <AltitudeMeters>494.90093994140625</AltitudeMeters>
                    </Trackpoint>
                    <Trackpoint>
                        <DistanceMeters>72.0</DistanceMeters>
                        <Time>2021-02-24T15:50:35.002Z</Time>
                        <Position>
                            <LatitudeDegrees>18.59132194519043</LatitudeDegrees>
                            <LongitudeDegrees>73.7958984375</LongitudeDegrees>
                        </Position>
                        <AltitudeMeters>494.90093994140625</AltitudeMeters>
                    </Trackpoint>
                    <Trackpoint>
                        <DistanceMeters>72.0</DistanceMeters>
                        <Time>2021-02-24T15:50:35.581Z</Time>
                        <Position>
                            <LatitudeDegrees>18.591325759887695</LatitudeDegrees>
                            <LongitudeDegrees>73.7958984375</LongitudeDegrees>
                        </Position>
                        <AltitudeMeters>494.8985595703125</AltitudeMeters>
                    </Trackpoint>
                    <Trackpoint>
                        <DistanceMeters>72.0</DistanceMeters>
                        <Time>2021-02-24T15:50:36.153Z</Time>
                        <Position>
                            <LatitudeDegrees>18.591331481933594</LatitudeDegrees>
                            <LongitudeDegrees>73.79590606689453</LongitudeDegrees>
                        </Position>
                        <AltitudeMeters>494.90679931640625</AltitudeMeters>
                    </Trackpoint>
                    <Trackpoint>
                        <DistanceMeters>72.0</DistanceMeters>
                        <Time>2021-02-24T15:50:36.681Z</Time>
                        <Position>
                            <LatitudeDegrees>18.591337203979492</LatitudeDegrees>
                            <LongitudeDegrees>73.79590606689453</LongitudeDegrees>
                        </Position>
                        <AltitudeMeters>494.90679931640625</AltitudeMeters>
                    </Trackpoint>
                    <Trackpoint>
                        <DistanceMeters>72.0</DistanceMeters>
                        <Time>2021-02-24T15:50:37.156Z</Time>
                        <Position>
                            <LatitudeDegrees>18.591341018676758</LatitudeDegrees>
                            <LongitudeDegrees>73.79590606689453</LongitudeDegrees>
                        </Position>
                        <AltitudeMeters>494.9054260253906</AltitudeMeters>
                    </Trackpoint>
                    <Trackpoint>
                        <DistanceMeters>72.0</DistanceMeters>
                        <Time>2021-02-24T15:50:38.154Z</Time>
                        <Position>
                            <LatitudeDegrees>18.591344833374023</LatitudeDegrees>
                            <LongitudeDegrees>73.79590606689453</LongitudeDegrees>
                        </Position>
                        <AltitudeMeters>494.8721923828125</AltitudeMeters>
                    </Trackpoint>
                    <Trackpoint>
                        <DistanceMeters>72.0</DistanceMeters>
                        <Time>2021-02-24T15:50:38.440Z</Time>
                        <Position>
                            <LatitudeDegrees>18.591344833374023</LatitudeDegrees>
                            <LongitudeDegrees>73.79590606689453</LongitudeDegrees>
                        </Position>
                        <AltitudeMeters>494.8721923828125</AltitudeMeters>
                    </Trackpoint>
                    <Trackpoint>
                        <DistanceMeters>72.0</DistanceMeters>
                        <Time>2021-02-24T15:50:39.060Z</Time>
                        <Position>
                            <LatitudeDegrees>18.591350555419922</LatitudeDegrees>
                            <LongitudeDegrees>73.79590606689453</LongitudeDegrees>
                        </Position>
                        <AltitudeMeters>494.8721923828125</AltitudeMeters>
                    </Trackpoint>
                    <Trackpoint>
                        <DistanceMeters>72.0</DistanceMeters>
                        <Time>2021-02-24T15:50:39.661Z</Time>
                        <Position>
                            <LatitudeDegrees>18.591354370117188</LatitudeDegrees>
                            <LongitudeDegrees>73.79591369628906</LongitudeDegrees>
                        </Position>
                        <AltitudeMeters>494.893798828125</AltitudeMeters>
                    </Trackpoint>
                    <Trackpoint>
                        <DistanceMeters>72.0</DistanceMeters>
                        <Time>2021-02-24T15:50:40.155Z</Time>
                        <Position>
                            <LatitudeDegrees>18.591352462768555</LatitudeDegrees>
                            <LongitudeDegrees>73.79590606689453</LongitudeDegrees>
                        </Position>
                        <AltitudeMeters>494.788818359375</AltitudeMeters>
                    </Trackpoint>
                    <Trackpoint>
                        <DistanceMeters>72.0</DistanceMeters>
                        <Time>2021-02-24T15:50:40.800Z</Time>
                        <Position>
                            <LatitudeDegrees>18.591358184814453</LatitudeDegrees>
                            <LongitudeDegrees>73.79591369628906</LongitudeDegrees>
                        </Position>
                        <AltitudeMeters>494.788818359375</AltitudeMeters>
                    </Trackpoint>
                    <Trackpoint>
                        <DistanceMeters>72.0</DistanceMeters>
                        <Time>2021-02-24T15:50:41.153Z</Time>
                        <Position>
                            <LatitudeDegrees>18.59136199951172</LatitudeDegrees>
                            <LongitudeDegrees>73.79591369628906</LongitudeDegrees>
                        </Position>
                        <AltitudeMeters>494.8049011230469</AltitudeMeters>
                    </Trackpoint>
                    <Trackpoint>
                        <DistanceMeters>72.0</DistanceMeters>
                        <Time>2021-02-24T15:50:41.936Z</Time>
                        <Position>
                            <LatitudeDegrees>18.591367721557617</LatitudeDegrees>
                            <LongitudeDegrees>73.79591369628906</LongitudeDegrees>
                        </Position>
                        <AltitudeMeters>494.8049011230469</AltitudeMeters>
                    </Trackpoint>
                    <Trackpoint>
                        <DistanceMeters>72.0</DistanceMeters>
                        <Time>2021-02-24T15:50:42.561Z</Time>
                        <Position>
                            <LatitudeDegrees>18.591373443603516</LatitudeDegrees>
                            <LongitudeDegrees>73.7959213256836</LongitudeDegrees>
                        </Position>
                        <AltitudeMeters>494.8008117675781</AltitudeMeters>
                    </Trackpoint>
                    <Trackpoint>
                        <DistanceMeters>72.0</DistanceMeters>
                        <Time>2021-02-24T15:50:43.100Z</Time>
                        <Position>
                            <LatitudeDegrees>18.591379165649414</LatitudeDegrees>
                            <LongitudeDegrees>73.7959213256836</LongitudeDegrees>
                        </Position>
                        <AltitudeMeters>494.8008117675781</AltitudeMeters>
                    </Trackpoint>
                    <Trackpoint>
                        <DistanceMeters>72.0</DistanceMeters>
                        <Time>2021-02-24T15:50:43.680Z</Time>
                        <Position>
                            <LatitudeDegrees>18.591386795043945</LatitudeDegrees>
                            <LongitudeDegrees>73.7959213256836</LongitudeDegrees>
                        </Position>
                        <AltitudeMeters>494.81805419921875</AltitudeMeters>
                    </Trackpoint>
                    <Trackpoint>
                        <DistanceMeters>72.0</DistanceMeters>
                        <Time>2021-02-24T15:50:44.152Z</Time>
                        <Position>
                            <LatitudeDegrees>18.591392517089844</LatitudeDegrees>
                            <LongitudeDegrees>73.7959213256836</LongitudeDegrees>
                        </Position>
                        <AltitudeMeters>494.7982482910156</AltitudeMeters>
                    </Trackpoint>
                    <Trackpoint>
                        <DistanceMeters>72.0</DistanceMeters>
                        <Time>2021-02-24T15:50:44.801Z</Time>
                        <Position>
                            <LatitudeDegrees>18.591400146484375</LatitudeDegrees>
                            <LongitudeDegrees>73.7959213256836</LongitudeDegrees>
                        </Position>
                        <AltitudeMeters>494.7982482910156</AltitudeMeters>
                    </Trackpoint>
                    <Trackpoint>
                        <DistanceMeters>72.0</DistanceMeters>
                        <Time>2021-02-24T15:50:45.155Z</Time>
                        <Position>
                            <LatitudeDegrees>18.59140968322754</LatitudeDegrees>
                            <LongitudeDegrees>73.7959213256836</LongitudeDegrees>
                        </Position>
                        <AltitudeMeters>494.721923828125</AltitudeMeters>
                    </Trackpoint>
                    <Trackpoint>
                        <DistanceMeters>72.0</DistanceMeters>
                        <Time>2021-02-24T15:50:45.960Z</Time>
                        <Position>
                            <LatitudeDegrees>18.591415405273438</LatitudeDegrees>
                            <LongitudeDegrees>73.7959213256836</LongitudeDegrees>
                        </Position>
                        <AltitudeMeters>494.721923828125</AltitudeMeters>
                    </Trackpoint>
                    <Trackpoint>
                        <DistanceMeters>72.0</DistanceMeters>
                        <Time>2021-02-24T15:50:46.560Z</Time>
                        <Position>
                            <LatitudeDegrees>18.591421127319336</LatitudeDegrees>
                            <LongitudeDegrees>73.79592895507812</LongitudeDegrees>
                        </Position>
                        <AltitudeMeters>494.7712097167969</AltitudeMeters>
                    </Trackpoint>
                    <Trackpoint>
                        <DistanceMeters>72.0</DistanceMeters>
                        <Time>2021-02-24T15:50:47.000Z</Time>
                        <Position>
                            <LatitudeDegrees>18.5914249420166</LatitudeDegrees>
                            <LongitudeDegrees>73.79592895507812</LongitudeDegrees>
                        </Position>
                        <AltitudeMeters>494.7712097167969</AltitudeMeters>
                    </Trackpoint>
                    <Trackpoint>
                        <DistanceMeters>72.0</DistanceMeters>
                        <Time>2021-02-24T15:50:47.699Z</Time>
                        <Position>
                            <LatitudeDegrees>18.5914306640625</LatitudeDegrees>
                            <LongitudeDegrees>73.79592895507812</LongitudeDegrees>
                        </Position>
                        <AltitudeMeters>494.78948974609375</AltitudeMeters>
                    </Trackpoint>
                    <Trackpoint>
                        <DistanceMeters>72.0</DistanceMeters>
                        <Time>2021-02-24T15:50:48.149Z</Time>
                        <Position>
                            <LatitudeDegrees>18.5914363861084</LatitudeDegrees>
                            <LongitudeDegrees>73.79592895507812</LongitudeDegrees>
                        </Position>
                        <AltitudeMeters>494.7694396972656</AltitudeMeters>
                    </Trackpoint>
                    <Trackpoint>
                        <DistanceMeters>72.0</DistanceMeters>
                        <Time>2021-02-24T15:50:48.820Z</Time>
                        <Position>
                            <LatitudeDegrees>18.591442108154297</LatitudeDegrees>
                            <LongitudeDegrees>73.79592895507812</LongitudeDegrees>
                        </Position>
                        <AltitudeMeters>494.7694396972656</AltitudeMeters>
                    </Trackpoint>
                    <Trackpoint>
                        <DistanceMeters>72.0</DistanceMeters>
                        <Time>2021-02-24T15:50:49.480Z</Time>
                        <Position>
                            <LatitudeDegrees>18.591447830200195</LatitudeDegrees>
                            <LongitudeDegrees>73.79593658447266</LongitudeDegrees>
                        </Position>
                        <AltitudeMeters>494.8017272949219</AltitudeMeters>
                    </Trackpoint>
                    <Trackpoint>
                        <DistanceMeters>72.0</DistanceMeters>
                        <Time>2021-02-24T15:50:50.019Z</Time>
                        <Position>
                            <LatitudeDegrees>18.591453552246094</LatitudeDegrees>
                            <LongitudeDegrees>73.79593658447266</LongitudeDegrees>
                        </Position>
                        <AltitudeMeters>494.8017272949219</AltitudeMeters>
                    </Trackpoint>
                    <Trackpoint>
                        <DistanceMeters>72.0</DistanceMeters>
                        <Time>2021-02-24T15:50:50.579Z</Time>
                        <Position>
                            <LatitudeDegrees>18.591459274291992</LatitudeDegrees>
                            <LongitudeDegrees>73.79593658447266</LongitudeDegrees>
                        </Position>
                        <AltitudeMeters>494.72454833984375</AltitudeMeters>
                    </Trackpoint>
                    <Trackpoint>
                        <DistanceMeters>72.0</DistanceMeters>
                        <Time>2021-02-24T15:50:51.141Z</Time>
                        <Position>
                            <LatitudeDegrees>18.591463088989258</LatitudeDegrees>
                            <LongitudeDegrees>73.79593658447266</LongitudeDegrees>
                        </Position>
                        <AltitudeMeters>494.72454833984375</AltitudeMeters>
                    </Trackpoint>
                    <Trackpoint>
                        <DistanceMeters>72.0</DistanceMeters>
                        <Time>2021-02-24T15:50:51.761Z</Time>
                        <Position>
                            <LatitudeDegrees>18.591468811035156</LatitudeDegrees>
                            <LongitudeDegrees>73.79593658447266</LongitudeDegrees>
                        </Position>
                        <AltitudeMeters>494.72149658203125</AltitudeMeters>
                    </Trackpoint>
                    <Trackpoint>
                        <DistanceMeters>72.0</DistanceMeters>
                        <Time>2021-02-24T15:50:52.380Z</Time>
                        <Position>
                            <LatitudeDegrees>18.591459274291992</LatitudeDegrees>
                            <LongitudeDegrees>73.79593658447266</LongitudeDegrees>
                        </Position>
                        <AltitudeMeters>494.59869384765625</AltitudeMeters>
                    </Trackpoint>
                    <Trackpoint>
                        <DistanceMeters>72.0</DistanceMeters>
                        <Time>2021-02-24T15:50:52.941Z</Time>
                        <Position>
                            <LatitudeDegrees>18.591461181640625</LatitudeDegrees>
                            <LongitudeDegrees>73.79593658447266</LongitudeDegrees>
                        </Position>
                        <AltitudeMeters>494.59869384765625</AltitudeMeters>
                    </Trackpoint>
                    <Trackpoint>
                        <DistanceMeters>72.0</DistanceMeters>
                        <Time>2021-02-24T15:50:53.499Z</Time>
                        <Position>
                            <LatitudeDegrees>18.591468811035156</LatitudeDegrees>
                            <LongitudeDegrees>73.79594421386719</LongitudeDegrees>
                        </Position>
                        <AltitudeMeters>494.6174011230469</AltitudeMeters>
                    </Trackpoint>
                    <Trackpoint>
                        <DistanceMeters>72.0</DistanceMeters>
                        <Time>2021-02-24T15:50:54.080Z</Time>
                        <Position>
                            <LatitudeDegrees>18.591474533081055</LatitudeDegrees>
                            <LongitudeDegrees>73.79594421386719</LongitudeDegrees>
                        </Position>
                        <AltitudeMeters>494.6174011230469</AltitudeMeters>
                    </Trackpoint>
                    <Trackpoint>
                        <DistanceMeters>72.0</DistanceMeters>
                        <Time>2021-02-24T15:50:54.619Z</Time>
                        <Position>
                            <LatitudeDegrees>18.591480255126953</LatitudeDegrees>
                            <LongitudeDegrees>73.79595184326172</LongitudeDegrees>
                        </Position>
                        <AltitudeMeters>494.6510314941406</AltitudeMeters>
                    </Trackpoint>
                    <Trackpoint>
                        <DistanceMeters>72.0</DistanceMeters>
                        <Time>2021-02-24T15:50:55.154Z</Time>
                        <Position>
                            <LatitudeDegrees>18.591493606567383</LatitudeDegrees>
                            <LongitudeDegrees>73.79594421386719</LongitudeDegrees>
                        </Position>
                        <AltitudeMeters>494.61846923828125</AltitudeMeters>
                    </Trackpoint>
                    <Trackpoint>
                        <DistanceMeters>72.0</DistanceMeters>
                        <Time>2021-02-24T15:50:55.738Z</Time>
                        <Position>
                            <LatitudeDegrees>18.59149742126465</LatitudeDegrees>
                            <LongitudeDegrees>73.79594421386719</LongitudeDegrees>
                        </Position>
                        <AltitudeMeters>494.61846923828125</AltitudeMeters>
                    </Trackpoint>
                    <Trackpoint>
                        <DistanceMeters>72.0</DistanceMeters>
                        <Time>2021-02-24T15:50:56.838Z</Time>
                        <Position>
                            <LatitudeDegrees>18.59150505065918</LatitudeDegrees>
                            <LongitudeDegrees>73.79595184326172</LongitudeDegrees>
                        </Position>
                        <AltitudeMeters>494.603515625</AltitudeMeters>
                    </Trackpoint>
                    <Trackpoint>
                        <DistanceMeters>72.0</DistanceMeters>
                        <Time>2021-02-24T15:50:57.157Z</Time>
                        <Position>
                            <LatitudeDegrees>18.591508865356445</LatitudeDegrees>
                            <LongitudeDegrees>73.79595184326172</LongitudeDegrees>
                        </Position>
                        <AltitudeMeters>494.59295654296875</AltitudeMeters>
                    </Trackpoint>
                    <Trackpoint>
                        <DistanceMeters>72.0</DistanceMeters>
                        <Time>2021-02-24T15:51:00.000Z</Time>
                    </Trackpoint>
                </Track>
                <DistanceMeters>72.0</DistanceMeters>
                <TotalTimeSeconds>60.0</TotalTimeSeconds>
                <Calories>5.636666774749756</Calories>
                <Intensity>Active</Intensity>
                <TriggerMethod>Manual</TriggerMethod>
            </Lap>
        </Activity>
        <Activity Sport="Walking">
            <Id>2021-02-24T15:51:00.000Z</Id>
            <Lap StartTime="2021-02-24T15:51:00.000Z">
                <Track>
                    <Trackpoint>
                        <DistanceMeters>0.0</DistanceMeters>
                        <Time>2021-02-24T15:51:00.000Z</Time>
                    </Trackpoint>
                    <Trackpoint>
                        <DistanceMeters>80.0</DistanceMeters>
                        <Time>2021-02-24T15:51:06.186Z</Time>
                        <Position>
                            <LatitudeDegrees>18.591577529907227</LatitudeDegrees>
                            <LongitudeDegrees>73.79597473144531</LongitudeDegrees>
                        </Position>
                        <AltitudeMeters>494.478759765625</AltitudeMeters>
                    </Trackpoint>
                    <Trackpoint>
                        <DistanceMeters>80.0</DistanceMeters>
                        <Time>2021-02-24T15:51:39.869Z</Time>
                        <Position>
                            <LatitudeDegrees>18.592039108276367</LatitudeDegrees>
                            <LongitudeDegrees>73.7959213256836</LongitudeDegrees>
                        </Position>
                        <AltitudeMeters>471.55999755859375</AltitudeMeters>
                    </Trackpoint>
                    <Trackpoint>
                        <DistanceMeters>80.0</DistanceMeters>
                        <Time>2021-02-24T15:52:00.000Z</Time>
                    </Trackpoint>
                </Track>
                <DistanceMeters>80.0</DistanceMeters>
                <TotalTimeSeconds>60.0</TotalTimeSeconds>
                <Calories>5.636666774749756</Calories>
                <Intensity>Active</Intensity>
                <TriggerMethod>Manual</TriggerMethod>
            </Lap>
        </Activity>
        <Activity Sport="Walking">
            <Id>2021-02-24T15:52:00.000Z</Id>
            <Lap StartTime="2021-02-24T15:52:00.000Z">
                <Track>
                    <Trackpoint>
                        <DistanceMeters>0.0</DistanceMeters>
                        <Time>2021-02-24T15:52:00.000Z</Time>
                    </Trackpoint>
                    <Trackpoint>
                        <DistanceMeters>51.0</DistanceMeters>
                        <Time>2021-02-24T15:53:00.000Z</Time>
                    </Trackpoint>
                </Track>
                <DistanceMeters>51.0</DistanceMeters>
                <TotalTimeSeconds>60.0</TotalTimeSeconds>
                <Calories>5.636666774749756</Calories>
                <Intensity>Active</Intensity>
                <TriggerMethod>Manual</TriggerMethod>
            </Lap>
        </Activity>
        <Activity Sport="Walking">
            <Id>2021-02-24T15:53:00.000Z</Id>
            <Lap StartTime="2021-02-24T15:53:00.000Z">
                <Track>
                    <Trackpoint>
                        <DistanceMeters>0.0</DistanceMeters>
                        <Time>2021-02-24T15:53:00.000Z</Time>
                    </Trackpoint>
                    <Trackpoint>
                        <DistanceMeters>81.0</DistanceMeters>
                        <Time>2021-02-24T15:54:00.000Z</Time>
                    </Trackpoint>
                </Track>
                <DistanceMeters>81.0</DistanceMeters>
                <TotalTimeSeconds>60.0</TotalTimeSeconds>
                <Calories>5.636666774749756</Calories>
                <Intensity>Active</Intensity>
                <TriggerMethod>Manual</TriggerMethod>
            </Lap>
        </Activity>
        <Activity Sport="Walking">
            <Id>2021-02-24T15:54:00.000Z</Id>
            <Lap StartTime="2021-02-24T15:54:00.000Z">
                <Track>
                    <Trackpoint>
                        <DistanceMeters>0.0</DistanceMeters>
                        <Time>2021-02-24T15:54:00.000Z</Time>
                    </Trackpoint>
                    <Trackpoint>
                        <DistanceMeters>46.0</DistanceMeters>
                        <Time>2021-02-24T15:54:30.753Z</Time>
                        <Position>
                            <LatitudeDegrees>18.5916805267334</LatitudeDegrees>
                            <LongitudeDegrees>73.79595184326172</LongitudeDegrees>
                        </Position>
                        <AltitudeMeters>494.05999755859375</AltitudeMeters>
                    </Trackpoint>
                    <Trackpoint>
                        <DistanceMeters>46.0</DistanceMeters>
                        <Time>2021-02-24T15:55:00.000Z</Time>
                    </Trackpoint>
                </Track>
                <DistanceMeters>46.0</DistanceMeters>
                <TotalTimeSeconds>60.0</TotalTimeSeconds>
                <Calories>5.636666774749756</Calories>
                <Intensity>Active</Intensity>
                <TriggerMethod>Manual</TriggerMethod>
            </Lap>
        </Activity>
        <Activity Sport="Walking">
            <Id>2021-02-24T15:55:00.000Z</Id>
            <Lap StartTime="2021-02-24T15:55:00.000Z">
                <Track>
                    <Trackpoint>
                        <DistanceMeters>0.0</DistanceMeters>
                        <Time>2021-02-24T15:55:00.000Z</Time>
                    </Trackpoint>
                    <Trackpoint>
                        <DistanceMeters>0.0</DistanceMeters>
                        <Time>2021-02-24T15:55:01.437Z</Time>
                        <Position>
                            <LatitudeDegrees>18.591562271118164</LatitudeDegrees>
                            <LongitudeDegrees>73.79592895507812</LongitudeDegrees>
                        </Position>
                        <AltitudeMeters>493.8600158691406</AltitudeMeters>
                    </Trackpoint>
                    <Trackpoint>
                        <DistanceMeters>0.0</DistanceMeters>
                        <Time>2021-02-24T15:56:00.000Z</Time>
                    </Trackpoint>
                </Track>
                <DistanceMeters>0.0</DistanceMeters>
                <TotalTimeSeconds>60.0</TotalTimeSeconds>
                <Calories>5.636666774749756</Calories>
                <Intensity>Active</Intensity>
                <TriggerMethod>Manual</TriggerMethod>
            </Lap>
        </Activity>
        <Activity Sport="Walking">
            <Id>2021-02-24T16:00:00.000Z</Id>
            <Lap StartTime="2021-02-24T16:00:00.000Z">
                <Track>
                    <Trackpoint>
                        <DistanceMeters>0.0</DistanceMeters>
                        <Time>2021-02-24T16:00:00.000Z</Time>
                    </Trackpoint>
                    <Trackpoint>
                        <DistanceMeters>51.0</DistanceMeters>
                        <Time>2021-02-24T16:00:14.088Z</Time>
                    </Trackpoint>
                    <Trackpoint>
                        <DistanceMeters>51.0</DistanceMeters>
                        <Time>2021-02-24T16:01:00.000Z</Time>
                    </Trackpoint>
                </Track>
                <DistanceMeters>51.0</DistanceMeters>
                <TotalTimeSeconds>60.0</TotalTimeSeconds>
                <Calories>4.313177108764648</Calories>
                <Intensity>Active</Intensity>
                <TriggerMethod>Manual</TriggerMethod>
            </Lap>
        </Activity>
        <Activity Sport="Walking">
            <Id>2021-02-24T16:01:00.000Z</Id>
            <Lap StartTime="2021-02-24T16:01:00.000Z">
                <Track>
                    <Trackpoint>
                        <DistanceMeters>0.0</DistanceMeters>
                        <Time>2021-02-24T16:01:00.000Z</Time>
                    </Trackpoint>
                    <Trackpoint>
                        <DistanceMeters>81.0</DistanceMeters>
                        <Time>2021-02-24T16:02:00.000Z</Time>
                    </Trackpoint>
                </Track>
                <DistanceMeters>81.0</DistanceMeters>
                <TotalTimeSeconds>60.0</TotalTimeSeconds>
                <Calories>5.636666774749756</Calories>
                <Intensity>Active</Intensity>
                <TriggerMethod>Manual</TriggerMethod>
            </Lap>
        </Activity>
        <Activity Sport="Walking">
            <Id>2021-02-24T16:02:00.000Z</Id>
            <Lap StartTime="2021-02-24T16:02:00.000Z">
                <Track>
                    <Trackpoint>
                        <DistanceMeters>0.0</DistanceMeters>
                        <Time>2021-02-24T16:02:00.000Z</Time>
                    </Trackpoint>
                    <Trackpoint>
                        <DistanceMeters>28.0</DistanceMeters>
                        <Time>2021-02-24T16:02:21.702Z</Time>
                        <Position>
                            <LatitudeDegrees>18.59186363220215</LatitudeDegrees>
                            <LongitudeDegrees>73.79640197753906</LongitudeDegrees>
                        </Position>
                        <AltitudeMeters>492.8600158691406</AltitudeMeters>
                    </Trackpoint>
                    <Trackpoint>
                        <DistanceMeters>28.0</DistanceMeters>
                        <Time>2021-02-24T16:02:42.691Z</Time>
                        <Position>
                            <LatitudeDegrees>18.591867446899414</LatitudeDegrees>
                            <LongitudeDegrees>73.79640197753906</LongitudeDegrees>
                        </Position>
                        <AltitudeMeters>493.29193115234375</AltitudeMeters>
                    </Trackpoint>
                    <Trackpoint>
                        <DistanceMeters>28.0</DistanceMeters>
                        <Time>2021-02-24T16:03:00.000Z</Time>
                    </Trackpoint>
                </Track>
                <DistanceMeters>28.0</DistanceMeters>
                <TotalTimeSeconds>60.0</TotalTimeSeconds>
                <Calories>5.636666774749756</Calories>
                <Intensity>Active</Intensity>
                <TriggerMethod>Manual</TriggerMethod>
            </Lap>
        </Activity>
        <Activity Sport="Walking">
            <Id>2021-02-24T16:03:00.000Z</Id>
            <Lap StartTime="2021-02-24T16:03:00.000Z">
                <Track>
                    <Trackpoint>
                        <DistanceMeters>0.0</DistanceMeters>
                        <Time>2021-02-24T16:03:00.000Z</Time>
                    </Trackpoint>
                    <Trackpoint>
                        <DistanceMeters>0.0</DistanceMeters>
                        <Time>2021-02-24T16:04:00.000Z</Time>
                    </Trackpoint>
                </Track>
                <DistanceMeters>0.0</DistanceMeters>
                <TotalTimeSeconds>60.0</TotalTimeSeconds>
                <Calories>5.636666774749756</Calories>
                <Intensity>Active</Intensity>
                <TriggerMethod>Manual</TriggerMethod>
            </Lap>
        </Activity>
        <Activity Sport="Walking">
            <Id>2021-02-24T16:04:00.000Z</Id>
            <Lap StartTime="2021-02-24T16:04:00.000Z">
                <Track>
                    <Trackpoint>
                        <DistanceMeters>0.0</DistanceMeters>
                        <Time>2021-02-24T16:04:00.000Z</Time>
                    </Trackpoint>
                    <Trackpoint>
                        <DistanceMeters>0.0</DistanceMeters>
                        <Time>2021-02-24T16:05:00.000Z</Time>
                    </Trackpoint>
                    <Trackpoint>
                        <DistanceMeters>75.0</DistanceMeters>
                        <Time>2021-02-24T16:05:09.972Z</Time>
                    </Trackpoint>
                    <Trackpoint>
                        <DistanceMeters>75.0</DistanceMeters>
                        <Time>2021-02-24T16:06:00.000Z</Time>
                    </Trackpoint>
                </Track>
                <DistanceMeters>75.0</DistanceMeters>
                <TotalTimeSeconds>120.0</TotalTimeSeconds>
                <Calories>1.8154895901679993</Calories>
                <Intensity>Active</Intensity>
                <TriggerMethod>Manual</TriggerMethod>
            </Lap>
        </Activity>
        <Activity Sport="Walking">
            <Id>2021-02-24T16:05:00.000Z</Id>
            <Lap StartTime="2021-02-24T16:05:00.000Z">
                <Track>
                    <Trackpoint>
                        <DistanceMeters>0.0</DistanceMeters>
                        <Time>2021-02-24T16:05:00.000Z</Time>
                    </Trackpoint>
                    <Trackpoint>
                        <DistanceMeters>75.0</DistanceMeters>
                        <Time>2021-02-24T16:05:13.785Z</Time>
                    </Trackpoint>
                    <Trackpoint>
                        <DistanceMeters>75.0</DistanceMeters>
                        <Time>2021-02-24T16:06:00.000Z</Time>
                    </Trackpoint>
                </Track>
                <DistanceMeters>75.0</DistanceMeters>
                <TotalTimeSeconds>60.0</TotalTimeSeconds>
                <Calories>4.341642379760742</Calories>
                <Intensity>Active</Intensity>
                <TriggerMethod>Manual</TriggerMethod>
            </Lap>
        </Activity>
        <Activity Sport="Walking">
            <Id>2021-02-24T16:06:00.000Z</Id>
            <Lap StartTime="2021-02-24T16:06:00.000Z">
                <Track>
                    <Trackpoint>
                        <DistanceMeters>0.0</DistanceMeters>
                        <Time>2021-02-24T16:06:00.000Z</Time>
                    </Trackpoint>
                    <Trackpoint>
                        <DistanceMeters>80.0</DistanceMeters>
                        <Time>2021-02-24T16:06:43.802Z</Time>
                        <Position>
                            <LatitudeDegrees>18.592226028442383</LatitudeDegrees>
                            <LongitudeDegrees>73.79598999023438</LongitudeDegrees>
                        </Position>
                        <AltitudeMeters>474.1600036621094</AltitudeMeters>
                    </Trackpoint>
                    <Trackpoint>
                        <DistanceMeters>80.0</DistanceMeters>
                        <Time>2021-02-24T16:07:00.000Z</Time>
                    </Trackpoint>
                </Track>
                <DistanceMeters>80.0</DistanceMeters>
                <TotalTimeSeconds>60.0</TotalTimeSeconds>
                <Calories>5.636666774749756</Calories>
                <Intensity>Active</Intensity>
                <TriggerMethod>Manual</TriggerMethod>
            </Lap>
        </Activity>
        <Activity Sport="Walking">
            <Id>2021-02-24T16:07:00.000Z</Id>
            <Lap StartTime="2021-02-24T16:07:00.000Z">
                <Track>
                    <Trackpoint>
                        <DistanceMeters>0.0</DistanceMeters>
                        <Time>2021-02-24T16:07:00.000Z</Time>
                    </Trackpoint>
                    <Trackpoint>
                        <DistanceMeters>78.0</DistanceMeters>
                        <Time>2021-02-24T16:08:00.000Z</Time>
                    </Trackpoint>
                </Track>
                <DistanceMeters>78.0</DistanceMeters>
                <TotalTimeSeconds>60.0</TotalTimeSeconds>
                <Calories>5.636666774749756</Calories>
                <Intensity>Active</Intensity>
                <TriggerMethod>Manual</TriggerMethod>
            </Lap>
        </Activity>
        <Activity Sport="Walking">
            <Id>2021-02-24T16:08:00.000Z</Id>
            <Lap StartTime="2021-02-24T16:08:00.000Z">
                <Track>
                    <Trackpoint>
                        <DistanceMeters>0.0</DistanceMeters>
                        <Time>2021-02-24T16:08:00.000Z</Time>
                    </Trackpoint>
                    <Trackpoint>
                        <DistanceMeters>77.0</DistanceMeters>
                        <Time>2021-02-24T16:08:44.834Z</Time>
                        <Position>
                            <LatitudeDegrees>18.5916690826416</LatitudeDegrees>
                            <LongitudeDegrees>73.79611206054688</LongitudeDegrees>
                        </Position>
                        <AltitudeMeters>493.55999755859375</AltitudeMeters>
                    </Trackpoint>
                    <Trackpoint>
                        <DistanceMeters>77.0</DistanceMeters>
                        <Time>2021-02-24T16:09:00.000Z</Time>
                    </Trackpoint>
                </Track>
                <DistanceMeters>77.0</DistanceMeters>
                <TotalTimeSeconds>60.0</TotalTimeSeconds>
                <Calories>5.636666774749756</Calories>
                <Intensity>Active</Intensity>
                <TriggerMethod>Manual</TriggerMethod>
            </Lap>
        </Activity>
        <Activity Sport="Walking">
            <Id>2021-02-24T16:09:00.000Z</Id>
            <Lap StartTime="2021-02-24T16:09:00.000Z">
                <Track>
                    <Trackpoint>
                        <DistanceMeters>0.0</DistanceMeters>
                        <Time>2021-02-24T16:09:00.000Z</Time>
                    </Trackpoint>
                    <Trackpoint>
                        <DistanceMeters>79.0</DistanceMeters>
                        <Time>2021-02-24T16:10:00.000Z</Time>
                    </Trackpoint>
                </Track>
                <DistanceMeters>79.0</DistanceMeters>
                <TotalTimeSeconds>60.0</TotalTimeSeconds>
                <Calories>5.636666774749756</Calories>
                <Intensity>Active</Intensity>
                <TriggerMethod>Manual</TriggerMethod>
            </Lap>
        </Activity>
        <Activity Sport="Walking">
            <Id>2021-02-24T16:10:00.000Z</Id>
            <Lap StartTime="2021-02-24T16:10:00.000Z">
                <Track>
                    <Trackpoint>
                        <DistanceMeters>0.0</DistanceMeters>
                        <Time>2021-02-24T16:10:00.000Z</Time>
                    </Trackpoint>
                    <Trackpoint>
                        <DistanceMeters>52.0</DistanceMeters>
                        <Time>2021-02-24T16:10:45.774Z</Time>
                        <Position>
                            <LatitudeDegrees>18.591798782348633</LatitudeDegrees>
                            <LongitudeDegrees>73.79634857177734</LongitudeDegrees>
                        </Position>
                        <AltitudeMeters>493.3600158691406</AltitudeMeters>
                    </Trackpoint>
                    <Trackpoint>
                        <DistanceMeters>52.0</DistanceMeters>
                        <Time>2021-02-24T16:11:00.000Z</Time>
                    </Trackpoint>
                </Track>
                <DistanceMeters>52.0</DistanceMeters>
                <TotalTimeSeconds>60.0</TotalTimeSeconds>
                <Calories>5.636666774749756</Calories>
                <Intensity>Active</Intensity>
                <TriggerMethod>Manual</TriggerMethod>
            </Lap>
        </Activity>
        <Activity Sport="Walking">
            <Id>2021-02-24T16:11:00.000Z</Id>
            <Lap StartTime="2021-02-24T16:11:00.000Z">
                <Track>
                    <Trackpoint>
                        <DistanceMeters>0.0</DistanceMeters>
                        <Time>2021-02-24T16:11:00.000Z</Time>
                    </Trackpoint>
                    <Trackpoint>
                        <DistanceMeters>0.0</DistanceMeters>
                        <Time>2021-02-24T16:12:00.000Z</Time>
                    </Trackpoint>
                </Track>
                <DistanceMeters>0.0</DistanceMeters>
                <TotalTimeSeconds>60.0</TotalTimeSeconds>
                <Calories>5.636666774749756</Calories>
                <Intensity>Active</Intensity>
                <TriggerMethod>Manual</TriggerMethod>
            </Lap>
        </Activity>
        <Activity Sport="Walking">
            <Id>2021-02-24T16:12:00.000Z</Id>
            <Lap StartTime="2021-02-24T16:12:00.000Z">
                <Track>
                    <Trackpoint>
                        <DistanceMeters>0.0</DistanceMeters>
                        <Time>2021-02-24T16:12:00.000Z</Time>
                    </Trackpoint>
                    <Trackpoint>
                        <DistanceMeters>82.0</DistanceMeters>
                        <Time>2021-02-24T16:12:46.858Z</Time>
                        <Position>
                            <LatitudeDegrees>18.5915470123291</LatitudeDegrees>
                            <LongitudeDegrees>73.7964096069336</LongitudeDegrees>
                        </Position>
                        <AltitudeMeters>493.9599914550781</AltitudeMeters>
                    </Trackpoint>
                    <Trackpoint>
                        <DistanceMeters>82.0</DistanceMeters>
                        <Time>2021-02-24T16:13:00.000Z</Time>
                    </Trackpoint>
                </Track>
                <DistanceMeters>82.0</DistanceMeters>
                <TotalTimeSeconds>60.0</TotalTimeSeconds>
                <Calories>5.636666774749756</Calories>
                <Intensity>Active</Intensity>
                <TriggerMethod>Manual</TriggerMethod>
            </Lap>
        </Activity>
        <Activity Sport="Walking">
            <Id>2021-02-24T16:13:00.000Z</Id>
            <Lap StartTime="2021-02-24T16:13:00.000Z">
                <Track>
                    <Trackpoint>
                        <DistanceMeters>0.0</DistanceMeters>
                        <Time>2021-02-24T16:13:00.000Z</Time>
                    </Trackpoint>
                    <Trackpoint>
                        <DistanceMeters>75.0</DistanceMeters>
                        <Time>2021-02-24T16:14:00.000Z</Time>
                    </Trackpoint>
                </Track>
                <DistanceMeters>75.0</DistanceMeters>
                <TotalTimeSeconds>60.0</TotalTimeSeconds>
                <Calories>5.636666774749756</Calories>
                <Intensity>Active</Intensity>
                <TriggerMethod>Manual</TriggerMethod>
            </Lap>
        </Activity>
        <Activity Sport="Walking">
            <Id>2021-02-24T16:14:00.000Z</Id>
            <Lap StartTime="2021-02-24T16:14:00.000Z">
                <Track>
                    <Trackpoint>
                        <DistanceMeters>0.0</DistanceMeters>
                        <Time>2021-02-24T16:14:00.000Z</Time>
                    </Trackpoint>
                    <Trackpoint>
                        <DistanceMeters>81.0</DistanceMeters>
                        <Time>2021-02-24T16:14:11.029Z</Time>
                        <Position>
                            <LatitudeDegrees>18.59087371826172</LatitudeDegrees>
                            <LongitudeDegrees>73.7958755493164</LongitudeDegrees>
                        </Position>
                        <AltitudeMeters>495.760009765625</AltitudeMeters>
                    </Trackpoint>
                    <Trackpoint>
                        <DistanceMeters>81.0</DistanceMeters>
                        <Time>2021-02-24T16:14:37.318Z</Time>
                        <Position>
                            <LatitudeDegrees>18.591032028198242</LatitudeDegrees>
                            <LongitudeDegrees>73.7957534790039</LongitudeDegrees>
                        </Position>
                        <AltitudeMeters>495.50433349609375</AltitudeMeters>
                    </Trackpoint>
                    <Trackpoint>
                        <DistanceMeters>81.0</DistanceMeters>
                        <Time>2021-02-24T16:15:00.000Z</Time>
                    </Trackpoint>
                </Track>
                <DistanceMeters>81.0</DistanceMeters>
                <TotalTimeSeconds>60.0</TotalTimeSeconds>
                <Calories>5.636666774749756</Calories>
                <Intensity>Active</Intensity>
                <TriggerMethod>Manual</TriggerMethod>
            </Lap>
        </Activity>
        <Activity Sport="Walking">
            <Id>2021-02-24T16:15:00.000Z</Id>
            <Lap StartTime="2021-02-24T16:15:00.000Z">
                <Track>
                    <Trackpoint>
                        <DistanceMeters>0.0</DistanceMeters>
                        <Time>2021-02-24T16:15:00.000Z</Time>
                    </Trackpoint>
                    <Trackpoint>
                        <DistanceMeters>81.0</DistanceMeters>
                        <Time>2021-02-24T16:15:11.989Z</Time>
                        <Position>
                            <LatitudeDegrees>18.591455459594727</LatitudeDegrees>
                            <LongitudeDegrees>73.79589080810547</LongitudeDegrees>
                        </Position>
                        <AltitudeMeters>494.4599914550781</AltitudeMeters>
                    </Trackpoint>
                    <Trackpoint>
                        <DistanceMeters>81.0</DistanceMeters>
                        <Time>2021-02-24T16:15:12.015Z</Time>
                        <Position>
                            <LatitudeDegrees>18.5914249420166</LatitudeDegrees>
                            <LongitudeDegrees>73.7958755493164</LongitudeDegrees>
                        </Position>
                        <AltitudeMeters>494.6688232421875</AltitudeMeters>
                    </Trackpoint>
                    <Trackpoint>
                        <DistanceMeters>81.0</DistanceMeters>
                        <Time>2021-02-24T16:15:52.110Z</Time>
                        <Position>
                            <LatitudeDegrees>18.591814041137695</LatitudeDegrees>
                            <LongitudeDegrees>73.79586791992188</LongitudeDegrees>
                        </Position>
                        <AltitudeMeters>472.9599914550781</AltitudeMeters>
                    </Trackpoint>
                    <Trackpoint>
                        <DistanceMeters>81.0</DistanceMeters>
                        <Time>2021-02-24T16:16:00.000Z</Time>
                    </Trackpoint>
                </Track>
                <DistanceMeters>81.0</DistanceMeters>
                <TotalTimeSeconds>60.0</TotalTimeSeconds>
                <Calories>5.636666774749756</Calories>
                <Intensity>Active</Intensity>
                <TriggerMethod>Manual</TriggerMethod>
            </Lap>
        </Activity>
        <Activity Sport="Walking">
            <Id>2021-02-24T16:16:00.000Z</Id>
            <Lap StartTime="2021-02-24T16:16:00.000Z">
                <Track>
                    <Trackpoint>
                        <DistanceMeters>0.0</DistanceMeters>
                        <Time>2021-02-24T16:16:00.000Z</Time>
                    </Trackpoint>
                    <Trackpoint>
                        <DistanceMeters>55.0</DistanceMeters>
                        <Time>2021-02-24T16:16:18.006Z</Time>
                        <Position>
                            <LatitudeDegrees>18.59163475036621</LatitudeDegrees>
                            <LongitudeDegrees>73.7958755493164</LongitudeDegrees>
                        </Position>
                        <AltitudeMeters>493.9192810058594</AltitudeMeters>
                    </Trackpoint>
                    <Trackpoint>
                        <DistanceMeters>55.0</DistanceMeters>
                        <Time>2021-02-24T16:16:30.602Z</Time>
                        <Position>
                            <LatitudeDegrees>18.591760635375977</LatitudeDegrees>
                            <LongitudeDegrees>73.79588317871094</LongitudeDegrees>
                        </Position>
                        <AltitudeMeters>493.92242431640625</AltitudeMeters>
                    </Trackpoint>
                    <Trackpoint>
                        <DistanceMeters>55.0</DistanceMeters>
                        <Time>2021-02-24T16:17:00.000Z</Time>
                    </Trackpoint>
                </Track>
                <DistanceMeters>55.0</DistanceMeters>
                <TotalTimeSeconds>60.0</TotalTimeSeconds>
                <Calories>5.636666774749756</Calories>
                <Intensity>Active</Intensity>
                <TriggerMethod>Manual</TriggerMethod>
            </Lap>
        </Activity>
        <Activity Sport="Walking">
            <Id>2021-02-24T16:17:00.000Z</Id>
            <Lap StartTime="2021-02-24T16:17:00.000Z">
                <Track>
                    <Trackpoint>
                        <DistanceMeters>0.0</DistanceMeters>
                        <Time>2021-02-24T16:17:00.000Z</Time>
                    </Trackpoint>
                    <Trackpoint>
                        <DistanceMeters>25.477405548095703</DistanceMeters>
                        <Time>2021-02-24T16:18:00.000Z</Time>
                    </Trackpoint>
                </Track>
                <DistanceMeters>25.477405548095703</DistanceMeters>
                <TotalTimeSeconds>60.0</TotalTimeSeconds>
                <Calories>5.636666774749756</Calories>
                <Intensity>Active</Intensity>
                <TriggerMethod>Manual</TriggerMethod>
            </Lap>
        </Activity>
        <Activity Sport="Walking">
            <Id>2021-02-24T16:18:00.000Z</Id>
            <Lap StartTime="2021-02-24T16:18:00.000Z">
                <Track>
                    <Trackpoint>
                        <DistanceMeters>0.0</DistanceMeters>
                        <Time>2021-02-24T16:18:00.000Z</Time>
                    </Trackpoint>
                    <Trackpoint>
                        <DistanceMeters>0.0</DistanceMeters>
                        <Time>2021-02-24T16:19:50.599Z</Time>
                    </Trackpoint>
                    <Trackpoint>
                        <DistanceMeters>6.8721160888671875</DistanceMeters>
                        <Time>2021-02-24T16:20:12.565Z</Time>
                    </Trackpoint>
                    <Trackpoint>
                        <DistanceMeters>9.415568113327026</DistanceMeters>
                        <Time>2021-02-24T16:20:21.006Z</Time>
                        <Position>
                            <LatitudeDegrees>18.591596603393555</LatitudeDegrees>
                            <LongitudeDegrees>73.79601287841797</LongitudeDegrees>
                        </Position>
                        <AltitudeMeters>496.328857421875</AltitudeMeters>
                    </Trackpoint>
                    <Trackpoint>
                        <DistanceMeters>26.119404554367065</DistanceMeters>
                        <Time>2021-02-24T16:20:42.170Z</Time>
                    </Trackpoint>
                </Track>
                <DistanceMeters>26.119404554367065</DistanceMeters>
                <TotalTimeSeconds>162.170475892</TotalTimeSeconds>
                <Calories>3.5546834468841553</Calories>
                <Intensity>Active</Intensity>
                <TriggerMethod>Manual</TriggerMethod>
            </Lap>
        </Activity>
        <Activity Sport="Walking">
            <Id>2021-02-24T16:20:21.006Z</Id>
            <Lap StartTime="2021-02-24T16:20:21.006Z">
                <Track>
                    <Trackpoint>
                        <DistanceMeters>0.0</DistanceMeters>
                        <Time>2021-02-24T16:20:21.006Z</Time>
                    </Trackpoint>
                    <Trackpoint>
                        <DistanceMeters>16.70383644104004</DistanceMeters>
                        <Time>2021-02-24T16:20:21.014Z</Time>
                    </Trackpoint>
                    <Trackpoint>
                        <DistanceMeters>16.70383644104004</DistanceMeters>
                        <Time>2021-02-24T16:20:42.170Z</Time>
                    </Trackpoint>
                    <Trackpoint>
                        <DistanceMeters>22.201529502868652</DistanceMeters>
                        <Time>2021-02-24T16:21:00.071Z</Time>
                    </Trackpoint>
                </Track>
                <DistanceMeters>22.201529502868652</DistanceMeters>
                <TotalTimeSeconds>39.06530488</TotalTimeSeconds>
                <Calories>3.14770245552063</Calories>
                <Intensity>Active</Intensity>
                <TriggerMethod>Manual</TriggerMethod>
            </Lap>
        </Activity>
    </Activities>
    <Author xsi:type="Application_t">
        <Name>Google Fit</Name>
        <Build>
            <Version>
                <VersionMajor>0</VersionMajor>
                <VersionMinor>0</VersionMinor>
                <BuildMajor>0</BuildMajor>
                <BuildMinor>0</BuildMinor>
            </Version>
        </Build>
        <LangID>en</LangID>
        <PartNumber>000-00000-00</PartNumber>
    </Author>
</TrainingCenterDatabase>
