<?xml version="1.0" encoding="UTF-8"?>
<TrainingCenterDatabase
    xmlns="http://www.garmin.com/xmlschemas/TrainingCenterDatabase/v2"
    xmlns:ns2="http://www.garmin.com/xmlschemas/UserProfile/v2"
    xmlns:ns3="http://www.garmin.com/xmlschemas/ActivityExtension/v2"
    xmlns:ns4="http://www.garmin.com/xmlschemas/ProfileExtension/v1"
    xmlns:ns5="http://www.garmin.com/xmlschemas/ActivityGoals/v1"
    xmlns:xsi="http://www.w3.org/2001/XMLSchema-instance" xsi:schemaLocation="http://www.garmin.com/xmlschemas/TrainingCenterDatabase/v2 http://www.garmin.com/xmlschemas/TrainingCenterDatabasev2.xsd">
    <Activities>
        <Activity Sport="Walking">
            <Id>2021-04-04T16:02:42.362Z</Id>
            <Lap StartTime="2021-04-04T16:02:42.362Z">
                <Track>
                    <Trackpoint>
                        <DistanceMeters>0.0</DistanceMeters>
                        <Time>2021-04-04T16:02:42.362Z</Time>
                    </Trackpoint>
                    <Trackpoint>
                        <DistanceMeters>4.5229973793029785</DistanceMeters>
                        <Time>2021-04-04T16:04:16.480Z</Time>
                        <Position>
                            <LatitudeDegrees>18.59040641784668</LatitudeDegrees>
                            <LongitudeDegrees>73.79727935791016</LongitudeDegrees>
                        </Position>
                        <AltitudeMeters>500.0120849609375</AltitudeMeters>
                    </Trackpoint>
                    <Trackpoint>
                        <DistanceMeters>184.85043573379517</DistanceMeters>
                        <Time>2021-04-04T16:04:39.542Z</Time>
                        <Position>
                            <LatitudeDegrees>18.591596603393555</LatitudeDegrees>
                            <LongitudeDegrees>73.7964096069336</LongitudeDegrees>
                        </Position>
                        <AltitudeMeters>478.9661865234375</AltitudeMeters>
                    </Trackpoint>
                    <Trackpoint>
                        <DistanceMeters>184.85043573379517</DistanceMeters>
                        <Time>2021-04-04T16:04:40.531Z</Time>
                        <Position>
                            <LatitudeDegrees>18.591588973999023</LatitudeDegrees>
                            <LongitudeDegrees>73.79641723632812</LongitudeDegrees>
                        </Position>
                        <AltitudeMeters>478.8376770019531</AltitudeMeters>
                    </Trackpoint>
                    <Trackpoint>
                        <DistanceMeters>184.85043573379517</DistanceMeters>
                        <Time>2021-04-04T16:04:41.534Z</Time>
                        <Position>
                            <LatitudeDegrees>18.59158706665039</LatitudeDegrees>
                            <LongitudeDegrees>73.79641723632812</LongitudeDegrees>
                        </Position>
                        <AltitudeMeters>481.28948974609375</AltitudeMeters>
                    </Trackpoint>
                    <Trackpoint>
                        <DistanceMeters>184.85043573379517</DistanceMeters>
                        <Time>2021-04-04T16:04:42.530Z</Time>
                        <Position>
                            <LatitudeDegrees>18.591588973999023</LatitudeDegrees>
                            <LongitudeDegrees>73.79640197753906</LongitudeDegrees>
                        </Position>
                        <AltitudeMeters>483.0597229003906</AltitudeMeters>
                    </Trackpoint>
                    <Trackpoint>
                        <DistanceMeters>184.85043573379517</DistanceMeters>
                        <Time>2021-04-04T16:04:43.531Z</Time>
                        <Position>
                            <LatitudeDegrees>18.591585159301758</LatitudeDegrees>
                            <LongitudeDegrees>73.79637145996094</LongitudeDegrees>
                        </Position>
                        <AltitudeMeters>483.3157653808594</AltitudeMeters>
                    </Trackpoint>
                    <Trackpoint>
                        <DistanceMeters>184.85043573379517</DistanceMeters>
                        <Time>2021-04-04T16:04:44.532Z</Time>
                        <Position>
                            <LatitudeDegrees>18.591585159301758</LatitudeDegrees>
                            <LongitudeDegrees>73.7963638305664</LongitudeDegrees>
                        </Position>
                        <AltitudeMeters>486.0203857421875</AltitudeMeters>
                    </Trackpoint>
                    <Trackpoint>
                        <DistanceMeters>184.85043573379517</DistanceMeters>
                        <Time>2021-04-04T16:04:45.542Z</Time>
                        <Position>
                            <LatitudeDegrees>18.591588973999023</LatitudeDegrees>
                            <LongitudeDegrees>73.79635620117188</LongitudeDegrees>
                        </Position>
                        <AltitudeMeters>485.0946350097656</AltitudeMeters>
                    </Trackpoint>
                    <Trackpoint>
                        <DistanceMeters>184.85043573379517</DistanceMeters>
                        <Time>2021-04-04T16:04:46.541Z</Time>
                        <Position>
                            <LatitudeDegrees>18.59158706665039</LatitudeDegrees>
                            <LongitudeDegrees>73.79634857177734</LongitudeDegrees>
                        </Position>
                        <AltitudeMeters>488.82318115234375</AltitudeMeters>
                    </Trackpoint>
                    <Trackpoint>
                        <DistanceMeters>184.85043573379517</DistanceMeters>
                        <Time>2021-04-04T16:04:47.536Z</Time>
                        <Position>
                            <LatitudeDegrees>18.591588973999023</LatitudeDegrees>
                            <LongitudeDegrees>73.79634094238281</LongitudeDegrees>
                        </Position>
                        <AltitudeMeters>486.9888610839844</AltitudeMeters>
                    </Trackpoint>
                    <Trackpoint>
                        <DistanceMeters>184.85043573379517</DistanceMeters>
                        <Time>2021-04-04T16:04:48.533Z</Time>
                        <Position>
                            <LatitudeDegrees>18.59158706665039</LatitudeDegrees>
                            <LongitudeDegrees>73.79634094238281</LongitudeDegrees>
                        </Position>
                        <AltitudeMeters>489.328369140625</AltitudeMeters>
                    </Trackpoint>
                    <Trackpoint>
                        <DistanceMeters>184.85043573379517</DistanceMeters>
                        <Time>2021-04-04T16:04:49.541Z</Time>
                        <Position>
                            <LatitudeDegrees>18.591585159301758</LatitudeDegrees>
                            <LongitudeDegrees>73.79634857177734</LongitudeDegrees>
                        </Position>
                        <AltitudeMeters>488.85943603515625</AltitudeMeters>
                    </Trackpoint>
                    <Trackpoint>
                        <DistanceMeters>184.85043573379517</DistanceMeters>
                        <Time>2021-04-04T16:04:50.543Z</Time>
                        <Position>
                            <LatitudeDegrees>18.591596603393555</LatitudeDegrees>
                            <LongitudeDegrees>73.79634094238281</LongitudeDegrees>
                        </Position>
                        <AltitudeMeters>488.61993408203125</AltitudeMeters>
                    </Trackpoint>
                    <Trackpoint>
                        <DistanceMeters>184.85043573379517</DistanceMeters>
                        <Time>2021-04-04T16:04:51.540Z</Time>
                        <Position>
                            <LatitudeDegrees>18.591596603393555</LatitudeDegrees>
                            <LongitudeDegrees>73.79634857177734</LongitudeDegrees>
                        </Position>
                        <AltitudeMeters>493.9044494628906</AltitudeMeters>
                    </Trackpoint>
                    <Trackpoint>
                        <DistanceMeters>184.85043573379517</DistanceMeters>
                        <Time>2021-04-04T16:04:52.536Z</Time>
                        <Position>
                            <LatitudeDegrees>18.591594696044922</LatitudeDegrees>
                            <LongitudeDegrees>73.79634857177734</LongitudeDegrees>
                        </Position>
                        <AltitudeMeters>492.2392883300781</AltitudeMeters>
                    </Trackpoint>
                    <Trackpoint>
                        <DistanceMeters>184.85043573379517</DistanceMeters>
                        <Time>2021-04-04T16:04:53.544Z</Time>
                        <Position>
                            <LatitudeDegrees>18.591594696044922</LatitudeDegrees>
                            <LongitudeDegrees>73.79635620117188</LongitudeDegrees>
                        </Position>
                        <AltitudeMeters>492.7732849121094</AltitudeMeters>
                    </Trackpoint>
                    <Trackpoint>
                        <DistanceMeters>184.85043573379517</DistanceMeters>
                        <Time>2021-04-04T16:04:54.552Z</Time>
                        <Position>
                            <LatitudeDegrees>18.59160041809082</LatitudeDegrees>
                            <LongitudeDegrees>73.79634094238281</LongitudeDegrees>
                        </Position>
                        <AltitudeMeters>493.4543151855469</AltitudeMeters>
                    </Trackpoint>
                    <Trackpoint>
                        <DistanceMeters>184.85043573379517</DistanceMeters>
                        <Time>2021-04-04T16:04:55.540Z</Time>
                        <Position>
                            <LatitudeDegrees>18.59160614013672</LatitudeDegrees>
                            <LongitudeDegrees>73.79633331298828</LongitudeDegrees>
                        </Position>
                        <AltitudeMeters>490.96478271484375</AltitudeMeters>
                    </Trackpoint>
                    <Trackpoint>
                        <DistanceMeters>184.85043573379517</DistanceMeters>
                        <Time>2021-04-04T16:04:56.536Z</Time>
                        <Position>
                            <LatitudeDegrees>18.591611862182617</LatitudeDegrees>
                            <LongitudeDegrees>73.79632568359375</LongitudeDegrees>
                        </Position>
                        <AltitudeMeters>490.28863525390625</AltitudeMeters>
                    </Trackpoint>
                    <Trackpoint>
                        <DistanceMeters>184.85043573379517</DistanceMeters>
                        <Time>2021-04-04T16:04:57.539Z</Time>
                        <Position>
                            <LatitudeDegrees>18.591617584228516</LatitudeDegrees>
                            <LongitudeDegrees>73.79632568359375</LongitudeDegrees>
                        </Position>
                        <AltitudeMeters>493.5869445800781</AltitudeMeters>
                    </Trackpoint>
                    <Trackpoint>
                        <DistanceMeters>184.85043573379517</DistanceMeters>
                        <Time>2021-04-04T16:04:58.545Z</Time>
                        <Position>
                            <LatitudeDegrees>18.59161949157715</LatitudeDegrees>
                            <LongitudeDegrees>73.79632568359375</LongitudeDegrees>
                        </Position>
                        <AltitudeMeters>489.46966552734375</AltitudeMeters>
                    </Trackpoint>
                    <Trackpoint>
                        <DistanceMeters>184.85043573379517</DistanceMeters>
                        <Time>2021-04-04T16:04:59.547Z</Time>
                        <Position>
                            <LatitudeDegrees>18.59162139892578</LatitudeDegrees>
                            <LongitudeDegrees>73.79631805419922</LongitudeDegrees>
                        </Position>
                        <AltitudeMeters>491.11138916015625</AltitudeMeters>
                    </Trackpoint>
                    <Trackpoint>
                        <DistanceMeters>204.06572198867798</DistanceMeters>
                        <Time>2021-04-04T16:05:00.544Z</Time>
                        <Position>
                            <LatitudeDegrees>18.59161949157715</LatitudeDegrees>
                            <LongitudeDegrees>73.79631805419922</LongitudeDegrees>
                        </Position>
                        <AltitudeMeters>488.9132385253906</AltitudeMeters>
                    </Trackpoint>
                    <Trackpoint>
                        <DistanceMeters>204.06572198867798</DistanceMeters>
                        <Time>2021-04-04T16:05:01.547Z</Time>
                        <Position>
                            <LatitudeDegrees>18.59161376953125</LatitudeDegrees>
                            <LongitudeDegrees>73.79633331298828</LongitudeDegrees>
                        </Position>
                        <AltitudeMeters>488.8680114746094</AltitudeMeters>
                    </Trackpoint>
                    <Trackpoint>
                        <DistanceMeters>204.06572198867798</DistanceMeters>
                        <Time>2021-04-04T16:05:02.545Z</Time>
                        <Position>
                            <LatitudeDegrees>18.591609954833984</LatitudeDegrees>
                            <LongitudeDegrees>73.79634857177734</LongitudeDegrees>
                        </Position>
                        <AltitudeMeters>488.6341857910156</AltitudeMeters>
                    </Trackpoint>
                    <Trackpoint>
                        <DistanceMeters>204.06572198867798</DistanceMeters>
                        <Time>2021-04-04T16:05:03.538Z</Time>
                        <Position>
                            <LatitudeDegrees>18.591604232788086</LatitudeDegrees>
                            <LongitudeDegrees>73.79635620117188</LongitudeDegrees>
                        </Position>
                        <AltitudeMeters>489.86376953125</AltitudeMeters>
                    </Trackpoint>
                    <Trackpoint>
                        <DistanceMeters>204.06572198867798</DistanceMeters>
                        <Time>2021-04-04T16:05:04.546Z</Time>
                        <Position>
                            <LatitudeDegrees>18.59160041809082</LatitudeDegrees>
                            <LongitudeDegrees>73.7963638305664</LongitudeDegrees>
                        </Position>
                        <AltitudeMeters>488.3674011230469</AltitudeMeters>
                    </Trackpoint>
                    <Trackpoint>
                        <DistanceMeters>204.06572198867798</DistanceMeters>
                        <Time>2021-04-04T16:05:05.544Z</Time>
                        <Position>
                            <LatitudeDegrees>18.591596603393555</LatitudeDegrees>
                            <LongitudeDegrees>73.79637145996094</LongitudeDegrees>
                        </Position>
                        <AltitudeMeters>488.49261474609375</AltitudeMeters>
                    </Trackpoint>
                    <Trackpoint>
                        <DistanceMeters>204.06572198867798</DistanceMeters>
                        <Time>2021-04-04T16:05:06.543Z</Time>
                        <Position>
                            <LatitudeDegrees>18.59159278869629</LatitudeDegrees>
                            <LongitudeDegrees>73.79637145996094</LongitudeDegrees>
                        </Position>
                        <AltitudeMeters>487.56524658203125</AltitudeMeters>
                    </Trackpoint>
                    <Trackpoint>
                        <DistanceMeters>204.06572198867798</DistanceMeters>
                        <Time>2021-04-04T16:05:07.540Z</Time>
                        <Position>
                            <LatitudeDegrees>18.591588973999023</LatitudeDegrees>
                            <LongitudeDegrees>73.79637908935547</LongitudeDegrees>
                        </Position>
                        <AltitudeMeters>488.56829833984375</AltitudeMeters>
                    </Trackpoint>
                    <Trackpoint>
                        <DistanceMeters>204.06572198867798</DistanceMeters>
                        <Time>2021-04-04T16:05:08.545Z</Time>
                        <Position>
                            <LatitudeDegrees>18.59158706665039</LatitudeDegrees>
                            <LongitudeDegrees>73.79637908935547</LongitudeDegrees>
                        </Position>
                        <AltitudeMeters>488.8363952636719</AltitudeMeters>
                    </Trackpoint>
                    <Trackpoint>
                        <DistanceMeters>204.06572198867798</DistanceMeters>
                        <Time>2021-04-04T16:05:09.547Z</Time>
                        <Position>
                            <LatitudeDegrees>18.591583251953125</LatitudeDegrees>
                            <LongitudeDegrees>73.79638671875</LongitudeDegrees>
                        </Position>
                        <AltitudeMeters>488.5534362792969</AltitudeMeters>
                    </Trackpoint>
                    <Trackpoint>
                        <DistanceMeters>204.06572198867798</DistanceMeters>
                        <Time>2021-04-04T16:05:10.547Z</Time>
                        <Position>
                            <LatitudeDegrees>18.59157943725586</LatitudeDegrees>
                            <LongitudeDegrees>73.79639434814453</LongitudeDegrees>
                        </Position>
                        <AltitudeMeters>489.5382995605469</AltitudeMeters>
                    </Trackpoint>
                    <Trackpoint>
                        <DistanceMeters>204.06572198867798</DistanceMeters>
                        <Time>2021-04-04T16:05:11.545Z</Time>
                        <Position>
                            <LatitudeDegrees>18.591577529907227</LatitudeDegrees>
                            <LongitudeDegrees>73.79639434814453</LongitudeDegrees>
                        </Position>
                        <AltitudeMeters>490.4501647949219</AltitudeMeters>
                    </Trackpoint>
                    <Trackpoint>
                        <DistanceMeters>204.06572198867798</DistanceMeters>
                        <Time>2021-04-04T16:05:12.544Z</Time>
                        <Position>
                            <LatitudeDegrees>18.591575622558594</LatitudeDegrees>
                            <LongitudeDegrees>73.79640197753906</LongitudeDegrees>
                        </Position>
                        <AltitudeMeters>490.4339599609375</AltitudeMeters>
                    </Trackpoint>
                    <Trackpoint>
                        <DistanceMeters>204.06572198867798</DistanceMeters>
                        <Time>2021-04-04T16:05:13.544Z</Time>
                        <Position>
                            <LatitudeDegrees>18.591575622558594</LatitudeDegrees>
                            <LongitudeDegrees>73.79640197753906</LongitudeDegrees>
                        </Position>
                        <AltitudeMeters>489.23193359375</AltitudeMeters>
                    </Trackpoint>
                    <Trackpoint>
                        <DistanceMeters>204.06572198867798</DistanceMeters>
                        <Time>2021-04-04T16:05:14.582Z</Time>
                        <Position>
                            <LatitudeDegrees>18.59157371520996</LatitudeDegrees>
                            <LongitudeDegrees>73.79640197753906</LongitudeDegrees>
                        </Position>
                        <AltitudeMeters>489.3631286621094</AltitudeMeters>
                    </Trackpoint>
                    <Trackpoint>
                        <DistanceMeters>204.06572198867798</DistanceMeters>
                        <Time>2021-04-04T16:05:15.539Z</Time>
                        <Position>
                            <LatitudeDegrees>18.59157371520996</LatitudeDegrees>
                            <LongitudeDegrees>73.7964096069336</LongitudeDegrees>
                        </Position>
                        <AltitudeMeters>489.7536926269531</AltitudeMeters>
                    </Trackpoint>
                    <Trackpoint>
                        <DistanceMeters>204.06572198867798</DistanceMeters>
                        <Time>2021-04-04T16:05:16.538Z</Time>
                        <Position>
                            <LatitudeDegrees>18.591571807861328</LatitudeDegrees>
                            <LongitudeDegrees>73.7964096069336</LongitudeDegrees>
                        </Position>
                        <AltitudeMeters>490.3879699707031</AltitudeMeters>
                    </Trackpoint>
                    <Trackpoint>
                        <DistanceMeters>204.06572198867798</DistanceMeters>
                        <Time>2021-04-04T16:05:17.541Z</Time>
                        <Position>
                            <LatitudeDegrees>18.591571807861328</LatitudeDegrees>
                            <LongitudeDegrees>73.79641723632812</LongitudeDegrees>
                        </Position>
                        <AltitudeMeters>491.8758239746094</AltitudeMeters>
                    </Trackpoint>
                    <Trackpoint>
                        <DistanceMeters>204.06572198867798</DistanceMeters>
                        <Time>2021-04-04T16:05:18.540Z</Time>
                        <Position>
                            <LatitudeDegrees>18.591569900512695</LatitudeDegrees>
                            <LongitudeDegrees>73.79641723632812</LongitudeDegrees>
                        </Position>
                        <AltitudeMeters>492.6772766113281</AltitudeMeters>
                    </Trackpoint>
                    <Trackpoint>
                        <DistanceMeters>204.06572198867798</DistanceMeters>
                        <Time>2021-04-04T16:05:19.544Z</Time>
                        <Position>
                            <LatitudeDegrees>18.591567993164062</LatitudeDegrees>
                            <LongitudeDegrees>73.79642486572266</LongitudeDegrees>
                        </Position>
                        <AltitudeMeters>491.55731201171875</AltitudeMeters>
                    </Trackpoint>
                    <Trackpoint>
                        <DistanceMeters>204.06572198867798</DistanceMeters>
                        <Time>2021-04-04T16:05:20.549Z</Time>
                        <Position>
                            <LatitudeDegrees>18.591567993164062</LatitudeDegrees>
                            <LongitudeDegrees>73.79642486572266</LongitudeDegrees>
                        </Position>
                        <AltitudeMeters>491.5213928222656</AltitudeMeters>
                    </Trackpoint>
                    <Trackpoint>
                        <DistanceMeters>204.06572198867798</DistanceMeters>
                        <Time>2021-04-04T16:05:21.541Z</Time>
                        <Position>
                            <LatitudeDegrees>18.59156608581543</LatitudeDegrees>
                            <LongitudeDegrees>73.79642486572266</LongitudeDegrees>
                        </Position>
                        <AltitudeMeters>492.01226806640625</AltitudeMeters>
                    </Trackpoint>
                    <Trackpoint>
                        <DistanceMeters>204.06572198867798</DistanceMeters>
                        <Time>2021-04-04T16:05:22.546Z</Time>
                        <Position>
                            <LatitudeDegrees>18.591564178466797</LatitudeDegrees>
                            <LongitudeDegrees>73.79643249511719</LongitudeDegrees>
                        </Position>
                        <AltitudeMeters>491.95556640625</AltitudeMeters>
                    </Trackpoint>
                    <Trackpoint>
                        <DistanceMeters>204.06572198867798</DistanceMeters>
                        <Time>2021-04-04T16:05:23.549Z</Time>
                        <Position>
                            <LatitudeDegrees>18.591562271118164</LatitudeDegrees>
                            <LongitudeDegrees>73.79643249511719</LongitudeDegrees>
                        </Position>
                        <AltitudeMeters>492.6905212402344</AltitudeMeters>
                    </Trackpoint>
                    <Trackpoint>
                        <DistanceMeters>204.06572198867798</DistanceMeters>
                        <Time>2021-04-04T16:05:24.541Z</Time>
                        <Position>
                            <LatitudeDegrees>18.59156036376953</LatitudeDegrees>
                            <LongitudeDegrees>73.79643249511719</LongitudeDegrees>
                        </Position>
                        <AltitudeMeters>492.14251708984375</AltitudeMeters>
                    </Trackpoint>
                    <Trackpoint>
                        <DistanceMeters>204.06572198867798</DistanceMeters>
                        <Time>2021-04-04T16:05:25.545Z</Time>
                        <Position>
                            <LatitudeDegrees>18.5915584564209</LatitudeDegrees>
                            <LongitudeDegrees>73.79644012451172</LongitudeDegrees>
                        </Position>
                        <AltitudeMeters>491.46875</AltitudeMeters>
                    </Trackpoint>
                    <Trackpoint>
                        <DistanceMeters>204.06572198867798</DistanceMeters>
                        <Time>2021-04-04T16:05:26.543Z</Time>
                        <Position>
                            <LatitudeDegrees>18.591556549072266</LatitudeDegrees>
                            <LongitudeDegrees>73.79644775390625</LongitudeDegrees>
                        </Position>
                        <AltitudeMeters>491.69451904296875</AltitudeMeters>
                    </Trackpoint>
                    <Trackpoint>
                        <DistanceMeters>204.06572198867798</DistanceMeters>
                        <Time>2021-04-04T16:05:27.549Z</Time>
                        <Position>
                            <LatitudeDegrees>18.591552734375</LatitudeDegrees>
                            <LongitudeDegrees>73.79645538330078</LongitudeDegrees>
                        </Position>
                        <AltitudeMeters>492.2595520019531</AltitudeMeters>
                    </Trackpoint>
                    <Trackpoint>
                        <DistanceMeters>204.06572198867798</DistanceMeters>
                        <Time>2021-04-04T16:05:28.550Z</Time>
                        <Position>
                            <LatitudeDegrees>18.591550827026367</LatitudeDegrees>
                            <LongitudeDegrees>73.79646301269531</LongitudeDegrees>
                        </Position>
                        <AltitudeMeters>492.75994873046875</AltitudeMeters>
                    </Trackpoint>
                    <Trackpoint>
                        <DistanceMeters>204.06572198867798</DistanceMeters>
                        <Time>2021-04-04T16:05:29.543Z</Time>
                        <Position>
                            <LatitudeDegrees>18.5915470123291</LatitudeDegrees>
                            <LongitudeDegrees>73.79646301269531</LongitudeDegrees>
                        </Position>
                        <AltitudeMeters>493.4413146972656</AltitudeMeters>
                    </Trackpoint>
                    <Trackpoint>
                        <DistanceMeters>233.24937677383423</DistanceMeters>
                        <Time>2021-04-04T16:05:30.540Z</Time>
                        <Position>
                            <LatitudeDegrees>18.59154510498047</LatitudeDegrees>
                            <LongitudeDegrees>73.79647064208984</LongitudeDegrees>
                        </Position>
                        <AltitudeMeters>492.50897216796875</AltitudeMeters>
                    </Trackpoint>
                    <Trackpoint>
                        <DistanceMeters>233.24937677383423</DistanceMeters>
                        <Time>2021-04-04T16:05:31.539Z</Time>
                        <Position>
                            <LatitudeDegrees>18.591543197631836</LatitudeDegrees>
                            <LongitudeDegrees>73.79647064208984</LongitudeDegrees>
                        </Position>
                        <AltitudeMeters>495.0247497558594</AltitudeMeters>
                    </Trackpoint>
                    <Trackpoint>
                        <DistanceMeters>233.24937677383423</DistanceMeters>
                        <Time>2021-04-04T16:05:32.543Z</Time>
                        <Position>
                            <LatitudeDegrees>18.591543197631836</LatitudeDegrees>
                            <LongitudeDegrees>73.79647827148438</LongitudeDegrees>
                        </Position>
                        <AltitudeMeters>496.1059875488281</AltitudeMeters>
                    </Trackpoint>
                    <Trackpoint>
                        <DistanceMeters>233.24937677383423</DistanceMeters>
                        <Time>2021-04-04T16:05:33.541Z</Time>
                        <Position>
                            <LatitudeDegrees>18.591541290283203</LatitudeDegrees>
                            <LongitudeDegrees>73.79647827148438</LongitudeDegrees>
                        </Position>
                        <AltitudeMeters>493.38360595703125</AltitudeMeters>
                    </Trackpoint>
                    <Trackpoint>
                        <DistanceMeters>233.24937677383423</DistanceMeters>
                        <Time>2021-04-04T16:05:34.548Z</Time>
                        <Position>
                            <LatitudeDegrees>18.591541290283203</LatitudeDegrees>
                            <LongitudeDegrees>73.79647827148438</LongitudeDegrees>
                        </Position>
                        <AltitudeMeters>492.5956115722656</AltitudeMeters>
                    </Trackpoint>
                    <Trackpoint>
                        <DistanceMeters>233.24937677383423</DistanceMeters>
                        <Time>2021-04-04T16:05:35.544Z</Time>
                        <Position>
                            <LatitudeDegrees>18.59153938293457</LatitudeDegrees>
                            <LongitudeDegrees>73.79647827148438</LongitudeDegrees>
                        </Position>
                        <AltitudeMeters>494.5708923339844</AltitudeMeters>
                    </Trackpoint>
                    <Trackpoint>
                        <DistanceMeters>233.24937677383423</DistanceMeters>
                        <Time>2021-04-04T16:05:36.543Z</Time>
                        <Position>
                            <LatitudeDegrees>18.591537475585938</LatitudeDegrees>
                            <LongitudeDegrees>73.7964859008789</LongitudeDegrees>
                        </Position>
                        <AltitudeMeters>494.4502868652344</AltitudeMeters>
                    </Trackpoint>
                    <Trackpoint>
                        <DistanceMeters>233.24937677383423</DistanceMeters>
                        <Time>2021-04-04T16:05:37.539Z</Time>
                        <Position>
                            <LatitudeDegrees>18.591537475585938</LatitudeDegrees>
                            <LongitudeDegrees>73.7964859008789</LongitudeDegrees>
                        </Position>
                        <AltitudeMeters>494.3502502441406</AltitudeMeters>
                    </Trackpoint>
                    <Trackpoint>
                        <DistanceMeters>233.24937677383423</DistanceMeters>
                        <Time>2021-04-04T16:05:38.540Z</Time>
                        <Position>
                            <LatitudeDegrees>18.591535568237305</LatitudeDegrees>
                            <LongitudeDegrees>73.7964859008789</LongitudeDegrees>
                        </Position>
                        <AltitudeMeters>495.3433837890625</AltitudeMeters>
                    </Trackpoint>
                    <Trackpoint>
                        <DistanceMeters>233.24937677383423</DistanceMeters>
                        <Time>2021-04-04T16:05:39.547Z</Time>
                        <Position>
                            <LatitudeDegrees>18.591535568237305</LatitudeDegrees>
                            <LongitudeDegrees>73.79650115966797</LongitudeDegrees>
                        </Position>
                        <AltitudeMeters>496.577392578125</AltitudeMeters>
                    </Trackpoint>
                    <Trackpoint>
                        <DistanceMeters>233.24937677383423</DistanceMeters>
                        <Time>2021-04-04T16:05:40.547Z</Time>
                        <Position>
                            <LatitudeDegrees>18.591537475585938</LatitudeDegrees>
                            <LongitudeDegrees>73.79651641845703</LongitudeDegrees>
                        </Position>
                        <AltitudeMeters>496.9060974121094</AltitudeMeters>
                    </Trackpoint>
                    <Trackpoint>
                        <DistanceMeters>233.24937677383423</DistanceMeters>
                        <Time>2021-04-04T16:05:41.548Z</Time>
                        <Position>
                            <LatitudeDegrees>18.591537475585938</LatitudeDegrees>
                            <LongitudeDegrees>73.79653930664062</LongitudeDegrees>
                        </Position>
                        <AltitudeMeters>496.2801208496094</AltitudeMeters>
                    </Trackpoint>
                    <Trackpoint>
                        <DistanceMeters>233.24937677383423</DistanceMeters>
                        <Time>2021-04-04T16:05:42.541Z</Time>
                        <Position>
                            <LatitudeDegrees>18.591537475585938</LatitudeDegrees>
                            <LongitudeDegrees>73.79653930664062</LongitudeDegrees>
                        </Position>
                        <AltitudeMeters>498.69049072265625</AltitudeMeters>
                    </Trackpoint>
                    <Trackpoint>
                        <DistanceMeters>233.24937677383423</DistanceMeters>
                        <Time>2021-04-04T16:05:43.546Z</Time>
                        <Position>
                            <LatitudeDegrees>18.591535568237305</LatitudeDegrees>
                            <LongitudeDegrees>73.79653930664062</LongitudeDegrees>
                        </Position>
                        <AltitudeMeters>497.4189147949219</AltitudeMeters>
                    </Trackpoint>
                    <Trackpoint>
                        <DistanceMeters>233.24937677383423</DistanceMeters>
                        <Time>2021-04-04T16:05:44.544Z</Time>
                        <Position>
                            <LatitudeDegrees>18.591533660888672</LatitudeDegrees>
                            <LongitudeDegrees>73.7965316772461</LongitudeDegrees>
                        </Position>
                        <AltitudeMeters>496.2535705566406</AltitudeMeters>
                    </Trackpoint>
                    <Trackpoint>
                        <DistanceMeters>233.24937677383423</DistanceMeters>
                        <Time>2021-04-04T16:05:45.538Z</Time>
                        <Position>
                            <LatitudeDegrees>18.59153175354004</LatitudeDegrees>
                            <LongitudeDegrees>73.79652404785156</LongitudeDegrees>
                        </Position>
                        <AltitudeMeters>497.0701599121094</AltitudeMeters>
                    </Trackpoint>
                    <Trackpoint>
                        <DistanceMeters>233.24937677383423</DistanceMeters>
                        <Time>2021-04-04T16:05:46.547Z</Time>
                        <Position>
                            <LatitudeDegrees>18.591527938842773</LatitudeDegrees>
                            <LongitudeDegrees>73.79651641845703</LongitudeDegrees>
                        </Position>
                        <AltitudeMeters>496.1658020019531</AltitudeMeters>
                    </Trackpoint>
                    <Trackpoint>
                        <DistanceMeters>233.24937677383423</DistanceMeters>
                        <Time>2021-04-04T16:05:47.535Z</Time>
                        <Position>
                            <LatitudeDegrees>18.59152603149414</LatitudeDegrees>
                            <LongitudeDegrees>73.79650115966797</LongitudeDegrees>
                        </Position>
                        <AltitudeMeters>498.3446350097656</AltitudeMeters>
                    </Trackpoint>
                    <Trackpoint>
                        <DistanceMeters>233.24937677383423</DistanceMeters>
                        <Time>2021-04-04T16:05:48.543Z</Time>
                        <Position>
                            <LatitudeDegrees>18.591527938842773</LatitudeDegrees>
                            <LongitudeDegrees>73.7964859008789</LongitudeDegrees>
                        </Position>
                        <AltitudeMeters>498.6318664550781</AltitudeMeters>
                    </Trackpoint>
                    <Trackpoint>
                        <DistanceMeters>233.24937677383423</DistanceMeters>
                        <Time>2021-04-04T16:05:49.539Z</Time>
                        <Position>
                            <LatitudeDegrees>18.591535568237305</LatitudeDegrees>
                            <LongitudeDegrees>73.79647064208984</LongitudeDegrees>
                        </Position>
                        <AltitudeMeters>499.4625549316406</AltitudeMeters>
                    </Trackpoint>
                    <Trackpoint>
                        <DistanceMeters>233.24937677383423</DistanceMeters>
                        <Time>2021-04-04T16:05:50.537Z</Time>
                        <Position>
                            <LatitudeDegrees>18.591535568237305</LatitudeDegrees>
                            <LongitudeDegrees>73.79649353027344</LongitudeDegrees>
                        </Position>
                        <AltitudeMeters>502.5943603515625</AltitudeMeters>
                    </Trackpoint>
                    <Trackpoint>
                        <DistanceMeters>233.24937677383423</DistanceMeters>
                        <Time>2021-04-04T16:05:51.543Z</Time>
                        <Position>
                            <LatitudeDegrees>18.59153175354004</LatitudeDegrees>
                            <LongitudeDegrees>73.7965087890625</LongitudeDegrees>
                        </Position>
                        <AltitudeMeters>501.2544250488281</AltitudeMeters>
                    </Trackpoint>
                    <Trackpoint>
                        <DistanceMeters>233.24937677383423</DistanceMeters>
                        <Time>2021-04-04T16:05:52.545Z</Time>
                        <Position>
                            <LatitudeDegrees>18.59153175354004</LatitudeDegrees>
                            <LongitudeDegrees>73.79652404785156</LongitudeDegrees>
                        </Position>
                        <AltitudeMeters>503.1290283203125</AltitudeMeters>
                    </Trackpoint>
                    <Trackpoint>
                        <DistanceMeters>233.24937677383423</DistanceMeters>
                        <Time>2021-04-04T16:05:53.549Z</Time>
                        <Position>
                            <LatitudeDegrees>18.59153175354004</LatitudeDegrees>
                            <LongitudeDegrees>73.79653930664062</LongitudeDegrees>
                        </Position>
                        <AltitudeMeters>502.6266784667969</AltitudeMeters>
                    </Trackpoint>
                    <Trackpoint>
                        <DistanceMeters>233.24937677383423</DistanceMeters>
                        <Time>2021-04-04T16:05:54.541Z</Time>
                        <Position>
                            <LatitudeDegrees>18.591533660888672</LatitudeDegrees>
                            <LongitudeDegrees>73.79655456542969</LongitudeDegrees>
                        </Position>
                        <AltitudeMeters>502.24945068359375</AltitudeMeters>
                    </Trackpoint>
                    <Trackpoint>
                        <DistanceMeters>233.24937677383423</DistanceMeters>
                        <Time>2021-04-04T16:05:55.545Z</Time>
                        <Position>
                            <LatitudeDegrees>18.591533660888672</LatitudeDegrees>
                            <LongitudeDegrees>73.79656219482422</LongitudeDegrees>
                        </Position>
                        <AltitudeMeters>500.4549255371094</AltitudeMeters>
                    </Trackpoint>
                    <Trackpoint>
                        <DistanceMeters>233.24937677383423</DistanceMeters>
                        <Time>2021-04-04T16:05:56.549Z</Time>
                        <Position>
                            <LatitudeDegrees>18.591535568237305</LatitudeDegrees>
                            <LongitudeDegrees>73.79656219482422</LongitudeDegrees>
                        </Position>
                        <AltitudeMeters>500.15911865234375</AltitudeMeters>
                    </Trackpoint>
                    <Trackpoint>
                        <DistanceMeters>233.24937677383423</DistanceMeters>
                        <Time>2021-04-04T16:05:57.549Z</Time>
                        <Position>
                            <LatitudeDegrees>18.591537475585938</LatitudeDegrees>
                            <LongitudeDegrees>73.79655456542969</LongitudeDegrees>
                        </Position>
                        <AltitudeMeters>499.6646423339844</AltitudeMeters>
                    </Trackpoint>
                    <Trackpoint>
                        <DistanceMeters>233.24937677383423</DistanceMeters>
                        <Time>2021-04-04T16:05:58.543Z</Time>
                        <Position>
                            <LatitudeDegrees>18.59153938293457</LatitudeDegrees>
                            <LongitudeDegrees>73.79654693603516</LongitudeDegrees>
                        </Position>
                        <AltitudeMeters>501.1527404785156</AltitudeMeters>
                    </Trackpoint>
                    <Trackpoint>
                        <DistanceMeters>233.24937677383423</DistanceMeters>
                        <Time>2021-04-04T16:05:59.546Z</Time>
                        <Position>
                            <LatitudeDegrees>18.59153938293457</LatitudeDegrees>
                            <LongitudeDegrees>73.79653930664062</LongitudeDegrees>
                        </Position>
                        <AltitudeMeters>501.2625427246094</AltitudeMeters>
                    </Trackpoint>
                    <Trackpoint>
                        <DistanceMeters>247.98104429244995</DistanceMeters>
                        <Time>2021-04-04T16:06:00.545Z</Time>
                        <Position>
                            <LatitudeDegrees>18.591537475585938</LatitudeDegrees>
                            <LongitudeDegrees>73.7965316772461</LongitudeDegrees>
                        </Position>
                        <AltitudeMeters>499.4351501464844</AltitudeMeters>
                    </Trackpoint>
                    <Trackpoint>
                        <DistanceMeters>247.98104429244995</DistanceMeters>
                        <Time>2021-04-04T16:06:01.552Z</Time>
                        <Position>
                            <LatitudeDegrees>18.591535568237305</LatitudeDegrees>
                            <LongitudeDegrees>73.79652404785156</LongitudeDegrees>
                        </Position>
                        <AltitudeMeters>498.2425537109375</AltitudeMeters>
                    </Trackpoint>
                    <Trackpoint>
                        <DistanceMeters>247.98104429244995</DistanceMeters>
                        <Time>2021-04-04T16:06:02.545Z</Time>
                        <Position>
                            <LatitudeDegrees>18.59153175354004</LatitudeDegrees>
                            <LongitudeDegrees>73.7965087890625</LongitudeDegrees>
                        </Position>
                        <AltitudeMeters>500.2361755371094</AltitudeMeters>
                    </Trackpoint>
                    <Trackpoint>
                        <DistanceMeters>247.98104429244995</DistanceMeters>
                        <Time>2021-04-04T16:06:03.545Z</Time>
                        <Position>
                            <LatitudeDegrees>18.591533660888672</LatitudeDegrees>
                            <LongitudeDegrees>73.79651641845703</LongitudeDegrees>
                        </Position>
                        <AltitudeMeters>500.9619140625</AltitudeMeters>
                    </Trackpoint>
                    <Trackpoint>
                        <DistanceMeters>247.98104429244995</DistanceMeters>
                        <Time>2021-04-04T16:06:04.542Z</Time>
                        <Position>
                            <LatitudeDegrees>18.591535568237305</LatitudeDegrees>
                            <LongitudeDegrees>73.79651641845703</LongitudeDegrees>
                        </Position>
                        <AltitudeMeters>499.2503356933594</AltitudeMeters>
                    </Trackpoint>
                    <Trackpoint>
                        <DistanceMeters>247.98104429244995</DistanceMeters>
                        <Time>2021-04-04T16:06:05.546Z</Time>
                        <Position>
                            <LatitudeDegrees>18.591535568237305</LatitudeDegrees>
                            <LongitudeDegrees>73.7965316772461</LongitudeDegrees>
                        </Position>
                        <AltitudeMeters>499.92291259765625</AltitudeMeters>
                    </Trackpoint>
                    <Trackpoint>
                        <DistanceMeters>247.98104429244995</DistanceMeters>
                        <Time>2021-04-04T16:06:06.545Z</Time>
                        <Position>
                            <LatitudeDegrees>18.591535568237305</LatitudeDegrees>
                            <LongitudeDegrees>73.7965316772461</LongitudeDegrees>
                        </Position>
                        <AltitudeMeters>499.510009765625</AltitudeMeters>
                    </Trackpoint>
                    <Trackpoint>
                        <DistanceMeters>247.98104429244995</DistanceMeters>
                        <Time>2021-04-04T16:06:07.549Z</Time>
                        <Position>
                            <LatitudeDegrees>18.591533660888672</LatitudeDegrees>
                            <LongitudeDegrees>73.79653930664062</LongitudeDegrees>
                        </Position>
                        <AltitudeMeters>500.12115478515625</AltitudeMeters>
                    </Trackpoint>
                    <Trackpoint>
                        <DistanceMeters>247.98104429244995</DistanceMeters>
                        <Time>2021-04-04T16:06:08.549Z</Time>
                        <Position>
                            <LatitudeDegrees>18.59153175354004</LatitudeDegrees>
                            <LongitudeDegrees>73.79654693603516</LongitudeDegrees>
                        </Position>
                        <AltitudeMeters>498.4914245605469</AltitudeMeters>
                    </Trackpoint>
                    <Trackpoint>
                        <DistanceMeters>247.98104429244995</DistanceMeters>
                        <Time>2021-04-04T16:06:09.549Z</Time>
                        <Position>
                            <LatitudeDegrees>18.591529846191406</LatitudeDegrees>
                            <LongitudeDegrees>73.79654693603516</LongitudeDegrees>
                        </Position>
                        <AltitudeMeters>499.6978454589844</AltitudeMeters>
                    </Trackpoint>
                    <Trackpoint>
                        <DistanceMeters>247.98104429244995</DistanceMeters>
                        <Time>2021-04-04T16:06:10.545Z</Time>
                        <Position>
                            <LatitudeDegrees>18.591527938842773</LatitudeDegrees>
                            <LongitudeDegrees>73.79654693603516</LongitudeDegrees>
                        </Position>
                        <AltitudeMeters>501.3150939941406</AltitudeMeters>
                    </Trackpoint>
                    <Trackpoint>
                        <DistanceMeters>247.98104429244995</DistanceMeters>
                        <Time>2021-04-04T16:06:11.544Z</Time>
                        <Position>
                            <LatitudeDegrees>18.59152603149414</LatitudeDegrees>
                            <LongitudeDegrees>73.79654693603516</LongitudeDegrees>
                        </Position>
                        <AltitudeMeters>501.1338195800781</AltitudeMeters>
                    </Trackpoint>
                    <Trackpoint>
                        <DistanceMeters>247.98104429244995</DistanceMeters>
                        <Time>2021-04-04T16:06:12.540Z</Time>
                        <Position>
                            <LatitudeDegrees>18.591527938842773</LatitudeDegrees>
                            <LongitudeDegrees>73.79654693603516</LongitudeDegrees>
                        </Position>
                        <AltitudeMeters>499.0694274902344</AltitudeMeters>
                    </Trackpoint>
                    <Trackpoint>
                        <DistanceMeters>247.98104429244995</DistanceMeters>
                        <Time>2021-04-04T16:06:13.542Z</Time>
                        <Position>
                            <LatitudeDegrees>18.59152603149414</LatitudeDegrees>
                            <LongitudeDegrees>73.79654693603516</LongitudeDegrees>
                        </Position>
                        <AltitudeMeters>500.1524963378906</AltitudeMeters>
                    </Trackpoint>
                    <Trackpoint>
                        <DistanceMeters>247.98104429244995</DistanceMeters>
                        <Time>2021-04-04T16:06:14.535Z</Time>
                        <Position>
                            <LatitudeDegrees>18.591524124145508</LatitudeDegrees>
                            <LongitudeDegrees>73.79654693603516</LongitudeDegrees>
                        </Position>
                        <AltitudeMeters>501.1917419433594</AltitudeMeters>
                    </Trackpoint>
                    <Trackpoint>
                        <DistanceMeters>247.98104429244995</DistanceMeters>
                        <Time>2021-04-04T16:06:15.543Z</Time>
                        <Position>
                            <LatitudeDegrees>18.591522216796875</LatitudeDegrees>
                            <LongitudeDegrees>73.79653930664062</LongitudeDegrees>
                        </Position>
                        <AltitudeMeters>499.4721984863281</AltitudeMeters>
                    </Trackpoint>
                    <Trackpoint>
                        <DistanceMeters>247.98104429244995</DistanceMeters>
                        <Time>2021-04-04T16:06:16.541Z</Time>
                        <Position>
                            <LatitudeDegrees>18.591522216796875</LatitudeDegrees>
                            <LongitudeDegrees>73.79653930664062</LongitudeDegrees>
                        </Position>
                        <AltitudeMeters>500.38739013671875</AltitudeMeters>
                    </Trackpoint>
                    <Trackpoint>
                        <DistanceMeters>247.98104429244995</DistanceMeters>
                        <Time>2021-04-04T16:06:17.548Z</Time>
                        <Position>
                            <LatitudeDegrees>18.591520309448242</LatitudeDegrees>
                            <LongitudeDegrees>73.7965316772461</LongitudeDegrees>
                        </Position>
                        <AltitudeMeters>499.4403991699219</AltitudeMeters>
                    </Trackpoint>
                    <Trackpoint>
                        <DistanceMeters>247.98104429244995</DistanceMeters>
                        <Time>2021-04-04T16:06:18.541Z</Time>
                        <Position>
                            <LatitudeDegrees>18.59151840209961</LatitudeDegrees>
                            <LongitudeDegrees>73.7965316772461</LongitudeDegrees>
                        </Position>
                        <AltitudeMeters>500.2156982421875</AltitudeMeters>
                    </Trackpoint>
                    <Trackpoint>
                        <DistanceMeters>247.98104429244995</DistanceMeters>
                        <Time>2021-04-04T16:06:19.544Z</Time>
                        <Position>
                            <LatitudeDegrees>18.591514587402344</LatitudeDegrees>
                            <LongitudeDegrees>73.7965316772461</LongitudeDegrees>
                        </Position>
                        <AltitudeMeters>501.8103332519531</AltitudeMeters>
                    </Trackpoint>
                    <Trackpoint>
                        <DistanceMeters>247.98104429244995</DistanceMeters>
                        <Time>2021-04-04T16:06:20.548Z</Time>
                        <Position>
                            <LatitudeDegrees>18.591510772705078</LatitudeDegrees>
                            <LongitudeDegrees>73.7965316772461</LongitudeDegrees>
                        </Position>
                        <AltitudeMeters>500.35235595703125</AltitudeMeters>
                    </Trackpoint>
                    <Trackpoint>
                        <DistanceMeters>247.98104429244995</DistanceMeters>
                        <Time>2021-04-04T16:06:21.547Z</Time>
                        <Position>
                            <LatitudeDegrees>18.591508865356445</LatitudeDegrees>
                            <LongitudeDegrees>73.79653930664062</LongitudeDegrees>
                        </Position>
                        <AltitudeMeters>500.6327819824219</AltitudeMeters>
                    </Trackpoint>
                    <Trackpoint>
                        <DistanceMeters>247.98104429244995</DistanceMeters>
                        <Time>2021-04-04T16:06:22.589Z</Time>
                        <Position>
                            <LatitudeDegrees>18.591508865356445</LatitudeDegrees>
                            <LongitudeDegrees>73.79653930664062</LongitudeDegrees>
                        </Position>
                        <AltitudeMeters>499.99090576171875</AltitudeMeters>
                    </Trackpoint>
                    <Trackpoint>
                        <DistanceMeters>247.98104429244995</DistanceMeters>
                        <Time>2021-04-04T16:06:23.540Z</Time>
                        <Position>
                            <LatitudeDegrees>18.591506958007812</LatitudeDegrees>
                            <LongitudeDegrees>73.79654693603516</LongitudeDegrees>
                        </Position>
                        <AltitudeMeters>499.58502197265625</AltitudeMeters>
                    </Trackpoint>
                    <Trackpoint>
                        <DistanceMeters>247.98104429244995</DistanceMeters>
                        <Time>2021-04-04T16:06:24.544Z</Time>
                        <Position>
                            <LatitudeDegrees>18.591506958007812</LatitudeDegrees>
                            <LongitudeDegrees>73.79654693603516</LongitudeDegrees>
                        </Position>
                        <AltitudeMeters>499.6022644042969</AltitudeMeters>
                    </Trackpoint>
                    <Trackpoint>
                        <DistanceMeters>247.98104429244995</DistanceMeters>
                        <Time>2021-04-04T16:06:25.538Z</Time>
                        <Position>
                            <LatitudeDegrees>18.59150505065918</LatitudeDegrees>
                            <LongitudeDegrees>73.79654693603516</LongitudeDegrees>
                        </Position>
                        <AltitudeMeters>499.78594970703125</AltitudeMeters>
                    </Trackpoint>
                    <Trackpoint>
                        <DistanceMeters>247.98104429244995</DistanceMeters>
                        <Time>2021-04-04T16:06:26.539Z</Time>
                        <Position>
                            <LatitudeDegrees>18.59150505065918</LatitudeDegrees>
                            <LongitudeDegrees>73.79655456542969</LongitudeDegrees>
                        </Position>
                        <AltitudeMeters>499.8576354980469</AltitudeMeters>
                    </Trackpoint>
                    <Trackpoint>
                        <DistanceMeters>247.98104429244995</DistanceMeters>
                        <Time>2021-04-04T16:06:27.537Z</Time>
                        <Position>
                            <LatitudeDegrees>18.591503143310547</LatitudeDegrees>
                            <LongitudeDegrees>73.79655456542969</LongitudeDegrees>
                        </Position>
                        <AltitudeMeters>501.73785400390625</AltitudeMeters>
                    </Trackpoint>
                    <Trackpoint>
                        <DistanceMeters>247.98104429244995</DistanceMeters>
                        <Time>2021-04-04T16:06:28.539Z</Time>
                        <Position>
                            <LatitudeDegrees>18.591503143310547</LatitudeDegrees>
                            <LongitudeDegrees>73.79655456542969</LongitudeDegrees>
                        </Position>
                        <AltitudeMeters>500.96923828125</AltitudeMeters>
                    </Trackpoint>
                    <Trackpoint>
                        <DistanceMeters>247.98104429244995</DistanceMeters>
                        <Time>2021-04-04T16:06:29.545Z</Time>
                        <Position>
                            <LatitudeDegrees>18.591501235961914</LatitudeDegrees>
                            <LongitudeDegrees>73.79655456542969</LongitudeDegrees>
                        </Position>
                        <AltitudeMeters>500.6279296875</AltitudeMeters>
                    </Trackpoint>
                    <Trackpoint>
                        <DistanceMeters>255.22716093063354</DistanceMeters>
                        <Time>2021-04-04T16:06:30.547Z</Time>
                        <Position>
                            <LatitudeDegrees>18.591501235961914</LatitudeDegrees>
                            <LongitudeDegrees>73.79655456542969</LongitudeDegrees>
                        </Position>
                        <AltitudeMeters>502.8774108886719</AltitudeMeters>
                    </Trackpoint>
                    <Trackpoint>
                        <DistanceMeters>255.22716093063354</DistanceMeters>
                        <Time>2021-04-04T16:06:31.549Z</Time>
                        <Position>
                            <LatitudeDegrees>18.591501235961914</LatitudeDegrees>
                            <LongitudeDegrees>73.79655456542969</LongitudeDegrees>
                        </Position>
                        <AltitudeMeters>501.41204833984375</AltitudeMeters>
                    </Trackpoint>
                    <Trackpoint>
                        <DistanceMeters>255.22716093063354</DistanceMeters>
                        <Time>2021-04-04T16:06:32.542Z</Time>
                        <Position>
                            <LatitudeDegrees>18.59149932861328</LatitudeDegrees>
                            <LongitudeDegrees>73.79656219482422</LongitudeDegrees>
                        </Position>
                        <AltitudeMeters>501.1150207519531</AltitudeMeters>
                    </Trackpoint>
                    <Trackpoint>
                        <DistanceMeters>255.22716093063354</DistanceMeters>
                        <Time>2021-04-04T16:06:33.549Z</Time>
                        <Position>
                            <LatitudeDegrees>18.59149932861328</LatitudeDegrees>
                            <LongitudeDegrees>73.79656219482422</LongitudeDegrees>
                        </Position>
                        <AltitudeMeters>502.50286865234375</AltitudeMeters>
                    </Trackpoint>
                    <Trackpoint>
                        <DistanceMeters>255.22716093063354</DistanceMeters>
                        <Time>2021-04-04T16:06:34.583Z</Time>
                        <Position>
                            <LatitudeDegrees>18.59149742126465</LatitudeDegrees>
                            <LongitudeDegrees>73.79656219482422</LongitudeDegrees>
                        </Position>
                        <AltitudeMeters>502.5503234863281</AltitudeMeters>
                    </Trackpoint>
                    <Trackpoint>
                        <DistanceMeters>255.22716093063354</DistanceMeters>
                        <Time>2021-04-04T16:06:35.544Z</Time>
                        <Position>
                            <LatitudeDegrees>18.591495513916016</LatitudeDegrees>
                            <LongitudeDegrees>73.79656982421875</LongitudeDegrees>
                        </Position>
                        <AltitudeMeters>501.9828796386719</AltitudeMeters>
                    </Trackpoint>
                    <Trackpoint>
                        <DistanceMeters>255.22716093063354</DistanceMeters>
                        <Time>2021-04-04T16:06:36.546Z</Time>
                        <Position>
                            <LatitudeDegrees>18.591495513916016</LatitudeDegrees>
                            <LongitudeDegrees>73.79656982421875</LongitudeDegrees>
                        </Position>
                        <AltitudeMeters>501.2843017578125</AltitudeMeters>
                    </Trackpoint>
                    <Trackpoint>
                        <DistanceMeters>255.22716093063354</DistanceMeters>
                        <Time>2021-04-04T16:06:37.547Z</Time>
                        <Position>
                            <LatitudeDegrees>18.591493606567383</LatitudeDegrees>
                            <LongitudeDegrees>73.79656982421875</LongitudeDegrees>
                        </Position>
                        <AltitudeMeters>501.1673278808594</AltitudeMeters>
                    </Trackpoint>
                    <Trackpoint>
                        <DistanceMeters>255.22716093063354</DistanceMeters>
                        <Time>2021-04-04T16:06:38.538Z</Time>
                        <Position>
                            <LatitudeDegrees>18.59149169921875</LatitudeDegrees>
                            <LongitudeDegrees>73.79657745361328</LongitudeDegrees>
                        </Position>
                        <AltitudeMeters>501.8572998046875</AltitudeMeters>
                    </Trackpoint>
                    <Trackpoint>
                        <DistanceMeters>255.22716093063354</DistanceMeters>
                        <Time>2021-04-04T16:06:39.531Z</Time>
                        <Position>
                            <LatitudeDegrees>18.591489791870117</LatitudeDegrees>
                            <LongitudeDegrees>73.79658508300781</LongitudeDegrees>
                        </Position>
                        <AltitudeMeters>502.77447509765625</AltitudeMeters>
                    </Trackpoint>
                    <Trackpoint>
                        <DistanceMeters>255.22716093063354</DistanceMeters>
                        <Time>2021-04-04T16:06:40.529Z</Time>
                        <Position>
                            <LatitudeDegrees>18.591487884521484</LatitudeDegrees>
                            <LongitudeDegrees>73.79658508300781</LongitudeDegrees>
                        </Position>
                        <AltitudeMeters>502.0911560058594</AltitudeMeters>
                    </Trackpoint>
                    <Trackpoint>
                        <DistanceMeters>255.22716093063354</DistanceMeters>
                        <Time>2021-04-04T16:06:41.540Z</Time>
                        <Position>
                            <LatitudeDegrees>18.59148597717285</LatitudeDegrees>
                            <LongitudeDegrees>73.79659271240234</LongitudeDegrees>
                        </Position>
                        <AltitudeMeters>502.3194274902344</AltitudeMeters>
                    </Trackpoint>
                    <Trackpoint>
                        <DistanceMeters>255.22716093063354</DistanceMeters>
                        <Time>2021-04-04T16:06:42.540Z</Time>
                        <Position>
                            <LatitudeDegrees>18.59148406982422</LatitudeDegrees>
                            <LongitudeDegrees>73.79659271240234</LongitudeDegrees>
                        </Position>
                        <AltitudeMeters>505.07623291015625</AltitudeMeters>
                    </Trackpoint>
                    <Trackpoint>
                        <DistanceMeters>255.22716093063354</DistanceMeters>
                        <Time>2021-04-04T16:06:43.543Z</Time>
                        <Position>
                            <LatitudeDegrees>18.59148406982422</LatitudeDegrees>
                            <LongitudeDegrees>73.79660034179688</LongitudeDegrees>
                        </Position>
                        <AltitudeMeters>503.40301513671875</AltitudeMeters>
                    </Trackpoint>
                    <Trackpoint>
                        <DistanceMeters>255.22716093063354</DistanceMeters>
                        <Time>2021-04-04T16:06:44.537Z</Time>
                        <Position>
                            <LatitudeDegrees>18.591482162475586</LatitudeDegrees>
                            <LongitudeDegrees>73.79660034179688</LongitudeDegrees>
                        </Position>
                        <AltitudeMeters>503.1014099121094</AltitudeMeters>
                    </Trackpoint>
                    <Trackpoint>
                        <DistanceMeters>255.22716093063354</DistanceMeters>
                        <Time>2021-04-04T16:06:45.536Z</Time>
                        <Position>
                            <LatitudeDegrees>18.591482162475586</LatitudeDegrees>
                            <LongitudeDegrees>73.79660034179688</LongitudeDegrees>
                        </Position>
                        <AltitudeMeters>503.6558532714844</AltitudeMeters>
                    </Trackpoint>
                    <Trackpoint>
                        <DistanceMeters>255.22716093063354</DistanceMeters>
                        <Time>2021-04-04T16:06:46.536Z</Time>
                        <Position>
                            <LatitudeDegrees>18.591482162475586</LatitudeDegrees>
                            <LongitudeDegrees>73.79660034179688</LongitudeDegrees>
                        </Position>
                        <AltitudeMeters>504.3500061035156</AltitudeMeters>
                    </Trackpoint>
                    <Trackpoint>
                        <DistanceMeters>255.22716093063354</DistanceMeters>
                        <Time>2021-04-04T16:06:47.549Z</Time>
                        <Position>
                            <LatitudeDegrees>18.591480255126953</LatitudeDegrees>
                            <LongitudeDegrees>73.79660034179688</LongitudeDegrees>
                        </Position>
                        <AltitudeMeters>504.15960693359375</AltitudeMeters>
                    </Trackpoint>
                    <Trackpoint>
                        <DistanceMeters>255.22716093063354</DistanceMeters>
                        <Time>2021-04-04T16:06:48.535Z</Time>
                        <Position>
                            <LatitudeDegrees>18.591480255126953</LatitudeDegrees>
                            <LongitudeDegrees>73.7966079711914</LongitudeDegrees>
                        </Position>
                        <AltitudeMeters>504.79541015625</AltitudeMeters>
                    </Trackpoint>
                    <Trackpoint>
                        <DistanceMeters>255.22716093063354</DistanceMeters>
                        <Time>2021-04-04T16:06:49.535Z</Time>
                        <Position>
                            <LatitudeDegrees>18.591480255126953</LatitudeDegrees>
                            <LongitudeDegrees>73.7966079711914</LongitudeDegrees>
                        </Position>
                        <AltitudeMeters>503.5632629394531</AltitudeMeters>
                    </Trackpoint>
                    <Trackpoint>
                        <DistanceMeters>255.22716093063354</DistanceMeters>
                        <Time>2021-04-04T16:06:50.548Z</Time>
                        <Position>
                            <LatitudeDegrees>18.591480255126953</LatitudeDegrees>
                            <LongitudeDegrees>73.7966079711914</LongitudeDegrees>
                        </Position>
                        <AltitudeMeters>505.8140563964844</AltitudeMeters>
                    </Trackpoint>
                    <Trackpoint>
                        <DistanceMeters>255.22716093063354</DistanceMeters>
                        <Time>2021-04-04T16:06:51.533Z</Time>
                        <Position>
                            <LatitudeDegrees>18.59147834777832</LatitudeDegrees>
                            <LongitudeDegrees>73.7966079711914</LongitudeDegrees>
                        </Position>
                        <AltitudeMeters>504.39959716796875</AltitudeMeters>
                    </Trackpoint>
                    <Trackpoint>
                        <DistanceMeters>255.22716093063354</DistanceMeters>
                        <Time>2021-04-04T16:06:52.543Z</Time>
                        <Position>
                            <LatitudeDegrees>18.59147834777832</LatitudeDegrees>
                            <LongitudeDegrees>73.7966079711914</LongitudeDegrees>
                        </Position>
                        <AltitudeMeters>504.5926208496094</AltitudeMeters>
                    </Trackpoint>
                    <Trackpoint>
                        <DistanceMeters>255.22716093063354</DistanceMeters>
                        <Time>2021-04-04T16:06:53.547Z</Time>
                        <Position>
                            <LatitudeDegrees>18.59147834777832</LatitudeDegrees>
                            <LongitudeDegrees>73.7966079711914</LongitudeDegrees>
                        </Position>
                        <AltitudeMeters>505.25457763671875</AltitudeMeters>
                    </Trackpoint>
                    <Trackpoint>
                        <DistanceMeters>255.22716093063354</DistanceMeters>
                        <Time>2021-04-04T16:06:54.547Z</Time>
                        <Position>
                            <LatitudeDegrees>18.59147834777832</LatitudeDegrees>
                            <LongitudeDegrees>73.7966079711914</LongitudeDegrees>
                        </Position>
                        <AltitudeMeters>503.48590087890625</AltitudeMeters>
                    </Trackpoint>
                    <Trackpoint>
                        <DistanceMeters>255.22716093063354</DistanceMeters>
                        <Time>2021-04-04T16:06:55.546Z</Time>
                        <Position>
                            <LatitudeDegrees>18.59147834777832</LatitudeDegrees>
                            <LongitudeDegrees>73.7966079711914</LongitudeDegrees>
                        </Position>
                        <AltitudeMeters>505.12481689453125</AltitudeMeters>
                    </Trackpoint>
                    <Trackpoint>
                        <DistanceMeters>255.22716093063354</DistanceMeters>
                        <Time>2021-04-04T16:06:56.544Z</Time>
                        <Position>
                            <LatitudeDegrees>18.59147834777832</LatitudeDegrees>
                            <LongitudeDegrees>73.7966079711914</LongitudeDegrees>
                        </Position>
                        <AltitudeMeters>506.8564758300781</AltitudeMeters>
                    </Trackpoint>
                    <Trackpoint>
                        <DistanceMeters>255.22716093063354</DistanceMeters>
                        <Time>2021-04-04T16:06:57.544Z</Time>
                        <Position>
                            <LatitudeDegrees>18.59147834777832</LatitudeDegrees>
                            <LongitudeDegrees>73.7966079711914</LongitudeDegrees>
                        </Position>
                        <AltitudeMeters>505.6175842285156</AltitudeMeters>
                    </Trackpoint>
                    <Trackpoint>
                        <DistanceMeters>255.22716093063354</DistanceMeters>
                        <Time>2021-04-04T16:06:58.582Z</Time>
                        <Position>
                            <LatitudeDegrees>18.59147834777832</LatitudeDegrees>
                            <LongitudeDegrees>73.7966079711914</LongitudeDegrees>
                        </Position>
                        <AltitudeMeters>506.90618896484375</AltitudeMeters>
                    </Trackpoint>
                    <Trackpoint>
                        <DistanceMeters>255.22716093063354</DistanceMeters>
                        <Time>2021-04-04T16:06:59.538Z</Time>
                        <Position>
                            <LatitudeDegrees>18.59147834777832</LatitudeDegrees>
                            <LongitudeDegrees>73.7966079711914</LongitudeDegrees>
                        </Position>
                        <AltitudeMeters>505.3121643066406</AltitudeMeters>
                    </Trackpoint>
                    <Trackpoint>
                        <DistanceMeters>258.27374792099</DistanceMeters>
                        <Time>2021-04-04T16:07:00.545Z</Time>
                        <Position>
                            <LatitudeDegrees>18.59147834777832</LatitudeDegrees>
                            <LongitudeDegrees>73.7966079711914</LongitudeDegrees>
                        </Position>
                        <AltitudeMeters>504.42620849609375</AltitudeMeters>
                    </Trackpoint>
                    <Trackpoint>
                        <DistanceMeters>258.27374792099</DistanceMeters>
                        <Time>2021-04-04T16:07:01.547Z</Time>
                        <Position>
                            <LatitudeDegrees>18.59147834777832</LatitudeDegrees>
                            <LongitudeDegrees>73.7966079711914</LongitudeDegrees>
                        </Position>
                        <AltitudeMeters>506.0183410644531</AltitudeMeters>
                    </Trackpoint>
                    <Trackpoint>
                        <DistanceMeters>258.27374792099</DistanceMeters>
                        <Time>2021-04-04T16:07:02.548Z</Time>
                        <Position>
                            <LatitudeDegrees>18.59147834777832</LatitudeDegrees>
                            <LongitudeDegrees>73.7966079711914</LongitudeDegrees>
                        </Position>
                        <AltitudeMeters>506.7153625488281</AltitudeMeters>
                    </Trackpoint>
                    <Trackpoint>
                        <DistanceMeters>258.27374792099</DistanceMeters>
                        <Time>2021-04-04T16:07:03.536Z</Time>
                        <Position>
                            <LatitudeDegrees>18.59147834777832</LatitudeDegrees>
                            <LongitudeDegrees>73.7966079711914</LongitudeDegrees>
                        </Position>
                        <AltitudeMeters>506.162353515625</AltitudeMeters>
                    </Trackpoint>
                    <Trackpoint>
                        <DistanceMeters>258.27374792099</DistanceMeters>
                        <Time>2021-04-04T16:07:04.547Z</Time>
                        <Position>
                            <LatitudeDegrees>18.59147834777832</LatitudeDegrees>
                            <LongitudeDegrees>73.7966079711914</LongitudeDegrees>
                        </Position>
                        <AltitudeMeters>506.1155700683594</AltitudeMeters>
                    </Trackpoint>
                    <Trackpoint>
                        <DistanceMeters>258.27374792099</DistanceMeters>
                        <Time>2021-04-04T16:07:05.546Z</Time>
                        <Position>
                            <LatitudeDegrees>18.59147834777832</LatitudeDegrees>
                            <LongitudeDegrees>73.7966079711914</LongitudeDegrees>
                        </Position>
                        <AltitudeMeters>506.7581787109375</AltitudeMeters>
                    </Trackpoint>
                    <Trackpoint>
                        <DistanceMeters>258.27374792099</DistanceMeters>
                        <Time>2021-04-04T16:07:06.548Z</Time>
                        <Position>
                            <LatitudeDegrees>18.59147834777832</LatitudeDegrees>
                            <LongitudeDegrees>73.7966079711914</LongitudeDegrees>
                        </Position>
                        <AltitudeMeters>506.0799560546875</AltitudeMeters>
                    </Trackpoint>
                    <Trackpoint>
                        <DistanceMeters>258.27374792099</DistanceMeters>
                        <Time>2021-04-04T16:07:07.553Z</Time>
                        <Position>
                            <LatitudeDegrees>18.59147834777832</LatitudeDegrees>
                            <LongitudeDegrees>73.7966079711914</LongitudeDegrees>
                        </Position>
                        <AltitudeMeters>504.4281311035156</AltitudeMeters>
                    </Trackpoint>
                    <Trackpoint>
                        <DistanceMeters>258.27374792099</DistanceMeters>
                        <Time>2021-04-04T16:07:08.542Z</Time>
                        <Position>
                            <LatitudeDegrees>18.591480255126953</LatitudeDegrees>
                            <LongitudeDegrees>73.7966079711914</LongitudeDegrees>
                        </Position>
                        <AltitudeMeters>505.71954345703125</AltitudeMeters>
                    </Trackpoint>
                    <Trackpoint>
                        <DistanceMeters>258.27374792099</DistanceMeters>
                        <Time>2021-04-04T16:07:09.549Z</Time>
                        <Position>
                            <LatitudeDegrees>18.591480255126953</LatitudeDegrees>
                            <LongitudeDegrees>73.7966079711914</LongitudeDegrees>
                        </Position>
                        <AltitudeMeters>506.9874572753906</AltitudeMeters>
                    </Trackpoint>
                    <Trackpoint>
                        <DistanceMeters>258.27374792099</DistanceMeters>
                        <Time>2021-04-04T16:07:10.550Z</Time>
                        <Position>
                            <LatitudeDegrees>18.591480255126953</LatitudeDegrees>
                            <LongitudeDegrees>73.7966079711914</LongitudeDegrees>
                        </Position>
                        <AltitudeMeters>504.0721740722656</AltitudeMeters>
                    </Trackpoint>
                    <Trackpoint>
                        <DistanceMeters>258.27374792099</DistanceMeters>
                        <Time>2021-04-04T16:07:11.543Z</Time>
                        <Position>
                            <LatitudeDegrees>18.591480255126953</LatitudeDegrees>
                            <LongitudeDegrees>73.7966079711914</LongitudeDegrees>
                        </Position>
                        <AltitudeMeters>505.5968017578125</AltitudeMeters>
                    </Trackpoint>
                    <Trackpoint>
                        <DistanceMeters>258.27374792099</DistanceMeters>
                        <Time>2021-04-04T16:07:12.546Z</Time>
                        <Position>
                            <LatitudeDegrees>18.591480255126953</LatitudeDegrees>
                            <LongitudeDegrees>73.7966079711914</LongitudeDegrees>
                        </Position>
                        <AltitudeMeters>504.52545166015625</AltitudeMeters>
                    </Trackpoint>
                    <Trackpoint>
                        <DistanceMeters>258.27374792099</DistanceMeters>
                        <Time>2021-04-04T16:07:13.546Z</Time>
                        <Position>
                            <LatitudeDegrees>18.591480255126953</LatitudeDegrees>
                            <LongitudeDegrees>73.7966079711914</LongitudeDegrees>
                        </Position>
                        <AltitudeMeters>504.0091552734375</AltitudeMeters>
                    </Trackpoint>
                    <Trackpoint>
                        <DistanceMeters>258.27374792099</DistanceMeters>
                        <Time>2021-04-04T16:07:14.552Z</Time>
                        <Position>
                            <LatitudeDegrees>18.591480255126953</LatitudeDegrees>
                            <LongitudeDegrees>73.7966079711914</LongitudeDegrees>
                        </Position>
                        <AltitudeMeters>504.5348815917969</AltitudeMeters>
                    </Trackpoint>
                    <Trackpoint>
                        <DistanceMeters>258.27374792099</DistanceMeters>
                        <Time>2021-04-04T16:07:15.548Z</Time>
                        <Position>
                            <LatitudeDegrees>18.591480255126953</LatitudeDegrees>
                            <LongitudeDegrees>73.7966079711914</LongitudeDegrees>
                        </Position>
                        <AltitudeMeters>505.9611511230469</AltitudeMeters>
                    </Trackpoint>
                    <Trackpoint>
                        <DistanceMeters>258.27374792099</DistanceMeters>
                        <Time>2021-04-04T16:07:16.548Z</Time>
                        <Position>
                            <LatitudeDegrees>18.591480255126953</LatitudeDegrees>
                            <LongitudeDegrees>73.7966079711914</LongitudeDegrees>
                        </Position>
                        <AltitudeMeters>504.1669616699219</AltitudeMeters>
                    </Trackpoint>
                    <Trackpoint>
                        <DistanceMeters>258.27374792099</DistanceMeters>
                        <Time>2021-04-04T16:07:17.549Z</Time>
                        <Position>
                            <LatitudeDegrees>18.591480255126953</LatitudeDegrees>
                            <LongitudeDegrees>73.7966079711914</LongitudeDegrees>
                        </Position>
                        <AltitudeMeters>503.8287658691406</AltitudeMeters>
                    </Trackpoint>
                    <Trackpoint>
                        <DistanceMeters>258.27374792099</DistanceMeters>
                        <Time>2021-04-04T16:07:18.535Z</Time>
                        <Position>
                            <LatitudeDegrees>18.591480255126953</LatitudeDegrees>
                            <LongitudeDegrees>73.7966079711914</LongitudeDegrees>
                        </Position>
                        <AltitudeMeters>505.776123046875</AltitudeMeters>
                    </Trackpoint>
                    <Trackpoint>
                        <DistanceMeters>258.27374792099</DistanceMeters>
                        <Time>2021-04-04T16:07:19.542Z</Time>
                        <Position>
                            <LatitudeDegrees>18.591480255126953</LatitudeDegrees>
                            <LongitudeDegrees>73.7966079711914</LongitudeDegrees>
                        </Position>
                        <AltitudeMeters>505.0201416015625</AltitudeMeters>
                    </Trackpoint>
                    <Trackpoint>
                        <DistanceMeters>258.27374792099</DistanceMeters>
                        <Time>2021-04-04T16:07:20.544Z</Time>
                        <Position>
                            <LatitudeDegrees>18.591480255126953</LatitudeDegrees>
                            <LongitudeDegrees>73.7966079711914</LongitudeDegrees>
                        </Position>
                        <AltitudeMeters>505.43536376953125</AltitudeMeters>
                    </Trackpoint>
                    <Trackpoint>
                        <DistanceMeters>258.27374792099</DistanceMeters>
                        <Time>2021-04-04T16:07:21.546Z</Time>
                        <Position>
                            <LatitudeDegrees>18.591480255126953</LatitudeDegrees>
                            <LongitudeDegrees>73.7966079711914</LongitudeDegrees>
                        </Position>
                        <AltitudeMeters>505.7279052734375</AltitudeMeters>
                    </Trackpoint>
                    <Trackpoint>
                        <DistanceMeters>258.27374792099</DistanceMeters>
                        <Time>2021-04-04T16:07:22.548Z</Time>
                        <Position>
                            <LatitudeDegrees>18.591480255126953</LatitudeDegrees>
                            <LongitudeDegrees>73.7966079711914</LongitudeDegrees>
                        </Position>
                        <AltitudeMeters>504.86474609375</AltitudeMeters>
                    </Trackpoint>
                    <Trackpoint>
                        <DistanceMeters>258.27374792099</DistanceMeters>
                        <Time>2021-04-04T16:07:23.536Z</Time>
                        <Position>
                            <LatitudeDegrees>18.591480255126953</LatitudeDegrees>
                            <LongitudeDegrees>73.7966079711914</LongitudeDegrees>
                        </Position>
                        <AltitudeMeters>504.47760009765625</AltitudeMeters>
                    </Trackpoint>
                    <Trackpoint>
                        <DistanceMeters>258.27374792099</DistanceMeters>
                        <Time>2021-04-04T16:07:24.545Z</Time>
                        <Position>
                            <LatitudeDegrees>18.591480255126953</LatitudeDegrees>
                            <LongitudeDegrees>73.7966079711914</LongitudeDegrees>
                        </Position>
                        <AltitudeMeters>506.1929016113281</AltitudeMeters>
                    </Trackpoint>
                    <Trackpoint>
                        <DistanceMeters>258.27374792099</DistanceMeters>
                        <Time>2021-04-04T16:07:25.544Z</Time>
                        <Position>
                            <LatitudeDegrees>18.591480255126953</LatitudeDegrees>
                            <LongitudeDegrees>73.7966079711914</LongitudeDegrees>
                        </Position>
                        <AltitudeMeters>506.9981689453125</AltitudeMeters>
                    </Trackpoint>
                    <Trackpoint>
                        <DistanceMeters>258.27374792099</DistanceMeters>
                        <Time>2021-04-04T16:07:26.540Z</Time>
                        <Position>
                            <LatitudeDegrees>18.591480255126953</LatitudeDegrees>
                            <LongitudeDegrees>73.7966079711914</LongitudeDegrees>
                        </Position>
                        <AltitudeMeters>506.8411865234375</AltitudeMeters>
                    </Trackpoint>
                    <Trackpoint>
                        <DistanceMeters>258.27374792099</DistanceMeters>
                        <Time>2021-04-04T16:07:27.545Z</Time>
                        <Position>
                            <LatitudeDegrees>18.591476440429688</LatitudeDegrees>
                            <LongitudeDegrees>73.7966079711914</LongitudeDegrees>
                        </Position>
                        <AltitudeMeters>505.1968688964844</AltitudeMeters>
                    </Trackpoint>
                    <Trackpoint>
                        <DistanceMeters>258.27374792099</DistanceMeters>
                        <Time>2021-04-04T16:07:28.549Z</Time>
                        <Position>
                            <LatitudeDegrees>18.591476440429688</LatitudeDegrees>
                            <LongitudeDegrees>73.79659271240234</LongitudeDegrees>
                        </Position>
                        <AltitudeMeters>506.7987976074219</AltitudeMeters>
                    </Trackpoint>
                    <Trackpoint>
                        <DistanceMeters>258.27374792099</DistanceMeters>
                        <Time>2021-04-04T16:07:29.547Z</Time>
                        <Position>
                            <LatitudeDegrees>18.591476440429688</LatitudeDegrees>
                            <LongitudeDegrees>73.79658508300781</LongitudeDegrees>
                        </Position>
                        <AltitudeMeters>506.2200622558594</AltitudeMeters>
                    </Trackpoint>
                    <Trackpoint>
                        <DistanceMeters>279.9378008842468</DistanceMeters>
                        <Time>2021-04-04T16:07:30.550Z</Time>
                        <Position>
                            <LatitudeDegrees>18.59147834777832</LatitudeDegrees>
                            <LongitudeDegrees>73.79657745361328</LongitudeDegrees>
                        </Position>
                        <AltitudeMeters>506.3644714355469</AltitudeMeters>
                    </Trackpoint>
                    <Trackpoint>
                        <DistanceMeters>279.9378008842468</DistanceMeters>
                        <Time>2021-04-04T16:07:31.547Z</Time>
                        <Position>
                            <LatitudeDegrees>18.591480255126953</LatitudeDegrees>
                            <LongitudeDegrees>73.79656982421875</LongitudeDegrees>
                        </Position>
                        <AltitudeMeters>508.33343505859375</AltitudeMeters>
                    </Trackpoint>
                    <Trackpoint>
                        <DistanceMeters>279.9378008842468</DistanceMeters>
                        <Time>2021-04-04T16:07:32.547Z</Time>
                        <Position>
                            <LatitudeDegrees>18.59148406982422</LatitudeDegrees>
                            <LongitudeDegrees>73.79656219482422</LongitudeDegrees>
                        </Position>
                        <AltitudeMeters>508.3656921386719</AltitudeMeters>
                    </Trackpoint>
                    <Trackpoint>
                        <DistanceMeters>279.9378008842468</DistanceMeters>
                        <Time>2021-04-04T16:07:33.545Z</Time>
                        <Position>
                            <LatitudeDegrees>18.591487884521484</LatitudeDegrees>
                            <LongitudeDegrees>73.79655456542969</LongitudeDegrees>
                        </Position>
                        <AltitudeMeters>508.348388671875</AltitudeMeters>
                    </Trackpoint>
                    <Trackpoint>
                        <DistanceMeters>279.9378008842468</DistanceMeters>
                        <Time>2021-04-04T16:07:34.549Z</Time>
                        <Position>
                            <LatitudeDegrees>18.59149169921875</LatitudeDegrees>
                            <LongitudeDegrees>73.79655456542969</LongitudeDegrees>
                        </Position>
                        <AltitudeMeters>507.7799072265625</AltitudeMeters>
                    </Trackpoint>
                    <Trackpoint>
                        <DistanceMeters>279.9378008842468</DistanceMeters>
                        <Time>2021-04-04T16:07:35.546Z</Time>
                        <Position>
                            <LatitudeDegrees>18.591493606567383</LatitudeDegrees>
                            <LongitudeDegrees>73.79655456542969</LongitudeDegrees>
                        </Position>
                        <AltitudeMeters>508.6920166015625</AltitudeMeters>
                    </Trackpoint>
                    <Trackpoint>
                        <DistanceMeters>279.9378008842468</DistanceMeters>
                        <Time>2021-04-04T16:07:36.540Z</Time>
                        <Position>
                            <LatitudeDegrees>18.591493606567383</LatitudeDegrees>
                            <LongitudeDegrees>73.79655456542969</LongitudeDegrees>
                        </Position>
                        <AltitudeMeters>509.7862548828125</AltitudeMeters>
                    </Trackpoint>
                    <Trackpoint>
                        <DistanceMeters>279.9378008842468</DistanceMeters>
                        <Time>2021-04-04T16:07:37.534Z</Time>
                        <Position>
                            <LatitudeDegrees>18.591493606567383</LatitudeDegrees>
                            <LongitudeDegrees>73.79655456542969</LongitudeDegrees>
                        </Position>
                        <AltitudeMeters>508.8319396972656</AltitudeMeters>
                    </Trackpoint>
                    <Trackpoint>
                        <DistanceMeters>279.9378008842468</DistanceMeters>
                        <Time>2021-04-04T16:07:38.542Z</Time>
                        <Position>
                            <LatitudeDegrees>18.59149169921875</LatitudeDegrees>
                            <LongitudeDegrees>73.79656219482422</LongitudeDegrees>
                        </Position>
                        <AltitudeMeters>510.31024169921875</AltitudeMeters>
                    </Trackpoint>
                    <Trackpoint>
                        <DistanceMeters>279.9378008842468</DistanceMeters>
                        <Time>2021-04-04T16:07:39.600Z</Time>
                        <Position>
                            <LatitudeDegrees>18.59149169921875</LatitudeDegrees>
                            <LongitudeDegrees>73.79656219482422</LongitudeDegrees>
                        </Position>
                        <AltitudeMeters>509.698974609375</AltitudeMeters>
                    </Trackpoint>
                    <Trackpoint>
                        <DistanceMeters>279.9378008842468</DistanceMeters>
                        <Time>2021-04-04T16:07:40.537Z</Time>
                        <Position>
                            <LatitudeDegrees>18.591489791870117</LatitudeDegrees>
                            <LongitudeDegrees>73.79656982421875</LongitudeDegrees>
                        </Position>
                        <AltitudeMeters>510.90234375</AltitudeMeters>
                    </Trackpoint>
                    <Trackpoint>
                        <DistanceMeters>279.9378008842468</DistanceMeters>
                        <Time>2021-04-04T16:07:41.545Z</Time>
                        <Position>
                            <LatitudeDegrees>18.591487884521484</LatitudeDegrees>
                            <LongitudeDegrees>73.79657745361328</LongitudeDegrees>
                        </Position>
                        <AltitudeMeters>510.5032958984375</AltitudeMeters>
                    </Trackpoint>
                    <Trackpoint>
                        <DistanceMeters>279.9378008842468</DistanceMeters>
                        <Time>2021-04-04T16:07:42.543Z</Time>
                        <Position>
                            <LatitudeDegrees>18.59148597717285</LatitudeDegrees>
                            <LongitudeDegrees>73.79658508300781</LongitudeDegrees>
                        </Position>
                        <AltitudeMeters>511.27874755859375</AltitudeMeters>
                    </Trackpoint>
                    <Trackpoint>
                        <DistanceMeters>279.9378008842468</DistanceMeters>
                        <Time>2021-04-04T16:07:43.544Z</Time>
                        <Position>
                            <LatitudeDegrees>18.59148597717285</LatitudeDegrees>
                            <LongitudeDegrees>73.79659271240234</LongitudeDegrees>
                        </Position>
                        <AltitudeMeters>508.7912292480469</AltitudeMeters>
                    </Trackpoint>
                    <Trackpoint>
                        <DistanceMeters>279.9378008842468</DistanceMeters>
                        <Time>2021-04-04T16:07:44.532Z</Time>
                        <Position>
                            <LatitudeDegrees>18.59148597717285</LatitudeDegrees>
                            <LongitudeDegrees>73.79659271240234</LongitudeDegrees>
                        </Position>
                        <AltitudeMeters>509.3688049316406</AltitudeMeters>
                    </Trackpoint>
                    <Trackpoint>
                        <DistanceMeters>279.9378008842468</DistanceMeters>
                        <Time>2021-04-04T16:07:45.532Z</Time>
                        <Position>
                            <LatitudeDegrees>18.59148406982422</LatitudeDegrees>
                            <LongitudeDegrees>73.79658508300781</LongitudeDegrees>
                        </Position>
                        <AltitudeMeters>509.35491943359375</AltitudeMeters>
                    </Trackpoint>
                    <Trackpoint>
                        <DistanceMeters>279.9378008842468</DistanceMeters>
                        <Time>2021-04-04T16:07:46.545Z</Time>
                        <Position>
                            <LatitudeDegrees>18.59148406982422</LatitudeDegrees>
                            <LongitudeDegrees>73.79658508300781</LongitudeDegrees>
                        </Position>
                        <AltitudeMeters>507.10894775390625</AltitudeMeters>
                    </Trackpoint>
                    <Trackpoint>
                        <DistanceMeters>279.9378008842468</DistanceMeters>
                        <Time>2021-04-04T16:07:47.543Z</Time>
                        <Position>
                            <LatitudeDegrees>18.591482162475586</LatitudeDegrees>
                            <LongitudeDegrees>73.79659271240234</LongitudeDegrees>
                        </Position>
                        <AltitudeMeters>507.988037109375</AltitudeMeters>
                    </Trackpoint>
                    <Trackpoint>
                        <DistanceMeters>279.9378008842468</DistanceMeters>
                        <Time>2021-04-04T16:07:48.544Z</Time>
                        <Position>
                            <LatitudeDegrees>18.591482162475586</LatitudeDegrees>
                            <LongitudeDegrees>73.79658508300781</LongitudeDegrees>
                        </Position>
                        <AltitudeMeters>508.7913513183594</AltitudeMeters>
                    </Trackpoint>
                    <Trackpoint>
                        <DistanceMeters>279.9378008842468</DistanceMeters>
                        <Time>2021-04-04T16:07:49.546Z</Time>
                        <Position>
                            <LatitudeDegrees>18.59148597717285</LatitudeDegrees>
                            <LongitudeDegrees>73.79658508300781</LongitudeDegrees>
                        </Position>
                        <AltitudeMeters>510.5327453613281</AltitudeMeters>
                    </Trackpoint>
                    <Trackpoint>
                        <DistanceMeters>279.9378008842468</DistanceMeters>
                        <Time>2021-04-04T16:07:50.546Z</Time>
                        <Position>
                            <LatitudeDegrees>18.59149169921875</LatitudeDegrees>
                            <LongitudeDegrees>73.79657745361328</LongitudeDegrees>
                        </Position>
                        <AltitudeMeters>509.1575012207031</AltitudeMeters>
                    </Trackpoint>
                    <Trackpoint>
                        <DistanceMeters>279.9378008842468</DistanceMeters>
                        <Time>2021-04-04T16:07:51.538Z</Time>
                        <Position>
                            <LatitudeDegrees>18.59149932861328</LatitudeDegrees>
                            <LongitudeDegrees>73.79656982421875</LongitudeDegrees>
                        </Position>
                        <AltitudeMeters>508.89910888671875</AltitudeMeters>
                    </Trackpoint>
                    <Trackpoint>
                        <DistanceMeters>279.9378008842468</DistanceMeters>
                        <Time>2021-04-04T16:07:52.532Z</Time>
                        <Position>
                            <LatitudeDegrees>18.59150505065918</LatitudeDegrees>
                            <LongitudeDegrees>73.79656219482422</LongitudeDegrees>
                        </Position>
                        <AltitudeMeters>512.8877563476562</AltitudeMeters>
                    </Trackpoint>
                    <Trackpoint>
                        <DistanceMeters>279.9378008842468</DistanceMeters>
                        <Time>2021-04-04T16:07:53.544Z</Time>
                        <Position>
                            <LatitudeDegrees>18.59151268005371</LatitudeDegrees>
                            <LongitudeDegrees>73.79654693603516</LongitudeDegrees>
                        </Position>
                        <AltitudeMeters>510.7512512207031</AltitudeMeters>
                    </Trackpoint>
                    <Trackpoint>
                        <DistanceMeters>279.9378008842468</DistanceMeters>
                        <Time>2021-04-04T16:07:54.539Z</Time>
                        <Position>
                            <LatitudeDegrees>18.591516494750977</LatitudeDegrees>
                            <LongitudeDegrees>73.79653930664062</LongitudeDegrees>
                        </Position>
                        <AltitudeMeters>512.5023803710938</AltitudeMeters>
                    </Trackpoint>
                    <Trackpoint>
                        <DistanceMeters>279.9378008842468</DistanceMeters>
                        <Time>2021-04-04T16:07:55.543Z</Time>
                        <Position>
                            <LatitudeDegrees>18.591520309448242</LatitudeDegrees>
                            <LongitudeDegrees>73.7965316772461</LongitudeDegrees>
                        </Position>
                        <AltitudeMeters>513.0216064453125</AltitudeMeters>
                    </Trackpoint>
                    <Trackpoint>
                        <DistanceMeters>279.9378008842468</DistanceMeters>
                        <Time>2021-04-04T16:07:56.539Z</Time>
                        <Position>
                            <LatitudeDegrees>18.59152603149414</LatitudeDegrees>
                            <LongitudeDegrees>73.79651641845703</LongitudeDegrees>
                        </Position>
                        <AltitudeMeters>515.0424194335938</AltitudeMeters>
                    </Trackpoint>
                    <Trackpoint>
                        <DistanceMeters>279.9378008842468</DistanceMeters>
                        <Time>2021-04-04T16:07:57.533Z</Time>
                        <Position>
                            <LatitudeDegrees>18.591529846191406</LatitudeDegrees>
                            <LongitudeDegrees>73.7965087890625</LongitudeDegrees>
                        </Position>
                        <AltitudeMeters>512.78955078125</AltitudeMeters>
                    </Trackpoint>
                    <Trackpoint>
                        <DistanceMeters>279.9378008842468</DistanceMeters>
                        <Time>2021-04-04T16:07:58.540Z</Time>
                        <Position>
                            <LatitudeDegrees>18.59153175354004</LatitudeDegrees>
                            <LongitudeDegrees>73.7965087890625</LongitudeDegrees>
                        </Position>
                        <AltitudeMeters>514.9219360351562</AltitudeMeters>
                    </Trackpoint>
                    <Trackpoint>
                        <DistanceMeters>279.9378008842468</DistanceMeters>
                        <Time>2021-04-04T16:07:59.546Z</Time>
                        <Position>
                            <LatitudeDegrees>18.591529846191406</LatitudeDegrees>
                            <LongitudeDegrees>73.79650115966797</LongitudeDegrees>
                        </Position>
                        <AltitudeMeters>514.3230590820312</AltitudeMeters>
                    </Trackpoint>
                    <Trackpoint>
                        <DistanceMeters>309.13834142684937</DistanceMeters>
                        <Time>2021-04-04T16:08:00.551Z</Time>
                        <Position>
                            <LatitudeDegrees>18.59152603149414</LatitudeDegrees>
                            <LongitudeDegrees>73.79649353027344</LongitudeDegrees>
                        </Position>
                        <AltitudeMeters>510.6553039550781</AltitudeMeters>
                    </Trackpoint>
                    <Trackpoint>
                        <DistanceMeters>309.13834142684937</DistanceMeters>
                        <Time>2021-04-04T16:08:01.546Z</Time>
                        <Position>
                            <LatitudeDegrees>18.59151840209961</LatitudeDegrees>
                            <LongitudeDegrees>73.79647827148438</LongitudeDegrees>
                        </Position>
                        <AltitudeMeters>512.5950927734375</AltitudeMeters>
                    </Trackpoint>
                    <Trackpoint>
                        <DistanceMeters>309.13834142684937</DistanceMeters>
                        <Time>2021-04-04T16:08:02.535Z</Time>
                        <Position>
                            <LatitudeDegrees>18.59151268005371</LatitudeDegrees>
                            <LongitudeDegrees>73.79646301269531</LongitudeDegrees>
                        </Position>
                        <AltitudeMeters>510.3876953125</AltitudeMeters>
                    </Trackpoint>
                    <Trackpoint>
                        <DistanceMeters>309.13834142684937</DistanceMeters>
                        <Time>2021-04-04T16:08:03.533Z</Time>
                        <Position>
                            <LatitudeDegrees>18.591508865356445</LatitudeDegrees>
                            <LongitudeDegrees>73.79644775390625</LongitudeDegrees>
                        </Position>
                        <AltitudeMeters>511.9967346191406</AltitudeMeters>
                    </Trackpoint>
                    <Trackpoint>
                        <DistanceMeters>309.13834142684937</DistanceMeters>
                        <Time>2021-04-04T16:08:04.534Z</Time>
                        <Position>
                            <LatitudeDegrees>18.591506958007812</LatitudeDegrees>
                            <LongitudeDegrees>73.79644012451172</LongitudeDegrees>
                        </Position>
                        <AltitudeMeters>511.4065246582031</AltitudeMeters>
                    </Trackpoint>
                    <Trackpoint>
                        <DistanceMeters>309.13834142684937</DistanceMeters>
                        <Time>2021-04-04T16:08:05.539Z</Time>
                        <Position>
                            <LatitudeDegrees>18.591506958007812</LatitudeDegrees>
                            <LongitudeDegrees>73.79644012451172</LongitudeDegrees>
                        </Position>
                        <AltitudeMeters>513.5703735351562</AltitudeMeters>
                    </Trackpoint>
                    <Trackpoint>
                        <DistanceMeters>309.13834142684937</DistanceMeters>
                        <Time>2021-04-04T16:08:06.542Z</Time>
                        <Position>
                            <LatitudeDegrees>18.591508865356445</LatitudeDegrees>
                            <LongitudeDegrees>73.79644775390625</LongitudeDegrees>
                        </Position>
                        <AltitudeMeters>513.3628540039062</AltitudeMeters>
                    </Trackpoint>
                    <Trackpoint>
                        <DistanceMeters>309.13834142684937</DistanceMeters>
                        <Time>2021-04-04T16:08:07.544Z</Time>
                        <Position>
                            <LatitudeDegrees>18.59151268005371</LatitudeDegrees>
                            <LongitudeDegrees>73.79644775390625</LongitudeDegrees>
                        </Position>
                        <AltitudeMeters>512.3444213867188</AltitudeMeters>
                    </Trackpoint>
                    <Trackpoint>
                        <DistanceMeters>309.13834142684937</DistanceMeters>
                        <Time>2021-04-04T16:08:08.546Z</Time>
                        <Position>
                            <LatitudeDegrees>18.591514587402344</LatitudeDegrees>
                            <LongitudeDegrees>73.79644012451172</LongitudeDegrees>
                        </Position>
                        <AltitudeMeters>513.0571899414062</AltitudeMeters>
                    </Trackpoint>
                    <Trackpoint>
                        <DistanceMeters>309.13834142684937</DistanceMeters>
                        <Time>2021-04-04T16:08:09.547Z</Time>
                        <Position>
                            <LatitudeDegrees>18.591514587402344</LatitudeDegrees>
                            <LongitudeDegrees>73.79644012451172</LongitudeDegrees>
                        </Position>
                        <AltitudeMeters>511.24359130859375</AltitudeMeters>
                    </Trackpoint>
                    <Trackpoint>
                        <DistanceMeters>309.13834142684937</DistanceMeters>
                        <Time>2021-04-04T16:08:10.543Z</Time>
                        <Position>
                            <LatitudeDegrees>18.591510772705078</LatitudeDegrees>
                            <LongitudeDegrees>73.79644012451172</LongitudeDegrees>
                        </Position>
                        <AltitudeMeters>510.13623046875</AltitudeMeters>
                    </Trackpoint>
                    <Trackpoint>
                        <DistanceMeters>309.13834142684937</DistanceMeters>
                        <Time>2021-04-04T16:08:11.543Z</Time>
                        <Position>
                            <LatitudeDegrees>18.591510772705078</LatitudeDegrees>
                            <LongitudeDegrees>73.79644012451172</LongitudeDegrees>
                        </Position>
                        <AltitudeMeters>511.14990234375</AltitudeMeters>
                    </Trackpoint>
                    <Trackpoint>
                        <DistanceMeters>309.13834142684937</DistanceMeters>
                        <Time>2021-04-04T16:08:12.534Z</Time>
                        <Position>
                            <LatitudeDegrees>18.591506958007812</LatitudeDegrees>
                            <LongitudeDegrees>73.79644775390625</LongitudeDegrees>
                        </Position>
                        <AltitudeMeters>510.9075012207031</AltitudeMeters>
                    </Trackpoint>
                    <Trackpoint>
                        <DistanceMeters>309.13834142684937</DistanceMeters>
                        <Time>2021-04-04T16:08:13.531Z</Time>
                        <Position>
                            <LatitudeDegrees>18.591503143310547</LatitudeDegrees>
                            <LongitudeDegrees>73.79646301269531</LongitudeDegrees>
                        </Position>
                        <AltitudeMeters>509.8695068359375</AltitudeMeters>
                    </Trackpoint>
                    <Trackpoint>
                        <DistanceMeters>309.13834142684937</DistanceMeters>
                        <Time>2021-04-04T16:08:14.540Z</Time>
                        <Position>
                            <LatitudeDegrees>18.591501235961914</LatitudeDegrees>
                            <LongitudeDegrees>73.79646301269531</LongitudeDegrees>
                        </Position>
                        <AltitudeMeters>511.0408020019531</AltitudeMeters>
                    </Trackpoint>
                    <Trackpoint>
                        <DistanceMeters>309.13834142684937</DistanceMeters>
                        <Time>2021-04-04T16:08:15.542Z</Time>
                        <Position>
                            <LatitudeDegrees>18.591501235961914</LatitudeDegrees>
                            <LongitudeDegrees>73.79647064208984</LongitudeDegrees>
                        </Position>
                        <AltitudeMeters>510.88720703125</AltitudeMeters>
                    </Trackpoint>
                    <Trackpoint>
                        <DistanceMeters>309.13834142684937</DistanceMeters>
                        <Time>2021-04-04T16:08:16.541Z</Time>
                        <Position>
                            <LatitudeDegrees>18.591501235961914</LatitudeDegrees>
                            <LongitudeDegrees>73.79647827148438</LongitudeDegrees>
                        </Position>
                        <AltitudeMeters>512.3624877929688</AltitudeMeters>
                    </Trackpoint>
                    <Trackpoint>
                        <DistanceMeters>309.13834142684937</DistanceMeters>
                        <Time>2021-04-04T16:08:17.536Z</Time>
                        <Position>
                            <LatitudeDegrees>18.591501235961914</LatitudeDegrees>
                            <LongitudeDegrees>73.7964859008789</LongitudeDegrees>
                        </Position>
                        <AltitudeMeters>510.3724365234375</AltitudeMeters>
                    </Trackpoint>
                    <Trackpoint>
                        <DistanceMeters>309.13834142684937</DistanceMeters>
                        <Time>2021-04-04T16:08:18.538Z</Time>
                        <Position>
                            <LatitudeDegrees>18.591501235961914</LatitudeDegrees>
                            <LongitudeDegrees>73.7964859008789</LongitudeDegrees>
                        </Position>
                        <AltitudeMeters>511.71697998046875</AltitudeMeters>
                    </Trackpoint>
                    <Trackpoint>
                        <DistanceMeters>309.13834142684937</DistanceMeters>
                        <Time>2021-04-04T16:08:19.541Z</Time>
                        <Position>
                            <LatitudeDegrees>18.59149932861328</LatitudeDegrees>
                            <LongitudeDegrees>73.79649353027344</LongitudeDegrees>
                        </Position>
                        <AltitudeMeters>510.7221374511719</AltitudeMeters>
                    </Trackpoint>
                    <Trackpoint>
                        <DistanceMeters>309.13834142684937</DistanceMeters>
                        <Time>2021-04-04T16:08:20.537Z</Time>
                        <Position>
                            <LatitudeDegrees>18.59149742126465</LatitudeDegrees>
                            <LongitudeDegrees>73.79649353027344</LongitudeDegrees>
                        </Position>
                        <AltitudeMeters>512.8797607421875</AltitudeMeters>
                    </Trackpoint>
                    <Trackpoint>
                        <DistanceMeters>309.13834142684937</DistanceMeters>
                        <Time>2021-04-04T16:08:21.535Z</Time>
                        <Position>
                            <LatitudeDegrees>18.591495513916016</LatitudeDegrees>
                            <LongitudeDegrees>73.79650115966797</LongitudeDegrees>
                        </Position>
                        <AltitudeMeters>513.734130859375</AltitudeMeters>
                    </Trackpoint>
                    <Trackpoint>
                        <DistanceMeters>309.13834142684937</DistanceMeters>
                        <Time>2021-04-04T16:08:22.544Z</Time>
                        <Position>
                            <LatitudeDegrees>18.59149169921875</LatitudeDegrees>
                            <LongitudeDegrees>73.79650115966797</LongitudeDegrees>
                        </Position>
                        <AltitudeMeters>511.71240234375</AltitudeMeters>
                    </Trackpoint>
                    <Trackpoint>
                        <DistanceMeters>309.13834142684937</DistanceMeters>
                        <Time>2021-04-04T16:08:23.534Z</Time>
                        <Position>
                            <LatitudeDegrees>18.591489791870117</LatitudeDegrees>
                            <LongitudeDegrees>73.7965087890625</LongitudeDegrees>
                        </Position>
                        <AltitudeMeters>511.3452453613281</AltitudeMeters>
                    </Trackpoint>
                    <Trackpoint>
                        <DistanceMeters>309.13834142684937</DistanceMeters>
                        <Time>2021-04-04T16:08:24.545Z</Time>
                        <Position>
                            <LatitudeDegrees>18.59148406982422</LatitudeDegrees>
                            <LongitudeDegrees>73.79651641845703</LongitudeDegrees>
                        </Position>
                        <AltitudeMeters>510.3323974609375</AltitudeMeters>
                    </Trackpoint>
                    <Trackpoint>
                        <DistanceMeters>309.13834142684937</DistanceMeters>
                        <Time>2021-04-04T16:08:25.546Z</Time>
                        <Position>
                            <LatitudeDegrees>18.591476440429688</LatitudeDegrees>
                            <LongitudeDegrees>73.79653930664062</LongitudeDegrees>
                        </Position>
                        <AltitudeMeters>511.3258972167969</AltitudeMeters>
                    </Trackpoint>
                    <Trackpoint>
                        <DistanceMeters>309.13834142684937</DistanceMeters>
                        <Time>2021-04-04T16:08:26.540Z</Time>
                        <Position>
                            <LatitudeDegrees>18.591468811035156</LatitudeDegrees>
                            <LongitudeDegrees>73.79655456542969</LongitudeDegrees>
                        </Position>
                        <AltitudeMeters>513.0901489257812</AltitudeMeters>
                    </Trackpoint>
                    <Trackpoint>
                        <DistanceMeters>309.13834142684937</DistanceMeters>
                        <Time>2021-04-04T16:08:27.540Z</Time>
                        <Position>
                            <LatitudeDegrees>18.591459274291992</LatitudeDegrees>
                            <LongitudeDegrees>73.79657745361328</LongitudeDegrees>
                        </Position>
                        <AltitudeMeters>513.8251953125</AltitudeMeters>
                    </Trackpoint>
                    <Trackpoint>
                        <DistanceMeters>309.13834142684937</DistanceMeters>
                        <Time>2021-04-04T16:08:28.546Z</Time>
                        <Position>
                            <LatitudeDegrees>18.591453552246094</LatitudeDegrees>
                            <LongitudeDegrees>73.79659271240234</LongitudeDegrees>
                        </Position>
                        <AltitudeMeters>514.0791625976562</AltitudeMeters>
                    </Trackpoint>
                    <Trackpoint>
                        <DistanceMeters>309.13834142684937</DistanceMeters>
                        <Time>2021-04-04T16:08:29.537Z</Time>
                        <Position>
                            <LatitudeDegrees>18.591449737548828</LatitudeDegrees>
                            <LongitudeDegrees>73.7966079711914</LongitudeDegrees>
                        </Position>
                        <AltitudeMeters>515.0944213867188</AltitudeMeters>
                    </Trackpoint>
                    <Trackpoint>
                        <DistanceMeters>324.45824098587036</DistanceMeters>
                        <Time>2021-04-04T16:08:30.585Z</Time>
                        <Position>
                            <LatitudeDegrees>18.591447830200195</LatitudeDegrees>
                            <LongitudeDegrees>73.7966079711914</LongitudeDegrees>
                        </Position>
                        <AltitudeMeters>513.7799072265625</AltitudeMeters>
                    </Trackpoint>
                    <Trackpoint>
                        <DistanceMeters>324.45824098587036</DistanceMeters>
                        <Time>2021-04-04T16:08:31.543Z</Time>
                        <Position>
                            <LatitudeDegrees>18.591447830200195</LatitudeDegrees>
                            <LongitudeDegrees>73.79661560058594</LongitudeDegrees>
                        </Position>
                        <AltitudeMeters>516.1669311523438</AltitudeMeters>
                    </Trackpoint>
                    <Trackpoint>
                        <DistanceMeters>324.45824098587036</DistanceMeters>
                        <Time>2021-04-04T16:08:32.548Z</Time>
                        <Position>
                            <LatitudeDegrees>18.591447830200195</LatitudeDegrees>
                            <LongitudeDegrees>73.79661560058594</LongitudeDegrees>
                        </Position>
                        <AltitudeMeters>514.9800415039062</AltitudeMeters>
                    </Trackpoint>
                    <Trackpoint>
                        <DistanceMeters>324.45824098587036</DistanceMeters>
                        <Time>2021-04-04T16:08:33.548Z</Time>
                        <Position>
                            <LatitudeDegrees>18.591447830200195</LatitudeDegrees>
                            <LongitudeDegrees>73.79661560058594</LongitudeDegrees>
                        </Position>
                        <AltitudeMeters>516.5243530273438</AltitudeMeters>
                    </Trackpoint>
                    <Trackpoint>
                        <DistanceMeters>324.45824098587036</DistanceMeters>
                        <Time>2021-04-04T16:08:34.546Z</Time>
                        <Position>
                            <LatitudeDegrees>18.591447830200195</LatitudeDegrees>
                            <LongitudeDegrees>73.7966079711914</LongitudeDegrees>
                        </Position>
                        <AltitudeMeters>516.0115356445312</AltitudeMeters>
                    </Trackpoint>
                    <Trackpoint>
                        <DistanceMeters>324.45824098587036</DistanceMeters>
                        <Time>2021-04-04T16:08:35.545Z</Time>
                        <Position>
                            <LatitudeDegrees>18.591449737548828</LatitudeDegrees>
                            <LongitudeDegrees>73.7966079711914</LongitudeDegrees>
                        </Position>
                        <AltitudeMeters>515.8689575195312</AltitudeMeters>
                    </Trackpoint>
                    <Trackpoint>
                        <DistanceMeters>324.45824098587036</DistanceMeters>
                        <Time>2021-04-04T16:08:36.584Z</Time>
                        <Position>
                            <LatitudeDegrees>18.591449737548828</LatitudeDegrees>
                            <LongitudeDegrees>73.7966079711914</LongitudeDegrees>
                        </Position>
                        <AltitudeMeters>515.7569580078125</AltitudeMeters>
                    </Trackpoint>
                    <Trackpoint>
                        <DistanceMeters>324.45824098587036</DistanceMeters>
                        <Time>2021-04-04T16:08:37.546Z</Time>
                        <Position>
                            <LatitudeDegrees>18.591449737548828</LatitudeDegrees>
                            <LongitudeDegrees>73.7966079711914</LongitudeDegrees>
                        </Position>
                        <AltitudeMeters>516.0061645507812</AltitudeMeters>
                    </Trackpoint>
                    <Trackpoint>
                        <DistanceMeters>324.45824098587036</DistanceMeters>
                        <Time>2021-04-04T16:08:38.545Z</Time>
                        <Position>
                            <LatitudeDegrees>18.591449737548828</LatitudeDegrees>
                            <LongitudeDegrees>73.7966079711914</LongitudeDegrees>
                        </Position>
                        <AltitudeMeters>516.4155883789062</AltitudeMeters>
                    </Trackpoint>
                    <Trackpoint>
                        <DistanceMeters>324.45824098587036</DistanceMeters>
                        <Time>2021-04-04T16:08:39.545Z</Time>
                        <Position>
                            <LatitudeDegrees>18.591449737548828</LatitudeDegrees>
                            <LongitudeDegrees>73.7966079711914</LongitudeDegrees>
                        </Position>
                        <AltitudeMeters>516.2709350585938</AltitudeMeters>
                    </Trackpoint>
                    <Trackpoint>
                        <DistanceMeters>324.45824098587036</DistanceMeters>
                        <Time>2021-04-04T16:08:40.546Z</Time>
                        <Position>
                            <LatitudeDegrees>18.591449737548828</LatitudeDegrees>
                            <LongitudeDegrees>73.7966079711914</LongitudeDegrees>
                        </Position>
                        <AltitudeMeters>516.4097290039062</AltitudeMeters>
                    </Trackpoint>
                    <Trackpoint>
                        <DistanceMeters>324.45824098587036</DistanceMeters>
                        <Time>2021-04-04T16:08:41.550Z</Time>
                        <Position>
                            <LatitudeDegrees>18.591449737548828</LatitudeDegrees>
                            <LongitudeDegrees>73.7966079711914</LongitudeDegrees>
                        </Position>
                        <AltitudeMeters>516.8525390625</AltitudeMeters>
                    </Trackpoint>
                    <Trackpoint>
                        <DistanceMeters>324.45824098587036</DistanceMeters>
                        <Time>2021-04-04T16:08:42.541Z</Time>
                        <Position>
                            <LatitudeDegrees>18.591449737548828</LatitudeDegrees>
                            <LongitudeDegrees>73.7966079711914</LongitudeDegrees>
                        </Position>
                        <AltitudeMeters>517.1027221679688</AltitudeMeters>
                    </Trackpoint>
                    <Trackpoint>
                        <DistanceMeters>324.45824098587036</DistanceMeters>
                        <Time>2021-04-04T16:08:43.548Z</Time>
                        <Position>
                            <LatitudeDegrees>18.591447830200195</LatitudeDegrees>
                            <LongitudeDegrees>73.79661560058594</LongitudeDegrees>
                        </Position>
                        <AltitudeMeters>517.6348266601562</AltitudeMeters>
                    </Trackpoint>
                    <Trackpoint>
                        <DistanceMeters>324.45824098587036</DistanceMeters>
                        <Time>2021-04-04T16:08:44.535Z</Time>
                        <Position>
                            <LatitudeDegrees>18.591449737548828</LatitudeDegrees>
                            <LongitudeDegrees>73.79661560058594</LongitudeDegrees>
                        </Position>
                        <AltitudeMeters>517.45068359375</AltitudeMeters>
                    </Trackpoint>
                    <Trackpoint>
                        <DistanceMeters>324.45824098587036</DistanceMeters>
                        <Time>2021-04-04T16:08:45.545Z</Time>
                        <Position>
                            <LatitudeDegrees>18.591449737548828</LatitudeDegrees>
                            <LongitudeDegrees>73.79661560058594</LongitudeDegrees>
                        </Position>
                        <AltitudeMeters>516.52099609375</AltitudeMeters>
                    </Trackpoint>
                    <Trackpoint>
                        <DistanceMeters>324.45824098587036</DistanceMeters>
                        <Time>2021-04-04T16:08:46.541Z</Time>
                        <Position>
                            <LatitudeDegrees>18.591449737548828</LatitudeDegrees>
                            <LongitudeDegrees>73.79661560058594</LongitudeDegrees>
                        </Position>
                        <AltitudeMeters>516.5633544921875</AltitudeMeters>
                    </Trackpoint>
                    <Trackpoint>
                        <DistanceMeters>324.45824098587036</DistanceMeters>
                        <Time>2021-04-04T16:08:47.559Z</Time>
                        <Position>
                            <LatitudeDegrees>18.591449737548828</LatitudeDegrees>
                            <LongitudeDegrees>73.79661560058594</LongitudeDegrees>
                        </Position>
                        <AltitudeMeters>516.1491088867188</AltitudeMeters>
                    </Trackpoint>
                    <Trackpoint>
                        <DistanceMeters>324.45824098587036</DistanceMeters>
                        <Time>2021-04-04T16:08:48.541Z</Time>
                        <Position>
                            <LatitudeDegrees>18.59144401550293</LatitudeDegrees>
                            <LongitudeDegrees>73.7966079711914</LongitudeDegrees>
                        </Position>
                        <AltitudeMeters>514.2125854492188</AltitudeMeters>
                    </Trackpoint>
                    <Trackpoint>
                        <DistanceMeters>324.45824098587036</DistanceMeters>
                        <Time>2021-04-04T16:08:49.541Z</Time>
                        <Position>
                            <LatitudeDegrees>18.591440200805664</LatitudeDegrees>
                            <LongitudeDegrees>73.7966079711914</LongitudeDegrees>
                        </Position>
                        <AltitudeMeters>515.15576171875</AltitudeMeters>
                    </Trackpoint>
                    <Trackpoint>
                        <DistanceMeters>324.45824098587036</DistanceMeters>
                        <Time>2021-04-04T16:08:50.534Z</Time>
                        <Position>
                            <LatitudeDegrees>18.591434478759766</LatitudeDegrees>
                            <LongitudeDegrees>73.79660034179688</LongitudeDegrees>
                        </Position>
                        <AltitudeMeters>514.8357543945312</AltitudeMeters>
                    </Trackpoint>
                    <Trackpoint>
                        <DistanceMeters>324.45824098587036</DistanceMeters>
                        <Time>2021-04-04T16:08:51.537Z</Time>
                        <Position>
                            <LatitudeDegrees>18.591432571411133</LatitudeDegrees>
                            <LongitudeDegrees>73.79659271240234</LongitudeDegrees>
                        </Position>
                        <AltitudeMeters>515.1989135742188</AltitudeMeters>
                    </Trackpoint>
                    <Trackpoint>
                        <DistanceMeters>324.45824098587036</DistanceMeters>
                        <Time>2021-04-04T16:08:52.546Z</Time>
                        <Position>
                            <LatitudeDegrees>18.591442108154297</LatitudeDegrees>
                            <LongitudeDegrees>73.79658508300781</LongitudeDegrees>
                        </Position>
                        <AltitudeMeters>514.8246459960938</AltitudeMeters>
                    </Trackpoint>
                    <Trackpoint>
                        <DistanceMeters>324.45824098587036</DistanceMeters>
                        <Time>2021-04-04T16:08:53.546Z</Time>
                        <Position>
                            <LatitudeDegrees>18.591449737548828</LatitudeDegrees>
                            <LongitudeDegrees>73.79657745361328</LongitudeDegrees>
                        </Position>
                        <AltitudeMeters>514.0847778320312</AltitudeMeters>
                    </Trackpoint>
                    <Trackpoint>
                        <DistanceMeters>324.45824098587036</DistanceMeters>
                        <Time>2021-04-04T16:08:54.547Z</Time>
                        <Position>
                            <LatitudeDegrees>18.591459274291992</LatitudeDegrees>
                            <LongitudeDegrees>73.79656982421875</LongitudeDegrees>
                        </Position>
                        <AltitudeMeters>514.3510131835938</AltitudeMeters>
                    </Trackpoint>
                    <Trackpoint>
                        <DistanceMeters>324.45824098587036</DistanceMeters>
                        <Time>2021-04-04T16:08:55.547Z</Time>
                        <Position>
                            <LatitudeDegrees>18.591468811035156</LatitudeDegrees>
                            <LongitudeDegrees>73.79655456542969</LongitudeDegrees>
                        </Position>
                        <AltitudeMeters>512.4218139648438</AltitudeMeters>
                    </Trackpoint>
                    <Trackpoint>
                        <DistanceMeters>324.45824098587036</DistanceMeters>
                        <Time>2021-04-04T16:08:56.544Z</Time>
                        <Position>
                            <LatitudeDegrees>18.591474533081055</LatitudeDegrees>
                            <LongitudeDegrees>73.79654693603516</LongitudeDegrees>
                        </Position>
                        <AltitudeMeters>510.9053039550781</AltitudeMeters>
                    </Trackpoint>
                    <Trackpoint>
                        <DistanceMeters>324.45824098587036</DistanceMeters>
                        <Time>2021-04-04T16:08:57.545Z</Time>
                        <Position>
                            <LatitudeDegrees>18.59147834777832</LatitudeDegrees>
                            <LongitudeDegrees>73.79654693603516</LongitudeDegrees>
                        </Position>
                        <AltitudeMeters>511.9367370605469</AltitudeMeters>
                    </Trackpoint>
                    <Trackpoint>
                        <DistanceMeters>324.45824098587036</DistanceMeters>
                        <Time>2021-04-04T16:08:58.542Z</Time>
                        <Position>
                            <LatitudeDegrees>18.591480255126953</LatitudeDegrees>
                            <LongitudeDegrees>73.79653930664062</LongitudeDegrees>
                        </Position>
                        <AltitudeMeters>511.69439697265625</AltitudeMeters>
                    </Trackpoint>
                    <Trackpoint>
                        <DistanceMeters>324.45824098587036</DistanceMeters>
                        <Time>2021-04-04T16:08:59.581Z</Time>
                        <Position>
                            <LatitudeDegrees>18.591476440429688</LatitudeDegrees>
                            <LongitudeDegrees>73.7965316772461</LongitudeDegrees>
                        </Position>
                        <AltitudeMeters>510.7039794921875</AltitudeMeters>
                    </Trackpoint>
                    <Trackpoint>
                        <DistanceMeters>339.10999059677124</DistanceMeters>
                        <Time>2021-04-04T16:09:00.536Z</Time>
                        <Position>
                            <LatitudeDegrees>18.591474533081055</LatitudeDegrees>
                            <LongitudeDegrees>73.7965316772461</LongitudeDegrees>
                        </Position>
                        <AltitudeMeters>511.426025390625</AltitudeMeters>
                    </Trackpoint>
                    <Trackpoint>
                        <DistanceMeters>339.10999059677124</DistanceMeters>
                        <Time>2021-04-04T16:09:01.548Z</Time>
                        <Position>
                            <LatitudeDegrees>18.591474533081055</LatitudeDegrees>
                            <LongitudeDegrees>73.7965316772461</LongitudeDegrees>
                        </Position>
                        <AltitudeMeters>511.0206298828125</AltitudeMeters>
                    </Trackpoint>
                    <Trackpoint>
                        <DistanceMeters>339.10999059677124</DistanceMeters>
                        <Time>2021-04-04T16:09:02.539Z</Time>
                        <Position>
                            <LatitudeDegrees>18.591474533081055</LatitudeDegrees>
                            <LongitudeDegrees>73.7965316772461</LongitudeDegrees>
                        </Position>
                        <AltitudeMeters>508.51629638671875</AltitudeMeters>
                    </Trackpoint>
                    <Trackpoint>
                        <DistanceMeters>339.10999059677124</DistanceMeters>
                        <Time>2021-04-04T16:09:03.547Z</Time>
                        <Position>
                            <LatitudeDegrees>18.591476440429688</LatitudeDegrees>
                            <LongitudeDegrees>73.7965316772461</LongitudeDegrees>
                        </Position>
                        <AltitudeMeters>508.8370056152344</AltitudeMeters>
                    </Trackpoint>
                    <Trackpoint>
                        <DistanceMeters>339.10999059677124</DistanceMeters>
                        <Time>2021-04-04T16:09:04.537Z</Time>
                        <Position>
                            <LatitudeDegrees>18.59147834777832</LatitudeDegrees>
                            <LongitudeDegrees>73.79651641845703</LongitudeDegrees>
                        </Position>
                        <AltitudeMeters>507.9490966796875</AltitudeMeters>
                    </Trackpoint>
                    <Trackpoint>
                        <DistanceMeters>339.10999059677124</DistanceMeters>
                        <Time>2021-04-04T16:09:05.541Z</Time>
                        <Position>
                            <LatitudeDegrees>18.591482162475586</LatitudeDegrees>
                            <LongitudeDegrees>73.7965087890625</LongitudeDegrees>
                        </Position>
                        <AltitudeMeters>508.6693115234375</AltitudeMeters>
                    </Trackpoint>
                    <Trackpoint>
                        <DistanceMeters>339.10999059677124</DistanceMeters>
                        <Time>2021-04-04T16:09:06.544Z</Time>
                        <Position>
                            <LatitudeDegrees>18.59148406982422</LatitudeDegrees>
                            <LongitudeDegrees>73.79649353027344</LongitudeDegrees>
                        </Position>
                        <AltitudeMeters>508.6029968261719</AltitudeMeters>
                    </Trackpoint>
                    <Trackpoint>
                        <DistanceMeters>339.10999059677124</DistanceMeters>
                        <Time>2021-04-04T16:09:07.546Z</Time>
                        <Position>
                            <LatitudeDegrees>18.59148597717285</LatitudeDegrees>
                            <LongitudeDegrees>73.7964859008789</LongitudeDegrees>
                        </Position>
                        <AltitudeMeters>508.42840576171875</AltitudeMeters>
                    </Trackpoint>
                    <Trackpoint>
                        <DistanceMeters>339.10999059677124</DistanceMeters>
                        <Time>2021-04-04T16:09:08.542Z</Time>
                        <Position>
                            <LatitudeDegrees>18.591489791870117</LatitudeDegrees>
                            <LongitudeDegrees>73.79647827148438</LongitudeDegrees>
                        </Position>
                        <AltitudeMeters>508.5820007324219</AltitudeMeters>
                    </Trackpoint>
                    <Trackpoint>
                        <DistanceMeters>339.10999059677124</DistanceMeters>
                        <Time>2021-04-04T16:09:09.548Z</Time>
                        <Position>
                            <LatitudeDegrees>18.59149169921875</LatitudeDegrees>
                            <LongitudeDegrees>73.79647827148438</LongitudeDegrees>
                        </Position>
                        <AltitudeMeters>508.9968566894531</AltitudeMeters>
                    </Trackpoint>
                    <Trackpoint>
                        <DistanceMeters>339.10999059677124</DistanceMeters>
                        <Time>2021-04-04T16:09:10.545Z</Time>
                        <Position>
                            <LatitudeDegrees>18.591493606567383</LatitudeDegrees>
                            <LongitudeDegrees>73.79647827148438</LongitudeDegrees>
                        </Position>
                        <AltitudeMeters>506.956787109375</AltitudeMeters>
                    </Trackpoint>
                    <Trackpoint>
                        <DistanceMeters>339.10999059677124</DistanceMeters>
                        <Time>2021-04-04T16:09:11.548Z</Time>
                        <Position>
                            <LatitudeDegrees>18.591495513916016</LatitudeDegrees>
                            <LongitudeDegrees>73.79647827148438</LongitudeDegrees>
                        </Position>
                        <AltitudeMeters>508.2003173828125</AltitudeMeters>
                    </Trackpoint>
                    <Trackpoint>
                        <DistanceMeters>339.10999059677124</DistanceMeters>
                        <Time>2021-04-04T16:09:12.537Z</Time>
                        <Position>
                            <LatitudeDegrees>18.59149742126465</LatitudeDegrees>
                            <LongitudeDegrees>73.79647827148438</LongitudeDegrees>
                        </Position>
                        <AltitudeMeters>508.02227783203125</AltitudeMeters>
                    </Trackpoint>
                    <Trackpoint>
                        <DistanceMeters>339.10999059677124</DistanceMeters>
                        <Time>2021-04-04T16:09:13.545Z</Time>
                        <Position>
                            <LatitudeDegrees>18.59149742126465</LatitudeDegrees>
                            <LongitudeDegrees>73.79647827148438</LongitudeDegrees>
                        </Position>
                        <AltitudeMeters>507.1539611816406</AltitudeMeters>
                    </Trackpoint>
                    <Trackpoint>
                        <DistanceMeters>339.10999059677124</DistanceMeters>
                        <Time>2021-04-04T16:09:14.543Z</Time>
                        <Position>
                            <LatitudeDegrees>18.59149742126465</LatitudeDegrees>
                            <LongitudeDegrees>73.79647827148438</LongitudeDegrees>
                        </Position>
                        <AltitudeMeters>507.94354248046875</AltitudeMeters>
                    </Trackpoint>
                    <Trackpoint>
                        <DistanceMeters>339.10999059677124</DistanceMeters>
                        <Time>2021-04-04T16:09:15.543Z</Time>
                        <Position>
                            <LatitudeDegrees>18.59149742126465</LatitudeDegrees>
                            <LongitudeDegrees>73.79647827148438</LongitudeDegrees>
                        </Position>
                        <AltitudeMeters>509.10125732421875</AltitudeMeters>
                    </Trackpoint>
                    <Trackpoint>
                        <DistanceMeters>339.10999059677124</DistanceMeters>
                        <Time>2021-04-04T16:09:16.540Z</Time>
                        <Position>
                            <LatitudeDegrees>18.591503143310547</LatitudeDegrees>
                            <LongitudeDegrees>73.7964859008789</LongitudeDegrees>
                        </Position>
                        <AltitudeMeters>508.9408264160156</AltitudeMeters>
                    </Trackpoint>
                    <Trackpoint>
                        <DistanceMeters>339.10999059677124</DistanceMeters>
                        <Time>2021-04-04T16:09:17.547Z</Time>
                        <Position>
                            <LatitudeDegrees>18.591506958007812</LatitudeDegrees>
                            <LongitudeDegrees>73.7964859008789</LongitudeDegrees>
                        </Position>
                        <AltitudeMeters>507.7321472167969</AltitudeMeters>
                    </Trackpoint>
                    <Trackpoint>
                        <DistanceMeters>339.10999059677124</DistanceMeters>
                        <Time>2021-04-04T16:09:18.549Z</Time>
                        <Position>
                            <LatitudeDegrees>18.591510772705078</LatitudeDegrees>
                            <LongitudeDegrees>73.79647827148438</LongitudeDegrees>
                        </Position>
                        <AltitudeMeters>508.3233642578125</AltitudeMeters>
                    </Trackpoint>
                    <Trackpoint>
                        <DistanceMeters>339.10999059677124</DistanceMeters>
                        <Time>2021-04-04T16:09:19.547Z</Time>
                        <Position>
                            <LatitudeDegrees>18.591514587402344</LatitudeDegrees>
                            <LongitudeDegrees>73.79647827148438</LongitudeDegrees>
                        </Position>
                        <AltitudeMeters>507.5589294433594</AltitudeMeters>
                    </Trackpoint>
                    <Trackpoint>
                        <DistanceMeters>339.10999059677124</DistanceMeters>
                        <Time>2021-04-04T16:09:20.546Z</Time>
                        <Position>
                            <LatitudeDegrees>18.591516494750977</LatitudeDegrees>
                            <LongitudeDegrees>73.79647827148438</LongitudeDegrees>
                        </Position>
                        <AltitudeMeters>507.32916259765625</AltitudeMeters>
                    </Trackpoint>
                    <Trackpoint>
                        <DistanceMeters>339.10999059677124</DistanceMeters>
                        <Time>2021-04-04T16:09:21.539Z</Time>
                        <Position>
                            <LatitudeDegrees>18.591514587402344</LatitudeDegrees>
                            <LongitudeDegrees>73.79647827148438</LongitudeDegrees>
                        </Position>
                        <AltitudeMeters>507.7388610839844</AltitudeMeters>
                    </Trackpoint>
                    <Trackpoint>
                        <DistanceMeters>339.10999059677124</DistanceMeters>
                        <Time>2021-04-04T16:09:22.536Z</Time>
                        <Position>
                            <LatitudeDegrees>18.591514587402344</LatitudeDegrees>
                            <LongitudeDegrees>73.79647827148438</LongitudeDegrees>
                        </Position>
                        <AltitudeMeters>506.94195556640625</AltitudeMeters>
                    </Trackpoint>
                    <Trackpoint>
                        <DistanceMeters>339.10999059677124</DistanceMeters>
                        <Time>2021-04-04T16:09:23.544Z</Time>
                        <Position>
                            <LatitudeDegrees>18.591514587402344</LatitudeDegrees>
                            <LongitudeDegrees>73.79647827148438</LongitudeDegrees>
                        </Position>
                        <AltitudeMeters>507.27203369140625</AltitudeMeters>
                    </Trackpoint>
                    <Trackpoint>
                        <DistanceMeters>339.10999059677124</DistanceMeters>
                        <Time>2021-04-04T16:09:24.540Z</Time>
                        <Position>
                            <LatitudeDegrees>18.591516494750977</LatitudeDegrees>
                            <LongitudeDegrees>73.79647064208984</LongitudeDegrees>
                        </Position>
                        <AltitudeMeters>506.8734130859375</AltitudeMeters>
                    </Trackpoint>
                    <Trackpoint>
                        <DistanceMeters>339.10999059677124</DistanceMeters>
                        <Time>2021-04-04T16:09:25.551Z</Time>
                        <Position>
                            <LatitudeDegrees>18.591516494750977</LatitudeDegrees>
                            <LongitudeDegrees>73.79646301269531</LongitudeDegrees>
                        </Position>
                        <AltitudeMeters>506.70367431640625</AltitudeMeters>
                    </Trackpoint>
                    <Trackpoint>
                        <DistanceMeters>339.10999059677124</DistanceMeters>
                        <Time>2021-04-04T16:09:26.532Z</Time>
                        <Position>
                            <LatitudeDegrees>18.591516494750977</LatitudeDegrees>
                            <LongitudeDegrees>73.79645538330078</LongitudeDegrees>
                        </Position>
                        <AltitudeMeters>506.4346618652344</AltitudeMeters>
                    </Trackpoint>
                    <Trackpoint>
                        <DistanceMeters>339.10999059677124</DistanceMeters>
                        <Time>2021-04-04T16:09:27.542Z</Time>
                        <Position>
                            <LatitudeDegrees>18.591516494750977</LatitudeDegrees>
                            <LongitudeDegrees>73.79644775390625</LongitudeDegrees>
                        </Position>
                        <AltitudeMeters>506.17626953125</AltitudeMeters>
                    </Trackpoint>
                    <Trackpoint>
                        <DistanceMeters>339.10999059677124</DistanceMeters>
                        <Time>2021-04-04T16:09:28.541Z</Time>
                        <Position>
                            <LatitudeDegrees>18.591514587402344</LatitudeDegrees>
                            <LongitudeDegrees>73.79644775390625</LongitudeDegrees>
                        </Position>
                        <AltitudeMeters>505.3868103027344</AltitudeMeters>
                    </Trackpoint>
                    <Trackpoint>
                        <DistanceMeters>339.10999059677124</DistanceMeters>
                        <Time>2021-04-04T16:09:29.540Z</Time>
                        <Position>
                            <LatitudeDegrees>18.59151268005371</LatitudeDegrees>
                            <LongitudeDegrees>73.79645538330078</LongitudeDegrees>
                        </Position>
                        <AltitudeMeters>506.0180969238281</AltitudeMeters>
                    </Trackpoint>
                    <Trackpoint>
                        <DistanceMeters>339.32194493710995</DistanceMeters>
                        <Time>2021-04-04T16:09:30.539Z</Time>
                        <Position>
                            <LatitudeDegrees>18.59151268005371</LatitudeDegrees>
                            <LongitudeDegrees>73.79645538330078</LongitudeDegrees>
                        </Position>
                        <AltitudeMeters>505.9377136230469</AltitudeMeters>
                    </Trackpoint>
                    <Trackpoint>
                        <DistanceMeters>339.32194493710995</DistanceMeters>
                        <Time>2021-04-04T16:09:31.544Z</Time>
                        <Position>
                            <LatitudeDegrees>18.591510772705078</LatitudeDegrees>
                            <LongitudeDegrees>73.79645538330078</LongitudeDegrees>
                        </Position>
                        <AltitudeMeters>505.88836669921875</AltitudeMeters>
                    </Trackpoint>
                    <Trackpoint>
                        <DistanceMeters>339.32194493710995</DistanceMeters>
                        <Time>2021-04-04T16:09:32.554Z</Time>
                        <Position>
                            <LatitudeDegrees>18.591510772705078</LatitudeDegrees>
                            <LongitudeDegrees>73.79645538330078</LongitudeDegrees>
                        </Position>
                        <AltitudeMeters>505.412353515625</AltitudeMeters>
                    </Trackpoint>
                    <Trackpoint>
                        <DistanceMeters>339.32194493710995</DistanceMeters>
                        <Time>2021-04-04T16:09:33.538Z</Time>
                        <Position>
                            <LatitudeDegrees>18.591510772705078</LatitudeDegrees>
                            <LongitudeDegrees>73.79645538330078</LongitudeDegrees>
                        </Position>
                        <AltitudeMeters>506.195556640625</AltitudeMeters>
                    </Trackpoint>
                    <Trackpoint>
                        <DistanceMeters>339.32194493710995</DistanceMeters>
                        <Time>2021-04-04T16:09:34.543Z</Time>
                        <Position>
                            <LatitudeDegrees>18.591510772705078</LatitudeDegrees>
                            <LongitudeDegrees>73.79645538330078</LongitudeDegrees>
                        </Position>
                        <AltitudeMeters>506.1421203613281</AltitudeMeters>
                    </Trackpoint>
                    <Trackpoint>
                        <DistanceMeters>339.32194493710995</DistanceMeters>
                        <Time>2021-04-04T16:09:35.544Z</Time>
                        <Position>
                            <LatitudeDegrees>18.591510772705078</LatitudeDegrees>
                            <LongitudeDegrees>73.79645538330078</LongitudeDegrees>
                        </Position>
                        <AltitudeMeters>506.8785705566406</AltitudeMeters>
                    </Trackpoint>
                    <Trackpoint>
                        <DistanceMeters>339.32194493710995</DistanceMeters>
                        <Time>2021-04-04T16:09:36.531Z</Time>
                        <Position>
                            <LatitudeDegrees>18.591510772705078</LatitudeDegrees>
                            <LongitudeDegrees>73.79645538330078</LongitudeDegrees>
                        </Position>
                        <AltitudeMeters>506.80645751953125</AltitudeMeters>
                    </Trackpoint>
                    <Trackpoint>
                        <DistanceMeters>339.32194493710995</DistanceMeters>
                        <Time>2021-04-04T16:11:37.755Z</Time>
                        <Position>
                            <LatitudeDegrees>18.591510772705078</LatitudeDegrees>
                            <LongitudeDegrees>73.79645538330078</LongitudeDegrees>
                        </Position>
                        <AltitudeMeters>506.80645751953125</AltitudeMeters>
                    </Trackpoint>
                    <Trackpoint>
                        <DistanceMeters>339.32194493710995</DistanceMeters>
                        <Time>2021-04-04T16:13:38.219Z</Time>
                        <Position>
                            <LatitudeDegrees>18.591510772705078</LatitudeDegrees>
                            <LongitudeDegrees>73.79645538330078</LongitudeDegrees>
                        </Position>
                        <AltitudeMeters>506.80645751953125</AltitudeMeters>
                    </Trackpoint>
                    <Trackpoint>
                        <DistanceMeters>339.32194493710995</DistanceMeters>
                        <Time>2021-04-04T16:15:39.165Z</Time>
                        <Position>
                            <LatitudeDegrees>18.591510772705078</LatitudeDegrees>
                            <LongitudeDegrees>73.79645538330078</LongitudeDegrees>
                        </Position>
                        <AltitudeMeters>506.80645751953125</AltitudeMeters>
                    </Trackpoint>
                    <Trackpoint>
                        <DistanceMeters>378.546325430274</DistanceMeters>
                        <Time>2021-04-04T16:16:23.392Z</Time>
                    </Trackpoint>
                </Track>
                <DistanceMeters>378.546325430274</DistanceMeters>
                <TotalTimeSeconds>821.030391247</TotalTimeSeconds>
                <Calories>72.98308563232422</Calories>
                <Intensity>Active</Intensity>
                <TriggerMethod>Manual</TriggerMethod>
            </Lap>
        </Activity>
        <Activity Sport="Walking">
            <Id>2021-04-04T16:15:39.165Z</Id>
            <Lap StartTime="2021-04-04T16:15:39.165Z">
                <Track>
                    <Trackpoint>
                        <DistanceMeters>0.0</DistanceMeters>
                        <Time>2021-04-04T16:15:39.165Z</Time>
                    </Trackpoint>
                    <Trackpoint>
                        <DistanceMeters>39.22438049316406</DistanceMeters>
                        <Time>2021-04-04T16:15:39.237Z</Time>
                    </Trackpoint>
                    <Trackpoint>
                        <DistanceMeters>39.22438049316406</DistanceMeters>
                        <Time>2021-04-04T16:16:23.392Z</Time>
                    </Trackpoint>
                </Track>
                <DistanceMeters>39.22438049316406</DistanceMeters>
                <TotalTimeSeconds>44.227391247</TotalTimeSeconds>
                <Calories>4.148153781890869</Calories>
                <Intensity>Active</Intensity>
                <TriggerMethod>Manual</TriggerMethod>
            </Lap>
        </Activity>
    </Activities>
    <Author xsi:type="Application_t">
        <Name>Google Fit</Name>
        <Build>
            <Version>
                <VersionMajor>0</VersionMajor>
                <VersionMinor>0</VersionMinor>
                <BuildMajor>0</BuildMajor>
                <BuildMinor>0</BuildMinor>
            </Version>
        </Build>
        <LangID>en</LangID>
        <PartNumber>000-00000-00</PartNumber>
    </Author>
</TrainingCenterDatabase>
