app,end,start,distance_inKilometers,distance_inMiles
com.fitbit.FitbitMobile,2025-01-21 03:01:00+00:00,2025-01-21 03:00:00+00:00,0.000671,0.00041694110629202037
com.google.android.apps.fitness,2025-01-21 03:01:00+00:00,2025-01-21 03:00:00+00:00,0.0006710000038146973,0.00041694110866236924
com.fitbit.FitbitMobile,2025-01-21 03:02:00+00:00,2025-01-21 03:01:00+00:00,0.002013,0.001250823318876061
com.google.android.apps.fitness,2025-01-21 03:02:00+00:00,2025-01-21 03:01:00+00:00,0.002013000011444092,0.0012508233259871076
com.fitbit.FitbitMobile,2025-01-21 03:13:00+00:00,2025-01-21 03:12:00+00:00,0.001342,0.0008338822125840407
com.google.android.apps.fitness,2025-01-21 03:13:00+00:00,2025-01-21 03:12:00+00:00,0.0013420000076293946,0.0008338822173247385
com.fitbit.FitbitMobile,2025-01-21 03:19:00+00:00,2025-01-21 03:18:00+00:00,0.000671,0.00041694110629202037
com.google.android.apps.fitness,2025-01-21 03:19:00+00:00,2025-01-21 03:18:00+00:00,0.0006710000038146973,0.00041694110866236924
com.fitbit.FitbitMobile,2025-01-21 03:20:00+00:00,2025-01-21 03:19:00+00:00,0.012078,0.007504939913256366
com.google.android.apps.fitness,2025-01-21 03:20:00+00:00,2025-01-21 03:19:00+00:00,0.01207800006866455,0.007504939955922646
com.fitbit.FitbitMobile,2025-01-21 03:21:00+00:00,2025-01-21 03:20:00+00:00,0.036234,0.0225148197397691
com.google.android.apps.fitness,2025-01-21 03:21:00+00:00,2025-01-21 03:20:00+00:00,0.03623400115966797,0.022514820460355158
com.google.android.apps.fitness,2025-01-21 03:21:00+00:00,2025-01-21 03:21:00+00:00,0.02065095329284668,0.01283193936200348
com.fitbit.FitbitMobile,2025-01-21 03:23:00+00:00,2025-01-21 03:22:00+00:00,0.000671,0.00041694110629202037
com.google.android.apps.fitness,2025-01-21 03:23:00+00:00,2025-01-21 03:22:00+00:00,0.0006710000038146973,0.00041694110866236924
com.fitbit.FitbitMobile,2025-01-21 03:24:00+00:00,2025-01-21 03:23:00+00:00,0.012078,0.007504939913256366
com.google.android.apps.fitness,2025-01-21 03:24:00+00:00,2025-01-21 03:23:00+00:00,0.01207800006866455,0.007504939955922646
com.google.android.apps.fitness,2025-01-21 03:24:00+00:00,2025-01-21 03:24:00+00:00,1.2642723741009831e-06,7.855843849658762e-07
com.fitbit.FitbitMobile,2025-01-21 03:25:00+00:00,2025-01-21 03:24:00+00:00,0.004026,0.002501646637752122
com.google.android.apps.fitness,2025-01-21 03:25:00+00:00,2025-01-21 03:24:00+00:00,0.004026000022888184,0.0025016466519742152
com.fitbit.FitbitMobile,2025-01-21 03:26:00+00:00,2025-01-21 03:25:00+00:00,0.004697,0.0029185877440441425
com.google.android.apps.fitness,2025-01-21 03:26:00+00:00,2025-01-21 03:25:00+00:00,0.004697000026702881,0.002918587760636585
com.fitbit.FitbitMobile,2025-01-21 03:27:00+00:00,2025-01-21 03:26:00+00:00,0.010736,0.006671057700672326
com.google.android.apps.fitness,2025-01-21 03:27:00+00:00,2025-01-21 03:26:00+00:00,0.010736000061035157,0.006671057738597908
com.fitbit.FitbitMobile,2025-01-21 03:28:00+00:00,2025-01-21 03:27:00+00:00,0.027511,0.017094585357972834
com.google.android.apps.fitness,2025-01-21 03:28:00+00:00,2025-01-21 03:27:00+00:00,0.02751099967956543,0.01709458515886353
com.fitbit.FitbitMobile,2025-01-21 03:29:00+00:00,2025-01-21 03:28:00+00:00,0.011407,0.007087998806964346
com.google.android.apps.fitness,2025-01-21 03:29:00+00:00,2025-01-21 03:28:00+00:00,0.011406999588012695,0.007087998550966667
com.google.android.apps.fitness,2025-01-21 03:29:00+00:00,2025-01-21 03:29:00+00:00,3.3318184432573614e-07,2.0703011441071258e-07
com.fitbit.FitbitMobile,2025-01-21 03:30:00+00:00,2025-01-21 03:29:00+00:00,0.036905,0.02293176084606112
com.google.android.apps.fitness,2025-01-21 03:30:00+00:00,2025-01-21 03:29:00+00:00,0.03690499877929688,0.022931760087549477
com.google.android.apps.fitness,2025-01-21 03:30:00+00:00,2025-01-21 03:30:00+00:00,3.3318184432573614e-07,2.0703011441071258e-07
com.fitbit.FitbitMobile,2025-01-21 03:31:00+00:00,2025-01-21 03:30:00+00:00,0.01342,0.008338822125840407
com.google.android.apps.fitness,2025-01-21 03:31:00+00:00,2025-01-21 03:30:00+00:00,0.013420000076293945,0.008338822173247384
com.fitbit.FitbitMobile,2025-01-21 03:45:00+00:00,2025-01-21 03:44:00+00:00,0.000671,0.00041694110629202037
com.google.android.apps.fitness,2025-01-21 03:45:00+00:00,2025-01-21 03:44:00+00:00,0.0006710000038146973,0.00041694110866236924
com.fitbit.FitbitMobile,2025-01-21 03:46:00+00:00,2025-01-21 03:45:00+00:00,0.010736,0.006671057700672326
com.google.android.apps.fitness,2025-01-21 03:46:00+00:00,2025-01-21 03:45:00+00:00,0.010736000061035157,0.006671057738597908
com.fitbit.FitbitMobile,2025-01-21 03:50:00+00:00,2025-01-21 03:49:00+00:00,0.000671,0.00041694110629202037
com.google.android.apps.fitness,2025-01-21 03:50:00+00:00,2025-01-21 03:49:00+00:00,0.0006710000038146973,0.00041694110866236924
com.fitbit.FitbitMobile,2025-01-21 03:51:00+00:00,2025-01-21 03:50:00+00:00,0.016775,0.01042352765730051
com.google.android.apps.fitness,2025-01-21 03:51:00+00:00,2025-01-21 03:50:00+00:00,0.016774999618530274,0.010423527420265621
com.google.android.apps.fitness,2025-01-21 03:51:00+00:00,2025-01-21 03:51:00+00:00,2.887575828935951e-07,1.794260895109766e-07
com.fitbit.FitbitMobile,2025-01-21 03:52:00+00:00,2025-01-21 03:51:00+00:00,0.006039,0.003752469956628183
com.google.android.apps.fitness,2025-01-21 03:52:00+00:00,2025-01-21 03:51:00+00:00,0.006039000034332275,0.003752469977961323
com.fitbit.FitbitMobile,2025-01-21 03:53:00+00:00,2025-01-21 03:52:00+00:00,0.000671,0.00041694110629202037
com.google.android.apps.fitness,2025-01-21 03:53:00+00:00,2025-01-21 03:52:00+00:00,0.0006710000038146973,0.00041694110866236924
com.google.android.apps.fitness,2025-01-21 03:53:00+00:00,2025-01-21 03:53:00+00:00,3.423955349717289e-07,2.1275525058205784e-07
com.fitbit.FitbitMobile,2025-01-21 03:54:00+00:00,2025-01-21 03:53:00+00:00,0.030866,0.019179290889432935
com.google.android.apps.fitness,2025-01-21 03:54:00+00:00,2025-01-21 03:53:00+00:00,0.03086599922180176,0.019179290405881764
com.google.android.apps.fitness,2025-01-21 03:54:00+00:00,2025-01-21 03:54:00+00:00,3.423955349717289e-07,2.1275525058205784e-07
com.fitbit.FitbitMobile,2025-01-21 03:55:00+00:00,2025-01-21 03:54:00+00:00,0.07361,0.04573924714479228
com.google.android.apps.fitness,2025-01-21 03:55:00+00:00,2025-01-21 03:54:00+00:00,0.07361000061035156,0.0457392475240481
com.google.android.apps.fitness,2025-01-21 03:55:00+00:00,2025-01-21 03:55:00+00:00,9.298194199800491e-07,5.777644375831392e-07
com.fitbit.FitbitMobile,2025-01-21 03:56:00+00:00,2025-01-21 03:55:00+00:00,0.045628,0.028351995227857384
com.google.android.apps.fitness,2025-01-21 03:56:00+00:00,2025-01-21 03:55:00+00:00,0.04562799835205078,0.02835199420386667
com.google.android.apps.fitness,2025-01-21 03:56:00+00:00,2025-01-21 03:56:00+00:00,7.672859355807304e-07,4.767705615847058e-07
com.fitbit.FitbitMobile,2025-01-21 03:57:00+00:00,2025-01-21 03:56:00+00:00,0.024827,0.015426820932804753
com.google.android.apps.fitness,2025-01-21 03:57:00+00:00,2025-01-21 03:56:00+00:00,0.02482699966430664,0.015426820724214052
com.fitbit.FitbitMobile,2025-01-21 03:58:00+00:00,2025-01-21 03:57:00+00:00,0.010736,0.006671057700672326
com.google.android.apps.fitness,2025-01-21 03:58:00+00:00,2025-01-21 03:57:00+00:00,0.010736000061035157,0.006671057738597908
com.fitbit.FitbitMobile,2025-01-21 03:59:00+00:00,2025-01-21 03:58:00+00:00,0.000671,0.00041694110629202037
com.google.android.apps.fitness,2025-01-21 03:59:00+00:00,2025-01-21 03:58:00+00:00,0.0006710000038146973,0.00041694110866236924
com.fitbit.FitbitMobile,2025-01-21 04:00:00+00:00,2025-01-21 03:59:00+00:00,0.007381,0.004586352169212224
com.google.android.apps.fitness,2025-01-21 04:00:00+00:00,2025-01-21 03:59:00+00:00,0.00738100004196167,0.004586352195286062
com.fitbit.FitbitMobile,2025-01-21 04:08:00+00:00,2025-01-21 04:07:00+00:00,0.001342,0.0008338822125840407
com.google.android.apps.fitness,2025-01-21 04:08:00+00:00,2025-01-21 04:07:00+00:00,0.0013420000076293946,0.0008338822173247385
com.fitbit.FitbitMobile,2025-01-21 04:09:00+00:00,2025-01-21 04:08:00+00:00,0.012078,0.007504939913256366
com.google.android.apps.fitness,2025-01-21 04:09:00+00:00,2025-01-21 04:08:00+00:00,0.01207800006866455,0.007504939955922646
com.fitbit.FitbitMobile,2025-01-21 04:10:00+00:00,2025-01-21 04:09:00+00:00,0.000671,0.00041694110629202037
com.google.android.apps.fitness,2025-01-21 04:10:00+00:00,2025-01-21 04:09:00+00:00,0.0006710000038146973,0.00041694110866236924
com.fitbit.FitbitMobile,2025-01-21 04:11:00+00:00,2025-01-21 04:10:00+00:00,0.014762,0.009172704338424448
com.google.android.apps.fitness,2025-01-21 04:11:00+00:00,2025-01-21 04:10:00+00:00,0.01476200008392334,0.009172704390572124
com.google.android.apps.fitness,2025-01-21 04:11:00+00:00,2025-01-21 04:11:00+00:00,3.3318178611807527e-07,2.0703007824205903e-07
com.fitbit.FitbitMobile,2025-01-21 04:12:00+00:00,2025-01-21 04:11:00+00:00,0.029524,0.018345408676848897
com.google.android.apps.fitness,2025-01-21 04:12:00+00:00,2025-01-21 04:11:00+00:00,0.02952400016784668,0.018345408781144247
com.google.android.apps.fitness,2025-01-21 04:12:00+00:00,2025-01-21 04:12:00+00:00,3.3318178611807527e-07,2.0703007824205903e-07
com.fitbit.FitbitMobile,2025-01-21 04:13:00+00:00,2025-01-21 04:12:00+00:00,0.022814,0.014175997613928692
com.google.android.apps.fitness,2025-01-21 04:13:00+00:00,2025-01-21 04:12:00+00:00,0.02281399917602539,0.014175997101933334
com.fitbit.FitbitMobile,2025-01-21 04:43:00+00:00,2025-01-21 04:42:00+00:00,0.000671,0.00041694110629202037
com.google.android.apps.fitness,2025-01-21 04:43:00+00:00,2025-01-21 04:42:00+00:00,0.0006710000038146973,0.00041694110866236924
com.fitbit.FitbitMobile,2025-01-21 04:44:00+00:00,2025-01-21 04:43:00+00:00,0.022143,0.013759056507636673
com.google.android.apps.fitness,2025-01-21 04:44:00+00:00,2025-01-21 04:43:00+00:00,0.02214299964904785,0.013759056289564574
com.google.android.apps.fitness,2025-01-21 04:44:00+00:00,2025-01-21 04:44:00+00:00,3.3318184432573614e-07,2.0703011441071258e-07
com.fitbit.FitbitMobile,2025-01-21 04:45:00+00:00,2025-01-21 04:44:00+00:00,0.016775,0.01042352765730051
com.google.android.apps.fitness,2025-01-21 04:45:00+00:00,2025-01-21 04:44:00+00:00,0.016774999618530274,0.010423527420265621
com.google.android.apps.fitness,2025-01-21 04:45:00+00:00,2025-01-21 04:45:00+00:00,3.3318184432573614e-07,2.0703011441071258e-07
com.fitbit.FitbitMobile,2025-01-21 04:46:00+00:00,2025-01-21 04:45:00+00:00,0.03355,0.02084705531460102
com.google.android.apps.fitness,2025-01-21 04:46:00+00:00,2025-01-21 04:45:00+00:00,0.03354999923706055,0.020847054840531242
com.google.android.apps.fitness,2025-01-21 04:46:00+00:00,2025-01-21 04:46:00+00:00,1.1651231907308102e-06,7.239757855585583e-07
com.fitbit.FitbitMobile,2025-01-21 04:47:00+00:00,2025-01-21 04:46:00+00:00,0.002013,0.001250823318876061
com.google.android.apps.fitness,2025-01-21 04:47:00+00:00,2025-01-21 04:46:00+00:00,0.002013000011444092,0.0012508233259871076
com.fitbit.FitbitMobile,2025-01-21 04:48:00+00:00,2025-01-21 04:47:00+00:00,0.062352,0.03874383287558875
com.google.android.apps.fitness,2025-01-21 04:48:00+00:00,2025-01-21 04:47:00+00:00,0.062352001190185545,0.038743833615137606
com.google.android.apps.fitness,2025-01-21 04:48:00+00:00,2025-01-21 04:48:00+00:00,9.737122454680502e-07,6.050382426759109e-07
com.fitbit.FitbitMobile,2025-01-21 04:49:00+00:00,2025-01-21 04:48:00+00:00,0.079672,0.049506008674363416
com.google.android.apps.fitness,2025-01-21 04:49:00+00:00,2025-01-21 04:48:00+00:00,0.0796719970703125,0.04950600685393547
com.google.android.apps.fitness,2025-01-21 04:49:00+00:00,2025-01-21 04:49:00+00:00,7.033661822788417e-07,4.3705256954953074e-07
com.fitbit.FitbitMobile,2025-01-21 04:50:00+00:00,2025-01-21 04:49:00+00:00,0.034221,0.02126399642089304
com.google.android.apps.fitness,2025-01-21 04:50:00+00:00,2025-01-21 04:49:00+00:00,0.03422100067138672,0.02126399683807444
com.google.android.apps.fitness,2025-01-21 04:50:00+00:00,2025-01-21 04:50:00+00:00,5.209363298490644e-07,3.2369563289861953e-07
com.fitbit.FitbitMobile,2025-01-21 04:51:00+00:00,2025-01-21 04:50:00+00:00,0.028853,0.017928467570556876
com.google.android.apps.fitness,2025-01-21 04:51:00+00:00,2025-01-21 04:50:00+00:00,0.02885300064086914,0.017928467968775487
com.google.android.apps.fitness,2025-01-21 04:51:00+00:00,2025-01-21 04:51:00+00:00,1.206988119520247e-06,7.499895109301e-07
com.fitbit.FitbitMobile,2025-01-21 04:52:00+00:00,2025-01-21 04:51:00+00:00,0.004697,0.0029185877440441425
com.google.android.apps.fitness,2025-01-21 04:52:00+00:00,2025-01-21 04:51:00+00:00,0.004697000026702881,0.002918587760636585
com.google.android.apps.fitness,2025-01-21 04:52:00+00:00,2025-01-21 04:52:00+00:00,2.5543940137140453e-07,1.5872307987833805e-07
com.fitbit.FitbitMobile,2025-01-21 04:53:00+00:00,2025-01-21 04:52:00+00:00,0.072744,0.045201138354853544
com.google.android.apps.fitness,2025-01-21 04:53:00+00:00,2025-01-21 04:52:00+00:00,0.07274400329589843,0.045201140402834974
com.google.android.apps.fitness,2025-01-21 04:53:00+00:00,2025-01-21 04:53:00+00:00,9.635893511585891e-07,5.987481521360242e-07
com.fitbit.FitbitMobile,2025-01-21 04:54:00+00:00,2025-01-21 04:53:00+00:00,0.076208,0.04735357351460848
com.google.android.apps.fitness,2025-01-21 04:54:00+00:00,2025-01-21 04:53:00+00:00,0.07620800018310547,0.04735357362838522
com.google.android.apps.fitness,2025-01-21 04:54:00+00:00,2025-01-21 04:54:00+00:00,9.811208583414554e-07,6.096417527318376e-07
com.fitbit.FitbitMobile,2025-01-21 04:55:00+00:00,2025-01-21 04:54:00+00:00,0.018117,0.01125740986988455
com.google.android.apps.fitness,2025-01-21 04:55:00+00:00,2025-01-21 04:54:00+00:00,0.018117000579833984,0.011257410230177579
com.google.android.apps.fitness,2025-01-21 04:55:00+00:00,2025-01-21 04:55:00+00:00,3.3318181522190573e-07,2.070300963263858e-07
com.fitbit.FitbitMobile,2025-01-21 04:56:00+00:00,2025-01-21 04:55:00+00:00,0.008722999999999998,0.005420234381796264
com.google.android.apps.fitness,2025-01-21 04:56:00+00:00,2025-01-21 04:55:00+00:00,0.008722999572753905,0.00542023411631719
com.fitbit.FitbitMobile,2025-01-21 04:57:00+00:00,2025-01-21 04:56:00+00:00,0.001342,0.0008338822125840407
com.google.android.apps.fitness,2025-01-21 04:57:00+00:00,2025-01-21 04:56:00+00:00,0.0013420000076293946,0.0008338822173247385
com.fitbit.FitbitMobile,2025-01-21 04:58:00+00:00,2025-01-21 04:57:00+00:00,0.018788,0.01167435097617657
com.google.android.apps.fitness,2025-01-21 04:58:00+00:00,2025-01-21 04:57:00+00:00,0.018788000106811524,0.01167435104254634
com.google.android.apps.fitness,2025-01-21 04:58:00+00:00,2025-01-21 04:58:00+00:00,2.665454521775246e-07,1.6562407706110865e-07
com.fitbit.FitbitMobile,2025-01-21 04:59:00+00:00,2025-01-21 04:58:00+00:00,0.012749,0.007921881019548388
com.google.android.apps.fitness,2025-01-21 04:59:00+00:00,2025-01-21 04:58:00+00:00,0.01274899959564209,0.007921880768291405
com.google.android.apps.fitness,2025-01-21 04:59:00+00:00,2025-01-21 04:59:00+00:00,0.018648710250854492,0.011587800123562761
com.google.android.apps.fitness,2025-01-21 05:00:00+00:00,2025-01-21 04:59:00+00:00,0.006286529541015625,0.003906278064930733
com.google.android.apps.fitness,2025-01-21 05:00:00+00:00,2025-01-21 05:00:00+00:00,0.0011683733463287353,0.0007259953436369788
com.fitbit.FitbitMobile,2025-01-21 05:02:00+00:00,2025-01-21 05:01:00+00:00,0.007381,0.004586352169212224
com.google.android.apps.fitness,2025-01-21 05:02:00+00:00,2025-01-21 05:01:00+00:00,0.00738100004196167,0.004586352195286062
com.google.android.apps.fitness,2025-01-21 05:02:00+00:00,2025-01-21 05:02:00+00:00,3.3318181522190573e-07,2.070300963263858e-07
com.fitbit.FitbitMobile,2025-01-21 05:03:00+00:00,2025-01-21 05:02:00+00:00,0.014091,0.008755763232132428
com.google.android.apps.fitness,2025-01-21 05:03:00+00:00,2025-01-21 05:02:00+00:00,0.014090999603271485,0.008755762985616145
com.google.android.apps.fitness,2025-01-21 05:03:00+00:00,2025-01-21 05:03:00+00:00,8.586202166043222e-07,5.335231937342775e-07
com.fitbit.FitbitMobile,2025-01-21 05:04:00+00:00,2025-01-21 05:03:00+00:00,0.018117,0.01125740986988455
com.google.android.apps.fitness,2025-01-21 05:04:00+00:00,2025-01-21 05:03:00+00:00,0.018117000579833984,0.011257410230177579
com.google.android.apps.fitness,2025-01-21 05:04:00+00:00,2025-01-21 05:04:00+00:00,3.109697136096656e-07,1.932281019608446e-07
com.fitbit.FitbitMobile,2025-01-21 05:05:00+00:00,2025-01-21 05:04:00+00:00,0.032208,0.020013173102016977
com.google.android.apps.fitness,2025-01-21 05:05:00+00:00,2025-01-21 05:04:00+00:00,0.03220800018310547,0.020013173215793722
com.google.android.apps.fitness,2025-01-21 05:05:00+00:00,2025-01-21 05:05:00+00:00,3.9689254481345415e-07,2.4661820672664206e-07
com.fitbit.FitbitMobile,2025-01-21 05:06:00+00:00,2025-01-21 05:05:00+00:00,0.006039,0.003752469956628183
com.google.android.apps.fitness,2025-01-21 05:06:00+00:00,2025-01-21 05:05:00+00:00,0.006039000034332275,0.003752469977961323
com.fitbit.FitbitMobile,2025-01-21 05:07:00+00:00,2025-01-21 05:06:00+00:00,0.017445999999999996,0.010840468763592528
com.google.android.apps.fitness,2025-01-21 05:07:00+00:00,2025-01-21 05:06:00+00:00,0.01744599914550781,0.01084046823263438
com.google.android.apps.fitness,2025-01-21 05:07:00+00:00,2025-01-21 05:07:00+00:00,2.665454521775246e-07,1.6562407706110865e-07
com.fitbit.FitbitMobile,2025-01-21 05:08:00+00:00,2025-01-21 05:07:00+00:00,0.00671,0.004169411062920203
com.google.android.apps.fitness,2025-01-21 05:08:00+00:00,2025-01-21 05:07:00+00:00,0.006710000038146972,0.004169411086623692
com.fitbit.FitbitMobile,2025-01-21 05:09:00+00:00,2025-01-21 05:08:00+00:00,0.006039,0.003752469956628183
com.google.android.apps.fitness,2025-01-21 05:09:00+00:00,2025-01-21 05:08:00+00:00,0.006039000034332275,0.003752469977961323
com.fitbit.FitbitMobile,2025-01-21 05:10:00+00:00,2025-01-21 05:09:00+00:00,0.022143,0.013759056507636673
com.google.android.apps.fitness,2025-01-21 05:10:00+00:00,2025-01-21 05:09:00+00:00,0.02214299964904785,0.013759056289564574
com.fitbit.FitbitMobile,2025-01-21 05:11:00+00:00,2025-01-21 05:10:00+00:00,0.015433,0.009589645444716468
com.google.android.apps.fitness,2025-01-21 05:11:00+00:00,2025-01-21 05:10:00+00:00,0.01543299961090088,0.009589645202940882
com.fitbit.FitbitMobile,2025-01-21 05:12:00+00:00,2025-01-21 05:11:00+00:00,0.012078,0.007504939913256366
com.google.android.apps.fitness,2025-01-21 05:12:00+00:00,2025-01-21 05:11:00+00:00,0.01207800006866455,0.007504939955922646
com.fitbit.FitbitMobile,2025-01-21 05:13:00+00:00,2025-01-21 05:12:00+00:00,0.018117,0.01125740986988455
com.google.android.apps.fitness,2025-01-21 05:13:00+00:00,2025-01-21 05:12:00+00:00,0.018117000579833984,0.011257410230177579
com.fitbit.FitbitMobile,2025-01-21 05:14:00+00:00,2025-01-21 05:13:00+00:00,0.02684,0.016677644251680813
com.google.android.apps.fitness,2025-01-21 05:14:00+00:00,2025-01-21 05:13:00+00:00,0.02684000015258789,0.01667764434649477
com.google.android.apps.fitness,2025-01-21 05:14:00+00:00,2025-01-21 05:14:00+00:00,0.01760127830505371,0.010936954468946098
com.fitbit.FitbitMobile,2025-01-21 06:07:00+00:00,2025-01-21 06:06:00+00:00,0.000671,0.00041694110629202037
com.google.android.apps.fitness,2025-01-21 06:07:00+00:00,2025-01-21 06:06:00+00:00,0.0006710000038146973,0.00041694110866236924
com.fitbit.FitbitMobile,2025-01-21 06:08:00+00:00,2025-01-21 06:07:00+00:00,0.008052,0.005003293275504244
com.google.android.apps.fitness,2025-01-21 06:08:00+00:00,2025-01-21 06:07:00+00:00,0.008052000045776367,0.0050032933039484305
com.fitbit.FitbitMobile,2025-01-21 06:13:00+00:00,2025-01-21 06:12:00+00:00,0.000671,0.00041694110629202037
com.google.android.apps.fitness,2025-01-21 06:13:00+00:00,2025-01-21 06:12:00+00:00,0.0006710000038146973,0.00041694110866236924
com.fitbit.FitbitMobile,2025-01-21 06:14:00+00:00,2025-01-21 06:13:00+00:00,0.007381,0.004586352169212224
com.google.android.apps.fitness,2025-01-21 06:14:00+00:00,2025-01-21 06:13:00+00:00,0.00738100004196167,0.004586352195286062
com.fitbit.FitbitMobile,2025-01-21 06:15:00+00:00,2025-01-21 06:14:00+00:00,0.004026,0.002501646637752122
com.google.android.apps.fitness,2025-01-21 06:15:00+00:00,2025-01-21 06:14:00+00:00,0.004026000022888184,0.0025016466519742152
com.google.android.apps.fitness,2025-01-21 06:15:00+00:00,2025-01-21 06:15:00+00:00,4.4758195872418585e-07,2.781152265675282e-07
com.fitbit.FitbitMobile,2025-01-21 06:16:00+00:00,2025-01-21 06:15:00+00:00,0.08227,0.0511203350441796
com.google.android.apps.fitness,2025-01-21 06:16:00+00:00,2025-01-21 06:15:00+00:00,0.0822699966430664,0.05112033295827259
com.google.android.apps.fitness,2025-01-21 06:16:00+00:00,2025-01-21 06:16:00+00:00,4.4758195872418585e-07,2.781152265675282e-07
com.fitbit.FitbitMobile,2025-01-21 06:17:00+00:00,2025-01-21 06:16:00+00:00,0.068414,0.042510594405159884
com.google.android.apps.fitness,2025-01-21 06:17:00+00:00,2025-01-21 06:16:00+00:00,0.06841400146484375,0.04251059531537385
com.google.android.apps.fitness,2025-01-21 06:17:00+00:00,2025-01-21 06:17:00+00:00,9.878712007775903e-07,6.13836231484702e-07
com.fitbit.FitbitMobile,2025-01-21 06:18:00+00:00,2025-01-21 06:17:00+00:00,0.07794,0.04842979109448594
com.google.android.apps.fitness,2025-01-21 06:18:00+00:00,2025-01-21 06:17:00+00:00,0.07794000244140625,0.048429792611509224
com.google.android.apps.fitness,2025-01-21 06:18:00+00:00,2025-01-21 06:18:00+00:00,9.878712007775903e-07,6.13836231484702e-07
com.fitbit.FitbitMobile,2025-01-21 06:19:00+00:00,2025-01-21 06:18:00+00:00,0.014762,0.009172704338424448
com.google.android.apps.fitness,2025-01-21 06:19:00+00:00,2025-01-21 06:18:00+00:00,0.01476200008392334,0.009172704390572124
com.google.android.apps.fitness,2025-01-21 06:19:00+00:00,2025-01-21 06:19:00+00:00,4.0149295818991957e-07,2.4947677817609677e-07
com.fitbit.FitbitMobile,2025-01-21 06:20:00+00:00,2025-01-21 06:19:00+00:00,0.014762,0.009172704338424448
com.google.android.apps.fitness,2025-01-21 06:20:00+00:00,2025-01-21 06:19:00+00:00,0.01476200008392334,0.009172704390572124
com.fitbit.FitbitMobile,2025-01-21 06:21:00+00:00,2025-01-21 06:20:00+00:00,0.018788,0.01167435097617657
com.google.android.apps.fitness,2025-01-21 06:21:00+00:00,2025-01-21 06:20:00+00:00,0.018788000106811524,0.01167435104254634
com.fitbit.FitbitMobile,2025-01-21 06:22:00+00:00,2025-01-21 06:21:00+00:00,0.034221,0.02126399642089304
com.google.android.apps.fitness,2025-01-21 06:22:00+00:00,2025-01-21 06:21:00+00:00,0.03422100067138672,0.02126399683807444
com.fitbit.FitbitMobile,2025-01-21 06:23:00+00:00,2025-01-21 06:22:00+00:00,0.016775,0.01042352765730051
com.google.android.apps.fitness,2025-01-21 06:23:00+00:00,2025-01-21 06:22:00+00:00,0.016774999618530274,0.010423527420265621
com.fitbit.FitbitMobile,2025-01-21 06:24:00+00:00,2025-01-21 06:23:00+00:00,0.010736,0.006671057700672326
com.google.android.apps.fitness,2025-01-21 06:24:00+00:00,2025-01-21 06:23:00+00:00,0.010736000061035157,0.006671057738597908
com.fitbit.FitbitMobile,2025-01-21 06:26:00+00:00,2025-01-21 06:25:00+00:00,0.001342,0.0008338822125840407
com.google.android.apps.fitness,2025-01-21 06:26:00+00:00,2025-01-21 06:25:00+00:00,0.0013420000076293946,0.0008338822173247385
com.fitbit.FitbitMobile,2025-01-21 06:27:00+00:00,2025-01-21 06:26:00+00:00,0.010065,0.006254116594380305
com.google.android.apps.fitness,2025-01-21 06:27:00+00:00,2025-01-21 06:26:00+00:00,0.0100649995803833,0.006254116333641929
com.fitbit.FitbitMobile,2025-01-21 06:28:00+00:00,2025-01-21 06:27:00+00:00,0.014091,0.008755763232132428
com.google.android.apps.fitness,2025-01-21 06:28:00+00:00,2025-01-21 06:27:00+00:00,0.014090999603271485,0.008755762985616145
com.fitbit.FitbitMobile,2025-01-21 06:29:00+00:00,2025-01-21 06:28:00+00:00,0.008722999999999998,0.005420234381796264
com.google.android.apps.fitness,2025-01-21 06:29:00+00:00,2025-01-21 06:28:00+00:00,0.008722999572753905,0.00542023411631719
com.fitbit.FitbitMobile,2025-01-21 06:30:00+00:00,2025-01-21 06:29:00+00:00,0.004026,0.002501646637752122
com.google.android.apps.fitness,2025-01-21 06:30:00+00:00,2025-01-21 06:29:00+00:00,0.004026000022888184,0.0025016466519742152
com.fitbit.FitbitMobile,2025-01-21 06:31:00+00:00,2025-01-21 06:30:00+00:00,0.009394,0.005837175488088285
com.google.android.apps.fitness,2025-01-21 06:31:00+00:00,2025-01-21 06:30:00+00:00,0.009394000053405762,0.00583717552127317
com.fitbit.FitbitMobile,2025-01-21 06:32:00+00:00,2025-01-21 06:31:00+00:00,0.018788,0.01167435097617657
com.google.android.apps.fitness,2025-01-21 06:32:00+00:00,2025-01-21 06:31:00+00:00,0.018788000106811524,0.01167435104254634
com.fitbit.FitbitMobile,2025-01-21 06:33:00+00:00,2025-01-21 06:32:00+00:00,0.010065,0.006254116594380305
com.google.android.apps.fitness,2025-01-21 06:33:00+00:00,2025-01-21 06:32:00+00:00,0.0100649995803833,0.006254116333641929
com.fitbit.FitbitMobile,2025-01-21 06:34:00+00:00,2025-01-21 06:33:00+00:00,0.03355,0.02084705531460102
com.google.android.apps.fitness,2025-01-21 06:34:00+00:00,2025-01-21 06:33:00+00:00,0.03354999923706055,0.020847054840531242
com.fitbit.FitbitMobile,2025-01-21 06:35:00+00:00,2025-01-21 06:34:00+00:00,0.036234,0.0225148197397691
com.google.android.apps.fitness,2025-01-21 06:35:00+00:00,2025-01-21 06:34:00+00:00,0.03623400115966797,0.022514820460355158
com.fitbit.FitbitMobile,2025-01-21 06:36:00+00:00,2025-01-21 06:35:00+00:00,0.030866,0.019179290889432935
com.google.android.apps.fitness,2025-01-21 06:36:00+00:00,2025-01-21 06:35:00+00:00,0.03086599922180176,0.019179290405881764
com.fitbit.FitbitMobile,2025-01-21 06:37:00+00:00,2025-01-21 06:36:00+00:00,0.016775,0.01042352765730051
com.google.android.apps.fitness,2025-01-21 06:37:00+00:00,2025-01-21 06:36:00+00:00,0.016774999618530274,0.010423527420265621
com.fitbit.FitbitMobile,2025-01-21 06:38:00+00:00,2025-01-21 06:37:00+00:00,0.00671,0.004169411062920203
com.google.android.apps.fitness,2025-01-21 06:38:00+00:00,2025-01-21 06:37:00+00:00,0.006710000038146972,0.004169411086623692
com.google.android.apps.fitness,2025-01-21 06:38:00+00:00,2025-01-21 06:38:00+00:00,2.9986363369971516e-07,1.8632708669374721e-07
com.fitbit.FitbitMobile,2025-01-21 06:39:00+00:00,2025-01-21 06:38:00+00:00,0.010065,0.006254116594380305
com.google.android.apps.fitness,2025-01-21 06:39:00+00:00,2025-01-21 06:38:00+00:00,0.0100649995803833,0.006254116333641929
com.fitbit.FitbitMobile,2025-01-21 06:42:00+00:00,2025-01-21 06:41:00+00:00,0.001342,0.0008338822125840407
com.google.android.apps.fitness,2025-01-21 06:42:00+00:00,2025-01-21 06:41:00+00:00,0.0013420000076293946,0.0008338822173247385
com.fitbit.FitbitMobile,2025-01-21 06:43:00+00:00,2025-01-21 06:42:00+00:00,0.002013,0.001250823318876061
com.google.android.apps.fitness,2025-01-21 06:43:00+00:00,2025-01-21 06:42:00+00:00,0.002013000011444092,0.0012508233259871076
com.fitbit.FitbitMobile,2025-01-21 06:48:00+00:00,2025-01-21 06:47:00+00:00,0.002684,0.0016677644251680815
com.google.android.apps.fitness,2025-01-21 06:48:00+00:00,2025-01-21 06:47:00+00:00,0.002684000015258789,0.001667764434649477
com.fitbit.FitbitMobile,2025-01-21 06:49:00+00:00,2025-01-21 06:48:00+00:00,0.023485,0.014592938720220713
com.google.android.apps.fitness,2025-01-21 06:49:00+00:00,2025-01-21 06:48:00+00:00,0.023485000610351563,0.014592939099476534
com.google.android.apps.fitness,2025-01-21 06:49:00+00:00,2025-01-21 06:49:00+00:00,0.009897279739379882,0.006149899797047164
com.google.android.apps.fitness,2025-01-21 06:50:00+00:00,2025-01-21 06:49:00+00:00,0.0028357405662536622,0.0017620518760819107
com.fitbit.FitbitMobile,2025-01-21 07:21:00+00:00,2025-01-21 07:20:00+00:00,0.006039,0.003752469956628183
com.google.android.apps.fitness,2025-01-21 07:21:00+00:00,2025-01-21 07:20:00+00:00,0.006039000034332275,0.003752469977961323
com.google.android.apps.fitness,2025-01-21 07:21:00+00:00,2025-01-21 07:21:00+00:00,3.3318181522190573e-07,2.070300963263858e-07
com.fitbit.FitbitMobile,2025-01-21 07:22:00+00:00,2025-01-21 07:21:00+00:00,0.035563,0.022097878633477074
com.google.android.apps.fitness,2025-01-21 07:22:00+00:00,2025-01-21 07:21:00+00:00,0.0355629997253418,0.02209787846281196
com.google.android.apps.fitness,2025-01-21 07:22:00+00:00,2025-01-21 07:22:00+00:00,3.3318181522190573e-07,2.070300963263858e-07
com.fitbit.FitbitMobile,2025-01-21 07:23:00+00:00,2025-01-21 07:22:00+00:00,0.009394,0.005837175488088285
com.google.android.apps.fitness,2025-01-21 07:23:00+00:00,2025-01-21 07:22:00+00:00,0.009394000053405762,0.00583717552127317
com.fitbit.FitbitMobile,2025-01-21 07:24:00+00:00,2025-01-21 07:23:00+00:00,0.017445999999999996,0.010840468763592528
com.google.android.apps.fitness,2025-01-21 07:24:00+00:00,2025-01-21 07:23:00+00:00,0.01744599914550781,0.01084046823263438
com.google.android.apps.fitness,2025-01-21 07:24:00+00:00,2025-01-21 07:24:00+00:00,2.9986363369971516e-07,1.8632708669374721e-07
com.fitbit.FitbitMobile,2025-01-21 07:25:00+00:00,2025-01-21 07:24:00+00:00,0.020801,0.01292517429505263
com.google.android.apps.fitness,2025-01-21 07:25:00+00:00,2025-01-21 07:24:00+00:00,0.020801000595092774,0.012925174664827056
com.google.android.apps.fitness,2025-01-21 07:25:00+00:00,2025-01-21 07:25:00+00:00,3.5407219547778367e-07,2.200108090756358e-07
com.fitbit.FitbitMobile,2025-01-21 07:26:00+00:00,2025-01-21 07:25:00+00:00,0.022814,0.014175997613928692
com.google.android.apps.fitness,2025-01-21 07:26:00+00:00,2025-01-21 07:25:00+00:00,0.02281399917602539,0.014175997101933334
com.google.android.apps.fitness,2025-01-21 07:26:00+00:00,2025-01-21 07:26:00+00:00,3.5407219547778367e-07,2.200108090756358e-07
com.fitbit.FitbitMobile,2025-01-21 07:27:00+00:00,2025-01-21 07:26:00+00:00,0.021472,0.013342115401344652
com.google.android.apps.fitness,2025-01-21 07:27:00+00:00,2025-01-21 07:26:00+00:00,0.021472000122070314,0.013342115477195816
com.google.android.apps.fitness,2025-01-21 07:27:00+00:00,2025-01-21 07:27:00+00:00,0.006325902462005616,0.003930743324596179
com.google.android.apps.fitness,2025-01-21 07:27:00+00:00,2025-01-21 07:27:00+00:00,0.007704174995422363,0.004787164300534607
com.fitbit.FitbitMobile,2025-01-21 07:52:00+00:00,2025-01-21 07:51:00+00:00,0.0071,0.004411746430213629
com.google.android.apps.fitness,2025-01-21 07:52:00+00:00,2025-01-21 07:51:00+00:00,0.007099999904632569,0.004411746370954906
com.fitbit.FitbitMobile,2025-01-21 07:53:00+00:00,2025-01-21 07:52:00+00:00,0.0206,0.012800278374986021
com.google.android.apps.fitness,2025-01-21 07:53:00+00:00,2025-01-21 07:52:00+00:00,0.020600000381469728,0.012800278612020908
com.fitbit.FitbitMobile,2025-01-21 08:23:00+00:00,2025-01-21 08:22:00+00:00,0.002013,0.001250823318876061
com.google.android.apps.fitness,2025-01-21 08:23:00+00:00,2025-01-21 08:22:00+00:00,0.002013000011444092,0.0012508233259871076
com.fitbit.FitbitMobile,2025-01-21 08:24:00+00:00,2025-01-21 08:23:00+00:00,0.011407,0.007087998806964346
com.google.android.apps.fitness,2025-01-21 08:24:00+00:00,2025-01-21 08:23:00+00:00,0.011406999588012695,0.007087998550966667
com.fitbit.FitbitMobile,2025-01-21 08:25:00+00:00,2025-01-21 08:24:00+00:00,0.001342,0.0008338822125840407
com.google.android.apps.fitness,2025-01-21 08:25:00+00:00,2025-01-21 08:24:00+00:00,0.0013420000076293946,0.0008338822173247385
com.fitbit.FitbitMobile,2025-01-21 08:26:00+00:00,2025-01-21 08:25:00+00:00,0.016104,0.010006586551008488
com.google.android.apps.fitness,2025-01-21 08:26:00+00:00,2025-01-21 08:25:00+00:00,0.016104000091552734,0.010006586607896861
com.google.android.apps.fitness,2025-01-21 08:26:00+00:00,2025-01-21 08:26:00+00:00,3.3318178611807527e-07,2.0703007824205903e-07
com.fitbit.FitbitMobile,2025-01-21 08:27:00+00:00,2025-01-21 08:26:00+00:00,0.031537,0.01959623199572496
com.google.android.apps.fitness,2025-01-21 08:27:00+00:00,2025-01-21 08:26:00+00:00,0.03153700065612793,0.019596232403424965
com.google.android.apps.fitness,2025-01-21 08:27:00+00:00,2025-01-21 08:27:00+00:00,4.84765594592318e-07,3.0122012414549937e-07
com.fitbit.FitbitMobile,2025-01-21 08:28:00+00:00,2025-01-21 08:27:00+00:00,0.04026,0.02501646637752122
com.google.android.apps.fitness,2025-01-21 08:28:00+00:00,2025-01-21 08:27:00+00:00,0.0402599983215332,0.025016465334567715
com.google.android.apps.fitness,2025-01-21 08:28:00+00:00,2025-01-21 08:28:00+00:00,6.247642450034619e-07,3.8821146867875147e-07
com.fitbit.FitbitMobile,2025-01-21 08:29:00+00:00,2025-01-21 08:28:00+00:00,0.002013,0.001250823318876061
com.google.android.apps.fitness,2025-01-21 08:29:00+00:00,2025-01-21 08:28:00+00:00,0.002013000011444092,0.0012508233259871076
com.fitbit.FitbitMobile,2025-01-21 08:30:00+00:00,2025-01-21 08:29:00+00:00,0.017445999999999996,0.010840468763592528
com.google.android.apps.fitness,2025-01-21 08:30:00+00:00,2025-01-21 08:29:00+00:00,0.01744599914550781,0.01084046823263438
com.google.android.apps.fitness,2025-01-21 08:30:00+00:00,2025-01-21 08:30:00+00:00,3.3318181522190573e-07,2.070300963263858e-07
com.fitbit.FitbitMobile,2025-01-21 08:31:00+00:00,2025-01-21 08:30:00+00:00,0.009394,0.005837175488088285
com.google.android.apps.fitness,2025-01-21 08:31:00+00:00,2025-01-21 08:30:00+00:00,0.009394000053405762,0.00583717552127317
com.google.android.apps.fitness,2025-01-21 08:31:00+00:00,2025-01-21 08:31:00+00:00,3.3318181522190573e-07,2.070300963263858e-07
com.fitbit.FitbitMobile,2025-01-21 08:32:00+00:00,2025-01-21 08:31:00+00:00,0.001342,0.0008338822125840407
com.google.android.apps.fitness,2025-01-21 08:32:00+00:00,2025-01-21 08:31:00+00:00,0.0013420000076293946,0.0008338822173247385
com.fitbit.FitbitMobile,2025-01-21 08:33:00+00:00,2025-01-21 08:32:00+00:00,0.008052,0.005003293275504244
com.google.android.apps.fitness,2025-01-21 08:33:00+00:00,2025-01-21 08:32:00+00:00,0.008052000045776367,0.0050032933039484305
com.fitbit.FitbitMobile,2025-01-21 08:50:00+00:00,2025-01-21 08:49:00+00:00,0.000671,0.00041694110629202037
com.google.android.apps.fitness,2025-01-21 08:50:00+00:00,2025-01-21 08:49:00+00:00,0.0006710000038146973,0.00041694110866236924
com.fitbit.FitbitMobile,2025-01-21 08:51:00+00:00,2025-01-21 08:50:00+00:00,0.008052,0.005003293275504244
com.google.android.apps.fitness,2025-01-21 08:51:00+00:00,2025-01-21 08:50:00+00:00,0.008052000045776367,0.0050032933039484305
com.fitbit.FitbitMobile,2025-01-21 08:52:00+00:00,2025-01-21 08:51:00+00:00,0.002013,0.001250823318876061
com.google.android.apps.fitness,2025-01-21 08:52:00+00:00,2025-01-21 08:51:00+00:00,0.002013000011444092,0.0012508233259871076
com.fitbit.FitbitMobile,2025-01-21 08:53:00+00:00,2025-01-21 08:52:00+00:00,0.04026,0.02501646637752122
com.google.android.apps.fitness,2025-01-21 08:53:00+00:00,2025-01-21 08:52:00+00:00,0.0402599983215332,0.025016465334567715
com.google.android.apps.fitness,2025-01-21 08:53:00+00:00,2025-01-21 08:53:00+00:00,7.315055700019002e-07,4.5453761790665753e-07
com.fitbit.FitbitMobile,2025-01-21 08:54:00+00:00,2025-01-21 08:53:00+00:00,0.024156,0.015009879826512732
com.google.android.apps.fitness,2025-01-21 08:54:00+00:00,2025-01-21 08:53:00+00:00,0.0241560001373291,0.015009879911845292
com.google.android.apps.fitness,2025-01-21 08:54:00+00:00,2025-01-21 08:54:00+00:00,1.0130697628483176e-06,6.294939309582299e-07
com.fitbit.FitbitMobile,2025-01-21 08:55:00+00:00,2025-01-21 08:54:00+00:00,0.038918,0.02418258416493718
com.google.android.apps.fitness,2025-01-21 08:55:00+00:00,2025-01-21 08:54:00+00:00,0.03891799926757813,0.024182583709830195
com.google.android.apps.fitness,2025-01-21 08:55:00+00:00,2025-01-21 08:55:00+00:00,5.563990562222898e-07,3.457312042342139e-07
com.fitbit.FitbitMobile,2025-01-21 08:56:00+00:00,2025-01-21 08:55:00+00:00,0.036905,0.02293176084606112
com.google.android.apps.fitness,2025-01-21 08:56:00+00:00,2025-01-21 08:55:00+00:00,0.03690499877929688,0.022931760087549477
com.google.android.apps.fitness,2025-01-21 08:56:00+00:00,2025-01-21 08:56:00+00:00,5.563990562222898e-07,3.457312042342139e-07
com.fitbit.FitbitMobile,2025-01-21 08:57:00+00:00,2025-01-21 08:56:00+00:00,0.000671,0.00041694110629202037
com.google.android.apps.fitness,2025-01-21 08:57:00+00:00,2025-01-21 08:56:00+00:00,0.0006710000038146973,0.00041694110866236924
com.fitbit.FitbitMobile,2025-01-21 08:58:00+00:00,2025-01-21 08:57:00+00:00,0.00671,0.004169411062920203
com.google.android.apps.fitness,2025-01-21 08:58:00+00:00,2025-01-21 08:57:00+00:00,0.006710000038146972,0.004169411086623692
com.fitbit.FitbitMobile,2025-01-21 08:59:00+00:00,2025-01-21 08:58:00+00:00,0.010736,0.006671057700672326
com.google.android.apps.fitness,2025-01-21 08:59:00+00:00,2025-01-21 08:58:00+00:00,0.010736000061035157,0.006671057738597908
com.google.android.apps.fitness,2025-01-21 08:59:00+00:00,2025-01-21 08:59:00+00:00,2.7765153208747505e-07,1.7252509232820603e-07
com.fitbit.FitbitMobile,2025-01-21 09:00:00+00:00,2025-01-21 08:59:00+00:00,0.022814,0.014175997613928692
com.google.android.apps.fitness,2025-01-21 09:00:00+00:00,2025-01-21 08:59:00+00:00,0.02281399917602539,0.014175997101933334
com.google.android.apps.fitness,2025-01-21 09:01:00+00:00,2025-01-21 09:00:00+00:00,0.015687156677246093,0.009747571474794695
com.google.android.apps.fitness,2025-01-21 09:01:00+00:00,2025-01-21 09:01:00+00:00,0.0019990909099578858,0.001242180589532284
com.fitbit.FitbitMobile,2025-01-21 09:06:00+00:00,2025-01-21 09:05:00+00:00,0.002013,0.001250823318876061
com.google.android.apps.fitness,2025-01-21 09:06:00+00:00,2025-01-21 09:05:00+00:00,0.002013000011444092,0.0012508233259871076
com.fitbit.FitbitMobile,2025-01-21 09:07:00+00:00,2025-01-21 09:06:00+00:00,0.000671,0.00041694110629202037
com.google.android.apps.fitness,2025-01-21 09:07:00+00:00,2025-01-21 09:06:00+00:00,0.0006710000038146973,0.00041694110866236924
com.fitbit.FitbitMobile,2025-01-21 09:23:00+00:00,2025-01-21 09:22:00+00:00,0.000671,0.00041694110629202037
com.google.android.apps.fitness,2025-01-21 09:23:00+00:00,2025-01-21 09:22:00+00:00,0.0006710000038146973,0.00041694110866236924
com.fitbit.FitbitMobile,2025-01-21 09:24:00+00:00,2025-01-21 09:23:00+00:00,0.005368,0.003335528850336163
com.google.android.apps.fitness,2025-01-21 09:24:00+00:00,2025-01-21 09:23:00+00:00,0.005368000030517578,0.003335528869298954
com.fitbit.FitbitMobile,2025-01-21 09:25:00+00:00,2025-01-21 09:24:00+00:00,0.035563,0.022097878633477074
com.google.android.apps.fitness,2025-01-21 09:25:00+00:00,2025-01-21 09:24:00+00:00,0.0355629997253418,0.02209787846281196
com.fitbit.FitbitMobile,2025-01-21 09:26:00+00:00,2025-01-21 09:25:00+00:00,0.004697,0.0029185877440441425
com.google.android.apps.fitness,2025-01-21 09:26:00+00:00,2025-01-21 09:25:00+00:00,0.004697000026702881,0.002918587760636585
com.fitbit.FitbitMobile,2025-01-21 09:51:00+00:00,2025-01-21 09:50:00+00:00,0.002684,0.0016677644251680815
com.google.android.apps.fitness,2025-01-21 09:51:00+00:00,2025-01-21 09:50:00+00:00,0.002684000015258789,0.001667764434649477
com.fitbit.FitbitMobile,2025-01-21 09:52:00+00:00,2025-01-21 09:51:00+00:00,0.01342,0.008338822125840407
com.google.android.apps.fitness,2025-01-21 09:52:00+00:00,2025-01-21 09:51:00+00:00,0.013420000076293945,0.008338822173247384
com.google.android.apps.fitness,2025-01-21 09:52:00+00:00,2025-01-21 09:52:00+00:00,2.665454521775246e-07,1.6562407706110865e-07
com.fitbit.FitbitMobile,2025-01-21 09:53:00+00:00,2025-01-21 09:52:00+00:00,0.007381,0.004586352169212224
com.google.android.apps.fitness,2025-01-21 09:53:00+00:00,2025-01-21 09:52:00+00:00,0.00738100004196167,0.004586352195286062
com.fitbit.FitbitMobile,2025-01-21 11:41:00+00:00,2025-01-21 11:40:00+00:00,0.022143,0.013759056507636673
com.google.android.apps.fitness,2025-01-21 11:41:00+00:00,2025-01-21 11:40:00+00:00,0.02214299964904785,0.013759056289564574
com.google.android.apps.fitness,2025-01-21 11:41:00+00:00,2025-01-21 11:41:00+00:00,3.3318178611807527e-07,2.0703007824205903e-07
com.fitbit.FitbitMobile,2025-01-21 11:42:00+00:00,2025-01-21 11:41:00+00:00,0.038247,0.02376564305864516
com.google.android.apps.fitness,2025-01-21 11:42:00+00:00,2025-01-21 11:41:00+00:00,0.03824700164794922,0.023765644082635876
com.google.android.apps.fitness,2025-01-21 11:42:00+00:00,2025-01-21 11:42:00+00:00,3.3318178611807527e-07,2.0703007824205903e-07
com.fitbit.FitbitMobile,2025-01-21 11:43:00+00:00,2025-01-21 11:42:00+00:00,0.035563,0.022097878633477074
com.google.android.apps.fitness,2025-01-21 11:43:00+00:00,2025-01-21 11:42:00+00:00,0.0355629997253418,0.02209787846281196
com.google.android.apps.fitness,2025-01-21 11:43:00+00:00,2025-01-21 11:43:00+00:00,6.286465795710683e-07,3.906238455336152e-07
com.fitbit.FitbitMobile,2025-01-21 11:44:00+00:00,2025-01-21 11:43:00+00:00,0.012078,0.007504939913256366
com.google.android.apps.fitness,2025-01-21 11:44:00+00:00,2025-01-21 11:43:00+00:00,0.01207800006866455,0.007504939955922646
com.google.android.apps.fitness,2025-01-21 11:44:00+00:00,2025-01-21 11:44:00+00:00,4.0810820064507425e-07,2.535873094840582e-07
com.fitbit.FitbitMobile,2025-01-21 11:45:00+00:00,2025-01-21 11:44:00+00:00,0.03355,0.02084705531460102
com.google.android.apps.fitness,2025-01-21 11:45:00+00:00,2025-01-21 11:44:00+00:00,0.03354999923706055,0.020847054840531242
com.google.android.apps.fitness,2025-01-21 11:46:00+00:00,2025-01-21 11:45:00+00:00,0.01584822368621826,0.00984765412294373
com.fitbit.FitbitMobile,2025-01-21 12:29:00+00:00,2025-01-21 12:28:00+00:00,0.001342,0.0008338822125840407
com.google.android.apps.fitness,2025-01-21 12:29:00+00:00,2025-01-21 12:28:00+00:00,0.0013420000076293946,0.0008338822173247385
com.fitbit.FitbitMobile,2025-01-21 12:30:00+00:00,2025-01-21 12:29:00+00:00,0.004697,0.0029185877440441425
com.google.android.apps.fitness,2025-01-21 12:30:00+00:00,2025-01-21 12:29:00+00:00,0.004697000026702881,0.002918587760636585
com.fitbit.FitbitMobile,2025-01-21 12:38:00+00:00,2025-01-21 12:37:00+00:00,0.001342,0.0008338822125840407
com.google.android.apps.fitness,2025-01-21 12:38:00+00:00,2025-01-21 12:37:00+00:00,0.0013420000076293946,0.0008338822173247385
com.fitbit.FitbitMobile,2025-01-21 12:39:00+00:00,2025-01-21 12:38:00+00:00,0.009394,0.005837175488088285
com.google.android.apps.fitness,2025-01-21 12:39:00+00:00,2025-01-21 12:38:00+00:00,0.009394000053405762,0.00583717552127317
com.fitbit.FitbitMobile,2025-01-21 12:40:00+00:00,2025-01-21 12:39:00+00:00,0.004697,0.0029185877440441425
com.google.android.apps.fitness,2025-01-21 12:40:00+00:00,2025-01-21 12:39:00+00:00,0.004697000026702881,0.002918587760636585
com.fitbit.FitbitMobile,2025-01-21 12:42:00+00:00,2025-01-21 12:41:00+00:00,0.000671,0.00041694110629202037
com.google.android.apps.fitness,2025-01-21 12:42:00+00:00,2025-01-21 12:41:00+00:00,0.0006710000038146973,0.00041694110866236924
com.fitbit.FitbitMobile,2025-01-21 12:43:00+00:00,2025-01-21 12:42:00+00:00,0.010065,0.006254116594380305
com.google.android.apps.fitness,2025-01-21 12:43:00+00:00,2025-01-21 12:42:00+00:00,0.0100649995803833,0.006254116333641929
com.fitbit.FitbitMobile,2025-01-21 12:44:00+00:00,2025-01-21 12:43:00+00:00,0.001342,0.0008338822125840407
com.google.android.apps.fitness,2025-01-21 12:44:00+00:00,2025-01-21 12:43:00+00:00,0.0013420000076293946,0.0008338822173247385
com.fitbit.FitbitMobile,2025-01-21 12:45:00+00:00,2025-01-21 12:44:00+00:00,0.011407,0.007087998806964346
com.google.android.apps.fitness,2025-01-21 12:45:00+00:00,2025-01-21 12:44:00+00:00,0.011406999588012695,0.007087998550966667
com.fitbit.FitbitMobile,2025-01-21 12:46:00+00:00,2025-01-21 12:45:00+00:00,0.012749,0.007921881019548388
com.google.android.apps.fitness,2025-01-21 12:46:00+00:00,2025-01-21 12:45:00+00:00,0.01274899959564209,0.007921880768291405
com.google.android.apps.fitness,2025-01-21 12:46:00+00:00,2025-01-21 12:46:00+00:00,3.3318181522190573e-07,2.070300963263858e-07
com.fitbit.FitbitMobile,2025-01-21 12:47:00+00:00,2025-01-21 12:46:00+00:00,0.039589,0.0245995252712292
com.google.android.apps.fitness,2025-01-21 12:47:00+00:00,2025-01-21 12:46:00+00:00,0.0395890007019043,0.024599525707373393
com.google.android.apps.fitness,2025-01-21 12:47:00+00:00,2025-01-21 12:47:00+00:00,3.3318181522190573e-07,2.070300963263858e-07
com.fitbit.FitbitMobile,2025-01-21 12:48:00+00:00,2025-01-21 12:47:00+00:00,0.004026,0.002501646637752122
com.google.android.apps.fitness,2025-01-21 12:48:00+00:00,2025-01-21 12:47:00+00:00,0.004026000022888184,0.0025016466519742152
com.fitbit.FitbitMobile,2025-01-21 12:50:00+00:00,2025-01-21 12:49:00+00:00,0.000671,0.00041694110629202037
com.google.android.apps.fitness,2025-01-21 12:50:00+00:00,2025-01-21 12:49:00+00:00,0.0006710000038146973,0.00041694110866236924
com.fitbit.FitbitMobile,2025-01-21 12:51:00+00:00,2025-01-21 12:50:00+00:00,0.006039,0.003752469956628183
com.google.android.apps.fitness,2025-01-21 12:51:00+00:00,2025-01-21 12:50:00+00:00,0.006039000034332275,0.003752469977961323
com.fitbit.FitbitMobile,2025-01-21 12:52:00+00:00,2025-01-21 12:51:00+00:00,0.018788,0.01167435097617657
com.google.android.apps.fitness,2025-01-21 12:52:00+00:00,2025-01-21 12:51:00+00:00,0.018788000106811524,0.01167435104254634
com.fitbit.FitbitMobile,2025-01-21 12:53:00+00:00,2025-01-21 12:52:00+00:00,0.009394,0.005837175488088285
com.google.android.apps.fitness,2025-01-21 12:53:00+00:00,2025-01-21 12:52:00+00:00,0.009394000053405762,0.00583717552127317
com.google.android.apps.fitness,2025-01-21 12:53:00+00:00,2025-01-21 12:53:00+00:00,0.0026649277210235595,0.001655913430986342
com.fitbit.FitbitMobile,2025-01-21 13:00:00+00:00,2025-01-21 12:59:00+00:00,0.000671,0.00041694110629202037
com.google.android.apps.fitness,2025-01-21 13:00:00+00:00,2025-01-21 12:59:00+00:00,0.0006710000038146973,0.00041694110866236924
com.fitbit.FitbitMobile,2025-01-21 13:01:00+00:00,2025-01-21 13:00:00+00:00,0.000671,0.00041694110629202037
com.google.android.apps.fitness,2025-01-21 13:01:00+00:00,2025-01-21 13:00:00+00:00,0.0006710000038146973,0.00041694110866236924
com.fitbit.FitbitMobile,2025-01-21 13:02:00+00:00,2025-01-21 13:01:00+00:00,0.008722999999999998,0.005420234381796264
com.google.android.apps.fitness,2025-01-21 13:02:00+00:00,2025-01-21 13:01:00+00:00,0.008722999572753905,0.00542023411631719
com.fitbit.FitbitMobile,2025-01-21 13:03:00+00:00,2025-01-21 13:02:00+00:00,0.028182,0.017511526464264855
com.google.android.apps.fitness,2025-01-21 13:03:00+00:00,2025-01-21 13:02:00+00:00,0.02818199920654297,0.01751152597123229
com.google.android.apps.fitness,2025-01-21 13:03:00+00:00,2025-01-21 13:03:00+00:00,0.013852502822875977,0.008607567588499619
com.fitbit.FitbitMobile,2025-01-21 13:05:00+00:00,2025-01-21 13:04:00+00:00,0.005368,0.003335528850336163
com.google.android.apps.fitness,2025-01-21 13:05:00+00:00,2025-01-21 13:04:00+00:00,0.005368000030517578,0.003335528869298954
com.fitbit.FitbitMobile,2025-01-21 13:06:00+00:00,2025-01-21 13:05:00+00:00,0.010065,0.006254116594380305
com.google.android.apps.fitness,2025-01-21 13:06:00+00:00,2025-01-21 13:05:00+00:00,0.0100649995803833,0.006254116333641929
com.fitbit.FitbitMobile,2025-01-21 13:07:00+00:00,2025-01-21 13:06:00+00:00,0.03355,0.02084705531460102
com.google.android.apps.fitness,2025-01-21 13:07:00+00:00,2025-01-21 13:06:00+00:00,0.03354999923706055,0.020847054840531242
com.google.android.apps.fitness,2025-01-21 13:07:00+00:00,2025-01-21 13:07:00+00:00,3.9878318784758447e-07,2.4779300076278753e-07
com.fitbit.FitbitMobile,2025-01-21 13:08:00+00:00,2025-01-21 13:07:00+00:00,0.031537,0.01959623199572496
com.google.android.apps.fitness,2025-01-21 13:08:00+00:00,2025-01-21 13:07:00+00:00,0.03153700065612793,0.019596232403424965
com.google.android.apps.fitness,2025-01-21 13:08:00+00:00,2025-01-21 13:08:00+00:00,4.80480055557564e-07,2.985572070274547e-07
com.fitbit.FitbitMobile,2025-01-21 13:09:00+00:00,2025-01-21 13:08:00+00:00,0.066682,0.04143437682528242
com.google.android.apps.fitness,2025-01-21 13:09:00+00:00,2025-01-21 13:08:00+00:00,0.06668199920654297,0.04143437633224985
com.google.android.apps.fitness,2025-01-21 13:09:00+00:00,2025-01-21 13:09:00+00:00,4.80480055557564e-07,2.985572070274547e-07
com.fitbit.FitbitMobile,2025-01-21 13:10:00+00:00,2025-01-21 13:09:00+00:00,0.029524,0.018345408676848897
com.google.android.apps.fitness,2025-01-21 13:10:00+00:00,2025-01-21 13:09:00+00:00,0.02952400016784668,0.018345408781144247
com.google.android.apps.fitness,2025-01-21 13:10:00+00:00,2025-01-21 13:10:00+00:00,7.243132567964494e-07,4.5006851056734405e-07
com.fitbit.FitbitMobile,2025-01-21 13:11:00+00:00,2025-01-21 13:10:00+00:00,0.002684,0.0016677644251680815
com.google.android.apps.fitness,2025-01-21 13:11:00+00:00,2025-01-21 13:10:00+00:00,0.002684000015258789,0.001667764434649477
com.google.android.apps.fitness,2025-01-21 13:11:00+00:00,2025-01-21 13:11:00+00:00,3.0982636963017285e-07,1.925176591833751e-07
com.fitbit.FitbitMobile,2025-01-21 13:12:00+00:00,2025-01-21 13:11:00+00:00,0.008052,0.005003293275504244
com.google.android.apps.fitness,2025-01-21 13:12:00+00:00,2025-01-21 13:11:00+00:00,0.008052000045776367,0.0050032933039484305
com.google.android.apps.fitness,2025-01-21 14:43:00+00:00,2025-01-21 14:41:00+00:00,0.037391128540039065,0.023233827867348768
com.fitbit.FitbitMobile,2025-01-21 14:44:00+00:00,2025-01-21 14:43:00+00:00,0.0418,0.025973380391961922
com.google.android.apps.fitness,2025-01-21 14:44:00+00:00,2025-01-21 14:43:00+00:00,0.04179999923706055,0.02597337991789215
com.google.android.apps.fitness,2025-01-21 14:44:00+00:00,2025-01-21 14:44:00+00:00,3.3318181522190573e-07,2.070300963263858e-07
com.fitbit.FitbitMobile,2025-01-21 14:45:00+00:00,2025-01-21 14:44:00+00:00,0.0337,0.02094026122509849
com.google.android.apps.fitness,2025-01-21 14:45:00+00:00,2025-01-21 14:44:00+00:00,0.033700000762939455,0.020940261699168263
com.fitbit.FitbitMobile,2025-01-21 15:12:00+00:00,2025-01-21 15:11:00+00:00,0.0165,0.010252650154721812
com.google.android.apps.fitness,2025-01-21 15:12:00+00:00,2025-01-21 15:11:00+00:00,0.0165,0.010252650154721812
com.fitbit.FitbitMobile,2025-01-21 15:13:00+00:00,2025-01-21 15:12:00+00:00,0.0205,0.01273814110132104
com.google.android.apps.fitness,2025-01-21 15:13:00+00:00,2025-01-21 15:12:00+00:00,0.0205,0.01273814110132104
com.fitbit.FitbitMobile,2025-01-21 15:14:00+00:00,2025-01-21 15:13:00+00:00,0.004200000000000001,0.002609765493929189
com.google.android.apps.fitness,2025-01-21 15:14:00+00:00,2025-01-21 15:13:00+00:00,0.004199999809265137,0.0026097653754117447
com.fitbit.FitbitMobile,2025-01-21 15:15:00+00:00,2025-01-21 15:14:00+00:00,0.0142,0.008823492860427258
com.google.android.apps.fitness,2025-01-21 15:15:00+00:00,2025-01-21 15:14:00+00:00,0.014199999809265137,0.008823492741909812
com.fitbit.FitbitMobile,2025-01-21 15:16:00+00:00,2025-01-21 15:15:00+00:00,0.0626,0.038897933314277905
com.google.android.apps.fitness,2025-01-21 15:16:00+00:00,2025-01-21 15:15:00+00:00,0.0625999984741211,0.03889793236613835
com.fitbit.FitbitMobile,2025-01-21 15:17:00+00:00,2025-01-21 15:16:00+00:00,0.041,0.02547628220264208
com.google.android.apps.fitness,2025-01-21 15:17:00+00:00,2025-01-21 15:16:00+00:00,0.041,0.02547628220264208
com.fitbit.FitbitMobile,2025-01-21 15:18:00+00:00,2025-01-21 15:17:00+00:00,0.0225,0.013980886574620653
com.google.android.apps.fitness,2025-01-21 15:18:00+00:00,2025-01-21 15:17:00+00:00,0.0225,0.013980886574620653
com.fitbit.FitbitMobile,2025-01-21 15:19:00+00:00,2025-01-21 15:18:00+00:00,0.0061,0.003790373693563822
com.google.android.apps.fitness,2025-01-21 15:19:00+00:00,2025-01-21 15:18:00+00:00,0.0060999999046325686,0.0037903736343050994
com.fitbit.FitbitMobile,2025-01-21 15:20:00+00:00,2025-01-21 15:19:00+00:00,0.0191,0.011868219270011308
com.google.android.apps.fitness,2025-01-21 15:20:00+00:00,2025-01-21 15:19:00+00:00,0.019100000381469726,0.011868219507046198
com.fitbit.FitbitMobile,2025-01-21 15:31:00+00:00,2025-01-21 15:30:00+00:00,0.0257,0.015969279331900035
com.google.android.apps.fitness,2025-01-21 15:31:00+00:00,2025-01-21 15:30:00+00:00,0.025700000762939452,0.01596927980596981
com.fitbit.FitbitMobile,2025-01-21 15:32:00+00:00,2025-01-21 15:31:00+00:00,0.0597,0.037095952377993464
com.google.android.apps.fitness,2025-01-21 15:32:00+00:00,2025-01-21 15:31:00+00:00,0.05970000076293945,0.03709595285206324
com.fitbit.FitbitMobile,2025-01-21 15:33:00+00:00,2025-01-21 15:32:00+00:00,0.011,0.006835100103147875
com.google.android.apps.fitness,2025-01-21 15:33:00+00:00,2025-01-21 15:32:00+00:00,0.011,0.006835100103147875
com.google.android.apps.fitness,2025-01-21 15:33:00+00:00,2025-01-21 15:33:00+00:00,2.887575828935951e-07,1.794260895109766e-07
com.fitbit.FitbitMobile,2025-01-21 15:34:00+00:00,2025-01-21 15:33:00+00:00,0.0007,0.0004349609156548647
com.google.android.apps.fitness,2025-01-21 15:34:00+00:00,2025-01-21 15:33:00+00:00,0.000699999988079071,0.0004349609082475245
com.fitbit.FitbitMobile,2025-01-21 15:43:00+00:00,2025-01-21 15:42:00+00:00,0.0161,0.01000410106006189
com.google.android.apps.fitness,2025-01-21 15:43:00+00:00,2025-01-21 15:42:00+00:00,0.016100000381469727,0.010004101297096777
com.fitbit.FitbitMobile,2025-01-21 15:44:00+00:00,2025-01-21 15:43:00+00:00,0.0089,0.00553021735618328
com.google.android.apps.fitness,2025-01-21 15:44:00+00:00,2025-01-21 15:43:00+00:00,0.008899999618530273,0.005530217119148392
com.fitbit.FitbitMobile,2025-01-21 15:45:00+00:00,2025-01-21 15:44:00+00:00,0.0007,0.0004349609156548647
com.google.android.apps.fitness,2025-01-21 15:45:00+00:00,2025-01-21 15:44:00+00:00,0.000699999988079071,0.0004349609082475245
com.fitbit.FitbitMobile,2025-01-21 15:46:00+00:00,2025-01-21 15:45:00+00:00,0.0129,0.008015708302782507
com.google.android.apps.fitness,2025-01-21 15:46:00+00:00,2025-01-21 15:45:00+00:00,0.012899999618530273,0.008015708065747619
com.fitbit.FitbitMobile,2025-01-21 15:49:00+00:00,2025-01-21 15:48:00+00:00,0.003,0.0018641182099494204
com.google.android.apps.fitness,2025-01-21 15:49:00+00:00,2025-01-21 15:48:00+00:00,0.003,0.0018641182099494204
com.fitbit.FitbitMobile,2025-01-21 15:50:00+00:00,2025-01-21 15:49:00+00:00,0.0121,0.007518610113462662
com.google.android.apps.fitness,2025-01-21 15:50:00+00:00,2025-01-21 15:49:00+00:00,0.012100000381469727,0.00751861035049755
com.fitbit.FitbitMobile,2025-01-21 15:51:00+00:00,2025-01-21 15:50:00+00:00,0.0073,0.0045360209775435895
com.google.android.apps.fitness,2025-01-21 15:51:00+00:00,2025-01-21 15:50:00+00:00,0.007300000190734863,0.004536021096061034
com.fitbit.FitbitMobile,2025-01-21 15:53:00+00:00,2025-01-21 15:52:00+00:00,0.0068,0.004225334609218686
com.google.android.apps.fitness,2025-01-21 15:53:00+00:00,2025-01-21 15:52:00+00:00,0.006800000190734863,0.00422533472773613
com.fitbit.FitbitMobile,2025-01-21 15:54:00+00:00,2025-01-21 15:53:00+00:00,0.0146,0.009072041955087179
com.google.android.apps.fitness,2025-01-21 15:54:00+00:00,2025-01-21 15:53:00+00:00,0.014600000381469726,0.009072042192122067
com.fitbit.FitbitMobile,2025-01-21 15:56:00+00:00,2025-01-21 15:55:00+00:00,0.0078,0.004846707345868493
com.google.android.apps.fitness,2025-01-21 15:56:00+00:00,2025-01-21 15:55:00+00:00,0.007800000190734863,0.004846707464385937
com.fitbit.FitbitMobile,2025-01-21 15:57:00+00:00,2025-01-21 15:56:00+00:00,0.0235,0.01460225931127046
com.google.android.apps.fitness,2025-01-21 15:57:00+00:00,2025-01-21 15:56:00+00:00,0.0235,0.01460225931127046
com.fitbit.FitbitMobile,2025-01-21 15:58:00+00:00,2025-01-21 15:57:00+00:00,0.0007,0.0004349609156548647
com.google.android.apps.fitness,2025-01-21 15:58:00+00:00,2025-01-21 15:57:00+00:00,0.000699999988079071,0.0004349609082475245
com.fitbit.FitbitMobile,2025-01-21 15:59:00+00:00,2025-01-21 15:58:00+00:00,0.0222,0.01379447475362571
com.google.android.apps.fitness,2025-01-21 15:59:00+00:00,2025-01-21 15:58:00+00:00,0.022200000762939452,0.013794475227695486
com.fitbit.FitbitMobile,2025-01-21 16:00:00+00:00,2025-01-21 15:59:00+00:00,0.0044,0.0027340400412591503
com.google.android.apps.fitness,2025-01-21 16:00:00+00:00,2025-01-21 15:59:00+00:00,0.004400000095367431,0.002734040100517872
com.fitbit.FitbitMobile,2025-01-21 16:01:00+00:00,2025-01-21 16:00:00+00:00,0.0044,0.0027340400412591503
com.google.android.apps.fitness,2025-01-21 16:01:00+00:00,2025-01-21 16:00:00+00:00,0.004400000095367431,0.002734040100517872
com.fitbit.FitbitMobile,2025-01-21 16:02:00+00:00,2025-01-21 16:01:00+00:00,0.0194,0.012054631091006253
com.google.android.apps.fitness,2025-01-21 16:02:00+00:00,2025-01-21 16:01:00+00:00,0.019399999618530273,0.012054630853971364
com.fitbit.FitbitMobile,2025-01-21 16:03:00+00:00,2025-01-21 16:02:00+00:00,0.0087,0.005405942808853319
com.google.android.apps.fitness,2025-01-21 16:03:00+00:00,2025-01-21 16:02:00+00:00,0.008699999809265137,0.005405942690335875
com.google.android.apps.fitness,2025-01-21 16:04:00+00:00,2025-01-21 16:04:00+00:00,0.0053683452606201176,0.0033357433858725426
com.fitbit.FitbitMobile,2025-01-21 16:05:00+00:00,2025-01-21 16:04:00+00:00,0.0162,0.010066238333726869
com.google.android.apps.fitness,2025-01-21 16:05:00+00:00,2025-01-21 16:04:00+00:00,0.016200000762939454,0.010066238807796645
com.fitbit.FitbitMobile,2025-01-21 16:07:00+00:00,2025-01-21 16:06:00+00:00,0.0044,0.0027340400412591503
com.google.android.apps.fitness,2025-01-21 16:07:00+00:00,2025-01-21 16:06:00+00:00,0.004400000095367431,0.002734040100517872
com.fitbit.FitbitMobile,2025-01-21 16:08:00+00:00,2025-01-21 16:07:00+00:00,0.0021000000000000003,0.0013048827469645944
com.google.android.apps.fitness,2025-01-21 16:08:00+00:00,2025-01-21 16:07:00+00:00,0.0020999999046325685,0.0013048826877058723
com.fitbit.FitbitMobile,2025-01-21 16:09:00+00:00,2025-01-21 16:08:00+00:00,0.042,0.026097654939291885
com.google.android.apps.fitness,2025-01-21 16:09:00+00:00,2025-01-21 16:08:00+00:00,0.042,0.026097654939291885
com.google.android.apps.fitness,2025-01-21 16:09:00+00:00,2025-01-21 16:09:00+00:00,5.999765708111227e-07,3.728090837306739e-07
com.fitbit.FitbitMobile,2025-01-21 16:10:00+00:00,2025-01-21 16:09:00+00:00,0.034,0.02112667304609343
com.google.android.apps.fitness,2025-01-21 16:10:00+00:00,2025-01-21 16:09:00+00:00,0.034,0.02112667304609343
com.google.android.apps.fitness,2025-01-21 16:10:00+00:00,2025-01-21 16:10:00+00:00,5.602485034614801e-07,3.4812314579981864e-07
com.fitbit.FitbitMobile,2025-01-21 16:11:00+00:00,2025-01-21 16:10:00+00:00,0.0355,0.02205873215106814
com.google.android.apps.fitness,2025-01-21 16:11:00+00:00,2025-01-21 16:10:00+00:00,0.0355,0.02205873215106814
com.fitbit.FitbitMobile,2025-01-21 16:12:00+00:00,2025-01-21 16:11:00+00:00,0.0035,0.0021748045782743236
com.google.android.apps.fitness,2025-01-21 16:12:00+00:00,2025-01-21 16:11:00+00:00,0.0035,0.0021748045782743236
com.fitbit.FitbitMobile,2025-01-21 16:14:00+00:00,2025-01-21 16:13:00+00:00,0.0086,0.005343805535188338
com.google.android.apps.fitness,2025-01-21 16:14:00+00:00,2025-01-21 16:13:00+00:00,0.008600000381469727,0.005343805772223226
com.fitbit.FitbitMobile,2025-01-21 16:15:00+00:00,2025-01-21 16:14:00+00:00,0.0177,0.01099829743870158
com.google.android.apps.fitness,2025-01-21 16:15:00+00:00,2025-01-21 16:14:00+00:00,0.01770000076293945,0.010998297912771356
com.fitbit.FitbitMobile,2025-01-21 16:18:00+00:00,2025-01-21 16:17:00+00:00,0.0071,0.004411746430213629
com.google.android.apps.fitness,2025-01-21 16:18:00+00:00,2025-01-21 16:17:00+00:00,0.007099999904632569,0.004411746370954906
com.fitbit.FitbitMobile,2025-01-21 17:51:00+00:00,2025-01-21 17:50:00+00:00,0.0208,0.012924552922315981
com.google.android.apps.fitness,2025-01-21 17:51:00+00:00,2025-01-21 17:50:00+00:00,0.020799999237060548,0.012924552448246205
com.google.android.apps.fitness,2025-01-21 17:51:00+00:00,2025-01-21 17:51:00+00:00,3.3318181522190573e-07,2.070300963263858e-07
com.fitbit.FitbitMobile,2025-01-21 17:52:00+00:00,2025-01-21 17:51:00+00:00,0.039,0.024233536729342465
com.google.android.apps.fitness,2025-01-21 17:52:00+00:00,2025-01-21 17:51:00+00:00,0.039,0.024233536729342465
com.google.android.apps.fitness,2025-01-21 17:52:00+00:00,2025-01-21 17:52:00+00:00,6.833404768258334e-07,4.246091421488519e-07
com.fitbit.FitbitMobile,2025-01-21 17:53:00+00:00,2025-01-21 17:52:00+00:00,0.0123,0.007642884660792624
com.google.android.apps.fitness,2025-01-21 17:53:00+00:00,2025-01-21 17:52:00+00:00,0.012300000190734864,0.007642884779310068
com.google.android.apps.fitness,2025-01-21 17:53:00+00:00,2025-01-21 17:53:00+00:00,3.3318181522190573e-07,2.070300963263858e-07
com.fitbit.FitbitMobile,2025-01-21 17:54:00+00:00,2025-01-21 17:53:00+00:00,0.0207,0.012862415648651
com.google.android.apps.fitness,2025-01-21 17:54:00+00:00,2025-01-21 17:53:00+00:00,0.020700000762939454,0.012862416122720776
com.google.android.apps.fitness,2025-01-21 17:54:00+00:00,2025-01-21 17:54:00+00:00,6.995218573138118e-07,4.346638108254389e-07
com.fitbit.FitbitMobile,2025-01-21 17:55:00+00:00,2025-01-21 17:54:00+00:00,0.0195,0.012116768364671232
com.google.android.apps.fitness,2025-01-21 17:55:00+00:00,2025-01-21 17:54:00+00:00,0.0195,0.012116768364671232
com.google.android.apps.fitness,2025-01-21 18:02:00+00:00,2025-01-21 18:01:00+00:00,0.021989999771118166,0.013663986336708319
com.fitbit.FitbitMobile,2025-01-21 20:42:00+00:00,2025-01-21 20:41:00+00:00,0.0146,0.009072041955087179
com.google.android.apps.fitness,2025-01-21 20:42:00+00:00,2025-01-21 20:41:00+00:00,0.014600000381469726,0.009072042192122067
com.google.android.apps.fitness,2025-01-21 21:04:00+00:00,2025-01-21 21:03:00+00:00,0.021323637008666994,0.013249926683402509
com.fitbit.FitbitMobile,2025-01-22 04:08:00+00:00,2025-01-22 04:07:00+00:00,0.000671,0.00041694110629202037
com.google.android.apps.fitness,2025-01-22 04:08:00+00:00,2025-01-22 04:07:00+00:00,0.0006710000038146973,0.00041694110866236924
com.fitbit.FitbitMobile,2025-01-22 04:09:00+00:00,2025-01-22 04:08:00+00:00,0.002684,0.0016677644251680815
com.google.android.apps.fitness,2025-01-22 04:09:00+00:00,2025-01-22 04:08:00+00:00,0.002684000015258789,0.001667764434649477
com.fitbit.FitbitMobile,2025-01-22 04:11:00+00:00,2025-01-22 04:10:00+00:00,0.000671,0.00041694110629202037
com.google.android.apps.fitness,2025-01-22 04:11:00+00:00,2025-01-22 04:10:00+00:00,0.0006710000038146973,0.00041694110866236924
com.google.android.apps.fitness,2025-01-22 04:11:00+00:00,2025-01-22 04:11:00+00:00,3.3318184432573614e-07,2.0703011441071258e-07
com.fitbit.FitbitMobile,2025-01-22 04:12:00+00:00,2025-01-22 04:11:00+00:00,0.036905,0.02293176084606112
com.google.android.apps.fitness,2025-01-22 04:12:00+00:00,2025-01-22 04:11:00+00:00,0.03690499877929688,0.022931760087549477
com.google.android.apps.fitness,2025-01-22 04:12:00+00:00,2025-01-22 04:12:00+00:00,3.3318184432573614e-07,2.0703011441071258e-07
com.fitbit.FitbitMobile,2025-01-22 04:13:00+00:00,2025-01-22 04:12:00+00:00,0.004026,0.002501646637752122
com.google.android.apps.fitness,2025-01-22 04:13:00+00:00,2025-01-22 04:12:00+00:00,0.004026000022888184,0.0025016466519742152
com.fitbit.FitbitMobile,2025-01-22 04:20:00+00:00,2025-01-22 04:19:00+00:00,0.022814,0.014175997613928692
com.google.android.apps.fitness,2025-01-22 04:20:00+00:00,2025-01-22 04:19:00+00:00,0.02281399917602539,0.014175997101933334
com.google.android.apps.fitness,2025-01-22 04:20:00+00:00,2025-01-22 04:20:00+00:00,3.3318181522190573e-07,2.070300963263858e-07
com.fitbit.FitbitMobile,2025-01-22 04:21:00+00:00,2025-01-22 04:20:00+00:00,0.011407,0.007087998806964346
com.google.android.apps.fitness,2025-01-22 04:21:00+00:00,2025-01-22 04:20:00+00:00,0.011406999588012695,0.007087998550966667
com.google.android.apps.fitness,2025-01-22 04:21:00+00:00,2025-01-22 04:21:00+00:00,3.109697136096656e-07,1.932281019608446e-07
com.fitbit.FitbitMobile,2025-01-22 04:22:00+00:00,2025-01-22 04:21:00+00:00,0.032208,0.020013173102016977
com.google.android.apps.fitness,2025-01-22 04:22:00+00:00,2025-01-22 04:21:00+00:00,0.03220800018310547,0.020013173215793722
com.google.android.apps.fitness,2025-01-22 04:22:00+00:00,2025-01-22 04:22:00+00:00,5.960052949376404e-07,3.7034144117317684e-07
com.fitbit.FitbitMobile,2025-01-22 04:23:00+00:00,2025-01-22 04:22:00+00:00,0.016775,0.01042352765730051
com.google.android.apps.fitness,2025-01-22 04:23:00+00:00,2025-01-22 04:22:00+00:00,0.016774999618530274,0.010423527420265621
com.fitbit.FitbitMobile,2025-01-22 04:25:00+00:00,2025-01-22 04:24:00+00:00,0.002684,0.0016677644251680815
com.google.android.apps.fitness,2025-01-22 04:25:00+00:00,2025-01-22 04:24:00+00:00,0.002684000015258789,0.001667764434649477
com.fitbit.FitbitMobile,2025-01-22 04:26:00+00:00,2025-01-22 04:25:00+00:00,0.00671,0.004169411062920203
com.google.android.apps.fitness,2025-01-22 04:26:00+00:00,2025-01-22 04:25:00+00:00,0.006710000038146972,0.004169411086623692
com.fitbit.FitbitMobile,2025-01-22 04:27:00+00:00,2025-01-22 04:26:00+00:00,0.024827,0.015426820932804753
com.google.android.apps.fitness,2025-01-22 04:27:00+00:00,2025-01-22 04:26:00+00:00,0.02482699966430664,0.015426820724214052
com.google.android.apps.fitness,2025-01-22 04:27:00+00:00,2025-01-22 04:27:00+00:00,5.386314587667585e-07,3.3469090357957825e-07
com.fitbit.FitbitMobile,2025-01-22 04:28:00+00:00,2025-01-22 04:27:00+00:00,0.01342,0.008338822125840407
com.google.android.apps.fitness,2025-01-22 04:28:00+00:00,2025-01-22 04:27:00+00:00,0.013420000076293945,0.008338822173247384
com.fitbit.FitbitMobile,2025-01-22 04:29:00+00:00,2025-01-22 04:28:00+00:00,0.014762,0.009172704338424448
com.google.android.apps.fitness,2025-01-22 04:29:00+00:00,2025-01-22 04:28:00+00:00,0.01476200008392334,0.009172704390572124
com.google.android.apps.fitness,2025-01-22 04:29:00+00:00,2025-01-22 04:29:00+00:00,3.3318181522190573e-07,2.070300963263858e-07
com.fitbit.FitbitMobile,2025-01-22 04:30:00+00:00,2025-01-22 04:29:00+00:00,0.019459,0.01209129208246859
com.google.android.apps.fitness,2025-01-22 04:30:00+00:00,2025-01-22 04:29:00+00:00,0.019458999633789064,0.012091291854915098
com.google.android.apps.fitness,2025-01-22 04:30:00+00:00,2025-01-22 04:30:00+00:00,5.147597403265535e-07,3.198576685638545e-07
com.fitbit.FitbitMobile,2025-01-22 04:31:00+00:00,2025-01-22 04:30:00+00:00,0.038918,0.02418258416493718
com.google.android.apps.fitness,2025-01-22 04:31:00+00:00,2025-01-22 04:30:00+00:00,0.03891799926757813,0.024182583709830195
com.google.android.apps.fitness,2025-01-22 04:31:00+00:00,2025-01-22 04:31:00+00:00,5.147597403265535e-07,3.198576685638545e-07
com.fitbit.FitbitMobile,2025-01-22 04:32:00+00:00,2025-01-22 04:31:00+00:00,0.014091,0.008755763232132428
com.google.android.apps.fitness,2025-01-22 04:32:00+00:00,2025-01-22 04:31:00+00:00,0.014090999603271485,0.008755762985616145
com.fitbit.FitbitMobile,2025-01-22 04:33:00+00:00,2025-01-22 04:32:00+00:00,0.016775,0.01042352765730051
com.google.android.apps.fitness,2025-01-22 04:33:00+00:00,2025-01-22 04:32:00+00:00,0.016774999618530274,0.010423527420265621
com.google.android.apps.fitness,2025-01-22 04:33:00+00:00,2025-01-22 04:33:00+00:00,0.006852992534637451,0.004258262725488369
com.fitbit.FitbitMobile,2025-01-22 04:52:00+00:00,2025-01-22 04:51:00+00:00,0.000671,0.00041694110629202037
com.google.android.apps.fitness,2025-01-22 04:52:00+00:00,2025-01-22 04:51:00+00:00,0.0006710000038146973,0.00041694110866236924
com.fitbit.FitbitMobile,2025-01-22 04:53:00+00:00,2025-01-22 04:52:00+00:00,0.029524,0.018345408676848897
com.google.android.apps.fitness,2025-01-22 04:53:00+00:00,2025-01-22 04:52:00+00:00,0.02952400016784668,0.018345408781144247
com.google.android.apps.fitness,2025-01-22 04:53:00+00:00,2025-01-22 04:53:00+00:00,2.639758458826691e-07,1.6402739376556173e-07
com.fitbit.FitbitMobile,2025-01-22 04:54:00+00:00,2025-01-22 04:53:00+00:00,0.036234,0.0225148197397691
com.google.android.apps.fitness,2025-01-22 04:54:00+00:00,2025-01-22 04:53:00+00:00,0.03623400115966797,0.022514820460355158
com.google.android.apps.fitness,2025-01-22 04:54:00+00:00,2025-01-22 04:54:00+00:00,4.464954836294055e-07,2.774401205645827e-07
com.fitbit.FitbitMobile,2025-01-22 04:55:00+00:00,2025-01-22 04:54:00+00:00,0.016775,0.01042352765730051
com.google.android.apps.fitness,2025-01-22 04:55:00+00:00,2025-01-22 04:54:00+00:00,0.016774999618530274,0.010423527420265621
com.google.android.apps.fitness,2025-01-22 04:55:00+00:00,2025-01-22 04:55:00+00:00,4.464954836294055e-07,2.774401205645827e-07
com.fitbit.FitbitMobile,2025-01-22 04:56:00+00:00,2025-01-22 04:55:00+00:00,0.028182,0.017511526464264855
com.google.android.apps.fitness,2025-01-22 04:56:00+00:00,2025-01-22 04:55:00+00:00,0.02818199920654297,0.01751152597123229
com.google.android.apps.fitness,2025-01-22 04:56:00+00:00,2025-01-22 04:56:00+00:00,4.478690680116415e-07,2.7829362845119213e-07
com.fitbit.FitbitMobile,2025-01-22 04:57:00+00:00,2025-01-22 04:56:00+00:00,0.012749,0.007921881019548388
com.google.android.apps.fitness,2025-01-22 04:57:00+00:00,2025-01-22 04:56:00+00:00,0.01274899959564209,0.007921880768291405
com.fitbit.FitbitMobile,2025-01-22 04:59:00+00:00,2025-01-22 04:58:00+00:00,0.000671,0.00041694110629202037
com.google.android.apps.fitness,2025-01-22 04:59:00+00:00,2025-01-22 04:58:00+00:00,0.0006710000038146973,0.00041694110866236924
com.fitbit.FitbitMobile,2025-01-22 05:00:00+00:00,2025-01-22 04:59:00+00:00,0.005368,0.003335528850336163
com.google.android.apps.fitness,2025-01-22 05:00:00+00:00,2025-01-22 04:59:00+00:00,0.005368000030517578,0.003335528869298954
com.fitbit.FitbitMobile,2025-01-22 05:01:00+00:00,2025-01-22 05:00:00+00:00,0.003355,0.0020847055314601017
com.google.android.apps.fitness,2025-01-22 05:01:00+00:00,2025-01-22 05:00:00+00:00,0.003355000019073486,0.002084705543311846
com.fitbit.FitbitMobile,2025-01-22 05:16:00+00:00,2025-01-22 05:15:00+00:00,0.011407,0.007087998806964346
com.google.android.apps.fitness,2025-01-22 05:16:00+00:00,2025-01-22 05:15:00+00:00,0.011406999588012695,0.007087998550966667
com.google.android.apps.fitness,2025-01-22 05:16:00+00:00,2025-01-22 05:16:00+00:00,3.3318178611807527e-07,2.0703007824205903e-07
com.fitbit.FitbitMobile,2025-01-22 05:17:00+00:00,2025-01-22 05:16:00+00:00,0.022814,0.014175997613928692
com.google.android.apps.fitness,2025-01-22 05:17:00+00:00,2025-01-22 05:16:00+00:00,0.02281399917602539,0.014175997101933334
com.fitbit.FitbitMobile,2025-01-22 05:18:00+00:00,2025-01-22 05:17:00+00:00,0.000671,0.00041694110629202037
com.google.android.apps.fitness,2025-01-22 05:18:00+00:00,2025-01-22 05:17:00+00:00,0.0006710000038146973,0.00041694110866236924
com.fitbit.FitbitMobile,2025-01-22 05:19:00+00:00,2025-01-22 05:18:00+00:00,0.015433,0.009589645444716468
com.google.android.apps.fitness,2025-01-22 05:19:00+00:00,2025-01-22 05:18:00+00:00,0.01543299961090088,0.009589645202940882
com.google.android.apps.fitness,2025-01-22 05:19:00+00:00,2025-01-22 05:19:00+00:00,0.0007706530690193177,0.00047886280650410583
com.fitbit.FitbitMobile,2025-01-22 05:43:00+00:00,2025-01-22 05:42:00+00:00,0.002013,0.001250823318876061
com.google.android.apps.fitness,2025-01-22 05:43:00+00:00,2025-01-22 05:42:00+00:00,0.002013000011444092,0.0012508233259871076
com.fitbit.FitbitMobile,2025-01-22 05:44:00+00:00,2025-01-22 05:43:00+00:00,0.014762,0.009172704338424448
com.google.android.apps.fitness,2025-01-22 05:44:00+00:00,2025-01-22 05:43:00+00:00,0.01476200008392334,0.009172704390572124
com.google.android.apps.fitness,2025-01-22 05:44:00+00:00,2025-01-22 05:44:00+00:00,0.005213976860046387,0.00323982307035579
com.fitbit.FitbitMobile,2025-01-22 05:47:00+00:00,2025-01-22 05:46:00+00:00,0.002013,0.001250823318876061
com.google.android.apps.fitness,2025-01-22 05:47:00+00:00,2025-01-22 05:46:00+00:00,0.002013000011444092,0.0012508233259871076
com.fitbit.FitbitMobile,2025-01-22 05:48:00+00:00,2025-01-22 05:47:00+00:00,0.014762,0.009172704338424448
com.google.android.apps.fitness,2025-01-22 05:48:00+00:00,2025-01-22 05:47:00+00:00,0.01476200008392334,0.009172704390572124
com.google.android.apps.fitness,2025-01-22 05:48:00+00:00,2025-01-22 05:48:00+00:00,4.824488423764705e-07,2.997805574809988e-07
com.fitbit.FitbitMobile,2025-01-22 05:49:00+00:00,2025-01-22 05:48:00+00:00,0.000671,0.00041694110629202037
com.google.android.apps.fitness,2025-01-22 05:49:00+00:00,2025-01-22 05:48:00+00:00,0.0006710000038146973,0.00041694110866236924
com.google.android.apps.fitness,2025-01-22 05:49:00+00:00,2025-01-22 05:49:00+00:00,3.3318181522190573e-07,2.070300963263858e-07
com.fitbit.FitbitMobile,2025-01-22 05:50:00+00:00,2025-01-22 05:49:00+00:00,0.02013,0.01250823318876061
com.google.android.apps.fitness,2025-01-22 05:50:00+00:00,2025-01-22 05:49:00+00:00,0.0201299991607666,0.012508232667283858
com.google.android.apps.fitness,2025-01-22 05:50:00+00:00,2025-01-22 05:50:00+00:00,3.3318181522190573e-07,2.070300963263858e-07
com.fitbit.FitbitMobile,2025-01-22 05:51:00+00:00,2025-01-22 05:50:00+00:00,0.036234,0.0225148197397691
com.google.android.apps.fitness,2025-01-22 05:51:00+00:00,2025-01-22 05:50:00+00:00,0.03623400115966797,0.022514820460355158
com.google.android.apps.fitness,2025-01-22 05:51:00+00:00,2025-01-22 05:51:00+00:00,0.007817885398864747,0.004857820845107153
com.google.android.apps.fitness,2025-01-22 05:52:00+00:00,2025-01-22 05:51:00+00:00,0.015992727279663086,0.009937444716258272
com.google.android.apps.fitness,2025-01-22 05:52:00+00:00,2025-01-22 05:52:00+00:00,0.001585956335067749,0.0009854700281281452
com.fitbit.FitbitMobile,2025-01-22 05:53:00+00:00,2025-01-22 05:52:00+00:00,0.0341,0.021188810319758413
com.google.android.apps.fitness,2025-01-22 05:53:00+00:00,2025-01-22 05:52:00+00:00,0.034099998474121096,0.02118880937161886
com.google.android.apps.fitness,2025-01-22 05:53:00+00:00,2025-01-22 05:53:00+00:00,4.641268460545689e-07,2.88395768485571e-07
com.fitbit.FitbitMobile,2025-01-22 05:54:00+00:00,2025-01-22 05:53:00+00:00,0.027,0.016777063889544783
com.google.android.apps.fitness,2025-01-22 05:54:00+00:00,2025-01-22 05:53:00+00:00,0.027,0.016777063889544783
com.google.android.apps.fitness,2025-01-22 05:55:00+00:00,2025-01-22 05:54:00+00:00,0.013489163398742676,0.008381798376193145
com.google.android.apps.fitness,2025-01-22 05:55:00+00:00,2025-01-22 05:55:00+00:00,0.010661818504333497,0.006624963341701254
com.google.android.apps.fitness,2025-01-22 06:04:00+00:00,2025-01-22 06:04:00+00:00,0.00932909107208252,0.0057968428499151955
com.fitbit.FitbitMobile,2025-01-22 07:31:00+00:00,2025-01-22 07:30:00+00:00,0.0037,0.002299079125604285
com.google.android.apps.fitness,2025-01-22 07:31:00+00:00,2025-01-22 07:30:00+00:00,0.0037000000476837156,0.002299079155233646
com.fitbit.FitbitMobile,2025-01-22 07:32:00+00:00,2025-01-22 07:31:00+00:00,0.0019,0.001180608199634633
com.google.android.apps.fitness,2025-01-22 07:32:00+00:00,2025-01-22 07:31:00+00:00,0.001899999976158142,0.0011806081848199524
com.google.android.apps.fitness,2025-01-22 07:35:00+00:00,2025-01-22 07:35:00+00:00,0.00835322093963623,0.005190463755102235
com.google.android.apps.fitness,2025-01-22 07:35:00+00:00,2025-01-22 07:35:00+00:00,0.0042529449462890626,0.0026426640400966004
com.fitbit.FitbitMobile,2025-01-22 07:36:00+00:00,2025-01-22 07:35:00+00:00,0.0507,0.03150359774814521
com.google.android.apps.fitness,2025-01-22 07:36:00+00:00,2025-01-22 07:35:00+00:00,0.05070000076293945,0.03150359822221498
com.google.android.apps.fitness,2025-01-22 07:36:00+00:00,2025-01-22 07:36:00+00:00,0.009218935966491698,0.005728395470498278
com.fitbit.FitbitMobile,2025-01-22 07:46:00+00:00,2025-01-22 07:45:00+00:00,0.002013,0.001250823318876061
com.google.android.apps.fitness,2025-01-22 07:46:00+00:00,2025-01-22 07:45:00+00:00,0.002013000011444092,0.0012508233259871076
com.fitbit.FitbitMobile,2025-01-22 07:49:00+00:00,2025-01-22 07:48:00+00:00,0.002684,0.0016677644251680815
com.google.android.apps.fitness,2025-01-22 07:49:00+00:00,2025-01-22 07:48:00+00:00,0.002684000015258789,0.001667764434649477
com.google.android.apps.fitness,2025-01-22 07:55:00+00:00,2025-01-22 07:54:00+00:00,0.011557697296142578,0.007181637998274186
com.fitbit.FitbitMobile,2025-01-22 07:56:00+00:00,2025-01-22 07:55:00+00:00,0.0391,0.024295674003007445
com.google.android.apps.fitness,2025-01-22 07:56:00+00:00,2025-01-22 07:55:00+00:00,0.039099998474121093,0.024295673054867895
com.google.android.apps.fitness,2025-01-22 07:56:00+00:00,2025-01-22 07:56:00+00:00,3.3318181522190573e-07,2.070300963263858e-07
com.fitbit.FitbitMobile,2025-01-22 07:57:00+00:00,2025-01-22 07:56:00+00:00,0.0482,0.02995016590652069
com.google.android.apps.fitness,2025-01-22 07:57:00+00:00,2025-01-22 07:56:00+00:00,0.048200000762939454,0.029950166380590462
com.google.android.apps.fitness,2025-01-22 07:57:00+00:00,2025-01-22 07:57:00+00:00,4.181365147815086e-08,2.5981863048299837e-08
com.fitbit.FitbitMobile,2025-01-22 07:58:00+00:00,2025-01-22 07:57:00+00:00,0.0422,0.02622192948662185
com.google.android.apps.fitness,2025-01-22 07:58:00+00:00,2025-01-22 07:57:00+00:00,0.042200000762939456,0.02622192996069162
com.google.android.apps.fitness,2025-01-22 07:58:00+00:00,2025-01-22 07:58:00+00:00,2.4943645112216472e-06,1.5499301025399527e-06
com.fitbit.FitbitMobile,2025-01-22 07:59:00+00:00,2025-01-22 07:58:00+00:00,0.074,0.0459815825120857
com.google.android.apps.fitness,2025-01-22 07:59:00+00:00,2025-01-22 07:58:00+00:00,0.074,0.0459815825120857
com.google.android.apps.fitness,2025-01-22 07:59:00+00:00,2025-01-22 07:59:00+00:00,7.66126299276948e-06,4.760499952011061e-06
com.fitbit.FitbitMobile,2025-01-22 08:00:00+00:00,2025-01-22 07:59:00+00:00,0.0417,0.025911243118296946
com.google.android.apps.fitness,2025-01-22 08:00:00+00:00,2025-01-22 07:59:00+00:00,0.041700000762939456,0.02591124359236672
com.fitbit.FitbitMobile,2025-01-22 08:01:00+00:00,2025-01-22 08:00:00+00:00,0.0597,0.037095952377993464
com.google.android.apps.fitness,2025-01-22 08:01:00+00:00,2025-01-22 08:00:00+00:00,0.05970000076293945,0.03709595285206324
com.google.android.apps.fitness,2025-01-22 08:01:00+00:00,2025-01-22 08:01:00+00:00,1.2823547003790737e-06,7.96820249530288e-07
com.fitbit.FitbitMobile,2025-01-22 08:02:00+00:00,2025-01-22 08:01:00+00:00,0.01,0.006213727366498068
com.google.android.apps.fitness,2025-01-22 08:02:00+00:00,2025-01-22 08:01:00+00:00,0.01,0.006213727366498068
com.google.android.apps.fitness,2025-01-22 08:02:00+00:00,2025-01-22 08:02:00+00:00,1.2823547003790737e-06,7.96820249530288e-07
com.fitbit.FitbitMobile,2025-01-22 08:03:00+00:00,2025-01-22 08:02:00+00:00,0.0206,0.012800278374986021
com.google.android.apps.fitness,2025-01-22 08:03:00+00:00,2025-01-22 08:02:00+00:00,0.020600000381469728,0.012800278612020908
com.google.android.apps.fitness,2025-01-22 08:03:00+00:00,2025-01-22 08:03:00+00:00,1.2823547003790737e-06,7.96820249530288e-07
com.fitbit.FitbitMobile,2025-01-22 08:04:00+00:00,2025-01-22 08:03:00+00:00,0.012,0.0074564728397976815
com.google.android.apps.fitness,2025-01-22 08:04:00+00:00,2025-01-22 08:03:00+00:00,0.012,0.0074564728397976815
com.fitbit.FitbitMobile,2025-01-22 08:05:00+00:00,2025-01-22 08:04:00+00:00,0.006,0.0037282364198988407
com.google.android.apps.fitness,2025-01-22 08:05:00+00:00,2025-01-22 08:04:00+00:00,0.006,0.0037282364198988407
com.google.android.apps.fitness,2025-01-22 08:06:00+00:00,2025-01-22 08:05:00+00:00,0.011032832145690919,0.006855501103365925
com.google.android.apps.fitness,2025-01-22 08:06:00+00:00,2025-01-22 08:06:00+00:00,0.02065727233886719,0.012835865844922259
com.google.android.apps.fitness,2025-01-22 08:07:00+00:00,2025-01-22 08:06:00+00:00,0.03594879150390625,0.02233759895603555
com.fitbit.FitbitMobile,2025-01-22 08:08:00+00:00,2025-01-22 08:07:00+00:00,0.06495,0.040358159245404944
com.google.android.apps.fitness,2025-01-22 08:08:00+00:00,2025-01-22 08:07:00+00:00,0.06494999694824219,0.040358157349125845
com.google.android.apps.fitness,2025-01-22 08:08:00+00:00,2025-01-22 08:08:00+00:00,9.712867322377861e-07,6.035310948822412e-07
com.fitbit.FitbitMobile,2025-01-22 08:09:00+00:00,2025-01-22 08:08:00+00:00,0.024156,0.015009879826512732
com.google.android.apps.fitness,2025-01-22 08:09:00+00:00,2025-01-22 08:08:00+00:00,0.0241560001373291,0.015009879911845292
com.fitbit.FitbitMobile,2025-01-22 08:10:00+00:00,2025-01-22 08:09:00+00:00,0.011407,0.007087998806964346
com.google.android.apps.fitness,2025-01-22 08:10:00+00:00,2025-01-22 08:09:00+00:00,0.011406999588012695,0.007087998550966667
com.fitbit.FitbitMobile,2025-01-22 08:11:00+00:00,2025-01-22 08:10:00+00:00,0.011407,0.007087998806964346
com.google.android.apps.fitness,2025-01-22 08:11:00+00:00,2025-01-22 08:10:00+00:00,0.011406999588012695,0.007087998550966667
com.fitbit.FitbitMobile,2025-01-22 08:31:00+00:00,2025-01-22 08:30:00+00:00,0.009394,0.005837175488088285
com.google.android.apps.fitness,2025-01-22 08:31:00+00:00,2025-01-22 08:30:00+00:00,0.009394000053405762,0.00583717552127317
com.google.android.apps.fitness,2025-01-22 08:31:00+00:00,2025-01-22 08:31:00+00:00,3.3318178611807527e-07,2.0703007824205903e-07
com.fitbit.FitbitMobile,2025-01-22 08:32:00+00:00,2025-01-22 08:31:00+00:00,0.023485,0.014592938720220713
com.google.android.apps.fitness,2025-01-22 08:32:00+00:00,2025-01-22 08:31:00+00:00,0.023485000610351563,0.014592939099476534
com.google.android.apps.fitness,2025-01-22 08:32:00+00:00,2025-01-22 08:32:00+00:00,3.3318178611807527e-07,2.0703007824205903e-07
com.fitbit.FitbitMobile,2025-01-22 08:33:00+00:00,2025-01-22 08:32:00+00:00,0.044957,0.02793505412156536
com.google.android.apps.fitness,2025-01-22 08:33:00+00:00,2025-01-22 08:32:00+00:00,0.04495700073242188,0.02793505457667235
com.google.android.apps.fitness,2025-01-22 08:33:00+00:00,2025-01-22 08:33:00+00:00,7.982561946846545e-07,4.960146362388647e-07
com.fitbit.FitbitMobile,2025-01-22 08:34:00+00:00,2025-01-22 08:33:00+00:00,0.04026,0.02501646637752122
com.google.android.apps.fitness,2025-01-22 08:34:00+00:00,2025-01-22 08:33:00+00:00,0.0402599983215332,0.025016465334567715
com.fitbit.FitbitMobile,2025-01-22 08:35:00+00:00,2025-01-22 08:34:00+00:00,0.007381,0.004586352169212224
com.google.android.apps.fitness,2025-01-22 08:35:00+00:00,2025-01-22 08:34:00+00:00,0.00738100004196167,0.004586352195286062
com.fitbit.FitbitMobile,2025-01-22 09:08:00+00:00,2025-01-22 09:07:00+00:00,0.016104,0.010006586551008488
com.google.android.apps.fitness,2025-01-22 09:08:00+00:00,2025-01-22 09:07:00+00:00,0.016104000091552734,0.010006586607896861
com.google.android.apps.fitness,2025-01-22 09:08:00+00:00,2025-01-22 09:08:00+00:00,0.006550158500671387,0.0040700899130521745
com.fitbit.FitbitMobile,2025-01-22 09:10:00+00:00,2025-01-22 09:09:00+00:00,0.000671,0.00041694110629202037
com.google.android.apps.fitness,2025-01-22 09:10:00+00:00,2025-01-22 09:09:00+00:00,0.0006710000038146973,0.00041694110866236924
com.fitbit.FitbitMobile,2025-01-22 09:11:00+00:00,2025-01-22 09:10:00+00:00,0.000671,0.00041694110629202037
com.google.android.apps.fitness,2025-01-22 09:11:00+00:00,2025-01-22 09:10:00+00:00,0.0006710000038146973,0.00041694110866236924
com.fitbit.FitbitMobile,2025-01-22 09:42:00+00:00,2025-01-22 09:41:00+00:00,0.002684,0.0016677644251680815
com.google.android.apps.fitness,2025-01-22 09:42:00+00:00,2025-01-22 09:41:00+00:00,0.002684000015258789,0.001667764434649477
com.fitbit.FitbitMobile,2025-01-22 10:18:00+00:00,2025-01-22 10:17:00+00:00,0.001342,0.0008338822125840407
com.google.android.apps.fitness,2025-01-22 10:18:00+00:00,2025-01-22 10:17:00+00:00,0.0013420000076293946,0.0008338822173247385
com.fitbit.FitbitMobile,2025-01-22 10:19:00+00:00,2025-01-22 10:18:00+00:00,0.000671,0.00041694110629202037
com.google.android.apps.fitness,2025-01-22 10:19:00+00:00,2025-01-22 10:18:00+00:00,0.0006710000038146973,0.00041694110866236924
com.fitbit.FitbitMobile,2025-01-22 12:11:00+00:00,2025-01-22 12:10:00+00:00,0.000671,0.00041694110629202037
com.google.android.apps.fitness,2025-01-22 12:11:00+00:00,2025-01-22 12:10:00+00:00,0.0006710000038146973,0.00041694110866236924
com.fitbit.FitbitMobile,2025-01-22 12:12:00+00:00,2025-01-22 12:11:00+00:00,0.007381,0.004586352169212224
com.google.android.apps.fitness,2025-01-22 12:12:00+00:00,2025-01-22 12:11:00+00:00,0.00738100004196167,0.004586352195286062
com.fitbit.FitbitMobile,2025-01-22 12:13:00+00:00,2025-01-22 12:12:00+00:00,0.002013,0.001250823318876061
com.google.android.apps.fitness,2025-01-22 12:13:00+00:00,2025-01-22 12:12:00+00:00,0.002013000011444092,0.0012508233259871076
com.fitbit.FitbitMobile,2025-01-22 12:14:00+00:00,2025-01-22 12:13:00+00:00,0.000671,0.00041694110629202037
com.google.android.apps.fitness,2025-01-22 12:14:00+00:00,2025-01-22 12:13:00+00:00,0.0006710000038146973,0.00041694110866236924
com.fitbit.FitbitMobile,2025-01-22 12:48:00+00:00,2025-01-22 12:47:00+00:00,0.001342,0.0008338822125840407
com.google.android.apps.fitness,2025-01-22 12:48:00+00:00,2025-01-22 12:47:00+00:00,0.0013420000076293946,0.0008338822173247385
com.fitbit.FitbitMobile,2025-01-22 12:49:00+00:00,2025-01-22 12:48:00+00:00,0.010065,0.006254116594380305
com.google.android.apps.fitness,2025-01-22 12:49:00+00:00,2025-01-22 12:48:00+00:00,0.0100649995803833,0.006254116333641929
com.fitbit.FitbitMobile,2025-01-22 13:00:00+00:00,2025-01-22 12:59:00+00:00,0.000671,0.00041694110629202037
com.google.android.apps.fitness,2025-01-22 13:00:00+00:00,2025-01-22 12:59:00+00:00,0.0006710000038146973,0.00041694110866236924
com.fitbit.FitbitMobile,2025-01-22 13:01:00+00:00,2025-01-22 13:00:00+00:00,0.019459,0.01209129208246859
com.google.android.apps.fitness,2025-01-22 13:01:00+00:00,2025-01-22 13:00:00+00:00,0.019458999633789064,0.012091291854915098
com.google.android.apps.fitness,2025-01-22 13:01:00+00:00,2025-01-22 13:01:00+00:00,3.3318181522190573e-07,2.070300963263858e-07
com.fitbit.FitbitMobile,2025-01-22 13:02:00+00:00,2025-01-22 13:01:00+00:00,0.000671,0.00041694110629202037
com.google.android.apps.fitness,2025-01-22 13:02:00+00:00,2025-01-22 13:01:00+00:00,0.0006710000038146973,0.00041694110866236924
com.fitbit.FitbitMobile,2025-01-22 13:44:00+00:00,2025-01-22 13:43:00+00:00,0.00671,0.004169411062920203
com.google.android.apps.fitness,2025-01-22 13:44:00+00:00,2025-01-22 13:43:00+00:00,0.006710000038146972,0.004169411086623692
com.google.android.apps.fitness,2025-01-22 13:44:00+00:00,2025-01-22 13:44:00+00:00,3.3318181522190573e-07,2.070300963263858e-07
com.fitbit.FitbitMobile,2025-01-22 13:45:00+00:00,2025-01-22 13:44:00+00:00,0.027511,0.017094585357972834
com.google.android.apps.fitness,2025-01-22 13:45:00+00:00,2025-01-22 13:44:00+00:00,0.02751099967956543,0.01709458515886353
com.google.android.apps.fitness,2025-01-22 13:45:00+00:00,2025-01-22 13:45:00+00:00,0.003716209888458252,0.002309151508356377
com.fitbit.FitbitMobile,2025-01-22 14:02:00+00:00,2025-01-22 14:01:00+00:00,0.000671,0.00041694110629202037
com.google.android.apps.fitness,2025-01-22 14:02:00+00:00,2025-01-22 14:01:00+00:00,0.0006710000038146973,0.00041694110866236924
com.fitbit.FitbitMobile,2025-01-22 14:03:00+00:00,2025-01-22 14:02:00+00:00,0.022814,0.014175997613928692
com.google.android.apps.fitness,2025-01-22 14:03:00+00:00,2025-01-22 14:02:00+00:00,0.02281399917602539,0.014175997101933334
com.fitbit.FitbitMobile,2025-01-22 14:04:00+00:00,2025-01-22 14:03:00+00:00,0.001342,0.0008338822125840407
com.google.android.apps.fitness,2025-01-22 14:04:00+00:00,2025-01-22 14:03:00+00:00,0.0013420000076293946,0.0008338822173247385
com.google.android.apps.fitness,2025-01-22 14:04:00+00:00,2025-01-22 14:04:00+00:00,3.3318178611807527e-07,2.0703007824205903e-07
com.fitbit.FitbitMobile,2025-01-22 14:05:00+00:00,2025-01-22 14:04:00+00:00,0.026169,0.016260703145388793
com.google.android.apps.fitness,2025-01-22 14:05:00+00:00,2025-01-22 14:04:00+00:00,0.026169000625610353,0.01626070353412601
com.fitbit.FitbitMobile,2025-01-22 14:06:00+00:00,2025-01-22 14:05:00+00:00,0.000671,0.00041694110629202037
com.google.android.apps.fitness,2025-01-22 14:06:00+00:00,2025-01-22 14:05:00+00:00,0.0006710000038146973,0.00041694110866236924
com.google.android.apps.fitness,2025-01-22 14:06:00+00:00,2025-01-22 14:06:00+00:00,3.3318178611807527e-07,2.0703007824205903e-07
com.fitbit.FitbitMobile,2025-01-22 14:07:00+00:00,2025-01-22 14:06:00+00:00,0.010065,0.006254116594380305
com.google.android.apps.fitness,2025-01-22 14:07:00+00:00,2025-01-22 14:06:00+00:00,0.0100649995803833,0.006254116333641929
com.google.android.apps.fitness,2025-01-22 14:07:00+00:00,2025-01-22 14:07:00+00:00,3.655212640296668e-07,2.2712494813381063e-07
com.fitbit.FitbitMobile,2025-01-22 14:08:00+00:00,2025-01-22 14:07:00+00:00,0.023485,0.014592938720220713
com.google.android.apps.fitness,2025-01-22 14:08:00+00:00,2025-01-22 14:07:00+00:00,0.023485000610351563,0.014592939099476534
com.google.android.apps.fitness,2025-01-22 14:08:00+00:00,2025-01-22 14:08:00+00:00,4.035188176203519e-07,2.5073559199445234e-07
com.fitbit.FitbitMobile,2025-01-22 14:09:00+00:00,2025-01-22 14:08:00+00:00,0.025498,0.015843762039096775
com.google.android.apps.fitness,2025-01-22 14:09:00+00:00,2025-01-22 14:08:00+00:00,0.02549799919128418,0.01584376153658281
com.google.android.apps.fitness,2025-01-22 14:09:00+00:00,2025-01-22 14:09:00+00:00,2.766754187177867e-07,1.7191856209240229e-07
com.fitbit.FitbitMobile,2025-01-22 14:10:00+00:00,2025-01-22 14:09:00+00:00,0.008052,0.005003293275504244
com.google.android.apps.fitness,2025-01-22 14:10:00+00:00,2025-01-22 14:09:00+00:00,0.008052000045776367,0.0050032933039484305
com.fitbit.FitbitMobile,2025-01-22 14:32:00+00:00,2025-01-22 14:31:00+00:00,0.000671,0.00041694110629202037
com.google.android.apps.fitness,2025-01-22 14:32:00+00:00,2025-01-22 14:31:00+00:00,0.0006710000038146973,0.00041694110866236924
com.fitbit.FitbitMobile,2025-01-22 14:33:00+00:00,2025-01-22 14:32:00+00:00,0.006039,0.003752469956628183
com.google.android.apps.fitness,2025-01-22 14:33:00+00:00,2025-01-22 14:32:00+00:00,0.006039000034332275,0.003752469977961323
com.fitbit.FitbitMobile,2025-01-22 15:46:00+00:00,2025-01-22 15:45:00+00:00,0.016104,0.010006586551008488
com.google.android.apps.fitness,2025-01-22 15:46:00+00:00,2025-01-22 15:45:00+00:00,0.016104000091552734,0.010006586607896861
com.fitbit.FitbitMobile,2025-01-22 15:47:00+00:00,2025-01-22 15:46:00+00:00,0.000671,0.00041694110629202037
com.google.android.apps.fitness,2025-01-22 15:47:00+00:00,2025-01-22 15:46:00+00:00,0.0006710000038146973,0.00041694110866236924
com.fitbit.FitbitMobile,2025-01-22 15:48:00+00:00,2025-01-22 15:47:00+00:00,0.004697,0.0029185877440441425
com.google.android.apps.fitness,2025-01-22 15:48:00+00:00,2025-01-22 15:47:00+00:00,0.004697000026702881,0.002918587760636585
com.fitbit.FitbitMobile,2025-01-22 16:00:00+00:00,2025-01-22 15:59:00+00:00,0.004026,0.002501646637752122
com.google.android.apps.fitness,2025-01-22 16:00:00+00:00,2025-01-22 15:59:00+00:00,0.004026000022888184,0.0025016466519742152
com.fitbit.FitbitMobile,2025-01-22 16:17:00+00:00,2025-01-22 16:16:00+00:00,0.000671,0.00041694110629202037
com.google.android.apps.fitness,2025-01-22 16:17:00+00:00,2025-01-22 16:16:00+00:00,0.0006710000038146973,0.00041694110866236924
com.fitbit.FitbitMobile,2025-01-22 16:18:00+00:00,2025-01-22 16:17:00+00:00,0.010065,0.006254116594380305
com.google.android.apps.fitness,2025-01-22 16:18:00+00:00,2025-01-22 16:17:00+00:00,0.0100649995803833,0.006254116333641929
com.fitbit.FitbitMobile,2025-01-22 16:19:00+00:00,2025-01-22 16:18:00+00:00,0.009394,0.005837175488088285
com.google.android.apps.fitness,2025-01-22 16:19:00+00:00,2025-01-22 16:18:00+00:00,0.009394000053405762,0.00583717552127317
com.google.android.apps.fitness,2025-01-22 16:19:00+00:00,2025-01-22 16:19:00+00:00,0.0014751064777374268,0.0009165909489215621
com.fitbit.FitbitMobile,2025-01-22 19:56:00+00:00,2025-01-22 19:55:00+00:00,0.001342,0.0008338822125840407
com.google.android.apps.fitness,2025-01-22 19:56:00+00:00,2025-01-22 19:55:00+00:00,0.0013420000076293946,0.0008338822173247385
com.fitbit.FitbitMobile,2025-01-22 19:57:00+00:00,2025-01-22 19:56:00+00:00,0.000671,0.00041694110629202037
com.google.android.apps.fitness,2025-01-22 19:57:00+00:00,2025-01-22 19:56:00+00:00,0.0006710000038146973,0.00041694110866236924
com.fitbit.FitbitMobile,2025-01-22 21:07:00+00:00,2025-01-22 21:06:00+00:00,0.012749,0.007921881019548388
com.google.android.apps.fitness,2025-01-22 21:07:00+00:00,2025-01-22 21:06:00+00:00,0.01274899959564209,0.007921880768291405
com.fitbit.FitbitMobile,2025-01-22 21:37:00+00:00,2025-01-22 21:36:00+00:00,0.004026,0.002501646637752122
com.google.android.apps.fitness,2025-01-22 21:37:00+00:00,2025-01-22 21:36:00+00:00,0.004026000022888184,0.0025016466519742152
com.fitbit.FitbitMobile,2025-01-22 21:39:00+00:00,2025-01-22 21:38:00+00:00,0.000671,0.00041694110629202037
com.google.android.apps.fitness,2025-01-22 21:39:00+00:00,2025-01-22 21:38:00+00:00,0.0006710000038146973,0.00041694110866236924
com.fitbit.FitbitMobile,2025-01-22 21:40:00+00:00,2025-01-22 21:39:00+00:00,0.006039,0.003752469956628183
com.google.android.apps.fitness,2025-01-22 21:40:00+00:00,2025-01-22 21:39:00+00:00,0.006039000034332275,0.003752469977961323
com.fitbit.FitbitMobile,2025-01-22 21:47:00+00:00,2025-01-22 21:46:00+00:00,0.001342,0.0008338822125840407
com.google.android.apps.fitness,2025-01-22 21:47:00+00:00,2025-01-22 21:46:00+00:00,0.0013420000076293946,0.0008338822173247385
com.fitbit.FitbitMobile,2025-01-22 21:48:00+00:00,2025-01-22 21:47:00+00:00,0.002013,0.001250823318876061
com.google.android.apps.fitness,2025-01-22 21:48:00+00:00,2025-01-22 21:47:00+00:00,0.002013000011444092,0.0012508233259871076
com.fitbit.FitbitMobile,2025-01-23 04:18:00+00:00,2025-01-23 04:17:00+00:00,0.002013,0.001250823318876061
com.google.android.apps.fitness,2025-01-23 04:18:00+00:00,2025-01-23 04:17:00+00:00,0.002013000011444092,0.0012508233259871076
com.fitbit.FitbitMobile,2025-01-23 04:21:00+00:00,2025-01-23 04:20:00+00:00,0.002013,0.001250823318876061
com.google.android.apps.fitness,2025-01-23 04:21:00+00:00,2025-01-23 04:20:00+00:00,0.002013000011444092,0.0012508233259871076
com.fitbit.FitbitMobile,2025-01-23 04:22:00+00:00,2025-01-23 04:21:00+00:00,0.017445999999999996,0.010840468763592528
com.google.android.apps.fitness,2025-01-23 04:22:00+00:00,2025-01-23 04:21:00+00:00,0.01744599914550781,0.01084046823263438
com.google.android.apps.fitness,2025-01-23 04:22:00+00:00,2025-01-23 04:22:00+00:00,3.3318178611807527e-07,2.0703007824205903e-07
com.fitbit.FitbitMobile,2025-01-23 04:23:00+00:00,2025-01-23 04:22:00+00:00,0.040931,0.025433407483813245
com.google.android.apps.fitness,2025-01-23 04:23:00+00:00,2025-01-23 04:22:00+00:00,0.04093099975585938,0.025433407332110913
com.google.android.apps.fitness,2025-01-23 04:23:00+00:00,2025-01-23 04:23:00+00:00,8.593332604505122e-07,5.339662597403359e-07
com.fitbit.FitbitMobile,2025-01-23 04:24:00+00:00,2025-01-23 04:23:00+00:00,0.028182,0.017511526464264855
com.google.android.apps.fitness,2025-01-23 04:24:00+00:00,2025-01-23 04:23:00+00:00,0.02818199920654297,0.01751152597123229
com.fitbit.FitbitMobile,2025-01-23 04:38:00+00:00,2025-01-23 04:37:00+00:00,0.001342,0.0008338822125840407
com.google.android.apps.fitness,2025-01-23 04:38:00+00:00,2025-01-23 04:37:00+00:00,0.0013420000076293946,0.0008338822173247385
com.fitbit.FitbitMobile,2025-01-23 04:39:00+00:00,2025-01-23 04:38:00+00:00,0.000671,0.00041694110629202037
com.google.android.apps.fitness,2025-01-23 04:39:00+00:00,2025-01-23 04:38:00+00:00,0.0006710000038146973,0.00041694110866236924
com.fitbit.FitbitMobile,2025-01-23 04:41:00+00:00,2025-01-23 04:40:00+00:00,0.000671,0.00041694110629202037
com.google.android.apps.fitness,2025-01-23 04:41:00+00:00,2025-01-23 04:40:00+00:00,0.0006710000038146973,0.00041694110866236924
com.google.android.apps.fitness,2025-01-23 04:41:00+00:00,2025-01-23 04:41:00+00:00,3.3318181522190573e-07,2.070300963263858e-07
com.fitbit.FitbitMobile,2025-01-23 04:42:00+00:00,2025-01-23 04:41:00+00:00,0.02684,0.016677644251680813
com.google.android.apps.fitness,2025-01-23 04:42:00+00:00,2025-01-23 04:41:00+00:00,0.02684000015258789,0.01667764434649477
com.google.android.apps.fitness,2025-01-23 04:42:00+00:00,2025-01-23 04:42:00+00:00,3.3318181522190573e-07,2.070300963263858e-07
com.fitbit.FitbitMobile,2025-01-23 04:43:00+00:00,2025-01-23 04:42:00+00:00,0.005368,0.003335528850336163
com.google.android.apps.fitness,2025-01-23 04:43:00+00:00,2025-01-23 04:42:00+00:00,0.005368000030517578,0.003335528869298954
com.fitbit.FitbitMobile,2025-01-23 04:44:00+00:00,2025-01-23 04:43:00+00:00,0.002013,0.001250823318876061
com.google.android.apps.fitness,2025-01-23 04:44:00+00:00,2025-01-23 04:43:00+00:00,0.002013000011444092,0.0012508233259871076
com.google.android.apps.fitness,2025-01-23 04:44:00+00:00,2025-01-23 04:44:00+00:00,3.3318178611807527e-07,2.0703007824205903e-07
com.fitbit.FitbitMobile,2025-01-23 04:45:00+00:00,2025-01-23 04:44:00+00:00,0.041602,0.02585034859010526
com.google.android.apps.fitness,2025-01-23 04:45:00+00:00,2025-01-23 04:44:00+00:00,0.04160200119018555,0.02585034932965411
com.google.android.apps.fitness,2025-01-23 04:45:00+00:00,2025-01-23 04:45:00+00:00,3.3318178611807527e-07,2.0703007824205903e-07
com.fitbit.FitbitMobile,2025-01-23 04:46:00+00:00,2025-01-23 04:45:00+00:00,0.030195,0.018762349783140914
com.google.android.apps.fitness,2025-01-23 04:46:00+00:00,2025-01-23 04:45:00+00:00,0.03019499969482422,0.018762349593513007
com.google.android.apps.fitness,2025-01-23 04:46:00+00:00,2025-01-23 04:46:00+00:00,0.007960903167724609,0.004946688187533156
com.google.android.apps.fitness,2025-01-23 05:00:00+00:00,2025-01-23 04:59:00+00:00,0.01593182945251465,0.00989960446674702
com.fitbit.FitbitMobile,2025-01-23 05:01:00+00:00,2025-01-23 05:00:00+00:00,0.00671,0.004169411062920203
com.google.android.apps.fitness,2025-01-23 05:01:00+00:00,2025-01-23 05:00:00+00:00,0.006710000038146972,0.004169411086623692
com.google.android.apps.fitness,2025-01-23 05:02:00+00:00,2025-01-23 05:01:00+00:00,0.026715780258178713,0.016600457490759387
com.google.android.apps.fitness,2025-01-23 05:03:00+00:00,2025-01-23 05:02:00+00:00,0.015620319366455079,0.009706040592078169
com.fitbit.FitbitMobile,2025-01-23 05:04:00+00:00,2025-01-23 05:03:00+00:00,0.000671,0.00041694110629202037
com.google.android.apps.fitness,2025-01-23 05:04:00+00:00,2025-01-23 05:03:00+00:00,0.0006710000038146973,0.00041694110866236924
com.fitbit.FitbitMobile,2025-01-23 05:05:00+00:00,2025-01-23 05:04:00+00:00,0.02013,0.01250823318876061
com.google.android.apps.fitness,2025-01-23 05:05:00+00:00,2025-01-23 05:04:00+00:00,0.0201299991607666,0.012508232667283858
com.google.android.apps.fitness,2025-01-23 05:05:00+00:00,2025-01-23 05:05:00+00:00,3.3318181522190573e-07,2.070300963263858e-07
com.fitbit.FitbitMobile,2025-01-23 05:06:00+00:00,2025-01-23 05:05:00+00:00,0.004026,0.002501646637752122
com.google.android.apps.fitness,2025-01-23 05:06:00+00:00,2025-01-23 05:05:00+00:00,0.004026000022888184,0.0025016466519742152
com.fitbit.FitbitMobile,2025-01-23 05:07:00+00:00,2025-01-23 05:06:00+00:00,0.012078,0.007504939913256366
com.google.android.apps.fitness,2025-01-23 05:07:00+00:00,2025-01-23 05:06:00+00:00,0.01207800006866455,0.007504939955922646
com.google.android.apps.fitness,2025-01-23 05:08:00+00:00,2025-01-23 05:07:00+00:00,0.01009732723236084,0.0062742038552206746
com.google.android.apps.fitness,2025-01-23 05:08:00+00:00,2025-01-23 05:08:00+00:00,0.009129738807678223,0.005672970787824961
com.fitbit.FitbitMobile,2025-01-23 05:09:00+00:00,2025-01-23 05:08:00+00:00,0.0223,0.013856612027290691
com.google.android.apps.fitness,2025-01-23 05:09:00+00:00,2025-01-23 05:08:00+00:00,0.022299999237060546,0.013856611553220915
com.google.android.apps.fitness,2025-01-23 05:09:00+00:00,2025-01-23 05:09:00+00:00,0.0023061597347259523,0.0014329847855182574
com.google.android.apps.fitness,2025-01-23 05:09:00+00:00,2025-01-23 05:09:00+00:00,0.010661818504333497,0.006624963341701254
com.fitbit.FitbitMobile,2025-01-23 05:11:00+00:00,2025-01-23 05:10:00+00:00,0.0058,0.0036039618725688793
com.google.android.apps.fitness,2025-01-23 05:11:00+00:00,2025-01-23 05:10:00+00:00,0.005800000190734863,0.0036039619910863234
com.fitbit.FitbitMobile,2025-01-23 05:12:00+00:00,2025-01-23 05:11:00+00:00,0.042,0.026097654939291885
com.google.android.apps.fitness,2025-01-23 05:12:00+00:00,2025-01-23 05:11:00+00:00,0.042,0.026097654939291885
com.fitbit.FitbitMobile,2025-01-23 05:24:00+00:00,2025-01-23 05:23:00+00:00,0.0037,0.002299079125604285
com.google.android.apps.fitness,2025-01-23 05:24:00+00:00,2025-01-23 05:23:00+00:00,0.0037000000476837156,0.002299079155233646
com.fitbit.FitbitMobile,2025-01-23 05:25:00+00:00,2025-01-23 05:24:00+00:00,0.0565,0.03510755962071408
com.google.android.apps.fitness,2025-01-23 05:25:00+00:00,2025-01-23 05:24:00+00:00,0.0565,0.03510755962071408
com.google.android.apps.fitness,2025-01-23 05:25:00+00:00,2025-01-23 05:25:00+00:00,7.991075981408358e-07,4.965436751344251e-07
com.fitbit.FitbitMobile,2025-01-23 05:26:00+00:00,2025-01-23 05:25:00+00:00,0.0409,0.025414144928977096
com.google.android.apps.fitness,2025-01-23 05:26:00+00:00,2025-01-23 05:25:00+00:00,0.04090000152587891,0.02541414587711665
com.fitbit.FitbitMobile,2025-01-23 05:31:00+00:00,2025-01-23 05:30:00+00:00,0.000671,0.00041694110629202037
com.google.android.apps.fitness,2025-01-23 05:31:00+00:00,2025-01-23 05:30:00+00:00,0.0006710000038146973,0.00041694110866236924
com.fitbit.FitbitMobile,2025-01-23 05:32:00+00:00,2025-01-23 05:31:00+00:00,0.002684,0.0016677644251680815
com.google.android.apps.fitness,2025-01-23 05:32:00+00:00,2025-01-23 05:31:00+00:00,0.002684000015258789,0.001667764434649477
com.fitbit.FitbitMobile,2025-01-23 05:33:00+00:00,2025-01-23 05:32:00+00:00,0.002684,0.0016677644251680815
com.google.android.apps.fitness,2025-01-23 05:33:00+00:00,2025-01-23 05:32:00+00:00,0.002684000015258789,0.001667764434649477
com.fitbit.FitbitMobile,2025-01-23 05:34:00+00:00,2025-01-23 05:33:00+00:00,0.011407,0.007087998806964346
com.google.android.apps.fitness,2025-01-23 05:34:00+00:00,2025-01-23 05:33:00+00:00,0.011406999588012695,0.007087998550966667
com.fitbit.FitbitMobile,2025-01-23 06:26:00+00:00,2025-01-23 06:25:00+00:00,0.002013,0.001250823318876061
com.google.android.apps.fitness,2025-01-23 06:26:00+00:00,2025-01-23 06:25:00+00:00,0.002013000011444092,0.0012508233259871076
com.google.android.apps.fitness,2025-01-23 06:26:00+00:00,2025-01-23 06:26:00+00:00,0.0006663636565208436,0.0004140602088563284
com.google.android.apps.fitness,2025-01-23 06:30:00+00:00,2025-01-23 06:27:00+00:00,0.05000761413574219,0.031073368048853686
com.fitbit.FitbitMobile,2025-01-23 06:31:00+00:00,2025-01-23 06:30:00+00:00,0.0312,0.019386829383473973
com.google.android.apps.fitness,2025-01-23 06:31:00+00:00,2025-01-23 06:30:00+00:00,0.031200000762939453,0.01938682985754375
com.google.android.apps.fitness,2025-01-23 06:31:00+00:00,2025-01-23 06:31:00+00:00,3.3318181522190573e-07,2.070300963263858e-07
com.fitbit.FitbitMobile,2025-01-23 06:32:00+00:00,2025-01-23 06:31:00+00:00,0.0559,0.0347347359787242
com.google.android.apps.fitness,2025-01-23 06:32:00+00:00,2025-01-23 06:31:00+00:00,0.05590000152587891,0.03473473692686375
com.google.android.apps.fitness,2025-01-23 06:32:00+00:00,2025-01-23 06:32:00+00:00,3.3318181522190573e-07,2.070300963263858e-07
com.fitbit.FitbitMobile,2025-01-23 06:33:00+00:00,2025-01-23 06:32:00+00:00,0.0651,0.040451365155902426
com.google.android.apps.fitness,2025-01-23 06:33:00+00:00,2025-01-23 06:32:00+00:00,0.0650999984741211,0.04045136420776287
com.google.android.apps.fitness,2025-01-23 06:33:00+00:00,2025-01-23 06:33:00+00:00,1.1136349057778715e-06,6.919823690319458e-07
com.fitbit.FitbitMobile,2025-01-23 06:34:00+00:00,2025-01-23 06:33:00+00:00,0.0274,0.017025612984204706
com.google.android.apps.fitness,2025-01-23 06:34:00+00:00,2025-01-23 06:33:00+00:00,0.027399999618530273,0.017025612747169818
com.fitbit.FitbitMobile,2025-01-23 06:37:00+00:00,2025-01-23 06:36:00+00:00,0.009,0.005592354629848261
com.google.android.apps.fitness,2025-01-23 06:37:00+00:00,2025-01-23 06:36:00+00:00,0.009,0.005592354629848261
com.fitbit.FitbitMobile,2025-01-23 06:43:00+00:00,2025-01-23 06:42:00+00:00,0.003,0.0018641182099494204
com.google.android.apps.fitness,2025-01-23 06:43:00+00:00,2025-01-23 06:42:00+00:00,0.003,0.0018641182099494204
com.google.android.apps.fitness,2025-01-23 06:44:00+00:00,2025-01-23 06:44:00+00:00,0.00932909107208252,0.0057968428499151955
com.google.android.apps.fitness,2025-01-23 06:44:00+00:00,2025-01-23 06:44:00+00:00,0.006438005447387696,0.004000401063409656
com.fitbit.FitbitMobile,2025-01-23 06:45:00+00:00,2025-01-23 06:44:00+00:00,0.0036,0.0022369418519393044
com.google.android.apps.fitness,2025-01-23 06:45:00+00:00,2025-01-23 06:44:00+00:00,0.0035999999046325685,0.0022369417926805823
com.google.android.apps.fitness,2025-01-23 06:45:00+00:00,2025-01-23 06:45:00+00:00,3.3318178611807527e-07,2.0703007824205903e-07
com.fitbit.FitbitMobile,2025-01-23 06:46:00+00:00,2025-01-23 06:45:00+00:00,0.0051,0.003169000956914015
com.google.android.apps.fitness,2025-01-23 06:46:00+00:00,2025-01-23 06:45:00+00:00,0.0050999999046325685,0.0031690008976552925
com.google.android.apps.fitness,2025-01-23 06:46:00+00:00,2025-01-23 06:46:00+00:00,3.3318178611807527e-07,2.0703007824205903e-07
com.fitbit.FitbitMobile,2025-01-23 06:47:00+00:00,2025-01-23 06:46:00+00:00,0.0016,0.000994196378639691
com.google.android.apps.fitness,2025-01-23 06:47:00+00:00,2025-01-23 06:46:00+00:00,0.0016000000238418578,0.0009941963934543714
com.google.android.apps.fitness,2025-01-23 06:47:00+00:00,2025-01-23 06:47:00+00:00,7.462099310941995e-07,4.6367450699926643e-07
com.fitbit.FitbitMobile,2025-01-23 06:48:00+00:00,2025-01-23 06:47:00+00:00,0.0123,0.007642884660792624
com.google.android.apps.fitness,2025-01-23 06:48:00+00:00,2025-01-23 06:47:00+00:00,0.012300000190734864,0.007642884779310068
com.google.android.apps.fitness,2025-01-23 06:48:00+00:00,2025-01-23 06:48:00+00:00,0.008054774284362793,0.005005017140170998
com.google.android.apps.fitness,2025-01-23 06:49:00+00:00,2025-01-23 06:48:00+00:00,0.02171392822265625,0.013492443003129389
com.fitbit.FitbitMobile,2025-01-23 06:50:00+00:00,2025-01-23 06:49:00+00:00,0.005368,0.003335528850336163
com.google.android.apps.fitness,2025-01-23 06:50:00+00:00,2025-01-23 06:49:00+00:00,0.005368000030517578,0.003335528869298954
com.google.android.apps.fitness,2025-01-23 06:50:00+00:00,2025-01-23 06:50:00+00:00,3.3318181522190573e-07,2.070300963263858e-07
com.fitbit.FitbitMobile,2025-01-23 06:51:00+00:00,2025-01-23 06:50:00+00:00,0.019459,0.01209129208246859
com.google.android.apps.fitness,2025-01-23 06:51:00+00:00,2025-01-23 06:50:00+00:00,0.019458999633789064,0.012091291854915098
com.google.android.apps.fitness,2025-01-23 06:51:00+00:00,2025-01-23 06:51:00+00:00,3.3318181522190573e-07,2.070300963263858e-07
com.fitbit.FitbitMobile,2025-01-23 06:52:00+00:00,2025-01-23 06:51:00+00:00,0.029524,0.018345408676848897
com.google.android.apps.fitness,2025-01-23 06:52:00+00:00,2025-01-23 06:51:00+00:00,0.02952400016784668,0.018345408781144247
com.google.android.apps.fitness,2025-01-23 06:52:00+00:00,2025-01-23 06:52:00+00:00,0.003868592023849487,0.0024038376128409705
com.fitbit.FitbitMobile,2025-01-23 06:55:00+00:00,2025-01-23 06:54:00+00:00,0.000671,0.00041694110629202037
com.google.android.apps.fitness,2025-01-23 06:55:00+00:00,2025-01-23 06:54:00+00:00,0.0006710000038146973,0.00041694110866236924
com.google.android.apps.fitness,2025-01-23 06:55:00+00:00,2025-01-23 06:55:00+00:00,3.3318181522190573e-07,2.070300963263858e-07
com.fitbit.FitbitMobile,2025-01-23 06:56:00+00:00,2025-01-23 06:55:00+00:00,0.016104,0.010006586551008488
com.google.android.apps.fitness,2025-01-23 06:56:00+00:00,2025-01-23 06:55:00+00:00,0.016104000091552734,0.010006586607896861
com.google.android.apps.fitness,2025-01-23 06:56:00+00:00,2025-01-23 06:56:00+00:00,2.7765153208747505e-07,1.7252509232820603e-07
com.fitbit.FitbitMobile,2025-01-23 06:57:00+00:00,2025-01-23 06:56:00+00:00,0.016104,0.010006586551008488
com.google.android.apps.fitness,2025-01-23 06:57:00+00:00,2025-01-23 06:56:00+00:00,0.016104000091552734,0.010006586607896861
com.google.android.apps.fitness,2025-01-23 06:57:00+00:00,2025-01-23 06:57:00+00:00,7.149293087422848e-07,4.4423758108434815e-07
com.fitbit.FitbitMobile,2025-01-23 06:58:00+00:00,2025-01-23 06:57:00+00:00,0.067548,0.04197248561522115
com.google.android.apps.fitness,2025-01-23 06:58:00+00:00,2025-01-23 06:57:00+00:00,0.06754799652099609,0.04197248345346297
com.google.android.apps.fitness,2025-01-23 06:58:00+00:00,2025-01-23 06:58:00+00:00,7.149293087422848e-07,4.4423758108434815e-07
com.fitbit.FitbitMobile,2025-01-23 06:59:00+00:00,2025-01-23 06:58:00+00:00,0.032879,0.020430114208308994
com.google.android.apps.fitness,2025-01-23 06:59:00+00:00,2025-01-23 06:58:00+00:00,0.03287900161743164,0.020430115213336923
com.google.android.apps.fitness,2025-01-23 06:59:00+00:00,2025-01-23 06:59:00+00:00,3.3318181522190573e-07,2.070300963263858e-07
com.fitbit.FitbitMobile,2025-01-23 07:00:00+00:00,2025-01-23 06:59:00+00:00,0.022814,0.014175997613928692
com.google.android.apps.fitness,2025-01-23 07:00:00+00:00,2025-01-23 06:59:00+00:00,0.02281399917602539,0.014175997101933334
com.google.android.apps.fitness,2025-01-23 07:00:00+00:00,2025-01-23 07:00:00+00:00,3.3318181522190573e-07,2.070300963263858e-07
com.fitbit.FitbitMobile,2025-01-23 07:01:00+00:00,2025-01-23 07:00:00+00:00,0.02013,0.01250823318876061
com.google.android.apps.fitness,2025-01-23 07:01:00+00:00,2025-01-23 07:00:00+00:00,0.0201299991607666,0.012508232667283858
com.fitbit.FitbitMobile,2025-01-23 07:03:00+00:00,2025-01-23 07:02:00+00:00,0.000671,0.00041694110629202037
com.google.android.apps.fitness,2025-01-23 07:03:00+00:00,2025-01-23 07:02:00+00:00,0.0006710000038146973,0.00041694110866236924
com.fitbit.FitbitMobile,2025-01-23 07:04:00+00:00,2025-01-23 07:03:00+00:00,0.02013,0.01250823318876061
com.google.android.apps.fitness,2025-01-23 07:04:00+00:00,2025-01-23 07:03:00+00:00,0.0201299991607666,0.012508232667283858
com.google.android.apps.fitness,2025-01-23 07:04:00+00:00,2025-01-23 07:04:00+00:00,2.5543940137140453e-07,1.5872307987833805e-07
com.fitbit.FitbitMobile,2025-01-23 07:05:00+00:00,2025-01-23 07:04:00+00:00,0.022143,0.013759056507636673
com.google.android.apps.fitness,2025-01-23 07:05:00+00:00,2025-01-23 07:04:00+00:00,0.02214299964904785,0.013759056289564574
com.google.android.apps.fitness,2025-01-23 07:05:00+00:00,2025-01-23 07:05:00+00:00,3.5111833130940797e-07,2.1817535841364034e-07
com.fitbit.FitbitMobile,2025-01-23 07:06:00+00:00,2025-01-23 07:05:00+00:00,0.016104,0.010006586551008488
com.google.android.apps.fitness,2025-01-23 07:06:00+00:00,2025-01-23 07:05:00+00:00,0.016104000091552734,0.010006586607896861
com.fitbit.FitbitMobile,2025-01-23 07:07:00+00:00,2025-01-23 07:06:00+00:00,0.005368,0.003335528850336163
com.google.android.apps.fitness,2025-01-23 07:07:00+00:00,2025-01-23 07:06:00+00:00,0.005368000030517578,0.003335528869298954
com.fitbit.FitbitMobile,2025-01-23 07:08:00+00:00,2025-01-23 07:07:00+00:00,0.011407,0.007087998806964346
com.google.android.apps.fitness,2025-01-23 07:08:00+00:00,2025-01-23 07:07:00+00:00,0.011406999588012695,0.007087998550966667
com.fitbit.FitbitMobile,2025-01-23 07:09:00+00:00,2025-01-23 07:08:00+00:00,0.005368,0.003335528850336163
com.google.android.apps.fitness,2025-01-23 07:09:00+00:00,2025-01-23 07:08:00+00:00,0.005368000030517578,0.003335528869298954
com.google.android.apps.fitness,2025-01-23 07:09:00+00:00,2025-01-23 07:09:00+00:00,2.665454521775246e-07,1.6562407706110865e-07
com.fitbit.FitbitMobile,2025-01-23 07:10:00+00:00,2025-01-23 07:09:00+00:00,0.000671,0.00041694110629202037
com.google.android.apps.fitness,2025-01-23 07:10:00+00:00,2025-01-23 07:09:00+00:00,0.0006710000038146973,0.00041694110866236924
com.fitbit.FitbitMobile,2025-01-23 07:11:00+00:00,2025-01-23 07:10:00+00:00,0.002013,0.001250823318876061
com.google.android.apps.fitness,2025-01-23 07:11:00+00:00,2025-01-23 07:10:00+00:00,0.002013000011444092,0.0012508233259871076
com.google.android.apps.fitness,2025-01-23 07:11:00+00:00,2025-01-23 07:11:00+00:00,3.3318181522190573e-07,2.070300963263858e-07
com.fitbit.FitbitMobile,2025-01-23 07:12:00+00:00,2025-01-23 07:11:00+00:00,0.023485,0.014592938720220713
com.google.android.apps.fitness,2025-01-23 07:12:00+00:00,2025-01-23 07:11:00+00:00,0.023485000610351563,0.014592939099476534
com.fitbit.FitbitMobile,2025-01-23 07:17:00+00:00,2025-01-23 07:16:00+00:00,0.003355,0.0020847055314601017
com.google.android.apps.fitness,2025-01-23 07:17:00+00:00,2025-01-23 07:16:00+00:00,0.003355000019073486,0.002084705543311846
com.fitbit.FitbitMobile,2025-01-23 08:28:00+00:00,2025-01-23 08:27:00+00:00,0.000671,0.00041694110629202037
com.google.android.apps.fitness,2025-01-23 08:28:00+00:00,2025-01-23 08:27:00+00:00,0.0006710000038146973,0.00041694110866236924
com.google.android.apps.fitness,2025-01-23 08:28:00+00:00,2025-01-23 08:28:00+00:00,3.3318181522190573e-07,2.070300963263858e-07
com.fitbit.FitbitMobile,2025-01-23 08:29:00+00:00,2025-01-23 08:28:00+00:00,0.062352,0.03874383287558875
com.google.android.apps.fitness,2025-01-23 08:29:00+00:00,2025-01-23 08:28:00+00:00,0.062352001190185545,0.038743833615137606
com.google.android.apps.fitness,2025-01-23 08:29:00+00:00,2025-01-23 08:29:00+00:00,3.3318181522190573e-07,2.070300963263858e-07
com.fitbit.FitbitMobile,2025-01-23 08:30:00+00:00,2025-01-23 08:29:00+00:00,0.024156,0.015009879826512732
com.google.android.apps.fitness,2025-01-23 08:30:00+00:00,2025-01-23 08:29:00+00:00,0.0241560001373291,0.015009879911845292
com.google.android.apps.fitness,2025-01-23 08:30:00+00:00,2025-01-23 08:30:00+00:00,3.566415689419955e-07,2.2160734769656847e-07
com.fitbit.FitbitMobile,2025-01-23 08:31:00+00:00,2025-01-23 08:30:00+00:00,0.030866,0.019179290889432935
com.google.android.apps.fitness,2025-01-23 08:31:00+00:00,2025-01-23 08:30:00+00:00,0.03086599922180176,0.019179290405881764
com.google.android.apps.fitness,2025-01-23 08:31:00+00:00,2025-01-23 08:31:00+00:00,5.462850094772875e-07,3.394466113296678e-07
com.fitbit.FitbitMobile,2025-01-23 08:32:00+00:00,2025-01-23 08:31:00+00:00,0.02684,0.016677644251680813
com.google.android.apps.fitness,2025-01-23 08:32:00+00:00,2025-01-23 08:31:00+00:00,0.02684000015258789,0.01667764434649477
com.google.android.apps.fitness,2025-01-23 08:33:00+00:00,2025-01-23 08:32:00+00:00,0.018887094497680664,0.011735925595387341
com.fitbit.FitbitMobile,2025-01-23 08:50:00+00:00,2025-01-23 08:49:00+00:00,0.000671,0.00041694110629202037
com.google.android.apps.fitness,2025-01-23 08:50:00+00:00,2025-01-23 08:49:00+00:00,0.0006710000038146973,0.00041694110866236924
com.fitbit.FitbitMobile,2025-01-23 08:51:00+00:00,2025-01-23 08:50:00+00:00,0.004026,0.002501646637752122
com.google.android.apps.fitness,2025-01-23 08:51:00+00:00,2025-01-23 08:50:00+00:00,0.004026000022888184,0.0025016466519742152
com.fitbit.FitbitMobile,2025-01-23 08:56:00+00:00,2025-01-23 08:55:00+00:00,0.000671,0.00041694110629202037
com.google.android.apps.fitness,2025-01-23 08:56:00+00:00,2025-01-23 08:55:00+00:00,0.0006710000038146973,0.00041694110866236924
com.fitbit.FitbitMobile,2025-01-23 08:57:00+00:00,2025-01-23 08:56:00+00:00,0.000671,0.00041694110629202037
com.google.android.apps.fitness,2025-01-23 08:57:00+00:00,2025-01-23 08:56:00+00:00,0.0006710000038146973,0.00041694110866236924
com.fitbit.FitbitMobile,2025-01-23 08:59:00+00:00,2025-01-23 08:58:00+00:00,0.000671,0.00041694110629202037
com.google.android.apps.fitness,2025-01-23 08:59:00+00:00,2025-01-23 08:58:00+00:00,0.0006710000038146973,0.00041694110866236924
com.fitbit.FitbitMobile,2025-01-23 09:00:00+00:00,2025-01-23 08:59:00+00:00,0.01342,0.008338822125840407
com.google.android.apps.fitness,2025-01-23 09:00:00+00:00,2025-01-23 08:59:00+00:00,0.013420000076293945,0.008338822173247384
com.fitbit.FitbitMobile,2025-01-23 09:07:00+00:00,2025-01-23 09:06:00+00:00,0.000671,0.00041694110629202037
com.google.android.apps.fitness,2025-01-23 09:07:00+00:00,2025-01-23 09:06:00+00:00,0.0006710000038146973,0.00041694110866236924
com.fitbit.FitbitMobile,2025-01-23 09:08:00+00:00,2025-01-23 09:07:00+00:00,0.012078,0.007504939913256366
com.google.android.apps.fitness,2025-01-23 09:08:00+00:00,2025-01-23 09:07:00+00:00,0.01207800006866455,0.007504939955922646
com.fitbit.FitbitMobile,2025-01-23 09:09:00+00:00,2025-01-23 09:08:00+00:00,0.000671,0.00041694110629202037
com.google.android.apps.fitness,2025-01-23 09:09:00+00:00,2025-01-23 09:08:00+00:00,0.0006710000038146973,0.00041694110866236924
com.fitbit.FitbitMobile,2025-01-23 09:10:00+00:00,2025-01-23 09:09:00+00:00,0.008052,0.005003293275504244
com.google.android.apps.fitness,2025-01-23 09:10:00+00:00,2025-01-23 09:09:00+00:00,0.008052000045776367,0.0050032933039484305
com.fitbit.FitbitMobile,2025-01-23 10:01:00+00:00,2025-01-23 10:00:00+00:00,0.003355,0.0020847055314601017
com.google.android.apps.fitness,2025-01-23 10:01:00+00:00,2025-01-23 10:00:00+00:00,0.003355000019073486,0.002084705543311846
com.fitbit.FitbitMobile,2025-01-23 10:02:00+00:00,2025-01-23 10:01:00+00:00,0.018117,0.01125740986988455
com.google.android.apps.fitness,2025-01-23 10:02:00+00:00,2025-01-23 10:01:00+00:00,0.018117000579833984,0.011257410230177579
com.google.android.apps.fitness,2025-01-23 10:02:00+00:00,2025-01-23 10:02:00+00:00,3.3318181522190573e-07,2.070300963263858e-07
com.fitbit.FitbitMobile,2025-01-23 10:03:00+00:00,2025-01-23 10:02:00+00:00,0.006039,0.003752469956628183
com.google.android.apps.fitness,2025-01-23 10:03:00+00:00,2025-01-23 10:02:00+00:00,0.006039000034332275,0.003752469977961323
com.fitbit.FitbitMobile,2025-01-23 10:13:00+00:00,2025-01-23 10:12:00+00:00,0.001342,0.0008338822125840407
com.google.android.apps.fitness,2025-01-23 10:13:00+00:00,2025-01-23 10:12:00+00:00,0.0013420000076293946,0.0008338822173247385
com.google.android.apps.fitness,2025-01-23 10:13:00+00:00,2025-01-23 10:13:00+00:00,3.3318184432573614e-07,2.0703011441071258e-07
com.fitbit.FitbitMobile,2025-01-23 10:14:00+00:00,2025-01-23 10:13:00+00:00,0.037576,0.02334870195235314
com.google.android.apps.fitness,2025-01-23 10:14:00+00:00,2025-01-23 10:13:00+00:00,0.03757600021362305,0.02334870208509268
com.google.android.apps.fitness,2025-01-23 10:14:00+00:00,2025-01-23 10:14:00+00:00,3.3318184432573614e-07,2.0703011441071258e-07
com.fitbit.FitbitMobile,2025-01-23 10:15:00+00:00,2025-01-23 10:14:00+00:00,0.011407,0.007087998806964346
com.google.android.apps.fitness,2025-01-23 10:15:00+00:00,2025-01-23 10:14:00+00:00,0.011406999588012695,0.007087998550966667
com.fitbit.FitbitMobile,2025-01-23 10:17:00+00:00,2025-01-23 10:16:00+00:00,0.002013,0.001250823318876061
com.google.android.apps.fitness,2025-01-23 10:17:00+00:00,2025-01-23 10:16:00+00:00,0.002013000011444092,0.0012508233259871076
com.google.android.apps.fitness,2025-01-23 10:17:00+00:00,2025-01-23 10:17:00+00:00,3.3318178611807527e-07,2.0703007824205903e-07
com.fitbit.FitbitMobile,2025-01-23 10:18:00+00:00,2025-01-23 10:17:00+00:00,0.038918,0.02418258416493718
com.google.android.apps.fitness,2025-01-23 10:18:00+00:00,2025-01-23 10:17:00+00:00,0.03891799926757813,0.024182583709830195
com.google.android.apps.fitness,2025-01-23 10:19:00+00:00,2025-01-23 10:18:00+00:00,0.017665565490722655,0.010976900773436724
com.google.android.apps.fitness,2025-01-23 10:19:00+00:00,2025-01-23 10:19:00+00:00,0.02732090950012207,0.016976468303852556
com.fitbit.FitbitMobile,2025-01-23 10:36:00+00:00,2025-01-23 10:35:00+00:00,0.000671,0.00041694110629202037
com.google.android.apps.fitness,2025-01-23 10:36:00+00:00,2025-01-23 10:35:00+00:00,0.0006710000038146973,0.00041694110866236924
com.fitbit.FitbitMobile,2025-01-23 10:37:00+00:00,2025-01-23 10:36:00+00:00,0.000671,0.00041694110629202037
com.google.android.apps.fitness,2025-01-23 10:37:00+00:00,2025-01-23 10:36:00+00:00,0.0006710000038146973,0.00041694110866236924
com.fitbit.FitbitMobile,2025-01-23 12:07:00+00:00,2025-01-23 12:06:00+00:00,0.000671,0.00041694110629202037
com.google.android.apps.fitness,2025-01-23 12:07:00+00:00,2025-01-23 12:06:00+00:00,0.0006710000038146973,0.00041694110866236924
com.fitbit.FitbitMobile,2025-01-23 12:08:00+00:00,2025-01-23 12:07:00+00:00,0.005368,0.003335528850336163
com.google.android.apps.fitness,2025-01-23 12:08:00+00:00,2025-01-23 12:07:00+00:00,0.005368000030517578,0.003335528869298954
com.fitbit.FitbitMobile,2025-01-23 12:42:00+00:00,2025-01-23 12:41:00+00:00,0.000671,0.00041694110629202037
com.google.android.apps.fitness,2025-01-23 12:42:00+00:00,2025-01-23 12:41:00+00:00,0.0006710000038146973,0.00041694110866236924
com.fitbit.FitbitMobile,2025-01-23 12:43:00+00:00,2025-01-23 12:42:00+00:00,0.000671,0.00041694110629202037
com.google.android.apps.fitness,2025-01-23 12:43:00+00:00,2025-01-23 12:42:00+00:00,0.0006710000038146973,0.00041694110866236924
com.fitbit.FitbitMobile,2025-01-23 13:14:00+00:00,2025-01-23 13:13:00+00:00,0.001342,0.0008338822125840407
com.google.android.apps.fitness,2025-01-23 13:14:00+00:00,2025-01-23 13:13:00+00:00,0.0013420000076293946,0.0008338822173247385
com.fitbit.FitbitMobile,2025-01-23 13:15:00+00:00,2025-01-23 13:14:00+00:00,0.001342,0.0008338822125840407
com.google.android.apps.fitness,2025-01-23 13:15:00+00:00,2025-01-23 13:14:00+00:00,0.0013420000076293946,0.0008338822173247385
com.fitbit.FitbitMobile,2025-01-23 13:16:00+00:00,2025-01-23 13:15:00+00:00,0.026169,0.016260703145388793
com.google.android.apps.fitness,2025-01-23 13:16:00+00:00,2025-01-23 13:15:00+00:00,0.026169000625610353,0.01626070353412601
com.fitbit.FitbitMobile,2025-01-23 13:17:00+00:00,2025-01-23 13:16:00+00:00,0.018117,0.01125740986988455
com.google.android.apps.fitness,2025-01-23 13:17:00+00:00,2025-01-23 13:16:00+00:00,0.018117000579833984,0.011257410230177579
com.google.android.apps.fitness,2025-01-23 13:17:00+00:00,2025-01-23 13:17:00+00:00,4.280854773242027e-07,2.6600064456497863e-07
com.fitbit.FitbitMobile,2025-01-23 13:18:00+00:00,2025-01-23 13:17:00+00:00,0.024156,0.015009879826512732
com.google.android.apps.fitness,2025-01-23 13:18:00+00:00,2025-01-23 13:17:00+00:00,0.0241560001373291,0.015009879911845292
com.google.android.apps.fitness,2025-01-23 13:18:00+00:00,2025-01-23 13:18:00+00:00,3.646823461167514e-07,2.266036674144379e-07
com.fitbit.FitbitMobile,2025-01-23 13:19:00+00:00,2025-01-23 13:18:00+00:00,0.008052,0.005003293275504244
com.google.android.apps.fitness,2025-01-23 13:19:00+00:00,2025-01-23 13:18:00+00:00,0.008052000045776367,0.0050032933039484305
com.google.android.apps.fitness,2025-01-23 13:19:00+00:00,2025-01-23 13:19:00+00:00,0.0018661624193191527,0.0011595824495253663
com.fitbit.FitbitMobile,2025-01-23 13:22:00+00:00,2025-01-23 13:21:00+00:00,0.001342,0.0008338822125840407
com.google.android.apps.fitness,2025-01-23 13:22:00+00:00,2025-01-23 13:21:00+00:00,0.0013420000076293946,0.0008338822173247385
com.fitbit.FitbitMobile,2025-01-23 13:23:00+00:00,2025-01-23 13:22:00+00:00,0.000671,0.00041694110629202037
com.google.android.apps.fitness,2025-01-23 13:23:00+00:00,2025-01-23 13:22:00+00:00,0.0006710000038146973,0.00041694110866236924
com.fitbit.FitbitMobile,2025-01-23 13:53:00+00:00,2025-01-23 13:52:00+00:00,0.001342,0.0008338822125840407
com.google.android.apps.fitness,2025-01-23 13:53:00+00:00,2025-01-23 13:52:00+00:00,0.0013420000076293946,0.0008338822173247385
com.fitbit.FitbitMobile,2025-01-23 13:54:00+00:00,2025-01-23 13:53:00+00:00,0.014091,0.008755763232132428
com.google.android.apps.fitness,2025-01-23 13:54:00+00:00,2025-01-23 13:53:00+00:00,0.014090999603271485,0.008755762985616145
com.google.android.apps.fitness,2025-01-23 13:54:00+00:00,2025-01-23 13:54:00+00:00,0.005714715957641602,0.0035509686937760833
com.fitbit.FitbitMobile,2025-01-23 13:56:00+00:00,2025-01-23 13:55:00+00:00,0.002013,0.001250823318876061
com.google.android.apps.fitness,2025-01-23 13:56:00+00:00,2025-01-23 13:55:00+00:00,0.002013000011444092,0.0012508233259871076
com.fitbit.FitbitMobile,2025-01-23 13:57:00+00:00,2025-01-23 13:56:00+00:00,0.040931,0.025433407483813245
com.google.android.apps.fitness,2025-01-23 13:57:00+00:00,2025-01-23 13:56:00+00:00,0.04093099975585938,0.025433407332110913
com.google.android.apps.fitness,2025-01-23 13:57:00+00:00,2025-01-23 13:57:00+00:00,3.3318181522190573e-07,2.070300963263858e-07
com.fitbit.FitbitMobile,2025-01-23 13:58:00+00:00,2025-01-23 13:57:00+00:00,0.02684,0.016677644251680813
com.google.android.apps.fitness,2025-01-23 13:58:00+00:00,2025-01-23 13:57:00+00:00,0.02684000015258789,0.01667764434649477
com.google.android.apps.fitness,2025-01-23 13:58:00+00:00,2025-01-23 13:58:00+00:00,3.6717098555527626e-07,2.281500401128887e-07
com.fitbit.FitbitMobile,2025-01-23 13:59:00+00:00,2025-01-23 13:58:00+00:00,0.000671,0.00041694110629202037
com.google.android.apps.fitness,2025-01-23 13:59:00+00:00,2025-01-23 13:58:00+00:00,0.0006710000038146973,0.00041694110866236924
com.google.android.apps.fitness,2025-01-23 13:59:00+00:00,2025-01-23 13:59:00+00:00,3.3318178611807527e-07,2.0703007824205903e-07
com.fitbit.FitbitMobile,2025-01-23 14:00:00+00:00,2025-01-23 13:59:00+00:00,0.005368,0.003335528850336163
com.google.android.apps.fitness,2025-01-23 14:00:00+00:00,2025-01-23 13:59:00+00:00,0.005368000030517578,0.003335528869298954
com.google.android.apps.fitness,2025-01-23 14:00:00+00:00,2025-01-23 14:00:00+00:00,0.0033443331718444823,0.0020780774552577345
com.fitbit.FitbitMobile,2025-01-23 14:32:00+00:00,2025-01-23 14:31:00+00:00,0.000671,0.00041694110629202037
com.google.android.apps.fitness,2025-01-23 14:32:00+00:00,2025-01-23 14:31:00+00:00,0.0006710000038146973,0.00041694110866236924
com.fitbit.FitbitMobile,2025-01-23 14:33:00+00:00,2025-01-23 14:32:00+00:00,0.003355,0.0020847055314601017
com.google.android.apps.fitness,2025-01-23 14:33:00+00:00,2025-01-23 14:32:00+00:00,0.003355000019073486,0.002084705543311846
com.fitbit.FitbitMobile,2025-01-23 14:54:00+00:00,2025-01-23 14:53:00+00:00,0.002013,0.001250823318876061
com.google.android.apps.fitness,2025-01-23 14:54:00+00:00,2025-01-23 14:53:00+00:00,0.002013000011444092,0.0012508233259871076
com.fitbit.FitbitMobile,2025-01-23 15:29:00+00:00,2025-01-23 15:28:00+00:00,0.001342,0.0008338822125840407
com.google.android.apps.fitness,2025-01-23 15:29:00+00:00,2025-01-23 15:28:00+00:00,0.0013420000076293946,0.0008338822173247385
com.fitbit.FitbitMobile,2025-01-23 15:30:00+00:00,2025-01-23 15:29:00+00:00,0.044957,0.02793505412156536
com.google.android.apps.fitness,2025-01-23 15:30:00+00:00,2025-01-23 15:29:00+00:00,0.04495700073242188,0.02793505457667235
com.google.android.apps.fitness,2025-01-23 15:30:00+00:00,2025-01-23 15:30:00+00:00,3.3318181522190573e-07,2.070300963263858e-07
com.fitbit.FitbitMobile,2025-01-23 15:31:00+00:00,2025-01-23 15:30:00+00:00,0.012078,0.007504939913256366
com.google.android.apps.fitness,2025-01-23 15:31:00+00:00,2025-01-23 15:30:00+00:00,0.01207800006866455,0.007504939955922646
com.google.android.apps.fitness,2025-01-23 15:31:00+00:00,2025-01-23 15:31:00+00:00,3.3318181522190573e-07,2.070300963263858e-07
com.fitbit.FitbitMobile,2025-01-23 15:32:00+00:00,2025-01-23 15:31:00+00:00,0.028853,0.017928467570556876
com.google.android.apps.fitness,2025-01-23 15:32:00+00:00,2025-01-23 15:31:00+00:00,0.02885300064086914,0.017928467968775487
com.google.android.apps.fitness,2025-01-23 15:32:00+00:00,2025-01-23 15:32:00+00:00,3.3318181522190573e-07,2.070300963263858e-07
com.fitbit.FitbitMobile,2025-01-23 15:33:00+00:00,2025-01-23 15:32:00+00:00,0.027511,0.017094585357972834
com.google.android.apps.fitness,2025-01-23 15:33:00+00:00,2025-01-23 15:32:00+00:00,0.02751099967956543,0.01709458515886353
com.google.android.apps.fitness,2025-01-23 15:33:00+00:00,2025-01-23 15:33:00+00:00,6.507783546112478e-07,4.0437592715724946e-07
com.fitbit.FitbitMobile,2025-01-23 15:34:00+00:00,2025-01-23 15:33:00+00:00,0.022814,0.014175997613928692
com.google.android.apps.fitness,2025-01-23 15:34:00+00:00,2025-01-23 15:33:00+00:00,0.02281399917602539,0.014175997101933334
com.google.android.apps.fitness,2025-01-23 15:34:00+00:00,2025-01-23 15:34:00+00:00,6.501306197606027e-07,4.0397344238048066e-07
com.fitbit.FitbitMobile,2025-01-23 15:35:00+00:00,2025-01-23 15:34:00+00:00,0.015433,0.009589645444716468
com.google.android.apps.fitness,2025-01-23 15:35:00+00:00,2025-01-23 15:34:00+00:00,0.01543299961090088,0.009589645202940882
com.google.android.apps.fitness,2025-01-23 15:35:00+00:00,2025-01-23 15:35:00+00:00,3.3318181522190573e-07,2.070300963263858e-07
com.fitbit.FitbitMobile,2025-01-23 15:36:00+00:00,2025-01-23 15:35:00+00:00,0.020801,0.01292517429505263
com.google.android.apps.fitness,2025-01-23 15:36:00+00:00,2025-01-23 15:35:00+00:00,0.020801000595092774,0.012925174664827056
com.google.android.apps.fitness,2025-01-23 15:36:00+00:00,2025-01-23 15:36:00+00:00,3.3318181522190573e-07,2.070300963263858e-07
com.fitbit.FitbitMobile,2025-01-23 15:37:00+00:00,2025-01-23 15:36:00+00:00,0.007381,0.004586352169212224
com.google.android.apps.fitness,2025-01-23 15:37:00+00:00,2025-01-23 15:36:00+00:00,0.00738100004196167,0.004586352195286062
com.fitbit.FitbitMobile,2025-01-23 16:10:00+00:00,2025-01-23 16:09:00+00:00,0.000671,0.00041694110629202037
com.google.android.apps.fitness,2025-01-23 16:10:00+00:00,2025-01-23 16:09:00+00:00,0.0006710000038146973,0.00041694110866236924
com.fitbit.FitbitMobile,2025-01-23 16:11:00+00:00,2025-01-23 16:10:00+00:00,0.016104,0.010006586551008488
com.google.android.apps.fitness,2025-01-23 16:11:00+00:00,2025-01-23 16:10:00+00:00,0.016104000091552734,0.010006586607896861
com.google.android.apps.fitness,2025-01-23 16:12:00+00:00,2025-01-23 16:11:00+00:00,0.008740046501159667,0.005430826612872151
com.fitbit.FitbitMobile,2025-01-23 17:08:00+00:00,2025-01-23 17:07:00+00:00,0.000671,0.00041694110629202037
com.google.android.apps.fitness,2025-01-23 17:08:00+00:00,2025-01-23 17:07:00+00:00,0.0006710000038146973,0.00041694110866236924
com.fitbit.FitbitMobile,2025-01-23 17:09:00+00:00,2025-01-23 17:08:00+00:00,0.002013,0.001250823318876061
com.google.android.apps.fitness,2025-01-23 17:09:00+00:00,2025-01-23 17:08:00+00:00,0.002013000011444092,0.0012508233259871076
com.fitbit.FitbitMobile,2025-01-23 17:10:00+00:00,2025-01-23 17:09:00+00:00,0.008722999999999998,0.005420234381796264
com.google.android.apps.fitness,2025-01-23 17:10:00+00:00,2025-01-23 17:09:00+00:00,0.008722999572753905,0.00542023411631719
com.fitbit.FitbitMobile,2025-01-23 17:11:00+00:00,2025-01-23 17:10:00+00:00,0.030195,0.018762349783140914
com.google.android.apps.fitness,2025-01-23 17:11:00+00:00,2025-01-23 17:10:00+00:00,0.03019499969482422,0.018762349593513007
com.google.android.apps.fitness,2025-01-23 17:12:00+00:00,2025-01-23 17:11:00+00:00,0.020239110946655273,0.012576031756282248
com.fitbit.FitbitMobile,2025-01-23 20:11:00+00:00,2025-01-23 20:10:00+00:00,0.020801,0.01292517429505263
com.google.android.apps.fitness,2025-01-23 20:11:00+00:00,2025-01-23 20:10:00+00:00,0.020801000595092774,0.012925174664827056
com.fitbit.FitbitMobile,2025-01-23 20:12:00+00:00,2025-01-23 20:11:00+00:00,0.001342,0.0008338822125840407
com.google.android.apps.fitness,2025-01-23 20:12:00+00:00,2025-01-23 20:11:00+00:00,0.0013420000076293946,0.0008338822173247385
com.fitbit.FitbitMobile,2025-01-23 20:13:00+00:00,2025-01-23 20:12:00+00:00,0.007381,0.004586352169212224
com.google.android.apps.fitness,2025-01-23 20:13:00+00:00,2025-01-23 20:12:00+00:00,0.00738100004196167,0.004586352195286062
com.fitbit.FitbitMobile,2025-01-23 20:14:00+00:00,2025-01-23 20:13:00+00:00,0.004026,0.002501646637752122
com.google.android.apps.fitness,2025-01-23 20:14:00+00:00,2025-01-23 20:13:00+00:00,0.004026000022888184,0.0025016466519742152
com.google.android.apps.fitness,2025-01-23 20:14:00+00:00,2025-01-23 20:14:00+00:00,0.00035197058320045473,0.00021870492450349507
com.fitbit.FitbitMobile,2025-01-23 21:16:00+00:00,2025-01-23 21:15:00+00:00,0.002013,0.001250823318876061
com.google.android.apps.fitness,2025-01-23 21:16:00+00:00,2025-01-23 21:15:00+00:00,0.002013000011444092,0.0012508233259871076
com.fitbit.FitbitMobile,2025-01-23 21:17:00+00:00,2025-01-23 21:16:00+00:00,0.025498,0.015843762039096775
com.google.android.apps.fitness,2025-01-23 21:17:00+00:00,2025-01-23 21:16:00+00:00,0.02549799919128418,0.01584376153658281
com.google.android.apps.fitness,2025-01-23 21:18:00+00:00,2025-01-23 21:17:00+00:00,0.015743985176086425,0.009782883154638813
com.fitbit.FitbitMobile,2025-01-23 21:43:00+00:00,2025-01-23 21:42:00+00:00,0.001342,0.0008338822125840407
com.google.android.apps.fitness,2025-01-23 21:43:00+00:00,2025-01-23 21:42:00+00:00,0.0013420000076293946,0.0008338822173247385
com.fitbit.FitbitMobile,2025-01-23 21:44:00+00:00,2025-01-23 21:43:00+00:00,0.01342,0.008338822125840407
com.google.android.apps.fitness,2025-01-23 21:44:00+00:00,2025-01-23 21:43:00+00:00,0.013420000076293945,0.008338822173247384
com.fitbit.FitbitMobile,2025-01-23 23:08:00+00:00,2025-01-23 23:07:00+00:00,0.003355,0.0020847055314601017
com.google.android.apps.fitness,2025-01-23 23:08:00+00:00,2025-01-23 23:07:00+00:00,0.003355000019073486,0.002084705543311846
com.fitbit.FitbitMobile,2025-01-23 23:09:00+00:00,2025-01-23 23:08:00+00:00,0.001342,0.0008338822125840407
com.google.android.apps.fitness,2025-01-23 23:09:00+00:00,2025-01-23 23:08:00+00:00,0.0013420000076293946,0.0008338822173247385
com.fitbit.FitbitMobile,2025-01-24 02:36:00+00:00,2025-01-24 02:35:00+00:00,0.000671,0.00041694110629202037
com.google.android.apps.fitness,2025-01-24 02:36:00+00:00,2025-01-24 02:35:00+00:00,0.0006710000038146973,0.00041694110866236924
com.fitbit.FitbitMobile,2025-01-24 02:37:00+00:00,2025-01-24 02:36:00+00:00,0.018788,0.01167435097617657
com.google.android.apps.fitness,2025-01-24 02:37:00+00:00,2025-01-24 02:36:00+00:00,0.018788000106811524,0.01167435104254634
com.google.android.apps.fitness,2025-01-24 02:38:00+00:00,2025-01-24 02:37:00+00:00,0.010006793975830078,0.0062179489578523366
com.fitbit.FitbitMobile,2025-01-24 03:03:00+00:00,2025-01-24 03:02:00+00:00,0.01342,0.008338822125840407
com.google.android.apps.fitness,2025-01-24 03:03:00+00:00,2025-01-24 03:02:00+00:00,0.013420000076293945,0.008338822173247384
com.google.android.apps.fitness,2025-01-24 03:03:00+00:00,2025-01-24 03:03:00+00:00,3.3318181522190573e-07,2.070300963263858e-07
com.fitbit.FitbitMobile,2025-01-24 03:04:00+00:00,2025-01-24 03:03:00+00:00,0.012749,0.007921881019548388
com.google.android.apps.fitness,2025-01-24 03:04:00+00:00,2025-01-24 03:03:00+00:00,0.01274899959564209,0.007921880768291405
com.google.android.apps.fitness,2025-01-24 03:04:00+00:00,2025-01-24 03:04:00+00:00,0.00533574628829956,0.0033154872732297468
com.fitbit.FitbitMobile,2025-01-24 03:19:00+00:00,2025-01-24 03:18:00+00:00,0.000671,0.00041694110629202037
com.google.android.apps.fitness,2025-01-24 03:19:00+00:00,2025-01-24 03:18:00+00:00,0.0006710000038146973,0.00041694110866236924
com.fitbit.FitbitMobile,2025-01-24 03:20:00+00:00,2025-01-24 03:19:00+00:00,0.003355,0.0020847055314601017
com.google.android.apps.fitness,2025-01-24 03:20:00+00:00,2025-01-24 03:19:00+00:00,0.003355000019073486,0.002084705543311846
com.fitbit.FitbitMobile,2025-01-24 03:21:00+00:00,2025-01-24 03:20:00+00:00,0.002684,0.0016677644251680815
com.google.android.apps.fitness,2025-01-24 03:21:00+00:00,2025-01-24 03:20:00+00:00,0.002684000015258789,0.001667764434649477
com.fitbit.FitbitMobile,2025-01-24 03:40:00+00:00,2025-01-24 03:39:00+00:00,0.006039,0.003752469956628183
com.google.android.apps.fitness,2025-01-24 03:40:00+00:00,2025-01-24 03:39:00+00:00,0.006039000034332275,0.003752469977961323
com.fitbit.FitbitMobile,2025-01-24 03:43:00+00:00,2025-01-24 03:42:00+00:00,0.001342,0.0008338822125840407
com.google.android.apps.fitness,2025-01-24 03:43:00+00:00,2025-01-24 03:42:00+00:00,0.0013420000076293946,0.0008338822173247385
com.fitbit.FitbitMobile,2025-01-24 03:44:00+00:00,2025-01-24 03:43:00+00:00,0.002684,0.0016677644251680815
com.google.android.apps.fitness,2025-01-24 03:44:00+00:00,2025-01-24 03:43:00+00:00,0.002684000015258789,0.001667764434649477
com.fitbit.FitbitMobile,2025-01-24 03:49:00+00:00,2025-01-24 03:48:00+00:00,0.007381,0.004586352169212224
com.google.android.apps.fitness,2025-01-24 03:49:00+00:00,2025-01-24 03:48:00+00:00,0.00738100004196167,0.004586352195286062
com.fitbit.FitbitMobile,2025-01-24 04:00:00+00:00,2025-01-24 03:59:00+00:00,0.002684,0.0016677644251680815
com.google.android.apps.fitness,2025-01-24 04:00:00+00:00,2025-01-24 03:59:00+00:00,0.002684000015258789,0.001667764434649477
com.fitbit.FitbitMobile,2025-01-24 04:01:00+00:00,2025-01-24 04:00:00+00:00,0.002013,0.001250823318876061
com.google.android.apps.fitness,2025-01-24 04:01:00+00:00,2025-01-24 04:00:00+00:00,0.002013000011444092,0.0012508233259871076
com.google.android.apps.fitness,2025-01-24 04:01:00+00:00,2025-01-24 04:01:00+00:00,0.0022881150245666502,0.0014217722945845195
com.fitbit.FitbitMobile,2025-01-24 04:35:00+00:00,2025-01-24 04:34:00+00:00,0.001342,0.0008338822125840407
com.google.android.apps.fitness,2025-01-24 04:35:00+00:00,2025-01-24 04:34:00+00:00,0.0013420000076293946,0.0008338822173247385
com.fitbit.FitbitMobile,2025-01-24 04:36:00+00:00,2025-01-24 04:35:00+00:00,0.022143,0.013759056507636673
com.google.android.apps.fitness,2025-01-24 04:36:00+00:00,2025-01-24 04:35:00+00:00,0.02214299964904785,0.013759056289564574
com.google.android.apps.fitness,2025-01-24 04:36:00+00:00,2025-01-24 04:36:00+00:00,0.007029190540313721,0.00436774736246767
com.fitbit.FitbitMobile,2025-01-24 04:38:00+00:00,2025-01-24 04:37:00+00:00,0.001342,0.0008338822125840407
com.google.android.apps.fitness,2025-01-24 04:38:00+00:00,2025-01-24 04:37:00+00:00,0.0013420000076293946,0.0008338822173247385
com.fitbit.FitbitMobile,2025-01-24 04:39:00+00:00,2025-01-24 04:38:00+00:00,0.017445999999999996,0.010840468763592528
com.google.android.apps.fitness,2025-01-24 04:39:00+00:00,2025-01-24 04:38:00+00:00,0.01744599914550781,0.01084046823263438
com.google.android.apps.fitness,2025-01-24 04:39:00+00:00,2025-01-24 04:39:00+00:00,3.3318181522190573e-07,2.070300963263858e-07
com.fitbit.FitbitMobile,2025-01-24 04:40:00+00:00,2025-01-24 04:39:00+00:00,0.014091,0.008755763232132428
com.google.android.apps.fitness,2025-01-24 04:40:00+00:00,2025-01-24 04:39:00+00:00,0.014090999603271485,0.008755762985616145
com.google.android.apps.fitness,2025-01-24 04:40:00+00:00,2025-01-24 04:40:00+00:00,0.005812184333801269,0.003611532885407229
com.fitbit.FitbitMobile,2025-01-24 05:04:00+00:00,2025-01-24 05:03:00+00:00,0.000671,0.00041694110629202037
com.google.android.apps.fitness,2025-01-24 05:04:00+00:00,2025-01-24 05:03:00+00:00,0.0006710000038146973,0.00041694110866236924
com.fitbit.FitbitMobile,2025-01-24 05:05:00+00:00,2025-01-24 05:04:00+00:00,0.010065,0.006254116594380305
com.google.android.apps.fitness,2025-01-24 05:05:00+00:00,2025-01-24 05:04:00+00:00,0.0100649995803833,0.006254116333641929
com.fitbit.FitbitMobile,2025-01-24 05:30:00+00:00,2025-01-24 05:29:00+00:00,0.012749,0.007921881019548388
com.google.android.apps.fitness,2025-01-24 05:30:00+00:00,2025-01-24 05:29:00+00:00,0.01274899959564209,0.007921880768291405
com.google.android.apps.fitness,2025-01-24 05:30:00+00:00,2025-01-24 05:30:00+00:00,3.3318181522190573e-07,2.070300963263858e-07
com.fitbit.FitbitMobile,2025-01-24 05:31:00+00:00,2025-01-24 05:30:00+00:00,0.01342,0.008338822125840407
com.google.android.apps.fitness,2025-01-24 05:31:00+00:00,2025-01-24 05:30:00+00:00,0.013420000076293945,0.008338822173247384
com.google.android.apps.fitness,2025-01-24 05:31:00+00:00,2025-01-24 05:31:00+00:00,0.0018847702741622925,0.0011711448632124304
com.fitbit.FitbitMobile,2025-01-24 05:49:00+00:00,2025-01-24 05:48:00+00:00,0.002013,0.001250823318876061
com.google.android.apps.fitness,2025-01-24 05:49:00+00:00,2025-01-24 05:48:00+00:00,0.002013000011444092,0.0012508233259871076
com.fitbit.FitbitMobile,2025-01-24 05:50:00+00:00,2025-01-24 05:49:00+00:00,0.000671,0.00041694110629202037
com.google.android.apps.fitness,2025-01-24 05:50:00+00:00,2025-01-24 05:49:00+00:00,0.0006710000038146973,0.00041694110866236924
com.fitbit.FitbitMobile,2025-01-24 07:03:00+00:00,2025-01-24 07:02:00+00:00,0.009394,0.005837175488088285
com.google.android.apps.fitness,2025-01-24 07:03:00+00:00,2025-01-24 07:02:00+00:00,0.009394000053405762,0.00583717552127317
com.google.android.apps.fitness,2025-01-24 07:03:00+00:00,2025-01-24 07:03:00+00:00,3.3318181522190573e-07,2.070300963263858e-07
com.fitbit.FitbitMobile,2025-01-24 07:04:00+00:00,2025-01-24 07:03:00+00:00,0.034221,0.02126399642089304
com.google.android.apps.fitness,2025-01-24 07:04:00+00:00,2025-01-24 07:03:00+00:00,0.03422100067138672,0.02126399683807444
com.google.android.apps.fitness,2025-01-24 07:04:00+00:00,2025-01-24 07:04:00+00:00,3.3318181522190573e-07,2.070300963263858e-07
com.fitbit.FitbitMobile,2025-01-24 07:05:00+00:00,2025-01-24 07:04:00+00:00,0.02013,0.01250823318876061
com.google.android.apps.fitness,2025-01-24 07:05:00+00:00,2025-01-24 07:04:00+00:00,0.0201299991607666,0.012508232667283858
com.google.android.apps.fitness,2025-01-24 07:05:00+00:00,2025-01-24 07:05:00+00:00,0.012484353065490722,0.007757436629606375
com.fitbit.FitbitMobile,2025-01-24 07:09:00+00:00,2025-01-24 07:08:00+00:00,0.000671,0.00041694110629202037
com.google.android.apps.fitness,2025-01-24 07:09:00+00:00,2025-01-24 07:08:00+00:00,0.0006710000038146973,0.00041694110866236924
com.fitbit.FitbitMobile,2025-01-24 07:10:00+00:00,2025-01-24 07:09:00+00:00,0.01342,0.008338822125840407
com.google.android.apps.fitness,2025-01-24 07:10:00+00:00,2025-01-24 07:09:00+00:00,0.013420000076293945,0.008338822173247384
com.fitbit.FitbitMobile,2025-01-24 07:11:00+00:00,2025-01-24 07:10:00+00:00,0.017445999999999996,0.010840468763592528
com.google.android.apps.fitness,2025-01-24 07:11:00+00:00,2025-01-24 07:10:00+00:00,0.01744599914550781,0.01084046823263438
com.google.android.apps.fitness,2025-01-24 07:11:00+00:00,2025-01-24 07:11:00+00:00,0.011282011985778809,0.007010334662519299
com.fitbit.FitbitMobile,2025-01-24 07:16:00+00:00,2025-01-24 07:15:00+00:00,0.000671,0.00041694110629202037
com.google.android.apps.fitness,2025-01-24 07:16:00+00:00,2025-01-24 07:15:00+00:00,0.0006710000038146973,0.00041694110866236924
com.fitbit.FitbitMobile,2025-01-24 07:17:00+00:00,2025-01-24 07:16:00+00:00,0.012078,0.007504939913256366
com.google.android.apps.fitness,2025-01-24 07:17:00+00:00,2025-01-24 07:16:00+00:00,0.01207800006866455,0.007504939955922646
com.fitbit.FitbitMobile,2025-01-24 07:18:00+00:00,2025-01-24 07:17:00+00:00,0.002013,0.001250823318876061
com.google.android.apps.fitness,2025-01-24 07:18:00+00:00,2025-01-24 07:17:00+00:00,0.002013000011444092,0.0012508233259871076
com.fitbit.FitbitMobile,2025-01-24 07:24:00+00:00,2025-01-24 07:23:00+00:00,0.001342,0.0008338822125840407
com.google.android.apps.fitness,2025-01-24 07:24:00+00:00,2025-01-24 07:23:00+00:00,0.0013420000076293946,0.0008338822173247385
com.fitbit.FitbitMobile,2025-01-24 07:25:00+00:00,2025-01-24 07:24:00+00:00,0.014762,0.009172704338424448
com.google.android.apps.fitness,2025-01-24 07:25:00+00:00,2025-01-24 07:24:00+00:00,0.01476200008392334,0.009172704390572124
com.google.android.apps.fitness,2025-01-24 07:25:00+00:00,2025-01-24 07:25:00+00:00,0.007395941734313965,0.004595636555553187
com.fitbit.FitbitMobile,2025-01-24 07:28:00+00:00,2025-01-24 07:27:00+00:00,0.001342,0.0008338822125840407
com.google.android.apps.fitness,2025-01-24 07:28:00+00:00,2025-01-24 07:27:00+00:00,0.0013420000076293946,0.0008338822173247385
com.fitbit.FitbitMobile,2025-01-24 07:29:00+00:00,2025-01-24 07:28:00+00:00,0.016775,0.01042352765730051
com.google.android.apps.fitness,2025-01-24 07:29:00+00:00,2025-01-24 07:28:00+00:00,0.016774999618530274,0.010423527420265621
com.google.android.apps.fitness,2025-01-24 07:29:00+00:00,2025-01-24 07:29:00+00:00,0.007732459545135498,0.004804739548594765
com.fitbit.FitbitMobile,2025-01-24 07:31:00+00:00,2025-01-24 07:30:00+00:00,0.00671,0.004169411062920203
com.google.android.apps.fitness,2025-01-24 07:31:00+00:00,2025-01-24 07:30:00+00:00,0.006710000038146972,0.004169411086623692
com.fitbit.FitbitMobile,2025-01-24 07:32:00+00:00,2025-01-24 07:31:00+00:00,0.018117,0.01125740986988455
com.google.android.apps.fitness,2025-01-24 07:32:00+00:00,2025-01-24 07:31:00+00:00,0.018117000579833984,0.011257410230177579
com.google.android.apps.fitness,2025-01-24 07:32:00+00:00,2025-01-24 07:32:00+00:00,3.148821124341339e-07,1.9565915992526993e-07
com.fitbit.FitbitMobile,2025-01-24 07:33:00+00:00,2025-01-24 07:32:00+00:00,0.020801,0.01292517429505263
com.google.android.apps.fitness,2025-01-24 07:33:00+00:00,2025-01-24 07:32:00+00:00,0.020801000595092774,0.012925174664827056
com.google.android.apps.fitness,2025-01-24 07:33:00+00:00,2025-01-24 07:33:00+00:00,3.3318178611807527e-07,2.0703007824205903e-07
com.fitbit.FitbitMobile,2025-01-24 07:34:00+00:00,2025-01-24 07:33:00+00:00,0.016104,0.010006586551008488
com.google.android.apps.fitness,2025-01-24 07:34:00+00:00,2025-01-24 07:33:00+00:00,0.016104000091552734,0.010006586607896861
com.google.android.apps.fitness,2025-01-24 07:34:00+00:00,2025-01-24 07:34:00+00:00,3.578093310352415e-07,2.2233296322420465e-07
com.fitbit.FitbitMobile,2025-01-24 07:35:00+00:00,2025-01-24 07:34:00+00:00,0.023485,0.014592938720220713
com.google.android.apps.fitness,2025-01-24 07:35:00+00:00,2025-01-24 07:34:00+00:00,0.023485000610351563,0.014592939099476534
com.fitbit.FitbitMobile,2025-01-24 07:36:00+00:00,2025-01-24 07:35:00+00:00,0.014762,0.009172704338424448
com.google.android.apps.fitness,2025-01-24 07:36:00+00:00,2025-01-24 07:35:00+00:00,0.01476200008392334,0.009172704390572124
com.fitbit.FitbitMobile,2025-01-24 07:37:00+00:00,2025-01-24 07:36:00+00:00,0.003355,0.0020847055314601017
com.google.android.apps.fitness,2025-01-24 07:37:00+00:00,2025-01-24 07:36:00+00:00,0.003355000019073486,0.002084705543311846
com.fitbit.FitbitMobile,2025-01-24 07:38:00+00:00,2025-01-24 07:37:00+00:00,0.026169,0.016260703145388793
com.google.android.apps.fitness,2025-01-24 07:38:00+00:00,2025-01-24 07:37:00+00:00,0.026169000625610353,0.01626070353412601
com.fitbit.FitbitMobile,2025-01-24 07:39:00+00:00,2025-01-24 07:38:00+00:00,0.010736,0.006671057700672326
com.google.android.apps.fitness,2025-01-24 07:39:00+00:00,2025-01-24 07:38:00+00:00,0.010736000061035157,0.006671057738597908
com.fitbit.FitbitMobile,2025-01-24 07:40:00+00:00,2025-01-24 07:39:00+00:00,0.039589,0.0245995252712292
com.google.android.apps.fitness,2025-01-24 07:40:00+00:00,2025-01-24 07:39:00+00:00,0.0395890007019043,0.024599525707373393
com.fitbit.FitbitMobile,2025-01-24 07:41:00+00:00,2025-01-24 07:40:00+00:00,0.027511,0.017094585357972834
com.google.android.apps.fitness,2025-01-24 07:41:00+00:00,2025-01-24 07:40:00+00:00,0.02751099967956543,0.01709458515886353
com.fitbit.FitbitMobile,2025-01-24 07:42:00+00:00,2025-01-24 07:41:00+00:00,0.026169,0.016260703145388793
com.google.android.apps.fitness,2025-01-24 07:42:00+00:00,2025-01-24 07:41:00+00:00,0.026169000625610353,0.01626070353412601
com.fitbit.FitbitMobile,2025-01-24 07:43:00+00:00,2025-01-24 07:42:00+00:00,0.026169,0.016260703145388793
com.google.android.apps.fitness,2025-01-24 07:43:00+00:00,2025-01-24 07:42:00+00:00,0.026169000625610353,0.01626070353412601
com.fitbit.FitbitMobile,2025-01-24 07:44:00+00:00,2025-01-24 07:43:00+00:00,0.018117,0.01125740986988455
com.google.android.apps.fitness,2025-01-24 07:44:00+00:00,2025-01-24 07:43:00+00:00,0.018117000579833984,0.011257410230177579
com.fitbit.FitbitMobile,2025-01-24 07:45:00+00:00,2025-01-24 07:44:00+00:00,0.034221,0.02126399642089304
com.google.android.apps.fitness,2025-01-24 07:45:00+00:00,2025-01-24 07:44:00+00:00,0.03422100067138672,0.02126399683807444
com.google.android.apps.fitness,2025-01-24 07:46:00+00:00,2025-01-24 07:45:00+00:00,0.015212732315063477,0.009452777110531944
com.google.android.apps.fitness,2025-01-24 07:46:00+00:00,2025-01-24 07:46:00+00:00,0.0034247303009033205,0.0021280340393598123
com.fitbit.FitbitMobile,2025-01-24 07:51:00+00:00,2025-01-24 07:50:00+00:00,0.001342,0.0008338822125840407
com.google.android.apps.fitness,2025-01-24 07:51:00+00:00,2025-01-24 07:50:00+00:00,0.0013420000076293946,0.0008338822173247385
com.fitbit.FitbitMobile,2025-01-24 07:52:00+00:00,2025-01-24 07:51:00+00:00,0.005368,0.003335528850336163
com.google.android.apps.fitness,2025-01-24 07:52:00+00:00,2025-01-24 07:51:00+00:00,0.005368000030517578,0.003335528869298954
com.fitbit.FitbitMobile,2025-01-24 08:28:00+00:00,2025-01-24 08:27:00+00:00,0.00671,0.004169411062920203
com.google.android.apps.fitness,2025-01-24 08:28:00+00:00,2025-01-24 08:27:00+00:00,0.006710000038146972,0.004169411086623692
com.google.android.apps.fitness,2025-01-24 08:29:00+00:00,2025-01-24 08:29:00+00:00,0.0049475359916687014,0.0030742639788165966
com.fitbit.FitbitMobile,2025-01-24 08:30:00+00:00,2025-01-24 08:29:00+00:00,0.003355,0.0020847055314601017
com.google.android.apps.fitness,2025-01-24 08:30:00+00:00,2025-01-24 08:29:00+00:00,0.003355000019073486,0.002084705543311846
com.google.android.apps.fitness,2025-01-24 08:30:00+00:00,2025-01-24 08:30:00+00:00,3.3318178611807527e-07,2.0703007824205903e-07
com.fitbit.FitbitMobile,2025-01-24 08:31:00+00:00,2025-01-24 08:30:00+00:00,0.071878,0.04466302956491481
com.google.android.apps.fitness,2025-01-24 08:31:00+00:00,2025-01-24 08:30:00+00:00,0.07187799835205078,0.0446630285409241
com.google.android.apps.fitness,2025-01-24 08:31:00+00:00,2025-01-24 08:31:00+00:00,3.3318178611807527e-07,2.0703007824205903e-07
com.fitbit.FitbitMobile,2025-01-24 08:32:00+00:00,2025-01-24 08:31:00+00:00,0.071012,0.04412492077497608
com.google.android.apps.fitness,2025-01-24 08:32:00+00:00,2025-01-24 08:31:00+00:00,0.07101200103759765,0.04412492141971097
com.google.android.apps.fitness,2025-01-24 08:32:00+00:00,2025-01-24 08:32:00+00:00,7.025229278951884e-07,4.3652859426546805e-07
com.fitbit.FitbitMobile,2025-01-24 08:33:00+00:00,2025-01-24 08:32:00+00:00,0.084868,0.0527346614139958
com.google.android.apps.fitness,2025-01-24 08:33:00+00:00,2025-01-24 08:32:00+00:00,0.08486799621582031,0.05273465906260971
com.google.android.apps.fitness,2025-01-24 08:33:00+00:00,2025-01-24 08:33:00+00:00,1.1566184693947434e-06,7.186911835875225e-07
com.fitbit.FitbitMobile,2025-01-24 08:34:00+00:00,2025-01-24 08:33:00+00:00,0.031537,0.01959623199572496
com.google.android.apps.fitness,2025-01-24 08:34:00+00:00,2025-01-24 08:33:00+00:00,0.03153700065612793,0.019596232403424965
com.google.android.apps.fitness,2025-01-24 08:34:00+00:00,2025-01-24 08:34:00+00:00,0.0021908345222473144,0.0013613248426356857
com.google.android.apps.fitness,2025-01-24 08:34:00+00:00,2025-01-24 08:34:00+00:00,0.018689775466918947,0.011613316929249846
com.fitbit.FitbitMobile,2025-01-24 08:38:00+00:00,2025-01-24 08:37:00+00:00,0.000671,0.00041694110629202037
com.google.android.apps.fitness,2025-01-24 08:38:00+00:00,2025-01-24 08:37:00+00:00,0.0006710000038146973,0.00041694110866236924
com.fitbit.FitbitMobile,2025-01-24 08:39:00+00:00,2025-01-24 08:38:00+00:00,0.003355,0.0020847055314601017
com.google.android.apps.fitness,2025-01-24 08:39:00+00:00,2025-01-24 08:38:00+00:00,0.003355000019073486,0.002084705543311846
com.fitbit.FitbitMobile,2025-01-24 08:40:00+00:00,2025-01-24 08:39:00+00:00,0.000671,0.00041694110629202037
com.google.android.apps.fitness,2025-01-24 08:40:00+00:00,2025-01-24 08:39:00+00:00,0.0006710000038146973,0.00041694110866236924
com.fitbit.FitbitMobile,2025-01-24 08:41:00+00:00,2025-01-24 08:40:00+00:00,0.012078,0.007504939913256366
com.google.android.apps.fitness,2025-01-24 08:41:00+00:00,2025-01-24 08:40:00+00:00,0.01207800006866455,0.007504939955922646
com.fitbit.FitbitMobile,2025-01-24 08:42:00+00:00,2025-01-24 08:41:00+00:00,0.002684,0.0016677644251680815
com.google.android.apps.fitness,2025-01-24 08:42:00+00:00,2025-01-24 08:41:00+00:00,0.002684000015258789,0.001667764434649477
com.fitbit.FitbitMobile,2025-01-24 08:43:00+00:00,2025-01-24 08:42:00+00:00,0.011407,0.007087998806964346
com.google.android.apps.fitness,2025-01-24 08:43:00+00:00,2025-01-24 08:42:00+00:00,0.011406999588012695,0.007087998550966667
com.fitbit.FitbitMobile,2025-01-24 08:44:00+00:00,2025-01-24 08:43:00+00:00,0.045628,0.028351995227857384
com.google.android.apps.fitness,2025-01-24 08:44:00+00:00,2025-01-24 08:43:00+00:00,0.04562799835205078,0.02835199420386667
com.fitbit.FitbitMobile,2025-01-24 08:45:00+00:00,2025-01-24 08:44:00+00:00,0.021472,0.013342115401344652
com.google.android.apps.fitness,2025-01-24 08:45:00+00:00,2025-01-24 08:44:00+00:00,0.021472000122070314,0.013342115477195816
com.fitbit.FitbitMobile,2025-01-24 08:46:00+00:00,2025-01-24 08:45:00+00:00,0.021472,0.013342115401344652
com.google.android.apps.fitness,2025-01-24 08:46:00+00:00,2025-01-24 08:45:00+00:00,0.021472000122070314,0.013342115477195816
com.fitbit.FitbitMobile,2025-01-24 08:47:00+00:00,2025-01-24 08:46:00+00:00,0.041602,0.02585034859010526
com.google.android.apps.fitness,2025-01-24 08:47:00+00:00,2025-01-24 08:46:00+00:00,0.04160200119018555,0.02585034932965411
com.fitbit.FitbitMobile,2025-01-24 08:48:00+00:00,2025-01-24 08:47:00+00:00,0.014091,0.008755763232132428
com.google.android.apps.fitness,2025-01-24 08:48:00+00:00,2025-01-24 08:47:00+00:00,0.014090999603271485,0.008755762985616145
com.fitbit.FitbitMobile,2025-01-24 08:49:00+00:00,2025-01-24 08:48:00+00:00,0.022814,0.014175997613928692
com.google.android.apps.fitness,2025-01-24 08:49:00+00:00,2025-01-24 08:48:00+00:00,0.02281399917602539,0.014175997101933334
com.fitbit.FitbitMobile,2025-01-24 08:50:00+00:00,2025-01-24 08:49:00+00:00,0.016104,0.010006586551008488
com.google.android.apps.fitness,2025-01-24 08:50:00+00:00,2025-01-24 08:49:00+00:00,0.016104000091552734,0.010006586607896861
com.fitbit.FitbitMobile,2025-01-24 08:51:00+00:00,2025-01-24 08:50:00+00:00,0.014762,0.009172704338424448
com.google.android.apps.fitness,2025-01-24 08:51:00+00:00,2025-01-24 08:50:00+00:00,0.01476200008392334,0.009172704390572124
com.google.android.apps.fitness,2025-01-24 08:51:00+00:00,2025-01-24 08:51:00+00:00,3.215179604012519e-07,1.997824949365901e-07
com.fitbit.FitbitMobile,2025-01-24 08:52:00+00:00,2025-01-24 08:51:00+00:00,0.030866,0.019179290889432935
com.google.android.apps.fitness,2025-01-24 08:52:00+00:00,2025-01-24 08:51:00+00:00,0.03086599922180176,0.019179290405881764
com.google.android.apps.fitness,2025-01-24 08:52:00+00:00,2025-01-24 08:52:00+00:00,3.9836656651459636e-07,2.47534123624962e-07
com.fitbit.FitbitMobile,2025-01-24 08:53:00+00:00,2025-01-24 08:52:00+00:00,0.016104,0.010006586551008488
com.google.android.apps.fitness,2025-01-24 08:53:00+00:00,2025-01-24 08:52:00+00:00,0.016104000091552734,0.010006586607896861
com.google.android.apps.fitness,2025-01-24 08:53:00+00:00,2025-01-24 08:53:00+00:00,3.2303924672305584e-07,2.0072778078159734e-07
com.fitbit.FitbitMobile,2025-01-24 08:54:00+00:00,2025-01-24 08:53:00+00:00,0.000671,0.00041694110629202037
com.google.android.apps.fitness,2025-01-24 08:54:00+00:00,2025-01-24 08:53:00+00:00,0.0006710000038146973,0.00041694110866236924
com.fitbit.FitbitMobile,2025-01-24 08:55:00+00:00,2025-01-24 08:54:00+00:00,0.022143,0.013759056507636673
com.google.android.apps.fitness,2025-01-24 08:55:00+00:00,2025-01-24 08:54:00+00:00,0.02214299964904785,0.013759056289564574
com.google.android.apps.fitness,2025-01-24 08:55:00+00:00,2025-01-24 08:55:00+00:00,3.3318181522190573e-07,2.070300963263858e-07
com.fitbit.FitbitMobile,2025-01-24 08:56:00+00:00,2025-01-24 08:55:00+00:00,0.022143,0.013759056507636673
com.google.android.apps.fitness,2025-01-24 08:56:00+00:00,2025-01-24 08:55:00+00:00,0.02214299964904785,0.013759056289564574
com.google.android.apps.fitness,2025-01-24 08:56:00+00:00,2025-01-24 08:56:00+00:00,3.3318181522190573e-07,2.070300963263858e-07
com.fitbit.FitbitMobile,2025-01-24 08:57:00+00:00,2025-01-24 08:56:00+00:00,0.03355,0.02084705531460102
com.google.android.apps.fitness,2025-01-24 08:57:00+00:00,2025-01-24 08:56:00+00:00,0.03354999923706055,0.020847054840531242
com.google.android.apps.fitness,2025-01-24 08:57:00+00:00,2025-01-24 08:57:00+00:00,4.45804005721584e-07,2.7701045504466677e-07
com.fitbit.FitbitMobile,2025-01-24 08:58:00+00:00,2025-01-24 08:57:00+00:00,0.024827,0.015426820932804753
com.google.android.apps.fitness,2025-01-24 08:58:00+00:00,2025-01-24 08:57:00+00:00,0.02482699966430664,0.015426820724214052
com.google.android.apps.fitness,2025-01-24 08:58:00+00:00,2025-01-24 08:58:00+00:00,4.972641472704709e-07,3.08986384027285e-07
com.fitbit.FitbitMobile,2025-01-24 08:59:00+00:00,2025-01-24 08:58:00+00:00,0.007381,0.004586352169212224
com.google.android.apps.fitness,2025-01-24 08:59:00+00:00,2025-01-24 08:58:00+00:00,0.00738100004196167,0.004586352195286062
com.google.android.apps.fitness,2025-01-24 08:59:00+00:00,2025-01-24 08:59:00+00:00,0.003065182685852051,0.0019046209538394938
com.fitbit.FitbitMobile,2025-01-24 09:19:00+00:00,2025-01-24 09:18:00+00:00,0.001342,0.0008338822125840407
com.google.android.apps.fitness,2025-01-24 09:19:00+00:00,2025-01-24 09:18:00+00:00,0.0013420000076293946,0.0008338822173247385
com.fitbit.FitbitMobile,2025-01-24 09:20:00+00:00,2025-01-24 09:19:00+00:00,0.001342,0.0008338822125840407
com.google.android.apps.fitness,2025-01-24 09:20:00+00:00,2025-01-24 09:19:00+00:00,0.0013420000076293946,0.0008338822173247385
com.fitbit.FitbitMobile,2025-01-24 09:21:00+00:00,2025-01-24 09:20:00+00:00,0.000671,0.00041694110629202037
com.google.android.apps.fitness,2025-01-24 09:21:00+00:00,2025-01-24 09:20:00+00:00,0.0006710000038146973,0.00041694110866236924
com.fitbit.FitbitMobile,2025-01-24 09:22:00+00:00,2025-01-24 09:21:00+00:00,0.004697,0.0029185877440441425
com.google.android.apps.fitness,2025-01-24 09:22:00+00:00,2025-01-24 09:21:00+00:00,0.004697000026702881,0.002918587760636585
com.fitbit.FitbitMobile,2025-01-24 10:41:00+00:00,2025-01-24 10:40:00+00:00,0.002013,0.001250823318876061
com.google.android.apps.fitness,2025-01-24 10:41:00+00:00,2025-01-24 10:40:00+00:00,0.002013000011444092,0.0012508233259871076
com.fitbit.FitbitMobile,2025-01-24 11:51:00+00:00,2025-01-24 11:50:00+00:00,0.011407,0.007087998806964346
com.google.android.apps.fitness,2025-01-24 11:51:00+00:00,2025-01-24 11:50:00+00:00,0.011406999588012695,0.007087998550966667
com.fitbit.FitbitMobile,2025-01-24 11:52:00+00:00,2025-01-24 11:51:00+00:00,0.026169,0.016260703145388793
com.google.android.apps.fitness,2025-01-24 11:52:00+00:00,2025-01-24 11:51:00+00:00,0.026169000625610353,0.01626070353412601
com.fitbit.FitbitMobile,2025-01-24 11:53:00+00:00,2025-01-24 11:52:00+00:00,0.008052,0.005003293275504244
com.google.android.apps.fitness,2025-01-24 11:53:00+00:00,2025-01-24 11:52:00+00:00,0.008052000045776367,0.0050032933039484305
com.google.android.apps.fitness,2025-01-24 11:53:00+00:00,2025-01-24 11:53:00+00:00,3.3318178611807527e-07,2.0703007824205903e-07
com.fitbit.FitbitMobile,2025-01-24 11:54:00+00:00,2025-01-24 11:53:00+00:00,0.003355,0.0020847055314601017
com.google.android.apps.fitness,2025-01-24 11:54:00+00:00,2025-01-24 11:53:00+00:00,0.003355000019073486,0.002084705543311846
com.fitbit.FitbitMobile,2025-01-24 11:56:00+00:00,2025-01-24 11:55:00+00:00,0.002013,0.001250823318876061
com.google.android.apps.fitness,2025-01-24 11:56:00+00:00,2025-01-24 11:55:00+00:00,0.002013000011444092,0.0012508233259871076
com.fitbit.FitbitMobile,2025-01-24 11:57:00+00:00,2025-01-24 11:56:00+00:00,0.021472,0.013342115401344652
com.google.android.apps.fitness,2025-01-24 11:57:00+00:00,2025-01-24 11:56:00+00:00,0.021472000122070314,0.013342115477195816
com.google.android.apps.fitness,2025-01-24 11:57:00+00:00,2025-01-24 11:57:00+00:00,3.3318181522190573e-07,2.070300963263858e-07
com.fitbit.FitbitMobile,2025-01-24 11:58:00+00:00,2025-01-24 11:57:00+00:00,0.00671,0.004169411062920203
com.google.android.apps.fitness,2025-01-24 11:58:00+00:00,2025-01-24 11:57:00+00:00,0.006710000038146972,0.004169411086623692
com.fitbit.FitbitMobile,2025-01-24 11:59:00+00:00,2025-01-24 11:58:00+00:00,0.011407,0.007087998806964346
com.google.android.apps.fitness,2025-01-24 11:59:00+00:00,2025-01-24 11:58:00+00:00,0.011406999588012695,0.007087998550966667
com.google.android.apps.fitness,2025-01-24 11:59:00+00:00,2025-01-24 11:59:00+00:00,2.665454521775246e-07,1.6562407706110865e-07
com.fitbit.FitbitMobile,2025-01-24 12:00:00+00:00,2025-01-24 11:59:00+00:00,0.018117,0.01125740986988455
com.google.android.apps.fitness,2025-01-24 12:00:00+00:00,2025-01-24 11:59:00+00:00,0.018117000579833984,0.011257410230177579
com.google.android.apps.fitness,2025-01-24 12:00:00+00:00,2025-01-24 12:00:00+00:00,3.3318181522190573e-07,2.070300963263858e-07
com.fitbit.FitbitMobile,2025-01-24 12:01:00+00:00,2025-01-24 12:00:00+00:00,0.014762,0.009172704338424448
com.google.android.apps.fitness,2025-01-24 12:01:00+00:00,2025-01-24 12:00:00+00:00,0.01476200008392334,0.009172704390572124
com.google.android.apps.fitness,2025-01-24 12:01:00+00:00,2025-01-24 12:01:00+00:00,3.3318181522190573e-07,2.070300963263858e-07
com.fitbit.FitbitMobile,2025-01-24 12:02:00+00:00,2025-01-24 12:01:00+00:00,0.002013,0.001250823318876061
com.google.android.apps.fitness,2025-01-24 12:02:00+00:00,2025-01-24 12:01:00+00:00,0.002013000011444092,0.0012508233259871076
com.fitbit.FitbitMobile,2025-01-24 12:04:00+00:00,2025-01-24 12:03:00+00:00,0.004026,0.002501646637752122
com.google.android.apps.fitness,2025-01-24 12:04:00+00:00,2025-01-24 12:03:00+00:00,0.004026000022888184,0.0025016466519742152
com.fitbit.FitbitMobile,2025-01-24 12:15:00+00:00,2025-01-24 12:14:00+00:00,0.002013,0.001250823318876061
com.google.android.apps.fitness,2025-01-24 12:15:00+00:00,2025-01-24 12:14:00+00:00,0.002013000011444092,0.0012508233259871076
com.fitbit.FitbitMobile,2025-01-24 12:17:00+00:00,2025-01-24 12:16:00+00:00,0.002684,0.0016677644251680815
com.google.android.apps.fitness,2025-01-24 12:17:00+00:00,2025-01-24 12:16:00+00:00,0.002684000015258789,0.001667764434649477
com.fitbit.FitbitMobile,2025-01-24 12:18:00+00:00,2025-01-24 12:17:00+00:00,0.001342,0.0008338822125840407
com.google.android.apps.fitness,2025-01-24 12:18:00+00:00,2025-01-24 12:17:00+00:00,0.0013420000076293946,0.0008338822173247385
com.fitbit.FitbitMobile,2025-01-24 12:21:00+00:00,2025-01-24 12:20:00+00:00,0.006039,0.003752469956628183
com.google.android.apps.fitness,2025-01-24 12:21:00+00:00,2025-01-24 12:20:00+00:00,0.006039000034332275,0.003752469977961323
com.fitbit.FitbitMobile,2025-01-24 12:22:00+00:00,2025-01-24 12:21:00+00:00,0.007381,0.004586352169212224
com.google.android.apps.fitness,2025-01-24 12:22:00+00:00,2025-01-24 12:21:00+00:00,0.00738100004196167,0.004586352195286062
com.fitbit.FitbitMobile,2025-01-24 12:23:00+00:00,2025-01-24 12:22:00+00:00,0.002013,0.001250823318876061
com.google.android.apps.fitness,2025-01-24 12:23:00+00:00,2025-01-24 12:22:00+00:00,0.002013000011444092,0.0012508233259871076
com.fitbit.FitbitMobile,2025-01-24 12:24:00+00:00,2025-01-24 12:23:00+00:00,0.010736,0.006671057700672326
com.google.android.apps.fitness,2025-01-24 12:24:00+00:00,2025-01-24 12:23:00+00:00,0.010736000061035157,0.006671057738597908
com.fitbit.FitbitMobile,2025-01-24 12:25:00+00:00,2025-01-24 12:24:00+00:00,0.027511,0.017094585357972834
com.google.android.apps.fitness,2025-01-24 12:25:00+00:00,2025-01-24 12:24:00+00:00,0.02751099967956543,0.01709458515886353
com.google.android.apps.fitness,2025-01-24 12:25:00+00:00,2025-01-24 12:25:00+00:00,5.311675486154854e-07,3.300530333027735e-07
com.fitbit.FitbitMobile,2025-01-24 12:26:00+00:00,2025-01-24 12:25:00+00:00,0.004697,0.0029185877440441425
com.google.android.apps.fitness,2025-01-24 12:26:00+00:00,2025-01-24 12:25:00+00:00,0.004697000026702881,0.002918587760636585
com.fitbit.FitbitMobile,2025-01-24 12:27:00+00:00,2025-01-24 12:26:00+00:00,0.011407,0.007087998806964346
com.google.android.apps.fitness,2025-01-24 12:27:00+00:00,2025-01-24 12:26:00+00:00,0.011406999588012695,0.007087998550966667
com.fitbit.FitbitMobile,2025-01-24 12:28:00+00:00,2025-01-24 12:27:00+00:00,0.03355,0.02084705531460102
com.google.android.apps.fitness,2025-01-24 12:28:00+00:00,2025-01-24 12:27:00+00:00,0.03354999923706055,0.020847054840531242
com.google.android.apps.fitness,2025-01-24 12:28:00+00:00,2025-01-24 12:28:00+00:00,4.480661591514945e-07,2.78416095512132e-07
com.fitbit.FitbitMobile,2025-01-24 12:29:00+00:00,2025-01-24 12:28:00+00:00,0.018117,0.01125740986988455
com.google.android.apps.fitness,2025-01-24 12:29:00+00:00,2025-01-24 12:28:00+00:00,0.018117000579833984,0.011257410230177579
com.google.android.apps.fitness,2025-01-24 12:29:00+00:00,2025-01-24 12:29:00+00:00,3.049424267373979e-07,1.8948291022245014e-07
com.fitbit.FitbitMobile,2025-01-24 12:30:00+00:00,2025-01-24 12:29:00+00:00,0.028182,0.017511526464264855
com.google.android.apps.fitness,2025-01-24 12:30:00+00:00,2025-01-24 12:29:00+00:00,0.02818199920654297,0.01751152597123229
com.google.android.apps.fitness,2025-01-24 12:30:00+00:00,2025-01-24 12:30:00+00:00,5.35917526576668e-07,3.3300454010753976e-07
com.fitbit.FitbitMobile,2025-01-24 12:31:00+00:00,2025-01-24 12:30:00+00:00,0.038247,0.02376564305864516
com.google.android.apps.fitness,2025-01-24 12:31:00+00:00,2025-01-24 12:30:00+00:00,0.03824700164794922,0.023765644082635876
com.google.android.apps.fitness,2025-01-24 12:31:00+00:00,2025-01-24 12:31:00+00:00,5.35917526576668e-07,3.3300454010753976e-07
com.fitbit.FitbitMobile,2025-01-24 12:32:00+00:00,2025-01-24 12:31:00+00:00,0.004697,0.0029185877440441425
com.google.android.apps.fitness,2025-01-24 12:32:00+00:00,2025-01-24 12:31:00+00:00,0.004697000026702881,0.002918587760636585
com.fitbit.FitbitMobile,2025-01-24 12:33:00+00:00,2025-01-24 12:32:00+00:00,0.010065,0.006254116594380305
com.google.android.apps.fitness,2025-01-24 12:33:00+00:00,2025-01-24 12:32:00+00:00,0.0100649995803833,0.006254116333641929
com.fitbit.FitbitMobile,2025-01-24 12:34:00+00:00,2025-01-24 12:33:00+00:00,0.000671,0.00041694110629202037
com.google.android.apps.fitness,2025-01-24 12:34:00+00:00,2025-01-24 12:33:00+00:00,0.0006710000038146973,0.00041694110866236924
com.fitbit.FitbitMobile,2025-01-24 12:35:00+00:00,2025-01-24 12:34:00+00:00,0.004026,0.002501646637752122
com.google.android.apps.fitness,2025-01-24 12:35:00+00:00,2025-01-24 12:34:00+00:00,0.004026000022888184,0.0025016466519742152
com.google.android.apps.fitness,2025-01-24 12:36:00+00:00,2025-01-24 12:35:00+00:00,0.003331818103790283,0.002070300933171538
com.fitbit.FitbitMobile,2025-01-24 12:41:00+00:00,2025-01-24 12:40:00+00:00,0.004697,0.0029185877440441425
com.google.android.apps.fitness,2025-01-24 12:41:00+00:00,2025-01-24 12:40:00+00:00,0.004697000026702881,0.002918587760636585
com.fitbit.FitbitMobile,2025-01-24 12:42:00+00:00,2025-01-24 12:41:00+00:00,0.001342,0.0008338822125840407
com.google.android.apps.fitness,2025-01-24 12:42:00+00:00,2025-01-24 12:41:00+00:00,0.0013420000076293946,0.0008338822173247385
com.google.android.apps.fitness,2025-01-24 12:42:00+00:00,2025-01-24 12:42:00+00:00,3.3318181522190573e-07,2.070300963263858e-07
com.fitbit.FitbitMobile,2025-01-24 12:43:00+00:00,2025-01-24 12:42:00+00:00,0.031537,0.01959623199572496
com.google.android.apps.fitness,2025-01-24 12:43:00+00:00,2025-01-24 12:42:00+00:00,0.03153700065612793,0.019596232403424965
com.google.android.apps.fitness,2025-01-24 12:43:00+00:00,2025-01-24 12:43:00+00:00,3.3318181522190573e-07,2.070300963263858e-07
com.fitbit.FitbitMobile,2025-01-24 12:44:00+00:00,2025-01-24 12:43:00+00:00,0.03489199999999999,0.021680937527185057
com.google.android.apps.fitness,2025-01-24 12:44:00+00:00,2025-01-24 12:43:00+00:00,0.03489199829101562,0.02168093646526876
com.google.android.apps.fitness,2025-01-24 12:44:00+00:00,2025-01-24 12:44:00+00:00,4.725563921965659e-07,2.9363365864053955e-07
com.fitbit.FitbitMobile,2025-01-24 12:45:00+00:00,2025-01-24 12:44:00+00:00,0.024156,0.015009879826512732
com.google.android.apps.fitness,2025-01-24 12:45:00+00:00,2025-01-24 12:44:00+00:00,0.0241560001373291,0.015009879911845292
com.google.android.apps.fitness,2025-01-24 12:45:00+00:00,2025-01-24 12:45:00+00:00,5.417527863755822e-07,3.366304114578537e-07
com.fitbit.FitbitMobile,2025-01-24 12:46:00+00:00,2025-01-24 12:45:00+00:00,0.020801,0.01292517429505263
com.google.android.apps.fitness,2025-01-24 12:46:00+00:00,2025-01-24 12:45:00+00:00,0.020801000595092774,0.012925174664827056
com.google.android.apps.fitness,2025-01-24 12:46:00+00:00,2025-01-24 12:46:00+00:00,5.109245539642871e-07,3.174745883183709e-07
com.fitbit.FitbitMobile,2025-01-24 12:47:00+00:00,2025-01-24 12:46:00+00:00,0.04026,0.02501646637752122
com.google.android.apps.fitness,2025-01-24 12:47:00+00:00,2025-01-24 12:46:00+00:00,0.0402599983215332,0.025016465334567715
com.google.android.apps.fitness,2025-01-24 12:47:00+00:00,2025-01-24 12:47:00+00:00,5.109245539642871e-07,3.174745883183709e-07
com.fitbit.FitbitMobile,2025-01-24 12:48:00+00:00,2025-01-24 12:47:00+00:00,0.014762,0.009172704338424448
com.google.android.apps.fitness,2025-01-24 12:48:00+00:00,2025-01-24 12:47:00+00:00,0.01476200008392334,0.009172704390572124
com.fitbit.FitbitMobile,2025-01-24 12:49:00+00:00,2025-01-24 12:48:00+00:00,0.001342,0.0008338822125840407
com.google.android.apps.fitness,2025-01-24 12:49:00+00:00,2025-01-24 12:48:00+00:00,0.0013420000076293946,0.0008338822173247385
com.fitbit.FitbitMobile,2025-01-24 12:50:00+00:00,2025-01-24 12:49:00+00:00,0.009394,0.005837175488088285
com.google.android.apps.fitness,2025-01-24 12:50:00+00:00,2025-01-24 12:49:00+00:00,0.009394000053405762,0.00583717552127317
com.google.android.apps.fitness,2025-01-24 12:50:00+00:00,2025-01-24 12:50:00+00:00,4.1534300544299183e-07,2.5808281994046746e-07
com.fitbit.FitbitMobile,2025-01-24 12:51:00+00:00,2025-01-24 12:50:00+00:00,0.038247,0.02376564305864516
com.google.android.apps.fitness,2025-01-24 12:51:00+00:00,2025-01-24 12:50:00+00:00,0.03824700164794922,0.023765644082635876
com.google.android.apps.fitness,2025-01-24 12:51:00+00:00,2025-01-24 12:51:00+00:00,4.1534300544299183e-07,2.5808281994046746e-07
com.fitbit.FitbitMobile,2025-01-24 12:52:00+00:00,2025-01-24 12:51:00+00:00,0.001342,0.0008338822125840407
com.google.android.apps.fitness,2025-01-24 12:52:00+00:00,2025-01-24 12:51:00+00:00,0.0013420000076293946,0.0008338822173247385
com.fitbit.FitbitMobile,2025-01-24 12:53:00+00:00,2025-01-24 12:52:00+00:00,0.008052,0.005003293275504244
com.google.android.apps.fitness,2025-01-24 12:53:00+00:00,2025-01-24 12:52:00+00:00,0.008052000045776367,0.0050032933039484305
com.fitbit.FitbitMobile,2025-01-24 12:54:00+00:00,2025-01-24 12:53:00+00:00,0.016775,0.01042352765730051
com.google.android.apps.fitness,2025-01-24 12:54:00+00:00,2025-01-24 12:53:00+00:00,0.016774999618530274,0.010423527420265621
com.google.android.apps.fitness,2025-01-24 12:54:00+00:00,2025-01-24 12:54:00+00:00,5.373223102651537e-07,3.3387743439245507e-07
com.fitbit.FitbitMobile,2025-01-24 12:55:00+00:00,2025-01-24 12:54:00+00:00,0.012078,0.007504939913256366
com.google.android.apps.fitness,2025-01-24 12:55:00+00:00,2025-01-24 12:54:00+00:00,0.01207800006866455,0.007504939955922646
com.fitbit.FitbitMobile,2025-01-24 12:56:00+00:00,2025-01-24 12:55:00+00:00,0.00671,0.004169411062920203
com.google.android.apps.fitness,2025-01-24 12:56:00+00:00,2025-01-24 12:55:00+00:00,0.006710000038146972,0.004169411086623692
com.google.android.apps.fitness,2025-01-24 12:56:00+00:00,2025-01-24 12:56:00+00:00,2.665454521775246e-07,1.6562407706110865e-07
com.fitbit.FitbitMobile,2025-01-24 12:57:00+00:00,2025-01-24 12:56:00+00:00,0.001342,0.0008338822125840407
com.google.android.apps.fitness,2025-01-24 12:57:00+00:00,2025-01-24 12:56:00+00:00,0.0013420000076293946,0.0008338822173247385
com.google.android.apps.fitness,2025-01-24 12:57:00+00:00,2025-01-24 12:57:00+00:00,3.3318181522190573e-07,2.070300963263858e-07
com.fitbit.FitbitMobile,2025-01-24 12:58:00+00:00,2025-01-24 12:57:00+00:00,0.031537,0.01959623199572496
com.google.android.apps.fitness,2025-01-24 12:58:00+00:00,2025-01-24 12:57:00+00:00,0.03153700065612793,0.019596232403424965
com.google.android.apps.fitness,2025-01-24 12:58:00+00:00,2025-01-24 12:58:00+00:00,3.3318181522190573e-07,2.070300963263858e-07
com.fitbit.FitbitMobile,2025-01-24 12:59:00+00:00,2025-01-24 12:58:00+00:00,0.015433,0.009589645444716468
com.google.android.apps.fitness,2025-01-24 12:59:00+00:00,2025-01-24 12:58:00+00:00,0.01543299961090088,0.009589645202940882
com.google.android.apps.fitness,2025-01-24 12:59:00+00:00,2025-01-24 12:59:00+00:00,0.0016621038913726806,0.0010327860435785357
com.fitbit.FitbitMobile,2025-01-24 13:03:00+00:00,2025-01-24 13:02:00+00:00,0.001342,0.0008338822125840407
com.google.android.apps.fitness,2025-01-24 13:03:00+00:00,2025-01-24 13:02:00+00:00,0.0013420000076293946,0.0008338822173247385
com.fitbit.FitbitMobile,2025-01-24 13:13:00+00:00,2025-01-24 13:12:00+00:00,0.002013,0.001250823318876061
com.google.android.apps.fitness,2025-01-24 13:13:00+00:00,2025-01-24 13:12:00+00:00,0.002013000011444092,0.0012508233259871076
com.fitbit.FitbitMobile,2025-01-24 13:14:00+00:00,2025-01-24 13:13:00+00:00,0.012749,0.007921881019548388
com.google.android.apps.fitness,2025-01-24 13:14:00+00:00,2025-01-24 13:13:00+00:00,0.01274899959564209,0.007921880768291405
com.google.android.apps.fitness,2025-01-24 13:14:00+00:00,2025-01-24 13:14:00+00:00,2.5543940137140453e-07,1.5872307987833805e-07
com.fitbit.FitbitMobile,2025-01-24 13:15:00+00:00,2025-01-24 13:14:00+00:00,0.004697,0.0029185877440441425
com.google.android.apps.fitness,2025-01-24 13:15:00+00:00,2025-01-24 13:14:00+00:00,0.004697000026702881,0.002918587760636585
com.fitbit.FitbitMobile,2025-01-24 13:20:00+00:00,2025-01-24 13:19:00+00:00,0.000671,0.00041694110629202037
com.google.android.apps.fitness,2025-01-24 13:20:00+00:00,2025-01-24 13:19:00+00:00,0.0006710000038146973,0.00041694110866236924
com.fitbit.FitbitMobile,2025-01-24 13:21:00+00:00,2025-01-24 13:20:00+00:00,0.001342,0.0008338822125840407
com.google.android.apps.fitness,2025-01-24 13:21:00+00:00,2025-01-24 13:20:00+00:00,0.0013420000076293946,0.0008338822173247385
com.fitbit.FitbitMobile,2025-01-24 13:22:00+00:00,2025-01-24 13:21:00+00:00,0.003355,0.0020847055314601017
com.google.android.apps.fitness,2025-01-24 13:22:00+00:00,2025-01-24 13:21:00+00:00,0.003355000019073486,0.002084705543311846
com.fitbit.FitbitMobile,2025-01-24 13:23:00+00:00,2025-01-24 13:22:00+00:00,0.001342,0.0008338822125840407
com.google.android.apps.fitness,2025-01-24 13:23:00+00:00,2025-01-24 13:22:00+00:00,0.0013420000076293946,0.0008338822173247385
com.fitbit.FitbitMobile,2025-01-24 13:37:00+00:00,2025-01-24 13:36:00+00:00,0.000671,0.00041694110629202037
com.google.android.apps.fitness,2025-01-24 13:37:00+00:00,2025-01-24 13:36:00+00:00,0.0006710000038146973,0.00041694110866236924
com.fitbit.FitbitMobile,2025-01-24 13:38:00+00:00,2025-01-24 13:37:00+00:00,0.007381,0.004586352169212224
com.google.android.apps.fitness,2025-01-24 13:38:00+00:00,2025-01-24 13:37:00+00:00,0.00738100004196167,0.004586352195286062
com.fitbit.FitbitMobile,2025-01-24 13:39:00+00:00,2025-01-24 13:38:00+00:00,0.004026,0.002501646637752122
com.google.android.apps.fitness,2025-01-24 13:39:00+00:00,2025-01-24 13:38:00+00:00,0.004026000022888184,0.0025016466519742152
com.fitbit.FitbitMobile,2025-01-24 13:40:00+00:00,2025-01-24 13:39:00+00:00,0.006039,0.003752469956628183
com.google.android.apps.fitness,2025-01-24 13:40:00+00:00,2025-01-24 13:39:00+00:00,0.006039000034332275,0.003752469977961323
com.google.android.apps.fitness,2025-01-24 13:40:00+00:00,2025-01-24 13:40:00+00:00,2.887575828935951e-07,1.794260895109766e-07
com.fitbit.FitbitMobile,2025-01-24 13:41:00+00:00,2025-01-24 13:40:00+00:00,0.007381,0.004586352169212224
com.google.android.apps.fitness,2025-01-24 13:41:00+00:00,2025-01-24 13:40:00+00:00,0.00738100004196167,0.004586352195286062
com.fitbit.FitbitMobile,2025-01-24 14:16:00+00:00,2025-01-24 14:15:00+00:00,0.000671,0.00041694110629202037
com.google.android.apps.fitness,2025-01-24 14:16:00+00:00,2025-01-24 14:15:00+00:00,0.0006710000038146973,0.00041694110866236924
com.fitbit.FitbitMobile,2025-01-24 14:17:00+00:00,2025-01-24 14:16:00+00:00,0.009394,0.005837175488088285
com.google.android.apps.fitness,2025-01-24 14:17:00+00:00,2025-01-24 14:16:00+00:00,0.009394000053405762,0.00583717552127317
com.fitbit.FitbitMobile,2025-01-24 14:27:00+00:00,2025-01-24 14:26:00+00:00,0.002013,0.001250823318876061
com.google.android.apps.fitness,2025-01-24 14:27:00+00:00,2025-01-24 14:26:00+00:00,0.002013000011444092,0.0012508233259871076
com.fitbit.FitbitMobile,2025-01-24 14:28:00+00:00,2025-01-24 14:27:00+00:00,0.007381,0.004586352169212224
com.google.android.apps.fitness,2025-01-24 14:28:00+00:00,2025-01-24 14:27:00+00:00,0.00738100004196167,0.004586352195286062
com.google.android.apps.fitness,2025-01-24 14:28:00+00:00,2025-01-24 14:28:00+00:00,3.4456595312803983e-07,2.1410388925151917e-07
com.fitbit.FitbitMobile,2025-01-24 14:29:00+00:00,2025-01-24 14:28:00+00:00,0.037576,0.02334870195235314
com.google.android.apps.fitness,2025-01-24 14:29:00+00:00,2025-01-24 14:28:00+00:00,0.03757600021362305,0.02334870208509268
com.google.android.apps.fitness,2025-01-24 14:29:00+00:00,2025-01-24 14:29:00+00:00,3.4456595312803983e-07,2.1410388925151917e-07
com.fitbit.FitbitMobile,2025-01-24 14:30:00+00:00,2025-01-24 14:29:00+00:00,0.025498,0.015843762039096775
com.google.android.apps.fitness,2025-01-24 14:30:00+00:00,2025-01-24 14:29:00+00:00,0.02549799919128418,0.01584376153658281
com.google.android.apps.fitness,2025-01-24 14:30:00+00:00,2025-01-24 14:30:00+00:00,3.4456595312803983e-07,2.1410388925151917e-07
com.fitbit.FitbitMobile,2025-01-24 14:31:00+00:00,2025-01-24 14:30:00+00:00,0.036234,0.0225148197397691
com.google.android.apps.fitness,2025-01-24 14:31:00+00:00,2025-01-24 14:30:00+00:00,0.03623400115966797,0.022514820460355158
com.google.android.apps.fitness,2025-01-24 14:31:00+00:00,2025-01-24 14:31:00+00:00,5.419518565759063e-07,3.367541082530145e-07
com.fitbit.FitbitMobile,2025-01-24 14:32:00+00:00,2025-01-24 14:31:00+00:00,0.027511,0.017094585357972834
com.google.android.apps.fitness,2025-01-24 14:32:00+00:00,2025-01-24 14:31:00+00:00,0.02751099967956543,0.01709458515886353
com.google.android.apps.fitness,2025-01-24 14:32:00+00:00,2025-01-24 14:32:00+00:00,5.419518565759063e-07,3.367541082530145e-07
com.fitbit.FitbitMobile,2025-01-24 14:33:00+00:00,2025-01-24 14:32:00+00:00,0.000671,0.00041694110629202037
com.google.android.apps.fitness,2025-01-24 14:33:00+00:00,2025-01-24 14:32:00+00:00,0.0006710000038146973,0.00041694110866236924
com.fitbit.FitbitMobile,2025-01-24 14:34:00+00:00,2025-01-24 14:33:00+00:00,0.024827,0.015426820932804753
com.google.android.apps.fitness,2025-01-24 14:34:00+00:00,2025-01-24 14:33:00+00:00,0.02482699966430664,0.015426820724214052
com.google.android.apps.fitness,2025-01-24 14:34:00+00:00,2025-01-24 14:34:00+00:00,3.3318178611807527e-07,2.0703007824205903e-07
com.fitbit.FitbitMobile,2025-01-24 14:35:00+00:00,2025-01-24 14:34:00+00:00,0.001342,0.0008338822125840407
com.google.android.apps.fitness,2025-01-24 14:35:00+00:00,2025-01-24 14:34:00+00:00,0.0013420000076293946,0.0008338822173247385
com.fitbit.FitbitMobile,2025-01-24 15:03:00+00:00,2025-01-24 15:02:00+00:00,0.000671,0.00041694110629202037
com.google.android.apps.fitness,2025-01-24 15:03:00+00:00,2025-01-24 15:02:00+00:00,0.0006710000038146973,0.00041694110866236924
com.google.android.apps.fitness,2025-01-24 15:03:00+00:00,2025-01-24 15:03:00+00:00,3.3318178611807527e-07,2.0703007824205903e-07
com.fitbit.FitbitMobile,2025-01-24 15:04:00+00:00,2025-01-24 15:03:00+00:00,0.025498,0.015843762039096775
com.google.android.apps.fitness,2025-01-24 15:04:00+00:00,2025-01-24 15:03:00+00:00,0.02549799919128418,0.01584376153658281
com.google.android.apps.fitness,2025-01-24 15:04:00+00:00,2025-01-24 15:04:00+00:00,3.3318178611807527e-07,2.0703007824205903e-07
com.fitbit.FitbitMobile,2025-01-24 15:05:00+00:00,2025-01-24 15:04:00+00:00,0.027511,0.017094585357972834
com.google.android.apps.fitness,2025-01-24 15:05:00+00:00,2025-01-24 15:04:00+00:00,0.02751099967956543,0.01709458515886353
com.google.android.apps.fitness,2025-01-24 15:05:00+00:00,2025-01-24 15:05:00+00:00,0.005634067058563233,0.003500855666647963
com.google.android.apps.fitness,2025-01-24 15:05:00+00:00,2025-01-24 15:05:00+00:00,0.0019990909099578858,0.001242180589532284
com.fitbit.FitbitMobile,2025-01-24 15:21:00+00:00,2025-01-24 15:20:00+00:00,0.002013,0.001250823318876061
com.google.android.apps.fitness,2025-01-24 15:21:00+00:00,2025-01-24 15:20:00+00:00,0.002013000011444092,0.0012508233259871076
com.fitbit.FitbitMobile,2025-01-24 15:22:00+00:00,2025-01-24 15:21:00+00:00,0.012749,0.007921881019548388
com.google.android.apps.fitness,2025-01-24 15:22:00+00:00,2025-01-24 15:21:00+00:00,0.01274899959564209,0.007921880768291405
com.fitbit.FitbitMobile,2025-01-24 16:36:00+00:00,2025-01-24 16:35:00+00:00,0.000671,0.00041694110629202037
com.google.android.apps.fitness,2025-01-24 16:36:00+00:00,2025-01-24 16:35:00+00:00,0.0006710000038146973,0.00041694110866236924
com.fitbit.FitbitMobile,2025-01-24 20:02:00+00:00,2025-01-24 20:01:00+00:00,0.000671,0.00041694110629202037
com.google.android.apps.fitness,2025-01-24 20:02:00+00:00,2025-01-24 20:01:00+00:00,0.0006710000038146973,0.00041694110866236924
com.fitbit.FitbitMobile,2025-01-24 20:03:00+00:00,2025-01-24 20:02:00+00:00,0.001342,0.0008338822125840407
com.google.android.apps.fitness,2025-01-24 20:03:00+00:00,2025-01-24 20:02:00+00:00,0.0013420000076293946,0.0008338822173247385
com.fitbit.FitbitMobile,2025-01-24 21:34:00+00:00,2025-01-24 21:33:00+00:00,0.004697,0.0029185877440441425
com.google.android.apps.fitness,2025-01-24 21:34:00+00:00,2025-01-24 21:33:00+00:00,0.004697000026702881,0.002918587760636585
com.fitbit.FitbitMobile,2025-01-24 21:35:00+00:00,2025-01-24 21:34:00+00:00,0.025498,0.015843762039096775
com.google.android.apps.fitness,2025-01-24 21:35:00+00:00,2025-01-24 21:34:00+00:00,0.02549799919128418,0.01584376153658281
com.google.android.apps.fitness,2025-01-24 21:35:00+00:00,2025-01-24 21:35:00+00:00,5.007462459616363e-07,3.111500652202992e-07
com.fitbit.FitbitMobile,2025-01-24 21:36:00+00:00,2025-01-24 21:35:00+00:00,0.00671,0.004169411062920203
com.google.android.apps.fitness,2025-01-24 21:36:00+00:00,2025-01-24 21:35:00+00:00,0.006710000038146972,0.004169411086623692
com.fitbit.FitbitMobile,2025-01-24 21:37:00+00:00,2025-01-24 21:36:00+00:00,0.006039,0.003752469956628183
com.google.android.apps.fitness,2025-01-24 21:37:00+00:00,2025-01-24 21:36:00+00:00,0.006039000034332275,0.003752469977961323
com.fitbit.FitbitMobile,2025-01-24 21:54:00+00:00,2025-01-24 21:53:00+00:00,0.002013,0.001250823318876061
com.google.android.apps.fitness,2025-01-24 21:54:00+00:00,2025-01-24 21:53:00+00:00,0.002013000011444092,0.0012508233259871076
com.fitbit.FitbitMobile,2025-01-24 21:55:00+00:00,2025-01-24 21:54:00+00:00,0.002013,0.001250823318876061
com.google.android.apps.fitness,2025-01-24 21:55:00+00:00,2025-01-24 21:54:00+00:00,0.002013000011444092,0.0012508233259871076
com.fitbit.FitbitMobile,2025-01-24 22:06:00+00:00,2025-01-24 22:05:00+00:00,0.002013,0.001250823318876061
com.google.android.apps.fitness,2025-01-24 22:06:00+00:00,2025-01-24 22:05:00+00:00,0.002013000011444092,0.0012508233259871076
com.fitbit.FitbitMobile,2025-01-24 22:07:00+00:00,2025-01-24 22:06:00+00:00,0.000671,0.00041694110629202037
com.google.android.apps.fitness,2025-01-24 22:07:00+00:00,2025-01-24 22:06:00+00:00,0.0006710000038146973,0.00041694110866236924
com.fitbit.FitbitMobile,2025-01-25 03:40:00+00:00,2025-01-25 03:39:00+00:00,0.001342,0.0008338822125840407
com.google.android.apps.fitness,2025-01-25 03:40:00+00:00,2025-01-25 03:39:00+00:00,0.0013420000076293946,0.0008338822173247385
com.fitbit.FitbitMobile,2025-01-25 03:41:00+00:00,2025-01-25 03:40:00+00:00,0.026169,0.016260703145388793
com.google.android.apps.fitness,2025-01-25 03:41:00+00:00,2025-01-25 03:40:00+00:00,0.026169000625610353,0.01626070353412601
com.google.android.apps.fitness,2025-01-25 03:41:00+00:00,2025-01-25 03:41:00+00:00,3.3318181522190573e-07,2.070300963263858e-07
com.fitbit.FitbitMobile,2025-01-25 03:42:00+00:00,2025-01-25 03:41:00+00:00,0.015433,0.009589645444716468
com.google.android.apps.fitness,2025-01-25 03:42:00+00:00,2025-01-25 03:41:00+00:00,0.01543299961090088,0.009589645202940882
com.google.android.apps.fitness,2025-01-25 03:42:00+00:00,2025-01-25 03:42:00+00:00,3.3318181522190573e-07,2.070300963263858e-07
com.fitbit.FitbitMobile,2025-01-25 03:43:00+00:00,2025-01-25 03:42:00+00:00,0.032879,0.020430114208308994
com.google.android.apps.fitness,2025-01-25 03:43:00+00:00,2025-01-25 03:42:00+00:00,0.03287900161743164,0.020430115213336923
com.google.android.apps.fitness,2025-01-25 03:43:00+00:00,2025-01-25 03:43:00+00:00,5.731583223678172e-07,3.5614495530330274e-07
com.fitbit.FitbitMobile,2025-01-25 03:44:00+00:00,2025-01-25 03:43:00+00:00,0.035563,0.022097878633477074
com.google.android.apps.fitness,2025-01-25 03:44:00+00:00,2025-01-25 03:43:00+00:00,0.0355629997253418,0.02209787846281196
com.google.android.apps.fitness,2025-01-25 03:44:00+00:00,2025-01-25 03:44:00+00:00,3.693397738970816e-07,2.2949766606005047e-07
com.fitbit.FitbitMobile,2025-01-25 03:45:00+00:00,2025-01-25 03:44:00+00:00,0.005368,0.003335528850336163
com.google.android.apps.fitness,2025-01-25 03:45:00+00:00,2025-01-25 03:44:00+00:00,0.005368000030517578,0.003335528869298954
com.fitbit.FitbitMobile,2025-01-25 03:46:00+00:00,2025-01-25 03:45:00+00:00,0.011407,0.007087998806964346
com.google.android.apps.fitness,2025-01-25 03:46:00+00:00,2025-01-25 03:45:00+00:00,0.011406999588012695,0.007087998550966667
com.google.android.apps.fitness,2025-01-25 03:46:00+00:00,2025-01-25 03:46:00+00:00,3.220757644157857e-07,2.001290991436152e-07
com.fitbit.FitbitMobile,2025-01-25 03:47:00+00:00,2025-01-25 03:46:00+00:00,0.023485,0.014592938720220713
com.google.android.apps.fitness,2025-01-25 03:47:00+00:00,2025-01-25 03:46:00+00:00,0.023485000610351563,0.014592939099476534
com.google.android.apps.fitness,2025-01-25 03:47:00+00:00,2025-01-25 03:47:00+00:00,3.3318178611807527e-07,2.0703007824205903e-07
com.fitbit.FitbitMobile,2025-01-25 03:48:00+00:00,2025-01-25 03:47:00+00:00,0.023485,0.014592938720220713
com.google.android.apps.fitness,2025-01-25 03:48:00+00:00,2025-01-25 03:47:00+00:00,0.023485000610351563,0.014592939099476534
com.google.android.apps.fitness,2025-01-25 03:48:00+00:00,2025-01-25 03:48:00+00:00,0.014555218696594239,0.009044216074039196
com.fitbit.FitbitMobile,2025-01-25 03:55:00+00:00,2025-01-25 03:54:00+00:00,0.000671,0.00041694110629202037
com.google.android.apps.fitness,2025-01-25 03:55:00+00:00,2025-01-25 03:54:00+00:00,0.0006710000038146973,0.00041694110866236924
com.fitbit.FitbitMobile,2025-01-25 03:56:00+00:00,2025-01-25 03:55:00+00:00,0.000671,0.00041694110629202037
com.google.android.apps.fitness,2025-01-25 03:56:00+00:00,2025-01-25 03:55:00+00:00,0.0006710000038146973,0.00041694110866236924
com.fitbit.FitbitMobile,2025-01-25 04:16:00+00:00,2025-01-25 04:15:00+00:00,0.002684,0.0016677644251680815
com.google.android.apps.fitness,2025-01-25 04:16:00+00:00,2025-01-25 04:15:00+00:00,0.002684000015258789,0.001667764434649477
com.fitbit.FitbitMobile,2025-01-25 04:17:00+00:00,2025-01-25 04:16:00+00:00,0.001342,0.0008338822125840407
com.google.android.apps.fitness,2025-01-25 04:17:00+00:00,2025-01-25 04:16:00+00:00,0.0013420000076293946,0.0008338822173247385
com.google.android.apps.fitness,2025-01-25 04:17:00+00:00,2025-01-25 04:17:00+00:00,3.3318181522190573e-07,2.070300963263858e-07
com.fitbit.FitbitMobile,2025-01-25 04:18:00+00:00,2025-01-25 04:17:00+00:00,0.034221,0.02126399642089304
com.google.android.apps.fitness,2025-01-25 04:18:00+00:00,2025-01-25 04:17:00+00:00,0.03422100067138672,0.02126399683807444
com.google.android.apps.fitness,2025-01-25 04:18:00+00:00,2025-01-25 04:18:00+00:00,3.3318181522190573e-07,2.070300963263858e-07
com.fitbit.FitbitMobile,2025-01-25 04:19:00+00:00,2025-01-25 04:18:00+00:00,0.021472,0.013342115401344652
com.google.android.apps.fitness,2025-01-25 04:19:00+00:00,2025-01-25 04:18:00+00:00,0.021472000122070314,0.013342115477195816
com.google.android.apps.fitness,2025-01-25 04:19:00+00:00,2025-01-25 04:19:00+00:00,0.0014158562421798706,0.0008797744679060178
com.google.android.apps.fitness,2025-01-25 04:19:00+00:00,2025-01-25 04:19:00+00:00,0.00932909107208252,0.0057968428499151955
com.fitbit.FitbitMobile,2025-01-25 04:41:00+00:00,2025-01-25 04:40:00+00:00,0.000671,0.00041694110629202037
com.google.android.apps.fitness,2025-01-25 04:41:00+00:00,2025-01-25 04:40:00+00:00,0.0006710000038146973,0.00041694110866236924
com.fitbit.FitbitMobile,2025-01-25 04:42:00+00:00,2025-01-25 04:41:00+00:00,0.008722999999999998,0.005420234381796264
com.google.android.apps.fitness,2025-01-25 04:42:00+00:00,2025-01-25 04:41:00+00:00,0.008722999572753905,0.00542023411631719
com.google.android.apps.fitness,2025-01-25 04:42:00+00:00,2025-01-25 04:42:00+00:00,3.3318178611807527e-07,2.0703007824205903e-07
com.fitbit.FitbitMobile,2025-01-25 04:43:00+00:00,2025-01-25 04:42:00+00:00,0.014762,0.009172704338424448
com.google.android.apps.fitness,2025-01-25 04:43:00+00:00,2025-01-25 04:42:00+00:00,0.01476200008392334,0.009172704390572124
com.google.android.apps.fitness,2025-01-25 04:44:00+00:00,2025-01-25 04:44:00+00:00,0.007420779705047608,0.004611070193400778
com.fitbit.FitbitMobile,2025-01-25 04:45:00+00:00,2025-01-25 04:44:00+00:00,0.023485,0.014592938720220713
com.google.android.apps.fitness,2025-01-25 04:45:00+00:00,2025-01-25 04:44:00+00:00,0.023485000610351563,0.014592939099476534
com.google.android.apps.fitness,2025-01-25 04:45:00+00:00,2025-01-25 04:45:00+00:00,3.3318181522190573e-07,2.070300963263858e-07
com.fitbit.FitbitMobile,2025-01-25 04:46:00+00:00,2025-01-25 04:45:00+00:00,0.062352,0.03874383287558875
com.google.android.apps.fitness,2025-01-25 04:46:00+00:00,2025-01-25 04:45:00+00:00,0.062352001190185545,0.038743833615137606
com.google.android.apps.fitness,2025-01-25 04:46:00+00:00,2025-01-25 04:46:00+00:00,3.3318181522190573e-07,2.070300963263858e-07
com.fitbit.FitbitMobile,2025-01-25 04:47:00+00:00,2025-01-25 04:46:00+00:00,0.034221,0.02126399642089304
com.google.android.apps.fitness,2025-01-25 04:47:00+00:00,2025-01-25 04:46:00+00:00,0.03422100067138672,0.02126399683807444
com.google.android.apps.fitness,2025-01-25 04:47:00+00:00,2025-01-25 04:47:00+00:00,9.35436342842877e-07,5.812546403139653e-07
com.fitbit.FitbitMobile,2025-01-25 04:48:00+00:00,2025-01-25 04:47:00+00:00,0.020801,0.01292517429505263
com.google.android.apps.fitness,2025-01-25 04:48:00+00:00,2025-01-25 04:47:00+00:00,0.020801000595092774,0.012925174664827056
com.fitbit.FitbitMobile,2025-01-25 04:49:00+00:00,2025-01-25 04:48:00+00:00,0.001342,0.0008338822125840407
com.google.android.apps.fitness,2025-01-25 04:49:00+00:00,2025-01-25 04:48:00+00:00,0.0013420000076293946,0.0008338822173247385
com.google.android.apps.fitness,2025-01-25 04:49:00+00:00,2025-01-25 04:49:00+00:00,3.3318181522190573e-07,2.070300963263858e-07
com.fitbit.FitbitMobile,2025-01-25 04:50:00+00:00,2025-01-25 04:49:00+00:00,0.022143,0.013759056507636673
com.google.android.apps.fitness,2025-01-25 04:50:00+00:00,2025-01-25 04:49:00+00:00,0.02214299964904785,0.013759056289564574
com.google.android.apps.fitness,2025-01-25 04:50:00+00:00,2025-01-25 04:50:00+00:00,3.3318181522190573e-07,2.070300963263858e-07
com.fitbit.FitbitMobile,2025-01-25 04:51:00+00:00,2025-01-25 04:50:00+00:00,0.027511,0.017094585357972834
com.google.android.apps.fitness,2025-01-25 04:51:00+00:00,2025-01-25 04:50:00+00:00,0.02751099967956543,0.01709458515886353
com.google.android.apps.fitness,2025-01-25 04:51:00+00:00,2025-01-25 04:51:00+00:00,3.3318181522190573e-07,2.070300963263858e-07
com.fitbit.FitbitMobile,2025-01-25 04:52:00+00:00,2025-01-25 04:51:00+00:00,0.003355,0.0020847055314601017
com.google.android.apps.fitness,2025-01-25 04:52:00+00:00,2025-01-25 04:51:00+00:00,0.003355000019073486,0.002084705543311846
com.fitbit.FitbitMobile,2025-01-25 04:55:00+00:00,2025-01-25 04:54:00+00:00,0.001342,0.0008338822125840407
com.google.android.apps.fitness,2025-01-25 04:55:00+00:00,2025-01-25 04:54:00+00:00,0.0013420000076293946,0.0008338822173247385
com.fitbit.FitbitMobile,2025-01-25 04:56:00+00:00,2025-01-25 04:55:00+00:00,0.026169,0.016260703145388793
com.google.android.apps.fitness,2025-01-25 04:56:00+00:00,2025-01-25 04:55:00+00:00,0.026169000625610353,0.01626070353412601
com.google.android.apps.fitness,2025-01-25 04:56:00+00:00,2025-01-25 04:56:00+00:00,3.3318184432573614e-07,2.0703011441071258e-07
com.fitbit.FitbitMobile,2025-01-25 04:57:00+00:00,2025-01-25 04:56:00+00:00,0.024827,0.015426820932804753
com.google.android.apps.fitness,2025-01-25 04:57:00+00:00,2025-01-25 04:56:00+00:00,0.02482699966430664,0.015426820724214052
com.google.android.apps.fitness,2025-01-25 04:57:00+00:00,2025-01-25 04:57:00+00:00,3.3318184432573614e-07,2.0703011441071258e-07
com.fitbit.FitbitMobile,2025-01-25 04:58:00+00:00,2025-01-25 04:57:00+00:00,0.010736,0.006671057700672326
com.google.android.apps.fitness,2025-01-25 04:58:00+00:00,2025-01-25 04:57:00+00:00,0.010736000061035157,0.006671057738597908
com.google.android.apps.fitness,2025-01-25 04:58:00+00:00,2025-01-25 04:58:00+00:00,4.110147710889578e-07,2.553933731150396e-07
com.fitbit.FitbitMobile,2025-01-25 04:59:00+00:00,2025-01-25 04:58:00+00:00,0.028182,0.017511526464264855
com.google.android.apps.fitness,2025-01-25 04:59:00+00:00,2025-01-25 04:58:00+00:00,0.02818199920654297,0.01751152597123229
com.google.android.apps.fitness,2025-01-25 04:59:00+00:00,2025-01-25 04:59:00+00:00,3.33717092871666e-07,2.073627032644848e-07
com.fitbit.FitbitMobile,2025-01-25 05:00:00+00:00,2025-01-25 04:59:00+00:00,0.018117,0.01125740986988455
com.google.android.apps.fitness,2025-01-25 05:00:00+00:00,2025-01-25 04:59:00+00:00,0.018117000579833984,0.011257410230177579
com.google.android.apps.fitness,2025-01-25 05:00:00+00:00,2025-01-25 05:00:00+00:00,0.004950401306152344,0.00307604440711866
com.fitbit.FitbitMobile,2025-01-25 05:13:00+00:00,2025-01-25 05:12:00+00:00,0.000671,0.00041694110629202037
com.google.android.apps.fitness,2025-01-25 05:13:00+00:00,2025-01-25 05:12:00+00:00,0.0006710000038146973,0.00041694110866236924
com.fitbit.FitbitMobile,2025-01-25 05:14:00+00:00,2025-01-25 05:13:00+00:00,0.02684,0.016677644251680813
com.google.android.apps.fitness,2025-01-25 05:14:00+00:00,2025-01-25 05:13:00+00:00,0.02684000015258789,0.01667764434649477
com.google.android.apps.fitness,2025-01-25 05:14:00+00:00,2025-01-25 05:14:00+00:00,3.3318181522190573e-07,2.070300963263858e-07
com.fitbit.FitbitMobile,2025-01-25 05:15:00+00:00,2025-01-25 05:14:00+00:00,0.036905,0.02293176084606112
com.google.android.apps.fitness,2025-01-25 05:15:00+00:00,2025-01-25 05:14:00+00:00,0.03690499877929688,0.022931760087549477
com.google.android.apps.fitness,2025-01-25 05:15:00+00:00,2025-01-25 05:15:00+00:00,6.936949212104082e-07,4.3104311159258344e-07
com.fitbit.FitbitMobile,2025-01-25 05:16:00+00:00,2025-01-25 05:15:00+00:00,0.034221,0.02126399642089304
com.google.android.apps.fitness,2025-01-25 05:16:00+00:00,2025-01-25 05:15:00+00:00,0.03422100067138672,0.02126399683807444
com.google.android.apps.fitness,2025-01-25 05:16:00+00:00,2025-01-25 05:16:00+00:00,6.936949212104082e-07,4.3104311159258344e-07
com.fitbit.FitbitMobile,2025-01-25 05:17:00+00:00,2025-01-25 05:16:00+00:00,0.031537,0.01959623199572496
com.google.android.apps.fitness,2025-01-25 05:17:00+00:00,2025-01-25 05:16:00+00:00,0.03153700065612793,0.019596232403424965
com.google.android.apps.fitness,2025-01-25 05:17:00+00:00,2025-01-25 05:17:00+00:00,2.6464820257388056e-07,1.644451778827846e-07
com.fitbit.FitbitMobile,2025-01-25 05:18:00+00:00,2025-01-25 05:17:00+00:00,0.011407,0.007087998806964346
com.google.android.apps.fitness,2025-01-25 05:18:00+00:00,2025-01-25 05:17:00+00:00,0.011406999588012695,0.007087998550966667
com.fitbit.FitbitMobile,2025-01-25 05:30:00+00:00,2025-01-25 05:29:00+00:00,0.024827,0.015426820932804753
com.google.android.apps.fitness,2025-01-25 05:30:00+00:00,2025-01-25 05:29:00+00:00,0.02482699966430664,0.015426820724214052
com.google.android.apps.fitness,2025-01-25 05:30:00+00:00,2025-01-25 05:30:00+00:00,3.3318181522190573e-07,2.070300963263858e-07
com.fitbit.FitbitMobile,2025-01-25 05:31:00+00:00,2025-01-25 05:30:00+00:00,0.042944,0.026684230802689304
com.google.android.apps.fitness,2025-01-25 05:31:00+00:00,2025-01-25 05:30:00+00:00,0.04294400024414063,0.02668423095439163
com.google.android.apps.fitness,2025-01-25 05:31:00+00:00,2025-01-25 05:31:00+00:00,6.955752032808959e-07,4.32211467608396e-07
com.fitbit.FitbitMobile,2025-01-25 05:32:00+00:00,2025-01-25 05:31:00+00:00,0.017445999999999996,0.010840468763592528
com.google.android.apps.fitness,2025-01-25 05:32:00+00:00,2025-01-25 05:31:00+00:00,0.01744599914550781,0.01084046823263438
com.google.android.apps.fitness,2025-01-25 05:32:00+00:00,2025-01-25 05:32:00+00:00,4.577513027470559e-07,2.8443417969295234e-07
com.fitbit.FitbitMobile,2025-01-25 05:33:00+00:00,2025-01-25 05:32:00+00:00,0.030866,0.019179290889432935
com.google.android.apps.fitness,2025-01-25 05:33:00+00:00,2025-01-25 05:32:00+00:00,0.03086599922180176,0.019179290405881764
com.google.android.apps.fitness,2025-01-25 05:33:00+00:00,2025-01-25 05:33:00+00:00,3.009604697581381e-07,1.8700863071702566e-07
com.fitbit.FitbitMobile,2025-01-25 05:34:00+00:00,2025-01-25 05:33:00+00:00,0.005368,0.003335528850336163
com.google.android.apps.fitness,2025-01-25 05:34:00+00:00,2025-01-25 05:33:00+00:00,0.005368000030517578,0.003335528869298954
com.google.android.apps.fitness,2025-01-25 05:34:00+00:00,2025-01-25 05:34:00+00:00,4.208987229503691e-07,2.615349913320797e-07
com.fitbit.FitbitMobile,2025-01-25 05:35:00+00:00,2025-01-25 05:34:00+00:00,0.066682,0.04143437682528242
com.google.android.apps.fitness,2025-01-25 05:35:00+00:00,2025-01-25 05:34:00+00:00,0.06668199920654297,0.04143437633224985
com.fitbit.FitbitMobile,2025-01-25 05:36:00+00:00,2025-01-25 05:35:00+00:00,0.010065,0.006254116594380305
com.google.android.apps.fitness,2025-01-25 05:36:00+00:00,2025-01-25 05:35:00+00:00,0.0100649995803833,0.006254116333641929
com.fitbit.FitbitMobile,2025-01-25 05:37:00+00:00,2025-01-25 05:36:00+00:00,0.005368,0.003335528850336163
com.google.android.apps.fitness,2025-01-25 05:37:00+00:00,2025-01-25 05:36:00+00:00,0.005368000030517578,0.003335528869298954
com.fitbit.FitbitMobile,2025-01-25 05:38:00+00:00,2025-01-25 05:37:00+00:00,0.004697,0.0029185877440441425
com.google.android.apps.fitness,2025-01-25 05:38:00+00:00,2025-01-25 05:37:00+00:00,0.004697000026702881,0.002918587760636585
com.fitbit.FitbitMobile,2025-01-25 05:39:00+00:00,2025-01-25 05:38:00+00:00,0.009394,0.005837175488088285
com.google.android.apps.fitness,2025-01-25 05:39:00+00:00,2025-01-25 05:38:00+00:00,0.009394000053405762,0.00583717552127317
com.fitbit.FitbitMobile,2025-01-25 05:40:00+00:00,2025-01-25 05:39:00+00:00,0.010065,0.006254116594380305
com.google.android.apps.fitness,2025-01-25 05:40:00+00:00,2025-01-25 05:39:00+00:00,0.0100649995803833,0.006254116333641929
com.fitbit.FitbitMobile,2025-01-25 05:41:00+00:00,2025-01-25 05:40:00+00:00,0.010736,0.006671057700672326
com.google.android.apps.fitness,2025-01-25 05:41:00+00:00,2025-01-25 05:40:00+00:00,0.010736000061035157,0.006671057738597908
com.fitbit.FitbitMobile,2025-01-25 05:42:00+00:00,2025-01-25 05:41:00+00:00,0.008052,0.005003293275504244
com.google.android.apps.fitness,2025-01-25 05:42:00+00:00,2025-01-25 05:41:00+00:00,0.008052000045776367,0.0050032933039484305
com.fitbit.FitbitMobile,2025-01-25 05:43:00+00:00,2025-01-25 05:42:00+00:00,0.005368,0.003335528850336163
com.google.android.apps.fitness,2025-01-25 05:43:00+00:00,2025-01-25 05:42:00+00:00,0.005368000030517578,0.003335528869298954
com.fitbit.FitbitMobile,2025-01-25 05:44:00+00:00,2025-01-25 05:43:00+00:00,0.006039,0.003752469956628183
com.google.android.apps.fitness,2025-01-25 05:44:00+00:00,2025-01-25 05:43:00+00:00,0.006039000034332275,0.003752469977961323
com.fitbit.FitbitMobile,2025-01-25 05:45:00+00:00,2025-01-25 05:44:00+00:00,0.014762,0.009172704338424448
com.google.android.apps.fitness,2025-01-25 05:45:00+00:00,2025-01-25 05:44:00+00:00,0.01476200008392334,0.009172704390572124
com.fitbit.FitbitMobile,2025-01-25 05:46:00+00:00,2025-01-25 05:45:00+00:00,0.014091,0.008755763232132428
com.google.android.apps.fitness,2025-01-25 05:46:00+00:00,2025-01-25 05:45:00+00:00,0.014090999603271485,0.008755762985616145
com.fitbit.FitbitMobile,2025-01-25 05:47:00+00:00,2025-01-25 05:46:00+00:00,0.01342,0.008338822125840407
com.google.android.apps.fitness,2025-01-25 05:47:00+00:00,2025-01-25 05:46:00+00:00,0.013420000076293945,0.008338822173247384
com.fitbit.FitbitMobile,2025-01-25 05:48:00+00:00,2025-01-25 05:47:00+00:00,0.003355,0.0020847055314601017
com.google.android.apps.fitness,2025-01-25 05:48:00+00:00,2025-01-25 05:47:00+00:00,0.003355000019073486,0.002084705543311846
com.fitbit.FitbitMobile,2025-01-25 05:49:00+00:00,2025-01-25 05:48:00+00:00,0.016104,0.010006586551008488
com.google.android.apps.fitness,2025-01-25 05:49:00+00:00,2025-01-25 05:48:00+00:00,0.016104000091552734,0.010006586607896861
com.fitbit.FitbitMobile,2025-01-25 05:50:00+00:00,2025-01-25 05:49:00+00:00,0.004026,0.002501646637752122
com.google.android.apps.fitness,2025-01-25 05:50:00+00:00,2025-01-25 05:49:00+00:00,0.004026000022888184,0.0025016466519742152
com.fitbit.FitbitMobile,2025-01-25 05:51:00+00:00,2025-01-25 05:50:00+00:00,0.002013,0.001250823318876061
com.google.android.apps.fitness,2025-01-25 05:51:00+00:00,2025-01-25 05:50:00+00:00,0.002013000011444092,0.0012508233259871076
com.fitbit.FitbitMobile,2025-01-25 05:52:00+00:00,2025-01-25 05:51:00+00:00,0.004026,0.002501646637752122
com.google.android.apps.fitness,2025-01-25 05:52:00+00:00,2025-01-25 05:51:00+00:00,0.004026000022888184,0.0025016466519742152
com.fitbit.FitbitMobile,2025-01-25 05:53:00+00:00,2025-01-25 05:52:00+00:00,0.002013,0.001250823318876061
com.google.android.apps.fitness,2025-01-25 05:53:00+00:00,2025-01-25 05:52:00+00:00,0.002013000011444092,0.0012508233259871076
com.fitbit.FitbitMobile,2025-01-25 05:54:00+00:00,2025-01-25 05:53:00+00:00,0.020801,0.01292517429505263
com.google.android.apps.fitness,2025-01-25 05:54:00+00:00,2025-01-25 05:53:00+00:00,0.020801000595092774,0.012925174664827056
com.fitbit.FitbitMobile,2025-01-25 05:55:00+00:00,2025-01-25 05:54:00+00:00,0.010736,0.006671057700672326
com.google.android.apps.fitness,2025-01-25 05:55:00+00:00,2025-01-25 05:54:00+00:00,0.010736000061035157,0.006671057738597908
com.fitbit.FitbitMobile,2025-01-25 05:59:00+00:00,2025-01-25 05:58:00+00:00,0.000671,0.00041694110629202037
com.google.android.apps.fitness,2025-01-25 05:59:00+00:00,2025-01-25 05:58:00+00:00,0.0006710000038146973,0.00041694110866236924
com.fitbit.FitbitMobile,2025-01-25 06:00:00+00:00,2025-01-25 05:59:00+00:00,0.016104,0.010006586551008488
com.google.android.apps.fitness,2025-01-25 06:00:00+00:00,2025-01-25 05:59:00+00:00,0.016104000091552734,0.010006586607896861
com.fitbit.FitbitMobile,2025-01-25 06:01:00+00:00,2025-01-25 06:00:00+00:00,0.012078,0.007504939913256366
com.google.android.apps.fitness,2025-01-25 06:01:00+00:00,2025-01-25 06:00:00+00:00,0.01207800006866455,0.007504939955922646
com.fitbit.FitbitMobile,2025-01-25 06:02:00+00:00,2025-01-25 06:01:00+00:00,0.005368,0.003335528850336163
com.google.android.apps.fitness,2025-01-25 06:02:00+00:00,2025-01-25 06:01:00+00:00,0.005368000030517578,0.003335528869298954
com.fitbit.FitbitMobile,2025-01-25 06:03:00+00:00,2025-01-25 06:02:00+00:00,0.044286,0.027518113015273345
com.google.android.apps.fitness,2025-01-25 06:03:00+00:00,2025-01-25 06:02:00+00:00,0.0442859992980957,0.027518112579129148
com.fitbit.FitbitMobile,2025-01-25 06:04:00+00:00,2025-01-25 06:03:00+00:00,0.039589,0.0245995252712292
com.google.android.apps.fitness,2025-01-25 06:04:00+00:00,2025-01-25 06:03:00+00:00,0.0395890007019043,0.024599525707373393
com.google.android.apps.fitness,2025-01-25 06:04:00+00:00,2025-01-25 06:04:00+00:00,0.01324888801574707,0.008232497803911585
com.fitbit.FitbitMobile,2025-01-25 06:08:00+00:00,2025-01-25 06:07:00+00:00,0.006039,0.003752469956628183
com.google.android.apps.fitness,2025-01-25 06:08:00+00:00,2025-01-25 06:07:00+00:00,0.006039000034332275,0.003752469977961323
com.fitbit.FitbitMobile,2025-01-25 06:09:00+00:00,2025-01-25 06:08:00+00:00,0.001342,0.0008338822125840407
com.google.android.apps.fitness,2025-01-25 06:09:00+00:00,2025-01-25 06:08:00+00:00,0.0013420000076293946,0.0008338822173247385
com.fitbit.FitbitMobile,2025-01-25 06:10:00+00:00,2025-01-25 06:09:00+00:00,0.012078,0.007504939913256366
com.google.android.apps.fitness,2025-01-25 06:10:00+00:00,2025-01-25 06:09:00+00:00,0.01207800006866455,0.007504939955922646
com.fitbit.FitbitMobile,2025-01-25 06:31:00+00:00,2025-01-25 06:30:00+00:00,0.000671,0.00041694110629202037
com.google.android.apps.fitness,2025-01-25 06:31:00+00:00,2025-01-25 06:30:00+00:00,0.0006710000038146973,0.00041694110866236924
com.fitbit.FitbitMobile,2025-01-25 06:32:00+00:00,2025-01-25 06:31:00+00:00,0.002013,0.001250823318876061
com.google.android.apps.fitness,2025-01-25 06:32:00+00:00,2025-01-25 06:31:00+00:00,0.002013000011444092,0.0012508233259871076
com.fitbit.FitbitMobile,2025-01-25 06:46:00+00:00,2025-01-25 06:45:00+00:00,0.002013,0.001250823318876061
com.google.android.apps.fitness,2025-01-25 06:46:00+00:00,2025-01-25 06:45:00+00:00,0.002013000011444092,0.0012508233259871076
com.fitbit.FitbitMobile,2025-01-25 06:47:00+00:00,2025-01-25 06:46:00+00:00,0.00671,0.004169411062920203
com.google.android.apps.fitness,2025-01-25 06:47:00+00:00,2025-01-25 06:46:00+00:00,0.006710000038146972,0.004169411086623692
com.fitbit.FitbitMobile,2025-01-25 07:03:00+00:00,2025-01-25 07:02:00+00:00,0.001342,0.0008338822125840407
com.google.android.apps.fitness,2025-01-25 07:03:00+00:00,2025-01-25 07:02:00+00:00,0.0013420000076293946,0.0008338822173247385
com.fitbit.FitbitMobile,2025-01-25 07:04:00+00:00,2025-01-25 07:03:00+00:00,0.015433,0.009589645444716468
com.google.android.apps.fitness,2025-01-25 07:04:00+00:00,2025-01-25 07:03:00+00:00,0.01543299961090088,0.009589645202940882
com.google.android.apps.fitness,2025-01-25 07:04:00+00:00,2025-01-25 07:04:00+00:00,0.004238770484924316,0.0026338564162478512
com.fitbit.FitbitMobile,2025-01-25 07:10:00+00:00,2025-01-25 07:09:00+00:00,0.000671,0.00041694110629202037
com.google.android.apps.fitness,2025-01-25 07:10:00+00:00,2025-01-25 07:09:00+00:00,0.0006710000038146973,0.00041694110866236924
com.fitbit.FitbitMobile,2025-01-25 07:11:00+00:00,2025-01-25 07:10:00+00:00,0.009394,0.005837175488088285
com.google.android.apps.fitness,2025-01-25 07:11:00+00:00,2025-01-25 07:10:00+00:00,0.009394000053405762,0.00583717552127317
com.fitbit.FitbitMobile,2025-01-25 07:12:00+00:00,2025-01-25 07:11:00+00:00,0.019459,0.01209129208246859
com.google.android.apps.fitness,2025-01-25 07:12:00+00:00,2025-01-25 07:11:00+00:00,0.019458999633789064,0.012091291854915098
com.google.android.apps.fitness,2025-01-25 07:12:00+00:00,2025-01-25 07:12:00+00:00,4.485162207856774e-07,2.7869575154142533e-07
com.fitbit.FitbitMobile,2025-01-25 07:13:00+00:00,2025-01-25 07:12:00+00:00,0.010736,0.006671057700672326
com.google.android.apps.fitness,2025-01-25 07:13:00+00:00,2025-01-25 07:12:00+00:00,0.010736000061035157,0.006671057738597908
com.fitbit.FitbitMobile,2025-01-25 07:14:00+00:00,2025-01-25 07:13:00+00:00,0.009394,0.005837175488088285
com.google.android.apps.fitness,2025-01-25 07:14:00+00:00,2025-01-25 07:13:00+00:00,0.009394000053405762,0.00583717552127317
com.fitbit.FitbitMobile,2025-01-25 07:16:00+00:00,2025-01-25 07:15:00+00:00,0.000671,0.00041694110629202037
com.google.android.apps.fitness,2025-01-25 07:16:00+00:00,2025-01-25 07:15:00+00:00,0.0006710000038146973,0.00041694110866236924
com.fitbit.FitbitMobile,2025-01-25 07:17:00+00:00,2025-01-25 07:16:00+00:00,0.004697,0.0029185877440441425
com.google.android.apps.fitness,2025-01-25 07:17:00+00:00,2025-01-25 07:16:00+00:00,0.004697000026702881,0.002918587760636585
com.fitbit.FitbitMobile,2025-01-25 07:18:00+00:00,2025-01-25 07:17:00+00:00,0.003355,0.0020847055314601017
com.google.android.apps.fitness,2025-01-25 07:18:00+00:00,2025-01-25 07:17:00+00:00,0.003355000019073486,0.002084705543311846
com.fitbit.FitbitMobile,2025-01-25 07:21:00+00:00,2025-01-25 07:20:00+00:00,0.008722999999999998,0.005420234381796264
com.google.android.apps.fitness,2025-01-25 07:21:00+00:00,2025-01-25 07:20:00+00:00,0.008722999572753905,0.00542023411631719
com.fitbit.FitbitMobile,2025-01-25 07:25:00+00:00,2025-01-25 07:24:00+00:00,0.009394,0.005837175488088285
com.google.android.apps.fitness,2025-01-25 07:25:00+00:00,2025-01-25 07:24:00+00:00,0.009394000053405762,0.00583717552127317
com.google.android.apps.fitness,2025-01-25 07:25:00+00:00,2025-01-25 07:25:00+00:00,3.3318181522190573e-07,2.070300963263858e-07
com.fitbit.FitbitMobile,2025-01-25 07:26:00+00:00,2025-01-25 07:25:00+00:00,0.023485,0.014592938720220713
com.google.android.apps.fitness,2025-01-25 07:26:00+00:00,2025-01-25 07:25:00+00:00,0.023485000610351563,0.014592939099476534
com.fitbit.FitbitMobile,2025-01-25 07:27:00+00:00,2025-01-25 07:26:00+00:00,0.008052,0.005003293275504244
com.google.android.apps.fitness,2025-01-25 07:27:00+00:00,2025-01-25 07:26:00+00:00,0.008052000045776367,0.0050032933039484305
com.google.android.apps.fitness,2025-01-25 07:27:00+00:00,2025-01-25 07:27:00+00:00,3.3318181522190573e-07,2.070300963263858e-07
com.fitbit.FitbitMobile,2025-01-25 07:28:00+00:00,2025-01-25 07:27:00+00:00,0.075342,0.04681546472466975
com.google.android.apps.fitness,2025-01-25 07:28:00+00:00,2025-01-25 07:27:00+00:00,0.07534200286865235,0.0468154665071721
com.google.android.apps.fitness,2025-01-25 07:28:00+00:00,2025-01-25 07:28:00+00:00,1.2251132866367698e-06,7.612519956235287e-07
com.fitbit.FitbitMobile,2025-01-25 07:29:00+00:00,2025-01-25 07:28:00+00:00,0.084002,0.05219655262405706
com.google.android.apps.fitness,2025-01-25 07:29:00+00:00,2025-01-25 07:28:00+00:00,0.08400199890136718,0.05219655194139659
com.google.android.apps.fitness,2025-01-25 07:29:00+00:00,2025-01-25 07:29:00+00:00,9.744074195623397e-07,6.054702049053275e-07
com.fitbit.FitbitMobile,2025-01-25 07:30:00+00:00,2025-01-25 07:29:00+00:00,0.030195,0.018762349783140914
com.google.android.apps.fitness,2025-01-25 07:30:00+00:00,2025-01-25 07:29:00+00:00,0.03019499969482422,0.018762349593513007
com.google.android.apps.fitness,2025-01-25 07:30:00+00:00,2025-01-25 07:30:00+00:00,0.002713833808898926,0.0016863023406482943
com.fitbit.FitbitMobile,2025-01-25 07:39:00+00:00,2025-01-25 07:38:00+00:00,0.010736,0.006671057700672326
com.google.android.apps.fitness,2025-01-25 07:39:00+00:00,2025-01-25 07:38:00+00:00,0.010736000061035157,0.006671057738597908
com.google.android.apps.fitness,2025-01-25 07:39:00+00:00,2025-01-25 07:39:00+00:00,2.5543940137140453e-07,1.5872307987833805e-07
com.fitbit.FitbitMobile,2025-01-25 07:40:00+00:00,2025-01-25 07:39:00+00:00,0.004697,0.0029185877440441425
com.google.android.apps.fitness,2025-01-25 07:40:00+00:00,2025-01-25 07:39:00+00:00,0.004697000026702881,0.002918587760636585
com.fitbit.FitbitMobile,2025-01-25 07:41:00+00:00,2025-01-25 07:40:00+00:00,0.002013,0.001250823318876061
com.google.android.apps.fitness,2025-01-25 07:41:00+00:00,2025-01-25 07:40:00+00:00,0.002013000011444092,0.0012508233259871076
com.fitbit.FitbitMobile,2025-01-25 07:42:00+00:00,2025-01-25 07:41:00+00:00,0.005368,0.003335528850336163
com.google.android.apps.fitness,2025-01-25 07:42:00+00:00,2025-01-25 07:41:00+00:00,0.005368000030517578,0.003335528869298954
com.fitbit.FitbitMobile,2025-01-25 07:43:00+00:00,2025-01-25 07:42:00+00:00,0.006039,0.003752469956628183
com.google.android.apps.fitness,2025-01-25 07:43:00+00:00,2025-01-25 07:42:00+00:00,0.006039000034332275,0.003752469977961323
com.fitbit.FitbitMobile,2025-01-25 07:44:00+00:00,2025-01-25 07:43:00+00:00,0.015433,0.009589645444716468
com.google.android.apps.fitness,2025-01-25 07:44:00+00:00,2025-01-25 07:43:00+00:00,0.01543299961090088,0.009589645202940882
com.google.android.apps.fitness,2025-01-25 07:44:00+00:00,2025-01-25 07:44:00+00:00,2.5543940137140453e-07,1.5872307987833805e-07
com.fitbit.FitbitMobile,2025-01-25 07:45:00+00:00,2025-01-25 07:44:00+00:00,0.02684,0.016677644251680813
com.google.android.apps.fitness,2025-01-25 07:45:00+00:00,2025-01-25 07:44:00+00:00,0.02684000015258789,0.01667764434649477
com.google.android.apps.fitness,2025-01-25 07:45:00+00:00,2025-01-25 07:45:00+00:00,4.049352428410202e-07,2.516157200100788e-07
com.fitbit.FitbitMobile,2025-01-25 07:46:00+00:00,2025-01-25 07:45:00+00:00,0.071878,0.04466302956491481
com.google.android.apps.fitness,2025-01-25 07:46:00+00:00,2025-01-25 07:45:00+00:00,0.07187799835205078,0.0446630285409241
com.google.android.apps.fitness,2025-01-25 07:46:00+00:00,2025-01-25 07:46:00+00:00,8.905178983695805e-07,5.533435435455407e-07
com.fitbit.FitbitMobile,2025-01-25 07:47:00+00:00,2025-01-25 07:46:00+00:00,0.027511,0.017094585357972834
com.google.android.apps.fitness,2025-01-25 07:47:00+00:00,2025-01-25 07:46:00+00:00,0.02751099967956543,0.01709458515886353
com.google.android.apps.fitness,2025-01-25 07:47:00+00:00,2025-01-25 07:47:00+00:00,5.15415275003761e-07,3.2026499994019975e-07
com.fitbit.FitbitMobile,2025-01-25 07:48:00+00:00,2025-01-25 07:47:00+00:00,0.036234,0.0225148197397691
com.google.android.apps.fitness,2025-01-25 07:48:00+00:00,2025-01-25 07:47:00+00:00,0.03623400115966797,0.022514820460355158
com.google.android.apps.fitness,2025-01-25 07:48:00+00:00,2025-01-25 07:48:00+00:00,5.15415275003761e-07,3.2026499994019975e-07
com.fitbit.FitbitMobile,2025-01-25 07:49:00+00:00,2025-01-25 07:48:00+00:00,0.002013,0.001250823318876061
com.google.android.apps.fitness,2025-01-25 07:49:00+00:00,2025-01-25 07:48:00+00:00,0.002013000011444092,0.0012508233259871076
com.fitbit.FitbitMobile,2025-01-25 07:50:00+00:00,2025-01-25 07:49:00+00:00,0.00671,0.004169411062920203
com.google.android.apps.fitness,2025-01-25 07:50:00+00:00,2025-01-25 07:49:00+00:00,0.006710000038146972,0.004169411086623692
com.fitbit.FitbitMobile,2025-01-25 07:51:00+00:00,2025-01-25 07:50:00+00:00,0.008052,0.005003293275504244
com.google.android.apps.fitness,2025-01-25 07:51:00+00:00,2025-01-25 07:50:00+00:00,0.008052000045776367,0.0050032933039484305
com.fitbit.FitbitMobile,2025-01-25 07:52:00+00:00,2025-01-25 07:51:00+00:00,0.007381,0.004586352169212224
com.google.android.apps.fitness,2025-01-25 07:52:00+00:00,2025-01-25 07:51:00+00:00,0.00738100004196167,0.004586352195286062
com.fitbit.FitbitMobile,2025-01-25 07:53:00+00:00,2025-01-25 07:52:00+00:00,0.010065,0.006254116594380305
com.google.android.apps.fitness,2025-01-25 07:53:00+00:00,2025-01-25 07:52:00+00:00,0.0100649995803833,0.006254116333641929
com.fitbit.FitbitMobile,2025-01-25 07:54:00+00:00,2025-01-25 07:53:00+00:00,0.016104,0.010006586551008488
com.google.android.apps.fitness,2025-01-25 07:54:00+00:00,2025-01-25 07:53:00+00:00,0.016104000091552734,0.010006586607896861
com.fitbit.FitbitMobile,2025-01-25 07:55:00+00:00,2025-01-25 07:54:00+00:00,0.006039,0.003752469956628183
com.google.android.apps.fitness,2025-01-25 07:55:00+00:00,2025-01-25 07:54:00+00:00,0.006039000034332275,0.003752469977961323
com.fitbit.FitbitMobile,2025-01-25 07:56:00+00:00,2025-01-25 07:55:00+00:00,0.004697,0.0029185877440441425
com.google.android.apps.fitness,2025-01-25 07:56:00+00:00,2025-01-25 07:55:00+00:00,0.004697000026702881,0.002918587760636585
com.fitbit.FitbitMobile,2025-01-25 07:57:00+00:00,2025-01-25 07:56:00+00:00,0.022143,0.013759056507636673
com.google.android.apps.fitness,2025-01-25 07:57:00+00:00,2025-01-25 07:56:00+00:00,0.02214299964904785,0.013759056289564574
com.fitbit.FitbitMobile,2025-01-25 07:58:00+00:00,2025-01-25 07:57:00+00:00,0.006039,0.003752469956628183
com.google.android.apps.fitness,2025-01-25 07:58:00+00:00,2025-01-25 07:57:00+00:00,0.006039000034332275,0.003752469977961323
com.fitbit.FitbitMobile,2025-01-25 07:59:00+00:00,2025-01-25 07:58:00+00:00,0.014762,0.009172704338424448
com.google.android.apps.fitness,2025-01-25 07:59:00+00:00,2025-01-25 07:58:00+00:00,0.01476200008392334,0.009172704390572124
com.fitbit.FitbitMobile,2025-01-25 08:00:00+00:00,2025-01-25 07:59:00+00:00,0.014091,0.008755763232132428
com.google.android.apps.fitness,2025-01-25 08:00:00+00:00,2025-01-25 07:59:00+00:00,0.014090999603271485,0.008755762985616145
com.fitbit.FitbitMobile,2025-01-25 08:01:00+00:00,2025-01-25 08:00:00+00:00,0.02013,0.01250823318876061
com.google.android.apps.fitness,2025-01-25 08:01:00+00:00,2025-01-25 08:00:00+00:00,0.0201299991607666,0.012508232667283858
com.fitbit.FitbitMobile,2025-01-25 08:02:00+00:00,2025-01-25 08:01:00+00:00,0.020801,0.01292517429505263
com.google.android.apps.fitness,2025-01-25 08:02:00+00:00,2025-01-25 08:01:00+00:00,0.020801000595092774,0.012925174664827056
com.google.android.apps.fitness,2025-01-25 08:02:00+00:00,2025-01-25 08:02:00+00:00,2.8035795548930764e-07,1.742067900439358e-07
com.fitbit.FitbitMobile,2025-01-25 08:03:00+00:00,2025-01-25 08:02:00+00:00,0.018117,0.01125740986988455
com.google.android.apps.fitness,2025-01-25 08:03:00+00:00,2025-01-25 08:02:00+00:00,0.018117000579833984,0.011257410230177579
com.fitbit.FitbitMobile,2025-01-25 08:04:00+00:00,2025-01-25 08:03:00+00:00,0.001342,0.0008338822125840407
com.google.android.apps.fitness,2025-01-25 08:04:00+00:00,2025-01-25 08:03:00+00:00,0.0013420000076293946,0.0008338822173247385
com.google.android.apps.fitness,2025-01-25 08:04:00+00:00,2025-01-25 08:04:00+00:00,2.887575828935951e-07,1.794260895109766e-07
com.fitbit.FitbitMobile,2025-01-25 08:05:00+00:00,2025-01-25 08:04:00+00:00,0.001342,0.0008338822125840407
com.google.android.apps.fitness,2025-01-25 08:05:00+00:00,2025-01-25 08:04:00+00:00,0.0013420000076293946,0.0008338822173247385
com.fitbit.FitbitMobile,2025-01-25 08:06:00+00:00,2025-01-25 08:05:00+00:00,0.059754,0.037129506505772555
com.google.android.apps.fitness,2025-01-25 08:06:00+00:00,2025-01-25 08:05:00+00:00,0.05975400161743164,0.03712950751080048
com.google.android.apps.fitness,2025-01-25 08:06:00+00:00,2025-01-25 08:06:00+00:00,6.526045617647469e-07,4.0551068249390864e-07
com.fitbit.FitbitMobile,2025-01-25 08:07:00+00:00,2025-01-25 08:06:00+00:00,0.019459,0.01209129208246859
com.google.android.apps.fitness,2025-01-25 08:07:00+00:00,2025-01-25 08:06:00+00:00,0.019458999633789064,0.012091291854915098
com.google.android.apps.fitness,2025-01-25 08:07:00+00:00,2025-01-25 08:07:00+00:00,1.0991960298269988e-06,6.830104451682048e-07
com.fitbit.FitbitMobile,2025-01-25 08:08:00+00:00,2025-01-25 08:07:00+00:00,0.022143,0.013759056507636673
com.google.android.apps.fitness,2025-01-25 08:08:00+00:00,2025-01-25 08:07:00+00:00,0.02214299964904785,0.013759056289564574
com.google.android.apps.fitness,2025-01-25 08:08:00+00:00,2025-01-25 08:08:00+00:00,0.006438538551330566,0.004000732319665557
com.fitbit.FitbitMobile,2025-01-25 08:30:00+00:00,2025-01-25 08:29:00+00:00,0.002013,0.001250823318876061
com.google.android.apps.fitness,2025-01-25 08:30:00+00:00,2025-01-25 08:29:00+00:00,0.002013000011444092,0.0012508233259871076
com.fitbit.FitbitMobile,2025-01-25 08:31:00+00:00,2025-01-25 08:30:00+00:00,0.022143,0.013759056507636673
com.google.android.apps.fitness,2025-01-25 08:31:00+00:00,2025-01-25 08:30:00+00:00,0.02214299964904785,0.013759056289564574
com.google.android.apps.fitness,2025-01-25 08:31:00+00:00,2025-01-25 08:31:00+00:00,3.3318181522190573e-07,2.070300963263858e-07
com.fitbit.FitbitMobile,2025-01-25 08:32:00+00:00,2025-01-25 08:31:00+00:00,0.025498,0.015843762039096775
com.google.android.apps.fitness,2025-01-25 08:32:00+00:00,2025-01-25 08:31:00+00:00,0.02549799919128418,0.01584376153658281
com.google.android.apps.fitness,2025-01-25 08:32:00+00:00,2025-01-25 08:32:00+00:00,3.805136075243354e-07,2.364407816398868e-07
com.fitbit.FitbitMobile,2025-01-25 08:33:00+00:00,2025-01-25 08:32:00+00:00,0.001342,0.0008338822125840407
com.google.android.apps.fitness,2025-01-25 08:33:00+00:00,2025-01-25 08:32:00+00:00,0.0013420000076293946,0.0008338822173247385
com.fitbit.FitbitMobile,2025-01-25 09:07:00+00:00,2025-01-25 09:06:00+00:00,0.006039,0.003752469956628183
com.google.android.apps.fitness,2025-01-25 09:07:00+00:00,2025-01-25 09:06:00+00:00,0.006039000034332275,0.003752469977961323
com.fitbit.FitbitMobile,2025-01-25 09:20:00+00:00,2025-01-25 09:19:00+00:00,0.001342,0.0008338822125840407
com.google.android.apps.fitness,2025-01-25 09:20:00+00:00,2025-01-25 09:19:00+00:00,0.0013420000076293946,0.0008338822173247385
com.fitbit.FitbitMobile,2025-01-25 09:32:00+00:00,2025-01-25 09:31:00+00:00,0.002013,0.001250823318876061
com.google.android.apps.fitness,2025-01-25 09:32:00+00:00,2025-01-25 09:31:00+00:00,0.002013000011444092,0.0012508233259871076
com.fitbit.FitbitMobile,2025-01-25 09:33:00+00:00,2025-01-25 09:32:00+00:00,0.022814,0.014175997613928692
com.google.android.apps.fitness,2025-01-25 09:33:00+00:00,2025-01-25 09:32:00+00:00,0.02281399917602539,0.014175997101933334
com.google.android.apps.fitness,2025-01-25 09:33:00+00:00,2025-01-25 09:33:00+00:00,3.3318178611807527e-07,2.0703007824205903e-07
com.fitbit.FitbitMobile,2025-01-25 09:34:00+00:00,2025-01-25 09:33:00+00:00,0.01342,0.008338822125840407
com.google.android.apps.fitness,2025-01-25 09:34:00+00:00,2025-01-25 09:33:00+00:00,0.013420000076293945,0.008338822173247384
com.fitbit.FitbitMobile,2025-01-25 09:35:00+00:00,2025-01-25 09:34:00+00:00,0.008052,0.005003293275504244
com.google.android.apps.fitness,2025-01-25 09:35:00+00:00,2025-01-25 09:34:00+00:00,0.008052000045776367,0.0050032933039484305
com.google.android.apps.fitness,2025-01-25 09:35:00+00:00,2025-01-25 09:35:00+00:00,2.665454521775246e-07,1.6562407706110865e-07
com.fitbit.FitbitMobile,2025-01-25 09:36:00+00:00,2025-01-25 09:35:00+00:00,0.024827,0.015426820932804753
com.google.android.apps.fitness,2025-01-25 09:36:00+00:00,2025-01-25 09:35:00+00:00,0.02482699966430664,0.015426820724214052
com.google.android.apps.fitness,2025-01-25 09:36:00+00:00,2025-01-25 09:36:00+00:00,3.3318181522190573e-07,2.070300963263858e-07
com.fitbit.FitbitMobile,2025-01-25 09:37:00+00:00,2025-01-25 09:36:00+00:00,0.017445999999999996,0.010840468763592528
com.google.android.apps.fitness,2025-01-25 09:37:00+00:00,2025-01-25 09:36:00+00:00,0.01744599914550781,0.01084046823263438
com.google.android.apps.fitness,2025-01-25 09:37:00+00:00,2025-01-25 09:37:00+00:00,5.460402462631464e-07,3.3929452214146573e-07
com.fitbit.FitbitMobile,2025-01-25 09:38:00+00:00,2025-01-25 09:37:00+00:00,0.020801,0.01292517429505263
com.google.android.apps.fitness,2025-01-25 09:38:00+00:00,2025-01-25 09:37:00+00:00,0.020801000595092774,0.012925174664827056
com.fitbit.FitbitMobile,2025-01-25 09:39:00+00:00,2025-01-25 09:38:00+00:00,0.014091,0.008755763232132428
com.google.android.apps.fitness,2025-01-25 09:39:00+00:00,2025-01-25 09:38:00+00:00,0.014090999603271485,0.008755762985616145
com.fitbit.FitbitMobile,2025-01-25 09:40:00+00:00,2025-01-25 09:39:00+00:00,0.000671,0.00041694110629202037
com.google.android.apps.fitness,2025-01-25 09:40:00+00:00,2025-01-25 09:39:00+00:00,0.0006710000038146973,0.00041694110866236924
com.fitbit.FitbitMobile,2025-01-25 09:41:00+00:00,2025-01-25 09:40:00+00:00,0.009394,0.005837175488088285
com.google.android.apps.fitness,2025-01-25 09:41:00+00:00,2025-01-25 09:40:00+00:00,0.009394000053405762,0.00583717552127317
com.fitbit.FitbitMobile,2025-01-25 09:42:00+00:00,2025-01-25 09:41:00+00:00,0.006039,0.003752469956628183
com.google.android.apps.fitness,2025-01-25 09:42:00+00:00,2025-01-25 09:41:00+00:00,0.006039000034332275,0.003752469977961323
com.fitbit.FitbitMobile,2025-01-25 09:43:00+00:00,2025-01-25 09:42:00+00:00,0.000671,0.00041694110629202037
com.google.android.apps.fitness,2025-01-25 09:43:00+00:00,2025-01-25 09:42:00+00:00,0.0006710000038146973,0.00041694110866236924
com.fitbit.FitbitMobile,2025-01-25 09:44:00+00:00,2025-01-25 09:43:00+00:00,0.022143,0.013759056507636673
com.google.android.apps.fitness,2025-01-25 09:44:00+00:00,2025-01-25 09:43:00+00:00,0.02214299964904785,0.013759056289564574
com.google.android.apps.fitness,2025-01-25 09:44:00+00:00,2025-01-25 09:44:00+00:00,3.3318181522190573e-07,2.070300963263858e-07
com.fitbit.FitbitMobile,2025-01-25 09:45:00+00:00,2025-01-25 09:44:00+00:00,0.023485,0.014592938720220713
com.google.android.apps.fitness,2025-01-25 09:45:00+00:00,2025-01-25 09:44:00+00:00,0.023485000610351563,0.014592939099476534
com.google.android.apps.fitness,2025-01-25 09:45:00+00:00,2025-01-25 09:45:00+00:00,3.528303059283644e-07,2.1923913276769632e-07
com.fitbit.FitbitMobile,2025-01-25 09:46:00+00:00,2025-01-25 09:45:00+00:00,0.008052,0.005003293275504244
com.google.android.apps.fitness,2025-01-25 09:46:00+00:00,2025-01-25 09:45:00+00:00,0.008052000045776367,0.0050032933039484305
com.google.android.apps.fitness,2025-01-25 09:46:00+00:00,2025-01-25 09:46:00+00:00,3.528303059283644e-07,2.1923913276769632e-07
com.fitbit.FitbitMobile,2025-01-25 09:47:00+00:00,2025-01-25 09:46:00+00:00,0.06062,0.03766761529571128
com.google.android.apps.fitness,2025-01-25 09:47:00+00:00,2025-01-25 09:46:00+00:00,0.060619998931884765,0.0376676146320136
com.google.android.apps.fitness,2025-01-25 09:47:00+00:00,2025-01-25 09:47:00+00:00,5.433353362604976e-07,3.376137648107284e-07
com.fitbit.FitbitMobile,2025-01-25 09:48:00+00:00,2025-01-25 09:47:00+00:00,0.030195,0.018762349783140914
com.google.android.apps.fitness,2025-01-25 09:48:00+00:00,2025-01-25 09:47:00+00:00,0.03019499969482422,0.018762349593513007
com.fitbit.FitbitMobile,2025-01-25 09:49:00+00:00,2025-01-25 09:48:00+00:00,0.005368,0.003335528850336163
com.google.android.apps.fitness,2025-01-25 09:49:00+00:00,2025-01-25 09:48:00+00:00,0.005368000030517578,0.003335528869298954
com.google.android.apps.fitness,2025-01-25 09:49:00+00:00,2025-01-25 09:49:00+00:00,5.307756364345551e-07,3.2980950975838235e-07
com.fitbit.FitbitMobile,2025-01-25 09:50:00+00:00,2025-01-25 09:49:00+00:00,0.076208,0.04735357351460848
com.google.android.apps.fitness,2025-01-25 09:50:00+00:00,2025-01-25 09:49:00+00:00,0.07620800018310547,0.04735357362838522
com.google.android.apps.fitness,2025-01-25 09:50:00+00:00,2025-01-25 09:50:00+00:00,5.307756364345551e-07,3.2980950975838235e-07
com.fitbit.FitbitMobile,2025-01-25 09:51:00+00:00,2025-01-25 09:50:00+00:00,0.018117,0.01125740986988455
com.google.android.apps.fitness,2025-01-25 09:51:00+00:00,2025-01-25 09:50:00+00:00,0.018117000579833984,0.011257410230177579
com.google.android.apps.fitness,2025-01-25 09:51:00+00:00,2025-01-25 09:51:00+00:00,4.0700571844354274e-07,2.529022571013849e-07
com.fitbit.FitbitMobile,2025-01-25 09:52:00+00:00,2025-01-25 09:51:00+00:00,0.021472,0.013342115401344652
com.google.android.apps.fitness,2025-01-25 09:52:00+00:00,2025-01-25 09:51:00+00:00,0.021472000122070314,0.013342115477195816
com.google.android.apps.fitness,2025-01-25 09:52:00+00:00,2025-01-25 09:52:00+00:00,0.0006154953241348267,0.0003824520139528171
com.fitbit.FitbitMobile,2025-01-25 09:54:00+00:00,2025-01-25 09:53:00+00:00,0.001342,0.0008338822125840407
com.google.android.apps.fitness,2025-01-25 09:54:00+00:00,2025-01-25 09:53:00+00:00,0.0013420000076293946,0.0008338822173247385
com.fitbit.FitbitMobile,2025-01-25 09:55:00+00:00,2025-01-25 09:54:00+00:00,0.006039,0.003752469956628183
com.google.android.apps.fitness,2025-01-25 09:55:00+00:00,2025-01-25 09:54:00+00:00,0.006039000034332275,0.003752469977961323
com.google.android.apps.fitness,2025-01-25 09:55:00+00:00,2025-01-25 09:55:00+00:00,0.002658992052078247,0.001652225168129946
com.fitbit.FitbitMobile,2025-01-25 10:01:00+00:00,2025-01-25 10:00:00+00:00,0.001342,0.0008338822125840407
com.google.android.apps.fitness,2025-01-25 10:01:00+00:00,2025-01-25 10:00:00+00:00,0.0013420000076293946,0.0008338822173247385
com.fitbit.FitbitMobile,2025-01-25 10:02:00+00:00,2025-01-25 10:01:00+00:00,0.022814,0.014175997613928692
com.google.android.apps.fitness,2025-01-25 10:02:00+00:00,2025-01-25 10:01:00+00:00,0.02281399917602539,0.014175997101933334
com.google.android.apps.fitness,2025-01-25 10:03:00+00:00,2025-01-25 10:02:00+00:00,0.012179087638854981,0.007567753016053153
com.google.android.apps.fitness,2025-01-25 10:03:00+00:00,2025-01-25 10:03:00+00:00,0.00023015421628952028,0.00014301155522731073
com.fitbit.FitbitMobile,2025-01-25 10:04:00+00:00,2025-01-25 10:03:00+00:00,0.0155,0.009631277418072005
com.google.android.apps.fitness,2025-01-25 10:04:00+00:00,2025-01-25 10:03:00+00:00,0.0155,0.009631277418072005
com.google.android.apps.fitness,2025-01-25 10:04:00+00:00,2025-01-25 10:04:00+00:00,5.610823282040656e-07,3.486412617620053e-07
com.fitbit.FitbitMobile,2025-01-25 10:05:00+00:00,2025-01-25 10:04:00+00:00,0.0202,0.012551729280326097
com.google.android.apps.fitness,2025-01-25 10:05:00+00:00,2025-01-25 10:04:00+00:00,0.020200000762939454,0.012551729754395873
com.google.android.apps.fitness,2025-01-25 10:05:00+00:00,2025-01-25 10:05:00+00:00,5.610823282040656e-07,3.486412617620053e-07
com.fitbit.FitbitMobile,2025-01-25 10:06:00+00:00,2025-01-25 10:05:00+00:00,0.0528,0.032808480495109794
com.google.android.apps.fitness,2025-01-25 10:06:00+00:00,2025-01-25 10:05:00+00:00,0.052799999237060545,0.032808480021040025
com.google.android.apps.fitness,2025-01-25 10:06:00+00:00,2025-01-25 10:06:00+00:00,5.610823282040656e-07,3.486412617620053e-07
com.fitbit.FitbitMobile,2025-01-25 10:07:00+00:00,2025-01-25 10:06:00+00:00,0.0467,0.029018106801545974
com.google.android.apps.fitness,2025-01-25 10:07:00+00:00,2025-01-25 10:06:00+00:00,0.04670000076293945,0.029018107275615754
com.google.android.apps.fitness,2025-01-25 10:08:00+00:00,2025-01-25 10:07:00+00:00,0.01981522560119629,0.01231264095914865
com.fitbit.FitbitMobile,2025-01-25 10:09:00+00:00,2025-01-25 10:08:00+00:00,0.0058,0.0036039618725688793
com.google.android.apps.fitness,2025-01-25 10:09:00+00:00,2025-01-25 10:08:00+00:00,0.005800000190734863,0.0036039619910863234
com.fitbit.FitbitMobile,2025-01-25 10:13:00+00:00,2025-01-25 10:12:00+00:00,0.0097,0.006027315545503126
com.google.android.apps.fitness,2025-01-25 10:13:00+00:00,2025-01-25 10:12:00+00:00,0.009699999809265137,0.006027315426985682
com.fitbit.FitbitMobile,2025-01-25 10:14:00+00:00,2025-01-25 10:13:00+00:00,0.0749,0.04654081797507052
com.google.android.apps.fitness,2025-01-25 10:14:00+00:00,2025-01-25 10:13:00+00:00,0.0749000015258789,0.04654081892321008
com.google.android.apps.fitness,2025-01-25 10:14:00+00:00,2025-01-25 10:14:00+00:00,8.527566096745431e-07,5.29879708249682e-07
com.fitbit.FitbitMobile,2025-01-25 10:15:00+00:00,2025-01-25 10:14:00+00:00,0.0532,0.03305702958976972
com.google.android.apps.fitness,2025-01-25 10:15:00+00:00,2025-01-25 10:14:00+00:00,0.05320000076293945,0.0330570300638395
com.google.android.apps.fitness,2025-01-25 10:15:00+00:00,2025-01-25 10:15:00+00:00,3.3318178611807527e-07,2.0703007824205903e-07
com.fitbit.FitbitMobile,2025-01-25 10:16:00+00:00,2025-01-25 10:15:00+00:00,0.0266,0.01652851479488486
com.google.android.apps.fitness,2025-01-25 10:16:00+00:00,2025-01-25 10:15:00+00:00,0.026600000381469726,0.01652851503191975
com.fitbit.FitbitMobile,2025-01-25 10:17:00+00:00,2025-01-25 10:16:00+00:00,0.0043,0.002671902767594169
com.google.android.apps.fitness,2025-01-25 10:17:00+00:00,2025-01-25 10:16:00+00:00,0.004300000190734864,0.002671902886111613
com.google.android.apps.fitness,2025-01-25 10:20:00+00:00,2025-01-25 10:19:00+00:00,0.010661818504333497,0.006624963341701254
com.fitbit.FitbitMobile,2025-01-25 10:29:00+00:00,2025-01-25 10:28:00+00:00,0.0105,0.006524413734822971
com.google.android.apps.fitness,2025-01-25 10:29:00+00:00,2025-01-25 10:28:00+00:00,0.0105,0.006524413734822971
com.fitbit.FitbitMobile,2025-01-25 10:34:00+00:00,2025-01-25 10:33:00+00:00,0.0318,0.019759653025463855
com.google.android.apps.fitness,2025-01-25 10:34:00+00:00,2025-01-25 10:33:00+00:00,0.03179999923706055,0.01975965255139408
com.google.android.apps.fitness,2025-01-25 10:34:00+00:00,2025-01-25 10:34:00+00:00,2.665454521775246e-07,1.6562407706110865e-07
com.fitbit.FitbitMobile,2025-01-25 10:35:00+00:00,2025-01-25 10:34:00+00:00,0.0169,0.010501199249381733
com.google.android.apps.fitness,2025-01-25 10:35:00+00:00,2025-01-25 10:34:00+00:00,0.016899999618530274,0.010501199012346847
com.fitbit.FitbitMobile,2025-01-25 10:36:00+00:00,2025-01-25 10:35:00+00:00,0.0082,0.005095256440528416
com.google.android.apps.fitness,2025-01-25 10:36:00+00:00,2025-01-25 10:35:00+00:00,0.008199999809265137,0.005095256322010972
com.google.android.apps.fitness,2025-01-25 10:37:00+00:00,2025-01-25 10:36:00+00:00,0.016219707489013673,0.010078484030107792
com.fitbit.FitbitMobile,2025-01-25 10:38:00+00:00,2025-01-25 10:37:00+00:00,0.0068,0.004225334609218686
com.google.android.apps.fitness,2025-01-25 10:38:00+00:00,2025-01-25 10:37:00+00:00,0.006800000190734863,0.00422533472773613
com.google.android.apps.fitness,2025-01-25 10:38:00+00:00,2025-01-25 10:38:00+00:00,0.00043971723318099974,0.00027322830053375905
com.google.android.apps.fitness,2025-01-25 10:41:00+00:00,2025-01-25 10:39:00+00:00,0.03198545455932617,0.019874889432516543
com.google.android.apps.fitness,2025-01-25 10:41:00+00:00,2025-01-25 10:41:00+00:00,0.002852792501449585,0.0017726474837197765
com.fitbit.FitbitMobile,2025-01-25 10:42:00+00:00,2025-01-25 10:41:00+00:00,0.0171,0.010625473796711696
com.google.android.apps.fitness,2025-01-25 10:42:00+00:00,2025-01-25 10:41:00+00:00,0.017100000381469728,0.010625474033746585
com.fitbit.FitbitMobile,2025-01-25 10:43:00+00:00,2025-01-25 10:42:00+00:00,0.0094,0.005840903724508184
com.google.android.apps.fitness,2025-01-25 10:43:00+00:00,2025-01-25 10:42:00+00:00,0.009399999618530273,0.005840903487473296
com.google.android.apps.fitness,2025-01-25 10:43:00+00:00,2025-01-25 10:43:00+00:00,0.00939713191986084,0.005839121577703183
com.google.android.apps.fitness,2025-01-25 10:46:00+00:00,2025-01-25 10:45:00+00:00,0.02065727233886719,0.012835865844922259
com.fitbit.FitbitMobile,2025-01-25 10:49:00+00:00,2025-01-25 10:48:00+00:00,0.0061,0.003790373693563822
com.google.android.apps.fitness,2025-01-25 10:49:00+00:00,2025-01-25 10:48:00+00:00,0.0060999999046325686,0.0037903736343050994
com.fitbit.FitbitMobile,2025-01-25 10:52:00+00:00,2025-01-25 10:51:00+00:00,0.012,0.0074564728397976815
com.google.android.apps.fitness,2025-01-25 10:52:00+00:00,2025-01-25 10:51:00+00:00,0.012,0.0074564728397976815
com.google.android.apps.fitness,2025-01-25 10:52:00+00:00,2025-01-25 10:52:00+00:00,2.665454521775246e-07,1.6562407706110865e-07
com.fitbit.FitbitMobile,2025-01-25 10:53:00+00:00,2025-01-25 10:52:00+00:00,0.0041,0.002547628220264208
com.google.android.apps.fitness,2025-01-25 10:53:00+00:00,2025-01-25 10:52:00+00:00,0.0040999999046325685,0.002547628161005486
com.google.android.apps.fitness,2025-01-25 10:53:00+00:00,2025-01-25 10:53:00+00:00,4.116345953661948e-07,2.5577851502242836e-07
com.fitbit.FitbitMobile,2025-01-25 10:54:00+00:00,2025-01-25 10:53:00+00:00,0.0371,0.023052928529707833
com.google.android.apps.fitness,2025-01-25 10:54:00+00:00,2025-01-25 10:53:00+00:00,0.03709999847412109,0.02305292758156828
com.google.android.apps.fitness,2025-01-25 10:54:00+00:00,2025-01-25 10:54:00+00:00,4.116345953661948e-07,2.5577851502242836e-07
com.fitbit.FitbitMobile,2025-01-25 10:55:00+00:00,2025-01-25 10:54:00+00:00,0.0117,0.00727006101880274
com.google.android.apps.fitness,2025-01-25 10:55:00+00:00,2025-01-25 10:54:00+00:00,0.011699999809265137,0.007270060900285295
com.fitbit.FitbitMobile,2025-01-25 10:56:00+00:00,2025-01-25 10:55:00+00:00,0.0364,0.022617967614052967
com.google.android.apps.fitness,2025-01-25 10:56:00+00:00,2025-01-25 10:55:00+00:00,0.036400001525878904,0.02261796856219252
com.google.android.apps.fitness,2025-01-25 10:56:00+00:00,2025-01-25 10:56:00+00:00,3.3318181522190573e-07,2.070300963263858e-07
com.fitbit.FitbitMobile,2025-01-25 10:57:00+00:00,2025-01-25 10:56:00+00:00,0.0195,0.012116768364671232
com.google.android.apps.fitness,2025-01-25 10:57:00+00:00,2025-01-25 10:56:00+00:00,0.0195,0.012116768364671232
com.google.android.apps.fitness,2025-01-25 10:57:00+00:00,2025-01-25 10:57:00+00:00,0.012640313148498535,0.00785434597319307
com.google.android.apps.fitness,2025-01-25 10:59:00+00:00,2025-01-25 10:59:00+00:00,0.006131947994232178,0.003810225306170342
com.fitbit.FitbitMobile,2025-01-25 11:00:00+00:00,2025-01-25 10:59:00+00:00,0.0272,0.016901338436874743
com.google.android.apps.fitness,2025-01-25 11:00:00+00:00,2025-01-25 10:59:00+00:00,0.027200000762939453,0.01690133891094452
com.google.android.apps.fitness,2025-01-25 11:01:00+00:00,2025-01-25 11:01:00+00:00,0.009424169540405274,0.005855922017973377
com.fitbit.FitbitMobile,2025-01-25 11:02:00+00:00,2025-01-25 11:01:00+00:00,0.0259,0.016093553879229994
com.google.android.apps.fitness,2025-01-25 11:02:00+00:00,2025-01-25 11:01:00+00:00,0.025899999618530272,0.016093553642195106
com.google.android.apps.fitness,2025-01-25 11:02:00+00:00,2025-01-25 11:02:00+00:00,3.3318181522190573e-07,2.070300963263858e-07
com.fitbit.FitbitMobile,2025-01-25 11:03:00+00:00,2025-01-25 11:02:00+00:00,0.0247,0.015347906595250227
com.google.android.apps.fitness,2025-01-25 11:03:00+00:00,2025-01-25 11:02:00+00:00,0.024700000762939454,0.015347907069320004
com.google.android.apps.fitness,2025-01-25 11:03:00+00:00,2025-01-25 11:03:00+00:00,5.449804011732339e-07,3.3863596329752195e-07
com.fitbit.FitbitMobile,2025-01-25 11:04:00+00:00,2025-01-25 11:03:00+00:00,0.0471,0.0292666558962059
com.google.android.apps.fitness,2025-01-25 11:04:00+00:00,2025-01-25 11:03:00+00:00,0.047099998474121094,0.029266654948066347
com.google.android.apps.fitness,2025-01-25 11:04:00+00:00,2025-01-25 11:04:00+00:00,5.663976771757007e-07,3.5194407469875895e-07
com.fitbit.FitbitMobile,2025-01-25 11:05:00+00:00,2025-01-25 11:04:00+00:00,0.0111,0.006897237376812855
com.google.android.apps.fitness,2025-01-25 11:05:00+00:00,2025-01-25 11:04:00+00:00,0.011100000381469726,0.006897237613847743
com.google.android.apps.fitness,2025-01-25 11:05:00+00:00,2025-01-25 11:05:00+00:00,3.3318181522190573e-07,2.070300963263858e-07
com.fitbit.FitbitMobile,2025-01-25 11:06:00+00:00,2025-01-25 11:05:00+00:00,0.0329,0.02044316303577864
com.google.android.apps.fitness,2025-01-25 11:06:00+00:00,2025-01-25 11:05:00+00:00,0.03290000152587891,0.020443163983918194
com.google.android.apps.fitness,2025-01-25 11:06:00+00:00,2025-01-25 11:06:00+00:00,1.27265858463943e-06,7.907953475582724e-07
com.fitbit.FitbitMobile,2025-01-25 11:07:00+00:00,2025-01-25 11:06:00+00:00,0.0674,0.04188052245019698
com.google.android.apps.fitness,2025-01-25 11:07:00+00:00,2025-01-25 11:06:00+00:00,0.06740000152587891,0.041880523398336526
com.fitbit.FitbitMobile,2025-01-25 11:08:00+00:00,2025-01-25 11:07:00+00:00,0.0191,0.011868219270011308
com.google.android.apps.fitness,2025-01-25 11:08:00+00:00,2025-01-25 11:07:00+00:00,0.019100000381469726,0.011868219507046198
com.fitbit.FitbitMobile,2025-01-25 11:09:00+00:00,2025-01-25 11:08:00+00:00,0.015,0.009320591049747102
com.google.android.apps.fitness,2025-01-25 11:09:00+00:00,2025-01-25 11:08:00+00:00,0.015,0.009320591049747102
com.fitbit.FitbitMobile,2025-01-25 11:10:00+00:00,2025-01-25 11:09:00+00:00,0.0213,0.013235239290640886
com.google.android.apps.fitness,2025-01-25 11:10:00+00:00,2025-01-25 11:09:00+00:00,0.02129999923706055,0.01323523881657111
com.fitbit.FitbitMobile,2025-01-25 11:11:00+00:00,2025-01-25 11:10:00+00:00,0.0157,0.009755551965401966
com.google.android.apps.fitness,2025-01-25 11:11:00+00:00,2025-01-25 11:10:00+00:00,0.015699999809265137,0.009755551846884522
com.google.android.apps.fitness,2025-01-25 11:11:00+00:00,2025-01-25 11:11:00+00:00,3.772358177229762e-07,2.3440405242085342e-07
com.fitbit.FitbitMobile,2025-01-25 11:12:00+00:00,2025-01-25 11:11:00+00:00,0.0164,0.010190512881056832
com.google.android.apps.fitness,2025-01-25 11:12:00+00:00,2025-01-25 11:11:00+00:00,0.016399999618530274,0.010190512644021944
com.google.android.apps.fitness,2025-01-25 11:12:00+00:00,2025-01-25 11:12:00+00:00,4.978473880328238e-07,3.09348793935914e-07
com.fitbit.FitbitMobile,2025-01-25 11:13:00+00:00,2025-01-25 11:12:00+00:00,0.0232,0.014415847490275517
com.google.android.apps.fitness,2025-01-25 11:13:00+00:00,2025-01-25 11:12:00+00:00,0.023200000762939453,0.014415847964345294
com.google.android.apps.fitness,2025-01-25 11:13:00+00:00,2025-01-25 11:13:00+00:00,4.978473880328238e-07,3.09348793935914e-07
com.fitbit.FitbitMobile,2025-01-25 11:14:00+00:00,2025-01-25 11:13:00+00:00,0.0728,0.045235935228105935
com.google.android.apps.fitness,2025-01-25 11:14:00+00:00,2025-01-25 11:13:00+00:00,0.07280000305175781,0.04523593712438504
com.google.android.apps.fitness,2025-01-25 11:14:00+00:00,2025-01-25 11:14:00+00:00,9.973749984055758e-07,6.197416322253693e-07
com.fitbit.FitbitMobile,2025-01-25 11:15:00+00:00,2025-01-25 11:14:00+00:00,0.0057,0.003541824598903899
com.google.android.apps.fitness,2025-01-25 11:15:00+00:00,2025-01-25 11:14:00+00:00,0.0056999998092651365,0.003541824480386455
com.google.android.apps.fitness,2025-01-25 11:16:00+00:00,2025-01-25 11:16:00+00:00,0.0046139049530029294,0.0028669547472895286
com.fitbit.FitbitMobile,2025-01-25 11:17:00+00:00,2025-01-25 11:16:00+00:00,0.0335,0.020815986677768527
com.google.android.apps.fitness,2025-01-25 11:17:00+00:00,2025-01-25 11:16:00+00:00,0.0335,0.020815986677768527
com.google.android.apps.fitness,2025-01-25 11:17:00+00:00,2025-01-25 11:17:00+00:00,3.3318181522190573e-07,2.070300963263858e-07
com.fitbit.FitbitMobile,2025-01-25 11:18:00+00:00,2025-01-25 11:17:00+00:00,0.000671,0.00041694110629202037
com.google.android.apps.fitness,2025-01-25 11:18:00+00:00,2025-01-25 11:17:00+00:00,0.0006710000038146973,0.00041694110866236924
com.google.android.apps.fitness,2025-01-25 11:18:00+00:00,2025-01-25 11:18:00+00:00,5.464251735247672e-07,3.3953370544743014e-07
com.fitbit.FitbitMobile,2025-01-25 11:19:00+00:00,2025-01-25 11:18:00+00:00,0.0447,0.02777536132824636
com.google.android.apps.fitness,2025-01-25 11:19:00+00:00,2025-01-25 11:18:00+00:00,0.04470000076293945,0.02777536180231614
com.google.android.apps.fitness,2025-01-25 11:19:00+00:00,2025-01-25 11:19:00+00:00,3.109697136096656e-07,1.932281019608446e-07
com.fitbit.FitbitMobile,2025-01-25 11:20:00+00:00,2025-01-25 11:19:00+00:00,0.0261,0.016217828426559958
com.google.android.apps.fitness,2025-01-25 11:20:00+00:00,2025-01-25 11:19:00+00:00,0.026100000381469726,0.016217828663594846
com.google.android.apps.fitness,2025-01-25 11:20:00+00:00,2025-01-25 11:20:00+00:00,4.212064959574491e-07,2.617262330877559e-07
com.fitbit.FitbitMobile,2025-01-25 11:21:00+00:00,2025-01-25 11:20:00+00:00,0.05240000000000001,0.03255993140044988
com.google.android.apps.fitness,2025-01-25 11:21:00+00:00,2025-01-25 11:20:00+00:00,0.052400001525878905,0.03255993234858943
com.google.android.apps.fitness,2025-01-25 11:21:00+00:00,2025-01-25 11:21:00+00:00,8.928668685257434e-07,5.548031295597845e-07
com.fitbit.FitbitMobile,2025-01-25 11:22:00+00:00,2025-01-25 11:21:00+00:00,0.0093,0.0057787664508432025
com.google.android.apps.fitness,2025-01-25 11:22:00+00:00,2025-01-25 11:21:00+00:00,0.009300000190734863,0.0057787665693606475
com.fitbit.FitbitMobile,2025-01-25 11:28:00+00:00,2025-01-25 11:27:00+00:00,0.0206,0.012800278374986021
com.google.android.apps.fitness,2025-01-25 11:28:00+00:00,2025-01-25 11:27:00+00:00,0.020600000381469728,0.012800278612020908
com.google.android.apps.fitness,2025-01-25 11:28:00+00:00,2025-01-25 11:28:00+00:00,0.011993899345397949,0.00745268205935225
com.google.android.apps.fitness,2025-01-25 11:29:00+00:00,2025-01-25 11:28:00+00:00,0.010661818504333497,0.006624963341701254
com.google.android.apps.fitness,2025-01-25 11:30:00+00:00,2025-01-25 11:29:00+00:00,0.02732090950012207,0.016976468303852556
com.fitbit.FitbitMobile,2025-01-25 11:32:00+00:00,2025-01-25 11:31:00+00:00,0.0172,0.010687611070376676
com.google.android.apps.fitness,2025-01-25 11:32:00+00:00,2025-01-25 11:31:00+00:00,0.017200000762939455,0.010687611544446453
com.fitbit.FitbitMobile,2025-01-25 11:33:00+00:00,2025-01-25 11:32:00+00:00,0.0114,0.007083649197807798
com.google.android.apps.fitness,2025-01-25 11:33:00+00:00,2025-01-25 11:32:00+00:00,0.011399999618530273,0.00708364896077291
com.google.android.apps.fitness,2025-01-25 11:33:00+00:00,2025-01-25 11:33:00+00:00,3.109697136096656e-07,1.932281019608446e-07
com.fitbit.FitbitMobile,2025-01-25 11:34:00+00:00,2025-01-25 11:33:00+00:00,0.0293,0.018206221183839338
com.google.android.apps.fitness,2025-01-25 11:34:00+00:00,2025-01-25 11:33:00+00:00,0.02929999923706055,0.01820622070976956
com.fitbit.FitbitMobile,2025-01-25 11:35:00+00:00,2025-01-25 11:34:00+00:00,0.0044,0.0027340400412591503
com.google.android.apps.fitness,2025-01-25 11:35:00+00:00,2025-01-25 11:34:00+00:00,0.004400000095367431,0.002734040100517872
com.fitbit.FitbitMobile,2025-01-25 11:36:00+00:00,2025-01-25 11:35:00+00:00,0.0051,0.003169000956914015
com.google.android.apps.fitness,2025-01-25 11:36:00+00:00,2025-01-25 11:35:00+00:00,0.0050999999046325685,0.0031690008976552925
com.fitbit.FitbitMobile,2025-01-25 11:37:00+00:00,2025-01-25 11:36:00+00:00,0.0134,0.008326394671107412
com.google.android.apps.fitness,2025-01-25 11:37:00+00:00,2025-01-25 11:36:00+00:00,0.013399999618530273,0.008326394434072524
com.fitbit.FitbitMobile,2025-01-25 11:38:00+00:00,2025-01-25 11:37:00+00:00,0.053,0.03293275504243976
com.google.android.apps.fitness,2025-01-25 11:38:00+00:00,2025-01-25 11:37:00+00:00,0.053,0.03293275504243976
com.fitbit.FitbitMobile,2025-01-25 11:39:00+00:00,2025-01-25 11:38:00+00:00,0.0601,0.03734450147265339
com.google.android.apps.fitness,2025-01-25 11:39:00+00:00,2025-01-25 11:38:00+00:00,0.06009999847412109,0.03734450052451384
com.fitbit.FitbitMobile,2025-01-25 11:40:00+00:00,2025-01-25 11:39:00+00:00,0.0346,0.021499496688083316
com.google.android.apps.fitness,2025-01-25 11:40:00+00:00,2025-01-25 11:39:00+00:00,0.034599998474121096,0.021499495739943763
com.fitbit.FitbitMobile,2025-01-25 11:41:00+00:00,2025-01-25 11:40:00+00:00,0.0166,0.010314787428386794
com.google.android.apps.fitness,2025-01-25 11:41:00+00:00,2025-01-25 11:40:00+00:00,0.016600000381469728,0.01031478766542168
com.fitbit.FitbitMobile,2025-01-25 11:42:00+00:00,2025-01-25 11:41:00+00:00,0.0551,0.034237637789404356
com.google.android.apps.fitness,2025-01-25 11:42:00+00:00,2025-01-25 11:41:00+00:00,0.055099998474121094,0.0342376368412648
com.fitbit.FitbitMobile,2025-01-25 11:43:00+00:00,2025-01-25 11:42:00+00:00,0.004026,0.002501646637752122
com.google.android.apps.fitness,2025-01-25 11:43:00+00:00,2025-01-25 11:42:00+00:00,0.004026000022888184,0.0025016466519742152
com.fitbit.FitbitMobile,2025-01-25 11:44:00+00:00,2025-01-25 11:43:00+00:00,0.014,0.008699218313097294
com.google.android.apps.fitness,2025-01-25 11:44:00+00:00,2025-01-25 11:43:00+00:00,0.014,0.008699218313097294
com.fitbit.FitbitMobile,2025-01-25 11:45:00+00:00,2025-01-25 11:44:00+00:00,0.0093,0.0057787664508432025
com.google.android.apps.fitness,2025-01-25 11:45:00+00:00,2025-01-25 11:44:00+00:00,0.009300000190734863,0.0057787665693606475
com.fitbit.FitbitMobile,2025-01-25 11:47:00+00:00,2025-01-25 11:46:00+00:00,0.003,0.0018641182099494204
com.google.android.apps.fitness,2025-01-25 11:47:00+00:00,2025-01-25 11:46:00+00:00,0.003,0.0018641182099494204
com.google.android.apps.fitness,2025-01-25 11:47:00+00:00,2025-01-25 11:47:00+00:00,3.3318181522190573e-07,2.070300963263858e-07
com.fitbit.FitbitMobile,2025-01-25 11:48:00+00:00,2025-01-25 11:47:00+00:00,0.0134,0.008326394671107412
com.google.android.apps.fitness,2025-01-25 11:48:00+00:00,2025-01-25 11:47:00+00:00,0.013399999618530273,0.008326394434072524
com.google.android.apps.fitness,2025-01-25 11:48:00+00:00,2025-01-25 11:48:00+00:00,3.3318181522190573e-07,2.070300963263858e-07
com.fitbit.FitbitMobile,2025-01-25 11:49:00+00:00,2025-01-25 11:48:00+00:00,0.0114,0.007083649197807798
com.google.android.apps.fitness,2025-01-25 11:49:00+00:00,2025-01-25 11:48:00+00:00,0.011399999618530273,0.00708364896077291
com.google.android.apps.fitness,2025-01-25 11:49:00+00:00,2025-01-25 11:49:00+00:00,5.693164421245455e-07,3.537577156626602e-07
com.fitbit.FitbitMobile,2025-01-25 11:50:00+00:00,2025-01-25 11:49:00+00:00,0.0415,0.025786968570966982
com.google.android.apps.fitness,2025-01-25 11:50:00+00:00,2025-01-25 11:49:00+00:00,0.0415,0.025786968570966982
com.google.android.apps.fitness,2025-01-25 11:50:00+00:00,2025-01-25 11:50:00+00:00,5.693164421245455e-07,3.537577156626602e-07
com.fitbit.FitbitMobile,2025-01-25 11:51:00+00:00,2025-01-25 11:50:00+00:00,0.058,0.036039618725688796
com.google.android.apps.fitness,2025-01-25 11:51:00+00:00,2025-01-25 11:50:00+00:00,0.058,0.036039618725688796
com.google.android.apps.fitness,2025-01-25 11:53:00+00:00,2025-01-25 11:52:00+00:00,0.015284974098205567,0.009497666185023405
com.fitbit.FitbitMobile,2025-01-25 11:54:00+00:00,2025-01-25 11:53:00+00:00,0.0103,0.006400139187493011
com.google.android.apps.fitness,2025-01-25 11:54:00+00:00,2025-01-25 11:53:00+00:00,0.010300000190734864,0.006400139306010454
com.fitbit.FitbitMobile,2025-01-25 11:58:00+00:00,2025-01-25 11:57:00+00:00,0.001342,0.0008338822125840407
com.google.android.apps.fitness,2025-01-25 11:58:00+00:00,2025-01-25 11:57:00+00:00,0.0013420000076293946,0.0008338822173247385
com.fitbit.FitbitMobile,2025-01-25 11:59:00+00:00,2025-01-25 11:58:00+00:00,0.008722999999999998,0.005420234381796264
com.google.android.apps.fitness,2025-01-25 11:59:00+00:00,2025-01-25 11:58:00+00:00,0.008722999572753905,0.00542023411631719
com.fitbit.FitbitMobile,2025-01-25 12:00:00+00:00,2025-01-25 11:59:00+00:00,0.028182,0.017511526464264855
com.google.android.apps.fitness,2025-01-25 12:00:00+00:00,2025-01-25 11:59:00+00:00,0.02818199920654297,0.01751152597123229
com.google.android.apps.fitness,2025-01-25 12:00:00+00:00,2025-01-25 12:00:00+00:00,6.09950628131628e-07,3.7900669102341836e-07
com.fitbit.FitbitMobile,2025-01-25 12:01:00+00:00,2025-01-25 12:00:00+00:00,0.018788,0.01167435097617657
com.google.android.apps.fitness,2025-01-25 12:01:00+00:00,2025-01-25 12:00:00+00:00,0.018788000106811524,0.01167435104254634
com.google.android.apps.fitness,2025-01-25 12:01:00+00:00,2025-01-25 12:01:00+00:00,4.2365319677628575e-07,2.632465462713198e-07
com.fitbit.FitbitMobile,2025-01-25 12:02:00+00:00,2025-01-25 12:01:00+00:00,0.028853,0.017928467570556876
com.google.android.apps.fitness,2025-01-25 12:02:00+00:00,2025-01-25 12:01:00+00:00,0.02885300064086914,0.017928467968775487
com.google.android.apps.fitness,2025-01-25 12:02:00+00:00,2025-01-25 12:02:00+00:00,0.00029610159993171694,0.00018398946147595718
com.fitbit.FitbitMobile,2025-01-25 12:04:00+00:00,2025-01-25 12:03:00+00:00,0.002013,0.001250823318876061
com.google.android.apps.fitness,2025-01-25 12:04:00+00:00,2025-01-25 12:03:00+00:00,0.002013000011444092,0.0012508233259871076
com.fitbit.FitbitMobile,2025-01-25 12:05:00+00:00,2025-01-25 12:04:00+00:00,0.022143,0.013759056507636673
com.google.android.apps.fitness,2025-01-25 12:05:00+00:00,2025-01-25 12:04:00+00:00,0.02214299964904785,0.013759056289564574
com.google.android.apps.fitness,2025-01-25 12:05:00+00:00,2025-01-25 12:05:00+00:00,3.3318178611807527e-07,2.0703007824205903e-07
com.fitbit.FitbitMobile,2025-01-25 12:06:00+00:00,2025-01-25 12:05:00+00:00,0.007381,0.004586352169212224
com.google.android.apps.fitness,2025-01-25 12:06:00+00:00,2025-01-25 12:05:00+00:00,0.00738100004196167,0.004586352195286062
com.fitbit.FitbitMobile,2025-01-25 12:08:00+00:00,2025-01-25 12:07:00+00:00,0.000671,0.00041694110629202037
com.google.android.apps.fitness,2025-01-25 12:08:00+00:00,2025-01-25 12:07:00+00:00,0.0006710000038146973,0.00041694110866236924
com.google.android.apps.fitness,2025-01-25 12:08:00+00:00,2025-01-25 12:08:00+00:00,3.3318181522190573e-07,2.070300963263858e-07
com.fitbit.FitbitMobile,2025-01-25 12:09:00+00:00,2025-01-25 12:08:00+00:00,0.032208,0.020013173102016977
com.google.android.apps.fitness,2025-01-25 12:09:00+00:00,2025-01-25 12:08:00+00:00,0.03220800018310547,0.020013173215793722
com.google.android.apps.fitness,2025-01-25 12:09:00+00:00,2025-01-25 12:09:00+00:00,0.001236834168434143,0.0007685350320219116
com.google.android.apps.fitness,2025-01-25 12:10:00+00:00,2025-01-25 12:09:00+00:00,0.017298614501953125,0.010748887433328648
com.fitbit.FitbitMobile,2025-01-25 12:11:00+00:00,2025-01-25 12:10:00+00:00,0.019459,0.01209129208246859
com.google.android.apps.fitness,2025-01-25 12:11:00+00:00,2025-01-25 12:10:00+00:00,0.019458999633789064,0.012091291854915098
com.google.android.apps.fitness,2025-01-25 12:11:00+00:00,2025-01-25 12:11:00+00:00,3.3318181522190573e-07,2.070300963263858e-07
com.fitbit.FitbitMobile,2025-01-25 12:12:00+00:00,2025-01-25 12:11:00+00:00,0.042944,0.026684230802689304
com.google.android.apps.fitness,2025-01-25 12:12:00+00:00,2025-01-25 12:11:00+00:00,0.04294400024414063,0.02668423095439163
com.fitbit.FitbitMobile,2025-01-25 12:13:00+00:00,2025-01-25 12:12:00+00:00,0.008722999999999998,0.005420234381796264
com.google.android.apps.fitness,2025-01-25 12:13:00+00:00,2025-01-25 12:12:00+00:00,0.008722999572753905,0.00542023411631719
com.google.android.apps.fitness,2025-01-25 12:13:00+00:00,2025-01-25 12:13:00+00:00,3.3318181522190573e-07,2.070300963263858e-07
com.fitbit.FitbitMobile,2025-01-25 12:14:00+00:00,2025-01-25 12:13:00+00:00,0.025498,0.015843762039096775
com.google.android.apps.fitness,2025-01-25 12:14:00+00:00,2025-01-25 12:13:00+00:00,0.02549799919128418,0.01584376153658281
com.google.android.apps.fitness,2025-01-25 12:14:00+00:00,2025-01-25 12:14:00+00:00,7.580400560982526e-07,4.7102542414794423e-07
com.fitbit.FitbitMobile,2025-01-25 12:15:00+00:00,2025-01-25 12:14:00+00:00,0.078806,0.048967899884424675
com.google.android.apps.fitness,2025-01-25 12:15:00+00:00,2025-01-25 12:14:00+00:00,0.07880599975585938,0.04896789973272234
com.google.android.apps.fitness,2025-01-25 12:15:00+00:00,2025-01-25 12:15:00+00:00,0.010241114616394043,0.006363549415533102
com.fitbit.FitbitMobile,2025-01-25 12:18:00+00:00,2025-01-25 12:17:00+00:00,0.001342,0.0008338822125840407
com.google.android.apps.fitness,2025-01-25 12:18:00+00:00,2025-01-25 12:17:00+00:00,0.0013420000076293946,0.0008338822173247385
com.fitbit.FitbitMobile,2025-01-25 12:19:00+00:00,2025-01-25 12:18:00+00:00,0.009394,0.005837175488088285
com.google.android.apps.fitness,2025-01-25 12:19:00+00:00,2025-01-25 12:18:00+00:00,0.009394000053405762,0.00583717552127317
com.fitbit.FitbitMobile,2025-01-30 06:05:00+00:00,2025-01-30 06:04:00+00:00,0.0306,0.019014005741484086
com.google.android.apps.fitness,2025-01-30 06:05:00+00:00,2025-01-30 06:04:00+00:00,0.030600000381469726,0.019014005978518975
com.fitbit.FitbitMobile,2025-01-30 06:06:00+00:00,2025-01-30 06:05:00+00:00,0.0922,0.05729056631911219
com.google.android.apps.fitness,2025-01-30 06:06:00+00:00,2025-01-30 06:05:00+00:00,0.09219999694824219,0.05729056442283308
com.fitbit.FitbitMobile,2025-01-30 06:07:00+00:00,2025-01-30 06:06:00+00:00,0.0867,0.05387301626753825
com.google.android.apps.fitness,2025-01-30 06:07:00+00:00,2025-01-30 06:06:00+00:00,0.08669999694824218,0.053873014371259145
com.fitbit.FitbitMobile,2025-01-30 06:08:00+00:00,2025-01-30 06:07:00+00:00,0.1062,0.06598978463220949
com.google.android.apps.fitness,2025-01-30 06:08:00+00:00,2025-01-30 06:07:00+00:00,0.10619999694824218,0.06598978273593038
com.fitbit.FitbitMobile,2025-01-30 06:09:00+00:00,2025-01-30 06:08:00+00:00,0.1099,0.06828886375781376
com.google.android.apps.fitness,2025-01-30 06:09:00+00:00,2025-01-30 06:08:00+00:00,0.10990000152587891,0.06828886470595331
com.fitbit.FitbitMobile,2025-01-30 06:10:00+00:00,2025-01-30 06:09:00+00:00,0.10480000000000002,0.06511986280089976
com.google.android.apps.fitness,2025-01-30 06:10:00+00:00,2025-01-30 06:09:00+00:00,0.10480000305175781,0.06511986469717886
com.fitbit.FitbitMobile,2025-01-30 06:11:00+00:00,2025-01-30 06:10:00+00:00,0.1058,0.06574123553754957
com.google.android.apps.fitness,2025-01-30 06:11:00+00:00,2025-01-30 06:10:00+00:00,0.10580000305175781,0.06574123743382866
com.fitbit.FitbitMobile,2025-01-30 06:12:00+00:00,2025-01-30 06:11:00+00:00,0.1053,0.06543054916922467
com.google.android.apps.fitness,2025-01-30 06:12:00+00:00,2025-01-30 06:11:00+00:00,0.10530000305175781,0.06543055106550376
com.fitbit.FitbitMobile,2025-01-30 06:13:00+00:00,2025-01-30 06:12:00+00:00,0.0949,0.058968272708066656
com.google.android.apps.fitness,2025-01-30 06:13:00+00:00,2025-01-30 06:12:00+00:00,0.09490000152587891,0.058968273656206216
com.fitbit.FitbitMobile,2025-01-30 06:14:00+00:00,2025-01-30 06:13:00+00:00,0.0799,0.049647681658319565
com.google.android.apps.fitness,2025-01-30 06:14:00+00:00,2025-01-30 06:13:00+00:00,0.07990000152587891,0.04964768260645911
com.fitbit.FitbitMobile,2025-01-30 06:15:00+00:00,2025-01-30 06:14:00+00:00,0.0516,0.03206283321113003
com.google.android.apps.fitness,2025-01-30 06:15:00+00:00,2025-01-30 06:14:00+00:00,0.05159999847412109,0.032062832262990476
com.fitbit.FitbitMobile,2025-01-30 06:16:00+00:00,2025-01-30 06:15:00+00:00,0.0698,0.04337181701815651
com.google.android.apps.fitness,2025-01-30 06:16:00+00:00,2025-01-30 06:15:00+00:00,0.0698000030517578,0.04337181891443562
com.fitbit.FitbitMobile,2025-01-30 06:17:00+00:00,2025-01-30 06:16:00+00:00,0.0185,0.011495395628021425
com.google.android.apps.fitness,2025-01-30 06:17:00+00:00,2025-01-30 06:16:00+00:00,0.0185,0.011495395628021425
com.fitbit.FitbitMobile,2025-01-30 06:18:00+00:00,2025-01-30 06:17:00+00:00,0.0076,0.004722432798538532
com.google.android.apps.fitness,2025-01-30 06:18:00+00:00,2025-01-30 06:17:00+00:00,0.007599999904632568,0.00472243273927981
com.fitbit.FitbitMobile,2025-01-30 06:19:00+00:00,2025-01-30 06:18:00+00:00,0.0098,0.006089452819168106
com.google.android.apps.fitness,2025-01-30 06:19:00+00:00,2025-01-30 06:18:00+00:00,0.009800000190734863,0.00608945293768555
com.fitbit.FitbitMobile,2025-01-30 06:23:00+00:00,2025-01-30 06:22:00+00:00,0.003,0.0018641182099494204
com.google.android.apps.fitness,2025-01-30 06:23:00+00:00,2025-01-30 06:22:00+00:00,0.003,0.0018641182099494204
com.fitbit.FitbitMobile,2025-01-30 06:24:00+00:00,2025-01-30 06:23:00+00:00,0.0061,0.003790373693563822
com.google.android.apps.fitness,2025-01-30 06:24:00+00:00,2025-01-30 06:23:00+00:00,0.0060999999046325686,0.0037903736343050994
com.fitbit.FitbitMobile,2025-01-30 06:38:00+00:00,2025-01-30 06:37:00+00:00,0.0296,0.01839263300483428
com.google.android.apps.fitness,2025-01-30 06:38:00+00:00,2025-01-30 06:37:00+00:00,0.029600000381469725,0.01839263324186917
com.fitbit.FitbitMobile,2025-01-30 06:43:00+00:00,2025-01-30 06:42:00+00:00,0.0061,0.003790373693563822
com.google.android.apps.fitness,2025-01-30 06:43:00+00:00,2025-01-30 06:42:00+00:00,0.0060999999046325686,0.0037903736343050994
com.fitbit.FitbitMobile,2025-01-30 06:58:00+00:00,2025-01-30 06:57:00+00:00,0.0066,0.004101060061888724
com.google.android.apps.fitness,2025-01-30 06:58:00+00:00,2025-01-30 06:57:00+00:00,0.006599999904632568,0.004101060002630003
com.fitbit.FitbitMobile,2025-01-30 07:19:00+00:00,2025-01-30 07:18:00+00:00,0.001342,0.0008338822125840407
com.google.android.apps.fitness,2025-01-30 07:19:00+00:00,2025-01-30 07:18:00+00:00,0.0013420000076293946,0.0008338822173247385
com.fitbit.FitbitMobile,2025-01-30 07:20:00+00:00,2025-01-30 07:19:00+00:00,0.00671,0.004169411062920203
com.google.android.apps.fitness,2025-01-30 07:20:00+00:00,2025-01-30 07:19:00+00:00,0.006710000038146972,0.004169411086623692
com.fitbit.FitbitMobile,2025-01-30 07:43:00+00:00,2025-01-30 07:42:00+00:00,0.000671,0.00041694110629202037
com.google.android.apps.fitness,2025-01-30 07:43:00+00:00,2025-01-30 07:42:00+00:00,0.0006710000038146973,0.00041694110866236924
com.fitbit.FitbitMobile,2025-01-30 07:44:00+00:00,2025-01-30 07:43:00+00:00,0.001342,0.0008338822125840407
com.google.android.apps.fitness,2025-01-30 07:44:00+00:00,2025-01-30 07:43:00+00:00,0.0013420000076293946,0.0008338822173247385
com.fitbit.FitbitMobile,2025-01-30 07:45:00+00:00,2025-01-30 07:44:00+00:00,0.007381,0.004586352169212224
com.google.android.apps.fitness,2025-01-30 07:45:00+00:00,2025-01-30 07:44:00+00:00,0.00738100004196167,0.004586352195286062
com.fitbit.FitbitMobile,2025-01-30 07:46:00+00:00,2025-01-30 07:45:00+00:00,0.000671,0.00041694110629202037
com.google.android.apps.fitness,2025-01-30 07:46:00+00:00,2025-01-30 07:45:00+00:00,0.0006710000038146973,0.00041694110866236924
com.fitbit.FitbitMobile,2025-01-30 07:47:00+00:00,2025-01-30 07:46:00+00:00,0.004026,0.002501646637752122
com.google.android.apps.fitness,2025-01-30 07:47:00+00:00,2025-01-30 07:46:00+00:00,0.004026000022888184,0.0025016466519742152
com.fitbit.FitbitMobile,2025-01-30 07:53:00+00:00,2025-01-30 07:52:00+00:00,0.0177,0.01099829743870158
com.google.android.apps.fitness,2025-01-30 07:53:00+00:00,2025-01-30 07:52:00+00:00,0.01770000076293945,0.010998297912771356
com.fitbit.FitbitMobile,2025-01-30 07:54:00+00:00,2025-01-30 07:53:00+00:00,0.0139,0.008637081039432313
com.google.android.apps.fitness,2025-01-30 07:54:00+00:00,2025-01-30 07:53:00+00:00,0.013899999618530274,0.008637080802397426
com.fitbit.FitbitMobile,2025-01-30 08:04:00+00:00,2025-01-30 08:03:00+00:00,0.0045,0.0027961773149241306
com.google.android.apps.fitness,2025-01-30 08:04:00+00:00,2025-01-30 08:03:00+00:00,0.0045,0.0027961773149241306
com.fitbit.FitbitMobile,2025-01-30 08:12:00+00:00,2025-01-30 08:11:00+00:00,0.0274,0.017025612984204706
com.google.android.apps.fitness,2025-01-30 08:12:00+00:00,2025-01-30 08:11:00+00:00,0.027399999618530273,0.017025612747169818
com.fitbit.FitbitMobile,2025-01-30 08:13:00+00:00,2025-01-30 08:12:00+00:00,0.0784,0.04871562255334485
com.google.android.apps.fitness,2025-01-30 08:13:00+00:00,2025-01-30 08:12:00+00:00,0.0784000015258789,0.0487156235014844
com.fitbit.FitbitMobile,2025-01-30 08:14:00+00:00,2025-01-30 08:13:00+00:00,0.0728,0.045235935228105935
com.google.android.apps.fitness,2025-01-30 08:14:00+00:00,2025-01-30 08:13:00+00:00,0.07280000305175781,0.04523593712438504
com.fitbit.FitbitMobile,2025-01-30 08:15:00+00:00,2025-01-30 08:14:00+00:00,0.0906,0.05629636994047249
com.google.android.apps.fitness,2025-01-30 08:15:00+00:00,2025-01-30 08:14:00+00:00,0.09059999847412109,0.056296368992332944
com.fitbit.FitbitMobile,2025-01-30 08:16:00+00:00,2025-01-30 08:15:00+00:00,0.0959,0.059589645444716476
com.google.android.apps.fitness,2025-01-30 08:16:00+00:00,2025-01-30 08:15:00+00:00,0.09590000152587891,0.05958964639285602
com.fitbit.FitbitMobile,2025-01-30 08:17:00+00:00,2025-01-30 08:16:00+00:00,0.0517,0.03212497048479501
com.google.android.apps.fitness,2025-01-30 08:17:00+00:00,2025-01-30 08:16:00+00:00,0.05170000076293945,0.03212497095886479
com.fitbit.FitbitMobile,2025-01-30 08:18:00+00:00,2025-01-30 08:17:00+00:00,0.0913,0.05673133085612737
com.google.android.apps.fitness,2025-01-30 08:18:00+00:00,2025-01-30 08:17:00+00:00,0.09130000305175781,0.056731332752406466
com.fitbit.FitbitMobile,2025-01-30 08:19:00+00:00,2025-01-30 08:18:00+00:00,0.0934,0.05803621360309195
com.google.android.apps.fitness,2025-01-30 08:19:00+00:00,2025-01-30 08:18:00+00:00,0.0934000015258789,0.05803621455123151
com.fitbit.FitbitMobile,2025-01-30 08:20:00+00:00,2025-01-30 08:19:00+00:00,0.0894,0.05555072265649272
com.google.android.apps.fitness,2025-01-30 08:20:00+00:00,2025-01-30 08:19:00+00:00,0.0894000015258789,0.05555072360463228
com.fitbit.FitbitMobile,2025-01-30 08:21:00+00:00,2025-01-30 08:20:00+00:00,0.0894,0.05555072265649272
com.google.android.apps.fitness,2025-01-30 08:21:00+00:00,2025-01-30 08:20:00+00:00,0.0894000015258789,0.05555072360463228
com.fitbit.FitbitMobile,2025-01-30 08:22:00+00:00,2025-01-30 08:21:00+00:00,0.0535,0.033243441410764664
com.google.android.apps.fitness,2025-01-30 08:22:00+00:00,2025-01-30 08:21:00+00:00,0.0535,0.033243441410764664
com.fitbit.FitbitMobile,2025-01-30 08:23:00+00:00,2025-01-30 08:22:00+00:00,0.04909999999999999,0.030509401369505508
com.google.android.apps.fitness,2025-01-30 08:23:00+00:00,2025-01-30 08:22:00+00:00,0.049099998474121095,0.030509400421365962
com.fitbit.FitbitMobile,2025-01-30 08:24:00+00:00,2025-01-30 08:23:00+00:00,0.065,0.04038922788223744
com.google.android.apps.fitness,2025-01-30 08:24:00+00:00,2025-01-30 08:23:00+00:00,0.065,0.04038922788223744
com.fitbit.FitbitMobile,2025-01-30 08:25:00+00:00,2025-01-30 08:24:00+00:00,0.0851,0.05287881988889855
com.google.android.apps.fitness,2025-01-30 08:25:00+00:00,2025-01-30 08:24:00+00:00,0.0850999984741211,0.052878818940759006
com.fitbit.FitbitMobile,2025-01-30 08:26:00+00:00,2025-01-30 08:25:00+00:00,0.0815,0.050641878036959256
com.google.android.apps.fitness,2025-01-30 08:26:00+00:00,2025-01-30 08:25:00+00:00,0.0815,0.050641878036959256
com.fitbit.FitbitMobile,2025-01-30 08:27:00+00:00,2025-01-30 08:26:00+00:00,0.0287,0.017833397541849455
com.google.android.apps.fitness,2025-01-30 08:27:00+00:00,2025-01-30 08:26:00+00:00,0.028700000762939454,0.01783339801591923
com.fitbit.FitbitMobile,2025-01-30 08:31:00+00:00,2025-01-30 08:30:00+00:00,0.005,0.003106863683249034
com.google.android.apps.fitness,2025-01-30 08:31:00+00:00,2025-01-30 08:30:00+00:00,0.005,0.003106863683249034
com.fitbit.FitbitMobile,2025-01-30 08:33:00+00:00,2025-01-30 08:32:00+00:00,0.003,0.0018641182099494204
com.google.android.apps.fitness,2025-01-30 08:33:00+00:00,2025-01-30 08:32:00+00:00,0.003,0.0018641182099494204
com.fitbit.FitbitMobile,2025-01-30 08:36:00+00:00,2025-01-30 08:35:00+00:00,0.0036,0.0022369418519393044
com.google.android.apps.fitness,2025-01-30 08:36:00+00:00,2025-01-30 08:35:00+00:00,0.0035999999046325685,0.0022369417926805823
com.fitbit.FitbitMobile,2025-01-30 08:37:00+00:00,2025-01-30 08:36:00+00:00,0.0103,0.006400139187493011
com.google.android.apps.fitness,2025-01-30 08:37:00+00:00,2025-01-30 08:36:00+00:00,0.010300000190734864,0.006400139306010454
com.fitbit.FitbitMobile,2025-01-30 08:48:00+00:00,2025-01-30 08:47:00+00:00,0.0306,0.019014005741484086
com.google.android.apps.fitness,2025-01-30 08:48:00+00:00,2025-01-30 08:47:00+00:00,0.030600000381469726,0.019014005978518975
com.fitbit.FitbitMobile,2025-01-30 08:49:00+00:00,2025-01-30 08:48:00+00:00,0.0244,0.015161494774255288
com.google.android.apps.fitness,2025-01-30 08:49:00+00:00,2025-01-30 08:48:00+00:00,0.024399999618530274,0.015161494537220398
com.fitbit.FitbitMobile,2025-01-30 08:50:00+00:00,2025-01-30 08:49:00+00:00,0.0572,0.03554252053636895
com.google.android.apps.fitness,2025-01-30 08:50:00+00:00,2025-01-30 08:49:00+00:00,0.057200000762939456,0.03554252101043873
com.fitbit.FitbitMobile,2025-01-30 08:51:00+00:00,2025-01-30 08:50:00+00:00,0.0784,0.04871562255334485
com.google.android.apps.fitness,2025-01-30 08:51:00+00:00,2025-01-30 08:50:00+00:00,0.0784000015258789,0.0487156235014844
com.fitbit.FitbitMobile,2025-01-30 08:52:00+00:00,2025-01-30 08:51:00+00:00,0.0481,0.029888028632855702
com.google.android.apps.fitness,2025-01-30 08:52:00+00:00,2025-01-30 08:51:00+00:00,0.048099998474121095,0.029888027684716153
com.fitbit.FitbitMobile,2025-01-30 08:53:00+00:00,2025-01-30 08:52:00+00:00,0.0431,0.026781164949606674
com.google.android.apps.fitness,2025-01-30 08:53:00+00:00,2025-01-30 08:52:00+00:00,0.0430999984741211,0.02678116400146712
com.fitbit.FitbitMobile,2025-01-30 08:54:00+00:00,2025-01-30 08:53:00+00:00,0.0087,0.005405942808853319
com.google.android.apps.fitness,2025-01-30 08:54:00+00:00,2025-01-30 08:53:00+00:00,0.008699999809265137,0.005405942690335875
com.fitbit.FitbitMobile,2025-01-30 08:55:00+00:00,2025-01-30 08:54:00+00:00,0.0321,0.019946064846458795
com.google.android.apps.fitness,2025-01-30 08:55:00+00:00,2025-01-30 08:54:00+00:00,0.032099998474121094,0.019946063898319245
com.fitbit.FitbitMobile,2025-01-30 08:56:00+00:00,2025-01-30 08:55:00+00:00,0.0305,0.018951868467819107
com.google.android.apps.fitness,2025-01-30 08:56:00+00:00,2025-01-30 08:55:00+00:00,0.0305,0.018951868467819107
com.fitbit.FitbitMobile,2025-01-30 08:57:00+00:00,2025-01-30 08:56:00+00:00,0.0176,0.010936160165036601
com.google.android.apps.fitness,2025-01-30 08:57:00+00:00,2025-01-30 08:56:00+00:00,0.017600000381469725,0.010936160402071488
com.fitbit.FitbitMobile,2025-01-30 08:58:00+00:00,2025-01-30 08:57:00+00:00,0.0011,0.0006835100103147876
com.google.android.apps.fitness,2025-01-30 08:58:00+00:00,2025-01-30 08:57:00+00:00,0.0011000000238418578,0.000683510025129468
com.fitbit.FitbitMobile,2025-01-30 09:00:00+00:00,2025-01-30 08:59:00+00:00,0.016800000000000002,0.010439061975716755
com.google.android.apps.fitness,2025-01-30 09:00:00+00:00,2025-01-30 08:59:00+00:00,0.016799999237060548,0.010439061501646979
com.fitbit.FitbitMobile,2025-01-30 09:17:00+00:00,2025-01-30 09:16:00+00:00,0.0135,0.008388531944772392
com.google.android.apps.fitness,2025-01-30 09:17:00+00:00,2025-01-30 09:16:00+00:00,0.0135,0.008388531944772392
com.fitbit.FitbitMobile,2025-01-30 09:24:00+00:00,2025-01-30 09:23:00+00:00,0.021,0.013048827469645943
com.google.android.apps.fitness,2025-01-30 09:24:00+00:00,2025-01-30 09:23:00+00:00,0.021,0.013048827469645943
com.fitbit.FitbitMobile,2025-01-30 09:25:00+00:00,2025-01-30 09:24:00+00:00,0.0109,0.006772962829482894
com.google.android.apps.fitness,2025-01-30 09:25:00+00:00,2025-01-30 09:24:00+00:00,0.010899999618530273,0.006772962592448006
com.fitbit.FitbitMobile,2025-01-30 09:26:00+00:00,2025-01-30 09:25:00+00:00,0.0211,0.013110964743310924
com.google.android.apps.fitness,2025-01-30 09:26:00+00:00,2025-01-30 09:25:00+00:00,0.021100000381469728,0.01311096498034581
com.fitbit.FitbitMobile,2025-01-30 09:27:00+00:00,2025-01-30 09:26:00+00:00,0.006,0.0037282364198988407
com.google.android.apps.fitness,2025-01-30 09:27:00+00:00,2025-01-30 09:26:00+00:00,0.006,0.0037282364198988407
com.fitbit.FitbitMobile,2025-01-30 09:28:00+00:00,2025-01-30 09:27:00+00:00,0.0057,0.003541824598903899
com.google.android.apps.fitness,2025-01-30 09:28:00+00:00,2025-01-30 09:27:00+00:00,0.0056999998092651365,0.003541824480386455
com.fitbit.FitbitMobile,2025-01-30 09:29:00+00:00,2025-01-30 09:28:00+00:00,0.0758,0.04710005343805536
com.google.android.apps.fitness,2025-01-30 09:29:00+00:00,2025-01-30 09:28:00+00:00,0.07580000305175781,0.04710005533433446
com.fitbit.FitbitMobile,2025-01-30 09:30:00+00:00,2025-01-30 09:29:00+00:00,0.066,0.04101060061888725
com.google.android.apps.fitness,2025-01-30 09:30:00+00:00,2025-01-30 09:29:00+00:00,0.066,0.04101060061888725
com.fitbit.FitbitMobile,2025-01-30 09:31:00+00:00,2025-01-30 09:30:00+00:00,0.0289,0.017957672089179415
com.google.android.apps.fitness,2025-01-30 09:31:00+00:00,2025-01-30 09:30:00+00:00,0.028899999618530275,0.017957671852144527
com.fitbit.FitbitMobile,2025-01-30 09:32:00+00:00,2025-01-30 09:31:00+00:00,0.018,0.011184709259696522
com.google.android.apps.fitness,2025-01-30 09:32:00+00:00,2025-01-30 09:31:00+00:00,0.018,0.011184709259696522
com.fitbit.FitbitMobile,2025-01-30 09:33:00+00:00,2025-01-30 09:32:00+00:00,0.0199,0.012365317459331157
com.google.android.apps.fitness,2025-01-30 09:33:00+00:00,2025-01-30 09:32:00+00:00,0.019899999618530274,0.012365317222296267
com.fitbit.FitbitMobile,2025-01-30 09:34:00+00:00,2025-01-30 09:33:00+00:00,0.0278,0.017274162078864626
com.google.android.apps.fitness,2025-01-30 09:34:00+00:00,2025-01-30 09:33:00+00:00,0.027799999237060547,0.017274161604794853
com.fitbit.FitbitMobile,2025-01-30 09:35:00+00:00,2025-01-30 09:34:00+00:00,0.0043,0.002671902767594169
com.google.android.apps.fitness,2025-01-30 09:35:00+00:00,2025-01-30 09:34:00+00:00,0.004300000190734864,0.002671902886111613
com.fitbit.FitbitMobile,2025-01-30 09:37:00+00:00,2025-01-30 09:36:00+00:00,0.013100000000000002,0.00813998285011247
com.google.android.apps.fitness,2025-01-30 09:37:00+00:00,2025-01-30 09:36:00+00:00,0.013100000381469726,0.008139983087147357
com.fitbit.FitbitMobile,2025-01-30 09:38:00+00:00,2025-01-30 09:37:00+00:00,0.0674,0.04188052245019698
com.google.android.apps.fitness,2025-01-30 09:38:00+00:00,2025-01-30 09:37:00+00:00,0.06740000152587891,0.041880523398336526
com.fitbit.FitbitMobile,2025-01-30 09:39:00+00:00,2025-01-30 09:38:00+00:00,0.0492,0.030571538643170495
com.google.android.apps.fitness,2025-01-30 09:39:00+00:00,2025-01-30 09:38:00+00:00,0.049200000762939455,0.03057153911724027
com.fitbit.FitbitMobile,2025-01-30 09:40:00+00:00,2025-01-30 09:39:00+00:00,0.008,0.004970981893198455
com.google.android.apps.fitness,2025-01-30 09:40:00+00:00,2025-01-30 09:39:00+00:00,0.008,0.004970981893198455
com.fitbit.FitbitMobile,2025-01-30 09:41:00+00:00,2025-01-30 09:40:00+00:00,0.0493,0.03063367591683547
com.google.android.apps.fitness,2025-01-30 09:41:00+00:00,2025-01-30 09:40:00+00:00,0.04929999923706055,0.030633675442765698
com.fitbit.FitbitMobile,2025-01-30 09:42:00+00:00,2025-01-30 09:41:00+00:00,0.0106,0.006586551008487952
com.google.android.apps.fitness,2025-01-30 09:42:00+00:00,2025-01-30 09:41:00+00:00,0.010600000381469727,0.00658655124552284
com.fitbit.FitbitMobile,2025-01-30 09:43:00+00:00,2025-01-30 09:42:00+00:00,0.0602,0.03740663874631837
com.google.android.apps.fitness,2025-01-30 09:43:00+00:00,2025-01-30 09:42:00+00:00,0.06020000076293945,0.037406639220388144
com.fitbit.FitbitMobile,2025-01-30 09:44:00+00:00,2025-01-30 09:43:00+00:00,0.0562,0.034921147799719145
com.google.android.apps.fitness,2025-01-30 09:44:00+00:00,2025-01-30 09:43:00+00:00,0.056200000762939455,0.034921148273788914
com.fitbit.FitbitMobile,2025-01-30 09:45:00+00:00,2025-01-30 09:44:00+00:00,0.0152,0.009444865597077063
com.google.android.apps.fitness,2025-01-30 09:45:00+00:00,2025-01-30 09:44:00+00:00,0.015199999809265136,0.00944486547855962
com.fitbit.FitbitMobile,2025-01-30 09:46:00+00:00,2025-01-30 09:45:00+00:00,0.0933,0.05797407632942697
com.google.android.apps.fitness,2025-01-30 09:46:00+00:00,2025-01-30 09:45:00+00:00,0.09330000305175781,0.05797407822570608
com.fitbit.FitbitMobile,2025-01-30 09:47:00+00:00,2025-01-30 09:46:00+00:00,0.0031,0.0019262554836144011
com.google.android.apps.fitness,2025-01-30 09:47:00+00:00,2025-01-30 09:46:00+00:00,0.0030999999046325685,0.001926255424355679
com.fitbit.FitbitMobile,2025-01-30 09:49:00+00:00,2025-01-30 09:48:00+00:00,0.0058,0.0036039618725688793
com.google.android.apps.fitness,2025-01-30 09:49:00+00:00,2025-01-30 09:48:00+00:00,0.005800000190734863,0.0036039619910863234
com.fitbit.FitbitMobile,2025-01-30 09:54:00+00:00,2025-01-30 09:53:00+00:00,0.0183,0.011371121080691465
com.google.android.apps.fitness,2025-01-30 09:54:00+00:00,2025-01-30 09:53:00+00:00,0.018299999237060546,0.011371120606621689
com.fitbit.FitbitMobile,2025-01-30 09:55:00+00:00,2025-01-30 09:54:00+00:00,0.0423,0.026284066760286825
com.google.android.apps.fitness,2025-01-30 09:55:00+00:00,2025-01-30 09:54:00+00:00,0.04229999923706055,0.026284066286217052
com.fitbit.FitbitMobile,2025-01-30 09:56:00+00:00,2025-01-30 09:55:00+00:00,0.0108,0.0067108255558179135
com.google.android.apps.fitness,2025-01-30 09:56:00+00:00,2025-01-30 09:55:00+00:00,0.010800000190734863,0.006710825674335358
com.fitbit.FitbitMobile,2025-01-30 09:57:00+00:00,2025-01-30 09:56:00+00:00,0.000866,0.0005381087899387326
com.google.android.apps.fitness,2025-01-30 09:57:00+00:00,2025-01-30 09:56:00+00:00,0.0008659999966621399,0.0005381087878646774
com.fitbit.FitbitMobile,2025-01-30 09:58:00+00:00,2025-01-30 09:57:00+00:00,0.0349,0.021685908509078256
com.google.android.apps.fitness,2025-01-30 09:58:00+00:00,2025-01-30 09:57:00+00:00,0.0349000015258789,0.02168590945721781
com.fitbit.FitbitMobile,2025-01-30 13:26:00+00:00,2025-01-30 13:25:00+00:00,0.002684,0.0016677644251680815
com.google.android.apps.fitness,2025-01-30 13:26:00+00:00,2025-01-30 13:25:00+00:00,0.002684000015258789,0.001667764434649477
com.fitbit.FitbitMobile,2025-01-30 13:27:00+00:00,2025-01-30 13:26:00+00:00,0.015433,0.009589645444716468
com.google.android.apps.fitness,2025-01-30 13:27:00+00:00,2025-01-30 13:26:00+00:00,0.01543299961090088,0.009589645202940882
com.google.android.apps.fitness,2025-01-30 13:27:00+00:00,2025-01-30 13:27:00+00:00,2.7765153208747505e-07,1.7252509232820603e-07
com.fitbit.FitbitMobile,2025-01-30 13:28:00+00:00,2025-01-30 13:27:00+00:00,0.014091,0.008755763232132428
com.google.android.apps.fitness,2025-01-30 13:28:00+00:00,2025-01-30 13:27:00+00:00,0.014090999603271485,0.008755762985616145
com.google.android.apps.fitness,2025-01-30 13:28:00+00:00,2025-01-30 13:28:00+00:00,2.5543940137140453e-07,1.5872307987833805e-07
com.fitbit.FitbitMobile,2025-01-30 13:29:00+00:00,2025-01-30 13:28:00+00:00,0.002684,0.0016677644251680815
com.google.android.apps.fitness,2025-01-30 13:29:00+00:00,2025-01-30 13:28:00+00:00,0.002684000015258789,0.001667764434649477
com.fitbit.FitbitMobile,2025-01-30 13:44:00+00:00,2025-01-30 13:43:00+00:00,0.000671,0.00041694110629202037
com.google.android.apps.fitness,2025-01-30 13:44:00+00:00,2025-01-30 13:43:00+00:00,0.0006710000038146973,0.00041694110866236924
com.fitbit.FitbitMobile,2025-01-30 13:45:00+00:00,2025-01-30 13:44:00+00:00,0.006039,0.003752469956628183
com.google.android.apps.fitness,2025-01-30 13:45:00+00:00,2025-01-30 13:44:00+00:00,0.006039000034332275,0.003752469977961323
com.fitbit.FitbitMobile,2025-01-30 13:46:00+00:00,2025-01-30 13:45:00+00:00,0.032208,0.020013173102016977
com.google.android.apps.fitness,2025-01-30 13:46:00+00:00,2025-01-30 13:45:00+00:00,0.03220800018310547,0.020013173215793722
com.fitbit.FitbitMobile,2025-01-30 13:47:00+00:00,2025-01-30 13:46:00+00:00,0.029524,0.018345408676848897
com.google.android.apps.fitness,2025-01-30 13:47:00+00:00,2025-01-30 13:46:00+00:00,0.02952400016784668,0.018345408781144247
com.google.android.apps.fitness,2025-01-30 13:47:00+00:00,2025-01-30 13:47:00+00:00,0.010060985565185547,0.0062516221340335465
com.google.android.apps.fitness,2025-01-30 13:48:00+00:00,2025-01-30 13:47:00+00:00,0.016659090042114258,0.010351504369564082
com.fitbit.FitbitMobile,2025-01-30 13:55:00+00:00,2025-01-30 13:54:00+00:00,0.019459,0.01209129208246859
com.google.android.apps.fitness,2025-01-30 13:55:00+00:00,2025-01-30 13:54:00+00:00,0.019458999633789064,0.012091291854915098
com.google.android.apps.fitness,2025-01-30 13:55:00+00:00,2025-01-30 13:55:00+00:00,3.3318184432573614e-07,2.0703011441071258e-07
com.fitbit.FitbitMobile,2025-01-30 13:56:00+00:00,2025-01-30 13:55:00+00:00,0.021472,0.013342115401344652
com.google.android.apps.fitness,2025-01-30 13:56:00+00:00,2025-01-30 13:55:00+00:00,0.021472000122070314,0.013342115477195816
com.google.android.apps.fitness,2025-01-30 13:56:00+00:00,2025-01-30 13:56:00+00:00,0.006383267402648926,0.003966388334751467
com.google.android.apps.fitness,2025-01-30 13:56:00+00:00,2025-01-30 13:56:00+00:00,0.0019990909099578858,0.001242180589532284
com.fitbit.FitbitMobile,2025-01-30 14:07:00+00:00,2025-01-30 14:06:00+00:00,0.000671,0.00041694110629202037
com.google.android.apps.fitness,2025-01-30 14:07:00+00:00,2025-01-30 14:06:00+00:00,0.0006710000038146973,0.00041694110866236924
com.fitbit.FitbitMobile,2025-01-30 14:08:00+00:00,2025-01-30 14:07:00+00:00,0.000671,0.00041694110629202037
com.google.android.apps.fitness,2025-01-30 14:08:00+00:00,2025-01-30 14:07:00+00:00,0.0006710000038146973,0.00041694110866236924
com.fitbit.FitbitMobile,2025-01-30 14:30:00+00:00,2025-01-30 14:29:00+00:00,0.000671,0.00041694110629202037
com.google.android.apps.fitness,2025-01-30 14:30:00+00:00,2025-01-30 14:29:00+00:00,0.0006710000038146973,0.00041694110866236924
com.fitbit.FitbitMobile,2025-01-30 14:31:00+00:00,2025-01-30 14:30:00+00:00,0.002684,0.0016677644251680815
com.google.android.apps.fitness,2025-01-30 14:31:00+00:00,2025-01-30 14:30:00+00:00,0.002684000015258789,0.001667764434649477
com.google.android.apps.fitness,2025-01-30 16:04:00+00:00,2025-01-30 16:02:00+00:00,0.03731636428833008,0.023187371399660782
com.google.android.apps.fitness,2025-01-30 16:18:00+00:00,2025-01-30 16:18:00+00:00,0.0014723223447799683,0.0009148609646065892
com.google.android.apps.fitness,2025-01-30 16:49:00+00:00,2025-01-30 16:48:00+00:00,0.034650909423828126,0.021531130416088663
com.fitbit.FitbitMobile,2025-01-30 19:10:00+00:00,2025-01-30 19:09:00+00:00,0.001342,0.0008338822125840407
com.google.android.apps.fitness,2025-01-30 19:10:00+00:00,2025-01-30 19:09:00+00:00,0.0013420000076293946,0.0008338822173247385
com.fitbit.FitbitMobile,2025-01-30 19:11:00+00:00,2025-01-30 19:10:00+00:00,0.034221,0.02126399642089304
com.google.android.apps.fitness,2025-01-30 19:11:00+00:00,2025-01-30 19:10:00+00:00,0.03422100067138672,0.02126399683807444
com.google.android.apps.fitness,2025-01-30 19:12:00+00:00,2025-01-30 19:11:00+00:00,0.022061635971069336,0.013708499118315171
com.fitbit.FitbitMobile,2025-01-30 19:13:00+00:00,2025-01-30 19:12:00+00:00,0.016775,0.01042352765730051
com.google.android.apps.fitness,2025-01-30 19:13:00+00:00,2025-01-30 19:12:00+00:00,0.016774999618530274,0.010423527420265621
com.fitbit.FitbitMobile,2025-01-30 19:14:00+00:00,2025-01-30 19:13:00+00:00,0.022143,0.013759056507636673
com.google.android.apps.fitness,2025-01-30 19:14:00+00:00,2025-01-30 19:13:00+00:00,0.02214299964904785,0.013759056289564574
com.google.android.apps.fitness,2025-01-30 19:14:00+00:00,2025-01-30 19:14:00+00:00,0.0006164188385009765,0.0003830258606018471
com.fitbit.FitbitMobile,2025-01-30 19:18:00+00:00,2025-01-30 19:17:00+00:00,0.012078,0.007504939913256366
com.google.android.apps.fitness,2025-01-30 19:18:00+00:00,2025-01-30 19:17:00+00:00,0.01207800006866455,0.007504939955922646
com.google.android.apps.fitness,2025-01-30 19:18:00+00:00,2025-01-30 19:18:00+00:00,3.3318181522190573e-07,2.070300963263858e-07
com.fitbit.FitbitMobile,2025-01-30 19:19:00+00:00,2025-01-30 19:18:00+00:00,0.017445999999999996,0.010840468763592528
com.google.android.apps.fitness,2025-01-30 19:19:00+00:00,2025-01-30 19:18:00+00:00,0.01744599914550781,0.01084046823263438
com.google.android.apps.fitness,2025-01-30 19:19:00+00:00,2025-01-30 19:19:00+00:00,4.732763045467436e-07,2.940809925477175e-07
com.fitbit.FitbitMobile,2025-01-30 19:20:00+00:00,2025-01-30 19:19:00+00:00,0.022143,0.013759056507636673
com.google.android.apps.fitness,2025-01-30 19:20:00+00:00,2025-01-30 19:19:00+00:00,0.02214299964904785,0.013759056289564574
com.google.android.apps.fitness,2025-01-30 19:21:00+00:00,2025-01-30 19:20:00+00:00,0.04259121704101562,0.026465021090021766
com.google.android.apps.fitness,2025-01-30 19:22:00+00:00,2025-01-30 19:21:00+00:00,0.01865818214416504,0.011593685699830391
com.google.android.apps.fitness,2025-01-30 19:35:00+00:00,2025-01-30 19:33:00+00:00,0.033318180084228516,0.020703008739128163
com.google.android.apps.fitness,2025-01-30 19:37:00+00:00,2025-01-30 19:35:00+00:00,0.11393538665771484,0.07079634300875816
com.google.android.apps.fitness,2025-01-30 19:37:00+00:00,2025-01-30 19:37:00+00:00,0.0009736928343772888,0.0006050261811533231
com.google.android.apps.fitness,2025-01-30 19:39:00+00:00,2025-01-30 19:37:00+00:00,0.18200741577148438,0.11309444602848645
com.google.android.apps.fitness,2025-01-30 19:40:00+00:00,2025-01-30 19:39:00+00:00,0.1453533172607422,0.09031858852743498
com.google.android.apps.fitness,2025-01-30 19:41:00+00:00,2025-01-30 19:40:00+00:00,0.05587397003173828,0.03471856166611051
com.google.android.apps.fitness,2025-01-30 19:41:00+00:00,2025-01-30 19:41:00+00:00,0.05385363388061523,0.03346317986293464
com.google.android.apps.fitness,2025-01-30 19:42:00+00:00,2025-01-30 19:41:00+00:00,0.054821025848388674,0.034064290857363067
com.google.android.apps.fitness,2025-01-30 19:42:00+00:00,2025-01-30 19:42:00+00:00,0.04871066665649414,0.030267480244382257
com.google.android.apps.fitness,2025-01-30 19:43:00+00:00,2025-01-30 19:42:00+00:00,0.0387315788269043,0.024066747130441237
com.google.android.apps.fitness,2025-01-30 19:43:00+00:00,2025-01-30 19:43:00+00:00,0.05380511856079102,0.03343303376588603
com.google.android.apps.fitness,2025-01-30 19:44:00+00:00,2025-01-30 19:43:00+00:00,0.018414501190185548,0.011442268998586717
com.google.android.apps.fitness,2025-01-30 19:44:00+00:00,2025-01-30 19:44:00+00:00,0.01961996841430664,0.012191313466580488
com.google.android.apps.fitness,2025-01-30 19:45:00+00:00,2025-01-30 19:44:00+00:00,0.0357159423828125,0.022192912860435024
com.google.android.apps.fitness,2025-01-30 19:45:00+00:00,2025-01-30 19:45:00+00:00,0.03081417465209961,0.019147088031180242
com.google.android.apps.fitness,2025-01-30 19:46:00+00:00,2025-01-30 19:45:00+00:00,0.018026578903198243,0.011201224665513964
com.google.android.apps.fitness,2025-01-30 19:46:00+00:00,2025-01-30 19:46:00+00:00,0.0035044758319854735,0.0021775857382439223
com.google.android.apps.fitness,2025-01-30 19:47:00+00:00,2025-01-30 19:46:00+00:00,0.04864454650878906,0.030226394987255063
com.fitbit.FitbitMobile,2025-01-30 20:26:00+00:00,2025-01-30 20:25:00+00:00,0.002684,0.0016677644251680815
com.google.android.apps.fitness,2025-01-30 20:26:00+00:00,2025-01-30 20:25:00+00:00,0.002684000015258789,0.001667764434649477
com.fitbit.FitbitMobile,2025-01-30 20:39:00+00:00,2025-01-30 20:38:00+00:00,0.004026,0.002501646637752122
com.google.android.apps.fitness,2025-01-30 20:39:00+00:00,2025-01-30 20:38:00+00:00,0.004026000022888184,0.0025016466519742152
com.fitbit.FitbitMobile,2025-01-30 21:10:00+00:00,2025-01-30 21:09:00+00:00,0.000671,0.00041694110629202037
com.google.android.apps.fitness,2025-01-30 21:10:00+00:00,2025-01-30 21:09:00+00:00,0.0006710000038146973,0.00041694110866236924
com.fitbit.FitbitMobile,2025-01-30 21:11:00+00:00,2025-01-30 21:10:00+00:00,0.02013,0.01250823318876061
com.google.android.apps.fitness,2025-01-30 21:11:00+00:00,2025-01-30 21:10:00+00:00,0.0201299991607666,0.012508232667283858
com.fitbit.FitbitMobile,2025-01-30 21:13:00+00:00,2025-01-30 21:12:00+00:00,0.002684,0.0016677644251680815
com.google.android.apps.fitness,2025-01-30 21:13:00+00:00,2025-01-30 21:12:00+00:00,0.002684000015258789,0.001667764434649477
com.fitbit.FitbitMobile,2025-01-30 21:14:00+00:00,2025-01-30 21:13:00+00:00,0.02013,0.01250823318876061
com.google.android.apps.fitness,2025-01-30 21:14:00+00:00,2025-01-30 21:13:00+00:00,0.0201299991607666,0.012508232667283858
com.google.android.apps.fitness,2025-01-30 21:23:00+00:00,2025-01-30 21:22:00+00:00,0.02065727233886719,0.012835865844922259
com.google.android.apps.fitness,2025-01-30 21:42:00+00:00,2025-01-30 21:42:00+00:00,0.00817916488647461,0.005082310069018734
com.google.android.apps.fitness,2025-01-30 21:43:00+00:00,2025-01-30 21:42:00+00:00,0.027760961532592773,0.017249904639537187
com.google.android.apps.fitness,2025-01-30 21:44:00+00:00,2025-01-30 21:43:00+00:00,0.021781530380249024,0.013534449140796241
com.google.android.apps.fitness,2025-01-30 21:46:00+00:00,2025-01-30 21:44:00+00:00,0.12425634765625,0.07720950678927387
com.google.android.apps.fitness,2025-01-30 21:50:00+00:00,2025-01-30 21:46:00+00:00,0.22198454284667968,0.13793514288259764
com.google.android.apps.fitness,2025-01-30 21:52:00+00:00,2025-01-30 21:50:00+00:00,0.15090620422363282,0.09376900109587336
com.google.android.apps.fitness,2025-01-30 21:54:00+00:00,2025-01-30 21:52:00+00:00,0.09891420745849609,0.06146259178203245
com.google.android.apps.fitness,2025-01-30 21:54:00+00:00,2025-01-30 21:54:00+00:00,0.011477890014648438,0.0071320479293675906
com.fitbit.FitbitMobile,2025-01-30 21:55:00+00:00,2025-01-30 21:54:00+00:00,0.001342,0.0008338822125840407
com.google.android.apps.fitness,2025-01-30 21:55:00+00:00,2025-01-30 21:54:00+00:00,0.0013420000076293946,0.0008338822173247385
com.google.android.apps.fitness,2025-01-30 21:55:00+00:00,2025-01-30 21:55:00+00:00,9.368176688440144e-07,5.821129586314977e-07
com.fitbit.FitbitMobile,2025-01-30 21:56:00+00:00,2025-01-30 21:55:00+00:00,0.028853,0.017928467570556876
com.google.android.apps.fitness,2025-01-30 21:56:00+00:00,2025-01-30 21:55:00+00:00,0.02885300064086914,0.017928467968775487
com.fitbit.FitbitMobile,2025-01-30 22:02:00+00:00,2025-01-30 22:01:00+00:00,0.000671,0.00041694110629202037
com.google.android.apps.fitness,2025-01-30 22:02:00+00:00,2025-01-30 22:01:00+00:00,0.0006710000038146973,0.00041694110866236924
com.fitbit.FitbitMobile,2025-01-30 22:03:00+00:00,2025-01-30 22:02:00+00:00,0.000671,0.00041694110629202037
com.google.android.apps.fitness,2025-01-30 22:03:00+00:00,2025-01-30 22:02:00+00:00,0.0006710000038146973,0.00041694110866236924
com.fitbit.FitbitMobile,2025-01-30 22:05:00+00:00,2025-01-30 22:04:00+00:00,0.000671,0.00041694110629202037
com.google.android.apps.fitness,2025-01-30 22:05:00+00:00,2025-01-30 22:04:00+00:00,0.0006710000038146973,0.00041694110866236924
com.fitbit.FitbitMobile,2025-01-30 22:06:00+00:00,2025-01-30 22:05:00+00:00,0.026169,0.016260703145388793
com.google.android.apps.fitness,2025-01-30 22:06:00+00:00,2025-01-30 22:05:00+00:00,0.026169000625610353,0.01626070353412601
com.fitbit.FitbitMobile,2025-01-30 22:07:00+00:00,2025-01-30 22:06:00+00:00,0.022143,0.013759056507636673
com.google.android.apps.fitness,2025-01-30 22:07:00+00:00,2025-01-30 22:06:00+00:00,0.02214299964904785,0.013759056289564574
com.fitbit.FitbitMobile,2025-01-30 22:08:00+00:00,2025-01-30 22:07:00+00:00,0.062352,0.03874383287558875
com.google.android.apps.fitness,2025-01-30 22:08:00+00:00,2025-01-30 22:07:00+00:00,0.062352001190185545,0.038743833615137606
com.fitbit.FitbitMobile,2025-01-30 22:09:00+00:00,2025-01-30 22:08:00+00:00,0.044957,0.02793505412156536
com.google.android.apps.fitness,2025-01-30 22:09:00+00:00,2025-01-30 22:08:00+00:00,0.04495700073242188,0.02793505457667235
com.fitbit.FitbitMobile,2025-01-30 22:10:00+00:00,2025-01-30 22:09:00+00:00,0.07361,0.04573924714479228
com.google.android.apps.fitness,2025-01-30 22:10:00+00:00,2025-01-30 22:09:00+00:00,0.07361000061035156,0.0457392475240481
com.fitbit.FitbitMobile,2025-01-30 22:11:00+00:00,2025-01-30 22:10:00+00:00,0.006039,0.003752469956628183
com.google.android.apps.fitness,2025-01-30 22:11:00+00:00,2025-01-30 22:10:00+00:00,0.006039000034332275,0.003752469977961323
com.fitbit.FitbitMobile,2025-01-30 22:13:00+00:00,2025-01-30 22:12:00+00:00,0.014762,0.009172704338424448
com.google.android.apps.fitness,2025-01-30 22:13:00+00:00,2025-01-30 22:12:00+00:00,0.01476200008392334,0.009172704390572124
com.fitbit.FitbitMobile,2025-01-30 22:14:00+00:00,2025-01-30 22:13:00+00:00,0.015433,0.009589645444716468
com.google.android.apps.fitness,2025-01-30 22:14:00+00:00,2025-01-30 22:13:00+00:00,0.01543299961090088,0.009589645202940882
com.fitbit.FitbitMobile,2025-01-30 22:15:00+00:00,2025-01-30 22:14:00+00:00,0.014091,0.008755763232132428
com.google.android.apps.fitness,2025-01-30 22:15:00+00:00,2025-01-30 22:14:00+00:00,0.014090999603271485,0.008755762985616145
com.google.android.apps.fitness,2025-01-30 22:17:00+00:00,2025-01-30 22:17:00+00:00,0.005997272968292236,0.003726541916743657
com.google.android.apps.fitness,2025-01-30 22:18:00+00:00,2025-01-30 22:17:00+00:00,0.01465999984741211,0.009109324224472212
com.google.android.apps.fitness,2025-01-30 22:19:00+00:00,2025-01-30 22:18:00+00:00,0.029986364364624023,0.018632709287424675
com.google.android.apps.fitness,2025-01-30 22:21:00+00:00,2025-01-30 22:19:00+00:00,0.04864454650878906,0.030226394987255063
com.google.android.apps.fitness,2025-01-30 22:21:00+00:00,2025-01-30 22:21:00+00:00,0.014526565551757813,0.009026411791018563
com.google.android.apps.fitness,2025-01-30 22:21:00+00:00,2025-01-30 22:21:00+00:00,0.0020442984104156493,0.001270271297808822
com.fitbit.FitbitMobile,2025-01-30 22:22:00+00:00,2025-01-30 22:21:00+00:00,0.001342,0.0008338822125840407
com.google.android.apps.fitness,2025-01-30 22:22:00+00:00,2025-01-30 22:21:00+00:00,0.0013420000076293946,0.0008338822173247385
com.google.android.apps.fitness,2025-01-30 22:23:00+00:00,2025-01-30 22:22:00+00:00,0.026063116073608398,0.016194909760279617
com.google.android.apps.fitness,2025-01-30 22:23:00+00:00,2025-01-30 22:23:00+00:00,0.032539279937744144,0.020219021423530232
com.google.android.apps.fitness,2025-01-30 22:24:00+00:00,2025-01-30 22:23:00+00:00,0.010290580749511719,0.006394286322039916
com.fitbit.FitbitMobile,2025-01-30 22:25:00+00:00,2025-01-30 22:24:00+00:00,0.002013,0.001250823318876061
com.google.android.apps.fitness,2025-01-30 22:25:00+00:00,2025-01-30 22:24:00+00:00,0.002013000011444092,0.0012508233259871076
com.google.android.apps.fitness,2025-01-30 22:25:00+00:00,2025-01-30 22:25:00+00:00,3.984930808655918e-07,2.476127361934655e-07
com.fitbit.FitbitMobile,2025-01-30 22:26:00+00:00,2025-01-30 22:25:00+00:00,0.001342,0.0008338822125840407
com.google.android.apps.fitness,2025-01-30 22:26:00+00:00,2025-01-30 22:25:00+00:00,0.0013420000076293946,0.0008338822173247385
com.google.android.apps.fitness,2025-01-30 22:26:00+00:00,2025-01-30 22:26:00+00:00,3.984930808655918e-07,2.476127361934655e-07
com.fitbit.FitbitMobile,2025-01-30 22:27:00+00:00,2025-01-30 22:26:00+00:00,0.000671,0.00041694110629202037
com.google.android.apps.fitness,2025-01-30 22:27:00+00:00,2025-01-30 22:26:00+00:00,0.0006710000038146973,0.00041694110866236924
com.google.android.apps.fitness,2025-01-30 22:29:00+00:00,2025-01-30 22:28:00+00:00,0.025321817398071288,0.015734286973586246
com.fitbit.FitbitMobile,2025-01-30 22:41:00+00:00,2025-01-30 22:40:00+00:00,0.004697,0.0029185877440441425
com.google.android.apps.fitness,2025-01-30 22:41:00+00:00,2025-01-30 22:40:00+00:00,0.004697000026702881,0.002918587760636585
com.fitbit.FitbitMobile,2025-01-30 22:42:00+00:00,2025-01-30 22:41:00+00:00,0.007381,0.004586352169212224
com.google.android.apps.fitness,2025-01-30 22:42:00+00:00,2025-01-30 22:41:00+00:00,0.00738100004196167,0.004586352195286062
com.fitbit.FitbitMobile,2025-01-30 22:43:00+00:00,2025-01-30 22:42:00+00:00,0.035563,0.022097878633477074
com.google.android.apps.fitness,2025-01-30 22:43:00+00:00,2025-01-30 22:42:00+00:00,0.0355629997253418,0.02209787846281196
com.fitbit.FitbitMobile,2025-01-30 22:45:00+00:00,2025-01-30 22:44:00+00:00,0.000671,0.00041694110629202037
com.google.android.apps.fitness,2025-01-30 22:45:00+00:00,2025-01-30 22:44:00+00:00,0.0006710000038146973,0.00041694110866236924
com.fitbit.FitbitMobile,2025-01-30 22:46:00+00:00,2025-01-30 22:45:00+00:00,0.016104,0.010006586551008488
com.google.android.apps.fitness,2025-01-30 22:46:00+00:00,2025-01-30 22:45:00+00:00,0.016104000091552734,0.010006586607896861
com.fitbit.FitbitMobile,2025-01-30 22:47:00+00:00,2025-01-30 22:46:00+00:00,0.000671,0.00041694110629202037
com.google.android.apps.fitness,2025-01-30 22:47:00+00:00,2025-01-30 22:46:00+00:00,0.0006710000038146973,0.00041694110866236924
com.fitbit.FitbitMobile,2025-01-30 22:48:00+00:00,2025-01-30 22:47:00+00:00,0.017445999999999996,0.010840468763592528
com.google.android.apps.fitness,2025-01-30 22:48:00+00:00,2025-01-30 22:47:00+00:00,0.01744599914550781,0.01084046823263438
com.fitbit.FitbitMobile,2025-01-30 22:50:00+00:00,2025-01-30 22:49:00+00:00,0.002013,0.001250823318876061
com.google.android.apps.fitness,2025-01-30 22:50:00+00:00,2025-01-30 22:49:00+00:00,0.002013000011444092,0.0012508233259871076
com.fitbit.FitbitMobile,2025-01-30 22:51:00+00:00,2025-01-30 22:50:00+00:00,0.042273,0.02626728969639728
com.google.android.apps.fitness,2025-01-30 22:51:00+00:00,2025-01-30 22:50:00+00:00,0.04227299880981445,0.02626728895684843
com.fitbit.FitbitMobile,2025-01-30 22:52:00+00:00,2025-01-30 22:51:00+00:00,0.062352,0.03874383287558875
com.google.android.apps.fitness,2025-01-30 22:52:00+00:00,2025-01-30 22:51:00+00:00,0.062352001190185545,0.038743833615137606
com.fitbit.FitbitMobile,2025-01-30 22:53:00+00:00,2025-01-30 22:52:00+00:00,0.029524,0.018345408676848897
com.google.android.apps.fitness,2025-01-30 22:53:00+00:00,2025-01-30 22:52:00+00:00,0.02952400016784668,0.018345408781144247
com.fitbit.FitbitMobile,2025-01-30 22:54:00+00:00,2025-01-30 22:53:00+00:00,0.02684,0.016677644251680813
com.google.android.apps.fitness,2025-01-30 22:54:00+00:00,2025-01-30 22:53:00+00:00,0.02684000015258789,0.01667764434649477
com.fitbit.FitbitMobile,2025-01-30 22:55:00+00:00,2025-01-30 22:54:00+00:00,0.006039,0.003752469956628183
com.google.android.apps.fitness,2025-01-30 22:55:00+00:00,2025-01-30 22:54:00+00:00,0.006039000034332275,0.003752469977961323
com.fitbit.FitbitMobile,2025-01-30 22:56:00+00:00,2025-01-30 22:55:00+00:00,0.004697,0.0029185877440441425
com.google.android.apps.fitness,2025-01-30 22:56:00+00:00,2025-01-30 22:55:00+00:00,0.004697000026702881,0.002918587760636585
com.fitbit.FitbitMobile,2025-01-30 22:57:00+00:00,2025-01-30 22:56:00+00:00,0.004026,0.002501646637752122
com.google.android.apps.fitness,2025-01-30 22:57:00+00:00,2025-01-30 22:56:00+00:00,0.004026000022888184,0.0025016466519742152
com.fitbit.FitbitMobile,2025-01-30 22:58:00+00:00,2025-01-30 22:57:00+00:00,0.000671,0.00041694110629202037
com.google.android.apps.fitness,2025-01-30 22:58:00+00:00,2025-01-30 22:57:00+00:00,0.0006710000038146973,0.00041694110866236924
com.google.android.apps.fitness,2025-01-30 22:58:00+00:00,2025-01-30 22:58:00+00:00,3.848624182865024e-07,2.391430140843466e-07
com.fitbit.FitbitMobile,2025-01-30 22:59:00+00:00,2025-01-30 22:58:00+00:00,0.00671,0.004169411062920203
com.google.android.apps.fitness,2025-01-30 22:59:00+00:00,2025-01-30 22:58:00+00:00,0.006710000038146972,0.004169411086623692
com.google.android.apps.fitness,2025-01-30 23:01:00+00:00,2025-01-30 22:59:00+00:00,0.04618387603759765,0.02869740144257749
com.fitbit.FitbitMobile,2025-01-30 23:02:00+00:00,2025-01-30 23:01:00+00:00,0.002684,0.0016677644251680815
com.google.android.apps.fitness,2025-01-30 23:02:00+00:00,2025-01-30 23:01:00+00:00,0.002684000015258789,0.001667764434649477
com.google.android.apps.fitness,2025-01-30 23:03:00+00:00,2025-01-30 23:02:00+00:00,0.01543458080291748,0.009590627712551408
com.google.android.apps.fitness,2025-01-30 23:03:00+00:00,2025-01-30 23:03:00+00:00,0.01167587184906006,0.007255068443622888
com.fitbit.FitbitMobile,2025-01-30 23:04:00+00:00,2025-01-30 23:03:00+00:00,0.001342,0.0008338822125840407
com.google.android.apps.fitness,2025-01-30 23:04:00+00:00,2025-01-30 23:03:00+00:00,0.0013420000076293946,0.0008338822173247385
com.fitbit.FitbitMobile,2025-01-30 23:05:00+00:00,2025-01-30 23:04:00+00:00,0.006039,0.003752469956628183
com.google.android.apps.fitness,2025-01-30 23:05:00+00:00,2025-01-30 23:04:00+00:00,0.006039000034332275,0.003752469977961323
com.fitbit.FitbitMobile,2025-01-30 23:06:00+00:00,2025-01-30 23:05:00+00:00,0.006039,0.003752469956628183
com.google.android.apps.fitness,2025-01-30 23:06:00+00:00,2025-01-30 23:05:00+00:00,0.006039000034332275,0.003752469977961323
com.fitbit.FitbitMobile,2025-01-30 23:07:00+00:00,2025-01-30 23:06:00+00:00,0.010736,0.006671057700672326
com.google.android.apps.fitness,2025-01-30 23:07:00+00:00,2025-01-30 23:06:00+00:00,0.010736000061035157,0.006671057738597908
com.google.android.apps.fitness,2025-01-30 23:07:00+00:00,2025-01-30 23:07:00+00:00,5.861343233846128e-07,3.642078885658797e-07
com.fitbit.FitbitMobile,2025-01-30 23:08:00+00:00,2025-01-30 23:07:00+00:00,0.016104,0.010006586551008488
com.google.android.apps.fitness,2025-01-30 23:08:00+00:00,2025-01-30 23:07:00+00:00,0.016104000091552734,0.010006586607896861
com.google.android.apps.fitness,2025-01-30 23:08:00+00:00,2025-01-30 23:08:00+00:00,1.081381575204432e-06,6.719410287474568e-07
com.fitbit.FitbitMobile,2025-01-30 23:09:00+00:00,2025-01-30 23:08:00+00:00,0.000671,0.00041694110629202037
com.google.android.apps.fitness,2025-01-30 23:09:00+00:00,2025-01-30 23:08:00+00:00,0.0006710000038146973,0.00041694110866236924
com.google.android.apps.fitness,2025-01-30 23:09:00+00:00,2025-01-30 23:09:00+00:00,2.1474677487276495e-07,1.3343779118940992e-07
com.fitbit.FitbitMobile,2025-01-30 23:10:00+00:00,2025-01-30 23:09:00+00:00,0.001342,0.0008338822125840407
com.google.android.apps.fitness,2025-01-30 23:10:00+00:00,2025-01-30 23:09:00+00:00,0.0013420000076293946,0.0008338822173247385
com.google.android.apps.fitness,2025-01-30 23:10:00+00:00,2025-01-30 23:10:00+00:00,2.1474677487276495e-07,1.3343779118940992e-07
com.fitbit.FitbitMobile,2025-01-30 23:11:00+00:00,2025-01-30 23:10:00+00:00,0.003355,0.0020847055314601017
com.google.android.apps.fitness,2025-01-30 23:11:00+00:00,2025-01-30 23:10:00+00:00,0.003355000019073486,0.002084705543311846
com.google.android.apps.fitness,2025-01-30 23:12:00+00:00,2025-01-30 23:11:00+00:00,0.017071510314941408,0.010607771083140547
com.google.android.apps.fitness,2025-01-30 23:14:00+00:00,2025-01-30 23:12:00+00:00,0.05662794876098633,0.03518706349247911
com.google.android.apps.fitness,2025-01-30 23:15:00+00:00,2025-01-30 23:14:00+00:00,0.010614039421081543,0.006595274721986369
com.fitbit.FitbitMobile,2025-01-30 23:16:00+00:00,2025-01-30 23:15:00+00:00,0.000671,0.00041694110629202037
com.google.android.apps.fitness,2025-01-30 23:16:00+00:00,2025-01-30 23:15:00+00:00,0.0006710000038146973,0.00041694110866236924
com.google.android.apps.fitness,2025-01-30 23:16:00+00:00,2025-01-30 23:16:00+00:00,2.397623466094956e-07,1.489817854583218e-07
com.fitbit.FitbitMobile,2025-01-30 23:17:00+00:00,2025-01-30 23:16:00+00:00,0.016104,0.010006586551008488
com.google.android.apps.fitness,2025-01-30 23:17:00+00:00,2025-01-30 23:16:00+00:00,0.016104000091552734,0.010006586607896861
com.fitbit.FitbitMobile,2025-01-30 23:18:00+00:00,2025-01-30 23:17:00+00:00,0.004697,0.0029185877440441425
com.google.android.apps.fitness,2025-01-30 23:18:00+00:00,2025-01-30 23:17:00+00:00,0.004697000026702881,0.002918587760636585
com.google.android.apps.fitness,2025-01-30 23:24:00+00:00,2025-01-30 23:23:00+00:00,0.012660908699035644,0.007867143486793123
com.google.android.apps.fitness,2025-01-30 23:25:00+00:00,2025-01-30 23:24:00+00:00,0.023989091873168944,0.014906167666974628
com.google.android.apps.fitness,2025-01-30 23:27:00+00:00,2025-01-30 23:26:00+00:00,0.01865818214416504,0.011593685699830391
com.google.android.apps.fitness,2025-01-30 23:28:00+00:00,2025-01-30 23:27:00+00:00,0.022656364440917967,0.014078047175188568
com.fitbit.FitbitMobile,2025-01-30 23:31:00+00:00,2025-01-30 23:30:00+00:00,0.000671,0.00041694110629202037
com.google.android.apps.fitness,2025-01-30 23:31:00+00:00,2025-01-30 23:30:00+00:00,0.0006710000038146973,0.00041694110866236924
com.fitbit.FitbitMobile,2025-01-30 23:32:00+00:00,2025-01-30 23:31:00+00:00,0.002684,0.0016677644251680815
com.google.android.apps.fitness,2025-01-30 23:32:00+00:00,2025-01-30 23:31:00+00:00,0.002684000015258789,0.001667764434649477
com.fitbit.FitbitMobile,2025-01-30 23:37:00+00:00,2025-01-30 23:36:00+00:00,0.000671,0.00041694110629202037
com.google.android.apps.fitness,2025-01-30 23:37:00+00:00,2025-01-30 23:36:00+00:00,0.0006710000038146973,0.00041694110866236924
com.fitbit.FitbitMobile,2025-01-30 23:38:00+00:00,2025-01-30 23:37:00+00:00,0.009394,0.005837175488088285
com.google.android.apps.fitness,2025-01-30 23:38:00+00:00,2025-01-30 23:37:00+00:00,0.009394000053405762,0.00583717552127317
com.fitbit.FitbitMobile,2025-01-30 23:41:00+00:00,2025-01-30 23:40:00+00:00,0.000671,0.00041694110629202037
com.google.android.apps.fitness,2025-01-30 23:41:00+00:00,2025-01-30 23:40:00+00:00,0.0006710000038146973,0.00041694110866236924
com.fitbit.FitbitMobile,2025-01-30 23:42:00+00:00,2025-01-30 23:41:00+00:00,0.009394,0.005837175488088285
com.google.android.apps.fitness,2025-01-30 23:42:00+00:00,2025-01-30 23:41:00+00:00,0.009394000053405762,0.00583717552127317
com.fitbit.FitbitMobile,2025-01-30 23:43:00+00:00,2025-01-30 23:42:00+00:00,0.001342,0.0008338822125840407
com.google.android.apps.fitness,2025-01-30 23:43:00+00:00,2025-01-30 23:42:00+00:00,0.0013420000076293946,0.0008338822173247385
com.fitbit.FitbitMobile,2025-01-30 23:45:00+00:00,2025-01-30 23:44:00+00:00,0.001342,0.0008338822125840407
com.google.android.apps.fitness,2025-01-30 23:45:00+00:00,2025-01-30 23:44:00+00:00,0.0013420000076293946,0.0008338822173247385
com.fitbit.FitbitMobile,2025-01-30 23:46:00+00:00,2025-01-30 23:45:00+00:00,0.002684,0.0016677644251680815
com.google.android.apps.fitness,2025-01-30 23:46:00+00:00,2025-01-30 23:45:00+00:00,0.002684000015258789,0.001667764434649477
com.fitbit.FitbitMobile,2025-01-30 23:53:00+00:00,2025-01-30 23:52:00+00:00,0.002684,0.0016677644251680815
com.google.android.apps.fitness,2025-01-30 23:53:00+00:00,2025-01-30 23:52:00+00:00,0.002684000015258789,0.001667764434649477
com.google.android.apps.fitness,2025-01-30 23:53:00+00:00,2025-01-30 23:53:00+00:00,3.3318178611807527e-07,2.0703007824205903e-07
com.fitbit.FitbitMobile,2025-01-30 23:54:00+00:00,2025-01-30 23:53:00+00:00,0.024156,0.015009879826512732
com.google.android.apps.fitness,2025-01-30 23:54:00+00:00,2025-01-30 23:53:00+00:00,0.0241560001373291,0.015009879911845292
com.google.android.apps.fitness,2025-01-30 23:54:00+00:00,2025-01-30 23:54:00+00:00,0.005429234027862549,0.003373578005805205
com.fitbit.FitbitMobile,2025-01-30 23:56:00+00:00,2025-01-30 23:55:00+00:00,0.000671,0.00041694110629202037
com.google.android.apps.fitness,2025-01-30 23:56:00+00:00,2025-01-30 23:55:00+00:00,0.0006710000038146973,0.00041694110866236924
com.fitbit.FitbitMobile,2025-01-30 23:57:00+00:00,2025-01-30 23:56:00+00:00,0.038247,0.02376564305864516
com.google.android.apps.fitness,2025-01-30 23:57:00+00:00,2025-01-30 23:56:00+00:00,0.03824700164794922,0.023765644082635876
com.fitbit.FitbitMobile,2025-01-31 00:07:00+00:00,2025-01-31 00:06:00+00:00,0.001342,0.0008338822125840407
com.google.android.apps.fitness,2025-01-31 00:07:00+00:00,2025-01-31 00:06:00+00:00,0.0013420000076293946,0.0008338822173247385
com.fitbit.FitbitMobile,2025-01-31 00:08:00+00:00,2025-01-31 00:07:00+00:00,0.06062,0.03766761529571128
com.google.android.apps.fitness,2025-01-31 00:08:00+00:00,2025-01-31 00:07:00+00:00,0.060619998931884765,0.0376676146320136
com.google.android.apps.fitness,2025-01-31 00:08:00+00:00,2025-01-31 00:08:00+00:00,2.887575828935951e-07,1.794260895109766e-07
com.fitbit.FitbitMobile,2025-01-31 00:09:00+00:00,2025-01-31 00:08:00+00:00,0.000671,0.00041694110629202037
com.google.android.apps.fitness,2025-01-31 00:09:00+00:00,2025-01-31 00:08:00+00:00,0.0006710000038146973,0.00041694110866236924
com.fitbit.FitbitMobile,2025-01-31 00:44:00+00:00,2025-01-31 00:43:00+00:00,0.001342,0.0008338822125840407
com.google.android.apps.fitness,2025-01-31 00:44:00+00:00,2025-01-31 00:43:00+00:00,0.0013420000076293946,0.0008338822173247385
com.fitbit.FitbitMobile,2025-01-31 00:45:00+00:00,2025-01-31 00:44:00+00:00,0.000671,0.00041694110629202037
com.google.android.apps.fitness,2025-01-31 00:45:00+00:00,2025-01-31 00:44:00+00:00,0.0006710000038146973,0.00041694110866236924
com.fitbit.FitbitMobile,2025-01-31 02:46:00+00:00,2025-01-31 02:45:00+00:00,0.000671,0.00041694110629202037
com.google.android.apps.fitness,2025-01-31 02:46:00+00:00,2025-01-31 02:45:00+00:00,0.0006710000038146973,0.00041694110866236924
com.fitbit.FitbitMobile,2025-01-31 02:47:00+00:00,2025-01-31 02:46:00+00:00,0.007381,0.004586352169212224
com.google.android.apps.fitness,2025-01-31 02:47:00+00:00,2025-01-31 02:46:00+00:00,0.00738100004196167,0.004586352195286062
com.fitbit.FitbitMobile,2025-01-31 02:56:00+00:00,2025-01-31 02:55:00+00:00,0.002013,0.001250823318876061
com.google.android.apps.fitness,2025-01-31 02:56:00+00:00,2025-01-31 02:55:00+00:00,0.002013000011444092,0.0012508233259871076
com.fitbit.FitbitMobile,2025-01-31 02:57:00+00:00,2025-01-31 02:56:00+00:00,0.001342,0.0008338822125840407
com.google.android.apps.fitness,2025-01-31 02:57:00+00:00,2025-01-31 02:56:00+00:00,0.0013420000076293946,0.0008338822173247385
com.fitbit.FitbitMobile,2025-01-31 02:58:00+00:00,2025-01-31 02:57:00+00:00,0.008052,0.005003293275504244
com.google.android.apps.fitness,2025-01-31 02:58:00+00:00,2025-01-31 02:57:00+00:00,0.008052000045776367,0.0050032933039484305
com.fitbit.FitbitMobile,2025-01-31 02:59:00+00:00,2025-01-31 02:58:00+00:00,0.012078,0.007504939913256366
com.google.android.apps.fitness,2025-01-31 02:59:00+00:00,2025-01-31 02:58:00+00:00,0.01207800006866455,0.007504939955922646
com.fitbit.FitbitMobile,2025-01-31 03:00:00+00:00,2025-01-31 02:59:00+00:00,0.02684,0.016677644251680813
com.google.android.apps.fitness,2025-01-31 03:00:00+00:00,2025-01-31 02:59:00+00:00,0.02684000015258789,0.01667764434649477
com.fitbit.FitbitMobile,2025-01-31 03:57:00+00:00,2025-01-31 03:56:00+00:00,0.000671,0.00041694110629202037
com.google.android.apps.fitness,2025-01-31 03:57:00+00:00,2025-01-31 03:56:00+00:00,0.0006710000038146973,0.00041694110866236924
com.fitbit.FitbitMobile,2025-01-31 03:58:00+00:00,2025-01-31 03:57:00+00:00,0.020801,0.01292517429505263
com.google.android.apps.fitness,2025-01-31 03:58:00+00:00,2025-01-31 03:57:00+00:00,0.020801000595092774,0.012925174664827056
com.fitbit.FitbitMobile,2025-01-31 03:59:00+00:00,2025-01-31 03:58:00+00:00,0.000671,0.00041694110629202037
com.google.android.apps.fitness,2025-01-31 03:59:00+00:00,2025-01-31 03:58:00+00:00,0.0006710000038146973,0.00041694110866236924
com.fitbit.FitbitMobile,2025-01-31 04:13:00+00:00,2025-01-31 04:12:00+00:00,0.001342,0.0008338822125840407
com.google.android.apps.fitness,2025-01-31 04:13:00+00:00,2025-01-31 04:12:00+00:00,0.0013420000076293946,0.0008338822173247385
com.fitbit.FitbitMobile,2025-01-31 04:14:00+00:00,2025-01-31 04:13:00+00:00,0.030195,0.018762349783140914
com.google.android.apps.fitness,2025-01-31 04:14:00+00:00,2025-01-31 04:13:00+00:00,0.03019499969482422,0.018762349593513007
com.fitbit.FitbitMobile,2025-01-31 04:15:00+00:00,2025-01-31 04:14:00+00:00,0.006039,0.003752469956628183
com.google.android.apps.fitness,2025-01-31 04:15:00+00:00,2025-01-31 04:14:00+00:00,0.006039000034332275,0.003752469977961323
com.fitbit.FitbitMobile,2025-01-31 05:08:00+00:00,2025-01-31 05:07:00+00:00,0.001342,0.0008338822125840407
com.google.android.apps.fitness,2025-01-31 05:08:00+00:00,2025-01-31 05:07:00+00:00,0.0013420000076293946,0.0008338822173247385
com.fitbit.FitbitMobile,2025-01-31 05:09:00+00:00,2025-01-31 05:08:00+00:00,0.00671,0.004169411062920203
com.google.android.apps.fitness,2025-01-31 05:09:00+00:00,2025-01-31 05:08:00+00:00,0.006710000038146972,0.004169411086623692
com.fitbit.FitbitMobile,2025-01-31 05:23:00+00:00,2025-01-31 05:22:00+00:00,0.000671,0.00041694110629202037
com.google.android.apps.fitness,2025-01-31 05:23:00+00:00,2025-01-31 05:22:00+00:00,0.0006710000038146973,0.00041694110866236924
com.fitbit.FitbitMobile,2025-01-31 05:24:00+00:00,2025-01-31 05:23:00+00:00,0.004026,0.002501646637752122
com.google.android.apps.fitness,2025-01-31 05:24:00+00:00,2025-01-31 05:23:00+00:00,0.004026000022888184,0.0025016466519742152
com.fitbit.FitbitMobile,2025-01-31 05:25:00+00:00,2025-01-31 05:24:00+00:00,0.02013,0.01250823318876061
com.google.android.apps.fitness,2025-01-31 05:25:00+00:00,2025-01-31 05:24:00+00:00,0.0201299991607666,0.012508232667283858
com.fitbit.FitbitMobile,2025-01-31 05:26:00+00:00,2025-01-31 05:25:00+00:00,0.000671,0.00041694110629202037
com.google.android.apps.fitness,2025-01-31 05:26:00+00:00,2025-01-31 05:25:00+00:00,0.0006710000038146973,0.00041694110866236924
com.fitbit.FitbitMobile,2025-01-31 05:27:00+00:00,2025-01-31 05:26:00+00:00,0.020801,0.01292517429505263
com.google.android.apps.fitness,2025-01-31 05:27:00+00:00,2025-01-31 05:26:00+00:00,0.020801000595092774,0.012925174664827056
com.fitbit.FitbitMobile,2025-01-31 05:28:00+00:00,2025-01-31 05:27:00+00:00,0.019459,0.01209129208246859
com.google.android.apps.fitness,2025-01-31 05:28:00+00:00,2025-01-31 05:27:00+00:00,0.019458999633789064,0.012091291854915098
com.fitbit.FitbitMobile,2025-01-31 05:29:00+00:00,2025-01-31 05:28:00+00:00,0.000671,0.00041694110629202037
com.google.android.apps.fitness,2025-01-31 05:29:00+00:00,2025-01-31 05:28:00+00:00,0.0006710000038146973,0.00041694110866236924
com.fitbit.FitbitMobile,2025-01-31 05:30:00+00:00,2025-01-31 05:29:00+00:00,0.005368,0.003335528850336163
com.google.android.apps.fitness,2025-01-31 05:30:00+00:00,2025-01-31 05:29:00+00:00,0.005368000030517578,0.003335528869298954
com.fitbit.FitbitMobile,2025-01-31 05:31:00+00:00,2025-01-31 05:30:00+00:00,0.001342,0.0008338822125840407
com.google.android.apps.fitness,2025-01-31 05:31:00+00:00,2025-01-31 05:30:00+00:00,0.0013420000076293946,0.0008338822173247385
com.fitbit.FitbitMobile,2025-01-31 05:32:00+00:00,2025-01-31 05:31:00+00:00,0.001342,0.0008338822125840407
com.google.android.apps.fitness,2025-01-31 05:32:00+00:00,2025-01-31 05:31:00+00:00,0.0013420000076293946,0.0008338822173247385
com.fitbit.FitbitMobile,2025-01-31 05:33:00+00:00,2025-01-31 05:32:00+00:00,0.004697,0.0029185877440441425
com.google.android.apps.fitness,2025-01-31 05:33:00+00:00,2025-01-31 05:32:00+00:00,0.004697000026702881,0.002918587760636585
com.fitbit.FitbitMobile,2025-01-31 05:36:00+00:00,2025-01-31 05:35:00+00:00,0.000671,0.00041694110629202037
com.google.android.apps.fitness,2025-01-31 05:36:00+00:00,2025-01-31 05:35:00+00:00,0.0006710000038146973,0.00041694110866236924
com.fitbit.FitbitMobile,2025-01-31 05:37:00+00:00,2025-01-31 05:36:00+00:00,0.003355,0.0020847055314601017
com.google.android.apps.fitness,2025-01-31 05:37:00+00:00,2025-01-31 05:36:00+00:00,0.003355000019073486,0.002084705543311846
com.fitbit.FitbitMobile,2025-01-31 05:38:00+00:00,2025-01-31 05:37:00+00:00,0.023485,0.014592938720220713
com.google.android.apps.fitness,2025-01-31 05:38:00+00:00,2025-01-31 05:37:00+00:00,0.023485000610351563,0.014592939099476534
com.fitbit.FitbitMobile,2025-01-31 05:39:00+00:00,2025-01-31 05:38:00+00:00,0.014091,0.008755763232132428
com.google.android.apps.fitness,2025-01-31 05:39:00+00:00,2025-01-31 05:38:00+00:00,0.014090999603271485,0.008755762985616145
com.fitbit.FitbitMobile,2025-01-31 05:54:00+00:00,2025-01-31 05:53:00+00:00,0.000671,0.00041694110629202037
com.google.android.apps.fitness,2025-01-31 05:54:00+00:00,2025-01-31 05:53:00+00:00,0.0006710000038146973,0.00041694110866236924
com.fitbit.FitbitMobile,2025-01-31 05:55:00+00:00,2025-01-31 05:54:00+00:00,0.018117,0.01125740986988455
com.google.android.apps.fitness,2025-01-31 05:55:00+00:00,2025-01-31 05:54:00+00:00,0.018117000579833984,0.011257410230177579
com.fitbit.FitbitMobile,2025-01-31 05:56:00+00:00,2025-01-31 05:55:00+00:00,0.07361,0.04573924714479228
com.google.android.apps.fitness,2025-01-31 05:56:00+00:00,2025-01-31 05:55:00+00:00,0.07361000061035156,0.0457392475240481
com.fitbit.FitbitMobile,2025-01-31 05:57:00+00:00,2025-01-31 05:56:00+00:00,0.010736,0.006671057700672326
com.google.android.apps.fitness,2025-01-31 05:57:00+00:00,2025-01-31 05:56:00+00:00,0.010736000061035157,0.006671057738597908
com.fitbit.FitbitMobile,2025-01-31 07:47:00+00:00,2025-01-31 07:46:00+00:00,0.000671,0.00041694110629202037
com.google.android.apps.fitness,2025-01-31 07:47:00+00:00,2025-01-31 07:46:00+00:00,0.0006710000038146973,0.00041694110866236924
com.fitbit.FitbitMobile,2025-01-31 07:48:00+00:00,2025-01-31 07:47:00+00:00,0.03355,0.02084705531460102
com.google.android.apps.fitness,2025-01-31 07:48:00+00:00,2025-01-31 07:47:00+00:00,0.03354999923706055,0.020847054840531242
com.fitbit.FitbitMobile,2025-01-31 07:49:00+00:00,2025-01-31 07:48:00+00:00,0.01342,0.008338822125840407
com.google.android.apps.fitness,2025-01-31 07:49:00+00:00,2025-01-31 07:48:00+00:00,0.013420000076293945,0.008338822173247384
com.google.android.apps.fitness,2025-01-31 07:49:00+00:00,2025-01-31 07:49:00+00:00,0.002031839370727539,0.0012625295902217923
com.fitbit.FitbitMobile,2025-01-31 10:00:00+00:00,2025-01-31 09:59:00+00:00,0.000671,0.00041694110629202037
com.google.android.apps.fitness,2025-01-31 10:00:00+00:00,2025-01-31 09:59:00+00:00,0.0006710000038146973,0.00041694110866236924
com.fitbit.FitbitMobile,2025-01-31 10:01:00+00:00,2025-01-31 10:00:00+00:00,0.026169,0.016260703145388793
com.google.android.apps.fitness,2025-01-31 10:01:00+00:00,2025-01-31 10:00:00+00:00,0.026169000625610353,0.01626070353412601
com.fitbit.FitbitMobile,2025-01-31 10:02:00+00:00,2025-01-31 10:01:00+00:00,0.012749,0.007921881019548388
com.google.android.apps.fitness,2025-01-31 10:02:00+00:00,2025-01-31 10:01:00+00:00,0.01274899959564209,0.007921880768291405
com.fitbit.FitbitMobile,2025-01-31 10:08:00+00:00,2025-01-31 10:07:00+00:00,0.002013,0.001250823318876061
com.google.android.apps.fitness,2025-01-31 10:08:00+00:00,2025-01-31 10:07:00+00:00,0.002013000011444092,0.0012508233259871076
com.fitbit.FitbitMobile,2025-01-31 10:09:00+00:00,2025-01-31 10:08:00+00:00,0.029524,0.018345408676848897
com.google.android.apps.fitness,2025-01-31 10:09:00+00:00,2025-01-31 10:08:00+00:00,0.02952400016784668,0.018345408781144247
com.fitbit.FitbitMobile,2025-01-31 10:11:00+00:00,2025-01-31 10:10:00+00:00,0.000671,0.00041694110629202037
com.google.android.apps.fitness,2025-01-31 10:11:00+00:00,2025-01-31 10:10:00+00:00,0.0006710000038146973,0.00041694110866236924
com.fitbit.FitbitMobile,2025-01-31 10:12:00+00:00,2025-01-31 10:11:00+00:00,0.009394,0.005837175488088285
com.google.android.apps.fitness,2025-01-31 10:12:00+00:00,2025-01-31 10:11:00+00:00,0.009394000053405762,0.00583717552127317
com.fitbit.FitbitMobile,2025-01-31 10:13:00+00:00,2025-01-31 10:12:00+00:00,0.004697,0.0029185877440441425
com.google.android.apps.fitness,2025-01-31 10:13:00+00:00,2025-01-31 10:12:00+00:00,0.004697000026702881,0.002918587760636585
com.fitbit.FitbitMobile,2025-01-31 10:14:00+00:00,2025-01-31 10:13:00+00:00,0.00671,0.004169411062920203
com.google.android.apps.fitness,2025-01-31 10:14:00+00:00,2025-01-31 10:13:00+00:00,0.006710000038146972,0.004169411086623692
com.fitbit.FitbitMobile,2025-01-31 10:15:00+00:00,2025-01-31 10:14:00+00:00,0.038247,0.02376564305864516
com.google.android.apps.fitness,2025-01-31 10:15:00+00:00,2025-01-31 10:14:00+00:00,0.03824700164794922,0.023765644082635876
com.fitbit.FitbitMobile,2025-01-31 10:16:00+00:00,2025-01-31 10:15:00+00:00,0.030866,0.019179290889432935
com.google.android.apps.fitness,2025-01-31 10:16:00+00:00,2025-01-31 10:15:00+00:00,0.03086599922180176,0.019179290405881764
com.fitbit.FitbitMobile,2025-01-31 10:17:00+00:00,2025-01-31 10:16:00+00:00,0.005368,0.003335528850336163
com.google.android.apps.fitness,2025-01-31 10:17:00+00:00,2025-01-31 10:16:00+00:00,0.005368000030517578,0.003335528869298954
com.fitbit.FitbitMobile,2025-01-31 10:19:00+00:00,2025-01-31 10:18:00+00:00,0.008052,0.005003293275504244
com.google.android.apps.fitness,2025-01-31 10:19:00+00:00,2025-01-31 10:18:00+00:00,0.008052000045776367,0.0050032933039484305
com.fitbit.FitbitMobile,2025-01-31 10:20:00+00:00,2025-01-31 10:19:00+00:00,0.014091,0.008755763232132428
com.google.android.apps.fitness,2025-01-31 10:20:00+00:00,2025-01-31 10:19:00+00:00,0.014090999603271485,0.008755762985616145
com.fitbit.FitbitMobile,2025-01-31 10:21:00+00:00,2025-01-31 10:20:00+00:00,0.000671,0.00041694110629202037
com.google.android.apps.fitness,2025-01-31 10:21:00+00:00,2025-01-31 10:20:00+00:00,0.0006710000038146973,0.00041694110866236924
com.fitbit.FitbitMobile,2025-01-31 10:22:00+00:00,2025-01-31 10:21:00+00:00,0.002684,0.0016677644251680815
com.google.android.apps.fitness,2025-01-31 10:22:00+00:00,2025-01-31 10:21:00+00:00,0.002684000015258789,0.001667764434649477
com.fitbit.FitbitMobile,2025-01-31 10:27:00+00:00,2025-01-31 10:26:00+00:00,0.000671,0.00041694110629202037
com.google.android.apps.fitness,2025-01-31 10:27:00+00:00,2025-01-31 10:26:00+00:00,0.0006710000038146973,0.00041694110866236924
com.fitbit.FitbitMobile,2025-01-31 10:28:00+00:00,2025-01-31 10:27:00+00:00,0.005368,0.003335528850336163
com.google.android.apps.fitness,2025-01-31 10:28:00+00:00,2025-01-31 10:27:00+00:00,0.005368000030517578,0.003335528869298954
com.fitbit.FitbitMobile,2025-01-31 10:29:00+00:00,2025-01-31 10:28:00+00:00,0.001342,0.0008338822125840407
com.google.android.apps.fitness,2025-01-31 10:29:00+00:00,2025-01-31 10:28:00+00:00,0.0013420000076293946,0.0008338822173247385
com.fitbit.FitbitMobile,2025-01-31 10:30:00+00:00,2025-01-31 10:29:00+00:00,0.004026,0.002501646637752122
com.google.android.apps.fitness,2025-01-31 10:30:00+00:00,2025-01-31 10:29:00+00:00,0.004026000022888184,0.0025016466519742152
com.fitbit.FitbitMobile,2025-01-31 10:33:00+00:00,2025-01-31 10:32:00+00:00,0.000671,0.00041694110629202037
com.google.android.apps.fitness,2025-01-31 10:33:00+00:00,2025-01-31 10:32:00+00:00,0.0006710000038146973,0.00041694110866236924
com.fitbit.FitbitMobile,2025-01-31 10:34:00+00:00,2025-01-31 10:33:00+00:00,0.004026,0.002501646637752122
com.google.android.apps.fitness,2025-01-31 10:34:00+00:00,2025-01-31 10:33:00+00:00,0.004026000022888184,0.0025016466519742152
com.fitbit.FitbitMobile,2025-01-31 10:35:00+00:00,2025-01-31 10:34:00+00:00,0.009394,0.005837175488088285
com.google.android.apps.fitness,2025-01-31 10:35:00+00:00,2025-01-31 10:34:00+00:00,0.009394000053405762,0.00583717552127317
com.fitbit.FitbitMobile,2025-01-31 10:36:00+00:00,2025-01-31 10:35:00+00:00,0.005368,0.003335528850336163
com.google.android.apps.fitness,2025-01-31 10:36:00+00:00,2025-01-31 10:35:00+00:00,0.005368000030517578,0.003335528869298954
com.fitbit.FitbitMobile,2025-01-31 10:37:00+00:00,2025-01-31 10:36:00+00:00,0.016775,0.01042352765730051
com.google.android.apps.fitness,2025-01-31 10:37:00+00:00,2025-01-31 10:36:00+00:00,0.016774999618530274,0.010423527420265621
com.fitbit.FitbitMobile,2025-01-31 10:38:00+00:00,2025-01-31 10:37:00+00:00,0.037576,0.02334870195235314
com.google.android.apps.fitness,2025-01-31 10:38:00+00:00,2025-01-31 10:37:00+00:00,0.03757600021362305,0.02334870208509268
com.fitbit.FitbitMobile,2025-01-31 10:39:00+00:00,2025-01-31 10:38:00+00:00,0.008052,0.005003293275504244
com.google.android.apps.fitness,2025-01-31 10:39:00+00:00,2025-01-31 10:38:00+00:00,0.008052000045776367,0.0050032933039484305
com.fitbit.FitbitMobile,2025-01-31 10:40:00+00:00,2025-01-31 10:39:00+00:00,0.003355,0.0020847055314601017
com.google.android.apps.fitness,2025-01-31 10:40:00+00:00,2025-01-31 10:39:00+00:00,0.003355000019073486,0.002084705543311846
com.fitbit.FitbitMobile,2025-01-31 10:41:00+00:00,2025-01-31 10:40:00+00:00,0.004026,0.002501646637752122
com.google.android.apps.fitness,2025-01-31 10:41:00+00:00,2025-01-31 10:40:00+00:00,0.004026000022888184,0.0025016466519742152
com.google.android.apps.fitness,2025-01-31 10:42:00+00:00,2025-01-31 10:41:00+00:00,0.016182374954223634,0.01005528661079923
com.fitbit.FitbitMobile,2025-01-31 10:44:00+00:00,2025-01-31 10:43:00+00:00,0.012749,0.007921881019548388
com.google.android.apps.fitness,2025-01-31 10:44:00+00:00,2025-01-31 10:43:00+00:00,0.01274899959564209,0.007921880768291405
com.google.android.apps.fitness,2025-01-31 10:44:00+00:00,2025-01-31 10:44:00+00:00,3.3318181522190573e-07,2.070300963263858e-07
com.fitbit.FitbitMobile,2025-01-31 10:45:00+00:00,2025-01-31 10:44:00+00:00,0.005368,0.003335528850336163
com.google.android.apps.fitness,2025-01-31 10:45:00+00:00,2025-01-31 10:44:00+00:00,0.005368000030517578,0.003335528869298954
com.fitbit.FitbitMobile,2025-01-31 10:46:00+00:00,2025-01-31 10:45:00+00:00,0.000671,0.00041694110629202037
com.google.android.apps.fitness,2025-01-31 10:46:00+00:00,2025-01-31 10:45:00+00:00,0.0006710000038146973,0.00041694110866236924
com.fitbit.FitbitMobile,2025-01-31 10:47:00+00:00,2025-01-31 10:46:00+00:00,0.011407,0.007087998806964346
com.google.android.apps.fitness,2025-01-31 10:47:00+00:00,2025-01-31 10:46:00+00:00,0.011406999588012695,0.007087998550966667
com.fitbit.FitbitMobile,2025-01-31 10:48:00+00:00,2025-01-31 10:47:00+00:00,0.00671,0.004169411062920203
com.google.android.apps.fitness,2025-01-31 10:48:00+00:00,2025-01-31 10:47:00+00:00,0.006710000038146972,0.004169411086623692
com.fitbit.FitbitMobile,2025-01-31 11:05:00+00:00,2025-01-31 11:04:00+00:00,0.000671,0.00041694110629202037
com.google.android.apps.fitness,2025-01-31 11:05:00+00:00,2025-01-31 11:04:00+00:00,0.0006710000038146973,0.00041694110866236924
com.fitbit.FitbitMobile,2025-01-31 11:06:00+00:00,2025-01-31 11:05:00+00:00,0.008722999999999998,0.005420234381796264
com.google.android.apps.fitness,2025-01-31 11:06:00+00:00,2025-01-31 11:05:00+00:00,0.008722999572753905,0.00542023411631719
com.fitbit.FitbitMobile,2025-01-31 11:14:00+00:00,2025-01-31 11:13:00+00:00,0.001342,0.0008338822125840407
com.google.android.apps.fitness,2025-01-31 11:14:00+00:00,2025-01-31 11:13:00+00:00,0.0013420000076293946,0.0008338822173247385
com.fitbit.FitbitMobile,2025-01-31 11:15:00+00:00,2025-01-31 11:14:00+00:00,0.011407,0.007087998806964346
com.google.android.apps.fitness,2025-01-31 11:15:00+00:00,2025-01-31 11:14:00+00:00,0.011406999588012695,0.007087998550966667
com.fitbit.FitbitMobile,2025-01-31 11:18:00+00:00,2025-01-31 11:17:00+00:00,0.000671,0.00041694110629202037
com.google.android.apps.fitness,2025-01-31 11:18:00+00:00,2025-01-31 11:17:00+00:00,0.0006710000038146973,0.00041694110866236924
com.fitbit.FitbitMobile,2025-01-31 11:19:00+00:00,2025-01-31 11:18:00+00:00,0.001342,0.0008338822125840407
com.google.android.apps.fitness,2025-01-31 11:19:00+00:00,2025-01-31 11:18:00+00:00,0.0013420000076293946,0.0008338822173247385
com.fitbit.FitbitMobile,2025-01-31 11:25:00+00:00,2025-01-31 11:24:00+00:00,0.008052,0.005003293275504244
com.google.android.apps.fitness,2025-01-31 11:25:00+00:00,2025-01-31 11:24:00+00:00,0.008052000045776367,0.0050032933039484305
com.fitbit.FitbitMobile,2025-01-31 11:26:00+00:00,2025-01-31 11:25:00+00:00,0.008052,0.005003293275504244
com.google.android.apps.fitness,2025-01-31 11:26:00+00:00,2025-01-31 11:25:00+00:00,0.008052000045776367,0.0050032933039484305
com.google.android.apps.fitness,2025-01-31 11:27:00+00:00,2025-01-31 11:26:00+00:00,0.016381507873535157,0.010179022377828898
com.google.android.apps.fitness,2025-01-31 11:37:00+00:00,2025-01-31 11:36:00+00:00,0.03265181732177734,0.020288949085822353
com.google.android.apps.fitness,2025-01-31 11:39:00+00:00,2025-01-31 11:37:00+00:00,0.04797818374633789,0.029812335333949256
com.google.android.apps.fitness,2025-01-31 11:39:00+00:00,2025-01-31 11:39:00+00:00,0.0186404972076416,0.011582696762425343
com.fitbit.FitbitMobile,2025-01-31 11:40:00+00:00,2025-01-31 11:39:00+00:00,0.002013,0.001250823318876061
com.google.android.apps.fitness,2025-01-31 11:40:00+00:00,2025-01-31 11:39:00+00:00,0.002013000011444092,0.0012508233259871076
com.google.android.apps.fitness,2025-01-31 11:40:00+00:00,2025-01-31 11:40:00+00:00,8.567860350012779e-07,5.323834832920812e-07
com.fitbit.FitbitMobile,2025-01-31 11:41:00+00:00,2025-01-31 11:40:00+00:00,0.004026,0.002501646637752122
com.google.android.apps.fitness,2025-01-31 11:41:00+00:00,2025-01-31 11:40:00+00:00,0.004026000022888184,0.0025016466519742152
com.google.android.apps.fitness,2025-01-31 11:44:00+00:00,2025-01-31 11:43:00+00:00,0.025611328125,0.015914181046267416
com.fitbit.FitbitMobile,2025-01-31 11:45:00+00:00,2025-01-31 11:44:00+00:00,0.002013,0.001250823318876061
com.google.android.apps.fitness,2025-01-31 11:45:00+00:00,2025-01-31 11:44:00+00:00,0.002013000011444092,0.0012508233259871076
com.fitbit.FitbitMobile,2025-01-31 11:46:00+00:00,2025-01-31 11:45:00+00:00,0.000671,0.00041694110629202037
com.google.android.apps.fitness,2025-01-31 11:46:00+00:00,2025-01-31 11:45:00+00:00,0.0006710000038146973,0.00041694110866236924
com.fitbit.FitbitMobile,2025-01-31 11:48:00+00:00,2025-01-31 11:47:00+00:00,0.000671,0.00041694110629202037
com.google.android.apps.fitness,2025-01-31 11:48:00+00:00,2025-01-31 11:47:00+00:00,0.0006710000038146973,0.00041694110866236924
com.fitbit.FitbitMobile,2025-01-31 11:49:00+00:00,2025-01-31 11:48:00+00:00,0.001342,0.0008338822125840407
com.google.android.apps.fitness,2025-01-31 11:49:00+00:00,2025-01-31 11:48:00+00:00,0.0013420000076293946,0.0008338822173247385
com.fitbit.FitbitMobile,2025-01-31 11:55:00+00:00,2025-01-31 11:54:00+00:00,0.004697,0.0029185877440441425
com.google.android.apps.fitness,2025-01-31 11:55:00+00:00,2025-01-31 11:54:00+00:00,0.004697000026702881,0.002918587760636585
com.fitbit.FitbitMobile,2025-01-31 11:56:00+00:00,2025-01-31 11:55:00+00:00,0.011407,0.007087998806964346
com.google.android.apps.fitness,2025-01-31 11:56:00+00:00,2025-01-31 11:55:00+00:00,0.011406999588012695,0.007087998550966667
com.fitbit.FitbitMobile,2025-01-31 12:07:00+00:00,2025-01-31 12:06:00+00:00,0.005368,0.003335528850336163
com.google.android.apps.fitness,2025-01-31 12:07:00+00:00,2025-01-31 12:06:00+00:00,0.005368000030517578,0.003335528869298954
com.fitbit.FitbitMobile,2025-01-31 12:08:00+00:00,2025-01-31 12:07:00+00:00,0.043615,0.027101171908981325
com.google.android.apps.fitness,2025-01-31 12:08:00+00:00,2025-01-31 12:07:00+00:00,0.0436150016784668,0.02710117295193483
com.fitbit.FitbitMobile,2025-01-31 12:41:00+00:00,2025-01-31 12:40:00+00:00,0.000671,0.00041694110629202037
com.google.android.apps.fitness,2025-01-31 12:41:00+00:00,2025-01-31 12:40:00+00:00,0.0006710000038146973,0.00041694110866236924
com.fitbit.FitbitMobile,2025-01-31 12:42:00+00:00,2025-01-31 12:41:00+00:00,0.002684,0.0016677644251680815
com.google.android.apps.fitness,2025-01-31 12:42:00+00:00,2025-01-31 12:41:00+00:00,0.002684000015258789,0.001667764434649477
com.fitbit.FitbitMobile,2025-01-31 12:46:00+00:00,2025-01-31 12:45:00+00:00,0.002684,0.0016677644251680815
com.google.android.apps.fitness,2025-01-31 12:46:00+00:00,2025-01-31 12:45:00+00:00,0.002684000015258789,0.001667764434649477
com.fitbit.FitbitMobile,2025-01-31 12:50:00+00:00,2025-01-31 12:49:00+00:00,0.001342,0.0008338822125840407
com.google.android.apps.fitness,2025-01-31 12:50:00+00:00,2025-01-31 12:49:00+00:00,0.0013420000076293946,0.0008338822173247385
com.fitbit.FitbitMobile,2025-01-31 12:51:00+00:00,2025-01-31 12:50:00+00:00,0.008722999999999998,0.005420234381796264
com.google.android.apps.fitness,2025-01-31 12:51:00+00:00,2025-01-31 12:50:00+00:00,0.008722999572753905,0.00542023411631719
com.fitbit.FitbitMobile,2025-01-31 12:52:00+00:00,2025-01-31 12:51:00+00:00,0.003355,0.0020847055314601017
com.google.android.apps.fitness,2025-01-31 12:52:00+00:00,2025-01-31 12:51:00+00:00,0.003355000019073486,0.002084705543311846
com.fitbit.FitbitMobile,2025-01-31 12:55:00+00:00,2025-01-31 12:54:00+00:00,0.001342,0.0008338822125840407
com.google.android.apps.fitness,2025-01-31 12:55:00+00:00,2025-01-31 12:54:00+00:00,0.0013420000076293946,0.0008338822173247385
com.fitbit.FitbitMobile,2025-01-31 12:56:00+00:00,2025-01-31 12:55:00+00:00,0.03489199999999999,0.021680937527185057
com.google.android.apps.fitness,2025-01-31 12:56:00+00:00,2025-01-31 12:55:00+00:00,0.03489199829101562,0.02168093646526876
com.fitbit.FitbitMobile,2025-01-31 12:57:00+00:00,2025-01-31 12:56:00+00:00,0.002013,0.001250823318876061
com.google.android.apps.fitness,2025-01-31 12:57:00+00:00,2025-01-31 12:56:00+00:00,0.002013000011444092,0.0012508233259871076
com.fitbit.FitbitMobile,2025-01-31 12:58:00+00:00,2025-01-31 12:57:00+00:00,0.002013,0.001250823318876061
com.google.android.apps.fitness,2025-01-31 12:58:00+00:00,2025-01-31 12:57:00+00:00,0.002013000011444092,0.0012508233259871076
com.fitbit.FitbitMobile,2025-01-31 12:59:00+00:00,2025-01-31 12:58:00+00:00,0.003355,0.0020847055314601017
com.google.android.apps.fitness,2025-01-31 12:59:00+00:00,2025-01-31 12:58:00+00:00,0.003355000019073486,0.002084705543311846
com.fitbit.FitbitMobile,2025-01-31 13:06:00+00:00,2025-01-31 13:05:00+00:00,0.002013,0.001250823318876061
com.google.android.apps.fitness,2025-01-31 13:06:00+00:00,2025-01-31 13:05:00+00:00,0.002013000011444092,0.0012508233259871076
com.fitbit.FitbitMobile,2025-01-31 13:07:00+00:00,2025-01-31 13:06:00+00:00,0.004697,0.0029185877440441425
com.google.android.apps.fitness,2025-01-31 13:07:00+00:00,2025-01-31 13:06:00+00:00,0.004697000026702881,0.002918587760636585
com.fitbit.FitbitMobile,2025-01-31 13:16:00+00:00,2025-01-31 13:15:00+00:00,0.001342,0.0008338822125840407
com.google.android.apps.fitness,2025-01-31 13:16:00+00:00,2025-01-31 13:15:00+00:00,0.0013420000076293946,0.0008338822173247385
com.fitbit.FitbitMobile,2025-01-31 13:23:00+00:00,2025-01-31 13:22:00+00:00,0.001342,0.0008338822125840407
com.google.android.apps.fitness,2025-01-31 13:23:00+00:00,2025-01-31 13:22:00+00:00,0.0013420000076293946,0.0008338822173247385
com.fitbit.FitbitMobile,2025-01-31 13:24:00+00:00,2025-01-31 13:23:00+00:00,0.034221,0.02126399642089304
com.google.android.apps.fitness,2025-01-31 13:24:00+00:00,2025-01-31 13:23:00+00:00,0.03422100067138672,0.02126399683807444
com.fitbit.FitbitMobile,2025-01-31 13:25:00+00:00,2025-01-31 13:24:00+00:00,0.008052,0.005003293275504244
com.google.android.apps.fitness,2025-01-31 13:25:00+00:00,2025-01-31 13:24:00+00:00,0.008052000045776367,0.0050032933039484305
com.fitbit.FitbitMobile,2025-01-31 13:26:00+00:00,2025-01-31 13:25:00+00:00,0.00671,0.004169411062920203
com.google.android.apps.fitness,2025-01-31 13:26:00+00:00,2025-01-31 13:25:00+00:00,0.006710000038146972,0.004169411086623692
com.google.android.apps.fitness,2025-01-31 13:27:00+00:00,2025-01-31 13:26:00+00:00,0.012386663436889649,0.007696734957740222
com.fitbit.FitbitMobile,2025-01-31 13:28:00+00:00,2025-01-31 13:27:00+00:00,0.005368,0.003335528850336163
com.google.android.apps.fitness,2025-01-31 13:28:00+00:00,2025-01-31 13:27:00+00:00,0.005368000030517578,0.003335528869298954
com.fitbit.FitbitMobile,2025-01-31 13:29:00+00:00,2025-01-31 13:28:00+00:00,0.016104,0.010006586551008488
com.google.android.apps.fitness,2025-01-31 13:29:00+00:00,2025-01-31 13:28:00+00:00,0.016104000091552734,0.010006586607896861
com.fitbit.FitbitMobile,2025-01-31 13:36:00+00:00,2025-01-31 13:35:00+00:00,0.000671,0.00041694110629202037
com.google.android.apps.fitness,2025-01-31 13:36:00+00:00,2025-01-31 13:35:00+00:00,0.0006710000038146973,0.00041694110866236924
com.fitbit.FitbitMobile,2025-01-31 13:37:00+00:00,2025-01-31 13:36:00+00:00,0.002013,0.001250823318876061
com.google.android.apps.fitness,2025-01-31 13:37:00+00:00,2025-01-31 13:36:00+00:00,0.002013000011444092,0.0012508233259871076
com.fitbit.FitbitMobile,2025-01-31 13:39:00+00:00,2025-01-31 13:38:00+00:00,0.000671,0.00041694110629202037
com.google.android.apps.fitness,2025-01-31 13:39:00+00:00,2025-01-31 13:38:00+00:00,0.0006710000038146973,0.00041694110866236924
com.fitbit.FitbitMobile,2025-01-31 13:40:00+00:00,2025-01-31 13:39:00+00:00,0.010736,0.006671057700672326
com.google.android.apps.fitness,2025-01-31 13:40:00+00:00,2025-01-31 13:39:00+00:00,0.010736000061035157,0.006671057738597908
com.fitbit.FitbitMobile,2025-01-31 13:41:00+00:00,2025-01-31 13:40:00+00:00,0.00671,0.004169411062920203
com.google.android.apps.fitness,2025-01-31 13:41:00+00:00,2025-01-31 13:40:00+00:00,0.006710000038146972,0.004169411086623692
com.fitbit.FitbitMobile,2025-01-31 13:42:00+00:00,2025-01-31 13:41:00+00:00,0.007381,0.004586352169212224
com.google.android.apps.fitness,2025-01-31 13:42:00+00:00,2025-01-31 13:41:00+00:00,0.00738100004196167,0.004586352195286062
com.fitbit.FitbitMobile,2025-01-31 13:45:00+00:00,2025-01-31 13:44:00+00:00,0.000671,0.00041694110629202037
com.google.android.apps.fitness,2025-01-31 13:45:00+00:00,2025-01-31 13:44:00+00:00,0.0006710000038146973,0.00041694110866236924
com.fitbit.FitbitMobile,2025-01-31 13:46:00+00:00,2025-01-31 13:45:00+00:00,0.022143,0.013759056507636673
com.google.android.apps.fitness,2025-01-31 13:46:00+00:00,2025-01-31 13:45:00+00:00,0.02214299964904785,0.013759056289564574
com.fitbit.FitbitMobile,2025-01-31 13:47:00+00:00,2025-01-31 13:46:00+00:00,0.027511,0.017094585357972834
com.google.android.apps.fitness,2025-01-31 13:47:00+00:00,2025-01-31 13:46:00+00:00,0.02751099967956543,0.01709458515886353
com.fitbit.FitbitMobile,2025-01-31 13:48:00+00:00,2025-01-31 13:47:00+00:00,0.004026,0.002501646637752122
com.google.android.apps.fitness,2025-01-31 13:48:00+00:00,2025-01-31 13:47:00+00:00,0.004026000022888184,0.0025016466519742152
com.fitbit.FitbitMobile,2025-01-31 13:49:00+00:00,2025-01-31 13:48:00+00:00,0.000671,0.00041694110629202037
com.google.android.apps.fitness,2025-01-31 13:49:00+00:00,2025-01-31 13:48:00+00:00,0.0006710000038146973,0.00041694110866236924
com.fitbit.FitbitMobile,2025-01-31 13:50:00+00:00,2025-01-31 13:49:00+00:00,0.000671,0.00041694110629202037
com.google.android.apps.fitness,2025-01-31 13:50:00+00:00,2025-01-31 13:49:00+00:00,0.0006710000038146973,0.00041694110866236924
com.fitbit.FitbitMobile,2025-01-31 13:51:00+00:00,2025-01-31 13:50:00+00:00,0.009394,0.005837175488088285
com.google.android.apps.fitness,2025-01-31 13:51:00+00:00,2025-01-31 13:50:00+00:00,0.009394000053405762,0.00583717552127317
com.fitbit.FitbitMobile,2025-01-31 13:52:00+00:00,2025-01-31 13:51:00+00:00,0.008722999999999998,0.005420234381796264
com.google.android.apps.fitness,2025-01-31 13:52:00+00:00,2025-01-31 13:51:00+00:00,0.008722999572753905,0.00542023411631719
com.fitbit.FitbitMobile,2025-01-31 13:53:00+00:00,2025-01-31 13:52:00+00:00,0.002684,0.0016677644251680815
com.google.android.apps.fitness,2025-01-31 13:53:00+00:00,2025-01-31 13:52:00+00:00,0.002684000015258789,0.001667764434649477
com.fitbit.FitbitMobile,2025-01-31 13:54:00+00:00,2025-01-31 13:53:00+00:00,0.008052,0.005003293275504244
com.google.android.apps.fitness,2025-01-31 13:54:00+00:00,2025-01-31 13:53:00+00:00,0.008052000045776367,0.0050032933039484305
com.fitbit.FitbitMobile,2025-01-31 13:55:00+00:00,2025-01-31 13:54:00+00:00,0.000671,0.00041694110629202037
com.google.android.apps.fitness,2025-01-31 13:55:00+00:00,2025-01-31 13:54:00+00:00,0.0006710000038146973,0.00041694110866236924
com.fitbit.FitbitMobile,2025-01-31 13:56:00+00:00,2025-01-31 13:55:00+00:00,0.004697,0.0029185877440441425
com.google.android.apps.fitness,2025-01-31 13:56:00+00:00,2025-01-31 13:55:00+00:00,0.004697000026702881,0.002918587760636585
com.fitbit.FitbitMobile,2025-01-31 13:58:00+00:00,2025-01-31 13:57:00+00:00,0.000671,0.00041694110629202037
com.google.android.apps.fitness,2025-01-31 13:58:00+00:00,2025-01-31 13:57:00+00:00,0.0006710000038146973,0.00041694110866236924
com.fitbit.FitbitMobile,2025-01-31 13:59:00+00:00,2025-01-31 13:58:00+00:00,0.001342,0.0008338822125840407
com.google.android.apps.fitness,2025-01-31 13:59:00+00:00,2025-01-31 13:58:00+00:00,0.0013420000076293946,0.0008338822173247385
com.fitbit.FitbitMobile,2025-01-31 14:05:00+00:00,2025-01-31 14:04:00+00:00,0.006039,0.003752469956628183
com.google.android.apps.fitness,2025-01-31 14:05:00+00:00,2025-01-31 14:04:00+00:00,0.006039000034332275,0.003752469977961323
com.fitbit.FitbitMobile,2025-01-31 14:08:00+00:00,2025-01-31 14:07:00+00:00,0.000671,0.00041694110629202037
com.google.android.apps.fitness,2025-01-31 14:08:00+00:00,2025-01-31 14:07:00+00:00,0.0006710000038146973,0.00041694110866236924
com.fitbit.FitbitMobile,2025-01-31 14:09:00+00:00,2025-01-31 14:08:00+00:00,0.016775,0.01042352765730051
com.google.android.apps.fitness,2025-01-31 14:09:00+00:00,2025-01-31 14:08:00+00:00,0.016774999618530274,0.010423527420265621
com.fitbit.FitbitMobile,2025-01-31 14:10:00+00:00,2025-01-31 14:09:00+00:00,0.010065,0.006254116594380305
com.google.android.apps.fitness,2025-01-31 14:10:00+00:00,2025-01-31 14:09:00+00:00,0.0100649995803833,0.006254116333641929
com.fitbit.FitbitMobile,2025-01-31 14:11:00+00:00,2025-01-31 14:10:00+00:00,0.021472,0.013342115401344652
com.google.android.apps.fitness,2025-01-31 14:11:00+00:00,2025-01-31 14:10:00+00:00,0.021472000122070314,0.013342115477195816
com.fitbit.FitbitMobile,2025-01-31 14:12:00+00:00,2025-01-31 14:11:00+00:00,0.024156,0.015009879826512732
com.google.android.apps.fitness,2025-01-31 14:12:00+00:00,2025-01-31 14:11:00+00:00,0.0241560001373291,0.015009879911845292
com.fitbit.FitbitMobile,2025-01-31 14:43:00+00:00,2025-01-31 14:42:00+00:00,0.000671,0.00041694110629202037
com.google.android.apps.fitness,2025-01-31 14:43:00+00:00,2025-01-31 14:42:00+00:00,0.0006710000038146973,0.00041694110866236924
com.fitbit.FitbitMobile,2025-01-31 14:44:00+00:00,2025-01-31 14:43:00+00:00,0.016104,0.010006586551008488
com.google.android.apps.fitness,2025-01-31 14:44:00+00:00,2025-01-31 14:43:00+00:00,0.016104000091552734,0.010006586607896861
com.google.android.apps.fitness,2025-01-31 16:30:00+00:00,2025-01-31 16:28:00+00:00,0.04664545440673828,0.028984213656988757
com.fitbit.FitbitMobile,2025-01-31 16:46:00+00:00,2025-01-31 16:45:00+00:00,0.001342,0.0008338822125840407
com.google.android.apps.fitness,2025-01-31 16:46:00+00:00,2025-01-31 16:45:00+00:00,0.0013420000076293946,0.0008338822173247385
com.google.android.apps.fitness,2025-01-31 17:28:00+00:00,2025-01-31 17:27:00+00:00,0.02065727233886719,0.012835865844922259
com.google.android.apps.fitness,2025-01-31 17:45:00+00:00,2025-01-31 17:43:00+00:00,0.03731636428833008,0.023187371399660782
com.google.android.apps.fitness,2025-01-31 18:55:00+00:00,2025-01-31 18:54:00+00:00,0.02065727233886719,0.012835865844922259
com.google.android.apps.fitness,2025-01-31 18:58:00+00:00,2025-01-31 18:56:00+00:00,0.02332272720336914,0.014492106828494378
com.google.android.apps.fitness,2025-01-31 18:58:00+00:00,2025-01-31 18:58:00+00:00,0.017325454711914063,0.010765565208044331
com.google.android.apps.fitness,2025-01-31 19:09:00+00:00,2025-01-31 19:08:00+00:00,0.02931999969482422,0.018218648448944424
com.google.android.apps.fitness,2025-01-31 19:27:00+00:00,2025-01-31 19:25:00+00:00,0.05930636215209961,0.03685135655119466
com.google.android.apps.fitness,2025-01-31 19:27:00+00:00,2025-01-31 19:27:00+00:00,0.013240068435668946,0.00822701755730234
com.fitbit.FitbitMobile,2025-01-31 21:50:00+00:00,2025-01-31 21:49:00+00:00,0.000671,0.00041694110629202037
com.google.android.apps.fitness,2025-01-31 21:50:00+00:00,2025-01-31 21:49:00+00:00,0.0006710000038146973,0.00041694110866236924
com.fitbit.FitbitMobile,2025-01-31 21:51:00+00:00,2025-01-31 21:50:00+00:00,0.002013,0.001250823318876061
com.google.android.apps.fitness,2025-01-31 21:51:00+00:00,2025-01-31 21:50:00+00:00,0.002013000011444092,0.0012508233259871076
com.fitbit.FitbitMobile,2025-01-31 21:52:00+00:00,2025-01-31 21:51:00+00:00,0.008722999999999998,0.005420234381796264
com.google.android.apps.fitness,2025-01-31 21:52:00+00:00,2025-01-31 21:51:00+00:00,0.008722999572753905,0.00542023411631719
com.fitbit.FitbitMobile,2025-01-31 22:09:00+00:00,2025-01-31 22:08:00+00:00,0.000671,0.00041694110629202037
com.google.android.apps.fitness,2025-01-31 22:09:00+00:00,2025-01-31 22:08:00+00:00,0.0006710000038146973,0.00041694110866236924
com.fitbit.FitbitMobile,2025-01-31 22:10:00+00:00,2025-01-31 22:09:00+00:00,0.010736,0.006671057700672326
com.google.android.apps.fitness,2025-01-31 22:10:00+00:00,2025-01-31 22:09:00+00:00,0.010736000061035157,0.006671057738597908
com.fitbit.FitbitMobile,2025-01-31 23:17:00+00:00,2025-01-31 23:16:00+00:00,0.004026,0.002501646637752122
com.google.android.apps.fitness,2025-01-31 23:17:00+00:00,2025-01-31 23:16:00+00:00,0.004026000022888184,0.0025016466519742152
com.fitbit.FitbitMobile,2025-01-31 23:18:00+00:00,2025-01-31 23:17:00+00:00,0.000671,0.00041694110629202037
com.google.android.apps.fitness,2025-01-31 23:18:00+00:00,2025-01-31 23:17:00+00:00,0.0006710000038146973,0.00041694110866236924
com.fitbit.FitbitMobile,2025-01-31 23:19:00+00:00,2025-01-31 23:18:00+00:00,0.017445999999999996,0.010840468763592528
com.google.android.apps.fitness,2025-01-31 23:19:00+00:00,2025-01-31 23:18:00+00:00,0.01744599914550781,0.01084046823263438
com.google.android.apps.fitness,2025-01-31 23:32:00+00:00,2025-01-31 23:30:00+00:00,0.03931545639038086,0.024429552729927088
com.google.android.apps.fitness,2025-01-31 23:39:00+00:00,2025-01-31 23:38:00+00:00,0.01865818214416504,0.011593685699830391
com.google.android.apps.fitness,2025-01-31 23:40:00+00:00,2025-01-31 23:39:00+00:00,0.012660908699035644,0.007867143486793123
com.google.android.apps.fitness,2025-01-31 23:45:00+00:00,2025-01-31 23:44:00+00:00,0.015992727279663086,0.009937444716258272
com.google.android.apps.fitness,2025-01-31 23:45:00+00:00,2025-01-31 23:45:00+00:00,0.003238660097122192,0.0020124150876273455
com.google.android.apps.fitness,2025-01-31 23:46:00+00:00,2025-01-31 23:45:00+00:00,0.05464181900024414,0.03395293660770511
com.google.android.apps.fitness,2025-02-01 00:08:00+00:00,2025-02-01 00:07:00+00:00,0.023989091873168944,0.014906167666974628
com.google.android.apps.fitness,2025-02-01 00:08:00+00:00,2025-02-01 00:08:00+00:00,0.003605809211730957,0.002240551537730347
com.google.android.apps.fitness,2025-02-01 00:15:00+00:00,2025-02-01 00:14:00+00:00,0.017991817474365235,0.011179624861350141
com.google.android.apps.fitness,2025-02-01 00:18:00+00:00,2025-02-01 00:17:00+00:00,0.01865818214416504,0.011593685699830391
com.google.android.apps.fitness,2025-02-01 00:45:00+00:00,2025-02-01 00:45:00+00:00,0.007329999923706055,0.004554662112236106
com.google.android.apps.fitness,2025-02-01 00:56:00+00:00,2025-02-01 00:55:00+00:00,0.015326363563537598,0.009523384470365243
com.google.android.apps.fitness,2025-02-01 01:19:00+00:00,2025-02-01 01:19:00+00:00,0.001332727313041687,0.0008281204177126568
com.google.android.apps.fitness,2025-02-01 01:26:00+00:00,2025-02-01 01:26:00+00:00,0.009995454788208008,0.0062109030958082245
com.google.android.apps.fitness,2025-02-01 01:38:00+00:00,2025-02-01 01:36:00+00:00,0.04864454650878906,0.030226394987255063
com.fitbit.FitbitMobile,2025-02-01 02:01:00+00:00,2025-02-01 02:00:00+00:00,0.004697,0.0029185877440441425
com.google.android.apps.fitness,2025-02-01 02:01:00+00:00,2025-02-01 02:00:00+00:00,0.004697000026702881,0.002918587760636585
com.fitbit.FitbitMobile,2025-02-01 02:02:00+00:00,2025-02-01 02:01:00+00:00,0.02013,0.01250823318876061
com.google.android.apps.fitness,2025-02-01 02:02:00+00:00,2025-02-01 02:01:00+00:00,0.0201299991607666,0.012508232667283858
com.fitbit.FitbitMobile,2025-02-01 02:10:00+00:00,2025-02-01 02:09:00+00:00,0.002684,0.0016677644251680815
com.google.android.apps.fitness,2025-02-01 02:10:00+00:00,2025-02-01 02:09:00+00:00,0.002684000015258789,0.001667764434649477
com.fitbit.FitbitMobile,2025-02-01 02:14:00+00:00,2025-02-01 02:13:00+00:00,0.001342,0.0008338822125840407
com.google.android.apps.fitness,2025-02-01 02:14:00+00:00,2025-02-01 02:13:00+00:00,0.0013420000076293946,0.0008338822173247385
com.fitbit.FitbitMobile,2025-02-01 02:15:00+00:00,2025-02-01 02:14:00+00:00,0.000671,0.00041694110629202037
com.google.android.apps.fitness,2025-02-01 02:15:00+00:00,2025-02-01 02:14:00+00:00,0.0006710000038146973,0.00041694110866236924
com.fitbit.FitbitMobile,2025-02-01 02:16:00+00:00,2025-02-01 02:15:00+00:00,0.000671,0.00041694110629202037
com.google.android.apps.fitness,2025-02-01 02:16:00+00:00,2025-02-01 02:15:00+00:00,0.0006710000038146973,0.00041694110866236924
com.fitbit.FitbitMobile,2025-02-01 02:17:00+00:00,2025-02-01 02:16:00+00:00,0.00671,0.004169411062920203
com.google.android.apps.fitness,2025-02-01 02:17:00+00:00,2025-02-01 02:16:00+00:00,0.006710000038146972,0.004169411086623692
com.fitbit.FitbitMobile,2025-02-01 02:19:00+00:00,2025-02-01 02:18:00+00:00,0.001342,0.0008338822125840407
com.google.android.apps.fitness,2025-02-01 02:19:00+00:00,2025-02-01 02:18:00+00:00,0.0013420000076293946,0.0008338822173247385
com.fitbit.FitbitMobile,2025-02-01 02:20:00+00:00,2025-02-01 02:19:00+00:00,0.002684,0.0016677644251680815
com.google.android.apps.fitness,2025-02-01 02:20:00+00:00,2025-02-01 02:19:00+00:00,0.002684000015258789,0.001667764434649477
com.google.android.apps.fitness,2025-02-01 02:27:00+00:00,2025-02-01 02:26:00+00:00,0.02798727226257324,0.017390527957158366
com.google.android.apps.fitness,2025-02-01 02:55:00+00:00,2025-02-01 02:53:00+00:00,0.03731636428833008,0.023187371399660782
com.google.android.apps.fitness,2025-02-01 02:59:00+00:00,2025-02-01 02:58:00+00:00,0.015992727279663086,0.009937444716258272
com.fitbit.FitbitMobile,2025-02-01 03:09:00+00:00,2025-02-01 03:08:00+00:00,0.002013,0.001250823318876061
com.google.android.apps.fitness,2025-02-01 03:09:00+00:00,2025-02-01 03:08:00+00:00,0.002013000011444092,0.0012508233259871076
com.google.android.apps.fitness,2025-02-01 03:10:00+00:00,2025-02-01 03:10:00+00:00,0.00932909107208252,0.0057968428499151955
com.google.android.apps.fitness,2025-02-01 03:16:00+00:00,2025-02-01 03:15:00+00:00,0.01042618179321289,0.006478545113657083
com.fitbit.FitbitMobile,2025-02-01 03:17:00+00:00,2025-02-01 03:16:00+00:00,0.001342,0.0008338822125840407
com.google.android.apps.fitness,2025-02-01 03:17:00+00:00,2025-02-01 03:16:00+00:00,0.0013420000076293946,0.0008338822173247385
com.fitbit.FitbitMobile,2025-02-01 03:18:00+00:00,2025-02-01 03:17:00+00:00,0.011407,0.007087998806964346
com.google.android.apps.fitness,2025-02-01 03:18:00+00:00,2025-02-01 03:17:00+00:00,0.011406999588012695,0.007087998550966667
com.fitbit.FitbitMobile,2025-02-01 03:19:00+00:00,2025-02-01 03:18:00+00:00,0.012749,0.007921881019548388
com.google.android.apps.fitness,2025-02-01 03:19:00+00:00,2025-02-01 03:18:00+00:00,0.01274899959564209,0.007921880768291405
com.google.android.apps.fitness,2025-02-01 03:42:00+00:00,2025-02-01 03:41:00+00:00,0.031319091796875,0.019460829779210733
com.google.android.apps.fitness,2025-02-01 03:43:00+00:00,2025-02-01 03:42:00+00:00,0.007329999923706055,0.004554662112236106
com.fitbit.FitbitMobile,2025-02-01 03:44:00+00:00,2025-02-01 03:43:00+00:00,0.000671,0.00041694110629202037
com.google.android.apps.fitness,2025-02-01 03:44:00+00:00,2025-02-01 03:43:00+00:00,0.0006710000038146973,0.00041694110866236924
com.fitbit.FitbitMobile,2025-02-01 03:45:00+00:00,2025-02-01 03:44:00+00:00,0.024156,0.015009879826512732
com.google.android.apps.fitness,2025-02-01 03:45:00+00:00,2025-02-01 03:44:00+00:00,0.0241560001373291,0.015009879911845292
com.fitbit.FitbitMobile,2025-02-01 03:46:00+00:00,2025-02-01 03:45:00+00:00,0.012749,0.007921881019548388
com.google.android.apps.fitness,2025-02-01 03:46:00+00:00,2025-02-01 03:45:00+00:00,0.01274899959564209,0.007921880768291405
com.fitbit.FitbitMobile,2025-02-01 04:02:00+00:00,2025-02-01 04:01:00+00:00,0.000671,0.00041694110629202037
com.google.android.apps.fitness,2025-02-01 04:02:00+00:00,2025-02-01 04:01:00+00:00,0.0006710000038146973,0.00041694110866236924
com.fitbit.FitbitMobile,2025-02-01 04:03:00+00:00,2025-02-01 04:02:00+00:00,0.027511,0.017094585357972834
com.google.android.apps.fitness,2025-02-01 04:03:00+00:00,2025-02-01 04:02:00+00:00,0.02751099967956543,0.01709458515886353
com.fitbit.FitbitMobile,2025-02-01 04:04:00+00:00,2025-02-01 04:03:00+00:00,0.07794,0.04842979109448594
com.google.android.apps.fitness,2025-02-01 04:04:00+00:00,2025-02-01 04:03:00+00:00,0.07794000244140625,0.048429792611509224
com.fitbit.FitbitMobile,2025-02-01 04:05:00+00:00,2025-02-01 04:04:00+00:00,0.028853,0.017928467570556876
com.google.android.apps.fitness,2025-02-01 04:05:00+00:00,2025-02-01 04:04:00+00:00,0.02885300064086914,0.017928467968775487
com.fitbit.FitbitMobile,2025-02-01 04:07:00+00:00,2025-02-01 04:06:00+00:00,0.000671,0.00041694110629202037
com.google.android.apps.fitness,2025-02-01 04:07:00+00:00,2025-02-01 04:06:00+00:00,0.0006710000038146973,0.00041694110866236924
com.fitbit.FitbitMobile,2025-02-01 04:08:00+00:00,2025-02-01 04:07:00+00:00,0.001342,0.0008338822125840407
com.google.android.apps.fitness,2025-02-01 04:08:00+00:00,2025-02-01 04:07:00+00:00,0.0013420000076293946,0.0008338822173247385
com.fitbit.FitbitMobile,2025-02-01 04:09:00+00:00,2025-02-01 04:08:00+00:00,0.032879,0.020430114208308994
com.google.android.apps.fitness,2025-02-01 04:09:00+00:00,2025-02-01 04:08:00+00:00,0.03287900161743164,0.020430115213336923
com.fitbit.FitbitMobile,2025-02-01 04:10:00+00:00,2025-02-01 04:09:00+00:00,0.06928,0.04304870319509861
com.google.android.apps.fitness,2025-02-01 04:10:00+00:00,2025-02-01 04:09:00+00:00,0.06927999877929687,0.04304870243658697
com.fitbit.FitbitMobile,2025-02-01 04:12:00+00:00,2025-02-01 04:11:00+00:00,0.004026,0.002501646637752122
com.google.android.apps.fitness,2025-02-01 04:12:00+00:00,2025-02-01 04:11:00+00:00,0.004026000022888184,0.0025016466519742152
com.fitbit.FitbitMobile,2025-02-01 04:13:00+00:00,2025-02-01 04:12:00+00:00,0.007381,0.004586352169212224
com.google.android.apps.fitness,2025-02-01 04:13:00+00:00,2025-02-01 04:12:00+00:00,0.00738100004196167,0.004586352195286062
com.fitbit.FitbitMobile,2025-02-01 04:14:00+00:00,2025-02-01 04:13:00+00:00,0.014091,0.008755763232132428
com.google.android.apps.fitness,2025-02-01 04:14:00+00:00,2025-02-01 04:13:00+00:00,0.014090999603271485,0.008755762985616145
com.google.android.apps.fitness,2025-02-01 04:14:00+00:00,2025-02-01 04:14:00+00:00,0.003986612558364868,0.002477172355353666
com.fitbit.FitbitMobile,2025-02-01 04:51:00+00:00,2025-02-01 04:50:00+00:00,0.000671,0.00041694110629202037
com.google.android.apps.fitness,2025-02-01 04:51:00+00:00,2025-02-01 04:50:00+00:00,0.0006710000038146973,0.00041694110866236924
com.fitbit.FitbitMobile,2025-02-01 04:52:00+00:00,2025-02-01 04:51:00+00:00,0.000671,0.00041694110629202037
com.google.android.apps.fitness,2025-02-01 04:52:00+00:00,2025-02-01 04:51:00+00:00,0.0006710000038146973,0.00041694110866236924
com.fitbit.FitbitMobile,2025-02-01 04:53:00+00:00,2025-02-01 04:52:00+00:00,0.002013,0.001250823318876061
com.google.android.apps.fitness,2025-02-01 04:53:00+00:00,2025-02-01 04:52:00+00:00,0.002013000011444092,0.0012508233259871076
com.fitbit.FitbitMobile,2025-02-01 04:54:00+00:00,2025-02-01 04:53:00+00:00,0.003355,0.0020847055314601017
com.google.android.apps.fitness,2025-02-01 04:54:00+00:00,2025-02-01 04:53:00+00:00,0.003355000019073486,0.002084705543311846
com.fitbit.FitbitMobile,2025-02-01 04:55:00+00:00,2025-02-01 04:54:00+00:00,0.001342,0.0008338822125840407
com.google.android.apps.fitness,2025-02-01 04:55:00+00:00,2025-02-01 04:54:00+00:00,0.0013420000076293946,0.0008338822173247385
com.fitbit.FitbitMobile,2025-02-01 04:56:00+00:00,2025-02-01 04:55:00+00:00,0.000671,0.00041694110629202037
com.google.android.apps.fitness,2025-02-01 04:56:00+00:00,2025-02-01 04:55:00+00:00,0.0006710000038146973,0.00041694110866236924
com.fitbit.FitbitMobile,2025-02-01 05:10:00+00:00,2025-02-01 05:09:00+00:00,0.003355,0.0020847055314601017
com.google.android.apps.fitness,2025-02-01 05:10:00+00:00,2025-02-01 05:09:00+00:00,0.003355000019073486,0.002084705543311846
com.fitbit.FitbitMobile,2025-02-01 05:11:00+00:00,2025-02-01 05:10:00+00:00,0.020801,0.01292517429505263
com.google.android.apps.fitness,2025-02-01 05:11:00+00:00,2025-02-01 05:10:00+00:00,0.020801000595092774,0.012925174664827056
com.fitbit.FitbitMobile,2025-02-01 05:12:00+00:00,2025-02-01 05:11:00+00:00,0.010065,0.006254116594380305
com.google.android.apps.fitness,2025-02-01 05:12:00+00:00,2025-02-01 05:11:00+00:00,0.0100649995803833,0.006254116333641929
com.fitbit.FitbitMobile,2025-02-01 05:13:00+00:00,2025-02-01 05:12:00+00:00,0.002013,0.001250823318876061
com.google.android.apps.fitness,2025-02-01 05:13:00+00:00,2025-02-01 05:12:00+00:00,0.002013000011444092,0.0012508233259871076
com.fitbit.FitbitMobile,2025-02-01 05:14:00+00:00,2025-02-01 05:13:00+00:00,0.000671,0.00041694110629202037
com.google.android.apps.fitness,2025-02-01 05:14:00+00:00,2025-02-01 05:13:00+00:00,0.0006710000038146973,0.00041694110866236924
com.fitbit.FitbitMobile,2025-02-01 05:15:00+00:00,2025-02-01 05:14:00+00:00,0.003355,0.0020847055314601017
com.google.android.apps.fitness,2025-02-01 05:15:00+00:00,2025-02-01 05:14:00+00:00,0.003355000019073486,0.002084705543311846
com.fitbit.FitbitMobile,2025-02-01 05:17:00+00:00,2025-02-01 05:16:00+00:00,0.001342,0.0008338822125840407
com.google.android.apps.fitness,2025-02-01 05:17:00+00:00,2025-02-01 05:16:00+00:00,0.0013420000076293946,0.0008338822173247385
com.fitbit.FitbitMobile,2025-02-01 05:18:00+00:00,2025-02-01 05:17:00+00:00,0.000671,0.00041694110629202037
com.google.android.apps.fitness,2025-02-01 05:18:00+00:00,2025-02-01 05:17:00+00:00,0.0006710000038146973,0.00041694110866236924
com.fitbit.FitbitMobile,2025-02-01 05:40:00+00:00,2025-02-01 05:39:00+00:00,0.007381,0.004586352169212224
com.google.android.apps.fitness,2025-02-01 05:40:00+00:00,2025-02-01 05:39:00+00:00,0.00738100004196167,0.004586352195286062
com.fitbit.FitbitMobile,2025-02-01 05:41:00+00:00,2025-02-01 05:40:00+00:00,0.012078,0.007504939913256366
com.google.android.apps.fitness,2025-02-01 05:41:00+00:00,2025-02-01 05:40:00+00:00,0.01207800006866455,0.007504939955922646
com.fitbit.FitbitMobile,2025-02-01 05:42:00+00:00,2025-02-01 05:41:00+00:00,0.020801,0.01292517429505263
com.google.android.apps.fitness,2025-02-01 05:42:00+00:00,2025-02-01 05:41:00+00:00,0.020801000595092774,0.012925174664827056
com.fitbit.FitbitMobile,2025-02-01 05:43:00+00:00,2025-02-01 05:42:00+00:00,0.000671,0.00041694110629202037
com.google.android.apps.fitness,2025-02-01 05:43:00+00:00,2025-02-01 05:42:00+00:00,0.0006710000038146973,0.00041694110866236924
com.fitbit.FitbitMobile,2025-02-01 06:43:00+00:00,2025-02-01 06:42:00+00:00,0.001342,0.0008338822125840407
com.google.android.apps.fitness,2025-02-01 06:43:00+00:00,2025-02-01 06:42:00+00:00,0.0013420000076293946,0.0008338822173247385
com.fitbit.FitbitMobile,2025-02-01 06:44:00+00:00,2025-02-01 06:43:00+00:00,0.011407,0.007087998806964346
com.google.android.apps.fitness,2025-02-01 06:44:00+00:00,2025-02-01 06:43:00+00:00,0.011406999588012695,0.007087998550966667
com.fitbit.FitbitMobile,2025-02-01 07:30:00+00:00,2025-02-01 07:29:00+00:00,0.026169,0.016260703145388793
com.google.android.apps.fitness,2025-02-01 07:30:00+00:00,2025-02-01 07:29:00+00:00,0.026169000625610353,0.01626070353412601
com.fitbit.FitbitMobile,2025-02-01 07:31:00+00:00,2025-02-01 07:30:00+00:00,0.004026,0.002501646637752122
com.google.android.apps.fitness,2025-02-01 07:31:00+00:00,2025-02-01 07:30:00+00:00,0.004026000022888184,0.0025016466519742152
com.fitbit.FitbitMobile,2025-02-01 07:32:00+00:00,2025-02-01 07:31:00+00:00,0.009394,0.005837175488088285
com.google.android.apps.fitness,2025-02-01 07:32:00+00:00,2025-02-01 07:31:00+00:00,0.009394000053405762,0.00583717552127317
com.fitbit.FitbitMobile,2025-02-01 07:33:00+00:00,2025-02-01 07:32:00+00:00,0.018117,0.01125740986988455
com.google.android.apps.fitness,2025-02-01 07:33:00+00:00,2025-02-01 07:32:00+00:00,0.018117000579833984,0.011257410230177579
com.fitbit.FitbitMobile,2025-02-01 08:20:00+00:00,2025-02-01 08:19:00+00:00,0.000671,0.00041694110629202037
com.google.android.apps.fitness,2025-02-01 08:20:00+00:00,2025-02-01 08:19:00+00:00,0.0006710000038146973,0.00041694110866236924
com.fitbit.FitbitMobile,2025-02-01 08:21:00+00:00,2025-02-01 08:20:00+00:00,0.018788,0.01167435097617657
com.google.android.apps.fitness,2025-02-01 08:21:00+00:00,2025-02-01 08:20:00+00:00,0.018788000106811524,0.01167435104254634
com.fitbit.FitbitMobile,2025-02-01 08:28:00+00:00,2025-02-01 08:27:00+00:00,0.001342,0.0008338822125840407
com.google.android.apps.fitness,2025-02-01 08:28:00+00:00,2025-02-01 08:27:00+00:00,0.0013420000076293946,0.0008338822173247385
com.fitbit.FitbitMobile,2025-02-01 08:29:00+00:00,2025-02-01 08:28:00+00:00,0.031537,0.01959623199572496
com.google.android.apps.fitness,2025-02-01 08:29:00+00:00,2025-02-01 08:28:00+00:00,0.03153700065612793,0.019596232403424965
com.fitbit.FitbitMobile,2025-02-01 08:30:00+00:00,2025-02-01 08:29:00+00:00,0.001342,0.0008338822125840407
com.google.android.apps.fitness,2025-02-01 08:30:00+00:00,2025-02-01 08:29:00+00:00,0.0013420000076293946,0.0008338822173247385
com.fitbit.FitbitMobile,2025-02-01 08:54:00+00:00,2025-02-01 08:53:00+00:00,0.001342,0.0008338822125840407
com.google.android.apps.fitness,2025-02-01 08:54:00+00:00,2025-02-01 08:53:00+00:00,0.0013420000076293946,0.0008338822173247385
com.fitbit.FitbitMobile,2025-02-01 08:55:00+00:00,2025-02-01 08:54:00+00:00,0.005368,0.003335528850336163
com.google.android.apps.fitness,2025-02-01 08:55:00+00:00,2025-02-01 08:54:00+00:00,0.005368000030517578,0.003335528869298954
com.fitbit.FitbitMobile,2025-02-01 08:56:00+00:00,2025-02-01 08:55:00+00:00,0.000671,0.00041694110629202037
com.google.android.apps.fitness,2025-02-01 08:56:00+00:00,2025-02-01 08:55:00+00:00,0.0006710000038146973,0.00041694110866236924
com.fitbit.FitbitMobile,2025-02-01 08:57:00+00:00,2025-02-01 08:56:00+00:00,0.016104,0.010006586551008488
com.google.android.apps.fitness,2025-02-01 08:57:00+00:00,2025-02-01 08:56:00+00:00,0.016104000091552734,0.010006586607896861
com.fitbit.FitbitMobile,2025-02-01 08:58:00+00:00,2025-02-01 08:57:00+00:00,0.004026,0.002501646637752122
com.google.android.apps.fitness,2025-02-01 08:58:00+00:00,2025-02-01 08:57:00+00:00,0.004026000022888184,0.0025016466519742152
com.fitbit.FitbitMobile,2025-02-01 09:01:00+00:00,2025-02-01 09:00:00+00:00,0.000671,0.00041694110629202037
com.google.android.apps.fitness,2025-02-01 09:01:00+00:00,2025-02-01 09:00:00+00:00,0.0006710000038146973,0.00041694110866236924
com.fitbit.FitbitMobile,2025-02-01 09:02:00+00:00,2025-02-01 09:01:00+00:00,0.000671,0.00041694110629202037
com.google.android.apps.fitness,2025-02-01 09:02:00+00:00,2025-02-01 09:01:00+00:00,0.0006710000038146973,0.00041694110866236924
com.fitbit.FitbitMobile,2025-02-01 09:03:00+00:00,2025-02-01 09:02:00+00:00,0.001342,0.0008338822125840407
com.google.android.apps.fitness,2025-02-01 09:03:00+00:00,2025-02-01 09:02:00+00:00,0.0013420000076293946,0.0008338822173247385
com.fitbit.FitbitMobile,2025-02-01 09:04:00+00:00,2025-02-01 09:03:00+00:00,0.015433,0.009589645444716468
com.google.android.apps.fitness,2025-02-01 09:04:00+00:00,2025-02-01 09:03:00+00:00,0.01543299961090088,0.009589645202940882
com.fitbit.FitbitMobile,2025-02-01 09:51:00+00:00,2025-02-01 09:50:00+00:00,0.000671,0.00041694110629202037
com.google.android.apps.fitness,2025-02-01 09:51:00+00:00,2025-02-01 09:50:00+00:00,0.0006710000038146973,0.00041694110866236924
com.fitbit.FitbitMobile,2025-02-01 09:52:00+00:00,2025-02-01 09:51:00+00:00,0.003355,0.0020847055314601017
com.google.android.apps.fitness,2025-02-01 09:52:00+00:00,2025-02-01 09:51:00+00:00,0.003355000019073486,0.002084705543311846
com.fitbit.FitbitMobile,2025-02-01 09:56:00+00:00,2025-02-01 09:55:00+00:00,0.003355,0.0020847055314601017
com.google.android.apps.fitness,2025-02-01 09:56:00+00:00,2025-02-01 09:55:00+00:00,0.003355000019073486,0.002084705543311846
com.fitbit.FitbitMobile,2025-02-01 09:57:00+00:00,2025-02-01 09:56:00+00:00,0.00671,0.004169411062920203
com.google.android.apps.fitness,2025-02-01 09:57:00+00:00,2025-02-01 09:56:00+00:00,0.006710000038146972,0.004169411086623692
com.fitbit.FitbitMobile,2025-02-01 09:59:00+00:00,2025-02-01 09:58:00+00:00,0.007381,0.004586352169212224
com.google.android.apps.fitness,2025-02-01 09:59:00+00:00,2025-02-01 09:58:00+00:00,0.00738100004196167,0.004586352195286062
com.fitbit.FitbitMobile,2025-02-01 10:01:00+00:00,2025-02-01 10:00:00+00:00,0.002013,0.001250823318876061
com.google.android.apps.fitness,2025-02-01 10:01:00+00:00,2025-02-01 10:00:00+00:00,0.002013000011444092,0.0012508233259871076
com.fitbit.FitbitMobile,2025-02-01 10:02:00+00:00,2025-02-01 10:01:00+00:00,0.002684,0.0016677644251680815
com.google.android.apps.fitness,2025-02-01 10:02:00+00:00,2025-02-01 10:01:00+00:00,0.002684000015258789,0.001667764434649477
com.fitbit.FitbitMobile,2025-02-01 10:03:00+00:00,2025-02-01 10:02:00+00:00,0.006039,0.003752469956628183
com.google.android.apps.fitness,2025-02-01 10:03:00+00:00,2025-02-01 10:02:00+00:00,0.006039000034332275,0.003752469977961323
com.fitbit.FitbitMobile,2025-02-01 10:04:00+00:00,2025-02-01 10:03:00+00:00,0.000671,0.00041694110629202037
com.google.android.apps.fitness,2025-02-01 10:04:00+00:00,2025-02-01 10:03:00+00:00,0.0006710000038146973,0.00041694110866236924
com.fitbit.FitbitMobile,2025-02-01 10:05:00+00:00,2025-02-01 10:04:00+00:00,0.022143,0.013759056507636673
com.google.android.apps.fitness,2025-02-01 10:05:00+00:00,2025-02-01 10:04:00+00:00,0.02214299964904785,0.013759056289564574
com.fitbit.FitbitMobile,2025-02-01 10:06:00+00:00,2025-02-01 10:05:00+00:00,0.003355,0.0020847055314601017
com.google.android.apps.fitness,2025-02-01 10:06:00+00:00,2025-02-01 10:05:00+00:00,0.003355000019073486,0.002084705543311846
com.fitbit.FitbitMobile,2025-02-01 10:07:00+00:00,2025-02-01 10:06:00+00:00,0.004697,0.0029185877440441425
com.google.android.apps.fitness,2025-02-01 10:07:00+00:00,2025-02-01 10:06:00+00:00,0.004697000026702881,0.002918587760636585
com.fitbit.FitbitMobile,2025-02-01 10:08:00+00:00,2025-02-01 10:07:00+00:00,0.000671,0.00041694110629202037
com.google.android.apps.fitness,2025-02-01 10:08:00+00:00,2025-02-01 10:07:00+00:00,0.0006710000038146973,0.00041694110866236924
com.fitbit.FitbitMobile,2025-02-01 10:09:00+00:00,2025-02-01 10:08:00+00:00,0.015433,0.009589645444716468
com.google.android.apps.fitness,2025-02-01 10:09:00+00:00,2025-02-01 10:08:00+00:00,0.01543299961090088,0.009589645202940882
com.fitbit.FitbitMobile,2025-02-01 10:10:00+00:00,2025-02-01 10:09:00+00:00,0.002684,0.0016677644251680815
com.google.android.apps.fitness,2025-02-01 10:10:00+00:00,2025-02-01 10:09:00+00:00,0.002684000015258789,0.001667764434649477
com.fitbit.FitbitMobile,2025-02-01 10:11:00+00:00,2025-02-01 10:10:00+00:00,0.014091,0.008755763232132428
com.google.android.apps.fitness,2025-02-01 10:11:00+00:00,2025-02-01 10:10:00+00:00,0.014090999603271485,0.008755762985616145
com.fitbit.FitbitMobile,2025-02-01 10:12:00+00:00,2025-02-01 10:11:00+00:00,0.006039,0.003752469956628183
com.google.android.apps.fitness,2025-02-01 10:12:00+00:00,2025-02-01 10:11:00+00:00,0.006039000034332275,0.003752469977961323
com.fitbit.FitbitMobile,2025-02-01 10:13:00+00:00,2025-02-01 10:12:00+00:00,0.00671,0.004169411062920203
com.google.android.apps.fitness,2025-02-01 10:13:00+00:00,2025-02-01 10:12:00+00:00,0.006710000038146972,0.004169411086623692
com.fitbit.FitbitMobile,2025-02-01 10:14:00+00:00,2025-02-01 10:13:00+00:00,0.027511,0.017094585357972834
com.google.android.apps.fitness,2025-02-01 10:14:00+00:00,2025-02-01 10:13:00+00:00,0.02751099967956543,0.01709458515886353
com.fitbit.FitbitMobile,2025-02-01 10:15:00+00:00,2025-02-01 10:14:00+00:00,0.036905,0.02293176084606112
com.google.android.apps.fitness,2025-02-01 10:15:00+00:00,2025-02-01 10:14:00+00:00,0.03690499877929688,0.022931760087549477
com.fitbit.FitbitMobile,2025-02-01 10:16:00+00:00,2025-02-01 10:15:00+00:00,0.014762,0.009172704338424448
com.google.android.apps.fitness,2025-02-01 10:16:00+00:00,2025-02-01 10:15:00+00:00,0.01476200008392334,0.009172704390572124
com.fitbit.FitbitMobile,2025-02-01 10:17:00+00:00,2025-02-01 10:16:00+00:00,0.000671,0.00041694110629202037
com.google.android.apps.fitness,2025-02-01 10:17:00+00:00,2025-02-01 10:16:00+00:00,0.0006710000038146973,0.00041694110866236924
com.fitbit.FitbitMobile,2025-02-01 10:18:00+00:00,2025-02-01 10:17:00+00:00,0.007381,0.004586352169212224
com.google.android.apps.fitness,2025-02-01 10:18:00+00:00,2025-02-01 10:17:00+00:00,0.00738100004196167,0.004586352195286062
com.fitbit.FitbitMobile,2025-02-01 10:19:00+00:00,2025-02-01 10:18:00+00:00,0.003355,0.0020847055314601017
com.google.android.apps.fitness,2025-02-01 10:19:00+00:00,2025-02-01 10:18:00+00:00,0.003355000019073486,0.002084705543311846
com.fitbit.FitbitMobile,2025-02-01 10:20:00+00:00,2025-02-01 10:19:00+00:00,0.01342,0.008338822125840407
com.google.android.apps.fitness,2025-02-01 10:20:00+00:00,2025-02-01 10:19:00+00:00,0.013420000076293945,0.008338822173247384
com.fitbit.FitbitMobile,2025-02-01 10:22:00+00:00,2025-02-01 10:21:00+00:00,0.004697,0.0029185877440441425
com.google.android.apps.fitness,2025-02-01 10:22:00+00:00,2025-02-01 10:21:00+00:00,0.004697000026702881,0.002918587760636585
com.fitbit.FitbitMobile,2025-02-01 10:23:00+00:00,2025-02-01 10:22:00+00:00,0.003355,0.0020847055314601017
com.google.android.apps.fitness,2025-02-01 10:23:00+00:00,2025-02-01 10:22:00+00:00,0.003355000019073486,0.002084705543311846
com.fitbit.FitbitMobile,2025-02-01 10:26:00+00:00,2025-02-01 10:25:00+00:00,0.001342,0.0008338822125840407
com.google.android.apps.fitness,2025-02-01 10:26:00+00:00,2025-02-01 10:25:00+00:00,0.0013420000076293946,0.0008338822173247385
com.fitbit.FitbitMobile,2025-02-01 10:27:00+00:00,2025-02-01 10:26:00+00:00,0.016104,0.010006586551008488
com.google.android.apps.fitness,2025-02-01 10:27:00+00:00,2025-02-01 10:26:00+00:00,0.016104000091552734,0.010006586607896861
com.fitbit.FitbitMobile,2025-02-01 10:28:00+00:00,2025-02-01 10:27:00+00:00,0.002013,0.001250823318876061
com.google.android.apps.fitness,2025-02-01 10:28:00+00:00,2025-02-01 10:27:00+00:00,0.002013000011444092,0.0012508233259871076
com.fitbit.FitbitMobile,2025-02-01 10:29:00+00:00,2025-02-01 10:28:00+00:00,0.012078,0.007504939913256366
com.google.android.apps.fitness,2025-02-01 10:29:00+00:00,2025-02-01 10:28:00+00:00,0.01207800006866455,0.007504939955922646
com.fitbit.FitbitMobile,2025-02-01 11:11:00+00:00,2025-02-01 11:10:00+00:00,0.000671,0.00041694110629202037
com.google.android.apps.fitness,2025-02-01 11:11:00+00:00,2025-02-01 11:10:00+00:00,0.0006710000038146973,0.00041694110866236924
com.fitbit.FitbitMobile,2025-02-01 11:12:00+00:00,2025-02-01 11:11:00+00:00,0.002684,0.0016677644251680815
com.google.android.apps.fitness,2025-02-01 11:12:00+00:00,2025-02-01 11:11:00+00:00,0.002684000015258789,0.001667764434649477
com.fitbit.FitbitMobile,2025-02-01 11:14:00+00:00,2025-02-01 11:13:00+00:00,0.000671,0.00041694110629202037
com.google.android.apps.fitness,2025-02-01 11:14:00+00:00,2025-02-01 11:13:00+00:00,0.0006710000038146973,0.00041694110866236924
com.fitbit.FitbitMobile,2025-02-01 11:15:00+00:00,2025-02-01 11:14:00+00:00,0.005368,0.003335528850336163
com.google.android.apps.fitness,2025-02-01 11:15:00+00:00,2025-02-01 11:14:00+00:00,0.005368000030517578,0.003335528869298954
com.fitbit.FitbitMobile,2025-02-01 11:22:00+00:00,2025-02-01 11:21:00+00:00,0.000671,0.00041694110629202037
com.google.android.apps.fitness,2025-02-01 11:22:00+00:00,2025-02-01 11:21:00+00:00,0.0006710000038146973,0.00041694110866236924
com.fitbit.FitbitMobile,2025-02-01 11:23:00+00:00,2025-02-01 11:22:00+00:00,0.000671,0.00041694110629202037
com.google.android.apps.fitness,2025-02-01 11:23:00+00:00,2025-02-01 11:22:00+00:00,0.0006710000038146973,0.00041694110866236924
com.fitbit.FitbitMobile,2025-02-01 11:29:00+00:00,2025-02-01 11:28:00+00:00,0.002013,0.001250823318876061
com.google.android.apps.fitness,2025-02-01 11:29:00+00:00,2025-02-01 11:28:00+00:00,0.002013000011444092,0.0012508233259871076
com.fitbit.FitbitMobile,2025-02-01 11:34:00+00:00,2025-02-01 11:33:00+00:00,0.002013,0.001250823318876061
com.google.android.apps.fitness,2025-02-01 11:34:00+00:00,2025-02-01 11:33:00+00:00,0.002013000011444092,0.0012508233259871076
com.fitbit.FitbitMobile,2025-02-01 11:43:00+00:00,2025-02-01 11:42:00+00:00,0.001342,0.0008338822125840407
com.google.android.apps.fitness,2025-02-01 11:43:00+00:00,2025-02-01 11:42:00+00:00,0.0013420000076293946,0.0008338822173247385
com.fitbit.FitbitMobile,2025-02-01 11:44:00+00:00,2025-02-01 11:43:00+00:00,0.008052,0.005003293275504244
com.google.android.apps.fitness,2025-02-01 11:44:00+00:00,2025-02-01 11:43:00+00:00,0.008052000045776367,0.0050032933039484305
com.fitbit.FitbitMobile,2025-02-01 11:46:00+00:00,2025-02-01 11:45:00+00:00,0.000671,0.00041694110629202037
com.google.android.apps.fitness,2025-02-01 11:46:00+00:00,2025-02-01 11:45:00+00:00,0.0006710000038146973,0.00041694110866236924
com.fitbit.FitbitMobile,2025-02-01 11:47:00+00:00,2025-02-01 11:46:00+00:00,0.010736,0.006671057700672326
com.google.android.apps.fitness,2025-02-01 11:47:00+00:00,2025-02-01 11:46:00+00:00,0.010736000061035157,0.006671057738597908
com.fitbit.FitbitMobile,2025-02-01 11:48:00+00:00,2025-02-01 11:47:00+00:00,0.010065,0.006254116594380305
com.google.android.apps.fitness,2025-02-01 11:48:00+00:00,2025-02-01 11:47:00+00:00,0.0100649995803833,0.006254116333641929
com.fitbit.FitbitMobile,2025-02-01 11:49:00+00:00,2025-02-01 11:48:00+00:00,0.016104,0.010006586551008488
com.google.android.apps.fitness,2025-02-01 11:49:00+00:00,2025-02-01 11:48:00+00:00,0.016104000091552734,0.010006586607896861
com.fitbit.FitbitMobile,2025-02-01 12:19:00+00:00,2025-02-01 12:18:00+00:00,0.000671,0.00041694110629202037
com.google.android.apps.fitness,2025-02-01 12:19:00+00:00,2025-02-01 12:18:00+00:00,0.0006710000038146973,0.00041694110866236924
com.fitbit.FitbitMobile,2025-02-01 12:20:00+00:00,2025-02-01 12:19:00+00:00,0.023485,0.014592938720220713
com.google.android.apps.fitness,2025-02-01 12:20:00+00:00,2025-02-01 12:19:00+00:00,0.023485000610351563,0.014592939099476534
com.fitbit.FitbitMobile,2025-02-01 12:21:00+00:00,2025-02-01 12:20:00+00:00,0.008052,0.005003293275504244
com.google.android.apps.fitness,2025-02-01 12:21:00+00:00,2025-02-01 12:20:00+00:00,0.008052000045776367,0.0050032933039484305
com.fitbit.FitbitMobile,2025-02-01 12:22:00+00:00,2025-02-01 12:21:00+00:00,0.000671,0.00041694110629202037
com.google.android.apps.fitness,2025-02-01 12:22:00+00:00,2025-02-01 12:21:00+00:00,0.0006710000038146973,0.00041694110866236924
com.fitbit.FitbitMobile,2025-02-01 12:23:00+00:00,2025-02-01 12:22:00+00:00,0.004697,0.0029185877440441425
com.google.android.apps.fitness,2025-02-01 12:23:00+00:00,2025-02-01 12:22:00+00:00,0.004697000026702881,0.002918587760636585
com.fitbit.FitbitMobile,2025-02-01 12:24:00+00:00,2025-02-01 12:23:00+00:00,0.034221,0.02126399642089304
com.google.android.apps.fitness,2025-02-01 12:24:00+00:00,2025-02-01 12:23:00+00:00,0.03422100067138672,0.02126399683807444
com.fitbit.FitbitMobile,2025-02-01 12:25:00+00:00,2025-02-01 12:24:00+00:00,0.021472,0.013342115401344652
com.google.android.apps.fitness,2025-02-01 12:25:00+00:00,2025-02-01 12:24:00+00:00,0.021472000122070314,0.013342115477195816
com.fitbit.FitbitMobile,2025-02-01 12:26:00+00:00,2025-02-01 12:25:00+00:00,0.059754,0.037129506505772555
com.google.android.apps.fitness,2025-02-01 12:26:00+00:00,2025-02-01 12:25:00+00:00,0.05975400161743164,0.03712950751080048
com.fitbit.FitbitMobile,2025-02-01 12:27:00+00:00,2025-02-01 12:26:00+00:00,0.008052,0.005003293275504244
com.google.android.apps.fitness,2025-02-01 12:27:00+00:00,2025-02-01 12:26:00+00:00,0.008052000045776367,0.0050032933039484305
com.fitbit.FitbitMobile,2025-02-01 12:37:00+00:00,2025-02-01 12:36:00+00:00,0.000671,0.00041694110629202037
com.google.android.apps.fitness,2025-02-01 12:37:00+00:00,2025-02-01 12:36:00+00:00,0.0006710000038146973,0.00041694110866236924
com.fitbit.FitbitMobile,2025-02-01 12:38:00+00:00,2025-02-01 12:37:00+00:00,0.004697,0.0029185877440441425
com.google.android.apps.fitness,2025-02-01 12:38:00+00:00,2025-02-01 12:37:00+00:00,0.004697000026702881,0.002918587760636585
com.fitbit.FitbitMobile,2025-02-01 12:39:00+00:00,2025-02-01 12:38:00+00:00,0.015433,0.009589645444716468
com.google.android.apps.fitness,2025-02-01 12:39:00+00:00,2025-02-01 12:38:00+00:00,0.01543299961090088,0.009589645202940882
com.fitbit.FitbitMobile,2025-02-01 12:40:00+00:00,2025-02-01 12:39:00+00:00,0.012749,0.007921881019548388
com.google.android.apps.fitness,2025-02-01 12:40:00+00:00,2025-02-01 12:39:00+00:00,0.01274899959564209,0.007921880768291405
com.fitbit.FitbitMobile,2025-02-01 12:41:00+00:00,2025-02-01 12:40:00+00:00,0.010065,0.006254116594380305
com.google.android.apps.fitness,2025-02-01 12:41:00+00:00,2025-02-01 12:40:00+00:00,0.0100649995803833,0.006254116333641929
com.fitbit.FitbitMobile,2025-02-01 12:42:00+00:00,2025-02-01 12:41:00+00:00,0.071012,0.04412492077497608
com.google.android.apps.fitness,2025-02-01 12:42:00+00:00,2025-02-01 12:41:00+00:00,0.07101200103759765,0.04412492141971097
com.fitbit.FitbitMobile,2025-02-01 12:43:00+00:00,2025-02-01 12:42:00+00:00,0.0866,0.05381087899387326
com.google.android.apps.fitness,2025-02-01 12:43:00+00:00,2025-02-01 12:42:00+00:00,0.08659999847412109,0.053810878045733715
com.fitbit.FitbitMobile,2025-02-01 12:44:00+00:00,2025-02-01 12:43:00+00:00,0.028182,0.017511526464264855
com.google.android.apps.fitness,2025-02-01 12:44:00+00:00,2025-02-01 12:43:00+00:00,0.02818199920654297,0.01751152597123229
com.fitbit.FitbitMobile,2025-02-01 12:45:00+00:00,2025-02-01 12:44:00+00:00,0.004697,0.0029185877440441425
com.google.android.apps.fitness,2025-02-01 12:45:00+00:00,2025-02-01 12:44:00+00:00,0.004697000026702881,0.002918587760636585
com.google.android.apps.fitness,2025-02-01 12:49:00+00:00,2025-02-01 12:48:00+00:00,0.017991817474365235,0.011179624861350141
com.fitbit.FitbitMobile,2025-02-01 12:53:00+00:00,2025-02-01 12:52:00+00:00,0.000671,0.00041694110629202037
com.google.android.apps.fitness,2025-02-01 12:53:00+00:00,2025-02-01 12:52:00+00:00,0.0006710000038146973,0.00041694110866236924
com.fitbit.FitbitMobile,2025-02-01 12:54:00+00:00,2025-02-01 12:53:00+00:00,0.008722999999999998,0.005420234381796264
com.google.android.apps.fitness,2025-02-01 12:54:00+00:00,2025-02-01 12:53:00+00:00,0.008722999572753905,0.00542023411631719
com.fitbit.FitbitMobile,2025-02-01 12:58:00+00:00,2025-02-01 12:57:00+00:00,0.002013,0.001250823318876061
com.google.android.apps.fitness,2025-02-01 12:58:00+00:00,2025-02-01 12:57:00+00:00,0.002013000011444092,0.0012508233259871076
com.fitbit.FitbitMobile,2025-02-01 12:59:00+00:00,2025-02-01 12:58:00+00:00,0.015433,0.009589645444716468
com.google.android.apps.fitness,2025-02-01 12:59:00+00:00,2025-02-01 12:58:00+00:00,0.01543299961090088,0.009589645202940882
com.fitbit.FitbitMobile,2025-02-01 13:01:00+00:00,2025-02-01 13:00:00+00:00,0.001342,0.0008338822125840407
com.google.android.apps.fitness,2025-02-01 13:01:00+00:00,2025-02-01 13:00:00+00:00,0.0013420000076293946,0.0008338822173247385
com.fitbit.FitbitMobile,2025-02-01 13:02:00+00:00,2025-02-01 13:01:00+00:00,0.002684,0.0016677644251680815
com.google.android.apps.fitness,2025-02-01 13:02:00+00:00,2025-02-01 13:01:00+00:00,0.002684000015258789,0.001667764434649477
com.fitbit.FitbitMobile,2025-02-01 13:03:00+00:00,2025-02-01 13:02:00+00:00,0.002684,0.0016677644251680815
com.google.android.apps.fitness,2025-02-01 13:03:00+00:00,2025-02-01 13:02:00+00:00,0.002684000015258789,0.001667764434649477
com.fitbit.FitbitMobile,2025-02-01 13:06:00+00:00,2025-02-01 13:05:00+00:00,0.001342,0.0008338822125840407
com.google.android.apps.fitness,2025-02-01 13:06:00+00:00,2025-02-01 13:05:00+00:00,0.0013420000076293946,0.0008338822173247385
com.fitbit.FitbitMobile,2025-02-01 13:07:00+00:00,2025-02-01 13:06:00+00:00,0.059754,0.037129506505772555
com.google.android.apps.fitness,2025-02-01 13:07:00+00:00,2025-02-01 13:06:00+00:00,0.05975400161743164,0.03712950751080048
com.fitbit.FitbitMobile,2025-02-01 13:08:00+00:00,2025-02-01 13:07:00+00:00,0.025498,0.015843762039096775
com.google.android.apps.fitness,2025-02-01 13:08:00+00:00,2025-02-01 13:07:00+00:00,0.02549799919128418,0.01584376153658281
com.fitbit.FitbitMobile,2025-02-01 13:09:00+00:00,2025-02-01 13:08:00+00:00,0.031537,0.01959623199572496
com.google.android.apps.fitness,2025-02-01 13:09:00+00:00,2025-02-01 13:08:00+00:00,0.03153700065612793,0.019596232403424965
com.fitbit.FitbitMobile,2025-02-01 13:10:00+00:00,2025-02-01 13:09:00+00:00,0.002013,0.001250823318876061
com.google.android.apps.fitness,2025-02-01 13:10:00+00:00,2025-02-01 13:09:00+00:00,0.002013000011444092,0.0012508233259871076
com.fitbit.FitbitMobile,2025-02-01 14:01:00+00:00,2025-02-01 14:00:00+00:00,0.001342,0.0008338822125840407
com.google.android.apps.fitness,2025-02-01 14:01:00+00:00,2025-02-01 14:00:00+00:00,0.0013420000076293946,0.0008338822173247385
com.fitbit.FitbitMobile,2025-02-01 14:02:00+00:00,2025-02-01 14:01:00+00:00,0.004026,0.002501646637752122
com.google.android.apps.fitness,2025-02-01 14:02:00+00:00,2025-02-01 14:01:00+00:00,0.004026000022888184,0.0025016466519742152
com.fitbit.FitbitMobile,2025-02-01 14:28:00+00:00,2025-02-01 14:27:00+00:00,0.002013,0.001250823318876061
com.google.android.apps.fitness,2025-02-01 14:28:00+00:00,2025-02-01 14:27:00+00:00,0.002013000011444092,0.0012508233259871076
com.fitbit.FitbitMobile,2025-02-01 14:29:00+00:00,2025-02-01 14:28:00+00:00,0.027511,0.017094585357972834
com.google.android.apps.fitness,2025-02-01 14:29:00+00:00,2025-02-01 14:28:00+00:00,0.02751099967956543,0.01709458515886353
com.fitbit.FitbitMobile,2025-02-01 14:30:00+00:00,2025-02-01 14:29:00+00:00,0.045628,0.028351995227857384
com.google.android.apps.fitness,2025-02-01 14:30:00+00:00,2025-02-01 14:29:00+00:00,0.04562799835205078,0.02835199420386667
com.fitbit.FitbitMobile,2025-02-01 14:31:00+00:00,2025-02-01 14:30:00+00:00,0.010065,0.006254116594380305
com.google.android.apps.fitness,2025-02-01 14:31:00+00:00,2025-02-01 14:30:00+00:00,0.0100649995803833,0.006254116333641929
com.fitbit.FitbitMobile,2025-02-01 14:32:00+00:00,2025-02-01 14:31:00+00:00,0.004026,0.002501646637752122
com.google.android.apps.fitness,2025-02-01 14:32:00+00:00,2025-02-01 14:31:00+00:00,0.004026000022888184,0.0025016466519742152
com.fitbit.FitbitMobile,2025-02-01 14:33:00+00:00,2025-02-01 14:32:00+00:00,0.004026,0.002501646637752122
com.google.android.apps.fitness,2025-02-01 14:33:00+00:00,2025-02-01 14:32:00+00:00,0.004026000022888184,0.0025016466519742152
com.fitbit.FitbitMobile,2025-02-01 14:34:00+00:00,2025-02-01 14:33:00+00:00,0.021472,0.013342115401344652
com.google.android.apps.fitness,2025-02-01 14:34:00+00:00,2025-02-01 14:33:00+00:00,0.021472000122070314,0.013342115477195816
com.fitbit.FitbitMobile,2025-02-01 14:35:00+00:00,2025-02-01 14:34:00+00:00,0.014762,0.009172704338424448
com.google.android.apps.fitness,2025-02-01 14:35:00+00:00,2025-02-01 14:34:00+00:00,0.01476200008392334,0.009172704390572124
com.fitbit.FitbitMobile,2025-02-01 14:36:00+00:00,2025-02-01 14:35:00+00:00,0.008722999999999998,0.005420234381796264
com.google.android.apps.fitness,2025-02-01 14:36:00+00:00,2025-02-01 14:35:00+00:00,0.008722999572753905,0.00542023411631719
com.fitbit.FitbitMobile,2025-02-01 14:49:00+00:00,2025-02-01 14:48:00+00:00,0.001342,0.0008338822125840407
com.google.android.apps.fitness,2025-02-01 14:49:00+00:00,2025-02-01 14:48:00+00:00,0.0013420000076293946,0.0008338822173247385
com.fitbit.FitbitMobile,2025-02-01 14:53:00+00:00,2025-02-01 14:52:00+00:00,0.000671,0.00041694110629202037
com.google.android.apps.fitness,2025-02-01 14:53:00+00:00,2025-02-01 14:52:00+00:00,0.0006710000038146973,0.00041694110866236924
com.fitbit.FitbitMobile,2025-02-01 14:54:00+00:00,2025-02-01 14:53:00+00:00,0.010736,0.006671057700672326
com.google.android.apps.fitness,2025-02-01 14:54:00+00:00,2025-02-01 14:53:00+00:00,0.010736000061035157,0.006671057738597908
com.fitbit.FitbitMobile,2025-02-01 14:55:00+00:00,2025-02-01 14:54:00+00:00,0.004026,0.002501646637752122
com.google.android.apps.fitness,2025-02-01 14:55:00+00:00,2025-02-01 14:54:00+00:00,0.004026000022888184,0.0025016466519742152
com.fitbit.FitbitMobile,2025-02-01 14:56:00+00:00,2025-02-01 14:55:00+00:00,0.016104,0.010006586551008488
com.google.android.apps.fitness,2025-02-01 14:56:00+00:00,2025-02-01 14:55:00+00:00,0.016104000091552734,0.010006586607896861
com.fitbit.FitbitMobile,2025-02-01 14:57:00+00:00,2025-02-01 14:56:00+00:00,0.005368,0.003335528850336163
com.google.android.apps.fitness,2025-02-01 14:57:00+00:00,2025-02-01 14:56:00+00:00,0.005368000030517578,0.003335528869298954
com.fitbit.FitbitMobile,2025-02-01 14:59:00+00:00,2025-02-01 14:58:00+00:00,0.02013,0.01250823318876061
com.google.android.apps.fitness,2025-02-01 14:59:00+00:00,2025-02-01 14:58:00+00:00,0.0201299991607666,0.012508232667283858
com.fitbit.FitbitMobile,2025-02-01 15:00:00+00:00,2025-02-01 14:59:00+00:00,0.072744,0.045201138354853544
com.google.android.apps.fitness,2025-02-01 15:00:00+00:00,2025-02-01 14:59:00+00:00,0.07274400329589843,0.045201140402834974
com.fitbit.FitbitMobile,2025-02-01 15:01:00+00:00,2025-02-01 15:00:00+00:00,0.008722999999999998,0.005420234381796264
com.google.android.apps.fitness,2025-02-01 15:01:00+00:00,2025-02-01 15:00:00+00:00,0.008722999572753905,0.00542023411631719
com.fitbit.FitbitMobile,2025-02-01 15:03:00+00:00,2025-02-01 15:02:00+00:00,0.00671,0.004169411062920203
com.google.android.apps.fitness,2025-02-01 15:03:00+00:00,2025-02-01 15:02:00+00:00,0.006710000038146972,0.004169411086623692
com.fitbit.FitbitMobile,2025-02-01 15:04:00+00:00,2025-02-01 15:03:00+00:00,0.085734,0.05327277020393454
com.google.android.apps.fitness,2025-02-01 15:04:00+00:00,2025-02-01 15:03:00+00:00,0.08573400115966796,0.053272770924520596
com.fitbit.FitbitMobile,2025-02-01 15:05:00+00:00,2025-02-01 15:04:00+00:00,0.032879,0.020430114208308994
com.google.android.apps.fitness,2025-02-01 15:05:00+00:00,2025-02-01 15:04:00+00:00,0.03287900161743164,0.020430115213336923
com.fitbit.FitbitMobile,2025-02-01 15:06:00+00:00,2025-02-01 15:05:00+00:00,0.039589,0.0245995252712292
com.google.android.apps.fitness,2025-02-01 15:06:00+00:00,2025-02-01 15:05:00+00:00,0.0395890007019043,0.024599525707373393
com.fitbit.FitbitMobile,2025-02-01 15:07:00+00:00,2025-02-01 15:06:00+00:00,0.062352,0.03874383287558875
com.google.android.apps.fitness,2025-02-01 15:07:00+00:00,2025-02-01 15:06:00+00:00,0.062352001190185545,0.038743833615137606
com.fitbit.FitbitMobile,2025-02-01 15:08:00+00:00,2025-02-01 15:07:00+00:00,0.016104,0.010006586551008488
com.google.android.apps.fitness,2025-02-01 15:08:00+00:00,2025-02-01 15:07:00+00:00,0.016104000091552734,0.010006586607896861
com.fitbit.FitbitMobile,2025-02-01 15:09:00+00:00,2025-02-01 15:08:00+00:00,0.028853,0.017928467570556876
com.google.android.apps.fitness,2025-02-01 15:09:00+00:00,2025-02-01 15:08:00+00:00,0.02885300064086914,0.017928467968775487
com.fitbit.FitbitMobile,2025-02-01 15:10:00+00:00,2025-02-01 15:09:00+00:00,0.014091,0.008755763232132428
com.google.android.apps.fitness,2025-02-01 15:10:00+00:00,2025-02-01 15:09:00+00:00,0.014090999603271485,0.008755762985616145
com.fitbit.FitbitMobile,2025-02-01 15:11:00+00:00,2025-02-01 15:10:00+00:00,0.002013,0.001250823318876061
com.google.android.apps.fitness,2025-02-01 15:11:00+00:00,2025-02-01 15:10:00+00:00,0.002013000011444092,0.0012508233259871076
com.fitbit.FitbitMobile,2025-02-01 15:12:00+00:00,2025-02-01 15:11:00+00:00,0.000671,0.00041694110629202037
com.google.android.apps.fitness,2025-02-01 15:12:00+00:00,2025-02-01 15:11:00+00:00,0.0006710000038146973,0.00041694110866236924
com.fitbit.FitbitMobile,2025-02-01 15:16:00+00:00,2025-02-01 15:15:00+00:00,0.000671,0.00041694110629202037
com.google.android.apps.fitness,2025-02-01 15:16:00+00:00,2025-02-01 15:15:00+00:00,0.0006710000038146973,0.00041694110866236924
com.fitbit.FitbitMobile,2025-02-01 15:17:00+00:00,2025-02-01 15:16:00+00:00,0.002013,0.001250823318876061
com.google.android.apps.fitness,2025-02-01 15:17:00+00:00,2025-02-01 15:16:00+00:00,0.002013000011444092,0.0012508233259871076
com.fitbit.FitbitMobile,2025-02-01 15:19:00+00:00,2025-02-01 15:18:00+00:00,0.000671,0.00041694110629202037
com.google.android.apps.fitness,2025-02-01 15:19:00+00:00,2025-02-01 15:18:00+00:00,0.0006710000038146973,0.00041694110866236924
com.fitbit.FitbitMobile,2025-02-01 15:20:00+00:00,2025-02-01 15:19:00+00:00,0.022143,0.013759056507636673
com.google.android.apps.fitness,2025-02-01 15:20:00+00:00,2025-02-01 15:19:00+00:00,0.02214299964904785,0.013759056289564574
com.fitbit.FitbitMobile,2025-02-01 15:21:00+00:00,2025-02-01 15:20:00+00:00,0.005368,0.003335528850336163
com.google.android.apps.fitness,2025-02-01 15:21:00+00:00,2025-02-01 15:20:00+00:00,0.005368000030517578,0.003335528869298954
com.fitbit.FitbitMobile,2025-02-01 15:22:00+00:00,2025-02-01 15:21:00+00:00,0.016104,0.010006586551008488
com.google.android.apps.fitness,2025-02-01 15:22:00+00:00,2025-02-01 15:21:00+00:00,0.016104000091552734,0.010006586607896861
com.fitbit.FitbitMobile,2025-02-01 15:23:00+00:00,2025-02-01 15:22:00+00:00,0.001342,0.0008338822125840407
com.google.android.apps.fitness,2025-02-01 15:23:00+00:00,2025-02-01 15:22:00+00:00,0.0013420000076293946,0.0008338822173247385
com.fitbit.FitbitMobile,2025-02-01 15:24:00+00:00,2025-02-01 15:23:00+00:00,0.031537,0.01959623199572496
com.google.android.apps.fitness,2025-02-01 15:24:00+00:00,2025-02-01 15:23:00+00:00,0.03153700065612793,0.019596232403424965
com.fitbit.FitbitMobile,2025-02-01 15:28:00+00:00,2025-02-01 15:27:00+00:00,0.000671,0.00041694110629202037
com.google.android.apps.fitness,2025-02-01 15:28:00+00:00,2025-02-01 15:27:00+00:00,0.0006710000038146973,0.00041694110866236924
com.fitbit.FitbitMobile,2025-02-01 15:29:00+00:00,2025-02-01 15:28:00+00:00,0.004026,0.002501646637752122
com.google.android.apps.fitness,2025-02-01 15:29:00+00:00,2025-02-01 15:28:00+00:00,0.004026000022888184,0.0025016466519742152
com.fitbit.FitbitMobile,2025-02-01 15:30:00+00:00,2025-02-01 15:29:00+00:00,0.008052,0.005003293275504244
com.google.android.apps.fitness,2025-02-01 15:30:00+00:00,2025-02-01 15:29:00+00:00,0.008052000045776367,0.0050032933039484305
com.fitbit.FitbitMobile,2025-02-01 15:31:00+00:00,2025-02-01 15:30:00+00:00,0.005368,0.003335528850336163
com.google.android.apps.fitness,2025-02-01 15:31:00+00:00,2025-02-01 15:30:00+00:00,0.005368000030517578,0.003335528869298954
com.google.android.apps.fitness,2025-02-01 15:31:00+00:00,2025-02-01 15:31:00+00:00,3.3318178611807527e-07,2.0703007824205903e-07
com.fitbit.FitbitMobile,2025-02-01 15:32:00+00:00,2025-02-01 15:31:00+00:00,0.002684,0.0016677644251680815
com.google.android.apps.fitness,2025-02-01 15:32:00+00:00,2025-02-01 15:31:00+00:00,0.002684000015258789,0.001667764434649477
com.fitbit.FitbitMobile,2025-02-01 15:33:00+00:00,2025-02-01 15:32:00+00:00,0.003355,0.0020847055314601017
com.google.android.apps.fitness,2025-02-01 15:33:00+00:00,2025-02-01 15:32:00+00:00,0.003355000019073486,0.002084705543311846
com.fitbit.FitbitMobile,2025-02-01 15:34:00+00:00,2025-02-01 15:33:00+00:00,0.004697,0.0029185877440441425
com.google.android.apps.fitness,2025-02-01 15:34:00+00:00,2025-02-01 15:33:00+00:00,0.004697000026702881,0.002918587760636585
com.fitbit.FitbitMobile,2025-02-01 15:35:00+00:00,2025-02-01 15:34:00+00:00,0.014091,0.008755763232132428
com.google.android.apps.fitness,2025-02-01 15:35:00+00:00,2025-02-01 15:34:00+00:00,0.014090999603271485,0.008755762985616145
com.fitbit.FitbitMobile,2025-02-01 15:36:00+00:00,2025-02-01 15:35:00+00:00,0.019459,0.01209129208246859
com.google.android.apps.fitness,2025-02-01 15:36:00+00:00,2025-02-01 15:35:00+00:00,0.019458999633789064,0.012091291854915098
com.fitbit.FitbitMobile,2025-02-01 15:37:00+00:00,2025-02-01 15:36:00+00:00,0.015433,0.009589645444716468
com.google.android.apps.fitness,2025-02-01 15:37:00+00:00,2025-02-01 15:36:00+00:00,0.01543299961090088,0.009589645202940882
com.fitbit.FitbitMobile,2025-02-01 16:12:00+00:00,2025-02-01 16:11:00+00:00,0.001342,0.0008338822125840407
com.google.android.apps.fitness,2025-02-01 16:12:00+00:00,2025-02-01 16:11:00+00:00,0.0013420000076293946,0.0008338822173247385
com.fitbit.FitbitMobile,2025-02-01 16:13:00+00:00,2025-02-01 16:12:00+00:00,0.002684,0.0016677644251680815
com.google.android.apps.fitness,2025-02-01 16:13:00+00:00,2025-02-01 16:12:00+00:00,0.002684000015258789,0.001667764434649477
com.fitbit.FitbitMobile,2025-02-01 16:19:00+00:00,2025-02-01 16:18:00+00:00,0.000671,0.00041694110629202037
com.google.android.apps.fitness,2025-02-01 16:19:00+00:00,2025-02-01 16:18:00+00:00,0.0006710000038146973,0.00041694110866236924
com.fitbit.FitbitMobile,2025-02-01 16:40:00+00:00,2025-02-01 16:39:00+00:00,0.002684,0.0016677644251680815
com.google.android.apps.fitness,2025-02-01 16:40:00+00:00,2025-02-01 16:39:00+00:00,0.002684000015258789,0.001667764434649477
com.fitbit.FitbitMobile,2025-02-01 16:44:00+00:00,2025-02-01 16:43:00+00:00,0.006039,0.003752469956628183
com.google.android.apps.fitness,2025-02-01 16:44:00+00:00,2025-02-01 16:43:00+00:00,0.006039000034332275,0.003752469977961323
com.fitbit.FitbitMobile,2025-02-01 16:45:00+00:00,2025-02-01 16:44:00+00:00,0.001342,0.0008338822125840407
com.google.android.apps.fitness,2025-02-01 16:45:00+00:00,2025-02-01 16:44:00+00:00,0.0013420000076293946,0.0008338822173247385
com.google.android.apps.fitness,2025-02-01 16:49:00+00:00,2025-02-01 16:48:00+00:00,0.022656364440917967,0.014078047175188568
com.google.android.apps.fitness,2025-02-01 17:16:00+00:00,2025-02-01 17:14:00+00:00,0.03731636428833008,0.023187371399660782
com.google.android.apps.fitness,2025-02-01 17:34:00+00:00,2025-02-01 17:33:00+00:00,0.06951002502441406,0.04319163447401672
com.google.android.apps.fitness,2025-02-01 17:35:00+00:00,2025-02-01 17:34:00+00:00,0.007159583568572998,0.004448770035277194
com.google.android.apps.fitness,2025-02-01 17:35:00+00:00,2025-02-01 17:35:00+00:00,0.031790445327758786,0.019753716012625544
com.google.android.apps.fitness,2025-02-01 17:40:00+00:00,2025-02-01 17:38:00+00:00,0.0446463623046875,0.027742032326722448
com.google.android.apps.fitness,2025-02-01 17:41:00+00:00,2025-02-01 17:40:00+00:00,0.041980907440185546,0.026085791343150328
com.google.android.apps.fitness,2025-02-01 18:41:00+00:00,2025-02-01 18:40:00+00:00,0.012265151023864745,0.007621230457122017
com.google.android.apps.fitness,2025-02-01 18:42:00+00:00,2025-02-01 18:42:00+00:00,0.002024508237838745,0.001257974224115939
com.google.android.apps.fitness,2025-02-01 19:10:00+00:00,2025-02-01 19:09:00+00:00,0.01932454490661621,0.0120077453531362
com.google.android.apps.fitness,2025-02-01 19:12:00+00:00,2025-02-01 19:11:00+00:00,0.021323637008666994,0.013249926683402509
com.google.android.apps.fitness,2025-02-01 21:00:00+00:00,2025-02-01 20:59:00+00:00,0.022656364440917967,0.014078047175188568
com.google.android.apps.fitness,2025-02-01 21:00:00+00:00,2025-02-01 21:00:00+00:00,0.005330909252166748,0.003312481670850627
com.google.android.apps.fitness,2025-02-01 21:02:00+00:00,2025-02-01 21:01:00+00:00,0.017991817474365235,0.011179624861350141
com.google.android.apps.fitness,2025-02-01 21:02:00+00:00,2025-02-01 21:02:00+00:00,0.011328182220458984,0.007039023587594284
com.fitbit.FitbitMobile,2025-02-01 21:48:00+00:00,2025-02-01 21:47:00+00:00,0.007381,0.004586352169212224
com.google.android.apps.fitness,2025-02-01 21:48:00+00:00,2025-02-01 21:47:00+00:00,0.00738100004196167,0.004586352195286062
com.fitbit.FitbitMobile,2025-02-01 21:49:00+00:00,2025-02-01 21:48:00+00:00,0.022814,0.014175997613928692
com.google.android.apps.fitness,2025-02-01 21:49:00+00:00,2025-02-01 21:48:00+00:00,0.02281399917602539,0.014175997101933334
com.google.android.apps.fitness,2025-02-01 21:51:00+00:00,2025-02-01 21:50:00+00:00,0.01932454490661621,0.0120077453531362
com.google.android.apps.fitness,2025-02-01 21:59:00+00:00,2025-02-01 21:58:00+00:00,0.02332272720336914,0.014492106828494378
com.fitbit.FitbitMobile,2025-02-01 22:11:00+00:00,2025-02-01 22:10:00+00:00,0.00671,0.004169411062920203
com.google.android.apps.fitness,2025-02-01 22:11:00+00:00,2025-02-01 22:10:00+00:00,0.006710000038146972,0.004169411086623692
com.fitbit.FitbitMobile,2025-02-01 22:12:00+00:00,2025-02-01 22:11:00+00:00,0.004026,0.002501646637752122
com.google.android.apps.fitness,2025-02-01 22:12:00+00:00,2025-02-01 22:11:00+00:00,0.004026000022888184,0.0025016466519742152
com.google.android.apps.fitness,2025-02-01 22:27:00+00:00,2025-02-01 22:26:00+00:00,0.02065727233886719,0.012835865844922259
com.fitbit.FitbitMobile,2025-02-01 22:31:00+00:00,2025-02-01 22:30:00+00:00,0.000671,0.00041694110629202037
com.google.android.apps.fitness,2025-02-01 22:31:00+00:00,2025-02-01 22:30:00+00:00,0.0006710000038146973,0.00041694110866236924
com.fitbit.FitbitMobile,2025-02-01 22:32:00+00:00,2025-02-01 22:31:00+00:00,0.009394,0.005837175488088285
com.google.android.apps.fitness,2025-02-01 22:32:00+00:00,2025-02-01 22:31:00+00:00,0.009394000053405762,0.00583717552127317
com.fitbit.FitbitMobile,2025-02-01 22:33:00+00:00,2025-02-01 22:32:00+00:00,0.02013,0.01250823318876061
com.google.android.apps.fitness,2025-02-01 22:33:00+00:00,2025-02-01 22:32:00+00:00,0.0201299991607666,0.012508232667283858
com.google.android.apps.fitness,2025-02-01 22:33:00+00:00,2025-02-01 22:33:00+00:00,2.7765153208747505e-07,1.7252509232820603e-07
com.fitbit.FitbitMobile,2025-02-01 22:34:00+00:00,2025-02-01 22:33:00+00:00,0.003355,0.0020847055314601017
com.google.android.apps.fitness,2025-02-01 22:34:00+00:00,2025-02-01 22:33:00+00:00,0.003355000019073486,0.002084705543311846
com.fitbit.FitbitMobile,2025-02-01 22:51:00+00:00,2025-02-01 22:50:00+00:00,0.002013,0.001250823318876061
com.google.android.apps.fitness,2025-02-01 22:51:00+00:00,2025-02-01 22:50:00+00:00,0.002013000011444092,0.0012508233259871076
com.fitbit.FitbitMobile,2025-02-01 22:52:00+00:00,2025-02-01 22:51:00+00:00,0.026169,0.016260703145388793
com.google.android.apps.fitness,2025-02-01 22:52:00+00:00,2025-02-01 22:51:00+00:00,0.026169000625610353,0.01626070353412601
com.fitbit.FitbitMobile,2025-02-01 22:53:00+00:00,2025-02-01 22:52:00+00:00,0.006039,0.003752469956628183
com.google.android.apps.fitness,2025-02-01 22:53:00+00:00,2025-02-01 22:52:00+00:00,0.006039000034332275,0.003752469977961323
com.fitbit.FitbitMobile,2025-02-01 22:55:00+00:00,2025-02-01 22:54:00+00:00,0.001342,0.0008338822125840407
com.google.android.apps.fitness,2025-02-01 22:55:00+00:00,2025-02-01 22:54:00+00:00,0.0013420000076293946,0.0008338822173247385
com.fitbit.FitbitMobile,2025-02-01 22:56:00+00:00,2025-02-01 22:55:00+00:00,0.002684,0.0016677644251680815
com.google.android.apps.fitness,2025-02-01 22:56:00+00:00,2025-02-01 22:55:00+00:00,0.002684000015258789,0.001667764434649477
com.fitbit.FitbitMobile,2025-02-01 22:59:00+00:00,2025-02-01 22:58:00+00:00,0.000671,0.00041694110629202037
com.google.android.apps.fitness,2025-02-01 22:59:00+00:00,2025-02-01 22:58:00+00:00,0.0006710000038146973,0.00041694110866236924
com.fitbit.FitbitMobile,2025-02-01 23:00:00+00:00,2025-02-01 22:59:00+00:00,0.014091,0.008755763232132428
com.google.android.apps.fitness,2025-02-01 23:00:00+00:00,2025-02-01 22:59:00+00:00,0.014090999603271485,0.008755762985616145
com.fitbit.FitbitMobile,2025-02-01 23:28:00+00:00,2025-02-01 23:27:00+00:00,0.000671,0.00041694110629202037
com.google.android.apps.fitness,2025-02-01 23:28:00+00:00,2025-02-01 23:27:00+00:00,0.0006710000038146973,0.00041694110866236924
com.fitbit.FitbitMobile,2025-02-01 23:29:00+00:00,2025-02-01 23:28:00+00:00,0.000671,0.00041694110629202037
com.google.android.apps.fitness,2025-02-01 23:29:00+00:00,2025-02-01 23:28:00+00:00,0.0006710000038146973,0.00041694110866236924
com.google.android.apps.fitness,2025-02-01 23:34:00+00:00,2025-02-01 23:33:00+00:00,0.022656364440917967,0.014078047175188568
com.google.android.apps.fitness,2025-02-01 23:40:00+00:00,2025-02-01 23:39:00+00:00,0.02065727233886719,0.012835865844922259
com.google.android.apps.fitness,2025-02-01 23:43:00+00:00,2025-02-01 23:42:00+00:00,0.01865818214416504,0.011593685699830391
com.google.android.apps.fitness,2025-02-01 23:44:00+00:00,2025-02-01 23:43:00+00:00,0.01399363613128662,0.008695263978579183
com.google.android.apps.fitness,2025-02-01 23:45:00+00:00,2025-02-01 23:44:00+00:00,0.0406481819152832,0.025257672036538708
com.google.android.apps.fitness,2025-02-01 23:46:00+00:00,2025-02-01 23:45:00+00:00,0.029986364364624023,0.018632709287424675
com.google.android.apps.fitness,2025-02-01 23:49:00+00:00,2025-02-01 23:48:00+00:00,0.016659090042114258,0.010351504369564082
com.google.android.apps.fitness,2025-02-01 23:56:00+00:00,2025-02-01 23:56:00+00:00,0.005827059745788574,0.0036207760608625737
com.google.android.apps.fitness,2025-02-02 01:18:00+00:00,2025-02-02 01:18:00+00:00,0.021989999771118166,0.013663986336708319
com.google.android.apps.fitness,2025-02-02 01:50:00+00:00,2025-02-02 01:50:00+00:00,0.021323637008666994,0.013249926683402509
com.google.android.apps.fitness,2025-02-02 01:54:00+00:00,2025-02-02 01:52:00+00:00,0.04397999954223633,0.027327972673416637
com.google.android.apps.fitness,2025-02-02 01:56:00+00:00,2025-02-02 01:54:00+00:00,0.03598363494873047,0.022359249722700283
com.google.android.apps.fitness,2025-02-02 01:56:00+00:00,2025-02-02 01:56:00+00:00,0.029986364364624023,0.018632709287424675
com.google.android.apps.fitness,2025-02-02 02:09:00+00:00,2025-02-02 02:08:00+00:00,0.01932454490661621,0.0120077453531362
com.google.android.apps.fitness,2025-02-02 02:09:00+00:00,2025-02-02 02:09:00+00:00,0.006497176647186279,0.004037168433759355
com.google.android.apps.fitness,2025-02-02 02:12:00+00:00,2025-02-02 02:11:00+00:00,0.06388347244262696,0.03969544809836763
com.google.android.apps.fitness,2025-02-02 02:13:00+00:00,2025-02-02 02:12:00+00:00,0.09402079772949219,0.0584219603871725
com.google.android.apps.fitness,2025-02-02 02:37:00+00:00,2025-02-02 02:36:00+00:00,0.03438061904907227,0.02136317934623651
com.google.android.apps.fitness,2025-02-02 02:37:00+00:00,2025-02-02 02:37:00+00:00,0.022656364440917967,0.014078047175188568
com.google.android.apps.fitness,2025-02-02 02:38:00+00:00,2025-02-02 02:37:00+00:00,0.021989999771118166,0.013663986336708319
com.google.android.apps.fitness,2025-02-02 02:39:00+00:00,2025-02-02 02:38:00+00:00,0.021323637008666994,0.013249926683402509
com.fitbit.FitbitMobile,2025-02-02 03:36:00+00:00,2025-02-02 03:35:00+00:00,0.000671,0.00041694110629202037
com.google.android.apps.fitness,2025-02-02 03:36:00+00:00,2025-02-02 03:35:00+00:00,0.0006710000038146973,0.00041694110866236924
com.fitbit.FitbitMobile,2025-02-02 03:37:00+00:00,2025-02-02 03:36:00+00:00,0.000671,0.00041694110629202037
com.google.android.apps.fitness,2025-02-02 03:37:00+00:00,2025-02-02 03:36:00+00:00,0.0006710000038146973,0.00041694110866236924
com.fitbit.FitbitMobile,2025-02-02 03:53:00+00:00,2025-02-02 03:52:00+00:00,0.000671,0.00041694110629202037
com.google.android.apps.fitness,2025-02-02 03:53:00+00:00,2025-02-02 03:52:00+00:00,0.0006710000038146973,0.00041694110866236924
com.fitbit.FitbitMobile,2025-02-02 03:54:00+00:00,2025-02-02 03:53:00+00:00,0.02013,0.01250823318876061
com.google.android.apps.fitness,2025-02-02 03:54:00+00:00,2025-02-02 03:53:00+00:00,0.0201299991607666,0.012508232667283858
com.fitbit.FitbitMobile,2025-02-02 03:55:00+00:00,2025-02-02 03:54:00+00:00,0.002013,0.001250823318876061
com.google.android.apps.fitness,2025-02-02 03:55:00+00:00,2025-02-02 03:54:00+00:00,0.002013000011444092,0.0012508233259871076
com.fitbit.FitbitMobile,2025-02-02 03:56:00+00:00,2025-02-02 03:55:00+00:00,0.004026,0.002501646637752122
com.google.android.apps.fitness,2025-02-02 03:56:00+00:00,2025-02-02 03:55:00+00:00,0.004026000022888184,0.0025016466519742152
com.fitbit.FitbitMobile,2025-02-02 03:57:00+00:00,2025-02-02 03:56:00+00:00,0.014762,0.009172704338424448
com.google.android.apps.fitness,2025-02-02 03:57:00+00:00,2025-02-02 03:56:00+00:00,0.01476200008392334,0.009172704390572124
com.google.android.apps.fitness,2025-02-02 03:59:00+00:00,2025-02-02 03:59:00+00:00,0.005880123138427735,0.0036537482063626918
com.google.android.apps.fitness,2025-02-02 04:00:00+00:00,2025-02-02 03:59:00+00:00,0.0446463623046875,0.027742032326722448
com.google.android.apps.fitness,2025-02-02 04:00:00+00:00,2025-02-02 04:00:00+00:00,0.02910940933227539,0.018087793339055386
com.google.android.apps.fitness,2025-02-02 04:04:00+00:00,2025-02-02 04:03:00+00:00,0.023989091873168944,0.014906167666974628
com.google.android.apps.fitness,2025-02-02 04:05:00+00:00,2025-02-02 04:04:00+00:00,0.01865818214416504,0.011593685699830391
com.google.android.apps.fitness,2025-02-02 04:06:00+00:00,2025-02-02 04:05:00+00:00,0.007996363639831543,0.004968722358129136
com.fitbit.FitbitMobile,2025-02-02 04:24:00+00:00,2025-02-02 04:23:00+00:00,0.002684,0.0016677644251680815
com.google.android.apps.fitness,2025-02-02 04:24:00+00:00,2025-02-02 04:23:00+00:00,0.002684000015258789,0.001667764434649477
com.fitbit.FitbitMobile,2025-02-02 04:25:00+00:00,2025-02-02 04:24:00+00:00,0.025498,0.015843762039096775
com.google.android.apps.fitness,2025-02-02 04:25:00+00:00,2025-02-02 04:24:00+00:00,0.02549799919128418,0.01584376153658281
com.google.android.apps.fitness,2025-02-02 04:26:00+00:00,2025-02-02 04:25:00+00:00,0.013327272415161132,0.008281203732686152
com.google.android.apps.fitness,2025-02-02 04:29:00+00:00,2025-02-02 04:28:00+00:00,0.016659090042114258,0.010351504369564082
com.google.android.apps.fitness,2025-02-02 04:30:00+00:00,2025-02-02 04:29:00+00:00,0.061655956268310545,0.03831133027720093
com.google.android.apps.fitness,2025-02-02 04:34:00+00:00,2025-02-02 04:31:00+00:00,0.05730727386474609,0.03560917759127723
com.google.android.apps.fitness,2025-02-02 04:34:00+00:00,2025-02-02 04:34:00+00:00,0.017101959228515626,0.010626691207896173
com.google.android.apps.fitness,2025-02-02 04:35:00+00:00,2025-02-02 04:34:00+00:00,0.036650001525878904,0.022773311746354972
com.google.android.apps.fitness,2025-02-02 04:36:00+00:00,2025-02-02 04:35:00+00:00,0.036650001525878904,0.022773311746354972
com.google.android.apps.fitness,2025-02-02 04:37:00+00:00,2025-02-02 04:36:00+00:00,0.0446463623046875,0.027742032326722448
com.google.android.apps.fitness,2025-02-02 04:38:00+00:00,2025-02-02 04:37:00+00:00,0.016659090042114258,0.010351504369564082
com.google.android.apps.fitness,2025-02-02 04:39:00+00:00,2025-02-02 04:38:00+00:00,0.017325454711914063,0.010765565208044331
com.google.android.apps.fitness,2025-02-02 04:39:00+00:00,2025-02-02 04:39:00+00:00,0.02686155128479004,0.01669103563248912
com.google.android.apps.fitness,2025-02-02 04:50:00+00:00,2025-02-02 04:50:00+00:00,0.021323637008666994,0.013249926683402509
com.google.android.apps.fitness,2025-02-02 04:52:00+00:00,2025-02-02 04:51:00+00:00,0.016659090042114258,0.010351504369564082
com.fitbit.FitbitMobile,2025-02-02 04:56:00+00:00,2025-02-02 04:55:00+00:00,0.000671,0.00041694110629202037
com.google.android.apps.fitness,2025-02-02 04:56:00+00:00,2025-02-02 04:55:00+00:00,0.0006710000038146973,0.00041694110866236924
com.fitbit.FitbitMobile,2025-02-02 04:57:00+00:00,2025-02-02 04:56:00+00:00,0.00671,0.004169411062920203
com.google.android.apps.fitness,2025-02-02 04:57:00+00:00,2025-02-02 04:56:00+00:00,0.006710000038146972,0.004169411086623692
com.google.android.apps.fitness,2025-02-02 05:05:00+00:00,2025-02-02 05:05:00+00:00,0.010581311225891113,0.006574938313775283
com.google.android.apps.fitness,2025-02-02 05:06:00+00:00,2025-02-02 05:06:00+00:00,0.023989091873168944,0.014906167666974628
com.fitbit.FitbitMobile,2025-02-02 05:20:00+00:00,2025-02-02 05:19:00+00:00,0.000671,0.00041694110629202037
com.google.android.apps.fitness,2025-02-02 05:20:00+00:00,2025-02-02 05:19:00+00:00,0.0006710000038146973,0.00041694110866236924
com.fitbit.FitbitMobile,2025-02-02 05:21:00+00:00,2025-02-02 05:20:00+00:00,0.003355,0.0020847055314601017
com.google.android.apps.fitness,2025-02-02 05:21:00+00:00,2025-02-02 05:20:00+00:00,0.003355000019073486,0.002084705543311846
com.fitbit.FitbitMobile,2025-02-02 05:35:00+00:00,2025-02-02 05:34:00+00:00,0.000671,0.00041694110629202037
com.google.android.apps.fitness,2025-02-02 05:35:00+00:00,2025-02-02 05:34:00+00:00,0.0006710000038146973,0.00041694110866236924
com.fitbit.FitbitMobile,2025-02-02 05:36:00+00:00,2025-02-02 05:35:00+00:00,0.008722999999999998,0.005420234381796264
com.google.android.apps.fitness,2025-02-02 05:36:00+00:00,2025-02-02 05:35:00+00:00,0.008722999572753905,0.00542023411631719
com.fitbit.FitbitMobile,2025-02-02 05:37:00+00:00,2025-02-02 05:36:00+00:00,0.029524,0.018345408676848897
com.google.android.apps.fitness,2025-02-02 05:37:00+00:00,2025-02-02 05:36:00+00:00,0.02952400016784668,0.018345408781144247
com.fitbit.FitbitMobile,2025-02-02 05:40:00+00:00,2025-02-02 05:39:00+00:00,0.000671,0.00041694110629202037
com.google.android.apps.fitness,2025-02-02 05:40:00+00:00,2025-02-02 05:39:00+00:00,0.0006710000038146973,0.00041694110866236924
com.fitbit.FitbitMobile,2025-02-02 05:41:00+00:00,2025-02-02 05:40:00+00:00,0.024156,0.015009879826512732
com.google.android.apps.fitness,2025-02-02 05:41:00+00:00,2025-02-02 05:40:00+00:00,0.0241560001373291,0.015009879911845292
com.fitbit.FitbitMobile,2025-02-02 05:42:00+00:00,2025-02-02 05:41:00+00:00,0.004026,0.002501646637752122
com.google.android.apps.fitness,2025-02-02 05:42:00+00:00,2025-02-02 05:41:00+00:00,0.004026000022888184,0.0025016466519742152
com.fitbit.FitbitMobile,2025-02-02 05:43:00+00:00,2025-02-02 05:42:00+00:00,0.001342,0.0008338822125840407
com.google.android.apps.fitness,2025-02-02 05:43:00+00:00,2025-02-02 05:42:00+00:00,0.0013420000076293946,0.0008338822173247385
com.fitbit.FitbitMobile,2025-02-02 05:44:00+00:00,2025-02-02 05:43:00+00:00,0.012749,0.007921881019548388
com.google.android.apps.fitness,2025-02-02 05:44:00+00:00,2025-02-02 05:43:00+00:00,0.01274899959564209,0.007921880768291405
com.fitbit.FitbitMobile,2025-02-02 05:45:00+00:00,2025-02-02 05:44:00+00:00,0.012749,0.007921881019548388
com.google.android.apps.fitness,2025-02-02 05:45:00+00:00,2025-02-02 05:44:00+00:00,0.01274899959564209,0.007921880768291405
com.fitbit.FitbitMobile,2025-02-02 05:47:00+00:00,2025-02-02 05:46:00+00:00,0.000671,0.00041694110629202037
com.google.android.apps.fitness,2025-02-02 05:47:00+00:00,2025-02-02 05:46:00+00:00,0.0006710000038146973,0.00041694110866236924
com.fitbit.FitbitMobile,2025-02-02 05:48:00+00:00,2025-02-02 05:47:00+00:00,0.018117,0.01125740986988455
com.google.android.apps.fitness,2025-02-02 05:48:00+00:00,2025-02-02 05:47:00+00:00,0.018117000579833984,0.011257410230177579
com.fitbit.FitbitMobile,2025-02-02 05:49:00+00:00,2025-02-02 05:48:00+00:00,0.004697,0.0029185877440441425
com.google.android.apps.fitness,2025-02-02 05:49:00+00:00,2025-02-02 05:48:00+00:00,0.004697000026702881,0.002918587760636585
com.fitbit.FitbitMobile,2025-02-02 05:50:00+00:00,2025-02-02 05:49:00+00:00,0.006039,0.003752469956628183
com.google.android.apps.fitness,2025-02-02 05:50:00+00:00,2025-02-02 05:49:00+00:00,0.006039000034332275,0.003752469977961323
com.fitbit.FitbitMobile,2025-02-02 05:51:00+00:00,2025-02-02 05:50:00+00:00,0.001342,0.0008338822125840407
com.google.android.apps.fitness,2025-02-02 05:51:00+00:00,2025-02-02 05:50:00+00:00,0.0013420000076293946,0.0008338822173247385
com.fitbit.FitbitMobile,2025-02-02 05:52:00+00:00,2025-02-02 05:51:00+00:00,0.010736,0.006671057700672326
com.google.android.apps.fitness,2025-02-02 05:52:00+00:00,2025-02-02 05:51:00+00:00,0.010736000061035157,0.006671057738597908
com.fitbit.FitbitMobile,2025-02-02 05:53:00+00:00,2025-02-02 05:52:00+00:00,0.019459,0.01209129208246859
com.google.android.apps.fitness,2025-02-02 05:53:00+00:00,2025-02-02 05:52:00+00:00,0.019458999633789064,0.012091291854915098
com.fitbit.FitbitMobile,2025-02-02 06:20:00+00:00,2025-02-02 06:19:00+00:00,0.002013,0.001250823318876061
com.google.android.apps.fitness,2025-02-02 06:20:00+00:00,2025-02-02 06:19:00+00:00,0.002013000011444092,0.0012508233259871076
com.fitbit.FitbitMobile,2025-02-02 07:57:00+00:00,2025-02-02 07:56:00+00:00,0.000671,0.00041694110629202037
com.google.android.apps.fitness,2025-02-02 07:57:00+00:00,2025-02-02 07:56:00+00:00,0.0006710000038146973,0.00041694110866236924
com.fitbit.FitbitMobile,2025-02-02 07:58:00+00:00,2025-02-02 07:57:00+00:00,0.016775,0.01042352765730051
com.google.android.apps.fitness,2025-02-02 07:58:00+00:00,2025-02-02 07:57:00+00:00,0.016774999618530274,0.010423527420265621
com.fitbit.FitbitMobile,2025-02-02 07:59:00+00:00,2025-02-02 07:58:00+00:00,0.010065,0.006254116594380305
com.google.android.apps.fitness,2025-02-02 07:59:00+00:00,2025-02-02 07:58:00+00:00,0.0100649995803833,0.006254116333641929
com.fitbit.FitbitMobile,2025-02-02 08:23:00+00:00,2025-02-02 08:22:00+00:00,0.004697,0.0029185877440441425
com.google.android.apps.fitness,2025-02-02 08:23:00+00:00,2025-02-02 08:22:00+00:00,0.004697000026702881,0.002918587760636585
com.fitbit.FitbitMobile,2025-02-02 08:35:00+00:00,2025-02-02 08:34:00+00:00,0.000671,0.00041694110629202037
com.google.android.apps.fitness,2025-02-02 08:35:00+00:00,2025-02-02 08:34:00+00:00,0.0006710000038146973,0.00041694110866236924
com.fitbit.FitbitMobile,2025-02-02 08:36:00+00:00,2025-02-02 08:35:00+00:00,0.001342,0.0008338822125840407
com.google.android.apps.fitness,2025-02-02 08:36:00+00:00,2025-02-02 08:35:00+00:00,0.0013420000076293946,0.0008338822173247385
com.fitbit.FitbitMobile,2025-02-02 09:22:00+00:00,2025-02-02 09:21:00+00:00,0.001342,0.0008338822125840407
com.google.android.apps.fitness,2025-02-02 09:22:00+00:00,2025-02-02 09:21:00+00:00,0.0013420000076293946,0.0008338822173247385
com.fitbit.FitbitMobile,2025-02-02 09:23:00+00:00,2025-02-02 09:22:00+00:00,0.008052,0.005003293275504244
com.google.android.apps.fitness,2025-02-02 09:23:00+00:00,2025-02-02 09:22:00+00:00,0.008052000045776367,0.0050032933039484305
com.google.android.apps.fitness,2025-02-02 11:19:00+00:00,2025-02-02 11:19:00+00:00,0.008662727355957031,0.005382782604022166
com.google.android.apps.fitness,2025-02-02 12:02:00+00:00,2025-02-02 12:01:00+00:00,0.02931999969482422,0.018218648448944424
com.google.android.apps.fitness,2025-02-02 12:22:00+00:00,2025-02-02 12:21:00+00:00,0.02931999969482422,0.018218648448944424
com.google.android.apps.fitness,2025-02-02 12:22:00+00:00,2025-02-02 12:22:00+00:00,0.00521342134475708,0.0032394778883002226
com.fitbit.FitbitMobile,2025-02-02 13:38:00+00:00,2025-02-02 13:37:00+00:00,0.000671,0.00041694110629202037
com.google.android.apps.fitness,2025-02-02 13:38:00+00:00,2025-02-02 13:37:00+00:00,0.0006710000038146973,0.00041694110866236924
com.fitbit.FitbitMobile,2025-02-02 13:39:00+00:00,2025-02-02 13:38:00+00:00,0.000671,0.00041694110629202037
com.google.android.apps.fitness,2025-02-02 13:39:00+00:00,2025-02-02 13:38:00+00:00,0.0006710000038146973,0.00041694110866236924
com.fitbit.FitbitMobile,2025-02-02 15:31:00+00:00,2025-02-02 15:30:00+00:00,0.001342,0.0008338822125840407
com.google.android.apps.fitness,2025-02-02 15:31:00+00:00,2025-02-02 15:30:00+00:00,0.0013420000076293946,0.0008338822173247385
com.fitbit.FitbitMobile,2025-02-02 15:32:00+00:00,2025-02-02 15:31:00+00:00,0.001342,0.0008338822125840407
com.google.android.apps.fitness,2025-02-02 15:32:00+00:00,2025-02-02 15:31:00+00:00,0.0013420000076293946,0.0008338822173247385
com.fitbit.FitbitMobile,2025-02-02 15:52:00+00:00,2025-02-02 15:51:00+00:00,0.000671,0.00041694110629202037
com.google.android.apps.fitness,2025-02-02 15:52:00+00:00,2025-02-02 15:51:00+00:00,0.0006710000038146973,0.00041694110866236924
com.fitbit.FitbitMobile,2025-02-02 15:53:00+00:00,2025-02-02 15:52:00+00:00,0.006039,0.003752469956628183
com.google.android.apps.fitness,2025-02-02 15:53:00+00:00,2025-02-02 15:52:00+00:00,0.006039000034332275,0.003752469977961323
com.fitbit.FitbitMobile,2025-02-02 16:05:00+00:00,2025-02-02 16:04:00+00:00,0.000671,0.00041694110629202037
com.google.android.apps.fitness,2025-02-02 16:05:00+00:00,2025-02-02 16:04:00+00:00,0.0006710000038146973,0.00041694110866236924
com.fitbit.FitbitMobile,2025-02-02 16:06:00+00:00,2025-02-02 16:05:00+00:00,0.012078,0.007504939913256366
com.google.android.apps.fitness,2025-02-02 16:06:00+00:00,2025-02-02 16:05:00+00:00,0.01207800006866455,0.007504939955922646
com.fitbit.FitbitMobile,2025-02-02 16:07:00+00:00,2025-02-02 16:06:00+00:00,0.028182,0.017511526464264855
com.google.android.apps.fitness,2025-02-02 16:07:00+00:00,2025-02-02 16:06:00+00:00,0.02818199920654297,0.01751152597123229
com.fitbit.FitbitMobile,2025-02-02 16:08:00+00:00,2025-02-02 16:07:00+00:00,0.037576,0.02334870195235314
com.google.android.apps.fitness,2025-02-02 16:08:00+00:00,2025-02-02 16:07:00+00:00,0.03757600021362305,0.02334870208509268
com.fitbit.FitbitMobile,2025-02-02 16:09:00+00:00,2025-02-02 16:08:00+00:00,0.006039,0.003752469956628183
com.google.android.apps.fitness,2025-02-02 16:09:00+00:00,2025-02-02 16:08:00+00:00,0.006039000034332275,0.003752469977961323
com.fitbit.FitbitMobile,2025-02-02 16:10:00+00:00,2025-02-02 16:09:00+00:00,0.004026,0.002501646637752122
com.google.android.apps.fitness,2025-02-02 16:10:00+00:00,2025-02-02 16:09:00+00:00,0.004026000022888184,0.0025016466519742152
com.fitbit.FitbitMobile,2025-02-02 16:18:00+00:00,2025-02-02 16:17:00+00:00,0.000671,0.00041694110629202037
com.google.android.apps.fitness,2025-02-02 16:18:00+00:00,2025-02-02 16:17:00+00:00,0.0006710000038146973,0.00041694110866236924
com.fitbit.FitbitMobile,2025-02-02 16:19:00+00:00,2025-02-02 16:18:00+00:00,0.004697,0.0029185877440441425
com.google.android.apps.fitness,2025-02-02 16:19:00+00:00,2025-02-02 16:18:00+00:00,0.004697000026702881,0.002918587760636585
com.fitbit.FitbitMobile,2025-02-02 16:24:00+00:00,2025-02-02 16:23:00+00:00,0.000671,0.00041694110629202037
com.google.android.apps.fitness,2025-02-02 16:24:00+00:00,2025-02-02 16:23:00+00:00,0.0006710000038146973,0.00041694110866236924
com.fitbit.FitbitMobile,2025-02-02 16:25:00+00:00,2025-02-02 16:24:00+00:00,0.019459,0.01209129208246859
com.google.android.apps.fitness,2025-02-02 16:25:00+00:00,2025-02-02 16:24:00+00:00,0.019458999633789064,0.012091291854915098
com.google.android.apps.fitness,2025-02-02 17:24:00+00:00,2025-02-02 17:23:00+00:00,0.02065727233886719,0.012835865844922259
com.google.android.apps.fitness,2025-02-02 17:27:00+00:00,2025-02-02 17:26:00+00:00,0.015992727279663086,0.009937444716258272
com.google.android.apps.fitness,2025-02-02 17:55:00+00:00,2025-02-02 17:53:00+00:00,0.02798727226257324,0.017390527957158366
com.fitbit.FitbitMobile,2025-02-02 18:39:00+00:00,2025-02-02 18:38:00+00:00,0.001342,0.0008338822125840407
com.google.android.apps.fitness,2025-02-02 18:39:00+00:00,2025-02-02 18:38:00+00:00,0.0013420000076293946,0.0008338822173247385
com.fitbit.FitbitMobile,2025-02-02 18:40:00+00:00,2025-02-02 18:39:00+00:00,0.016104,0.010006586551008488
com.google.android.apps.fitness,2025-02-02 18:40:00+00:00,2025-02-02 18:39:00+00:00,0.016104000091552734,0.010006586607896861
com.google.android.apps.fitness,2025-02-02 19:07:00+00:00,2025-02-02 19:06:00+00:00,0.021989999771118166,0.013663986336708319
com.google.android.apps.fitness,2025-02-02 19:11:00+00:00,2025-02-02 19:10:00+00:00,0.021323637008666994,0.013249926683402509
com.google.android.apps.fitness,2025-02-02 19:11:00+00:00,2025-02-02 19:11:00+00:00,0.007329999923706055,0.004554662112236106
com.fitbit.FitbitMobile,2025-02-02 19:14:00+00:00,2025-02-02 19:13:00+00:00,0.000671,0.00041694110629202037
com.google.android.apps.fitness,2025-02-02 19:14:00+00:00,2025-02-02 19:13:00+00:00,0.0006710000038146973,0.00041694110866236924
com.fitbit.FitbitMobile,2025-02-02 19:15:00+00:00,2025-02-02 19:14:00+00:00,0.010736,0.006671057700672326
com.google.android.apps.fitness,2025-02-02 19:15:00+00:00,2025-02-02 19:14:00+00:00,0.010736000061035157,0.006671057738597908
com.fitbit.FitbitMobile,2025-02-02 19:16:00+00:00,2025-02-02 19:15:00+00:00,0.021472,0.013342115401344652
com.google.android.apps.fitness,2025-02-02 19:16:00+00:00,2025-02-02 19:15:00+00:00,0.021472000122070314,0.013342115477195816
com.fitbit.FitbitMobile,2025-02-02 19:17:00+00:00,2025-02-02 19:16:00+00:00,0.011407,0.007087998806964346
com.google.android.apps.fitness,2025-02-02 19:17:00+00:00,2025-02-02 19:16:00+00:00,0.011406999588012695,0.007087998550966667
com.google.android.apps.fitness,2025-02-02 19:19:00+00:00,2025-02-02 19:18:00+00:00,0.019990909576416017,0.012421806191616449
com.google.android.apps.fitness,2025-02-02 19:19:00+00:00,2025-02-02 19:19:00+00:00,0.002665454626083374,0.0016562408354253136
com.google.android.apps.fitness,2025-02-02 19:23:00+00:00,2025-02-02 19:22:00+00:00,0.022656364440917967,0.014078047175188568
com.google.android.apps.fitness,2025-02-02 19:23:00+00:00,2025-02-02 19:23:00+00:00,0.00634786319732666,0.0039443891268014595
com.google.android.apps.fitness,2025-02-02 21:28:00+00:00,2025-02-02 21:27:00+00:00,0.02732090950012207,0.016976468303852556
com.fitbit.FitbitMobile,2025-02-03 01:24:00+00:00,2025-02-03 01:23:00+00:00,0.001342,0.0008338822125840407
com.google.android.apps.fitness,2025-02-03 01:24:00+00:00,2025-02-03 01:23:00+00:00,0.0013420000076293946,0.0008338822173247385
com.fitbit.FitbitMobile,2025-02-03 01:25:00+00:00,2025-02-03 01:24:00+00:00,0.004026,0.002501646637752122
com.google.android.apps.fitness,2025-02-03 01:25:00+00:00,2025-02-03 01:24:00+00:00,0.004026000022888184,0.0025016466519742152
com.fitbit.FitbitMobile,2025-02-03 01:26:00+00:00,2025-02-03 01:25:00+00:00,0.022814,0.014175997613928692
com.google.android.apps.fitness,2025-02-03 01:26:00+00:00,2025-02-03 01:25:00+00:00,0.02281399917602539,0.014175997101933334
com.fitbit.FitbitMobile,2025-02-03 01:52:00+00:00,2025-02-03 01:51:00+00:00,0.000671,0.00041694110629202037
com.google.android.apps.fitness,2025-02-03 01:52:00+00:00,2025-02-03 01:51:00+00:00,0.0006710000038146973,0.00041694110866236924
com.fitbit.FitbitMobile,2025-02-03 01:53:00+00:00,2025-02-03 01:52:00+00:00,0.002013,0.001250823318876061
com.google.android.apps.fitness,2025-02-03 01:53:00+00:00,2025-02-03 01:52:00+00:00,0.002013000011444092,0.0012508233259871076
com.fitbit.FitbitMobile,2025-02-03 02:24:00+00:00,2025-02-03 02:23:00+00:00,0.002013,0.001250823318876061
com.google.android.apps.fitness,2025-02-03 02:24:00+00:00,2025-02-03 02:23:00+00:00,0.002013000011444092,0.0012508233259871076
com.fitbit.FitbitMobile,2025-02-03 03:19:00+00:00,2025-02-03 03:18:00+00:00,0.000671,0.00041694110629202037
com.google.android.apps.fitness,2025-02-03 03:19:00+00:00,2025-02-03 03:18:00+00:00,0.0006710000038146973,0.00041694110866236924
com.fitbit.FitbitMobile,2025-02-03 03:20:00+00:00,2025-02-03 03:19:00+00:00,0.004026,0.002501646637752122
com.google.android.apps.fitness,2025-02-03 03:20:00+00:00,2025-02-03 03:19:00+00:00,0.004026000022888184,0.0025016466519742152
com.fitbit.FitbitMobile,2025-02-03 03:21:00+00:00,2025-02-03 03:20:00+00:00,0.000671,0.00041694110629202037
com.google.android.apps.fitness,2025-02-03 03:21:00+00:00,2025-02-03 03:20:00+00:00,0.0006710000038146973,0.00041694110866236924
com.fitbit.FitbitMobile,2025-02-03 03:26:00+00:00,2025-02-03 03:25:00+00:00,0.002013,0.001250823318876061
com.google.android.apps.fitness,2025-02-03 03:26:00+00:00,2025-02-03 03:25:00+00:00,0.002013000011444092,0.0012508233259871076
com.fitbit.FitbitMobile,2025-02-03 03:27:00+00:00,2025-02-03 03:26:00+00:00,0.018788,0.01167435097617657
com.google.android.apps.fitness,2025-02-03 03:27:00+00:00,2025-02-03 03:26:00+00:00,0.018788000106811524,0.01167435104254634
com.fitbit.FitbitMobile,2025-02-03 03:28:00+00:00,2025-02-03 03:27:00+00:00,0.010736,0.006671057700672326
com.google.android.apps.fitness,2025-02-03 03:28:00+00:00,2025-02-03 03:27:00+00:00,0.010736000061035157,0.006671057738597908
com.fitbit.FitbitMobile,2025-02-03 03:29:00+00:00,2025-02-03 03:28:00+00:00,0.030195,0.018762349783140914
com.google.android.apps.fitness,2025-02-03 03:29:00+00:00,2025-02-03 03:28:00+00:00,0.03019499969482422,0.018762349593513007
com.fitbit.FitbitMobile,2025-02-03 03:30:00+00:00,2025-02-03 03:29:00+00:00,0.005368,0.003335528850336163
com.google.android.apps.fitness,2025-02-03 03:30:00+00:00,2025-02-03 03:29:00+00:00,0.005368000030517578,0.003335528869298954
com.fitbit.FitbitMobile,2025-02-03 03:31:00+00:00,2025-02-03 03:30:00+00:00,0.002013,0.001250823318876061
com.google.android.apps.fitness,2025-02-03 03:31:00+00:00,2025-02-03 03:30:00+00:00,0.002013000011444092,0.0012508233259871076
com.fitbit.FitbitMobile,2025-02-03 03:32:00+00:00,2025-02-03 03:31:00+00:00,0.001342,0.0008338822125840407
com.google.android.apps.fitness,2025-02-03 03:32:00+00:00,2025-02-03 03:31:00+00:00,0.0013420000076293946,0.0008338822173247385
com.fitbit.FitbitMobile,2025-02-03 03:33:00+00:00,2025-02-03 03:32:00+00:00,0.000671,0.00041694110629202037
com.google.android.apps.fitness,2025-02-03 03:33:00+00:00,2025-02-03 03:32:00+00:00,0.0006710000038146973,0.00041694110866236924
com.fitbit.FitbitMobile,2025-02-03 03:34:00+00:00,2025-02-03 03:33:00+00:00,0.001342,0.0008338822125840407
com.google.android.apps.fitness,2025-02-03 03:34:00+00:00,2025-02-03 03:33:00+00:00,0.0013420000076293946,0.0008338822173247385
com.fitbit.FitbitMobile,2025-02-03 03:35:00+00:00,2025-02-03 03:34:00+00:00,0.023485,0.014592938720220713
com.google.android.apps.fitness,2025-02-03 03:35:00+00:00,2025-02-03 03:34:00+00:00,0.023485000610351563,0.014592939099476534
com.fitbit.FitbitMobile,2025-02-03 03:40:00+00:00,2025-02-03 03:39:00+00:00,0.000671,0.00041694110629202037
com.google.android.apps.fitness,2025-02-03 03:40:00+00:00,2025-02-03 03:39:00+00:00,0.0006710000038146973,0.00041694110866236924
com.fitbit.FitbitMobile,2025-02-03 03:41:00+00:00,2025-02-03 03:40:00+00:00,0.005368,0.003335528850336163
com.google.android.apps.fitness,2025-02-03 03:41:00+00:00,2025-02-03 03:40:00+00:00,0.005368000030517578,0.003335528869298954
com.fitbit.FitbitMobile,2025-02-03 04:04:00+00:00,2025-02-03 04:03:00+00:00,0.002684,0.0016677644251680815
com.google.android.apps.fitness,2025-02-03 04:04:00+00:00,2025-02-03 04:03:00+00:00,0.002684000015258789,0.001667764434649477
com.fitbit.FitbitMobile,2025-02-03 04:05:00+00:00,2025-02-03 04:04:00+00:00,0.009394,0.005837175488088285
com.google.android.apps.fitness,2025-02-03 04:05:00+00:00,2025-02-03 04:04:00+00:00,0.009394000053405762,0.00583717552127317
com.fitbit.FitbitMobile,2025-02-03 04:06:00+00:00,2025-02-03 04:05:00+00:00,0.04026,0.02501646637752122
com.google.android.apps.fitness,2025-02-03 04:06:00+00:00,2025-02-03 04:05:00+00:00,0.0402599983215332,0.025016465334567715
com.fitbit.FitbitMobile,2025-02-03 04:07:00+00:00,2025-02-03 04:06:00+00:00,0.061486,0.03820572408565002
com.google.android.apps.fitness,2025-02-03 04:07:00+00:00,2025-02-03 04:06:00+00:00,0.061486000061035155,0.038205724123575605
com.fitbit.FitbitMobile,2025-02-03 04:10:00+00:00,2025-02-03 04:09:00+00:00,0.011407,0.007087998806964346
com.google.android.apps.fitness,2025-02-03 04:10:00+00:00,2025-02-03 04:09:00+00:00,0.011406999588012695,0.007087998550966667
com.fitbit.FitbitMobile,2025-02-03 04:11:00+00:00,2025-02-03 04:10:00+00:00,0.012078,0.007504939913256366
com.google.android.apps.fitness,2025-02-03 04:11:00+00:00,2025-02-03 04:10:00+00:00,0.01207800006866455,0.007504939955922646
com.fitbit.FitbitMobile,2025-02-03 04:25:00+00:00,2025-02-03 04:24:00+00:00,0.002684,0.0016677644251680815
com.google.android.apps.fitness,2025-02-03 04:25:00+00:00,2025-02-03 04:24:00+00:00,0.002684000015258789,0.001667764434649477
com.fitbit.FitbitMobile,2025-02-03 04:26:00+00:00,2025-02-03 04:25:00+00:00,0.038918,0.02418258416493718
com.google.android.apps.fitness,2025-02-03 04:26:00+00:00,2025-02-03 04:25:00+00:00,0.03891799926757813,0.024182583709830195
com.fitbit.FitbitMobile,2025-02-03 04:30:00+00:00,2025-02-03 04:29:00+00:00,0.001342,0.0008338822125840407
com.google.android.apps.fitness,2025-02-03 04:30:00+00:00,2025-02-03 04:29:00+00:00,0.0013420000076293946,0.0008338822173247385
com.fitbit.FitbitMobile,2025-02-03 04:31:00+00:00,2025-02-03 04:30:00+00:00,0.065816,0.040896268035343686
com.google.android.apps.fitness,2025-02-03 04:31:00+00:00,2025-02-03 04:30:00+00:00,0.06581600189208985,0.04089626921103673
com.fitbit.FitbitMobile,2025-02-03 05:01:00+00:00,2025-02-03 05:00:00+00:00,0.001342,0.0008338822125840407
com.google.android.apps.fitness,2025-02-03 05:01:00+00:00,2025-02-03 05:00:00+00:00,0.0013420000076293946,0.0008338822173247385
com.google.android.apps.fitness,2025-02-03 05:37:00+00:00,2025-02-03 05:36:00+00:00,0.016659090042114258,0.010351504369564082
com.google.android.apps.fitness,2025-02-03 05:38:00+00:00,2025-02-03 05:37:00+00:00,0.04597909164428711,0.028570154003682947
com.google.android.apps.fitness,2025-02-03 05:38:00+00:00,2025-02-03 05:38:00+00:00,0.002665454626083374,0.0016562408354253136
com.fitbit.FitbitMobile,2025-02-03 05:51:00+00:00,2025-02-03 05:50:00+00:00,0.000671,0.00041694110629202037
com.google.android.apps.fitness,2025-02-03 05:51:00+00:00,2025-02-03 05:50:00+00:00,0.0006710000038146973,0.00041694110866236924
com.fitbit.FitbitMobile,2025-02-03 05:52:00+00:00,2025-02-03 05:51:00+00:00,0.000671,0.00041694110629202037
com.google.android.apps.fitness,2025-02-03 05:52:00+00:00,2025-02-03 05:51:00+00:00,0.0006710000038146973,0.00041694110866236924
com.google.android.apps.fitness,2025-02-03 05:55:00+00:00,2025-02-03 05:55:00+00:00,0.022608726501464844,0.014048446258382221
com.fitbit.FitbitMobile,2025-02-03 08:04:00+00:00,2025-02-03 08:03:00+00:00,0.000671,0.00041694110629202037
com.google.android.apps.fitness,2025-02-03 08:04:00+00:00,2025-02-03 08:03:00+00:00,0.0006710000038146973,0.00041694110866236924
com.fitbit.FitbitMobile,2025-02-03 08:05:00+00:00,2025-02-03 08:04:00+00:00,0.000671,0.00041694110629202037
com.google.android.apps.fitness,2025-02-03 08:05:00+00:00,2025-02-03 08:04:00+00:00,0.0006710000038146973,0.00041694110866236924
com.google.android.apps.fitness,2025-02-03 08:10:00+00:00,2025-02-03 08:09:00+00:00,0.017325454711914063,0.010765565208044331
com.fitbit.FitbitMobile,2025-02-03 08:21:00+00:00,2025-02-03 08:20:00+00:00,0.000671,0.00041694110629202037
com.google.android.apps.fitness,2025-02-03 08:21:00+00:00,2025-02-03 08:20:00+00:00,0.0006710000038146973,0.00041694110866236924
com.fitbit.FitbitMobile,2025-02-03 08:22:00+00:00,2025-02-03 08:21:00+00:00,0.002013,0.001250823318876061
com.google.android.apps.fitness,2025-02-03 08:22:00+00:00,2025-02-03 08:21:00+00:00,0.002013000011444092,0.0012508233259871076
com.google.android.apps.fitness,2025-02-03 08:45:00+00:00,2025-02-03 08:44:00+00:00,0.021323637008666994,0.013249926683402509
com.google.android.apps.fitness,2025-02-03 08:46:00+00:00,2025-02-03 08:45:00+00:00,0.022656364440917967,0.014078047175188568
com.fitbit.FitbitMobile,2025-02-03 09:11:00+00:00,2025-02-03 09:10:00+00:00,0.00671,0.004169411062920203
com.google.android.apps.fitness,2025-02-03 09:11:00+00:00,2025-02-03 09:10:00+00:00,0.006710000038146972,0.004169411086623692
com.fitbit.FitbitMobile,2025-02-03 09:12:00+00:00,2025-02-03 09:11:00+00:00,0.02684,0.016677644251680813
com.google.android.apps.fitness,2025-02-03 09:12:00+00:00,2025-02-03 09:11:00+00:00,0.02684000015258789,0.01667764434649477
com.fitbit.FitbitMobile,2025-02-03 09:13:00+00:00,2025-02-03 09:12:00+00:00,0.002013,0.001250823318876061
com.google.android.apps.fitness,2025-02-03 09:13:00+00:00,2025-02-03 09:12:00+00:00,0.002013000011444092,0.0012508233259871076
com.fitbit.FitbitMobile,2025-02-03 09:26:00+00:00,2025-02-03 09:25:00+00:00,0.001342,0.0008338822125840407
com.google.android.apps.fitness,2025-02-03 09:26:00+00:00,2025-02-03 09:25:00+00:00,0.0013420000076293946,0.0008338822173247385
com.fitbit.FitbitMobile,2025-02-03 09:27:00+00:00,2025-02-03 09:26:00+00:00,0.018788,0.01167435097617657
com.google.android.apps.fitness,2025-02-03 09:27:00+00:00,2025-02-03 09:26:00+00:00,0.018788000106811524,0.01167435104254634
com.fitbit.FitbitMobile,2025-02-03 09:40:00+00:00,2025-02-03 09:39:00+00:00,0.00671,0.004169411062920203
com.google.android.apps.fitness,2025-02-03 09:40:00+00:00,2025-02-03 09:39:00+00:00,0.006710000038146972,0.004169411086623692
com.fitbit.FitbitMobile,2025-02-03 09:41:00+00:00,2025-02-03 09:40:00+00:00,0.001342,0.0008338822125840407
com.google.android.apps.fitness,2025-02-03 09:41:00+00:00,2025-02-03 09:40:00+00:00,0.0013420000076293946,0.0008338822173247385
com.fitbit.FitbitMobile,2025-02-03 09:42:00+00:00,2025-02-03 09:41:00+00:00,0.018117,0.01125740986988455
com.google.android.apps.fitness,2025-02-03 09:42:00+00:00,2025-02-03 09:41:00+00:00,0.018117000579833984,0.011257410230177579
com.fitbit.FitbitMobile,2025-02-03 09:45:00+00:00,2025-02-03 09:44:00+00:00,0.001342,0.0008338822125840407
com.google.android.apps.fitness,2025-02-03 09:45:00+00:00,2025-02-03 09:44:00+00:00,0.0013420000076293946,0.0008338822173247385
com.fitbit.FitbitMobile,2025-02-03 09:46:00+00:00,2025-02-03 09:45:00+00:00,0.001342,0.0008338822125840407
com.google.android.apps.fitness,2025-02-03 09:46:00+00:00,2025-02-03 09:45:00+00:00,0.0013420000076293946,0.0008338822173247385
com.fitbit.FitbitMobile,2025-02-03 09:56:00+00:00,2025-02-03 09:55:00+00:00,0.000671,0.00041694110629202037
com.google.android.apps.fitness,2025-02-03 09:56:00+00:00,2025-02-03 09:55:00+00:00,0.0006710000038146973,0.00041694110866236924
com.fitbit.FitbitMobile,2025-02-03 09:57:00+00:00,2025-02-03 09:56:00+00:00,0.000671,0.00041694110629202037
com.google.android.apps.fitness,2025-02-03 09:57:00+00:00,2025-02-03 09:56:00+00:00,0.0006710000038146973,0.00041694110866236924
com.fitbit.FitbitMobile,2025-02-03 10:25:00+00:00,2025-02-03 10:24:00+00:00,0.002013,0.001250823318876061
com.google.android.apps.fitness,2025-02-03 10:25:00+00:00,2025-02-03 10:24:00+00:00,0.002013000011444092,0.0012508233259871076
com.fitbit.FitbitMobile,2025-02-03 10:26:00+00:00,2025-02-03 10:25:00+00:00,0.06928,0.04304870319509861
com.google.android.apps.fitness,2025-02-03 10:26:00+00:00,2025-02-03 10:25:00+00:00,0.06927999877929687,0.04304870243658697
com.fitbit.FitbitMobile,2025-02-03 10:27:00+00:00,2025-02-03 10:26:00+00:00,0.027511,0.017094585357972834
com.google.android.apps.fitness,2025-02-03 10:27:00+00:00,2025-02-03 10:26:00+00:00,0.02751099967956543,0.01709458515886353
com.fitbit.FitbitMobile,2025-02-03 10:28:00+00:00,2025-02-03 10:27:00+00:00,0.003355,0.0020847055314601017
com.google.android.apps.fitness,2025-02-03 10:28:00+00:00,2025-02-03 10:27:00+00:00,0.003355000019073486,0.002084705543311846
com.fitbit.FitbitMobile,2025-02-03 10:29:00+00:00,2025-02-03 10:28:00+00:00,0.008722999999999998,0.005420234381796264
com.google.android.apps.fitness,2025-02-03 10:29:00+00:00,2025-02-03 10:28:00+00:00,0.008722999572753905,0.00542023411631719
com.fitbit.FitbitMobile,2025-02-03 10:30:00+00:00,2025-02-03 10:29:00+00:00,0.014091,0.008755763232132428
com.google.android.apps.fitness,2025-02-03 10:30:00+00:00,2025-02-03 10:29:00+00:00,0.014090999603271485,0.008755762985616145
com.fitbit.FitbitMobile,2025-02-03 13:10:00+00:00,2025-02-03 13:09:00+00:00,0.000671,0.00041694110629202037
com.google.android.apps.fitness,2025-02-03 13:10:00+00:00,2025-02-03 13:09:00+00:00,0.0006710000038146973,0.00041694110866236924
com.fitbit.FitbitMobile,2025-02-03 13:11:00+00:00,2025-02-03 13:10:00+00:00,0.024827,0.015426820932804753
com.google.android.apps.fitness,2025-02-03 13:11:00+00:00,2025-02-03 13:10:00+00:00,0.02482699966430664,0.015426820724214052
com.fitbit.FitbitMobile,2025-02-03 13:12:00+00:00,2025-02-03 13:11:00+00:00,0.002013,0.001250823318876061
com.google.android.apps.fitness,2025-02-03 13:12:00+00:00,2025-02-03 13:11:00+00:00,0.002013000011444092,0.0012508233259871076
com.fitbit.FitbitMobile,2025-02-03 13:15:00+00:00,2025-02-03 13:14:00+00:00,0.005368,0.003335528850336163
com.google.android.apps.fitness,2025-02-03 13:15:00+00:00,2025-02-03 13:14:00+00:00,0.005368000030517578,0.003335528869298954
com.fitbit.FitbitMobile,2025-02-03 14:14:00+00:00,2025-02-03 14:13:00+00:00,0.001342,0.0008338822125840407
com.google.android.apps.fitness,2025-02-03 14:14:00+00:00,2025-02-03 14:13:00+00:00,0.0013420000076293946,0.0008338822173247385
com.fitbit.FitbitMobile,2025-02-03 14:15:00+00:00,2025-02-03 14:14:00+00:00,0.008722999999999998,0.005420234381796264
com.google.android.apps.fitness,2025-02-03 14:15:00+00:00,2025-02-03 14:14:00+00:00,0.008722999572753905,0.00542023411631719
com.fitbit.FitbitMobile,2025-02-03 14:16:00+00:00,2025-02-03 14:15:00+00:00,0.002013,0.001250823318876061
com.google.android.apps.fitness,2025-02-03 14:16:00+00:00,2025-02-03 14:15:00+00:00,0.002013000011444092,0.0012508233259871076
com.fitbit.FitbitMobile,2025-02-03 14:17:00+00:00,2025-02-03 14:16:00+00:00,0.001342,0.0008338822125840407
com.google.android.apps.fitness,2025-02-03 14:17:00+00:00,2025-02-03 14:16:00+00:00,0.0013420000076293946,0.0008338822173247385
com.fitbit.FitbitMobile,2025-02-03 14:18:00+00:00,2025-02-03 14:17:00+00:00,0.000671,0.00041694110629202037
com.google.android.apps.fitness,2025-02-03 14:18:00+00:00,2025-02-03 14:17:00+00:00,0.0006710000038146973,0.00041694110866236924
com.fitbit.FitbitMobile,2025-02-03 14:21:00+00:00,2025-02-03 14:20:00+00:00,0.002013,0.001250823318876061
com.google.android.apps.fitness,2025-02-03 14:21:00+00:00,2025-02-03 14:20:00+00:00,0.002013000011444092,0.0012508233259871076
com.fitbit.FitbitMobile,2025-02-03 14:22:00+00:00,2025-02-03 14:21:00+00:00,0.014762,0.009172704338424448
com.google.android.apps.fitness,2025-02-03 14:22:00+00:00,2025-02-03 14:21:00+00:00,0.01476200008392334,0.009172704390572124
com.fitbit.FitbitMobile,2025-02-03 14:23:00+00:00,2025-02-03 14:22:00+00:00,0.004026,0.002501646637752122
com.google.android.apps.fitness,2025-02-03 14:23:00+00:00,2025-02-03 14:22:00+00:00,0.004026000022888184,0.0025016466519742152
com.fitbit.FitbitMobile,2025-02-03 14:31:00+00:00,2025-02-03 14:30:00+00:00,0.004697,0.0029185877440441425
com.google.android.apps.fitness,2025-02-03 14:31:00+00:00,2025-02-03 14:30:00+00:00,0.004697000026702881,0.002918587760636585
com.fitbit.FitbitMobile,2025-02-03 14:32:00+00:00,2025-02-03 14:31:00+00:00,0.000671,0.00041694110629202037
com.google.android.apps.fitness,2025-02-03 14:32:00+00:00,2025-02-03 14:31:00+00:00,0.0006710000038146973,0.00041694110866236924
com.fitbit.FitbitMobile,2025-02-03 14:33:00+00:00,2025-02-03 14:32:00+00:00,0.001342,0.0008338822125840407
com.google.android.apps.fitness,2025-02-03 14:33:00+00:00,2025-02-03 14:32:00+00:00,0.0013420000076293946,0.0008338822173247385
com.fitbit.FitbitMobile,2025-02-03 14:34:00+00:00,2025-02-03 14:33:00+00:00,0.002684,0.0016677644251680815
com.google.android.apps.fitness,2025-02-03 14:34:00+00:00,2025-02-03 14:33:00+00:00,0.002684000015258789,0.001667764434649477
com.fitbit.FitbitMobile,2025-02-03 14:35:00+00:00,2025-02-03 14:34:00+00:00,0.007381,0.004586352169212224
com.google.android.apps.fitness,2025-02-03 14:35:00+00:00,2025-02-03 14:34:00+00:00,0.00738100004196167,0.004586352195286062
com.fitbit.FitbitMobile,2025-02-03 14:48:00+00:00,2025-02-03 14:47:00+00:00,0.001342,0.0008338822125840407
com.google.android.apps.fitness,2025-02-03 14:48:00+00:00,2025-02-03 14:47:00+00:00,0.0013420000076293946,0.0008338822173247385
com.fitbit.FitbitMobile,2025-02-03 14:49:00+00:00,2025-02-03 14:48:00+00:00,0.027511,0.017094585357972834
com.google.android.apps.fitness,2025-02-03 14:49:00+00:00,2025-02-03 14:48:00+00:00,0.02751099967956543,0.01709458515886353
com.google.android.apps.fitness,2025-02-03 14:56:00+00:00,2025-02-03 14:55:00+00:00,0.020004779815673827,0.012430424780142064
com.fitbit.FitbitMobile,2025-02-03 15:37:00+00:00,2025-02-03 15:36:00+00:00,0.000671,0.00041694110629202037
com.google.android.apps.fitness,2025-02-03 15:37:00+00:00,2025-02-03 15:36:00+00:00,0.0006710000038146973,0.00041694110866236924
com.fitbit.FitbitMobile,2025-02-03 15:38:00+00:00,2025-02-03 15:37:00+00:00,0.020801,0.01292517429505263
com.google.android.apps.fitness,2025-02-03 15:38:00+00:00,2025-02-03 15:37:00+00:00,0.020801000595092774,0.012925174664827056
com.google.android.apps.fitness,2025-02-03 16:58:00+00:00,2025-02-03 16:56:00+00:00,0.05397545623779297,0.0335388769543993
com.google.android.apps.fitness,2025-02-03 17:05:00+00:00,2025-02-03 17:05:00+00:00,0.009995454788208008,0.0062109030958082245
com.google.android.apps.fitness,2025-02-03 17:35:00+00:00,2025-02-03 17:34:00+00:00,0.02798727226257324,0.017390527957158366
com.google.android.apps.fitness,2025-02-03 17:37:00+00:00,2025-02-03 17:35:00+00:00,0.07130091094970703,0.044304442162443634
com.google.android.apps.fitness,2025-02-03 17:40:00+00:00,2025-02-03 17:39:00+00:00,0.02332272720336914,0.014492106828494378
com.google.android.apps.fitness,2025-02-03 17:56:00+00:00,2025-02-03 17:54:00+00:00,0.04131454467773438,0.025671731689844518
com.google.android.apps.fitness,2025-02-03 18:01:00+00:00,2025-02-03 17:58:00+00:00,0.051976364135742185,0.032296695624132996
com.google.android.apps.fitness,2025-02-03 22:42:00+00:00,2025-02-03 22:40:00+00:00,0.03265181732177734,0.020288949085822353
com.google.android.apps.fitness,2025-02-03 22:57:00+00:00,2025-02-03 22:56:00+00:00,0.019990909576416017,0.012421806191616449
com.google.android.apps.fitness,2025-02-03 23:15:00+00:00,2025-02-03 23:14:00+00:00,0.021323637008666994,0.013249926683402509
com.google.android.apps.fitness,2025-02-03 23:15:00+00:00,2025-02-03 23:15:00+00:00,0.0006663636565208436,0.0004140602088563284
com.google.android.apps.fitness,2025-02-03 23:56:00+00:00,2025-02-03 23:54:00+00:00,0.03265181732177734,0.020288949085822353
com.google.android.apps.fitness,2025-02-03 23:56:00+00:00,2025-02-03 23:56:00+00:00,0.024655454635620116,0.015320227320280436
com.google.android.apps.fitness,2025-02-03 23:57:00+00:00,2025-02-03 23:56:00+00:00,0.025321817398071288,0.015734286973586246
com.google.android.apps.fitness,2025-02-03 23:59:00+00:00,2025-02-03 23:58:00+00:00,0.015326363563537598,0.009523384470365243
com.fitbit.FitbitMobile,2025-02-04 00:08:00+00:00,2025-02-04 00:07:00+00:00,0.002013,0.001250823318876061
com.google.android.apps.fitness,2025-02-04 00:08:00+00:00,2025-02-04 00:07:00+00:00,0.002013000011444092,0.0012508233259871076
com.fitbit.FitbitMobile,2025-02-04 00:09:00+00:00,2025-02-04 00:08:00+00:00,0.000671,0.00041694110629202037
com.google.android.apps.fitness,2025-02-04 00:09:00+00:00,2025-02-04 00:08:00+00:00,0.0006710000038146973,0.00041694110866236924
com.fitbit.FitbitMobile,2025-02-04 00:10:00+00:00,2025-02-04 00:09:00+00:00,0.022143,0.013759056507636673
com.google.android.apps.fitness,2025-02-04 00:10:00+00:00,2025-02-04 00:09:00+00:00,0.02214299964904785,0.013759056289564574
com.google.android.apps.fitness,2025-02-04 02:41:00+00:00,2025-02-04 02:40:00+00:00,0.02732090950012207,0.016976468303852556
com.google.android.apps.fitness,2025-02-04 03:53:00+00:00,2025-02-04 03:52:00+00:00,0.02065727233886719,0.012835865844922259
com.google.android.apps.fitness,2025-02-04 04:19:00+00:00,2025-02-04 04:18:00+00:00,0.028653636932373047,0.017804588795638614
com.google.android.apps.fitness,2025-02-04 05:08:00+00:00,2025-02-04 05:07:00+00:00,0.02065727233886719,0.012835865844922259
com.fitbit.FitbitMobile,2025-02-04 05:42:00+00:00,2025-02-04 05:41:00+00:00,0.008722999999999998,0.005420234381796264
com.google.android.apps.fitness,2025-02-04 05:42:00+00:00,2025-02-04 05:41:00+00:00,0.008722999572753905,0.00542023411631719
com.fitbit.FitbitMobile,2025-02-04 05:43:00+00:00,2025-02-04 05:42:00+00:00,0.012078,0.007504939913256366
com.google.android.apps.fitness,2025-02-04 05:43:00+00:00,2025-02-04 05:42:00+00:00,0.01207800006866455,0.007504939955922646
com.fitbit.FitbitMobile,2025-02-04 05:45:00+00:00,2025-02-04 05:44:00+00:00,0.008722999999999998,0.005420234381796264
com.google.android.apps.fitness,2025-02-04 05:45:00+00:00,2025-02-04 05:44:00+00:00,0.008722999572753905,0.00542023411631719
com.fitbit.FitbitMobile,2025-02-04 05:46:00+00:00,2025-02-04 05:45:00+00:00,0.068414,0.042510594405159884
com.google.android.apps.fitness,2025-02-04 05:46:00+00:00,2025-02-04 05:45:00+00:00,0.06841400146484375,0.04251059531537385
com.fitbit.FitbitMobile,2025-02-04 05:52:00+00:00,2025-02-04 05:51:00+00:00,0.001342,0.0008338822125840407
com.google.android.apps.fitness,2025-02-04 05:52:00+00:00,2025-02-04 05:51:00+00:00,0.0013420000076293946,0.0008338822173247385
com.fitbit.FitbitMobile,2025-02-04 05:53:00+00:00,2025-02-04 05:52:00+00:00,0.011407,0.007087998806964346
com.google.android.apps.fitness,2025-02-04 05:53:00+00:00,2025-02-04 05:52:00+00:00,0.011406999588012695,0.007087998550966667
com.fitbit.FitbitMobile,2025-02-04 05:54:00+00:00,2025-02-04 05:53:00+00:00,0.03489199999999999,0.021680937527185057
com.google.android.apps.fitness,2025-02-04 05:54:00+00:00,2025-02-04 05:53:00+00:00,0.03489199829101562,0.02168093646526876
com.fitbit.FitbitMobile,2025-02-04 05:55:00+00:00,2025-02-04 05:54:00+00:00,0.042944,0.026684230802689304
com.google.android.apps.fitness,2025-02-04 05:55:00+00:00,2025-02-04 05:54:00+00:00,0.04294400024414063,0.02668423095439163
com.fitbit.FitbitMobile,2025-02-04 05:56:00+00:00,2025-02-04 05:55:00+00:00,0.014091,0.008755763232132428
com.google.android.apps.fitness,2025-02-04 05:56:00+00:00,2025-02-04 05:55:00+00:00,0.014090999603271485,0.008755762985616145
com.fitbit.FitbitMobile,2025-02-04 05:57:00+00:00,2025-02-04 05:56:00+00:00,0.018788,0.01167435097617657
com.google.android.apps.fitness,2025-02-04 05:57:00+00:00,2025-02-04 05:56:00+00:00,0.018788000106811524,0.01167435104254634
com.fitbit.FitbitMobile,2025-02-04 06:16:00+00:00,2025-02-04 06:15:00+00:00,0.000671,0.00041694110629202037
com.google.android.apps.fitness,2025-02-04 06:16:00+00:00,2025-02-04 06:15:00+00:00,0.0006710000038146973,0.00041694110866236924
com.fitbit.FitbitMobile,2025-02-04 06:17:00+00:00,2025-02-04 06:16:00+00:00,0.024156,0.015009879826512732
com.google.android.apps.fitness,2025-02-04 06:17:00+00:00,2025-02-04 06:16:00+00:00,0.0241560001373291,0.015009879911845292
com.fitbit.FitbitMobile,2025-02-04 06:18:00+00:00,2025-02-04 06:17:00+00:00,0.034221,0.02126399642089304
com.google.android.apps.fitness,2025-02-04 06:18:00+00:00,2025-02-04 06:17:00+00:00,0.03422100067138672,0.02126399683807444
com.fitbit.FitbitMobile,2025-02-04 06:19:00+00:00,2025-02-04 06:18:00+00:00,0.030866,0.019179290889432935
com.google.android.apps.fitness,2025-02-04 06:19:00+00:00,2025-02-04 06:18:00+00:00,0.03086599922180176,0.019179290405881764
com.fitbit.FitbitMobile,2025-02-04 06:20:00+00:00,2025-02-04 06:19:00+00:00,0.016775,0.01042352765730051
com.google.android.apps.fitness,2025-02-04 06:20:00+00:00,2025-02-04 06:19:00+00:00,0.016774999618530274,0.010423527420265621
com.fitbit.FitbitMobile,2025-02-04 06:21:00+00:00,2025-02-04 06:20:00+00:00,0.023485,0.014592938720220713
com.google.android.apps.fitness,2025-02-04 06:21:00+00:00,2025-02-04 06:20:00+00:00,0.023485000610351563,0.014592939099476534
com.fitbit.FitbitMobile,2025-02-04 06:27:00+00:00,2025-02-04 06:26:00+00:00,0.006,0.0037282364198988407
com.google.android.apps.fitness,2025-02-04 06:27:00+00:00,2025-02-04 06:26:00+00:00,0.006,0.0037282364198988407
com.fitbit.FitbitMobile,2025-02-04 06:29:00+00:00,2025-02-04 06:28:00+00:00,0.0093,0.0057787664508432025
com.google.android.apps.fitness,2025-02-04 06:29:00+00:00,2025-02-04 06:28:00+00:00,0.009300000190734863,0.0057787665693606475
com.fitbit.FitbitMobile,2025-02-04 06:32:00+00:00,2025-02-04 06:31:00+00:00,0.019,0.01180608199634633
com.google.android.apps.fitness,2025-02-04 06:32:00+00:00,2025-02-04 06:31:00+00:00,0.019,0.01180608199634633
com.fitbit.FitbitMobile,2025-02-04 06:33:00+00:00,2025-02-04 06:32:00+00:00,0.008400000000000001,0.005219530987858378
com.google.android.apps.fitness,2025-02-04 06:33:00+00:00,2025-02-04 06:32:00+00:00,0.008399999618530274,0.005219530750823489
com.fitbit.FitbitMobile,2025-02-04 06:35:00+00:00,2025-02-04 06:34:00+00:00,0.000866,0.0005381087899387326
com.google.android.apps.fitness,2025-02-04 06:35:00+00:00,2025-02-04 06:34:00+00:00,0.0008659999966621399,0.0005381087878646774
com.fitbit.FitbitMobile,2025-02-04 06:36:00+00:00,2025-02-04 06:35:00+00:00,0.0189,0.011743944722681348
com.google.android.apps.fitness,2025-02-04 06:36:00+00:00,2025-02-04 06:35:00+00:00,0.018899999618530273,0.01174394448564646
com.fitbit.FitbitMobile,2025-02-04 06:37:00+00:00,2025-02-04 06:36:00+00:00,0.0735,0.0456708961437608
com.google.android.apps.fitness,2025-02-04 06:37:00+00:00,2025-02-04 06:36:00+00:00,0.0735,0.0456708961437608
com.fitbit.FitbitMobile,2025-02-04 06:38:00+00:00,2025-02-04 06:37:00+00:00,0.0974,0.060521704549691184
com.google.android.apps.fitness,2025-02-04 06:38:00+00:00,2025-02-04 06:37:00+00:00,0.09740000152587891,0.06052170549783073
com.fitbit.FitbitMobile,2025-02-04 06:39:00+00:00,2025-02-04 06:38:00+00:00,0.1037,0.06443635279058496
com.google.android.apps.fitness,2025-02-04 06:39:00+00:00,2025-02-04 06:38:00+00:00,0.10369999694824218,0.06443635089430585
com.fitbit.FitbitMobile,2025-02-04 06:40:00+00:00,2025-02-04 06:39:00+00:00,0.096,0.05965178271838145
com.google.android.apps.fitness,2025-02-04 06:40:00+00:00,2025-02-04 06:39:00+00:00,0.096,0.05965178271838145
com.fitbit.FitbitMobile,2025-02-04 06:41:00+00:00,2025-02-04 06:40:00+00:00,0.102,0.06338001913828029
com.google.android.apps.fitness,2025-02-04 06:41:00+00:00,2025-02-04 06:40:00+00:00,0.102,0.06338001913828029
com.fitbit.FitbitMobile,2025-02-04 06:42:00+00:00,2025-02-04 06:41:00+00:00,0.1061,0.06592764735854449
com.google.android.apps.fitness,2025-02-04 06:42:00+00:00,2025-02-04 06:41:00+00:00,0.10609999847412109,0.06592764641040495
com.fitbit.FitbitMobile,2025-02-04 06:43:00+00:00,2025-02-04 06:42:00+00:00,0.1061,0.06592764735854449
com.google.android.apps.fitness,2025-02-04 06:43:00+00:00,2025-02-04 06:42:00+00:00,0.10609999847412109,0.06592764641040495
com.fitbit.FitbitMobile,2025-02-04 06:44:00+00:00,2025-02-04 06:43:00+00:00,0.1028,0.06387711732760014
com.google.android.apps.fitness,2025-02-04 06:44:00+00:00,2025-02-04 06:43:00+00:00,0.10280000305175781,0.06387711922387924
com.fitbit.FitbitMobile,2025-02-04 06:45:00+00:00,2025-02-04 06:44:00+00:00,0.1004,0.06238582275964061
com.google.android.apps.fitness,2025-02-04 06:45:00+00:00,2025-02-04 06:44:00+00:00,0.10040000152587891,0.062385823707780154
com.fitbit.FitbitMobile,2025-02-04 06:46:00+00:00,2025-02-04 06:45:00+00:00,0.0373,0.02317720307703779
com.google.android.apps.fitness,2025-02-04 06:46:00+00:00,2025-02-04 06:45:00+00:00,0.037299999237060545,0.023177202602968017
com.fitbit.FitbitMobile,2025-02-04 06:55:00+00:00,2025-02-04 06:54:00+00:00,0.018,0.011184709259696522
com.google.android.apps.fitness,2025-02-04 06:55:00+00:00,2025-02-04 06:54:00+00:00,0.018,0.011184709259696522
com.fitbit.FitbitMobile,2025-02-04 06:56:00+00:00,2025-02-04 06:55:00+00:00,0.0022,0.0013670200206295751
com.google.android.apps.fitness,2025-02-04 06:56:00+00:00,2025-02-04 06:55:00+00:00,0.0022000000476837156,0.001367020050258936
com.fitbit.FitbitMobile,2025-02-04 07:17:00+00:00,2025-02-04 07:16:00+00:00,0.001732,0.0010762175798774652
com.google.android.apps.fitness,2025-02-04 07:17:00+00:00,2025-02-04 07:16:00+00:00,0.0017319999933242797,0.0010762175757293548
com.fitbit.FitbitMobile,2025-02-04 07:18:00+00:00,2025-02-04 07:17:00+00:00,0.0055,0.0034175500515739375
com.google.android.apps.fitness,2025-02-04 07:18:00+00:00,2025-02-04 07:17:00+00:00,0.0055,0.0034175500515739375
com.fitbit.FitbitMobile,2025-02-04 07:53:00+00:00,2025-02-04 07:52:00+00:00,0.0205,0.01273814110132104
com.google.android.apps.fitness,2025-02-04 07:53:00+00:00,2025-02-04 07:52:00+00:00,0.0205,0.01273814110132104
com.fitbit.FitbitMobile,2025-02-04 07:54:00+00:00,2025-02-04 07:53:00+00:00,0.0066,0.004101060061888724
com.google.android.apps.fitness,2025-02-04 07:54:00+00:00,2025-02-04 07:53:00+00:00,0.006599999904632568,0.004101060002630003
com.fitbit.FitbitMobile,2025-02-04 07:56:00+00:00,2025-02-04 07:55:00+00:00,0.0329,0.02044316303577864
com.google.android.apps.fitness,2025-02-04 07:56:00+00:00,2025-02-04 07:55:00+00:00,0.03290000152587891,0.020443163983918194
com.fitbit.FitbitMobile,2025-02-04 07:57:00+00:00,2025-02-04 07:56:00+00:00,0.006,0.0037282364198988407
com.google.android.apps.fitness,2025-02-04 07:57:00+00:00,2025-02-04 07:56:00+00:00,0.006,0.0037282364198988407
com.fitbit.FitbitMobile,2025-02-04 07:58:00+00:00,2025-02-04 07:57:00+00:00,0.0343,0.02131308486708837
com.google.android.apps.fitness,2025-02-04 07:58:00+00:00,2025-02-04 07:57:00+00:00,0.03429999923706055,0.021313084393018596
com.fitbit.FitbitMobile,2025-02-04 08:11:00+00:00,2025-02-04 08:10:00+00:00,0.0473,0.029390930443535863
com.google.android.apps.fitness,2025-02-04 08:11:00+00:00,2025-02-04 08:10:00+00:00,0.04729999923706055,0.029390929969466083
com.fitbit.FitbitMobile,2025-02-04 08:12:00+00:00,2025-02-04 08:11:00+00:00,0.093,0.05778766450843203
com.google.android.apps.fitness,2025-02-04 08:12:00+00:00,2025-02-04 08:11:00+00:00,0.093,0.05778766450843203
com.fitbit.FitbitMobile,2025-02-04 08:13:00+00:00,2025-02-04 08:12:00+00:00,0.0928,0.05766338996110207
com.google.android.apps.fitness,2025-02-04 08:13:00+00:00,2025-02-04 08:12:00+00:00,0.09280000305175781,0.057663391857381174
com.fitbit.FitbitMobile,2025-02-04 08:14:00+00:00,2025-02-04 08:13:00+00:00,0.0991,0.06157803820199585
com.google.android.apps.fitness,2025-02-04 08:14:00+00:00,2025-02-04 08:13:00+00:00,0.0990999984741211,0.0615780372538563
com.fitbit.FitbitMobile,2025-02-04 08:15:00+00:00,2025-02-04 08:14:00+00:00,0.0906,0.05629636994047249
com.google.android.apps.fitness,2025-02-04 08:15:00+00:00,2025-02-04 08:14:00+00:00,0.09059999847412109,0.056296368992332944
com.fitbit.FitbitMobile,2025-02-04 08:16:00+00:00,2025-02-04 08:15:00+00:00,0.076,0.04722432798538532
com.google.android.apps.fitness,2025-02-04 08:16:00+00:00,2025-02-04 08:15:00+00:00,0.076,0.04722432798538532
com.fitbit.FitbitMobile,2025-02-04 08:17:00+00:00,2025-02-04 08:16:00+00:00,0.0509,0.031627872295475166
com.google.android.apps.fitness,2025-02-04 08:17:00+00:00,2025-02-04 08:16:00+00:00,0.0509000015258789,0.03162787324361472
com.fitbit.FitbitMobile,2025-02-04 08:18:00+00:00,2025-02-04 08:17:00+00:00,0.0028,0.001739843662619459
com.google.android.apps.fitness,2025-02-04 08:18:00+00:00,2025-02-04 08:17:00+00:00,0.002799999952316284,0.001739843632990098
com.fitbit.FitbitMobile,2025-02-04 08:19:00+00:00,2025-02-04 08:18:00+00:00,0.057,0.035418245989038984
com.google.android.apps.fitness,2025-02-04 08:19:00+00:00,2025-02-04 08:18:00+00:00,0.057,0.035418245989038984
com.fitbit.FitbitMobile,2025-02-04 08:20:00+00:00,2025-02-04 08:19:00+00:00,0.0456,0.028334596791231192
com.google.android.apps.fitness,2025-02-04 08:20:00+00:00,2025-02-04 08:19:00+00:00,0.04559999847412109,0.02833459584309164
com.fitbit.FitbitMobile,2025-02-04 08:23:00+00:00,2025-02-04 08:22:00+00:00,0.0258,0.016031416605565015
com.google.android.apps.fitness,2025-02-04 08:23:00+00:00,2025-02-04 08:22:00+00:00,0.025799999237060545,0.016031416131495238
com.fitbit.FitbitMobile,2025-02-04 08:24:00+00:00,2025-02-04 08:23:00+00:00,0.0092,0.005716629177178222
com.google.android.apps.fitness,2025-02-04 08:24:00+00:00,2025-02-04 08:23:00+00:00,0.009199999809265136,0.0057166290586607785
com.fitbit.FitbitMobile,2025-02-04 08:33:00+00:00,2025-02-04 08:32:00+00:00,0.0113,0.007021511924142816
com.google.android.apps.fitness,2025-02-04 08:33:00+00:00,2025-02-04 08:32:00+00:00,0.011300000190734863,0.0070215120426602605
com.fitbit.FitbitMobile,2025-02-04 08:34:00+00:00,2025-02-04 08:33:00+00:00,0.0082,0.005095256440528416
com.google.android.apps.fitness,2025-02-04 08:34:00+00:00,2025-02-04 08:33:00+00:00,0.008199999809265137,0.005095256322010972
com.fitbit.FitbitMobile,2025-02-04 08:35:00+00:00,2025-02-04 08:34:00+00:00,0.0038,0.002361216399269266
com.google.android.apps.fitness,2025-02-04 08:35:00+00:00,2025-02-04 08:34:00+00:00,0.003799999952316284,0.002361216369639905
com.fitbit.FitbitMobile,2025-02-04 08:37:00+00:00,2025-02-04 08:36:00+00:00,0.0235,0.01460225931127046
com.google.android.apps.fitness,2025-02-04 08:37:00+00:00,2025-02-04 08:36:00+00:00,0.0235,0.01460225931127046
com.fitbit.FitbitMobile,2025-02-04 08:38:00+00:00,2025-02-04 08:37:00+00:00,0.0285,0.017709122994519492
com.google.android.apps.fitness,2025-02-04 08:38:00+00:00,2025-02-04 08:37:00+00:00,0.0285,0.017709122994519492
com.fitbit.FitbitMobile,2025-02-04 08:46:00+00:00,2025-02-04 08:45:00+00:00,0.0038,0.002361216399269266
com.google.android.apps.fitness,2025-02-04 08:46:00+00:00,2025-02-04 08:45:00+00:00,0.003799999952316284,0.002361216369639905
com.fitbit.FitbitMobile,2025-02-04 09:55:00+00:00,2025-02-04 09:54:00+00:00,0.000671,0.00041694110629202037
com.google.android.apps.fitness,2025-02-04 09:55:00+00:00,2025-02-04 09:54:00+00:00,0.0006710000038146973,0.00041694110866236924
com.fitbit.FitbitMobile,2025-02-04 09:56:00+00:00,2025-02-04 09:55:00+00:00,0.012078,0.007504939913256366
com.google.android.apps.fitness,2025-02-04 09:56:00+00:00,2025-02-04 09:55:00+00:00,0.01207800006866455,0.007504939955922646
com.fitbit.FitbitMobile,2025-02-04 09:57:00+00:00,2025-02-04 09:56:00+00:00,0.010065,0.006254116594380305
com.google.android.apps.fitness,2025-02-04 09:57:00+00:00,2025-02-04 09:56:00+00:00,0.0100649995803833,0.006254116333641929
com.fitbit.FitbitMobile,2025-02-04 09:58:00+00:00,2025-02-04 09:57:00+00:00,0.008722999999999998,0.005420234381796264
com.google.android.apps.fitness,2025-02-04 09:58:00+00:00,2025-02-04 09:57:00+00:00,0.008722999572753905,0.00542023411631719
com.fitbit.FitbitMobile,2025-02-04 11:15:00+00:00,2025-02-04 11:14:00+00:00,0.000671,0.00041694110629202037
com.google.android.apps.fitness,2025-02-04 11:15:00+00:00,2025-02-04 11:14:00+00:00,0.0006710000038146973,0.00041694110866236924
com.fitbit.FitbitMobile,2025-02-04 11:16:00+00:00,2025-02-04 11:15:00+00:00,0.004697,0.0029185877440441425
com.google.android.apps.fitness,2025-02-04 11:16:00+00:00,2025-02-04 11:15:00+00:00,0.004697000026702881,0.002918587760636585
com.fitbit.FitbitMobile,2025-02-04 11:17:00+00:00,2025-02-04 11:16:00+00:00,0.002013,0.001250823318876061
com.google.android.apps.fitness,2025-02-04 11:17:00+00:00,2025-02-04 11:16:00+00:00,0.002013000011444092,0.0012508233259871076
com.fitbit.FitbitMobile,2025-02-04 11:18:00+00:00,2025-02-04 11:17:00+00:00,0.008722999999999998,0.005420234381796264
com.google.android.apps.fitness,2025-02-04 11:18:00+00:00,2025-02-04 11:17:00+00:00,0.008722999572753905,0.00542023411631719
com.fitbit.FitbitMobile,2025-02-04 11:19:00+00:00,2025-02-04 11:18:00+00:00,0.03355,0.02084705531460102
com.google.android.apps.fitness,2025-02-04 11:19:00+00:00,2025-02-04 11:18:00+00:00,0.03354999923706055,0.020847054840531242
com.fitbit.FitbitMobile,2025-02-04 13:18:00+00:00,2025-02-04 13:17:00+00:00,0.000671,0.00041694110629202037
com.google.android.apps.fitness,2025-02-04 13:18:00+00:00,2025-02-04 13:17:00+00:00,0.0006710000038146973,0.00041694110866236924
com.fitbit.FitbitMobile,2025-02-04 13:19:00+00:00,2025-02-04 13:18:00+00:00,0.001342,0.0008338822125840407
com.google.android.apps.fitness,2025-02-04 13:19:00+00:00,2025-02-04 13:18:00+00:00,0.0013420000076293946,0.0008338822173247385
com.google.android.apps.fitness,2025-02-04 13:40:00+00:00,2025-02-04 13:39:00+00:00,0.022656364440917967,0.014078047175188568
com.fitbit.FitbitMobile,2025-02-04 14:31:00+00:00,2025-02-04 14:30:00+00:00,0.001342,0.0008338822125840407
com.google.android.apps.fitness,2025-02-04 14:31:00+00:00,2025-02-04 14:30:00+00:00,0.0013420000076293946,0.0008338822173247385
com.fitbit.FitbitMobile,2025-02-04 14:32:00+00:00,2025-02-04 14:31:00+00:00,0.000671,0.00041694110629202037
com.google.android.apps.fitness,2025-02-04 14:32:00+00:00,2025-02-04 14:31:00+00:00,0.0006710000038146973,0.00041694110866236924
com.fitbit.FitbitMobile,2025-02-04 14:44:00+00:00,2025-02-04 14:43:00+00:00,0.001342,0.0008338822125840407
com.google.android.apps.fitness,2025-02-04 14:44:00+00:00,2025-02-04 14:43:00+00:00,0.0013420000076293946,0.0008338822173247385
com.fitbit.FitbitMobile,2025-02-04 15:16:00+00:00,2025-02-04 15:15:00+00:00,0.000671,0.00041694110629202037
com.google.android.apps.fitness,2025-02-04 15:16:00+00:00,2025-02-04 15:15:00+00:00,0.0006710000038146973,0.00041694110866236924
com.fitbit.FitbitMobile,2025-02-04 15:17:00+00:00,2025-02-04 15:16:00+00:00,0.018117,0.01125740986988455
com.google.android.apps.fitness,2025-02-04 15:17:00+00:00,2025-02-04 15:16:00+00:00,0.018117000579833984,0.011257410230177579
com.google.android.apps.fitness,2025-02-04 19:13:00+00:00,2025-02-04 19:12:00+00:00,0.02065727233886719,0.012835865844922259
com.google.android.apps.fitness,2025-02-04 19:16:00+00:00,2025-02-04 19:15:00+00:00,0.04858371353149414,0.030188595033674763
com.google.android.apps.fitness,2025-02-04 19:23:00+00:00,2025-02-04 19:22:00+00:00,0.025988182067871093,0.016148347812066498
com.google.android.apps.fitness,2025-02-04 19:25:00+00:00,2025-02-04 19:23:00+00:00,0.05930636215209961,0.03685135655119466
com.google.android.apps.fitness,2025-02-04 19:25:00+00:00,2025-02-04 19:25:00+00:00,0.015992727279663086,0.009937444716258272
com.google.android.apps.fitness,2025-02-04 19:26:00+00:00,2025-02-04 19:25:00+00:00,0.021323637008666994,0.013249926683402509
com.google.android.apps.fitness,2025-02-04 19:47:00+00:00,2025-02-04 19:46:00+00:00,0.019990909576416017,0.012421806191616449
com.google.android.apps.fitness,2025-02-04 19:47:00+00:00,2025-02-04 19:47:00+00:00,0.003990241289138794,0.0024794271497252255
com.google.android.apps.fitness,2025-02-04 19:49:00+00:00,2025-02-04 19:47:00+00:00,0.061971817016601566,0.03850759753476678
com.google.android.apps.fitness,2025-02-04 19:50:00+00:00,2025-02-04 19:49:00+00:00,0.028653636932373047,0.017804588795638614
com.google.android.apps.fitness,2025-02-04 19:50:00+00:00,2025-02-04 19:50:00+00:00,0.015326363563537598,0.009523384470365243
com.google.android.apps.fitness,2025-02-04 20:06:00+00:00,2025-02-04 20:05:00+00:00,0.01932454490661621,0.0120077453531362
com.google.android.apps.fitness,2025-02-04 20:07:00+00:00,2025-02-04 20:06:00+00:00,0.055205509185791014,0.03430319832092101
com.google.android.apps.fitness,2025-02-04 20:07:00+00:00,2025-02-04 20:07:00+00:00,0.019870683670043944,0.012347101091157832
com.google.android.apps.fitness,2025-02-04 20:08:00+00:00,2025-02-04 20:07:00+00:00,0.09781919860839844,0.060782183136191506
com.google.android.apps.fitness,2025-02-04 20:09:00+00:00,2025-02-04 20:08:00+00:00,0.0801539306640625,0.04980546724996738
com.google.android.apps.fitness,2025-02-04 20:10:00+00:00,2025-02-04 20:09:00+00:00,0.04997727203369141,0.031054514293866683
com.google.android.apps.fitness,2025-02-04 20:12:00+00:00,2025-02-04 20:10:00+00:00,0.17621157836914061,0.10949307068061481
com.google.android.apps.fitness,2025-02-04 20:13:00+00:00,2025-02-04 20:12:00+00:00,0.08758696746826172,0.05442415367061138
com.google.android.apps.fitness,2025-02-04 20:15:00+00:00,2025-02-04 20:13:00+00:00,0.16802610778808594,0.10440684242489837
com.google.android.apps.fitness,2025-02-04 20:15:00+00:00,2025-02-04 20:15:00+00:00,0.03571999740600586,0.02219543254129386
com.fitbit.FitbitMobile,2025-02-04 21:19:00+00:00,2025-02-04 21:18:00+00:00,0.000671,0.00041694110629202037
com.google.android.apps.fitness,2025-02-04 21:19:00+00:00,2025-02-04 21:18:00+00:00,0.0006710000038146973,0.00041694110866236924
com.fitbit.FitbitMobile,2025-02-04 21:20:00+00:00,2025-02-04 21:19:00+00:00,0.001342,0.0008338822125840407
com.google.android.apps.fitness,2025-02-04 21:20:00+00:00,2025-02-04 21:19:00+00:00,0.0013420000076293946,0.0008338822173247385
com.google.android.apps.fitness,2025-02-04 21:23:00+00:00,2025-02-04 21:23:00+00:00,0.005997272968292236,0.003726541916743657
com.google.android.apps.fitness,2025-02-04 21:25:00+00:00,2025-02-04 21:24:00+00:00,0.028960071563720702,0.017994998921123384
com.fitbit.FitbitMobile,2025-02-04 21:26:00+00:00,2025-02-04 21:25:00+00:00,0.001342,0.0008338822125840407
com.google.android.apps.fitness,2025-02-04 21:26:00+00:00,2025-02-04 21:25:00+00:00,0.0013420000076293946,0.0008338822173247385
com.google.android.apps.fitness,2025-02-04 21:26:00+00:00,2025-02-04 21:26:00+00:00,3.3318184432573614e-07,2.0703011441071258e-07
com.fitbit.FitbitMobile,2025-02-04 21:27:00+00:00,2025-02-04 21:26:00+00:00,0.002684,0.0016677644251680815
com.google.android.apps.fitness,2025-02-04 21:27:00+00:00,2025-02-04 21:26:00+00:00,0.002684000015258789,0.001667764434649477
com.google.android.apps.fitness,2025-02-04 21:28:00+00:00,2025-02-04 21:27:00+00:00,0.010548295974731446,0.0065544235368110194
com.fitbit.FitbitMobile,2025-02-04 21:39:00+00:00,2025-02-04 21:38:00+00:00,0.000671,0.00041694110629202037
com.google.android.apps.fitness,2025-02-04 21:39:00+00:00,2025-02-04 21:38:00+00:00,0.0006710000038146973,0.00041694110866236924
com.google.android.apps.fitness,2025-02-04 21:39:00+00:00,2025-02-04 21:39:00+00:00,3.3318181522190573e-07,2.070300963263858e-07
com.fitbit.FitbitMobile,2025-02-04 21:40:00+00:00,2025-02-04 21:39:00+00:00,0.002684,0.0016677644251680815
com.google.android.apps.fitness,2025-02-04 21:40:00+00:00,2025-02-04 21:39:00+00:00,0.002684000015258789,0.001667764434649477
com.google.android.apps.fitness,2025-02-04 21:41:00+00:00,2025-02-04 21:40:00+00:00,0.010584599494934082,0.006576981554509353
com.google.android.apps.fitness,2025-02-04 21:41:00+00:00,2025-02-04 21:41:00+00:00,0.034414222717285156,0.021384059749515426
com.google.android.apps.fitness,2025-02-04 21:42:00+00:00,2025-02-04 21:41:00+00:00,0.07999104309082031,0.049704253352815635
com.google.android.apps.fitness,2025-02-04 21:43:00+00:00,2025-02-04 21:42:00+00:00,0.08274919891357421,0.05141809618450683
com.google.android.apps.fitness,2025-02-04 21:45:00+00:00,2025-02-04 21:43:00+00:00,0.15625895690917968,0.09709505568070122
com.google.android.apps.fitness,2025-02-04 21:47:00+00:00,2025-02-04 21:45:00+00:00,0.07330000305175781,0.045546623492709944
com.google.android.apps.fitness,2025-02-04 21:47:00+00:00,2025-02-04 21:47:00+00:00,0.001332727313041687,0.0008281204177126568
com.google.android.apps.fitness,2025-02-04 21:49:00+00:00,2025-02-04 21:47:00+00:00,0.06130545425415039,0.03809353788146097
com.google.android.apps.fitness,2025-02-04 21:49:00+00:00,2025-02-04 21:49:00+00:00,0.022501562118530275,0.01398185723248678
com.google.android.apps.fitness,2025-02-04 22:08:00+00:00,2025-02-04 22:07:00+00:00,0.011328182220458984,0.007039023587594284
com.google.android.apps.fitness,2025-02-04 22:08:00+00:00,2025-02-04 22:08:00+00:00,0.003767819881439209,0.002341220550933432
com.google.android.apps.fitness,2025-02-04 23:26:00+00:00,2025-02-04 23:25:00+00:00,0.021989999771118166,0.013663986336708319
com.google.android.apps.fitness,2025-02-05 00:49:00+00:00,2025-02-05 00:47:00+00:00,0.03198545455932617,0.019874889432516543
com.google.android.apps.fitness,2025-02-05 00:49:00+00:00,2025-02-05 00:49:00+00:00,0.011207405090332032,0.006963975971722589
com.fitbit.FitbitMobile,2025-02-05 02:33:00+00:00,2025-02-05 02:32:00+00:00,0.000671,0.00041694110629202037
com.google.android.apps.fitness,2025-02-05 02:33:00+00:00,2025-02-05 02:32:00+00:00,0.0006710000038146973,0.00041694110866236924
com.fitbit.FitbitMobile,2025-02-05 02:34:00+00:00,2025-02-05 02:33:00+00:00,0.009394,0.005837175488088285
com.google.android.apps.fitness,2025-02-05 02:34:00+00:00,2025-02-05 02:33:00+00:00,0.009394000053405762,0.00583717552127317
com.fitbit.FitbitMobile,2025-02-05 02:35:00+00:00,2025-02-05 02:34:00+00:00,0.008052,0.005003293275504244
com.google.android.apps.fitness,2025-02-05 02:35:00+00:00,2025-02-05 02:34:00+00:00,0.008052000045776367,0.0050032933039484305
com.fitbit.FitbitMobile,2025-02-05 02:50:00+00:00,2025-02-05 02:49:00+00:00,0.000671,0.00041694110629202037
com.google.android.apps.fitness,2025-02-05 02:50:00+00:00,2025-02-05 02:49:00+00:00,0.0006710000038146973,0.00041694110866236924
com.fitbit.FitbitMobile,2025-02-05 02:51:00+00:00,2025-02-05 02:50:00+00:00,0.000671,0.00041694110629202037
com.google.android.apps.fitness,2025-02-05 02:51:00+00:00,2025-02-05 02:50:00+00:00,0.0006710000038146973,0.00041694110866236924
com.fitbit.FitbitMobile,2025-02-05 02:58:00+00:00,2025-02-05 02:57:00+00:00,0.000671,0.00041694110629202037
com.google.android.apps.fitness,2025-02-05 02:58:00+00:00,2025-02-05 02:57:00+00:00,0.0006710000038146973,0.00041694110866236924
com.fitbit.FitbitMobile,2025-02-05 02:59:00+00:00,2025-02-05 02:58:00+00:00,0.003355,0.0020847055314601017
com.google.android.apps.fitness,2025-02-05 02:59:00+00:00,2025-02-05 02:58:00+00:00,0.003355000019073486,0.002084705543311846
com.fitbit.FitbitMobile,2025-02-05 03:15:00+00:00,2025-02-05 03:14:00+00:00,0.001342,0.0008338822125840407
com.google.android.apps.fitness,2025-02-05 03:15:00+00:00,2025-02-05 03:14:00+00:00,0.0013420000076293946,0.0008338822173247385
com.fitbit.FitbitMobile,2025-02-05 03:16:00+00:00,2025-02-05 03:15:00+00:00,0.025498,0.015843762039096775
com.google.android.apps.fitness,2025-02-05 03:16:00+00:00,2025-02-05 03:15:00+00:00,0.02549799919128418,0.01584376153658281
com.google.android.apps.fitness,2025-02-05 04:47:00+00:00,2025-02-05 04:46:00+00:00,0.01865818214416504,0.011593685699830391
com.fitbit.FitbitMobile,2025-02-05 04:52:00+00:00,2025-02-05 04:51:00+00:00,0.000671,0.00041694110629202037
com.google.android.apps.fitness,2025-02-05 04:52:00+00:00,2025-02-05 04:51:00+00:00,0.0006710000038146973,0.00041694110866236924
com.fitbit.FitbitMobile,2025-02-05 04:53:00+00:00,2025-02-05 04:52:00+00:00,0.012749,0.007921881019548388
com.google.android.apps.fitness,2025-02-05 04:53:00+00:00,2025-02-05 04:52:00+00:00,0.01274899959564209,0.007921880768291405
com.fitbit.FitbitMobile,2025-02-05 04:54:00+00:00,2025-02-05 04:53:00+00:00,0.015433,0.009589645444716468
com.google.android.apps.fitness,2025-02-05 04:54:00+00:00,2025-02-05 04:53:00+00:00,0.01543299961090088,0.009589645202940882
com.fitbit.FitbitMobile,2025-02-05 05:08:00+00:00,2025-02-05 05:07:00+00:00,0.002013,0.001250823318876061
com.google.android.apps.fitness,2025-02-05 05:08:00+00:00,2025-02-05 05:07:00+00:00,0.002013000011444092,0.0012508233259871076
com.fitbit.FitbitMobile,2025-02-05 05:09:00+00:00,2025-02-05 05:08:00+00:00,0.035563,0.022097878633477074
com.google.android.apps.fitness,2025-02-05 05:09:00+00:00,2025-02-05 05:08:00+00:00,0.0355629997253418,0.02209787846281196
com.fitbit.FitbitMobile,2025-02-05 05:10:00+00:00,2025-02-05 05:09:00+00:00,0.01342,0.008338822125840407
com.google.android.apps.fitness,2025-02-05 05:10:00+00:00,2025-02-05 05:09:00+00:00,0.013420000076293945,0.008338822173247384
com.fitbit.FitbitMobile,2025-02-05 05:23:00+00:00,2025-02-05 05:22:00+00:00,0.014091,0.008755763232132428
com.google.android.apps.fitness,2025-02-05 05:23:00+00:00,2025-02-05 05:22:00+00:00,0.014090999603271485,0.008755762985616145
com.fitbit.FitbitMobile,2025-02-05 05:24:00+00:00,2025-02-05 05:23:00+00:00,0.005368,0.003335528850336163
com.google.android.apps.fitness,2025-02-05 05:24:00+00:00,2025-02-05 05:23:00+00:00,0.005368000030517578,0.003335528869298954
com.fitbit.FitbitMobile,2025-02-05 05:42:00+00:00,2025-02-05 05:41:00+00:00,0.003355,0.0020847055314601017
com.google.android.apps.fitness,2025-02-05 05:42:00+00:00,2025-02-05 05:41:00+00:00,0.003355000019073486,0.002084705543311846
com.fitbit.FitbitMobile,2025-02-05 05:43:00+00:00,2025-02-05 05:42:00+00:00,0.000671,0.00041694110629202037
com.google.android.apps.fitness,2025-02-05 05:43:00+00:00,2025-02-05 05:42:00+00:00,0.0006710000038146973,0.00041694110866236924
com.fitbit.FitbitMobile,2025-02-05 05:44:00+00:00,2025-02-05 05:43:00+00:00,0.001342,0.0008338822125840407
com.google.android.apps.fitness,2025-02-05 05:44:00+00:00,2025-02-05 05:43:00+00:00,0.0013420000076293946,0.0008338822173247385
com.fitbit.FitbitMobile,2025-02-05 07:19:00+00:00,2025-02-05 07:18:00+00:00,0.003355,0.0020847055314601017
com.google.android.apps.fitness,2025-02-05 07:19:00+00:00,2025-02-05 07:18:00+00:00,0.003355000019073486,0.002084705543311846
com.fitbit.FitbitMobile,2025-02-05 07:42:00+00:00,2025-02-05 07:41:00+00:00,0.008722999999999998,0.005420234381796264
com.google.android.apps.fitness,2025-02-05 07:42:00+00:00,2025-02-05 07:41:00+00:00,0.008722999572753905,0.00542023411631719
com.fitbit.FitbitMobile,2025-02-05 07:43:00+00:00,2025-02-05 07:42:00+00:00,0.010065,0.006254116594380305
com.google.android.apps.fitness,2025-02-05 07:43:00+00:00,2025-02-05 07:42:00+00:00,0.0100649995803833,0.006254116333641929
com.fitbit.FitbitMobile,2025-02-05 08:16:00+00:00,2025-02-05 08:15:00+00:00,0.001342,0.0008338822125840407
com.google.android.apps.fitness,2025-02-05 08:16:00+00:00,2025-02-05 08:15:00+00:00,0.0013420000076293946,0.0008338822173247385
com.fitbit.FitbitMobile,2025-02-05 08:17:00+00:00,2025-02-05 08:16:00+00:00,0.017445999999999996,0.010840468763592528
com.google.android.apps.fitness,2025-02-05 08:17:00+00:00,2025-02-05 08:16:00+00:00,0.01744599914550781,0.01084046823263438
com.fitbit.FitbitMobile,2025-02-05 09:10:00+00:00,2025-02-05 09:09:00+00:00,0.002013,0.001250823318876061
com.google.android.apps.fitness,2025-02-05 09:10:00+00:00,2025-02-05 09:09:00+00:00,0.002013000011444092,0.0012508233259871076
com.fitbit.FitbitMobile,2025-02-05 09:11:00+00:00,2025-02-05 09:10:00+00:00,0.016104,0.010006586551008488
com.google.android.apps.fitness,2025-02-05 09:11:00+00:00,2025-02-05 09:10:00+00:00,0.016104000091552734,0.010006586607896861
com.fitbit.FitbitMobile,2025-02-05 09:32:00+00:00,2025-02-05 09:31:00+00:00,0.006039,0.003752469956628183
com.google.android.apps.fitness,2025-02-05 09:32:00+00:00,2025-02-05 09:31:00+00:00,0.006039000034332275,0.003752469977961323
com.fitbit.FitbitMobile,2025-02-05 09:54:00+00:00,2025-02-05 09:53:00+00:00,0.000671,0.00041694110629202037
com.google.android.apps.fitness,2025-02-05 09:54:00+00:00,2025-02-05 09:53:00+00:00,0.0006710000038146973,0.00041694110866236924
com.fitbit.FitbitMobile,2025-02-05 09:55:00+00:00,2025-02-05 09:54:00+00:00,0.001342,0.0008338822125840407
com.google.android.apps.fitness,2025-02-05 09:55:00+00:00,2025-02-05 09:54:00+00:00,0.0013420000076293946,0.0008338822173247385
com.fitbit.FitbitMobile,2025-02-05 10:11:00+00:00,2025-02-05 10:10:00+00:00,0.000671,0.00041694110629202037
com.google.android.apps.fitness,2025-02-05 10:11:00+00:00,2025-02-05 10:10:00+00:00,0.0006710000038146973,0.00041694110866236924
com.fitbit.FitbitMobile,2025-02-05 10:12:00+00:00,2025-02-05 10:11:00+00:00,0.009394,0.005837175488088285
com.google.android.apps.fitness,2025-02-05 10:12:00+00:00,2025-02-05 10:11:00+00:00,0.009394000053405762,0.00583717552127317
com.fitbit.FitbitMobile,2025-02-05 10:15:00+00:00,2025-02-05 10:14:00+00:00,0.000671,0.00041694110629202037
com.google.android.apps.fitness,2025-02-05 10:15:00+00:00,2025-02-05 10:14:00+00:00,0.0006710000038146973,0.00041694110866236924
com.fitbit.FitbitMobile,2025-02-05 10:16:00+00:00,2025-02-05 10:15:00+00:00,0.005368,0.003335528850336163
com.google.android.apps.fitness,2025-02-05 10:16:00+00:00,2025-02-05 10:15:00+00:00,0.005368000030517578,0.003335528869298954
com.fitbit.FitbitMobile,2025-02-05 10:17:00+00:00,2025-02-05 10:16:00+00:00,0.009394,0.005837175488088285
com.google.android.apps.fitness,2025-02-05 10:17:00+00:00,2025-02-05 10:16:00+00:00,0.009394000053405762,0.00583717552127317
com.fitbit.FitbitMobile,2025-02-05 10:18:00+00:00,2025-02-05 10:17:00+00:00,0.027511,0.017094585357972834
com.google.android.apps.fitness,2025-02-05 10:18:00+00:00,2025-02-05 10:17:00+00:00,0.02751099967956543,0.01709458515886353
com.fitbit.FitbitMobile,2025-02-05 10:19:00+00:00,2025-02-05 10:18:00+00:00,0.010736,0.006671057700672326
com.google.android.apps.fitness,2025-02-05 10:19:00+00:00,2025-02-05 10:18:00+00:00,0.010736000061035157,0.006671057738597908
com.fitbit.FitbitMobile,2025-02-05 10:21:00+00:00,2025-02-05 10:20:00+00:00,0.002013,0.001250823318876061
com.google.android.apps.fitness,2025-02-05 10:21:00+00:00,2025-02-05 10:20:00+00:00,0.002013000011444092,0.0012508233259871076
com.fitbit.FitbitMobile,2025-02-05 10:22:00+00:00,2025-02-05 10:21:00+00:00,0.027511,0.017094585357972834
com.google.android.apps.fitness,2025-02-05 10:22:00+00:00,2025-02-05 10:21:00+00:00,0.02751099967956543,0.01709458515886353
com.fitbit.FitbitMobile,2025-02-05 12:15:00+00:00,2025-02-05 12:14:00+00:00,0.004697,0.0029185877440441425
com.google.android.apps.fitness,2025-02-05 12:15:00+00:00,2025-02-05 12:14:00+00:00,0.004697000026702881,0.002918587760636585
com.fitbit.FitbitMobile,2025-02-05 12:16:00+00:00,2025-02-05 12:15:00+00:00,0.027511,0.017094585357972834
com.google.android.apps.fitness,2025-02-05 12:16:00+00:00,2025-02-05 12:15:00+00:00,0.02751099967956543,0.01709458515886353
com.fitbit.FitbitMobile,2025-02-05 12:20:00+00:00,2025-02-05 12:19:00+00:00,0.002013,0.001250823318876061
com.google.android.apps.fitness,2025-02-05 12:20:00+00:00,2025-02-05 12:19:00+00:00,0.002013000011444092,0.0012508233259871076
com.fitbit.FitbitMobile,2025-02-05 12:21:00+00:00,2025-02-05 12:20:00+00:00,0.001342,0.0008338822125840407
com.google.android.apps.fitness,2025-02-05 12:21:00+00:00,2025-02-05 12:20:00+00:00,0.0013420000076293946,0.0008338822173247385
com.fitbit.FitbitMobile,2025-02-05 13:25:00+00:00,2025-02-05 13:24:00+00:00,0.002684,0.0016677644251680815
com.google.android.apps.fitness,2025-02-05 13:25:00+00:00,2025-02-05 13:24:00+00:00,0.002684000015258789,0.001667764434649477
com.fitbit.FitbitMobile,2025-02-05 13:26:00+00:00,2025-02-05 13:25:00+00:00,0.031537,0.01959623199572496
com.google.android.apps.fitness,2025-02-05 13:26:00+00:00,2025-02-05 13:25:00+00:00,0.03153700065612793,0.019596232403424965
com.fitbit.FitbitMobile,2025-02-05 13:28:00+00:00,2025-02-05 13:27:00+00:00,0.000671,0.00041694110629202037
com.google.android.apps.fitness,2025-02-05 13:28:00+00:00,2025-02-05 13:27:00+00:00,0.0006710000038146973,0.00041694110866236924
com.fitbit.FitbitMobile,2025-02-05 13:29:00+00:00,2025-02-05 13:28:00+00:00,0.010065,0.006254116594380305
com.google.android.apps.fitness,2025-02-05 13:29:00+00:00,2025-02-05 13:28:00+00:00,0.0100649995803833,0.006254116333641929
com.fitbit.FitbitMobile,2025-02-05 13:30:00+00:00,2025-02-05 13:29:00+00:00,0.012078,0.007504939913256366
com.google.android.apps.fitness,2025-02-05 13:30:00+00:00,2025-02-05 13:29:00+00:00,0.01207800006866455,0.007504939955922646
com.fitbit.FitbitMobile,2025-02-05 13:32:00+00:00,2025-02-05 13:31:00+00:00,0.012078,0.007504939913256366
com.google.android.apps.fitness,2025-02-05 13:32:00+00:00,2025-02-05 13:31:00+00:00,0.01207800006866455,0.007504939955922646
com.fitbit.FitbitMobile,2025-02-05 13:33:00+00:00,2025-02-05 13:32:00+00:00,0.040931,0.025433407483813245
com.google.android.apps.fitness,2025-02-05 13:33:00+00:00,2025-02-05 13:32:00+00:00,0.04093099975585938,0.025433407332110913
com.fitbit.FitbitMobile,2025-02-05 13:34:00+00:00,2025-02-05 13:33:00+00:00,0.004026,0.002501646637752122
com.google.android.apps.fitness,2025-02-05 13:34:00+00:00,2025-02-05 13:33:00+00:00,0.004026000022888184,0.0025016466519742152
com.fitbit.FitbitMobile,2025-02-05 13:38:00+00:00,2025-02-05 13:37:00+00:00,0.009394,0.005837175488088285
com.google.android.apps.fitness,2025-02-05 13:38:00+00:00,2025-02-05 13:37:00+00:00,0.009394000053405762,0.00583717552127317
com.fitbit.FitbitMobile,2025-02-05 13:39:00+00:00,2025-02-05 13:38:00+00:00,0.031537,0.01959623199572496
com.google.android.apps.fitness,2025-02-05 13:39:00+00:00,2025-02-05 13:38:00+00:00,0.03153700065612793,0.019596232403424965
com.fitbit.FitbitMobile,2025-02-05 13:40:00+00:00,2025-02-05 13:39:00+00:00,0.016775,0.01042352765730051
com.google.android.apps.fitness,2025-02-05 13:40:00+00:00,2025-02-05 13:39:00+00:00,0.016774999618530274,0.010423527420265621
com.fitbit.FitbitMobile,2025-02-05 13:41:00+00:00,2025-02-05 13:40:00+00:00,0.006039,0.003752469956628183
com.google.android.apps.fitness,2025-02-05 13:41:00+00:00,2025-02-05 13:40:00+00:00,0.006039000034332275,0.003752469977961323
com.fitbit.FitbitMobile,2025-02-05 14:22:00+00:00,2025-02-05 14:21:00+00:00,0.002013,0.001250823318876061
com.google.android.apps.fitness,2025-02-05 14:22:00+00:00,2025-02-05 14:21:00+00:00,0.002013000011444092,0.0012508233259871076
com.google.android.apps.fitness,2025-02-05 16:04:00+00:00,2025-02-05 16:03:00+00:00,0.017991817474365235,0.011179624861350141
com.fitbit.FitbitMobile,2025-02-05 16:20:00+00:00,2025-02-05 16:19:00+00:00,0.008722999999999998,0.005420234381796264
com.google.android.apps.fitness,2025-02-05 16:20:00+00:00,2025-02-05 16:19:00+00:00,0.008722999572753905,0.00542023411631719
com.fitbit.FitbitMobile,2025-02-05 16:21:00+00:00,2025-02-05 16:20:00+00:00,0.004697,0.0029185877440441425
com.google.android.apps.fitness,2025-02-05 16:21:00+00:00,2025-02-05 16:20:00+00:00,0.004697000026702881,0.002918587760636585
com.google.android.apps.fitness,2025-02-05 16:46:00+00:00,2025-02-05 16:46:00+00:00,0.005997272968292236,0.003726541916743657
com.google.android.apps.fitness,2025-02-05 16:46:00+00:00,2025-02-05 16:46:00+00:00,0.01932454490661621,0.0120077453531362
com.fitbit.FitbitMobile,2025-02-05 16:53:00+00:00,2025-02-05 16:52:00+00:00,0.002684,0.0016677644251680815
com.google.android.apps.fitness,2025-02-05 16:53:00+00:00,2025-02-05 16:52:00+00:00,0.002684000015258789,0.001667764434649477
com.fitbit.FitbitMobile,2025-02-05 16:54:00+00:00,2025-02-05 16:53:00+00:00,0.032879,0.020430114208308994
com.google.android.apps.fitness,2025-02-05 16:54:00+00:00,2025-02-05 16:53:00+00:00,0.03287900161743164,0.020430115213336923
com.google.android.apps.fitness,2025-02-05 18:25:00+00:00,2025-02-05 18:24:00+00:00,0.016659090042114258,0.010351504369564082
com.fitbit.FitbitMobile,2025-02-05 18:37:00+00:00,2025-02-05 18:36:00+00:00,0.001342,0.0008338822125840407
com.google.android.apps.fitness,2025-02-05 18:37:00+00:00,2025-02-05 18:36:00+00:00,0.0013420000076293946,0.0008338822173247385
com.fitbit.FitbitMobile,2025-02-05 18:38:00+00:00,2025-02-05 18:37:00+00:00,0.025498,0.015843762039096775
com.google.android.apps.fitness,2025-02-05 18:38:00+00:00,2025-02-05 18:37:00+00:00,0.02549799919128418,0.01584376153658281
com.google.android.apps.fitness,2025-02-05 18:41:00+00:00,2025-02-05 18:39:00+00:00,0.03598363494873047,0.022359249722700283
com.google.android.apps.fitness,2025-02-05 18:41:00+00:00,2025-02-05 18:41:00+00:00,0.007996363639831543,0.004968722358129136
com.google.android.apps.fitness,2025-02-05 18:54:00+00:00,2025-02-05 18:54:00+00:00,0.008016413688659667,0.00498118091183943
com.google.android.apps.fitness,2025-02-05 21:13:00+00:00,2025-02-05 21:12:00+00:00,0.01865818214416504,0.011593685699830391
com.google.android.apps.fitness,2025-02-05 21:47:00+00:00,2025-02-05 21:46:00+00:00,0.01865818214416504,0.011593685699830391
com.google.android.apps.fitness,2025-02-05 22:41:00+00:00,2025-02-05 22:40:00+00:00,0.017991817474365235,0.011179624861350141
com.google.android.apps.fitness,2025-02-05 23:49:00+00:00,2025-02-05 23:47:00+00:00,0.03598363494873047,0.022359249722700283
com.google.android.apps.fitness,2025-02-05 23:53:00+00:00,2025-02-05 23:51:00+00:00,0.02931999969482422,0.018218648448944424
com.fitbit.FitbitMobile,2025-02-06 01:15:00+00:00,2025-02-06 01:14:00+00:00,0.002013,0.001250823318876061
com.google.android.apps.fitness,2025-02-06 01:15:00+00:00,2025-02-06 01:14:00+00:00,0.002013000011444092,0.0012508233259871076
com.fitbit.FitbitMobile,2025-02-06 01:25:00+00:00,2025-02-06 01:24:00+00:00,0.001342,0.0008338822125840407
com.google.android.apps.fitness,2025-02-06 01:25:00+00:00,2025-02-06 01:24:00+00:00,0.0013420000076293946,0.0008338822173247385
com.fitbit.FitbitMobile,2025-02-06 01:29:00+00:00,2025-02-06 01:28:00+00:00,0.000671,0.00041694110629202037
com.google.android.apps.fitness,2025-02-06 01:29:00+00:00,2025-02-06 01:28:00+00:00,0.0006710000038146973,0.00041694110866236924
com.fitbit.FitbitMobile,2025-02-06 01:30:00+00:00,2025-02-06 01:29:00+00:00,0.002684,0.0016677644251680815
com.google.android.apps.fitness,2025-02-06 01:30:00+00:00,2025-02-06 01:29:00+00:00,0.002684000015258789,0.001667764434649477
com.fitbit.FitbitMobile,2025-02-06 01:31:00+00:00,2025-02-06 01:30:00+00:00,0.001342,0.0008338822125840407
com.google.android.apps.fitness,2025-02-06 01:31:00+00:00,2025-02-06 01:30:00+00:00,0.0013420000076293946,0.0008338822173247385
com.fitbit.FitbitMobile,2025-02-06 01:32:00+00:00,2025-02-06 01:31:00+00:00,0.006039,0.003752469956628183
com.google.android.apps.fitness,2025-02-06 01:32:00+00:00,2025-02-06 01:31:00+00:00,0.006039000034332275,0.003752469977961323
com.fitbit.FitbitMobile,2025-02-06 01:38:00+00:00,2025-02-06 01:37:00+00:00,0.001342,0.0008338822125840407
com.google.android.apps.fitness,2025-02-06 01:38:00+00:00,2025-02-06 01:37:00+00:00,0.0013420000076293946,0.0008338822173247385
com.fitbit.FitbitMobile,2025-02-06 01:39:00+00:00,2025-02-06 01:38:00+00:00,0.028853,0.017928467570556876
com.google.android.apps.fitness,2025-02-06 01:39:00+00:00,2025-02-06 01:38:00+00:00,0.02885300064086914,0.017928467968775487
com.fitbit.FitbitMobile,2025-02-06 01:40:00+00:00,2025-02-06 01:39:00+00:00,0.014091,0.008755763232132428
com.google.android.apps.fitness,2025-02-06 01:40:00+00:00,2025-02-06 01:39:00+00:00,0.014090999603271485,0.008755762985616145
com.fitbit.FitbitMobile,2025-02-06 01:41:00+00:00,2025-02-06 01:40:00+00:00,0.018117,0.01125740986988455
com.google.android.apps.fitness,2025-02-06 01:41:00+00:00,2025-02-06 01:40:00+00:00,0.018117000579833984,0.011257410230177579
com.fitbit.FitbitMobile,2025-02-06 01:43:00+00:00,2025-02-06 01:42:00+00:00,0.000671,0.00041694110629202037
com.google.android.apps.fitness,2025-02-06 01:43:00+00:00,2025-02-06 01:42:00+00:00,0.0006710000038146973,0.00041694110866236924
com.fitbit.FitbitMobile,2025-02-06 01:44:00+00:00,2025-02-06 01:43:00+00:00,0.002013,0.001250823318876061
com.google.android.apps.fitness,2025-02-06 01:44:00+00:00,2025-02-06 01:43:00+00:00,0.002013000011444092,0.0012508233259871076
com.google.android.apps.fitness,2025-02-06 01:46:00+00:00,2025-02-06 01:45:00+00:00,0.03198545455932617,0.019874889432516543
com.fitbit.FitbitMobile,2025-02-06 02:25:00+00:00,2025-02-06 02:24:00+00:00,0.002684,0.0016677644251680815
com.google.android.apps.fitness,2025-02-06 02:25:00+00:00,2025-02-06 02:24:00+00:00,0.002684000015258789,0.001667764434649477
com.fitbit.FitbitMobile,2025-02-06 02:34:00+00:00,2025-02-06 02:33:00+00:00,0.002013,0.001250823318876061
com.google.android.apps.fitness,2025-02-06 02:34:00+00:00,2025-02-06 02:33:00+00:00,0.002013000011444092,0.0012508233259871076
com.google.android.apps.fitness,2025-02-06 02:57:00+00:00,2025-02-06 02:55:00+00:00,0.03398454666137695,0.021117070762782852
com.fitbit.FitbitMobile,2025-02-06 03:00:00+00:00,2025-02-06 02:59:00+00:00,0.001342,0.0008338822125840407
com.google.android.apps.fitness,2025-02-06 03:00:00+00:00,2025-02-06 02:59:00+00:00,0.0013420000076293946,0.0008338822173247385
com.google.android.apps.fitness,2025-02-06 03:00:00+00:00,2025-02-06 03:00:00+00:00,0.00435376501083374,0.0027053108795119366
com.google.android.apps.fitness,2025-02-06 03:04:00+00:00,2025-02-06 03:01:00+00:00,0.04731181716918945,0.029398273310294567
com.google.android.apps.fitness,2025-02-06 03:04:00+00:00,2025-02-06 03:04:00+00:00,0.007329999923706055,0.004554662112236106
com.google.android.apps.fitness,2025-02-06 03:09:00+00:00,2025-02-06 03:08:00+00:00,0.015992727279663086,0.009937444716258272
com.google.android.apps.fitness,2025-02-06 03:09:00+00:00,2025-02-06 03:09:00+00:00,0.026289823532104493,0.01633577959418426
com.google.android.apps.fitness,2025-02-06 03:11:00+00:00,2025-02-06 03:10:00+00:00,0.022656364440917967,0.014078047175188568
com.fitbit.FitbitMobile,2025-02-06 03:20:00+00:00,2025-02-06 03:19:00+00:00,0.002684,0.0016677644251680815
com.google.android.apps.fitness,2025-02-06 03:20:00+00:00,2025-02-06 03:19:00+00:00,0.002684000015258789,0.001667764434649477
com.fitbit.FitbitMobile,2025-02-06 03:21:00+00:00,2025-02-06 03:20:00+00:00,0.027511,0.017094585357972834
com.google.android.apps.fitness,2025-02-06 03:21:00+00:00,2025-02-06 03:20:00+00:00,0.02751099967956543,0.01709458515886353
com.fitbit.FitbitMobile,2025-02-06 03:27:00+00:00,2025-02-06 03:26:00+00:00,0.001342,0.0008338822125840407
com.google.android.apps.fitness,2025-02-06 03:27:00+00:00,2025-02-06 03:26:00+00:00,0.0013420000076293946,0.0008338822173247385
com.fitbit.FitbitMobile,2025-02-06 03:28:00+00:00,2025-02-06 03:27:00+00:00,0.014091,0.008755763232132428
com.google.android.apps.fitness,2025-02-06 03:28:00+00:00,2025-02-06 03:27:00+00:00,0.014090999603271485,0.008755762985616145
com.fitbit.FitbitMobile,2025-02-06 04:00:00+00:00,2025-02-06 03:59:00+00:00,0.008052,0.005003293275504244
com.google.android.apps.fitness,2025-02-06 04:00:00+00:00,2025-02-06 03:59:00+00:00,0.008052000045776367,0.0050032933039484305
com.fitbit.FitbitMobile,2025-02-06 04:26:00+00:00,2025-02-06 04:25:00+00:00,0.002013,0.001250823318876061
com.google.android.apps.fitness,2025-02-06 04:26:00+00:00,2025-02-06 04:25:00+00:00,0.002013000011444092,0.0012508233259871076
com.fitbit.FitbitMobile,2025-02-06 04:27:00+00:00,2025-02-06 04:26:00+00:00,0.004697,0.0029185877440441425
com.google.android.apps.fitness,2025-02-06 04:27:00+00:00,2025-02-06 04:26:00+00:00,0.004697000026702881,0.002918587760636585
com.fitbit.FitbitMobile,2025-02-06 05:59:00+00:00,2025-02-06 05:58:00+00:00,0.000671,0.00041694110629202037
com.google.android.apps.fitness,2025-02-06 05:59:00+00:00,2025-02-06 05:58:00+00:00,0.0006710000038146973,0.00041694110866236924
com.fitbit.FitbitMobile,2025-02-06 06:00:00+00:00,2025-02-06 05:59:00+00:00,0.032208,0.020013173102016977
com.google.android.apps.fitness,2025-02-06 06:00:00+00:00,2025-02-06 05:59:00+00:00,0.03220800018310547,0.020013173215793722
com.fitbit.FitbitMobile,2025-02-06 06:01:00+00:00,2025-02-06 06:00:00+00:00,0.014762,0.009172704338424448
com.google.android.apps.fitness,2025-02-06 06:01:00+00:00,2025-02-06 06:00:00+00:00,0.01476200008392334,0.009172704390572124
com.fitbit.FitbitMobile,2025-02-06 06:03:00+00:00,2025-02-06 06:02:00+00:00,0.012078,0.007504939913256366
com.google.android.apps.fitness,2025-02-06 06:03:00+00:00,2025-02-06 06:02:00+00:00,0.01207800006866455,0.007504939955922646
com.fitbit.FitbitMobile,2025-02-06 06:04:00+00:00,2025-02-06 06:03:00+00:00,0.002013,0.001250823318876061
com.google.android.apps.fitness,2025-02-06 06:04:00+00:00,2025-02-06 06:03:00+00:00,0.002013000011444092,0.0012508233259871076
com.fitbit.FitbitMobile,2025-02-06 06:05:00+00:00,2025-02-06 06:04:00+00:00,0.014091,0.008755763232132428
com.google.android.apps.fitness,2025-02-06 06:05:00+00:00,2025-02-06 06:04:00+00:00,0.014090999603271485,0.008755762985616145
com.fitbit.FitbitMobile,2025-02-06 06:06:00+00:00,2025-02-06 06:05:00+00:00,0.028853,0.017928467570556876
com.google.android.apps.fitness,2025-02-06 06:06:00+00:00,2025-02-06 06:05:00+00:00,0.02885300064086914,0.017928467968775487
com.fitbit.FitbitMobile,2025-02-06 06:08:00+00:00,2025-02-06 06:07:00+00:00,0.000671,0.00041694110629202037
com.google.android.apps.fitness,2025-02-06 06:08:00+00:00,2025-02-06 06:07:00+00:00,0.0006710000038146973,0.00041694110866236924
com.fitbit.FitbitMobile,2025-02-06 06:09:00+00:00,2025-02-06 06:08:00+00:00,0.008722999999999998,0.005420234381796264
com.google.android.apps.fitness,2025-02-06 06:09:00+00:00,2025-02-06 06:08:00+00:00,0.008722999572753905,0.00542023411631719
com.fitbit.FitbitMobile,2025-02-06 06:10:00+00:00,2025-02-06 06:09:00+00:00,0.020801,0.01292517429505263
com.google.android.apps.fitness,2025-02-06 06:10:00+00:00,2025-02-06 06:09:00+00:00,0.020801000595092774,0.012925174664827056
com.fitbit.FitbitMobile,2025-02-06 06:11:00+00:00,2025-02-06 06:10:00+00:00,0.008052,0.005003293275504244
com.google.android.apps.fitness,2025-02-06 06:11:00+00:00,2025-02-06 06:10:00+00:00,0.008052000045776367,0.0050032933039484305
com.fitbit.FitbitMobile,2025-02-06 06:12:00+00:00,2025-02-06 06:11:00+00:00,0.009394,0.005837175488088285
com.google.android.apps.fitness,2025-02-06 06:12:00+00:00,2025-02-06 06:11:00+00:00,0.009394000053405762,0.00583717552127317
com.fitbit.FitbitMobile,2025-02-06 06:13:00+00:00,2025-02-06 06:12:00+00:00,0.015433,0.009589645444716468
com.google.android.apps.fitness,2025-02-06 06:13:00+00:00,2025-02-06 06:12:00+00:00,0.01543299961090088,0.009589645202940882
com.fitbit.FitbitMobile,2025-02-06 06:17:00+00:00,2025-02-06 06:16:00+00:00,0.00671,0.004169411062920203
com.google.android.apps.fitness,2025-02-06 06:17:00+00:00,2025-02-06 06:16:00+00:00,0.006710000038146972,0.004169411086623692
com.fitbit.FitbitMobile,2025-02-06 06:18:00+00:00,2025-02-06 06:17:00+00:00,0.006039,0.003752469956628183
com.google.android.apps.fitness,2025-02-06 06:18:00+00:00,2025-02-06 06:17:00+00:00,0.006039000034332275,0.003752469977961323
com.fitbit.FitbitMobile,2025-02-06 06:19:00+00:00,2025-02-06 06:18:00+00:00,0.004697,0.0029185877440441425
com.google.android.apps.fitness,2025-02-06 06:19:00+00:00,2025-02-06 06:18:00+00:00,0.004697000026702881,0.002918587760636585
com.fitbit.FitbitMobile,2025-02-06 06:20:00+00:00,2025-02-06 06:19:00+00:00,0.012078,0.007504939913256366
com.google.android.apps.fitness,2025-02-06 06:20:00+00:00,2025-02-06 06:19:00+00:00,0.01207800006866455,0.007504939955922646
com.fitbit.FitbitMobile,2025-02-06 06:21:00+00:00,2025-02-06 06:20:00+00:00,0.004026,0.002501646637752122
com.google.android.apps.fitness,2025-02-06 06:21:00+00:00,2025-02-06 06:20:00+00:00,0.004026000022888184,0.0025016466519742152
com.google.android.apps.fitness,2025-02-06 06:25:00+00:00,2025-02-06 06:23:00+00:00,0.03265181732177734,0.020288949085822353
com.google.android.apps.fitness,2025-02-06 06:25:00+00:00,2025-02-06 06:25:00+00:00,0.002665454626083374,0.0016562408354253136
com.fitbit.FitbitMobile,2025-02-06 06:27:00+00:00,2025-02-06 06:26:00+00:00,0.002684,0.0016677644251680815
com.google.android.apps.fitness,2025-02-06 06:27:00+00:00,2025-02-06 06:26:00+00:00,0.002684000015258789,0.001667764434649477
com.fitbit.FitbitMobile,2025-02-06 06:28:00+00:00,2025-02-06 06:27:00+00:00,0.011407,0.007087998806964346
com.google.android.apps.fitness,2025-02-06 06:28:00+00:00,2025-02-06 06:27:00+00:00,0.011406999588012695,0.007087998550966667
com.fitbit.FitbitMobile,2025-02-06 06:29:00+00:00,2025-02-06 06:28:00+00:00,0.022814,0.014175997613928692
com.google.android.apps.fitness,2025-02-06 06:29:00+00:00,2025-02-06 06:28:00+00:00,0.02281399917602539,0.014175997101933334
com.fitbit.FitbitMobile,2025-02-06 06:30:00+00:00,2025-02-06 06:29:00+00:00,0.001342,0.0008338822125840407
com.google.android.apps.fitness,2025-02-06 06:30:00+00:00,2025-02-06 06:29:00+00:00,0.0013420000076293946,0.0008338822173247385
com.google.android.apps.fitness,2025-02-06 08:09:00+00:00,2025-02-06 08:08:00+00:00,0.026654544830322265,0.016562407465372304
com.fitbit.FitbitMobile,2025-02-06 09:43:00+00:00,2025-02-06 09:42:00+00:00,0.003355,0.0020847055314601017
com.google.android.apps.fitness,2025-02-06 09:43:00+00:00,2025-02-06 09:42:00+00:00,0.003355000019073486,0.002084705543311846
com.fitbit.FitbitMobile,2025-02-06 09:48:00+00:00,2025-02-06 09:47:00+00:00,0.001342,0.0008338822125840407
com.google.android.apps.fitness,2025-02-06 09:48:00+00:00,2025-02-06 09:47:00+00:00,0.0013420000076293946,0.0008338822173247385
com.fitbit.FitbitMobile,2025-02-06 09:49:00+00:00,2025-02-06 09:48:00+00:00,0.032208,0.020013173102016977
com.google.android.apps.fitness,2025-02-06 09:49:00+00:00,2025-02-06 09:48:00+00:00,0.03220800018310547,0.020013173215793722
com.fitbit.FitbitMobile,2025-02-06 09:50:00+00:00,2025-02-06 09:49:00+00:00,0.000671,0.00041694110629202037
com.google.android.apps.fitness,2025-02-06 09:50:00+00:00,2025-02-06 09:49:00+00:00,0.0006710000038146973,0.00041694110866236924
com.fitbit.FitbitMobile,2025-02-06 09:51:00+00:00,2025-02-06 09:50:00+00:00,0.007381,0.004586352169212224
com.google.android.apps.fitness,2025-02-06 09:51:00+00:00,2025-02-06 09:50:00+00:00,0.00738100004196167,0.004586352195286062
com.fitbit.FitbitMobile,2025-02-06 09:52:00+00:00,2025-02-06 09:51:00+00:00,0.043615,0.027101171908981325
com.google.android.apps.fitness,2025-02-06 09:52:00+00:00,2025-02-06 09:51:00+00:00,0.0436150016784668,0.02710117295193483
com.fitbit.FitbitMobile,2025-02-06 09:53:00+00:00,2025-02-06 09:52:00+00:00,0.022814,0.014175997613928692
com.google.android.apps.fitness,2025-02-06 09:53:00+00:00,2025-02-06 09:52:00+00:00,0.02281399917602539,0.014175997101933334
com.fitbit.FitbitMobile,2025-02-06 10:34:00+00:00,2025-02-06 10:33:00+00:00,0.000671,0.00041694110629202037
com.google.android.apps.fitness,2025-02-06 10:34:00+00:00,2025-02-06 10:33:00+00:00,0.0006710000038146973,0.00041694110866236924
com.fitbit.FitbitMobile,2025-02-06 10:35:00+00:00,2025-02-06 10:34:00+00:00,0.000671,0.00041694110629202037
com.google.android.apps.fitness,2025-02-06 10:35:00+00:00,2025-02-06 10:34:00+00:00,0.0006710000038146973,0.00041694110866236924
com.fitbit.FitbitMobile,2025-02-06 10:50:00+00:00,2025-02-06 10:49:00+00:00,0.001342,0.0008338822125840407
com.google.android.apps.fitness,2025-02-06 10:50:00+00:00,2025-02-06 10:49:00+00:00,0.0013420000076293946,0.0008338822173247385
com.fitbit.FitbitMobile,2025-02-06 10:51:00+00:00,2025-02-06 10:50:00+00:00,0.005368,0.003335528850336163
com.google.android.apps.fitness,2025-02-06 10:51:00+00:00,2025-02-06 10:50:00+00:00,0.005368000030517578,0.003335528869298954
com.fitbit.FitbitMobile,2025-02-06 11:54:00+00:00,2025-02-06 11:53:00+00:00,0.000671,0.00041694110629202037
com.google.android.apps.fitness,2025-02-06 11:54:00+00:00,2025-02-06 11:53:00+00:00,0.0006710000038146973,0.00041694110866236924
com.fitbit.FitbitMobile,2025-02-06 11:55:00+00:00,2025-02-06 11:54:00+00:00,0.010736,0.006671057700672326
com.google.android.apps.fitness,2025-02-06 11:55:00+00:00,2025-02-06 11:54:00+00:00,0.010736000061035157,0.006671057738597908
com.fitbit.FitbitMobile,2025-02-06 11:58:00+00:00,2025-02-06 11:57:00+00:00,0.000671,0.00041694110629202037
com.google.android.apps.fitness,2025-02-06 11:58:00+00:00,2025-02-06 11:57:00+00:00,0.0006710000038146973,0.00041694110866236924
com.fitbit.FitbitMobile,2025-02-06 11:59:00+00:00,2025-02-06 11:58:00+00:00,0.021472,0.013342115401344652
com.google.android.apps.fitness,2025-02-06 11:59:00+00:00,2025-02-06 11:58:00+00:00,0.021472000122070314,0.013342115477195816
com.fitbit.FitbitMobile,2025-02-06 12:40:00+00:00,2025-02-06 12:39:00+00:00,0.001342,0.0008338822125840407
com.google.android.apps.fitness,2025-02-06 12:40:00+00:00,2025-02-06 12:39:00+00:00,0.0013420000076293946,0.0008338822173247385
com.fitbit.FitbitMobile,2025-02-06 12:41:00+00:00,2025-02-06 12:40:00+00:00,0.001342,0.0008338822125840407
com.google.android.apps.fitness,2025-02-06 12:41:00+00:00,2025-02-06 12:40:00+00:00,0.0013420000076293946,0.0008338822173247385
com.fitbit.FitbitMobile,2025-02-06 12:47:00+00:00,2025-02-06 12:46:00+00:00,0.003355,0.0020847055314601017
com.google.android.apps.fitness,2025-02-06 12:47:00+00:00,2025-02-06 12:46:00+00:00,0.003355000019073486,0.002084705543311846
com.fitbit.FitbitMobile,2025-02-06 14:51:00+00:00,2025-02-06 14:50:00+00:00,0.003,0.0018641182099494204
com.google.android.apps.fitness,2025-02-06 14:51:00+00:00,2025-02-06 14:50:00+00:00,0.003,0.0018641182099494204
com.fitbit.FitbitMobile,2025-02-06 14:52:00+00:00,2025-02-06 14:51:00+00:00,0.0044,0.0027340400412591503
com.google.android.apps.fitness,2025-02-06 14:52:00+00:00,2025-02-06 14:51:00+00:00,0.004400000095367431,0.002734040100517872
com.google.android.apps.fitness,2025-02-06 15:10:00+00:00,2025-02-06 15:08:00+00:00,0.03931545639038086,0.024429552729927088
com.google.android.apps.fitness,2025-02-06 15:10:00+00:00,2025-02-06 15:10:00+00:00,0.0044050211906433104,0.002737160072230424
com.google.android.apps.fitness,2025-02-06 15:11:00+00:00,2025-02-06 15:11:00+00:00,0.004486052036285401,0.0027875104305400975
com.fitbit.FitbitMobile,2025-02-06 15:12:00+00:00,2025-02-06 15:11:00+00:00,0.0039,0.0024233536729342466
com.google.android.apps.fitness,2025-02-06 15:12:00+00:00,2025-02-06 15:11:00+00:00,0.0039000000953674317,0.0024233537321929686
com.fitbit.FitbitMobile,2025-02-06 15:13:00+00:00,2025-02-06 15:12:00+00:00,0.0048,0.0029825891359190723
com.google.android.apps.fitness,2025-02-06 15:13:00+00:00,2025-02-06 15:12:00+00:00,0.004800000190734863,0.0029825892544365165
com.google.android.apps.fitness,2025-02-06 16:52:00+00:00,2025-02-06 16:50:00+00:00,0.029986364364624023,0.018632709287424675
com.google.android.apps.fitness,2025-02-06 16:59:00+00:00,2025-02-06 16:58:00+00:00,0.015326363563537598,0.009523384470365243
com.fitbit.FitbitMobile,2025-02-06 17:42:00+00:00,2025-02-06 17:41:00+00:00,0.000671,0.00041694110629202037
com.google.android.apps.fitness,2025-02-06 17:42:00+00:00,2025-02-06 17:41:00+00:00,0.0006710000038146973,0.00041694110866236924
com.fitbit.FitbitMobile,2025-02-06 17:43:00+00:00,2025-02-06 17:42:00+00:00,0.001342,0.0008338822125840407
com.google.android.apps.fitness,2025-02-06 17:43:00+00:00,2025-02-06 17:42:00+00:00,0.0013420000076293946,0.0008338822173247385
com.fitbit.FitbitMobile,2025-02-06 17:59:00+00:00,2025-02-06 17:58:00+00:00,0.001342,0.0008338822125840407
com.google.android.apps.fitness,2025-02-06 17:59:00+00:00,2025-02-06 17:58:00+00:00,0.0013420000076293946,0.0008338822173247385
com.fitbit.FitbitMobile,2025-02-06 18:00:00+00:00,2025-02-06 17:59:00+00:00,0.020801,0.01292517429505263
com.google.android.apps.fitness,2025-02-06 18:00:00+00:00,2025-02-06 17:59:00+00:00,0.020801000595092774,0.012925174664827056
com.fitbit.FitbitMobile,2025-02-06 18:01:00+00:00,2025-02-06 18:00:00+00:00,0.018117,0.01125740986988455
com.google.android.apps.fitness,2025-02-06 18:01:00+00:00,2025-02-06 18:00:00+00:00,0.018117000579833984,0.011257410230177579
com.fitbit.FitbitMobile,2025-02-06 18:02:00+00:00,2025-02-06 18:01:00+00:00,0.02013,0.01250823318876061
com.google.android.apps.fitness,2025-02-06 18:02:00+00:00,2025-02-06 18:01:00+00:00,0.0201299991607666,0.012508232667283858
com.fitbit.FitbitMobile,2025-02-06 18:03:00+00:00,2025-02-06 18:02:00+00:00,0.023485,0.014592938720220713
com.google.android.apps.fitness,2025-02-06 18:03:00+00:00,2025-02-06 18:02:00+00:00,0.023485000610351563,0.014592939099476534
com.fitbit.FitbitMobile,2025-02-06 19:01:00+00:00,2025-02-06 19:00:00+00:00,0.004697,0.0029185877440441425
com.google.android.apps.fitness,2025-02-06 19:01:00+00:00,2025-02-06 19:00:00+00:00,0.004697000026702881,0.002918587760636585
com.google.android.apps.fitness,2025-02-06 19:31:00+00:00,2025-02-06 19:29:00+00:00,0.03265181732177734,0.020288949085822353
com.google.android.apps.fitness,2025-02-06 19:31:00+00:00,2025-02-06 19:31:00+00:00,0.01465999984741211,0.009109324224472212
com.google.android.apps.fitness,2025-02-06 19:36:00+00:00,2025-02-06 19:35:00+00:00,0.015992727279663086,0.009937444716258272
com.google.android.apps.fitness,2025-02-06 19:36:00+00:00,2025-02-06 19:36:00+00:00,0.02995094108581543,0.01861069822773027
com.google.android.apps.fitness,2025-02-06 19:41:00+00:00,2025-02-06 19:40:00+00:00,0.021323637008666994,0.013249926683402509
com.google.android.apps.fitness,2025-02-06 19:42:00+00:00,2025-02-06 19:42:00+00:00,0.0042106623649597165,0.0026163907968233665
com.google.android.apps.fitness,2025-02-06 19:44:00+00:00,2025-02-06 19:43:00+00:00,0.017325454711914063,0.010765565208044331
com.google.android.apps.fitness,2025-02-06 19:51:00+00:00,2025-02-06 19:50:00+00:00,0.015992727279663086,0.009937444716258272
com.google.android.apps.fitness,2025-02-06 19:59:00+00:00,2025-02-06 19:59:00+00:00,0.007842132568359375,0.004872887375172043
com.google.android.apps.fitness,2025-02-06 20:00:00+00:00,2025-02-06 20:00:00+00:00,0.01865818214416504,0.011593685699830391
com.google.android.apps.fitness,2025-02-06 23:20:00+00:00,2025-02-06 23:18:00+00:00,0.03398454666137695,0.021117070762782852
com.google.android.apps.fitness,2025-02-06 23:22:00+00:00,2025-02-06 23:21:00+00:00,0.02065727233886719,0.012835865844922259
com.google.android.apps.fitness,2025-02-06 23:23:00+00:00,2025-02-06 23:22:00+00:00,0.01865818214416504,0.011593685699830391
com.google.android.apps.fitness,2025-02-06 23:23:00+00:00,2025-02-06 23:23:00+00:00,0.035217372894287106,0.021883115372939906
com.fitbit.FitbitMobile,2025-02-07 01:29:00+00:00,2025-02-07 01:28:00+00:00,0.001342,0.0008338822125840407
com.google.android.apps.fitness,2025-02-07 01:29:00+00:00,2025-02-07 01:28:00+00:00,0.0013420000076293946,0.0008338822173247385
com.google.android.apps.fitness,2025-02-07 01:29:00+00:00,2025-02-07 01:29:00+00:00,3.3318178611807527e-07,2.0703007824205903e-07
com.fitbit.FitbitMobile,2025-02-07 01:30:00+00:00,2025-02-07 01:29:00+00:00,0.01342,0.008338822125840407
com.google.android.apps.fitness,2025-02-07 01:30:00+00:00,2025-02-07 01:29:00+00:00,0.013420000076293945,0.008338822173247384
com.fitbit.FitbitMobile,2025-02-07 01:31:00+00:00,2025-02-07 01:30:00+00:00,0.002684,0.0016677644251680815
com.google.android.apps.fitness,2025-02-07 01:31:00+00:00,2025-02-07 01:30:00+00:00,0.002684000015258789,0.001667764434649477
com.fitbit.FitbitMobile,2025-02-07 01:48:00+00:00,2025-02-07 01:47:00+00:00,0.002013,0.001250823318876061
com.google.android.apps.fitness,2025-02-07 01:48:00+00:00,2025-02-07 01:47:00+00:00,0.002013000011444092,0.0012508233259871076
com.fitbit.FitbitMobile,2025-02-07 01:49:00+00:00,2025-02-07 01:48:00+00:00,0.018788,0.01167435097617657
com.google.android.apps.fitness,2025-02-07 01:49:00+00:00,2025-02-07 01:48:00+00:00,0.018788000106811524,0.01167435104254634
com.fitbit.FitbitMobile,2025-02-07 02:11:00+00:00,2025-02-07 02:10:00+00:00,0.002013,0.001250823318876061
com.google.android.apps.fitness,2025-02-07 02:11:00+00:00,2025-02-07 02:10:00+00:00,0.002013000011444092,0.0012508233259871076
com.fitbit.FitbitMobile,2025-02-07 02:12:00+00:00,2025-02-07 02:11:00+00:00,0.002684,0.0016677644251680815
com.google.android.apps.fitness,2025-02-07 02:12:00+00:00,2025-02-07 02:11:00+00:00,0.002684000015258789,0.001667764434649477
com.fitbit.FitbitMobile,2025-02-07 03:45:00+00:00,2025-02-07 03:44:00+00:00,0.001342,0.0008338822125840407
com.google.android.apps.fitness,2025-02-07 03:45:00+00:00,2025-02-07 03:44:00+00:00,0.0013420000076293946,0.0008338822173247385
com.fitbit.FitbitMobile,2025-02-07 03:46:00+00:00,2025-02-07 03:45:00+00:00,0.001342,0.0008338822125840407
com.google.android.apps.fitness,2025-02-07 03:46:00+00:00,2025-02-07 03:45:00+00:00,0.0013420000076293946,0.0008338822173247385
com.fitbit.FitbitMobile,2025-02-07 05:47:00+00:00,2025-02-07 05:46:00+00:00,0.002013,0.001250823318876061
com.google.android.apps.fitness,2025-02-07 05:47:00+00:00,2025-02-07 05:46:00+00:00,0.002013000011444092,0.0012508233259871076
com.fitbit.FitbitMobile,2025-02-07 05:48:00+00:00,2025-02-07 05:47:00+00:00,0.009394,0.005837175488088285
com.google.android.apps.fitness,2025-02-07 05:48:00+00:00,2025-02-07 05:47:00+00:00,0.009394000053405762,0.00583717552127317
com.fitbit.FitbitMobile,2025-02-07 05:49:00+00:00,2025-02-07 05:48:00+00:00,0.000671,0.00041694110629202037
com.google.android.apps.fitness,2025-02-07 05:49:00+00:00,2025-02-07 05:48:00+00:00,0.0006710000038146973,0.00041694110866236924
com.fitbit.FitbitMobile,2025-02-07 05:50:00+00:00,2025-02-07 05:49:00+00:00,0.002684,0.0016677644251680815
com.google.android.apps.fitness,2025-02-07 05:50:00+00:00,2025-02-07 05:49:00+00:00,0.002684000015258789,0.001667764434649477
com.fitbit.FitbitMobile,2025-02-07 05:52:00+00:00,2025-02-07 05:51:00+00:00,0.002013,0.001250823318876061
com.google.android.apps.fitness,2025-02-07 05:52:00+00:00,2025-02-07 05:51:00+00:00,0.002013000011444092,0.0012508233259871076
com.fitbit.FitbitMobile,2025-02-07 05:53:00+00:00,2025-02-07 05:52:00+00:00,0.002013,0.001250823318876061
com.google.android.apps.fitness,2025-02-07 05:53:00+00:00,2025-02-07 05:52:00+00:00,0.002013000011444092,0.0012508233259871076
com.fitbit.FitbitMobile,2025-02-07 06:00:00+00:00,2025-02-07 05:59:00+00:00,0.001342,0.0008338822125840407
com.google.android.apps.fitness,2025-02-07 06:00:00+00:00,2025-02-07 05:59:00+00:00,0.0013420000076293946,0.0008338822173247385
com.fitbit.FitbitMobile,2025-02-07 06:01:00+00:00,2025-02-07 06:00:00+00:00,0.001342,0.0008338822125840407
com.google.android.apps.fitness,2025-02-07 06:01:00+00:00,2025-02-07 06:00:00+00:00,0.0013420000076293946,0.0008338822173247385
com.google.android.apps.fitness,2025-02-07 07:30:00+00:00,2025-02-07 07:30:00+00:00,0.009238033294677735,0.005740262029575935
com.google.android.apps.fitness,2025-02-07 07:32:00+00:00,2025-02-07 07:30:00+00:00,0.03798272705078125,0.02360143105296659
com.google.android.apps.fitness,2025-02-07 07:32:00+00:00,2025-02-07 07:32:00+00:00,0.001332727313041687,0.0008281204177126568
com.google.android.apps.fitness,2025-02-07 07:34:00+00:00,2025-02-07 07:32:00+00:00,0.023989091873168944,0.014906167666974628
com.fitbit.FitbitMobile,2025-02-07 08:05:00+00:00,2025-02-07 08:04:00+00:00,0.000671,0.00041694110629202037
com.google.android.apps.fitness,2025-02-07 08:05:00+00:00,2025-02-07 08:04:00+00:00,0.0006710000038146973,0.00041694110866236924
com.fitbit.FitbitMobile,2025-02-07 08:06:00+00:00,2025-02-07 08:05:00+00:00,0.022143,0.013759056507636673
com.google.android.apps.fitness,2025-02-07 08:06:00+00:00,2025-02-07 08:05:00+00:00,0.02214299964904785,0.013759056289564574
com.fitbit.FitbitMobile,2025-02-07 08:07:00+00:00,2025-02-07 08:06:00+00:00,0.001342,0.0008338822125840407
com.google.android.apps.fitness,2025-02-07 08:07:00+00:00,2025-02-07 08:06:00+00:00,0.0013420000076293946,0.0008338822173247385
com.fitbit.FitbitMobile,2025-02-07 08:08:00+00:00,2025-02-07 08:07:00+00:00,0.000671,0.00041694110629202037
com.google.android.apps.fitness,2025-02-07 08:08:00+00:00,2025-02-07 08:07:00+00:00,0.0006710000038146973,0.00041694110866236924
com.fitbit.FitbitMobile,2025-02-07 08:09:00+00:00,2025-02-07 08:08:00+00:00,0.00671,0.004169411062920203
com.google.android.apps.fitness,2025-02-07 08:09:00+00:00,2025-02-07 08:08:00+00:00,0.006710000038146972,0.004169411086623692
com.fitbit.FitbitMobile,2025-02-07 08:14:00+00:00,2025-02-07 08:13:00+00:00,0.002684,0.0016677644251680815
com.google.android.apps.fitness,2025-02-07 08:14:00+00:00,2025-02-07 08:13:00+00:00,0.002684000015258789,0.001667764434649477
com.fitbit.FitbitMobile,2025-02-07 08:15:00+00:00,2025-02-07 08:14:00+00:00,0.030866,0.019179290889432935
com.google.android.apps.fitness,2025-02-07 08:15:00+00:00,2025-02-07 08:14:00+00:00,0.03086599922180176,0.019179290405881764
com.fitbit.FitbitMobile,2025-02-07 08:16:00+00:00,2025-02-07 08:15:00+00:00,0.042273,0.02626728969639728
com.google.android.apps.fitness,2025-02-07 08:16:00+00:00,2025-02-07 08:15:00+00:00,0.04227299880981445,0.02626728895684843
com.fitbit.FitbitMobile,2025-02-07 08:17:00+00:00,2025-02-07 08:16:00+00:00,0.036905,0.02293176084606112
com.google.android.apps.fitness,2025-02-07 08:17:00+00:00,2025-02-07 08:16:00+00:00,0.03690499877929688,0.022931760087549477
com.fitbit.FitbitMobile,2025-02-07 08:18:00+00:00,2025-02-07 08:17:00+00:00,0.002684,0.0016677644251680815
com.google.android.apps.fitness,2025-02-07 08:18:00+00:00,2025-02-07 08:17:00+00:00,0.002684000015258789,0.001667764434649477
com.fitbit.FitbitMobile,2025-02-07 08:19:00+00:00,2025-02-07 08:18:00+00:00,0.018788,0.01167435097617657
com.google.android.apps.fitness,2025-02-07 08:19:00+00:00,2025-02-07 08:18:00+00:00,0.018788000106811524,0.01167435104254634
com.fitbit.FitbitMobile,2025-02-07 08:35:00+00:00,2025-02-07 08:34:00+00:00,0.001342,0.0008338822125840407
com.google.android.apps.fitness,2025-02-07 08:35:00+00:00,2025-02-07 08:34:00+00:00,0.0013420000076293946,0.0008338822173247385
com.fitbit.FitbitMobile,2025-02-07 08:36:00+00:00,2025-02-07 08:35:00+00:00,0.026169,0.016260703145388793
com.google.android.apps.fitness,2025-02-07 08:36:00+00:00,2025-02-07 08:35:00+00:00,0.026169000625610353,0.01626070353412601
com.fitbit.FitbitMobile,2025-02-07 08:38:00+00:00,2025-02-07 08:37:00+00:00,0.001342,0.0008338822125840407
com.google.android.apps.fitness,2025-02-07 08:38:00+00:00,2025-02-07 08:37:00+00:00,0.0013420000076293946,0.0008338822173247385
com.fitbit.FitbitMobile,2025-02-07 08:39:00+00:00,2025-02-07 08:38:00+00:00,0.007381,0.004586352169212224
com.google.android.apps.fitness,2025-02-07 08:39:00+00:00,2025-02-07 08:38:00+00:00,0.00738100004196167,0.004586352195286062
com.fitbit.FitbitMobile,2025-02-07 08:40:00+00:00,2025-02-07 08:39:00+00:00,0.021472,0.013342115401344652
com.google.android.apps.fitness,2025-02-07 08:40:00+00:00,2025-02-07 08:39:00+00:00,0.021472000122070314,0.013342115477195816
com.fitbit.FitbitMobile,2025-02-07 08:41:00+00:00,2025-02-07 08:40:00+00:00,0.003355,0.0020847055314601017
com.google.android.apps.fitness,2025-02-07 08:41:00+00:00,2025-02-07 08:40:00+00:00,0.003355000019073486,0.002084705543311846
com.fitbit.FitbitMobile,2025-02-07 09:16:00+00:00,2025-02-07 09:15:00+00:00,0.002684,0.0016677644251680815
com.google.android.apps.fitness,2025-02-07 09:16:00+00:00,2025-02-07 09:15:00+00:00,0.002684000015258789,0.001667764434649477
com.fitbit.FitbitMobile,2025-02-07 09:17:00+00:00,2025-02-07 09:16:00+00:00,0.014762,0.009172704338424448
com.google.android.apps.fitness,2025-02-07 09:17:00+00:00,2025-02-07 09:16:00+00:00,0.01476200008392334,0.009172704390572124
com.fitbit.FitbitMobile,2025-02-07 09:19:00+00:00,2025-02-07 09:18:00+00:00,0.000671,0.00041694110629202037
com.google.android.apps.fitness,2025-02-07 09:19:00+00:00,2025-02-07 09:18:00+00:00,0.0006710000038146973,0.00041694110866236924
com.fitbit.FitbitMobile,2025-02-07 09:20:00+00:00,2025-02-07 09:19:00+00:00,0.003355,0.0020847055314601017
com.google.android.apps.fitness,2025-02-07 09:20:00+00:00,2025-02-07 09:19:00+00:00,0.003355000019073486,0.002084705543311846
com.fitbit.FitbitMobile,2025-02-07 09:27:00+00:00,2025-02-07 09:26:00+00:00,0.000671,0.00041694110629202037
com.google.android.apps.fitness,2025-02-07 09:27:00+00:00,2025-02-07 09:26:00+00:00,0.0006710000038146973,0.00041694110866236924
com.fitbit.FitbitMobile,2025-02-07 09:28:00+00:00,2025-02-07 09:27:00+00:00,0.022143,0.013759056507636673
com.google.android.apps.fitness,2025-02-07 09:28:00+00:00,2025-02-07 09:27:00+00:00,0.02214299964904785,0.013759056289564574
com.fitbit.FitbitMobile,2025-02-07 09:29:00+00:00,2025-02-07 09:28:00+00:00,0.004026,0.002501646637752122
com.google.android.apps.fitness,2025-02-07 09:29:00+00:00,2025-02-07 09:28:00+00:00,0.004026000022888184,0.0025016466519742152
com.fitbit.FitbitMobile,2025-02-07 11:42:00+00:00,2025-02-07 11:41:00+00:00,0.002684,0.0016677644251680815
com.google.android.apps.fitness,2025-02-07 11:42:00+00:00,2025-02-07 11:41:00+00:00,0.002684000015258789,0.001667764434649477
com.fitbit.FitbitMobile,2025-02-07 11:43:00+00:00,2025-02-07 11:42:00+00:00,0.000671,0.00041694110629202037
com.google.android.apps.fitness,2025-02-07 11:43:00+00:00,2025-02-07 11:42:00+00:00,0.0006710000038146973,0.00041694110866236924
com.fitbit.FitbitMobile,2025-02-07 12:01:00+00:00,2025-02-07 12:00:00+00:00,0.006039,0.003752469956628183
com.google.android.apps.fitness,2025-02-07 12:01:00+00:00,2025-02-07 12:00:00+00:00,0.006039000034332275,0.003752469977961323
com.fitbit.FitbitMobile,2025-02-07 12:03:00+00:00,2025-02-07 12:02:00+00:00,0.009394,0.005837175488088285
com.google.android.apps.fitness,2025-02-07 12:03:00+00:00,2025-02-07 12:02:00+00:00,0.009394000053405762,0.00583717552127317
com.fitbit.FitbitMobile,2025-02-07 12:06:00+00:00,2025-02-07 12:05:00+00:00,0.0505,0.03137932320081524
com.google.android.apps.fitness,2025-02-07 12:06:00+00:00,2025-02-07 12:05:00+00:00,0.0505,0.03137932320081524
com.fitbit.FitbitMobile,2025-02-07 12:07:00+00:00,2025-02-07 12:06:00+00:00,0.038,0.02361216399269266
com.google.android.apps.fitness,2025-02-07 12:07:00+00:00,2025-02-07 12:06:00+00:00,0.038,0.02361216399269266
com.fitbit.FitbitMobile,2025-02-07 12:08:00+00:00,2025-02-07 12:07:00+00:00,0.0096,0.005965178271838145
com.google.android.apps.fitness,2025-02-07 12:08:00+00:00,2025-02-07 12:07:00+00:00,0.009600000381469726,0.005965178508873033
com.fitbit.FitbitMobile,2025-02-07 12:09:00+00:00,2025-02-07 12:08:00+00:00,0.0226,0.014043023848285633
com.google.android.apps.fitness,2025-02-07 12:09:00+00:00,2025-02-07 12:08:00+00:00,0.022600000381469726,0.014043024085320521
com.fitbit.FitbitMobile,2025-02-07 12:10:00+00:00,2025-02-07 12:09:00+00:00,0.004200000000000001,0.002609765493929189
com.google.android.apps.fitness,2025-02-07 12:10:00+00:00,2025-02-07 12:09:00+00:00,0.004199999809265137,0.0026097653754117447
com.google.android.apps.fitness,2025-02-07 15:20:00+00:00,2025-02-07 15:19:00+00:00,0.02065727233886719,0.012835865844922259
com.fitbit.FitbitMobile,2025-02-07 15:37:00+00:00,2025-02-07 15:36:00+00:00,0.002013,0.001250823318876061
com.google.android.apps.fitness,2025-02-07 15:37:00+00:00,2025-02-07 15:36:00+00:00,0.002013000011444092,0.0012508233259871076
com.fitbit.FitbitMobile,2025-02-07 15:38:00+00:00,2025-02-07 15:37:00+00:00,0.002013,0.001250823318876061
com.google.android.apps.fitness,2025-02-07 15:38:00+00:00,2025-02-07 15:37:00+00:00,0.002013000011444092,0.0012508233259871076
com.fitbit.FitbitMobile,2025-02-07 15:39:00+00:00,2025-02-07 15:38:00+00:00,0.000671,0.00041694110629202037
com.google.android.apps.fitness,2025-02-07 15:39:00+00:00,2025-02-07 15:38:00+00:00,0.0006710000038146973,0.00041694110866236924
com.fitbit.FitbitMobile,2025-02-07 15:40:00+00:00,2025-02-07 15:39:00+00:00,0.002684,0.0016677644251680815
com.google.android.apps.fitness,2025-02-07 15:40:00+00:00,2025-02-07 15:39:00+00:00,0.002684000015258789,0.001667764434649477
com.fitbit.FitbitMobile,2025-02-07 16:10:00+00:00,2025-02-07 16:09:00+00:00,0.000671,0.00041694110629202037
com.google.android.apps.fitness,2025-02-07 16:10:00+00:00,2025-02-07 16:09:00+00:00,0.0006710000038146973,0.00041694110866236924
com.fitbit.FitbitMobile,2025-02-07 16:11:00+00:00,2025-02-07 16:10:00+00:00,0.016775,0.01042352765730051
com.google.android.apps.fitness,2025-02-07 16:11:00+00:00,2025-02-07 16:10:00+00:00,0.016774999618530274,0.010423527420265621
com.fitbit.FitbitMobile,2025-02-07 16:12:00+00:00,2025-02-07 16:11:00+00:00,0.010736,0.006671057700672326
com.google.android.apps.fitness,2025-02-07 16:12:00+00:00,2025-02-07 16:11:00+00:00,0.010736000061035157,0.006671057738597908
com.fitbit.FitbitMobile,2025-02-07 16:38:00+00:00,2025-02-07 16:37:00+00:00,0.000671,0.00041694110629202037
com.google.android.apps.fitness,2025-02-07 16:38:00+00:00,2025-02-07 16:37:00+00:00,0.0006710000038146973,0.00041694110866236924
com.fitbit.FitbitMobile,2025-02-07 16:39:00+00:00,2025-02-07 16:38:00+00:00,0.004697,0.0029185877440441425
com.google.android.apps.fitness,2025-02-07 16:39:00+00:00,2025-02-07 16:38:00+00:00,0.004697000026702881,0.002918587760636585
com.fitbit.FitbitMobile,2025-02-07 16:50:00+00:00,2025-02-07 16:49:00+00:00,0.003355,0.0020847055314601017
com.google.android.apps.fitness,2025-02-07 16:50:00+00:00,2025-02-07 16:49:00+00:00,0.003355000019073486,0.002084705543311846
com.fitbit.FitbitMobile,2025-02-07 17:03:00+00:00,2025-02-07 17:02:00+00:00,0.000671,0.00041694110629202037
com.google.android.apps.fitness,2025-02-07 17:03:00+00:00,2025-02-07 17:02:00+00:00,0.0006710000038146973,0.00041694110866236924
com.fitbit.FitbitMobile,2025-02-07 17:04:00+00:00,2025-02-07 17:03:00+00:00,0.000671,0.00041694110629202037
com.google.android.apps.fitness,2025-02-07 17:04:00+00:00,2025-02-07 17:03:00+00:00,0.0006710000038146973,0.00041694110866236924
com.fitbit.FitbitMobile,2025-02-07 17:13:00+00:00,2025-02-07 17:12:00+00:00,0.000671,0.00041694110629202037
com.google.android.apps.fitness,2025-02-07 17:13:00+00:00,2025-02-07 17:12:00+00:00,0.0006710000038146973,0.00041694110866236924
com.fitbit.FitbitMobile,2025-02-07 17:14:00+00:00,2025-02-07 17:13:00+00:00,0.026169,0.016260703145388793
com.google.android.apps.fitness,2025-02-07 17:14:00+00:00,2025-02-07 17:13:00+00:00,0.026169000625610353,0.01626070353412601
com.fitbit.FitbitMobile,2025-02-07 17:15:00+00:00,2025-02-07 17:14:00+00:00,0.02684,0.016677644251680813
com.google.android.apps.fitness,2025-02-07 17:15:00+00:00,2025-02-07 17:14:00+00:00,0.02684000015258789,0.01667764434649477
com.google.android.apps.fitness,2025-02-07 21:36:00+00:00,2025-02-07 21:35:00+00:00,0.021323637008666994,0.013249926683402509
com.google.android.apps.fitness,2025-02-07 21:46:00+00:00,2025-02-07 21:44:00+00:00,0.03731636428833008,0.023187371399660782
com.google.android.apps.fitness,2025-02-07 21:48:00+00:00,2025-02-07 21:46:00+00:00,0.07396636199951172,0.04596068077566687
com.google.android.apps.fitness,2025-02-07 21:49:00+00:00,2025-02-07 21:48:00+00:00,0.01932454490661621,0.0120077453531362
com.google.android.apps.fitness,2025-02-07 22:06:00+00:00,2025-02-07 22:05:00+00:00,0.021323637008666994,0.013249926683402509
com.google.android.apps.fitness,2025-02-07 22:06:00+00:00,2025-02-07 22:06:00+00:00,0.007311614990234375,0.004543238215811684
com.google.android.apps.fitness,2025-02-07 22:11:00+00:00,2025-02-07 22:11:00+00:00,0.024369045257568358,0.015142260341238247
com.google.android.apps.fitness,2025-02-07 22:48:00+00:00,2025-02-07 22:47:00+00:00,0.017325454711914063,0.010765565208044331
com.google.android.apps.fitness,2025-02-07 22:59:00+00:00,2025-02-07 22:58:00+00:00,0.026654544830322265,0.016562407465372304
com.google.android.apps.fitness,2025-02-08 00:17:00+00:00,2025-02-08 00:16:00+00:00,0.01932454490661621,0.0120077453531362
com.google.android.apps.fitness,2025-02-08 01:11:00+00:00,2025-02-08 01:11:00+00:00,0.0070364890098571775,0.004372282432461244
com.google.android.apps.fitness,2025-02-08 01:34:00+00:00,2025-02-08 01:33:00+00:00,0.01932454490661621,0.0120077453531362
com.google.android.apps.fitness,2025-02-08 01:36:00+00:00,2025-02-08 01:35:00+00:00,0.017325454711914063,0.010765565208044331
com.google.android.apps.fitness,2025-02-08 01:37:00+00:00,2025-02-08 01:36:00+00:00,0.029986364364624023,0.018632709287424675
com.google.android.apps.fitness,2025-02-08 01:39:00+00:00,2025-02-08 01:39:00+00:00,0.011709683418273926,0.007276078030915734
com.fitbit.FitbitMobile,2025-02-08 01:59:00+00:00,2025-02-08 01:58:00+00:00,0.008722999999999998,0.005420234381796264
com.google.android.apps.fitness,2025-02-08 01:59:00+00:00,2025-02-08 01:58:00+00:00,0.008722999572753905,0.00542023411631719
com.fitbit.FitbitMobile,2025-02-08 02:22:00+00:00,2025-02-08 02:21:00+00:00,0.000671,0.00041694110629202037
com.google.android.apps.fitness,2025-02-08 02:22:00+00:00,2025-02-08 02:21:00+00:00,0.0006710000038146973,0.00041694110866236924
com.fitbit.FitbitMobile,2025-02-08 02:23:00+00:00,2025-02-08 02:22:00+00:00,0.02684,0.016677644251680813
com.google.android.apps.fitness,2025-02-08 02:23:00+00:00,2025-02-08 02:22:00+00:00,0.02684000015258789,0.01667764434649477
com.fitbit.FitbitMobile,2025-02-08 02:24:00+00:00,2025-02-08 02:23:00+00:00,0.017445999999999996,0.010840468763592528
com.google.android.apps.fitness,2025-02-08 02:24:00+00:00,2025-02-08 02:23:00+00:00,0.01744599914550781,0.01084046823263438
com.fitbit.FitbitMobile,2025-02-08 02:28:00+00:00,2025-02-08 02:27:00+00:00,0.000671,0.00041694110629202037
com.google.android.apps.fitness,2025-02-08 02:28:00+00:00,2025-02-08 02:27:00+00:00,0.0006710000038146973,0.00041694110866236924
com.fitbit.FitbitMobile,2025-02-08 02:29:00+00:00,2025-02-08 02:28:00+00:00,0.002684,0.0016677644251680815
com.google.android.apps.fitness,2025-02-08 02:29:00+00:00,2025-02-08 02:28:00+00:00,0.002684000015258789,0.001667764434649477
com.fitbit.FitbitMobile,2025-02-08 02:30:00+00:00,2025-02-08 02:29:00+00:00,0.015433,0.009589645444716468
com.google.android.apps.fitness,2025-02-08 02:30:00+00:00,2025-02-08 02:29:00+00:00,0.01543299961090088,0.009589645202940882
com.fitbit.FitbitMobile,2025-02-08 02:31:00+00:00,2025-02-08 02:30:00+00:00,0.005368,0.003335528850336163
com.google.android.apps.fitness,2025-02-08 02:31:00+00:00,2025-02-08 02:30:00+00:00,0.005368000030517578,0.003335528869298954
com.fitbit.FitbitMobile,2025-02-08 03:39:00+00:00,2025-02-08 03:38:00+00:00,0.0225,0.013980886574620653
com.google.android.apps.fitness,2025-02-08 03:39:00+00:00,2025-02-08 03:38:00+00:00,0.0225,0.013980886574620653
com.fitbit.FitbitMobile,2025-02-08 03:40:00+00:00,2025-02-08 03:39:00+00:00,0.004200000000000001,0.002609765493929189
com.google.android.apps.fitness,2025-02-08 03:40:00+00:00,2025-02-08 03:39:00+00:00,0.004199999809265137,0.0026097653754117447
com.fitbit.FitbitMobile,2025-02-08 03:55:00+00:00,2025-02-08 03:54:00+00:00,0.0044,0.0027340400412591503
com.google.android.apps.fitness,2025-02-08 03:55:00+00:00,2025-02-08 03:54:00+00:00,0.004400000095367431,0.002734040100517872
com.fitbit.FitbitMobile,2025-02-08 03:57:00+00:00,2025-02-08 03:56:00+00:00,0.0047,0.002920451862254092
com.google.android.apps.fitness,2025-02-08 03:57:00+00:00,2025-02-08 03:56:00+00:00,0.0046999998092651365,0.002920451743736648
com.fitbit.FitbitMobile,2025-02-08 03:58:00+00:00,2025-02-08 03:57:00+00:00,0.0182,0.011308983807026484
com.google.android.apps.fitness,2025-02-08 03:58:00+00:00,2025-02-08 03:57:00+00:00,0.018200000762939452,0.01130898428109626
com.fitbit.FitbitMobile,2025-02-08 04:34:00+00:00,2025-02-08 04:33:00+00:00,0.006928,0.004304870319509861
com.google.android.apps.fitness,2025-02-08 04:34:00+00:00,2025-02-08 04:33:00+00:00,0.006927999973297119,0.004304870302917419
com.fitbit.FitbitMobile,2025-02-08 04:35:00+00:00,2025-02-08 04:34:00+00:00,0.0642,0.03989212969291759
com.google.android.apps.fitness,2025-02-08 04:35:00+00:00,2025-02-08 04:34:00+00:00,0.06419999694824219,0.03989212779663849
com.fitbit.FitbitMobile,2025-02-08 04:36:00+00:00,2025-02-08 04:35:00+00:00,0.0594,0.03690954055699852
com.google.android.apps.fitness,2025-02-08 04:36:00+00:00,2025-02-08 04:35:00+00:00,0.059400001525878904,0.036909541505138074
com.google.android.apps.fitness,2025-02-08 05:42:00+00:00,2025-02-08 05:42:00+00:00,0.019449884414672852,0.012085627906267694
com.google.android.apps.fitness,2025-02-08 06:45:00+00:00,2025-02-08 06:43:00+00:00,0.050643634796142575,0.03146857394717249
com.google.android.apps.fitness,2025-02-08 06:46:00+00:00,2025-02-08 06:45:00+00:00,0.002666236639022827,0.0016567267569455972
com.fitbit.FitbitMobile,2025-02-08 08:45:00+00:00,2025-02-08 08:44:00+00:00,0.001342,0.0008338822125840407
com.google.android.apps.fitness,2025-02-08 08:45:00+00:00,2025-02-08 08:44:00+00:00,0.0013420000076293946,0.0008338822173247385
com.fitbit.FitbitMobile,2025-02-08 08:46:00+00:00,2025-02-08 08:45:00+00:00,0.025498,0.015843762039096775
com.google.android.apps.fitness,2025-02-08 08:46:00+00:00,2025-02-08 08:45:00+00:00,0.02549799919128418,0.01584376153658281
com.fitbit.FitbitMobile,2025-02-08 08:47:00+00:00,2025-02-08 08:46:00+00:00,0.009394,0.005837175488088285
com.google.android.apps.fitness,2025-02-08 08:47:00+00:00,2025-02-08 08:46:00+00:00,0.009394000053405762,0.00583717552127317
com.fitbit.FitbitMobile,2025-02-08 08:48:00+00:00,2025-02-08 08:47:00+00:00,0.014091,0.008755763232132428
com.google.android.apps.fitness,2025-02-08 08:48:00+00:00,2025-02-08 08:47:00+00:00,0.014090999603271485,0.008755762985616145
com.fitbit.FitbitMobile,2025-02-08 08:49:00+00:00,2025-02-08 08:48:00+00:00,0.025498,0.015843762039096775
com.google.android.apps.fitness,2025-02-08 08:49:00+00:00,2025-02-08 08:48:00+00:00,0.02549799919128418,0.01584376153658281
com.fitbit.FitbitMobile,2025-02-08 08:51:00+00:00,2025-02-08 08:50:00+00:00,0.003355,0.0020847055314601017
com.google.android.apps.fitness,2025-02-08 08:51:00+00:00,2025-02-08 08:50:00+00:00,0.003355000019073486,0.002084705543311846
com.fitbit.FitbitMobile,2025-02-08 08:52:00+00:00,2025-02-08 08:51:00+00:00,0.009394,0.005837175488088285
com.google.android.apps.fitness,2025-02-08 08:52:00+00:00,2025-02-08 08:51:00+00:00,0.009394000053405762,0.00583717552127317
com.fitbit.FitbitMobile,2025-02-08 08:53:00+00:00,2025-02-08 08:52:00+00:00,0.02013,0.01250823318876061
com.google.android.apps.fitness,2025-02-08 08:53:00+00:00,2025-02-08 08:52:00+00:00,0.0201299991607666,0.012508232667283858
com.fitbit.FitbitMobile,2025-02-08 08:55:00+00:00,2025-02-08 08:54:00+00:00,0.004697,0.0029185877440441425
com.google.android.apps.fitness,2025-02-08 08:55:00+00:00,2025-02-08 08:54:00+00:00,0.004697000026702881,0.002918587760636585
com.fitbit.FitbitMobile,2025-02-08 08:58:00+00:00,2025-02-08 08:57:00+00:00,0.000671,0.00041694110629202037
com.google.android.apps.fitness,2025-02-08 08:58:00+00:00,2025-02-08 08:57:00+00:00,0.0006710000038146973,0.00041694110866236924
com.fitbit.FitbitMobile,2025-02-08 08:59:00+00:00,2025-02-08 08:58:00+00:00,0.017445999999999996,0.010840468763592528
com.google.android.apps.fitness,2025-02-08 08:59:00+00:00,2025-02-08 08:58:00+00:00,0.01744599914550781,0.01084046823263438
com.fitbit.FitbitMobile,2025-02-08 09:00:00+00:00,2025-02-08 08:59:00+00:00,0.022814,0.014175997613928692
com.google.android.apps.fitness,2025-02-08 09:00:00+00:00,2025-02-08 08:59:00+00:00,0.02281399917602539,0.014175997101933334
com.fitbit.FitbitMobile,2025-02-08 09:01:00+00:00,2025-02-08 09:00:00+00:00,0.008722999999999998,0.005420234381796264
com.google.android.apps.fitness,2025-02-08 09:01:00+00:00,2025-02-08 09:00:00+00:00,0.008722999572753905,0.00542023411631719
com.fitbit.FitbitMobile,2025-02-08 09:03:00+00:00,2025-02-08 09:02:00+00:00,0.003355,0.0020847055314601017
com.google.android.apps.fitness,2025-02-08 09:03:00+00:00,2025-02-08 09:02:00+00:00,0.003355000019073486,0.002084705543311846
com.fitbit.FitbitMobile,2025-02-08 09:04:00+00:00,2025-02-08 09:03:00+00:00,0.01342,0.008338822125840407
com.google.android.apps.fitness,2025-02-08 09:04:00+00:00,2025-02-08 09:03:00+00:00,0.013420000076293945,0.008338822173247384
com.fitbit.FitbitMobile,2025-02-08 09:06:00+00:00,2025-02-08 09:05:00+00:00,0.023485,0.014592938720220713
com.google.android.apps.fitness,2025-02-08 09:06:00+00:00,2025-02-08 09:05:00+00:00,0.023485000610351563,0.014592939099476534
com.fitbit.FitbitMobile,2025-02-08 09:07:00+00:00,2025-02-08 09:06:00+00:00,0.007381,0.004586352169212224
com.google.android.apps.fitness,2025-02-08 09:07:00+00:00,2025-02-08 09:06:00+00:00,0.00738100004196167,0.004586352195286062
com.fitbit.FitbitMobile,2025-02-08 09:08:00+00:00,2025-02-08 09:07:00+00:00,0.024827,0.015426820932804753
com.google.android.apps.fitness,2025-02-08 09:08:00+00:00,2025-02-08 09:07:00+00:00,0.02482699966430664,0.015426820724214052
com.fitbit.FitbitMobile,2025-02-08 09:09:00+00:00,2025-02-08 09:08:00+00:00,0.00671,0.004169411062920203
com.google.android.apps.fitness,2025-02-08 09:09:00+00:00,2025-02-08 09:08:00+00:00,0.006710000038146972,0.004169411086623692
com.fitbit.FitbitMobile,2025-02-08 09:14:00+00:00,2025-02-08 09:13:00+00:00,0.000671,0.00041694110629202037
com.google.android.apps.fitness,2025-02-08 09:14:00+00:00,2025-02-08 09:13:00+00:00,0.0006710000038146973,0.00041694110866236924
com.fitbit.FitbitMobile,2025-02-08 09:15:00+00:00,2025-02-08 09:14:00+00:00,0.005368,0.003335528850336163
com.google.android.apps.fitness,2025-02-08 09:15:00+00:00,2025-02-08 09:14:00+00:00,0.005368000030517578,0.003335528869298954
com.fitbit.FitbitMobile,2025-02-08 09:16:00+00:00,2025-02-08 09:15:00+00:00,0.000671,0.00041694110629202037
com.google.android.apps.fitness,2025-02-08 09:16:00+00:00,2025-02-08 09:15:00+00:00,0.0006710000038146973,0.00041694110866236924
com.fitbit.FitbitMobile,2025-02-08 09:17:00+00:00,2025-02-08 09:16:00+00:00,0.009394,0.005837175488088285
com.google.android.apps.fitness,2025-02-08 09:17:00+00:00,2025-02-08 09:16:00+00:00,0.009394000053405762,0.00583717552127317
com.fitbit.FitbitMobile,2025-02-08 09:33:00+00:00,2025-02-08 09:32:00+00:00,0.000671,0.00041694110629202037
com.google.android.apps.fitness,2025-02-08 09:33:00+00:00,2025-02-08 09:32:00+00:00,0.0006710000038146973,0.00041694110866236924
com.fitbit.FitbitMobile,2025-02-08 09:34:00+00:00,2025-02-08 09:33:00+00:00,0.014762,0.009172704338424448
com.google.android.apps.fitness,2025-02-08 09:34:00+00:00,2025-02-08 09:33:00+00:00,0.01476200008392334,0.009172704390572124
com.fitbit.FitbitMobile,2025-02-08 09:35:00+00:00,2025-02-08 09:34:00+00:00,0.014762,0.009172704338424448
