21744,"May 9, 2024, 1:38:19 AM PST",Gaming,"trending,entertaining,viral,informative,clickbait","high_production,edited,animated","showcase,highlights","promotional,entertainment"
22160,"May 5, 2024, 2:09:17 AM PST",Music,"entertaining,trending,viral,informative,family_friendly","animated,high_production","showcase,compilation,highlights,guide,stream_highlights,review,reaction","entertainment,promotional"
21745,"May 9, 2024, 1:38:15 AM PST",Entertainment,"trending,entertaining,viral,informative,family_friendly,educational","animated,edited","highlights,commentary,showcase,compilation","storytelling,entertainment,promotional,educational"
21328,"May 13, 2024, 4:27:13 PM PST",Shorts,"viral,trending,entertaining,controversial","edited,animated",reaction,"entertainment,promotional"
22161,"Zedd, Maren Morris, Grey - The Middle (Official Music Video)",Music,"trending,entertaining,viral,informative,mature,controversial","professional,edited","showcase,compilation,reaction,highlights,guide","entertainment,storytelling"
21746,"May 9, 2024, 1:37:57 AM PST",Tutorial,"trending,educational,entertaining,informative,viral,controversial,mature,family_friendly","animated,edited,professional","reaction,commentary,analysis,podcast,tutorial,guide,showcase,compilation,highlights","storytelling,educational,entertainment,analysis,skill_development,news,promotional,social_commentary"
21329,"May 13, 2024, 4:27:00 PM PST",Entertainment,"trending,controversial,entertaining,viral,informative,mature",edited,"reaction,commentary,compilation,showcase,highlights,guide","entertainment,promotional,storytelling"
22162,"May 5, 2024, 2:01:43 AM PST",Music,"trending,entertaining,informative,viral,mature,controversial","professional,high_production,studio_quality,edited","showcase,highlights,guide,commentary,compilation,stream_highlights,review,reaction","storytelling,entertainment,skill_development"
21330,"May 13, 2024, 4:26:00 PM PST",Music,"trending,controversial,viral,entertaining,informative,clickbait",animated,"reaction,podcast,review,commentary,showcase,analysis,compilation,guide,highlights","social_commentary,entertainment,analysis,product_review,promotional"
22163,"May 5, 2024, 1:58:00 AM PST",Comedy,"entertaining,viral,trending,family_friendly","high_production,studio_quality","showcase,highlights,reaction,compilation,stream_highlights,guide","entertainment,storytelling"
21747,"May 9, 2024, 1:37:46 AM PST",Podcast,"trending,informative,viral,entertaining,controversial,educational,mature","animated,edited","commentary,showcase,analysis,reaction,guide,compilation,review,highlights,podcast","educational,storytelling,analysis,social_commentary,news,promotional,entertainment"
21331,"May 13, 2024, 4:25:14 PM PST",Podcast,"entertaining,informative,trending,viral,controversial,educational","animated,raw_footage,live_recording,edited","reaction,commentary,podcast,showcase,guide,analysis,compilation,review,highlights","social_commentary,storytelling,entertainment,news,analysis,educational,skill_development"
22164,"May 5, 2024, 1:53:49 AM PST",Music,"entertaining,trending,viral,informative,mature,family_friendly,controversial","animated,edited,professional","compilation,showcase,highlights,podcast,reaction,guide,review","entertainment,storytelling,skill_development"
21748,"May 9, 2024, 1:36:43 AM PST",Technology,"mature,trending,family_friendly,entertaining,informative,viral,educational","professional,animated",guide,"entertainment,news,storytelling,promotional,educational"
21332,"May 13, 2024, 4:23:54 PM PST",Gaming,controversial,"edited,studio_quality",,social_commentary
22165,"May 5, 2024, 1:49:12 AM PST",Music,"trending,entertaining,informative,viral,mature,family_friendly","professional,edited","showcase,compilation,guide,highlights,review,stream_highlights","entertainment,skill_development,storytelling,promotional"
21749,"May 9, 2024, 1:35:51 AM PST",News,"informative,entertaining,controversial,trending,educational","edited,high_production,studio_quality,raw_footage","reaction,analysis,commentary,highlights,review,guide","storytelling,analysis,news,educational,entertainment,skill_development,social_commentary"
21333,"May 13, 2024, 4:22:56 PM PST",News,"informative,trending,entertaining,mature,viral,controversial",,"reaction,guide,highlights,stream_highlights",news
22166,"May 5, 2024, 1:45:32 AM PST",Music,"trending,entertaining,viral,informative,family_friendly","high_production,professional,studio_quality,animated,edited","showcase,compilation,reaction,stream_highlights,highlights,guide,review","entertainment,storytelling,promotional"
21750,"May 9, 2024, 1:35:23 AM PST",Reviews,"trending,viral,informative,controversial","animated,edited","showcase,compilation,guide,commentary,review,reaction,analysis",analysis
21334,"May 13, 2024, 4:22:55 PM PST",Music,"entertaining,viral,trending,informative,controversial,educational","high_production,raw_footage","showcase,podcast,highlights,guide,reaction,compilation","entertainment,promotional,skill_development,news,educational"
22167,"May 5, 2024, 1:41:38 AM PST",Music,"entertaining,trending,viral,informative,family_friendly,educational","professional,animated,high_production,studio_quality","showcase,highlights,reaction,guide","entertainment,storytelling,promotional,educational"
21751,"May 9, 2024, 1:35:21 AM PST",Technology,"informative,trending,educational,entertaining,viral","studio_quality,raw_footage,professional,edited","guide,reaction,compilation,analysis,showcase,walkthrough","analysis,educational,skill_development,personal_vlog"
22168,"May 5, 2024, 1:37:24 AM PST",Music,"controversial,entertaining,trending,viral,informative,educational","animated,high_production","showcase,commentary,reaction,analysis,compilation,highlights,guide,documentary,review","entertainment,storytelling,promotional,analysis,educational,social_commentary"
21335,"May 13, 2024, 4:21:49 PM PST",Reviews,"entertaining,trending,viral,informative,educational,controversial",animated,"showcase,reaction,highlights,guide","educational,news"
21752,"May 9, 2024, 1:35:18 AM PST",Gaming,"trending,viral,informative,entertaining","high_production,edited","showcase,highlights,compilation,guide",entertainment
21336,"May 13, 2024, 4:20:20 PM PST",Sports,"controversial,trending,entertaining,viral,informative",,"reaction,showcase,highlights","news,storytelling"
22169,"May 5, 2024, 1:33:15 AM PST",Music,"viral,entertaining,controversial,informative,trending,educational","animated,edited,amateur","podcast,reaction,showcase,interview,guide,review","entertainment,promotional,storytelling,educational"
21753,"May 9, 2024, 1:35:10 AM PST",Shorts,"trending,controversial,entertaining,informative,viral","amateur,edited,raw_footage,live_recording","reaction,commentary,guide,compilation,highlights","storytelling,news,social_commentary,entertainment"
22170,"May 5, 2024, 1:30:01 AM PST",Music,"entertaining,trending,viral,informative,controversial","professional,animated,high_production","reaction,showcase,highlights,guide","entertainment,promotional,news,storytelling,skill_development"
21337,"May 13, 2024, 4:19:50 PM PST",Music,"controversial,trending,entertaining,viral,informative,educational","amateur,edited,animated","reaction,showcase,commentary,compilation,highlights","news,entertainment,educational,storytelling"
21754,"May 9, 2024, 1:34:57 AM PST",Shorts,"trending,viral,entertaining,educational,informative,controversial",edited,"compilation,showcase,analysis,commentary,guide,review","analysis,educational,entertainment"
22171,"May 5, 2024, 1:26:13 AM PST",Entertainment,"entertaining,trending,informative,viral,educational","animated,professional,high_production","showcase,compilation,highlights,reaction","entertainment,storytelling,educational,promotional"
21338,"May 13, 2024, 4:18:53 PM PST",Music,"viral,trending,informative,entertaining",high_production,"podcast,compilation,showcase,highlights",entertainment
21755,"May 9, 2024, 1:34:43 AM PST",News,"entertaining,informative,viral,trending,controversial,educational,mature","high_production,raw_footage,professional,live_recording,edited,studio_quality,animated","highlights,stream_highlights,showcase,guide,compilation,review,interview,podcast,documentary,analysis,reaction,commentary","news,skill_development,social_commentary,storytelling,educational,analysis,personal_vlog"
22172,"May 5, 2024, 12:59:56 AM PST",Entertainment,"entertaining,trending,viral,informative,family_friendly","professional,high_production,animated,studio_quality","showcase,highlights,reaction","entertainment,promotional"
21339,"May 13, 2024, 4:15:44 PM PST",Entertainment,"entertaining,viral,trending,informative,clickbait,controversial","high_production,animated,studio_quality,live_recording","reaction,highlights,compilation,stream_highlights,podcast,showcase,guide,commentary,review","entertainment,promotional,social_commentary,storytelling,news,personal_vlog,product_review,skill_development"
21756,"May 9, 2024, 1:34:42 AM PST",Entertainment,"viral,entertaining,trending,informative,educational,mature,controversial,family_friendly","animated,professional,high_production","showcase,reaction,analysis,stream_highlights,highlights,documentary,guide,review,compilation,commentary,interview,tutorial","entertainment,storytelling,educational,analysis,skill_development,social_commentary,promotional,product_review,news,personal_vlog"
22173,"May 5, 2024, 12:56:27 AM PST",Music,"entertaining,trending,viral,informative,family_friendly,mature","animated,high_production,professional,studio_quality,edited","compilation,showcase,highlights,reaction,guide,stream_highlights","entertainment,promotional,storytelling"
21340,"May 13, 2024, 4:15:40 PM PST",News,"controversial,informative,trending,viral","edited,raw_footage,live_recording","reaction,commentary,highlights,analysis,showcase,review,compilation,interview,podcast","news,social_commentary,analysis,personal_vlog"
21757,"May 9, 2024, 1:34:29 AM PST",Entertainment,"viral,entertaining,informative,trending,educational,mature,controversial,family_friendly","animated,professional,high_production","showcase,reaction,analysis,guide,documentary,highlights,stream_highlights,compilation,review,commentary,interview,tutorial","entertainment,storytelling,educational,analysis,skill_development,promotional,social_commentary,product_review,news"
22174,"May 4, 2024, 9:38:41 PM PST",Music,"entertaining,trending,viral,informative,family_friendly,educational","professional,animated,high_production,studio_quality","showcase,highlights,reaction,guide","entertainment,storytelling,promotional,educational"
21341,"May 13, 2024, 4:14:46 PM PST",Comedy,"entertaining,informative,viral,educational,controversial,mature,trending","professional,raw_footage,animated,high_production","showcase,commentary,reaction,guide,highlights,stream_highlights,compilation","educational,entertainment,news,skill_development"
21758,"May 9, 2024, 1:34:18 AM PST",Comedy,"entertaining,trending,controversial,viral,informative","amateur,edited,high_production,studio_quality,live_recording,raw_footage,animated","reaction,commentary,stream_highlights,highlights,podcast,showcase,review,compilation,analysis,interview,guide","news,entertainment,social_commentary,skill_development,storytelling,personal_vlog,promotional,analysis,product_review"
21342,"May 13, 2024, 4:14:30 PM PST",Entertainment,"trending,mature,informative,viral,entertaining,controversial,educational","professional,edited,high_production","showcase,reaction,guide,interview,compilation,highlights,analysis,review,commentary,stream_highlights","storytelling,personal_vlog,news,skill_development,analysis,educational"
22175,"May 4, 2024, 9:36:05 PM PST",Music,"trending,viral,entertaining,informative,controversial,mature","high_production,professional,studio_quality","showcase,compilation,reaction,guide,highlights","entertainment,storytelling"
21759,"May 9, 2024, 1:33:54 AM PST",Entertainment,"viral,entertaining,trending,informative,educational,mature,controversial,family_friendly","animated,professional,high_production,studio_quality","showcase,reaction,analysis,stream_highlights,highlights,documentary,compilation,guide,review,commentary,interview,tutorial","entertainment,storytelling,analysis,educational,skill_development,social_commentary,product_review,promotional,news,personal_vlog"
21343,"May 13, 2024, 4:14:14 PM PST",Comedy,"controversial,entertaining,trending,viral,educational,informative",animated,"commentary,reaction,podcast,interview,analysis,documentary,compilation","storytelling,analysis,educational,social_commentary,entertainment"
22176,"May 4, 2024, 9:32:21 PM PST",Music,"trending,entertaining,viral,informative,mature","professional,high_production,studio_quality,animated,edited","showcase,highlights,reaction,compilation,guide,stream_highlights","entertainment,promotional,skill_development,news,storytelling"
21760,"May 9, 2024, 1:33:41 AM PST",Comedy,"entertaining,controversial,viral,trending","edited,studio_quality,animated,amateur,live_recording,high_production,raw_footage","commentary,compilation,reaction,stream_highlights,highlights,showcase,guide,podcast,review,analysis","entertainment,social_commentary,news,personal_vlog,storytelling,skill_development,product_review,analysis"
21344,"May 13, 2024, 4:13:15 PM PST",Comedy,"entertaining,viral,trending,controversial,informative,educational","raw_footage,animated,live_recording,edited,high_production","reaction,podcast,commentary,highlights,stream_highlights,showcase,guide,analysis","entertainment,news,social_commentary,storytelling,educational,analysis"
22177,"May 4, 2024, 9:28:12 PM PST",Music,"trending,entertaining,viral,informative,controversial,mature","high_production,professional","showcase,compilation,highlights,reaction,guide,stream_highlights,review","entertainment,promotional,news"
21761,"May 9, 2024, 1:33:37 AM PST",Technology,"informative,trending,entertaining,viral,educational,controversial","professional,animated,edited,high_production","reaction,analysis,guide,highlights,showcase","educational,analysis,news"
21345,"May 13, 2024, 3:30:44 PM PST",Comedy,"entertaining,controversial,viral,trending,educational,clickbait,informative","animated,amateur,raw_footage,edited","reaction,commentary,podcast,compilation,highlights,showcase,review,documentary,stream_highlights,interview,guide","entertainment,storytelling,news,social_commentary,educational,promotional"
22178,"May 4, 2024, 9:25:32 PM PST",Music,"trending,viral,entertaining,informative,controversial,family_friendly","professional,high_production,animated","reaction,showcase,compilation,highlights,guide,commentary","storytelling,entertainment,news,promotional"
21762,"May 9, 2024, 1:33:23 AM PST",Sports,"trending,viral,informative,entertaining,mature,educational","professional,edited","guide,highlights,tutorial","skill_development,educational"
21346,"May 13, 2024, 3:30:25 PM PST",Gaming,"trending,entertaining,viral,informative,mature","professional,animated,high_production,edited","showcase,highlights,guide,compilation",entertainment
22179,"May 4, 2024, 9:21:02 PM PST",Music,"entertaining,family_friendly,trending,viral,mature","high_production,studio_quality,professional","showcase,highlights,reaction,guide","entertainment,promotional,storytelling"
21763,"May 9, 2024, 1:33:06 AM PST",Shorts,"trending,entertaining,viral,controversial,clickbait,informative","animated,edited,amateur","reaction,showcase,commentary",entertainment
21347,"May 13, 2024, 3:29:54 PM PST",News,"entertaining,viral,trending,controversial,educational","animated,high_production,studio_quality,edited,amateur,raw_footage,live_recording","reaction,commentary,highlights,stream_highlights,podcast,compilation,interview","news,entertainment,social_commentary,personal_vlog,storytelling,product_review,skill_development,educational"
22180,"May 4, 2024, 9:15:50 PM PST",Music,"entertaining,trending,informative,viral,educational,mature,family_friendly","professional,high_production","showcase,guide,highlights","storytelling,entertainment,promotional,educational"
21764,"May 9, 2024, 1:32:57 AM PST",Comedy,"entertaining,controversial,trending,viral,clickbait","edited,amateur,studio_quality,animated,high_production,raw_footage,live_recording","commentary,reaction,compilation,stream_highlights,analysis,podcast,guide,review,highlights","social_commentary,storytelling,entertainment,personal_vlog,analysis,skill_development,news,product_review"
21348,"May 13, 2024, 3:29:53 PM PST",Shorts,"trending,entertaining,viral,family_friendly","edited,raw_footage,animated,amateur","reaction,compilation,stream_highlights,highlights,guide,commentary,showcase,review","storytelling,social_commentary,skill_development,personal_vlog"
21765,"May 9, 2024, 1:32:39 AM PST",Entertainment,"informative,controversial,trending,entertaining,viral,educational",edited,"guide,showcase",educational
22181,"May 4, 2024, 9:12:10 PM PST",Music,"trending,entertaining,informative,viral,controversial,mature","professional,edited","compilation,showcase,highlights,reaction,review,guide","entertainment,promotional"
21349,"May 13, 2024, 3:29:44 PM PST",Entertainment,"trending,viral,informative,entertaining,mature,educational,family_friendly","professional,high_production,edited,studio_quality,animated","guide,reaction,showcase,commentary,highlights,stream_highlights,compilation,analysis,tutorial","promotional,social_commentary,skill_development,entertainment,educational,storytelling,news,analysis"
22182,"May 4, 2024, 9:08:01 PM PST",Music,"entertaining,trending,viral,informative,mature,family_friendly,controversial","animated,edited,professional","compilation,showcase,highlights,podcast,reaction,guide,review","entertainment,storytelling,skill_development"
21350,"May 13, 2024, 3:29:24 PM PST",Shorts,"trending,controversial,viral,entertaining,clickbait","edited,amateur,raw_footage,animated","reaction,commentary,compilation,review,stream_highlights,podcast","social_commentary,entertainment,personal_vlog"
21766,"May 9, 2024, 1:32:28 AM PST",Shorts,"entertaining,educational,viral,informative,trending,controversial",animated,"guide,commentary,compilation,review,showcase","entertainment,educational,storytelling,social_commentary,promotional"
21351,"May 13, 2024, 3:29:10 PM PST",Shorts,"trending,entertaining,viral,family_friendly","edited,raw_footage,animated,amateur","reaction,compilation,stream_highlights,highlights,guide,commentary,showcase,review","storytelling,social_commentary,skill_development,personal_vlog"
21767,"May 9, 2024, 1:32:20 AM PST",Technology,"trending,informative,entertaining,viral,educational,controversial",animated,"guide,showcase,highlights,commentary,analysis","storytelling,analysis,educational,entertainment,skill_development,promotional,news"
22183,"May 4, 2024, 8:59:47 PM PST",Music,"viral,entertaining,controversial,informative,trending,educational","animated,edited,amateur","podcast,reaction,showcase,interview,guide,review","entertainment,promotional,storytelling,educational"
21352,"May 13, 2024, 3:28:51 PM PST",Shorts,"trending,controversial,viral,entertaining,clickbait","edited,amateur,raw_footage,animated","reaction,commentary,compilation,review,stream_highlights,podcast","social_commentary,entertainment,personal_vlog"
21768,"May 9, 2024, 1:32:17 AM PST",Reviews,"controversial,trending,viral,informative",edited,"guide,compilation,reaction",
22184,"May 4, 2024, 8:56:33 PM PST",Music,"entertaining,trending,viral,informative,controversial","professional,animated,high_production","reaction,showcase,highlights,guide","entertainment,promotional,news,storytelling,skill_development"
21353,"May 13, 2024, 3:28:36 PM PST",Shorts,"controversial,trending,viral,entertaining,clickbait","amateur,raw_footage,edited,animated","reaction,commentary,compilation,review,highlights","storytelling,news,social_commentary"
21769,"May 9, 2024, 1:32:09 AM PST",Entertainment,"entertaining,trending,informative,viral,controversial,mature,educational","high_production,studio_quality,animated,edited,raw_footage,live_recording","stream_highlights,showcase,guide,reaction,commentary,highlights,interview,compilation,podcast","news,social_commentary,skill_development,entertainment,personal_vlog,educational,product_review"
22185,"May 4, 2024, 8:52:18 PM PST",Entertainment,"entertaining,trending,viral,informative,family_friendly","professional,high_production,animated,studio_quality","showcase,highlights,reaction","entertainment,promotional"
21770,"May 9, 2024, 1:31:46 AM PST",Shorts,"viral,trending,entertaining,controversial,informative,educational","amateur,edited,animated,raw_footage","commentary,showcase,reaction,compilation,stream_highlights","storytelling,entertainment,social_commentary,news,educational"
21354,"May 13, 2024, 3:28:03 PM PST",Tutorial,"informative,trending,viral,controversial",,"guide,highlights,reaction",
22186,"May 4, 2024, 5:56:52 PM PST",Technology,"informative,educational,trending,entertaining,viral,controversial",edited,"analysis,guide,compilation,review,showcase","analysis,educational"
21771,"May 9, 2024, 1:31:26 AM PST",Tutorial,"controversial,trending,viral,entertaining,informative,educational",,"commentary,reaction,showcase,compilation,analysis,highlights","educational,news,analysis"
21355,"May 13, 2024, 3:27:53 PM PST",Shorts,"trending,controversial,viral,entertaining,clickbait","edited,amateur,raw_footage,animated","reaction,commentary,compilation,review,stream_highlights,podcast","social_commentary,entertainment,personal_vlog"
22187,"May 4, 2024, 5:56:16 PM PST",Entertainment,"entertaining,trending,informative,viral,family_friendly,mature,educational","high_production,edited,studio_quality","reaction,highlights,showcase,guide,stream_highlights,commentary,compilation","entertainment,news,promotional,product_review,social_commentary,educational"
21356,"May 13, 2024, 3:25:24 PM PST",Shorts,"trending,entertaining,controversial,viral,clickbait,family_friendly","edited,animated,raw_footage,amateur","reaction,commentary,compilation,review,stream_highlights,showcase,podcast,highlights,guide","entertainment,social_commentary,personal_vlog,storytelling"
22188,"May 4, 2024, 5:55:49 PM PST",News,"trending,controversial,informative,entertaining,viral","high_production,edited","guide,analysis,reaction,showcase,commentary,review,highlights","promotional,analysis,product_review,news"
21772,"May 9, 2024, 1:31:25 AM PST",Technology,"trending,viral,controversial,entertaining,informative,family_friendly,mature,educational,clickbait","edited,animated,professional","reaction,commentary,analysis,compilation,showcase,review,podcast,guide,highlights,tutorial,interview","storytelling,analysis,promotional,news,entertainment,educational"
22189,"May 4, 2024, 5:54:48 PM PST",Tutorial,"trending,viral,informative,controversial","animated,edited","showcase,guide,highlights,commentary,compilation,review",
21773,"May 9, 2024, 1:31:16 AM PST",Entertainment,"family_friendly,trending,viral,mature,entertaining","animated,edited,studio_quality","reaction,compilation,guide,podcast,stream_highlights,commentary,highlights,interview,review","entertainment,social_commentary,promotional,storytelling,personal_vlog"
21357,"May 13, 2024, 3:25:22 PM PST",Shorts,"trending,viral,informative,entertaining,family_friendly,educational","edited,animated","compilation,showcase,interview,guide,commentary,reaction,highlights,stream_highlights","educational,promotional"
22190,"May 4, 2024, 5:54:35 PM PST",Music,"trending,entertaining,informative,viral,educational,family_friendly,controversial","animated,high_production,edited","reaction,showcase,highlights,compilation,guide,documentary,stream_highlights,review","storytelling,news,entertainment,educational,promotional"
21774,"May 9, 2024, 1:30:36 AM PST",Gaming,"entertaining,trending,informative,viral,family_friendly,mature,educational","high_production,edited,animated","showcase,guide,highlights,tutorial,reaction","entertainment,promotional,educational"
21358,"May 13, 2024, 3:24:47 PM PST",Shorts,"trending,viral,controversial,entertaining,clickbait","edited,animated,raw_footage,amateur","reaction,commentary,compilation,showcase,review,highlights,podcast","entertainment,storytelling,social_commentary"
22191,"May 4, 2024, 5:53:53 PM PST",Entertainment,"entertaining,viral,trending,informative,mature,educational,family_friendly","professional,high_production,animated,live_recording,studio_quality","showcase,documentary,stream_highlights,compilation,reaction,highlights,tutorial,guide","entertainment,personal_vlog,educational,product_review,storytelling,skill_development,news,promotional,social_commentary"
21359,"May 13, 2024, 3:24:31 PM PST",Shorts,"trending,viral,entertaining,controversial,clickbait","edited,raw_footage,animated,amateur","reaction,compilation,commentary,stream_highlights,review,podcast,highlights,showcase","entertainment,social_commentary,personal_vlog,storytelling"
21775,"May 9, 2024, 12:40:39 AM PST",Music,"trending,entertaining,viral,informative,controversial,educational","professional,animated,high_production","showcase,analysis,highlights,compilation","entertainment,promotional,storytelling,analysis,educational"
22192,"May 4, 2024, 5:53:00 PM PST",News,"informative,controversial,trending,entertaining","raw_footage,live_recording,edited,high_production","reaction,compilation,highlights,review,stream_highlights,commentary,showcase,guide","news,social_commentary"
21360,"May 13, 2024, 3:24:25 PM PST",Shorts,"controversial,trending","edited,amateur,raw_footage","reaction,guide,commentary",
21776,"May 9, 2024, 12:36:58 AM PST",Music,"trending,entertaining,viral,informative,family_friendly","high_production,professional,studio_quality,animated,edited","showcase,compilation,reaction,stream_highlights,highlights,guide,review","entertainment,storytelling,promotional"
22193,"May 4, 2024, 5:52:37 PM PST",Reviews,"entertaining,trending,viral,informative,family_friendly","high_production,professional","showcase,highlights,stream_highlights,review,guide",entertainment
21361,"May 13, 2024, 3:24:11 PM PST",Shorts,"trending,controversial,clickbait","edited,amateur,raw_footage","reaction,compilation,commentary,guide,review,podcast","social_commentary,personal_vlog"
21777,Swedish House Mafia ft. John Martin - Don't You Worry Child (Official Video),Music,"trending,entertaining,viral,family_friendly,informative,controversial","high_production,studio_quality","showcase,compilation,highlights,reaction,guide,stream_highlights","entertainment,promotional,news"
22194,"May 4, 2024, 5:52:18 PM PST",Reviews,"controversial,trending,viral","studio_quality,edited","commentary,reaction,analysis,review,compilation,podcast,stream_highlights","analysis,social_commentary"
21362,"May 13, 2024, 3:24:09 PM PST",Shorts,"trending,entertaining,viral,family_friendly,clickbait,informative,controversial,educational","animated,edited,amateur,raw_footage","reaction,commentary,compilation,guide,highlights,showcase,tutorial,stream_highlights","promotional,storytelling,entertainment,educational,news,social_commentary"
21778,"May 9, 2024, 12:25:57 AM PST",Music,"entertaining,trending,informative,viral,family_friendly,educational","animated,edited,high_production,professional,studio_quality","commentary,compilation,reaction,podcast,showcase,highlights,guide","storytelling,entertainment,educational,promotional"
22195,"May 4, 2024, 5:51:35 PM PST",Gaming,"entertaining,trending,controversial,viral,informative,educational","high_production,professional","analysis,reaction,showcase,commentary,review,guide,compilation,highlights","entertainment,analysis,skill_development,educational,news,storytelling,promotional"
21363,"May 13, 2024, 3:24:08 PM PST",Shorts,"trending,entertaining,viral,controversial,clickbait","edited,animated,raw_footage,amateur","reaction,commentary,compilation,review,stream_highlights,showcase,highlights,podcast,guide","entertainment,social_commentary,personal_vlog,storytelling"
21779,"May 9, 2024, 12:22:38 AM PST",Music,"trending,viral,entertaining,informative,controversial","professional,high_production,edited,animated","showcase,compilation,reaction,highlights","entertainment,storytelling,promotional"
21364,"May 13, 2024, 3:23:35 PM PST",Shorts,"trending,entertaining,viral,controversial,clickbait","edited,raw_footage,amateur,animated","reaction,compilation,commentary,review,stream_highlights,podcast,showcase","entertainment,social_commentary,personal_vlog,storytelling"
22196,"May 4, 2024, 5:51:21 PM PST",Comedy,"entertaining,trending,viral,controversial","edited,amateur","commentary,reaction",entertainment
21780,"May 9, 2024, 12:18:47 AM PST",Music,"trending,viral,entertaining,informative,controversial","professional,high_production,animated,edited","showcase,highlights,reaction,guide,compilation","entertainment,storytelling,promotional"
21365,"May 13, 2024, 3:23:26 PM PST",Shorts,"trending,entertaining,informative,family_friendly,viral,educational,clickbait","animated,edited,raw_footage,professional,amateur","reaction,compilation,guide,showcase,commentary,tutorial,review,highlights,stream_highlights,walkthrough,podcast,interview,analysis","promotional,storytelling,entertainment,educational,news,skill_development,social_commentary,personal_vlog,analysis"
22197,"May 4, 2024, 5:50:58 PM PST",Entertainment,"viral,entertaining,trending,informative","live_recording,amateur,animated,raw_footage,high_production","showcase,reaction,stream_highlights,highlights,documentary,compilation","news,storytelling,entertainment,personal_vlog,social_commentary"
21781,"May 9, 2024, 12:13:43 AM PST",Music,"trending,entertaining,viral,informative,controversial,mature","professional,high_production,animated","showcase,compilation,highlights,reaction","entertainment,storytelling,promotional"
21366,"May 13, 2024, 3:23:20 PM PST",Shorts,"trending,entertaining,family_friendly,viral,informative,educational","edited,raw_footage,animated,amateur","compilation,reaction,guide,highlights,showcase,commentary,stream_highlights,podcast,review,tutorial","storytelling,personal_vlog,social_commentary,entertainment,promotional,skill_development,educational"
21367,"May 13, 2024, 3:23:14 PM PST",Shorts,"trending,informative,entertaining,educational,viral,family_friendly,controversial,clickbait","edited,amateur,animated,raw_footage,professional,live_recording","reaction,compilation,analysis,commentary,guide,showcase,tutorial,highlights,review,podcast,stream_highlights,walkthrough,interview","news,educational,storytelling,entertainment,analysis,promotional,personal_vlog,social_commentary,skill_development,product_review"
21782,"May 9, 2024, 12:10:03 AM PST",Music,"trending,viral,entertaining,informative,mature,controversial,family_friendly","professional,high_production,studio_quality,edited,animated","showcase,compilation,highlights,reaction,guide,stream_highlights","entertainment,storytelling,promotional"
22198,"May 4, 2024, 5:50:21 PM PST",Gaming,"trending,viral,informative,entertaining,educational,controversial",edited,"guide,showcase","news,promotional,educational,entertainment"
21783,"May 9, 2024, 12:06:44 AM PST",Music,"trending,entertaining,viral,informative,controversial,educational","edited,professional,high_production","showcase,highlights,compilation,stream_highlights","entertainment,news,educational,promotional"
22199,"May 4, 2024, 5:50:05 PM PST",Entertainment,"viral,entertaining,trending,informative,educational,mature,controversial,family_friendly","animated,professional,high_production,studio_quality","showcase,reaction,analysis,documentary,compilation,stream_highlights,highlights,guide,review,commentary,interview","entertainment,storytelling,educational,analysis,skill_development,social_commentary,product_review,promotional,news"
21368,"May 13, 2024, 3:22:34 PM PST",Music,"trending,family_friendly,entertaining,informative,viral,educational,controversial,mature","animated,edited,raw_footage","reaction,guide,commentary,compilation,showcase,highlights,tutorial,interview,analysis,review,stream_highlights,podcast","storytelling,promotional,educational,entertainment,personal_vlog,analysis,skill_development,product_review,social_commentary"
21784,"May 9, 2024, 12:01:18 AM PST",Music,"trending,informative,entertaining,viral,controversial,educational,mature","professional,high_production","analysis,showcase,commentary,highlights,compilation,reaction,guide","analysis,storytelling,entertainment,educational,promotional,news"
22200,"May 4, 2024, 5:50:03 PM PST",Music,"trending,informative,mature,entertaining,viral,educational","professional,edited","compilation,showcase,highlights,guide,commentary,review,analysis","promotional,educational,analysis"
21785,"May 8, 2024, 11:57:31 PM PST",Music,"trending,controversial,viral,entertaining,informative","high_production,professional","compilation,reaction,highlights,showcase,podcast",entertainment
21369,"May 13, 2024, 3:22:13 PM PST",Gaming,"entertaining,trending,viral,informative","live_recording,professional,animated","showcase,highlights,reaction,commentary,compilation","entertainment,news"
22201,"May 4, 2024, 5:49:02 PM PST",Tutorial,"controversial,trending,entertaining,informative,viral,educational","animated,edited","showcase,highlights,reaction,commentary","entertainment,educational,news"
21370,"May 13, 2024, 3:21:55 PM PST",Entertainment,"trending,entertaining,viral,informative,family_friendly","animated,edited","reaction,highlights,showcase,compilation,commentary,review","entertainment,storytelling"
21786,"May 8, 2024, 11:53:38 PM PST",Music,"trending,viral,entertaining,informative,mature,controversial,educational","professional,high_production,animated,edited","commentary,showcase,highlights,reaction,guide,compilation","storytelling,entertainment,promotional,educational"
22202,"May 4, 2024, 5:48:59 PM PST",Entertainment,"entertaining,trending,mature,informative,family_friendly,viral","professional,high_production,edited","showcase,reaction,highlights,compilation,guide,stream_highlights","promotional,entertainment,product_review,skill_development"
21371,"May 13, 2024, 3:20:59 PM PST",Shorts,"trending,controversial,viral,family_friendly,entertaining,clickbait,educational","amateur,edited,animated,raw_footage","commentary,compilation,reaction,showcase,podcast,guide,review","storytelling,entertainment,promotional,social_commentary,news,educational"
21787,"May 8, 2024, 11:50:48 PM PST",Music,"trending,entertaining,viral,informative,controversial,mature","professional,high_production,edited,studio_quality","showcase,compilation,highlights,guide,reaction","entertainment,promotional,news"
21372,"May 13, 2024, 3:20:41 PM PST",Gaming,"controversial,informative,entertaining,trending,educational,viral","edited,animated","reaction,guide,commentary,analysis,compilation","storytelling,educational,analysis"
21788,"May 8, 2024, 11:47:08 PM PST",Music,"trending,entertaining,informative,mature,viral","professional,studio_quality","podcast,compilation,highlights,showcase,guide,reaction","entertainment,storytelling"
22203,"May 4, 2024, 5:48:31 PM PST",Entertainment,"entertaining,trending,viral,informative,controversial",edited,"compilation,showcase,reaction,commentary,highlights","entertainment,storytelling,news,social_commentary"
21373,"May 13, 2024, 3:20:34 PM PST",Podcast,"entertaining,trending,informative,viral,educational,mature,controversial","professional,animated,high_production,edited","podcast,compilation,reaction,guide,commentary,highlights,showcase,tutorial,review,analysis","storytelling,entertainment,educational,promotional,news,skill_development,analysis,social_commentary"
21789,"May 8, 2024, 11:41:56 PM PST",Music,"entertaining,trending,informative,viral,educational,mature,family_friendly","professional,high_production","showcase,guide,highlights","storytelling,entertainment,promotional,educational"
21374,"May 13, 2024, 3:20:31 PM PST",Reviews,"controversial,informative",edited,commentary,
21790,"May 8, 2024, 11:38:01 PM PST",Sports,"entertaining,trending,informative,viral,educational","professional,high_production,animated","showcase,compilation,highlights,guide","entertainment,educational,promotional,storytelling"
22204,"May 4, 2024, 5:48:29 PM PST",Music,"trending,viral,entertaining,informative,educational","professional,edited","highlights,showcase,guide,compilation","news,entertainment,educational"
21375,"May 13, 2024, 3:19:25 PM PST",Podcast,"controversial,informative,trending,viral,entertaining","edited,high_production,animated,studio_quality,live_recording","reaction,commentary,podcast,compilation,analysis,review,guide,highlights,showcase","news,analysis,social_commentary,promotional"
22205,"May 4, 2024, 5:47:38 PM PST",Comedy,"entertaining,informative,trending,educational,viral,controversial","amateur,edited","guide,reaction,commentary,compilation","entertainment,educational"
21791,"May 8, 2024, 11:34:14 PM PST",Music,"trending,entertaining,informative,viral,mature,controversial","edited,professional,high_production","showcase,highlights,compilation",entertainment
21376,"May 13, 2024, 3:19:18 PM PST",Shorts,"informative,controversial,entertaining,trending,mature",professional,,
22206,"May 4, 2024, 5:47:27 PM PST",News,"trending,viral,controversial,informative","edited,raw_footage","highlights,reaction,showcase,commentary",news
21377,"May 13, 2024, 3:18:43 PM PST",Podcast,"informative,controversial,entertaining",edited,"compilation,analysis,podcast,reaction,guide,review,commentary","social_commentary,analysis"
21792,"May 8, 2024, 11:30:59 PM PST",Music,"trending,viral,entertaining,informative,controversial,family_friendly,mature","professional,high_production,animated,edited,studio_quality","showcase,compilation,highlights,reaction,guide","entertainment,promotional,storytelling"
22207,"May 4, 2024, 5:46:35 PM PST",Shorts,"trending,controversial,viral,informative,entertaining","edited,amateur","reaction,commentary,compilation,guide,podcast,review","news,social_commentary,storytelling,promotional"
21378,"May 13, 2024, 3:18:39 PM PST",Technology,"trending,clickbait,informative,viral,entertaining,educational","animated,studio_quality,edited,high_production","showcase,commentary,reaction,compilation,guide,highlights,stream_highlights","promotional,news,entertainment,social_commentary,educational"
21793,"May 8, 2024, 11:28:08 PM PST",Music,"trending,entertaining,informative,viral,controversial","edited,professional,high_production","showcase,highlights,stream_highlights",entertainment
22208,"May 4, 2024, 5:46:01 PM PST",Gaming,"trending,viral,entertaining,controversial,informative","professional,high_production,raw_footage,studio_quality,animated,edited","highlights,showcase,reaction,compilation,stream_highlights","news,entertainment"
21379,"May 13, 2024, 3:18:16 PM PST",Technology,"entertaining,informative,trending,viral,controversial","animated,edited,studio_quality,high_production","reaction,showcase,highlights",entertainment
21794,"May 8, 2024, 11:24:15 PM PST",Music,"entertaining,trending,viral,informative,family_friendly,educational","professional,animated,high_production,studio_quality","showcase,highlights,reaction,guide","entertainment,storytelling,promotional,educational"
22209,"May 4, 2024, 5:45:25 PM PST",Sports,"trending,viral,entertaining,informative,controversial,educational","raw_footage,high_production,edited,live_recording","showcase,highlights,reaction,guide,stream_highlights","news,skill_development,entertainment,social_commentary,educational,promotional"
22210,"May 4, 2024, 5:45:10 PM PST",Reviews,"controversial,trending,viral",edited,"reaction,commentary",
21795,"May 8, 2024, 11:19:53 PM PST",Music,"entertaining,trending,viral,informative,mature,controversial","professional,high_production,animated,edited","showcase,compilation,stream_highlights,reaction,highlights,guide,review","entertainment,storytelling,skill_development,news,promotional"
21380,"May 13, 2024, 3:18:08 PM PST",Tutorial,"informative,clickbait,educational,entertaining,trending,viral,controversial","amateur,edited,animated,high_production","guide,commentary,showcase,compilation,tutorial,review,reaction,highlights","promotional,educational,storytelling,entertainment,news"
22211,"May 4, 2024, 5:44:39 PM PST",Tutorial,"controversial,entertaining,informative,viral,educational,trending","raw_footage,amateur,edited,professional,high_production","showcase,guide,reaction,stream_highlights,highlights,commentary,tutorial","skill_development,educational,news,entertainment,social_commentary"
21796,"May 8, 2024, 11:19:25 PM PST",Music,"trending,entertaining,viral,informative,controversial","professional,animated,high_production","showcase,highlights,reaction,guide,compilation","entertainment,promotional"
21381,"May 13, 2024, 3:17:41 PM PST",Technology,"informative,controversial,entertaining,trending","studio_quality,edited,high_production","stream_highlights,commentary,compilation",social_commentary
22212,"May 4, 2024, 5:44:26 PM PST",Sports,"entertaining,trending,controversial,viral,informative,educational","animated,high_production,edited,amateur","showcase,analysis,reaction,highlights,guide,commentary,compilation","analysis,entertainment,educational,skill_development,product_review,storytelling,news"
21797,"May 8, 2024, 11:13:42 PM PST",Podcast,"entertaining,trending,informative,viral,educational,controversial,mature","edited,professional,animated","podcast,compilation,showcase,guide,highlights,commentary,documentary","storytelling,entertainment,educational,promotional"
21382,"May 13, 2024, 3:16:44 PM PST",Gaming,"controversial,entertaining,trending,family_friendly,informative,viral",edited,"compilation,reaction,commentary,showcase,review,highlights",entertainment
22213,"May 4, 2024, 5:44:24 PM PST",News,"viral,informative,trending,entertaining,family_friendly,controversial,educational","professional,edited,animated,raw_footage","reaction,highlights,stream_highlights,showcase,guide","news,educational,entertainment"
21798,"May 8, 2024, 11:09:11 PM PST",Music,"trending,informative,entertaining,viral,mature,controversial","professional,high_production,edited","showcase,compilation,highlights,stream_highlights","news,entertainment,promotional,skill_development"
21383,"May 13, 2024, 3:15:24 PM PST",Entertainment,"viral,entertaining,trending,informative,educational,mature,controversial,family_friendly","animated,professional,high_production","showcase,reaction,analysis,stream_highlights,highlights,compilation,documentary,guide,review,commentary,interview","entertainment,analysis,storytelling,educational,skill_development,social_commentary,product_review,promotional,news"
22214,"May 4, 2024, 5:43:47 PM PST",Comedy,"entertaining,controversial,viral,trending,clickbait,informative",,"reaction,commentary,compilation","entertainment,storytelling"
21799,"May 8, 2024, 11:05:44 PM PST",Music,"trending,viral,entertaining,controversial,informative,mature","edited,professional,high_production","highlights,showcase,compilation,commentary,guide,reaction","entertainment,storytelling,news"
21384,"May 13, 2024, 3:14:19 PM PST",Gaming,"informative,trending,entertaining",,commentary,storytelling
22215,"May 4, 2024, 5:43:15 PM PST",Sports,"informative,trending,entertaining,controversial,viral,educational","raw_footage,edited,high_production,studio_quality","reaction,commentary,guide,analysis,stream_highlights,highlights","news,social_commentary,analysis,skill_development,entertainment,educational"
21800,"May 8, 2024, 11:02:34 PM PST",Music,"trending,viral,informative,entertaining,controversial","edited,professional,high_production","showcase,reaction,highlights,compilation,guide",entertainment
21385,"May 13, 2024, 3:14:17 PM PST",Technology,"controversial,informative,trending,entertaining,educational,viral","amateur,edited","showcase,analysis,highlights,guide,review","skill_development,analysis,educational,news"
21801,"May 8, 2024, 10:58:19 PM PST",Entertainment,"entertaining,trending,viral,informative,family_friendly","professional,high_production,animated,studio_quality","showcase,highlights,reaction","entertainment,promotional"
21386,"May 13, 2024, 3:13:17 PM PST",Shorts,"trending,controversial,viral,entertaining,educational","amateur,edited","compilation,podcast,commentary,reaction,guide,showcase,review","entertainment,storytelling,educational,promotional"
22216,"May 4, 2024, 5:42:32 PM PST",Tutorial,"educational,trending,entertaining,viral,controversial,informative","animated,edited,studio_quality","commentary,reaction,tutorial,guide,compilation,showcase,review","educational,promotional,storytelling,news,entertainment"
21802,"May 8, 2024, 10:54:24 PM PST",Music,"trending,controversial,viral,entertaining,informative","professional,high_production,edited","reaction,showcase,compilation,guide,highlights","entertainment,news"
22217,"May 4, 2024, 5:42:31 PM PST",Gaming,"entertaining,trending,viral,informative,educational,controversial","animated,high_production","showcase,reaction,highlights","entertainment,educational"
21387,"May 13, 2024, 3:12:34 PM PST",Comedy,"entertaining,trending,viral,controversial,informative","animated,edited,amateur","reaction,commentary,highlights,showcase,compilation,stream_highlights","entertainment,storytelling,news,promotional,social_commentary"
21803,"May 8, 2024, 10:50:56 PM PST",Music,"informative,trending,entertaining,viral,mature,educational,controversial","professional,high_production,edited","showcase,highlights","entertainment,news,storytelling,educational"
21388,"May 13, 2024, 3:02:52 PM PST",Comedy,"entertaining,trending,viral,controversial,clickbait,informative","animated,edited,live_recording","reaction,commentary,compilation,interview,highlights,guide,showcase,review,analysis,podcast","entertainment,storytelling,promotional,social_commentary,news,analysis"
22218,"May 4, 2024, 5:41:32 PM PST",Shorts,"trending,controversial,informative,entertaining,viral,educational",edited,"showcase,commentary,analysis,review,guide,podcast,compilation,highlights","storytelling,entertainment,analysis,news,educational,promotional"
21804,"May 8, 2024, 10:46:40 PM PST",Music,"controversial,entertaining,trending,viral,informative,educational","animated,high_production","showcase,commentary,reaction,analysis,compilation,highlights,guide,documentary,review","entertainment,storytelling,promotional,analysis,educational,social_commentary"
21389,"May 13, 2024, 3:02:23 PM PST",Podcast,"controversial,informative,trending,entertaining,viral",edited,"showcase,highlights,interview,podcast,guide,review,stream_highlights",
22219,"May 4, 2024, 5:41:30 PM PST",Shorts,"trending,informative,entertaining,viral,educational,family_friendly,controversial","animated,amateur,edited","guide,tutorial,showcase,compilation,podcast,walkthrough,reaction","educational,storytelling,entertainment,news,promotional,skill_development"
21805,"May 8, 2024, 10:42:44 PM PST",Music,"trending,entertaining,viral,informative,controversial,mature","professional,high_production,edited",showcase,"entertainment,storytelling,news"
21390,"May 13, 2024, 2:58:22 PM PST",Reviews,"controversial,trending,informative,viral,entertaining,educational","edited,animated,high_production","analysis,commentary,reaction,guide,showcase,compilation,interview,podcast,highlights","analysis,educational,storytelling,social_commentary"
22220,"May 4, 2024, 5:40:30 PM PST",Sports,"controversial,trending,entertaining,viral,informative,educational","high_production,animated,studio_quality,raw_footage,edited","reaction,showcase,commentary,highlights,stream_highlights,guide","news,entertainment,promotional,social_commentary,skill_development,educational"
21806,"May 8, 2024, 10:42:27 PM PST",Podcast,"trending,entertaining,informative,educational,controversial","professional,edited,high_production,live_recording","podcast,showcase,analysis,commentary,highlights,guide,interview,reaction,compilation,review,stream_highlights","entertainment,analysis,educational,skill_development,news,storytelling"
21391,"May 13, 2024, 2:58:06 PM PST",Comedy,"entertaining,trending,controversial,viral,informative","live_recording,animated,edited,high_production","reaction,commentary,compilation,guide,highlights,showcase,analysis,review,stream_highlights","entertainment,storytelling,social_commentary,news,product_review,analysis"
22221,"May 4, 2024, 5:39:31 PM PST",News,"informative,trending,controversial,entertaining","raw_footage,edited,live_recording","reaction,highlights,stream_highlights,guide,review",news
21807,"May 8, 2024, 10:39:30 PM PST",Music,"trending,informative,entertaining,mature",edited,"showcase,compilation,guide,highlights",entertainment
21392,"May 13, 2024, 10:00:42 AM PST",Entertainment,"trending,entertaining,informative,mature,viral,family_friendly,educational,controversial","professional,animated,high_production,edited","guide,showcase,reaction,highlights,compilation,commentary,documentary","storytelling,entertainment,educational,promotional,skill_development"
22222,"May 4, 2024, 5:38:52 PM PST",Comedy,"trending,informative,entertaining,viral,controversial,mature,family_friendly,educational","edited,animated,professional","reaction,showcase,commentary,guide,compilation,highlights,analysis,review,stream_highlights,tutorial,interview","analysis,storytelling,educational,entertainment,skill_development,promotional,news,personal_vlog"
21393,"May 13, 2024, 9:57:13 AM PST",Comedy,"trending,informative,entertaining,viral,mature","professional,animated,edited","reaction,compilation,commentary,highlights,showcase","storytelling,entertainment"
21808,"May 8, 2024, 10:32:56 PM PST",Music,"trending,mature,entertaining,informative,controversial",edited,"showcase,highlights,guide",entertainment
21394,"May 13, 2024, 9:53:56 AM PST",Music,"trending,mature,entertaining,viral,informative,controversial,family_friendly,educational","professional,animated,edited,high_production,studio_quality","reaction,guide,highlights,compilation,showcase,commentary,review","storytelling,entertainment,skill_development,educational,news"
21809,"May 8, 2024, 9:02:57 PM PST",Gaming,"trending,viral,informative,entertaining","professional,edited","showcase,highlights,compilation",news
22223,"May 4, 2024, 5:38:44 PM PST",Comedy,"entertaining,trending,viral,controversial,family_friendly","amateur,edited","highlights,commentary",entertainment
21395,"May 13, 2024, 9:50:54 AM PST",Entertainment,"trending,entertaining,informative,mature,viral,educational,family_friendly,controversial","professional,animated,edited","showcase,guide,reaction,compilation,highlights,commentary,analysis,review","storytelling,educational,entertainment,analysis,skill_development"
21810,Aprilia RS,Gaming,"trending,informative,entertaining,viral,educational,controversial,mature",professional,"documentary,showcase,highlights","storytelling,news,educational,entertainment"
22224,"May 4, 2024, 5:38:20 PM PST",News,"controversial,trending,viral,informative,entertaining,educational","animated,high_production,raw_footage,live_recording","reaction,review,highlights,compilation,guide,commentary,stream_highlights,showcase,analysis","news,social_commentary,educational,analysis"
21396,"May 13, 2024, 9:48:05 AM PST",Music,"entertaining,informative,trending,viral,educational,family_friendly",animated,"podcast,reaction,compilation,guide,showcase,commentary,highlights","storytelling,entertainment,promotional,educational"
22225,"May 4, 2024, 5:38:08 PM PST",Reviews,"trending,viral,mature,entertaining,informative","high_production,animated","highlights,showcase,stream_highlights,compilation,analysis",analysis
21811,"May 8, 2024, 8:54:40 PM PST",Gaming,"informative,trending,entertaining,mature,viral,educational","edited,studio_quality,high_production,raw_footage","compilation,showcase,highlights,guide","entertainment,educational"
22226,"May 4, 2024, 5:37:07 PM PST",Entertainment,"informative,trending,entertaining,viral,controversial,mature,educational","edited,animated","documentary,highlights,showcase,reaction,compilation","storytelling,entertainment,educational"
21397,"May 13, 2024, 9:44:50 AM PST",Music,"entertaining,trending,viral,informative,mature,family_friendly,educational,controversial","animated,professional,high_production,live_recording,edited","podcast,showcase,compilation,reaction,highlights,guide,commentary,interview,analysis,review,documentary,stream_highlights,tutorial","entertainment,storytelling,promotional,skill_development,analysis,educational,news"
21812,"May 8, 2024, 8:54:37 PM PST",Music,"trending,entertaining,informative,viral",high_production,"compilation,showcase,highlights",entertainment
22227,Naomi Julien,Entertainment,"entertaining,trending,viral,controversial,informative,mature","live_recording,high_production,raw_footage,studio_quality,professional","commentary,reaction,interview,showcase,stream_highlights,highlights,compilation,guide,review,analysis,documentary,tutorial","news,social_commentary,storytelling,entertainment,skill_development,analysis"
21398,"May 13, 2024, 9:40:27 AM PST",Comedy,"trending,entertaining,informative,mature,controversial,viral,family_friendly,educational","professional,edited,animated","reaction,commentary,compilation,guide,showcase,highlights,analysis,tutorial,review","storytelling,educational,promotional,analysis,entertainment,news,social_commentary,skill_development,personal_vlog"
22228,"May 4, 2024, 4:45:20 PM PST",Podcast,"trending,entertaining,informative,educational,viral,controversial","studio_quality,edited,high_production","podcast,showcase,interview,highlights","educational,entertainment"
21399,"May 13, 2024, 9:39:53 AM PST",Tutorial,"trending,mature,informative,viral,controversial,entertaining","edited,professional,high_production","reaction,guide,highlights,compilation,commentary,showcase,review",skill_development
21813,"May 8, 2024, 7:37:19 PM PST",Music,"viral,entertaining,controversial,informative,trending,educational","animated,edited,amateur","podcast,reaction,showcase,interview,guide,review","entertainment,promotional,storytelling,educational"
22229,"May 4, 2024, 1:58:27 PM PST",Entertainment,"entertaining,trending,informative,viral,mature","animated,edited,high_production,raw_footage","reaction,highlights,showcase,compilation,guide,commentary,stream_highlights,review","entertainment,storytelling,promotional,social_commentary"
21400,"May 13, 2024, 9:36:37 AM PST",Comedy,"trending,entertaining,viral,informative,family_friendly,mature,controversial,educational",animated,"reaction,compilation,commentary,guide,showcase,highlights,documentary","storytelling,entertainment,educational,promotional"
21814,"May 8, 2024, 7:30:23 PM PST",Music,"trending,viral,entertaining,informative,controversial,family_friendly","professional,high_production,animated","reaction,showcase,compilation,highlights,guide,commentary","storytelling,entertainment,news,promotional"
21401,"May 13, 2024, 9:35:23 AM PST",Comedy,"trending,entertaining,informative,viral,mature,family_friendly,educational,controversial","animated,professional","compilation,reaction,guide,commentary,showcase,highlights,documentary,analysis,review,tutorial,podcast","storytelling,educational,entertainment,promotional,analysis,skill_development,social_commentary"
22230,"May 4, 2024, 1:41:07 PM PST",Music,"trending,entertaining,viral,informative,mature,controversial","professional,high_production,studio_quality,edited","showcase,highlights,guide,reaction,stream_highlights","entertainment,news"
21815,"May 8, 2024, 7:10:44 PM PST",News,"trending,informative,viral,mature,entertaining","edited,high_production,professional","highlights,showcase,guide,compilation",news
21402,"May 13, 2024, 9:32:32 AM PST",Comedy,"trending,entertaining,informative,viral,mature,controversial,family_friendly,educational","professional,animated,high_production","compilation,reaction,showcase,guide,highlights,commentary","storytelling,entertainment,educational,promotional"
22231,"May 4, 2024, 1:32:08 PM PST",Music,"entertaining,trending,viral,informative,family_friendly","edited,animated","showcase,reaction,highlights,compilation","entertainment,storytelling"
21816,"May 8, 2024, 7:08:16 PM PST",Music,"entertaining,trending,viral,informative,controversial","professional,animated,high_production","reaction,showcase,highlights,guide","entertainment,promotional,news,storytelling,skill_development"
21403,"May 13, 2024, 9:28:10 AM PST",Comedy,"entertaining,trending,informative,viral,family_friendly,educational,mature",,"reaction,commentary,guide,compilation,showcase,highlights","storytelling,entertainment,educational"
22232,"May 4, 2024, 1:04:33 PM PST",Music,"entertaining,trending,viral,informative,mature,controversial,educational","professional,high_production,animated","showcase,compilation,highlights","entertainment,promotional,educational,storytelling"
21817,"May 8, 2024, 7:07:06 PM PST",Reviews,"trending,viral,informative,controversial","animated,edited","showcase,commentary,reaction,guide,compilation,highlights,review,analysis",analysis
21404,"May 13, 2024, 9:23:43 AM PST",Music,"trending,informative,entertaining,mature,viral,educational,controversial,family_friendly","professional,animated,edited","guide,reaction,showcase,highlights,compilation,commentary,documentary,tutorial,analysis,review","storytelling,educational,entertainment,promotional,analysis,skill_development"
22233,"May 4, 2024, 12:49:28 PM PST",Technology,"trending,informative,educational,entertaining,viral,controversial,mature","animated,professional,edited","showcase,guide,compilation,reaction,highlights","educational,entertainment,news"
21818,"May 8, 2024, 7:06:16 PM PST",Shorts,"mature,informative,trending,controversial,viral,entertaining","edited,studio_quality,animated",commentary,social_commentary
21405,"May 13, 2024, 9:20:57 AM PST",Entertainment,"trending,viral,entertaining,informative,mature,controversial,family_friendly,educational","professional,edited,animated,high_production","reaction,guide,highlights,compilation,showcase,commentary,review,tutorial","storytelling,entertainment,promotional,news,educational,social_commentary,skill_development"
22234,"May 4, 2024, 12:34:15 PM PST",Music,"entertaining,trending,informative,viral,educational,family_friendly,mature","high_production,professional,edited","showcase,compilation,guide,highlights,reaction,commentary,analysis,review,tutorial,walkthrough,stream_highlights","news,educational,promotional,entertainment,storytelling,analysis,skill_development"
21819,"May 8, 2024, 7:02:22 PM PST",Shorts,"mature,informative,trending,controversial,viral,entertaining","edited,studio_quality,animated",commentary,social_commentary
21406,"May 13, 2024, 9:16:47 AM PST",Comedy,"trending,entertaining,family_friendly,informative,viral,mature,controversial,educational","professional,animated","compilation,reaction,showcase,commentary,guide,highlights,documentary,analysis,review,tutorial","storytelling,promotional,entertainment,educational,analysis"
22235,"May 4, 2024, 11:40:21 AM PST",News,"informative,trending,viral,entertaining,mature,educational","professional,raw_footage,high_production,edited","highlights,guide,stream_highlights,showcase,reaction","news,educational"
21407,"May 13, 2024, 9:12:23 AM PST",Entertainment,"trending,entertaining,informative,mature,viral,controversial,family_friendly,educational","animated,edited,professional","reaction,guide,commentary,compilation,showcase,highlights,analysis","storytelling,entertainment,educational,promotional,analysis"
22236,Man Pranks NYPD While Dressed up Like Mario 😂 #shorts,Comedy,"entertaining,trending,viral,controversial,informative","high_production,amateur,animated,live_recording","compilation,showcase,reaction,highlights,commentary,stream_highlights,guide","entertainment,social_commentary,news,storytelling,personal_vlog"
21820,"May 8, 2024, 6:57:53 PM PST",Technology,"entertaining,trending,informative,viral,mature,educational","professional,edited,high_production","showcase,review,highlights,commentary,documentary","entertainment,educational,product_review,news,storytelling,promotional"
21408,"May 13, 2024, 9:08:49 AM PST",Reviews,"trending,informative,viral,entertaining,mature,educational",edited,"highlights,guide,showcase",educational
22237,"May 4, 2024, 11:38:41 AM PST",Entertainment,"entertaining,trending,viral,informative",edited,,entertainment
21821,"May 8, 2024, 6:47:09 PM PST",Entertainment,"trending,informative,viral,mature,entertaining,educational","professional,animated,high_production,edited","analysis,compilation,showcase,highlights","analysis,educational,news"
21409,"May 13, 2024, 9:08:05 AM PST",Gaming,"informative,trending,entertaining,controversial,viral,mature","edited,animated,professional","compilation,reaction,guide,showcase,highlights,commentary,analysis",analysis
22238,"May 4, 2024, 11:38:40 AM PST",Tutorial,"informative,entertaining,trending,educational,viral",high_production,"guide,showcase,compilation,tutorial,highlights",educational
21410,"May 13, 2024, 6:42:28 AM PST",Entertainment,"controversial,viral,entertaining,trending","raw_footage,animated,studio_quality,amateur","reaction,commentary,documentary,review,compilation,interview,showcase,stream_highlights,analysis,highlights","social_commentary,news,personal_vlog,skill_development,storytelling,analysis,entertainment"
21822,"May 8, 2024, 6:46:55 PM PST",Gaming,"viral,entertaining,trending,controversial,informative","animated,edited","reaction,commentary,highlights,showcase,stream_highlights,compilation,podcast","storytelling,entertainment,news,promotional,social_commentary"
21411,"May 13, 2024, 6:42:07 AM PST",Entertainment,"viral,trending,entertaining,controversial,informative",edited,"reaction,highlights,commentary,showcase","promotional,entertainment"
22239,"May 4, 2024, 11:38:14 AM PST",Shorts,"trending,viral,entertaining,informative,educational,controversial,clickbait","animated,amateur","reaction,commentary,showcase,compilation,analysis,highlights,guide","promotional,entertainment,news,storytelling,educational,analysis,social_commentary"
21823,"May 8, 2024, 6:46:24 PM PST",News,"controversial,trending,viral",,compilation,news
22240,"May 4, 2024, 11:37:22 AM PST",News,"informative,trending,entertaining,viral,educational,mature,controversial","professional,high_production,animated,edited","showcase,guide,commentary,podcast,highlights,analysis,interview,compilation,review,stream_highlights,documentary,reaction","news,skill_development,educational,social_commentary,analysis,entertainment,storytelling,product_review"
21824,Markpro96 animations,Podcast,"trending,entertaining,informative,viral,educational,controversial",edited,"compilation,podcast,commentary,documentary,showcase,guide,analysis","storytelling,entertainment,educational,promotional,analysis"
21412,"May 13, 2024, 6:41:59 AM PST",Comedy,"entertaining,viral,trending,controversial,family_friendly","amateur,animated,edited","commentary,reaction,compilation,showcase,highlights","entertainment,storytelling,promotional"
22241,"May 4, 2024, 11:36:40 AM PST",Gaming,"trending,informative,controversial,viral,entertaining,educational","high_production,professional,studio_quality,edited","analysis,highlights,stream_highlights,guide,showcase","news,analysis,skill_development,educational,social_commentary"
21825,Markpro96 animations,Shorts,"trending,viral,controversial,clickbait,entertaining",edited,"commentary,reaction,compilation,podcast",
21826,Markpro96 animations,Podcast,"trending,entertaining,informative,viral,educational,controversial",edited,"compilation,podcast,commentary,showcase,documentary,guide,highlights,analysis,review,reaction","storytelling,entertainment,educational,analysis,promotional,social_commentary"
22242,"May 4, 2024, 11:36:21 AM PST",Technology,"trending,viral,entertaining,informative,controversial","professional,animated,raw_footage,amateur","reaction,highlights,showcase,guide,commentary","news,entertainment"
21413,"May 13, 2024, 6:41:34 AM PST",Shorts,"viral,entertaining,trending,clickbait,family_friendly","edited,animated","reaction,showcase,highlights,commentary,stream_highlights","entertainment,news,promotional,storytelling"
22243,"May 4, 2024, 11:35:32 AM PST",Comedy,"entertaining,informative,trending,viral,controversial,educational","amateur,edited","reaction,commentary,analysis,guide,highlights,showcase","entertainment,news,storytelling,analysis,educational"
21414,"May 13, 2024, 6:41:25 AM PST",Music,"informative,entertaining,trending,mature,educational,viral,family_friendly,controversial","professional,edited,animated,high_production","compilation,reaction,guide,showcase,commentary,analysis,highlights,stream_highlights,review,interview,tutorial,walkthrough,documentary","storytelling,educational,analysis,entertainment,promotional,skill_development,personal_vlog"
21827,"May 8, 2024, 6:43:49 PM PST",Technology,"trending,viral,informative,entertaining,educational,controversial,mature",animated,"showcase,compilation,guide,highlights,documentary,commentary,podcast,review","storytelling,educational,promotional,news"
22244,"May 4, 2024, 11:35:07 AM PST",Entertainment,"trending,viral,entertaining,controversial,clickbait,informative","high_production,animated,edited","reaction,highlights,commentary,showcase,stream_highlights","entertainment,news,social_commentary"
21415,"May 13, 2024, 6:41:10 AM PST",Comedy,"entertaining,trending,viral,controversial,family_friendly","amateur,raw_footage,edited,animated","commentary,compilation,reaction,showcase,highlights","entertainment,storytelling,social_commentary"
21828,"May 8, 2024, 6:43:02 PM PST",Technology,"controversial,informative,entertaining,trending","edited,studio_quality",guide,news
22245,"May 4, 2024, 11:34:34 AM PST",Technology,"controversial,informative,trending,mature,viral","edited,professional,studio_quality,high_production","guide,reaction,commentary","skill_development,news,product_review"
21416,"May 13, 2024, 6:41:08 AM PST",Shorts,"trending,viral,controversial,informative,entertaining","edited,amateur,raw_footage,animated","reaction,commentary,compilation,showcase,review,guide,podcast","news,storytelling,social_commentary,promotional"
21829,"May 8, 2024, 6:42:35 PM PST",Shorts,"trending,viral,controversial,informative","animated,edited,amateur","reaction,commentary","storytelling,social_commentary"
22246,"May 4, 2024, 11:34:13 AM PST",Entertainment,"entertaining,viral,trending,controversial","edited,animated","reaction,commentary,showcase,compilation","entertainment,storytelling"
21417,"May 13, 2024, 6:40:25 AM PST",Comedy,"entertaining,trending,family_friendly,viral","high_production,edited","showcase,commentary,highlights,compilation,reaction,guide","entertainment,storytelling"
21830,"May 8, 2024, 6:41:50 PM PST",Entertainment,"entertaining,viral,trending,informative,family_friendly,mature","animated,high_production,studio_quality,live_recording,raw_footage","reaction,stream_highlights,highlights,showcase,commentary,compilation,guide","social_commentary,storytelling,personal_vlog,entertainment,skill_development,news"
21418,"May 13, 2024, 6:40:10 AM PST",Shorts,"trending,viral,entertaining,controversial",edited,"reaction,showcase,highlights,compilation","entertainment,news,social_commentary"
22247,"May 4, 2024, 11:34:12 AM PST",Shorts,"trending,viral,entertaining,informative,controversial,educational","edited,high_production","showcase,commentary,highlights,reaction,stream_highlights,guide,compilation","social_commentary,news,entertainment,promotional,educational"
21831,"May 8, 2024, 6:41:38 PM PST",Gaming,"controversial,trending,informative,viral,entertaining",professional,"reaction,highlights,showcase,commentary",news
21419,"May 13, 2024, 6:39:54 AM PST",Reviews,"entertaining,trending,viral,controversial,informative","high_production,professional,studio_quality","highlights,showcase,stream_highlights,podcast","social_commentary,entertainment,personal_vlog,news,skill_development,product_review"
22248,"May 4, 2024, 11:34:09 AM PST",Shorts,"trending,entertaining,viral,informative,mature,educational",animated,"highlights,showcase,commentary,reaction,guide","news,entertainment,social_commentary,educational,promotional"
21832,"May 8, 2024, 6:41:21 PM PST",Tutorial,"informative,educational,entertaining,trending,viral,controversial,mature","animated,edited","commentary,showcase,guide,reaction,tutorial,highlights,review,stream_highlights","educational,storytelling,news,promotional"
21420,"May 13, 2024, 6:39:38 AM PST",Entertainment,"viral,entertaining,trending,informative,educational,mature,controversial,family_friendly","animated,professional,high_production,studio_quality","showcase,reaction,analysis,stream_highlights,highlights,documentary,compilation,guide,review,commentary,interview,tutorial","entertainment,analysis,educational,storytelling,skill_development,social_commentary,product_review,news,promotional"
21833,"May 8, 2024, 6:41:00 PM PST",Technology,"informative,trending,educational,viral,controversial","professional,high_production,animated","guide,tutorial,showcase,walkthrough,compilation,highlights,analysis,review,stream_highlights","educational,analysis,news"
22249,"May 4, 2024, 11:33:22 AM PST",Shorts,"trending,controversial,viral,informative","amateur,edited","reaction,guide,compilation",
21421,"May 13, 2024, 6:39:22 AM PST",Reviews,"entertaining,trending,mature,informative,viral,educational","professional,high_production","showcase,highlights,compilation,guide","educational,skill_development"
21834,"May 8, 2024, 6:40:04 PM PST",Technology,"controversial,informative,entertaining,trending,viral",edited,"showcase,highlights,analysis",analysis
21422,"May 13, 2024, 6:38:35 AM PST",News,"controversial,informative,trending,viral",edited,"commentary,review,guide,analysis,showcase,highlights,reaction","analysis,news"
22250,"May 4, 2024, 11:32:50 AM PST",Entertainment,"trending,entertaining,educational,informative,viral,controversial,family_friendly","animated,live_recording,edited,high_production,raw_footage","reaction,showcase,analysis,guide,compilation,commentary,stream_highlights,highlights","entertainment,educational,storytelling,analysis,news,promotional"
21423,"May 13, 2024, 6:38:15 AM PST",Reviews,"mature,trending,informative,entertaining,viral,educational","professional,animated,high_production,edited,studio_quality","showcase,highlights,analysis,compilation,guide,interview,review,stream_highlights,commentary","educational,analysis,news,skill_development,social_commentary"
21835,"May 8, 2024, 6:38:26 PM PST",Comedy,"entertaining,trending,viral,informative,family_friendly,controversial","edited,animated","commentary,review,reaction,compilation,showcase,highlights,guide,podcast","entertainment,storytelling,social_commentary,news,promotional"
22251,"May 4, 2024, 11:32:47 AM PST",Sports,"controversial,viral,trending,informative,entertaining,educational","animated,edited,high_production","reaction,commentary,analysis,review,guide,compilation","news,analysis,social_commentary,educational"
21424,"May 13, 2024, 6:38:04 AM PST",Shorts,"trending,viral,entertaining,informative,educational",,showcase,"entertainment,educational,promotional"
21425,"May 13, 2024, 6:37:52 AM PST",Entertainment,"viral,entertaining,trending,informative,educational,mature,controversial,family_friendly","animated,professional,high_production","showcase,reaction,analysis,compilation,highlights,documentary,guide,stream_highlights,review,commentary,interview,tutorial","entertainment,storytelling,analysis,educational,skill_development,social_commentary,promotional,product_review,news"
22252,"May 4, 2024, 11:32:45 AM PST",Comedy,"trending,entertaining,viral,informative","edited,animated","compilation,showcase,guide,highlights","entertainment,promotional,news"
21836,"May 8, 2024, 5:29:15 PM PST",News,"controversial,trending,viral,informative,entertaining,educational","animated,high_production","commentary,analysis,reaction,showcase,guide,highlights,compilation,stream_highlights,review,documentary","analysis,storytelling,news,social_commentary,educational"
22253,"May 4, 2024, 11:32:18 AM PST",News,"controversial,entertaining,informative,educational","edited,amateur,high_production,live_recording,studio_quality,animated,raw_footage","reaction,commentary,podcast,analysis,compilation,review,stream_highlights,interview,guide,highlights,showcase","social_commentary,news,analysis,personal_vlog,educational,skill_development,product_review"
21837,"May 8, 2024, 12:41:26 PM PST",Music,"entertaining,trending,informative,viral,mature","professional,animated,edited","compilation,showcase,podcast,highlights,guide","storytelling,entertainment"
21426,"May 13, 2024, 6:37:40 AM PST",Comedy,"entertaining,trending,viral",edited,"reaction,commentary,showcase,compilation",entertainment
22254,"May 4, 2024, 11:32:01 AM PST",Entertainment,"entertaining,trending,mature,viral,informative,controversial,family_friendly,educational","high_production,studio_quality,professional,edited,animated","reaction,compilation,commentary,guide,showcase,stream_highlights,highlights,review,analysis,interview,tutorial,documentary,podcast","social_commentary,entertainment,news,storytelling,product_review,educational,skill_development,analysis,promotional"
21838,"May 8, 2024, 12:37:48 PM PST",Music,"trending,entertaining,viral,informative,mature,family_friendly,educational,controversial","professional,high_production,studio_quality","showcase,highlights,guide,compilation","promotional,entertainment,storytelling,educational"
21427,"May 13, 2024, 6:37:23 AM PST",Tutorial,"informative,educational,trending,mature,viral,entertaining",professional,"guide,tutorial,analysis,showcase,highlights","educational,analysis"
21839,"May 8, 2024, 12:34:04 PM PST",Music,"trending,entertaining,viral,informative,mature","professional,high_production,studio_quality,animated,edited","showcase,highlights,reaction,compilation,guide,stream_highlights","entertainment,promotional,skill_development,news,storytelling"
21428,"May 13, 2024, 6:37:11 AM PST",Podcast,"trending,informative,viral,entertaining","animated,high_production","highlights,stream_highlights,showcase,guide",promotional
22255,"May 4, 2024, 11:31:59 AM PST",Shorts,"trending,viral,entertaining,informative,controversial,educational","professional,animated,edited","reaction,compilation,commentary,showcase,highlights,guide","promotional,storytelling,news,entertainment,educational"
21840,"May 8, 2024, 12:29:28 PM PST",Music,"trending,entertaining,informative,viral,mature,family_friendly","professional,edited","showcase,compilation,guide,highlights,review,stream_highlights","entertainment,skill_development,storytelling,promotional"
21429,"May 13, 2024, 6:36:55 AM PST",Shorts,"mature,informative,entertaining,trending,viral,educational,family_friendly","professional,edited","showcase,guide,highlights,compilation,stream_highlights,podcast,review,tutorial","skill_development,educational,news,entertainment"
22256,"May 4, 2024, 11:31:49 AM PST",Technology,"trending,informative,mature,entertaining,viral,educational,controversial","professional,edited,high_production,studio_quality","guide,showcase,highlights,interview,analysis,review,compilation,reaction,commentary,documentary,podcast,tutorial,stream_highlights","educational,analysis,skill_development,social_commentary,news,storytelling"
21841,"May 8, 2024, 12:26:02 PM PST",Music,"trending,entertaining,controversial,viral,informative","edited,animated,high_production","review,compilation,showcase,highlights,commentary,guide,podcast,documentary","storytelling,entertainment,news"
22257,"May 4, 2024, 11:31:37 AM PST",Shorts,"trending,controversial,viral,entertaining,informative","raw_footage,animated,edited,live_recording","reaction,highlights,commentary,showcase,compilation","news,entertainment"
21430,"May 13, 2024, 6:36:39 AM PST",Gaming,"controversial,trending,informative,viral","edited,animated","commentary,reaction,analysis",analysis
22258,"May 4, 2024, 11:31:21 AM PST",Entertainment,"entertaining,trending,informative,viral,educational,controversial","animated,high_production","review,showcase,highlights,compilation,guide,reaction","storytelling,entertainment,educational,skill_development"
21842,"May 8, 2024, 12:21:53 PM PST",Music,"entertaining,trending,informative,viral,controversial","edited,animated,live_recording,professional","showcase,compilation,highlights,reaction,guide,review,podcast","entertainment,storytelling"
22259,"May 4, 2024, 11:31:04 AM PST",Entertainment,"entertaining,trending,informative,viral,educational","professional,high_production,animated","showcase,highlights,guide,stream_highlights,reaction,compilation,commentary","entertainment,promotional,storytelling,educational,news,skill_development"
21431,"May 13, 2024, 6:36:24 AM PST",News,"trending,viral,controversial,entertaining,informative,educational","professional,raw_footage,edited,live_recording,animated,high_production","reaction,stream_highlights,compilation,commentary,showcase,highlights,guide,analysis","news,educational,entertainment,analysis"
21843,"May 8, 2024, 12:17:49 PM PST",Entertainment,"entertaining,trending,viral,informative,educational,family_friendly","animated,high_production,edited","compilation,showcase,highlights,review,reaction","entertainment,storytelling,educational"
22260,"May 4, 2024, 11:30:46 AM PST",Reviews,"mature,informative,entertaining,trending,educational,family_friendly,viral","professional,studio_quality,edited,high_production","guide,highlights,showcase,interview,stream_highlights,review,analysis,compilation,tutorial,walkthrough","educational,news,entertainment,skill_development,storytelling,analysis"
21844,"May 8, 2024, 12:14:31 PM PST",Music,"trending,entertaining,viral,informative","high_production,professional,studio_quality","showcase,highlights,reaction,guide","entertainment,promotional,storytelling"
21432,"May 13, 2024, 6:36:04 AM PST",Shorts,"viral,trending,entertaining,informative,educational,controversial","animated,high_production,edited","showcase,compilation,reaction,highlights,guide","entertainment,promotional,educational,news,storytelling"
22261,"May 4, 2024, 11:29:47 AM PST",Entertainment,"entertaining,trending,viral,family_friendly,informative,clickbait","edited,animated,amateur","commentary,reaction,showcase,highlights,compilation,guide","entertainment,storytelling,promotional,news"
21845,"May 8, 2024, 12:11:56 PM PST",Music,"trending,viral,entertaining,informative,controversial,mature","high_production,professional,studio_quality","showcase,compilation,reaction,guide,highlights","entertainment,storytelling"
21433,"May 13, 2024, 6:35:59 AM PST",News,"trending,viral,entertaining,informative,controversial","live_recording,high_production","showcase,highlights,compilation,reaction","news,entertainment"
22262,"May 4, 2024, 11:28:52 AM PST",Podcast,"family_friendly,entertaining,trending,informative,educational,viral,controversial","amateur,raw_footage,high_production,studio_quality,animated,edited,live_recording","podcast,compilation,showcase,guide,interview,reaction,documentary,review,highlights,stream_highlights,commentary,tutorial,walkthrough","storytelling,entertainment,news,educational,skill_development,personal_vlog"
21846,"May 8, 2024, 12:08:21 PM PST",Music,"entertaining,trending,viral,informative,educational,controversial","animated,professional,studio_quality","reaction,showcase,documentary,highlights,guide,compilation,stream_highlights,commentary","entertainment,storytelling,promotional,skill_development,educational,news"
22263,"May 4, 2024, 11:28:27 AM PST",Tutorial,"informative,trending,controversial,viral,entertaining,educational","animated,edited,professional,high_production","guide,tutorial,highlights,showcase,compilation,analysis,reaction,walkthrough","educational,analysis"
21434,"May 13, 2024, 6:35:42 AM PST",Reviews,"trending,controversial,entertaining,informative,viral,educational","animated,edited,studio_quality,high_production,raw_footage","reaction,commentary,highlights,compilation,stream_highlights,interview,analysis","storytelling,social_commentary,personal_vlog,news,analysis,educational"
21847,"May 8, 2024, 12:04:09 PM PST",Music,"entertaining,trending,viral,informative,mature,family_friendly,controversial","animated,edited,professional","compilation,showcase,highlights,podcast,reaction,guide,review","entertainment,storytelling,skill_development"
21435,"May 13, 2024, 6:35:22 AM PST",Entertainment,"entertaining,trending,informative,viral,mature,controversial,educational,family_friendly","professional,animated,high_production,raw_footage,studio_quality,edited,live_recording","reaction,showcase,guide,highlights,commentary,stream_highlights,podcast,compilation,documentary,review,tutorial,analysis","news,entertainment,storytelling,social_commentary,skill_development,educational,promotional,product_review,analysis,personal_vlog"
22264,"May 4, 2024, 11:28:21 AM PST",Technology,"entertaining,informative,trending,viral,educational,controversial,mature","professional,animated,high_production","guide,reaction,highlights","entertainment,news,educational,skill_development"
21848,"May 8, 2024, 12:00:12 PM PST",Music,"entertaining,trending,viral,informative,mature,controversial,educational","professional,high_production,animated","showcase,compilation,highlights","entertainment,promotional,educational,storytelling"
21436,"May 13, 2024, 12:12:02 AM PST",Shorts,"entertaining,trending,viral,informative,educational",,"reaction,compilation,showcase,podcast,commentary,highlights,guide,review,interview,analysis","news,entertainment,storytelling,social_commentary,educational,analysis"
22265,"May 4, 2024, 11:28:03 AM PST",Comedy,"entertaining,viral,trending,family_friendly,educational","animated,raw_footage,edited","tutorial,highlights,reaction,compilation,showcase,guide,commentary","entertainment,storytelling,social_commentary,educational,skill_development,news"
22266,"May 4, 2024, 11:27:44 AM PST",Shorts,controversial,"amateur,edited",,"social_commentary,product_review"
21849,"May 8, 2024, 11:55:01 AM PST",Music,"entertaining,trending,informative,viral,educational,mature,family_friendly","professional,high_production","showcase,guide,highlights","storytelling,entertainment,promotional,educational"
21437,"May 13, 2024, 12:11:51 AM PST",Entertainment,"viral,entertaining,trending,informative,educational,mature,controversial,family_friendly","animated,professional,high_production,studio_quality","showcase,reaction,analysis,highlights,stream_highlights,guide,documentary,compilation,review,commentary,interview,tutorial","entertainment,educational,storytelling,analysis,skill_development,promotional,social_commentary,news,product_review"
22267,"May 4, 2024, 11:27:12 AM PST",Comedy,"entertaining,trending,viral,informative,clickbait,family_friendly","animated,high_production,studio_quality","commentary,showcase,highlights,stream_highlights","entertainment,promotional,news,storytelling,social_commentary"
21850,"May 8, 2024, 11:40:29 AM PST",Technology,"controversial,entertaining,informative,trending,educational,viral","edited,studio_quality","commentary,analysis,highlights,showcase,reaction","educational,analysis"
22268,"May 4, 2024, 11:26:55 AM PST",Entertainment,"trending,viral,entertaining,controversial,informative","edited,amateur",reaction,entertainment
21438,"May 12, 2024, 9:50:25 AM PST",Tutorial,"informative,educational,trending,viral,mature,entertaining,controversial","professional,edited,high_production","guide,showcase,tutorial,highlights","educational,news"
21851,"May 8, 2024, 11:39:18 AM PST",Entertainment,"entertaining,informative,viral,trending",animated,"showcase,highlights,compilation,podcast,guide,documentary","promotional,news,entertainment,storytelling"
22269,"May 4, 2024, 11:26:53 AM PST",Shorts,"trending,controversial,viral,informative,entertaining,educational","raw_footage,edited","podcast,reaction,compilation,interview,commentary","news,social_commentary,educational"
21439,"May 12, 2024, 9:45:07 AM PST",Gaming,"controversial,trending,informative,entertaining,viral","edited,high_production",reaction,skill_development
21852,"May 8, 2024, 11:37:48 AM PST",Music,"entertaining,informative,trending,viral,educational,family_friendly",animated,"podcast,reaction,compilation,guide,showcase,commentary,highlights","storytelling,entertainment,promotional,educational"
22270,"May 4, 2024, 11:26:35 AM PST",Entertainment,"entertaining,trending,informative,viral,controversial,educational","animated,professional,edited","reaction,commentary,guide,highlights,review,showcase,compilation,analysis,stream_highlights","entertainment,educational,social_commentary,storytelling,news,analysis"
21440,"May 12, 2024, 9:44:46 AM PST",Shorts,"trending,entertaining,controversial,viral,informative","amateur,animated,edited","reaction,commentary,showcase,highlights,compilation,podcast,review,interview","social_commentary,entertainment,storytelling,news"
21853,"May 8, 2024, 11:34:34 AM PST",Music,"entertaining,trending,viral,informative,mature,family_friendly,educational,controversial","animated,professional,high_production,live_recording,edited","podcast,showcase,compilation,reaction,highlights,guide,commentary,interview,analysis,review,documentary,stream_highlights,tutorial","entertainment,storytelling,promotional,skill_development,analysis,educational,news"
22271,"May 4, 2024, 11:26:18 AM PST",Technology,"viral,trending,controversial,entertaining,informative","animated,edited,high_production","reaction,commentary,showcase,highlights,analysis,guide,compilation","news,storytelling,analysis,entertainment,skill_development"
21854,"May 8, 2024, 11:31:19 AM PST",Comedy,"trending,entertaining,viral,informative,family_friendly,mature,controversial,educational",animated,"reaction,compilation,commentary,guide,showcase,highlights,documentary","storytelling,entertainment,educational,promotional"
21441,"May 12, 2024, 9:44:39 AM PST",Gaming,"controversial,trending,viral","amateur,live_recording","reaction,commentary",social_commentary
21855,"May 8, 2024, 11:28:18 AM PST",Entertainment,"trending,entertaining,informative,mature,viral,educational,family_friendly,controversial","professional,animated,edited","showcase,guide,reaction,compilation,highlights,commentary,analysis,review","storytelling,educational,entertainment,analysis,skill_development"
22272,"May 4, 2024, 11:26:03 AM PST",Shorts,"viral,trending,entertaining,informative","animated,professional,edited","reaction,showcase,compilation,commentary,highlights","news,promotional,entertainment,storytelling"
21856,"May 8, 2024, 11:24:18 AM PST",Comedy,"trending,viral,entertaining,informative,controversial,mature,family_friendly,educational","animated,edited","reaction,commentary,compilation,guide,highlights,showcase","entertainment,storytelling,educational"
21442,"May 12, 2024, 9:44:28 AM PST",Entertainment,"informative,entertaining,trending,viral,educational","high_production,edited","compilation,reaction,showcase,stream_highlights,highlights,guide,commentary","entertainment,educational,social_commentary"
22273,"May 4, 2024, 11:25:47 AM PST",Shorts,"trending,viral,controversial,entertaining,clickbait,informative","amateur,edited,raw_footage,animated","reaction,commentary,compilation,showcase,guide,highlights","social_commentary,entertainment,promotional,storytelling,news"
21443,"May 12, 2024, 9:44:22 AM PST",Reviews,"controversial,trending","edited,high_production,studio_quality,professional","analysis,review,commentary,compilation","analysis,social_commentary,skill_development"
21857,"May 8, 2024, 11:20:38 AM PST",Music,"entertaining,trending,informative,viral,mature,family_friendly,educational,controversial","professional,animated","showcase,guide,compilation,documentary,reaction,highlights,commentary,analysis,tutorial","storytelling,entertainment,educational,analysis,promotional"
21444,"May 12, 2024, 9:43:52 AM PST",Sports,"informative,controversial,entertaining,trending","edited,high_production","guide,highlights,showcase",
21858,"May 8, 2024, 11:16:54 AM PST",Music,"trending,entertaining,informative,viral",edited,"compilation,showcase,reaction,guide,highlights","entertainment,news,promotional,storytelling"
22274,"May 4, 2024, 11:25:35 AM PST",Entertainment,"entertaining,trending,informative,viral,family_friendly","edited,animated","compilation,guide,showcase,reaction","entertainment,promotional"
21445,"May 12, 2024, 9:43:39 AM PST",Entertainment,"educational,informative,entertaining,trending,viral,mature","professional,animated,high_production","compilation,tutorial,guide,showcase,highlights,reaction,walkthrough,review","educational,entertainment,storytelling"
21859,"May 8, 2024, 11:12:25 AM PST",Comedy,"trending,entertaining,informative,viral,mature,family_friendly,controversial,educational","animated,professional","compilation,reaction,commentary,guide,showcase,highlights,analysis,review,tutorial,documentary","storytelling,promotional,entertainment,educational,analysis,skill_development"
22275,"May 4, 2024, 11:25:24 AM PST",Entertainment,"family_friendly,trending,entertaining,informative,viral","raw_footage,high_production,live_recording,edited","reaction,highlights,guide,showcase,stream_highlights,compilation,commentary","entertainment,social_commentary"
21446,Eduard Martirosyan,Shorts,"trending,controversial,viral,entertaining","edited,amateur","reaction,commentary,compilation",social_commentary
21860,"May 8, 2024, 11:08:35 AM PST",Tutorial,"mature,informative,educational,trending,entertaining,viral,family_friendly","professional,edited","guide,commentary,highlights,showcase,compilation,analysis,review","educational,skill_development,analysis"
22276,"May 4, 2024, 11:25:00 AM PST",Comedy,"entertaining,trending,viral,family_friendly","animated,amateur,edited","highlights,reaction,showcase,compilation,commentary","entertainment,storytelling,social_commentary,news,promotional,personal_vlog"
21447,"May 12, 2024, 9:42:26 AM PST",Tutorial,"controversial,trending,viral","amateur,edited","commentary,reaction",
21861,"May 8, 2024, 11:05:03 AM PST",Podcast,"trending,educational,informative,controversial,viral,entertaining","edited,studio_quality,high_production","commentary,guide,compilation,review,podcast,analysis,reaction,highlights,showcase,interview,stream_highlights","educational,analysis,social_commentary,skill_development,news"
22277,"May 4, 2024, 11:24:42 AM PST",Shorts,"trending,viral,controversial,entertaining,informative",edited,"commentary,reaction","storytelling,entertainment,social_commentary,promotional"
21862,"May 8, 2024, 11:01:59 AM PST",Comedy,"trending,entertaining,informative,viral,mature,controversial,educational,family_friendly","professional,animated","compilation,reaction,showcase,guide,highlights,commentary,documentary,analysis","storytelling,entertainment,educational,promotional,analysis"
22278,"May 4, 2024, 11:24:29 AM PST",Reviews,"entertaining,viral,trending,controversial","amateur,edited,studio_quality,animated","reaction,commentary,compilation,stream_highlights","entertainment,social_commentary,personal_vlog"
21448,"May 12, 2024, 9:42:07 AM PST",Podcast,"trending,controversial,viral,informative,entertaining","edited,animated,studio_quality,high_production,raw_footage,professional","reaction,podcast,commentary,compilation,review,analysis,stream_highlights,interview,guide,showcase","social_commentary,news,analysis,storytelling,skill_development,personal_vlog"
21863,"May 8, 2024, 10:57:52 AM PST",Music,"entertaining,informative,viral,trending,controversial,educational",animated,"reaction,showcase,compilation,commentary,guide,highlights","storytelling,entertainment,educational"
22279,"May 4, 2024, 11:24:00 AM PST",Shorts,"trending,viral,controversial,informative,clickbait,entertaining","amateur,edited,raw_footage","reaction,commentary,compilation","news,promotional,social_commentary,entertainment,storytelling"
21449,"May 12, 2024, 9:42:05 AM PST",Tutorial,"trending,informative,entertaining,educational,viral",professional,"guide,tutorial,showcase,compilation,walkthrough","educational,entertainment"
21864,"May 8, 2024, 10:37:41 AM PST",Music,"trending,entertaining,informative,mature,viral,controversial,family_friendly,educational","professional,edited,high_production,animated","compilation,commentary,reaction,guide,highlights,showcase,analysis,review,tutorial","promotional,storytelling,entertainment,educational,analysis,skill_development"
22280,"May 4, 2024, 11:23:48 AM PST",Podcast,"controversial,trending,viral,informative,entertaining","edited,live_recording","reaction,commentary,compilation,podcast,highlights,stream_highlights","news,social_commentary"
21450,"May 12, 2024, 9:41:56 AM PST",Podcast,"trending,informative,viral,entertaining,family_friendly,mature,controversial,educational,clickbait","high_production,studio_quality,animated,edited","guide,reaction,podcast,commentary,showcase,compilation,highlights,analysis,stream_highlights","promotional,storytelling,social_commentary,analysis,news,educational,product_review"
22281,"May 4, 2024, 11:23:20 AM PST",Gaming,"controversial,trending,viral,informative",edited,"highlights,reaction",
21451,"May 12, 2024, 9:41:40 AM PST",Shorts,"trending,viral,controversial,entertaining,family_friendly,clickbait,educational","amateur,edited,animated","compilation,showcase,commentary,reaction,review,guide","storytelling,entertainment,promotional,news,social_commentary,educational"
21865,"May 8, 2024, 8:12:43 AM PST",Entertainment,"viral,entertaining,trending,controversial,informative","professional,animated","reaction,documentary,showcase,review,highlights,guide,analysis,commentary,compilation","entertainment,storytelling,analysis"
22282,"May 4, 2024, 11:23:00 AM PST",Shorts,"trending,viral,controversial,entertaining,informative,clickbait,educational","amateur,animated,edited","reaction,commentary,showcase,guide,compilation,tutorial,review","storytelling,promotional,news,social_commentary,entertainment,skill_development,educational"
21452,"May 12, 2024, 9:41:27 AM PST",Entertainment,"entertaining,trending,family_friendly,viral,informative","animated,edited","reaction,showcase,highlights,commentary,guide,compilation","entertainment,storytelling,social_commentary"
21453,"May 12, 2024, 9:41:06 AM PST",Reviews,"entertaining,trending,informative,viral,educational,mature,family_friendly","professional,edited,studio_quality,high_production,animated","reaction,showcase,podcast,stream_highlights,guide,review,highlights,interview,compilation,commentary,analysis","educational,entertainment,social_commentary,skill_development,storytelling,news,analysis,product_review"
21866,"May 8, 2024, 8:09:45 AM PST",Entertainment,"trending,viral,entertaining,informative","animated,high_production","reaction,showcase,compilation,highlights,stream_highlights,commentary","entertainment,promotional,news,storytelling,social_commentary,skill_development"
22283,"May 4, 2024, 11:22:44 AM PST",Technology,"informative,educational,controversial,trending","edited,professional","guide,showcase",educational
21454,"May 12, 2024, 9:40:25 AM PST",Technology,"clickbait,controversial,trending,informative,viral,entertaining","animated,studio_quality,edited,live_recording,raw_footage,high_production,professional","reaction,guide,compilation,showcase,commentary,review,analysis,stream_highlights,podcast","news,social_commentary,personal_vlog,promotional,product_review,analysis"
21867,"May 8, 2024, 8:06:55 AM PST",Comedy,"entertaining,trending,informative,viral,family_friendly,mature,controversial,educational","animated,professional","reaction,compilation,showcase,commentary,guide,highlights,documentary,analysis,review,podcast","storytelling,entertainment,promotional,analysis,educational,skill_development"
21455,"May 12, 2024, 9:39:59 AM PST",Technology,"trending,entertaining,family_friendly,informative","high_production,edited,professional,amateur","reaction,guide,highlights",entertainment
21868,"May 8, 2024, 8:05:13 AM PST",Entertainment,"trending,entertaining,informative,viral,mature,family_friendly,controversial,educational","animated,professional,edited","reaction,compilation,guide,showcase,highlights,commentary,analysis,review","storytelling,entertainment,promotional,educational,analysis"
22284,"May 4, 2024, 11:22:21 AM PST",Shorts,"trending,viral,entertaining,informative,family_friendly,educational","animated,edited","reaction,guide,showcase,commentary,compilation","promotional,social_commentary,storytelling,entertainment,news,educational"
21456,"May 12, 2024, 9:39:39 AM PST",Comedy,"entertaining,trending,viral,controversial,family_friendly","amateur,edited,animated,raw_footage","commentary,reaction,compilation,showcase,highlights,guide","entertainment,storytelling,social_commentary,promotional"
21869,"May 8, 2024, 8:03:51 AM PST",Entertainment,"trending,entertaining,informative,viral,mature,controversial,educational,family_friendly","professional,edited,animated,high_production","reaction,compilation,commentary,guide,highlights,showcase,interview,analysis,review,tutorial,stream_highlights,documentary","skill_development,storytelling,educational,news,social_commentary,entertainment,promotional,analysis"
21457,"May 12, 2024, 9:39:15 AM PST",Podcast,"entertaining,informative,educational,trending,viral,clickbait","high_production,edited,studio_quality","podcast,compilation,showcase,review,commentary,analysis,highlights,guide,interview,tutorial","educational,entertainment,news,storytelling,analysis,promotional"
21870,"May 8, 2024, 7:59:57 AM PST",Comedy,"trending,informative,mature,entertaining,viral,controversial,family_friendly,educational","professional,animated,edited","reaction,guide,commentary,compilation,showcase,highlights,analysis,documentary","storytelling,educational,entertainment,analysis,promotional"
22285,"May 4, 2024, 11:22:02 AM PST",Shorts,"trending,viral,entertaining,informative,controversial,educational","animated,amateur","compilation,reaction,showcase,commentary,guide,highlights","entertainment,social_commentary,promotional,news,educational,storytelling"
22286,"May 4, 2024, 11:21:57 AM PST",News,"educational,informative,entertaining,controversial,mature,trending","studio_quality,high_production,edited,raw_footage,professional","compilation,reaction,analysis,interview,commentary,highlights,stream_highlights,guide,showcase,review,documentary","educational,news,social_commentary,analysis,skill_development,product_review,storytelling"
21871,"May 8, 2024, 7:59:51 AM PST",Music,"trending,entertaining,informative,viral,mature,controversial","edited,amateur","compilation,showcase,reaction,guide,highlights,analysis,commentary,review","storytelling,analysis,entertainment"
21458,"May 12, 2024, 7:06:06 AM PST",Tutorial,"informative,trending,educational,entertaining,viral,mature","professional,edited,animated","tutorial,guide,showcase,highlights,walkthrough,podcast","educational,promotional"
22287,"May 4, 2024, 11:21:34 AM PST",Reviews,"trending,viral,mature,entertaining,informative","high_production,animated","highlights,showcase,stream_highlights,compilation,analysis","analysis,promotional"
21872,"May 8, 2024, 7:57:20 AM PST",Entertainment,"trending,entertaining,viral,informative,mature,controversial,educational,family_friendly","professional,animated,high_production,studio_quality,edited","showcase,compilation,reaction,highlights,guide,commentary,documentary,analysis,review","promotional,entertainment,storytelling,educational,analysis"
21459,"May 11, 2024, 10:17:14 PM PST",Podcast,"entertaining,trending,informative,educational,viral,controversial",edited,"podcast,highlights,showcase,interview,compilation","educational,entertainment"
22288,"May 4, 2024, 11:21:32 AM PST",Comedy,"trending,entertaining,controversial,viral,informative","edited,studio_quality,animated,high_production,live_recording,raw_footage","reaction,commentary,compilation,highlights,stream_highlights,podcast,showcase,guide,review,analysis,interview","social_commentary,storytelling,promotional,personal_vlog,product_review,entertainment,analysis,skill_development,news"
21873,"May 8, 2024, 7:53:47 AM PST",Entertainment,"trending,entertaining,informative,viral,educational,family_friendly,mature","professional,high_production,animated,studio_quality,edited","showcase,highlights,guide,reaction,stream_highlights,documentary,podcast,compilation,commentary,analysis,interview","entertainment,promotional,news,storytelling,skill_development,educational,product_review,analysis"
21460,"May 11, 2024, 9:09:03 PM PST",Tutorial,"informative,educational,trending,mature,viral,entertaining","professional,edited","guide,tutorial,showcase,walkthrough,compilation,review,highlights","educational,promotional"
22289,"May 4, 2024, 8:12:59 AM PST",Tutorial,"family_friendly,trending,entertaining,viral,informative,controversial,mature","professional,high_production,animated,edited,studio_quality","reaction,highlights,guide",
21874,"May 8, 2024, 7:50:26 AM PST",Entertainment,"trending,entertaining,informative,mature,viral,controversial,educational,family_friendly","professional,edited,animated,high_production","reaction,compilation,guide,commentary,highlights,showcase,analysis,review,tutorial","storytelling,educational,skill_development,analysis,promotional,entertainment,social_commentary,news"
21461,"May 11, 2024, 7:49:08 PM PST",Music,"entertaining,trending,viral,informative,controversial","professional,animated,high_production","reaction,showcase,highlights,guide","entertainment,promotional,news,storytelling,skill_development"
21875,"May 8, 2024, 7:47:35 AM PST",Comedy,"trending,entertaining,informative,viral,mature,controversial,family_friendly,educational","professional,animated,high_production","compilation,reaction,showcase,guide,highlights,commentary","storytelling,entertainment,educational,promotional"
22290,"May 4, 2024, 8:12:31 AM PST",Sports,"trending,viral,entertaining,informative,mature","professional,high_production","showcase,highlights,stream_highlights,compilation","news,entertainment,storytelling"
21462,"May 11, 2024, 7:45:09 PM PST",Entertainment,"trending,entertaining,informative,viral,family_friendly,mature","professional,animated,edited,high_production","showcase,highlights,reaction","promotional,entertainment"
21876,"May 8, 2024, 7:44:11 AM PST",Entertainment,"entertaining,trending,informative,viral,mature,controversial,family_friendly",high_production,"reaction,showcase,highlights,compilation,guide,commentary","storytelling,entertainment"
22291,"May 4, 2024, 8:12:04 AM PST",Gaming,"controversial,trending,informative,viral,entertaining,educational,family_friendly","animated,edited,high_production,studio_quality,live_recording","commentary,reaction,guide,analysis,podcast,compilation,review,highlights,tutorial,stream_highlights,showcase","analysis,storytelling,social_commentary,educational,skill_development,news"
21463,"May 11, 2024, 7:42:01 PM PST",Shorts,"trending,viral,entertaining,informative,controversial",edited,"showcase,highlights,podcast,compilation,reaction,commentary",news
21877,"May 8, 2024, 7:07:42 AM PST",Music,"entertaining,trending,informative,mature,viral,educational,family_friendly","professional,high_production,edited,animated","compilation,showcase,highlights,podcast,review,guide,analysis,stream_highlights,commentary,reaction,documentary","entertainment,storytelling,educational,promotional,analysis"
22292,"May 4, 2024, 8:11:38 AM PST",News,"controversial,entertaining,trending,informative,viral",edited,"commentary,reaction,highlights,compilation,stream_highlights","news,social_commentary"
21464,"May 11, 2024, 4:04:07 PM PST",Comedy,"trending,entertaining,informative,viral,controversial",animated,"highlights,showcase",
21878,"May 8, 2024, 7:06:49 AM PST",Comedy,"entertaining,informative,trending,mature,educational,viral,controversial,family_friendly",professional,"compilation,guide,showcase,reaction,highlights,commentary,analysis,podcast,review","storytelling,educational,entertainment,analysis"
22293,"May 4, 2024, 8:10:29 AM PST",Tutorial,"trending,informative,viral,educational,entertaining",,"tutorial,showcase,guide","news,educational,entertainment,skill_development"
21465,"May 11, 2024, 4:00:52 PM PST",Entertainment,"trending,entertaining,informative,mature,viral,educational,family_friendly,controversial","animated,professional,edited","reaction,showcase,guide,highlights,compilation,commentary,analysis","storytelling,educational,entertainment,promotional,skill_development,analysis"
21879,"May 8, 2024, 7:01:04 AM PST",Music,"entertaining,trending,informative,viral,mature,family_friendly,educational",animated,"reaction,showcase,guide,compilation,commentary,highlights","storytelling,entertainment,educational"
22294,"May 4, 2024, 8:10:03 AM PST",Comedy,"entertaining,viral,trending,controversial,informative,educational","animated,edited","reaction,showcase,commentary,analysis,compilation,highlights","entertainment,analysis,educational,storytelling"
21466,"May 11, 2024, 3:57:02 PM PST",Entertainment,"trending,entertaining,informative,viral,mature,controversial,educational,family_friendly","professional,edited,animated,high_production","reaction,guide,highlights,showcase,compilation,commentary","entertainment,educational,storytelling,skill_development,promotional"
21880,"May 8, 2024, 6:56:49 AM PST",Comedy,"trending,entertaining,viral,informative,mature,controversial,family_friendly,educational",animated,"reaction,compilation,guide,commentary,showcase,highlights,documentary","storytelling,entertainment,promotional,educational"
22295,"May 4, 2024, 8:09:20 AM PST",Podcast,"entertaining,informative,educational,trending,viral,controversial",animated,"showcase,podcast,highlights","educational,skill_development,entertainment,news"
21467,"May 11, 2024, 3:54:18 PM PST",Music,"entertaining,informative,trending,viral,family_friendly,educational",,"compilation,podcast,guide,reaction,showcase,highlights","entertainment,educational"
21468,"May 11, 2024, 3:51:15 PM PST",Music,"trending,mature,informative,entertaining,viral,controversial,family_friendly,educational","professional,high_production,edited,animated","reaction,guide,showcase,highlights,compilation,commentary,analysis","storytelling,skill_development,entertainment,educational,analysis,promotional"
21881,"May 8, 2024, 6:06:02 AM PST",News,"trending,informative,entertaining,controversial,viral,mature","live_recording,high_production,professional,animated","showcase,highlights,stream_highlights,compilation,commentary,analysis,guide,reaction,interview,review,walkthrough","news,analysis,storytelling,entertainment"
22296,"May 4, 2024, 8:09:06 AM PST",Shorts,"trending,viral,informative,controversial,entertaining","animated,edited","commentary,guide,reaction,interview","promotional,entertainment,storytelling"
21469,"May 11, 2024, 3:47:05 PM PST",Tutorial,"informative,entertaining,trending,educational,mature,viral,family_friendly","edited,professional,studio_quality,high_production,live_recording","guide,tutorial,compilation,reaction,review,commentary,showcase,podcast,highlights,stream_highlights,analysis","educational,promotional,storytelling,entertainment,skill_development,analysis,social_commentary,personal_vlog,product_review"
22297,"May 4, 2024, 8:08:48 AM PST",Shorts,"informative,trending,viral,entertaining,educational,family_friendly,mature","animated,edited","commentary,showcase,guide,analysis,compilation,reaction,highlights,review","educational,entertainment,social_commentary,analysis,skill_development,storytelling,promotional"
21882,"Black Hole Bonanza: StarTalk Live! With Neil deGrasse Tyson, Janna Levin, & Jenny Greene",Entertainment,"entertaining,trending,informative,educational,viral,controversial","edited,live_recording,high_production,professional","podcast,showcase,interview,compilation,highlights,commentary,stream_highlights,review,reaction,analysis,guide","entertainment,storytelling,news,educational,promotional,analysis"
21470,"May 11, 2024, 3:42:46 PM PST",Music,"entertaining,trending,informative,viral,mature,family_friendly,educational",animated,"reaction,showcase,guide,compilation,commentary,highlights","storytelling,entertainment,educational"
22298,"May 4, 2024, 8:08:34 AM PST",Technology,"trending,entertaining,informative,viral,mature,educational,controversial,family_friendly","professional,animated,edited,high_production","showcase,highlights,guide,compilation","educational,news,promotional,entertainment,skill_development"
21883,"May 7, 2024, 7:56:10 PM PST",Podcast,"informative,educational,trending,entertaining,viral","professional,edited","podcast,guide,interview,showcase,highlights",educational
21471,"May 11, 2024, 3:42:21 PM PST",Music,"entertaining,trending,viral,informative,family_friendly,educational,controversial",animated,"reaction,commentary,compilation,guide,highlights,podcast,showcase","storytelling,entertainment,promotional,educational"
22299,High Octane Boys,Sports,"entertaining,trending,viral,informative,family_friendly,controversial","edited,amateur,animated","reaction,showcase,commentary,highlights,compilation,guide","entertainment,news,promotional"
21472,"May 11, 2024, 3:39:01 PM PST",Entertainment,"trending,entertaining,informative,viral,mature,controversial,educational,family_friendly","professional,animated,edited","showcase,highlights,reaction,guide,commentary,compilation,documentary","entertainment,educational,skill_development,storytelling"
21884,"May 7, 2024, 7:45:22 PM PST",Tutorial,"informative,entertaining,educational,trending,viral,family_friendly","amateur,animated,edited","guide,tutorial,reaction,showcase","educational,promotional,news,storytelling"
22300,"May 4, 2024, 8:08:12 AM PST",Technology,"trending,controversial,viral","edited,animated,live_recording","reaction,commentary,highlights",storytelling
21473,"May 11, 2024, 3:35:29 PM PST",Music,"trending,entertaining,informative,viral,family_friendly,educational,controversial","professional,animated,high_production","compilation,showcase,reaction,highlights","storytelling,entertainment,promotional,educational"
21885,"May 7, 2024, 6:06:20 PM PST",Podcast,"trending,informative,entertaining,educational,viral","professional,edited,high_production,studio_quality","podcast,interview,review,highlights,stream_highlights,compilation,showcase,commentary,guide,analysis","educational,news,analysis"
22301,"May 4, 2024, 8:07:53 AM PST",Sports,"controversial,entertaining,trending,viral,informative","raw_footage,edited,live_recording,animated,high_production","reaction,commentary,compilation,highlights,stream_highlights,analysis,guide,showcase","news,social_commentary,skill_development,analysis"
21474,"May 11, 2024, 3:35:24 PM PST",Comedy,"entertaining,informative,trending,viral,mature,educational,family_friendly,controversial",,"compilation,commentary,reaction,guide,showcase,highlights","storytelling,entertainment,educational"
22302,"May 4, 2024, 8:07:31 AM PST",Shorts,"entertaining,viral,trending,informative,controversial","high_production,animated,raw_footage,live_recording,edited","reaction,highlights,showcase,stream_highlights,commentary","entertainment,news,storytelling,social_commentary"
21886,"May 7, 2024, 4:47:14 PM PST",Technology,"educational,informative,trending,viral,entertaining,mature","edited,professional","compilation,showcase,guide,podcast,highlights","educational,news"
21475,"May 11, 2024, 3:33:45 PM PST",Music,"trending,mature,entertaining,viral,informative,controversial,family_friendly,educational","professional,animated,edited,high_production,studio_quality","reaction,guide,highlights,compilation,showcase,commentary,review","storytelling,entertainment,skill_development,educational,news"
22303,"May 4, 2024, 8:07:08 AM PST",Gaming,"entertaining,trending,viral,informative,controversial","edited,animated","reaction,highlights,commentary","entertainment,news,social_commentary"
21887,"May 7, 2024, 4:45:59 PM PST",Entertainment,"informative,controversial,entertaining,trending,educational,viral,mature","edited,studio_quality,high_production","showcase,highlights,stream_highlights,guide,commentary,compilation,reaction,analysis","educational,social_commentary,analysis,entertainment,news,skill_development,storytelling"
21476,"May 11, 2024, 3:30:17 PM PST",Comedy,"trending,informative,entertaining,viral,mature,family_friendly,educational","professional,edited","compilation,guide,reaction,commentary,showcase,highlights,analysis,interview","storytelling,educational,entertainment,analysis,skill_development,promotional"
22304,"May 4, 2024, 8:06:51 AM PST",News,"informative,trending,viral,mature,entertaining,educational","professional,high_production,animated","showcase,guide,highlights,compilation,stream_highlights","promotional,educational"
21477,"May 11, 2024, 3:29:42 PM PST",Comedy,"trending,viral,entertaining,informative,controversial,mature,family_friendly,educational","animated,edited","reaction,commentary,compilation,guide,highlights,showcase","entertainment,storytelling,educational"
22305,"May 4, 2024, 8:05:53 AM PST",Gaming,"entertaining,trending,informative,viral,controversial","professional,edited,high_production,animated","compilation,showcase,highlights,reaction,guide,stream_highlights,podcast,commentary,review",news
21478,"May 11, 2024, 12:44:31 PM PST",Podcast,"controversial,trending,educational,informative,entertaining,viral","edited,professional,studio_quality","podcast,analysis,interview,review,showcase,highlights,commentary","educational,analysis"
21888,"May 7, 2024, 4:45:26 PM PST",Gaming,"trending,viral,entertaining,informative,controversial","animated,edited","showcase,guide,compilation,highlights","promotional,entertainment"
22306,"May 4, 2024, 8:05:36 AM PST",Technology,"trending,controversial,informative,viral",edited,"guide,reaction,compilation,analysis,review","analysis,news"
21479,"May 11, 2024, 10:23:19 AM PST",Podcast,"trending,informative,entertaining,educational,controversial","professional,edited,high_production","podcast,guide,showcase,highlights,compilation","entertainment,educational"
21889,"May 7, 2024, 4:44:52 PM PST",Shorts,"trending,viral,entertaining,informative,family_friendly","animated,edited","compilation,showcase,guide,review,commentary,stream_highlights,highlights","social_commentary,entertainment,storytelling,skill_development,promotional"
21480,"May 11, 2024, 10:23:15 AM PST",Music,"trending,entertaining,informative,viral,controversial,mature","professional,edited","compilation,showcase,highlights,reaction,review,guide","entertainment,promotional"
21890,"May 7, 2024, 4:00:02 PM PST",Technology,"entertaining,trending,informative,educational,viral","professional,studio_quality,high_production","showcase,interview,guide,highlights,stream_highlights","entertainment,educational,skill_development,news"
22307,"May 4, 2024, 8:05:01 AM PST",Entertainment,"trending,informative,viral,entertaining,controversial",edited,"guide,compilation,commentary,reaction,showcase",entertainment
21891,"May 7, 2024, 3:05:50 PM PST",Podcast,"trending,entertaining,informative,educational,viral,family_friendly",edited,"podcast,interview,compilation,highlights,showcase,reaction","educational,entertainment"
22308,"May 4, 2024, 8:04:44 AM PST",Education,"educational,trending,entertaining,informative,viral,mature","high_production,studio_quality,professional,edited,animated","highlights,showcase,stream_highlights,reaction,compilation,commentary,guide,analysis","educational,skill_development,social_commentary,storytelling,analysis"
21481,"May 11, 2024, 10:11:49 AM PST",Music,"viral,entertaining,controversial,informative,trending,educational","animated,edited,amateur","podcast,reaction,showcase,interview,guide,review","entertainment,promotional,storytelling,educational"
22309,"May 4, 2024, 8:04:33 AM PST",Technology,"informative,trending,controversial,entertaining,mature,viral,educational","professional,studio_quality,high_production,edited","review,analysis,highlights,guide,stream_highlights,podcast","news,analysis,skill_development,social_commentary,product_review,educational"
21482,"May 11, 2024, 10:04:13 AM PST",Entertainment,"entertaining,trending,viral,informative,family_friendly","professional,high_production,animated,studio_quality","showcase,highlights,reaction","entertainment,promotional"
21892,"May 7, 2024, 1:25:09 PM PST",Music,"entertaining,trending,viral,informative,mature,educational,family_friendly","high_production,professional","compilation,highlights,showcase,review,stream_highlights,guide,podcast,commentary,reaction","entertainment,storytelling,educational"
22310,"May 4, 2024, 8:04:19 AM PST",Podcast,"controversial,trending,viral","amateur,edited,raw_footage","commentary,reaction,compilation,podcast,interview,guide,review,analysis","social_commentary,news,analysis"
21893,"May 7, 2024, 1:14:21 PM PST",Comedy,"trending,entertaining,viral,family_friendly,informative,mature,controversial,educational","animated,professional,edited","compilation,reaction,guide,showcase,commentary,podcast,highlights,review,analysis","storytelling,entertainment,promotional,educational,analysis"
21483,"May 11, 2024, 10:02:13 AM PST",Entertainment,"viral,entertaining,trending,informative,educational,mature,family_friendly,controversial","animated,professional,high_production,studio_quality","showcase,reaction,analysis,documentary,stream_highlights,highlights,compilation,review,guide,commentary,interview,tutorial","entertainment,storytelling,analysis,educational,skill_development,social_commentary,promotional,news,product_review"
22311,"May 4, 2024, 8:03:42 AM PST",Gaming,"trending,viral,entertaining,informative,controversial","animated,edited","compilation,commentary,showcase,reaction,highlights,guide","entertainment,news,promotional"
21894,"Janiye (from the Netflix Film ""Chor Nikal Ke Bhaga"")",Comedy,"trending,entertaining,viral,informative,family_friendly,controversial","high_production,edited","showcase,reaction,stream_highlights,documentary,compilation,highlights,guide,review,commentary","storytelling,entertainment"
21484,"May 11, 2024, 10:01:24 AM PST",Reviews,"mature,trending,viral,entertaining,informative,family_friendly,educational","professional,animated,studio_quality","reaction,guide,highlights,stream_highlights,compilation,showcase,review,podcast","skill_development,social_commentary,educational"
22312,"May 4, 2024, 7:31:16 AM PST",Music,"trending,entertaining,viral,informative,family_friendly,mature,educational,controversial","animated,professional,edited,high_production","reaction,showcase,highlights,compilation,guide,commentary,review","entertainment,storytelling,promotional,educational,skill_development"
21895,"May 7, 2024, 1:06:01 PM PST",Entertainment,"trending,informative,mature,entertaining,viral,controversial,educational,family_friendly","professional,high_production,edited,animated","reaction,guide,showcase,compilation,highlights,commentary,analysis,review,tutorial","educational,storytelling,promotional,entertainment,analysis,skill_development,news"
21485,"May 11, 2024, 10:01:02 AM PST",Shorts,"controversial,informative,trending",edited,,news
22313,"May 4, 2024, 7:26:57 AM PST",Entertainment,"trending,entertaining,viral,informative,mature,controversial,educational,family_friendly","professional,animated,high_production,studio_quality,edited","showcase,compilation,reaction,highlights,guide,commentary,documentary,analysis,review","promotional,entertainment,storytelling,educational,analysis"
21896,"May 7, 2024, 1:05:59 PM PST",Entertainment,"trending,entertaining,viral,informative,mature,educational,family_friendly","animated,high_production","reaction,compilation,commentary,highlights,guide,showcase,stream_highlights,documentary,podcast","storytelling,promotional,entertainment,educational,social_commentary,skill_development,news"
21486,"May 11, 2024, 10:00:55 AM PST",Technology,"controversial,viral,trending,entertaining","edited,amateur,studio_quality","reaction,podcast,commentary","social_commentary,skill_development,product_review"
22314,"May 4, 2024, 7:26:41 AM PST",Music,"trending,entertaining,informative,mature,viral,family_friendly,controversial,educational","animated,professional,edited,high_production","reaction,guide,highlights,showcase,compilation,commentary,tutorial,analysis,review","storytelling,entertainment,educational,promotional,skill_development,analysis"
21897,"May 7, 2024, 1:05:40 PM PST",Entertainment,"trending,informative,entertaining,viral,mature,family_friendly,educational,controversial","professional,high_production","reaction,guide,compilation,showcase,highlights,commentary,analysis,review","storytelling,educational,entertainment,analysis,promotional"
21487,"May 11, 2024, 10:00:13 AM PST",Comedy,"entertaining,trending,viral,controversial,clickbait","amateur,edited,animated,high_production,studio_quality","commentary,reaction,compilation,highlights,stream_highlights,showcase","entertainment,personal_vlog,storytelling,promotional"
22315,"May 4, 2024, 6:56:42 AM PST",Music,"trending,entertaining,informative,viral,mature,educational,controversial",animated,"reaction,commentary,compilation,guide,showcase,highlights","storytelling,entertainment,educational"
21898,"May 7, 2024, 1:02:40 PM PST",Comedy,"trending,entertaining,informative,viral,mature,educational,controversial,family_friendly","professional,edited","showcase,guide,highlights,reaction,compilation,commentary,documentary,analysis,review","storytelling,educational,entertainment,analysis,skill_development"
22316,"May 4, 2024, 6:56:37 AM PST",Technology,"trending,informative,entertaining,mature,controversial,viral,educational","professional,edited,animated,high_production","showcase,guide,reaction,highlights,analysis,commentary,review,interview","storytelling,analysis,educational,skill_development,news"
21899,"May 7, 2024, 12:58:22 PM PST",Entertainment,"controversial,trending,family_friendly,viral,informative,entertaining,mature,educational","animated,professional,edited,high_production,studio_quality","reaction,guide,commentary,compilation,analysis,podcast,highlights,review,tutorial,showcase,walkthrough,interview,stream_highlights","storytelling,analysis,social_commentary,skill_development,promotional,entertainment,news,educational,personal_vlog"
21488,"May 11, 2024, 9:58:35 AM PST",Entertainment,"trending,viral,entertaining,informative,controversial,educational","animated,high_production","reaction,highlights,showcase,commentary,stream_highlights,review","news,entertainment,storytelling,social_commentary,educational"
22317,"May 4, 2024, 6:49:41 AM PST",Music,"informative,trending,mature,viral,educational,entertaining,family_friendly",,"showcase,highlights,guide",educational
21900,"May 7, 2024, 12:54:39 PM PST",Sports,"trending,entertaining,informative,viral,mature,family_friendly,educational,controversial","professional,animated,high_production,edited","guide,reaction,showcase,highlights,compilation,tutorial,commentary,analysis","storytelling,entertainment,educational,skill_development,analysis"
22318,"May 4, 2024, 6:42:22 AM PST",Entertainment,"trending,entertaining,viral,informative,mature,family_friendly,controversial,educational","professional,animated,high_production","showcase,commentary,reaction,compilation,guide,highlights,interview,analysis,documentary,review","storytelling,entertainment,social_commentary,news,educational,analysis,skill_development,promotional"
21901,"May 7, 2024, 12:50:45 PM PST",Music,"trending,viral,informative,entertaining,controversial,mature,educational,family_friendly","high_production,professional,animated,edited","showcase,compilation,reaction,guide,highlights,review,stream_highlights,commentary,interview,analysis,walkthrough,tutorial","skill_development,educational,storytelling,news,analysis,entertainment,product_review,social_commentary,promotional"
21489,"May 11, 2024, 9:57:49 AM PST",Shorts,"trending,viral,entertaining,informative,controversial,family_friendly",edited,"showcase,reaction,guide,compilation","storytelling,promotional"
22319,"May 4, 2024, 6:39:48 AM PST",Music,"entertaining,trending,informative,family_friendly,viral,mature,educational","professional,high_production","showcase,highlights,compilation,guide","promotional,entertainment,storytelling,educational"
21902,"May 7, 2024, 12:08:28 PM PST",Entertainment,"trending,entertaining,informative,mature,viral,controversial,family_friendly,educational","animated,edited,professional","reaction,guide,commentary,compilation,showcase,highlights,analysis","storytelling,entertainment,educational,promotional,analysis"
21490,"May 11, 2024, 9:57:33 AM PST",Tutorial,"educational,informative,trending,entertaining,viral,family_friendly,controversial","studio_quality,live_recording,high_production,professional,raw_footage","tutorial,podcast,guide,reaction,highlights,commentary,stream_highlights,review,showcase,documentary,interview,walkthrough,analysis","news,educational,entertainment,storytelling,promotional,personal_vlog,social_commentary,skill_development,product_review,analysis"
22320,"May 4, 2024, 6:35:23 AM PST",Comedy,"trending,entertaining,family_friendly,viral,informative,mature,educational,controversial",animated,"reaction,compilation,guide,commentary,showcase,highlights","storytelling,entertainment,promotional,educational"
21903,"May 7, 2024, 12:06:42 PM PST",Entertainment,"trending,viral,informative,entertaining,mature,controversial,family_friendly,educational","professional,edited,animated,high_production","reaction,highlights,guide,showcase,compilation,commentary,analysis,interview,review","educational,news,storytelling,skill_development,analysis,entertainment"
22321,"May 4, 2024, 6:30:39 AM PST",Entertainment,"trending,entertaining,informative,mature,viral,controversial,family_friendly,educational","edited,professional,animated","showcase,reaction,guide,highlights,commentary,compilation","entertainment,storytelling,educational"
21904,"May 7, 2024, 9:59:34 AM PST",Entertainment,"trending,entertaining,informative,viral,mature,controversial,family_friendly,educational","edited,professional,animated","reaction,showcase,highlights,guide,compilation,commentary","entertainment,educational,storytelling,promotional"
21491,"May 11, 2024, 9:57:31 AM PST",Comedy,"entertaining,trending,viral,informative",animated,"reaction,compilation,showcase,commentary,highlights","entertainment,storytelling"
22322,"May 4, 2024, 6:25:11 AM PST",Comedy,"trending,entertaining,viral,informative,mature,family_friendly,controversial,educational","animated,high_production,edited,professional","reaction,commentary,guide,compilation,highlights,showcase,tutorial,analysis,review","storytelling,entertainment,promotional,educational,social_commentary,skill_development,news,analysis"
21905,"May 7, 2024, 9:54:56 AM PST",Entertainment,"trending,informative,entertaining,mature,viral,controversial,educational,family_friendly","professional,animated,edited,high_production","reaction,showcase,interview,highlights,guide,commentary,compilation,analysis,documentary,stream_highlights,review","skill_development,storytelling,educational,entertainment,analysis,social_commentary,news,product_review,promotional"
21492,Felix and Marzia Being Kids,Entertainment,"family_friendly,entertaining,trending,viral,informative","animated,amateur,raw_footage,high_production,edited,studio_quality","compilation,highlights,showcase,stream_highlights,podcast,guide,reaction,commentary",entertainment
22323,"May 4, 2024, 6:22:05 AM PST",Entertainment,"trending,entertaining,informative,mature,viral,controversial,educational","professional,edited,animated","reaction,guide,highlights,showcase,commentary,analysis","storytelling,entertainment,educational,skill_development,analysis"
21906,Junoon,Entertainment,"trending,entertaining,viral,informative,family_friendly,controversial,educational","amateur,animated,edited,professional,studio_quality,high_production","reaction,compilation,highlights,showcase,guide,commentary,review","skill_development,entertainment,promotional,social_commentary,educational,news,storytelling"
21493,"May 11, 2024, 9:55:46 AM PST",Entertainment,"viral,entertaining,trending,informative,educational,mature,controversial,family_friendly","animated,professional,high_production,studio_quality","showcase,reaction,analysis,stream_highlights,documentary,compilation,review,guide,highlights,commentary,interview","entertainment,storytelling,analysis,educational,skill_development,social_commentary,product_review,promotional,personal_vlog,news"
22324,"May 4, 2024, 6:18:11 AM PST",Music,"trending,entertaining,mature,informative,viral,controversial,family_friendly,educational","animated,edited,professional,high_production","reaction,commentary,guide,compilation,highlights,showcase","storytelling,educational,entertainment,skill_development,social_commentary"
21907,"May 7, 2024, 9:22:41 AM PST",Music,"trending,informative,entertaining,viral,family_friendly,educational",professional,"compilation,showcase,reaction,guide","storytelling,entertainment,promotional,educational"
21494,"May 11, 2024, 9:54:16 AM PST",Entertainment,"entertaining,viral,trending,family_friendly","animated,studio_quality,high_production,raw_footage,live_recording,edited","reaction,compilation,highlights,stream_highlights,commentary,podcast,showcase,guide,review,interview","entertainment,social_commentary,storytelling,personal_vlog,product_review,skill_development"
22325,"May 4, 2024, 6:14:33 AM PST",Tutorial,"trending,mature,informative,viral,controversial,entertaining","edited,professional,high_production","reaction,guide,highlights,compilation,commentary,showcase,review",skill_development
21908,"May 7, 2024, 9:19:09 AM PST",Entertainment,"trending,viral,entertaining,informative,mature,family_friendly,educational,controversial","professional,animated,edited,high_production","reaction,compilation,guide,commentary,highlights,showcase,analysis,review","storytelling,entertainment,educational,promotional,analysis,skill_development"
21495,"May 11, 2024, 9:53:37 AM PST",Comedy,"entertaining,controversial,viral,trending,informative,educational,clickbait","animated,edited,studio_quality","commentary,highlights,reaction,analysis","entertainment,storytelling,educational,analysis"
22326,"May 4, 2024, 6:09:59 AM PST",Comedy,"trending,entertaining,informative,viral,mature,family_friendly,educational,controversial","professional,animated,edited","compilation,reaction,showcase,commentary,guide,highlights,documentary,analysis,review,podcast,tutorial","storytelling,entertainment,promotional,educational,analysis"
21496,"May 10, 2024, 10:03:42 PM PST",Entertainment,"entertaining,trending,viral,informative,family_friendly","professional,high_production,animated,studio_quality","showcase,highlights,reaction","entertainment,promotional"
22327,"May 4, 2024, 6:04:50 AM PST",Entertainment,"trending,entertaining,informative,viral,mature,controversial,educational,family_friendly","professional,edited,animated","reaction,showcase,guide,highlights,commentary,compilation,analysis,interview,review","storytelling,entertainment,educational,analysis,skill_development,news"
21909,"May 7, 2024, 9:01:57 AM PST",Entertainment,"trending,informative,entertaining,controversial,viral",professional,"commentary,showcase,analysis,reaction,guide,highlights,podcast,stream_highlights,interview,compilation","storytelling,analysis,entertainment,news"
21497,Superman epic theme _ Marfees Osten,Music,"trending,viral,entertaining,informative",high_production,"showcase,compilation,highlights",entertainment
22328,"May 4, 2024, 6:01:30 AM PST",Comedy,"trending,viral,entertaining,informative,mature,family_friendly,controversial,educational","professional,edited,animated","reaction,guide,highlights,showcase,commentary,compilation,tutorial,documentary","storytelling,entertainment,promotional,educational,news,social_commentary,skill_development"
21910,"May 7, 2024, 8:46:17 AM PST",Music,"entertaining,trending,viral,informative,mature,family_friendly,controversial","animated,edited,professional","compilation,showcase,highlights,podcast,reaction,guide,review","entertainment,storytelling,skill_development"
21498,"May 10, 2024, 10:03:13 PM PST",Entertainment,"controversial,mature,informative,viral,trending","edited,animated,professional","reaction,commentary,review,compilation,analysis","news,storytelling,analysis"
22329,"May 4, 2024, 5:57:57 AM PST",Podcast,"trending,educational,informative,controversial,viral,entertaining","edited,studio_quality,high_production","commentary,guide,compilation,review,podcast,analysis,reaction,highlights,showcase,interview,stream_highlights","educational,analysis,social_commentary,skill_development,news"
21911,"May 7, 2024, 8:41:04 AM PST",Music,"entertaining,trending,informative,viral,educational,mature,family_friendly","professional,high_production","showcase,guide,highlights","storytelling,entertainment,promotional,educational"
21499,"May 10, 2024, 10:02:18 PM PST",Podcast,"controversial,trending,informative,educational,entertaining,viral",animated,"showcase,guide,podcast,commentary,analysis,highlights,review,compilation","educational,analysis,news"
22330,"May 4, 2024, 5:53:18 AM PST",Music,"trending,entertaining,informative,viral,family_friendly,mature,educational,controversial","animated,professional","guide,reaction,showcase,compilation,commentary,highlights,tutorial,analysis,documentary","storytelling,entertainment,educational,promotional,skill_development,analysis"
21912,"May 7, 2024, 8:38:23 AM PST",Music,"trending,viral,entertaining,informative,controversial,family_friendly","professional,high_production,animated","reaction,showcase,compilation,highlights,guide,commentary","storytelling,entertainment,news,promotional"
21500,"May 10, 2024, 9:06:28 PM PST",Podcast,"trending,controversial,informative,educational,entertaining,viral","edited,high_production,animated","podcast,showcase,analysis,interview,highlights,guide,review,reaction,commentary,documentary","news,analysis,educational,storytelling"
22331,"May 4, 2024, 5:50:03 AM PST",Comedy,"trending,entertaining,viral,informative,family_friendly,mature,controversial,educational",animated,"reaction,compilation,commentary,guide,showcase,highlights,documentary","storytelling,entertainment,educational,promotional"
21501,"May 10, 2024, 9:05:53 PM PST",Music,"entertaining,trending,viral,informative,controversial,family_friendly","amateur,high_production","showcase,reaction,highlights,compilation,guide","entertainment,promotional"
22332,"May 4, 2024, 5:19:56 AM PST",Music,"viral,trending,entertaining,informative,mature,controversial,family_friendly,educational,clickbait","animated,professional,high_production,edited","reaction,compilation,showcase,guide,commentary,highlights,analysis,podcast,review,documentary","storytelling,promotional,entertainment,educational,analysis,skill_development,news"
21502,"May 10, 2024, 9:05:32 PM PST",Tutorial,"informative,entertaining,trending,viral,mature,educational","professional,high_production,edited","showcase,highlights,guide,walkthrough,tutorial","news,educational"
21913,"May 7, 2024, 8:34:14 AM PST",Music,"viral,entertaining,controversial,informative,trending,educational","animated,edited,amateur","podcast,reaction,showcase,interview,guide,review","entertainment,promotional,storytelling,educational"
22333,"May 4, 2024, 5:16:47 AM PST",Music,"entertaining,informative,trending,viral,educational,family_friendly",animated,"podcast,reaction,compilation,guide,showcase,commentary,highlights","storytelling,entertainment,promotional,educational"
21503,"May 10, 2024, 9:04:48 PM PST",Podcast,"controversial,trending,entertaining,informative,viral","edited,animated,studio_quality,high_production","reaction,stream_highlights,commentary,podcast,highlights","social_commentary,personal_vlog"
21914,"May 7, 2024, 8:31:00 AM PST",Music,"entertaining,trending,viral,informative,controversial","professional,animated,high_production","reaction,showcase,highlights,guide","entertainment,promotional,news,storytelling,skill_development"
22334,"May 4, 2024, 5:12:40 AM PST",Music,"entertaining,informative,viral,trending,controversial,educational",animated,"reaction,showcase,compilation,commentary,guide,highlights","storytelling,entertainment,educational"
21504,"May 10, 2024, 9:04:09 PM PST",News,"informative,trending,educational,entertaining,viral,controversial","edited,high_production,animated","analysis,commentary,guide,reaction,compilation,review,highlights,showcase,interview,stream_highlights,walkthrough,podcast,tutorial","analysis,educational,social_commentary,storytelling,news"
21915,"May 7, 2024, 8:29:02 AM PST",Comedy,"trending,entertaining,viral,informative,mature,controversial,family_friendly,educational","animated,edited,professional","reaction,compilation,commentary,highlights,showcase,guide","storytelling,entertainment,promotional,educational"
22335,"May 4, 2024, 5:12:39 AM PST",Entertainment,"trending,viral,entertaining,controversial","high_production,studio_quality,edited,live_recording","reaction,commentary,highlights,stream_highlights,showcase,podcast,analysis,compilation,interview","social_commentary,analysis,news,skill_development,personal_vlog,product_review"
21505,"May 10, 2024, 9:02:53 PM PST",Music,"trending,entertaining,informative,viral","professional,high_production","showcase,highlights,compilation,reaction","entertainment,storytelling"
21916,"May 7, 2024, 8:26:45 AM PST",Entertainment,"entertaining,trending,viral,informative,family_friendly","professional,high_production,animated,studio_quality","showcase,highlights,reaction","entertainment,promotional"
22336,"May 4, 2024, 5:12:37 AM PST",Comedy,"entertaining,trending,informative,viral,family_friendly,mature,controversial,educational",animated,"reaction,commentary,compilation,guide,showcase,highlights,documentary,analysis","storytelling,entertainment,promotional,educational,analysis"
21917,"May 7, 2024, 8:25:42 AM PST",Comedy,"trending,viral,entertaining,informative,mature,family_friendly,controversial,educational","professional,edited,animated","reaction,guide,highlights,showcase,commentary,compilation,tutorial,documentary","storytelling,entertainment,promotional,educational,news,social_commentary,skill_development"
21506,"May 10, 2024, 9:01:10 PM PST",Music,"trending,entertaining,informative,viral,controversial",professional,"compilation,showcase,highlights,reaction",entertainment
22337,"May 4, 2024, 5:12:37 AM PST",Entertainment,"trending,entertaining,viral,informative,controversial,mature,family_friendly,educational","animated,edited,professional,high_production","reaction,highlights,showcase,guide,commentary,compilation,podcast,review,interview,analysis","storytelling,entertainment,news,skill_development,promotional,educational,analysis"
21918,"May 7, 2024, 8:22:23 AM PST",Comedy,"trending,viral,controversial,entertaining,informative,mature,family_friendly","edited,animated,professional","reaction,commentary,compilation,guide,showcase,highlights,analysis,review,interview","storytelling,social_commentary,promotional,news,skill_development,analysis,entertainment"
21507,"May 10, 2024, 7:03:06 PM PST",Podcast,"trending,entertaining,controversial,viral,informative,educational,mature","high_production,edited,studio_quality,raw_footage,live_recording","commentary,interview,podcast,reaction,highlights,review,analysis,compilation,stream_highlights,showcase,guide,walkthrough","skill_development,news,social_commentary,analysis,entertainment,storytelling,educational,personal_vlog"
22338,"May 4, 2024, 5:12:35 AM PST",Podcast,"entertaining,controversial,trending,informative,viral","edited,amateur,studio_quality","commentary,compilation,podcast,reaction","social_commentary,promotional,storytelling"
21919,"May 7, 2024, 8:18:04 AM PST",Music,"trending,entertaining,viral,informative,mature,controversial,educational","professional,animated,edited,high_production","reaction,showcase,highlights,guide,compilation","entertainment,educational,promotional,news,storytelling"
21508,"May 10, 2024, 6:46:14 PM PST",Music,"trending,viral,entertaining,informative,controversial,family_friendly","professional,high_production,animated","reaction,showcase,compilation,highlights,guide,commentary","storytelling,entertainment,news,promotional"
22339,"May 4, 2024, 5:12:07 AM PST",Music,"trending,entertaining,viral,informative,controversial,mature,educational","animated,professional,high_production,edited","compilation,commentary,showcase,reaction,guide,highlights,analysis,documentary,review","storytelling,entertainment,analysis,promotional,educational"
21920,"May 7, 2024, 8:14:36 AM PST",Comedy,"trending,informative,entertaining,viral,mature,family_friendly,educational","professional,edited","compilation,guide,reaction,commentary,showcase,highlights,analysis,interview","storytelling,educational,entertainment,analysis,skill_development,promotional"
22340,"May 4, 2024, 5:07:38 AM PST",Comedy,"trending,entertaining,informative,viral,mature,family_friendly,controversial,educational","animated,professional","compilation,reaction,commentary,guide,showcase,highlights,analysis,review,tutorial,documentary","storytelling,promotional,entertainment,educational,analysis,skill_development"
21921,"May 7, 2024, 8:14:26 AM PST",Music,"trending,mature,informative,entertaining,viral,controversial,family_friendly,educational","professional,high_production,edited,animated","reaction,guide,showcase,highlights,compilation,commentary,analysis","storytelling,skill_development,entertainment,educational,analysis,promotional"
21509,"May 10, 2024, 6:41:42 PM PST",Music,"viral,entertaining,controversial,informative,trending,educational","animated,edited,amateur","podcast,reaction,showcase,interview,guide,review","entertainment,promotional,storytelling,educational"
22341,"May 4, 2024, 5:01:18 AM PST",Music,"entertaining,informative,trending,viral,educational,mature",animated,"showcase,commentary,guide,compilation,reaction,highlights","storytelling,entertainment,educational"
21922,"May 7, 2024, 8:11:24 AM PST",Entertainment,"trending,entertaining,informative,mature,viral,controversial,family_friendly,educational,clickbait","professional,animated,edited","reaction,guide,commentary,highlights,showcase,analysis,compilation,review,tutorial","storytelling,entertainment,analysis,educational,skill_development,promotional,news"
21510,"May 10, 2024, 6:34:06 PM PST",Music,"entertaining,trending,viral,informative,controversial","professional,animated,high_production","reaction,showcase,highlights,guide","entertainment,promotional,news,storytelling,skill_development"
22342,"May 4, 2024, 4:56:50 AM PST",Music,"trending,entertaining,informative,mature,viral,educational",animated,"reaction,showcase,guide,commentary,highlights,compilation,analysis","storytelling,educational,analysis,entertainment"
21923,"May 7, 2024, 8:08:51 AM PST",Music,"entertaining,trending,informative,family_friendly,viral,mature,educational","professional,high_production","showcase,highlights,compilation,guide","promotional,entertainment,storytelling,educational"
22343,"May 3, 2024, 11:33:45 PM PST",Podcast,"trending,entertaining,informative,mature,educational,controversial,viral","animated,professional,edited,high_production","podcast,compilation,highlights,documentary,showcase,review,reaction,guide,analysis,commentary,tutorial","storytelling,entertainment,educational,analysis,news,skill_development"
21924,"May 7, 2024, 8:03:37 AM PST",Tutorial,"trending,informative,viral,mature,entertaining,educational,controversial",edited,"guide,showcase,compilation,highlights,reaction,commentary",educational
22344,"May 3, 2024, 11:32:57 PM PST",Podcast,"trending,entertaining,informative,mature,controversial,viral","high_production,edited,professional","podcast,highlights,compilation,showcase,stream_highlights,documentary,reaction,guide,review","news,entertainment,storytelling"
21511,"May 10, 2024, 6:33:34 PM PST",Gaming,"trending,entertaining,viral,informative,controversial","animated,edited","reaction,compilation,showcase,guide,commentary,highlights,tutorial","entertainment,promotional"
21925,"May 7, 2024, 7:59:38 AM PST",Music,"entertaining,trending,viral,informative,educational,family_friendly,mature","high_production,professional,edited","compilation,highlights,guide","entertainment,storytelling,promotional,skill_development,educational"
22345,"May 3, 2024, 11:31:26 PM PST",News,"controversial,informative,trending,viral,entertaining,educational",edited,"commentary,analysis,guide,reaction,review,interview,showcase,highlights,compilation,walkthrough","news,analysis,social_commentary,educational"
21512,"May 10, 2024, 6:32:51 PM PST",Gaming,"trending,informative,viral,entertaining,mature","professional,high_production,studio_quality,edited","showcase,highlights,compilation,review,guide,analysis,stream_highlights","news,analysis,product_review"
21926,"May 7, 2024, 7:59:37 AM PST",Music,"trending,entertaining,informative,viral,family_friendly,mature,educational,controversial","animated,professional","guide,reaction,showcase,compilation,commentary,highlights,tutorial,analysis,documentary","storytelling,entertainment,educational,promotional,skill_development,analysis"
22346,"May 3, 2024, 11:29:31 PM PST",Reviews,"entertaining,informative,trending,mature,family_friendly,viral","professional,edited,high_production,studio_quality","showcase,highlights,guide,review,compilation,reaction,stream_highlights","entertainment,promotional,product_review"
21513,"May 10, 2024, 6:32:38 PM PST",Tutorial,"informative,trending,entertaining,viral,controversial",edited,"compilation,showcase,highlights",promotional
21927,"May 7, 2024, 7:59:27 AM PST",Gaming,"entertaining,trending,informative,viral,controversial",animated,"compilation,reaction,commentary,highlights,showcase",storytelling
22347,"May 3, 2024, 11:05:56 PM PST",Technology,"trending,informative,entertaining,viral,controversial,mature",edited,"highlights,reaction,commentary,showcase","news,entertainment"
21514,"May 10, 2024, 6:32:25 PM PST",Education,"informative,entertaining,controversial,trending,viral,educational","professional,animated,edited,studio_quality","commentary,reaction,guide,analysis,review,highlights","educational,analysis,storytelling,news"
21928,"May 7, 2024, 7:30:49 AM PST",Comedy,"trending,informative,entertaining,viral,mature","professional,animated,edited","reaction,compilation,commentary,highlights,showcase","storytelling,entertainment"
22348,"May 3, 2024, 8:31:47 PM PST",Music,"entertaining,trending,viral,informative,controversial,educational",high_production,"commentary,reaction,showcase,guide,highlights,compilation","storytelling,entertainment,promotional,educational"
21515,"May 10, 2024, 6:32:22 PM PST",Comedy,"entertaining,trending,viral,informative,controversial","animated,edited,amateur","reaction,commentary,showcase,highlights,guide,compilation","entertainment,storytelling,social_commentary,news,promotional,personal_vlog"
21929,"May 7, 2024, 7:27:07 AM PST",Entertainment,"trending,informative,viral,entertaining,mature,controversial,educational,family_friendly","professional,animated,edited","guide,reaction,showcase,compilation,highlights,commentary,analysis","storytelling,educational,promotional,analysis,entertainment,news,skill_development"
22349,"May 3, 2024, 8:29:17 PM PST",Music,"entertaining,informative,trending,mature",professional,"podcast,showcase,reaction,compilation,highlights,guide","storytelling,entertainment"
21516,"May 10, 2024, 6:31:20 PM PST",Gaming,"family_friendly,controversial,entertaining,informative","amateur,professional,edited,studio_quality,high_production","reaction,commentary,guide,compilation","entertainment,promotional,skill_development"
21930,"May 7, 2024, 7:21:51 AM PST",Comedy,"trending,entertaining,viral,informative,mature,family_friendly,controversial,educational","animated,high_production,edited,professional","reaction,commentary,guide,compilation,highlights,showcase,tutorial,analysis,review","storytelling,entertainment,promotional,educational,social_commentary,skill_development,news,analysis"
22350,"May 3, 2024, 8:24:04 PM PST",Music,"entertaining,trending,informative,viral,educational,mature,family_friendly","professional,high_production","showcase,guide,highlights","storytelling,entertainment,promotional,educational"
21517,"May 10, 2024, 6:30:46 PM PST",Shorts,"trending,viral,family_friendly,entertaining,informative,educational,controversial","animated,professional,edited,amateur","reaction,podcast,commentary,compilation,highlights,showcase,guide","storytelling,entertainment,social_commentary,promotional,educational,news"
21931,"May 7, 2024, 7:21:41 AM PST",Podcast,"trending,informative,controversial,mature,viral,entertaining,educational","professional,edited,animated","reaction,guide,highlights,showcase,commentary,analysis","educational,analysis,skill_development"
21518,"May 10, 2024, 6:30:23 PM PST",Sports,"controversial,viral,trending","edited,amateur,animated","reaction,commentary",news
22351,"May 3, 2024, 8:21:30 PM PST",Music,"trending,viral,entertaining,informative,controversial,mature","high_production,professional,studio_quality","showcase,compilation,reaction,guide,highlights","entertainment,storytelling"
21932,"May 7, 2024, 7:13:34 AM PST",Music,"entertaining,trending,informative,viral,controversial,educational","edited,professional","compilation,showcase,highlights,guide,reaction,review,analysis","entertainment,storytelling,educational,analysis"
21519,"May 10, 2024, 6:30:04 PM PST",Shorts,"entertaining,trending,viral,controversial,informative","animated,edited","commentary,walkthrough,showcase,guide,podcast,compilation,tutorial","entertainment,storytelling,social_commentary,promotional"
22352,"May 3, 2024, 8:17:42 PM PST",Music,"trending,entertaining,viral,informative,controversial,mature","high_production,professional","showcase,compilation,highlights,reaction,guide,stream_highlights,review","entertainment,promotional,news"
21933,"May 7, 2024, 7:09:03 AM PST",Entertainment,"trending,mature,entertaining,informative,viral,controversial,educational","professional,high_production,animated,edited","guide,reaction,showcase,commentary,highlights,compilation,analysis,review","storytelling,skill_development,analysis,educational,entertainment"
21520,"May 10, 2024, 6:29:59 PM PST",Entertainment,"entertaining,trending,viral,informative,controversial",animated,"showcase,reaction,commentary,highlights,compilation,review","entertainment,promotional"
22353,"May 3, 2024, 8:12:24 PM PST",Music,"entertaining,trending,viral,informative,family_friendly","edited,animated","showcase,reaction,highlights,compilation","entertainment,storytelling"
21934,"May 7, 2024, 6:59:46 AM PST",Entertainment,"trending,informative,entertaining,viral,mature,controversial,educational","professional,high_production","showcase,guide,highlights,reaction,compilation,interview,commentary,analysis,review,stream_highlights,documentary","skill_development,social_commentary,analysis,entertainment,storytelling,educational,product_review,news"
21521,"May 10, 2024, 6:29:58 PM PST",News,"controversial,entertaining,viral,informative,trending,educational","animated,studio_quality,edited,raw_footage,live_recording","reaction,commentary,podcast,compilation,analysis,documentary,guide","news,storytelling,entertainment,social_commentary,promotional,analysis,educational,personal_vlog"
21935,"May 7, 2024, 6:54:28 AM PST",Entertainment,"trending,informative,viral,entertaining,mature,family_friendly","high_production,edited,studio_quality,animated,professional","reaction,compilation,highlights,showcase,guide,commentary,stream_highlights,review,podcast,interview,analysis,walkthrough","storytelling,promotional,social_commentary,skill_development,news,entertainment,analysis,personal_vlog"
22354,"May 3, 2024, 8:07:54 PM PST",Music,"entertaining,family_friendly,trending,viral,mature","high_production,studio_quality,professional","showcase,highlights,reaction,guide","entertainment,promotional,storytelling"
21522,"May 10, 2024, 6:29:42 PM PST",News,"viral,trending,entertaining,informative,controversial,educational,mature","edited,animated","reaction,commentary,compilation,highlights,showcase,guide,interview","news,storytelling,entertainment,educational,social_commentary,promotional"
21936,"May 7, 2024, 6:51:30 AM PST",Music,"mature,trending,informative,entertaining,educational",professional,"guide,showcase,highlights","educational,skill_development"
22355,"May 3, 2024, 8:03:49 PM PST",Entertainment,"entertaining,trending,viral,informative,educational,family_friendly","animated,high_production,edited","compilation,showcase,highlights,review,reaction","entertainment,storytelling,educational"
21523,"May 10, 2024, 6:29:26 PM PST",Technology,"controversial,trending,informative,entertaining,viral,educational","professional,edited","reaction,highlights,analysis,commentary","news,analysis,educational,entertainment"
21937,"May 7, 2024, 6:47:08 AM PST",Comedy,"entertaining,trending,informative,viral,family_friendly,educational,mature",,"reaction,commentary,guide,compilation,showcase,highlights","storytelling,entertainment,educational"
22356,"May 3, 2024, 7:59:38 PM PST",Music,"entertaining,trending,viral,informative,mature,family_friendly,controversial","animated,edited,professional","compilation,showcase,highlights,podcast,reaction,guide,review","entertainment,storytelling,skill_development"
21524,"May 10, 2024, 6:29:07 PM PST",Entertainment,"entertaining,trending,viral,controversial,informative","high_production,animated,professional,edited","showcase,reaction,highlights,commentary,podcast,stream_highlights,guide,interview","entertainment,promotional,storytelling,skill_development,news,social_commentary"
21938,"May 7, 2024, 6:42:14 AM PST",Comedy,"trending,entertaining,informative,viral,mature,family_friendly,educational,controversial","professional,animated,edited","compilation,reaction,showcase,commentary,guide,highlights,documentary,analysis,review,podcast,tutorial","storytelling,entertainment,promotional,educational,analysis"
22357,"May 3, 2024, 7:56:58 PM PST",Music,"trending,viral,entertaining,informative,controversial,family_friendly","professional,high_production,animated","reaction,showcase,compilation,highlights,guide,commentary","storytelling,entertainment,news,promotional"
21525,"May 10, 2024, 6:28:56 PM PST",Podcast,"trending,viral,informative,family_friendly","studio_quality,high_production,animated","guide,highlights,compilation,showcase,stream_highlights,podcast",
21939,"May 7, 2024, 6:38:56 AM PST",Entertainment,"entertaining,trending,viral,informative,family_friendly,controversial","animated,high_production,edited","reaction,compilation,showcase,highlights,guide,commentary","entertainment,promotional,storytelling"
22358,"May 3, 2024, 7:53:17 PM PST",Music,"trending,entertaining,informative,viral,controversial,mature","professional,edited","compilation,showcase,highlights,reaction,review,guide","entertainment,promotional"
21940,"May 7, 2024, 6:35:23 AM PST",Music,"trending,entertaining,informative,viral,mature,family_friendly,controversial,educational","animated,edited,professional","reaction,guide,showcase,highlights,commentary,compilation,podcast,analysis,review,interview","storytelling,entertainment,educational,promotional,analysis,skill_development"
22359,"May 3, 2024, 7:49:20 PM PST",Music,"entertaining,trending,viral,informative,mature,controversial,educational","professional,high_production,animated","showcase,compilation,highlights","entertainment,promotional,educational,storytelling"
21526,"May 10, 2024, 6:28:44 PM PST",Entertainment,"trending,viral,entertaining,controversial,informative,educational,mature,family_friendly","animated,studio_quality,high_production,live_recording,professional,raw_footage","reaction,commentary,compilation,analysis,showcase,guide,highlights,review,interview,stream_highlights,podcast,tutorial,documentary,walkthrough","social_commentary,promotional,storytelling,analysis,educational,entertainment,skill_development,personal_vlog,news,product_review"
21941,"May 7, 2024, 6:30:08 AM PST",News,"informative,trending,controversial,entertaining,viral,mature,educational,family_friendly","live_recording,professional,high_production,studio_quality,animated","compilation,highlights,stream_highlights,showcase,review,guide,reaction,analysis,walkthrough,commentary","news,analysis,entertainment,storytelling,educational"
21527,"May 10, 2024, 6:28:10 PM PST",Entertainment,"entertaining,trending,controversial,viral,informative","animated,edited","reaction,commentary,compilation,highlights,showcase","entertainment,storytelling"
22360,"May 3, 2024, 7:45:11 PM PST",Music,"viral,entertaining,controversial,informative,trending,educational","animated,edited,amateur","podcast,reaction,showcase,interview,guide,review","entertainment,promotional,storytelling,educational"
21528,"May 10, 2024, 6:27:59 PM PST",Comedy,"entertaining,trending,viral,controversial,clickbait,informative","animated,high_production,edited,studio_quality,live_recording,raw_footage","reaction,commentary,compilation,podcast,highlights,stream_highlights,showcase,guide,interview","entertainment,storytelling,promotional,social_commentary,personal_vlog,product_review,news,skill_development"
21942,"May 7, 2024, 6:19:45 AM PST",Shorts,"trending,informative,entertaining,viral,controversial,mature","live_recording,high_production,animated,studio_quality","stream_highlights,guide,showcase,highlights,compilation,review",news
22361,"May 3, 2024, 7:41:58 PM PST",Music,"entertaining,trending,viral,informative,controversial","professional,animated,high_production","reaction,showcase,highlights,guide","entertainment,promotional,news,storytelling,skill_development"
21529,"May 10, 2024, 6:27:49 PM PST",Comedy,"informative,trending,controversial,viral,entertaining,educational,clickbait","edited,high_production,studio_quality,animated","guide,commentary,reaction,compilation,analysis,highlights,stream_highlights,podcast,review,showcase","entertainment,social_commentary,analysis,educational,storytelling,skill_development,product_review,personal_vlog"
21943,"May 7, 2024, 6:08:17 AM PST",Comedy,"trending,entertaining,family_friendly,viral,informative,mature,educational,controversial",animated,"reaction,compilation,guide,commentary,showcase,highlights","storytelling,entertainment,promotional,educational"
22362,"May 3, 2024, 7:37:44 PM PST",Entertainment,"entertaining,trending,viral,informative,family_friendly","professional,high_production,animated,studio_quality","showcase,highlights,reaction","entertainment,promotional"
21530,"May 10, 2024, 6:27:30 PM PST",Entertainment,"viral,entertaining,informative,trending,educational,mature,controversial,family_friendly","animated,professional,high_production","showcase,reaction,analysis,documentary,guide,stream_highlights,highlights,compilation,review,commentary,interview","entertainment,educational,storytelling,analysis,skill_development,promotional,social_commentary,product_review,news"
21944,"May 7, 2024, 6:03:08 AM PST",Entertainment,"trending,entertaining,informative,viral,mature,controversial,educational,family_friendly","professional,edited,animated","reaction,showcase,guide,highlights,commentary,compilation,analysis,interview,review","storytelling,entertainment,educational,analysis,skill_development,news"
22363,"May 3, 2024, 6:58:08 PM PST",Music,"entertaining,trending,informative,viral,educational,family_friendly,mature","high_production,professional,edited","showcase,compilation,guide,highlights,reaction,commentary,analysis,review,tutorial,walkthrough,stream_highlights","news,educational,promotional,entertainment,storytelling,analysis,skill_development"
21531,"May 10, 2024, 6:27:08 PM PST",Comedy,"entertaining,viral,trending,controversial,informative","high_production,raw_footage,live_recording","compilation,reaction,showcase,highlights,stream_highlights,guide","entertainment,news,storytelling,social_commentary"
21945,"May 7, 2024, 5:59:30 AM PST",Tutorial,"trending,mature,informative,viral,controversial,entertaining","edited,professional,high_production","reaction,guide,highlights,compilation,commentary,showcase,review",skill_development
22364,"May 3, 2024, 6:54:32 PM PST",Music,"entertaining,trending,viral,informative,educational,controversial","animated,professional,studio_quality","reaction,showcase,documentary,highlights,guide,compilation,stream_highlights,commentary","entertainment,storytelling,promotional,skill_development,educational,news"
21532,"May 10, 2024, 6:26:30 PM PST",Entertainment,"mature,informative,entertaining,trending,family_friendly,viral,controversial,educational","professional,studio_quality,edited,high_production","showcase,highlights,guide,reaction,compilation,commentary,review","entertainment,educational"
21946,"May 7, 2024, 5:51:26 AM PST",Technology,"trending,informative,mature,entertaining,viral,controversial,educational,family_friendly","professional,animated,edited,high_production","guide,reaction,showcase,compilation,highlights,analysis,commentary,review","analysis,skill_development,educational,storytelling,entertainment"
22365,"May 3, 2024, 6:50:44 PM PST",Entertainment,"entertaining,trending,informative,viral,educational","animated,professional,high_production","showcase,compilation,highlights,reaction","entertainment,storytelling,educational,promotional"
21947,"May 7, 2024, 5:46:37 AM PST",Music,"trending,informative,viral,entertaining,mature,controversial,educational,family_friendly","professional,animated,edited,high_production","guide,reaction,showcase,highlights,compilation,commentary,analysis,review,tutorial,documentary","storytelling,educational,entertainment,skill_development,analysis,promotional,news"
21533,"May 10, 2024, 6:26:28 PM PST",Tutorial,"trending,informative,educational,viral","edited,professional,animated","guide,tutorial,showcase,highlights,compilation","educational,news"
22366,"May 3, 2024, 6:48:11 PM PST",Music,"entertaining,viral,trending,informative,mature,educational,family_friendly,controversial","animated,live_recording,high_production,professional,edited","showcase,compilation,reaction,documentary,highlights,guide","entertainment,storytelling,promotional,news,educational"
21948,Marshmello - Topic,Entertainment,"trending,informative,entertaining,controversial,viral,mature,clickbait,educational,family_friendly","animated,edited,professional,high_production","reaction,guide,compilation,commentary,showcase,analysis,highlights,review,tutorial","analysis,skill_development,promotional,educational,entertainment,storytelling,news"
21534,"May 10, 2024, 6:26:17 PM PST",Entertainment,"entertaining,trending,controversial,viral,informative","animated,amateur","compilation,reaction,showcase,highlights,commentary,guide","storytelling,entertainment,news,personal_vlog"
22367,"May 3, 2024, 6:45:02 PM PST",Music,"trending,viral,informative,entertaining,controversial","edited,professional,high_production","showcase,reaction,highlights,compilation,guide",entertainment
21949,"May 7, 2024, 5:41:37 AM PST",Entertainment,"trending,entertaining,informative,mature,viral,controversial,educational","professional,edited,animated","reaction,guide,highlights,showcase,commentary,analysis","storytelling,entertainment,educational,skill_development,analysis"
21535,"May 10, 2024, 6:26:04 PM PST",Education,"entertaining,trending,viral,educational,informative","animated,edited","highlights,showcase,commentary,guide","educational,news,entertainment"
22368,"May 3, 2024, 6:41:36 PM PST",Music,"trending,entertaining,controversial,viral,informative","edited,animated,high_production","review,compilation,showcase,highlights,commentary,guide,podcast,documentary","storytelling,entertainment,news"
21536,"May 10, 2024, 6:25:48 PM PST",Technology,"trending,entertaining,informative,viral,mature,educational,controversial","professional,high_production,animated,edited","showcase,highlights,reaction,guide,compilation,stream_highlights,analysis,review","news,skill_development,promotional,analysis,educational,product_review,storytelling,entertainment,social_commentary"
22369,"May 3, 2024, 6:37:22 PM PST",Music,"trending,entertaining,viral,informative,mature,controversial","professional,high_production,studio_quality,edited","showcase,highlights,guide,reaction,stream_highlights","entertainment,news"
21950,"May 7, 2024, 5:07:11 AM PST",Music,"informative,trending,viral,entertaining","high_production,studio_quality","compilation,stream_highlights,highlights,guide,showcase",entertainment
21537,"May 10, 2024, 6:25:30 PM PST",Reviews,"trending,viral,entertaining,informative,educational,mature",animated,"showcase,compilation,highlights,commentary,guide,reaction,stream_highlights","social_commentary,educational,entertainment,promotional,product_review"
22370,"May 3, 2024, 6:28:58 PM PST",Music,"mature,entertaining,informative,trending,viral","professional,high_production,live_recording,edited,studio_quality","showcase,compilation,guide,highlights,stream_highlights","entertainment,skill_development"
21951,"May 7, 2024, 12:25:31 AM PST",Music,"entertaining,family_friendly,trending,viral,mature","high_production,studio_quality,professional","showcase,highlights,reaction,guide","entertainment,promotional,storytelling"
22371,"May 3, 2024, 6:20:01 PM PST",Music,"trending,family_friendly,mature,viral","studio_quality,edited,animated,high_production","compilation,guide,highlights,stream_highlights,reaction,podcast,showcase,review,commentary,interview","personal_vlog,social_commentary,product_review"
21952,"May 7, 2024, 12:22:05 AM PST",Music,"trending,entertaining,controversial,viral,informative","edited,animated,high_production","review,compilation,showcase,highlights,commentary,guide,podcast,documentary","storytelling,entertainment,news"
21538,"May 10, 2024, 6:25:12 PM PST",Shorts,"trending,entertaining,viral,informative,controversial,educational,family_friendly","animated,edited,amateur","reaction,guide,compilation,showcase,commentary,review,tutorial","promotional,storytelling,entertainment,educational"
22372,"May 3, 2024, 6:16:00 PM PST",Music,"trending,entertaining,viral,informative,family_friendly","high_production,professional,studio_quality,animated,edited","showcase,compilation,reaction,stream_highlights,highlights,guide,review","entertainment,storytelling,promotional"
21953,"May 6, 2024, 5:55:05 PM PST",Podcast,"controversial,entertaining,trending,informative,educational,viral",edited,"reaction,guide,commentary,showcase,podcast","entertainment,educational"
21539,"May 10, 2024, 6:25:03 PM PST",Comedy,"entertaining,trending,viral,informative,controversial","studio_quality,edited,high_production,animated","reaction,commentary,stream_highlights,compilation,podcast,guide","entertainment,social_commentary,storytelling,skill_development,personal_vlog"
22373,"May 3, 2024, 5:58:36 PM PST",Music,"entertaining,trending,viral,informative,family_friendly,mature","animated,high_production,professional,studio_quality,edited","compilation,showcase,highlights,reaction,guide,stream_highlights","entertainment,promotional,storytelling"
21954,"May 6, 2024, 5:50:15 PM PST",Music,"trending,entertaining,viral,informative,mature,controversial","professional,high_production,studio_quality,edited","showcase,highlights,guide,reaction,stream_highlights","entertainment,news"
21540,"May 10, 2024, 6:24:36 PM PST",Podcast,"controversial,entertaining,informative,trending,viral,educational",edited,"commentary,analysis","educational,entertainment,analysis"
22374,"May 3, 2024, 5:54:18 PM PST",Music,"controversial,entertaining,trending,viral,informative,educational","animated,high_production","showcase,commentary,reaction,analysis,compilation,highlights,guide,documentary,review","entertainment,storytelling,promotional,analysis,educational,social_commentary"
21541,"May 10, 2024, 6:23:49 PM PST",Shorts,"trending,entertaining,viral,informative,controversial,clickbait","edited,amateur,raw_footage","reaction,compilation,commentary,review,guide,showcase","entertainment,storytelling,promotional,social_commentary,skill_development,news"
21955,"May 6, 2024, 5:47:31 PM PST",Music,"entertaining,trending,viral,informative","animated,high_production,edited,professional","showcase,compilation,highlights,reaction,stream_highlights,guide","entertainment,promotional"
22375,"May 3, 2024, 5:46:45 PM PST",Music,"trending,entertaining,informative,viral",high_production,"compilation,showcase,highlights",entertainment
21542,"May 10, 2024, 5:53:43 PM PST",Music,"entertaining,viral,trending,informative,controversial,mature","high_production,professional","compilation,showcase,highlights,reaction,commentary,guide","entertainment,promotional,storytelling"
21956,"May 6, 2024, 5:43:55 PM PST",Music,"entertaining,trending,viral,informative,educational,controversial","animated,professional,studio_quality","reaction,showcase,documentary,highlights,guide,compilation,stream_highlights,commentary","entertainment,storytelling,promotional,skill_development,educational,news"
22376,"May 3, 2024, 12:30:33 PM PST",Music,"trending,entertaining,informative,mature,viral,educational",animated,"reaction,showcase,guide,commentary,highlights,compilation,analysis","storytelling,educational,analysis,entertainment"
21543,"May 10, 2024, 5:49:11 PM PST",Music,"trending,viral,entertaining,informative,mature,controversial,educational","professional,high_production,animated","showcase,highlights,compilation,guide,reaction,stream_highlights","entertainment,storytelling,promotional,news,educational"
21957,"May 6, 2024, 5:38:30 PM PST",Music,"entertaining,trending,informative,viral,family_friendly,educational","animated,edited,high_production,professional,studio_quality","commentary,compilation,reaction,podcast,showcase,highlights,guide","storytelling,entertainment,educational,promotional"
22377,"May 3, 2024, 12:27:01 PM PST",Comedy,"trending,entertaining,viral,informative,mature,family_friendly,controversial,educational","animated,professional","showcase,reaction,compilation,guide,commentary,highlights,documentary,analysis,review,tutorial","storytelling,entertainment,educational,analysis,promotional,news"
21958,"May 6, 2024, 5:34:36 PM PST",Music,"entertaining,trending,viral,informative,family_friendly,educational","professional,animated,high_production,studio_quality","showcase,highlights,reaction,guide","entertainment,storytelling,promotional,educational"
21544,"May 10, 2024, 5:44:19 PM PST",Music,"trending,entertaining,informative,viral,mature,controversial","professional,high_production,edited","showcase,highlights,compilation",entertainment
22378,"May 3, 2024, 12:22:37 PM PST",Comedy,"trending,entertaining,informative,viral,controversial,mature,educational,clickbait,family_friendly","professional,high_production,animated,edited,amateur","reaction,guide,showcase,compilation,commentary,highlights,analysis,podcast,review,interview","entertainment,storytelling,promotional,analysis,skill_development,educational,news"
21959,"May 6, 2024, 5:30:00 PM PST",Music,"trending,entertaining,informative,viral,mature,family_friendly","professional,edited","showcase,compilation,guide,highlights,review,stream_highlights","entertainment,skill_development,storytelling,promotional"
21545,"May 10, 2024, 5:39:13 PM PST",Music,"trending,entertaining,viral,informative,controversial,mature","professional,high_production,animated","showcase,compilation,highlights,reaction","entertainment,storytelling,promotional"
22379,"May 3, 2024, 12:22:28 PM PST",Entertainment,"entertaining,trending,informative,viral,controversial","edited,high_production","showcase,compilation,reaction,highlights","storytelling,entertainment"
21960,"May 6, 2024, 5:26:16 PM PST",Comedy,"entertaining,viral,trending,family_friendly","high_production,studio_quality","showcase,highlights,reaction,compilation,stream_highlights,guide","entertainment,storytelling"
21546,"May 10, 2024, 5:34:43 PM PST",Music,"trending,informative,entertaining,viral,mature,controversial","professional,high_production,edited","showcase,compilation,highlights,stream_highlights","news,entertainment,promotional,skill_development"
22380,"May 3, 2024, 11:57:14 AM PST",Technology,"trending,informative,mature,entertaining,viral,controversial,educational,family_friendly","professional,animated,edited,high_production","guide,reaction,showcase,compilation,highlights,analysis,commentary,review","analysis,skill_development,educational,storytelling,entertainment"
21961,"May 6, 2024, 5:22:49 PM PST",Music,"trending,entertaining,controversial,viral,informative","edited,animated,high_production","review,compilation,showcase,highlights,commentary,guide,podcast,documentary","storytelling,entertainment,news"
21547,"May 10, 2024, 5:30:48 PM PST",Music,"trending,controversial,viral,entertaining,informative","professional,high_production,edited","reaction,showcase,compilation,guide,highlights","entertainment,news"
22381,"May 3, 2024, 11:53:27 AM PST",Music,"trending,viral,entertaining,informative,mature,controversial,educational,family_friendly","animated,edited,professional","reaction,compilation,guide,highlights,showcase,commentary,podcast","storytelling,promotional,entertainment,skill_development,educational"
21962,"May 6, 2024, 5:17:37 PM PST",Music,"entertaining,trending,informative,viral,educational,mature,family_friendly","professional,high_production","showcase,guide,highlights","storytelling,entertainment,promotional,educational"
21548,"May 10, 2024, 5:26:42 PM PST",Music,"trending,entertaining,viral,informative,controversial,mature","professional,high_production,edited",showcase,"entertainment,storytelling,news"
22382,"May 3, 2024, 11:49:33 AM PST",Comedy,"trending,informative,mature,entertaining,viral,controversial,family_friendly,educational","professional,animated,edited","reaction,guide,commentary,compilation,showcase,highlights,analysis,documentary","storytelling,educational,entertainment,analysis,promotional"
21963,"May 6, 2024, 5:13:28 PM PST",Music,"entertaining,trending,informative,viral,controversial","edited,animated,live_recording,professional","showcase,compilation,highlights,reaction,guide,review,podcast","entertainment,storytelling"
21549,"May 10, 2024, 10:18:21 AM PST",Entertainment,"trending,mature,informative,entertaining,viral,controversial,educational,family_friendly","professional,edited,animated","reaction,guide,highlights,showcase,commentary,compilation,analysis","storytelling,educational,skill_development,entertainment,analysis"
22383,"May 3, 2024, 11:46:42 AM PST",Comedy,"trending,entertaining,informative,viral,mature,controversial,family_friendly,educational","professional,animated,high_production","compilation,reaction,showcase,guide,highlights,commentary","storytelling,entertainment,educational,promotional"
21550,"May 10, 2024, 10:15:21 AM PST",Entertainment,"trending,viral,entertaining,informative",edited,"compilation,showcase,reaction,guide","storytelling,entertainment"
21964,"May 6, 2024, 5:09:17 PM PST",Music,"entertaining,trending,viral,informative,mature,family_friendly,controversial","animated,edited,professional","compilation,showcase,highlights,podcast,reaction,guide,review","entertainment,storytelling,skill_development"
22384,"May 3, 2024, 11:43:14 AM PST",Music,"trending,entertaining,informative,mature,viral,controversial,family_friendly,educational","professional,edited,high_production,animated","compilation,commentary,reaction,guide,highlights,showcase,analysis,review,tutorial","promotional,storytelling,entertainment,educational,analysis,skill_development"
21551,"May 10, 2024, 10:11:21 AM PST",Comedy,"trending,viral,entertaining,informative,controversial,mature,family_friendly,educational","animated,edited","reaction,commentary,compilation,guide,highlights,showcase","entertainment,storytelling,educational"
21965,"May 6, 2024, 5:04:47 PM PST",Music,"entertaining,family_friendly,trending,viral,mature","high_production,studio_quality,professional","showcase,highlights,reaction,guide","entertainment,promotional,storytelling"
22385,"May 3, 2024, 11:36:50 AM PST",Entertainment,"trending,informative,entertaining,viral,mature,controversial,educational","professional,high_production","showcase,guide,highlights,reaction,compilation,interview,commentary,analysis,review,stream_highlights,documentary","skill_development,social_commentary,analysis,entertainment,storytelling,educational,product_review,news"
21552,"May 10, 2024, 9:20:39 AM PST",Gaming,"trending,viral,controversial,entertaining,informative,clickbait","amateur,edited,animated","reaction,showcase,commentary,compilation,highlights,guide","entertainment,news,promotional,social_commentary"
22386,"May 3, 2024, 11:33:35 AM PST",Music,"entertaining,trending,viral,informative,mature,family_friendly,educational,controversial","animated,professional,high_production,live_recording,edited","podcast,showcase,compilation,reaction,highlights,guide,commentary,interview,analysis,review,documentary,stream_highlights,tutorial","entertainment,storytelling,promotional,skill_development,analysis,educational,news"
21553,"May 10, 2024, 9:20:08 AM PST",Reviews,"informative,trending,entertaining,viral,controversial","high_production,edited","showcase,reaction,guide,compilation,commentary,stream_highlights,highlights",product_review
22387,"May 3, 2024, 11:30:01 AM PST",Entertainment,"trending,entertaining,informative,viral,educational,family_friendly,mature","professional,high_production,animated,studio_quality,edited","showcase,highlights,guide,reaction,stream_highlights,documentary,podcast,compilation,commentary,analysis,interview","entertainment,promotional,news,storytelling,skill_development,educational,product_review,analysis"
21966,"May 6, 2024, 4:34:08 PM PST",Music,"viral,entertaining,controversial,informative,trending,educational","animated,edited,amateur","podcast,reaction,showcase,interview,guide,review","entertainment,promotional,storytelling,educational"
22388,"May 3, 2024, 11:26:37 AM PST",Entertainment,"entertaining,trending,informative,viral,mature,controversial,family_friendly",high_production,"reaction,showcase,highlights,compilation,guide,commentary","storytelling,entertainment"
21967,"May 6, 2024, 4:30:03 PM PST",Entertainment,"entertaining,trending,viral,informative,educational,family_friendly","animated,high_production,edited","compilation,showcase,highlights,review,reaction","entertainment,storytelling,educational"
21554,"May 10, 2024, 9:19:46 AM PST",Entertainment,"trending,entertaining,viral,informative,clickbait",animated,"reaction,showcase,commentary,compilation,highlights","entertainment,storytelling,news,social_commentary,promotional"
22389,"May 3, 2024, 11:26:36 AM PST",Entertainment,"trending,entertaining,mature,informative,viral,educational,controversial,family_friendly","professional,animated,edited","reaction,guide,showcase,highlights,commentary,analysis,review","storytelling,entertainment,educational,skill_development,analysis,promotional"
21968,"May 6, 2024, 4:27:29 PM PST",Music,"trending,viral,entertaining,informative,controversial,mature","high_production,professional,studio_quality","showcase,compilation,reaction,guide,highlights","entertainment,storytelling"
21555,"May 10, 2024, 9:19:41 AM PST",Podcast,"trending,entertaining,informative,viral,controversial","high_production,studio_quality,edited,professional","reaction,podcast,guide,compilation,showcase","skill_development,social_commentary,product_review,entertainment,promotional"
22390,"May 3, 2024, 9:37:08 AM PST",Entertainment,"trending,entertaining,viral,informative,mature,controversial,educational,family_friendly","professional,animated,high_production,studio_quality,edited","showcase,compilation,reaction,highlights,guide,commentary,documentary,analysis,review","promotional,entertainment,storytelling,educational,analysis"
21969,"May 6, 2024, 4:24:13 PM PST",Music,"entertaining,trending,viral,informative,controversial","professional,animated,high_production","reaction,showcase,highlights,guide","entertainment,promotional,news,storytelling,skill_development"
21556,"May 10, 2024, 9:19:01 AM PST",News,"entertaining,informative,viral,trending,controversial,educational","raw_footage,professional,animated,high_production,live_recording,edited","reaction,guide,highlights,stream_highlights,showcase,compilation,documentary","news,social_commentary,entertainment,educational,storytelling"
22391,"May 3, 2024, 9:32:35 AM PST",Comedy,"entertaining,informative,trending,mature,educational,viral,controversial,family_friendly",professional,"compilation,guide,showcase,reaction,highlights,commentary,analysis,podcast,review","storytelling,educational,entertainment,analysis"
21557,"May 10, 2024, 9:18:53 AM PST",Entertainment,"entertaining,trending,viral,informative,controversial,educational","animated,edited,raw_footage","showcase,reaction,commentary,guide,compilation,highlights,documentary","entertainment,storytelling,promotional,news,educational"
21970,"May 6, 2024, 4:21:32 PM PST",Music,"trending,viral,entertaining,informative,controversial,family_friendly","professional,high_production,animated","reaction,showcase,compilation,highlights,guide,commentary","storytelling,entertainment,news,promotional"
22392,"May 3, 2024, 9:24:05 AM PST",Podcast,"trending,informative,viral,entertaining,educational,controversial","edited,studio_quality,high_production","podcast,interview,showcase,highlights,documentary,compilation,guide,review,stream_highlights,reaction","news,educational"
21971,"May 6, 2024, 4:17:17 PM PST",Entertainment,"entertaining,trending,viral,informative,family_friendly","professional,high_production,animated,studio_quality","showcase,highlights,reaction","entertainment,promotional"
21558,"May 10, 2024, 9:18:22 AM PST",Shorts,"trending,viral,entertaining,family_friendly","high_production,animated","compilation,highlights,showcase,reaction,stream_highlights,guide",promotional
21972,"May 6, 2024, 4:03:19 PM PST",Music,"entertaining,trending,viral,informative,family_friendly","edited,animated","showcase,reaction,highlights,compilation","entertainment,storytelling"
22393,"May 3, 2024, 9:13:05 AM PST",Tutorial,"trending,informative,entertaining,viral,educational,mature,controversial","high_production,edited,live_recording,studio_quality","compilation,showcase,guide,stream_highlights,review,analysis,highlights,reaction,documentary,commentary","educational,storytelling,analysis,entertainment"
21559,"May 10, 2024, 9:17:43 AM PST",Gaming,"entertaining,informative,educational,viral,controversial,trending",,"compilation,guide,showcase","educational,news"
22394,"May 3, 2024, 9:08:54 AM PST",News,"informative,trending,viral,educational,controversial,mature,entertaining","animated,edited","analysis,commentary,compilation,guide,showcase,review,documentary,walkthrough","analysis,storytelling,educational,news"
21973,"May 6, 2024, 3:56:02 PM PST",Music,"trending,entertaining,informative,viral,controversial,mature","professional,edited","compilation,showcase,highlights,reaction,review,guide","entertainment,promotional"
21560,"May 10, 2024, 9:17:39 AM PST",Shorts,"trending,controversial,viral,entertaining,informative",edited,"compilation,reaction,commentary,showcase",
22395,"May 3, 2024, 9:08:38 AM PST",News,"trending,informative,controversial,mature,entertaining,viral","live_recording,raw_footage,professional,edited,animated,high_production","reaction,guide,compilation,stream_highlights,highlights,showcase,commentary,review,walkthrough","news,skill_development,social_commentary"
21974,"May 6, 2024, 3:43:17 PM PST",Music,"trending,family_friendly,mature,viral","studio_quality,edited,animated,high_production","compilation,guide,highlights,stream_highlights,reaction,podcast,showcase,review,commentary,interview","personal_vlog,social_commentary,product_review"
21561,"May 10, 2024, 9:17:04 AM PST",Sports,"entertaining,trending,informative,viral,educational,family_friendly",animated,"highlights,showcase","entertainment,educational"
22396,"May 3, 2024, 7:56:52 AM PST",Technology,"controversial,informative,educational,trending,viral","high_production,studio_quality,edited,animated","analysis,commentary,highlights,guide,showcase,compilation,walkthrough,review,podcast","analysis,educational,social_commentary,news"
22397,"May 3, 2024, 7:55:54 AM PST",News,"controversial,trending,entertaining,viral,informative","high_production,professional,edited,studio_quality","reaction,highlights,showcase,stream_highlights,compilation,podcast,guide","news,skill_development,entertainment"
21975,"May 6, 2024, 3:22:47 PM PST",Shorts,"educational,informative,trending,entertaining,viral,controversial",edited,"tutorial,guide",educational
21562,Still Frozen out May 17th ❤️‍🔥🧊 #indierock #newmusic #boygenius #chappellroan,Music,"trending,viral,entertaining,informative,educational","animated,high_production,edited","reaction,highlights,commentary,showcase,guide,review,compilation","entertainment,storytelling,educational,news,promotional"
21976,"May 6, 2024, 3:22:44 PM PST",Technology,"informative,trending","edited,studio_quality,professional","showcase,highlights,guide",
22398,"May 3, 2024, 7:54:58 AM PST",Comedy,"trending,entertaining,informative,viral,educational","edited,animated","guide,showcase,highlights,commentary,compilation,reaction","entertainment,news,promotional,educational,storytelling"
21563,"May 10, 2024, 9:15:59 AM PST",Shorts,"trending,viral,controversial,entertaining,informative","edited,animated,amateur,high_production","reaction,commentary,showcase,highlights","news,social_commentary"
21977,"May 6, 2024, 3:21:45 PM PST",Gaming,"trending,viral,entertaining,informative,controversial","amateur,raw_footage,animated","showcase,compilation,highlights,guide,reaction","entertainment,promotional"
22399,"May 3, 2024, 7:54:01 AM PST",Entertainment,"trending,viral,entertaining,controversial,informative",,"showcase,commentary,guide,reaction",entertainment
21564,"May 10, 2024, 9:15:41 AM PST",Gaming,"viral,trending",animated,"compilation,commentary,showcase","storytelling,social_commentary"
21978,"May 6, 2024, 3:20:41 PM PST",Tutorial,"informative,trending,educational,entertaining,viral,mature,controversial","professional,animated,edited","showcase,analysis,guide,commentary,highlights,tutorial,review,podcast,documentary,compilation","educational,analysis,news,storytelling,entertainment"
22400,"May 3, 2024, 7:31:38 AM PST",Comedy,"trending,informative,entertaining,viral,educational,family_friendly,mature,controversial","animated,high_production,professional","reaction,compilation,commentary,showcase,guide,highlights,analysis,review,tutorial","storytelling,promotional,educational,entertainment,analysis,skill_development"
21565,"May 10, 2024, 9:15:25 AM PST",Reviews,"trending,informative,entertaining,viral,family_friendly,educational,controversial","edited,animated","compilation,reaction,guide","entertainment,storytelling,educational,promotional"
21979,"May 6, 2024, 10:33:51 AM PST",Entertainment,"trending,entertaining,informative,mature,viral,controversial,educational","professional,edited,animated","reaction,guide,highlights,showcase,commentary,analysis","storytelling,entertainment,educational,skill_development,analysis"
22401,"May 3, 2024, 7:28:38 AM PST",Comedy,"trending,informative,entertaining,viral,mature","professional,animated,edited","reaction,compilation,commentary,highlights,showcase","storytelling,entertainment"
21566,"May 10, 2024, 9:15:23 AM PST",Podcast,"controversial,trending,clickbait",edited,"interview,reaction,commentary,guide,podcast,compilation,showcase,review","news,skill_development"
22402,"May 3, 2024, 7:24:55 AM PST",Sports,"trending,entertaining,informative,viral,mature,family_friendly,educational,controversial","professional,animated,high_production,edited","guide,reaction,showcase,highlights,compilation,tutorial,commentary,analysis","storytelling,entertainment,educational,skill_development,analysis"
21980,"May 6, 2024, 10:10:23 AM PST",Music,"entertaining,informative,trending,viral,educational,family_friendly",animated,"podcast,reaction,compilation,guide,showcase,commentary,highlights","storytelling,entertainment,promotional,educational"
21567,"May 10, 2024, 9:15:21 AM PST",Shorts,"entertaining,trending,informative,viral,educational","professional,edited","showcase,highlights,guide,review,compilation,podcast,commentary","entertainment,educational,news,promotional,skill_development"
22403,"May 3, 2024, 7:22:05 AM PST",Comedy,"trending,entertaining,informative,viral,mature,controversial,educational,family_friendly","professional,animated","compilation,reaction,showcase,guide,highlights,commentary,documentary,analysis","storytelling,entertainment,educational,promotional,analysis"
21981,"May 6, 2024, 10:07:09 AM PST",Music,"entertaining,trending,viral,informative,mature,family_friendly,educational,controversial","animated,professional,high_production,live_recording,edited","podcast,showcase,compilation,reaction,highlights,guide,commentary,interview,analysis,review,documentary,stream_highlights,tutorial","entertainment,storytelling,promotional,skill_development,analysis,educational,news"
21568,"May 10, 2024, 9:15:19 AM PST",Entertainment,"entertaining,viral,informative,trending,educational,controversial","high_production,animated,raw_footage,professional","showcase,highlights,compilation,commentary,reaction,stream_highlights,review","entertainment,news,educational"
22404,"May 3, 2024, 7:18:05 AM PST",Comedy,"trending,viral,entertaining,informative,controversial,mature,family_friendly,educational","animated,edited","reaction,commentary,compilation,guide,highlights,showcase","entertainment,storytelling,educational"
21982,"May 6, 2024, 10:03:54 AM PST",Comedy,"trending,entertaining,viral,informative,family_friendly,mature,controversial,educational",animated,"reaction,compilation,commentary,guide,showcase,highlights,documentary","storytelling,entertainment,educational,promotional"
21983,"May 6, 2024, 10:00:53 AM PST",Entertainment,"trending,entertaining,informative,mature,viral,educational,family_friendly,controversial","professional,animated,edited","showcase,guide,reaction,compilation,highlights,commentary,analysis,review","storytelling,educational,entertainment,analysis,skill_development"
21569,"May 10, 2024, 9:15:09 AM PST",Entertainment,"entertaining,viral,trending,informative,educational,clickbait","animated,high_production,raw_footage,amateur,live_recording,edited","reaction,commentary,highlights,stream_highlights,showcase,compilation","entertainment,news,storytelling,social_commentary,educational"
21984,"May 6, 2024, 9:56:53 AM PST",Comedy,"trending,viral,entertaining,informative,controversial,mature,family_friendly,educational","animated,edited","reaction,commentary,compilation,guide,highlights,showcase","entertainment,storytelling,educational"
21570,"May 10, 2024, 9:14:58 AM PST",Tutorial,"informative,trending,educational,mature","professional,edited","showcase,guide",educational
22405,"May 3, 2024, 4:52:26 AM PST",Music,"trending,informative,entertaining,educational,viral,mature,controversial","high_production,edited","stream_highlights,highlights,showcase,guide,reaction,review,compilation,analysis","educational,storytelling,skill_development,analysis,entertainment"
21571,"May 10, 2024, 9:14:40 AM PST",Sports,"trending,entertaining,viral,informative,educational,controversial","professional,animated","showcase,commentary,reaction,guide","entertainment,news,promotional,educational,storytelling"
22406,"May 2, 2024, 9:11:32 PM PST",Podcast,"trending,informative,entertaining,educational,viral",edited,"podcast,interview,highlights,showcase,documentary","educational,entertainment"
21985,"May 6, 2024, 9:52:15 AM PST",Music,"entertaining,trending,informative,viral,mature,family_friendly,educational,controversial","professional,animated","showcase,guide,compilation,documentary,reaction,highlights,commentary,analysis,tutorial","storytelling,entertainment,educational,analysis,promotional"
21572,"May 10, 2024, 9:14:37 AM PST",Music,"controversial,viral,trending","high_production,edited,studio_quality","compilation,reaction,commentary",
22407,"May 2, 2024, 7:49:22 PM PST",Music,"entertaining,trending,viral,informative,controversial","professional,animated,high_production","reaction,showcase,highlights,guide","entertainment,promotional,news,storytelling,skill_development"
21986,"May 6, 2024, 9:47:49 AM PST",Music,"trending,entertaining,informative,viral",edited,"compilation,showcase,reaction,guide,highlights","entertainment,news,promotional,storytelling"
22408,"May 2, 2024, 7:44:45 PM PST",Entertainment,"entertaining,trending,viral,informative,family_friendly","professional,high_production,animated,studio_quality","showcase,highlights,reaction","entertainment,promotional"
21987,"May 6, 2024, 9:39:17 AM PST",Comedy,"trending,entertaining,informative,viral,mature,family_friendly,controversial,educational","animated,professional","compilation,reaction,commentary,guide,showcase,highlights,analysis,review,tutorial,documentary","storytelling,promotional,entertainment,educational,analysis,skill_development"
21573,"May 10, 2024, 9:14:28 AM PST",Tutorial,"viral,trending,informative,educational,controversial","edited,animated","showcase,commentary,reaction,highlights,guide,compilation,analysis","promotional,educational,news,analysis"
21988,"May 6, 2024, 9:35:27 AM PST",Tutorial,"mature,informative,educational,trending,entertaining,viral,family_friendly","professional,edited","guide,commentary,highlights,showcase,compilation,analysis,review","educational,skill_development,analysis"
22409,"May 2, 2024, 4:34:46 PM PST",Music,"entertaining,trending,informative,viral,educational,mature,family_friendly","professional,high_production","showcase,guide,highlights","storytelling,entertainment,promotional,educational"
21574,"May 10, 2024, 9:14:10 AM PST",Shorts,"trending,entertaining,viral,informative,controversial,educational","animated,professional,edited","commentary,reaction,showcase,guide,compilation,review","news,entertainment,educational"
21989,"May 6, 2024, 9:31:54 AM PST",Podcast,"trending,educational,informative,controversial,viral,entertaining","edited,studio_quality,high_production","commentary,guide,compilation,review,podcast,analysis,reaction,highlights,showcase,interview,stream_highlights","educational,analysis,social_commentary,skill_development,news"
22410,"May 2, 2024, 4:33:38 PM PST",Music,"trending,entertaining,viral,informative,mature,family_friendly,educational,controversial","professional,high_production,studio_quality","showcase,highlights,guide,compilation","promotional,entertainment,storytelling,educational"
21990,"May 6, 2024, 9:29:05 AM PST",Comedy,"trending,entertaining,informative,viral,mature,controversial,educational,family_friendly","professional,animated","compilation,reaction,showcase,guide,highlights,commentary,documentary,analysis","storytelling,entertainment,educational,promotional,analysis"
22411,"May 2, 2024, 4:23:28 PM PST",Music,"trending,viral,entertaining,informative,controversial,mature","high_production,professional,studio_quality","showcase,compilation,reaction,guide,highlights","entertainment,storytelling"
21575,"May 10, 2024, 9:14:05 AM PST",Gaming,"viral,trending,controversial,entertaining","edited,high_production","reaction,commentary,compilation,showcase","storytelling,entertainment,promotional"
21991,"May 6, 2024, 9:24:58 AM PST",Music,"entertaining,informative,viral,trending,controversial,educational",animated,"reaction,showcase,compilation,commentary,guide,highlights","storytelling,entertainment,educational"
22412,"May 2, 2024, 4:16:34 PM PST",Music,"trending,entertaining,informative,viral,controversial,mature","professional,edited","compilation,showcase,highlights,reaction,review,guide","entertainment,promotional"
21992,"May 6, 2024, 9:21:30 AM PST",Music,"trending,entertaining,informative,mature,viral,controversial,family_friendly,educational","professional,edited,high_production,animated","compilation,commentary,reaction,guide,highlights,showcase,analysis,review,tutorial","promotional,storytelling,entertainment,educational,analysis,skill_development"
22413,"May 2, 2024, 4:12:23 PM PST",Music,"entertaining,trending,viral,informative,mature,family_friendly,controversial","animated,edited,professional","compilation,showcase,highlights,podcast,reaction,guide,review","entertainment,storytelling,skill_development"
21576,Marine Corps brother🫡👮🏼‍♀️🇺🇸NFL Draft Detroit,Sports,"trending,informative,viral,entertaining,mature,educational","professional,animated,high_production,edited","guide,showcase,highlights,reaction,stream_highlights,analysis,commentary","news,educational,analysis"
21993,"May 6, 2024, 9:17:43 AM PST",Music,"trending,viral,entertaining,informative,mature,controversial,educational,family_friendly","animated,edited,professional","reaction,compilation,guide,highlights,showcase,commentary,podcast","storytelling,promotional,entertainment,skill_development,educational"
21577,"May 10, 2024, 9:13:49 AM PST",Shorts,"trending,viral,entertaining,controversial",animated,"commentary,reaction,compilation,showcase","entertainment,storytelling,social_commentary,news,promotional"
21994,"May 6, 2024, 9:13:42 AM PST",Music,"viral,trending,entertaining,informative,mature,controversial,family_friendly,educational,clickbait","animated,professional,high_production,edited","reaction,compilation,showcase,guide,commentary,highlights,analysis,podcast,review,documentary","storytelling,promotional,entertainment,educational,analysis,skill_development,news"
22414,"May 2, 2024, 4:08:14 PM PST",Music,"viral,entertaining,controversial,informative,trending,educational","animated,edited,amateur","podcast,reaction,showcase,interview,guide,review","entertainment,promotional,storytelling,educational"
21995,"May 6, 2024, 9:10:11 AM PST",Comedy,"trending,entertaining,viral,informative,mature,family_friendly,controversial,educational","animated,professional","showcase,reaction,compilation,guide,commentary,highlights,documentary,analysis,review,tutorial","storytelling,entertainment,educational,analysis,promotional,news"
21578,"May 10, 2024, 9:13:41 AM PST",Shorts,"trending,viral,entertaining,informative,controversial,educational","animated,edited,studio_quality,amateur,raw_footage,high_production","compilation,showcase,documentary,highlights,reaction,guide,commentary,analysis,review,stream_highlights","storytelling,educational,promotional,news,analysis"
22415,"May 2, 2024, 4:05:34 PM PST",Music,"trending,viral,entertaining,informative,controversial,family_friendly","professional,high_production,animated","reaction,showcase,compilation,highlights,guide,commentary","storytelling,entertainment,news,promotional"
21996,"May 6, 2024, 9:05:47 AM PST",Comedy,"trending,entertaining,informative,viral,controversial,mature,educational,clickbait,family_friendly","professional,high_production,animated,edited,amateur","reaction,guide,showcase,compilation,commentary,highlights,analysis,podcast,review,interview","entertainment,storytelling,promotional,analysis,skill_development,educational,news"
21579,"May 10, 2024, 9:13:36 AM PST",News,"viral,trending,entertaining,informative,mature,family_friendly,educational,controversial","professional,high_production,studio_quality,animated","reaction,highlights,showcase,guide,stream_highlights,compilation","news,storytelling,entertainment,educational,social_commentary,promotional,skill_development"
21997,"May 6, 2024, 9:01:01 AM PST",Comedy,"entertaining,trending,informative,viral,family_friendly,mature,controversial,educational","animated,professional","reaction,compilation,showcase,commentary,guide,highlights,documentary,analysis,review,podcast","storytelling,entertainment,promotional,analysis,educational,skill_development"
22416,⚠️ MALE ICK JUST DROPPED.. YUCK!! 🤣😂 | First Date ft. Mark Normand,Comedy,"viral,trending,controversial,entertaining,informative","animated,edited,raw_footage,amateur","reaction,podcast,commentary,showcase,guide,compilation,documentary,highlights","entertainment,storytelling,news,promotional"
21580,"May 10, 2024, 9:13:31 AM PST",Music,"entertaining,trending,viral,informative,mature,educational","professional,animated","compilation,showcase,commentary,guide,highlights,stream_highlights,reaction,review","entertainment,news,storytelling,skill_development,promotional,educational"
21998,"May 6, 2024, 8:53:11 AM PST",Entertainment,"trending,entertaining,informative,viral,mature,controversial,educational,family_friendly","professional,edited,animated,high_production","reaction,compilation,commentary,guide,highlights,showcase,interview,analysis,review,tutorial,stream_highlights,documentary","skill_development,storytelling,educational,news,social_commentary,entertainment,promotional,analysis"
21999,"May 6, 2024, 8:49:17 AM PST",Comedy,"trending,informative,mature,entertaining,viral,controversial,family_friendly,educational","professional,animated,edited","reaction,guide,commentary,compilation,showcase,highlights,analysis,documentary","storytelling,educational,entertainment,analysis,promotional"
21581,"May 10, 2024, 9:13:29 AM PST",News,"informative,controversial,trending,entertaining,viral,educational",high_production,"compilation,analysis,guide,highlights,reaction,commentary,showcase,stream_highlights,review","news,analysis,skill_development,social_commentary,educational,storytelling"
22417,"May 2, 2024, 3:26:00 PM PST",Music,"entertaining,trending,informative,viral,educational,mature","animated,professional,edited","podcast,guide,compilation,showcase,highlights","entertainment,storytelling,educational"
22418,"May 2, 2024, 3:18:48 PM PST",Entertainment,"trending,entertaining,informative,viral,family_friendly,mature","professional,animated,edited,high_production","showcase,highlights,reaction","promotional,entertainment"
21582,"May 10, 2024, 9:13:23 AM PST",News,"controversial,trending,entertaining,viral,informative,educational","edited,animated","reaction,commentary,showcase,highlights,stream_highlights","news,educational,entertainment,storytelling,skill_development"
22000,"May 6, 2024, 8:48:58 AM PST",News,"informative,trending,controversial,entertaining,viral,mature,educational,family_friendly","live_recording,professional,high_production,studio_quality,animated","compilation,highlights,stream_highlights,showcase,review,guide,reaction,analysis,walkthrough,commentary","news,analysis,entertainment,storytelling,educational"
21583,"May 10, 2024, 9:12:50 AM PST",Technology,"mature,informative,trending,controversial,entertaining,educational","professional,high_production,studio_quality,live_recording,edited,animated","showcase,guide,analysis,highlights,reaction,stream_highlights,review,commentary,interview","educational,skill_development,news,social_commentary,analysis,storytelling,product_review,personal_vlog"
22419,"May 2, 2024, 3:11:17 PM PST",Music,"entertaining,trending,viral,informative,mature,controversial,educational","professional,high_production,animated","showcase,compilation,highlights","entertainment,promotional,educational,storytelling"
22001,"May 6, 2024, 8:05:03 AM PST",Entertainment,"trending,entertaining,viral,informative,mature,controversial,educational,family_friendly","professional,animated,high_production,studio_quality,edited","showcase,compilation,reaction,highlights,guide,commentary,documentary,analysis,review","promotional,entertainment,storytelling,educational,analysis"
22420,"May 2, 2024, 3:09:39 PM PST",Reviews,"trending,viral,informative,family_friendly,clickbait,entertaining,controversial","animated,edited","reaction,commentary,compilation,guide,showcase,analysis","social_commentary,analysis"
21584,"May 10, 2024, 9:12:34 AM PST",Entertainment,"viral,entertaining,trending,informative,educational,mature,controversial,family_friendly","animated,professional,high_production","showcase,reaction,analysis,stream_highlights,documentary,guide,highlights,compilation,review,commentary,interview,tutorial","entertainment,storytelling,educational,analysis,skill_development,social_commentary,product_review,promotional,news"
22002,"May 6, 2024, 8:00:31 AM PST",Entertainment,"trending,entertaining,informative,viral,educational,family_friendly,mature","professional,high_production,animated,studio_quality,edited","showcase,highlights,guide,reaction,stream_highlights,documentary,podcast,compilation,commentary,analysis,interview","entertainment,promotional,news,storytelling,skill_development,educational,product_review,analysis"
22421,"May 2, 2024, 3:06:45 PM PST",Music,"entertaining,trending,viral,informative,controversial",edited,"compilation,reaction,showcase,commentary","entertainment,social_commentary"
21585,"May 10, 2024, 9:12:09 AM PST",Tutorial,"trending,viral,entertaining,informative","animated,professional","showcase,walkthrough,highlights,compilation,reaction,guide,commentary","news,promotional,entertainment"
22003,"May 6, 2024, 7:50:57 AM PST",Entertainment,"trending,entertaining,informative,mature,viral,controversial,educational,family_friendly","professional,edited,animated,high_production","reaction,compilation,guide,commentary,highlights,showcase,analysis,review,tutorial","storytelling,educational,skill_development,analysis,promotional,entertainment,social_commentary,news"
22422,"May 2, 2024, 2:54:23 PM PST",Music,"trending,informative,entertaining,educational,family_friendly,mature,viral,controversial","professional,edited","compilation,guide,showcase,review,highlights,podcast,commentary,analysis","storytelling,educational,product_review,skill_development,entertainment,analysis"
21586,"May 10, 2024, 9:11:44 AM PST",Sports,"trending,viral,entertaining,controversial,informative","animated,edited","reaction,commentary,highlights,showcase","entertainment,promotional"
22004,"May 6, 2024, 7:48:06 AM PST",Comedy,"trending,entertaining,informative,viral,mature,controversial,family_friendly,educational","professional,animated,high_production","compilation,reaction,showcase,guide,highlights,commentary","storytelling,entertainment,educational,promotional"
21587,"May 10, 2024, 9:11:10 AM PST",Reviews,"controversial,trending,informative,viral,entertaining","high_production,studio_quality,edited,live_recording","review,compilation,highlights,stream_highlights,analysis,guide,interview,showcase","news,analysis,social_commentary,product_review"
22423,"May 2, 2024, 2:26:03 PM PST",Music,"trending,entertaining,informative,viral,mature,controversial","professional,high_production","showcase,reaction,analysis","storytelling,entertainment,analysis"
22005,"May 6, 2024, 7:44:25 AM PST",Entertainment,"entertaining,trending,informative,viral,mature,controversial,family_friendly",high_production,"reaction,showcase,highlights,compilation,guide,commentary","storytelling,entertainment"
22424,"May 2, 2024, 10:02:30 AM PST",Entertainment,"entertaining,trending,informative,viral","animated,raw_footage,edited,high_production","highlights,reaction,showcase,guide,compilation,commentary,stream_highlights,review,documentary","entertainment,storytelling,promotional,social_commentary"
21588,"May 10, 2024, 9:10:53 AM PST",Gaming,"mature,family_friendly,informative,trending,entertaining,viral,educational","professional,animated,studio_quality,high_production","showcase,highlights,compilation,guide",educational
22006,"May 6, 2024, 7:22:26 AM PST",Comedy,"entertaining,informative,trending,mature,educational,viral,controversial,family_friendly",professional,"compilation,guide,showcase,reaction,highlights,commentary,analysis,podcast,review","storytelling,educational,entertainment,analysis"
22425,"May 2, 2024, 9:56:59 AM PST",Comedy,"entertaining,informative,trending,mature,educational,viral,controversial,family_friendly",professional,"compilation,guide,showcase,reaction,highlights,commentary,analysis,podcast,review","storytelling,educational,entertainment,analysis"
22007,"May 6, 2024, 7:22:20 AM PST",Music,"trending,mature,informative,entertaining,viral,educational","professional,high_production,animated,edited","guide,showcase,highlights,analysis,reaction,interview,documentary,review,commentary","educational,analysis,skill_development,storytelling"
21589,"May 10, 2024, 9:10:32 AM PST",Education,"trending,entertaining,viral,informative,mature,controversial","professional,animated,high_production,edited","reaction,highlights,compilation,showcase,commentary","news,entertainment,promotional,storytelling"
22426,"May 2, 2024, 9:56:33 AM PST",Comedy,"entertaining,trending,informative,viral,controversial,family_friendly,mature,educational",animated,"reaction,commentary,showcase,compilation,guide,highlights,analysis,review,documentary,tutorial","storytelling,entertainment,analysis,educational,promotional"
21590,"May 10, 2024, 9:09:29 AM PST",Comedy,"entertaining,controversial,informative,viral,trending,educational","edited,studio_quality,high_production,animated,raw_footage,live_recording","reaction,commentary,analysis,highlights,guide,compilation,stream_highlights,showcase,podcast,review,interview","news,storytelling,entertainment,analysis,social_commentary,educational,personal_vlog,skill_development"
22008,"May 6, 2024, 7:22:17 AM PST",Music,"entertaining,trending,informative,viral,mature,family_friendly,educational,controversial","professional,animated,high_production","showcase,reaction,guide,commentary,compilation,highlights,analysis,review,tutorial","storytelling,entertainment,educational,analysis,skill_development,promotional"
22427,"May 2, 2024, 9:56:31 AM PST",Comedy,"trending,entertaining,viral,informative,mature,controversial,family_friendly,educational","animated,professional,edited","reaction,compilation,showcase,guide,commentary,highlights,analysis","storytelling,entertainment,promotional,educational,analysis"
21591,"May 10, 2024, 9:09:05 AM PST",Comedy,"informative,entertaining,viral,trending,controversial",edited,"commentary,reaction,compilation","entertainment,social_commentary,product_review"
22428,"May 2, 2024, 9:56:30 AM PST",Entertainment,"trending,entertaining,mature,viral,family_friendly","professional,high_production,studio_quality,animated,edited","showcase,stream_highlights,compilation,highlights,guide,review,commentary,interview,walkthrough,podcast,analysis,reaction","entertainment,product_review,personal_vlog,skill_development,storytelling,social_commentary,analysis"
21592,"May 10, 2024, 9:06:15 AM PST",Shorts,"informative,trending,viral,educational,entertaining,controversial","high_production,edited",guide,"promotional,educational"
22009,"May 6, 2024, 7:22:02 AM PST",Music,"entertaining,informative,trending,viral,mature,family_friendly","high_production,edited","showcase,compilation,guide,highlights,stream_highlights,reaction",entertainment
22429,"May 2, 2024, 9:56:28 AM PST",Entertainment,"trending,entertaining,informative,viral,mature,controversial,educational,family_friendly","animated,professional,edited,high_production","reaction,guide,highlights,showcase,compilation,commentary,analysis,tutorial","entertainment,storytelling,educational,promotional,skill_development,news,analysis"
21593,"May 10, 2024, 9:06:06 AM PST",Entertainment,"trending,entertaining,viral,informative,controversial,educational,family_friendly","high_production,animated,professional,studio_quality,edited","compilation,reaction,showcase,highlights,guide,commentary,review,stream_highlights","entertainment,storytelling,news,promotional,educational"
22010,"May 6, 2024, 7:18:28 AM PST",Entertainment,"trending,informative,entertaining,mature,viral,controversial,educational,family_friendly","professional,animated,edited,high_production","reaction,guide,showcase,highlights,compilation,commentary,analysis,review","entertainment,educational,storytelling,analysis,skill_development"
22430,"May 2, 2024, 9:56:27 AM PST",Comedy,"trending,entertaining,viral,informative,controversial,mature,educational,family_friendly","animated,professional,high_production,edited","reaction,guide,showcase,highlights,compilation,commentary,tutorial","storytelling,entertainment,promotional,skill_development,educational,news"
22431,"May 2, 2024, 9:56:24 AM PST",Music,"entertaining,informative,trending,educational,viral,family_friendly,mature",animated,"compilation,guide,showcase,highlights,commentary,reaction","storytelling,entertainment,educational"
21594,"May 10, 2024, 9:05:42 AM PST",Sports,"controversial,trending,viral,entertaining,informative,educational",animated,"commentary,reaction,showcase,guide,compilation,highlights","news,storytelling,social_commentary,entertainment,educational,skill_development,promotional"
22011,"May 6, 2024, 4:26:36 AM PST",Music,"entertaining,informative,trending,viral,family_friendly,educational,mature","high_production,edited","compilation,highlights,showcase,stream_highlights,guide,reaction,review","entertainment,storytelling,educational,promotional"
22432,"May 2, 2024, 8:13:09 AM PST",Entertainment,"trending,entertaining,informative,viral,mature,controversial,educational,family_friendly",professional,"showcase,reaction,highlights,guide,compilation,commentary,analysis","storytelling,entertainment,educational,analysis"
21595,"May 10, 2024, 6:35:37 AM PST",Tutorial,"informative,educational,trending,controversial,viral,mature,entertaining","professional,edited","guide,review,analysis,showcase,compilation,tutorial,walkthrough,highlights","educational,analysis,news"
22012,"May 6, 2024, 4:05:30 AM PST",Entertainment,"trending,informative,mature,entertaining,viral,controversial,educational,family_friendly","professional,animated,edited","reaction,guide,highlights,showcase,commentary,compilation,analysis,tutorial,review","storytelling,skill_development,educational,analysis,entertainment,news,promotional"
22433,"May 2, 2024, 8:09:45 AM PST",Entertainment,"entertaining,trending,informative,viral,mature,controversial,family_friendly",high_production,"reaction,showcase,highlights,compilation,guide,commentary","storytelling,entertainment"
21596,"May 10, 2024, 6:34:16 AM PST",Gaming,"informative,trending,educational,entertaining,viral,mature","professional,high_production","guide,tutorial,showcase,analysis,highlights,review","educational,analysis,news"
22013,"May 6, 2024, 3:58:34 AM PST",Music,"informative,trending,mature,viral,educational,entertaining,family_friendly",,"showcase,highlights,guide",educational
22434,"May 2, 2024, 8:09:43 AM PST",Music,"entertaining,informative,trending,viral,controversial,educational",edited,"showcase,compilation,highlights,guide,reaction,commentary","storytelling,entertainment,educational"
22014,"May 6, 2024, 12:58:04 AM PST",Tutorial,"controversial,educational,informative,trending,entertaining,viral",,"commentary,analysis,reaction","educational,analysis"
22435,"May 2, 2024, 8:09:41 AM PST",Comedy,"family_friendly,entertaining,trending,viral,informative,mature,controversial,educational","animated,professional,edited","reaction,compilation,guide,commentary,showcase,podcast,highlights,review,documentary,analysis,tutorial","storytelling,entertainment,promotional,educational,analysis"
21597,"May 10, 2024, 6:33:55 AM PST",Shorts,"trending,viral,entertaining,informative","professional,edited,high_production,animated","showcase,compilation","storytelling,news,entertainment,promotional"
22015,"May 6, 2024, 12:57:53 AM PST",Shorts,"trending,viral,entertaining,controversial,informative,educational","amateur,edited","reaction,commentary,compilation","entertainment,social_commentary,educational"
21598,"May 10, 2024, 6:09:58 AM PST",Entertainment,"entertaining,trending,informative,viral,educational","high_production,professional","compilation,showcase,highlights,podcast,reaction,guide,stream_highlights","storytelling,news,entertainment,promotional,educational"
22436,"May 2, 2024, 8:09:40 AM PST",Music,"entertaining,trending,viral,informative,educational,controversial","edited,animated","podcast,showcase,highlights,compilation,reaction,commentary","entertainment,storytelling,educational,skill_development"
22016,"May 6, 2024, 12:57:46 AM PST",Comedy,"entertaining,informative,controversial,trending,viral,educational","professional,edited,studio_quality,raw_footage","reaction,guide,commentary,highlights,compilation,showcase,analysis,stream_highlights","news,educational,social_commentary,analysis"
21599,"May 9, 2024, 7:28:03 PM PST",Technology,"informative,trending,entertaining,viral","high_production,studio_quality","podcast,compilation,showcase,guide",
22437,"May 2, 2024, 8:09:39 AM PST",Entertainment,"entertaining,trending,informative,viral,educational,controversial,family_friendly","high_production,animated","reaction,compilation,showcase,highlights,commentary","storytelling,entertainment,educational,promotional"
21600,"May 9, 2024, 7:06:35 PM PST",Tutorial,"educational,informative,entertaining,trending,viral",edited,"showcase,guide,highlights,tutorial","educational,entertainment"
22017,"May 6, 2024, 12:57:19 AM PST",Technology,"trending,viral,entertaining,controversial,informative","professional,raw_footage,edited,amateur,animated","reaction,commentary,compilation,highlights,guide,showcase","entertainment,news,social_commentary,promotional,skill_development,storytelling"
22438,"May 2, 2024, 8:09:37 AM PST",Music,"trending,viral,informative,entertaining,mature,family_friendly",edited,"showcase,compilation,guide,highlights",
21601,"May 9, 2024, 7:06:04 PM PST",Gaming,"informative,entertaining,trending,educational,mature,viral","professional,high_production,edited","showcase,highlights,guide,documentary",educational
22439,"May 2, 2024, 8:09:36 AM PST",Entertainment,"trending,entertaining,informative,viral,mature,controversial,family_friendly,educational","professional,edited,animated","reaction,guide,showcase,compilation,highlights,commentary,analysis","storytelling,entertainment,promotional,educational,analysis"
22018,"May 6, 2024, 12:56:25 AM PST",Shorts,"trending,viral,controversial,informative,entertaining",edited,"reaction,commentary,showcase,guide",news
22440,"May 2, 2024, 8:09:23 AM PST",Entertainment,"trending,controversial,entertaining,viral,informative",edited,"reaction,highlights,commentary,showcase,guide",entertainment
22019,"May 6, 2024, 12:56:21 AM PST",Sports,"trending,informative,viral,entertaining,controversial",,"highlights,showcase",news
22441,"May 2, 2024, 8:06:03 AM PST",Entertainment,"trending,entertaining,informative,mature,viral,controversial,educational,family_friendly","professional,animated,high_production,edited","reaction,guide,compilation,showcase,commentary,highlights,analysis,review","storytelling,educational,entertainment,promotional,analysis,news"
21602,"May 9, 2024, 7:04:17 PM PST",Gaming,"trending,viral,entertaining,informative,family_friendly","live_recording,studio_quality","podcast,showcase,reaction,compilation,highlights,guide,stream_highlights","promotional,entertainment,storytelling,news"
22020,"May 6, 2024, 12:54:40 AM PST",Sports,"entertaining,informative,viral,trending,controversial,educational,mature","animated,raw_footage,edited,professional,studio_quality,live_recording","reaction,showcase,guide,documentary,highlights,podcast,analysis,commentary,compilation,interview,stream_highlights,review","storytelling,entertainment,news,analysis,social_commentary,educational,skill_development"
22442,"May 2, 2024, 8:06:00 AM PST",Technology,"trending,viral,entertaining,informative,controversial,mature,educational,clickbait","animated,edited,professional","reaction,guide,commentary,compilation,highlights,showcase,tutorial","entertainment,promotional,educational,storytelling,skill_development"
21603,"May 9, 2024, 5:20:02 PM PST",Tutorial,"informative,educational,trending,entertaining,viral",,"tutorial,showcase,guide,walkthrough,highlights",educational
22021,"May 6, 2024, 12:54:13 AM PST",Shorts,"entertaining,trending,viral,family_friendly",edited,"commentary,showcase,compilation,reaction,highlights","entertainment,storytelling,promotional"
21604,"May 9, 2024, 5:19:13 PM PST",Technology,"informative,educational,entertaining,trending,mature,viral,family_friendly","professional,studio_quality,high_production","tutorial,showcase,guide,highlights,compilation,walkthrough","educational,news,product_review"
22443,"May 2, 2024, 8:05:03 AM PST",Music,"entertaining,trending,viral,controversial,informative","animated,high_production,edited","showcase,compilation,highlights,podcast,reaction,review,commentary,stream_highlights","entertainment,promotional"
21605,"May 9, 2024, 5:18:52 PM PST",Technology,"informative,trending,educational,entertaining,viral,mature","professional,high_production,studio_quality,edited","showcase,guide,tutorial,highlights,stream_highlights,review","news,educational,skill_development"
22022,"May 6, 2024, 12:53:58 AM PST",Shorts,"trending,viral,informative,educational,entertaining",animated,"showcase,guide,tutorial,compilation,commentary","educational,promotional,news,entertainment"
22444,"May 2, 2024, 8:01:04 AM PST",Music,"entertaining,trending,viral,informative,educational,family_friendly,mature","high_production,professional,edited","compilation,highlights,guide","entertainment,storytelling,promotional,skill_development,educational"
22445,"May 2, 2024, 7:58:36 AM PST",Entertainment,"entertaining,trending,informative,viral,controversial,educational",animated,"showcase,reaction,compilation,commentary,guide,highlights","storytelling,entertainment,educational"
21606,"May 9, 2024, 5:12:51 PM PST",Comedy,"entertaining,trending,viral,informative","animated,edited","showcase,reaction,compilation,guide,commentary,stream_highlights","entertainment,news,promotional"
22023,"May 6, 2024, 12:53:03 AM PST",Shorts,"educational,informative,trending,viral,entertaining,controversial","edited,amateur","tutorial,guide,showcase","educational,skill_development"
22446,"May 2, 2024, 7:55:45 AM PST",Entertainment,"informative,entertaining,trending,viral,family_friendly,educational",edited,"showcase,reaction,guide,compilation,highlights,commentary","storytelling,promotional,entertainment,educational"
21607,"May 9, 2024, 5:12:36 PM PST",Technology,"informative,trending,entertaining,viral,mature,educational","professional,edited","guide,highlights,showcase,tutorial","skill_development,educational"
22024,"May 6, 2024, 12:52:26 AM PST",Gaming,"trending,entertaining,family_friendly,informative,viral,controversial,mature","animated,high_production,edited,raw_footage","reaction,compilation,highlights,commentary,showcase,guide,stream_highlights",entertainment
22447,"May 2, 2024, 7:52:38 AM PST",Entertainment,"trending,entertaining,informative,viral,mature,educational,family_friendly,controversial","professional,animated,high_production","compilation,showcase,reaction,guide,highlights,commentary,analysis,review","storytelling,educational,entertainment,promotional,analysis"
22448,"May 2, 2024, 7:49:22 AM PST",Music,"trending,viral,entertaining,informative,family_friendly,mature,educational,controversial","animated,professional,edited","commentary,reaction,compilation,guide,highlights,podcast,analysis,review,tutorial,showcase","storytelling,entertainment,promotional,educational,social_commentary,analysis"
21608,"May 9, 2024, 5:12:33 PM PST",Entertainment,"entertaining,controversial,trending,viral","animated,edited,amateur","reaction,commentary,showcase,highlights","entertainment,storytelling,news,social_commentary"
22025,"May 6, 2024, 12:51:31 AM PST",Shorts,"entertaining,trending,controversial,viral","amateur,edited,animated","reaction,commentary,highlights,showcase,compilation,stream_highlights","entertainment,social_commentary,storytelling,news"
22449,"May 2, 2024, 7:41:15 AM PST",Comedy,"trending,entertaining,informative,viral,mature,controversial,educational,family_friendly","professional,animated","reaction,compilation,guide,commentary,showcase,highlights,analysis,review,documentary","storytelling,educational,entertainment,analysis,promotional"
21609,"May 9, 2024, 5:12:20 PM PST",Sports,"trending,entertaining,informative,viral,controversial,mature","professional,high_production","showcase,highlights,guide,analysis,compilation","skill_development,analysis,news,entertainment,promotional"
22026,"May 6, 2024, 12:51:05 AM PST",Shorts,"controversial,trending,viral,entertaining,clickbait,informative","edited,animated","commentary,reaction,compilation,guide,highlights","news,promotional"
21610,"May 9, 2024, 5:11:38 PM PST",Entertainment,"controversial,trending,viral,entertaining,informative","edited,animated,raw_footage,amateur,high_production","reaction,commentary,highlights,guide,stream_highlights,showcase,compilation","social_commentary,storytelling,personal_vlog,news,entertainment"
22450,"May 2, 2024, 7:40:45 AM PST",Music,"trending,informative,entertaining,viral,educational,mature","high_production,edited","highlights,showcase,stream_highlights,guide,reaction,review,compilation","educational,storytelling,entertainment"
21611,"May 9, 2024, 5:11:36 PM PST",Comedy,"entertaining,trending,informative,viral,controversial,family_friendly,educational,mature","animated,high_production","showcase,reaction,highlights,guide,compilation,commentary","entertainment,promotional,educational"
22027,"May 6, 2024, 12:50:20 AM PST",Entertainment,"trending,entertaining,viral,informative,family_friendly,controversial",edited,"commentary,highlights,reaction,compilation",entertainment
22451,"May 2, 2024, 7:37:03 AM PST",Sports,"trending,entertaining,informative,viral,mature,educational,family_friendly,controversial","animated,professional,edited","reaction,guide,highlights,compilation,showcase","entertainment,educational,promotional"
21612,"May 9, 2024, 5:11:23 PM PST",Entertainment,"controversial,entertaining,viral,trending,informative","animated,high_production,professional,raw_footage,live_recording","reaction,showcase,stream_highlights,commentary,compilation,highlights,guide","news,entertainment,personal_vlog,skill_development,social_commentary,storytelling"
22452,"May 2, 2024, 7:35:11 AM PST",Entertainment,"trending,entertaining,informative,viral,mature,controversial,educational,family_friendly","professional,edited,high_production,animated","showcase,guide,reaction,highlights,compilation,commentary,analysis,review","entertainment,storytelling,educational,analysis,skill_development,promotional"
21613,"May 9, 2024, 5:11:15 PM PST",Technology,"controversial,trending,entertaining,informative,viral,educational","animated,edited","commentary,showcase,reaction,analysis,highlights,guide","news,educational,analysis,social_commentary"
22028,"May 6, 2024, 12:49:54 AM PST",Tutorial,"trending,educational,informative,viral,entertaining,controversial,family_friendly","amateur,animated","guide,tutorial,showcase,commentary,walkthrough","educational,entertainment,news,promotional"
22453,"May 2, 2024, 7:31:17 AM PST",Entertainment,"entertaining,trending,viral,informative","animated,high_production,studio_quality,professional,edited","showcase,compilation,highlights","entertainment,promotional,storytelling"
21614,"May 9, 2024, 5:10:58 PM PST",Technology,"trending,informative,entertaining,controversial,viral,educational","high_production,animated","analysis,showcase,highlights,review,guide,commentary","analysis,educational,news"
22029,"May 6, 2024, 12:49:29 AM PST",Comedy,"entertaining,trending,controversial,informative,viral",edited,"reaction,commentary,highlights",storytelling
22454,"May 2, 2024, 7:31:13 AM PST",Entertainment,"trending,controversial,viral,informative","edited,animated","reaction,commentary,compilation,guide,showcase,highlights,analysis,review","storytelling,news,social_commentary,analysis"
22030,"May 6, 2024, 12:49:11 AM PST",Reviews,"mature,trending,informative,viral,entertaining",professional,"compilation,guide,highlights",
21615,Coast Guard boarding us with Marine Patrol. This is how you deal with them. You need to be direct,Technology,"informative,trending,educational,mature,controversial,viral,entertaining","professional,high_production,edited","guide,reaction,showcase,compilation,commentary,highlights,analysis,tutorial,review,stream_highlights","educational,analysis,news"
22455,"May 2, 2024, 7:31:05 AM PST",Comedy,"trending,entertaining,informative,viral,mature,controversial,family_friendly,educational","animated,professional","reaction,compilation,guide,commentary,showcase,highlights,documentary,analysis,review","storytelling,entertainment,promotional,educational,analysis,skill_development"
22031,"May 6, 2024, 12:48:34 AM PST",Technology,"trending,viral,informative,entertaining,controversial","high_production,animated,live_recording,professional","highlights,reaction",news
22456,"May 2, 2024, 7:04:59 AM PST",Entertainment,"entertaining,trending,informative,viral",animated,"reaction,showcase,highlights,commentary,guide,compilation","storytelling,entertainment"
22032,"May 6, 2024, 12:46:43 AM PST",Comedy,"controversial,entertaining,viral,trending,informative","edited,high_production,amateur","commentary,reaction,highlights,compilation,showcase","storytelling,entertainment,news"
21616,"May 9, 2024, 5:10:36 PM PST",Shorts,"controversial,trending,viral,informative",live_recording,"reaction,showcase,stream_highlights,compilation,analysis","news,skill_development,analysis"
22457,"May 2, 2024, 6:57:42 AM PST",Entertainment,"trending,entertaining,informative,mature,viral,controversial,educational,family_friendly","professional,edited,animated,high_production","reaction,compilation,guide,commentary,highlights,showcase,analysis,review,tutorial","storytelling,educational,skill_development,analysis,promotional,entertainment,social_commentary,news"
21617,"May 9, 2024, 5:10:35 PM PST",Tutorial,"trending,entertaining,viral,controversial,educational,informative","amateur,edited","guide,commentary,compilation,reaction,highlights","entertainment,educational"
22033,"May 6, 2024, 12:46:22 AM PST",Entertainment,"entertaining,trending,viral,family_friendly,clickbait","animated,raw_footage,studio_quality,live_recording","reaction,highlights,commentary,compilation,showcase,stream_highlights,podcast","entertainment,social_commentary,personal_vlog,storytelling,product_review"
22458,"May 2, 2024, 6:57:40 AM PST",Music,"entertaining,trending,viral,informative,controversial,mature,educational","animated,high_production,professional,edited","podcast,showcase,compilation,highlights,guide,reaction,commentary,stream_highlights,review","entertainment,storytelling,skill_development,educational,news"
22034,"May 6, 2024, 12:45:31 AM PST",Entertainment,"entertaining,clickbait,trending,controversial,viral,informative,educational","animated,edited","showcase,highlights","entertainment,news,educational,promotional"
21618,"May 9, 2024, 5:10:21 PM PST",Comedy,"entertaining,trending,viral,controversial,informative","high_production,amateur,edited,animated","commentary,reaction,showcase,highlights,compilation,stream_highlights","entertainment,news,storytelling,social_commentary"
22459,"May 2, 2024, 6:57:38 AM PST",Entertainment,"trending,viral,entertaining,informative,mature,controversial,educational","professional,high_production,animated","reaction,showcase,highlights,guide,compilation,commentary,interview,documentary,analysis","storytelling,skill_development,entertainment,educational,analysis"
22460,"May 2, 2024, 6:57:36 AM PST",Entertainment,"trending,entertaining,informative,viral,mature,controversial,educational,family_friendly","animated,professional,edited,high_production","reaction,guide,highlights,showcase,compilation,commentary,analysis,tutorial","entertainment,storytelling,educational,promotional,skill_development,news,analysis"
22035,"May 6, 2024, 12:45:10 AM PST",Sports,"informative,mature,educational,entertaining,trending,family_friendly","professional,edited,high_production","compilation,commentary,reaction,guide,analysis","educational,storytelling,analysis"
21619,"May 9, 2024, 5:10:17 PM PST",Gaming,"trending,entertaining,viral,informative,controversial","edited,professional,animated,high_production","guide,commentary,compilation","storytelling,promotional,entertainment"
22461,"May 2, 2024, 6:57:33 AM PST",Music,"trending,informative,entertaining,mature,viral,educational,controversial","edited,professional,high_production,animated","guide,reaction,showcase,highlights,compilation,commentary,review,analysis,interview","storytelling,educational,skill_development,entertainment,analysis"
22036,"May 6, 2024, 12:45:02 AM PST",Comedy,"trending,viral,controversial,entertaining,informative,clickbait","animated,amateur,edited,professional","reaction,commentary,compilation,showcase,highlights,podcast,review,analysis,interview","news,entertainment,social_commentary,promotional,storytelling,analysis"
21620,"May 9, 2024, 5:10:00 PM PST",Gaming,"trending,entertaining,informative,viral,mature,educational,controversial","professional,live_recording,edited,animated","showcase,commentary,analysis,reaction,guide,highlights,stream_highlights,review","news,promotional,entertainment,educational,analysis,storytelling,skill_development"
22462,"May 2, 2024, 6:57:14 AM PST",Tutorial,"trending,informative,entertaining,viral,mature","professional,edited,high_production","highlights,showcase,guide,compilation",entertainment
22037,"May 6, 2024, 12:44:28 AM PST",Comedy,"controversial,entertaining,trending,viral","studio_quality,high_production,edited,raw_footage,live_recording","reaction,commentary,highlights,stream_highlights,compilation,review","news,entertainment,social_commentary,personal_vlog,skill_development,product_review"
21621,"May 9, 2024, 5:09:58 PM PST",Entertainment,"entertaining,trending,controversial,viral,informative","high_production,edited","reaction,compilation,commentary,highlights,showcase,stream_highlights,guide","social_commentary,entertainment,personal_vlog,news"
21622,"May 9, 2024, 5:09:56 PM PST",News,"informative,trending,entertaining,viral,controversial",high_production,"showcase,highlights,guide,stream_highlights","news,skill_development"
22463,"May 2, 2024, 6:29:50 AM PST",Music,"trending,informative,entertaining,educational,viral,mature,controversial","high_production,edited","stream_highlights,highlights,showcase,guide,reaction,review,compilation,analysis","educational,storytelling,skill_development,entertainment,analysis"
22038,"May 6, 2024, 12:44:02 AM PST",Gaming,"trending,entertaining,viral,informative,controversial,educational","animated,amateur,edited,high_production","commentary,analysis,reaction,review,showcase,guide,highlights,compilation","storytelling,entertainment,educational,analysis,news,promotional"
21623,"May 9, 2024, 5:09:41 PM PST",Music,"viral,trending,entertaining,controversial,informative","high_production,animated,edited","reaction,highlights,compilation,commentary,showcase","entertainment,social_commentary,storytelling,news"
22464,"May 2, 2024, 6:04:11 AM PST",Entertainment,"trending,entertaining,viral,informative,mature,controversial,educational,family_friendly","professional,animated,high_production,studio_quality,edited","showcase,compilation,reaction,highlights,guide,commentary,documentary,analysis,review","promotional,entertainment,storytelling,educational,analysis"
22039,"May 6, 2024, 12:43:49 AM PST",Tutorial,"controversial,informative,trending,viral","edited,high_production,animated","reaction,guide,commentary,compilation,highlights",news
22040,"May 6, 2024, 12:43:23 AM PST",News,"trending,viral,informative,controversial,entertaining,educational,clickbait","high_production,animated,studio_quality","reaction,commentary,highlights,showcase,compilation,interview,analysis,guide,review,stream_highlights","news,storytelling,analysis,social_commentary,educational,entertainment"
21624,"May 9, 2024, 5:09:33 PM PST",Comedy,"entertaining,trending,viral,informative,controversial","amateur,edited,high_production,studio_quality","reaction,compilation,stream_highlights,commentary,highlights",entertainment
22465,Shri Ram Janki Baithe Hai Mere Seene Me.श्री राम जानकी बैठे हैं मेरे सीने में Latest Song Bhajan2023,Music,"trending,viral,entertaining,informative,family_friendly",high_production,"reaction,showcase,compilation,highlights,guide,review","news,storytelling,entertainment,promotional"
21625,"May 9, 2024, 5:09:32 PM PST",Entertainment,"entertaining,viral,trending,informative,mature,educational,family_friendly","professional,high_production,animated,live_recording,studio_quality","showcase,documentary,stream_highlights,compilation,reaction,highlights,tutorial,guide","entertainment,personal_vlog,educational,product_review,storytelling,skill_development,news,promotional,social_commentary"
22041,"May 6, 2024, 12:42:43 AM PST",Gaming,"trending,viral,informative,entertaining,controversial,educational","edited,amateur","commentary,reaction,analysis,compilation,guide","educational,analysis,storytelling,news,promotional,social_commentary"
21626,"May 9, 2024, 5:09:09 PM PST",Sports,"trending,entertaining,viral,informative,controversial","professional,amateur,high_production,edited","showcase,highlights,guide,reaction,stream_highlights","entertainment,news,skill_development,storytelling"
22042,"May 6, 2024, 12:42:11 AM PST",Entertainment,"entertaining,viral,informative,trending,educational,mature,controversial,family_friendly","animated,professional,high_production","showcase,reaction,analysis,highlights,stream_highlights,guide,documentary,review,compilation,commentary,interview","entertainment,storytelling,educational,analysis,skill_development,product_review,social_commentary,promotional,news"
22466,"May 2, 2024, 4:07:55 AM PST",Music,"viral,trending,entertaining,controversial,informative,educational,family_friendly","animated,high_production","reaction,compilation,commentary,highlights,showcase,guide,analysis,stream_highlights","storytelling,promotional,entertainment,educational,analysis"
22043,"May 6, 2024, 12:42:01 AM PST",Education,"controversial,informative","edited,amateur","reaction,guide",news
21627,"May 9, 2024, 5:08:46 PM PST",Comedy,"entertaining,trending,viral,controversial","edited,amateur,live_recording,animated","commentary,reaction,showcase,highlights,stream_highlights","entertainment,storytelling,social_commentary"
22467,"May 2, 2024, 4:07:18 AM PST",Tutorial,"informative,trending,entertaining,viral,educational,mature,controversial","edited,animated","showcase,guide,highlights,compilation,review",educational
21628,"May 9, 2024, 5:08:04 PM PST",Shorts,"trending,viral,informative,family_friendly",edited,"compilation,guide,reaction,showcase,highlights",
22468,"May 2, 2024, 4:00:22 AM PST",Music,"informative,trending,mature,viral,educational,entertaining,family_friendly",,"showcase,highlights,guide",educational
22044,"May 6, 2024, 12:42:00 AM PST",Entertainment,"trending,controversial,viral,entertaining,informative,educational,mature,family_friendly","animated,edited,professional,raw_footage","reaction,showcase,commentary,guide,analysis,tutorial,compilation,highlights,review,interview","promotional,storytelling,entertainment,educational,analysis,skill_development,news"
22469,"May 1, 2024, 10:59:34 PM PST",Podcast,"trending,educational,informative,entertaining,mature","edited,professional,high_production","podcast,showcase,guide,highlights,commentary,review,interview,reaction","educational,entertainment"
21629,"May 9, 2024, 5:07:48 PM PST",Entertainment,"trending,entertaining,viral,controversial,informative,educational,family_friendly,mature","animated,studio_quality,edited,raw_footage","reaction,guide,showcase,commentary,analysis,compilation,highlights,review,tutorial,stream_highlights,podcast,interview","storytelling,promotional,educational,entertainment,analysis,skill_development,personal_vlog,product_review,social_commentary"
22470,Mark Cannataro Films,Entertainment,"entertaining,trending,informative,viral,family_friendly,controversial,educational","animated,edited,high_production","reaction,commentary,compilation,analysis,highlights,guide","storytelling,entertainment,analysis,educational,skill_development,promotional,social_commentary,news"
22045,"May 6, 2024, 12:41:31 AM PST",Comedy,"entertaining,controversial,trending,informative,viral,educational","edited,high_production,animated","commentary,reaction,showcase,guide,highlights,compilation,podcast,stream_highlights,analysis,review","storytelling,news,entertainment,skill_development,social_commentary,analysis,product_review,educational,promotional"
21630,"May 9, 2024, 5:07:34 PM PST",News,"controversial,viral,trending,entertaining,informative",edited,"reaction,commentary,compilation,highlights,podcast","news,storytelling,social_commentary"
22471,"May 1, 2024, 7:01:08 PM PST",News,"trending,controversial,viral,informative,entertaining","live_recording,studio_quality,edited","compilation,podcast,showcase,stream_highlights,guide,reaction,highlights,review","news,storytelling"
21631,"May 9, 2024, 5:07:30 PM PST",Music,"entertaining,trending,viral,informative,mature,controversial","professional,high_production","compilation,showcase,podcast,highlights,commentary,reaction,guide,review,documentary,stream_highlights","entertainment,storytelling"
22472,"May 1, 2024, 7:00:40 PM PST",Music,"trending,viral,entertaining,informative,mature",high_production,"reaction,highlights,showcase,stream_highlights,compilation,guide,review,commentary","entertainment,promotional"
22046,"May 6, 2024, 12:41:21 AM PST",Sports,"trending,viral,informative,entertaining,educational,controversial","edited,professional,amateur","reaction,commentary,showcase,highlights","news,social_commentary,educational,entertainment,storytelling,skill_development"
21632,"May 9, 2024, 5:07:27 PM PST",News,"informative,entertaining,controversial,viral,trending,educational,mature","professional,high_production,raw_footage,edited,live_recording","showcase,highlights,stream_highlights,guide,analysis,compilation,commentary,reaction,documentary","news,entertainment,educational,analysis,skill_development,storytelling"
22473,"May 1, 2024, 7:00:37 PM PST",Gaming,"controversial,informative,trending","edited,animated","reaction,analysis,commentary,compilation,review,showcase","news,analysis"
22047,"May 6, 2024, 12:41:19 AM PST",Tutorial,"trending,controversial,viral,educational,clickbait,entertaining,informative","amateur,animated,edited","tutorial,guide,showcase,highlights","news,educational,skill_development,entertainment,storytelling"
21633,"May 9, 2024, 5:07:22 PM PST",Comedy,"trending,viral,entertaining,controversial,clickbait,informative","amateur,animated,edited","reaction,commentary,compilation,podcast,showcase,guide,highlights","storytelling,entertainment,social_commentary,promotional,news"
22474,"May 1, 2024, 6:59:49 PM PST",Comedy,"entertaining,viral,trending,controversial,informative,mature","animated,high_production,studio_quality,raw_footage,amateur,live_recording,edited","reaction,commentary,showcase,highlights,stream_highlights,compilation,guide,analysis,review","entertainment,social_commentary,storytelling,skill_development,news,product_review,personal_vlog,analysis"
22048,"May 6, 2024, 12:41:01 AM PST",Shorts,"trending,entertaining,viral,informative,family_friendly","professional,animated","reaction,highlights,showcase,compilation,commentary,guide","entertainment,storytelling,promotional"
21634,"May 9, 2024, 5:06:30 PM PST",Technology,"informative,controversial,educational,trending,entertaining,viral",edited,"analysis,guide,commentary","analysis,educational,skill_development"
22049,"May 6, 2024, 12:40:51 AM PST",News,"informative,controversial,trending,entertaining,clickbait,viral,mature,educational","professional,high_production,studio_quality,edited,animated","guide,compilation,showcase,analysis,commentary,highlights,stream_highlights,review,tutorial,walkthrough,podcast,reaction,interview","skill_development,analysis,promotional,storytelling,news,social_commentary,product_review,personal_vlog,educational"
21635,"May 9, 2024, 5:06:14 PM PST",Reviews,"informative,trending,entertaining,viral,mature","professional,edited,high_production","highlights,showcase,review,compilation,guide,stream_highlights","news,product_review"
22475,"May 1, 2024, 6:59:24 PM PST",Technology,"trending,informative,viral,entertaining,educational,controversial",edited,"reaction,highlights,showcase,compilation","educational,news"
22050,"May 6, 2024, 12:40:32 AM PST",Reviews,"trending,informative,entertaining,controversial,viral","high_production,animated,edited,raw_footage","reaction,showcase,commentary",news
21636,"May 9, 2024, 5:05:59 PM PST",Entertainment,"viral,entertaining,informative,trending,educational,mature,controversial,family_friendly","animated,professional,high_production,studio_quality","showcase,reaction,analysis,stream_highlights,documentary,highlights,guide,compilation,review,commentary,interview","entertainment,analysis,storytelling,educational,skill_development,product_review,social_commentary,promotional"
22476,"May 1, 2024, 6:59:20 PM PST",Technology,"trending,informative,entertaining,controversial",edited,"highlights,guide,reaction,stream_highlights",news
22051,"May 6, 2024, 12:40:30 AM PST",Technology,"controversial,trending,viral,entertaining,informative,educational","animated,edited","commentary,reaction,analysis,review","educational,analysis,social_commentary"
21637,"May 9, 2024, 5:05:52 PM PST",Podcast,"trending,viral,informative,entertaining,educational,controversial,mature","animated,professional","podcast,compilation,showcase,guide,documentary,highlights,commentary,reaction","storytelling,educational,promotional"
22477,"May 1, 2024, 6:58:23 PM PST",Music,"trending,viral,entertaining,informative,controversial,clickbait","animated,edited",,news
22052,"May 6, 2024, 12:40:01 AM PST",Education,"mature,trending,educational,informative,entertaining,controversial",professional,"guide,showcase,highlights,review","storytelling,educational"
22478,"May 1, 2024, 6:57:22 PM PST",Shorts,"entertaining,viral,trending,informative,educational,family_friendly","high_production,animated,edited,raw_footage","highlights,reaction,commentary,compilation,showcase","entertainment,storytelling,social_commentary,promotional,news,educational"
22053,"May 6, 2024, 12:40:00 AM PST",Entertainment,"viral,entertaining,trending,informative,educational,mature,controversial,family_friendly","animated,professional,high_production,studio_quality","showcase,reaction,analysis,documentary,stream_highlights,highlights,compilation,review,guide,commentary,interview","entertainment,storytelling,educational,analysis,skill_development,product_review,social_commentary,promotional,news"
21638,"May 9, 2024, 5:05:03 PM PST",Entertainment,"trending,viral,entertaining,informative,educational,controversial",animated,"commentary,reaction,showcase","educational,storytelling,promotional,social_commentary,entertainment"
22479,"May 1, 2024, 6:57:16 PM PST",Gaming,"informative,trending,entertaining,educational,viral,controversial","edited,high_production","guide,commentary,showcase,reaction,compilation,highlights,analysis","educational,entertainment,news,analysis,promotional"
22054,"May 6, 2024, 12:39:46 AM PST",Podcast,"family_friendly,trending,viral,entertaining,informative,educational",animated,"showcase,guide,compilation,reaction,highlights,commentary,podcast","educational,entertainment"
21639,"May 9, 2024, 5:04:13 PM PST",Shorts,"informative,trending,controversial,viral,educational,entertaining",,"commentary,guide,analysis,review,podcast,tutorial","educational,analysis,promotional,social_commentary,news"
22480,"May 1, 2024, 6:56:44 PM PST",Music,"informative,trending,educational,viral,mature,controversial,entertaining","professional,edited","guide,podcast,commentary,showcase,interview,analysis,highlights","educational,analysis,social_commentary"
22055,"May 6, 2024, 12:39:23 AM PST",Sports,"entertaining,informative,trending,viral,family_friendly",animated,"showcase,compilation,highlights,guide,commentary,reaction","entertainment,promotional"
21640,"May 9, 2024, 5:04:11 PM PST",Music,"viral,entertaining,trending,informative,educational,mature,controversial,family_friendly","animated,professional,high_production","reaction,showcase,analysis,documentary,highlights,compilation,guide,review,stream_highlights,commentary,interview","entertainment,storytelling,educational,analysis,skill_development,promotional,social_commentary,product_review,news"
22481,"May 1, 2024, 6:56:11 PM PST",Entertainment,"entertaining,trending,mature,informative,viral,family_friendly","professional,edited,studio_quality","commentary,reaction,highlights,guide,compilation,showcase,stream_highlights","entertainment,promotional,social_commentary,news"
22056,"May 6, 2024, 12:39:05 AM PST",Tutorial,"trending,informative,educational,viral,entertaining,mature","professional,edited","highlights,showcase,guide,tutorial",educational
21641,"May 9, 2024, 5:03:46 PM PST",Technology,"informative,entertaining,trending,controversial,viral,educational","raw_footage,amateur,edited,high_production","guide,reaction,showcase,commentary,highlights,stream_highlights,review,compilation","news,educational,social_commentary,entertainment"
22482,"May 1, 2024, 6:56:09 PM PST",Technology,"mature,controversial,family_friendly","professional,amateur,studio_quality,edited",stream_highlights,storytelling
22057,"May 6, 2024, 12:38:51 AM PST",Entertainment,"controversial,entertaining,informative,trending,educational,viral","animated,edited","reaction,analysis,commentary,highlights","educational,analysis,storytelling,entertainment,skill_development"
22483,"May 1, 2024, 6:55:09 PM PST",Reviews,"trending,entertaining,viral,informative,family_friendly,educational","professional,high_production,animated","showcase,highlights,stream_highlights,compilation,interview,review,walkthrough","news,entertainment,promotional,educational,social_commentary"
22058,"May 6, 2024, 12:38:47 AM PST",Shorts,"trending,viral,entertaining,controversial,informative","amateur,edited","commentary,reaction,compilation,review","news,storytelling,entertainment,social_commentary"
21642,"May 9, 2024, 5:03:29 PM PST",Sports,"trending,viral,entertaining,informative,educational,controversial","animated,high_production,raw_footage","reaction,highlights,stream_highlights,commentary,showcase,compilation","news,social_commentary,entertainment,educational,skill_development,storytelling"
22484,"May 1, 2024, 6:54:40 PM PST",Comedy,"entertaining,viral,controversial,informative,trending,mature","high_production,raw_footage,animated,live_recording","reaction,highlights,showcase,commentary,compilation,stream_highlights,documentary,guide,review","entertainment,news,storytelling,personal_vlog,social_commentary"
21643,"May 9, 2024, 5:03:20 PM PST",Entertainment,"viral,trending,entertaining,informative,mature,educational","high_production,studio_quality,animated","reaction,showcase,stream_highlights,highlights,compilation,guide,analysis","entertainment,skill_development,social_commentary,product_review,educational,personal_vlog,analysis"
22485,"May 1, 2024, 6:54:05 PM PST",Tutorial,"informative,educational,controversial,entertaining,trending,viral",edited,"guide,tutorial,review,analysis","educational,analysis"
22059,"May 6, 2024, 12:38:36 AM PST",Comedy,"trending,viral,controversial,entertaining","edited,amateur,animated","reaction,commentary,review","entertainment,promotional"
21644,"May 9, 2024, 5:02:19 PM PST",Entertainment,"trending,entertaining,informative,viral,controversial,family_friendly","professional,animated,high_production,studio_quality,edited","compilation,reaction,showcase,highlights,commentary,guide","entertainment,storytelling"
21645,"May 9, 2024, 5:02:17 PM PST",Comedy,"entertaining,viral,trending,controversial,informative,family_friendly","animated,raw_footage,high_production,edited,amateur,studio_quality","reaction,highlights,commentary,compilation,showcase,stream_highlights,guide","entertainment,news,storytelling,skill_development,social_commentary"
22060,"May 6, 2024, 12:38:17 AM PST",Shorts,"entertaining,viral,trending,controversial,informative","edited,amateur","showcase,reaction",entertainment
22486,"May 1, 2024, 6:53:37 PM PST",Entertainment,"trending,entertaining,viral,informative,educational,controversial","animated,raw_footage","reaction,commentary,showcase,highlights,guide,compilation,analysis,podcast","storytelling,news,entertainment,educational,social_commentary,promotional,analysis"
21646,"May 9, 2024, 5:02:03 PM PST",Reviews,"informative,viral,trending,entertaining,educational,mature","studio_quality,high_production,edited","reaction,highlights,showcase,guide,interview,stream_highlights,review","news,educational,social_commentary,storytelling,skill_development"
22061,"May 6, 2024, 12:37:55 AM PST",Shorts,"trending,viral,entertaining,informative,family_friendly,controversial",edited,"commentary,guide,showcase,compilation,reaction,highlights","entertainment,skill_development,storytelling,promotional"
22487,"May 1, 2024, 6:51:11 PM PST",News,"trending,viral,informative,entertaining,educational,controversial,clickbait",animated,"commentary,guide,reaction,compilation","promotional,storytelling,educational,news"
21647,"May 9, 2024, 5:01:39 PM PST",Tutorial,"trending,entertaining,viral,educational,informative,family_friendly","animated,edited","showcase,guide,compilation,highlights","educational,storytelling,skill_development,entertainment,news"
22488,"May 1, 2024, 6:51:09 PM PST",Reviews,"informative,trending,entertaining,mature,viral,educational,family_friendly","professional,edited,high_production","guide,reaction,showcase,review,highlights","educational,news,product_review"
21648,"May 9, 2024, 5:01:31 PM PST",Gaming,"informative,educational,trending,entertaining,viral,controversial,mature","animated,professional,high_production,edited","showcase,guide,compilation,tutorial,reaction","storytelling,educational,entertainment,news,skill_development"
22062,"May 6, 2024, 12:37:21 AM PST",Gaming,"trending,viral,informative,entertaining,controversial","amateur,animated,edited","showcase,guide,compilation,reaction,highlights",promotional
21649,"May 9, 2024, 5:00:32 PM PST",Entertainment,"entertaining,trending,mature,informative,family_friendly,viral","edited,raw_footage,animated","stream_highlights,reaction,highlights,compilation,guide",entertainment
22489,"May 1, 2024, 6:50:56 PM PST",Entertainment,"entertaining,viral,informative,trending,educational,controversial,mature","animated,high_production,raw_footage,professional","reaction,showcase,stream_highlights,highlights,walkthrough,guide,commentary","promotional,news,storytelling,entertainment,skill_development,educational,social_commentary"
21650,"May 9, 2024, 4:59:31 PM PST",News,"trending,informative,viral,entertaining,controversial","professional,live_recording,animated,edited,raw_footage","highlights,guide,showcase,stream_highlights",news
22063,"May 6, 2024, 12:37:07 AM PST",Technology,"controversial,entertaining,trending,viral,informative,educational","raw_footage,studio_quality,high_production,animated,edited,live_recording","reaction,commentary,analysis,review,guide,showcase,compilation,stream_highlights,highlights,tutorial,podcast,interview","storytelling,analysis,promotional,skill_development,personal_vlog,social_commentary,product_review,entertainment,educational"
22490,"May 1, 2024, 6:50:33 PM PST",Reviews,"controversial,trending,informative,viral",professional,"reaction,commentary",news
21651,"May 9, 2024, 4:59:21 PM PST",Technology,"informative,entertaining,controversial,trending,educational",edited,"guide,reaction,analysis,commentary","educational,analysis"
22491,"May 1, 2024, 6:49:30 PM PST",Comedy,"trending,entertaining,viral,informative","animated,edited","compilation,showcase,guide,highlights","entertainment,news,promotional"
21652,"May 9, 2024, 4:58:55 PM PST",News,"trending,controversial,informative,viral,entertaining","high_production,edited","guide,showcase,compilation,highlights,review,reaction",news
22064,"May 6, 2024, 12:36:51 AM PST",Entertainment,"trending,entertaining,viral,informative,mature,family_friendly,educational,controversial","animated,professional,high_production,edited","reaction,showcase,guide,commentary,highlights,compilation,podcast,analysis,tutorial,review","entertainment,promotional,storytelling,educational,skill_development,analysis"
22492,"May 1, 2024, 6:49:29 PM PST",Entertainment,"informative,trending,entertaining,viral,controversial,mature,educational","edited,animated","documentary,highlights,showcase,reaction,compilation","storytelling,entertainment,educational"
21653,"May 9, 2024, 4:58:54 PM PST",Technology,"entertaining,viral,trending,controversial,informative","animated,raw_footage,amateur,high_production","reaction,showcase,highlights,stream_highlights,commentary,review","storytelling,entertainment,news,social_commentary,skill_development"
22065,"May 5, 2024, 9:26:27 PM PST",Sports,"entertaining,mature,informative,trending,family_friendly,viral,educational","professional,animated,high_production","showcase,highlights,guide","entertainment,educational,news"
22493,"May 1, 2024, 6:49:19 PM PST",Podcast,"trending,viral,informative,controversial,educational,entertaining,mature,clickbait","professional,animated,edited","podcast,analysis,guide,interview,review,reaction,compilation,showcase,commentary,tutorial,highlights","storytelling,news,analysis,educational,skill_development,promotional"
21654,"May 9, 2024, 4:58:45 PM PST",Entertainment,"trending,family_friendly,informative,entertaining,mature,viral,educational,controversial","high_production,studio_quality,animated,edited","reaction,guide,showcase,highlights,stream_highlights,commentary,interview,analysis,review","news,educational,storytelling,entertainment,social_commentary,analysis,skill_development"
22066,"May 5, 2024, 9:26:23 PM PST",Comedy,"entertaining,trending,viral,informative,controversial","animated,professional,raw_footage","reaction,showcase,highlights,compilation,commentary,guide","entertainment,news,social_commentary,storytelling,promotional"
22494,"May 1, 2024, 6:48:18 PM PST",Reviews,"controversial,entertaining,trending,informative,viral","edited,amateur,studio_quality","commentary,reaction,analysis,review,highlights","social_commentary,analysis,news,storytelling"
21655,"May 9, 2024, 4:18:06 PM PST",Music,"trending,viral,entertaining,informative,controversial","professional,high_production,animated,edited","showcase,compilation,highlights,reaction,guide,stream_highlights,documentary","promotional,entertainment,storytelling"
22495,"May 1, 2024, 6:47:16 PM PST",Entertainment,"trending,informative,controversial,entertaining,viral","edited,studio_quality,raw_footage,high_production","reaction,guide,commentary,stream_highlights,highlights,showcase","news,social_commentary,skill_development,personal_vlog"
22067,"May 5, 2024, 9:25:22 PM PST",Entertainment,"entertaining,trending,viral,controversial,informative","edited,amateur","highlights,compilation,commentary,reaction,showcase",entertainment
22496,"May 1, 2024, 6:47:01 PM PST",Podcast,"informative,trending,mature,educational,viral,entertaining",professional,"showcase,guide,analysis,highlights,review","educational,analysis"
22068,"May 5, 2024, 9:24:17 PM PST",Entertainment,"family_friendly,trending,viral,entertaining,informative,educational",edited,"highlights,showcase,guide,reaction","promotional,entertainment,educational"
21656,"May 9, 2024, 4:01:19 PM PST",Podcast,"trending,entertaining,viral,informative,controversial,educational,mature,family_friendly","animated,edited,professional,high_production,studio_quality","reaction,podcast,commentary,showcase,compilation,analysis,highlights,review,guide,tutorial,stream_highlights,interview,documentary","promotional,storytelling,news,educational,entertainment,analysis,social_commentary,personal_vlog,skill_development,product_review"
22497,"May 1, 2024, 6:46:17 PM PST",Tutorial,"trending,viral,controversial,entertaining,informative",edited,"highlights,reaction,showcase,guide",
22069,"May 5, 2024, 9:24:07 PM PST",Gaming,"entertaining,trending,viral,controversial","high_production,edited","highlights,showcase,reaction,stream_highlights","entertainment,skill_development"
21657,"May 9, 2024, 4:00:18 PM PST",Music,"trending,viral,entertaining,informative,controversial,family_friendly","professional,high_production,animated","reaction,showcase,compilation,highlights,guide,commentary","storytelling,entertainment,news,promotional"
22498,"May 1, 2024, 6:45:56 PM PST",Music,"trending,viral,entertaining,informative,controversial","high_production,animated,edited","reaction,compilation,showcase,stream_highlights,highlights,guide,commentary,review","news,entertainment,social_commentary,promotional"
22070,"May 5, 2024, 9:23:34 PM PST",Comedy,"entertaining,trending,viral,informative,educational,controversial","animated,high_production,studio_quality,edited,professional","guide,showcase,tutorial,commentary,reaction,highlights,compilation,analysis,podcast,stream_highlights,walkthrough","entertainment,storytelling,educational,promotional,analysis,news"
22499,"May 1, 2024, 6:44:55 PM PST",News,"informative,mature,trending,educational,viral,entertaining,controversial",professional,"guide,analysis,highlights,showcase,compilation,review","news,storytelling,educational,analysis"
21658,"May 9, 2024, 3:56:13 PM PST",Entertainment,"entertaining,trending,viral,informative,family_friendly","professional,high_production,animated,studio_quality","showcase,highlights,reaction","entertainment,promotional"
22071,"May 5, 2024, 9:22:49 PM PST",Gaming,"trending,informative,entertaining,viral,family_friendly,mature","live_recording,edited","guide,highlights,showcase,commentary,stream_highlights","entertainment,promotional"
22500,"May 1, 2024, 6:44:04 PM PST",Entertainment,"informative,trending,entertaining,viral,controversial,mature,educational","edited,animated","documentary,highlights,showcase,reaction,compilation","storytelling,entertainment,educational"
21659,"May 9, 2024, 3:29:00 PM PST",Podcast,"controversial,trending,informative,viral,educational","edited,professional","highlights,showcase",educational
22072,"May 5, 2024, 9:21:51 PM PST",Shorts,"trending,informative,mature,controversial,viral,educational",professional,highlights,educational
21660,"May 9, 2024, 3:12:40 PM PST",Podcast,"controversial,trending,entertaining,informative,educational,viral",edited,"podcast,interview,showcase,highlights,documentary,review,compilation,analysis,commentary","educational,entertainment,analysis"
22501,"May 1, 2024, 2:16:59 PM PST",Entertainment,"viral,entertaining,trending,informative,controversial,educational,mature","animated,professional,high_production,studio_quality","showcase,reaction,analysis,documentary,compilation,review,guide,highlights,stream_highlights,commentary,interview","entertainment,analysis,storytelling,educational,skill_development,product_review,social_commentary,promotional,news"
21661,"May 9, 2024, 3:11:59 PM PST",Sports,"controversial,trending,entertaining,viral,informative","live_recording,high_production,raw_footage,studio_quality,animated,edited","reaction,commentary,compilation,interview,review,podcast,stream_highlights,analysis,guide,highlights,showcase","social_commentary,news,analysis,storytelling,skill_development,entertainment"
22502,"May 1, 2024, 2:16:53 PM PST",Reviews,"mature,trending,informative,entertaining,viral,controversial,educational","professional,high_production,edited","showcase,highlights,compilation,guide,stream_highlights,analysis","news,analysis,educational,skill_development"
22073,"May 5, 2024, 9:21:44 PM PST",Entertainment,"trending,viral,informative,entertaining,family_friendly","edited,animated,professional","reaction,compilation,showcase,commentary,guide,documentary,highlights,review","promotional,entertainment,storytelling"
21662,"May 9, 2024, 3:11:24 PM PST",News,"trending,viral,informative,family_friendly,entertaining,controversial,educational","high_production,studio_quality,edited","interview,reaction,showcase,guide,stream_highlights,highlights,compilation,commentary","news,storytelling,entertainment,educational"
22074,"May 5, 2024, 9:21:14 PM PST",Tutorial,"family_friendly,informative,trending,viral,entertaining,educational","high_production,edited,animated,raw_footage,studio_quality","guide,reaction,showcase,highlights,stream_highlights,commentary","news,skill_development,storytelling,social_commentary,promotional,educational"
22503,"May 1, 2024, 1:46:58 PM PST",Music,"trending,informative,entertaining,educational,viral,mature,controversial","high_production,edited","stream_highlights,highlights,showcase,guide,reaction,review,compilation,analysis","educational,storytelling,skill_development,entertainment,analysis"
22075,"May 5, 2024, 9:20:18 PM PST",Entertainment,"viral,entertaining,trending,informative,educational,mature,controversial,family_friendly","animated,professional,high_production,studio_quality","showcase,reaction,analysis,highlights,stream_highlights,guide,documentary,compilation,review,commentary,interview,tutorial","entertainment,storytelling,educational,analysis,skill_development,social_commentary,promotional,product_review,news"
21663,"May 9, 2024, 3:10:52 PM PST",Shorts,"family_friendly,trending,entertaining,informative,viral,mature,educational","professional,edited","reaction,showcase,commentary,stream_highlights,guide,highlights","news,entertainment,educational,skill_development"
22504,"May 1, 2024, 12:38:45 PM PST",Entertainment,"trending,entertaining,informative,viral,mature,educational,family_friendly,controversial","professional,animated,high_production","compilation,showcase,reaction,guide,highlights,commentary,analysis,review","storytelling,educational,entertainment,promotional,analysis"
21664,"May 9, 2024, 3:10:37 PM PST",Technology,"controversial,trending,viral,informative,entertaining,educational,mature","animated,professional,high_production,edited,raw_footage","reaction,commentary,review,showcase,guide,analysis,highlights,interview,podcast,compilation,stream_highlights","news,storytelling,social_commentary,analysis,skill_development,product_review,educational,entertainment"
22505,"May 1, 2024, 12:35:42 PM PST",News,"trending,viral,informative,entertaining,family_friendly,educational,clickbait","live_recording,high_production,animated,raw_footage,studio_quality,professional","showcase,guide,compilation,reaction,highlights,stream_highlights,commentary,podcast,documentary","news,storytelling,social_commentary,entertainment,personal_vlog,promotional,product_review,educational,skill_development"
22076,"May 5, 2024, 9:19:21 PM PST",Gaming,"trending,viral,informative,entertaining,controversial",animated,"guide,showcase,commentary,reaction,highlights,compilation",promotional
22506,"May 1, 2024, 12:32:29 PM PST",Comedy,"trending,entertaining,viral,informative,mature,controversial,family_friendly,educational","animated,edited,professional","reaction,compilation,commentary,highlights,showcase,guide","storytelling,entertainment,promotional,educational"
21665,"May 9, 2024, 3:10:00 PM PST",Shorts,"family_friendly,mature,entertaining,informative,trending,viral,educational",edited,"guide,showcase,compilation,highlights","promotional,entertainment,educational"
22507,"May 1, 2024, 12:28:46 PM PST",Entertainment,"trending,entertaining,mature,informative,viral,educational,controversial,family_friendly","professional,animated,edited","reaction,guide,showcase,highlights,commentary,analysis,review","storytelling,entertainment,educational,skill_development,analysis,promotional"
21666,"May 9, 2024, 3:09:48 PM PST",Shorts,"trending,controversial,viral,entertaining,informative","amateur,edited,animated,raw_footage","reaction,commentary,highlights,showcase,compilation","news,social_commentary,entertainment,storytelling"
22077,"May 5, 2024, 9:19:19 PM PST",Gaming,"trending,viral,controversial,entertaining,informative","animated,edited","showcase,commentary,reaction,highlights",news
22508,"May 1, 2024, 12:28:44 PM PST",Comedy,"trending,entertaining,viral,informative,controversial,mature,family_friendly,educational","animated,high_production","reaction,compilation,highlights,guide,showcase,commentary,review","storytelling,promotional,entertainment,educational"
21667,"May 9, 2024, 3:09:36 PM PST",Education,"entertaining,trending,viral,educational,informative,mature,controversial","animated,professional,live_recording,raw_footage,high_production,edited","reaction,commentary,stream_highlights,highlights,showcase,podcast,guide,analysis,compilation,review","entertainment,news,educational,skill_development,social_commentary,analysis,storytelling"
22509,"May 1, 2024, 12:28:42 PM PST",Comedy,"trending,controversial,viral,entertaining,informative","edited,animated,high_production","reaction,commentary,highlights,compilation,guide,showcase",storytelling
22078,"May 5, 2024, 9:19:01 PM PST",Entertainment,"viral,entertaining,informative,trending,educational,mature,controversial,family_friendly","animated,professional,high_production","showcase,reaction,analysis,highlights,documentary,stream_highlights,guide,review,compilation,commentary,interview,tutorial","entertainment,storytelling,educational,analysis,skill_development,social_commentary,product_review,promotional,news"
21668,"May 9, 2024, 3:09:34 PM PST",Technology,"trending,informative,viral,clickbait,controversial,entertaining,educational,family_friendly","edited,animated","guide,commentary,reaction,highlights,showcase","promotional,news,educational,entertainment"
22079,"May 5, 2024, 9:18:00 PM PST",Comedy,"entertaining,viral,controversial,trending,informative,educational","high_production,animated,edited,studio_quality,live_recording,raw_footage","reaction,commentary,highlights,podcast,stream_highlights,showcase,interview,review","news,entertainment,social_commentary,storytelling,skill_development,product_review,personal_vlog,educational"
22510,"May 1, 2024, 12:24:36 PM PST",Music,"entertaining,trending,informative,viral,mature,family_friendly,educational",animated,"reaction,showcase,guide,compilation,commentary,highlights","storytelling,entertainment,educational"
21669,"May 9, 2024, 3:03:37 PM PST",Music,"trending,mature,informative,entertaining,viral,controversial,family_friendly,educational","professional,high_production,edited,animated","reaction,guide,showcase,highlights,compilation,commentary,analysis","storytelling,skill_development,entertainment,educational,analysis,promotional"
22080,"May 5, 2024, 9:17:44 PM PST",Entertainment,"trending,entertaining,viral,informative,educational,family_friendly,clickbait,controversial",,"highlights,showcase,compilation","entertainment,educational,promotional"
22511,"May 1, 2024, 12:21:07 PM PST",Music,"trending,entertaining,informative,mature,viral,controversial,family_friendly,educational","professional,edited,high_production,animated","compilation,commentary,reaction,guide,highlights,showcase,analysis,review,tutorial","promotional,storytelling,entertainment,educational,analysis,skill_development"
21670,"May 9, 2024, 3:02:38 PM PST",Comedy,"trending,entertaining,informative,viral,mature,controversial,family_friendly,educational","professional,animated,high_production","compilation,reaction,showcase,guide,highlights,commentary","storytelling,entertainment,educational,promotional"
22081,"May 5, 2024, 9:17:43 PM PST",Entertainment,"entertaining,viral,trending,informative,clickbait,educational,controversial","high_production,animated,studio_quality,live_recording,professional","reaction,showcase,guide,podcast,highlights,stream_highlights,compilation,tutorial,commentary,analysis","news,promotional,entertainment,educational,personal_vlog,social_commentary,storytelling,skill_development,product_review,analysis"
22512,"May 1, 2024, 12:16:49 PM PST",Entertainment,"trending,entertaining,viral,informative,mature,controversial,educational,family_friendly","professional,animated,high_production,studio_quality,edited","showcase,compilation,reaction,highlights,guide,commentary,documentary,analysis,review","promotional,entertainment,storytelling,educational,analysis"
21671,"May 9, 2024, 2:58:03 PM PST",Comedy,"entertaining,informative,trending,mature,educational,viral,controversial,family_friendly",professional,"compilation,guide,showcase,reaction,highlights,commentary,analysis,podcast,review","storytelling,educational,entertainment,analysis"
22082,"May 5, 2024, 9:16:53 PM PST",Technology,"entertaining,controversial,informative,trending,viral,educational","high_production,raw_footage,edited,amateur","reaction,highlights,commentary,showcase,review,compilation,stream_highlights,guide,interview","news,entertainment,storytelling,educational,skill_development"
22513,"May 1, 2024, 9:55:15 AM PST",Entertainment,"entertaining,trending,viral,informative,family_friendly","professional,high_production,animated,studio_quality","showcase,highlights,reaction","entertainment,promotional"
21672,"May 9, 2024, 2:57:59 PM PST",Entertainment,"trending,entertaining,informative,viral,family_friendly,mature,educational","animated,edited,high_production,raw_footage","showcase,compilation,highlights,reaction,guide,commentary,documentary,stream_highlights","entertainment,storytelling,promotional,educational"
22083,"May 5, 2024, 9:16:42 PM PST",Music,"entertaining,viral,controversial,trending,informative",,"highlights,reaction,stream_highlights,showcase","skill_development,entertainment,news"
22514,"May 1, 2024, 7:17:04 AM PST",Comedy,"entertaining,trending,controversial,viral,informative","edited,amateur,animated","commentary,reaction,showcase,highlights,guide","storytelling,entertainment,news,promotional,social_commentary"
21673,"May 9, 2024, 2:57:58 PM PST",Entertainment,"trending,mature,viral,informative,entertaining,controversial,educational","professional,animated,edited","reaction,guide,showcase,highlights,compilation,commentary,review,analysis","storytelling,entertainment,educational,analysis,news"
22084,"May 5, 2024, 9:16:26 PM PST",Technology,"informative,mature,trending,entertaining,viral,educational",professional,"compilation,showcase,guide",educational
22515,"May 1, 2024, 7:15:57 AM PST",News,"controversial,trending,entertaining,viral,informative","amateur,edited,animated,raw_footage","reaction,commentary,showcase,highlights,compilation","news,storytelling,social_commentary,entertainment"
21674,"May 9, 2024, 2:57:57 PM PST",Music,"trending,informative,entertaining,viral,mature,controversial,family_friendly,educational","professional,animated,edited,high_production","guide,showcase,reaction,commentary,compilation,podcast,highlights,analysis,review,tutorial,interview","storytelling,educational,analysis,skill_development,entertainment,promotional"
22516,"May 1, 2024, 4:33:25 AM PST",Comedy,"entertaining,trending,family_friendly,informative,viral,mature,educational,controversial",animated,"reaction,compilation,guide,showcase,commentary,highlights,review,analysis,documentary,podcast","storytelling,entertainment,educational,promotional,analysis"
21675,"May 9, 2024, 2:57:23 PM PST",Music,"trending,informative,entertaining,controversial,family_friendly,viral,mature,educational","professional,animated,edited","reaction,guide,commentary,compilation,highlights,analysis,review,tutorial,podcast,showcase,interview","storytelling,educational,analysis,promotional,news,skill_development,entertainment"
22085,"May 5, 2024, 9:15:55 PM PST",Gaming,"controversial,trending,viral,entertaining,informative","edited,animated","reaction,showcase,highlights,compilation","news,entertainment"
22517,"May 1, 2024, 4:26:30 AM PST",Music,"informative,trending,mature,viral,educational,entertaining,family_friendly",,"showcase,highlights,guide",educational
21676,"May 9, 2024, 2:53:39 PM PST",Sports,"trending,entertaining,informative,viral,mature,family_friendly,educational,controversial","professional,animated,high_production,edited","guide,reaction,showcase,highlights,compilation,tutorial,commentary,analysis","storytelling,entertainment,educational,skill_development,analysis"
22518,"May 1, 2024, 12:12:43 AM PST",Podcast,"controversial,entertaining,trending,informative,educational,viral",edited,"reaction,guide,commentary,showcase,podcast","entertainment,educational"
21677,"May 9, 2024, 10:31:04 AM PST",Entertainment,"trending,entertaining,informative,mature,viral,controversial,family_friendly,educational","animated,edited,professional","reaction,guide,commentary,compilation,showcase,highlights,analysis","storytelling,entertainment,educational,promotional,analysis"
22086,"May 5, 2024, 9:15:25 PM PST",Entertainment,"entertaining,viral,trending,informative","high_production,animated","reaction,showcase,compilation,highlights,stream_highlights,commentary","entertainment,promotional,news,social_commentary,storytelling"
22519,"May 1, 2024, 12:12:28 AM PST",News,"informative,trending,entertaining,viral,mature","professional,animated,high_production",highlights,"news,promotional"
21678,"Janiye (from the Netflix Film ""Chor Nikal Ke Bhaga"")",Comedy,"trending,entertaining,viral,informative,family_friendly,controversial","high_production,edited","showcase,reaction,stream_highlights,documentary,compilation,highlights,guide,review,commentary","storytelling,entertainment"
22520,"Apr 30, 2024, 8:14:27 PM PST",Music,"entertaining,trending,viral,informative,controversial","animated,high_production,professional","showcase,walkthrough,compilation,highlights,stream_highlights,commentary,reaction,guide,review","entertainment,storytelling,promotional"
21679,"May 9, 2024, 10:23:43 AM PST",Tutorial,"trending,mature,informative,viral,controversial,entertaining","edited,professional,high_production","reaction,guide,highlights,compilation,commentary,showcase,review",skill_development
22087,"May 5, 2024, 9:15:04 PM PST",Gaming,"trending,educational,informative,entertaining,viral,controversial",edited,"highlights,showcase",educational
22521,"Apr 30, 2024, 8:09:02 PM PST",Music,"entertaining,trending,informative,viral,family_friendly,educational","animated,edited,high_production,professional,studio_quality","commentary,compilation,reaction,podcast,showcase,highlights,guide","storytelling,entertainment,educational,promotional"
22088,"May 5, 2024, 9:14:18 PM PST",Entertainment,"controversial,trending,viral,educational,informative,entertaining","amateur,animated,edited","reaction,commentary,podcast,documentary,compilation,guide,review,showcase,interview,analysis,tutorial,highlights","storytelling,entertainment,educational,analysis"
21680,"May 9, 2024, 10:23:31 AM PST",Comedy,"entertaining,trending,viral,informative,mature,controversial,educational,family_friendly","animated,professional,high_production","showcase,highlights,documentary,reaction,compilation,commentary,stream_highlights,guide,analysis,review,interview,tutorial","storytelling,entertainment,educational,analysis,social_commentary,skill_development"
22522,"Apr 30, 2024, 8:05:26 PM PST",Music,"trending,entertaining,viral,informative,controversial,mature","high_production,professional","showcase,compilation,highlights,reaction,guide,stream_highlights,review","entertainment,promotional,news"
21681,"May 9, 2024, 10:19:09 AM PST",Comedy,"trending,entertaining,informative,viral,mature,family_friendly,educational,controversial","professional,animated,edited","compilation,reaction,showcase,commentary,guide,highlights,documentary,analysis,review,podcast,tutorial","storytelling,entertainment,promotional,educational,analysis"
22523,"Apr 30, 2024, 8:00:43 PM PST",Music,"mature,entertaining,informative,trending,viral","professional,high_production,live_recording,edited,studio_quality","showcase,compilation,guide,highlights,stream_highlights","entertainment,skill_development"
22089,"May 5, 2024, 9:14:15 PM PST",Entertainment,"entertaining,trending,viral,family_friendly","animated,high_production,edited","highlights,reaction,showcase,compilation,stream_highlights,guide,commentary","entertainment,social_commentary"
21682,"May 9, 2024, 10:16:02 AM PST",Entertainment,"trending,entertaining,informative,viral,mature,educational,family_friendly,controversial","professional,animated,high_production","compilation,showcase,reaction,guide,highlights,commentary,analysis,review","storytelling,educational,entertainment,promotional,analysis"
22524,"Apr 30, 2024, 7:57:53 PM PST",Podcast,"trending,entertaining,informative,viral,educational,family_friendly,controversial","edited,professional","podcast,compilation,guide,showcase,reaction,highlights","skill_development,storytelling,educational,entertainment"
21683,"May 9, 2024, 10:11:44 AM PST",Entertainment,"trending,entertaining,viral,informative,mature,controversial,educational,family_friendly","professional,animated,high_production,studio_quality,edited","showcase,compilation,reaction,highlights,guide,commentary,documentary,analysis,review","promotional,entertainment,storytelling,educational,analysis"
22090,"May 5, 2024, 9:13:19 PM PST",Shorts,"trending,viral,entertaining,informative",professional,"showcase,compilation,reaction,highlights","entertainment,promotional,storytelling"
22525,"Apr 30, 2024, 7:53:42 PM PST",Music,"entertaining,trending,viral,informative,mature,family_friendly,controversial","animated,edited,professional","compilation,showcase,highlights,podcast,reaction,guide,review","entertainment,storytelling,skill_development"
21684,"May 9, 2024, 10:11:19 AM PST",Podcast,"trending,educational,informative,controversial,viral,entertaining","edited,studio_quality,high_production","commentary,guide,compilation,review,podcast,analysis,reaction,highlights,showcase,interview,stream_highlights","educational,analysis,social_commentary,skill_development,news"
22091,"May 5, 2024, 9:13:17 PM PST",Gaming,"controversial,entertaining,trending,viral","edited,studio_quality,amateur,animated","reaction,commentary,podcast,stream_highlights","storytelling,social_commentary,personal_vlog,skill_development,product_review"
21685,"May 9, 2024, 10:08:29 AM PST",Comedy,"trending,entertaining,informative,viral,mature,controversial,educational,family_friendly","professional,animated","compilation,reaction,showcase,guide,highlights,commentary,documentary,analysis","storytelling,entertainment,educational,promotional,analysis"
22526,"Bunker Alfa Code for 29-30 April 2024 - Last Day on Earth, Survival 🧟‍♂️☣️",News,"informative,trending,viral,controversial,entertaining",edited,guide,news
22092,"May 5, 2024, 9:12:41 PM PST",Entertainment,"viral,entertaining,trending,informative,educational,mature,controversial,family_friendly","animated,professional,high_production,studio_quality","showcase,reaction,analysis,stream_highlights,guide,documentary,highlights,compilation,review,commentary,interview,tutorial","entertainment,educational,storytelling,analysis,skill_development,promotional,product_review,social_commentary,news"
21686,"May 9, 2024, 10:04:07 AM PST",Comedy,"entertaining,trending,informative,viral,family_friendly,educational,mature",,"reaction,commentary,guide,compilation,showcase,highlights","storytelling,entertainment,educational"
22527,"Apr 30, 2024, 7:48:30 PM PST",Music,"entertaining,trending,informative,viral,educational,mature,family_friendly","professional,high_production","showcase,guide,highlights","storytelling,entertainment,promotional,educational"
22093,"May 5, 2024, 9:12:37 PM PST",Tutorial,"controversial,educational,entertaining,viral",edited,"commentary,analysis,review,reaction","educational,analysis"
21687,"May 9, 2024, 9:57:48 AM PST",Music,"entertaining,informative,trending,viral,educational,mature",animated,"showcase,commentary,guide,compilation,reaction,highlights","storytelling,entertainment,educational"
22528,"Apr 30, 2024, 7:44:51 PM PST",Music,"trending,entertaining,viral,informative,mature,family_friendly,educational,controversial","professional,high_production,studio_quality","showcase,highlights,guide,compilation","promotional,entertainment,storytelling,educational"
21688,"May 9, 2024, 9:57:47 AM PST",Comedy,"trending,viral,entertaining,informative,controversial,mature,family_friendly,educational","animated,edited","reaction,commentary,compilation,guide,highlights,showcase","entertainment,storytelling,educational"
22094,"May 5, 2024, 9:12:34 PM PST",Comedy,"entertaining,trending,viral,informative,controversial",edited,"commentary,reaction","entertainment,storytelling,news"
22529,"Apr 30, 2024, 7:37:14 PM PST",Music,"trending,entertaining,viral,informative,mature","professional,high_production,studio_quality,animated,edited","showcase,highlights,reaction,compilation,guide,stream_highlights","entertainment,promotional,skill_development,news,storytelling"
21689,"May 9, 2024, 9:57:46 AM PST",Music,"trending,entertaining,viral,informative,controversial,mature,educational,family_friendly","animated,edited,high_production","guide,reaction,commentary,compilation,showcase,highlights,analysis","storytelling,entertainment,promotional,educational,analysis"
22095,"May 5, 2024, 9:11:58 PM PST",Podcast,"informative,entertaining,trending,controversial,educational,viral",animated,"showcase,analysis,highlights,podcast","educational,analysis,news,entertainment"
22530,"Apr 30, 2024, 7:34:31 PM PST",Music,"entertaining,trending,viral,informative","animated,high_production,edited,professional","showcase,compilation,highlights,reaction,stream_highlights,guide","entertainment,promotional"
21690,"May 9, 2024, 9:57:45 AM PST",Music,"trending,viral,entertaining,informative,mature,controversial,educational,family_friendly","animated,edited,professional","reaction,compilation,guide,highlights,showcase,commentary,podcast","storytelling,promotional,entertainment,skill_development,educational"
22096,"May 5, 2024, 9:11:45 PM PST",Gaming,"trending,entertaining,viral,informative,controversial","edited,professional,live_recording,animated","compilation,commentary,reaction,showcase,highlights,stream_highlights",entertainment
22531,"Apr 30, 2024, 7:29:13 PM PST",Music,"entertaining,trending,viral,informative,family_friendly","edited,animated","showcase,reaction,highlights,compilation","entertainment,storytelling"
22097,"May 5, 2024, 9:10:53 PM PST",Comedy,"entertaining,controversial,informative,trending,viral","studio_quality,edited,high_production,live_recording,amateur,raw_footage,animated","reaction,commentary,compilation,stream_highlights,podcast,highlights,interview,review,analysis,guide,showcase","entertainment,social_commentary,personal_vlog,product_review,skill_development,analysis,news"
22532,"Apr 30, 2024, 7:24:59 PM PST",Music,"trending,entertaining,viral,informative,mature,controversial","professional,high_production,studio_quality,edited","showcase,highlights,guide,reaction,stream_highlights","entertainment,news"
21691,"May 9, 2024, 9:50:11 AM PST",Music,"trending,viral,mature,informative",,"showcase,guide,compilation,highlights",
22098,"May 5, 2024, 9:10:31 PM PST",News,"controversial,informative,trending,viral,clickbait","high_production,professional,edited,raw_footage,live_recording,animated,amateur","guide,reaction,commentary,compilation,highlights,review,analysis,showcase,tutorial","news,social_commentary,promotional,analysis,product_review"
22533,"Apr 30, 2024, 7:20:22 PM PST",Music,"trending,entertaining,informative,viral,mature,family_friendly","professional,edited","showcase,compilation,guide,highlights,review,stream_highlights","entertainment,skill_development,storytelling,promotional"
21692,"May 9, 2024, 9:43:23 AM PST",Entertainment,"trending,entertaining,informative,viral,educational,mature,controversial","professional,high_production,studio_quality,animated,edited","showcase,compilation,highlights,documentary,interview,guide,stream_highlights,commentary,podcast,review,analysis,reaction","entertainment,storytelling,promotional,educational,skill_development,analysis"
22099,"May 5, 2024, 9:10:12 PM PST",Tutorial,"trending,viral,entertaining,informative,controversial,educational","animated,amateur,edited","showcase,compilation,guide,commentary,highlights,reaction,review","social_commentary,educational,promotional,news"
22534,"Apr 30, 2024, 7:15:52 PM PST",Music,"entertaining,family_friendly,trending,viral,mature","high_production,studio_quality,professional","showcase,highlights,reaction,guide","entertainment,promotional,storytelling"
22100,"May 5, 2024, 9:09:45 PM PST",Shorts,"informative,educational,trending,entertaining,viral","professional,edited","guide,commentary,showcase","educational,skill_development,storytelling,news,entertainment"
22535,"Apr 30, 2024, 7:12:17 PM PST",Music,"entertaining,trending,viral,informative,educational,controversial","animated,professional,studio_quality","reaction,showcase,documentary,highlights,guide,compilation,stream_highlights,commentary","entertainment,storytelling,promotional,skill_development,educational,news"
21693,"May 9, 2024, 9:39:25 AM PST",Entertainment,"entertaining,trending,viral,family_friendly",high_production,"showcase,highlights,compilation,commentary,guide","storytelling,entertainment"
22101,"May 5, 2024, 9:09:34 PM PST",Shorts,"entertaining,informative,viral,trending,educational","professional,edited","highlights,showcase,guide,reaction","news,entertainment,skill_development,educational"
22536,"Apr 30, 2024, 7:08:19 PM PST",Music,"entertaining,trending,viral,informative,mature,controversial,educational","professional,high_production,animated","showcase,compilation,highlights","entertainment,promotional,educational,storytelling"
22102,"May 5, 2024, 9:09:30 PM PST",Shorts,"trending,viral,entertaining,family_friendly,informative,educational,controversial","animated,edited","reaction,compilation,showcase,commentary","entertainment,promotional,news,educational,social_commentary,storytelling"
22537,"Apr 30, 2024, 7:04:38 PM PST",Music,"trending,entertaining,informative,viral,controversial,mature","professional,edited","compilation,showcase,highlights,reaction,review,guide","entertainment,promotional"
22103,"May 5, 2024, 9:08:54 PM PST",Entertainment,"viral,trending,entertaining,informative,controversial",edited,"highlights,compilation,showcase","news,entertainment"
21694,"May 9, 2024, 9:11:34 AM PST",Music,"entertaining,informative,viral,trending,mature,family_friendly,educational","high_production,studio_quality,edited","highlights,compilation,showcase,stream_highlights,guide,reaction,review,analysis","storytelling,entertainment,analysis,educational,social_commentary"
22538,"Apr 30, 2024, 7:00:29 PM PST",Music,"entertaining,trending,informative,viral,controversial","edited,animated,live_recording,professional","showcase,compilation,highlights,reaction,guide,review,podcast","entertainment,storytelling"
22104,"May 5, 2024, 9:08:34 PM PST",Technology,"controversial,informative,trending,entertaining,mature,viral,clickbait,educational","professional,high_production,studio_quality,edited","commentary,guide,analysis,podcast,stream_highlights,interview,highlights","storytelling,promotional,social_commentary,analysis,skill_development,personal_vlog,product_review,educational"
21695,"May 9, 2024, 9:06:11 AM PST",Music,"entertaining,informative,trending,viral",edited,"compilation,showcase,reaction,guide,highlights,commentary","storytelling,entertainment"
22539,"Apr 30, 2024, 6:56:20 PM PST",Music,"viral,entertaining,controversial,informative,trending,educational","animated,edited,amateur","podcast,reaction,showcase,interview,guide,review","entertainment,promotional,storytelling,educational"
22105,"May 5, 2024, 9:08:24 PM PST",Comedy,"trending,entertaining,viral,informative","edited,animated","showcase,guide,highlights,compilation","entertainment,news,promotional"
21696,"May 9, 2024, 9:00:59 AM PST",Comedy,"entertaining,viral,trending,family_friendly,mature,informative","high_production,edited,professional","showcase,compilation,highlights,reaction,guide","storytelling,entertainment"
22540,"Apr 30, 2024, 6:53:40 PM PST",Music,"trending,viral,entertaining,informative,controversial,family_friendly","professional,high_production,animated","reaction,showcase,compilation,highlights,guide,commentary","storytelling,entertainment,news,promotional"
22106,"May 5, 2024, 9:08:14 PM PST",Comedy,"entertaining,controversial,informative,viral,trending,educational","live_recording,high_production,edited,studio_quality","compilation,showcase,reaction,stream_highlights,documentary,highlights,commentary,guide,review","storytelling,entertainment,personal_vlog,news,social_commentary,educational"
21697,"May 9, 2024, 8:56:37 AM PST",Comedy,"trending,entertaining,informative,viral,mature,family_friendly,controversial,educational","animated,professional","reaction,guide,showcase,compilation,commentary,highlights,analysis,review,tutorial,documentary","storytelling,analysis,entertainment,educational,skill_development,promotional"
22541,"Apr 30, 2024, 6:22:31 PM PST",Music,"trending,viral,entertaining,informative,controversial,mature","high_production,professional,studio_quality","showcase,compilation,reaction,guide,highlights","entertainment,storytelling"
22542,"Apr 30, 2024, 6:18:17 PM PST",Entertainment,"entertaining,trending,viral,informative,family_friendly","professional,high_production,animated,studio_quality","showcase,highlights,reaction","entertainment,promotional"
22107,"May 5, 2024, 9:08:13 PM PST",Entertainment,"trending,controversial,viral,entertaining,informative,educational",edited,"reaction,commentary,compilation,showcase,analysis,guide,review","entertainment,social_commentary,storytelling,promotional,analysis,news,educational"
21698,"May 9, 2024, 8:52:03 AM PST",Music,"entertaining,informative,trending,mature,viral,educational",,"showcase,stream_highlights,guide,compilation,highlights","entertainment,storytelling,educational"
22543,"Apr 30, 2024, 6:15:04 PM PST",Music,"entertaining,trending,viral,informative,controversial","professional,animated,high_production","reaction,showcase,highlights,guide","entertainment,promotional,news,storytelling,skill_development"
22108,"May 5, 2024, 9:08:10 PM PST",Entertainment,"viral,entertaining,trending,informative,educational","animated,high_production,professional,edited","reaction,showcase,commentary,highlights,compilation,guide,stream_highlights","promotional,news,entertainment,storytelling,educational"
21699,"May 9, 2024, 8:47:00 AM PST",Music,"entertaining,trending,informative,mature,viral,family_friendly,controversial,educational",animated,"reaction,showcase,commentary,compilation,highlights,guide,documentary,analysis","storytelling,entertainment,promotional,educational,analysis"
22544,"Apr 30, 2024, 5:46:21 PM PST",Technology,"controversial,viral,informative,educational,trending",edited,"commentary,analysis,guide","analysis,educational"
21700,"May 9, 2024, 8:43:48 AM PST",Music,"trending,entertaining,viral,controversial,informative,mature,educational,family_friendly","professional,animated,high_production","reaction,guide,showcase,commentary,compilation,highlights,analysis,documentary,tutorial","storytelling,entertainment,educational,promotional,analysis,news,skill_development"
22545,"Apr 30, 2024, 4:19:53 PM PST",Podcast,"entertaining,informative,trending,viral,controversial,mature,educational","edited,professional,animated,high_production","podcast,compilation,showcase,commentary,guide,analysis,review,highlights,documentary","storytelling,entertainment,educational,analysis"
21701,Aanewala Pal Janewala Hai,Comedy,"trending,entertaining,viral,informative,mature,family_friendly,controversial,educational","professional,animated,high_production","reaction,compilation,showcase,commentary,guide,highlights,review,documentary,analysis","storytelling,entertainment,promotional,news,analysis,educational"
22109,"May 5, 2024, 9:08:00 PM PST",Music,"trending,entertaining,viral,informative",high_production,"highlights,compilation,showcase,reaction,stream_highlights","news,entertainment,promotional"
22546,"Apr 30, 2024, 4:16:23 PM PST",Music,"trending,entertaining,viral,informative,mature,family_friendly,controversial","professional,high_production,animated","highlights,showcase,compilation,reaction,guide","entertainment,storytelling,promotional,news"
21702,"May 9, 2024, 8:33:36 AM PST",Podcast,"entertaining,controversial,trending,informative,viral",,"compilation,showcase,highlights",
22110,"May 5, 2024, 9:07:04 PM PST",Podcast,"controversial,trending,viral,entertaining","edited,studio_quality,high_production,amateur,raw_footage,animated,live_recording","reaction,commentary,podcast,interview,review,compilation","social_commentary,news,personal_vlog,skill_development,entertainment,product_review"
22547,"Apr 30, 2024, 4:12:49 PM PST",Music,"trending,entertaining,viral,informative","professional,high_production,animated,studio_quality,edited","showcase,compilation,highlights,reaction,guide,review","entertainment,promotional,storytelling,news"
21703,"May 9, 2024, 8:28:26 AM PST",Music,"trending,entertaining,informative,viral,family_friendly,mature,controversial,educational","animated,professional","reaction,guide,compilation,showcase,commentary,highlights,analysis,review,tutorial","storytelling,entertainment,analysis,educational,skill_development,promotional"
22548,"Apr 30, 2024, 4:05:52 PM PST",Gaming,"trending,entertaining,informative,viral,controversial,educational","edited,high_production","reaction,showcase,guide,compilation,highlights","entertainment,educational"
22111,"May 5, 2024, 9:06:29 PM PST",News,"trending,entertaining,viral,informative,controversial,family_friendly,educational,mature","animated,raw_footage,edited","reaction,showcase,compilation,guide,analysis,commentary,highlights,tutorial,review","storytelling,entertainment,educational,analysis,skill_development,promotional"
21704,"May 9, 2024, 8:23:58 AM PST",Music,"trending,entertaining,informative,viral,mature,controversial,educational,family_friendly","animated,professional,high_production,edited","reaction,compilation,showcase,guide,highlights,commentary,analysis","storytelling,entertainment,promotional,educational,analysis"
22549,Madeon - Nonsense (Official Video) ft. Mark Foster,Music,"trending,viral,controversial,entertaining,clickbait","animated,edited","showcase,reaction,compilation,commentary,documentary","promotional,entertainment"
22112,"May 5, 2024, 9:06:11 PM PST",Comedy,"trending,controversial,entertaining,viral",edited,"guide,commentary,reaction,compilation",entertainment
21705,"May 9, 2024, 8:19:38 AM PST",Comedy,"entertaining,trending,informative,viral,controversial,family_friendly,educational",animated,"reaction,commentary,compilation,guide,showcase,highlights,podcast,analysis,review,tutorial,documentary","storytelling,entertainment,promotional,educational,analysis"
22113,"May 5, 2024, 9:05:44 PM PST",Technology,"entertaining,informative,viral,trending,educational,controversial,mature","professional,high_production,studio_quality,animated,live_recording,edited","highlights,showcase,reaction,compilation,commentary,guide,stream_highlights,analysis,review,podcast,interview","news,educational,entertainment,social_commentary,storytelling,analysis,personal_vlog,promotional,product_review,skill_development"
21706,"May 9, 2024, 8:14:40 AM PST",Entertainment,"trending,viral,entertaining,informative,educational,controversial,mature","animated,high_production,professional,edited","reaction,compilation,showcase,review,highlights,guide,commentary,podcast,analysis","promotional,news,storytelling,entertainment,educational,analysis"
22550,"Apr 30, 2024, 3:55:47 PM PST",Music,"entertaining,trending,viral,informative","high_production,professional","showcase,compilation,reaction,stream_highlights,highlights","entertainment,skill_development"
22114,"May 5, 2024, 9:05:41 PM PST",Shorts,"trending,viral,controversial,entertaining,informative,clickbait,educational","amateur,animated,edited","reaction,commentary,showcase,guide,compilation,tutorial,review","storytelling,promotional,news,social_commentary,entertainment,skill_development,educational"
21707,"May 9, 2024, 8:08:32 AM PST",Entertainment,"entertaining,family_friendly,trending,informative,viral,mature","animated,edited","reaction,highlights,showcase,guide,compilation,commentary,review","entertainment,storytelling,promotional"
22551,"Apr 30, 2024, 3:53:10 PM PST",Music,"trending,entertaining,viral,informative,controversial,mature,family_friendly","high_production,professional,studio_quality,animated,edited","showcase,compilation,reaction,highlights,guide,stream_highlights,review","entertainment,promotional,news,storytelling"
21708,"May 9, 2024, 8:06:04 AM PST",Comedy,"trending,entertaining,viral,informative,mature,family_friendly,controversial,educational","animated,high_production,edited,professional","reaction,commentary,guide,compilation,highlights,showcase,tutorial,analysis,review","storytelling,entertainment,promotional,educational,social_commentary,skill_development,news,analysis"
22552,"Apr 30, 2024, 3:49:56 PM PST",Comedy,"controversial,entertaining,viral,trending","animated,edited,raw_footage","reaction,podcast,commentary,highlights,compilation,showcase,interview","entertainment,storytelling,news,skill_development"
22115,"May 5, 2024, 9:05:39 PM PST",Technology,"informative,educational,controversial,trending","edited,professional","guide,showcase",educational
21709,"May 9, 2024, 8:03:57 AM PST",Comedy,"trending,entertaining,informative,viral,family_friendly,mature,educational,controversial","animated,professional","reaction,guide,compilation,showcase,commentary,highlights,analysis,tutorial,review,documentary,podcast","storytelling,entertainment,educational,analysis,promotional,skill_development"
22553,"Apr 30, 2024, 3:43:41 PM PST",Entertainment,"entertaining,trending,viral,informative",high_production,"compilation,showcase,highlights,reaction,stream_highlights","entertainment,promotional"
21710,"May 9, 2024, 8:03:04 AM PST",Comedy,"trending,entertaining,informative,viral,mature,educational,controversial,family_friendly","professional,edited","showcase,guide,highlights,reaction,compilation,commentary,documentary,analysis,review","storytelling,educational,entertainment,analysis,skill_development"
22554,"Apr 30, 2024, 3:38:30 PM PST",Entertainment,"entertaining,trending,viral,informative,educational,controversial","animated,high_production,professional","showcase,highlights,compilation","storytelling,entertainment,educational,promotional,news"
22116,"May 5, 2024, 9:05:37 PM PST",Shorts,"trending,viral,entertaining,informative,family_friendly,educational","animated,edited","reaction,guide,showcase,commentary,compilation","promotional,social_commentary,storytelling,entertainment,news,educational"
21711,"May 9, 2024, 7:59:31 AM PST",Music,"trending,entertaining,informative,viral,mature,family_friendly,controversial,educational","animated,edited,professional","reaction,guide,showcase,highlights,commentary,compilation,podcast,analysis,review,interview","storytelling,entertainment,educational,promotional,analysis,skill_development"
22555,"Apr 30, 2024, 3:09:22 PM PST",Music,"entertaining,trending,informative,viral,educational,mature","animated,professional,edited","podcast,guide,compilation,showcase,highlights","entertainment,storytelling,educational"
21712,Ruk Jana Nahin,Comedy,"trending,entertaining,informative,viral,mature,controversial,educational,family_friendly","professional,animated,high_production,edited","reaction,guide,showcase,commentary,compilation,highlights,podcast,analysis,interview,review,documentary","storytelling,educational,entertainment,analysis,news,skill_development,promotional,social_commentary"
22117,"May 5, 2024, 9:05:36 PM PST",Shorts,"trending,viral,entertaining,informative,controversial,educational","animated,amateur","compilation,reaction,showcase,commentary,guide,highlights","entertainment,social_commentary,promotional,news,educational,storytelling"
21713,"May 9, 2024, 7:56:24 AM PST",Entertainment,"trending,entertaining,informative,mature,viral,controversial,educational","professional,edited,animated","reaction,guide,highlights,showcase,commentary,analysis","storytelling,entertainment,educational,skill_development,analysis"
22556,"Apr 30, 2024, 2:53:20 PM PST",Music,"entertaining,trending,viral,informative,controversial,family_friendly","amateur,high_production","showcase,reaction,highlights,compilation,guide","entertainment,promotional"
22118,"May 5, 2024, 9:05:34 PM PST",News,"educational,informative,entertaining,controversial,mature,trending","studio_quality,high_production,edited,raw_footage,professional","compilation,reaction,analysis,interview,commentary,highlights,stream_highlights,guide,showcase,review,documentary","educational,news,social_commentary,analysis,skill_development,product_review,storytelling"
21714,"May 9, 2024, 7:52:52 AM PST",Music,"trending,entertaining,viral,informative,mature,controversial,educational,family_friendly","animated,edited,professional","reaction,commentary,review,guide,compilation,showcase,highlights,analysis","storytelling,entertainment,educational,social_commentary,analysis,promotional"
22557,"Apr 30, 2024, 1:57:37 PM PST",Music,"entertaining,trending,informative,viral,controversial","professional,high_production,edited","showcase,reaction,highlights,compilation,guide","entertainment,news"
22119,"May 5, 2024, 9:05:32 PM PST",Reviews,"trending,viral,mature,entertaining,informative","high_production,animated","highlights,showcase,stream_highlights,compilation,analysis","analysis,promotional"
21715,"May 9, 2024, 7:51:53 AM PST",Entertainment,"trending,mature,entertaining,informative,viral,controversial,educational","professional,high_production,animated,edited","guide,reaction,showcase,commentary,highlights,compilation,analysis,review","storytelling,skill_development,analysis,educational,entertainment"
22558,"Apr 30, 2024, 10:00:04 AM PST",Comedy,"entertaining,informative,trending,mature,educational,viral,controversial,family_friendly",professional,"compilation,guide,showcase,reaction,highlights,commentary,analysis,podcast,review","storytelling,educational,entertainment,analysis"
22120,"May 5, 2024, 9:05:18 PM PST",Comedy,"trending,entertaining,controversial,viral,informative","edited,studio_quality,animated,high_production,live_recording,raw_footage","reaction,commentary,compilation,highlights,stream_highlights,podcast,showcase,guide,review,analysis,interview","social_commentary,storytelling,promotional,personal_vlog,product_review,entertainment,analysis,skill_development,news"
21716,"May 9, 2024, 7:51:46 AM PST",Music,"viral,trending,entertaining,informative,mature,controversial,family_friendly,educational,clickbait","animated,professional,high_production,edited","reaction,compilation,showcase,guide,commentary,highlights,analysis,podcast,review,documentary","storytelling,promotional,entertainment,educational,analysis,skill_development,news"
22559,"Apr 30, 2024, 10:00:03 AM PST",Entertainment,"trending,entertaining,informative,mature,viral,controversial,family_friendly,educational","animated,edited,professional","reaction,guide,commentary,compilation,showcase,highlights,analysis","storytelling,entertainment,educational,promotional,analysis"
22121,"May 5, 2024, 9:04:14 PM PST",Technology,"trending,entertaining,viral,controversial,informative","high_production,edited,animated,raw_footage","reaction,highlights,compilation,showcase,commentary,stream_highlights,review","social_commentary,entertainment,news"
21717,"May 9, 2024, 7:48:15 AM PST",Comedy,"trending,entertaining,viral,informative,mature,family_friendly,controversial,educational","animated,professional","showcase,reaction,compilation,guide,commentary,highlights,documentary,analysis,review,tutorial","storytelling,entertainment,educational,analysis,promotional,news"
22560,"Apr 30, 2024, 10:00:02 AM PST",Comedy,"entertaining,trending,informative,viral,mature,educational,controversial",animated,"reaction,compilation,guide,showcase,commentary,highlights","storytelling,entertainment,educational"
22122,"May 5, 2024, 7:16:59 PM PST",Tutorial,"trending,viral,informative,entertaining,educational","animated,edited","highlights,showcase,guide,commentary,compilation","promotional,educational"
21718,"May 9, 2024, 7:48:04 AM PST",Comedy,"trending,entertaining,viral,informative,mature,controversial,family_friendly,educational","animated,professional","reaction,commentary,compilation,showcase,guide,highlights,documentary,analysis","storytelling,entertainment,promotional,educational,analysis"
22561,"Apr 30, 2024, 9:59:42 AM PST",Entertainment,"trending,entertaining,viral,informative,mature,controversial,family_friendly,educational","animated,professional","reaction,compilation,guide,showcase,commentary,highlights,analysis,review","storytelling,entertainment,promotional,educational,news,analysis"
21719,"May 9, 2024, 7:45:14 AM PST",Entertainment,"trending,entertaining,informative,mature,viral,educational,family_friendly,controversial","professional,animated,edited","showcase,guide,reaction,compilation,highlights,commentary,analysis,review","storytelling,educational,entertainment,analysis,skill_development"
22562,"Apr 30, 2024, 9:59:41 AM PST",Music,"trending,entertaining,informative,mature,viral,controversial,family_friendly,educational","professional,edited,animated,high_production","reaction,guide,showcase,highlights,commentary,analysis,compilation","storytelling,entertainment,analysis,educational,skill_development"
22123,"May 5, 2024, 7:16:59 PM PST",Entertainment,"controversial,trending,viral",edited,"reaction,commentary,compilation,showcase,review","news,storytelling"
21720,"May 9, 2024, 7:45:10 AM PST",Comedy,"entertaining,trending,informative,viral,mature,educational,family_friendly",,"reaction,guide,compilation,commentary,showcase,highlights","storytelling,educational,entertainment"
22563,"Apr 30, 2024, 9:59:39 AM PST",Music,"mature,trending,entertaining,informative,viral,family_friendly,controversial,educational","professional,animated,high_production,amateur,edited,studio_quality","reaction,guide,compilation,commentary,showcase,highlights,analysis,tutorial,review,podcast","storytelling,entertainment,analysis,skill_development,educational,promotional,news"
22124,"May 5, 2024, 7:15:31 PM PST",Shorts,"informative,trending,educational,entertaining,family_friendly,viral,controversial","professional,amateur,edited,animated","guide,commentary,reaction,tutorial,showcase,compilation,analysis,interview,review","promotional,storytelling,educational,news,analysis"
21721,"May 9, 2024, 7:43:45 AM PST",Comedy,"trending,viral,entertaining,informative,family_friendly,mature,educational,controversial","animated,professional,high_production","reaction,compilation,commentary,guide,showcase,highlights,tutorial,documentary,review,analysis","storytelling,promotional,entertainment,educational,analysis,skill_development"
22564,"Apr 30, 2024, 9:59:38 AM PST",Entertainment,"trending,entertaining,informative,viral,mature,family_friendly,educational,controversial","animated,high_production,professional,edited","guide,reaction,showcase,compilation,highlights,commentary,documentary,analysis","storytelling,educational,entertainment,promotional,analysis,skill_development"
21722,"May 9, 2024, 7:38:23 AM PST",Music,"trending,entertaining,informative,viral,mature,controversial","edited,amateur","compilation,showcase,reaction,guide,highlights,analysis,commentary,review","storytelling,analysis,entertainment"
22565,"Apr 30, 2024, 9:59:36 AM PST",Comedy,"trending,controversial,viral,entertaining,informative,clickbait","edited,high_production,animated","commentary,reaction,compilation,showcase,highlights,review","news,storytelling,promotional"
22125,"May 5, 2024, 7:14:37 PM PST",Gaming,"trending,viral,informative,entertaining,controversial",edited,"commentary,reaction,compilation","news,entertainment"
22566,"Apr 30, 2024, 9:59:35 AM PST",Entertainment,"trending,entertaining,informative,family_friendly,mature,viral,controversial,educational","edited,studio_quality,high_production,raw_footage,animated,live_recording,professional","reaction,compilation,stream_highlights,guide,highlights,showcase,commentary,review,analysis,interview","entertainment,social_commentary,skill_development,product_review,personal_vlog,educational,analysis,storytelling,news,promotional"
21723,"May 9, 2024, 7:18:58 AM PST",Music,"trending,entertaining,informative,mature,viral,family_friendly,educational,controversial","professional,animated,edited","reaction,guide,showcase,highlights,commentary,compilation,analysis,review,documentary","storytelling,entertainment,educational,analysis,promotional,skill_development"
22126,"May 5, 2024, 7:13:38 PM PST",Comedy,"trending,entertaining,viral,informative",,"compilation,highlights,showcase,reaction,guide",entertainment
22567,"Apr 30, 2024, 9:59:35 AM PST",Entertainment,"trending,informative,mature,viral,entertaining,controversial,family_friendly,educational","high_production,professional,animated,edited","reaction,showcase,highlights,guide,compilation,commentary,review,analysis","storytelling,educational,analysis,entertainment"
21724,"May 9, 2024, 7:14:09 AM PST",Music,"trending,informative,viral,entertaining,mature,controversial,educational,family_friendly","professional,animated,edited,high_production","guide,reaction,showcase,highlights,compilation,commentary,analysis,review,tutorial,documentary","storytelling,educational,entertainment,skill_development,analysis,promotional,news"
22127,"May 5, 2024, 7:13:31 PM PST",Reviews,"entertaining,trending,informative,viral,educational,family_friendly",high_production,"compilation,showcase,highlights,review,commentary,guide,reaction","storytelling,entertainment,educational"
21725,"May 9, 2024, 7:10:18 AM PST",Comedy,"entertaining,trending,informative,viral,family_friendly,mature,educational,controversial",animated,"reaction,guide,commentary,showcase,highlights,compilation,analysis,documentary","storytelling,entertainment,educational,promotional,analysis"
22568,"Apr 30, 2024, 9:59:33 AM PST",Music,"trending,entertaining,informative,viral","high_production,professional","showcase,highlights,guide,stream_highlights",entertainment
22128,"May 5, 2024, 7:12:59 PM PST",News,"trending,informative,controversial,viral","high_production,edited","reaction,compilation,analysis,showcase,commentary,review,highlights,guide,interview,stream_highlights","news,analysis,social_commentary,storytelling"
21726,"May 9, 2024, 7:05:41 AM PST",Entertainment,"trending,informative,mature,entertaining,viral,controversial,educational,family_friendly","professional,high_production,edited,animated","reaction,guide,showcase,compilation,highlights,commentary,analysis,review,tutorial","educational,storytelling,promotional,entertainment,analysis,skill_development,news"
22569,"Apr 30, 2024, 9:59:32 AM PST",Entertainment,"trending,entertaining,informative,mature,viral,educational","professional,high_production,studio_quality,animated,edited","highlights,showcase,guide,review,reaction,compilation","entertainment,educational,skill_development,storytelling,product_review"
22129,"May 5, 2024, 7:12:53 PM PST",Podcast,"trending,entertaining,informative,viral,controversial,educational","studio_quality,animated,high_production","highlights,podcast,reaction,interview","educational,skill_development"
21727,"May 9, 2024, 7:02:52 AM PST",Comedy,"trending,entertaining,viral,informative,mature,family_friendly,clickbait,controversial,educational","animated,professional,high_production,edited","reaction,guide,compilation,highlights,showcase,commentary,podcast,tutorial,analysis","entertainment,storytelling,promotional,educational,skill_development,analysis"
22570,"Apr 30, 2024, 9:59:31 AM PST",Comedy,"trending,entertaining,viral,informative,mature,family_friendly,educational,controversial","animated,professional,edited","compilation,reaction,commentary,guide,showcase,highlights,podcast,review,analysis,documentary,tutorial,interview","storytelling,entertainment,promotional,educational,analysis,social_commentary,news"
22130,"May 5, 2024, 6:38:53 PM PST",Technology,"trending,informative,entertaining,educational,viral,controversial","professional,animated,edited,amateur","showcase,highlights,guide,tutorial,documentary,podcast","news,educational,entertainment"
22571,"Apr 30, 2024, 9:59:30 AM PST",Entertainment,"trending,viral,entertaining,informative,mature,controversial,educational","animated,edited","reaction,compilation,commentary,guide,showcase,highlights","storytelling,promotional,entertainment,educational"
22131,"May 5, 2024, 5:59:38 PM PST",Entertainment,"trending,informative,mature,entertaining,viral,controversial,educational","professional,edited,high_production,studio_quality","guide,commentary,highlights,interview,showcase,compilation,reaction,podcast,review,analysis,stream_highlights,documentary","skill_development,social_commentary,educational,analysis,storytelling,entertainment,product_review,news"
22572,"Apr 30, 2024, 9:59:28 AM PST",Comedy,"trending,informative,viral,entertaining,mature,controversial,family_friendly,educational","professional,animated,high_production","guide,showcase,reaction,compilation,commentary,highlights,analysis,tutorial,review","storytelling,promotional,educational,entertainment,analysis,skill_development"
21728,"May 9, 2024, 6:35:19 AM PST",Music,"entertaining,informative,viral,trending,mature,family_friendly,educational",high_production,"compilation,highlights,showcase,stream_highlights,guide,reaction,review","entertainment,educational,social_commentary,skill_development,storytelling"
22132,"May 5, 2024, 1:39:47 PM PST",Comedy,"entertaining,informative,trending,mature,educational,viral",animated,"reaction,guide,commentary,showcase,highlights,compilation","storytelling,educational,entertainment"
22573,"Apr 30, 2024, 9:59:27 AM PST",Reviews,"family_friendly,trending,mature,entertaining,educational","edited,studio_quality,amateur,professional","compilation,guide,reaction,commentary,podcast,stream_highlights,review,highlights,showcase,interview,analysis,tutorial,walkthrough","social_commentary,product_review,skill_development,personal_vlog,analysis,storytelling,entertainment,promotional,educational"
22133,"May 5, 2024, 1:35:21 PM PST",Comedy,"trending,entertaining,informative,family_friendly,viral,mature,controversial,educational","animated,professional","reaction,compilation,guide,commentary,showcase,podcast,highlights,documentary,tutorial,review","storytelling,promotional,entertainment,educational"
22574,"Apr 30, 2024, 9:59:25 AM PST",Podcast,"trending,educational,informative,controversial,viral,entertaining","edited,studio_quality,high_production","commentary,guide,compilation,review,podcast,analysis,reaction,highlights,showcase,interview,stream_highlights","educational,analysis,social_commentary,skill_development,news"
21729,"May 9, 2024, 5:53:22 AM PST",News,"trending,viral,informative,controversial,entertaining","live_recording,animated,high_production,professional","reaction,highlights,compilation,showcase,guide,stream_highlights,review,commentary","news,skill_development,storytelling"
22134,"May 5, 2024, 1:34:12 PM PST",Music,"entertaining,trending,family_friendly,viral,informative,mature,educational,controversial","animated,professional","reaction,compilation,showcase,guide,commentary,highlights,documentary,podcast,review,analysis,tutorial","storytelling,entertainment,educational,promotional,analysis"
22575,"Apr 30, 2024, 9:59:24 AM PST",Reviews,"controversial,trending,viral,entertaining",edited,"commentary,reaction,highlights,compilation,stream_highlights,podcast,showcase,review,interview","news,social_commentary,product_review,personal_vlog"
21730,"May 9, 2024, 5:24:48 AM PST",Comedy,"trending,informative,entertaining,viral,mature","professional,animated,edited","reaction,compilation,commentary,highlights,showcase","storytelling,entertainment"
22135,"May 5, 2024, 1:30:19 PM PST",Music,"trending,entertaining,mature,informative,viral,controversial,family_friendly,educational","animated,edited,professional,high_production","reaction,commentary,guide,compilation,highlights,showcase","storytelling,educational,entertainment,skill_development,social_commentary"
21731,"May 9, 2024, 5:19:18 AM PST",Comedy,"trending,entertaining,informative,mature,viral,controversial,educational,family_friendly","professional,animated,edited","guide,reaction,commentary,compilation,showcase,highlights,tutorial,analysis","storytelling,educational,promotional,entertainment,analysis"
22136,"May 5, 2024, 1:25:57 PM PST",Comedy,"entertaining,trending,informative,viral",animated,"reaction,highlights,showcase,compilation,commentary,guide","storytelling,entertainment"
21732,"May 9, 2024, 5:15:58 AM PST",Comedy,"trending,viral,entertaining,informative,mature,family_friendly,controversial,educational","professional,edited,animated","reaction,guide,highlights,showcase,commentary,compilation,tutorial,documentary","storytelling,entertainment,promotional,educational,news,social_commentary,skill_development"
22137,"May 5, 2024, 1:25:06 PM PST",Music,"entertaining,trending,informative,mature,viral,family_friendly,educational",animated,"compilation,reaction,guide,showcase,commentary,highlights","storytelling,entertainment,educational"
21733,"May 9, 2024, 2:56:29 AM PST",Music,"trending,entertaining,viral,informative,controversial",high_production,"compilation,showcase,reaction,highlights,guide,commentary","entertainment,news,promotional"
22138,"May 5, 2024, 1:21:06 PM PST",Entertainment,"trending,entertaining,informative,viral,mature,educational,controversial,family_friendly","professional,edited,animated","showcase,guide,reaction,interview,highlights,compilation,commentary,stream_highlights,analysis,podcast,review,documentary","storytelling,skill_development,educational,entertainment,analysis,news"
22139,"May 5, 2024, 1:16:35 PM PST",Entertainment,"trending,mature,entertaining,informative,viral,controversial,educational","professional,high_production,animated,edited","guide,reaction,showcase,commentary,highlights,compilation,analysis,review","storytelling,skill_development,analysis,educational,entertainment"
21734,"May 9, 2024, 1:42:59 AM PST",Gaming,"trending,controversial,viral,entertaining,informative,educational",edited,"reaction,guide","entertainment,news,educational"
22140,"May 5, 2024, 1:16:34 PM PST",Music,"trending,entertaining,informative,viral,mature,family_friendly,controversial,educational","professional,animated","showcase,reaction,guide,highlights,compilation,commentary,analysis","storytelling,entertainment,educational,skill_development,analysis"
21735,"May 9, 2024, 1:42:15 AM PST",Comedy,"entertaining,viral,trending,informative,controversial","professional,animated,high_production","reaction,commentary,highlights,guide,compilation,showcase,podcast","entertainment,storytelling,news,skill_development"
22141,"May 5, 2024, 1:16:33 PM PST",Comedy,"trending,entertaining,informative,viral,family_friendly,mature,educational,controversial","animated,edited,professional,high_production","reaction,commentary,guide,compilation,showcase,highlights,podcast,interview,tutorial,review,analysis","storytelling,promotional,entertainment,news,educational,social_commentary,analysis,skill_development"
21736,"May 9, 2024, 1:42:01 AM PST",Technology,"trending,informative,entertaining,controversial,mature","edited,professional,high_production","reaction,guide,highlights",
22142,"May 5, 2024, 1:16:32 PM PST",Comedy,"trending,entertaining,informative,controversial,mature,viral,educational","edited,amateur,professional","reaction,commentary,guide,highlights,compilation,analysis,showcase,review","entertainment,storytelling,educational,analysis"
21737,"May 9, 2024, 1:41:47 AM PST",Shorts,"trending,controversial,viral","animated,edited","commentary,compilation,review,showcase","storytelling,entertainment"
22143,"May 5, 2024, 1:16:30 PM PST",Music,"trending,entertaining,viral,informative,mature,controversial,family_friendly,educational","animated,edited","reaction,guide,commentary,compilation,showcase,highlights,documentary","storytelling,educational"
21738,"May 9, 2024, 1:41:15 AM PST",News,"controversial,trending,entertaining,viral,informative","edited,raw_footage,live_recording,studio_quality,amateur","reaction,highlights,commentary,compilation,showcase,stream_highlights,review","social_commentary,news,storytelling"
22144,"May 5, 2024, 1:16:27 PM PST",Comedy,"trending,controversial,entertaining,viral,informative","animated,edited,amateur","reaction,commentary,compilation,guide,highlights","storytelling,entertainment"
21739,"May 9, 2024, 1:40:03 AM PST",Entertainment,"trending,entertaining,viral,informative,controversial","animated,professional,high_production,edited,studio_quality","compilation,reaction,commentary,highlights,showcase,guide,stream_highlights,review","entertainment,storytelling,promotional"
22145,"May 5, 2024, 1:07:19 PM PST",Entertainment,"trending,entertaining,informative,viral,mature,controversial,educational,family_friendly","professional,edited,animated,high_production","reaction,guide,highlights,commentary,compilation,showcase,analysis","storytelling,entertainment,analysis,educational"
21740,"May 9, 2024, 1:40:01 AM PST",Tutorial,"entertaining,educational,informative,trending,viral,controversial",animated,"showcase,tutorial,guide,walkthrough,podcast,review","educational,news,entertainment"
22146,"May 5, 2024, 1:03:18 PM PST",Comedy,"trending,viral,entertaining,informative,controversial,mature,family_friendly,educational","animated,edited","reaction,commentary,compilation,guide,highlights,showcase","entertainment,storytelling,educational"
21741,"May 9, 2024, 1:39:57 AM PST",Technology,"trending,viral,informative,entertaining,controversial","high_production,animated,live_recording,professional","highlights,reaction",news
21742,"May 9, 2024, 1:39:32 AM PST",Entertainment,"entertaining,trending,viral,informative","studio_quality,high_production,raw_footage,live_recording,animated,edited","reaction,stream_highlights,highlights,compilation,commentary,showcase,podcast","social_commentary,entertainment,personal_vlog,product_review,skill_development"
22147,"May 5, 2024, 12:46:50 PM PST",Podcast,"viral,informative,trending,entertaining,family_friendly,mature",professional,"showcase,highlights,stream_highlights,guide",
22148,"May 5, 2024, 6:12:05 AM PST",Comedy,"trending,entertaining,viral,informative,controversial,family_friendly,educational,mature,clickbait","animated,professional","reaction,guide,commentary,showcase,highlights,compilation,analysis","storytelling,entertainment,promotional,educational,analysis"
21743,"May 9, 2024, 1:39:04 AM PST",Shorts,"viral,trending,entertaining,clickbait,informative","amateur,animated","showcase,highlights,reaction,commentary,compilation","entertainment,promotional"
22149,"May 5, 2024, 6:07:08 AM PST",Reviews,"controversial,trending,informative,viral",edited,"highlights,compilation",
22150,"May 5, 2024, 5:27:43 AM PST",Comedy,"entertaining,trending,informative,viral,family_friendly,mature,educational,controversial",animated,"reaction,guide,commentary,showcase,highlights,compilation,analysis,documentary","storytelling,entertainment,educational,promotional,analysis"
22151,"May 5, 2024, 5:23:53 AM PST",Entertainment,"trending,mature,informative,entertaining,viral,family_friendly,controversial,educational","edited,animated","reaction,highlights,compilation,showcase,guide,commentary,review,interview","educational,storytelling,entertainment,skill_development"
22152,"May 5, 2024, 5:18:20 AM PST",Entertainment,"trending,informative,entertaining,viral,controversial,educational,mature","studio_quality,edited,animated,high_production","reaction,compilation,commentary,guide,showcase,highlights,analysis,stream_highlights","entertainment,promotional,news,educational,storytelling,skill_development,analysis,social_commentary,product_review"
22153,"May 5, 2024, 3:46:09 AM PST",Music,"entertaining,trending,informative,viral,educational",,"showcase,compilation,highlights,guide","entertainment,educational,storytelling,promotional,news"
22154,"May 5, 2024, 3:42:45 AM PST",Technology,"trending,entertaining,informative,controversial,viral","high_production,edited,animated","reaction,showcase,highlights",news
22155,"May 5, 2024, 3:41:09 AM PST",Music,"trending,entertaining,viral,informative,family_friendly,mature","high_production,edited,animated,raw_footage","showcase,reaction,compilation,review,guide,stream_highlights,highlights,commentary","entertainment,storytelling,promotional"
22156,"May 5, 2024, 3:36:40 AM PST",Music,"entertaining,family_friendly,trending,viral,mature","high_production,studio_quality,professional","showcase,highlights,reaction,guide","entertainment,promotional,storytelling"
22157,"May 5, 2024, 3:31:28 AM PST",Music,"entertaining,trending,informative,viral,educational,mature,family_friendly","professional,high_production","showcase,guide,highlights","storytelling,entertainment,promotional,educational"
22158,"May 5, 2024, 3:28:53 AM PST",Music,"trending,viral,entertaining,informative,controversial,mature","high_production,professional,studio_quality","showcase,compilation,reaction,guide,highlights","entertainment,storytelling"
22159,Swedish House Mafia ft. John Martin - Don't You Worry Child (Official Video),Music,"trending,entertaining,viral,family_friendly,informative,controversial","high_production,studio_quality","showcase,compilation,highlights,reaction,guide,stream_highlights","entertainment,promotional,news"
