27160,"Mar 4, 2024, 9:00:20 PM PST",Entertainment,"trending,entertaining,informative,mature,viral,family_friendly,educational","professional,animated,edited","guide,showcase,compilation","entertainment,promotional,educational"
26744,"Mar 10, 2024, 3:07:23 AM PST",Music,"trending,entertaining,viral,informative,controversial,mature","professional,high_production,edited,studio_quality","showcase,compilation,highlights,guide,reaction","entertainment,promotional,news"
27161,"Mar 4, 2024, 8:56:25 PM PST",Entertainment,"trending,entertaining,informative,family_friendly,viral,educational",,"compilation,podcast,reaction,commentary,showcase,guide","storytelling,news,entertainment,educational,social_commentary"
26745,"Mar 10, 2024, 3:03:30 AM PST",Music,"trending,controversial,viral,entertaining,informative","professional,high_production,edited","reaction,showcase,compilation,guide,highlights","entertainment,news"
27162,"Mar 4, 2024, 8:02:38 PM PST",Comedy,"trending,entertaining,family_friendly,informative,viral,mature,controversial,educational","professional,animated","compilation,reaction,showcase,commentary,guide,highlights,documentary,analysis,review,tutorial","storytelling,promotional,entertainment,educational,analysis"
26746,"Mar 10, 2024, 3:00:14 AM PST",Music,"trending,viral,entertaining,informative,controversial,family_friendly,mature","professional,high_production,animated,edited,studio_quality","showcase,compilation,highlights,reaction,guide","entertainment,promotional,storytelling"
27163,"Mar 4, 2024, 8:01:54 PM PST",Music,"entertaining,trending,informative,viral,mature,controversial","live_recording,high_production,professional","showcase,stream_highlights,highlights,compilation,guide","entertainment,skill_development"
26747,"Mar 10, 2024, 2:56:45 AM PST",Music,"informative,trending,entertaining,viral,mature,educational,controversial","professional,high_production,edited","showcase,highlights","entertainment,news,storytelling,educational"
27164,"Mar 4, 2024, 7:58:59 PM PST",Tutorial,"trending,mature,informative,viral,controversial,entertaining","edited,professional,high_production","reaction,guide,highlights,compilation,commentary,showcase,review",skill_development
27165,"Mar 4, 2024, 7:34:40 PM PST",Music,"entertaining,viral,trending,informative,controversial,mature","high_production,professional","compilation,showcase,highlights,reaction,commentary,guide","entertainment,promotional,storytelling"
26748,"Mar 10, 2024, 2:51:10 AM PST",Music,"entertaining,trending,viral,informative,family_friendly,educational","edited,high_production","compilation,guide,highlights,showcase,podcast","entertainment,educational,skill_development"
27166,"Mar 4, 2024, 7:01:14 PM PST",Podcast,"entertaining,informative,trending,viral,controversial,mature,educational","edited,professional,animated,high_production","podcast,compilation,showcase,commentary,guide,analysis,review,highlights,documentary","storytelling,entertainment,educational,analysis"
26749,"Mar 10, 2024, 2:45:02 AM PST",Podcast,"entertaining,informative,trending,viral,controversial,mature,educational","edited,professional,animated,high_production","podcast,compilation,showcase,commentary,guide,analysis,review,highlights,documentary","storytelling,entertainment,educational,analysis"
27167,"Mar 4, 2024, 6:55:01 PM PST",Podcast,"informative,entertaining,educational,trending,viral,controversial,mature","edited,animated,professional","compilation,podcast,commentary,guide,analysis,documentary,showcase,highlights,review","storytelling,educational,entertainment,analysis"
26750,"Mar 10, 2024, 2:38:22 AM PST",Podcast,"informative,entertaining,educational,trending,viral,controversial,mature","edited,animated,professional","compilation,podcast,commentary,guide,analysis,documentary,showcase,highlights,review","storytelling,educational,entertainment,analysis"
27168,"Mar 4, 2024, 6:45:15 PM PST",Music,"entertaining,trending,viral,informative,mature,controversial,educational","professional,high_production,animated","showcase,compilation,highlights","entertainment,promotional,educational,storytelling"
26751,"Mar 10, 2024, 2:32:36 AM PST",Podcast,"entertaining,trending,informative,viral,educational,controversial,mature","edited,professional,animated","podcast,compilation,showcase,guide,highlights,commentary,documentary","storytelling,entertainment,educational,promotional"
26752,"Mar 10, 2024, 2:25:10 AM PST",Music,"entertaining,trending,informative,viral,mature,controversial","live_recording,high_production,professional","showcase,stream_highlights,highlights,compilation,guide","entertainment,skill_development"
27169,"Mar 4, 2024, 6:41:08 PM PST",Music,"entertaining,trending,viral,informative,controversial",high_production,"compilation,showcase,reaction,highlights,podcast,stream_highlights,guide",
26753,"Mar 10, 2024, 2:17:40 AM PST",Entertainment,"entertaining,informative,trending,viral,educational,controversial,mature,family_friendly","animated,professional,edited","podcast,compilation,showcase,guide,commentary,highlights,reaction,analysis","storytelling,skill_development,promotional,educational,entertainment,analysis"
27170,"Mar 4, 2024, 5:30:48 PM PST",Entertainment,"trending,mature,entertaining,informative,viral,controversial,family_friendly,educational","professional,high_production,edited","guide,reaction,showcase,highlights,commentary,compilation,analysis","storytelling,entertainment,educational,analysis,promotional"
26754,"Mar 10, 2024, 12:52:47 AM PST",Music,"entertaining,viral,trending,informative,controversial,mature","high_production,professional","compilation,showcase,highlights,reaction,commentary,guide","entertainment,promotional,storytelling"
27171,"Mar 4, 2024, 5:26:24 PM PST",Entertainment,"trending,entertaining,informative,mature,viral,controversial,family_friendly,educational","animated,edited,professional","reaction,guide,commentary,compilation,showcase,highlights,analysis","storytelling,entertainment,educational,promotional,analysis"
26755,"Mar 10, 2024, 12:43:44 AM PST",Music,"trending,entertaining,informative,viral,mature,controversial",edited,"podcast,highlights,showcase,guide,compilation","entertainment,promotional"
27172,"Mar 4, 2024, 5:23:21 PM PST",Music,"trending,mature,informative,entertaining,viral,controversial,family_friendly,educational","professional,high_production,edited,animated","reaction,guide,showcase,highlights,compilation,commentary,analysis","storytelling,skill_development,entertainment,educational,analysis,promotional"
26756,"Mar 10, 2024, 12:43:20 AM PST",Entertainment,"trending,entertaining,mature,controversial,informative,viral,educational,clickbait","edited,animated,professional,high_production","showcase,reaction,commentary,guide,highlights,podcast","promotional,entertainment,news,educational,storytelling"
27173,"Mar 4, 2024, 5:19:43 PM PST",Entertainment,"trending,entertaining,viral,informative,mature,controversial,educational,family_friendly","professional,edited,animated","reaction,guide,showcase,highlights,commentary,compilation,analysis","storytelling,entertainment,educational,skill_development,analysis"
26757,"Mar 10, 2024, 12:40:10 AM PST",Comedy,"entertaining,trending,controversial,viral,informative,clickbait,educational","edited,animated","showcase,reaction,commentary,compilation,guide,podcast,analysis,highlights","storytelling,entertainment,promotional,analysis,educational"
27174,"Mar 4, 2024, 5:16:00 PM PST",Entertainment,"trending,entertaining,mature,informative,viral,educational,controversial,family_friendly","professional,animated,edited","reaction,guide,showcase,highlights,commentary,analysis,review","storytelling,entertainment,educational,skill_development,analysis,promotional"
26758,"Mar 9, 2024, 11:05:42 PM PST",Music,"trending,viral,entertaining,informative,mature,family_friendly,controversial","animated,high_production,professional,studio_quality","showcase,compilation,reaction,highlights,guide","entertainment,storytelling,promotional,news"
27175,"Mar 4, 2024, 5:12:20 PM PST",Music,"trending,entertaining,informative,viral,mature,family_friendly,controversial,educational","professional,animated,edited","reaction,guide,showcase,commentary,highlights,compilation,documentary,tutorial","storytelling,entertainment,educational,promotional"
27176,"Mar 4, 2024, 5:08:58 PM PST",Music,"trending,informative,mature,entertaining,viral,educational,controversial,family_friendly","professional,high_production,animated,edited","reaction,guide,showcase,commentary,compilation,highlights,analysis,documentary,review","storytelling,educational,entertainment,skill_development,analysis,promotional,social_commentary,news"
26759,"Mar 9, 2024, 11:03:21 PM PST",Entertainment,"entertaining,trending,informative,viral,family_friendly,mature","professional,high_production,animated","showcase,compilation,guide,highlights","entertainment,storytelling,promotional"
27177,"Mar 4, 2024, 5:05:06 PM PST",Music,"trending,entertaining,informative,mature,viral,educational,controversial","professional,edited,animated","reaction,guide,showcase,highlights,compilation,commentary,analysis,review","storytelling,educational,entertainment,analysis,skill_development"
26760,"Mar 9, 2024, 10:59:26 PM PST",Music,"trending,entertaining,informative,mature,educational,viral,controversial,family_friendly","professional,high_production,studio_quality","podcast,showcase,reaction,highlights,guide,review,analysis,compilation,tutorial","entertainment,storytelling,educational,skill_development,analysis,news,promotional"
27178,"Mar 4, 2024, 4:59:17 PM PST",Music,"trending,entertaining,viral,informative,mature,family_friendly,controversial,educational","animated,professional,edited,high_production","reaction,compilation,guide,commentary,highlights,showcase,tutorial,analysis,review","storytelling,promotional,entertainment,educational,skill_development,social_commentary,analysis"
26761,"Mar 9, 2024, 10:55:22 PM PST",Music,"trending,entertaining,viral,informative,mature,educational,controversial","professional,animated,high_production,studio_quality","reaction,showcase,review,analysis,highlights,guide,compilation","entertainment,storytelling,educational,analysis,skill_development"
27179,"Mar 4, 2024, 4:56:36 PM PST",Comedy,"trending,entertaining,informative,viral,mature,family_friendly,controversial,educational","animated,edited","reaction,commentary,guide,compilation,highlights,showcase,analysis,documentary","storytelling,entertainment,educational,analysis,skill_development"
26762,"Mar 9, 2024, 10:52:11 PM PST",Music,"trending,entertaining,viral,informative,mature,controversial","professional,animated,high_production,studio_quality","showcase,highlights,reaction","entertainment,storytelling,promotional"
27180,"Mar 4, 2024, 4:15:17 PM PST",Music,"informative,trending,mature,viral,educational,entertaining,family_friendly",,"showcase,highlights,guide",educational
26763,"Mar 9, 2024, 10:49:33 PM PST",Comedy,"viral,entertaining,trending,informative,educational,controversial,mature,family_friendly","high_production,professional,animated,edited","showcase,compilation,documentary,highlights,reaction,guide,analysis,tutorial,stream_highlights,review","storytelling,entertainment,educational,promotional,skill_development,analysis"
27181,"Mar 4, 2024, 3:31:12 PM PST",Music,"entertaining,trending,viral,informative,mature,family_friendly,educational","professional,high_production,animated,studio_quality,edited","showcase,highlights,reaction,compilation,documentary","promotional,entertainment,storytelling,skill_development,educational"
26764,"Mar 9, 2024, 10:00:53 PM PST",Technology,"entertaining,trending,informative,viral,educational,mature,controversial","professional,edited,animated","interview,showcase","educational,news,entertainment"
27182,"Mar 4, 2024, 3:29:28 PM PST",Entertainment,"entertaining,trending,informative,viral,educational,mature,controversial","professional,animated,high_production","showcase,highlights,compilation,documentary,reaction,guide,commentary","storytelling,entertainment,educational,promotional"
26765,"Mar 9, 2024, 10:00:26 PM PST",Reviews,"family_friendly,entertaining,viral,trending,informative,mature,educational","animated,high_production,studio_quality,edited","reaction,highlights,compilation,showcase,stream_highlights,guide,commentary,review","entertainment,promotional,educational,storytelling"
27183,"Mar 4, 2024, 3:26:32 PM PST",Music,"trending,entertaining,viral,informative,mature,educational,controversial","professional,animated,high_production,studio_quality","showcase,documentary,guide,highlights,reaction,interview,tutorial,analysis,commentary,compilation,review","promotional,entertainment,skill_development,educational,storytelling,analysis,news"
26766,"Mar 9, 2024, 9:59:55 PM PST",News,"viral,entertaining,informative,trending,controversial","live_recording,high_production","reaction,showcase,highlights,stream_highlights,compilation","news,storytelling"
27184,"Mar 4, 2024, 3:22:59 PM PST",Music,"trending,entertaining,viral,informative,mature,family_friendly,educational,controversial","professional,high_production,edited,animated","showcase,highlights,reaction,guide,compilation","promotional,entertainment,storytelling,educational,news"
26767,"Mar 9, 2024, 9:58:25 PM PST",Tutorial,"entertaining,educational,controversial,viral,informative,clickbait,trending","animated,amateur,edited","commentary,reaction,compilation,tutorial","educational,entertainment,storytelling,news"
27185,"Mar 4, 2024, 3:16:31 PM PST",Music,"trending,entertaining,viral,informative,controversial",high_production,"reaction,showcase,highlights,commentary,guide,compilation","entertainment,promotional,news"
26768,"Mar 9, 2024, 9:58:22 PM PST",Shorts,"informative,trending,educational,viral,entertaining,mature",professional,"analysis,review,guide,showcase,commentary","analysis,educational"
27186,"Mar 4, 2024, 3:12:36 PM PST",Entertainment,"entertaining,trending,informative,viral,educational,controversial","animated,professional,high_production","showcase,reaction,documentary,compilation,highlights,guide,analysis","entertainment,promotional,educational,storytelling,news,analysis"
27187,"Mar 4, 2024, 3:08:12 PM PST",Music,"trending,entertaining,informative,viral,mature,controversial","professional,high_production,studio_quality,edited","showcase,highlights,guide,commentary,compilation,stream_highlights,review,reaction","storytelling,entertainment,skill_development"
26769,"Mar 9, 2024, 9:57:02 PM PST",Shorts,"trending,informative,entertaining,viral,educational,controversial","professional,edited","showcase,guide,analysis,highlights,commentary","news,promotional,educational,analysis"
26770,"Mar 9, 2024, 9:56:46 PM PST",Reviews,"controversial,trending,viral","edited,raw_footage","reaction,compilation,commentary,review,guide,podcast","social_commentary,product_review,personal_vlog"
27188,"Mar 4, 2024, 3:05:00 PM PST",Music,"trending,entertaining,viral,informative,controversial,mature,family_friendly","professional,animated,high_production","reaction,showcase,highlights,guide,compilation","entertainment,storytelling"
26771,"Mar 9, 2024, 9:56:12 PM PST",Gaming,"trending,entertaining,informative,viral,mature,controversial","professional,edited,animated","highlights,showcase,stream_highlights,reaction",entertainment
27189,"Mar 4, 2024, 2:59:36 PM PST",Music,"entertaining,trending,informative,viral,controversial","professional,high_production,edited","compilation,showcase,highlights,stream_highlights,podcast,guide,reaction","entertainment,promotional,storytelling,news"
26772,"Mar 9, 2024, 9:55:32 PM PST",Sports,"trending,viral,entertaining,controversial",high_production,"compilation,showcase,highlights,stream_highlights",
27190,"Mar 4, 2024, 2:56:16 PM PST",Comedy,"trending,viral,controversial,entertaining,informative,mature,family_friendly","edited,animated,professional","reaction,commentary,compilation,guide,showcase,highlights,analysis,review,interview","storytelling,social_commentary,promotional,news,skill_development,analysis,entertainment"
26773,"Mar 9, 2024, 9:54:17 PM PST",Entertainment,"entertaining,trending,viral,informative,mature",edited,"reaction,compilation,commentary,highlights","entertainment,storytelling"
27191,"Mar 4, 2024, 2:53:52 PM PST",Music,"trending,viral,entertaining,informative,mature,controversial","professional,high_production,edited","showcase,highlights,reaction,guide","promotional,entertainment,storytelling"
26774,"Mar 9, 2024, 9:54:04 PM PST",Gaming,"controversial,entertaining,trending,viral,informative,educational","animated,edited","reaction,commentary,showcase,highlights,compilation,tutorial,review","news,entertainment,storytelling,promotional,educational"
26775,"Mar 9, 2024, 9:53:50 PM PST",Entertainment,"entertaining,informative,trending,viral,educational","professional,high_production","showcase,highlights,stream_highlights,compilation","entertainment,educational,news,product_review"
27192,"Mar 4, 2024, 2:50:27 PM PST",Entertainment,"entertaining,trending,viral,informative,family_friendly,controversial,educational,mature","high_production,edited,professional","showcase,reaction,highlights,guide,commentary,compilation,interview","entertainment,storytelling,promotional,educational"
26776,"Mar 9, 2024, 9:52:49 PM PST",Technology,"informative,educational,trending,entertaining,viral,mature,controversial","professional,high_production,animated,edited","guide,analysis,commentary,showcase,compilation,highlights,reaction,tutorial,review,stream_highlights","educational,storytelling,analysis,news,social_commentary,entertainment"
26777,"Mar 9, 2024, 2:55:46 PM PST",Comedy,"entertaining,trending,controversial,viral,informative,clickbait,educational","edited,animated","showcase,reaction,commentary,compilation,guide,podcast,analysis,highlights","storytelling,entertainment,promotional,analysis,educational"
27193,"Mar 4, 2024, 2:46:48 PM PST",Comedy,"entertaining,viral,trending,informative,controversial,educational,mature,family_friendly","high_production,professional,animated,studio_quality","showcase,documentary,highlights,reaction,stream_highlights,guide,analysis,commentary,review,interview","entertainment,storytelling,promotional,educational,analysis"
26778,"Mar 9, 2024, 2:55:05 PM PST",Music,"entertaining,trending,viral,informative,controversial,educational,clickbait","edited,animated","showcase,commentary,reaction,compilation,guide,highlights,tutorial","entertainment,storytelling,promotional,educational,news"
27194,"Mar 4, 2024, 2:43:33 PM PST",Entertainment,"entertaining,trending,informative,viral,mature,controversial","high_production,professional","highlights,showcase,guide",entertainment
26779,"Mar 9, 2024, 2:13:04 PM PST",Entertainment,"viral,entertaining,trending,informative,educational,mature,controversial,family_friendly","animated,professional,high_production,studio_quality","showcase,reaction,analysis,stream_highlights,documentary,highlights,guide,review,compilation,commentary,interview","entertainment,storytelling,analysis,educational,skill_development,social_commentary,product_review,promotional,news,personal_vlog"
26780,"Mar 9, 2024, 2:12:20 PM PST",News,"controversial,entertaining,trending,informative,viral,clickbait","high_production,raw_footage,edited,animated,amateur","reaction,compilation,showcase,commentary,guide,highlights,stream_highlights","news,entertainment,storytelling,skill_development,social_commentary"
27195,"Mar 4, 2024, 2:38:55 PM PST",Music,"entertaining,trending,informative,viral,mature,family_friendly,educational","high_production,professional,studio_quality","showcase,compilation,highlights,stream_highlights,reaction,guide","entertainment,storytelling,educational,promotional"
27196,"Mar 4, 2024, 2:34:49 PM PST",Music,"trending,entertaining,viral,informative,mature,educational,controversial","professional,animated,high_production,studio_quality","reaction,showcase,review,analysis,highlights,guide,compilation","entertainment,storytelling,educational,analysis,skill_development"
26781,"Mar 9, 2024, 2:12:10 PM PST",Entertainment,"trending,viral,entertaining,informative,controversial,educational","amateur,animated,edited","compilation,highlights,commentary,showcase,reaction","entertainment,news,promotional,educational"
26782,"Mar 9, 2024, 1:56:33 PM PST",News,"entertaining,trending,controversial,viral,informative","live_recording,raw_footage,amateur,high_production,edited,animated,studio_quality","reaction,compilation,commentary,highlights,showcase,stream_highlights,guide,review,podcast,analysis","entertainment,social_commentary,news,storytelling,analysis"
26783,"Mar 9, 2024, 1:56:09 PM PST",Entertainment,"viral,entertaining,trending,informative,educational,mature,controversial,family_friendly","animated,professional,high_production,studio_quality","showcase,reaction,analysis,highlights,stream_highlights,compilation,guide,documentary,review,commentary,interview,tutorial","entertainment,storytelling,educational,analysis,skill_development,promotional,product_review,social_commentary,news"
27197,"Mar 4, 2024, 2:32:13 PM PST",Music,"entertaining,trending,informative,viral,mature,family_friendly,controversial,educational","high_production,professional,edited","highlights,showcase","entertainment,promotional,storytelling,educational"
27198,"Mar 4, 2024, 2:27:35 PM PST",Podcast,"entertaining,trending,informative,viral,mature,educational,controversial","professional,high_production,animated,studio_quality,edited","podcast,showcase,compilation,highlights,documentary,guide,commentary,reaction,review,stream_highlights,interview,analysis","storytelling,entertainment,analysis,promotional,educational,skill_development,social_commentary"
26784,"Mar 9, 2024, 1:55:15 PM PST",Comedy,"entertaining,viral,trending",animated,"compilation,reaction,showcase,highlights","entertainment,promotional,social_commentary"
27199,"Mar 4, 2024, 2:24:29 PM PST",Music,"trending,viral,entertaining,informative,mature,family_friendly,controversial","animated,high_production,professional,studio_quality","showcase,compilation,reaction,highlights,guide","entertainment,storytelling,promotional,news"
26785,"Mar 9, 2024, 1:54:57 PM PST",Reviews,"controversial,trending,viral","animated,raw_footage","reaction,commentary,highlights,compilation,showcase,stream_highlights,podcast,review,interview","news,social_commentary,product_review,personal_vlog"
27200,"Mar 4, 2024, 10:56:32 AM PST",Music,"trending,entertaining,viral,informative,mature","professional,high_production,animated","compilation,showcase,highlights,reaction,guide","promotional,entertainment,storytelling,news"
26786,"Mar 9, 2024, 1:54:46 PM PST",Entertainment,"entertaining,informative,viral,trending,educational,controversial,family_friendly","animated,live_recording,high_production,raw_footage,studio_quality,edited","reaction,guide,showcase,podcast,tutorial,commentary,compilation,highlights,stream_highlights,walkthrough,analysis","entertainment,educational,promotional,social_commentary,storytelling,personal_vlog,skill_development,news,product_review,analysis"
26787,"Mar 9, 2024, 1:53:35 PM PST",News,"controversial,informative,trending,viral,mature","edited,studio_quality","guide,commentary,analysis,highlights,stream_highlights,showcase,compilation","analysis,social_commentary,news"
27201,"Mar 4, 2024, 10:52:10 AM PST",Entertainment,"entertaining,trending,viral,informative,educational,mature,controversial,family_friendly","high_production,professional","showcase,highlights,documentary,reaction,interview,guide,commentary,analysis,tutorial,stream_highlights,review","entertainment,storytelling,promotional,educational,analysis,news,skill_development,social_commentary"
26788,"Mar 9, 2024, 1:53:07 PM PST",Gaming,"controversial,trending,viral","amateur,edited","commentary,reaction","storytelling,news"
26789,"Mar 9, 2024, 1:52:46 PM PST",Entertainment,"trending,informative,entertaining,viral,family_friendly,mature","high_production,edited,animated,studio_quality,raw_footage,live_recording","highlights,showcase,stream_highlights,guide,commentary,compilation,reaction,walkthrough,review","entertainment,social_commentary,promotional,personal_vlog"
27202,"Mar 4, 2024, 10:37:05 AM PST",Entertainment,"entertaining,trending,informative,viral,family_friendly,mature","professional,high_production,animated","showcase,compilation,guide,highlights","entertainment,storytelling,promotional"
26790,"Mar 9, 2024, 1:52:12 PM PST",Reviews,"controversial,trending,viral",edited,"commentary,reaction,guide,compilation",social_commentary
26791,"Mar 9, 2024, 1:50:49 PM PST",Podcast,"trending,informative,viral,educational,entertaining",,"guide,showcase,highlights",educational
27203,"Mar 4, 2024, 10:33:03 AM PST",Comedy,"entertaining,trending,viral",,"commentary,showcase,highlights,compilation","storytelling,entertainment"
26792,"Mar 9, 2024, 1:50:01 PM PST",Sports,"trending,controversial,viral,informative,entertaining,educational",animated,"reaction,highlights,commentary,compilation,showcase,guide,analysis","news,analysis,educational"
27204,"Mar 4, 2024, 10:28:50 AM PST",Music,"trending,entertaining,informative,mature,educational,controversial",professional,"podcast,showcase,highlights,reaction,guide","entertainment,storytelling,educational"
26793,"Mar 9, 2024, 1:49:38 PM PST",Technology,"controversial,informative,trending,viral,educational,mature","edited,high_production","guide,reaction,commentary,tutorial",educational
27205,"Mar 4, 2024, 10:24:56 AM PST",Comedy,"trending,informative,mature,entertaining,viral,controversial,family_friendly,educational","professional,animated,edited","reaction,guide,commentary,compilation,showcase,highlights,analysis,documentary","storytelling,educational,entertainment,analysis,promotional"
26794,"Mar 9, 2024, 1:49:20 PM PST",Shorts,"trending,entertaining,viral,family_friendly,informative,controversial,educational","animated,edited,amateur","showcase,reaction,guide,compilation,highlights,tutorial,review","storytelling,entertainment,news,educational,skill_development,product_review"
26795,"Mar 9, 2024, 1:49:10 PM PST",Shorts,"trending,viral,informative,entertaining,family_friendly,controversial,educational",edited,"commentary,guide,showcase,reaction,compilation","storytelling,promotional,news,educational,entertainment"
27206,"Mar 4, 2024, 10:19:42 AM PST",Comedy,"viral,entertaining,trending,informative,educational,controversial,mature,family_friendly","high_production,professional,animated,edited","showcase,compilation,documentary,highlights,reaction,guide,analysis,tutorial,stream_highlights,review","storytelling,entertainment,educational,promotional,skill_development,analysis"
26796,"Mar 9, 2024, 1:48:11 PM PST",Entertainment,"trending,entertaining,viral,informative,controversial","high_production,edited,raw_footage,animated","reaction,highlights,stream_highlights,compilation,guide,showcase,commentary,review","social_commentary,news,entertainment,storytelling"
27207,"Mar 4, 2024, 10:16:30 AM PST",Music,"trending,entertaining,viral,informative,mature,controversial","professional,animated,high_production,studio_quality","showcase,highlights,reaction","entertainment,storytelling,promotional"
26797,"Mar 9, 2024, 1:47:36 PM PST",News,"controversial,trending,entertaining,viral,informative","raw_footage,live_recording,edited,animated","reaction,commentary,stream_highlights,highlights","news,social_commentary,entertainment"
27208,"Mar 4, 2024, 8:28:05 AM PST",Comedy,"trending,entertaining,informative,viral,mature,controversial,family_friendly,educational","animated,professional,edited","reaction,guide,showcase,highlights,commentary,compilation,podcast,tutorial,analysis,review","storytelling,entertainment,educational,analysis,news,promotional"
26798,"Mar 9, 2024, 1:46:59 PM PST",Sports,"informative,trending,entertaining,viral,controversial","high_production,professional,animated,edited","showcase,highlights,stream_highlights,guide",news
27209,"Mar 4, 2024, 8:24:05 AM PST",Comedy,"trending,entertaining,viral,informative,mature,controversial,family_friendly,educational","animated,professional","reaction,commentary,compilation,guide,showcase,highlights,documentary,analysis","storytelling,entertainment,educational,promotional,analysis"
26799,"Mar 9, 2024, 1:45:35 PM PST",Podcast,"informative,trending,mature,entertaining,educational,viral,controversial","professional,edited,studio_quality,high_production,animated,live_recording","commentary,guide,analysis,highlights,compilation,showcase,podcast,review,stream_highlights,interview,walkthrough","analysis,news,social_commentary,educational,personal_vlog,product_review,skill_development,storytelling"
27210,"Mar 4, 2024, 8:20:28 AM PST",Comedy,"trending,entertaining,informative,viral,mature,controversial,family_friendly,educational","animated,edited","reaction,compilation,commentary,showcase,guide,highlights,analysis,documentary","storytelling,entertainment,promotional,educational,analysis"
26800,"Mar 9, 2024, 1:44:05 PM PST",Shorts,"trending,informative,entertaining,viral,mature,controversial,educational","professional,high_production","showcase,highlights,compilation","news,skill_development,educational"
27211,"Mar 4, 2024, 7:53:13 AM PST",Entertainment,"trending,entertaining,informative,viral,controversial,family_friendly","raw_footage,animated,edited","reaction,highlights,showcase,guide,compilation,commentary","news,storytelling,entertainment,promotional"
26801,"Mar 9, 2024, 1:43:55 PM PST",Technology,"trending,viral,entertaining,informative,educational,family_friendly",edited,"highlights,guide",educational
27212,"Mar 4, 2024, 7:47:45 AM PST",Entertainment,"entertaining,informative,trending,viral,controversial,educational","edited,animated,high_production","compilation,showcase,reaction,commentary,highlights,review,guide","storytelling,entertainment,educational"
26802,"Mar 9, 2024, 1:43:54 PM PST",Shorts,"trending,viral,entertaining,informative,controversial,clickbait,educational,family_friendly","professional,animated,edited","compilation,reaction,commentary,showcase,highlights,guide,podcast","news,storytelling,promotional,social_commentary,entertainment,skill_development,educational"
27213,"Mar 4, 2024, 7:44:02 AM PST",Sports,"trending,entertaining,informative,viral,mature,family_friendly,educational,controversial","professional,animated,high_production,edited","guide,reaction,showcase,highlights,compilation,tutorial,commentary,analysis","storytelling,entertainment,educational,skill_development,analysis"
26803,"Mar 9, 2024, 1:29:29 PM PST",Vlogs,"trending,viral,informative,entertaining,mature,educational",animated,"showcase,highlights,compilation,review,guide","promotional,news,educational"
27214,"Mar 4, 2024, 4:43:33 AM PST",Music,"trending,viral,entertaining,informative,controversial,mature","professional,high_production","showcase,reaction,highlights,guide","entertainment,promotional,news"
26804,"Mar 9, 2024, 1:05:45 PM PST",Education,"mature,informative,trending,educational,viral,entertaining","professional,high_production,studio_quality","showcase,highlights,analysis,review,stream_highlights,compilation,guide","news,educational,analysis,skill_development"
26805,"Mar 9, 2024, 11:29:45 AM PST",Entertainment,"trending,informative,entertaining,mature,viral,controversial,educational","professional,edited,high_production,animated,studio_quality","reaction,showcase,highlights,guide,interview,commentary,analysis,compilation,documentary,review,stream_highlights,tutorial","analysis,storytelling,social_commentary,skill_development,news,educational,entertainment,product_review,personal_vlog"
27215,"Mar 4, 2024, 4:43:29 AM PST",Entertainment,"trending,entertaining,viral,informative,family_friendly,controversial,mature,educational","high_production,edited,professional","compilation,showcase,highlights,reaction,review,stream_highlights,commentary,guide","entertainment,storytelling,promotional,educational"
26806,"Mar 9, 2024, 11:26:06 AM PST",Music,"trending,entertaining,viral,informative,controversial,mature,family_friendly,educational","professional,animated,edited","reaction,compilation,showcase,guide,commentary,highlights,analysis,documentary,review,tutorial,interview","storytelling,entertainment,analysis,educational,promotional,skill_development,news"
27216,"Mar 4, 2024, 4:41:39 AM PST",Comedy,"trending,viral,entertaining,informative,controversial","animated,professional,high_production,studio_quality","showcase,compilation,documentary,reaction,highlights,interview,commentary,analysis,guide,stream_highlights","promotional,entertainment,storytelling,analysis,news,skill_development"
26807,"Mar 9, 2024, 11:22:31 AM PST",Entertainment,"trending,viral,entertaining,informative,mature,family_friendly,educational,controversial","professional,animated,edited,high_production","reaction,compilation,guide,commentary,highlights,showcase,analysis,review","storytelling,entertainment,educational,promotional,analysis,skill_development"
27217,"Mar 4, 2024, 4:22:09 AM PST",Music,"trending,entertaining,viral,informative,controversial,family_friendly","professional,high_production,animated","showcase,highlights,reaction,guide","entertainment,promotional"
26808,"Mar 9, 2024, 11:19:12 AM PST",Comedy,"entertaining,trending,informative,viral,mature,family_friendly,educational,controversial","animated,professional,edited","compilation,reaction,commentary,showcase,guide,highlights,analysis,documentary,review,tutorial,podcast","storytelling,entertainment,educational,analysis,promotional"
26809,"Mar 9, 2024, 11:11:14 AM PST",Comedy,"trending,entertaining,informative,viral,mature,controversial,family_friendly,educational","animated,professional","reaction,compilation,commentary,guide,showcase,highlights,analysis,review,tutorial,documentary","storytelling,entertainment,promotional,educational,analysis"
27218,"Mar 4, 2024, 4:19:01 AM PST",Music,"trending,viral,informative,entertaining,controversial","high_production,professional,edited","showcase,highlights,guide,reaction,review,stream_highlights,compilation","promotional,entertainment,news"
26810,"Mar 9, 2024, 11:07:43 AM PST",Music,"trending,entertaining,informative,viral,mature,educational,controversial",animated,"reaction,commentary,compilation,guide,showcase,highlights","storytelling,entertainment,educational"
26811,"Mar 9, 2024, 10:33:19 AM PST",Reviews,"family_friendly,trending,mature,entertaining,educational","edited,studio_quality,amateur,professional","compilation,guide,reaction,commentary,podcast,stream_highlights,review,highlights,showcase,interview,analysis,tutorial,walkthrough","social_commentary,product_review,skill_development,personal_vlog,analysis,storytelling,entertainment,promotional,educational"
27219,"Mar 4, 2024, 4:01:01 AM PST",Entertainment,"entertaining,trending,informative,viral,educational,controversial","high_production,animated","reaction,showcase,compilation,highlights,guide,commentary,analysis,review","entertainment,storytelling,promotional,news,educational,analysis"
26812,"Mar 9, 2024, 10:29:57 AM PST",Entertainment,"trending,entertaining,informative,mature,viral,controversial,educational,family_friendly","professional,edited,animated,high_production","reaction,compilation,guide,commentary,highlights,showcase,analysis,review,tutorial","storytelling,educational,skill_development,analysis,promotional,entertainment,social_commentary,news"
26813,"Mar 9, 2024, 10:11:11 AM PST",Entertainment,"entertaining,trending,informative,viral,controversial",animated,"showcase,guide,reaction,compilation,highlights","storytelling,entertainment"
27220,"Mar 4, 2024, 3:43:09 AM PST",Music,"trending,viral,entertaining,controversial,informative","high_production,animated,edited","reaction,compilation,showcase,highlights,guide","entertainment,news,promotional"
26814,"Mar 9, 2024, 10:05:44 AM PST",Comedy,"trending,entertaining,viral,informative,family_friendly,mature,controversial,educational","animated,professional","reaction,compilation,guide,commentary,showcase,highlights,analysis,review,tutorial,documentary","storytelling,entertainment,analysis,educational,promotional,skill_development"
26815,"Mar 9, 2024, 10:01:07 AM PST",Entertainment,"trending,informative,mature,entertaining,viral,controversial,educational,family_friendly","professional,high_production,edited,animated","reaction,guide,showcase,compilation,highlights,commentary,analysis,review,tutorial","educational,storytelling,promotional,entertainment,analysis,skill_development,news"
27221,"Mar 4, 2024, 2:59:33 AM PST",Music,"trending,viral,entertaining,informative,mature,family_friendly","professional,high_production,studio_quality","showcase,highlights,reaction,guide,compilation","entertainment,storytelling,skill_development,promotional"
26816,Bol Mari Ambe,Music,"trending,entertaining,informative,viral,mature,controversial,educational","animated,amateur,professional,edited,high_production","reaction,guide,highlights,showcase,compilation,commentary","storytelling,entertainment,promotional,educational"
27222,"Mar 3, 2024, 5:14:12 PM PST",Entertainment,"trending,entertaining,viral,informative,controversial","animated,high_production","documentary,showcase,reaction,highlights,compilation","entertainment,storytelling"
26817,"Mar 9, 2024, 9:53:58 AM PST",Entertainment,"entertaining,trending,informative,viral,mature,controversial,family_friendly",high_production,"reaction,showcase,highlights,compilation,guide,commentary","storytelling,entertainment"
27223,"Mar 3, 2024, 4:44:38 PM PST",Music,"trending,viral,entertaining,informative,controversial,educational,mature","professional,edited,animated","compilation,podcast,reaction,showcase,guide,commentary,analysis,highlights,review","storytelling,entertainment,news,promotional,educational,analysis,social_commentary"
26818,"Mar 9, 2024, 9:48:39 AM PST",Comedy,"trending,viral,informative,entertaining,mature,controversial,family_friendly,educational","professional,animated","reaction,guide,compilation,commentary,showcase,highlights,analysis,review","storytelling,promotional,analysis,educational,entertainment"
27224,"Mar 3, 2024, 4:42:06 PM PST",Music,"entertaining,trending,viral,informative,controversial","edited,high_production","compilation,showcase,highlights,stream_highlights,guide","entertainment,promotional"
26819,"Mar 9, 2024, 9:41:19 AM PST",Music,"trending,entertaining,viral,informative,mature,educational,family_friendly,controversial","professional,animated,high_production","showcase,reaction,guide,highlights,commentary,compilation,review,analysis,documentary","storytelling,entertainment,educational,analysis,promotional"
27225,"Mar 3, 2024, 4:34:05 PM PST",Entertainment,"trending,entertaining,informative,viral,mature,controversial,educational,family_friendly","professional,edited,animated,high_production","reaction,guide,highlights,commentary,compilation,showcase,analysis","storytelling,entertainment,analysis,educational"
26820,"Mar 9, 2024, 9:41:15 AM PST",Comedy,"trending,entertaining,informative,viral,mature,controversial,educational,family_friendly","animated,professional","reaction,guide,compilation,showcase,commentary,highlights,analysis,review,tutorial","storytelling,analysis,educational,entertainment,promotional"
27226,"Mar 3, 2024, 4:34:04 PM PST",Comedy,"trending,entertaining,viral,informative,family_friendly,mature,controversial,educational",animated,"reaction,commentary,compilation,guide,showcase,highlights,tutorial,analysis,review","storytelling,entertainment,educational,social_commentary,analysis,promotional,skill_development"
27227,"Mar 3, 2024, 4:34:02 PM PST",Comedy,"entertaining,informative,educational,viral,family_friendly,trending,mature",,"reaction,compilation,guide,commentary,showcase,highlights","storytelling,entertainment,educational"
26821,"Mar 9, 2024, 7:04:39 AM PST",Tutorial,"informative,viral,family_friendly,entertaining,trending,educational",,"tutorial,guide,showcase,podcast,stream_highlights,highlights,walkthrough","educational,personal_vlog,skill_development,social_commentary"
27228,"Mar 3, 2024, 4:34:01 PM PST",Music,"entertaining,trending,informative,viral,mature,family_friendly,educational",animated,"reaction,showcase,guide,compilation,commentary,highlights","storytelling,entertainment,educational"
26822,"Mar 9, 2024, 3:25:53 AM PST",Music,"trending,entertaining,viral,informative,controversial",high_production,"reaction,showcase,highlights,commentary,guide,compilation","entertainment,promotional,news"
27229,Marham (Pehle Bhi Main),Music,"trending,entertaining,family_friendly,informative,mature,viral,educational,controversial",edited,"reaction,compilation,guide,showcase,highlights,commentary","storytelling,entertainment,educational,promotional"
26823,"Mar 9, 2024, 3:21:41 AM PST",Music,"trending,entertaining,informative,mature,educational,controversial",professional,"podcast,showcase,highlights,reaction,guide","entertainment,storytelling,educational"
27230,"Mar 3, 2024, 4:26:45 PM PST",Comedy,"trending,entertaining,informative,viral,mature,controversial,family_friendly,educational","animated,professional","reaction,compilation,commentary,guide,showcase,highlights,analysis,review,tutorial,documentary","storytelling,entertainment,promotional,educational,analysis"
27231,"Mar 3, 2024, 4:26:44 PM PST",Entertainment,"trending,entertaining,viral,informative,mature,controversial,educational,family_friendly","professional,edited,animated,high_production","reaction,guide,highlights,showcase,commentary,compilation,analysis,interview","storytelling,educational,entertainment,promotional,analysis,skill_development"
26824,"Mar 9, 2024, 3:12:12 AM PST",Comedy,"entertaining,trending,viral",,"commentary,showcase,highlights,compilation","storytelling,entertainment"
27232,"Mar 3, 2024, 4:25:33 PM PST",Comedy,"trending,entertaining,informative,viral,mature,family_friendly,educational,controversial","animated,professional","compilation,reaction,guide,commentary,showcase,highlights,documentary,analysis,review,tutorial,podcast","storytelling,educational,entertainment,promotional,analysis,skill_development,social_commentary"
27233,"Mar 3, 2024, 4:22:04 PM PST",Music,"trending,entertaining,informative,mature,viral,controversial,family_friendly,educational","professional,edited,high_production,animated","compilation,commentary,reaction,guide,highlights,showcase,analysis,review,tutorial","promotional,storytelling,entertainment,educational,analysis,skill_development"
26825,"Mar 9, 2024, 3:08:47 AM PST",Entertainment,"entertaining,trending,viral,informative,family_friendly,controversial,educational,mature","high_production,edited,professional","showcase,reaction,highlights,guide,commentary,compilation,interview","entertainment,storytelling,promotional,educational"
27234,"Mar 3, 2024, 4:18:48 PM PST",Entertainment,"trending,informative,entertaining,viral,mature,controversial,educational","animated,professional,edited","reaction,showcase,guide,compilation,highlights,commentary,analysis","storytelling,entertainment,educational,analysis"
26826,"Mar 9, 2024, 3:02:41 AM PST",Entertainment,"entertaining,trending,informative,viral,educational,mature,controversial","professional,animated,high_production","showcase,highlights,compilation,documentary,reaction,guide,commentary","storytelling,entertainment,educational,promotional"
27235,"Mar 3, 2024, 4:15:03 PM PST",Music,"trending,entertaining,informative,viral,family_friendly,educational,mature,controversial","animated,professional,edited","reaction,guide,showcase,commentary,highlights,compilation,tutorial","storytelling,entertainment,educational,promotional"
26827,"Mar 9, 2024, 3:00:05 AM PST",Music,"trending,viral,entertaining,informative,mature,family_friendly","professional,high_production,studio_quality","showcase,highlights,reaction,guide,compilation","entertainment,storytelling,skill_development,promotional"
27236,"Mar 3, 2024, 4:11:20 PM PST",Entertainment,"trending,entertaining,mature,informative,viral,educational,controversial,family_friendly","professional,animated,edited","reaction,guide,showcase,highlights,commentary,analysis,review","storytelling,entertainment,educational,skill_development,analysis,promotional"
27237,"Mar 3, 2024, 4:08:05 PM PST",Music,"entertaining,trending,viral,informative,mature,family_friendly,educational,controversial","animated,professional,high_production,live_recording,edited","podcast,showcase,compilation,reaction,highlights,guide,commentary,interview,analysis,review,documentary,stream_highlights,tutorial","entertainment,storytelling,promotional,skill_development,analysis,educational,news"
26828,"Mar 9, 2024, 2:51:30 AM PST",Music,"entertaining,trending,informative,viral,controversial","professional,high_production,edited","compilation,showcase,highlights,stream_highlights,podcast,guide,reaction","entertainment,promotional,storytelling,news"
27238,"Mar 3, 2024, 4:04:28 PM PST",Entertainment,"trending,entertaining,informative,mature,viral,controversial,family_friendly,educational","animated,edited,professional","reaction,guide,commentary,compilation,showcase,highlights,analysis","storytelling,entertainment,educational,promotional,analysis"
27239,"Mar 3, 2024, 3:33:07 PM PST",Music,"trending,informative,mature,entertaining,viral,educational","professional,high_production","showcase,guide,highlights,analysis","educational,storytelling,analysis,skill_development"
26829,"Mar 9, 2024, 2:45:46 AM PST",Comedy,"entertaining,trending,viral,informative,mature,family_friendly","professional,high_production,edited","commentary,showcase,highlights,compilation,guide,stream_highlights","storytelling,entertainment,promotional"
27240,"Mar 3, 2024, 3:24:47 PM PST",Music,"informative,trending,mature,viral,educational,entertaining,family_friendly",,"showcase,highlights,guide",educational
26830,"Mar 8, 2024, 5:57:44 PM PST",Music,"informative,entertaining,trending,mature,viral,educational,family_friendly",professional,"compilation,showcase,guide,highlights",educational
27241,"Mar 3, 2024, 3:18:55 PM PST",Music,"trending,entertaining,informative,viral,mature,family_friendly,controversial,educational","professional,animated,edited","reaction,guide,showcase,commentary,highlights,compilation,documentary,tutorial","storytelling,entertainment,educational,promotional"
26831,"Mar 8, 2024, 3:45:45 PM PST",Music,"trending,viral,entertaining,informative,mature","professional,high_production","showcase,highlights,guide","promotional,storytelling,entertainment,news"
27242,"Mar 3, 2024, 3:14:14 PM PST",Entertainment,"trending,entertaining,viral,informative,controversial,family_friendly,educational","animated,edited,high_production","reaction,commentary,highlights,guide,showcase,compilation","entertainment,storytelling,promotional,educational"
26832,"Mar 8, 2024, 3:40:30 PM PST",Music,"trending,entertaining,viral,informative,mature,educational,family_friendly","professional,high_production,studio_quality,animated","showcase,highlights,reaction,guide,analysis","entertainment,storytelling,educational,analysis,promotional"
27243,"Mar 3, 2024, 3:10:22 PM PST",Entertainment,"entertaining,informative,viral,trending,family_friendly",animated,"reaction,commentary,guide,compilation,highlights,showcase","storytelling,entertainment"
27244,"Mar 3, 2024, 2:07:06 PM PST",Entertainment,"trending,viral,entertaining,informative,mature,controversial,educational,family_friendly","professional,edited,high_production,animated","showcase,compilation,reaction,guide,commentary,highlights,analysis,review","storytelling,educational,entertainment,analysis,promotional,skill_development,news"
26833,"Mar 8, 2024, 3:31:50 PM PST",Music,"trending,viral,informative,controversial,entertaining","animated,professional,studio_quality","showcase,reaction,compilation,highlights,guide,commentary","storytelling,promotional,entertainment"
27245,"Mar 3, 2024, 2:01:45 PM PST",Tutorial,"trending,entertaining,viral,informative,mature,controversial,family_friendly,educational","animated,high_production,professional,edited","reaction,guide,showcase,highlights,compilation,commentary,tutorial,analysis,review","storytelling,entertainment,news,educational,promotional,analysis,skill_development"
26834,"Mar 8, 2024, 3:27:37 PM PST",Music,"trending,entertaining,informative,mature,educational,controversial",professional,"podcast,showcase,highlights,reaction,guide","entertainment,storytelling,educational"
27246,"Mar 3, 2024, 1:57:31 PM PST",Comedy,"trending,entertaining,viral,informative,mature,controversial,family_friendly,educational",animated,"reaction,compilation,guide,commentary,showcase,highlights,documentary","storytelling,entertainment,promotional,educational"
26835,"Mar 8, 2024, 3:25:02 PM PST",Music,"controversial,trending,viral,entertaining","high_production,studio_quality,animated","showcase,documentary,reaction,stream_highlights,highlights,commentary","promotional,entertainment"
27247,"Mar 3, 2024, 1:53:04 PM PST",Comedy,"entertaining,trending,viral,informative,family_friendly,mature,controversial,educational","animated,professional","reaction,compilation,showcase,guide,commentary,highlights,documentary,review,tutorial,analysis","storytelling,entertainment,promotional,educational,analysis"
26836,"Mar 8, 2024, 3:21:24 PM PST",Music,"trending,entertaining,informative,mature,viral","professional,studio_quality","podcast,compilation,highlights,showcase,guide,reaction","entertainment,storytelling"
27248,"Mar 3, 2024, 1:49:21 PM PST",Entertainment,"trending,viral,entertaining,controversial,informative,mature,educational,family_friendly","animated,edited,professional,high_production","reaction,guide,commentary,compilation,showcase,highlights,analysis","storytelling,entertainment,social_commentary,educational,skill_development,promotional,analysis"
27249,"Mar 3, 2024, 12:54:27 PM PST",Music,"trending,entertaining,informative,mature,educational,viral,controversial,family_friendly","professional,high_production,studio_quality","podcast,showcase,reaction,highlights,guide,review,analysis,compilation,tutorial","entertainment,storytelling,educational,skill_development,analysis,news,promotional"
26837,"Mar 8, 2024, 3:17:15 PM PST",Music,"viral,entertaining,controversial,informative,trending,educational","animated,edited,amateur","podcast,reaction,showcase,interview,guide,review","entertainment,promotional,storytelling,educational"
27250,"Mar 3, 2024, 12:52:22 PM PST",Comedy,"trending,controversial,viral,entertaining,informative","edited,animated,high_production","reaction,commentary,highlights,compilation,guide,showcase",storytelling
26838,"Mar 8, 2024, 3:11:08 PM PST",Music,"trending,entertaining,informative,viral,mature,educational,controversial","professional,high_production,studio_quality","podcast,showcase,highlights,compilation,guide,review","entertainment,storytelling,educational"
27251,"Mar 3, 2024, 12:48:11 PM PST",Music,"entertaining,trending,viral,informative,mature,family_friendly,controversial","animated,edited,professional","compilation,showcase,highlights,podcast,reaction,guide,review","entertainment,storytelling,skill_development"
26839,"Mar 8, 2024, 3:07:11 PM PST",Music,"entertaining,trending,viral,informative,mature,controversial,educational","professional,high_production,animated","showcase,compilation,highlights","entertainment,promotional,educational,storytelling"
26840,"Mar 8, 2024, 3:03:06 PM PST",Gaming,"entertaining,trending,informative,viral,educational,controversial,mature","professional,edited,animated","showcase,highlights,stream_highlights,guide,reaction,analysis","news,educational,entertainment,analysis"
27252,"Mar 3, 2024, 12:45:33 PM PST",Comedy,"viral,entertaining,trending,informative,educational,controversial,mature,family_friendly","high_production,professional,animated,edited","showcase,compilation,documentary,highlights,reaction,guide,analysis,tutorial,stream_highlights,review","storytelling,entertainment,educational,promotional,skill_development,analysis"
26841,"Mar 8, 2024, 3:03:04 PM PST",Tutorial,"entertaining,controversial,trending,viral,informative","professional,amateur,studio_quality","showcase,highlights,compilation",news
27253,"Mar 3, 2024, 12:42:21 PM PST",Music,"trending,entertaining,viral,informative,mature,controversial","professional,animated,high_production,studio_quality","showcase,highlights,reaction","entertainment,storytelling,promotional"
26842,"Mar 8, 2024, 3:02:44 PM PST",Entertainment,"trending,entertaining,informative,viral,educational","professional,studio_quality,high_production","showcase,compilation,guide,highlights","storytelling,entertainment,educational,promotional"
27254,"Mar 3, 2024, 12:39:45 PM PST",Music,"trending,viral,entertaining,informative,mature,family_friendly","professional,high_production,studio_quality","showcase,highlights,reaction,guide,compilation","entertainment,storytelling,skill_development,promotional"
26843,"Mar 8, 2024, 3:02:00 PM PST",Entertainment,"entertaining,trending,viral,informative,controversial,educational","professional,amateur,studio_quality,high_production","showcase,guide,compilation,highlights","entertainment,educational,storytelling,news,skill_development"
27255,"Mar 3, 2024, 3:32:34 AM PST",Entertainment,"entertaining,controversial,viral,trending,informative,educational","high_production,professional,edited,studio_quality","compilation,commentary,documentary,showcase,reaction","promotional,storytelling,entertainment,news,educational"
26844,"Mar 8, 2024, 3:00:48 PM PST",Music,"entertaining,trending,viral,informative,mature,family_friendly,controversial","animated,edited,professional","compilation,showcase,highlights,podcast,reaction,guide,review","entertainment,storytelling,skill_development"
27256,"Mar 3, 2024, 3:28:28 AM PST",Music,"trending,entertaining,viral,informative,mature,educational,controversial","professional,animated,high_production,studio_quality","reaction,showcase,review,analysis,highlights,guide,compilation","entertainment,storytelling,educational,analysis,skill_development"
26845,"Mar 8, 2024, 2:56:41 PM PST",Entertainment,"trending,entertaining,informative,family_friendly,viral,educational",,"compilation,podcast,reaction,commentary,showcase,guide","storytelling,news,entertainment,educational,social_commentary"
27257,"Mar 3, 2024, 3:24:15 AM PST",Music,"trending,entertaining,informative,mature,educational,controversial",professional,"podcast,showcase,highlights,reaction,guide","entertainment,storytelling,educational"
26846,"Mar 8, 2024, 2:52:26 PM PST",Comedy,"trending,informative,entertaining,mature,viral,controversial,educational,family_friendly","animated,professional,high_production","reaction,compilation,review,commentary,guide,showcase,highlights,analysis,documentary,tutorial","storytelling,educational,entertainment,promotional,analysis,social_commentary"
27258,"Mar 3, 2024, 3:21:09 AM PST",Music,"trending,viral,entertaining,informative,mature,family_friendly,controversial","animated,high_production,professional,studio_quality","showcase,compilation,reaction,highlights,guide","entertainment,storytelling,promotional,news"
26847,"Mar 8, 2024, 2:49:13 PM PST",Music,"trending,viral,entertaining,informative,controversial,family_friendly,mature","professional,high_production,animated,edited,studio_quality","showcase,compilation,highlights,reaction,guide","entertainment,promotional,storytelling"
27259,"Mar 3, 2024, 3:16:50 AM PST",Music,"trending,entertaining,viral,informative,mature","professional,high_production,animated","compilation,showcase,highlights,reaction,guide","promotional,entertainment,storytelling,news"
26848,"Mar 8, 2024, 2:45:44 PM PST",Music,"informative,trending,entertaining,viral,mature,educational,controversial","professional,high_production,edited","showcase,highlights","entertainment,news,storytelling,educational"
26849,"Mar 8, 2024, 2:42:56 PM PST",Music,"trending,entertaining,viral,informative,controversial,mature","professional,high_production,edited,studio_quality","showcase,compilation,highlights,guide,reaction","entertainment,promotional,news"
27260,"Mar 3, 2024, 3:13:02 AM PST",Music,"entertaining,trending,viral,informative,mature,family_friendly,controversial","high_production,professional,studio_quality","showcase,compilation,highlights,stream_highlights,reaction","entertainment,promotional,storytelling"
26850,"Mar 8, 2024, 2:14:27 PM PST",Entertainment,"trending,viral,informative,entertaining,controversial,mature","professional,high_production","showcase,highlights,guide","entertainment,news"
27261,"Mar 3, 2024, 12:19:13 AM PST",Music,"trending,entertaining,viral,informative,mature,family_friendly","animated,edited","showcase,highlights,reaction,guide,compilation,podcast",entertainment
27262,"Mar 3, 2024, 12:12:58 AM PST",Podcast,"informative,entertaining,educational,trending,viral,controversial,mature","edited,animated,professional","compilation,podcast,commentary,guide,analysis,documentary,showcase,highlights,review","storytelling,educational,entertainment,analysis"
26851,"Mar 8, 2024, 2:00:03 PM PST",Shorts,"trending,viral,entertaining,informative,controversial",animated,"reaction,showcase,compilation,commentary,highlights","entertainment,storytelling,promotional,news,social_commentary"
27263,"Mar 3, 2024, 12:04:36 AM PST",Podcast,"trending,controversial,viral","edited,animated","podcast,compilation,commentary,showcase,reaction","storytelling,social_commentary"
26852,"Mar 8, 2024, 1:59:47 PM PST",Entertainment,"trending,controversial,viral,entertaining",high_production,"reaction,showcase,commentary,highlights,compilation,stream_highlights","entertainment,news,social_commentary"
27264,"Mar 2, 2024, 11:58:50 PM PST",Podcast,"entertaining,trending,informative,viral,educational,controversial,mature","edited,professional,animated","podcast,compilation,showcase,guide,highlights,commentary,documentary","storytelling,entertainment,educational,promotional"
27265,"Mar 2, 2024, 11:55:54 PM PST",Music,"trending,viral,entertaining,informative,mature,family_friendly,controversial","professional,high_production,animated","showcase,compilation,guide,highlights,reaction","entertainment,storytelling,promotional,news"
26853,"Mar 8, 2024, 1:59:45 PM PST",Entertainment,"trending,viral,entertaining,informative,educational",animated,"showcase,commentary,reaction,compilation,highlights,tutorial","storytelling,entertainment,news,educational,promotional"
27266,"Mar 2, 2024, 11:51:16 PM PST",Music,"trending,viral,entertaining,informative,controversial","high_production,professional","showcase,highlights,guide","entertainment,news"
26854,"Mar 8, 2024, 1:59:28 PM PST",Music,"trending,viral,entertaining,controversial,informative","animated,high_production","reaction,commentary,compilation,showcase,highlights,stream_highlights,guide","news,entertainment,social_commentary,promotional"
26855,"Mar 8, 2024, 1:58:59 PM PST",Entertainment,"entertaining,trending,viral,family_friendly","high_production,animated,edited,studio_quality,amateur,raw_footage","highlights,showcase",entertainment
27267,"Mar 2, 2024, 11:50:43 PM PST",Shorts,"informative,trending,educational,viral,entertaining","edited,studio_quality","guide,showcase,podcast","educational,promotional"
27268,"October 22, 2021",Reviews,"trending,mature,informative,viral,entertaining,controversial,family_friendly,educational","edited,high_production,studio_quality,live_recording,animated,professional,raw_footage","guide,compilation,stream_highlights,reaction,showcase,highlights,analysis,review,commentary,podcast,interview,documentary","news,social_commentary,product_review,skill_development,analysis,storytelling,personal_vlog,educational"
26856,"Mar 8, 2024, 12:48:01 PM PST",Music,"trending,viral,entertaining,controversial,informative","high_production,animated,edited","reaction,compilation,showcase,highlights,guide","entertainment,news,promotional"
27269,"Mar 2, 2024, 11:49:58 PM PST",Shorts,"viral,trending,entertaining,controversial","animated,studio_quality,edited","reaction,commentary,compilation,showcase,highlights,stream_highlights,review","news,social_commentary,personal_vlog,entertainment,storytelling,skill_development,promotional"
27270,"Mar 2, 2024, 11:48:13 PM PST",Gaming,"entertaining,trending,viral,informative,mature","professional,high_production","compilation,showcase,highlights,stream_highlights",entertainment
26857,"Mar 8, 2024, 12:42:37 PM PST",Music,"entertaining,trending,informative,viral,controversial","professional,high_production,edited","compilation,showcase,highlights,stream_highlights,podcast,guide,reaction","entertainment,promotional,storytelling,news"
27271,"Mar 2, 2024, 11:47:40 PM PST",News,"informative,controversial,trending,educational,viral,entertaining,mature","edited,studio_quality,high_production,animated","commentary,compilation,guide,analysis,highlights,showcase,stream_highlights,podcast,review,interview,reaction,walkthrough","news,educational,analysis,social_commentary,personal_vlog,product_review,skill_development"
26858,"Mar 8, 2024, 12:39:53 PM PST",Technology,"trending,entertaining,informative,viral,mature,educational,family_friendly","professional,animated,high_production,studio_quality","showcase,documentary,reaction,highlights,guide,analysis,tutorial,review","entertainment,promotional,storytelling,educational,analysis,news,skill_development"
27272,"Mar 2, 2024, 11:46:40 PM PST",Technology,"mature,trending,viral,informative,entertaining,educational,family_friendly","professional,studio_quality,animated,high_production,edited,raw_footage","showcase,analysis,highlights,stream_highlights,guide,compilation,commentary,review,reaction,interview,walkthrough","social_commentary,educational,news,analysis,skill_development,product_review,personal_vlog,entertainment"
27273,"Mar 2, 2024, 10:12:20 PM PST",Podcast,"entertaining,trending,informative,viral,mature,educational,controversial","professional,high_production,animated,studio_quality,edited","podcast,showcase,compilation,highlights,documentary,guide,commentary,reaction,review,stream_highlights,interview,analysis","storytelling,entertainment,analysis,promotional,educational,skill_development,social_commentary"
26859,"Mar 8, 2024, 12:36:03 PM PST",Sports,"entertaining,viral,trending,informative,controversial,educational","animated,professional","showcase,reaction,highlights,compilation,guide,tutorial","entertainment,storytelling,educational,promotional"
26860,"Mar 8, 2024, 12:32:38 PM PST",Entertainment,"entertaining,trending,viral,informative,family_friendly,controversial,educational,mature","high_production,edited,professional","showcase,reaction,highlights,guide,commentary,compilation,interview","entertainment,storytelling,promotional,educational"
27274,"Mar 2, 2024, 10:08:32 PM PST",Music,"entertaining,trending,viral,informative,mature,family_friendly,controversial","high_production,professional,studio_quality","showcase,compilation,highlights,stream_highlights,reaction","entertainment,promotional,storytelling"
27275,"Mar 2, 2024, 10:04:13 PM PST",Music,"trending,entertaining,viral,informative,mature","professional,high_production,animated","compilation,showcase,highlights,reaction,guide","promotional,entertainment,storytelling,news"
26861,"Mar 8, 2024, 12:29:52 PM PST",Music,"entertaining,trending,informative,viral,mature,family_friendly,controversial","high_production,professional,edited","highlights,showcase","entertainment,promotional"
27276,"Mar 2, 2024, 10:00:10 PM PST",Comedy,"entertaining,trending,viral",,"commentary,showcase,highlights,compilation","storytelling,entertainment"
26862,"Mar 8, 2024, 12:27:14 PM PST",Comedy,"viral,entertaining,trending,informative,educational,controversial,mature,family_friendly","high_production,professional,animated,edited","showcase,compilation,documentary,highlights,reaction,guide,analysis,tutorial,stream_highlights,review","storytelling,entertainment,educational,promotional,skill_development,analysis"
27277,"Mar 2, 2024, 9:56:15 PM PST",Music,"trending,entertaining,informative,mature,educational,viral,controversial,family_friendly","professional,high_production,studio_quality","podcast,showcase,reaction,highlights,guide,review,analysis,compilation,tutorial","entertainment,storytelling,educational,skill_development,analysis,news,promotional"
27278,"Mar 2, 2024, 9:53:39 PM PST",Music,"trending,viral,entertaining,informative,mature,family_friendly","professional,high_production,studio_quality","showcase,highlights,reaction,guide,compilation","entertainment,storytelling,skill_development,promotional"
26863,"Mar 8, 2024, 12:24:06 PM PST",Music,"trending,viral,informative,entertaining,controversial","high_production,professional,edited","showcase,highlights,guide,reaction,review,stream_highlights,compilation","promotional,entertainment,news"
26864,"Mar 8, 2024, 12:20:53 PM PST",Music,"trending,entertaining,viral,informative,controversial,mature,family_friendly","professional,animated,high_production","reaction,showcase,highlights,guide,compilation","entertainment,storytelling"
27279,"Mar 2, 2024, 9:46:27 PM PST",Comedy,"viral,entertaining,trending,informative,educational,controversial,mature,family_friendly","high_production,professional,animated,edited","showcase,compilation,documentary,highlights,reaction,guide,analysis,tutorial,stream_highlights,review","storytelling,entertainment,educational,promotional,skill_development,analysis"
26865,"Mar 8, 2024, 12:18:03 PM PST",Music,"trending,entertaining,informative,mature,educational,viral,controversial","professional,studio_quality","podcast,showcase,reaction,highlights,guide,review,compilation","entertainment,storytelling,educational"
27280,"Mar 2, 2024, 9:43:20 PM PST",Comedy,"entertaining,trending,viral,informative,mature,family_friendly","professional,high_production,edited","commentary,showcase,highlights,compilation,guide,stream_highlights","storytelling,entertainment,promotional"
26866,"Mar 8, 2024, 12:14:01 PM PST",Entertainment,"entertaining,trending,informative,mature,viral,family_friendly,educational,controversial","animated,professional,high_production,edited","reaction,showcase,compilation,guide,highlights,commentary,analysis,review","storytelling,entertainment,analysis,promotional,educational,skill_development,news"
27281,"Mar 2, 2024, 9:40:28 PM PST",Podcast,"entertaining,trending,informative,viral,family_friendly","high_production,live_recording,professional,raw_footage,animated","podcast,reaction,commentary,compilation,highlights,stream_highlights,documentary,showcase,interview,guide","storytelling,news,entertainment"
26867,"Mar 8, 2024, 12:12:18 PM PST",Entertainment,"entertaining,trending,informative,viral,educational,mature,controversial","professional,animated,high_production","showcase,highlights,compilation,documentary,reaction,guide,commentary","storytelling,entertainment,educational,promotional"
26868,"Mar 8, 2024, 12:07:53 PM PST",Comedy,"entertaining,trending,viral",,"commentary,showcase,highlights,compilation","storytelling,entertainment"
27282,"Mar 2, 2024, 9:37:03 PM PST",Music,"entertaining,trending,viral,informative,controversial,family_friendly","high_production,edited,professional","reaction,compilation,showcase,highlights,guide,commentary,podcast,stream_highlights,review","entertainment,storytelling,news"
26869,"Mar 8, 2024, 12:03:58 PM PST",Comedy,"trending,informative,mature,entertaining,viral,controversial,family_friendly,educational","professional,animated,edited","reaction,guide,commentary,compilation,showcase,highlights,analysis,documentary","storytelling,educational,entertainment,analysis,promotional"
26870,"Mar 8, 2024, 11:59:42 AM PST",Music,"trending,entertaining,viral,informative,mature,educational,controversial","professional,animated,high_production,studio_quality","reaction,showcase,review,analysis,highlights,guide,compilation","entertainment,storytelling,educational,analysis,skill_development"
27283,"Mar 2, 2024, 7:50:54 PM PST",Music,"trending,entertaining,informative,viral,educational,mature,controversial","animated,high_production,professional","showcase,documentary,compilation,highlights,reaction","storytelling,entertainment,promotional,educational,news,skill_development"
26871,"Mar 8, 2024, 11:56:22 AM PST",Comedy,"trending,viral,controversial,entertaining,informative,mature,family_friendly","edited,animated,professional","reaction,commentary,compilation,guide,showcase,highlights,analysis,review,interview","storytelling,social_commentary,promotional,news,skill_development,analysis,entertainment"
27284,"Mar 2, 2024, 6:29:13 PM PST",Comedy,"trending,entertaining,informative,viral,mature,family_friendly,controversial,educational","animated,edited","reaction,commentary,guide,compilation,highlights,showcase,analysis,documentary","storytelling,entertainment,educational,analysis,skill_development"
26872,"Mar 8, 2024, 11:53:46 AM PST",Music,"trending,viral,entertaining,informative,mature,family_friendly","professional,high_production,studio_quality","showcase,highlights,reaction,guide,compilation","entertainment,storytelling,skill_development,promotional"
27285,"Mar 2, 2024, 6:25:42 PM PST",Comedy,"entertaining,trending,viral,informative,family_friendly,mature,educational,controversial","professional,animated","showcase,reaction,compilation,highlights,guide,commentary,documentary,review,analysis","storytelling,entertainment,educational,promotional,analysis"
26873,"Mar 8, 2024, 11:43:26 AM PST",Music,"trending,viral,entertaining,informative,mature,family_friendly,controversial","animated,high_production,professional,studio_quality","showcase,compilation,reaction,highlights,guide","entertainment,storytelling,promotional,news"
27286,"Mar 2, 2024, 6:21:51 PM PST",Comedy,"entertaining,trending,informative,viral,mature,educational,controversial",animated,"reaction,compilation,guide,showcase,commentary,highlights","storytelling,entertainment,educational"
27287,"Mar 2, 2024, 6:18:04 PM PST",Music,"trending,viral,entertaining,informative,mature,controversial,educational,family_friendly","animated,edited,professional","reaction,compilation,guide,highlights,showcase,commentary,podcast","storytelling,promotional,entertainment,skill_development,educational"
26874,"Mar 8, 2024, 11:41:05 AM PST",Entertainment,"entertaining,trending,informative,viral,family_friendly,mature","professional,high_production,animated","showcase,compilation,guide,highlights","entertainment,storytelling,promotional"
27288,"Mar 2, 2024, 6:14:45 PM PST",Comedy,"entertaining,trending,informative,viral,mature,family_friendly,educational,controversial","animated,professional,edited","compilation,reaction,commentary,showcase,guide,highlights,analysis,documentary,review,tutorial,podcast","storytelling,entertainment,educational,analysis,promotional"
27289,"Mar 2, 2024, 6:11:01 PM PST",Entertainment,"trending,entertaining,viral,informative,controversial,mature,clickbait,educational,family_friendly","animated,professional,high_production,edited","reaction,highlights,guide,showcase,commentary,compilation,analysis,review","storytelling,entertainment,analysis,promotional,news,educational,skill_development"
26875,"Mar 8, 2024, 11:37:48 AM PST",Music,"trending,entertaining,viral,informative,mature,controversial","professional,animated,high_production,studio_quality","showcase,highlights,reaction","entertainment,storytelling,promotional"
27290,"Mar 2, 2024, 6:07:58 PM PST",Music,"trending,entertaining,viral,informative,family_friendly,mature,educational,controversial","animated,professional,edited,high_production","reaction,showcase,highlights,compilation,guide,commentary,review","entertainment,storytelling,promotional,educational,skill_development"
26876,"Mar 8, 2024, 11:35:30 AM PST",Music,"trending,entertaining,informative,mature,educational,viral,controversial,family_friendly","professional,high_production,studio_quality","podcast,showcase,reaction,highlights,guide,review,analysis,compilation,tutorial","entertainment,storytelling,educational,skill_development,analysis,news,promotional"
27291,"Mar 2, 2024, 6:02:48 PM PST",Entertainment,"trending,entertaining,informative,mature,viral,controversial,educational,family_friendly","professional,high_production","reaction,showcase,highlights,guide,commentary,interview,analysis,compilation,review","storytelling,skill_development,educational,analysis,social_commentary,entertainment"
26877,"Mar 8, 2024, 11:34:44 AM PST",Entertainment,"trending,entertaining,informative,mature,viral,educational,family_friendly,controversial","professional,animated,edited","showcase,guide,reaction,compilation,highlights,commentary,analysis,review","storytelling,educational,entertainment,analysis,skill_development"
27292,"Mar 2, 2024, 5:54:54 PM PST",Comedy,"trending,entertaining,viral,informative,family_friendly,mature,controversial,educational",animated,"reaction,compilation,commentary,guide,showcase,highlights,documentary","storytelling,entertainment,educational,promotional"
26878,"Mar 8, 2024, 11:31:11 AM PST",Entertainment,"trending,informative,entertaining,viral,mature,controversial,educational","animated,professional,edited","reaction,showcase,guide,compilation,highlights,commentary,analysis","storytelling,entertainment,educational,analysis"
27293,"Mar 2, 2024, 5:51:00 PM PST",Music,"trending,entertaining,mature,informative,viral,controversial,family_friendly,educational","animated,edited,professional,high_production","reaction,commentary,guide,compilation,highlights,showcase","storytelling,educational,entertainment,skill_development,social_commentary"
26879,"Mar 8, 2024, 11:28:04 AM PST",Gaming,"trending,entertaining,informative,viral,educational,mature,controversial","professional,high_production,animated","highlights,showcase,compilation,stream_highlights,reaction","entertainment,educational,news,storytelling,promotional"
27294,"Mar 2, 2024, 5:48:19 PM PST",Entertainment,"trending,entertaining,informative,viral,mature,family_friendly,educational,controversial","professional,edited,animated","showcase,compilation,reaction,guide,highlights,analysis","storytelling,entertainment,promotional,educational,analysis"
26880,"Mar 8, 2024, 11:27:33 AM PST",Entertainment,"trending,entertaining,viral,informative,mature,controversial,educational,family_friendly","professional,edited,animated","reaction,guide,showcase,highlights,commentary,compilation,analysis","storytelling,entertainment,educational,skill_development,analysis"
27295,"Mar 2, 2024, 5:45:19 PM PST",Entertainment,"trending,viral,entertaining,informative",edited,"compilation,showcase,reaction,guide","storytelling,entertainment"
27296,"Mar 2, 2024, 5:45:15 PM PST",Comedy,"trending,entertaining,viral,informative,mature,controversial,educational","animated,edited","compilation,reaction,commentary,showcase,analysis,guide,highlights,documentary,interview,review,podcast","storytelling,analysis,entertainment,educational,promotional"
26881,"Mar 8, 2024, 11:27:30 AM PST",Gaming,"trending,entertaining,controversial,viral","edited,animated","highlights,showcase,reaction,commentary","news,entertainment"
27297,"Mar 2, 2024, 5:45:02 PM PST",Comedy,"trending,entertaining,viral,informative,mature,controversial,educational,family_friendly","professional,edited,high_production,animated","reaction,guide,showcase,commentary,compilation,highlights,analysis,review,tutorial","storytelling,entertainment,promotional,educational,skill_development,analysis,news"
26882,"Mar 8, 2024, 11:24:42 AM PST",Comedy,"trending,entertaining,informative,viral,mature,controversial,family_friendly,educational","professional,animated,high_production","compilation,reaction,showcase,guide,highlights,commentary","storytelling,entertainment,educational,promotional"
27298,"Mar 2, 2024, 5:42:15 PM PST",Entertainment,"trending,entertaining,viral,informative,mature,family_friendly,controversial,educational","animated,professional,high_production,edited","reaction,compilation,guide,showcase,commentary,highlights,analysis","storytelling,promotional,entertainment,educational,analysis,skill_development"
26883,"Mar 8, 2024, 11:21:27 AM PST",Music,"entertaining,trending,viral,informative,mature,family_friendly,educational,controversial","animated,professional,high_production,live_recording,edited","podcast,showcase,compilation,reaction,highlights,guide,commentary,interview,analysis,review,documentary,stream_highlights,tutorial","entertainment,storytelling,promotional,skill_development,analysis,educational,news"
27299,"Mar 2, 2024, 5:38:14 PM PST",Entertainment,"entertaining,trending,informative,mature,viral,family_friendly,educational,controversial","animated,professional,high_production,edited","reaction,showcase,compilation,guide,highlights,commentary,analysis,review","storytelling,entertainment,analysis,promotional,educational,skill_development,news"
26884,"Mar 8, 2024, 11:20:18 AM PST",Tutorial,"trending,entertaining,viral,informative,mature,controversial,family_friendly,educational","animated,high_production,professional,edited","reaction,guide,showcase,highlights,compilation,commentary,tutorial,analysis,review","storytelling,entertainment,news,educational,promotional,analysis,skill_development"
27300,"Mar 2, 2024, 5:26:02 PM PST",Music,"trending,entertaining,viral,informative,mature","professional,high_production,animated,edited,studio_quality","showcase,highlights,guide,compilation","promotional,entertainment,news,skill_development,storytelling"
26885,"Mar 8, 2024, 11:14:55 AM PST",Entertainment,"trending,entertaining,informative,viral,mature,controversial,educational,family_friendly","professional,edited,animated,high_production","reaction,guide,highlights,commentary,compilation,showcase,analysis","storytelling,entertainment,analysis,educational"
26886,"Mar 8, 2024, 11:12:14 AM PST",Entertainment,"trending,entertaining,informative,viral,mature,family_friendly,educational,controversial","professional,edited,animated","showcase,compilation,reaction,guide,highlights,analysis","storytelling,entertainment,promotional,educational,analysis"
27301,"Mar 2, 2024, 5:23:06 PM PST",Music,"trending,viral,informative,entertaining,controversial",,"podcast,compilation,reaction,showcase,highlights,guide","storytelling,promotional,entertainment,news"
26887,"Mar 8, 2024, 11:08:55 AM PST",Comedy,"entertaining,trending,informative,viral,mature,family_friendly,educational,controversial","animated,professional,edited","compilation,reaction,commentary,showcase,guide,highlights,analysis,documentary,review,tutorial,podcast","storytelling,entertainment,educational,analysis,promotional"
27302,"Mar 2, 2024, 5:18:53 PM PST",Music,"trending,entertaining,informative,mature,educational,controversial",professional,"podcast,showcase,highlights,reaction,guide","entertainment,storytelling,educational"
26888,"Mar 8, 2024, 11:05:18 AM PST",Entertainment,"trending,entertaining,informative,mature,viral,family_friendly,educational,controversial","animated,professional","reaction,guide,showcase,highlights,compilation,commentary,analysis","storytelling,entertainment,educational,promotional,analysis"
27303,"Mar 2, 2024, 5:15:16 PM PST",Music,"trending,viral,entertaining,informative,mature","professional,high_production,studio_quality,edited,animated","showcase,highlights,guide,reaction","promotional,entertainment,news,skill_development"
26889,"Mar 8, 2024, 11:05:16 AM PST",Comedy,"trending,entertaining,viral,informative,family_friendly,mature,controversial,educational",animated,"reaction,compilation,commentary,guide,showcase,highlights,documentary","storytelling,entertainment,educational,promotional"
27304,"Mar 2, 2024, 5:11:47 PM PST",Music,"trending,entertaining,informative,viral,mature,controversial","professional,edited,animated,high_production","showcase,guide,highlights,review,reaction,analysis,compilation","product_review,entertainment,analysis"
26890,"Mar 8, 2024, 11:05:14 AM PST",Entertainment,"trending,entertaining,informative,mature,viral,controversial,educational,family_friendly","professional,high_production","reaction,showcase,highlights,guide,commentary,interview,analysis,compilation,review","storytelling,skill_development,educational,analysis,social_commentary,entertainment"
27305,"Mar 2, 2024, 5:07:50 PM PST",Music,"entertaining,trending,viral,informative,mature,controversial,educational","professional,high_production,animated","showcase,compilation,highlights","entertainment,promotional,educational,storytelling"
26891,"Mar 8, 2024, 11:05:11 AM PST",Music,"trending,viral,entertaining,informative,mature,family_friendly,controversial,educational","animated,professional,edited","reaction,guide,compilation,showcase,highlights,commentary,documentary,analysis,review","storytelling,promotional,entertainment,educational,skill_development,analysis"
27306,"Mar 2, 2024, 5:03:56 PM PST",Comedy,"trending,informative,mature,entertaining,viral,controversial,family_friendly,educational","professional,animated,edited","reaction,guide,commentary,compilation,showcase,highlights,analysis,documentary","storytelling,educational,entertainment,analysis,promotional"
26892,"Mar 8, 2024, 11:01:24 AM PST",Music,"trending,viral,entertaining,informative,mature,controversial,educational,family_friendly","animated,edited,professional","reaction,compilation,guide,highlights,showcase,commentary,podcast","storytelling,promotional,entertainment,skill_development,educational"
27307,"Mar 2, 2024, 5:00:57 PM PST",Music,"trending,entertaining,viral,informative,mature,controversial","professional,animated,high_production,studio_quality","showcase,highlights,reaction","entertainment,storytelling,promotional"
26893,"Mar 8, 2024, 10:57:56 AM PST",Music,"trending,entertaining,informative,mature,viral,controversial,family_friendly,educational","professional,edited,high_production,animated","compilation,commentary,reaction,guide,highlights,showcase,analysis,review,tutorial","promotional,storytelling,entertainment,educational,analysis,skill_development"
27308,"Mar 2, 2024, 4:56:45 PM PST",Music,"entertaining,trending,viral,informative,mature,family_friendly,controversial","animated,edited,professional","compilation,showcase,highlights,podcast,reaction,guide,review","entertainment,storytelling,skill_development"
26894,"Mar 8, 2024, 10:54:04 AM PST",Entertainment,"trending,entertaining,informative,mature,viral,controversial,family_friendly,educational","animated,edited,professional","reaction,guide,commentary,compilation,showcase,highlights,analysis","storytelling,entertainment,educational,promotional,analysis"
27309,"Mar 2, 2024, 3:41:58 PM PST",Entertainment,"viral,entertaining,trending,informative,educational,mature,controversial,family_friendly","animated,professional,high_production","showcase,reaction,analysis,highlights,stream_highlights,documentary,guide,compilation,review,commentary,interview","entertainment,storytelling,educational,analysis,skill_development,social_commentary,promotional,product_review,news"
26895,"Mar 8, 2024, 10:50:52 AM PST",Sports,"trending,entertaining,informative,viral,mature,family_friendly,educational,controversial","professional,animated,high_production,edited","guide,reaction,showcase,highlights,compilation,tutorial,commentary,analysis","storytelling,entertainment,educational,skill_development,analysis"
26896,"Mar 8, 2024, 10:36:10 AM PST",Entertainment,"trending,viral,entertaining,informative",edited,"compilation,showcase,reaction,guide","storytelling,entertainment"
26897,"Mar 8, 2024, 10:36:01 AM PST",Comedy,"trending,viral,informative,entertaining,mature,controversial,family_friendly,educational","animated,professional,high_production,edited","reaction,guide,compilation,showcase,commentary,highlights,analysis","storytelling,entertainment,educational,analysis,skill_development"
27310,"Mar 2, 2024, 3:41:50 PM PST",Music,"entertaining,trending,informative,viral,mature,educational","professional,high_production","showcase,guide,compilation,highlights","entertainment,educational"
26898,"Mar 8, 2024, 10:35:59 AM PST",Comedy,"trending,informative,entertaining,viral,mature,controversial,family_friendly,educational","animated,professional,high_production,edited","reaction,compilation,guide,commentary,highlights,showcase,analysis,review","storytelling,promotional,educational,analysis,entertainment,social_commentary"
27311,Martin Garrix - Forbidden Voices (Official Music Video),Music,"controversial,trending,entertaining,viral,informative","professional,high_production,animated","showcase,highlights,reaction,commentary,guide","entertainment,promotional,storytelling,news"
26899,"Mar 8, 2024, 10:35:55 AM PST",Entertainment,"trending,entertaining,viral,informative,mature,family_friendly,educational,controversial","professional,animated,edited,high_production","reaction,showcase,compilation,guide,highlights,commentary,interview,documentary,analysis","storytelling,entertainment,promotional,educational,skill_development,analysis"
27312,"Mar 2, 2024, 3:36:59 PM PST",Entertainment,"trending,informative,entertaining,mature,viral,controversial,educational,family_friendly","professional,animated,edited,high_production","reaction,guide,showcase,highlights,compilation,commentary,analysis,review","entertainment,educational,storytelling,analysis,skill_development"
26900,"Mar 8, 2024, 10:35:53 AM PST",Reviews,"trending,mature,viral,controversial,informative,family_friendly","edited,professional,studio_quality,high_production,animated,raw_footage","reaction,compilation,review,commentary,guide,podcast,walkthrough,analysis,stream_highlights,interview,documentary","social_commentary,news,product_review,promotional,storytelling,analysis,personal_vlog,skill_development"
27313,"Mar 2, 2024, 3:36:09 PM PST",Music,"entertaining,trending,viral,informative,controversial","edited,high_production","compilation,showcase,highlights,stream_highlights,guide","entertainment,promotional"
26901,"Mar 8, 2024, 10:34:43 AM PST",Entertainment,"trending,entertaining,viral,mature,informative,controversial,family_friendly,educational","high_production,professional,animated,edited","reaction,guide,highlights,showcase,compilation,commentary","storytelling,entertainment,promotional,educational,news,skill_development,social_commentary"
26902,"Mar 8, 2024, 10:30:40 AM PST",Entertainment,"entertaining,trending,informative,mature,viral,family_friendly,educational,controversial","animated,professional,high_production,edited","reaction,showcase,compilation,guide,highlights,commentary,analysis,review","storytelling,entertainment,analysis,promotional,educational,skill_development,news"
27314,"Mar 2, 2024, 3:33:25 PM PST",Music,"entertaining,trending,educational,viral,informative,family_friendly,mature","high_production,professional","compilation,guide,showcase,highlights,stream_highlights,podcast","entertainment,educational,skill_development"
26903,"Mar 7, 2024, 5:46:30 PM PST",Technology,"trending,informative,entertaining,mature,viral,controversial","professional,edited,high_production","highlights,reaction,showcase,compilation,guide,analysis","skill_development,analysis"
27315,"Mar 2, 2024, 3:30:02 PM PST",Music,"informative,trending,mature,viral,educational,entertaining,family_friendly",,"showcase,highlights,guide",educational
26904,"Mar 7, 2024, 5:42:30 PM PST",Entertainment,"entertaining,trending,informative,mature,viral,family_friendly,educational,controversial","animated,professional,high_production,edited","reaction,showcase,compilation,guide,highlights,commentary,analysis,review","storytelling,entertainment,analysis,promotional,educational,skill_development,news"
27316,"Mar 2, 2024, 3:29:54 PM PST",Entertainment,"entertaining,trending,informative,viral,controversial","edited,high_production","showcase,compilation,reaction,highlights","storytelling,entertainment"
27317,"Mar 2, 2024, 3:25:28 PM PST",Entertainment,"trending,entertaining,informative,mature,viral,controversial,family_friendly,educational","animated,edited,professional","reaction,guide,commentary,compilation,showcase,highlights,analysis","storytelling,entertainment,educational,promotional,analysis"
26905,"Mar 7, 2024, 5:26:50 PM PST",Entertainment,"entertaining,trending,informative,viral,mature,educational,controversial,family_friendly","high_production,professional,studio_quality,edited","reaction,compilation,highlights,stream_highlights,showcase,guide,commentary,interview","entertainment,storytelling,skill_development,promotional,social_commentary,educational"
27318,"Mar 2, 2024, 3:25:19 PM PST",Entertainment,"trending,entertaining,informative,viral,mature,educational,controversial,family_friendly","professional,edited,animated,high_production","guide,reaction,showcase,highlights,commentary,analysis,documentary","storytelling,educational,skill_development,entertainment,analysis"
27319,"Mar 2, 2024, 3:23:21 PM PST",Comedy,"entertaining,informative,trending,viral,family_friendly,educational,mature,controversial","edited,animated","compilation,reaction,guide,commentary,showcase,highlights","storytelling,entertainment,educational"
26906,"Mar 7, 2024, 5:26:24 PM PST",Shorts,"trending,viral,entertaining,informative","studio_quality,edited,high_production","compilation,showcase,highlights,reaction,guide,stream_highlights,review",entertainment
27320,"Mar 2, 2024, 3:23:18 PM PST",Entertainment,"trending,controversial,viral,informative","edited,animated","reaction,commentary,compilation,guide,showcase,highlights,analysis,review","storytelling,news,social_commentary,analysis"
26907,"Mar 7, 2024, 5:25:23 PM PST",Reviews,"trending,controversial,informative,viral,entertaining","high_production,studio_quality","compilation,showcase,highlights",storytelling
27321,"Mar 2, 2024, 3:23:01 PM PST",Comedy,"trending,entertaining,viral,informative,mature,controversial,family_friendly,educational","animated,professional","reaction,compilation,showcase,guide,highlights,commentary,documentary,analysis,review","storytelling,entertainment,educational,promotional,analysis,skill_development,news"
26908,"Mar 7, 2024, 5:14:47 PM PST",Gaming,"educational,entertaining,informative,trending,viral,controversial,mature","professional,high_production,edited,animated,studio_quality","tutorial,guide,showcase,highlights,reaction,compilation,stream_highlights,commentary","educational,news,entertainment,skill_development"
27322,"Mar 2, 2024, 3:22:58 PM PST",Entertainment,"trending,informative,mature,entertaining,viral,controversial,educational",edited,"showcase,guide,compilation,reaction,highlights,commentary,analysis","storytelling,analysis,educational"
26909,"Mar 7, 2024, 5:13:47 PM PST",Technology,"entertaining,trending,informative,viral,controversial,educational","professional,high_production,studio_quality","showcase,reaction,commentary,guide,stream_highlights,highlights,podcast","entertainment,educational,news"
27323,"Mar 2, 2024, 3:21:17 PM PST",Music,"entertaining,trending,informative,viral,educational",professional,"showcase,compilation,highlights,guide,stream_highlights","entertainment,skill_development,educational"
26910,"Mar 7, 2024, 3:43:19 PM PST",Podcast,"entertaining,trending,informative,viral,educational,controversial,mature","edited,professional,animated","podcast,compilation,showcase,guide,highlights,commentary,documentary","storytelling,entertainment,educational,promotional"
26911,"Mar 7, 2024, 3:35:50 PM PST",Entertainment,"entertaining,informative,trending,viral,educational,controversial,mature,family_friendly","animated,professional,edited","podcast,compilation,showcase,guide,commentary,highlights,reaction,analysis","storytelling,skill_development,promotional,educational,entertainment,analysis"
27324,"Mar 2, 2024, 3:20:27 PM PST",Music,"entertaining,trending,viral,informative,controversial,family_friendly,educational","animated,edited,high_production","compilation,showcase,podcast,highlights,reaction,guide,review,interview,commentary,analysis","storytelling,entertainment,educational,analysis"
27325,"Mar 2, 2024, 3:17:24 PM PST",Comedy,"entertaining,informative,trending,family_friendly,viral,mature,educational,controversial",professional,"guide,showcase,reaction,highlights,commentary,compilation,review,analysis","storytelling,entertainment,educational,analysis"
26912,"Mar 7, 2024, 3:31:08 PM PST",Podcast,"trending,entertaining,controversial,viral,clickbait,informative,family_friendly,educational",edited,"podcast,reaction,showcase,guide,highlights,compilation,review,commentary","entertainment,promotional,educational,storytelling"
27326,"Mar 2, 2024, 3:13:00 PM PST",Entertainment,"family_friendly,entertaining,trending,informative,viral,educational",animated,"compilation,guide,reaction,showcase,highlights","storytelling,promotional,educational,entertainment"
26913,"Mar 7, 2024, 3:23:30 PM PST",Entertainment,"trending,entertaining,informative,family_friendly,viral,educational",,"compilation,podcast,reaction,commentary,showcase,guide","storytelling,news,entertainment,educational,social_commentary"
27327,"Mar 2, 2024, 3:10:06 PM PST",Technology,"trending,mature,informative,entertaining,viral,controversial,educational","animated,professional,edited","showcase,compilation,reaction,highlights,guide,analysis","storytelling,analysis,news,entertainment,educational"
26914,"Mar 7, 2024, 3:05:52 PM PST",Reviews,"controversial,trending,informative,viral",edited,"highlights,compilation",
27328,"Mar 2, 2024, 3:06:01 PM PST",Comedy,"trending,entertaining,informative,viral,mature,controversial,family_friendly,educational","professional,animated,high_production","compilation,reaction,showcase,guide,highlights,commentary","storytelling,entertainment,educational,promotional"
26915,"Mar 7, 2024, 1:53:43 PM PST",Comedy,"trending,viral,informative,entertaining,mature,controversial,educational","edited,professional,animated,high_production","reaction,compilation,commentary,highlights,showcase,guide","social_commentary,storytelling,promotional,skill_development,news,educational"
27329,"Mar 2, 2024, 3:04:37 PM PST",Comedy,"trending,entertaining,informative,viral,mature,controversial,family_friendly,educational","animated,professional,edited","reaction,compilation,guide,showcase,highlights,commentary,analysis,review","storytelling,entertainment,promotional,educational,analysis,skill_development"
26916,"Mar 7, 2024, 1:49:07 PM PST",Entertainment,"trending,entertaining,informative,viral,mature,controversial,educational,family_friendly","professional,high_production,edited,animated","reaction,showcase,guide,compilation,commentary,highlights,analysis,review","storytelling,analysis,educational,entertainment,skill_development"
27330,"Mar 2, 2024, 3:01:44 PM PST",Entertainment,"trending,entertaining,viral,informative,mature,controversial,educational,family_friendly","animated,edited,high_production,professional","reaction,guide,compilation,commentary,showcase,highlights,analysis","storytelling,entertainment,educational,social_commentary,skill_development,promotional,analysis"
26917,"Mar 7, 2024, 1:45:24 PM PST",Sports,"trending,entertaining,informative,viral,mature,family_friendly,educational,controversial","professional,animated,high_production,edited","guide,reaction,showcase,highlights,compilation,tutorial,commentary,analysis","storytelling,entertainment,educational,skill_development,analysis"
27331,"Mar 2, 2024, 2:57:38 PM PST",Entertainment,"trending,entertaining,mature,informative,viral,controversial,educational,family_friendly","professional,edited,animated","reaction,guide,showcase,highlights,compilation,commentary,analysis,review","storytelling,entertainment,educational,skill_development,analysis,promotional"
26918,"Mar 7, 2024, 1:45:15 PM PST",Entertainment,"trending,entertaining,informative,viral,family_friendly,mature,educational,controversial","edited,animated,professional","podcast,reaction,commentary,showcase,compilation,guide,interview,documentary,highlights,analysis,review","storytelling,entertainment,educational,personal_vlog,analysis,news,skill_development,social_commentary"
27332,"Mar 2, 2024, 1:49:39 PM PST",Music,"entertaining,trending,viral,informative,mature,family_friendly","edited,professional,high_production","compilation,showcase,podcast,highlights,reaction,guide,review","entertainment,storytelling,skill_development,promotional"
26919,"Mar 7, 2024, 1:45:14 PM PST",Entertainment,"entertaining,trending,informative,viral,controversial,mature,family_friendly,educational","animated,professional","reaction,guide,showcase,highlights,commentary,compilation,analysis","storytelling,entertainment,educational,skill_development,analysis,promotional"
27333,Martin Garrix feat. Bonn - High On Life (Official Video),Music,"entertaining,trending,viral,informative,controversial",professional,"showcase,highlights,compilation,guide,reaction","entertainment,promotional,news"
26920,"Mar 7, 2024, 1:45:12 PM PST",Entertainment,"controversial,entertaining,trending,viral","amateur,animated,edited","reaction,commentary,compilation,highlights,guide","entertainment,social_commentary"
27334,"Mar 2, 2024, 1:35:48 PM PST",Music,"controversial,trending,viral,entertaining","high_production,studio_quality,animated","showcase,documentary,reaction,stream_highlights,highlights,commentary","promotional,entertainment"
26921,"Mar 7, 2024, 1:45:10 PM PST",Technology,"trending,mature,informative,entertaining,viral,controversial,educational","animated,professional,edited","showcase,compilation,reaction,highlights,guide,analysis","storytelling,analysis,news,entertainment,educational"
27335,"Mar 2, 2024, 11:11:33 AM PST",Comedy,"clickbait,trending,controversial,viral,informative,family_friendly,entertaining,educational","animated,amateur,edited","reaction,commentary,compilation,guide,showcase,highlights,podcast,analysis","storytelling,entertainment,social_commentary,analysis,promotional,educational"
26922,"Mar 7, 2024, 1:45:06 PM PST",Music,"trending,entertaining,informative,mature,viral","edited,professional","highlights,showcase,guide,compilation",entertainment
27336,"Mar 2, 2024, 11:06:56 AM PST",Music,"trending,entertaining,viral,informative,mature,controversial,family_friendly","amateur,animated,edited,high_production","reaction,showcase,compilation,highlights,commentary,guide,analysis","entertainment,storytelling,promotional,analysis"
26923,"Mar 7, 2024, 12:36:38 PM PST",Music,"trending,entertaining,viral,informative,mature,controversial,educational","edited,animated,professional","showcase,highlights,compilation,reaction,guide","entertainment,storytelling,educational"
27337,"Mar 2, 2024, 11:03:37 AM PST",Entertainment,"trending,entertaining,informative,viral,mature,educational,controversial,family_friendly","professional,edited,animated","reaction,guide,compilation,showcase,commentary,highlights,analysis","storytelling,educational,entertainment,promotional,analysis"
26924,"Mar 7, 2024, 12:34:10 PM PST",Entertainment,"trending,entertaining,informative,viral,mature,controversial,educational,family_friendly","professional,edited,high_production,animated","reaction,guide,highlights,showcase,commentary,compilation,analysis,review","storytelling,entertainment,analysis,skill_development,educational"
27338,"Mar 2, 2024, 10:59:30 AM PST",Music,"entertaining,informative,viral,trending,controversial,educational",animated,"reaction,showcase,compilation,commentary,guide,highlights","storytelling,entertainment,educational"
26925,"Mar 7, 2024, 12:29:38 PM PST",Comedy,"trending,entertaining,viral,informative,mature,controversial,family_friendly,educational","animated,professional,high_production","reaction,compilation,commentary,guide,showcase,highlights,analysis,review","storytelling,entertainment,promotional,analysis,educational,skill_development"
27339,"Mar 2, 2024, 10:55:51 AM PST",Entertainment,"trending,mature,entertaining,informative,viral,controversial,educational,family_friendly","edited,professional,animated","reaction,guide,compilation,commentary,highlights,showcase","storytelling,promotional,educational"
26926,"Mar 7, 2024, 12:27:28 PM PST",Comedy,"trending,viral,entertaining,informative,mature,controversial,educational,family_friendly","high_production,professional,animated,edited","reaction,compilation,guide,commentary,showcase,highlights,analysis,tutorial,review,documentary","storytelling,promotional,entertainment,news,educational,skill_development,analysis,social_commentary"
27340,"Mar 2, 2024, 10:53:50 AM PST",Music,"entertaining,trending,informative,viral,educational,mature","professional,high_production,studio_quality,edited","showcase,highlights,compilation,stream_highlights,guide,reaction","entertainment,skill_development,educational"
26927,"Mar 7, 2024, 12:27:27 PM PST",Music,"trending,viral,informative,entertaining,mature,family_friendly",edited,"showcase,compilation,guide,highlights",
27341,"Mar 2, 2024, 6:36:35 AM PST",Comedy,"trending,viral,entertaining,informative,controversial,mature,family_friendly,educational","animated,edited","reaction,commentary,compilation,guide,highlights,showcase","entertainment,storytelling,educational"
26928,"Mar 7, 2024, 12:27:26 PM PST",Music,"trending,viral,entertaining,mature,informative,controversial","high_production,edited,professional,animated","reaction,compilation,highlights,guide,commentary,showcase,analysis","news,storytelling,promotional,entertainment,analysis,skill_development"
26929,"Mar 7, 2024, 12:27:24 PM PST",Music,"clickbait,entertaining,trending,informative,viral,controversial",,"compilation,showcase,highlights,reaction",entertainment
27342,"Mar 2, 2024, 6:33:02 AM PST",Music,"entertaining,viral,trending,informative,educational,mature","professional,high_production,edited,studio_quality","showcase,highlights,reaction,compilation,stream_highlights,guide,documentary,analysis,tutorial","entertainment,storytelling,educational,promotional,skill_development,analysis"
26930,"Mar 7, 2024, 12:27:18 PM PST",Entertainment,"trending,entertaining,informative,viral,mature,controversial,educational,family_friendly","professional,edited,animated","reaction,highlights,guide,showcase,compilation,commentary,analysis,review,tutorial","entertainment,educational,storytelling,promotional,news,analysis,skill_development"
27343,"Mar 2, 2024, 3:40:28 AM PST",Entertainment,"entertaining,clickbait,trending,viral,controversial,informative","edited,animated,high_production,studio_quality","showcase,compilation,highlights,reaction,commentary,podcast,guide,stream_highlights","entertainment,promotional,news"
26931,"Mar 7, 2024, 12:27:16 PM PST",Entertainment,"trending,entertaining,informative,viral,controversial,mature,educational","professional,animated,edited","guide,reaction,showcase,highlights,compilation,commentary,review,analysis","storytelling,entertainment,news,educational,analysis"
27344,Edward Maya - Stereo Love • [sped up],Music,"entertaining,trending,viral,informative,family_friendly,clickbait,mature,educational","edited,animated,high_production,professional","compilation,showcase,highlights,podcast,guide,reaction,commentary,stream_highlights,review","entertainment,promotional,storytelling,educational"
26932,"Mar 7, 2024, 12:26:39 PM PST",Music,"trending,entertaining,viral,informative,mature,controversial,family_friendly","amateur,animated,edited,high_production","reaction,showcase,compilation,highlights,commentary,guide,analysis","entertainment,storytelling,promotional,analysis"
27345,"Mar 2, 2024, 3:32:29 AM PST",Entertainment,"entertaining,controversial,trending,viral,clickbait","edited,animated,high_production,amateur","showcase,compilation,highlights,reaction,guide,commentary","entertainment,news"
26933,"Mar 7, 2024, 12:23:17 PM PST",Entertainment,"trending,entertaining,informative,viral,controversial,educational,mature","animated,professional,high_production,edited","showcase,compilation,reaction,highlights,guide,commentary,documentary,analysis,review","entertainment,storytelling,educational,promotional,news,analysis,skill_development"
27346,"Mar 2, 2024, 3:29:20 AM PST",Entertainment,"entertaining,viral,trending,informative,controversial","edited,animated,high_production","reaction,showcase,guide,highlights","entertainment,promotional,news"
26934,"Mar 7, 2024, 12:23:05 PM PST",Music,"mature,trending,entertaining,viral,informative,family_friendly,educational,controversial","professional,animated,edited","showcase,guide,highlights,compilation,commentary,reaction,review,analysis","storytelling,entertainment,educational,analysis,news"
27347,"Mar 2, 2024, 3:25:45 AM PST",Technology,"trending,viral,entertaining,controversial,informative","high_production,edited,animated","reaction,compilation,highlights",
26935,"Mar 7, 2024, 12:22:45 PM PST",Technology,"trending,informative,entertaining,mature,viral,controversial","edited,animated","guide,highlights,showcase,reaction,commentary,compilation,analysis",analysis
27348,"Mar 2, 2024, 3:19:27 AM PST",Technology,"trending,viral,entertaining,controversial","edited,high_production,animated","reaction,compilation,highlights,showcase,stream_highlights","personal_vlog,news,product_review"
26936,"Mar 7, 2024, 12:19:34 PM PST",Entertainment,"trending,viral,entertaining,controversial","high_production,studio_quality,edited,live_recording","reaction,commentary,highlights,stream_highlights,showcase,podcast,analysis,compilation,interview","social_commentary,analysis,news,skill_development,personal_vlog,product_review"
27349,"Mar 2, 2024, 3:12:39 AM PST",Entertainment,"viral,entertaining,trending,clickbait","edited,animated,high_production","compilation,highlights,showcase,reaction,commentary,documentary,guide,stream_highlights","entertainment,promotional,storytelling,news"
26937,"Mar 7, 2024, 12:12:06 PM PST",Entertainment,"trending,mature,entertaining,informative,viral,controversial,educational","professional,high_production,animated,edited","guide,reaction,showcase,commentary,highlights,compilation,analysis,review","storytelling,skill_development,analysis,educational,entertainment"
26938,"Mar 7, 2024, 12:12:05 PM PST",Entertainment,"trending,entertaining,viral,informative,controversial,mature,family_friendly,educational","high_production,animated,edited,professional,studio_quality,live_recording","reaction,compilation,guide,commentary,highlights,showcase,podcast,stream_highlights,review,analysis","news,storytelling,entertainment,promotional,social_commentary,skill_development,educational,analysis,product_review"
27350,"Mar 2, 2024, 3:09:46 AM PST",Podcast,"entertaining,trending,viral,informative,controversial,educational","professional,animated,high_production,studio_quality","podcast,tutorial,compilation,showcase,reaction,commentary","promotional,storytelling,entertainment,educational"
26939,"Mar 7, 2024, 12:12:02 PM PST",Entertainment,"trending,viral,informative,entertaining","edited,animated,high_production","showcase,highlights,compilation,guide,reaction,review","entertainment,promotional"
26940,"Mar 7, 2024, 12:12:01 PM PST",Technology,"entertaining,trending,informative,viral,mature,controversial,educational","professional,animated,edited,high_production","showcase,reaction,highlights,guide,commentary,analysis","skill_development,storytelling,entertainment,educational,product_review,analysis"
27351,"Melanie Martinez - Play Date (Lyrics) (Slowed, Pitched)",Entertainment,"family_friendly,entertaining,trending,informative,viral,controversial","edited,amateur,studio_quality","showcase,reaction,compilation,guide,highlights","entertainment,storytelling"
26941,"Mar 7, 2024, 11:55:31 AM PST",Entertainment,"family_friendly,trending,entertaining,viral,informative,mature","animated,edited","reaction,compilation,guide,showcase,podcast,commentary,highlights,review,interview","storytelling,entertainment,promotional"
27352,Martin Garrix & Bebe Rexha - In The Name Of Love (Official Video),Music,"trending,entertaining,viral,informative,family_friendly,controversial","high_production,animated,studio_quality","showcase,highlights,guide,stream_highlights,compilation,reaction","entertainment,promotional,news"
26942,"Mar 7, 2024, 11:51:08 AM PST",Comedy,"trending,entertaining,informative,mature,controversial,viral,family_friendly,educational","professional,edited,animated","reaction,commentary,compilation,guide,showcase,highlights,analysis,tutorial,review","storytelling,educational,promotional,analysis,entertainment,news,social_commentary,skill_development,personal_vlog"
27353,"Mar 2, 2024, 2:05:39 AM PST",Music,"trending,entertaining,viral,controversial,informative","animated,high_production","reaction,showcase,highlights,commentary,guide","entertainment,storytelling,promotional,news"
26943,"Mar 7, 2024, 10:51:17 AM PST",Comedy,"entertaining,informative,trending,viral,mature,educational,family_friendly,controversial",animated,"compilation,showcase,guide,reaction,commentary,highlights","storytelling,entertainment,educational"
27354,"Mar 2, 2024, 2:02:01 AM PST",Music,"entertaining,trending,informative,viral,educational",,"showcase,compilation,highlights,guide","entertainment,educational,storytelling,promotional,news"
26944,"Mar 7, 2024, 10:47:41 AM PST",Entertainment,"trending,entertaining,informative,mature,viral,family_friendly,educational,controversial","animated,professional","reaction,guide,showcase,highlights,compilation,commentary,analysis","storytelling,entertainment,educational,promotional,analysis"
27355,"Mar 2, 2024, 1:57:55 AM PST",Music,"trending,viral,entertaining,family_friendly,informative,mature,controversial,educational","professional,high_production,studio_quality","documentary,showcase,reaction,highlights,commentary,interview,guide,stream_highlights,analysis,review,compilation","entertainment,promotional,storytelling,news,analysis,skill_development,educational"
26945,"Mar 7, 2024, 10:45:30 AM PST",Entertainment,"entertaining,trending,viral,informative,controversial",animated,"compilation,reaction,showcase,highlights","entertainment,storytelling"
27356,"Mar 2, 2024, 1:54:05 AM PST",Music,"trending,entertaining,viral,informative,mature,controversial","professional,high_production,edited","showcase,compilation,highlights,reaction,guide,review,stream_highlights","entertainment,storytelling,news,promotional,skill_development"
26946,"Mar 7, 2024, 10:45:28 AM PST",Entertainment,"trending,mature,informative,entertaining,viral,controversial,educational,family_friendly","professional,high_production,edited,animated","reaction,highlights,guide,showcase,compilation,commentary,analysis,review,documentary","entertainment,storytelling,educational,analysis,skill_development,news,promotional"
26947,"Mar 7, 2024, 10:45:27 AM PST",Entertainment,"trending,entertaining,informative,viral,mature,educational,controversial,family_friendly","professional,edited,animated","reaction,guide,showcase,highlights,compilation,commentary,analysis,review","storytelling,educational,entertainment,analysis,skill_development,news,promotional"
27357,"Mar 2, 2024, 1:50:38 AM PST",Music,"trending,entertaining,viral,informative,controversial,family_friendly,educational","professional,high_production,studio_quality","compilation,showcase,highlights,reaction,guide,stream_highlights","entertainment,promotional,news,educational,skill_development"
26948,"Mar 7, 2024, 10:45:26 AM PST",Entertainment,"trending,entertaining,viral,informative,mature,family_friendly,controversial,educational","animated,professional,edited","guide,reaction,showcase,compilation,highlights,commentary","storytelling,educational,entertainment,promotional"
27358,"Mar 2, 2024, 1:47:29 AM PST",Entertainment,"entertaining,controversial,trending,viral,informative","edited,high_production,animated,amateur","reaction,showcase,guide,highlights,commentary","entertainment,news"
26949,"Mar 7, 2024, 10:45:24 AM PST",Entertainment,"trending,entertaining,controversial,viral,family_friendly,informative,mature,educational","high_production,edited,animated","reaction,compilation,commentary,guide,showcase,highlights,analysis,review","promotional,entertainment,storytelling,social_commentary,news,analysis,skill_development,educational"
27359,"Mar 2, 2024, 1:44:21 AM PST",Entertainment,"entertaining,trending,viral,controversial,informative","edited,high_production,animated","reaction,showcase,compilation,podcast,commentary,highlights,guide","entertainment,promotional"
26950,"Mar 7, 2024, 10:45:21 AM PST",Music,"trending,entertaining,viral,informative,mature,family_friendly,controversial,educational","edited,animated","reaction,compilation,commentary,guide,highlights,showcase","storytelling,entertainment,promotional,educational,news"
27360,"Mar 2, 2024, 1:39:37 AM PST",Music,"trending,entertaining,informative,viral,mature,educational","professional,edited,high_production","compilation,showcase,review","entertainment,educational"
26951,"Mar 7, 2024, 10:43:09 AM PST",Music,"entertaining,trending,informative,viral,family_friendly,mature",edited,"compilation,showcase,highlights,guide",entertainment
27361,"Mar 2, 2024, 1:36:21 AM PST",Music,"trending,entertaining,informative,viral,mature,controversial","professional,high_production,studio_quality","podcast,showcase,compilation,highlights,review,reaction,guide,stream_highlights","entertainment,promotional,news,skill_development"
26952,"Mar 7, 2024, 10:40:08 AM PST",Entertainment,"trending,entertaining,informative,mature,viral,educational,family_friendly,controversial","professional,animated,edited","showcase,guide,reaction,compilation,highlights,commentary,analysis,review","storytelling,educational,entertainment,analysis,skill_development"
27362,"Mar 2, 2024, 1:33:06 AM PST",Entertainment,"entertaining,trending,informative,viral","professional,high_production,studio_quality","showcase,compilation,highlights,stream_highlights,guide",entertainment
26953,"Mar 7, 2024, 10:40:06 AM PST",Entertainment,"trending,entertaining,informative,viral,controversial,educational,family_friendly,mature","animated,edited,professional","reaction,showcase,guide,highlights,commentary,compilation","entertainment,storytelling,educational,skill_development,promotional"
27363,"Mar 2, 2024, 1:29:42 AM PST",Music,"entertaining,trending,informative,viral,controversial,educational","animated,edited,professional,high_production","commentary,showcase,analysis,compilation,podcast,highlights,reaction","entertainment,news,educational,storytelling,analysis"
26954,"Mar 7, 2024, 10:40:04 AM PST",Entertainment,"trending,viral,entertaining,informative,controversial,mature","animated,edited,professional","reaction,highlights,compilation,showcase,guide,commentary,analysis","entertainment,promotional,storytelling,analysis"
27364,"Mar 2, 2024, 1:25:34 AM PST",Music,"trending,entertaining,informative,viral,mature,controversial","professional,high_production,studio_quality,edited","showcase,highlights,guide,commentary,compilation,stream_highlights,review,reaction","storytelling,entertainment,skill_development"
26955,"Mar 7, 2024, 10:39:28 AM PST",Comedy,"trending,entertaining,family_friendly,viral,informative,mature,educational,controversial",animated,"reaction,compilation,guide,commentary,showcase,highlights","storytelling,entertainment,promotional,educational"
27365,"Mar 2, 2024, 1:21:26 AM PST",Music,"entertaining,trending,viral,informative,family_friendly,educational,mature","high_production,studio_quality,professional","compilation,showcase,reaction,highlights,guide,commentary,review,stream_highlights","storytelling,entertainment,educational"
26956,"Mar 7, 2024, 10:35:04 AM PST",Entertainment,"trending,entertaining,informative,mature,viral,controversial,family_friendly,educational","animated,edited,professional","reaction,guide,commentary,compilation,showcase,highlights,analysis","storytelling,entertainment,educational,promotional,analysis"
27366,"Mar 2, 2024, 1:17:31 AM PST",Entertainment,"entertaining,trending,informative,viral,educational,controversial","animated,professional,high_production","showcase,reaction,documentary,compilation,highlights,guide,analysis","entertainment,promotional,educational,storytelling,news,analysis"
26957,"Mar 7, 2024, 10:27:47 AM PST",Music,"trending,viral,informative,controversial,entertaining","animated,professional,studio_quality","showcase,reaction,compilation,highlights,guide,commentary","storytelling,promotional,entertainment"
27367,"Mar 2, 2024, 1:07:26 AM PST",Music,"trending,entertaining,informative,viral,controversial","high_production,animated,edited,professional","reaction,compilation,showcase,highlights,stream_highlights,guide,review","entertainment,storytelling,skill_development,promotional"
26958,"Mar 7, 2024, 10:24:09 AM PST",Music,"trending,entertaining,informative,mature,viral","professional,studio_quality","podcast,compilation,highlights,showcase,guide,reaction","entertainment,storytelling"
27368,"Mar 2, 2024, 1:00:02 AM PST",Music,"entertaining,viral,trending,informative,family_friendly,controversial,educational","animated,high_production,professional","compilation,showcase,reaction,highlights,guide","entertainment,promotional,storytelling,news,educational"
26959,"Mar 7, 2024, 10:20:11 AM PST",Music,"entertaining,trending,viral,informative,mature,controversial,educational","professional,high_production,animated","showcase,compilation,highlights","entertainment,promotional,educational,storytelling"
27369,"Mar 2, 2024, 12:56:44 AM PST",Entertainment,"entertaining,trending,viral,controversial,clickbait,informative","edited,animated,high_production,studio_quality,professional","compilation,showcase,reaction,podcast,commentary,guide,interview,highlights,stream_highlights,review,tutorial","storytelling,entertainment,promotional,news,skill_development,personal_vlog"
26960,"Mar 7, 2024, 10:14:02 AM PST",Music,"trending,entertaining,informative,viral,mature,educational,controversial","professional,high_production,studio_quality","podcast,showcase,highlights,compilation,guide,review","entertainment,storytelling,educational"
27370,"Mar 2, 2024, 12:48:23 AM PST",Entertainment,"entertaining,trending,controversial,viral,informative","edited,high_production","showcase,highlights,guide",entertainment
26961,"Mar 7, 2024, 10:09:08 AM PST",Music,"entertaining,trending,viral,informative,mature,family_friendly,controversial","animated,edited,professional","compilation,showcase,highlights,podcast,reaction,guide,review","entertainment,storytelling,skill_development"
27371,"Mar 2, 2024, 12:44:58 AM PST",Music,"trending,informative,entertaining,viral,educational","edited,professional","compilation,showcase,guide,review,highlights,analysis","analysis,entertainment,educational"
26962,"Mar 7, 2024, 2:30:18 AM PST",Music,"trending,entertaining,viral,informative,mature","professional,high_production,animated,edited,studio_quality","showcase,highlights,guide,compilation","promotional,entertainment,news,skill_development,storytelling"
26963,"Mar 7, 2024, 2:27:40 AM PST",Music,"entertaining,viral,trending,informative,family_friendly,controversial,educational","animated,high_production,professional","showcase,compilation,reaction,highlights,guide,review","promotional,entertainment,storytelling,educational,news,skill_development"
27372,"Mar 2, 2024, 12:36:29 AM PST",Technology,"trending,viral,informative,entertaining,family_friendly","edited,animated,studio_quality","showcase,compilation,highlights,guide,stream_highlights","entertainment,promotional,social_commentary"
26964,"Mar 7, 2024, 2:24:06 AM PST",Music,"trending,entertaining,viral,informative,mature,family_friendly,controversial","professional,high_production,studio_quality","showcase,guide,highlights,compilation,reaction","entertainment,storytelling,promotional"
27373,"Mar 2, 2024, 12:25:17 AM PST",Entertainment,"viral,entertaining,trending,informative,educational,mature,controversial,family_friendly","animated,professional,high_production","showcase,reaction,analysis,highlights,stream_highlights,guide,documentary,review,compilation,commentary,interview,tutorial","entertainment,storytelling,educational,analysis,skill_development,social_commentary,promotional,product_review,news"
26965,"Mar 7, 2024, 2:21:10 AM PST",Music,"trending,viral,informative,entertaining,controversial",,"podcast,compilation,reaction,showcase,highlights,guide","storytelling,promotional,entertainment,news"
27374,"Mar 2, 2024, 12:22:39 AM PST",Music,"entertaining,viral,trending,informative,family_friendly","high_production,edited","compilation,guide,showcase,reaction,highlights","entertainment,promotional"
26966,"Mar 7, 2024, 2:17:40 AM PST",Music,"trending,viral,entertaining,informative,mature","professional,high_production","showcase,highlights,guide","promotional,storytelling,entertainment,news"
27375,"Mar 2, 2024, 12:18:40 AM PST",Comedy,"trending,informative,entertaining,mature,viral,controversial,educational,family_friendly","animated,professional,high_production","reaction,compilation,review,commentary,guide,showcase,highlights,analysis,documentary,tutorial","storytelling,educational,entertainment,promotional,analysis,social_commentary"
26967,"Mar 7, 2024, 2:13:32 AM PST",Music,"entertaining,trending,viral,informative,family_friendly,educational,mature","high_production,studio_quality,professional","compilation,showcase,reaction,highlights,guide,commentary,review,stream_highlights","storytelling,entertainment,educational"
26968,Martin Garrix feat. Bonn - High On Life (Official Video),Music,"entertaining,trending,viral,informative,controversial",professional,"showcase,highlights,compilation,guide,reaction","entertainment,promotional,news"
27376,"Mar 2, 2024, 12:18:30 AM PST",Music,"entertaining,trending,informative,viral,family_friendly",edited,"compilation,guide,showcase,highlights,podcast","entertainment,promotional"
26969,"Mar 7, 2024, 2:06:36 AM PST",Music,"trending,viral,entertaining,informative,mature,controversial","professional,high_production,animated","showcase,highlights,compilation,guide,reaction","entertainment,promotional"
27377,"Mar 2, 2024, 12:15:44 AM PST",Music,"entertaining,trending,informative,viral,mature,family_friendly,educational","professional,high_production,edited","showcase,highlights,guide,reaction","storytelling,entertainment,educational"
26970,"Mar 7, 2024, 2:02:29 AM PST",Music,"entertaining,trending,informative,educational,controversial,viral","animated,professional,edited","showcase,guide,analysis,commentary,compilation","entertainment,educational,analysis,storytelling"
27378,"Mar 2, 2024, 12:04:18 AM PST",Music,"entertaining,trending,family_friendly,viral,informative",edited,"compilation,showcase,highlights,guide,podcast",entertainment
26971,"Mar 7, 2024, 1:57:29 AM PST",Music,"entertaining,trending,informative,viral,controversial,family_friendly","animated,professional,edited","highlights,showcase,reaction,compilation,guide","entertainment,storytelling,skill_development"
27379,"Mar 2, 2024, 12:02:47 AM PST",Comedy,"entertaining,trending,viral,informative,clickbait,family_friendly,educational,controversial","animated,edited,high_production,amateur","reaction,showcase,compilation,highlights,guide,commentary,podcast","entertainment,storytelling,promotional,educational,skill_development"
26972,"Mar 7, 2024, 1:54:00 AM PST",Music,"trending,entertaining,informative,viral,mature,controversial","professional,edited,animated,high_production","showcase,guide,highlights,review,reaction,analysis,compilation","product_review,entertainment,analysis"
27380,"Mar 1, 2024, 9:39:27 PM PST",Music,"trending,entertaining,viral,informative,controversial,family_friendly","professional,high_production,animated","showcase,highlights,reaction,guide","entertainment,promotional"
26973,"Mar 7, 2024, 1:50:35 AM PST",Music,"entertaining,trending,informative,viral,controversial,educational","animated,edited,professional,high_production","commentary,showcase,analysis,compilation,podcast,highlights,reaction","entertainment,news,educational,storytelling,analysis"
27381,"Mar 1, 2024, 9:35:50 PM PST",Music,"trending,viral,entertaining,informative,mature","professional,high_production,studio_quality,edited,animated","showcase,highlights,guide,reaction","promotional,entertainment,news,skill_development"
26974,"Mar 7, 2024, 1:46:12 AM PST",Music,"trending,viral,entertaining,informative,mature","professional,high_production,studio_quality,edited,animated","showcase,highlights,guide,reaction","promotional,entertainment,news,skill_development"
26975,"Mar 7, 2024, 1:46:00 AM PST",Music,"trending,entertaining,informative,viral,mature,controversial","professional,high_production,studio_quality,edited","showcase,highlights,guide,commentary,compilation,stream_highlights,review,reaction","storytelling,entertainment,skill_development"
27382,"Mar 1, 2024, 9:32:26 PM PST",Music,"trending,viral,entertaining,controversial,informative","high_production,animated,edited","reaction,compilation,showcase,highlights,guide","entertainment,news,promotional"
27383,"Mar 1, 2024, 9:29:01 PM PST",Entertainment,"entertaining,trending,viral,informative,family_friendly,controversial,educational,mature","high_production,edited,professional","showcase,reaction,highlights,guide,commentary,compilation,interview","entertainment,storytelling,promotional,educational"
26976,"Mar 7, 2024, 1:40:36 AM PST",Music,"entertaining,trending,informative,viral,controversial","professional,high_production,edited","compilation,showcase,highlights,stream_highlights,podcast,guide,reaction","entertainment,promotional,storytelling,news"
27384,"Mar 1, 2024, 9:27:17 PM PST",Entertainment,"entertaining,trending,informative,viral,educational,mature,controversial","professional,animated,high_production","showcase,highlights,compilation,documentary,reaction,guide,commentary","storytelling,entertainment,educational,promotional"
26977,"Mar 7, 2024, 1:35:59 AM PST",Podcast,"entertaining,trending,informative,viral,mature,educational,controversial","professional,high_production,animated,studio_quality,edited","podcast,showcase,compilation,highlights,documentary,guide,commentary,reaction,review,stream_highlights,interview,analysis","storytelling,entertainment,analysis,promotional,educational,skill_development,social_commentary"
27385,"Mar 1, 2024, 9:24:14 PM PST",Music,"trending,entertaining,viral,informative,controversial",high_production,"reaction,showcase,highlights,commentary,guide,compilation","entertainment,promotional,news"
26978,"Mar 7, 2024, 1:29:18 AM PST",Music,"trending,entertaining,viral,informative,controversial,family_friendly","professional,high_production,animated","showcase,highlights,reaction,guide","entertainment,promotional"
27386,"Mar 1, 2024, 9:21:16 PM PST",Entertainment,"entertaining,controversial,viral,trending,informative,educational","high_production,professional,edited,studio_quality","compilation,commentary,documentary,showcase,reaction","promotional,storytelling,entertainment,news,educational"
26979,"Mar 7, 2024, 1:25:41 AM PST",Music,"trending,entertaining,viral,informative,controversial,mature,family_friendly","professional,animated,high_production","reaction,showcase,highlights,guide,compilation","entertainment,storytelling"
27387,"Mar 1, 2024, 9:18:41 PM PST",Music,"controversial,trending,viral,entertaining","high_production,studio_quality,animated","showcase,documentary,reaction,stream_highlights,highlights,commentary","promotional,entertainment"
26980,"Mar 7, 2024, 1:21:45 AM PST",Entertainment,"entertaining,trending,informative,viral,educational,controversial","animated,professional,high_production","showcase,reaction,documentary,compilation,highlights,guide,analysis","entertainment,promotional,educational,storytelling,news,analysis"
27388,"Mar 1, 2024, 9:14:28 PM PST",Music,"trending,entertaining,informative,mature,educational,controversial",professional,"podcast,showcase,highlights,reaction,guide","entertainment,storytelling,educational"
26981,"Mar 7, 2024, 1:19:09 AM PST",Music,"controversial,trending,viral,entertaining","high_production,studio_quality,animated","showcase,documentary,reaction,stream_highlights,highlights,commentary","promotional,entertainment"
27389,"Mar 1, 2024, 9:11:22 PM PST",Music,"trending,viral,entertaining,informative,mature,family_friendly,controversial","animated,high_production,professional,studio_quality","showcase,compilation,reaction,highlights,guide","entertainment,storytelling,promotional,news"
26982,"Mar 7, 2024, 1:15:45 AM PST",Music,"trending,viral,entertaining,controversial,informative","high_production,animated,edited","reaction,compilation,showcase,highlights,guide","entertainment,news,promotional"
27390,"Mar 1, 2024, 9:08:09 PM PST",Music,"trending,entertaining,viral,informative,controversial,mature,family_friendly","professional,animated,high_production","reaction,showcase,highlights,guide,compilation","entertainment,storytelling"
27391,"Mar 1, 2024, 9:04:07 PM PST",Comedy,"entertaining,trending,viral",,"commentary,showcase,highlights,compilation","storytelling,entertainment"
26983,"Mar 7, 2024, 1:11:42 AM PST",Music,"entertaining,trending,viral,informative,controversial,educational,mature","high_production,professional","compilation,showcase,highlights,reaction,guide","entertainment,storytelling,promotional,educational"
27392,"Mar 1, 2024, 8:59:28 PM PST",Podcast,"entertaining,trending,informative,viral,mature,educational,controversial","professional,high_production,animated,studio_quality,edited","podcast,showcase,compilation,highlights,documentary,guide,commentary,reaction,review,stream_highlights,interview,analysis","storytelling,entertainment,analysis,promotional,educational,skill_development,social_commentary"
26984,"Mar 6, 2024, 10:49:22 PM PST",Music,"trending,entertaining,viral,informative,mature,family_friendly,educational,controversial","professional,high_production,edited,animated","showcase,highlights,reaction,guide,compilation","promotional,entertainment,storytelling,educational,news"
27393,"Mar 1, 2024, 8:56:11 PM PST",Technology,"trending,informative,mature,entertaining","professional,high_production,studio_quality,edited","showcase,highlights,reaction",skill_development
27394,"Mar 1, 2024, 8:55:09 PM PST",Music,"trending,entertaining,viral,informative,mature","professional,high_production,animated","compilation,showcase,highlights,reaction,guide","promotional,entertainment,storytelling,news"
26985,"Mar 6, 2024, 10:45:55 PM PST",Entertainment,"entertaining,trending,viral,informative,family_friendly,controversial,educational,mature","high_production,edited,professional","showcase,reaction,highlights,guide,commentary,compilation,interview","entertainment,storytelling,promotional,educational"
26986,"Mar 6, 2024, 10:40:00 PM PST",Music,"trending,entertaining,viral,informative,controversial",high_production,"reaction,showcase,highlights,commentary,guide,compilation","entertainment,promotional,news"
27395,"Mar 1, 2024, 8:52:31 PM PST",Comedy,"viral,entertaining,trending,informative,educational,controversial,mature,family_friendly","high_production,professional,animated,edited","showcase,compilation,documentary,highlights,reaction,guide,analysis,tutorial,stream_highlights,review","storytelling,entertainment,educational,promotional,skill_development,analysis"
26987,"Mar 6, 2024, 10:35:47 PM PST",Music,"trending,entertaining,informative,mature,educational,controversial",professional,"podcast,showcase,highlights,reaction,guide","entertainment,storytelling,educational"
27396,"Mar 1, 2024, 8:48:06 PM PST",Music,"trending,entertaining,viral,informative,mature,educational,controversial","professional,animated,high_production,studio_quality","reaction,showcase,review,analysis,highlights,guide,compilation","entertainment,storytelling,educational,analysis,skill_development"
27397,"Mar 1, 2024, 8:45:31 PM PST",Music,"trending,viral,entertaining,informative,mature,family_friendly","professional,high_production,studio_quality","showcase,highlights,reaction,guide,compilation","entertainment,storytelling,skill_development,promotional"
26988,"Mar 6, 2024, 10:32:39 PM PST",Music,"trending,viral,informative,entertaining,controversial","high_production,professional,edited","showcase,highlights,guide,reaction,review,stream_highlights,compilation","promotional,entertainment,news"
27398,"Mar 1, 2024, 8:37:14 PM PST",Music,"trending,entertaining,informative,mature,educational,viral,controversial,family_friendly","professional,high_production,studio_quality","podcast,showcase,reaction,highlights,guide,review,analysis,compilation,tutorial","entertainment,storytelling,educational,skill_development,analysis,news,promotional"
27399,"Mar 1, 2024, 8:33:51 PM PST",Music,"trending,entertaining,viral,informative,mature,controversial","professional,animated,high_production,studio_quality","showcase,highlights,reaction","entertainment,storytelling,promotional"
26989,"Mar 6, 2024, 10:28:36 PM PST",Comedy,"entertaining,trending,viral",,"commentary,showcase,highlights,compilation","storytelling,entertainment"
26990,"Mar 6, 2024, 10:26:53 PM PST",Entertainment,"entertaining,trending,informative,viral,educational,mature,controversial","professional,animated,high_production","showcase,highlights,compilation,documentary,reaction,guide,commentary","storytelling,entertainment,educational,promotional"
27400,"Mar 1, 2024, 8:33:36 PM PST",Music,"entertaining,trending,informative,viral,mature","professional,animated,edited","compilation,showcase,podcast,highlights,guide","storytelling,entertainment"
27401,"Mar 1, 2024, 5:30:41 PM PST",Reviews,"trending,informative,entertaining,viral,educational","animated,edited,high_production","review,showcase,compilation,highlights,analysis,guide,stream_highlights,podcast,reaction","product_review,analysis,news,entertainment,educational"
26991,"Mar 6, 2024, 10:26:46 PM PST",Music,"trending,entertaining,viral,informative,mature","professional,high_production,animated","compilation,showcase,highlights,reaction,guide","promotional,entertainment,storytelling,news"
27402,"Mar 1, 2024, 4:59:44 PM PST",Entertainment,"entertaining,trending,informative,mature,viral,family_friendly,educational,controversial","animated,professional,high_production,edited","reaction,showcase,compilation,guide,highlights,commentary,analysis,review","storytelling,entertainment,analysis,promotional,educational,skill_development,news"
26992,"Mar 6, 2024, 10:23:40 PM PST",Music,"trending,viral,entertaining,informative,mature,family_friendly,controversial","animated,high_production,professional,studio_quality","showcase,compilation,reaction,highlights,guide","entertainment,storytelling,promotional,news"
27403,"Mar 1, 2024, 4:59:39 PM PST",Comedy,"trending,viral,entertaining,informative,controversial",animated,commentary,
26993,"Mar 6, 2024, 10:12:51 PM PST",Comedy,"trending,viral,controversial,entertaining,informative,mature,family_friendly","edited,animated,professional","reaction,commentary,compilation,guide,showcase,highlights,analysis,review,interview","storytelling,social_commentary,promotional,news,skill_development,analysis,entertainment"
27404,"Mar 1, 2024, 4:56:18 PM PST",Comedy,"trending,controversial,viral,entertaining,informative,clickbait","edited,high_production,animated","commentary,reaction,compilation,showcase,highlights,review","news,storytelling,promotional"
26994,"Mar 6, 2024, 10:08:57 PM PST",Music,"trending,entertaining,informative,mature,educational,viral,controversial,family_friendly","professional,high_production,studio_quality","podcast,showcase,reaction,highlights,guide,review,analysis,compilation,tutorial","entertainment,storytelling,educational,skill_development,analysis,news,promotional"
27405,"Mar 1, 2024, 4:53:23 PM PST",Entertainment,"trending,entertaining,informative,viral,mature,controversial,educational","animated,edited,high_production,studio_quality,professional","reaction,highlights,showcase,guide,compilation,commentary,analysis,documentary,review","storytelling,news,entertainment,educational,analysis,social_commentary,skill_development,promotional"
27406,"Mar 1, 2024, 4:50:50 PM PST",Comedy,"trending,controversial,viral,entertaining,informative","edited,animated,high_production","reaction,commentary,highlights,compilation,guide,showcase",storytelling
26995,"Mar 6, 2024, 10:04:16 PM PST",Entertainment,"entertaining,trending,informative,viral,family_friendly,mature","professional,high_production,animated","showcase,compilation,guide,highlights","entertainment,storytelling,promotional"
26996,"Mar 6, 2024, 10:01:05 PM PST",Music,"trending,entertaining,viral,informative,mature,controversial","professional,animated,high_production,studio_quality","showcase,highlights,reaction","entertainment,storytelling,promotional"
27407,"Mar 1, 2024, 12:22:32 PM PST",Music,"trending,entertaining,viral,informative,family_friendly","high_production,edited,animated","compilation,guide,showcase,highlights","entertainment,promotional"
27408,"Mar 1, 2024, 12:18:19 PM PST",Music,"entertaining,trending,viral,informative,controversial,family_friendly","amateur,high_production","showcase,reaction,highlights,compilation,guide","entertainment,promotional"
26997,"Mar 6, 2024, 9:58:26 PM PST",Comedy,"viral,entertaining,trending,informative,educational,controversial,mature,family_friendly","high_production,professional,animated,edited","showcase,compilation,documentary,highlights,reaction,guide,analysis,tutorial,stream_highlights,review","storytelling,entertainment,educational,promotional,skill_development,analysis"
27409,"Mar 1, 2024, 12:13:00 PM PST",Music,"entertaining,family_friendly,trending,viral,mature","high_production,studio_quality,professional","showcase,highlights,reaction,guide","entertainment,promotional,storytelling"
26998,"Mar 6, 2024, 9:55:50 PM PST",Music,"trending,viral,entertaining,informative,mature,family_friendly","professional,high_production,studio_quality","showcase,highlights,reaction,guide,compilation","entertainment,storytelling,skill_development,promotional"
27410,"Mar 1, 2024, 12:08:49 PM PST",Music,"entertaining,trending,viral,informative,mature,family_friendly,controversial","animated,edited,professional","compilation,showcase,highlights,podcast,reaction,guide,review","entertainment,storytelling,skill_development"
26999,"Mar 6, 2024, 9:11:19 PM PST",Music,"trending,entertaining,informative,viral,mature,controversial","professional,high_production,studio_quality","podcast,showcase,compilation,highlights,review,reaction,guide,stream_highlights","entertainment,promotional,news,skill_development"
27411,"Mar 1, 2024, 11:55:53 AM PST",Music,"trending,viral,entertaining,informative,controversial,educational,mature","professional,edited,animated","compilation,podcast,reaction,showcase,guide,commentary,analysis,highlights,review","storytelling,entertainment,news,promotional,educational,analysis,social_commentary"
27000,"Mar 6, 2024, 9:07:41 PM PST",Music,"trending,entertaining,informative,mature,viral","professional,studio_quality","podcast,compilation,highlights,showcase,guide,reaction","entertainment,storytelling"
27412,"Mar 1, 2024, 11:42:38 AM PST",Music,"trending,informative,entertaining,viral,mature,controversial,family_friendly,educational","animated,professional,edited","reaction,compilation,commentary,guide,showcase,analysis,review,highlights,tutorial,podcast,walkthrough,interview,documentary","storytelling,analysis,social_commentary,educational,skill_development,entertainment,promotional,news"
27001,"Mar 6, 2024, 9:01:34 PM PST",Music,"trending,entertaining,informative,viral,mature,educational,controversial","professional,high_production,studio_quality","podcast,showcase,highlights,compilation,guide,review","entertainment,storytelling,educational"
27413,"Mar 1, 2024, 11:42:37 AM PST",Comedy,"trending,entertaining,mature,viral,informative,controversial,educational","professional,animated,high_production,edited","reaction,compilation,documentary,commentary,guide,highlights,showcase,interview,analysis,review,tutorial","storytelling,entertainment,analysis,skill_development,educational,news,promotional,social_commentary"
27002,"Mar 6, 2024, 8:57:37 PM PST",Music,"entertaining,trending,viral,informative,mature,controversial,educational","professional,high_production,animated","showcase,compilation,highlights","entertainment,promotional,educational,storytelling"
27414,"Janiye (from the Netflix Film ""Chor Nikal Ke Bhaga"")",Comedy,"trending,entertaining,viral,informative,family_friendly,controversial","high_production,edited","showcase,reaction,stream_highlights,documentary,compilation,highlights,guide,review,commentary","storytelling,entertainment"
27003,"Mar 6, 2024, 8:53:37 PM PST",Music,"entertaining,trending,viral,informative,mature,family_friendly,controversial","animated,edited,professional","compilation,showcase,highlights,podcast,reaction,guide,review","entertainment,storytelling,skill_development"
27415,"Mar 1, 2024, 11:42:33 AM PST",Entertainment,"trending,entertaining,informative,viral,mature,family_friendly,controversial,educational","animated,professional","reaction,compilation,showcase,commentary,guide,highlights,analysis,review,tutorial","storytelling,entertainment,educational,analysis,promotional"
27004,"Mar 6, 2024, 8:49:42 PM PST",Entertainment,"trending,entertaining,informative,family_friendly,viral,educational",,"compilation,podcast,reaction,commentary,showcase,guide","storytelling,news,entertainment,educational,social_commentary"
27416,"Mar 1, 2024, 11:42:32 AM PST",Entertainment,"trending,entertaining,informative,viral,mature,educational,family_friendly,controversial","professional,animated,edited","reaction,guide,compilation,showcase,highlights,commentary,analysis","storytelling,educational,entertainment,promotional,skill_development,analysis"
27417,"Mar 1, 2024, 11:42:23 AM PST",Comedy,"trending,family_friendly,entertaining,informative,mature,viral,controversial,educational","animated,professional,edited","reaction,commentary,compilation,guide,showcase,highlights,analysis,review,tutorial","storytelling,analysis,entertainment,promotional,educational,skill_development,social_commentary"
27005,"Mar 6, 2024, 8:45:27 PM PST",Comedy,"entertaining,family_friendly,viral,trending,controversial","edited,animated,high_production","commentary,compilation,highlights,podcast,reaction,showcase,guide,stream_highlights","entertainment,storytelling,social_commentary,personal_vlog"
27418,"Mar 1, 2024, 11:40:01 AM PST",Podcast,"entertaining,trending,informative,viral,educational,controversial,mature","edited,professional,animated","podcast,compilation,showcase,guide,highlights,commentary,documentary","storytelling,entertainment,educational,promotional"
27419,"Mar 1, 2024, 11:38:39 AM PST",Music,"entertaining,trending,informative,viral,educational","professional,high_production,edited","showcase,compilation,highlights,guide,reaction,stream_highlights","entertainment,storytelling,educational,skill_development"
27006,"Mar 6, 2024, 8:44:56 PM PST",Tutorial,"informative,trending,family_friendly,educational,controversial,entertaining,viral,mature",edited,"commentary,guide,reaction,highlights,review","educational,storytelling"
27420,"Mar 1, 2024, 11:35:25 AM PST",Music,"trending,entertaining,viral,informative,family_friendly,controversial,mature,educational","animated,professional,raw_footage,high_production,live_recording,edited","compilation,podcast,showcase,reaction,commentary,guide,highlights,review,walkthrough","entertainment,promotional,storytelling,educational"
27007,"Mar 6, 2024, 8:44:36 PM PST",Entertainment,"viral,entertaining,informative,trending,educational,mature,controversial","animated,professional,high_production","showcase,reaction,analysis,documentary,stream_highlights,highlights,guide,review,compilation,commentary,interview,tutorial","entertainment,educational,storytelling,analysis,skill_development,social_commentary,product_review,promotional,news"
27421,"Mar 1, 2024, 11:34:09 AM PST",Comedy,"trending,entertaining,informative,mature,controversial,viral,family_friendly,educational","professional,edited,animated","reaction,commentary,compilation,guide,showcase,highlights,analysis,tutorial,review","storytelling,educational,promotional,analysis,entertainment,news,social_commentary,skill_development,personal_vlog"
27008,"Mar 6, 2024, 8:44:10 PM PST",Gaming,"trending,viral,informative,entertaining,controversial,educational","professional,animated,high_production","showcase,highlights,analysis,commentary,compilation,stream_highlights","analysis,news,educational"
27422,"Mar 1, 2024, 11:31:27 AM PST",Music,"entertaining,trending,viral,informative,mature,controversial,educational","professional,high_production,animated","showcase,compilation,highlights","entertainment,promotional,educational,storytelling"
27009,Mark Rober,Sports,"informative,trending,educational,viral,mature,entertaining","professional,high_production,studio_quality","guide,showcase,tutorial,compilation,analysis,podcast,walkthrough,stream_highlights,highlights","educational,analysis"
27423,"Mar 1, 2024, 11:30:15 AM PST",Entertainment,"trending,entertaining,viral,informative,controversial,mature","edited,animated","reaction,showcase,guide,review,compilation,commentary,highlights","storytelling,entertainment"
27010,"Mar 6, 2024, 8:43:16 PM PST",Shorts,"trending,viral,informative,entertaining,educational,controversial",edited,"highlights,showcase,guide",educational
27424,"Mar 1, 2024, 11:27:19 AM PST",Podcast,"trending,entertaining,controversial,viral,clickbait,informative,family_friendly,educational",edited,"podcast,reaction,showcase,guide,highlights,compilation,review,commentary","entertainment,promotional,educational,storytelling"
27425,"Mar 1, 2024, 11:27:12 AM PST",Entertainment,"trending,informative,entertaining,mature,viral,controversial,educational","professional,edited,high_production,animated,studio_quality","reaction,showcase,highlights,guide,interview,commentary,analysis,compilation,documentary,review,stream_highlights,tutorial","analysis,storytelling,social_commentary,skill_development,news,educational,entertainment,product_review,personal_vlog"
27011,"Mar 6, 2024, 8:43:01 PM PST",Gaming,"trending,controversial,informative,viral,educational","edited,professional","guide,reaction,compilation,showcase","promotional,educational,entertainment"
27426,"Mar 1, 2024, 11:26:46 AM PST",Shorts,"trending,viral,educational,entertaining,controversial,informative","edited,animated","compilation,reaction,showcase,commentary,guide","educational,entertainment,storytelling,news,promotional"
27012,"Mar 6, 2024, 8:42:48 PM PST",Entertainment,"controversial,trending,viral,entertaining","animated,high_production,edited","reaction,showcase,compilation,highlights,commentary,stream_highlights","social_commentary,news,promotional"
27013,"Mar 6, 2024, 8:41:55 PM PST",Gaming,"trending,viral,entertaining,informative,controversial,educational","animated,professional,raw_footage","showcase,commentary,compilation,reaction,highlights,guide","entertainment,news,educational"
27427,"Mar 1, 2024, 11:26:05 AM PST",Shorts,"entertaining,trending,viral,informative,controversial,educational","amateur,edited,animated","reaction,commentary,showcase,podcast,compilation,review,guide,highlights","entertainment,storytelling,educational"
27014,"Mar 6, 2024, 8:41:06 PM PST",Entertainment,"viral,entertaining,trending,informative,educational,mature,controversial,family_friendly","animated,professional,high_production,studio_quality","showcase,reaction,analysis,highlights,stream_highlights,guide,compilation,documentary,review,commentary,interview","entertainment,storytelling,analysis,educational,skill_development,social_commentary,promotional,product_review,news,personal_vlog"
27428,"Mar 1, 2024, 11:25:51 AM PST",Entertainment,"trending,entertaining,viral,informative,educational,controversial","edited,high_production","reaction,compilation,review,highlights,commentary,documentary","entertainment,educational,storytelling"
27015,"Mar 6, 2024, 8:40:31 PM PST",Shorts,"trending,viral,controversial,entertaining,informative",,"reaction,commentary,compilation,showcase",social_commentary
27429,"Mar 1, 2024, 11:25:33 AM PST",Technology,"controversial,trending",edited,"reaction,commentary,review",
27016,"Mar 6, 2024, 8:39:52 PM PST",Podcast,"trending,viral,informative,entertaining,mature","professional,animated,live_recording","showcase,podcast,highlights,compilation,reaction,analysis,guide,review,stream_highlights","news,entertainment,analysis,skill_development"
27430,"Mar 1, 2024, 11:24:57 AM PST",Entertainment,"entertaining,informative,trending,educational,viral,controversial","edited,high_production,studio_quality","reaction,compilation,guide,showcase,review,commentary,stream_highlights,analysis,highlights","entertainment,educational,storytelling,analysis"
27017,"Mar 6, 2024, 8:39:21 PM PST",Entertainment,"viral,entertaining,trending,informative,educational,mature,controversial,family_friendly","animated,professional,high_production","showcase,reaction,analysis,highlights,documentary,stream_highlights,guide,compilation,review,commentary,interview,tutorial","entertainment,storytelling,analysis,educational,skill_development,social_commentary,product_review,promotional,news"
27431,"Mar 1, 2024, 11:24:45 AM PST",Music,"trending,entertaining,informative,viral,controversial,family_friendly","high_production,edited","reaction,podcast,compilation,commentary,guide,showcase,highlights","news,promotional,storytelling,entertainment"
27018,"Mar 6, 2024, 8:39:18 PM PST",News,"controversial,informative,trending,viral","edited,live_recording,raw_footage","reaction,commentary,compilation,highlights,analysis,showcase,stream_highlights,review","news,analysis,social_commentary"
27432,"Mar 1, 2024, 11:24:33 AM PST",Entertainment,"trending,entertaining,informative,mature,viral,controversial,family_friendly,educational","professional,animated,edited","reaction,guide,highlights,showcase,commentary,compilation,analysis,interview,review,tutorial","entertainment,educational,storytelling,skill_development,news,analysis,promotional"
27019,"Mar 6, 2024, 8:39:15 PM PST",Comedy,"trending,entertaining,viral,controversial,clickbait","animated,edited","reaction,commentary,compilation,showcase,analysis,highlights","storytelling,entertainment,promotional,social_commentary,analysis"
27433,"Mar 1, 2024, 11:23:49 AM PST",Entertainment,"trending,viral,entertaining,informative,family_friendly","animated,high_production","reaction,showcase,highlights,interview,compilation,commentary","news,entertainment,storytelling,social_commentary,promotional"
27020,"Mar 6, 2024, 8:38:52 PM PST",Shorts,"trending,viral,entertaining,informative,controversial,educational","animated,edited","showcase,highlights,commentary,guide","entertainment,educational,news"
27021,Mercedes-Benz & Maybach Fans,Technology,"trending,informative,viral,mature,controversial","professional,high_production","showcase,compilation,analysis,review,guide,stream_highlights","product_review,analysis,promotional,news"
27434,"Mar 1, 2024, 11:22:55 AM PST",Shorts,"viral,trending,entertaining,informative",professional,"showcase,highlights","news,entertainment,promotional"
27435,"Mar 1, 2024, 11:21:25 AM PST",Entertainment,"trending,entertaining,informative,viral,mature,educational,family_friendly,controversial","professional,animated,high_production","compilation,showcase,reaction,guide,highlights,commentary,analysis,review","storytelling,educational,entertainment,promotional,analysis"
27022,"Mar 6, 2024, 8:38:36 PM PST",Shorts,"trending,viral,entertaining,informative",animated,"reaction,showcase,commentary","promotional,entertainment,storytelling"
27436,"Mar 1, 2024, 11:18:41 AM PST",Entertainment,"trending,viral,entertaining,informative,mature,controversial,educational","professional,high_production,animated","reaction,showcase,highlights,guide,compilation,commentary,interview,documentary,analysis","storytelling,skill_development,entertainment,educational,analysis"
27023,"Mar 6, 2024, 8:38:29 PM PST",Technology,"trending,informative,entertaining,viral,mature","studio_quality,edited,high_production,animated,professional","guide,stream_highlights,showcase,walkthrough,highlights,compilation","product_review,news"
27437,"Mar 1, 2024, 11:16:16 AM PST",Comedy,"trending,entertaining,viral,informative,mature,controversial,educational,family_friendly","animated,professional,edited","showcase,reaction,compilation,guide,highlights,documentary,commentary,analysis","storytelling,entertainment,promotional,educational,analysis,news"
27438,"Mar 1, 2024, 11:12:56 AM PST",Comedy,"entertaining,trending,informative,viral,mature,family_friendly,educational,controversial","animated,professional,edited","compilation,reaction,commentary,showcase,guide,highlights,analysis,documentary,review,tutorial,podcast","storytelling,entertainment,educational,analysis,promotional"
27024,"Mar 6, 2024, 8:36:42 PM PST",Podcast,"controversial,entertaining,trending,viral,informative,educational",studio_quality,"podcast,showcase,commentary,compilation,highlights,interview,stream_highlights,reaction,guide,review","entertainment,social_commentary,storytelling,educational"
27439,"Mar 1, 2024, 11:11:25 AM PST",Entertainment,"trending,entertaining,mature,informative,viral,controversial,educational","professional,high_production,animated,edited","guide,reaction,showcase,highlights,commentary,compilation,analysis","storytelling,educational,entertainment,analysis,skill_development"
27025,"Mar 6, 2024, 8:36:38 PM PST",Sports,"trending,viral,informative,entertaining,educational,mature,controversial","professional,animated,amateur,raw_footage","highlights,showcase,reaction,documentary,commentary,guide,analysis,podcast","news,storytelling,educational,entertainment,analysis"
27440,"Mar 1, 2024, 11:08:20 AM PST",Reviews,"controversial,trending,viral",edited,"commentary,reaction,compilation,review","social_commentary,product_review"
27026,"Mar 6, 2024, 8:36:22 PM PST",Technology,"informative,trending,educational,viral,mature","studio_quality,edited,professional","guide,review,compilation,highlights,analysis,showcase,podcast,stream_highlights","educational,analysis,social_commentary"
27441,"Mar 1, 2024, 11:08:17 AM PST",Entertainment,"trending,viral,entertaining,informative,mature,controversial,educational,family_friendly","professional,high_production,animated,edited","reaction,compilation,guide,highlights,showcase,commentary,interview,analysis,tutorial","storytelling,skill_development,educational,entertainment,news,promotional,analysis,social_commentary"
27442,"Mar 1, 2024, 11:08:16 AM PST",Comedy,"entertaining,trending,informative,viral,controversial,family_friendly,educational,clickbait,mature","animated,edited","compilation,reaction,showcase,commentary,guide,highlights,analysis,review","storytelling,entertainment,promotional,educational,analysis"
27027,"Mar 6, 2024, 8:35:45 PM PST",Education,"trending,educational,entertaining,viral,informative",edited,"showcase,stream_highlights,guide,highlights,compilation","educational,storytelling,entertainment"
27443,"Mar 1, 2024, 11:08:15 AM PST",Entertainment,"trending,informative,entertaining,mature,viral,educational,family_friendly,controversial","professional,edited,animated","guide,reaction,showcase,highlights,commentary,compilation,analysis,interview,review","storytelling,educational,entertainment,analysis,skill_development,news"
27444,"Mar 1, 2024, 11:08:11 AM PST",Music,"trending,mature,entertaining,informative","professional,edited","showcase,highlights,guide",entertainment
27028,"Mar 6, 2024, 8:35:28 PM PST",Comedy,"trending,entertaining,viral,controversial","animated,edited","commentary,reaction","entertainment,storytelling,promotional"
27445,"Mar 1, 2024, 11:08:09 AM PST",Entertainment,"trending,entertaining,viral,informative,mature,controversial,educational,family_friendly","animated,professional,edited","reaction,guide,showcase,commentary,highlights,compilation,review,analysis,documentary","storytelling,entertainment,social_commentary,educational,promotional,skill_development,analysis,news"
27029,"Mar 6, 2024, 8:34:28 PM PST",Comedy,"entertaining,controversial,trending,viral,informative",edited,"reaction,commentary,review,showcase,compilation,highlights,guide,analysis","entertainment,storytelling,news,analysis"
27446,"Mar 1, 2024, 11:08:08 AM PST",Music,"trending,mature,entertaining,informative,viral,controversial,educational","professional,edited,animated,high_production","reaction,guide,highlights,showcase,compilation,commentary,analysis","entertainment,educational,skill_development,analysis,promotional,news,storytelling"
27030,"Mar 6, 2024, 8:34:17 PM PST",Shorts,"trending,family_friendly,informative,entertaining,viral,educational","edited,amateur,professional,animated","reaction,guide,commentary,podcast,tutorial,review,compilation","storytelling,promotional,skill_development,entertainment,educational,social_commentary"
27447,"Mar 1, 2024, 10:47:20 AM PST",Music,"trending,entertaining,informative,viral,mature,controversial,family_friendly,educational","professional,animated","compilation,showcase,guide,reaction,highlights,commentary","entertainment,storytelling,educational,promotional"
27031,"Mar 6, 2024, 12:41:37 PM PST",Entertainment,"trending,mature,entertaining,viral,informative,controversial,educational,family_friendly","professional,animated,high_production,edited","reaction,guide,highlights,showcase,compilation,commentary,analysis,documentary","storytelling,educational,entertainment,skill_development,analysis,promotional"
27448,"Mar 1, 2024, 9:17:00 AM PST",Gaming,"trending,viral,entertaining,informative,clickbait","animated,edited,professional","showcase,compilation,guide,reaction,commentary","entertainment,storytelling,promotional"
27032,"Mar 6, 2024, 12:38:48 PM PST",Comedy,"trending,entertaining,informative,viral,mature,controversial,educational,family_friendly","professional,animated","compilation,reaction,showcase,guide,highlights,commentary,documentary,analysis","storytelling,entertainment,educational,promotional,analysis"
27449,"Mar 1, 2024, 8:40:17 AM PST",Shorts,"trending,viral,informative,controversial,entertaining,educational","animated,edited","commentary,showcase,analysis,reaction","educational,news,promotional,entertainment,storytelling,skill_development,analysis"
27033,"Mar 6, 2024, 12:34:23 PM PST",Entertainment,"trending,entertaining,informative,mature,viral,controversial,family_friendly,educational","animated,edited,professional","reaction,guide,commentary,compilation,showcase,highlights,analysis","storytelling,entertainment,educational,promotional,analysis"
27450,"Mar 1, 2024, 8:39:46 AM PST",Reviews,"informative,trending,entertaining,mature,viral,educational","edited,professional","compilation,showcase,highlights,stream_highlights","educational,promotional"
27034,Maroon 5 - Topic,Music,"trending,entertaining,viral,informative,controversial","high_production,edited","compilation,showcase,reaction,highlights,guide,stream_highlights","entertainment,storytelling,promotional"
27451,"Mar 1, 2024, 8:39:10 AM PST",Reviews,"controversial,trending,viral","edited,studio_quality,animated","reaction,commentary,podcast,stream_highlights",social_commentary
27035,"Mar 6, 2024, 12:34:12 PM PST",Music,"trending,entertaining,viral,informative,mature,controversial,family_friendly","amateur,animated,edited,high_production","reaction,showcase,compilation,highlights,commentary,guide,analysis","entertainment,storytelling,promotional,analysis"
27452,"Mar 1, 2024, 8:38:55 AM PST",Entertainment,"trending,viral,informative,entertaining,mature,educational,controversial","animated,professional,live_recording,edited","guide,compilation,commentary,reaction,analysis,showcase","storytelling,promotional,news,analysis,entertainment,educational"
27036,"Mar 6, 2024, 12:34:11 PM PST",Music,"mature,trending,informative,entertaining,educational",professional,"guide,showcase,highlights","educational,skill_development"
27453,"Mar 1, 2024, 8:37:55 AM PST",Technology,"informative,trending,controversial,educational,viral,entertaining","professional,edited","guide,analysis,compilation,review,documentary,showcase","storytelling,educational,analysis,promotional,news"
27037,"Mar 6, 2024, 12:34:10 PM PST",Reviews,"trending,informative,mature,controversial,viral,entertaining","high_production,edited,professional,studio_quality","compilation,commentary,reaction,showcase,guide,review,highlights,analysis,stream_highlights,interview","news,analysis,promotional,product_review,social_commentary,skill_development"
27454,"Mar 1, 2024, 8:37:24 AM PST",Entertainment,"entertaining,trending,viral,mature","professional,high_production,edited,animated,studio_quality","compilation,showcase,commentary,stream_highlights,highlights,podcast,guide,review","entertainment,social_commentary,product_review,personal_vlog,promotional,skill_development,storytelling"
27038,"Mar 6, 2024, 12:34:08 PM PST",Entertainment,"trending,entertaining,informative,mature,viral,controversial,educational","professional,high_production,edited,animated","showcase,highlights,commentary,reaction,guide,compilation","entertainment,promotional,storytelling,educational"
27455,"Mar 1, 2024, 8:36:32 AM PST",Technology,"controversial,trending,entertaining,viral,informative,educational","high_production,professional","showcase,highlights,guide,tutorial","news,promotional,educational"
27039,"Mar 6, 2024, 12:34:04 PM PST",Music,"trending,informative,entertaining,mature,viral,educational",professional,"showcase,highlights,guide,reaction,compilation,commentary,review,analysis,documentary,tutorial","storytelling,entertainment,educational,promotional,news,analysis"
27456,"Mar 1, 2024, 8:36:05 AM PST",Comedy,"entertaining,viral,trending,informative","high_production,live_recording,professional","showcase,highlights,documentary,compilation,guide,stream_highlights","entertainment,news,storytelling"
27040,"Mar 6, 2024, 12:30:19 PM PST",Entertainment,"trending,controversial,entertaining,informative,mature,viral,educational","professional,animated,edited,high_production","reaction,guide,showcase,highlights,commentary,compilation,analysis","storytelling,skill_development,entertainment,educational,analysis"
27457,"Mar 1, 2024, 8:35:12 AM PST",Technology,"informative,trending,controversial,educational",edited,"compilation,showcase,commentary,review,guide","skill_development,educational"
27041,"Mar 6, 2024, 12:30:18 PM PST",Reviews,"trending,informative,mature,entertaining,viral,controversial,family_friendly","edited,high_production,studio_quality","compilation,guide,reaction,showcase,stream_highlights,commentary,review,analysis,walkthrough","product_review,skill_development,social_commentary,personal_vlog,analysis"
27458,"Mar 1, 2024, 8:34:43 AM PST",Reviews,"trending,viral,informative,entertaining,educational,mature,controversial","professional,high_production,animated,edited","interview,showcase,guide,review,compilation,highlights,commentary,reaction","promotional,news,educational"
27042,"Mar 6, 2024, 12:30:17 PM PST",Shorts,"trending,controversial,viral","edited,raw_footage","reaction,commentary,compilation",social_commentary
27459,"Mar 1, 2024, 8:33:45 AM PST",Shorts,"entertaining,trending,controversial,viral,clickbait","edited,animated","commentary,reaction,review,compilation,analysis,podcast,showcase","entertainment,social_commentary,analysis,storytelling,promotional,skill_development,news"
27043,"Mar 6, 2024, 12:30:15 PM PST",Entertainment,"trending,informative,entertaining,viral,educational,family_friendly,controversial","edited,high_production,animated","showcase,guide,highlights,reaction,compilation,commentary","educational,entertainment"
27460,"Mar 1, 2024, 8:33:40 AM PST",Shorts,"trending,educational,informative,viral,entertaining,controversial",edited,"compilation,showcase,guide","educational,news,storytelling"
27044,Peaches (feat. Anne-Marie),Entertainment,"entertaining,trending,informative,viral,family_friendly,mature,educational,controversial","animated,high_production,edited,professional","showcase,compilation,podcast,highlights,guide,stream_highlights,review,reaction","entertainment,storytelling,educational,promotional,skill_development"
27461,"Mar 1, 2024, 8:33:19 AM PST",News,"trending,viral,controversial,informative,entertaining,clickbait","high_production,live_recording,edited,raw_footage,animated,studio_quality","reaction,highlights,showcase,commentary,stream_highlights,review,analysis,guide,compilation","news,social_commentary,analysis,storytelling"
27045,"Mar 6, 2024, 12:28:01 PM PST",Tutorial,"trending,informative,entertaining,family_friendly,viral","edited,high_production","showcase,guide,highlights,compilation",
27046,"Mar 6, 2024, 12:25:23 PM PST",Entertainment,"trending,entertaining,informative,viral,family_friendly,mature,educational,controversial","edited,professional,high_production,studio_quality,animated","podcast,compilation,reaction,commentary,interview,showcase,guide,highlights,documentary,analysis,review","storytelling,entertainment,personal_vlog,educational,social_commentary,analysis,skill_development,promotional"
27462,"Mar 1, 2024, 8:31:47 AM PST",Comedy,"entertaining,trending,viral,informative,controversial","animated,edited","commentary,reaction,compilation,showcase,highlights","entertainment,storytelling"
27047,"Mar 6, 2024, 12:25:19 PM PST",Entertainment,"trending,entertaining,informative,viral,mature,controversial,educational,family_friendly","professional,edited,animated","reaction,guide,showcase,highlights,commentary,analysis,compilation,review","storytelling,analysis,entertainment,educational,skill_development,news"
27463,"Mar 1, 2024, 8:31:41 AM PST",Technology,"trending,informative,viral,entertaining","professional,studio_quality,edited","showcase,highlights,review","news,product_review"
27048,"Mar 6, 2024, 12:06:16 PM PST",Entertainment,"trending,entertaining,viral,informative,mature,educational",edited,"reaction,compilation,showcase,highlights,guide,review","entertainment,news,educational"
27464,"Mar 1, 2024, 8:30:46 AM PST",Shorts,"entertaining,trending,viral,informative,controversial,educational",edited,"reaction,stream_highlights,showcase","entertainment,news,educational"
27049,"Mar 6, 2024, 12:02:43 PM PST",Music,"trending,entertaining,informative,viral,mature,family_friendly,controversial,educational","animated,edited,professional","reaction,guide,showcase,highlights,commentary,compilation,podcast,analysis,review,interview","storytelling,entertainment,educational,promotional,analysis,skill_development"
27050,"Mar 6, 2024, 12:02:42 PM PST",Comedy,"trending,viral,entertaining,mature,controversial,informative,family_friendly,educational","animated,edited,studio_quality,high_production,amateur,professional,raw_footage,live_recording","reaction,commentary,compilation,guide,highlights,showcase,podcast,stream_highlights,review,analysis,tutorial,documentary,walkthrough,interview","social_commentary,storytelling,skill_development,product_review,promotional,entertainment,personal_vlog,educational,news,analysis"
27465,"Mar 1, 2024, 8:29:15 AM PST",Tutorial,"trending,viral,family_friendly,entertaining,informative,educational","animated,high_production","compilation,showcase,guide,stream_highlights,commentary,highlights,reaction,tutorial","promotional,social_commentary,educational,entertainment,news,storytelling"
27051,"Mar 6, 2024, 12:02:41 PM PST",Entertainment,"trending,family_friendly,entertaining,viral,informative,educational,controversial","animated,edited,high_production","showcase,reaction,guide,highlights,compilation,commentary","entertainment,storytelling,news,educational,promotional,skill_development"
27052,"Mar 6, 2024, 12:02:39 PM PST",Music,"entertaining,trending,viral,informative,controversial,family_friendly,educational","animated,high_production,professional,edited,studio_quality","reaction,showcase,compilation,highlights,podcast,guide,stream_highlights","entertainment,promotional,skill_development,educational,storytelling,news"
27466,"Mar 1, 2024, 8:28:24 AM PST",Comedy,"trending,entertaining,viral,informative,controversial","high_production,raw_footage","compilation,reaction,showcase,commentary,highlights,guide","entertainment,storytelling"
27053,"Mar 6, 2024, 12:02:39 PM PST",Shorts,"controversial,trending,mature,viral,family_friendly","edited,amateur","reaction,commentary,compilation,podcast",social_commentary
27467,"Mar 1, 2024, 8:27:54 AM PST",Comedy,"controversial,trending,informative,viral,entertaining",,"commentary,reaction,analysis","analysis,social_commentary,news"
27054,"Mar 6, 2024, 12:02:37 PM PST",Comedy,"controversial,viral,informative,trending,mature","amateur,edited,raw_footage","compilation,commentary,reaction,review,analysis,interview,podcast,documentary","storytelling,news,analysis,promotional"
27055,"Mar 6, 2024, 12:02:30 PM PST",Music,"trending,entertaining,family_friendly,viral,informative,mature,controversial,educational",animated,"reaction,compilation,showcase,guide,highlights,commentary","storytelling,entertainment,promotional,educational"
27468,"Mar 1, 2024, 8:26:53 AM PST",Shorts,"trending,entertaining,viral,family_friendly,controversial,informative",edited,"compilation,showcase,highlights,commentary,guide,stream_highlights,reaction,review","entertainment,storytelling,social_commentary"
27056,"Mar 6, 2024, 12:02:29 PM PST",Entertainment,"entertaining,trending,viral,informative,family_friendly,educational,controversial","animated,professional,studio_quality,high_production,edited","guide,compilation,showcase,highlights,commentary,reaction,documentary,tutorial","entertainment,promotional,skill_development,educational,storytelling"
27469,"Mar 1, 2024, 8:25:53 AM PST",Technology,"viral,informative,trending,entertaining,controversial,educational","edited,high_production,professional,studio_quality","showcase,highlights,guide,stream_highlights,review,compilation","news,social_commentary,educational"
27057,Junoon,Entertainment,"trending,entertaining,viral,informative,family_friendly,controversial,educational","amateur,animated,edited,professional,studio_quality,high_production","reaction,compilation,highlights,showcase,guide,commentary,review","skill_development,entertainment,promotional,social_commentary,educational,news,storytelling"
27470,"Mar 1, 2024, 8:25:27 AM PST",Reviews,"mature,informative,trending,educational,viral,entertaining","professional,high_production,studio_quality","guide,showcase,analysis,highlights,compilation,stream_highlights,commentary,review","educational,analysis,news,skill_development,product_review"
27058,"Mar 6, 2024, 12:02:27 PM PST",Entertainment,"trending,informative,mature,entertaining,viral,family_friendly,educational,controversial","edited,studio_quality,high_production,professional,animated,live_recording","reaction,guide,compilation,stream_highlights,podcast,highlights,review,commentary,analysis,showcase,interview,documentary","social_commentary,news,skill_development,product_review,analysis,personal_vlog,storytelling,entertainment,educational,promotional"
27059,"Mar 6, 2024, 12:02:14 PM PST",Reviews,"controversial,trending,viral","edited,high_production","commentary,highlights,reaction,compilation,review",
27471,"Mar 1, 2024, 8:25:25 AM PST",Shorts,"viral,trending,entertaining,informative",animated,"compilation,showcase,commentary","entertainment,promotional,storytelling"
27060,"Mar 6, 2024, 11:59:13 AM PST",Entertainment,"trending,entertaining,informative,mature,viral,controversial,family_friendly,educational,clickbait","professional,animated,edited","reaction,guide,commentary,highlights,showcase,analysis,compilation,review,tutorial","storytelling,entertainment,analysis,educational,skill_development,promotional,news"
27472,"Mar 1, 2024, 8:24:19 AM PST",News,"entertaining,informative,educational,mature,viral,trending,controversial","professional,high_production,studio_quality,edited,animated","guide,highlights,showcase,reaction,stream_highlights,commentary,analysis,compilation,podcast","educational,news,entertainment,skill_development,storytelling,analysis,social_commentary"
27061,"Mar 6, 2024, 11:55:23 AM PST",Entertainment,"trending,entertaining,informative,viral,mature,controversial,educational,family_friendly","professional,edited,animated,high_production","reaction,guide,highlights,showcase,compilation,commentary","entertainment,educational,storytelling,skill_development,promotional"
27473,"Mar 1, 2024, 8:23:23 AM PST",Technology,"controversial,trending,educational,informative","amateur,edited",guide,"news,educational"
27062,"Mar 6, 2024, 11:52:50 AM PST",Comedy,"trending,controversial,viral,entertaining,informative","edited,animated,high_production","reaction,commentary,highlights,compilation,guide,showcase",storytelling
27063,"Mar 6, 2024, 10:08:41 AM PST",Entertainment,"mature,trending,informative,entertaining,viral,family_friendly,educational","studio_quality,high_production,professional,animated,edited,live_recording,raw_footage","reaction,guide,compilation,showcase,podcast,stream_highlights,review,analysis,highlights,commentary,interview,walkthrough","social_commentary,entertainment,analysis,product_review,personal_vlog,storytelling,skill_development,educational,news"
27474,"Mar 1, 2024, 8:22:31 AM PST",Technology,"trending,viral,entertaining,informative,mature","edited,animated","showcase,highlights","news,promotional"
27064,"Mar 6, 2024, 10:08:03 AM PST",Sports,"trending,informative,viral,controversial,entertaining","live_recording,high_production","commentary,reaction,showcase,compilation,stream_highlights,guide,podcast","news,storytelling"
27065,"Mar 6, 2024, 10:07:47 AM PST",Shorts,"trending,entertaining,viral,controversial,informative","studio_quality,animated,edited",showcase,entertainment
27475,"Mar 1, 2024, 8:22:26 AM PST",Shorts,"trending,viral,entertaining,informative,mature,educational","professional,animated,high_production,edited","highlights,showcase,commentary,reaction","entertainment,promotional,news,educational"
27066,"Mar 6, 2024, 10:07:45 AM PST",Technology,"entertaining,trending,controversial,viral,educational,informative","edited,studio_quality,high_production","commentary,reaction,guide,showcase,review","entertainment,educational"
27476,"Marianne Bachmeier  |I did it for you, Anna.""| 4k edit | Mother Of All Queens",Entertainment,"informative,trending,viral,entertaining,mature,controversial,educational,family_friendly","edited,animated,professional,high_production","guide,reaction,showcase,commentary,compilation,analysis,highlights,stream_highlights,interview","storytelling,skill_development,educational,news,analysis,entertainment"
27477,"Mar 1, 2024, 6:11:46 AM PST",Music,"trending,informative,entertaining,mature,viral,educational,controversial,family_friendly","professional,animated,high_production,edited","guide,reaction,showcase,commentary,compilation,highlights,analysis,review,tutorial","storytelling,educational,analysis,entertainment,skill_development,news"
27067,"Mar 6, 2024, 10:07:44 AM PST",Shorts,"entertaining,viral,trending,controversial","edited,amateur","commentary,reaction,compilation","entertainment,social_commentary"
27068,"Mar 6, 2024, 10:07:05 AM PST",Comedy,"entertaining,viral,trending,controversial,informative","animated,high_production,live_recording,studio_quality,raw_footage","compilation,reaction,commentary,podcast,stream_highlights","entertainment,storytelling,social_commentary,personal_vlog,news,skill_development,product_review,promotional"
27478,"Feb 29, 2024, 9:11:04 PM PST",Music,"trending,entertaining,viral,informative,mature","professional,high_production,animated","compilation,showcase,highlights,reaction,guide","promotional,entertainment,storytelling,news"
27069,"Mar 6, 2024, 10:06:13 AM PST",Music,"controversial,trending,informative,entertaining,viral,educational","animated,raw_footage,high_production,edited","reaction,guide,showcase,highlights,interview,commentary,compilation,stream_highlights,review,walkthrough,documentary","news,educational,social_commentary,storytelling,entertainment"
27479,"Feb 29, 2024, 9:07:12 PM PST",Comedy,"entertaining,trending,viral",,"commentary,showcase,highlights,compilation","storytelling,entertainment"
27070,"Mar 6, 2024, 10:05:55 AM PST",Shorts,"trending,viral,controversial,entertaining,informative,clickbait",edited,"reaction,guide","promotional,entertainment,news,storytelling"
27480,"Feb 29, 2024, 9:04:34 PM PST",Comedy,"viral,entertaining,trending,informative,educational,controversial,mature,family_friendly","high_production,professional,animated,edited","showcase,compilation,documentary,highlights,reaction,guide,analysis,tutorial,stream_highlights,review","storytelling,entertainment,educational,promotional,skill_development,analysis"
27071,"Mar 6, 2024, 10:05:53 AM PST",Shorts,"entertaining,trending,viral",edited,"reaction,showcase,highlights,compilation,commentary","entertainment,storytelling,promotional"
27481,"Feb 29, 2024, 9:01:59 PM PST",Music,"trending,viral,entertaining,informative,mature,family_friendly","professional,high_production,studio_quality","showcase,highlights,reaction,guide,compilation","entertainment,storytelling,skill_development,promotional"
27072,"Mar 6, 2024, 10:05:25 AM PST",Gaming,"trending,viral,entertaining,controversial,informative",high_production,"reaction,showcase,highlights,compilation,stream_highlights","entertainment,news"
27482,"Feb 29, 2024, 8:58:05 PM PST",Music,"trending,entertaining,informative,mature,educational,viral,controversial,family_friendly","professional,high_production,studio_quality","podcast,showcase,reaction,highlights,guide,review,analysis,compilation,tutorial","entertainment,storytelling,educational,skill_development,analysis,news,promotional"
27483,"Feb 29, 2024, 8:55:05 PM PST",Music,"trending,entertaining,viral,informative,mature,controversial","professional,animated,high_production,studio_quality","showcase,highlights,reaction","entertainment,storytelling,promotional"
27073,"Mar 6, 2024, 10:05:07 AM PST",Entertainment,"entertaining,viral,trending,informative,mature,controversial,educational","animated,high_production,edited,live_recording,professional","reaction,commentary,showcase,stream_highlights,highlights,analysis,guide,compilation,documentary,review","news,entertainment,storytelling,analysis,social_commentary,skill_development,product_review,educational"
27484,"Feb 29, 2024, 3:55:36 PM PST",Entertainment,"entertaining,trending,informative,mature,viral,family_friendly,educational,controversial","animated,professional,high_production,edited","reaction,showcase,compilation,guide,highlights,commentary,analysis,review","storytelling,entertainment,analysis,promotional,educational,skill_development,news"
27074,"Mar 6, 2024, 10:04:38 AM PST",Entertainment,"entertaining,trending,viral,informative,educational,mature,family_friendly","professional,edited,animated","highlights,guide,showcase,commentary,reaction,analysis","entertainment,educational,news,promotional,storytelling,analysis"
27485,"Feb 29, 2024, 3:50:24 PM PST",Comedy,"entertaining,trending,viral,informative,mature,family_friendly","professional,high_production,edited","commentary,showcase,highlights,compilation,guide,stream_highlights","storytelling,entertainment,promotional"
27486,"Feb 29, 2024, 3:49:58 PM PST",Entertainment,"trending,viral,entertaining,informative",edited,"compilation,showcase,reaction,guide","storytelling,entertainment"
27075,"Mar 6, 2024, 10:04:36 AM PST",Shorts,"trending,controversial","amateur,edited,raw_footage,animated","commentary,reaction",social_commentary
27487,"Feb 29, 2024, 2:41:27 PM PST",Music,"viral,entertaining,trending,informative,mature",high_production,"showcase,compilation,highlights",entertainment
27076,"Mar 6, 2024, 10:04:12 AM PST",Shorts,"trending,viral,controversial,entertaining,informative,clickbait","edited,animated","commentary,reaction,compilation,analysis,showcase,guide,highlights,podcast,review","news,social_commentary,analysis,entertainment,promotional,skill_development"
27488,"Feb 29, 2024, 2:37:26 PM PST",Entertainment,"entertaining,trending,informative,mature,viral,family_friendly,educational,controversial","animated,professional,high_production,edited","reaction,showcase,compilation,guide,highlights,commentary,analysis,review","storytelling,entertainment,analysis,promotional,educational,skill_development,news"
27077,"Mar 6, 2024, 10:03:59 AM PST",Podcast,"trending,viral,controversial,informative",edited,"podcast,reaction,highlights,showcase,commentary,guide",promotional
27489,"Feb 29, 2024, 2:37:16 PM PST",Music,"entertaining,trending,viral,informative,mature,family_friendly,controversial,educational","professional,animated,high_production,edited","podcast,compilation,showcase,highlights,reaction,guide,review,stream_highlights","entertainment,storytelling,promotional,skill_development,educational"
27078,"Mar 6, 2024, 10:03:11 AM PST",Entertainment,"viral,entertaining,trending,informative,educational,mature,controversial,family_friendly","animated,professional,high_production","showcase,reaction,analysis,stream_highlights,documentary,highlights,guide,compilation,review,commentary,interview,tutorial","entertainment,storytelling,educational,analysis,skill_development,social_commentary,promotional,product_review"
27490,"Feb 29, 2024, 2:37:15 PM PST",Sports,"trending,informative,entertaining,viral,controversial,family_friendly,mature","edited,high_production","highlights,compilation,reaction,showcase,guide,review,commentary",
27079,"Mar 6, 2024, 10:02:55 AM PST",Technology,"trending,viral,informative,family_friendly,entertaining,educational","animated,studio_quality,edited","showcase,highlights,guide,stream_highlights","promotional,news,educational"
27491,"Feb 29, 2024, 2:37:14 PM PST",Music,"entertaining,trending,viral,informative,controversial,family_friendly","animated,high_production,edited","compilation,showcase,reaction,highlights,podcast,stream_highlights,review,commentary","entertainment,storytelling,promotional"
27492,"Feb 29, 2024, 2:37:13 PM PST",Entertainment,"clickbait,entertaining,trending,viral,family_friendly","amateur,edited,animated","reaction,compilation,showcase,highlights,stream_highlights,podcast,guide","entertainment,promotional,product_review,news,personal_vlog"
27080,"Mar 6, 2024, 10:02:43 AM PST",Music,"entertaining,trending,viral,informative,controversial","amateur,raw_footage,edited,high_production","stream_highlights,commentary,highlights,showcase,reaction,compilation","entertainment,promotional"
27493,"Feb 29, 2024, 2:37:11 PM PST",Shorts,"trending,informative,entertaining,family_friendly,mature,viral",edited,"guide,highlights,stream_highlights,showcase",
27081,"Mar 6, 2024, 10:02:41 AM PST",Podcast,"controversial,entertaining,trending,informative,educational,viral","studio_quality,edited,high_production","commentary,reaction,podcast,stream_highlights","educational,social_commentary,personal_vlog"
27494,"Feb 29, 2024, 2:37:10 PM PST",Entertainment,"trending,entertaining,informative,viral,family_friendly","high_production,edited","showcase,highlights,compilation,guide,reaction","entertainment,news"
27082,"Mar 6, 2024, 10:01:50 AM PST",Shorts,"viral,entertaining,trending,informative,family_friendly",animated,"compilation,reaction,showcase,guide,highlights,commentary","entertainment,promotional,social_commentary"
27495,"Feb 29, 2024, 2:37:09 PM PST",Reviews,"controversial,trending,viral",edited,"reaction,commentary,highlights","social_commentary,product_review"
27083,"Mar 6, 2024, 10:01:22 AM PST",Shorts,"trending,viral,informative,entertaining,controversial,educational,family_friendly","edited,professional","showcase,compilation,reaction,commentary","news,entertainment,promotional,educational"
27496,"Feb 29, 2024, 2:36:36 PM PST",Technology,"trending,viral,entertaining,informative","high_production,studio_quality,animated,professional","highlights,compilation,showcase,stream_highlights,podcast,interview,analysis","news,personal_vlog,product_review,social_commentary,skill_development,analysis"
27084,"Mar 6, 2024, 10:00:54 AM PST",News,"trending,viral,informative,family_friendly,educational,mature,entertaining",animated,"showcase,highlights,guide,compilation,stream_highlights,commentary","social_commentary,news,educational,promotional"
27497,"Feb 29, 2024, 2:36:35 PM PST",Entertainment,"trending,informative,entertaining,viral,controversial,educational,mature","professional,edited,studio_quality,high_production,animated","showcase,highlights,guide,compilation,stream_highlights,podcast,review,tutorial","news,entertainment,promotional,educational,skill_development,personal_vlog"
27085,"Mar 6, 2024, 10:00:53 AM PST",Entertainment,"entertaining,trending,viral,informative,mature,controversial,educational","high_production,professional,studio_quality,animated,edited,raw_footage","highlights,stream_highlights,reaction,commentary,podcast,documentary,guide,compilation,analysis","news,entertainment,storytelling,social_commentary,product_review,educational,personal_vlog,analysis"
27498,"Feb 29, 2024, 2:36:34 PM PST",Entertainment,"trending,entertaining,mature,informative,viral,family_friendly,controversial,educational","professional,high_production,animated,edited","reaction,guide,highlights,showcase,compilation,commentary,analysis,tutorial","promotional,storytelling,entertainment,educational,skill_development,analysis"
27086,"Mar 6, 2024, 10:00:34 AM PST",News,"trending,informative,entertaining,viral,controversial,mature","professional,animated,raw_footage,high_production,studio_quality,live_recording","guide,highlights,reaction,stream_highlights,showcase,analysis,commentary,review,documentary,compilation,walkthrough","analysis,news,storytelling,skill_development,social_commentary"
27499,"Feb 29, 2024, 2:36:32 PM PST",Entertainment,"entertaining,trending,viral,informative,controversial,mature","professional,high_production,animated,edited","showcase,reaction,highlights,compilation,commentary,analysis,review,guide,podcast","entertainment,promotional,storytelling,skill_development,analysis,news"
27500,"Feb 29, 2024, 2:35:00 PM PST",Comedy,"trending,controversial,entertaining,informative,viral,mature,family_friendly,educational","animated,edited,professional","reaction,guide,commentary,compilation,analysis","storytelling,analysis,entertainment,skill_development,educational"
27087,"Mar 6, 2024, 9:58:29 AM PST",Technology,"informative,entertaining,trending,controversial,educational","professional,edited","highlights,showcase,guide","news,educational"
27501,"Feb 29, 2024, 2:34:55 PM PST",Entertainment,"trending,informative,entertaining,mature,viral,controversial,family_friendly,educational","edited,professional,high_production,animated,studio_quality","reaction,highlights,showcase,guide,compilation,commentary,review,analysis,stream_highlights,walkthrough","news,skill_development,social_commentary,educational,entertainment,analysis,promotional,product_review,storytelling"
27088,"Mar 6, 2024, 9:57:39 AM PST",Shorts,"trending,viral,informative,entertaining,controversial,clickbait,educational","professional,edited,animated","reaction,guide,showcase","promotional,entertainment,news,educational,storytelling"
27502,"Feb 29, 2024, 2:30:37 PM PST",Entertainment,"trending,entertaining,viral,informative,mature,controversial,educational,family_friendly","professional,animated,high_production,studio_quality,edited","showcase,compilation,reaction,highlights,guide,commentary,documentary,analysis,review","promotional,entertainment,storytelling,educational,analysis"
27089,"Mar 6, 2024, 9:57:08 AM PST",Sports,"trending,entertaining,viral,informative,controversial,educational","animated,professional,high_production,edited","reaction,highlights,commentary,stream_highlights,compilation","entertainment,storytelling,promotional,skill_development,educational,news"
27503,"Feb 29, 2024, 2:30:36 PM PST",Music,"trending,mature,informative,entertaining,viral,controversial,family_friendly,educational","professional,high_production,edited,animated","reaction,guide,showcase,highlights,compilation,commentary,analysis","storytelling,skill_development,entertainment,educational,analysis,promotional"
27090,"Mar 6, 2024, 9:56:08 AM PST",Music,"entertaining,informative,educational,trending,viral","amateur,edited,studio_quality","showcase,podcast,guide,stream_highlights,highlights,tutorial","skill_development,storytelling,entertainment,educational"
27504,"Feb 29, 2024, 2:30:35 PM PST",Tutorial,"controversial,educational,trending,informative,entertaining,viral,mature,family_friendly","edited,animated,studio_quality,raw_footage","commentary,guide,podcast,tutorial,reaction,compilation,walkthrough,documentary,review,analysis,interview","storytelling,social_commentary,educational,entertainment,promotional,analysis,skill_development,personal_vlog,product_review"
27505,"Feb 29, 2024, 2:30:34 PM PST",Reviews,"controversial,viral,entertaining,trending","edited,animated,amateur,studio_quality,raw_footage","reaction,commentary,compilation,podcast,stream_highlights","news,social_commentary,product_review"
27091,"Mar 6, 2024, 9:55:40 AM PST",Entertainment,"viral,trending,entertaining,family_friendly,mature,informative","professional,high_production,studio_quality,animated","reaction,showcase,stream_highlights,highlights,podcast,guide,compilation,review,interview","news,entertainment,skill_development,promotional,social_commentary,storytelling"
27506,"Feb 29, 2024, 2:30:31 PM PST",Entertainment,"entertaining,trending,viral,informative,controversial,family_friendly,educational","high_production,animated,professional","compilation,showcase,reaction,highlights,commentary,guide,analysis,stream_highlights,review","promotional,entertainment,news,storytelling,product_review,educational,analysis"
27092,"Mar 6, 2024, 9:55:38 AM PST",News,"controversial,trending,viral,entertaining,informative","amateur,edited","reaction,commentary,analysis,highlights,compilation,guide","news,analysis,social_commentary"
27507,Rockabye (feat. Sean Paul & Anne-Marie),Music,"entertaining,trending,informative,viral,mature,family_friendly,controversial,educational","animated,professional,edited,high_production","podcast,compilation,showcase,highlights,reaction,review,guide","entertainment,storytelling,skill_development,educational"
27508,"Feb 29, 2024, 2:30:28 PM PST",Entertainment,"trending,mature,informative,entertaining,viral,controversial,educational","edited,professional,high_production","reaction,guide,highlights,compilation,commentary,showcase,analysis","educational,storytelling,skill_development,analysis,entertainment"
27093,"Mar 6, 2024, 9:54:16 AM PST",Shorts,"trending,viral,entertaining,informative,controversial","edited,animated","reaction,commentary,guide,compilation","entertainment,storytelling,news,promotional"
27509,"Feb 29, 2024, 2:30:27 PM PST",Technology,"trending,mature,controversial,entertaining,informative","amateur,raw_footage,professional","guide,highlights,reaction,compilation,analysis,documentary,showcase,review","storytelling,analysis,skill_development"
27510,"Feb 29, 2024, 2:30:26 PM PST",Music,"entertaining,trending,viral,informative,controversial",edited,"compilation,highlights,reaction,showcase","entertainment,promotional"
27094,"Mar 6, 2024, 9:53:58 AM PST",Music,"viral,trending,informative,entertaining,family_friendly,educational","animated,edited,high_production","reaction,compilation,showcase,podcast,highlights,guide,commentary","promotional,entertainment,news,educational"
27511,"Feb 29, 2024, 2:30:25 PM PST",Entertainment,"trending,mature,entertaining,informative,viral,family_friendly,educational,controversial","edited,professional,animated","reaction,showcase,compilation,highlights,guide,commentary,review,analysis,interview","storytelling,educational,entertainment,analysis,skill_development,promotional"
27512,"Feb 29, 2024, 2:30:23 PM PST",Music,"entertaining,informative,trending,viral,family_friendly,educational",,"compilation,podcast,guide,reaction,showcase,highlights","entertainment,educational"
27095,"Mar 6, 2024, 9:52:57 AM PST",Music,"trending,entertaining,viral,informative,controversial",,"showcase,highlights,compilation","entertainment,news,promotional,storytelling"
27513,Maroon 5 - Topic,Entertainment,"trending,entertaining,family_friendly,viral,informative,educational,controversial,mature","edited,high_production,animated","compilation,showcase,commentary,reaction,guide,highlights,podcast,review,interview","promotional,entertainment,storytelling,educational,social_commentary,news"
27096,"Mar 6, 2024, 9:52:43 AM PST",Podcast,"controversial,trending,entertaining,viral,informative","high_production,studio_quality,edited,live_recording,animated,raw_footage","reaction,commentary,podcast,stream_highlights,compilation,highlights,review,showcase,guide,interview,analysis","storytelling,social_commentary,product_review,personal_vlog,news,skill_development,entertainment,analysis"
27514,"Feb 29, 2024, 2:30:20 PM PST",Reviews,"controversial,mature,trending,family_friendly","edited,studio_quality,animated,high_production","guide,reaction,commentary,compilation,podcast,tutorial,review,stream_highlights","social_commentary,personal_vlog,product_review,promotional"
27515,"Feb 29, 2024, 2:30:18 PM PST",Technology,"trending,informative,viral,mature,entertaining","professional,high_production,studio_quality,edited,animated","showcase,compilation,highlights,guide,stream_highlights,analysis,review,podcast","analysis,product_review,skill_development,storytelling"
27097,I need 2 here in India 🫣🇮🇳 What a nice cop tho 🤙🏼 #numberplate #india #police @MarcTravels,News,"trending,entertaining,viral,informative,mature,controversial,educational","professional,edited,animated","commentary,reaction,showcase,stream_highlights,highlights,compilation","social_commentary,news,promotional,educational,entertainment"
27516,"Feb 29, 2024, 2:30:17 PM PST",Podcast,"entertaining,controversial,trending,informative,viral","edited,amateur,studio_quality","commentary,compilation,podcast,reaction","social_commentary,promotional,storytelling"
27098,"Mar 6, 2024, 9:51:52 AM PST",Podcast,"controversial,entertaining,trending,viral,informative,mature","professional,animated,high_production,edited","commentary,reaction,podcast,highlights,interview,compilation,showcase,guide,stream_highlights","storytelling,news,social_commentary,promotional,skill_development"
27517,"Feb 29, 2024, 2:29:41 PM PST",Music,"trending,entertaining,informative,viral,family_friendly,mature,educational,controversial","animated,edited","podcast,guide,reaction,showcase,compilation,highlights,commentary,documentary,tutorial,review,interview","storytelling,promotional,entertainment,educational"
27099,"Mar 6, 2024, 9:51:49 AM PST",Sports,"trending,informative,viral,mature,controversial,entertaining,educational,family_friendly","high_production,professional,studio_quality,animated","guide,reaction,compilation,highlights,showcase,stream_highlights,podcast,review,analysis","promotional,educational,social_commentary,news,personal_vlog,skill_development,analysis,product_review"
27518,"Feb 29, 2024, 2:25:51 PM PST",Tutorial,"mature,informative,educational,trending,entertaining,viral,family_friendly","professional,edited","guide,commentary,highlights,showcase,compilation,analysis,review","educational,skill_development,analysis"
27100,"Mar 6, 2024, 9:51:36 AM PST",Comedy,"entertaining,controversial,trending,viral,informative,educational","studio_quality,raw_footage,edited,animated","reaction,analysis,commentary,guide,podcast,highlights,stream_highlights","social_commentary,analysis,entertainment,news,storytelling,skill_development,product_review,educational,personal_vlog"
27519,"Feb 29, 2024, 2:23:18 PM PST",Comedy,"trending,controversial,viral,entertaining,informative","edited,animated,high_production","reaction,commentary,highlights,compilation,guide,showcase",storytelling
27101,"Mar 6, 2024, 9:51:13 AM PST",Sports,"entertaining,controversial,trending,informative,viral,educational","professional,high_production,animated,edited,raw_footage","showcase,highlights,reaction,guide,analysis,stream_highlights,commentary,review,podcast","entertainment,storytelling,analysis,skill_development,educational"
27520,"Feb 29, 2024, 12:18:27 PM PST",Music,"entertaining,trending,viral,informative,family_friendly,educational,mature","edited,professional","compilation,showcase,reaction,guide,highlights,podcast,commentary,analysis","storytelling,entertainment,educational,analysis,promotional"
27521,"Feb 29, 2024, 12:18:16 PM PST",Comedy,"entertaining,trending,informative,viral,family_friendly,mature,educational,controversial","animated,professional","reaction,guide,commentary,showcase,compilation,highlights,documentary,analysis,review","storytelling,entertainment,promotional,educational,analysis"
27102,"Mar 6, 2024, 9:51:11 AM PST",Gaming,"trending,viral,entertaining,informative,controversial","professional,animated,edited,high_production","stream_highlights,reaction,showcase,highlights,commentary,compilation","promotional,entertainment,news"
27522,"Feb 29, 2024, 12:14:58 PM PST",Entertainment,"trending,entertaining,informative,mature,viral,controversial,family_friendly,educational","professional,edited,animated,high_production","reaction,guide,highlights,showcase,commentary,compilation,analysis","skill_development,storytelling,entertainment,educational,promotional,analysis,news"
27103,"Mar 6, 2024, 9:50:58 AM PST",Tutorial,"informative,trending,educational,entertaining,viral,mature","professional,animated,edited","guide,tutorial,showcase,highlights,compilation,analysis,walkthrough","educational,news,analysis"
27523,"Feb 29, 2024, 12:11:37 PM PST",Entertainment,"trending,entertaining,informative,viral,mature,family_friendly,controversial,educational","animated,professional,edited","compilation,reaction,showcase,guide,commentary,highlights,analysis,review,documentary","storytelling,entertainment,promotional,educational,analysis,news,skill_development"
27524,"Feb 29, 2024, 12:11:35 PM PST",Music,"trending,entertaining,viral,informative,mature,controversial,family_friendly,educational","animated,edited,professional","reaction,compilation,guide,commentary,showcase,highlights,documentary,tutorial,analysis","storytelling,promotional,entertainment,educational,social_commentary,analysis"
27104,"Mar 6, 2024, 9:50:41 AM PST",Technology,"trending,informative,viral,entertaining,mature",professional,"showcase,highlights,guide,stream_highlights","news,product_review,skill_development,promotional"
27525,Janiye x Harleys In Hawaii,Entertainment,"trending,entertaining,viral,informative,family_friendly,educational,mature","high_production,animated,professional","showcase,compilation,highlights,reaction,guide","entertainment,promotional,news,storytelling,educational"
27105,"Mar 6, 2024, 9:49:46 AM PST",Technology,"entertaining,informative,trending,viral,controversial,mature","professional,live_recording,raw_footage,studio_quality,edited,high_production,animated","reaction,stream_highlights,highlights,commentary,guide,showcase,review","news,skill_development,social_commentary"
27526,Tune Mere Jana,Music,"trending,entertaining,informative,viral,mature,family_friendly,educational","professional,edited,animated","podcast,guide,reaction,highlights,tutorial,commentary,compilation","entertainment,storytelling,skill_development,educational"
27106,"Mar 6, 2024, 9:49:28 AM PST",Comedy,"controversial,trending,viral,entertaining","amateur,edited,raw_footage,live_recording","reaction,commentary,highlights,showcase","news,social_commentary,entertainment"
27527,"Feb 29, 2024, 12:04:07 PM PST",Comedy,"trending,entertaining,informative,viral,mature,family_friendly,controversial,educational","animated,edited","reaction,guide,showcase,compilation,highlights,commentary","storytelling,educational,entertainment"
27107,"Mar 6, 2024, 9:48:52 AM PST",Technology,"trending,viral,controversial,entertaining,informative","animated,edited,live_recording","reaction,compilation,showcase,guide,commentary,highlights","entertainment,news"
27528,"Feb 29, 2024, 12:04:05 PM PST",Entertainment,"trending,entertaining,informative,viral,mature,controversial,family_friendly,educational","professional,edited,animated","reaction,guide,showcase,compilation,highlights,commentary,analysis","storytelling,entertainment,promotional,educational,analysis"
27108,"Mar 6, 2024, 9:47:30 AM PST",Technology,"informative,entertaining,controversial",,,entertainment
27529,"Feb 29, 2024, 12:04:00 PM PST",Entertainment,"trending,viral,informative,entertaining","edited,animated,high_production","showcase,highlights,compilation,guide,reaction,review","entertainment,promotional"
27109,"Mar 6, 2024, 9:47:28 AM PST",Technology,"entertaining,informative,trending,viral,educational,mature,controversial","professional,high_production,animated,edited","showcase,highlights,stream_highlights,guide,compilation","news,entertainment,educational,promotional,storytelling,skill_development,social_commentary"
27110,"Mar 6, 2024, 9:47:19 AM PST",Entertainment,"mature,entertaining,trending,informative,viral,educational","professional,high_production,studio_quality,animated,live_recording,edited","showcase,documentary,analysis,stream_highlights,compilation,highlights,reaction,guide,review,commentary","entertainment,storytelling,educational,news,analysis,social_commentary,skill_development,product_review,personal_vlog"
27530,"Feb 29, 2024, 12:02:02 PM PST",Music,"trending,entertaining,viral,informative,family_friendly,controversial,mature","edited,animated","showcase,compilation,reaction,highlights,guide","storytelling,entertainment"
27531,"Feb 29, 2024, 12:02:00 PM PST",Comedy,"family_friendly,entertaining,trending,viral,informative,mature,controversial,educational","animated,professional,edited","reaction,compilation,guide,commentary,showcase,podcast,highlights,review,documentary,analysis,tutorial","storytelling,entertainment,promotional,educational,analysis"
27111,"Mar 6, 2024, 9:46:51 AM PST",Comedy,"entertaining,trending,viral,informative","animated,edited","reaction,commentary,compilation,highlights,showcase","entertainment,news,storytelling,promotional"
27532,"Feb 29, 2024, 12:01:58 PM PST",Comedy,"trending,entertaining,informative,viral,mature,family_friendly,educational,controversial","professional,animated","reaction,compilation,guide,showcase,commentary,highlights,documentary,analysis,tutorial,review","storytelling,entertainment,educational,analysis,promotional"
27112,"Mar 6, 2024, 9:45:58 AM PST",Technology,"educational,trending,viral,informative,entertaining,family_friendly",,"showcase,highlights,guide","educational,promotional"
27533,"Feb 29, 2024, 12:01:56 PM PST",Music,"trending,mature,entertaining,viral,informative,controversial,family_friendly,educational","professional,animated,edited,high_production,studio_quality","reaction,guide,highlights,compilation,showcase,commentary,review","storytelling,entertainment,skill_development,educational,news"
27113,"Mar 6, 2024, 9:45:40 AM PST",Technology,"trending,viral,informative,entertaining,controversial,educational,mature","animated,edited,professional,high_production","guide,reaction,showcase,highlights,compilation","educational,entertainment"
27534,"Feb 29, 2024, 12:01:00 PM PST",Entertainment,"entertaining,trending,viral,informative,controversial","animated,edited","compilation,reaction,highlights,showcase",entertainment
27114,"Mar 6, 2024, 5:37:30 AM PST",Music,"entertaining,trending,informative,viral,educational,family_friendly,controversial",animated,"reaction,commentary,compilation,guide,highlights,showcase","storytelling,entertainment,educational"
27535,"Feb 29, 2024, 11:58:12 AM PST",Music,"entertaining,trending,viral,informative,controversial","edited,animated,professional,high_production","showcase,highlights,compilation",entertainment
27115,"Mar 6, 2024, 5:34:00 AM PST",Music,"trending,entertaining,informative,viral,mature,educational,controversial",animated,"reaction,commentary,compilation,guide,showcase,highlights","storytelling,entertainment,educational"
27536,"Feb 29, 2024, 11:54:28 AM PST",Entertainment,"trending,entertaining,informative,mature,viral,controversial,educational,family_friendly","professional,high_production","reaction,showcase,highlights,guide,commentary,interview,analysis,compilation,review","storytelling,skill_development,educational,analysis,social_commentary,entertainment"
27537,"Feb 29, 2024, 11:52:44 AM PST",Comedy,"trending,entertaining,viral,informative,mature,family_friendly,controversial,educational",animated,"reaction,compilation,guide,commentary,showcase,highlights,analysis,review,tutorial","storytelling,entertainment,educational,promotional,analysis"
27116,"Mar 6, 2024, 5:26:53 AM PST",Music,"informative,trending,mature,viral,educational,entertaining,family_friendly",,"showcase,highlights,guide",educational
27538,"Feb 29, 2024, 11:48:10 AM PST",Entertainment,"trending,entertaining,informative,mature,viral,controversial,educational,family_friendly","professional,animated,edited","reaction,guide,showcase,highlights,compilation,commentary,analysis,documentary,review","storytelling,educational,entertainment,analysis,skill_development"
27117,"Mar 5, 2024, 3:48:38 PM PST",Music,"trending,viral,entertaining,informative,mature,family_friendly","professional,high_production,studio_quality","showcase,highlights,reaction,guide,compilation","entertainment,storytelling,skill_development,promotional"
27539,"Feb 29, 2024, 11:45:29 AM PST",Entertainment,"trending,mature,informative,viral,entertaining,controversial,family_friendly,educational","animated,professional,edited","reaction,guide,compilation,showcase,highlights,commentary,analysis","storytelling,educational,analysis,skill_development,entertainment"
27540,"Feb 29, 2024, 11:40:52 AM PST",Music,"entertaining,informative,viral,trending,educational",animated,"showcase,reaction,compilation,highlights,guide,commentary","storytelling,entertainment,educational"
27118,"Mar 5, 2024, 3:45:23 PM PST",Comedy,"viral,entertaining,trending,informative,educational,controversial,mature,family_friendly","high_production,professional,animated,edited","showcase,compilation,documentary,highlights,reaction,guide,analysis,tutorial,stream_highlights,review","storytelling,entertainment,educational,promotional,skill_development,analysis"
27541,"Feb 29, 2024, 11:40:50 AM PST",Comedy,"trending,entertaining,informative,viral,mature,family_friendly,educational,controversial","professional,animated","reaction,compilation,guide,showcase,commentary,highlights,documentary,analysis,tutorial,review","storytelling,entertainment,educational,analysis,promotional"
27119,"Mar 5, 2024, 3:41:14 PM PST",Music,"entertaining,trending,viral,informative,mature,family_friendly,controversial","animated,edited,professional","compilation,showcase,highlights,podcast,reaction,guide,review","entertainment,storytelling,skill_development"
27542,"Feb 29, 2024, 11:40:49 AM PST",Music,"entertaining,informative,trending,viral,educational,family_friendly",animated,"podcast,reaction,compilation,guide,showcase,commentary,highlights","storytelling,entertainment,promotional,educational"
27120,"Mar 5, 2024, 3:38:00 PM PST",Music,"trending,entertaining,viral,informative,mature,controversial","professional,animated,high_production,studio_quality","showcase,highlights,reaction","entertainment,storytelling,promotional"
27543,"Feb 29, 2024, 11:40:48 AM PST",Technology,"trending,entertaining,viral,controversial,family_friendly,informative,mature","raw_footage,edited,amateur","reaction,guide,commentary,showcase,highlights,podcast,compilation,documentary,analysis,review","news,skill_development,storytelling,entertainment,analysis,social_commentary"
27121,"Mar 5, 2024, 3:34:04 PM PST",Entertainment,"trending,entertaining,informative,family_friendly,viral,educational",,"compilation,podcast,reaction,commentary,showcase,guide","storytelling,news,entertainment,educational,social_commentary"
27544,"Feb 29, 2024, 11:40:47 AM PST",Comedy,"trending,entertaining,viral,controversial,informative,mature,family_friendly,educational","animated,professional,edited","reaction,commentary,guide,compilation,showcase,highlights,analysis","storytelling,entertainment,promotional,analysis,educational"
27122,"Mar 5, 2024, 3:10:31 PM PST",Music,"trending,entertaining,viral,informative,mature,controversial,educational","professional,animated,edited,high_production","reaction,showcase,highlights,guide,compilation","entertainment,educational,promotional,news,storytelling"
27545,"Feb 29, 2024, 11:34:36 AM PST",Entertainment,"trending,entertaining,informative,viral,educational,mature,family_friendly,controversial","edited,animated,high_production,professional","compilation,showcase,reaction,highlights,documentary","storytelling,entertainment,educational"
27123,"Mar 5, 2024, 3:09:12 PM PST",Entertainment,"trending,informative,entertaining,viral,mature,controversial,educational,family_friendly","professional,edited,animated","guide,reaction,showcase,compilation,highlights,commentary,analysis","storytelling,educational,entertainment,analysis"
27546,"Feb 29, 2024, 11:31:36 AM PST",Comedy,"trending,entertaining,informative,viral,mature,educational,controversial,family_friendly","professional,edited","showcase,guide,highlights,reaction,compilation,commentary,documentary,analysis,review","storytelling,educational,entertainment,analysis,skill_development"
27124,"Mar 5, 2024, 3:09:11 PM PST",Entertainment,"trending,mature,viral,entertaining,informative,controversial,family_friendly,educational","edited,professional,animated","reaction,compilation,guide,highlights,commentary,showcase,analysis,review","news,storytelling,skill_development,educational,analysis,entertainment"
27547,"Feb 29, 2024, 11:31:35 AM PST",Entertainment,"trending,entertaining,informative,viral,mature,controversial,family_friendly,educational","edited,professional,animated","reaction,showcase,highlights,guide,compilation,commentary","entertainment,educational,storytelling,promotional"
27125,"Mar 5, 2024, 3:09:09 PM PST",Comedy,"controversial,trending,entertaining,viral,informative",edited,"reaction,commentary,compilation,highlights","entertainment,storytelling"
27548,"Feb 29, 2024, 11:31:34 AM PST",Entertainment,"trending,entertaining,informative,viral,controversial,mature",edited,"reaction,highlights,showcase,guide,compilation,commentary",entertainment
27126,"Mar 5, 2024, 3:05:38 PM PST",Entertainment,"trending,entertaining,informative,viral,mature,educational,family_friendly,controversial","professional,animated,edited","reaction,guide,showcase,compilation,highlights,commentary,analysis,tutorial","storytelling,entertainment,educational,promotional,analysis"
27549,"Feb 29, 2024, 11:29:45 AM PST",Comedy,"trending,mature,entertaining,informative,viral,family_friendly,controversial,educational","professional,high_production,animated,edited","reaction,compilation,guide,showcase,highlights,commentary,analysis,tutorial,documentary","storytelling,skill_development,entertainment,educational,promotional,analysis,news"
27127,"Mar 5, 2024, 3:05:01 PM PST",Sports,"trending,informative,entertaining,mature,viral,controversial,educational","professional,edited,animated","reaction,highlights,guide,showcase,commentary,compilation,analysis","analysis,educational,news,storytelling"
27550,"Feb 29, 2024, 11:25:51 AM PST",Music,"trending,entertaining,mature,informative,viral,controversial,family_friendly,educational","animated,edited,professional,high_production","reaction,commentary,guide,compilation,highlights,showcase","storytelling,educational,entertainment,skill_development,social_commentary"
27128,"Mar 5, 2024, 3:01:36 PM PST",Music,"entertaining,trending,informative,family_friendly,viral,mature,controversial","professional,edited","compilation,showcase,guide,highlights",entertainment
27551,"Feb 29, 2024, 11:25:50 AM PST",Music,"trending,entertaining,informative,viral,mature,family_friendly,educational,controversial","animated,high_production,professional,edited","reaction,guide,commentary,showcase,highlights,compilation,tutorial,analysis,review","storytelling,entertainment,promotional,educational,skill_development,analysis"
27129,"Mar 5, 2024, 2:59:16 PM PST",Music,"trending,entertaining,informative,viral,mature,controversial,family_friendly,educational","animated,professional","reaction,guide,compilation,showcase,commentary,highlights,analysis,review,tutorial","storytelling,entertainment,educational,analysis,promotional"
27552,"Feb 29, 2024, 11:25:45 AM PST",Music,"entertaining,informative,trending,viral,educational,family_friendly,mature",animated,"compilation,reaction,guide,commentary,showcase,highlights","storytelling,entertainment,educational"
27130,"Mar 5, 2024, 2:39:29 PM PST",Music,"trending,entertaining,informative,mature,viral,controversial,family_friendly,educational","animated,professional,high_production,edited","reaction,compilation,guide,showcase,highlights,commentary","entertainment,storytelling,promotional,educational"
27553,"Feb 29, 2024, 11:21:21 AM PST",Entertainment,"trending,entertaining,informative,mature,viral,controversial,family_friendly,educational","animated,edited,professional","reaction,guide,commentary,compilation,showcase,highlights,analysis","storytelling,entertainment,educational,promotional,analysis"
27131,"Mar 5, 2024, 2:39:28 PM PST",Entertainment,"trending,viral,informative,entertaining,mature,controversial,educational,family_friendly","animated,edited,professional","reaction,compilation,commentary,guide,showcase,highlights,analysis,documentary,review","storytelling,promotional,educational,entertainment,analysis"
27554,"Feb 29, 2024, 11:21:19 AM PST",Comedy,"entertaining,informative,trending,educational,viral,mature,family_friendly",,"guide,showcase,highlights,reaction,compilation,commentary","storytelling,entertainment,educational"
27132,"Mar 5, 2024, 2:39:26 PM PST",Music,"trending,entertaining,informative,viral,mature,family_friendly,educational,controversial","animated,professional","reaction,compilation,showcase,guide,commentary,highlights,analysis,review,documentary,tutorial","storytelling,entertainment,analysis,educational,promotional,skill_development"
27555,"Feb 29, 2024, 9:51:46 AM PST",Comedy,"trending,entertaining,informative,mature,viral,controversial,educational,family_friendly","professional,animated,edited","guide,reaction,commentary,compilation,showcase,highlights,tutorial,analysis","storytelling,educational,promotional,entertainment,analysis"
27133,"Mar 5, 2024, 2:39:25 PM PST",Entertainment,"viral,trending,entertaining,informative,clickbait","animated,edited,high_production","reaction,showcase,highlights,compilation,analysis,commentary","promotional,news,storytelling,entertainment,analysis"
27556,"Feb 29, 2024, 9:49:05 AM PST",Entertainment,"trending,entertaining,informative,viral,mature,family_friendly,educational,controversial","professional,edited,animated","showcase,compilation,reaction,guide,highlights,analysis","storytelling,entertainment,promotional,educational,analysis"
27134,Iqlipse Nova - Topic,Entertainment,"trending,mature,informative,entertaining,viral,controversial,educational,family_friendly","professional,high_production,edited,animated","guide,reaction,commentary,showcase,highlights,compilation,analysis,review,tutorial","storytelling,educational,skill_development,analysis,promotional,news,entertainment"
27557,"Feb 29, 2024, 9:44:00 AM PST",Entertainment,"trending,entertaining,viral,informative,mature,educational,family_friendly,controversial","professional,edited,animated,high_production","reaction,showcase,interview,guide,highlights,compilation,commentary,review,analysis,stream_highlights,documentary","storytelling,educational,skill_development,entertainment,news,analysis,social_commentary,promotional"
27135,"Mar 5, 2024, 2:39:22 PM PST",Comedy,"trending,entertaining,viral,informative,family_friendly,educational,mature,controversial","animated,professional","reaction,compilation,commentary,guide,showcase,podcast,highlights,documentary,review,tutorial,analysis","storytelling,entertainment,promotional,educational,analysis,skill_development"
27558,"Feb 29, 2024, 9:40:46 AM PST",Technology,"controversial,trending,entertaining,mature",edited,"showcase,reaction,guide,highlights,commentary",
27136,"Mar 5, 2024, 2:37:35 PM PST",Music,"trending,informative,entertaining,mature,viral,controversial","edited,professional,studio_quality","highlights,showcase,guide,compilation",entertainment
27559,"Feb 29, 2024, 9:37:50 AM PST",Entertainment,"trending,entertaining,informative,viral,mature,educational,family_friendly,controversial","professional,animated,edited","guide,showcase,reaction,highlights,commentary,compilation,interview,analysis,review","storytelling,entertainment,educational,skill_development,promotional,analysis,news"
27137,"Mar 5, 2024, 2:32:53 PM PST",Comedy,"entertaining,trending,informative,viral,family_friendly,mature,educational,controversial","animated,professional","reaction,compilation,guide,commentary,showcase,highlights,documentary,review,analysis","storytelling,promotional,entertainment,educational,analysis"
27560,"Feb 29, 2024, 9:37:49 AM PST",Entertainment,"trending,viral,entertaining,informative,mature,family_friendly,educational,controversial","edited,animated","reaction,guide,highlights,showcase,compilation,commentary","educational,storytelling,entertainment,promotional"
27138,"Mar 5, 2024, 2:30:14 PM PST",Comedy,"trending,entertaining,controversial,viral,informative,mature,educational","animated,professional,high_production,edited","reaction,highlights,showcase,guide,interview,compilation,analysis","skill_development,entertainment,storytelling,news,analysis,educational"
27561,"Feb 29, 2024, 9:37:48 AM PST",Entertainment,"trending,viral,entertaining,informative,controversial,mature",edited,"reaction,showcase,guide,compilation,commentary,highlights,analysis,review","storytelling,analysis,entertainment"
27139,"Mar 5, 2024, 2:30:06 PM PST",Comedy,"trending,entertaining,informative,viral,mature,family_friendly,educational,controversial","animated,professional","reaction,compilation,guide,commentary,showcase,highlights","storytelling,entertainment,promotional,educational"
27562,"Feb 29, 2024, 9:37:05 AM PST",Entertainment,"entertaining,trending,viral,informative,family_friendly,mature,educational,controversial","animated,professional,edited","reaction,compilation,showcase,commentary,guide,highlights,analysis","storytelling,entertainment,promotional,educational,skill_development,analysis"
27140,"Mar 5, 2024, 2:30:04 PM PST",Music,"trending,entertaining,viral,informative,mature,controversial,family_friendly","amateur,animated,edited,high_production","reaction,showcase,compilation,highlights,commentary,guide,analysis","entertainment,storytelling,promotional,analysis"
27563,"Feb 29, 2024, 9:33:28 AM PST",Gaming,"trending,viral,entertaining,informative,controversial,mature,family_friendly,educational","edited,professional,animated,high_production","guide,reaction,compilation,highlights,commentary,showcase,review,analysis","entertainment,promotional,storytelling,educational,news,skill_development,analysis"
27141,"Mar 5, 2024, 2:30:02 PM PST",Music,"entertaining,trending,informative,viral,family_friendly,mature,controversial,educational","animated,professional,edited","reaction,showcase,guide,highlights,compilation,commentary,tutorial","entertainment,storytelling,skill_development,educational"
27564,"Feb 29, 2024, 9:29:34 AM PST",Comedy,"trending,entertaining,family_friendly,informative,viral,mature,educational,controversial","animated,professional,edited,high_production","reaction,highlights,commentary,compilation,guide,showcase","entertainment,storytelling,promotional,educational,skill_development"
27565,"Feb 29, 2024, 9:25:05 AM PST",Comedy,"trending,entertaining,informative,viral,mature,family_friendly,controversial,educational","animated,professional","compilation,reaction,commentary,guide,showcase,highlights,analysis,review,tutorial,documentary","storytelling,promotional,entertainment,educational,analysis,skill_development"
27142,"Mar 5, 2024, 2:27:03 PM PST",Music,"trending,controversial,viral",edited,"reaction,showcase,commentary,compilation",storytelling
27143,"Mar 5, 2024, 2:23:10 PM PST",Entertainment,"trending,viral,entertaining,informative,mature,controversial,family_friendly","animated,professional,edited,high_production","reaction,compilation,guide,showcase,highlights,commentary","storytelling,promotional,entertainment,skill_development"
27566,"Feb 29, 2024, 9:25:04 AM PST",Music,"trending,entertaining,informative,mature,viral,family_friendly,educational,controversial","professional,animated,edited","reaction,guide,showcase,highlights,commentary,compilation,analysis,review,documentary","storytelling,entertainment,educational,analysis,promotional,skill_development"
27567,"Feb 29, 2024, 9:25:03 AM PST",Entertainment,"entertaining,informative,trending,viral",animated,"showcase,compilation,reaction,highlights,commentary,guide","storytelling,entertainment"
27144,"Mar 5, 2024, 2:19:33 PM PST",Music,"trending,entertaining,informative,viral,mature,family_friendly,educational,controversial","edited,animated,professional","compilation,showcase,reaction,guide,commentary,highlights,analysis,podcast,review","storytelling,entertainment,promotional,analysis,skill_development,educational"
27568,"Feb 29, 2024, 9:23:23 AM PST",Comedy,"trending,entertaining,informative,viral,family_friendly,mature,educational,controversial","animated,professional","compilation,reaction,commentary,guide,showcase,highlights,analysis,documentary,review,tutorial,podcast","storytelling,entertainment,promotional,educational,analysis"
27145,"Mar 5, 2024, 2:14:13 PM PST",Music,"trending,entertaining,viral,informative,mature,controversial,family_friendly","amateur,animated,edited,high_production","reaction,showcase,compilation,highlights,commentary,guide,analysis","entertainment,storytelling,promotional,analysis"
27569,"Feb 29, 2024, 9:19:39 AM PST",Entertainment,"trending,entertaining,viral,informative,controversial,mature,clickbait,educational,family_friendly","animated,professional,high_production,edited","reaction,highlights,guide,showcase,commentary,compilation,analysis,review","storytelling,entertainment,analysis,promotional,news,educational,skill_development"
27146,O Haseena Zulfonwale Jane Jahan Afro Trap,Comedy,"controversial,entertaining,trending,viral,informative,clickbait","animated,edited","commentary,reaction,compilation,guide,highlights,showcase,podcast,analysis","storytelling,entertainment,social_commentary,analysis"
27570,"Feb 29, 2024, 9:16:01 AM PST",Tutorial,"trending,mature,informative,viral,controversial,entertaining","edited,professional,high_production","reaction,guide,highlights,compilation,commentary,showcase,review",skill_development
27147,"Mar 5, 2024, 2:06:22 PM PST",Entertainment,"entertaining,trending,informative,viral,educational,controversial",animated,"compilation,commentary,guide,reaction,showcase,highlights","storytelling,entertainment,educational"
27571,"Feb 29, 2024, 9:15:56 AM PST",Entertainment,"entertaining,trending,viral,informative,controversial,family_friendly,mature,educational","animated,professional,high_production,edited","reaction,showcase,guide,highlights,compilation,podcast,commentary,analysis","storytelling,entertainment,skill_development,educational,analysis"
27148,"Mar 5, 2024, 2:03:38 PM PST",Music,"entertaining,trending,informative,viral,family_friendly,educational,controversial","professional,high_production,edited","showcase,compilation,highlights,guide,reaction","entertainment,educational,storytelling"
27572,"Feb 29, 2024, 9:15:07 AM PST",Music,"trending,entertaining,informative,mature,viral",edited,"showcase,highlights,guide,compilation",entertainment
27149,"Mar 5, 2024, 2:00:59 PM PST",Music,"trending,viral,informative,entertaining,mature,family_friendly",edited,"showcase,compilation,guide,highlights",
27150,"Mar 5, 2024, 1:58:18 PM PST",Comedy,"trending,entertaining,informative,viral,controversial,mature",animated,"reaction,compilation,showcase,guide,commentary,analysis,highlights","storytelling,entertainment,analysis"
27573,"Avicii, Dua Lipa, Coldplay, Martin Garrix & Kygo, The Chainsmokers Cover -   Summer Vibes",Music,"entertaining,trending,viral,informative,family_friendly","high_production,edited","compilation,showcase,highlights,guide,stream_highlights,reaction,review","entertainment,promotional"
27151,"Mar 5, 2024, 1:55:42 PM PST",Reviews,"family_friendly,trending,mature,entertaining,educational","edited,studio_quality,amateur,professional","compilation,guide,reaction,commentary,podcast,stream_highlights,review,highlights,showcase,interview,analysis,tutorial,walkthrough","social_commentary,product_review,skill_development,personal_vlog,analysis,storytelling,entertainment,promotional,educational"
27574,"Feb 29, 2024, 7:41:58 AM PST",Comedy,"trending,informative,entertaining,mature,viral,controversial,educational,family_friendly","animated,professional,high_production","reaction,compilation,review,commentary,guide,showcase,highlights,analysis,documentary,tutorial","storytelling,educational,entertainment,promotional,analysis,social_commentary"
27152,"Mar 5, 2024, 1:53:09 PM PST",Music,"entertaining,trending,informative,family_friendly,viral,mature,educational","professional,high_production","showcase,highlights,compilation,guide","promotional,entertainment,storytelling,educational"
27153,"Mar 5, 2024, 12:16:12 PM PST",Comedy,"trending,entertaining,viral,informative,mature,family_friendly,clickbait,controversial,educational","animated,professional,high_production,edited","reaction,guide,compilation,highlights,showcase,commentary,podcast,tutorial,analysis","entertainment,storytelling,promotional,educational,skill_development,analysis"
27575,"Feb 29, 2024, 7:41:36 AM PST",Music,"trending,controversial,entertaining,viral,informative","edited,professional","compilation,showcase,commentary,reaction,guide,analysis","entertainment,promotional,news,analysis"
27154,"Mar 5, 2024, 12:12:10 PM PST",Entertainment,"entertaining,trending,informative,mature,viral,family_friendly,educational,controversial","animated,professional,high_production,edited","reaction,showcase,compilation,guide,highlights,commentary,analysis,review","storytelling,entertainment,analysis,promotional,educational,skill_development,news"
27155,"Mar 5, 2024, 12:12:09 PM PST",Entertainment,"trending,informative,entertaining,mature,viral,educational,controversial,family_friendly","professional,animated","analysis,showcase,guide,reaction,highlights,commentary,compilation,review","entertainment,analysis,educational,storytelling"
27156,"Mar 5, 2024, 9:33:27 AM PST",Music,"trending,entertaining,viral,informative,controversial,mature,family_friendly","professional,animated,high_production","reaction,showcase,highlights,guide,compilation","entertainment,storytelling"
27157,"Mar 5, 2024, 9:29:19 AM PST",Music,"trending,entertaining,viral,informative,mature,educational,controversial","professional,animated,high_production,studio_quality","reaction,showcase,review,analysis,highlights,guide,compilation","entertainment,storytelling,educational,analysis,skill_development"
27158,"Mar 5, 2024, 9:25:13 AM PST",Music,"trending,entertaining,informative,mature,educational,viral,controversial,family_friendly","professional,high_production,studio_quality","podcast,showcase,reaction,highlights,guide,review,analysis,compilation,tutorial","entertainment,storytelling,educational,skill_development,analysis,news,promotional"
27159,"Mar 4, 2024, 9:04:46 PM PST",Music,"entertaining,trending,viral,informative,family_friendly,mature,educational","high_production,professional,studio_quality","compilation,showcase,guide,reaction,highlights,stream_highlights,analysis,review","entertainment,analysis,storytelling,educational,news"
