23416,Porter Robinson - Cheerleader (Official Music Video),"Apr 20, 2024, 7:22:53 PM PST",Entertainment,,POSITIVE,0.9944370985031128,reaction,entertainment,"professional,informative,funny,dramatic",0.980226457118988
24248,The Real Life John Wick (@airsoft_vibez),"Apr 10, 2024, 7:09:58 AM PST",Entertainment,,POSITIVE,0.8671923279762268,unknown,information,"dramatic,informative,professional,serious,funny",0.03729027137160301
23832,Illenium - Awake 1.0 Intro (Hans Zimmer x Crawl Outta Love VIP),"Apr 15, 2024, 10:38:36 PM PST",Music,Music Mix,NEGATIVE,0.9156324863433838,unknown,unknown,,0.9964072108268738
23417,Plage Coquillage First kiss song (Unofficial Instrumental),"Apr 20, 2024, 7:19:15 PM PST",Music,Behind the Scenes,NEGATIVE,0.8298286199569702,unknown,unknown,,0.9908784031867981
23833,JVKE - this is what winter feels like (slowed + reverb),"Apr 15, 2024, 10:34:56 PM PST",Podcast,,NEGATIVE,0.9671118259429932,commentary,information,"dramatic,informative,serious,personal,funny",0.08008109778165817
24249,Chris Kyle Recalls How It Felt To Be a Sniper 🤯 #marine #army #chriskyle,"Apr 10, 2024, 7:08:56 AM PST",Podcast,,NEGATIVE,0.9899146556854248,reaction,storytelling,"personal,funny,informative,dramatic,serious",0.9390437006950378
23418,Akhiyaan Gulaab,"Apr 20, 2024, 5:35:59 PM PST",Comedy,,NEGATIVE,0.8898099064826965,reaction,information,"informative,dramatic,funny,serious,professional,casual,personal",0.6217514276504517
23834,Plage Coquillage (First Kiss Song).,"Apr 15, 2024, 10:31:45 PM PST",Music,Official Music Video,NEGATIVE,0.7566701769828796,unknown,unknown,,0.7930206060409546
24250,The dog protected the girl from the horse😱 #movie #series,"Apr 10, 2024, 7:07:55 AM PST",Entertainment,,NEGATIVE,0.9416429400444031,reaction,storytelling,"funny,dramatic,informative,serious",0.9178419709205627
23419,Makhna,"Apr 20, 2024, 5:35:38 PM PST",Music,Official Music Video,NEGATIVE,0.8818078637123108,unknown,unknown,,0.36648210883140564
23835,Porter Robinson - Cheerleader (Official Music Video),"Apr 15, 2024, 10:27:31 PM PST",Entertainment,,POSITIVE,0.9944370985031128,reaction,entertainment,"professional,informative,funny,dramatic",0.980226457118988
24251,How TO Master Your Movement,"Apr 10, 2024, 7:07:12 AM PST",Tutorial,,POSITIVE,0.9997920393943787,tutorial,information,"informative,professional,serious,dramatic",0.9281066060066223
23420,Aajkal Tere Mere Pyar Ke Charche,"Apr 20, 2024, 5:32:32 PM PST",Comedy,,POSITIVE,0.5723615288734436,reaction,storytelling,"informative,dramatic,funny,serious,casual,personal,professional",0.8736332654953003
23836,Plage Coquillage First kiss song (Unofficial Instrumental),"Apr 15, 2024, 10:24:18 PM PST",Music,Behind the Scenes,NEGATIVE,0.8298286199569702,unknown,unknown,,0.9908784031867981
24252,5 Insane Clove Mechanics!,"Apr 10, 2024, 7:03:50 AM PST",Entertainment,,NEGATIVE,0.9767938852310181,news,entertainment,"dramatic,funny,serious,informative",0.025085754692554474
23421,Alag Aasmaan,"Apr 20, 2024, 5:28:58 PM PST",Entertainment,,NEGATIVE,0.916412353515625,reaction,information,"dramatic,informative,serious,funny,professional",0.35124173760414124
24253,The Best Things to Recycle Full Guide Last Day on Earth Survival,"Apr 10, 2024, 6:55:34 AM PST",Technology,,POSITIVE,0.9991284012794495,guide,information,"serious,informative,dramatic",0.022166473791003227
23422,Chaleya,"Apr 20, 2024, 5:25:39 PM PST",Entertainment,,POSITIVE,0.9423848986625671,reaction,information,"dramatic,informative,serious,personal,professional,funny,casual",0.5083066821098328
23837,CLEARING ARENA & WAITING FOR NEW UPDATE... - Last Day on Earth: Survival - LIVESTREAM,"Apr 15, 2024, 9:16:31 PM PST",Technology,,POSITIVE,0.8838838934898376,reaction,information,"dramatic,serious,informative,professional",0.022063083946704865
23423,Ve Kamleya - Asees Version,"Apr 20, 2024, 5:22:38 PM PST",Entertainment,,NEGATIVE,0.9643954634666443,reaction,information,"informative,dramatic,serious,funny,professional",0.35543447732925415
24254,My Free to Play Daily Routine Breakdown! - EP 30 - Free to Play [Last Day on Earth],"Apr 10, 2024, 6:50:46 AM PST",Music,Official Music Video,NEGATIVE,0.9633453488349915,unknown,unknown,,0.4994216561317444
23838,When a Sage Main tries Raze… #valorant,"Apr 15, 2024, 6:10:51 PM PST",Technology,,NEGATIVE,0.986706554889679,reaction,information,"dramatic,informative,professional,serious,funny,personal",0.3535395860671997
24255,"Apna Bana Le (From ""Bhediya"")","Apr 10, 2024, 6:31:29 AM PST",Comedy,,NEGATIVE,0.9769564270973206,reaction,storytelling,"funny,dramatic,informative,serious,casual",0.5790274739265442
23839,He Wanted To Fight Me For Speaking English,"Apr 15, 2024, 6:10:20 PM PST",Reviews,,NEGATIVE,0.9876822829246521,reaction,information,"serious,personal,dramatic,funny,informative",0.09169668704271317
23424,Syko - Brooklyn Blood Pop (Instrumental / Monsieur Zy Remix) [NCS Fanmade],"Apr 20, 2024, 5:17:58 PM PST",Music,Music Mix,NEGATIVE,0.9727221727371216,unknown,unknown,,0.9929378032684326
24256,"Bana Sharabi (From ""Govinda Naam Mera"")","Apr 10, 2024, 6:27:41 AM PST",Comedy,,NEGATIVE,0.9964119791984558,guide,storytelling,"dramatic,informative,funny,serious,casual",0.7262305617332458
23840,1 | TWD #shorts,"Apr 15, 2024, 6:08:55 PM PST",Shorts,,NEGATIVE,0.9919869899749756,reaction,storytelling,"casual,dramatic,funny,informative",0.996442973613739
23425,Zinda,"Apr 20, 2024, 4:57:51 PM PST",Entertainment,,POSITIVE,0.9982751607894897,reaction,information,"dramatic,informative,funny,serious,casual,professional,personal",0.4323456883430481
24257,Uff Teri Adaa,"Apr 10, 2024, 6:22:37 AM PST",Comedy,,NEGATIVE,0.9922505021095276,reaction,information,"dramatic,funny,serious,informative,casual,professional,personal",0.5957857966423035
23841,Hacking an iPhone… #technology,"Apr 15, 2024, 6:08:01 PM PST",Technology,,NEGATIVE,0.9810815453529358,news,information,"dramatic,informative,serious,funny",0.9980250000953674
23426,Pani Da Rang (Male Vocals),"Apr 20, 2024, 4:53:48 PM PST",Music,Official Music Video,POSITIVE,0.9664331674575806,unknown,unknown,,0.889103353023529
23842,Goofy ahh phone💀💀💀,"Apr 15, 2024, 6:07:45 PM PST",Comedy,,NEGATIVE,0.943854808807373,reaction,comedy,"funny,dramatic,casual",0.9898298382759094
24258,Hona Tha Pyar,"Apr 10, 2024, 6:18:57 AM PST",Music,Official Music Video,POSITIVE,0.5846976637840271,unknown,unknown,,0.853040874004364
23427,Manja,"Apr 20, 2024, 4:53:31 PM PST",Entertainment,,POSITIVE,0.9856367111206055,reaction,information,"dramatic,serious,informative,personal,professional,funny",0.342624694108963
23843,Using a dumb phone for a month,"Apr 15, 2024, 6:07:42 PM PST",Technology,,NEGATIVE,0.9993141889572144,reaction,entertainment,"funny,dramatic,informative,casual,personal,serious",0.7928420305252075
24259,Tum Se,"Apr 10, 2024, 6:14:33 AM PST",Entertainment,,NEGATIVE,0.9600706696510315,reaction,information,"dramatic,informative,serious,funny,casual,personal,professional",0.4372269809246063
23428,Dil Dhadakne Do,"Apr 20, 2024, 4:46:02 PM PST",Comedy,,POSITIVE,0.8149248957633972,reaction,comedy,"dramatic,informative,funny,serious,casual,professional",0.925157904624939
23844,Nokia 3310 destruction test | nokia 3310 durability test #shorts,"Apr 15, 2024, 6:06:08 PM PST",Shorts,,NEGATIVE,0.9986861348152161,news,information,"dramatic,informative,funny,casual,serious",0.98826664686203
24260,Leja (Acoustic),"Apr 10, 2024, 6:11:40 AM PST",Music,Behind the Scenes,POSITIVE,0.9557334184646606,unknown,unknown,,0.7915531992912292
23429,ILAHI,"Apr 20, 2024, 4:42:13 PM PST",Entertainment,,POSITIVE,0.9892643094062805,reaction,information,"dramatic,serious,personal,informative,professional,funny,casual",0.37830689549446106
23845,The NASTIEST Phone EVER! 🤮 #Shorts,"Apr 15, 2024, 6:05:42 PM PST",Technology,,NEGATIVE,0.9984742999076843,commentary,storytelling,"funny,dramatic,informative",0.9427462220191956
23430,Choo Lo,"Apr 20, 2024, 4:38:19 PM PST",Comedy,,NEGATIVE,0.6109905242919922,reaction,entertainment,"dramatic,casual,informative,funny,professional,serious,personal",0.8899376392364502
24261,Tu Jaana Na Piya,"Apr 10, 2024, 6:10:06 AM PST",Music,Official Music Video,NEGATIVE,0.9391582012176514,unknown,unknown,,0.7787927985191345
23431,Phir Se Ud Chala,"Apr 20, 2024, 4:38:18 PM PST",Comedy,,NEGATIVE,0.6933549642562866,reaction,storytelling,"dramatic,informative,serious,funny,casual,personal,professional",0.8816737532615662
24262,Saiyaan Dil Main,"Apr 10, 2024, 6:06:47 AM PST",Comedy,,POSITIVE,0.9202283024787903,reaction,comedy,"informative,dramatic,funny,serious,casual,professional,personal",0.9248210191726685
23846,"My finger hurts so much, oh my god 😭 #youtubeshorts #makeup #sfx #sfx_makeup #foryou #art #shorts","Apr 15, 2024, 6:05:10 PM PST",Shorts,,NEGATIVE,0.999239444732666,news,entertainment,"dramatic,personal",0.9427148699760437
24263,Ve Kamleya - Lofi,"Apr 10, 2024, 6:02:41 AM PST",Comedy,,POSITIVE,0.6348210573196411,reaction,information,"dramatic,informative,serious,funny,professional,casual",0.7151395678520203
23432,MAAHI VE,"Apr 20, 2024, 4:38:16 PM PST",Music,Lyric Video,POSITIVE,0.915395975112915,unknown,unknown,,0.9834460616111755
23847,https://www.youtube.com/watch?v=ZuYQTQ5CTec,"Apr 15, 2024, 6:04:46 PM PST",Technology,,NEGATIVE,0.9562975764274597,reaction,information,"informative,funny,dramatic,serious,professional",0.8031537532806396
24264,"Gallan (From ""Teri Baaton Mein Aisa Uljha Jiya"")","Apr 10, 2024, 6:02:11 AM PST",Comedy,,NEGATIVE,0.9860243201255798,reaction,storytelling,"funny,dramatic,informative,serious,casual",0.7618719935417175
23433,Laaree Chootee,"Apr 20, 2024, 4:38:03 PM PST",Music,Official Music Video,NEGATIVE,0.9852235317230225,unknown,unknown,,0.9618505239486694
23848,Your Phone Linging (Yo Phone Lingin) - Funny Asian Ringtones,"Apr 15, 2024, 6:04:25 PM PST",Comedy,,POSITIVE,0.9715037941932678,reaction,comedy,"funny,dramatic,informative",0.9971680045127869
23434,Nadaan Parinde,"Apr 20, 2024, 4:31:39 PM PST",Entertainment,,POSITIVE,0.9493699073791504,guide,information,"informative,personal,professional,dramatic,serious,funny,casual",0.5034443140029907
24265,Marham (Pehle Bhi Main),Marham (Pehle Bhi Main),Music,Official Music Video,NEGATIVE,0.9141127467155457,unknown,unknown,,0.8884375095367432
23849,https://www.youtube.com/watch?v=xGNYRN83elM,"Apr 15, 2024, 6:04:02 PM PST",Entertainment,,NEGATIVE,0.9467010498046875,reaction,information,"informative,funny,dramatic,serious,professional",0.7599477171897888
23435,"Ishq Mitaye (From ""Amar Singh Chamkila"")","Apr 20, 2024, 4:22:22 PM PST",Comedy,,NEGATIVE,0.6274942755699158,guide,storytelling,"informative,dramatic,funny,serious,professional",0.644418478012085
24266,Yaara Teri Yaari,"Apr 10, 2024, 5:56:33 AM PST",Comedy,,NEGATIVE,0.6418483853340149,reaction,storytelling,"dramatic,informative,funny,casual,serious,professional,personal",0.6238744258880615
23436,Case,"Apr 20, 2024, 4:20:07 PM PST",Entertainment,,NEGATIVE,0.565010666847229,guide,information,"serious,informative,dramatic,professional,funny,personal",0.5136414170265198
23850,David Guetta Feat. Akon - Sexy Chick (Official Video),"Apr 15, 2024, 2:28:43 PM PST",Music,Official Music Video,POSITIVE,0.997208297252655,unknown,unknown,,0.9980551600456238
24267,Jhoom (R & B Mix),"Apr 10, 2024, 5:51:33 AM PST",Music,Music Mix,POSITIVE,0.98939448595047,unknown,unknown,,0.9930509924888611
23437,Hass Hass,"Apr 20, 2024, 4:17:35 PM PST",Comedy,,POSITIVE,0.948603093624115,reaction,information,"dramatic,serious,informative,funny,personal",0.412345826625824
23851,Parshawan,"Apr 15, 2024, 2:09:05 PM PST",Entertainment,,POSITIVE,0.9480096101760864,reaction,information,"dramatic,informative,serious,professional,funny,personal,casual",0.3012816309928894
24268,Tu hai kahan,"Apr 10, 2024, 5:47:10 AM PST",Comedy,,POSITIVE,0.9945993423461914,reaction,information,"dramatic,funny,informative,serious,casual,personal,professional",0.7617990970611572
23438,Born to Shine,"Apr 20, 2024, 4:14:02 PM PST",Entertainment,,POSITIVE,0.9998064637184143,news,entertainment,"dramatic,informative,professional,funny,personal,serious",0.9795485734939575
23852,Axwell /\ Ingrosso - More Than You Know,"Apr 15, 2024, 2:07:18 PM PST",Music,Behind the Scenes,POSITIVE,0.5980165004730225,unknown,unknown,,0.9926137328147888
24269,Is This Love (Lofi Mix),"Apr 10, 2024, 5:42:58 AM PST",Music,Behind the Scenes,POSITIVE,0.9993263483047485,unknown,unknown,,0.9303882122039795
23439,"Naina (From ""Crew"")","Apr 20, 2024, 4:11:01 PM PST",Comedy,,POSITIVE,0.9692043662071228,reaction,information,"informative,dramatic,professional,funny,serious",0.08875665813684464
24270,Heer Aasmani,"Apr 10, 2024, 5:39:34 AM PST",Entertainment,,POSITIVE,0.5878885388374329,reaction,information,"dramatic,informative,serious,funny,professional",0.2237914800643921
23853,"Ye Kya Hua(From""Broken But Beautiful"")By Shreya Ghoshal | Dev Negi","Apr 15, 2024, 2:06:36 PM PST",Comedy,,POSITIVE,0.9929884076118469,commentary,storytelling,"informative,funny,dramatic",0.4724169373512268
23440,Lemonade,"Apr 20, 2024, 4:10:45 PM PST",Entertainment,,POSITIVE,0.9937170743942261,reaction,entertainment,"informative,dramatic,funny,casual",0.2873764932155609
24271,Alfaazo,"Apr 10, 2024, 5:35:37 AM PST",Entertainment,,POSITIVE,0.9930729269981384,reaction,information,"dramatic,serious,informative,funny,professional",0.3688122630119324
23854,Naseeb Se,"Apr 15, 2024, 2:04:22 PM PST",Entertainment,,POSITIVE,0.9614176154136658,reaction,information,"dramatic,informative,serious,funny,professional,casual,personal",0.5251047611236572
23441,Mel Gel,"Apr 20, 2024, 4:10:16 PM PST",Entertainment,,NEGATIVE,0.8611170649528503,reaction,information,"professional,informative,funny,dramatic,serious,personal,casual",0.737551748752594
24272,Lutt Putt Gaya,"Apr 10, 2024, 5:32:35 AM PST",Sports,,NEGATIVE,0.994986891746521,gameplay,information,"informative,dramatic,professional,funny,serious,casual",0.9884828925132751
23855,"Tu Hai Kahaan (From ""Do Aur Do Pyaar"")","Apr 15, 2024, 2:00:43 PM PST",Comedy,,POSITIVE,0.8874549269676208,reaction,storytelling,"funny,informative,dramatic,serious",0.8041398525238037
23442,Do You Know,"Apr 20, 2024, 4:06:43 PM PST",Podcast,,POSITIVE,0.987357497215271,commentary,information,"informative,serious,dramatic,professional,funny",0.3822307288646698
24273,Ve Haaniyaan,"Apr 10, 2024, 5:28:35 AM PST",Comedy,,POSITIVE,0.9583518505096436,reaction,comedy,"dramatic,funny,informative,serious,personal,professional,casual",0.4851796627044678
23856,Ve Haaniya,"Apr 15, 2024, 1:58:23 PM PST",Comedy,,POSITIVE,0.9782962799072266,reaction,information,"dramatic,informative,funny,serious,professional,casual,personal",0.5075448155403137
23443,Clash,"Apr 20, 2024, 4:06:20 PM PST",Technology,,NEGATIVE,0.9968634843826294,reaction,unknown,"dramatic,serious,informative,funny,personal",0.06637750566005707
24274,Best rewards supply event! #shorts #ldoe,"Apr 10, 2024, 12:13:11 AM PST",Shorts,,POSITIVE,0.9788176417350769,news,entertainment,"informative,funny,dramatic,professional",0.9603268504142761
23857,Naina Da Kya Kasoor (Electronic),"Apr 15, 2024, 1:57:43 PM PST",Entertainment,,POSITIVE,0.7099775671958923,gameplay,entertainment,"dramatic,informative,professional,casual,funny,serious",0.9973829388618469
23444,Saroor,"Apr 20, 2024, 4:05:54 PM PST",Entertainment,,POSITIVE,0.7978540062904358,reaction,information,"dramatic,informative,serious,personal,funny,professional,casual",0.6335003972053528
23858,Mulaqat,"Apr 15, 2024, 1:53:36 PM PST",Entertainment,,NEGATIVE,0.9301766157150269,reaction,information,"dramatic,informative,serious,professional,funny,casual,personal",0.41506144404411316
24275,I FINALLY GOT THE FINAL REWARD! (limited time event) - Last Day on Earth: Survival,"Apr 9, 2024, 11:40:28 PM PST",Gaming,Gameplay,POSITIVE,0.9989726543426514,news,storytelling,"dramatic,serious,informative,personal,funny",0.10066186636686325
23445,G.O.A.T.,"Apr 20, 2024, 4:01:44 PM PST",Gaming,Gameplay,NEGATIVE,0.9680759906768799,reaction,information,"informative,funny,serious,dramatic,professional",0.7498732805252075
23859,Tu Aake Dekhle,"Apr 15, 2024, 1:53:35 PM PST",Comedy,,POSITIVE,0.852859616279602,guide,information,"dramatic,informative,serious,funny,professional,casual,personal",0.5763012766838074
24276,ADVANCED MODIFICATION GUIDE! (Best Mods) - Last Day on Earth: Survival,"Apr 9, 2024, 11:39:57 PM PST",Technology,,POSITIVE,0.9966030120849609,guide,information,"informative,serious,dramatic,professional",0.17793430387973785
23446,In Heat x BrooklynBloodPop! Instrumental,"Apr 20, 2024, 3:30:06 PM PST",Music,Music Mix,POSITIVE,0.9802877902984619,unknown,unknown,,0.9965409636497498
23860,Admirin' You (feat. Preston Pablo),"Apr 15, 2024, 1:53:21 PM PST",Music,Music Mix,POSITIVE,0.9998805522918701,unknown,unknown,,0.9955257177352905
24277,I TRIED HUNTING THE BIG ONE! (I found 2) - Last Day on Earth: Survival,"Apr 9, 2024, 11:39:38 PM PST",Sports,,POSITIVE,0.5408292412757874,gameplay,information,"dramatic,serious,informative,personal,funny",0.015332636423408985
23447,Cute Depressed X Lovely Bastards LONGER VERSION (Remix by Chrabi),"Apr 20, 2024, 3:27:10 PM PST",Music,Music Mix,NEGATIVE,0.9858328104019165,unknown,unknown,,0.863619863986969
23861,Allah De Bandeya,"Apr 15, 2024, 1:50:12 PM PST",Entertainment,,NEGATIVE,0.5508825182914734,guide,information,"informative,serious,dramatic,funny",0.05410002917051315
24278,King x Nick Jonas - Maan Meri Jaan (Afterlife) [Official Video],"Apr 9, 2024, 8:57:40 PM PST",Music,Official Music Video,POSITIVE,0.8751393556594849,unknown,unknown,,0.9966831803321838
23448,How to set up your Echo Dot 3rd Gen | Amazon Echo,"Apr 20, 2024, 2:48:58 PM PST",Tutorial,,NEGATIVE,0.9919005632400513,guide,information,"informative,professional,serious,dramatic",0.9885146617889404
23862,Jalsa,"Apr 15, 2024, 1:44:19 PM PST",Music,Official Music Video,NEGATIVE,0.948445737361908,unknown,unknown,,0.8578954339027405
23449,https://www.youtube.com/watch?v=fn3ldZ5xSZI,"Apr 20, 2024, 2:25:22 PM PST",Entertainment,,NEGATIVE,0.9481996893882751,reaction,information,"informative,funny,dramatic,serious,professional",0.7539448738098145
23863,Sadqay,"Apr 15, 2024, 1:41:45 PM PST",Entertainment,,NEGATIVE,0.9332277774810791,reaction,information,"dramatic,serious,personal,informative,funny,casual",0.18493470549583435
24279,King - Tu Aake Dekhle | The Carnival | The Last Ride | Prod. by Shahbeatz | Latest Hit Songs 2020,"Apr 9, 2024, 8:51:12 PM PST",Music,Music Mix,POSITIVE,0.9236475825309753,unknown,unknown,,0.9938241839408875
23450,3 Hour Lofi Music 🌃 Lofi In City Mix [ Beats To Study / Relax To ],"Apr 20, 2024, 1:25:51 PM PST",Music,Music Mix,POSITIVE,0.9693016409873962,unknown,unknown,,0.9943332076072693
23864,Chidiya,"Apr 15, 2024, 1:37:32 PM PST",Comedy,,POSITIVE,0.9942217469215393,reaction,information,"dramatic,personal,serious,informative,professional,funny,casual",0.5324720740318298
24280,Ritviz - Jeet [Official Music Video],"Apr 9, 2024, 5:43:14 PM PST",Music,Official Music Video,POSITIVE,0.7974329590797424,unknown,unknown,,0.9936003684997559
23865,Oh Oh Jane Jaana,Oh Oh Jane Jaana,Comedy,,POSITIVE,0.8623636364936829,reaction,comedy,"dramatic,funny,informative,personal,serious",0.7887648940086365
23451,Frozy & Joyful - bounce (I just wanna dance) (smooth 1h loop),"Apr 20, 2024, 12:16:44 PM PST",Entertainment,,POSITIVE,0.999233603477478,guide,entertainment,"casual,personal,funny",0.9354779720306396
23866,"Main Nikla Gaddi Leke (From ""Gadar 2"")","Apr 15, 2024, 1:37:23 PM PST",Entertainment,,NEGATIVE,0.938710629940033,guide,storytelling,"dramatic,informative,funny,serious",0.5691766142845154
24281,Ritviz - Sage [Official Music Video],"Apr 9, 2024, 5:39:08 PM PST",Music,Official Music Video,POSITIVE,0.8518282771110535,unknown,unknown,,0.9865063428878784
23452,CUTE DEPRESSED,"Apr 20, 2024, 12:15:00 PM PST",Reviews,,POSITIVE,0.9633811712265015,reaction,analysis,"informative,dramatic,funny,personal",0.1675107479095459
23867,O Maahi,"Apr 15, 2024, 1:33:29 PM PST",Music,Official Music Video,POSITIVE,0.988103449344635,unknown,unknown,,0.5492512583732605
24282,Ritviz - Liggi [Official Music Video],"Apr 9, 2024, 5:35:56 PM PST",Music,Official Music Video,NEGATIVE,0.6218842267990112,unknown,unknown,,0.9880975484848022
23868,Kut Kut Bajra,"Apr 15, 2024, 1:30:54 PM PST",Music,Official Music Video,NEGATIVE,0.972617506980896,unknown,unknown,,0.7996718287467957
23453,"Saathiya Full Song | Vivek Oberoi, Rani Mukerji | Sonu Nigam | A R Rahman | Gulzar | Saathiya Song","Apr 20, 2024, 12:11:09 PM PST",Music,Official Music Video,POSITIVE,0.9983246922492981,unknown,unknown,,0.9982678294181824
23869,Zaalim,"Apr 15, 2024, 1:28:05 PM PST",Entertainment,,NEGATIVE,0.9534792900085449,reaction,information,"dramatic,serious,informative,professional,funny,personal",0.30363619327545166
24283,AUR - TU HAI KAHAN - Raffey - Usama - Ahad (Official Music Video),"Apr 9, 2024, 5:31:31 PM PST",Music,Official Music Video,POSITIVE,0.5889829993247986,unknown,unknown,,0.9973847270011902
23870,Yimmy Yimmy,"Apr 15, 2024, 1:24:29 PM PST",Comedy,,NEGATIVE,0.8764539361000061,reaction,comedy,"funny,dramatic,informative,personal,casual",0.846782386302948
23454,"Aaj Kal Zindagi Full Video - Wake Up Sid|Ranbir Kapoor, Konkona Sen|Shankar Mahadevan","Apr 20, 2024, 12:06:59 PM PST",Entertainment,,POSITIVE,0.9914787411689758,reaction,entertainment,"informative,dramatic,funny,serious,professional",0.8243725895881653
24284,Ye hai Modern Zamana 💸👮‍♂️ #LLAShorts 890,"Apr 9, 2024, 5:30:37 PM PST",Shorts,,NEGATIVE,0.9467012286186218,commentary,comedy,"funny,professional,informative,dramatic,casual,serious",0.9231162667274475
23871,Heeriye (feat. Arijit Singh),"Apr 15, 2024, 1:21:14 PM PST",Music,Music Mix,POSITIVE,0.9265515804290771,unknown,unknown,,0.9949590563774109
23872,Kho Gaye,"Apr 15, 2024, 1:21:11 PM PST",Comedy,,POSITIVE,0.9518161416053772,reaction,information,"dramatic,informative,serious,funny,personal,casual,professional",0.8566923141479492
23455,"Need You To Stay | EOTY Melodic Mix (Ft. ILLENIUM, Last Heroes, William Black & Friends) By TZUNAAMI","Apr 20, 2024, 12:06:49 PM PST",Music,Music Mix,POSITIVE,0.9870080351829529,unknown,unknown,,0.9949743151664734
24285,omen funny 1v5 ace lol Komik ㅋㅋㅋㅋ 面白い kekw #valorant #valorantfunny,"Apr 9, 2024, 5:30:36 PM PST",Comedy,,POSITIVE,0.8502534031867981,gameplay,comedy,"funny,informative,dramatic",0.9502109289169312
23873,Mere Ghar Ram Aaye Hain,"Apr 15, 2024, 1:19:28 PM PST",Comedy,,NEGATIVE,0.9687303304672241,reaction,storytelling,"funny,informative,casual,dramatic,serious,personal,professional",0.8573362231254578
24286,How Much Money Did My Coke Vending Machine Make In 4 Days?!,"Apr 9, 2024, 5:30:35 PM PST",Technology,,NEGATIVE,0.9991514682769775,news,information,"funny,dramatic,serious,informative,personal,professional",0.9442026615142822
23456,https://www.youtube.com/watch?v=4fmiAmoiE4M,"Apr 20, 2024, 11:59:05 AM PST",Entertainment,,NEGATIVE,0.966079592704773,reaction,information,"informative,funny,dramatic,serious,professional",0.7579159140586853
23874,Phoebe Ryan - Mine (Illenium Remix),"Apr 15, 2024, 12:07:12 PM PST",Music,Music Mix,NEGATIVE,0.9334700703620911,unknown,unknown,,0.9971413612365723
23457,Cheerleader,"Apr 20, 2024, 11:55:03 AM PST",Entertainment,,POSITIVE,0.994051992893219,reaction,entertainment,"professional,informative,funny,dramatic",0.9290924072265625
24287,The best examples of teamwork I’ve ever seen 🔥,"Apr 9, 2024, 5:30:17 PM PST",Gaming,Stream Highlights,POSITIVE,0.9998213648796082,guide,unknown,"professional,dramatic,informative,serious",0.18407024443149567
23875,Sher Khul Gaye,"Apr 15, 2024, 11:27:39 AM PST",Comedy,,POSITIVE,0.9954407215118408,guide,storytelling,"dramatic,serious,informative,professional,personal,funny",0.6621577143669128
23876,Porter Robinson - Sad Machine (slowed to perfection + reverb),"Apr 15, 2024, 11:23:23 AM PST",Music,Cover Song,NEGATIVE,0.9920825958251953,unknown,unknown,,0.9626768827438354
23458,CHOPPER TRICK STILL WORKS IN UPDATE 1.22.0 FARM AND Police Department Last Day on Earth,"Apr 20, 2024, 11:45:58 AM PST",News,,NEGATIVE,0.9449930787086487,news,information,"informative,funny",0.15777501463890076
24288,How do you view the self-defense effectiveness of a short stick? #kungfu #boxing #bjj #tomcruise,"Apr 9, 2024, 5:30:15 PM PST",Sports,,NEGATIVE,0.9915438890457153,commentary,information,"informative,serious,personal,dramatic,funny",0.9109371900558472
23877,MITRAZ - Akhiyaan (Official Music Video),"Apr 15, 2024, 11:12:31 AM PST",Music,Official Music Video,POSITIVE,0.9222614765167236,unknown,unknown,,0.9962985515594482
24289,Eternity 🔴 Massano Remix,"Apr 9, 2024, 5:30:14 PM PST",Music,Music Mix,POSITIVE,0.9522439241409302,unknown,unknown,,0.931074321269989
23459,CHOPPER TRICK STILL WORKS IN UPDATE 1.23.0? 3 SECRET CHANGES,"Apr 20, 2024, 11:37:26 AM PST",Technology,,NEGATIVE,0.9058994650840759,news,information,"informative,funny,serious",0.45545494556427
24290,The SADDEST moment of my LIFE...,"Apr 9, 2024, 5:30:12 PM PST",Reviews,,NEGATIVE,0.9994837045669556,reaction,information,"personal,dramatic,serious",0.09098168462514877
23878,"VØJ, Narvent - Memory Reboot (4K Music Video)","Apr 15, 2024, 11:07:55 AM PST",Music,Official Music Video,NEGATIVE,0.9937934875488281,unknown,unknown,,0.9975586533546448
23460,The Chainsmokers - Closer (Lyric) ft. Halsey,"Apr 20, 2024, 11:34:46 AM PST",Music,Lyric Video,POSITIVE,0.9978051781654358,unknown,unknown,,0.9972360730171204
24291,A few great survival uses for a pencil sharpener,"Apr 9, 2024, 5:30:09 PM PST",Reviews,,POSITIVE,0.997316300868988,unknown,unknown,informative,0.020445557311177254
23879,"Phir Aur Kya Chahiye (From ""Zara Hatke Zara Bachke"")","Apr 15, 2024, 6:44:33 AM PST",Comedy,,NEGATIVE,0.8682019710540771,reaction,storytelling,"funny,informative,dramatic,serious",0.9539317488670349
23461,Gym Class Heroes: Stereo Hearts ft. Adam Levine [OFFICIAL VIDEO],"Apr 20, 2024, 11:31:08 AM PST",Music,Official Music Video,POSITIVE,0.9316705465316772,unknown,unknown,,0.6481160521507263
23880,Tu hai kahan,"Apr 15, 2024, 6:40:03 AM PST",Comedy,,POSITIVE,0.9945993423461914,reaction,information,"dramatic,funny,informative,serious,casual,personal,professional",0.7617990970611572
23881,Maine Tere Liye,"Apr 15, 2024, 6:37:31 AM PST",Comedy,,POSITIVE,0.6034429669380188,guide,information,"informative,dramatic,serious,funny,professional,casual,personal",0.4531990587711334
24292,What is the BEST distance to peek in CS2?  #cs2 #csgo #tutorial #proplayer #counterstrike #gaming,"Apr 9, 2024, 5:30:08 PM PST",Gaming,Esports,NEGATIVE,0.988235592842102,guide,information,"informative,professional,funny",0.4993119239807129
23462,ROSA WALTON & HALLIE COGGINS - I REALLY WANT TO STAY AT YOUR HOUSE (LYRIC) AMV CYBERPUNK EDGERUNNERS,"Apr 20, 2024, 11:26:59 AM PST",Music,Lyric Video,POSITIVE,0.9969208240509033,unknown,unknown,,0.8867806196212769
23882,Pasoori,"Apr 15, 2024, 6:33:46 AM PST",Entertainment,,NEGATIVE,0.8803595304489136,reaction,information,"informative,dramatic,serious,funny,professional,casual,personal",0.43543756008148193
24293,We Weren't Expecting to Find This Indonesian Rapper In Public🤯 @WillyWinarko,"Apr 9, 2024, 5:30:05 PM PST",Music,Live Performance,NEGATIVE,0.5259442925453186,unknown,unknown,,0.9862100481987
23463,Numb (Official Music Video) [4K UPGRADE] – Linkin Park,"Apr 20, 2024, 11:23:50 AM PST",Music,Official Music Video,NEGATIVE,0.9982829093933105,unknown,unknown,,0.9972855448722839
23883,"What Jhumka ? (From ""Rocky Aur Rani Kii Prem Kahaani"")","Apr 15, 2024, 6:30:13 AM PST",Entertainment,,NEGATIVE,0.997951090335846,reaction,storytelling,"informative,funny,dramatic,serious",0.8204270601272583
24294,How to Cook with Ice 🧊,"Apr 9, 2024, 5:29:06 PM PST",Tutorial,,POSITIVE,0.9864978790283203,tutorial,information,"informative,funny,dramatic,professional,serious",0.8932769894599915
23884,Husn Mashup,"Apr 15, 2024, 6:26:26 AM PST",Entertainment,,NEGATIVE,0.9918544292449951,reaction,comedy,"dramatic,funny,informative",0.7030041813850403
23464,Backstreet Boys - Everybody (Backstreet's Back) (Lyrics),"Apr 20, 2024, 11:18:08 AM PST",Music,Lyric Video,POSITIVE,0.9669131636619568,unknown,unknown,,0.9979388117790222
24295,https://www.youtube.com/watch?v=cIRNUiQBEg8,"Apr 9, 2024, 5:29:05 PM PST",Entertainment,,NEGATIVE,0.9421914219856262,reaction,information,"informative,funny,dramatic,serious,professional",0.7381036877632141
23885,Dil Jhoom,"Apr 15, 2024, 6:23:19 AM PST",Comedy,,POSITIVE,0.9177826046943665,reaction,comedy,"dramatic,informative,serious,funny,professional,casual,personal",0.7812901735305786
23465,One Direction - What Makes You Beautiful (Official Video),"Apr 20, 2024, 11:08:22 AM PST",Music,Official Music Video,POSITIVE,0.9998169541358948,unknown,unknown,,0.992053210735321
23886,Lehanga,"Apr 15, 2024, 6:19:48 AM PST",Entertainment,,NEGATIVE,0.9736246466636658,guide,information,"dramatic,informative,serious,professional,funny,personal",0.448068767786026
24296,Spinning The Globe To Find My Next Music Collab. Then This Happened… 👀🌎,"Apr 9, 2024, 5:29:03 PM PST",Music,Behind the Scenes,NEGATIVE,0.6856487393379211,unknown,unknown,,0.9800843596458435
23887,Mileya Mileya,"Apr 15, 2024, 6:15:22 AM PST",Music,Official Music Video,POSITIVE,0.9966984391212463,unknown,unknown,,0.34602388739585876
24297,Close call while using Tesla FSD,"Apr 9, 2024, 5:29:01 PM PST",Technology,,NEGATIVE,0.9399030208587646,reaction,information,"serious,dramatic,informative,personal,funny",0.9518468976020813
23466,Flo Rida - Club Can't Handle Me ft. David Guetta [Official Music Video] - Step Up 3D,"Apr 20, 2024, 11:04:15 AM PST",Music,Official Music Video,NEGATIVE,0.9931159615516663,unknown,unknown,,0.9949519634246826
23888,Dil Mere,"Apr 15, 2024, 6:11:51 AM PST",Comedy,,NEGATIVE,0.9355818033218384,reaction,information,"casual,informative,dramatic,serious,funny,personal,professional",0.3847641050815582
24298,The cup saver!!!,"Apr 9, 2024, 5:28:59 PM PST",Technology,,POSITIVE,0.9983972907066345,news,entertainment,"dramatic,funny,informative,professional,serious",0.8273798227310181
23467,In The End [Official HD Music Video] - Linkin Park,"Apr 20, 2024, 11:00:35 AM PST",Music,Official Music Video,NEGATIVE,0.9379395842552185,unknown,unknown,,0.9966042637825012
23889,Taaj,"Apr 15, 2024, 6:11:48 AM PST",Entertainment,,POSITIVE,0.7617446184158325,reaction,information,"dramatic,informative,serious,professional,funny,casual,personal",0.40064144134521484
24299,You wanna be my chamak challo | Shreya Kalra | Rishabh Jaiswal,"Apr 9, 2024, 5:28:48 PM PST",Entertainment,,POSITIVE,0.5966306328773499,reaction,storytelling,"personal,dramatic,informative,funny,serious,professional",0.6351634860038757
23468,Backstreet Boys - As Long As You Love Me (Official HD Video),"Apr 20, 2024, 10:56:55 AM PST",Music,Official Music Video,NEGATIVE,0.71183180809021,unknown,unknown,,0.9979020953178406
23890,Magic | Coke Studio Bharat,"Apr 15, 2024, 6:11:47 AM PST",Entertainment,,POSITIVE,0.99913090467453,guide,entertainment,"dramatic,informative,funny,professional",0.9547502994537354
24300,Day 1 vs Day 100 of Leetcode,"Apr 9, 2024, 5:28:47 PM PST",Technology,,NEGATIVE,0.8810979127883911,guide,information,"informative,serious,dramatic,funny,professional",0.5690999627113342
23469,PUBLIC - Make You Mine (Put Your Hand in Mine) [Official Video],"Apr 20, 2024, 10:45:11 AM PST",Music,Official Music Video,POSITIVE,0.999110996723175,unknown,unknown,,0.9929468631744385
23891,Tere Bin,"Apr 15, 2024, 6:11:44 AM PST",Entertainment,,POSITIVE,0.99021977186203,reaction,information,"dramatic,informative,serious,funny,professional,casual",0.3416798710823059
23892,Hands-On Virtual Workshop On Intel® oneAPI AI Analytics Toolkit,"Apr 14, 2024, 8:44:07 PM PST",Technology,,NEGATIVE,0.6032716035842896,tutorial,information,"informative,professional,serious,dramatic",0.9353123903274536
23470,BURN IT DOWN (Official Music Video) [4K Upgrade] - Linkin Park,"Apr 20, 2024, 10:41:17 AM PST",Music,Official Music Video,NEGATIVE,0.9975073933601379,unknown,unknown,,0.9979191422462463
24301,¿Cuánto daño recibes de un frenético? | Last Day on Earth: Survival #lastdayonearth #ldoe,"Apr 9, 2024, 5:28:46 PM PST",Podcast,,NEGATIVE,0.9828663468360901,reaction,information,"informative,serious,dramatic,funny",0.4259212613105774
23893,Generative Model-Based Text-to-Speech Synthesis,"Apr 14, 2024, 8:43:26 PM PST",Technology,,POSITIVE,0.9562010169029236,guide,information,"informative,professional,dramatic,serious",0.8941615223884583
23471,Sean Kingston - Fire Burning,"Apr 20, 2024, 10:37:09 AM PST",Podcast,,NEGATIVE,0.5340600609779358,reaction,entertainment,"dramatic,serious,informative,funny,personal,professional",0.7490519285202026
24302,Ludwig reacts to @Zach's clapback 🤣,"Apr 9, 2024, 5:28:45 PM PST",Comedy,,POSITIVE,0.7822455167770386,reaction,comedy,"funny,dramatic,informative,personal,serious,professional",0.9706017374992371
23894,Creamy Roasted Red Pepper Pasta,"Apr 14, 2024, 2:47:00 PM PST",Reviews,,POSITIVE,0.9902995824813843,guide,information,"informative,dramatic,professional,serious",0.5259954333305359
23472,Backstreet Boys - I Want It That Way (Official HD Video),"Apr 20, 2024, 10:30:00 AM PST",Music,Official Music Video,POSITIVE,0.9982826709747314,unknown,unknown,,0.9982782602310181
24303,A GREAT Knot in our daily life!,"Apr 9, 2024, 5:28:43 PM PST",Technology,,POSITIVE,0.9994729161262512,guide,entertainment,"funny,informative,dramatic",0.040299657732248306
23895,Easy Roasted Red Pepper PASTA That's Sure To Please!,"Apr 14, 2024, 2:46:26 PM PST",Entertainment,,POSITIVE,0.9996227025985718,guide,information,"informative,casual",0.3972262144088745
23473,"DEATH, STRAIGHT UP || Phonk Incarnate","Apr 20, 2024, 10:29:44 AM PST",Podcast,,NEGATIVE,0.9987438321113586,reaction,information,"serious,dramatic,informative,funny,personal",0.048663247376680374
23474,Top 20 Phonk Songs - Best of Phonk,"Apr 20, 2024, 10:20:03 AM PST",Music,Music Review,POSITIVE,0.99928879737854,unknown,unknown,,0.9948652386665344
24304,💀Silencing a toxic trash talking kid in #WarOfWizards - PT. 4 #vrgame #vrgaming #oculus #quest2,"Apr 9, 2024, 5:28:42 PM PST",Sports,,NEGATIVE,0.9989325404167175,reaction,information,"dramatic,informative,funny,personal,serious,professional",0.6559191942214966
23896,(Quick & Easy) Healthy Roasted Red Pepper Pasta & Pizza Sauce // #summerrecipes #easydinnerideas,"Apr 14, 2024, 2:46:09 PM PST",Reviews,,POSITIVE,0.9646207094192505,guide,information,"informative,casual",0.07266560941934586
23475,Top 50 Phonk Songs - Best of Phonk ※ Фонк 2023,"Apr 20, 2024, 10:17:47 AM PST",Music,Music Review,POSITIVE,0.9984180927276611,unknown,unknown,,0.9925235509872437
23897,Roasted Red Peppers #shorts,"Apr 14, 2024, 2:45:35 PM PST",Shorts,,NEGATIVE,0.9652423858642578,reaction,storytelling,"casual,funny,informative,dramatic,personal",0.9891024827957153
24305,Teri Akhiyaan Gulaab..🤍🖤✨ SHEHZAAN X Pari #shehzaankhan,"Apr 9, 2024, 5:28:37 PM PST",Comedy,,NEGATIVE,0.9670608639717102,reaction,comedy,"funny,dramatic,informative,casual,professional,serious,personal",0.9702773690223694
23898,Black grapes juice,"Apr 14, 2024, 2:45:20 PM PST",Entertainment,,NEGATIVE,0.7351306080818176,reaction,information,"dramatic,informative,serious,funny,personal",0.2523055076599121
24306,"Obsessed - Riar Saab, @AbhijaySharma | Official Music Video","Apr 9, 2024, 5:28:27 PM PST",Music,Official Music Video,NEGATIVE,0.9788302183151245,unknown,unknown,,0.9955591559410095
23899,Seeded Grape Juice,"Apr 14, 2024, 2:42:54 PM PST",Entertainment,,POSITIVE,0.9969227910041809,guide,information,"informative,dramatic,serious,funny,professional",0.35076361894607544
23476,"Best of Electro Pop 2000s - 2010s (David Guetta, LMFAO, Avicii, BEP, Katy Perry, Maroon 5..)","Best of Electro Pop 2000s - 2010s (David Guetta, LMFAO, Avicii, BEP, Katy Perry, Maroon 5..)",Music,Music Mix,POSITIVE,0.9997281432151794,unknown,unknown,,0.9852359890937805
24307,Gotta Take Some Risks In Buckshot Roulette...,"Apr 9, 2024, 5:27:44 PM PST",Gaming,Gameplay,NEGATIVE,0.9904053807258606,gameplay,entertainment,"informative,dramatic,funny,serious",0.9608152508735657
23900,Awesome Grape Juice 🍇#shorts,"Apr 14, 2024, 2:42:51 PM PST",Shorts,,POSITIVE,0.9994218349456787,reaction,entertainment,"casual,funny,informative,dramatic,professional",0.9862861037254333
24308,I made strangers think they were invisible,"Apr 9, 2024, 5:27:42 PM PST",Comedy,,NEGATIVE,0.9863578081130981,reaction,storytelling,"funny,dramatic,informative,serious,casual",0.291305273771286
23901,Green Grape Juice for Summer | Summer Cooler #SHORTS,"Apr 14, 2024, 2:42:36 PM PST",Shorts,,NEGATIVE,0.8671578168869019,reaction,information,"informative,casual,funny,dramatic,serious",0.9961984753608704
23477,BEGINNER CLEARS A1-A2 LAB SECTORS EASILY! - NOOB TO PRO #16 - Last Day on Earth: Survival,"Apr 20, 2024, 8:48:09 AM PST",Technology,,POSITIVE,0.8681750893592834,news,information,"serious,informative,funny,dramatic",0.08157039433717728
23478,LDOE Abandoned factory Getting Antenna to upgrade Settlement Last Day on Earth Tips,"Apr 20, 2024, 8:27:33 AM PST",Technology,,NEGATIVE,0.9917090535163879,guide,information,"informative,dramatic,serious,funny",0.9094420075416565
24309,"BEHIND THE SCENES of Ishq Mitaye! #AmarSinghChamkila | Diljit Dosanjh, Imtiaz Ali, Parineeti","Apr 9, 2024, 5:27:38 PM PST",Entertainment,,POSITIVE,0.908886730670929,guide,storytelling,"informative,dramatic,funny,serious,professional",0.7379207015037537
23479,Why Disney’s best animator QUIT,"Apr 20, 2024, 7:51:57 AM PST",News,,NEGATIVE,0.9972098469734192,news,information,"dramatic,informative,serious,personal,funny,professional",0.10588419437408447
23902,Roasted Pepper Pesto Pasta | क्रीमी और टेस्टी रोस्टेड पेपर पेस्तो पास्ता | Sanjeev Kapoor Khazana,"Apr 14, 2024, 1:41:03 PM PST",Reviews,,NEGATIVE,0.9608331918716431,reaction,information,"informative,dramatic,funny,serious,casual",0.1312103122472763
23903,6 Ways To Use Creamy Roasted Red Pepper Sauce,"Apr 14, 2024, 1:39:50 PM PST",Podcast,,NEGATIVE,0.7645119428634644,guide,information,informative,0.04114863649010658
23480,I CAN'T BELIEVE THEY REMOVED THIS FROM THE GAME! - Last Day on Earth: Survival,"Apr 20, 2024, 7:43:45 AM PST",Gaming,Gameplay,NEGATIVE,0.996061384677887,news,information,"dramatic,serious,funny,personal",0.9009383916854858
24310,SAKHIYAAN (Full Song) Maninder Buttar | MixSingh | Babbu | Punjabi Songs | Sakhiyan | Ishtar Punjabi,"Apr 9, 2024, 5:25:07 PM PST",Music,Music Mix,NEGATIVE,0.6084856390953064,unknown,unknown,,0.9920556545257568
23904,Roasted Red Pepper Pasta (30-min meal),"Apr 14, 2024, 1:38:45 PM PST",Reviews,,POSITIVE,0.7611044049263,guide,information,"informative,dramatic,casual,professional",0.28949683904647827
23481,This flying machine can fit into your palm,"Apr 20, 2024, 7:43:40 AM PST",Technology,,POSITIVE,0.9965468049049377,gameplay,entertainment,"informative,dramatic,professional,funny,personal,casual",0.9582815766334534
23905,Tere Bin,"Apr 14, 2024, 1:06:11 PM PST",Entertainment,,POSITIVE,0.99021977186203,reaction,information,"dramatic,informative,serious,funny,professional,casual",0.3416798710823059
23482,I Didn't Trust Him For Running Up On Me 😭 | GTA Online #shorts #shortvideo,"Apr 20, 2024, 7:43:39 AM PST",Gaming,Gameplay,NEGATIVE,0.9996683597564697,reaction,storytelling,"dramatic,funny,personal,casual,informative",0.9955028295516968
23906,Hasta Hua Noorani Chehra - Qawwali Version,"Apr 14, 2024, 1:04:28 PM PST",Music,Music Mix,NEGATIVE,0.9754073023796082,unknown,unknown,,0.799217700958252
24311,"Tum Se (Song): Shahid Kapoor, Kriti Sanon | Sachin-Jigar, Raghav Chaitanya, Varun Jain, Indraneel","Apr 9, 2024, 5:22:12 PM PST",Music,Official Music Video,POSITIVE,0.9922624826431274,unknown,unknown,,0.9883182644844055
23483,LIL MABU HAS A ROOMATE⁉️😱 **SCARY**,"Apr 20, 2024, 7:43:36 AM PST",News,,POSITIVE,0.9866635799407959,reaction,information,"dramatic,serious,personal,informative",0.10669226944446564
23907,Husn (Re-imagined),"Apr 14, 2024, 1:01:40 PM PST",Entertainment,,NEGATIVE,0.9918105006217957,reaction,storytelling,"dramatic,informative,funny,serious,professional",0.180842787027359
23908,Laal Peeli Akhiyaan,"Apr 14, 2024, 12:58:33 PM PST",Entertainment,,NEGATIVE,0.725419282913208,reaction,information,"informative,dramatic,serious,funny,professional,casual",0.4372348189353943
24312,"@MostlySane & Parineeti Chopra Discuss Chamkila, Singing Live & Controversial Chai!?","Apr 9, 2024, 5:21:26 PM PST",Music,Live Performance,POSITIVE,0.9737839102745056,unknown,unknown,,0.9681854248046875
23484,Anime in real life! Fikshun (me) Bullet cut! #short #samurai #fikshun,"Apr 20, 2024, 7:43:24 AM PST",Entertainment,,POSITIVE,0.9856578707695007,reaction,entertainment,"dramatic,personal,informative,funny,casual",0.857868492603302
23909,Mann Dhaaga,"Apr 14, 2024, 12:58:13 PM PST",Music,Official Music Video,POSITIVE,0.7294234037399292,unknown,unknown,,0.4685198664665222
23485,New Way To Punish Illegal Parking,"Apr 20, 2024, 7:43:03 AM PST",News,,NEGATIVE,0.9626131057739258,news,information,"serious,informative,dramatic",0.9914594292640686
23910,Wo Noor,"Apr 14, 2024, 12:21:22 PM PST",Comedy,,NEGATIVE,0.9871309399604797,reaction,information,"dramatic,casual,funny,serious,informative,personal,professional",0.5527756810188293
23486,This is why I get reported in PUBG...,"Apr 20, 2024, 7:43:01 AM PST",Gaming,Review,NEGATIVE,0.9987998008728027,news,information,"informative,serious,dramatic,personal,funny",0.9914000034332275
24313,"Tere Pyaar Mein (Song) Tu Jhoothi Main Makkaar| Ranbir, Shraddha| Pritam| Arijit, Nikhita | Amitabh","Apr 9, 2024, 5:19:13 PM PST",Music,Lyric Video,POSITIVE,0.9755638241767883,unknown,unknown,,0.9912869334220886
23911,Mahiye Jinna Sohna,"Apr 14, 2024, 12:18:21 PM PST",Entertainment,,NEGATIVE,0.7192556262016296,guide,information,"informative,dramatic,serious,funny,professional,casual,personal",0.5022781491279602
24314,Heeramandi: The Diamond Bazaar | Sanjay Leela Bhansali | Official Trailer | Netflix India,"Apr 9, 2024, 5:18:21 PM PST",Entertainment,,NEGATIVE,0.9335922002792358,review,storytelling,"dramatic,informative,serious,professional,funny",0.9851106405258179
23912,Ek Raat,"Apr 14, 2024, 12:17:38 PM PST",Entertainment,,POSITIVE,0.9533111453056335,reaction,information,"dramatic,informative,serious,funny,professional,casual,personal",0.7197206020355225
23487,sometimes ur alter ego needs an iced coffee #DoechiiAlterEgo brought to you by youtube shorts,"Apr 20, 2024, 7:42:54 AM PST",Shorts,,NEGATIVE,0.9976961016654968,reaction,entertainment,"funny,informative,dramatic,personal",0.8847222924232483
24315,With You - AP Dhillon (Official Music Video),"Apr 9, 2024, 5:16:37 PM PST",Music,Official Music Video,POSITIVE,0.9988898634910583,unknown,unknown,,0.9959681034088135
23913,Chor,"Apr 14, 2024, 12:14:10 PM PST",Music,Concert Recording,NEGATIVE,0.98454350233078,unknown,unknown,,0.9883317351341248
23488,Scaring the 💩 out of Players ! #shorts #airsoft #funny,"Apr 20, 2024, 7:42:38 AM PST",Entertainment,,POSITIVE,0.9837502837181091,reaction,comedy,"funny,dramatic,informative",0.9836459159851074
23914,Malang Sajna,"Apr 14, 2024, 12:11:29 PM PST",Entertainment,,NEGATIVE,0.9741942286491394,reaction,information,"dramatic,informative,serious,funny,professional,casual,personal",0.41537490487098694
23489,Cartel TikTok: hiding in plain sight,"Apr 20, 2024, 7:42:16 AM PST",Technology,,NEGATIVE,0.9913867115974426,news,information,"serious,informative,casual,funny,dramatic",0.05445428937673569
24316,"Do Aur Do Pyaar - Official Trailer | Vidya Balan, Pratik Gandhi, Ileana D’Cruz, Sendhil Ramamurthy","Apr 9, 2024, 5:15:57 PM PST",Entertainment,,POSITIVE,0.6508347392082214,news,storytelling,"informative,dramatic,professional,serious,funny",0.9578571319580078
23915,Nazm Nazm,"Apr 14, 2024, 12:04:55 PM PST",Music,Official Music Video,NEGATIVE,0.6987879872322083,unknown,unknown,,0.8662074208259583
23490,Chess tournaments in a nutshell,"Apr 20, 2024, 7:42:09 AM PST",Gaming,Stream Highlights,NEGATIVE,0.9596046805381775,guide,information,"informative,professional",0.7611543536186218
23916,"Ve Kamleya (From ""Rocky Aur Rani Kii Prem Kahaani"")","Apr 14, 2024, 12:00:47 PM PST",Music,Cover Song,NEGATIVE,0.9850522875785828,unknown,unknown,,0.785647451877594
24317,DIL NU - AP DHILLON | SHINDA KAHLON (Official Audio),"Apr 9, 2024, 5:12:42 PM PST",Music,Music Mix,POSITIVE,0.7209709882736206,unknown,unknown,,0.9926182627677917
23491,AFTERSHOCK-ABRA 🧙🏻‍♂️✨,"Apr 20, 2024, 7:41:59 AM PST",Comedy,,NEGATIVE,0.985633909702301,reaction,entertainment,"dramatic,funny,serious,informative,professional",0.944165825843811
23917,Ve Haaniyaan,"Apr 14, 2024, 11:56:47 AM PST",Comedy,,POSITIVE,0.9583518505096436,reaction,comedy,"dramatic,funny,informative,serious,personal,professional,casual",0.4851796627044678
24318,MITRAZ - Akhiyaan (Official Music Video),"Apr 9, 2024, 5:09:31 PM PST",Music,Official Music Video,POSITIVE,0.9222614765167236,unknown,unknown,,0.9962985515594482
23492,YASSS,"Apr 20, 2024, 7:41:47 AM PST",Entertainment,,NEGATIVE,0.966579020023346,reaction,entertainment,"funny,dramatic,informative,casual,professional,personal",0.9691041111946106
23918,Vakratunda Mahakaya,"Apr 14, 2024, 11:56:23 AM PST",Music,Official Music Video,POSITIVE,0.8624026775360107,unknown,unknown,,0.8644553422927856
23919,Woh Kisna Hai,"Apr 14, 2024, 11:50:25 AM PST",Comedy,,NEGATIVE,0.947080671787262,reaction,comedy,"dramatic,funny,informative,casual,serious,personal,professional",0.8586023449897766
24319,"Akhiyaan Gulaab (Song): Shahid Kapoor, Kriti Sanon | Mitraz | Teri Baaton Mein Aisa Uljha Jiya","Apr 9, 2024, 5:03:30 PM PST",Music,Official Music Video,POSITIVE,0.9697220921516418,unknown,unknown,,0.9953700304031372
23493,바인드 B 창문 낚시자리 월샷 [발로란트],"Apr 20, 2024, 7:41:20 AM PST",Music,Music Mix,NEGATIVE,0.5261949896812439,unknown,unknown,,0.8255544900894165
23920,https://www.youtube.com/watch?v=4fmiAmoiE4M,"Apr 14, 2024, 10:23:19 AM PST",Entertainment,,NEGATIVE,0.966079592704773,reaction,information,"informative,funny,dramatic,serious,professional",0.7579159140586853
23494,Rang Bhini Radha,"Apr 20, 2024, 6:37:15 AM PST",Music,Official Music Video,POSITIVE,0.9806298613548279,unknown,unknown,,0.8297870755195618
23921,Plage Coquillage First kiss song (Unofficial Instrumental),"Apr 14, 2024, 10:10:17 AM PST",Music,Behind the Scenes,NEGATIVE,0.8298286199569702,unknown,unknown,,0.9908784031867981
24320,"Malang Sajna (Video) Sachet Tandon, Parampara Tandon | Adil Shaikh, Kumaar | Bhushan Kumar","Apr 9, 2024, 5:00:51 PM PST",Comedy,,NEGATIVE,0.9625982642173767,reaction,storytelling,"dramatic,funny,informative,serious,professional",0.784318208694458
23495,Saathiya Puravo Dware,"Apr 20, 2024, 6:33:56 AM PST",Sports,,NEGATIVE,0.9893938302993774,guide,information,"informative,dramatic,serious,professional,funny,personal",0.9214445948600769
23922,Geoguessr Pros ALWAYS Do Too Much #shorts | SKIT,"Apr 14, 2024, 10:10:14 AM PST",Shorts,,NEGATIVE,0.9984481334686279,news,information,"professional,dramatic,informative,funny,serious",0.9775187969207764
24321,Best of lofi hip hop 2022 🎆 - beats to relax/study to,"Apr 9, 2024, 4:55:08 PM PST",Music,Music Review,POSITIVE,0.9989936947822571,unknown,unknown,,0.9879947304725647
23496,Mevadna Maharajane Khamma Re Khamma,"Apr 20, 2024, 6:30:47 AM PST",Music,Official Music Video,POSITIVE,0.9785312414169312,unknown,unknown,,0.9464188814163208
23923,Exposing street Scam from Italy!  #scam  #italy #shorts,"Apr 14, 2024, 10:07:00 AM PST",Shorts,,NEGATIVE,0.990736186504364,news,information,"informative,dramatic,serious,funny,casual",0.8764225840568542
24322,https://www.youtube.com/watch?v=4fmiAmoiE4M,"Apr 9, 2024, 4:47:27 PM PST",Entertainment,,NEGATIVE,0.966079592704773,reaction,information,"informative,funny,dramatic,serious,professional",0.7579159140586853
23497,Ranchhod Rangila,"Apr 20, 2024, 6:26:10 AM PST",Entertainment,,POSITIVE,0.9491908550262451,guide,information,"informative,dramatic,serious,funny,professional,personal",0.2251071333885193
24323,ADVANCED MODIFICATION GUIDE! (Best Mods) - Last Day on Earth: Survival,"Apr 9, 2024, 4:39:29 PM PST",Technology,,POSITIVE,0.9966030120849609,guide,information,"informative,serious,dramatic,professional",0.17793430387973785
23498,Han han Re Gokul Ni Govaldi,"Apr 20, 2024, 6:22:56 AM PST",Music,Official Music Video,NEGATIVE,0.726510763168335,unknown,unknown,,0.796935498714447
23924,Как открыть новую локацию Пригород #ldoe #lastday,"Apr 14, 2024, 10:05:08 AM PST",Comedy,,NEGATIVE,0.9713135957717896,reaction,information,"dramatic,serious,informative,funny,casual,personal",0.23257401585578918
24324,PEHLI BAAR,"Apr 9, 2024, 3:11:24 PM PST",Comedy,,POSITIVE,0.9223601222038269,reaction,information,"dramatic,professional,serious,informative,personal,funny,casual",0.6480668783187866
23499,Rang Bhini Radha,"Apr 20, 2024, 6:17:26 AM PST",Music,Official Music Video,POSITIVE,0.9806298613548279,unknown,unknown,,0.8297870755195618
23925,Press the Attack Explained #leagueoflegends #presstheattack #runes #shorts,"Apr 14, 2024, 10:04:46 AM PST",Shorts,,NEGATIVE,0.9972681999206543,guide,information,"informative,professional,dramatic,funny,serious",0.9041256308555603
24325,Ishq Bulaava,"Apr 9, 2024, 3:10:51 PM PST",Comedy,,NEGATIVE,0.8735894560813904,reaction,information,"informative,dramatic,funny,serious,professional,personal,casual",0.3604007661342621
23500,Excuses,"Apr 20, 2024, 6:17:16 AM PST",Podcast,,NEGATIVE,0.9994964599609375,commentary,storytelling,"personal,informative,casual,dramatic,funny",0.2599010169506073
23926,PETER GRIFFIN SNIPES NICK EH 30,"Apr 14, 2024, 10:04:30 AM PST",Comedy,,NEGATIVE,0.9837002158164978,reaction,comedy,"dramatic,professional,funny,serious,personal,informative,casual",0.8554116487503052
24326,Top 5 LDOE Weapons To Mod: Melee & Guns,"Apr 9, 2024, 3:07:41 PM PST",Technology,,POSITIVE,0.9952076077461243,guide,information,"informative,professional,dramatic,serious,funny",0.5437098145484924
23501,Diljit Dosanjh: Born To Shine Lyrical Video | G.O.A.T,"Apr 20, 2024, 6:17:08 AM PST",Comedy,,POSITIVE,0.9997581839561462,commentary,storytelling,"informative,funny,dramatic,professional",0.9248000383377075
23927,Corrupt Off-Duty Officer Punches Driver | CrashBanditoNL,"Apr 14, 2024, 10:04:04 AM PST",News,,NEGATIVE,0.9993114471435547,news,information,"serious,dramatic,informative,funny",0.3301399052143097
24327,Mera Mann-Yahin Hoon Main,"Apr 9, 2024, 3:06:48 PM PST",Comedy,,NEGATIVE,0.9525463581085205,reaction,storytelling,"dramatic,informative,funny,serious,professional,casual",0.9512242674827576
23502,https://www.youtube.com/watch?v=h15DmRXyClw,"Apr 19, 2024, 11:48:23 PM PST",Entertainment,,NEGATIVE,0.952194094657898,reaction,information,"informative,funny,dramatic,serious,professional",0.771528422832489
24328,"Deva Deva (From ""Brahmastra"")","Apr 9, 2024, 3:02:08 PM PST",Music,Official Music Video,NEGATIVE,0.963043749332428,unknown,unknown,,0.24724560976028442
23928,Airsoft cheater #airsoft #airsoftvideos #paintball #airsoftvideo #airsoftcheater,"Apr 14, 2024, 10:03:45 AM PST",Reviews,,NEGATIVE,0.9926196932792664,news,entertainment,"informative,serious,dramatic,funny",0.013732324354350567
23503,People clipping the quarters to make extra money 💰 🤯 #coins #currency #shorts,"Apr 19, 2024, 11:47:23 PM PST",Shorts,,NEGATIVE,0.9978725910186768,news,comedy,"funny,dramatic,informative",0.685704231262207
24329,HOW TO BECOME A PRO TODAY?! (4th Floor Easy) - Last Day on Earth: Survival,"Apr 9, 2024, 2:50:37 PM PST",Tutorial,,POSITIVE,0.9888054132461548,guide,information,"informative,serious,funny,dramatic,professional",0.6554968953132629
23929,Double collat WALLBANG🤯 #ytshorts #cod #callofduty,"Apr 14, 2024, 10:03:42 AM PST",Shorts,,NEGATIVE,0.9962514042854309,reaction,comedy,"dramatic,funny,informative,serious,professional",0.8797010183334351
23930,What’s Your Animal Strength?,"Apr 14, 2024, 10:03:34 AM PST",Tutorial,,POSITIVE,0.9841203093528748,guide,information,"informative,dramatic,serious",0.0355556458234787
23504,TACTICAL RELOADING RANDOM HOUSEHOLD ITEMS LIKE WARZONE GUNS! #shorts #warzone,"Apr 19, 2024, 11:45:19 PM PST",Shorts,,NEGATIVE,0.995503842830658,news,information,"dramatic,informative,funny,serious",0.8688372373580933
24330,RE4 IS FINALLY HERE AND IT'S AWESOME! (Part 1) - RESIDENT EVIL 4 REMAKE,"Apr 9, 2024, 1:32:38 PM PST",Entertainment,,POSITIVE,0.9998249411582947,news,entertainment,"dramatic,informative,professional,funny",0.9870119690895081
23505,if your keyboard has two S keys,"Apr 19, 2024, 11:45:08 PM PST",Gaming,Review,NEGATIVE,0.9792956113815308,reaction,information,"informative,serious,dramatic,funny",0.6517680883407593
23931,https://www.youtube.com/watch?v=v8nrtlUv-xE,"Apr 14, 2024, 10:02:41 AM PST",Entertainment,,NEGATIVE,0.9564699530601501,reaction,information,"informative,funny,dramatic,serious,professional",0.7689259052276611
24331,Roz Roz,"Apr 9, 2024, 12:16:06 PM PST",Entertainment,,POSITIVE,0.991841197013855,reaction,information,"dramatic,informative,funny,serious,personal,professional,casual",0.523281991481781
23506,How A Revolver Works 🤔,"Apr 19, 2024, 11:44:33 PM PST",Tutorial,,POSITIVE,0.9910791516304016,guide,information,"funny,dramatic,informative,serious",0.8108555674552917
23932,The kids accidentally walked into a minefield...😯🤯#movie #series,"Apr 14, 2024, 10:01:40 AM PST",Comedy,,NEGATIVE,0.9968286156654358,reaction,comedy,"funny,dramatic,serious,informative",0.5995113849639893
23507,The Best Way to Learn How to Backflip,"Apr 19, 2024, 11:44:04 PM PST",Sports,,POSITIVE,0.9001145958900452,guide,information,"informative,dramatic,funny",0.8097510933876038
24332,I AM DOING IT AGAIN BECAUSE IT'S NEVER ENOUGH! - Last Day on Earth: Survival,"Apr 9, 2024, 12:11:56 PM PST",Podcast,,POSITIVE,0.9962551593780518,commentary,information,"serious,dramatic,informative,personal,funny",0.01328373048454523
23933,INCRIVEL COMO O ZUMANS CONHECE O MAPA TODO DE LOS SANTOS #gta5 #fivem #gtasanandreas,"Apr 14, 2024, 10:00:18 AM PST",Comedy,,NEGATIVE,0.9722357988357544,reaction,comedy,"casual,funny,dramatic",0.9593532085418701
24333,THIS IS THE BEST EVENT IN THE GAME! (you must do it) - Last Day on Earth: Survival,"Apr 9, 2024, 12:11:44 PM PST",Gaming,Gameplay,POSITIVE,0.9998505115509033,guide,information,"dramatic,serious,informative,professional",0.9007319808006287
23508,"I love playing poker, but I love winning at Poker #poker #casino #pokerplayer #money #pokerlife #fyp","Apr 19, 2024, 11:43:17 PM PST",Gaming,Stream Highlights,POSITIVE,0.9939058423042297,gameplay,information,"informative,personal,funny,dramatic",0.6098989248275757
23934,Kai Cenat Helps Ray Rizz Up Girl On Date,"Apr 14, 2024, 9:59:46 AM PST",Entertainment,,POSITIVE,0.9946324825286865,reaction,storytelling,"dramatic,funny,informative,professional,serious,personal,casual",0.9267860651016235
23509,clear incognito mode history | #viral #chrome #incognitomode #incognito,"Apr 19, 2024, 11:43:16 PM PST",Technology,,NEGATIVE,0.9664311408996582,news,information,"dramatic,informative,funny,serious",0.6345941424369812
24334,PSA: Never hire DJ's off of FB Marketplace💀  #fbmarketplace #housemusic #dj #shorts,PSA: Never hire DJ's off of FB Marketplace💀  #fbmarketplace #housemusic #dj #shorts,Music,Behind the Scenes,NEGATIVE,0.9983477592468262,unknown,unknown,,0.6638712882995605
23935,‼️เตะดีมาก‼️👉ครูโก้ Super100,"Apr 14, 2024, 9:59:36 AM PST",Entertainment,,POSITIVE,0.8205052614212036,gameplay,information,"informative,dramatic,serious,funny,professional",0.5063550472259521
24335,Maahi Ve,"Apr 9, 2024, 12:09:59 PM PST",Music,Official Music Video,POSITIVE,0.915395975112915,unknown,unknown,,0.47733238339424133
23510,u gotta feed ur alter ego 🍕#DoechiiAlterEgo brought to you by youtube shorts,"Apr 19, 2024, 11:43:09 PM PST",Shorts,,NEGATIVE,0.9968457818031311,guide,entertainment,"funny,informative,dramatic",0.9745226502418518
23936,奇跡の1vs5 クラッチace!!#shorts #valorant,"Apr 14, 2024, 9:58:53 AM PST",Shorts,,NEGATIVE,0.9546718597412109,gameplay,entertainment,"dramatic,funny,informative,professional,casual",0.9751102328300476
24336,"Chashni (From ""Bharat"")","Apr 9, 2024, 12:05:33 PM PST",Entertainment,,POSITIVE,0.7521218657493591,reaction,storytelling,"dramatic,informative,funny,serious",0.3990723192691803
23937,https://www.youtube.com/watch?v=V4kOIrqZUAk,"Apr 14, 2024, 9:58:48 AM PST",Entertainment,,NEGATIVE,0.9635668992996216,reaction,information,"informative,funny,dramatic,serious,professional",0.7739693522453308
24337,Tujhko Jo Paaya,"Apr 9, 2024, 12:02:28 PM PST",Music,Official Music Video,NEGATIVE,0.9447657465934753,unknown,unknown,,0.5888307094573975
23511,EASY WAYS TO GET FACTORY PARTS - Last Day on Earth Survival #ldoesurvival #gaming,"Apr 19, 2024, 11:42:28 PM PST",Gaming,Gameplay,NEGATIVE,0.9923315048217773,gameplay,information,"informative,funny",0.4929780960083008
23938,https://www.youtube.com/watch?v=W3ev22O2iVg,"Apr 14, 2024, 9:56:43 AM PST",Entertainment,,NEGATIVE,0.9441335797309875,reaction,information,"informative,funny,dramatic,serious,professional",0.7643246054649353
24338,Jhoom,"Apr 9, 2024, 11:57:04 AM PST",Comedy,,POSITIVE,0.9808140397071838,reaction,information,"dramatic,informative,serious,funny,professional,personal,casual",0.5775835514068604
23512,Real VS Fake Captain America Shield,"Apr 19, 2024, 11:41:23 PM PST",Sports,,POSITIVE,0.969027578830719,guide,information,"serious,dramatic,personal,informative,funny,professional",0.49412623047828674
23939,✨meet the world militaries!✨,"Apr 14, 2024, 9:56:33 AM PST",Tutorial,,POSITIVE,0.9883233308792114,news,information,"informative,professional,dramatic,serious,funny",0.040383949875831604
24339,Rangisari,"Apr 9, 2024, 11:57:01 AM PST",Entertainment,,POSITIVE,0.9983530044555664,reaction,information,"dramatic,professional,informative,serious,funny,personal",0.5205918550491333
23513,This is a FLASHBANG!,"Apr 19, 2024, 11:40:42 PM PST",Entertainment,,POSITIVE,0.9961424469947815,reaction,entertainment,"dramatic,serious,funny,informative,professional",0.9244166016578674
23940,The Craziest Traffic Stop Ever... #shorts,"Apr 14, 2024, 9:54:46 AM PST",Shorts,,NEGATIVE,0.989386796951294,news,storytelling,"dramatic,funny",0.962343692779541
24340,Saturday Saturday,"Apr 9, 2024, 11:57:00 AM PST",Entertainment,,POSITIVE,0.9900755286216736,reaction,information,"casual,informative,dramatic,funny,serious,personal,professional",0.7228589653968811
23514,Mirrors And The Fourth Dimension,"Apr 19, 2024, 11:39:43 PM PST",Entertainment,,POSITIVE,0.9887027740478516,commentary,storytelling,"dramatic,informative,funny,serious",0.0055347587913274765
24341,KUCHH KHAAS,"Apr 9, 2024, 11:55:59 AM PST",Comedy,,NEGATIVE,0.760898232460022,reaction,information,"dramatic,serious,informative,funny,personal,professional",0.7864489555358887
23515,SUPER SONIC NUNU 💀💀💀,"Apr 19, 2024, 11:39:25 PM PST",Music,Lyric Video,POSITIVE,0.9636973738670349,unknown,unknown,,0.9541104435920715
23941,💀Humbling little Timmies in #WarOfWizards till they git gud…  #vrgame #vrgaming #oculus #quest2 #vr,"Apr 14, 2024, 9:53:46 AM PST",Entertainment,,NEGATIVE,0.9967569708824158,gameplay,entertainment,"dramatic,funny,informative",0.8426353931427002
24342,Life Is Crazy,"Apr 9, 2024, 11:52:17 AM PST",Reviews,,POSITIVE,0.970649003982544,commentary,comedy,"dramatic,informative,funny,personal",0.11944641172885895
23516,HOW I KILL THE BIG ONE LAST DAY ON EARTH #shorts #ldoe,"Apr 19, 2024, 11:38:19 PM PST",Shorts,,NEGATIVE,0.9826270937919617,news,storytelling,"dramatic,serious,professional,funny,informative,personal,casual",0.9359496235847473
24343,Tanha Dil,"Apr 9, 2024, 11:52:16 AM PST",Comedy,,POSITIVE,0.917303740978241,reaction,information,"informative,dramatic,funny,serious,personal,casual,professional",0.8079941272735596
23942,Frenzied Giant/Saw Blade Mace/ 2nd floor Bunker Alfa - Last Day on Earth,"Apr 14, 2024, 9:53:21 AM PST",Entertainment,,NEGATIVE,0.9752572774887085,reaction,entertainment,"dramatic,serious,informative,funny",0.8834127187728882
24344,Dil Hi Toh Hai,"Apr 9, 2024, 11:52:15 AM PST",Comedy,,POSITIVE,0.9648424983024597,reaction,storytelling,"dramatic,informative,funny,casual,serious,personal,professional",0.8687159419059753
23943,What Items Will You Take and What Will You Leave From This Great Place - Last Day on Earth: Survival,"Apr 14, 2024, 8:30:59 AM PST",Shorts,,POSITIVE,0.9980480670928955,guide,information,"serious,informative,dramatic",0.053566865622997284
23517,How to kill Witch with C4 and take its head in Last Day On Earth  | LDOE★Tips #shorts,"Apr 19, 2024, 11:38:17 PM PST",Tutorial,,NEGATIVE,0.9903931021690369,guide,information,"informative,dramatic",0.1956324428319931
24345,MERA MANN KEHNE LAGA,"Apr 9, 2024, 11:52:13 AM PST",Music,Official Music Video,NEGATIVE,0.8644409775733948,unknown,unknown,,0.9086436033248901
23944,What is the Intel oneAPI AI Analytics Toolkit?,"Apr 14, 2024, 8:01:16 AM PST",Technology,,NEGATIVE,0.9985027313232422,news,information,"informative,professional,serious,dramatic",0.9482085704803467
23518,Proof the Devs Don't Play Their Own Game (Part 2),"Apr 19, 2024, 11:37:59 PM PST",Gaming,Gameplay,NEGATIVE,0.9935821890830994,news,information,"informative,serious,dramatic,funny",0.817139744758606
24346,Ik Junoon (Paint It Red),Ik Junoon (Paint It Red),Entertainment,,POSITIVE,0.9770407676696777,reaction,information,"dramatic,informative,serious,professional,funny,personal",0.36570680141448975
23519,Sterile Fv*king Bandage 😡 #ldoe #shorts,"Apr 19, 2024, 11:37:46 PM PST",Shorts,,NEGATIVE,0.9987022876739502,reaction,information,"dramatic,serious,funny,informative",0.9588534832000732
24347,Te Amo (Duet),"Apr 9, 2024, 11:52:12 AM PST",Music,Official Music Video,POSITIVE,0.9932199120521545,unknown,unknown,,0.9476765990257263
23945,Just do this 13 rounds in a row LOL #BathtubBoba #Valorant #ValorantFunny,"Apr 14, 2024, 8:00:40 AM PST",Comedy,,NEGATIVE,0.9966092109680176,gameplay,comedy,"funny,informative,dramatic",0.9831112027168274
23520,An Underrated Useful Thing #shorts #ldoe,"Apr 19, 2024, 11:37:35 PM PST",Shorts,,POSITIVE,0.6698302030563354,guide,information,"informative,funny,casual",0.9945179224014282
24348,KABIRA (ENCORE),"Apr 9, 2024, 11:52:11 AM PST",Entertainment,,POSITIVE,0.9864974617958069,reaction,information,"casual,dramatic,informative,serious,professional,funny",0.9448978900909424
23946,Shree Siddhivinayak Mantra And Aarti,"Apr 14, 2024, 7:02:46 AM PST",Music,Music Mix,POSITIVE,0.902162492275238,unknown,unknown,,0.916804850101471
23521,EVERY BEGINNER MUST KNOW THIS! (How to Raid) - Last Day on Earth: Survival,"Apr 19, 2024, 11:23:14 PM PST",Tutorial,,POSITIVE,0.9955543875694275,guide,information,"informative,serious,dramatic",0.20998942852020264
24349,Hairat,"Apr 9, 2024, 11:52:09 AM PST",Entertainment,,NEGATIVE,0.9251580834388733,reaction,information,"dramatic,informative,professional,funny,serious,personal,casual",0.05929330363869667
24350,Voh Dekhnay Mein,"Apr 9, 2024, 11:52:08 AM PST",Comedy,,NEGATIVE,0.9271903038024902,reaction,storytelling,"dramatic,casual,funny,informative,personal,serious,professional",0.7687013745307922
23947,리테이크 뛰기 전에 쏘는 좋은 각폭 #valorant,"Apr 14, 2024, 1:52:20 AM PST",Technology,,POSITIVE,0.929226279258728,reaction,information,"informative,dramatic,funny,professional,serious,personal",0.39053717255592346
23522,BEST WAY TO KILL WITCH FOR BEGINNERS & ADVANCED! - NOOB TO PRO #26 - Last Day on Earth: Survival,"Apr 19, 2024, 11:03:33 PM PST",Tutorial,,POSITIVE,0.9811290502548218,guide,information,"informative,serious,dramatic,funny",0.18335120379924774
24351,Sadka,"Apr 9, 2024, 11:52:07 AM PST",Entertainment,,NEGATIVE,0.9879289269447327,reaction,information,"dramatic,personal,serious,informative,funny",0.13515977561473846
23948,An arrogant police officer fined a fire truck😨😱 #movie #series,"Apr 14, 2024, 1:51:38 AM PST",Entertainment,,NEGATIVE,0.9970995187759399,reaction,comedy,"dramatic,funny,serious,informative",0.9699004292488098
24352,Dil Ye Bekarar Kyun Hai,"Apr 9, 2024, 11:51:36 AM PST",Comedy,,POSITIVE,0.9263899922370911,reaction,storytelling,"informative,dramatic,funny,serious,casual,professional,personal",0.7999324798583984
23523,lil 2 piece in cod😴#cod #viral #fyp #dxrksolos,"Apr 19, 2024, 11:01:34 PM PST",Entertainment,,NEGATIVE,0.9879354238510132,news,entertainment,"funny,casual,informative,dramatic",0.7719401717185974
24353,Hardum Humdum,"Apr 9, 2024, 11:48:28 AM PST",Comedy,,NEGATIVE,0.9982287287712097,reaction,comedy,"serious,dramatic,funny,informative,personal",0.915467381477356
23524,He hit that note 🤣,"Apr 19, 2024, 11:01:12 PM PST",Music,Music Mix,POSITIVE,0.9915055632591248,unknown,unknown,,0.9097056984901428
23949,The Price For Not Doing This Is Ridiculous - RDR2 #shorts #reddeadredemption #rdr2 #gaming,"Apr 14, 2024, 1:50:34 AM PST",Gaming,Gameplay,NEGATIVE,0.9984174966812134,gameplay,information,"dramatic,funny,informative,personal,serious",0.9429419636726379
24354,Yaariyaan (Male Vocals),"Apr 9, 2024, 11:42:13 AM PST",Music,Official Music Video,POSITIVE,0.9866365790367126,unknown,unknown,,0.12156783789396286
23525,They couldn't believe he lifted it 😳 (via ben.galper/IG) #shorts,"Apr 19, 2024, 11:00:33 PM PST",Shorts,,NEGATIVE,0.9893831610679626,reaction,comedy,"dramatic,funny,informative,personal,casual",0.9732664227485657
23950,https://www.youtube.com/watch?v=YN8MJKIIpkQ,"Apr 14, 2024, 1:49:57 AM PST",Entertainment,,NEGATIVE,0.9431539177894592,reaction,information,"informative,funny,dramatic,serious,professional",0.7640241980552673
24355,ADHOORE,"Apr 9, 2024, 11:37:49 AM PST",Entertainment,,POSITIVE,0.9988522529602051,reaction,information,"dramatic,serious,informative,personal,funny,professional",0.3367273807525635
23526,MUST-BUY? STELLAR BLADE #ig #gaming #shorts,"Apr 19, 2024, 11:00:21 PM PST",Gaming,Gameplay,NEGATIVE,0.9931970834732056,gameplay,entertainment,"dramatic,informative,funny",0.9616723656654358
23951,I QUIT PLAYING FORTNITE.,"Apr 14, 2024, 1:49:45 AM PST",Gaming,Gameplay,NEGATIVE,0.9994565844535828,news,information,"personal,serious,dramatic,informative,funny,casual",0.9713242053985596
23952,Best Fortnite clip you'll see today,"Apr 14, 2024, 1:49:32 AM PST",Gaming,Gameplay,POSITIVE,0.9982779026031494,news,entertainment,"professional,dramatic,funny,informative,serious",0.9896973967552185
24356,💀Found that Pokémon kid trolling ppl with JEWWY #vrgame #vrgaming #oculus #quest2 #jamesplaysvr,"Apr 9, 2024, 9:35:51 AM PST",Gaming,Gameplay,NEGATIVE,0.997352123260498,commentary,comedy,"funny,dramatic,informative,casual",0.8518567681312561
23527,Hammer Bit Me #cowboy #gunfighter #western #rdr2 #saa #shooting #cool #tripleshot #clinteastwood,"Apr 19, 2024, 11:00:08 PM PST",Entertainment,,NEGATIVE,0.9862857460975647,reaction,entertainment,"dramatic,personal,funny,informative,serious",0.09196555614471436
23953,If Our Parents Played Fortnite...,"Apr 14, 2024, 1:49:11 AM PST",Gaming,Esports,NEGATIVE,0.9949617385864258,gameplay,information,"serious,dramatic,informative,funny,personal",0.9905271530151367
23528,It’s a upgraded SOARIN #disneyworld #viral,"Apr 19, 2024, 10:59:50 PM PST",Entertainment,,NEGATIVE,0.8419500589370728,news,entertainment,"dramatic,informative,funny,professional",0.8176724314689636
23954,MASTER OF DISGUISE 🧠,"Apr 14, 2024, 1:48:57 AM PST",Technology,,POSITIVE,0.8371524214744568,guide,comedy,"funny,professional,casual",0.370037317276001
24357,Opening Heavy Doors With Cell Keys + Fixing Blackport Terminals (1.9.6)! Last Day On Earth,"Apr 9, 2024, 7:49:03 AM PST",Technology,,NEGATIVE,0.9843795895576477,news,information,"dramatic,serious,informative,professional,funny",0.8269827961921692
23955,FORTNITE FAILS & Epic Wins! #406 (Fortnite Season 2 Funny Moments),"Apr 14, 2024, 1:36:12 AM PST",Entertainment,,NEGATIVE,0.9964503049850464,reaction,entertainment,"funny,informative,dramatic",0.9447562098503113
24358,Tujhe Bhula Diya,"Apr 9, 2024, 7:35:59 AM PST",Music,Official Music Video,POSITIVE,0.5247901678085327,unknown,unknown,,0.873836100101471
23529,#limblossboss #myleglesslife #dreamteamprosthetics #comedy #darkhumor #funny #lol #funnyvideo #haha,"Apr 19, 2024, 10:59:34 PM PST",Comedy,,NEGATIVE,0.6207718849182129,commentary,entertainment,"funny,dramatic",0.9537025690078735
23956,The *RANDOM* AVATAR BOSS Challenge in Fortnite!,"Apr 14, 2024, 1:35:51 AM PST",Gaming,Gaming News,NEGATIVE,0.9961749315261841,news,information,"dramatic,informative,serious,funny",0.9967963695526123
24359,Dil Na Jaaneya (Unplugged),"Apr 9, 2024, 7:32:55 AM PST",Comedy,,NEGATIVE,0.989611029624939,reaction,comedy,"casual,personal,funny,dramatic",0.7173691987991333
23530,Most jump rope revolutions in a single skip - 8 by Kirato Hitaka,"Apr 19, 2024, 10:59:17 PM PST",Sports,,POSITIVE,0.6030870676040649,reaction,entertainment,"dramatic,professional,informative,serious,funny",0.9739319086074829
23957,20+ Building Tips Tricks And Glitches | Sons of The Forest 1.0,"Apr 14, 2024, 1:22:35 AM PST",Podcast,,POSITIVE,0.9364678263664246,tutorial,information,"informative,funny",0.5268068313598633
24360,LOCHA-E-ULFAT,"Apr 9, 2024, 7:28:07 AM PST",Comedy,,NEGATIVE,0.7712221741676331,reaction,comedy,"dramatic,serious,informative,funny,professional",0.9314779043197632
23531,Bile Titan Heads Out | Helldivers 2,"Apr 19, 2024, 10:59:13 PM PST",Entertainment,,NEGATIVE,0.990770697593689,reaction,entertainment,"dramatic,informative,serious,funny",0.8615474700927734
23958,YOU WONT BELIEVE WHAT THIS STUDENT DID,"Apr 14, 2024, 1:19:46 AM PST",News,,POSITIVE,0.9984506368637085,news,education,"dramatic,serious,personal,informative,funny",0.7222106456756592
24361,Rang De Basanti,"Apr 9, 2024, 7:27:09 AM PST",Music,Official Music Video,POSITIVE,0.9959861636161804,unknown,unknown,,0.9581741690635681
23532,jett ace with new bug #valorant #valorantclips #valoranttips,"Apr 19, 2024, 10:58:55 PM PST",Technology,,NEGATIVE,0.9955437779426575,news,information,"informative,dramatic,serious,funny,professional",0.3435549736022949
24362,Pehle Bhi Main,"Apr 9, 2024, 7:22:59 AM PST",Comedy,,NEGATIVE,0.642456591129303,reaction,comedy,"funny,dramatic,informative,serious,casual,personal,professional",0.9164804816246033
23533,Dawn might have CRASHED,"Apr 19, 2024, 10:58:39 PM PST",News,,NEGATIVE,0.9977176189422607,reaction,information,"serious,dramatic,informative,funny,personal",0.08318796753883362
23959,INFINITE FLOPPY DISK!? DO THIS WAY TO GET RICH IN LDOE | LAST DAY ON EARTH SURVIVAL,"Apr 14, 2024, 1:14:31 AM PST",Tutorial,,NEGATIVE,0.9894062876701355,reaction,comedy,"dramatic,serious,funny",0.42286914587020874
24363,Chota Sa Fasana,"Apr 9, 2024, 7:18:55 AM PST",Comedy,,POSITIVE,0.9354844689369202,reaction,information,"dramatic,informative,funny,serious,casual,professional",0.7222192287445068
23534,Coolest Kid at the School 😎 (@zaynsofuoglu/ig),"Apr 19, 2024, 10:58:02 PM PST",Education,Tutorial,POSITIVE,0.9961118102073669,reaction,education,"informative,funny,dramatic",0.6222098469734192
24364,TERE NAINA,"Apr 9, 2024, 7:14:38 AM PST",Entertainment,,POSITIVE,0.9903456568717957,reaction,information,"dramatic,personal,professional,serious,informative,funny,casual",0.7057053446769714
23960,1% CHANCE OF THIS HAPPENING AND IT HAPPENS... #buckshotroulette #igp #gaming,"Apr 14, 2024, 1:05:34 AM PST",Gaming,Gameplay,POSITIVE,0.9830942749977112,gameplay,entertainment,"dramatic,funny,informative,serious",0.9640712738037109
24365,Tumse Hi Tumse,"Apr 9, 2024, 7:08:03 AM PST",Music,Official Music Video,NEGATIVE,0.9750123023986816,unknown,unknown,,0.7671621441841125
23535,Bro really said “NO YOU” 🤕🥸 |Magfed Paintball || #shorts #paintball #airsoft #magfed,"Apr 19, 2024, 10:57:45 PM PST",Sports,,NEGATIVE,0.9955483675003052,commentary,information,"dramatic,personal,funny,serious,informative",0.8999844789505005
23961,Sons of the Forest Developers React to 7 Minute Speedrun (Early Access),"Apr 14, 2024, 12:57:19 AM PST",Sports,,NEGATIVE,0.9957559704780579,reaction,information,"dramatic,informative,funny",0.7695762515068054
24366,PEE LOON,"Apr 9, 2024, 7:03:17 AM PST",Comedy,,NEGATIVE,0.9851236939430237,reaction,comedy,"funny,dramatic,informative,casual,personal,serious",0.5142374634742737
23536,CELEBRITIES WHO DIDN'T LET MONEY CHANGE THEM #shorts,"Apr 19, 2024, 10:57:12 PM PST",Shorts,,POSITIVE,0.9683502316474915,news,information,"informative,funny,casual,professional,dramatic",0.9889094233512878
24367,Aas Paas Khuda,"Apr 9, 2024, 6:57:57 AM PST",Comedy,,NEGATIVE,0.9850130081176758,guide,information,"dramatic,informative,funny,serious,casual,professional,personal",0.5767082571983337
23962,valorant funny gameplay lmao Komik ㅋㅋㅋㅋ 面白い kekw #valorant #valorantclips #valorantfunny,"Apr 14, 2024, 12:54:28 AM PST",Gaming,Gameplay,POSITIVE,0.9274959564208984,gameplay,comedy,"funny,informative",0.8329247832298279
24368,Dil Chahta Hai,"Apr 9, 2024, 6:52:47 AM PST",Comedy,,POSITIVE,0.9261979460716248,reaction,comedy,"dramatic,informative,funny,casual,serious,professional,personal",0.9609347581863403
23537,"Best of Electro Pop 2000s - 2010s (David Guetta, LMFAO, Avicii, BEP, Katy Perry, Maroon 5..)","Best of Electro Pop 2000s - 2010s (David Guetta, LMFAO, Avicii, BEP, Katy Perry, Maroon 5..)",Music,Music Mix,POSITIVE,0.9997281432151794,unknown,unknown,,0.9852359890937805
23963,The Hiroshima Bomb,"Apr 14, 2024, 12:53:47 AM PST",Tutorial,,NEGATIVE,0.980941116809845,reaction,information,"dramatic,serious,informative,funny",0.003485837485641241
24369,I Feel Good,"Apr 9, 2024, 6:47:30 AM PST",Entertainment,,POSITIVE,0.9998502731323242,reaction,information,"personal,informative,casual,dramatic,professional,funny",0.4980817437171936
23538,Dabin - Alive (Lyrics) feat. RUNN,"Apr 19, 2024, 6:58:29 PM PST",Music,Lyric Video,POSITIVE,0.9967027306556702,unknown,unknown,,0.9772804975509644
24370,Main Rang Sharbaton Ka (Reprise),"Apr 9, 2024, 6:42:53 AM PST",Music,Music Mix,NEGATIVE,0.5276826024055481,unknown,unknown,,0.9949966073036194
23539,SECRET GENERATOR SEWER ROOM! - Last Day on Earth: Survival,"Apr 19, 2024, 6:55:46 PM PST",Technology,,POSITIVE,0.9929520487785339,news,information,"serious,dramatic,informative,funny",0.8259167075157166
23964,This kid had a notebook with special abilities 😱 #shorts #viral #movies #cinemarecap,"Apr 14, 2024, 12:53:37 AM PST",Shorts,,NEGATIVE,0.9542553424835205,news,entertainment,"funny,dramatic,informative",0.9875745177268982
24371,ZINDA,"Apr 9, 2024, 6:38:50 AM PST",Entertainment,,POSITIVE,0.9982751607894897,reaction,information,"dramatic,serious,informative,funny,professional,personal",0.4668469727039337
23540,if found - Too Long (Lyrics) feat. Monika Santucci,"Apr 19, 2024, 6:55:19 PM PST",Comedy,,NEGATIVE,0.9977043271064758,review,comedy,"serious,dramatic,funny,informative",0.24517540633678436
23965,Sscary good 1v4 CLUTCH!,"Apr 14, 2024, 12:52:52 AM PST",Sports,,POSITIVE,0.9995678067207336,news,entertainment,"dramatic,serious,informative,professional,funny",0.9488817453384399
24372,Kya Mujhe Pyar Hai,"Apr 9, 2024, 6:34:24 AM PST",Comedy,,POSITIVE,0.9576937556266785,reaction,storytelling,"funny,dramatic,informative,casual,personal,serious,professional",0.9251863956451416
23966,Big Hunt Event in ldoe,"Apr 14, 2024, 12:52:27 AM PST",Sports,,POSITIVE,0.9650465250015259,news,entertainment,"dramatic,serious,informative,funny,professional",0.9725642800331116
23541,Culture Code - You & I (Lyrics) feat. Alexis Donn,"Apr 19, 2024, 6:51:46 PM PST",Music,Lyric Video,POSITIVE,0.9955410361289978,unknown,unknown,,0.753961980342865
23967,What REALLY happens when you report police on WAZE 👮🏼‍♂️,"Apr 13, 2024, 10:46:48 PM PST",Technology,,NEGATIVE,0.9833179712295532,guide,information,"serious,informative,dramatic,funny",0.13204966485500336
24373,BEGINNERS GUIDE FOR POLICE STATION! CLEAR WITHOUT GUNS!  - Last Day on Earth: Survival,"Apr 9, 2024, 6:02:41 AM PST",Tutorial,,POSITIVE,0.9897406101226807,tutorial,information,"informative,serious,dramatic",0.733990490436554
23542,"MEDZ, shXdow. - This Time (Official Lyric Video) ft. Monika Santucci","Apr 19, 2024, 6:47:59 PM PST",Music,Lyric Video,NEGATIVE,0.8851902484893799,unknown,unknown,,0.9905250072479248
24374,Tune Jo Na Kaha,"Apr 9, 2024, 5:49:42 AM PST",Music,Official Music Video,POSITIVE,0.9563615918159485,unknown,unknown,,0.9971794486045837
23543,Phoebe Ryan - Mine (Illenium Remix),"Apr 19, 2024, 6:43:46 PM PST",Music,Music Mix,NEGATIVE,0.9334700703620911,unknown,unknown,,0.9971413612365723
23968,Should this be illegal for kids? #martialarts #jiujitsu #submission #shorts #bjj,"Apr 13, 2024, 10:46:44 PM PST",Shorts,,NEGATIVE,0.9981173276901245,commentary,unknown,"dramatic,serious,informative,funny",0.5696812272071838
24375,Aabaad Barbaad,"Apr 9, 2024, 5:44:33 AM PST",Music,Official Music Video,NEGATIVE,0.5527375340461731,unknown,unknown,,0.2863573133945465
23544,PUBLIC - Make You Mine (Put Your Hand in Mine) [Official Video],"Apr 19, 2024, 6:39:47 PM PST",Music,Official Music Video,POSITIVE,0.999110996723175,unknown,unknown,,0.9929468631744385
23969,When Michael Schumacher walks towards the McLaren garage in Formula 1,"Apr 13, 2024, 10:45:55 PM PST",Sports,,NEGATIVE,0.9546598792076111,reaction,information,"dramatic,serious,informative,personal,funny,professional",0.9616782069206238
24376,Bin Tere,"Apr 9, 2024, 5:39:03 AM PST",Entertainment,,POSITIVE,0.9887446165084839,reaction,information,"dramatic,informative,serious,funny,casual,professional",0.4059690535068512
23545,One Direction - One Thing,"Apr 19, 2024, 6:39:16 PM PST",Entertainment,,POSITIVE,0.976109504699707,guide,information,"informative,dramatic,serious,funny",0.9204710125923157
23970,RENTALS Be Like... #paintball #paintballer #paintballing,"Apr 13, 2024, 10:45:35 PM PST",Sports,,NEGATIVE,0.9730228185653687,guide,entertainment,"informative,professional,dramatic,funny",0.9474488496780396
24377,Wake Up Sid! (Club Mix),"Apr 9, 2024, 5:35:19 AM PST",Music,Cover Song,POSITIVE,0.9981186985969543,unknown,unknown,,0.9909907579421997
23546,One Direction - Live While We're Young,"Apr 19, 2024, 6:35:57 PM PST",Music,Live Performance,POSITIVE,0.9985608458518982,unknown,unknown,,0.994869589805603
23971,Raze Pro Max (Part 3),"Apr 13, 2024, 10:45:34 PM PST",Technology,,NEGATIVE,0.9889983534812927,gameplay,information,"professional,dramatic,informative,serious,funny",0.9038313031196594
24378,KABHI KABHI ADITI,"Apr 9, 2024, 5:31:41 AM PST",Comedy,,POSITIVE,0.9719803929328918,reaction,storytelling,"informative,dramatic,funny,serious,personal,casual,professional",0.8660873770713806
23547,Owl City & Carly Rae Jepsen - Good Time (Official Video),"Apr 19, 2024, 6:32:29 PM PST",Music,Official Music Video,POSITIVE,0.9996949434280396,unknown,unknown,,0.9966987371444702
24379,Mere Bina,"Apr 9, 2024, 5:26:52 AM PST",Music,Official Music Video,NEGATIVE,0.9909115433692932,unknown,unknown,,0.3356699049472809
23972,The Perfect Lock #lockdown #lock #security #wow #funny #funnyvideo #funnyshorts #asia,"Apr 13, 2024, 10:45:12 PM PST",Shorts,,POSITIVE,0.9979129433631897,guide,comedy,"funny,dramatic,informative",0.5078128576278687
23548,Sons of The Forest Full Release Update v1.0 FULL,"Apr 19, 2024, 5:17:48 PM PST",Entertainment,,NEGATIVE,0.5216792225837708,news,information,"informative,dramatic,serious,professional,funny",0.5967769622802734
24380,O Sanam,"Apr 9, 2024, 5:23:09 AM PST",Entertainment,,POSITIVE,0.8574649691581726,reaction,information,"dramatic,serious,informative,funny,personal,professional,casual",0.43263328075408936
23973,https://www.youtube.com/watch?v=CO7Eh39kfog,"Apr 13, 2024, 10:44:50 PM PST",Entertainment,,NEGATIVE,0.9569876194000244,reaction,information,"funny,informative,dramatic,serious,professional",0.7040305137634277
23549,This Isn't Right! #SHORTS #FUNNY #COMDEY,"Apr 19, 2024, 5:06:02 PM PST",Shorts,,NEGATIVE,0.9962181448936462,commentary,comedy,"funny,casual,dramatic",0.9937294125556946
24381,Aaj Kal Zindagi,"Apr 9, 2024, 5:18:54 AM PST",Comedy,,POSITIVE,0.9826812148094177,reaction,storytelling,"informative,dramatic,funny,serious,casual,professional,personal",0.6676772832870483
23974,Princess Diana shakes hands with an AIDS patient in 1987. #shorts,"Apr 13, 2024, 10:44:33 PM PST",Shorts,,POSITIVE,0.5108314156532288,reaction,information,"informative,dramatic,personal,casual,funny",0.981937050819397
23550,Energy Systems & Creatine - Part 1 | #shorts 523,"Apr 19, 2024, 5:05:56 PM PST",Shorts,,NEGATIVE,0.9760240912437439,tutorial,information,"informative,dramatic",0.972743034362793
24382,THIS IS THE BEST WAY TO GET YOUR ATV! - Last Day on Earth: Survival,"Apr 8, 2024, 11:28:09 PM PST",Technology,,POSITIVE,0.9564762115478516,guide,information,"serious,informative,dramatic,funny",0.48796263337135315
23975,D'amato's boxing lesson,"Apr 13, 2024, 10:44:26 PM PST",Sports,,POSITIVE,0.9937031865119934,guide,information,"informative,serious,dramatic,professional,funny",0.9388989210128784
23551,Fix A Phone With A Glue Gun…? #Shorts,"Apr 19, 2024, 5:05:56 PM PST",Shorts,,NEGATIVE,0.9981624484062195,reaction,storytelling,"casual,funny,dramatic,personal",0.9900292158126831
24383,Basshunter - All I Ever Wanted | Ministry of Sound,"Apr 8, 2024, 11:10:14 PM PST",Music,Cover Song,POSITIVE,0.9818567633628845,unknown,unknown,,0.9970648884773254
23976,Messi's Free Kick Can Cost Your Job(@sharmeenshahid43),"Apr 13, 2024, 10:44:25 PM PST",News,,NEGATIVE,0.9987161159515381,news,information,"serious,dramatic,informative",0.36631447076797485
23552,The Best Motion Capture Actress,"Apr 19, 2024, 5:04:54 PM PST",Technology,,POSITIVE,0.9998077750205994,guide,information,"professional,informative,dramatic,serious",0.9678167700767517
24384,Manian - Welcome To The Club (Official Video),"Apr 8, 2024, 11:06:58 PM PST",Music,Official Music Video,POSITIVE,0.9978959560394287,unknown,unknown,,0.9842936396598816
23977,I DID IT AGAIN,"Apr 13, 2024, 10:44:12 PM PST",Entertainment,,POSITIVE,0.9977594614028931,reaction,information,"personal,professional,serious,informative,dramatic,funny",0.6571008563041687
23553,Amazing wallbang on vertigo in CS2,"Apr 19, 2024, 5:04:53 PM PST",Gaming,Esports,POSITIVE,0.9993434548377991,news,entertainment,"dramatic,funny,professional,informative",0.9881467819213867
23978,Recreating martial artist moves ✅ #shorts,"Apr 13, 2024, 10:43:51 PM PST",Shorts,,NEGATIVE,0.9717734456062317,news,entertainment,"funny,informative,casual,dramatic,professional",0.9881221652030945
23554,Bone Grafting Explained 🤔,"Apr 19, 2024, 5:04:51 PM PST",Podcast,,NEGATIVE,0.8797089457511902,tutorial,information,"informative,funny,dramatic,serious,professional",0.9701951742172241
23979,https://www.youtube.com/watch?v=6wALSeIcd4Q,"Apr 13, 2024, 10:43:00 PM PST",Entertainment,,NEGATIVE,0.9400442242622375,reaction,information,"informative,funny,dramatic,serious,professional",0.7506785988807678
24385,Dimitri Vegas & Like Mike & Tiësto & Dido & W&W - Thank You (Not So Bad) (Official video),"Apr 8, 2024, 11:04:49 PM PST",Music,Official Music Video,POSITIVE,0.9997863173484802,unknown,unknown,,0.992097795009613
23555,Most Expensive Superhero Fails!,"Apr 19, 2024, 5:03:50 PM PST",News,,NEGATIVE,0.9994680285453796,news,information,"dramatic,serious,informative,funny",0.39176279306411743
23980,Katana machine cuts different 😮‍💨,"Apr 13, 2024, 10:42:32 PM PST",Technology,,NEGATIVE,0.958332359790802,reaction,entertainment,"funny,dramatic,informative,professional,serious",0.9639049768447876
24386,Manian - Ravers in the UK,"Apr 8, 2024, 11:01:13 PM PST",Sports,,POSITIVE,0.9720723032951355,gameplay,information,"informative,dramatic,funny,professional",0.3630073368549347
23556,This $300 Pokémon Pack had 1 card MISSING..,"Apr 19, 2024, 5:03:49 PM PST",Gaming,Gameplay,NEGATIVE,0.9971135854721069,news,information,"dramatic,serious,informative,funny",0.9771678447723389
24387,Guru Josh Project - Infinity (Klaas Vocal Mix) [Ultra Records],"Apr 8, 2024, 10:57:58 PM PST",Music,Music Mix,POSITIVE,0.5509551763534546,unknown,unknown,,0.997840166091919
23981,Album drops Thursday midnight!!! 🤍✨ #freshoutthegallery brought to you by YouTube,"Apr 13, 2024, 10:42:29 PM PST",Music,Behind the Scenes,NEGATIVE,0.9606850743293762,unknown,unknown,,0.9873775243759155
23557,Robert Kiyosaki on India 🇮🇳✨️ #shorts #motivation,"Apr 19, 2024, 5:03:29 PM PST",Shorts,,POSITIVE,0.6946348547935486,guide,information,"informative,funny,dramatic,professional,casual",0.9955150485038757
23982,Spaghetti Western Face-Off With Dad,"Apr 13, 2024, 10:42:27 PM PST",Entertainment,,NEGATIVE,0.818993091583252,reaction,entertainment,"dramatic,funny,serious,informative,personal",0.9147114753723145
24388,"VØJ, Narvent - Memory Reboot (4K Music Video)","Apr 8, 2024, 10:54:02 PM PST",Music,Official Music Video,NEGATIVE,0.9937934875488281,unknown,unknown,,0.9975586533546448
23558,"Sh*t happen, ride safe my riders friend!!","Apr 19, 2024, 5:02:27 PM PST",News,,NEGATIVE,0.9532619714736938,reaction,information,"serious,informative,dramatic,personal",0.558746337890625
23983,SLICK CHECKMATE,"Apr 13, 2024, 10:41:46 PM PST",Comedy,,POSITIVE,0.9994624257087708,gameplay,comedy,"professional,informative,serious,funny,dramatic",0.9087916016578674
24389,Manian - Ravers Fantasy,"Apr 8, 2024, 10:50:24 PM PST",Entertainment,,POSITIVE,0.9861574172973633,guide,entertainment,"informative,dramatic,funny",0.6768317818641663
23559,PETER GRIFFIN DUNKS IN FORTNITE,"Apr 19, 2024, 5:02:11 PM PST",Comedy,,POSITIVE,0.9556816220283508,gameplay,comedy,"professional,dramatic,serious,funny,informative,personal",0.5425306558609009
23984,ULTIMATE PLANT COUNTER 🔌❌,"Apr 13, 2024, 10:41:24 PM PST",Technology,,POSITIVE,0.7295336127281189,guide,information,"professional,dramatic,informative,serious,funny",0.7389222979545593
24390,https://www.youtube.com/watch?v=6_NcXlg7XdE,"Apr 8, 2024, 10:50:10 PM PST",Entertainment,,NEGATIVE,0.9444981217384338,reaction,information,"informative,funny,dramatic,serious,professional",0.7562870979309082
23560,"🚨Offically a Twitch Affiliate, Thank You 🫶       #deadbydaylightsurvivor #dbd #gaming #shorts #fun","Apr 19, 2024, 5:01:54 PM PST",Shorts,,POSITIVE,0.9977895021438599,gameplay,entertainment,"funny,informative,dramatic",0.9348936676979065
24391,That #BLUFF 😬,"Apr 8, 2024, 10:49:16 PM PST",Comedy,,NEGATIVE,0.9881963133811951,commentary,comedy,"dramatic,funny,casual,personal",0.9941800832748413
23985,Her evil smirk😈 🔥 #jennaortega #tara #scream,"Apr 13, 2024, 10:41:11 PM PST",Entertainment,,NEGATIVE,0.9915788173675537,reaction,entertainment,"dramatic,funny,informative,personal",0.7337811589241028
23561,USB KILLER Vs. iPhone 15 Pro Max... #Shorts,"Apr 19, 2024, 5:01:53 PM PST",Shorts,,NEGATIVE,0.9975153207778931,gameplay,information,"dramatic,funny,casual,personal,informative",0.9925880432128906
24392,These People are banning Tik-Tok? 😂😂😂,"Apr 8, 2024, 10:48:55 PM PST",Comedy,,NEGATIVE,0.9951876401901245,news,comedy,"funny,dramatic,informative,personal",0.9839012622833252
23986,This Girl Tried To Walk Away With My Dogs But My Dogs Did This..,"Apr 13, 2024, 10:40:45 PM PST",News,,NEGATIVE,0.967333197593689,reaction,information,"personal,serious,dramatic,informative,funny",0.42205750942230225
23562,Couch. - Random clips from my friend group #004,"Apr 19, 2024, 5:00:29 PM PST",Entertainment,,NEGATIVE,0.9978799819946289,reaction,entertainment,"funny,casual",0.6427949070930481
23987,https://www.youtube.com/watch?v=gYI9Ok393Qc,"Apr 13, 2024, 10:40:21 PM PST",Entertainment,,NEGATIVE,0.9424546360969543,reaction,information,"informative,funny,dramatic,serious,professional",0.7619337439537048
23563,AKs are less reliable than you think - Bulgarian Arsenal SLR104,"Apr 19, 2024, 4:59:28 PM PST",Technology,,NEGATIVE,0.9997817873954773,news,information,"informative,serious,dramatic,funny",0.3164706528186798
24393,💀Atleast I used my last brain cell… #vrgame #vrgaming #oculus #quest2 #jamesplaysvr,"Apr 8, 2024, 10:48:51 PM PST",Gaming,Gameplay,NEGATIVE,0.9933696985244751,gameplay,entertainment,"dramatic,informative,funny",0.9731838703155518
24394,https://www.youtube.com/watch?v=GpPVhXqAbic,"Apr 8, 2024, 10:48:28 PM PST",Entertainment,,NEGATIVE,0.9604551792144775,reaction,information,"informative,funny,dramatic,serious,professional",0.7684420943260193
23988,Уровень больше 209 это не миф. Вопросы и ответы от разработчиков #ldoe,"Apr 13, 2024, 8:48:34 PM PST",Technology,,NEGATIVE,0.8737549185752869,reaction,information,"dramatic,serious,informative,funny,casual,professional,personal",0.5674806833267212
23564,Explosives are fun!!! #airsoft #airsoftgi #milsim #trending #gaming #short #shorts #milsim #cqb,"Apr 19, 2024, 4:59:15 PM PST",Shorts,,POSITIVE,0.9801585078239441,gameplay,entertainment,"funny,dramatic",0.5591919422149658
23565,when a geoguessr pro plays skribbl.io 🤯,"Apr 19, 2024, 4:59:10 PM PST",Sports,,NEGATIVE,0.988291323184967,gameplay,entertainment,"professional,funny,informative,dramatic,serious",0.5917367339134216
24395,Dude is literally Saitama in his verse #anime #shorts #animememes #animeedit,"Apr 8, 2024, 10:48:14 PM PST",Shorts,,NEGATIVE,0.9879289865493774,news,entertainment,"informative,dramatic,funny,personal,casual",0.7882300019264221
23566,Tactical garden trowel,"Apr 19, 2024, 4:59:10 PM PST",Technology,,POSITIVE,0.9765812158584595,gameplay,information,"informative,professional,funny,dramatic",0.9658213257789612
23989,Возвращение ярмарки не за горами. Шикарный ивент #ldoe #ластдей,"Apr 13, 2024, 8:48:20 PM PST",Technology,,NEGATIVE,0.8688564896583557,reaction,information,"dramatic,informative,serious,funny,casual,professional,personal",0.5839707851409912
24396,This Woman Has the Best Job in the World 🚚,"Apr 8, 2024, 10:47:48 PM PST",Technology,,POSITIVE,0.9997068047523499,news,information,"professional,funny,informative,dramatic,serious",0.3593970537185669
23567,Say Neighbor & win 100$ 😂 #zople #shorts,"Apr 19, 2024, 4:58:57 PM PST",Shorts,,NEGATIVE,0.9858031272888184,commentary,comedy,"funny,dramatic,casual,informative",0.9581056237220764
24397,LEAGUE OF LEGENDS CHARACTER ANIMATIONS #shorts,"Apr 8, 2024, 10:47:04 PM PST",Shorts,,NEGATIVE,0.9226610064506531,guide,entertainment,"casual,funny,informative",0.9365372061729431
23990,"Когда заглянул в комнату, а там что то страшное #ластдей #ldoe","Apr 13, 2024, 7:48:10 PM PST",Technology,,NEGATIVE,0.9428558945655823,reaction,information,"dramatic,informative,serious,funny,casual,professional,personal",0.6246786117553711
24398,How to kill Doctor Dread in Bunker Bravo - Last Day on Earth,"Apr 8, 2024, 10:46:59 PM PST",Tutorial,,NEGATIVE,0.9434356689453125,guide,information,"dramatic,informative,serious,professional",0.4303262233734131
23568,KESHA DOES IT AGAIN 🗣️🗣️🗣️🗣️🗣️,"Apr 19, 2024, 4:58:27 PM PST",Entertainment,,POSITIVE,0.9912000298500061,reaction,storytelling,"dramatic,funny,professional,informative,serious,personal",0.9209515452384949
24399,How to escape ropes (tutorial) 😱,"Apr 8, 2024, 10:46:02 PM PST",Tutorial,,NEGATIVE,0.673846423625946,tutorial,information,"funny,informative,dramatic,serious",0.9935826063156128
23991,Никогда не делай так! Зомби захватили базу в ласт дей #ldoe,"Apr 13, 2024, 7:48:08 PM PST",Comedy,,NEGATIVE,0.9218519926071167,reaction,information,"dramatic,funny,serious,informative,casual,personal,professional",0.6653422713279724
24400,voice actress vs. SCAMMER “Mike Wilson” 🤣 #irlrosie,"Apr 8, 2024, 10:45:22 PM PST",Comedy,,NEGATIVE,0.9880496859550476,commentary,comedy,"funny,dramatic,informative,personal",0.8630369901657104
23569,Richest Man In The World RETURNS to cause more chaos for Geoguessr Twitch Streamer (SKIT) #shorts,"Apr 19, 2024, 4:58:24 PM PST",Shorts,,NEGATIVE,0.9894617199897766,reaction,storytelling,"dramatic,funny,informative",0.9905086159706116
24401,When Ball Boy Become Hero 🤩,"Apr 8, 2024, 10:45:19 PM PST",Sports,,POSITIVE,0.9654142260551453,reaction,storytelling,"dramatic,funny,informative,serious,personal",0.9721148610115051
23570,Barry returns to save Iris🥶#shorts,"Apr 19, 2024, 4:58:23 PM PST",Shorts,,POSITIVE,0.8936073780059814,reaction,storytelling,"casual,dramatic,funny,informative,personal,professional",0.9956549406051636
24402,Another Kid Fried Rice,"Apr 8, 2024, 10:44:24 PM PST",Entertainment,,NEGATIVE,0.986415445804596,reaction,entertainment,"funny,dramatic,informative,casual",0.3035779893398285
23992,Пришлось просить помощи у разработчиков! Не повторяй такого #ldoe,"Apr 13, 2024, 7:48:06 PM PST",Entertainment,,NEGATIVE,0.8778654932975769,reaction,information,"dramatic,informative,funny,serious,casual,personal,professional",0.5553445219993591
23571,Part 2 | Success guaranteed #dogcomedy #dog #dogmom #dating,"Apr 19, 2024, 4:57:53 PM PST",Comedy,,POSITIVE,0.971163809299469,commentary,entertainment,"funny,informative,dramatic",0.974718451499939
23572,Path Tutorial #minecraft,"Apr 19, 2024, 4:56:59 PM PST",Tutorial,,POSITIVE,0.5079193711280823,tutorial,information,"informative,dramatic",0.9826509356498718
24403,"""Street self-defense techniques（21）""#thailand  fist#Thai fist#Martial Art #kungfu","""Street self-defense techniques（21）""#thailand  fist#Thai fist#Martial Art #kungfu",Tutorial,,NEGATIVE,0.9530839920043945,guide,information,"informative,dramatic",0.18106991052627563
23993,Miss Thailand 2023 nasilipan!👀🙈 #missthailand  #shorts #viral,"Apr 13, 2024, 7:47:28 PM PST",Shorts,,NEGATIVE,0.9819062948226929,reaction,entertainment,"funny,casual,informative,dramatic",0.9649834632873535
23573,"You Have Been Killed by Fast Biter in Sector 7/The Crater - Last Day on Earth, Survival","Apr 19, 2024, 4:56:38 PM PST",News,,NEGATIVE,0.9733370542526245,news,information,"serious,dramatic,personal,informative",0.5665920376777649
23994,PETER GRIFFIN OUTPLAYS NINJA,"Apr 13, 2024, 7:46:51 PM PST",Sports,,POSITIVE,0.9896064400672913,gameplay,comedy,"professional,dramatic,informative,serious,funny,personal",0.9663044214248657
23995,Filly Predicted It,"Apr 13, 2024, 7:46:16 PM PST",News,,NEGATIVE,0.5188905000686646,guide,information,"professional,informative,funny,serious,dramatic",0.7461227178573608
24404,💀Silencing a toxic trash talker in #WarOfWizards VR - pt. 2 #oculus #quest2 #vrgame #vrgaming,"Apr 8, 2024, 10:43:13 PM PST",Gaming,Gameplay,NEGATIVE,0.9987455606460571,gameplay,entertainment,"dramatic,informative,funny,personal,serious,professional",0.9577783346176147
23996,Ultimate Slick Back,"Apr 13, 2024, 7:46:03 PM PST",Technology,,POSITIVE,0.9986479878425598,guide,entertainment,"professional,informative,funny",0.4287789762020111
23574,Походка победителя 2 🕺 #portal #tiktok #давайвквест #квест #quest #chainsaw #бензопила,"Apr 19, 2024, 4:56:14 PM PST",Technology,,NEGATIVE,0.9612468481063843,reaction,entertainment,"informative,funny,dramatic,serious",0.3633575737476349
23575,The Bad Ending In A Difficult Game About Climbing,"Apr 19, 2024, 4:53:46 PM PST",Gaming,Gameplay,NEGATIVE,0.9996781349182129,gameplay,information,"dramatic,serious,informative",0.8023346662521362
24405,💀😭Chill dude going off the rails in War of Wizards… #vrgaming #warofwizards #oculus #quest2 #vr,"Apr 8, 2024, 10:42:25 PM PST",Gaming,Gameplay,NEGATIVE,0.9923201203346252,reaction,comedy,"funny,dramatic,casual,personal",0.9737620949745178
23997,Day 139 of dealing with traitors in War of Wizards #vrgame #vrgames #quest2 #vrgaming #warofwizards,"Apr 13, 2024, 7:45:32 PM PST",Gaming,Gameplay,NEGATIVE,0.9855818152427673,gameplay,entertainment,"informative,serious,dramatic",0.7966798543930054
23576,Traffic controller interrupts rapper,"Apr 19, 2024, 4:53:26 PM PST",Music,Behind the Scenes,NEGATIVE,0.994543194770813,unknown,unknown,,0.1480238139629364
23998,Can it bro💀,"Apr 13, 2024, 7:45:31 PM PST",Entertainment,,POSITIVE,0.6913534998893738,reaction,information,"funny,informative,serious,dramatic,casual,professional,personal",0.5333738327026367
24406,LDoE BUT I HAVE NO LUCK! (Beginner F2P) - Last Day on Earth: Survival,"Apr 8, 2024, 10:22:16 PM PST",Gaming,Gameplay,POSITIVE,0.9589086771011353,gameplay,information,"dramatic,serious,personal,informative,funny",0.19853563606739044
23999,It’s longer than the movie! #shorts,"Apr 13, 2024, 7:44:36 PM PST",Shorts,,NEGATIVE,0.9883154630661011,news,storytelling,"dramatic,funny,informative",0.6946275234222412
23577,"Have helium, will travel🚶#backpacking #balloon #adventure #diy #inventions #engineer","Apr 19, 2024, 4:53:02 PM PST",Technology,,NEGATIVE,0.8991554975509644,guide,entertainment,"informative,funny,dramatic,casual,personal",0.7360713481903076
24407,Don't Get Fooled By This Trick,"Apr 8, 2024, 8:59:35 PM PST",Podcast,,POSITIVE,0.9969093203544617,guide,storytelling,"serious,dramatic",0.41220882534980774
23578,The Giant Cannibals Are TERRIFYING (Part 2) | Sons of the Forest,"Apr 19, 2024, 4:52:31 PM PST",Podcast,,NEGATIVE,0.9692562222480774,reaction,information,"serious,dramatic,informative",0.9465123414993286
24408,The Guy That Made ‘Billie Eilish’ Pulled Up To The Studio… 👀,"Apr 8, 2024, 8:59:28 PM PST",Music,Cover Song,NEGATIVE,0.5349220037460327,unknown,unknown,,0.9907172322273254
23579,Shinkansen 0 x Squid Games ANOMALY!? #shorts,"Apr 19, 2024, 4:51:31 PM PST",Shorts,,NEGATIVE,0.997200608253479,reaction,entertainment,"dramatic,casual,funny,informative",0.9839467406272888
24000,[발로란트] 어센트 소바 B 사이트 충격화살 수비 진영 #valorantclips #valorant,"Apr 13, 2024, 7:43:57 PM PST",Vlogs,,POSITIVE,0.9461230635643005,reaction,information,"dramatic,informative,funny,serious,professional,personal,casual",0.6902387142181396
24409,The Smartest Among Us VR Player Ever,"Apr 8, 2024, 8:59:25 PM PST",Technology,,POSITIVE,0.9998394250869751,news,information,"professional,informative,dramatic,serious",0.9531439542770386
23580,They tried to Scooter Jack me in Oakland!,"Apr 19, 2024, 4:51:08 PM PST",News,,NEGATIVE,0.9959789514541626,news,information,"serious,personal,dramatic,funny,informative",0.32026633620262146
23581,The Real Truth Behind Omegle’s Shut Down,"Apr 19, 2024, 4:50:29 PM PST",Gaming,Review,NEGATIVE,0.9990460276603699,news,information,"informative,serious,dramatic,professional",0.8013736009597778
24001,When will I be like him?🕴🏿 #michaeljackton #moonwalk #kingofpop #mj #michaeljackson,"Apr 13, 2024, 7:43:27 PM PST",Music,Official Music Video,NEGATIVE,0.5753783583641052,unknown,unknown,,0.8440633416175842
24410,Be kind #car #corvette #funny #c8 #ferrari #foryou #mycar #prank #corvettec8 #lamborghini #shorts,"Apr 8, 2024, 8:59:11 PM PST",Comedy,,NEGATIVE,0.9611160159111023,reaction,comedy,"funny,personal,informative",0.9916597604751587
24002,#freshoutthegallery brought to you by YouTube shorts 🐅,"Apr 13, 2024, 7:43:25 PM PST",Shorts,,POSITIVE,0.9585002064704895,reaction,entertainment,"funny,dramatic,informative",0.9872073531150818
24411,Don't mess with strong woman #shorts,"Apr 8, 2024, 8:58:19 PM PST",Shorts,,NEGATIVE,0.9624193906784058,guide,information,"informative,professional,serious,personal,dramatic,funny",0.9938313961029053
23582,HOW TO EASILY KILL HARDMODE A2 BOSS CARRION IN LAB - Last Day on Earth: Survival,"Apr 19, 2024, 4:49:27 PM PST",Tutorial,,POSITIVE,0.9875079989433289,guide,information,"serious,informative,dramatic,professional,funny",0.2558002173900604
24003,FASTEST WAY TO WIN IN LEAGUE OF LEGENDS #shorts,"Apr 13, 2024, 7:42:57 PM PST",Shorts,,POSITIVE,0.9993773102760315,gameplay,information,"informative,funny,dramatic,casual",0.9854680299758911
24412,https://www.youtube.com/watch?v=VMWHTMc0qRM,"Apr 8, 2024, 8:57:16 PM PST",Entertainment,,NEGATIVE,0.9589048624038696,reaction,information,"informative,funny,dramatic,serious,professional",0.7520991563796997
23583,Did you know that in POLICE ACADEMY...,"Apr 19, 2024, 4:49:10 PM PST",News,,NEGATIVE,0.9633987545967102,news,information,"informative,professional,serious,dramatic,funny",0.10593840479850769
24004,Lesson Learned 😂 #shorts,"Apr 13, 2024, 7:42:37 PM PST",Shorts,,NEGATIVE,0.9599535465240479,guide,information,"informative,funny,dramatic,casual",0.9921467900276184
24413,the 1v5 incident,"Apr 8, 2024, 8:56:21 PM PST",Sports,,NEGATIVE,0.9907363057136536,news,information,"dramatic,serious,informative,funny",0.910251796245575
23584,Taktikball K. H. 16 🏚☠️,"Apr 19, 2024, 4:48:55 PM PST",Sports,,NEGATIVE,0.9909350275993347,gameplay,information,"informative,funny,dramatic,professional,serious",0.16849881410598755
24005,Suspect makes a clean escape jumping out of car during high-speed chase,"Apr 13, 2024, 7:42:24 PM PST",News,,POSITIVE,0.9880535006523132,news,information,"dramatic,serious,informative,professional,funny",0.41105255484580994
24414,"""White Girl"" Shocks Entire Comedy Show","Apr 8, 2024, 8:56:19 PM PST",Comedy,,POSITIVE,0.998206377029419,reaction,comedy,"dramatic,funny,informative",0.9912030100822449
24006,#nunchaku,"Apr 13, 2024, 7:41:51 PM PST",Gaming,Gameplay,NEGATIVE,0.9749017953872681,gameplay,entertainment,"dramatic,informative,funny,professional,serious",0.19659358263015747
23585,Самый уникальный верный друг с 300 % урона #ldoe,"Apr 19, 2024, 4:48:39 PM PST",Technology,,NEGATIVE,0.9580510854721069,reaction,information,"dramatic,serious,informative,funny,professional,casual",0.4821653366088867
24007,Kallmekris reveals her real name,"Apr 13, 2024, 7:41:33 PM PST",Entertainment,,POSITIVE,0.9989832043647766,news,information,"personal,dramatic,informative,professional,serious,funny",0.5711437463760376
24415,When Sunil Shetty Saved 128 Girls 😮 #bollywood #india @KnowledgePedia2023,"Apr 8, 2024, 8:55:34 PM PST",Entertainment,,POSITIVE,0.7988470196723938,news,information,"funny,dramatic,informative,serious",0.8982224464416504
23586,I GOT CHEATED ON!? 😢 #motorcycles,"Apr 19, 2024, 4:48:18 PM PST",Comedy,,NEGATIVE,0.990754246711731,reaction,storytelling,"dramatic,personal,serious,informative,funny",0.2602355480194092
24008,YOU MUST USE THIS NEW SECRET WEAPON NOW! - Last Day on Earth: Survival,"Apr 13, 2024, 7:39:27 PM PST",News,,POSITIVE,0.9954830408096313,news,information,"serious,dramatic,informative,professional,personal",0.7267130613327026
24416,The knee drop was crazy 😱 #dance,"Apr 8, 2024, 8:54:59 PM PST",Entertainment,,NEGATIVE,0.7069453001022339,reaction,entertainment,"dramatic,funny,informative",0.9675835371017456
23587,@mkbhd's Camera is crazy! iPhone 15 Launch #shorts,"Apr 19, 2024, 4:47:49 PM PST",Shorts,,NEGATIVE,0.9619174599647522,news,entertainment,"dramatic,funny,informative",0.961514413356781
24417,BEGINNER GETS RICH THE SMART WAY! - Last Day on Earth: Survival,"Apr 8, 2024, 8:43:12 PM PST",Technology,,POSITIVE,0.999860405921936,guide,information,"informative,serious,dramatic,funny",0.04744109883904457
23588,So many tears #couplegoals,"Apr 19, 2024, 4:47:44 PM PST",Entertainment,,POSITIVE,0.9428480863571167,reaction,entertainment,"dramatic,informative",0.2778608202934265
24009,"WRENCH ON THE RECYCLER - Last Day On Earth;Survival,LDOE, XxAdeexX, Season 37","Apr 13, 2024, 7:39:16 PM PST",Comedy,,POSITIVE,0.9859030246734619,reaction,storytelling,"dramatic,serious,informative,funny,professional",0.2761213779449463
24418,Let me Troll Her 😈 | Elden Ring,"Apr 8, 2024, 8:42:59 PM PST",Comedy,,NEGATIVE,0.9900249242782593,reaction,entertainment,"funny,dramatic,informative",0.9473230242729187
23589,https://www.youtube.com/watch?v=EjhOweS4Rzw,"Apr 19, 2024, 4:47:35 PM PST",Entertainment,,NEGATIVE,0.9626429080963135,reaction,information,"informative,serious,funny,dramatic,professional",0.6924718022346497
24010,Plage Coquillage First kiss song (Unofficial Instrumental),"Apr 13, 2024, 7:04:29 PM PST",Music,Behind the Scenes,NEGATIVE,0.8298286199569702,unknown,unknown,,0.9908784031867981
24419,I need a refund 😅 @evelyn_gonzalez,"Apr 8, 2024, 8:30:51 PM PST",Comedy,,NEGATIVE,0.9985853433609009,reaction,comedy,"funny,personal,dramatic,serious,informative",0.6768136024475098
24420,Sound Of Walking Away X Divinity X Shelter (Music Video),"Apr 8, 2024, 8:24:46 PM PST",Music,Music Mix,NEGATIVE,0.9842373728752136,unknown,unknown,,0.9950057864189148
23590,A keychain with soft bulletes #keychain #toys #stressrelief  #losangeles #miami #newyork,"Apr 19, 2024, 4:47:17 PM PST",Technology,,NEGATIVE,0.9906740784645081,reaction,entertainment,"funny,informative",0.03118048794567585
24421,Mr.Kitty • After Dark // Jennifer Connelly • Career Opportunities,"Apr 8, 2024, 8:17:18 PM PST",Entertainment,,POSITIVE,0.999312162399292,guide,information,"informative,dramatic,funny,professional",0.572924792766571
24011,shree krishna govind hare Murari he nath narayan vasudeva song (krishna bhajan)#love #lordkrishna,"Apr 13, 2024, 5:10:21 PM PST",Music,Lyric Video,POSITIVE,0.9933438301086426,unknown,unknown,,0.9918213486671448
23591,the crosshair 💀#gaming #shorts #viral #valorant #valorantclips #valorantgaming #funny #funnyvideo,"Apr 19, 2024, 4:47:04 PM PST",Gaming,Gameplay,POSITIVE,0.6432132720947266,gameplay,entertainment,"funny,dramatic",0.9966121912002563
24422,King - Tu Aake Dekhle | The Carnival | The Last Ride | Prod. by Shahbeatz | Latest Hit Songs 2020,"Apr 8, 2024, 8:11:54 PM PST",Music,Music Mix,POSITIVE,0.9236475825309753,unknown,unknown,,0.9938241839408875
24012,Yei O Vitthale Maze Mauli Ye | Vitthal Aarti with Lyrics | Marathi Devotional Song | Marathi Aarti,Yei O Vitthale Maze Mauli Ye | Vitthal Aarti with Lyrics | Marathi Devotional Song | Marathi Aarti,Music,Music Mix,POSITIVE,0.9165118932723999,unknown,unknown,,0.9896697998046875
23592,He’s going crazy 🔥,"Apr 19, 2024, 4:46:48 PM PST",Entertainment,,NEGATIVE,0.9789968729019165,reaction,entertainment,"dramatic,funny,personal,informative",0.8484562635421753
24423,Backstreet Boys - I Want It That Way (Official HD Video),"Apr 8, 2024, 8:07:40 PM PST",Music,Official Music Video,POSITIVE,0.9982826709747314,unknown,unknown,,0.9982782602310181
23593,Flying chinchilla,"Apr 19, 2024, 4:46:32 PM PST",Entertainment,,POSITIVE,0.9929245710372925,reaction,entertainment,"dramatic,funny,informative,serious,personal,casual",0.7415928840637207
24013,"YEI OH VITTHALE | DJ RINK | GANPATI SPECIAL | Ganpati songs | Vitthal Aarti | ""BOLLYGRAM 14"" |","Apr 13, 2024, 5:06:34 PM PST",Entertainment,,NEGATIVE,0.9305840730667114,reaction,entertainment,"informative,funny,dramatic,professional",0.9933751821517944
24424,Eminem - Space Bound (Official Video),"Apr 8, 2024, 8:03:26 PM PST",Music,Official Music Video,POSITIVE,0.9230219125747681,unknown,unknown,,0.9979497790336609
24014,SHENDUR LAAL CHADHAYO (AARTI),"Apr 13, 2024, 5:04:09 PM PST",Technology,,POSITIVE,0.893267035484314,guide,information,"dramatic,serious,professional,informative,funny,personal",0.6476719975471497
24425,Porter Robinson - Musician (Together Live 2022: perfect version),"Apr 8, 2024, 7:58:13 PM PST",Music,Live Performance,POSITIVE,0.998790442943573,unknown,unknown,,0.9960923194885254
23594,They want to Rob him🔥💀| @ActiveSelfProtection @_Z3LDR1S_ | #goviral #fypシ #shortsfeed #trollface,"Apr 19, 2024, 4:46:16 PM PST",Shorts,,NEGATIVE,0.998017430305481,reaction,entertainment,"dramatic,funny",0.9095713496208191
24015,Shree Siddhivinayak Mantra And Aarti,"Apr 13, 2024, 4:57:16 PM PST",Music,Music Mix,POSITIVE,0.902162492275238,unknown,unknown,,0.916804850101471
24426,https://www.youtube.com/watch?v=4fmiAmoiE4M,"Apr 8, 2024, 7:50:14 PM PST",Entertainment,,NEGATIVE,0.966079592704773,reaction,information,"informative,funny,dramatic,serious,professional",0.7579159140586853
23595,Don’t Bash Mirrors In! (Do This Instead!) 🤣 #shorts,"Apr 19, 2024, 4:45:55 PM PST",Shorts,,NEGATIVE,0.9947127103805542,guide,information,"funny,informative,dramatic,casual",0.9753139615058899
24016,DUS BAHANE (EXTENDED),"Apr 13, 2024, 4:51:34 PM PST",Entertainment,,POSITIVE,0.65593022108078,commentary,information,"dramatic,serious,informative,funny,professional",0.5945572853088379
24427,What I've Done (Official Music Video) [4K Upgrade] - Linkin Park,"Apr 8, 2024, 7:46:10 PM PST",Music,Official Music Video,NEGATIVE,0.6299251914024353,unknown,unknown,,0.9952874779701233
24017,Namo Namo,"Apr 13, 2024, 4:51:32 PM PST",Music,Official Music Video,POSITIVE,0.5455085039138794,unknown,unknown,,0.619493305683136
23596,UP CLOSE❗️❗️❗️❗️#glock #fyp #shorts #training #thegunhuddx,"Apr 19, 2024, 4:45:45 PM PST",Shorts,,NEGATIVE,0.9909508228302002,guide,information,"informative,dramatic,serious,funny,professional",0.9633992910385132
24428,Sean Paul - She Doesn't Mind (Official Video),"Apr 8, 2024, 7:43:42 PM PST",Music,Official Music Video,NEGATIVE,0.9926175475120544,unknown,unknown,,0.9886139631271362
24018,"Ullu Ka Pattha (From ""Jagga Jasoos"")","Apr 13, 2024, 4:51:31 PM PST",Music,Cover Song,NEGATIVE,0.9924969673156738,unknown,unknown,,0.7931156158447266
23597,they're waiter is literally Patrick mahomes,"Apr 19, 2024, 4:45:21 PM PST",Comedy,,NEGATIVE,0.7906394004821777,news,comedy,"professional,informative,funny,casual,serious,dramatic",0.1400192528963089
24429,Edward Maya ft. Vika Jigulina - This Is My Life,Edward Maya ft. Vika Jigulina - This Is My Life,Music,Cover Song,POSITIVE,0.9989365935325623,unknown,unknown,,0.9928175806999207
24019,Sheher Mein,"Apr 13, 2024, 4:50:16 PM PST",Comedy,,POSITIVE,0.8192785382270813,guide,storytelling,"dramatic,informative,serious,personal,funny,professional,casual",0.5446955561637878
23598,Quick answer makes Steve hiss! #shorts,"Apr 19, 2024, 4:45:06 PM PST",Shorts,,NEGATIVE,0.987113356590271,reaction,information,"dramatic,personal,funny,informative",0.9932233691215515
24430,Pitbull - Rain Over Me ft. Marc Anthony,Pitbull - Rain Over Me ft. Marc Anthony,Music,Music Mix,POSITIVE,0.9880532026290894,unknown,unknown,,0.9985194802284241
23599,bruh moment,"Apr 19, 2024, 4:44:54 PM PST",Comedy,,POSITIVE,0.6184541583061218,reaction,comedy,"dramatic,funny,personal,casual",0.9819425940513611
24020,"Khalbali (From ""Rang De Basanti"")","Apr 13, 2024, 4:43:57 PM PST",Music,Cover Song,NEGATIVE,0.7628974914550781,unknown,unknown,,0.5823412537574768
24431,Axwell /\ Ingrosso - More Than You Know,"Apr 8, 2024, 7:39:46 PM PST",Music,Behind the Scenes,POSITIVE,0.5980165004730225,unknown,unknown,,0.9926137328147888
23600,Cartel members dumping product in high-speed chase,"Apr 19, 2024, 4:44:34 PM PST",News,,NEGATIVE,0.9982560276985168,news,information,"dramatic,serious,informative,funny",0.37725475430488586
24021,Ve Haaniyaan,"Apr 13, 2024, 2:21:59 PM PST",Comedy,,POSITIVE,0.9583518505096436,reaction,comedy,"dramatic,funny,informative,serious,personal,professional,casual",0.4851796627044678
24432,Satranga,"Apr 8, 2024, 12:36:24 PM PST",Entertainment,,NEGATIVE,0.8559064269065857,guide,information,"dramatic,serious,informative,professional,personal,funny",0.3703731894493103
24022,Pehle Bhi Main,"Apr 13, 2024, 2:17:49 PM PST",Comedy,,NEGATIVE,0.642456591129303,reaction,comedy,"funny,dramatic,informative,serious,casual,personal,professional",0.9164804816246033
23601,Wait for reaction 👀🔥#killeraloksingh #shorts,"Apr 19, 2024, 4:44:24 PM PST",Shorts,,NEGATIVE,0.998798131942749,reaction,entertainment,"dramatic,funny,serious,informative,personal",0.978067934513092
24433,Saari Duniya Jalaa Denge (Extended Film Version),"Apr 8, 2024, 12:30:38 PM PST",Entertainment,,NEGATIVE,0.9946328401565552,reaction,storytelling,"dramatic,informative,funny,serious,professional",0.6979650259017944
24023,Akhiyaan Gulaab,"Apr 13, 2024, 2:14:58 PM PST",Comedy,,NEGATIVE,0.8898099064826965,reaction,information,"informative,dramatic,funny,serious,professional,casual,personal",0.6217514276504517
23602,https://www.youtube.com/watch?v=HnBGNsfuaaM,"Apr 19, 2024, 4:43:39 PM PST",Entertainment,,NEGATIVE,0.9646309018135071,reaction,information,"informative,funny,dramatic,serious,professional",0.7729382514953613
23603,Please ride safe everyone. #motorcycles #crash #biker #bikelife #bikelover,"Apr 19, 2024, 4:43:19 PM PST",News,,POSITIVE,0.9625998139381409,guide,information,"informative,serious,dramatic",0.247793048620224
24434,Connor Price & Harsh Likhari - Customs (Lyric Video) 🇮🇳 🌎,"Apr 8, 2024, 12:12:57 PM PST",Music,Lyric Video,NEGATIVE,0.9697451591491699,unknown,unknown,,0.9541317224502563
24024,"Tum Kya Mile - Pritam' s Version (From ""Rocky Aur Rani Kii Prem Kahaani"")","Apr 13, 2024, 2:11:46 PM PST",Music,Cover Song,POSITIVE,0.6542984247207642,unknown,unknown,,0.9912274479866028
23604,This looks intense! (via @kingsleagueamericas/TT),"Apr 19, 2024, 4:43:08 PM PST",Sports,,POSITIVE,0.9992697834968567,news,information,"dramatic,serious,professional,informative,personal",0.9205017685890198
24435,⭐ Everything Goes On - Porter Robinson | A Community Cover,"Apr 8, 2024, 12:12:38 PM PST",Entertainment,,POSITIVE,0.9913034439086914,reaction,storytelling,"informative,casual,funny",0.7283235192298889
24025,Husn,"Apr 13, 2024, 2:08:08 PM PST",Tutorial,,POSITIVE,0.9368075132369995,reaction,information,"serious,dramatic,personal,informative,funny,professional",0.07255077362060547
23605,Geoguessr Twitch Streamer Realises He Messed Up(SKIT) #shorts,"Apr 19, 2024, 4:42:50 PM PST",Shorts,,NEGATIVE,0.9987000226974487,reaction,information,"dramatic,casual,personal,informative,funny",0.9857640862464905
24436,Bro went crazy at the end… 👀 ‘Customs’ is out now,"Apr 8, 2024, 12:10:08 PM PST",Comedy,,NEGATIVE,0.9970448613166809,reaction,entertainment,"dramatic,funny,informative,personal,serious",0.20706577599048615
24026,Ve Kamleya - Asees Version,"Apr 13, 2024, 2:05:07 PM PST",Entertainment,,NEGATIVE,0.9643954634666443,reaction,information,"informative,dramatic,serious,funny,professional",0.35543447732925415
24437,The crime committed for the movie Fast and Furious Tokyo drift,"Apr 8, 2024, 12:09:47 PM PST",News,,NEGATIVE,0.981395423412323,guide,information,"serious,dramatic,informative,funny",0.005173232406377792
24027,"VØJ, Narvent - Memory Reboot (4K Music Video)","Apr 13, 2024, 1:40:51 PM PST",Music,Official Music Video,NEGATIVE,0.9937934875488281,unknown,unknown,,0.9975586533546448
23606,I NEED TO DO MORE TRICKSHOTS #bladeandsorcery #games #gamingvideos #vr #gameplay #gaming #gamer,"Apr 19, 2024, 4:42:26 PM PST",Gaming,Gameplay,NEGATIVE,0.999351441860199,gameplay,entertainment,"informative,dramatic,personal",0.9585158228874207
23607,BREACHES REVENGE 💔,"Apr 19, 2024, 4:42:11 PM PST",Technology,,NEGATIVE,0.9857484698295593,reaction,analysis,"serious,dramatic,informative,personal",0.18212857842445374
24438,ABHI ME PURA FREE HU 😄🤣 #funny #funnyshorts #valorant #valorantclips #valorantindia #viral,"Apr 8, 2024, 12:09:40 PM PST",Comedy,,NEGATIVE,0.8347616195678711,reaction,comedy,"funny,casual",0.9817641377449036
24028,गुजराती हांडवो | Traditional Gujarati Veg Handvo Recipe | Gujarati Cake,"Apr 13, 2024, 1:17:07 PM PST",Reviews,,NEGATIVE,0.7733240127563477,guide,information,"informative,dramatic,funny",0.03925912827253342
24029,Crispy Handvo | #shorts,"Apr 13, 2024, 1:16:54 PM PST",Shorts,,NEGATIVE,0.9466228485107422,reaction,information,"casual,informative,funny,dramatic,professional,personal",0.989300012588501
24439,"Tonight at midnight, DEBUT ALBUM DROP!!! #freshoutthegallery brought to you by YouTube","Apr 8, 2024, 12:09:39 PM PST",Entertainment,,POSITIVE,0.927782416343689,news,entertainment,"dramatic,informative,funny,professional",0.9838090538978577
23608,NEW LDoE UPDATE IS HERE! (but it isn't what you think) - Last Day on Earth: Survival,"Apr 19, 2024, 4:39:43 PM PST",News,,NEGATIVE,0.9910756349563599,news,information,"serious,dramatic,informative,professional,funny",0.9450147151947021
23609,SUBHANALLAH,"Apr 19, 2024, 12:51:56 PM PST",Entertainment,,POSITIVE,0.9612566232681274,guide,information,"dramatic,serious,informative,funny,casual,personal,professional",0.18955935537815094
24030,Instant Suji Handvo #foodshorts #shortsyoutube #trending #shortvideo #shots,"Apr 13, 2024, 1:16:48 PM PST",Shorts,,NEGATIVE,0.9926735758781433,guide,entertainment,"casual,funny,informative",0.9802073836326599
24440,Sus kid gets trolled by a ‘newbie’ (FULL VID) #vrgame #oculus #quest2 #vrgaming #warofwizards,"Apr 8, 2024, 12:08:03 PM PST",Gaming,Gameplay,NEGATIVE,0.9994955062866211,gameplay,information,"funny,dramatic,informative,personal,serious",0.9556354880332947
23610,Aajkal Tere Mere Pyar Ke Charche,"Apr 19, 2024, 12:48:50 PM PST",Comedy,,POSITIVE,0.5723615288734436,reaction,storytelling,"informative,dramatic,funny,serious,casual,personal,professional",0.8736332654953003
24031,CUCO - Lover Is a Day (Audio),"Apr 13, 2024, 1:15:24 PM PST",Music,Cover Song,POSITIVE,0.6474738717079163,unknown,unknown,,0.937140703201294
24441,The Triple Ring Toss Trickshot !,"Apr 8, 2024, 12:06:48 PM PST",Technology,,POSITIVE,0.9921884536743164,news,entertainment,"dramatic,funny,informative,professional,serious",0.9828635454177856
23611,"Mere Sohneya (From ""Kabir Singh"")","Apr 19, 2024, 12:45:37 PM PST",Comedy,,POSITIVE,0.6065371036529541,reaction,storytelling,"dramatic,informative,funny,serious,casual",0.740695059299469
24032,Oats Chilla | Shilpa Shetty Kundra | Healthy Recipes | The Art Of Loving Food,"Apr 13, 2024, 1:14:44 PM PST",Podcast,,POSITIVE,0.9987642765045166,guide,information,"informative,personal",0.10039025545120239
23612,Husn Mashup,"Apr 19, 2024, 12:41:49 PM PST",Entertainment,,NEGATIVE,0.9918544292449951,reaction,comedy,"dramatic,funny,informative",0.7030041813850403
24033,Porter Robinson - Get Your Wish (Secret Sky Edit),"Apr 13, 2024, 12:12:14 PM PST",Podcast,,POSITIVE,0.6360278129577637,guide,storytelling,"informative,professional,dramatic,serious,funny,personal",0.9585313200950623
23613,Hasi (Female Version),"Apr 19, 2024, 12:40:51 PM PST",Entertainment,,POSITIVE,0.7844244241714478,reaction,information,"dramatic,informative,serious,funny,professional,casual,personal",0.5516512989997864
24442,💀Taking down a sweaty kid in War of Wizards… #vrgame #oculus #quest2 #vrgaming #warofwizards,"Apr 8, 2024, 12:05:53 PM PST",Gaming,Gameplay,NEGATIVE,0.99431312084198,gameplay,entertainment,"dramatic,funny,informative,personal",0.862909734249115
24034,Just Minutes to Your oneAPI Project on Intel® DevCloud  | Intel Software,"Apr 13, 2024, 11:03:39 AM PST",Technology,,NEGATIVE,0.9943683743476868,guide,information,"informative,professional,dramatic",0.8970815539360046
23614,O Maahi,"Apr 19, 2024, 12:36:57 PM PST",Music,Official Music Video,POSITIVE,0.988103449344635,unknown,unknown,,0.5492512583732605
24035,Cool Music Mix For Gaming 2024 ♫ Top NCS Gaming Music ♫ Remixes of popular songs,"Apr 13, 2024, 9:12:24 AM PST",Music,Music Mix,POSITIVE,0.9997416138648987,unknown,unknown,,0.9857884645462036
24443,When You Think Already Opened The Terminal But😵| LDOE Bunker Alfa 4th Floor #Shorts #LastDayOnEarth,"Apr 8, 2024, 12:05:02 PM PST",Shorts,,NEGATIVE,0.9980694651603699,commentary,comedy,"funny,dramatic,casual",0.9932078123092651
23615,Ve Haaniyaan,"Apr 19, 2024, 12:32:57 PM PST",Comedy,,POSITIVE,0.9583518505096436,reaction,comedy,"dramatic,funny,informative,serious,personal,professional,casual",0.4851796627044678
24036,https://www.youtube.com/watch?v=4fmiAmoiE4M,"Apr 13, 2024, 9:04:41 AM PST",Entertainment,,NEGATIVE,0.966079592704773,reaction,information,"informative,funny,dramatic,serious,professional",0.7579159140586853
23616,Maan Meri Jaan,"Apr 19, 2024, 12:32:56 PM PST",Comedy,,POSITIVE,0.9047510027885437,reaction,comedy,"funny,dramatic,informative,serious,casual,personal,professional",0.8082795143127441
24444,"If I Get Shot, I Take A Shot! (Buckshot Roulette)","Apr 8, 2024, 11:58:56 AM PST",Gaming,Gameplay,POSITIVE,0.9130292534828186,gameplay,entertainment,"dramatic,funny,informative,personal,serious",0.9017965197563171
24445,Operator Is Brutal,"Apr 8, 2024, 11:58:50 AM PST",Shorts,,NEGATIVE,0.9974523186683655,reaction,unknown,"serious,dramatic",0.015012424439191818
23617,Mann Mera,"Apr 19, 2024, 12:32:54 PM PST",Music,Official Music Video,NEGATIVE,0.8234203457832336,unknown,unknown,,0.5474373698234558
24037,SENMQTT SET  An Intelligent Intrusion Detection in IoT MQTT Networks Using Ensemble Multi Cascade Fe,"Apr 13, 2024, 9:04:20 AM PST",Technology,,POSITIVE,0.6107698082923889,news,information,"informative,professional,serious,dramatic",0.951686441898346
24446,Don't Make This Mistake In Buckshot Roulette,"Apr 8, 2024, 11:47:10 AM PST",Gaming,Gameplay,POSITIVE,0.8339250683784485,guide,information,"serious,dramatic,informative",0.9516899585723877
23618,Iktara,"Apr 19, 2024, 12:32:54 PM PST",Technology,,POSITIVE,0.9612319469451904,reaction,information,"dramatic,professional,informative,serious,personal,funny,casual",0.7359127402305603
24038,iot malware detection and classification using deep learning,"Apr 13, 2024, 9:01:55 AM PST",Technology,,NEGATIVE,0.8850728273391724,news,information,"informative,professional,serious,dramatic",0.8425087928771973
23619,Nazm Nazm,"Apr 19, 2024, 12:32:52 PM PST",Music,Official Music Video,NEGATIVE,0.6987879872322083,unknown,unknown,,0.8662074208259583
24039,Something Comforting,"Apr 13, 2024, 8:58:04 AM PST",Music,Music Mix,POSITIVE,0.9998342990875244,unknown,unknown,,0.6099086999893188
24447,Meet 2023 National Spelling-Bee Champion🏆🥇||Ft.@ScrippsNationalSpellingBee,"Apr 8, 2024, 11:47:01 AM PST",News,,POSITIVE,0.5450264811515808,news,information,"informative,professional,dramatic,serious,funny",0.1282840073108673
23620,"Tere Bin (From ""Simmba"")","Apr 19, 2024, 12:32:51 PM PST",Entertainment,,POSITIVE,0.6074907779693604,reaction,storytelling,"dramatic,funny,informative,serious",0.869416356086731
24040,MITRAZ - Akhiyaan (Official Music Video),"Apr 13, 2024, 8:54:52 AM PST",Music,Official Music Video,POSITIVE,0.9222614765167236,unknown,unknown,,0.9962985515594482
23621,Main Rang Sharbaton Ka,"Apr 19, 2024, 12:28:46 PM PST",Comedy,,NEGATIVE,0.522433340549469,reaction,information,"dramatic,serious,informative,funny,professional,casual",0.41483235359191895
24041,CUCO - Lover is a Day,"Apr 13, 2024, 8:48:15 AM PST",Comedy,,POSITIVE,0.9813288450241089,commentary,entertainment,"dramatic,casual,informative,funny,personal",0.5835303664207458
24448,What little Timmy says vs what I hear💀😭 #vrgame #vrgaming #oculus #quest2 #warofwizards #vr,"Apr 8, 2024, 11:45:47 AM PST",Gaming,Gameplay,NEGATIVE,0.9961758852005005,reaction,entertainment,"funny,dramatic,informative,personal",0.9640489220619202
24042,Look at the Sky,"Apr 13, 2024, 8:44:52 AM PST",Tutorial,,POSITIVE,0.9995146989822388,guide,information,"informative,dramatic,casual,serious,professional",0.3822808861732483
24449,Mental Health 🌿 #corecore #sadcore #mentalhealth,"Apr 8, 2024, 11:44:46 AM PST",Reviews,,NEGATIVE,0.9869011044502258,guide,information,"serious,dramatic,informative,personal",0.02412084862589836
23622,Porter Robinson & Madeon - Shelter (Official Video) (Short Film with A-1 Pictures & Crunchyroll),"Apr 19, 2024, 11:29:35 AM PST",Music,Official Music Video,NEGATIVE,0.9720187187194824,unknown,unknown,,0.9919886589050293
24043,Phoebe Ryan - Mine (Illenium Remix),"Apr 13, 2024, 8:40:42 AM PST",Music,Music Mix,NEGATIVE,0.9334700703620911,unknown,unknown,,0.9971413612365723
24450,If you laugh you restart #shorts,"Apr 8, 2024, 11:44:03 AM PST",Shorts,,POSITIVE,0.9417343735694885,reaction,entertainment,"serious,informative,funny,dramatic,personal,casual",0.9227591156959534
23623,Cheerleader,"Apr 19, 2024, 11:25:36 AM PST",Entertainment,,POSITIVE,0.994051992893219,reaction,entertainment,"professional,informative,funny,dramatic",0.9290924072265625
24451,I FOUND ANOTHER CRASHED SITE FULL OF LOOT! - Last Day on Earth: Survival,"Apr 8, 2024, 11:22:50 AM PST",News,,NEGATIVE,0.9722726345062256,news,information,"serious,dramatic,informative,funny",0.07219735532999039
23624,Plage Coquillage (First Kiss Song).,"Apr 19, 2024, 11:22:25 AM PST",Music,Official Music Video,NEGATIVE,0.7566701769828796,unknown,unknown,,0.7930206060409546
24044,King - Tu Aake Dekhle | The Carnival | The Last Ride | Prod. by Shahbeatz | Latest Hit Songs 2020,"Apr 13, 2024, 8:37:22 AM PST",Music,Music Mix,POSITIVE,0.9236475825309753,unknown,unknown,,0.9938241839408875
23625,"VØJ, Narvent - Memory Reboot (4K Music Video)","Apr 19, 2024, 11:18:25 AM PST",Music,Official Music Video,NEGATIVE,0.9937934875488281,unknown,unknown,,0.9975586533546448
24452,"F2P I'm reaching Lvl 21in The Crater ""You must see that"" Last Day on Earth, Survival","Apr 8, 2024, 11:21:39 AM PST",Gaming,Gameplay,POSITIVE,0.9868543148040771,gameplay,information,"dramatic,serious,informative,funny,personal",0.568152904510498
23626,Plage Coquillage First kiss song (Unofficial Instrumental),"Apr 19, 2024, 11:15:23 AM PST",Music,Behind the Scenes,NEGATIVE,0.8298286199569702,unknown,unknown,,0.9908784031867981
24045,"Malang Sajna (Video) Sachet Tandon, Parampara Tandon | Adil Shaikh, Kumaar | Bhushan Kumar","Apr 13, 2024, 5:55:01 AM PST",Comedy,,NEGATIVE,0.9625982642173767,reaction,storytelling,"dramatic,funny,informative,serious,professional",0.784318208694458
24453,Dealer Joe Event in ldoe,"Apr 8, 2024, 11:20:53 AM PST",Entertainment,,NEGATIVE,0.9494330286979675,reaction,entertainment,"dramatic,professional,serious,informative,funny",0.9748337864875793
23627,Husn,"Apr 19, 2024, 9:56:06 AM PST",Tutorial,,POSITIVE,0.9368075132369995,reaction,information,"serious,dramatic,personal,informative,funny,professional",0.07255077362060547
24046,With You - AP Dhillon (Official Music Video),"Apr 13, 2024, 5:52:25 AM PST",Music,Official Music Video,POSITIVE,0.9988898634910583,unknown,unknown,,0.9959681034088135
24454,Ve Haaniyaan,"Apr 8, 2024, 11:00:28 AM PST",Comedy,,POSITIVE,0.9583518505096436,reaction,comedy,"dramatic,funny,informative,serious,personal,professional,casual",0.4851796627044678
23628,Dil Mere,"Apr 19, 2024, 9:52:34 AM PST",Comedy,,NEGATIVE,0.9355818033218384,reaction,information,"casual,informative,dramatic,serious,funny,personal,professional",0.3847641050815582
24047,DIL NU - AP DHILLON | SHINDA KAHLON (Official Audio),"Apr 13, 2024, 5:48:30 AM PST",Music,Music Mix,POSITIVE,0.7209709882736206,unknown,unknown,,0.9926182627677917
24455,Gori Tera Gaon Bada Pyara,"Apr 8, 2024, 11:00:10 AM PST",Music,Official Music Video,NEGATIVE,0.9956490397453308,unknown,unknown,,0.8196554780006409
23629,Dil Jhoom,"Apr 19, 2024, 9:49:28 AM PST",Comedy,,POSITIVE,0.9177826046943665,reaction,comedy,"dramatic,informative,serious,funny,professional,casual,personal",0.7812901735305786
24456,Roj Roj Aankhon Tale,"Apr 8, 2024, 11:00:05 AM PST",Entertainment,,POSITIVE,0.978431761264801,reaction,storytelling,"dramatic,informative,funny,serious,professional",0.2129601389169693
23630,Chaleya,"Apr 19, 2024, 9:46:07 AM PST",Entertainment,,POSITIVE,0.9423848986625671,reaction,information,"dramatic,informative,serious,personal,professional,funny,casual",0.5083066821098328
24048,Being Efficient with the Big Hunt Event - EP 31 - Free to Play [Last Day on Earth],"Apr 13, 2024, 4:44:39 AM PST",Music,Official Music Video,POSITIVE,0.9790297746658325,unknown,unknown,,0.6606691479682922
24457,YOU SHOULD NEVER OPEN THESE CRATES! - Last Day on Earth: Survival,"Apr 8, 2024, 6:48:06 AM PST",News,,NEGATIVE,0.994647204875946,reaction,information,"serious,dramatic,informative,personal",0.06630498170852661
23631,Akhiyaan Gulaab,"Apr 19, 2024, 9:43:16 AM PST",Comedy,,NEGATIVE,0.8898099064826965,reaction,information,"informative,dramatic,funny,serious,professional,casual,personal",0.6217514276504517
23632,Ve Kamleya - Asees Version,"Apr 19, 2024, 9:40:16 AM PST",Entertainment,,NEGATIVE,0.9643954634666443,reaction,information,"informative,dramatic,serious,funny,professional",0.35543447732925415
24049,Surti Locho recipe | Surat Special Street Food | सुरती लोचो बनाने का तरीका | Chef Sanjyot Keer,"Apr 12, 2024, 6:37:40 PM PST",Podcast,,POSITIVE,0.6635502576828003,guide,information,"informative,dramatic,funny,serious",0.011629720218479633
24458,Situationship kya hota hai? #situationship #shortsindia #1minutestory,"Apr 8, 2024, 6:47:38 AM PST",Shorts,,NEGATIVE,0.9869266152381897,tutorial,storytelling,"informative,funny,casual",0.9672231078147888
23633,"Bunker Alfa Code for 19-20 April 2024 - Last Day on Earth, Survival","Bunker Alfa Code for 19-20 April 2024 - Last Day on Earth, Survival",News,,POSITIVE,0.8787006735801697,guide,information,"serious,dramatic,informative,funny,professional",0.00871258694678545
24050,"Sons of the Forest - ALL ENDINGS (Good Ending, Bad Ending, Secret Ending) 2023","Apr 12, 2024, 5:35:37 PM PST",Entertainment,,POSITIVE,0.7794946432113647,guide,storytelling,"informative,dramatic,serious,professional",0.09597127139568329
24459,Biba Sada Dil Mor De,"Apr 8, 2024, 5:28:53 AM PST",Comedy,,NEGATIVE,0.9920308589935303,reaction,information,"casual,informative,funny,dramatic,serious,professional,personal",0.7906554937362671
23634,"Bunker Alfa Code for 17-18 April 2024 - Last Day on Earth, Survival","Bunker Alfa Code for 17-18 April 2024 - Last Day on Earth, Survival",Podcast,,POSITIVE,0.9007771611213684,guide,information,"serious,dramatic,informative,funny,professional",0.01059914194047451
24460,Zindagi,"Apr 8, 2024, 4:49:55 AM PST",Entertainment,,POSITIVE,0.9913344979286194,reaction,information,"dramatic,informative,serious,funny,professional,casual",0.23238593339920044
23635,Laal Peeli Akhiyaan,"Apr 19, 2024, 7:35:29 AM PST",Entertainment,,NEGATIVE,0.725419282913208,reaction,information,"informative,dramatic,serious,funny,professional,casual",0.4372348189353943
24051,I GET FLOPPY DISK CRATE EVERYDAY! YOU MUST KNOW THIS BEST TRICK | LDOE | Last Day on Earth: Survival,"Apr 12, 2024, 4:48:25 PM PST",Tutorial,,POSITIVE,0.9792702198028564,reaction,information,"serious,personal,funny,dramatic,informative",0.1927773803472519
23636,Koi Si Flip,"Apr 19, 2024, 7:35:27 AM PST",Entertainment,,POSITIVE,0.8645879030227661,reaction,storytelling,"dramatic,funny,informative,casual,professional,serious,personal",0.7866840362548828
24052,Is A Fully Modded Bow Worth Crafting?: LDOE Log,"Apr 12, 2024, 4:46:02 PM PST",Technology,,POSITIVE,0.9644598960876465,review,information,"informative,dramatic,serious,funny",0.45135483145713806
24461,Sabudana Khichdi Recipe | साबूदाना खिचड़ी बनाने का आसान तरीका | Chef Sanjyot Keer,"Apr 8, 2024, 3:28:27 AM PST",Podcast,,NEGATIVE,0.7273439168930054,guide,information,"informative,professional,dramatic,serious,funny",0.0032731241080909967
23637,Kaun Nachdi,"Apr 19, 2024, 7:35:26 AM PST",Comedy,,NEGATIVE,0.8816243410110474,reaction,information,"informative,dramatic,serious,personal,funny,professional,casual",0.30200982093811035
24053,Album drops Thursday midnight!!! 🤍✨ #freshoutthegallery brought to you by YouTube,"Apr 12, 2024, 4:45:54 PM PST",Music,Behind the Scenes,NEGATIVE,0.9606850743293762,unknown,unknown,,0.9873775243759155
24462,Zindagi,"Apr 7, 2024, 9:07:45 PM PST",Entertainment,,POSITIVE,0.9913344979286194,reaction,information,"dramatic,informative,serious,funny,professional,casual",0.23238593339920044
23638,We Found Love,"Apr 19, 2024, 7:35:24 AM PST",Podcast,,POSITIVE,0.9998562335968018,news,storytelling,"personal,informative,dramatic,serious,funny",0.004678658675402403
24463,Saajan Ve,"Apr 7, 2024, 9:04:50 PM PST",Entertainment,,POSITIVE,0.9185424447059631,reaction,information,"informative,dramatic,professional,serious,funny,personal,casual",0.34884101152420044
23639,Maajra,"Apr 19, 2024, 7:35:23 AM PST",Music,Official Music Video,NEGATIVE,0.9134481549263,unknown,unknown,,0.3120746612548828
24054,Day 135 of training my brain in War of Wizards #vrgame #quest2 #vrgaming #vrgames,"Apr 12, 2024, 4:45:52 PM PST",Gaming,Gameplay,NEGATIVE,0.9469801783561707,guide,information,"informative,professional,dramatic,serious",0.8497143983840942
24464,"Rasiya (From ""Brahmastra"")","Apr 7, 2024, 9:00:25 PM PST",Music,Cover Song,NEGATIVE,0.7356162071228027,unknown,unknown,,0.3469659686088562
23640,Love Stereo Again,"Apr 19, 2024, 7:35:22 AM PST",Entertainment,,POSITIVE,0.9962182641029358,reaction,entertainment,"informative,dramatic,funny,professional",0.8696438074111938
24465,"Janiye (from the Netflix Film ""Chor Nikal Ke Bhaga"")","Janiye (from the Netflix Film ""Chor Nikal Ke Bhaga"")",Comedy,,NEGATIVE,0.9399725198745728,reaction,storytelling,"dramatic,funny,informative,serious",0.8576694130897522
24055,ごくせん | #gokusen #gokusenseason1 #yukienakama #matsumotojun #jdrama,"Apr 12, 2024, 4:45:32 PM PST",Entertainment,,NEGATIVE,0.9784870743751526,reaction,entertainment,"dramatic,funny,informative,serious",0.9782373309135437
23641,Chaleya (Lofi Mashup),"Apr 19, 2024, 7:35:20 AM PST",Music,Music Mix,NEGATIVE,0.9807495474815369,unknown,unknown,,0.9871242046356201
24466,Ve Haaniyaan,"Apr 7, 2024, 8:55:53 PM PST",Comedy,,POSITIVE,0.9583518505096436,reaction,comedy,"dramatic,funny,informative,serious,personal,professional,casual",0.4851796627044678
24056,D'amato's boxing lesson,"Apr 12, 2024, 4:45:22 PM PST",Sports,,POSITIVE,0.9937031865119934,guide,information,"informative,serious,dramatic,professional,funny",0.9388989210128784
23642,Sia - Cheap Thrills (8D AUDIO),"Apr 19, 2024, 7:35:18 AM PST",Music,Cover Song,NEGATIVE,0.9987683892250061,unknown,unknown,,0.9965198040008545
24467,Hum Toh Deewane,"Apr 7, 2024, 7:30:16 PM PST",Comedy,,NEGATIVE,0.8351719975471497,reaction,comedy,"funny,dramatic,informative,casual,serious,personal,professional",0.9455442428588867
24057,Spaghetti Western Face-Off With Dad,"Apr 12, 2024, 4:45:21 PM PST",Entertainment,,NEGATIVE,0.818993091583252,reaction,entertainment,"dramatic,funny,serious,informative,personal",0.9147114753723145
23643,Cheap thrills,"Apr 19, 2024, 7:35:17 AM PST",Entertainment,,NEGATIVE,0.9984973669052124,reaction,entertainment,"casual,funny",0.9823699593544006
24058,this is the vandal first bullet accuracy,"Apr 12, 2024, 4:45:07 PM PST",Tutorial,,NEGATIVE,0.6028731465339661,news,information,"dramatic,serious,informative,funny",0.017469285055994987
24468,Musafir Hoon Yaron,"Apr 7, 2024, 7:26:50 PM PST",Music,Official Music Video,NEGATIVE,0.918109118938446,unknown,unknown,,0.934682309627533
23644,Sharan X Bohemia,"Apr 19, 2024, 7:33:44 AM PST",Entertainment,,POSITIVE,0.8074908256530762,reaction,information,"dramatic,informative,serious,funny,professional,personal",0.765754222869873
24469,Ram Siya Ram,"Apr 7, 2024, 7:23:00 PM PST",Entertainment,,POSITIVE,0.9840462803840637,reaction,information,"dramatic,informative,serious,funny,personal,professional",0.3861331343650818
23645,Sugar & Brownies,"Apr 19, 2024, 7:31:40 AM PST",Tutorial,,POSITIVE,0.9888432025909424,guide,information,"informative,dramatic,funny",0.02138660103082657
24059,NOØB Vs PRØ Vs HACKER IN BUNKER ALFA! LAST DAY ON EARTH,"Apr 12, 2024, 4:44:26 PM PST",News,,NEGATIVE,0.9746208190917969,news,information,"dramatic,serious,informative,funny,personal,professional",0.8410578370094299
23646,Anjani X,"Apr 19, 2024, 7:28:33 AM PST",Entertainment,,POSITIVE,0.9436639547348022,reaction,information,"personal,dramatic,informative,professional,serious,funny,casual",0.50527423620224
24470,Satranga Remix (Remix By Dj Rik),"Apr 7, 2024, 7:22:34 PM PST",Music,Music Mix,POSITIVE,0.9322229027748108,unknown,unknown,,0.9930750727653503
24060,Last day on Earth every Bunker Alfa crate,"Apr 12, 2024, 4:44:24 PM PST",Technology,,NEGATIVE,0.9591766595840454,guide,information,"serious,dramatic,informative,funny",0.06555778533220291
23647,Desperado,"Apr 19, 2024, 7:24:27 AM PST",Technology,,NEGATIVE,0.9622125029563904,reaction,information,"dramatic,serious,informative,personal,funny",0.021715618669986725
24471,Porter Robinson - Get Your Wish (Secret Sky Edit),"Apr 7, 2024, 5:29:57 PM PST",Podcast,,POSITIVE,0.6360278129577637,guide,storytelling,"informative,professional,dramatic,serious,funny,personal",0.9585313200950623
24061,Clearing the Blind One in Bunker Alfa(LDOE),"Apr 12, 2024, 4:44:15 PM PST",Technology,,NEGATIVE,0.9922772645950317,reaction,information,"dramatic,serious,informative,funny,professional",0.29898887872695923
23648,White Brown Black,"Apr 19, 2024, 7:21:30 AM PST",Reviews,,NEGATIVE,0.9874983429908752,guide,information,"informative,dramatic,serious,personal,funny,professional,casual",0.532386302947998
24472,Porter Robinson - Musician (Together Live 2022: perfect version),"Apr 7, 2024, 5:25:15 PM PST",Music,Live Performance,POSITIVE,0.998790442943573,unknown,unknown,,0.9960923194885254
24062,Bunker Alfa ( 3rd Floor ) | Last Day On Earth: Survival,"Apr 12, 2024, 4:43:59 PM PST",Podcast,,POSITIVE,0.7953690886497498,guide,information,"serious,dramatic,informative,funny",0.10085257887840271
23649,Haaye Oye,"Apr 19, 2024, 7:14:03 AM PST",Comedy,,POSITIVE,0.9755700826644897,reaction,comedy,"funny,informative,dramatic,casual,professional,personal",0.7738576531410217
23650,Aja We Mahiya X Bohemia (Chillout),"Apr 19, 2024, 7:10:53 AM PST",Entertainment,,POSITIVE,0.6824390888214111,reaction,entertainment,"casual,funny,informative",0.9452124238014221
24473,"Maiyya Mainu - Lyrical | Jersey | Shahid Kapoor, Mrunal Thakur| Sachet-Parampara| Shellee | Gowtam T","Apr 7, 2024, 5:21:12 PM PST",Comedy,,POSITIVE,0.9363340139389038,commentary,storytelling,"funny,casual,dramatic",0.9630535244941711
24063,"BUNKER ALFA  - Last Day On Earth;Survival, LDOE, XxAdeexX, Season 37","Apr 12, 2024, 4:43:49 PM PST",Comedy,,NEGATIVE,0.7939249873161316,guide,storytelling,"dramatic,serious,informative,funny",0.5666664242744446
23651,Nadiyon Sa,"Apr 19, 2024, 6:40:01 AM PST",Entertainment,,POSITIVE,0.9926127195358276,reaction,information,"dramatic,informative,serious,funny,personal,professional,casual",0.27438420057296753
23652,Safari,"Apr 19, 2024, 6:23:07 AM PST",Sports,,POSITIVE,0.991438627243042,reaction,entertainment,"informative,dramatic,serious,casual,professional,funny",0.44645991921424866
24064,ALL FLOORS | This has Become my Favorite Way for Clearing Bunker Alfa ! Last Day On Earth Survival,"Apr 12, 2024, 4:34:34 PM PST",Technology,,POSITIVE,0.6049706935882568,gameplay,information,"informative,dramatic,serious,personal,funny,professional",0.166681170463562
24474,Ve Haaniyaan Official 4K AUDIO |Ravi Dubey | Sargun Mehta | Danny | Avvy Sra  | Dreamiyata Music,"Apr 7, 2024, 5:17:46 PM PST",Music,Music Mix,POSITIVE,0.7325205206871033,unknown,unknown,,0.9804772734642029
23653,"Besharam Rang (From ""Pathaan"")","Apr 19, 2024, 6:15:39 AM PST",Music,Cover Song,NEGATIVE,0.88443523645401,unknown,unknown,,0.8684067130088806
24475,Mannat,"Apr 7, 2024, 5:12:40 PM PST",Music,Official Music Video,NEGATIVE,0.9619570374488831,unknown,unknown,,0.32611170411109924
23654,Harleys In Hawaii,"Apr 19, 2024, 6:12:35 AM PST",Entertainment,,POSITIVE,0.5788014531135559,news,information,"informative,dramatic,funny,serious",0.45438942313194275
24065,FULL GUIDE FOR BEGINNERS! Easy Way to Clear Floor 4 Bunker Alfa | Last Day on Earth Survival,"Apr 12, 2024, 4:27:47 PM PST",Tutorial,,POSITIVE,0.9633051753044128,guide,information,"informative,serious",0.6139266490936279
24476,In Dino,"Apr 7, 2024, 5:09:25 PM PST",Entertainment,,POSITIVE,0.9946590065956116,reaction,information,"dramatic,informative,serious,funny,professional",0.019955474883317947
23655,Jugnu,"Apr 19, 2024, 6:08:44 AM PST",Entertainment,,NEGATIVE,0.9801602959632874,reaction,information,"dramatic,informative,serious,funny,professional,personal,casual",0.3084959387779236
24066,BUNKER ALPHA FLOOR 4 ! Last Day On Earth Survival,"Apr 12, 2024, 4:21:49 PM PST",Sports,,POSITIVE,0.9974251985549927,gameplay,information,"serious,dramatic,informative,funny",0.04804348200559616
24477,Dil Jhoom,"Apr 7, 2024, 5:04:21 PM PST",Comedy,,POSITIVE,0.9177826046943665,reaction,comedy,"dramatic,informative,serious,funny,professional,casual,personal",0.7812901735305786
23656,See You Again (feat. Charlie Puth),"Apr 19, 2024, 6:04:55 AM PST",Music,Music Mix,POSITIVE,0.9998031258583069,unknown,unknown,,0.9970999360084534
24478,Tu Hi Hai,"Apr 7, 2024, 5:01:24 PM PST",Comedy,,POSITIVE,0.9855557680130005,reaction,information,"dramatic,informative,serious,funny,professional,personal,casual",0.7204976677894592
24067,MOST CHEAPEST AND EFFICIENT WAY TO CLEAR BUNKER ALFA 4TH FLOOR! [NO MODS] | Last Day on Earth,"Apr 12, 2024, 4:12:30 PM PST",Technology,,NEGATIVE,0.9930043816566467,news,information,"informative,casual,funny,serious",0.625792384147644
23657,Peaches (feat. Anne-Marie),Peaches (feat. Anne-Marie),Entertainment,,POSITIVE,0.9972992539405823,guide,entertainment,"informative,funny,dramatic,professional,serious",0.7892184853553772
24479,Waalian,"Apr 7, 2024, 4:07:48 PM PST",Entertainment,,POSITIVE,0.8219944834709167,reaction,information,"dramatic,casual,informative,serious,professional,funny,personal",0.4885808825492859
23658,Yimmy Yimmy,"Apr 19, 2024, 5:58:13 AM PST",Comedy,,NEGATIVE,0.8764539361000061,reaction,comedy,"funny,dramatic,informative,personal,casual",0.846782386302948
24068,Plage Coquillage First kiss song (Unofficial Instrumental),"Apr 12, 2024, 4:09:52 PM PST",Music,Behind the Scenes,NEGATIVE,0.8298286199569702,unknown,unknown,,0.9908784031867981
24480,Ek Pyar Ka Nagma Hai,"Apr 7, 2024, 4:03:11 PM PST",Comedy,,POSITIVE,0.953730583190918,reaction,storytelling,"dramatic,informative,funny,personal,casual,serious,professional",0.9413378238677979
23659,Junoon,Junoon,Entertainment,,POSITIVE,0.9993602633476257,reaction,information,"casual,dramatic,funny,informative,serious,professional,personal",0.5644519329071045
24069,Plage Coquillage (First Kiss Song),"Apr 12, 2024, 3:48:51 PM PST",Music,Official Music Video,POSITIVE,0.7461055517196655,unknown,unknown,,0.926138699054718
24481,Ram Aayenge,"Apr 7, 2024, 3:58:48 PM PST",Entertainment,,POSITIVE,0.9841576814651489,reaction,storytelling,"dramatic,informative,serious,funny,personal,professional",0.49727943539619446
23660,Girls Like You (Cardi B Version),Maroon 5 - Topic,Music,Cover Song,POSITIVE,0.6734311580657959,unknown,unknown,,0.9913080930709839
24070,King x Nick Jonas - Maan Meri Jaan (Afterlife) [Official Video],"Apr 12, 2024, 3:29:28 PM PST",Music,Official Music Video,POSITIVE,0.8751393556594849,unknown,unknown,,0.9966831803321838
24482,"Tum Kya Mile (From ""Rocky Aur Rani Kii Prem Kahaani"")","Apr 7, 2024, 3:54:11 PM PST",Music,Cover Song,NEGATIVE,0.9824350476264954,unknown,unknown,,0.6230345964431763
23661,Connect. Pro paintball. World Cup. #paintball #shorts #nxl,"Apr 19, 2024, 5:54:08 AM PST",Sports,,POSITIVE,0.9738146662712097,news,entertainment,"professional,informative,funny,dramatic",0.9506396651268005
24483,Ye Tune Kya Kiya (Arijit Singh Version),"Apr 7, 2024, 3:49:31 PM PST",Music,Cover Song,POSITIVE,0.9939601421356201,unknown,unknown,,0.9963874220848083
24071,गुजराती हांडवो | Traditional Gujarati Veg Handvo Recipe | Gujarati Cake,"Apr 12, 2024, 2:55:12 PM PST",Reviews,,NEGATIVE,0.7733240127563477,guide,information,"informative,dramatic,funny",0.03925912827253342
24484,"Choli Ke Peeche (From ""Crew"")","Apr 7, 2024, 3:49:10 PM PST",Comedy,,NEGATIVE,0.9760951995849609,reaction,storytelling,"funny,dramatic,informative,serious,professional",0.8451264500617981
23662,How I start Milestones Event in NFSMW 2005 #gameplay #needforspeed #needforspeedmostwanted #trending,"Apr 19, 2024, 5:53:52 AM PST",Gaming,Gameplay,NEGATIVE,0.9809575080871582,gameplay,unknown,"informative,dramatic,funny",0.9083124399185181
24072,"Raataan Lambiyan (From ""Shershaah"")","Apr 12, 2024, 1:02:49 PM PST",Comedy,,NEGATIVE,0.9417164921760559,reaction,storytelling,"dramatic,informative,funny,serious,professional",0.26414862275123596
24485,Chala Jata Hoon,"Apr 7, 2024, 12:57:59 PM PST",Comedy,,NEGATIVE,0.8747454881668091,reaction,comedy,"dramatic,funny,informative,casual,serious,professional",0.9430015087127686
23663,How to deal with a Climate activist #automobile blocking traffic,"Apr 19, 2024, 5:53:43 AM PST",Tutorial,,NEGATIVE,0.8233807682991028,guide,information,"serious,informative,dramatic,funny",0.7470467686653137
24073,TERE NAINA,"Apr 12, 2024, 1:02:48 PM PST",Entertainment,,POSITIVE,0.9903456568717957,reaction,information,"dramatic,personal,professional,serious,informative,funny,casual",0.7057053446769714
24486,Tere Pyaar Mein,"Apr 7, 2024, 12:53:33 PM PST",Comedy,,POSITIVE,0.603184700012207,reaction,storytelling,"casual,informative,funny,dramatic,personal,serious",0.8269091844558716
24074,"Shayad (From ""Love Aaj Kal"")","Apr 12, 2024, 1:02:44 PM PST",Entertainment,,POSITIVE,0.9938082098960876,reaction,storytelling,"dramatic,informative,funny",0.5930353999137878
23664,Disney Guests’ Lightsaber Skills SHOCKS Kylo Ren #shorts #disney (@jest),"Apr 19, 2024, 5:53:25 AM PST",Comedy,,POSITIVE,0.996692419052124,news,comedy,"dramatic,funny,informative,casual",0.9919366240501404
24487,Udaariyaan (Ve Haaniya),"Apr 7, 2024, 12:51:33 PM PST",Comedy,,POSITIVE,0.728661298751831,reaction,information,"informative,dramatic,serious,funny,professional,personal,casual",0.33046382665634155
23665,Aaj Na,"Apr 19, 2024, 5:53:08 AM PST",Comedy,,POSITIVE,0.5144397020339966,reaction,information,"dramatic,informative,funny,serious,casual,personal,professional",0.5406954884529114
24488,Dekha Ek Khwab - Lofi,"Apr 7, 2024, 10:58:17 AM PST",Comedy,,POSITIVE,0.9634705781936646,guide,storytelling,"dramatic,informative,serious,funny,professional,casual",0.9006370902061462
24075,"Kudmayi (Film Version) (From ""Rocky Aur Rani Kii Prem Kahaani"")","Apr 12, 2024, 12:58:18 PM PST",Entertainment,,NEGATIVE,0.9842954874038696,reaction,storytelling,"dramatic,informative,funny,serious",0.6566977500915527
23666,when a geoguessr pro plays skribbl.io,"Apr 19, 2024, 5:53:04 AM PST",Sports,,NEGATIVE,0.9762685298919678,gameplay,information,"professional,informative,serious,dramatic,funny",0.6614871621131897
24489,Bin Tere,"Apr 7, 2024, 10:55:02 AM PST",Entertainment,,POSITIVE,0.9887446165084839,reaction,information,"dramatic,informative,serious,funny,casual,professional",0.4059690535068512
24076,Mahiye Jinna Sohna Lofi Remix,"Apr 12, 2024, 12:58:14 PM PST",Music,Music Mix,POSITIVE,0.9349243640899658,unknown,unknown,,0.9933569431304932
23667,😭😭,"Apr 19, 2024, 5:52:58 AM PST",Reviews,,NEGATIVE,0.6970565915107727,reaction,comedy,"dramatic,serious,funny,personal",0.5667356848716736
24490,Roadtrip Mashup,"Apr 7, 2024, 10:50:06 AM PST",Entertainment,,NEGATIVE,0.9980056881904602,reaction,entertainment,"dramatic,funny,informative",0.624091386795044
24077,Ram Siya Ram,"Apr 12, 2024, 12:58:13 PM PST",Entertainment,,POSITIVE,0.9840462803840637,reaction,information,"dramatic,informative,serious,funny,personal,professional",0.3861331343650818
24491,Zaalima x Night Changes | DJMattz | Tiktok Viral,"Apr 7, 2024, 10:46:54 AM PST",Music,Music Mix,NEGATIVE,0.922260046005249,unknown,unknown,,0.9948662519454956
24078,Rang Lageya,"Apr 12, 2024, 9:29:20 AM PST",Entertainment,,POSITIVE,0.9102925658226013,reaction,storytelling,"dramatic,informative,serious,professional,personal,funny,casual",0.6048814058303833
23668,The Impossible FLIP😯..?? NFSMW #shorts #needforspeed  #gameplay #gaming #stunt #racing,"Apr 19, 2024, 5:52:55 AM PST",Shorts,,NEGATIVE,0.9957361221313477,gameplay,entertainment,"dramatic,funny,informative",0.971900224685669
24492,Gul,"Apr 7, 2024, 10:43:16 AM PST",Gaming,Gameplay,POSITIVE,0.9758210778236389,guide,information,"dramatic,serious,informative,funny,professional,personal,casual",0.5020186305046082
24079,WE GOT UPDATE NEWS!? - GIVEAWAY! - Last Day on Earth: Survival - LIVESTREAM,"Apr 12, 2024, 8:33:06 AM PST",News,,POSITIVE,0.9830312728881836,news,information,"informative,dramatic,funny,serious",0.9697328805923462
23669,@YouTubeMusic ❤️ #freshoutthegallery,"Apr 19, 2024, 5:52:54 AM PST",Music,Official Music Video,POSITIVE,0.6742984056472778,unknown,unknown,,0.9893558025360107
24493,Saari Duniya Jalaa Denge,"Apr 7, 2024, 10:40:15 AM PST",Comedy,,NEGATIVE,0.9968048334121704,reaction,storytelling,"informative,dramatic,funny,serious,casual,professional,personal",0.6101096272468567
24080,https://www.youtube.com/watch?v=4fmiAmoiE4M,"Apr 12, 2024, 8:32:58 AM PST",Entertainment,,NEGATIVE,0.966079592704773,reaction,information,"informative,funny,dramatic,serious,professional",0.7579159140586853
24494,Aahatein,"Apr 7, 2024, 10:31:21 AM PST",Entertainment,,POSITIVE,0.9683603048324585,reaction,entertainment,"dramatic,funny,personal",0.6483699679374695
24081,Madeon X Porter Robinson X Illenium Inspired Mix By C-Nam,"Apr 12, 2024, 7:25:47 AM PST",Music,Music Mix,POSITIVE,0.9618056416511536,unknown,unknown,,0.9972699284553528
23670,bro left quicker than my dad💀 #game #games #gaming #funny #meme #seaofthieves #subnautica,"Apr 19, 2024, 5:52:38 AM PST",Gaming,Gameplay,NEGATIVE,0.9970955848693848,gameplay,entertainment,"funny,dramatic,informative",0.982402503490448
24495,Sang Rahiyo (feat. Ujjwal Kashyap),"Apr 7, 2024, 10:25:54 AM PST",Music,Lyric Video,POSITIVE,0.9971039891242981,unknown,unknown,,0.996515154838562
24082,Last Day on Earth : Survival - How to get 20 + Red Tickets every time,"Apr 12, 2024, 7:20:26 AM PST",Sports,,POSITIVE,0.9833593368530273,guide,information,"serious,dramatic,informative,funny",0.31405389308929443
24496,Hua Main,"Apr 7, 2024, 10:25:35 AM PST",Entertainment,,POSITIVE,0.817528486251831,reaction,information,"dramatic,informative,serious,professional,funny,personal",0.4952753484249115
23671,VR BikerZ X anime #vrbikerz #anime #fun #naruto #shorts,"Apr 19, 2024, 5:52:21 AM PST",Entertainment,,NEGATIVE,0.9730311036109924,reaction,entertainment,"funny,casual,informative",0.9942326545715332
24083,Elley Duhé - MIDDLE OF THE NIGHT (Official Video),"Apr 12, 2024, 7:17:17 AM PST",Music,Official Music Video,POSITIVE,0.9479749798774719,unknown,unknown,,0.99509596824646
24497,"Ghodey Pe Sawaar (From ""Qala"")","Apr 7, 2024, 10:22:21 AM PST",Comedy,,NEGATIVE,0.9686772227287292,guide,storytelling,"informative,funny,dramatic,serious,casual",0.6509886980056763
23672,Toronto 🇨🇦 #pgfnuk #waddup #cctv #viral,"Apr 19, 2024, 5:52:07 AM PST",Sports,,NEGATIVE,0.9897410869598389,reaction,information,"dramatic,funny,informative,serious",0.6748918294906616
24084,MITRAZ - Akhiyaan (Official Music Video),"Apr 12, 2024, 7:14:06 AM PST",Music,Official Music Video,POSITIVE,0.9222614765167236,unknown,unknown,,0.9962985515594482
24498,DIL KYA KARE,"Apr 7, 2024, 10:16:53 AM PST",Comedy,,POSITIVE,0.8372904062271118,reaction,information,"dramatic,informative,serious,professional,funny,personal,casual",0.7504684925079346
23673,Something in your home that isn’t working? #shorts,"Apr 19, 2024, 5:51:53 AM PST",Shorts,,NEGATIVE,0.9975329637527466,commentary,information,"casual,informative,funny,personal,dramatic",0.8906146883964539
24499,Mulaqat,"Apr 7, 2024, 10:12:46 AM PST",Entertainment,,NEGATIVE,0.9301766157150269,reaction,information,"dramatic,informative,serious,professional,funny,casual,personal",0.41506144404411316
23674,PETER GRIFFIN PLAYS FORTNITE,"Apr 19, 2024, 5:51:26 AM PST",Gaming,Gameplay,POSITIVE,0.972233235836029,gameplay,entertainment,"professional,personal,informative,dramatic,funny",0.9984098076820374
24500,Wakhra Swag,"Apr 7, 2024, 10:12:41 AM PST",Entertainment,,NEGATIVE,0.9990247488021851,reaction,comedy,"informative,dramatic,funny,professional",0.45840099453926086
24085,King - Tu Aake Dekhle | The Carnival | The Last Ride | Prod. by Shahbeatz | Latest Hit Songs 2020,"Apr 12, 2024, 7:07:24 AM PST",Music,Music Mix,POSITIVE,0.9236475825309753,unknown,unknown,,0.9938241839408875
23675,I accidentally discovered a speedrunning skip in A Difficult Game About Climbing,"Apr 19, 2024, 5:50:55 AM PST",Gaming,Gameplay,NEGATIVE,0.9981957077980042,news,information,"informative,funny,dramatic",0.7446017861366272
24501,Teri Jhuki Nazar (Film Version),"Apr 7, 2024, 10:12:39 AM PST",Entertainment,,NEGATIVE,0.8291049599647522,reaction,storytelling,"dramatic,informative,funny,serious",0.863243818283081
24086,Unclog A Toilet-3 Different Ways Guaranteed!,"Apr 12, 2024, 4:53:54 AM PST",News,,NEGATIVE,0.9519075155258179,news,information,"informative,serious,dramatic,funny,professional",0.6333421468734741
23676,Nain Tere Nain Mere,"Apr 19, 2024, 5:49:50 AM PST",Music,Official Music Video,NEGATIVE,0.926680326461792,unknown,unknown,,0.7501698136329651
24502,"Tere Vaaste (From ""Zara Hatke Zara Bachke"")","Apr 7, 2024, 10:10:36 AM PST",Music,Cover Song,NEGATIVE,0.9871025681495667,unknown,unknown,,0.8613020777702332
24087,Blink and you will miss it. #valorant #valorantclips #shahzam,"Apr 11, 2024, 4:10:57 PM PST",Entertainment,,NEGATIVE,0.9894529581069946,reaction,information,"dramatic,casual,serious,funny,professional,informative",0.74097740650177
23677,Bunker Bravo is OPEN - EP 33 - Free to Play [Last Day on Earth],"Apr 19, 2024, 5:48:05 AM PST",Music,Music Review,NEGATIVE,0.7350867986679077,unknown,unknown,,0.987011194229126
24503,Tu hai kahan,"Apr 7, 2024, 10:04:26 AM PST",Comedy,,POSITIVE,0.9945993423461914,reaction,information,"dramatic,funny,informative,serious,casual,personal,professional",0.7617990970611572
23678,Dil Nu,"Apr 19, 2024, 5:45:56 AM PST",Comedy,,POSITIVE,0.5036099553108215,reaction,information,"dramatic,serious,informative,casual,funny,professional,personal",0.36898285150527954
24504,Soch Na Sake,"Apr 7, 2024, 10:03:54 AM PST",Entertainment,,NEGATIVE,0.9810226559638977,reaction,information,"informative,dramatic,funny,serious,professional,casual",0.749277651309967
24088,blind one im hard mode in bunker alfa for raider's task#ldoe #ldoecommunity #onlinegaming,"Apr 11, 2024, 4:10:09 PM PST",Gaming,Gameplay,NEGATIVE,0.9991618394851685,gameplay,unknown,"dramatic,serious,informative,funny",0.8687573671340942
23679,Rude,"Apr 19, 2024, 5:45:56 AM PST",Reviews,,NEGATIVE,0.999760091304779,reaction,unknown,"personal,dramatic",0.42816466093063354
24505,Tu Aake Dekhle,"Apr 7, 2024, 9:54:21 AM PST",Comedy,,POSITIVE,0.852859616279602,guide,information,"dramatic,informative,serious,funny,professional,casual,personal",0.5763012766838074
24089,Bunker Alpha LVL 2 Hard Mode MGL Milkor (Grenade Launcher ),"Apr 11, 2024, 4:09:32 PM PST",Technology,,NEGATIVE,0.998649537563324,gameplay,information,"serious,informative,dramatic,professional,funny",0.9396948218345642
23680,"Love Me Like You Do (From ""Fifty Shades Of Grey"")","Apr 19, 2024, 5:45:54 AM PST",Entertainment,,POSITIVE,0.9996939897537231,reaction,storytelling,"dramatic,informative,funny",0.32773733139038086
24506,Jalebi Baby,"Apr 7, 2024, 9:51:25 AM PST",Entertainment,,POSITIVE,0.9680944085121155,reaction,information,"dramatic,informative,funny,personal,casual,serious",0.6988866329193115
23681,Sweet but Psycho,"Apr 19, 2024, 5:45:54 AM PST",Reviews,,POSITIVE,0.7217807173728943,commentary,entertainment,"funny,dramatic,informative,personal",0.3982282876968384
24507,Calm Down,"Apr 7, 2024, 9:50:01 AM PST",Reviews,,NEGATIVE,0.9914107322692871,guide,information,"casual,serious,personal,dramatic,professional",0.5977869629859924
24090,"LAND MINE VS THE BLIND ONE ""BUNKER ALFA HARD MODE"" - LAST DAY ON EARTH; SURVIVAL, XxAdeexX, LDOE","Apr 11, 2024, 4:09:09 PM PST",Podcast,,NEGATIVE,0.9636139273643494,gameplay,information,"serious,dramatic,informative,funny",0.013782712630927563
23682,Let Me Down Slowly,"Apr 19, 2024, 5:45:52 AM PST",Tutorial,,NEGATIVE,0.9984155893325806,commentary,storytelling,"personal,casual,serious,informative,funny",0.9084961414337158
24508,Cheap Thrills,Maria Levinson - Topic,Entertainment,,NEGATIVE,0.9984973669052124,reaction,entertainment,"casual,funny,informative",0.9888387322425842
24091,Hard Mode Bunker Alfa - LDOE #ldoe #shorts  #mobile,"Apr 11, 2024, 4:08:56 PM PST",Shorts,,NEGATIVE,0.9982560276985168,guide,information,"dramatic,informative,funny,serious",0.9886000752449036
23683,Khayaal,"Apr 19, 2024, 5:45:51 AM PST",Entertainment,,POSITIVE,0.84309983253479,reaction,information,"dramatic,serious,informative,funny,professional,personal",0.28925594687461853
24509,Gulaab,"Apr 7, 2024, 9:47:02 AM PST",Comedy,,NEGATIVE,0.5815147161483765,reaction,information,"dramatic,informative,serious,funny,professional,casual,personal",0.5716059803962708
24092,When Overconfidence Kills !! LDOE Season 29 | Bunker Alfa Floor 3 Grenades #Shorts,"Apr 11, 2024, 4:08:44 PM PST",Shorts,,NEGATIVE,0.9986770749092102,commentary,analysis,"dramatic,serious,informative,personal",0.981544017791748
23684,Maan Meri Jaan (Afterlife),"Apr 19, 2024, 5:45:50 AM PST",Comedy,,POSITIVE,0.9726812243461609,commentary,information,"dramatic,serious,informative,funny",0.001856634276919067
24510,Teri Baaton Mein Aisa Uljha Jiya Title Song,"Apr 7, 2024, 9:44:29 AM PST",Music,Official Music Video,NEGATIVE,0.5836771130561829,unknown,unknown,,0.9906041622161865
23685,Sorry,"Apr 19, 2024, 5:45:49 AM PST",Reviews,,NEGATIVE,0.999756395816803,reaction,information,"serious,dramatic,personal,casual",0.47810816764831543
24093,The Best Ever| Bunker Alfa Hard Mode- More Loot. More Points! Last Day On Earth Survival,"Apr 11, 2024, 3:50:00 PM PST",Gaming,Gameplay,POSITIVE,0.99842369556427,gameplay,information,"dramatic,informative,serious,professional,funny",0.5691789388656616
24511,"Naina (From ""Crew"")","Apr 7, 2024, 9:41:29 AM PST",Comedy,,POSITIVE,0.9692043662071228,reaction,information,"informative,dramatic,professional,funny,serious",0.08875665813684464
23686,Levitating (feat. DaBaby),"Apr 19, 2024, 5:42:06 AM PST",Music,Music Mix,POSITIVE,0.5142419338226318,unknown,unknown,,0.9835697412490845
24512,Liggi,"Apr 7, 2024, 9:38:28 AM PST",Entertainment,,POSITIVE,0.6999629735946655,reaction,information,"dramatic,serious,informative,professional,funny,personal,casual",0.5922907590866089
24094,INFECTED CRATE VS SUNKEN BOX VS ORE CRATE - WHICH ONE IS THE BEST ? - Last Day On Earth: Survival,"Apr 11, 2024, 3:47:14 PM PST",Technology,,POSITIVE,0.9970773458480835,guide,information,"serious,informative,dramatic,funny,professional",0.1767023652791977
24513,Na Ja,"Apr 7, 2024, 9:34:59 AM PST",Comedy,,NEGATIVE,0.892025887966156,reaction,comedy,"casual,funny,dramatic,informative,personal,serious,professional",0.7674294710159302
23687,Chaleya (Remix),"Apr 19, 2024, 5:36:54 AM PST",Music,Music Mix,POSITIVE,0.9591719508171082,unknown,unknown,,0.8795668482780457
24095,Trying To Survive Russian Roulette Vs. A DEMON! (Buckshot Roulette),"Apr 11, 2024, 3:44:52 PM PST",Gaming,Gameplay,NEGATIVE,0.9852262139320374,gameplay,entertainment,"dramatic,serious,informative,funny",0.8368940353393555
24514,Let Me Love You,"Apr 7, 2024, 9:34:56 AM PST",Music,Official Music Video,POSITIVE,0.9997550845146179,unknown,unknown,,0.7847803235054016
23688,One Love,"Apr 19, 2024, 5:30:21 AM PST",Music,Lyric Video,POSITIVE,0.9994469285011292,unknown,unknown,,0.130243182182312
24096,"Oak Seedling in Settlement - LDOE, XxAdeexX","Apr 11, 2024, 3:44:23 PM PST",Technology,,NEGATIVE,0.9625658392906189,guide,information,"informative,dramatic,serious,funny,professional",0.289340615272522
24515,"Kamariya (From ""Stree"")","Apr 7, 2024, 9:34:54 AM PST",Entertainment,,NEGATIVE,0.9958491325378418,reaction,storytelling,"dramatic,informative,funny,serious",0.41542693972587585
23689,Bombay Dreams (feat. Kavita Seth),"Apr 19, 2024, 5:30:17 AM PST",Music,Music Mix,POSITIVE,0.9978907704353333,unknown,unknown,,0.9955582022666931
24516,Unstoppable,"Apr 7, 2024, 9:34:52 AM PST",Technology,,POSITIVE,0.9918417930603027,news,information,"dramatic,serious,professional,informative,personal",0.8274904489517212
24097,highly memes from the internet pt.27 #funny #laugh #memes,"Apr 11, 2024, 3:44:19 PM PST",Comedy,,POSITIVE,0.9958586096763611,guide,entertainment,"funny,informative",0.552898645401001
23690,Lamberghini,"Apr 19, 2024, 5:30:16 AM PST",Entertainment,,POSITIVE,0.7785905003547668,reaction,information,"dramatic,informative,serious,professional,funny,personal",0.4171103835105896
24517,Softly,"Apr 7, 2024, 9:32:15 AM PST",Reviews,,POSITIVE,0.9901832938194275,guide,information,"casual,personal,professional,funny",0.7227808237075806
23691,Lemonade X Harleys In Hawai,"Apr 19, 2024, 5:30:14 AM PST",Entertainment,,NEGATIVE,0.8956286311149597,reaction,entertainment,"dramatic,informative,funny,serious,professional,casual",0.9603135585784912
24098,TU AAKE DEKHLE – KING - The Carnival - Fusion Dance Bachata/Kizomba,"Apr 11, 2024, 3:44:09 PM PST",Music,Official Music Video,POSITIVE,0.9834306240081787,unknown,unknown,,0.9464489817619324
24518,Ishq Jaisa Kuch,"Apr 7, 2024, 9:29:25 AM PST",Comedy,,POSITIVE,0.868065357208252,reaction,comedy,"informative,funny,dramatic,serious,professional,casual,personal",0.8213930726051331
23692,Heeriye,"Apr 19, 2024, 5:30:12 AM PST",Entertainment,,NEGATIVE,0.5590477585792542,reaction,information,"dramatic,funny,informative,serious,personal,casual,professional",0.6249913573265076
24099,The pilot saved lives but faces imprisonment for it😨 #series #movie,"Apr 11, 2024, 3:43:51 PM PST",Entertainment,,NEGATIVE,0.9956275224685669,reaction,storytelling,"serious,dramatic,funny,informative",0.15282118320465088
24519,Dil Nu,"Apr 7, 2024, 9:25:31 AM PST",Comedy,,POSITIVE,0.5036099553108215,reaction,information,"dramatic,serious,informative,casual,funny,professional,personal",0.36898285150527954
23693,Jalebi Baby,"Apr 19, 2024, 5:30:11 AM PST",Entertainment,,POSITIVE,0.9680944085121155,reaction,information,"dramatic,informative,funny,personal,casual,serious",0.6988866329193115
24100,CARROT DISPENSER LAST DAY ON EARTH,"Apr 11, 2024, 3:43:40 PM PST",News,,NEGATIVE,0.9777132868766785,news,information,"serious,dramatic,informative,funny",0.5345193147659302
24520,Hass Hass,"Apr 7, 2024, 9:22:58 AM PST",Comedy,,POSITIVE,0.948603093624115,reaction,information,"dramatic,serious,informative,funny,personal",0.412345826625824
23694,Tareefan,"Apr 19, 2024, 5:30:10 AM PST",Entertainment,,POSITIVE,0.8763272166252136,reaction,information,"dramatic,serious,informative,professional,funny,personal",0.3269912302494049
24101,Apna Bana Le By Akhil Sachdeva,"Apr 11, 2024, 1:28:12 PM PST",Comedy,,POSITIVE,0.8857619762420654,reaction,comedy,"funny,dramatic,informative,professional,casual,serious,personal",0.9605017900466919
24521,Beete Lamhein,"Apr 7, 2024, 9:22:47 AM PST",Entertainment,,NEGATIVE,0.9796317219734192,guide,information,"dramatic,professional,informative,serious,funny,personal",0.6118131279945374
23695,Raabta,"Apr 19, 2024, 5:30:09 AM PST",Entertainment,,NEGATIVE,0.9716446995735168,reaction,information,"dramatic,informative,serious,professional,funny,personal",0.35750362277030945
24102,Pehle Bhi Main,"Apr 11, 2024, 1:24:02 PM PST",Comedy,,NEGATIVE,0.642456591129303,reaction,comedy,"funny,dramatic,informative,serious,casual,personal,professional",0.9164804816246033
24522,Jiyein Kyun,"Apr 7, 2024, 9:22:46 AM PST",Entertainment,,POSITIVE,0.9936476349830627,guide,information,"informative,serious,dramatic,professional,personal,funny,casual",0.6354987621307373
23696,Thandi Hawa,"Apr 19, 2024, 5:29:49 AM PST",Entertainment,,POSITIVE,0.990724503993988,reaction,information,"dramatic,informative,serious,personal,professional,funny,casual",0.5565975904464722
24103,Saari Duniya Jalaa Denge,"Apr 11, 2024, 1:20:59 PM PST",Comedy,,NEGATIVE,0.9968048334121704,reaction,storytelling,"informative,dramatic,funny,serious,casual,professional,personal",0.6101096272468567
24523,Meri Kahani,"Apr 7, 2024, 9:22:44 AM PST",Music,Official Music Video,POSITIVE,0.99710613489151,unknown,unknown,,0.804815948009491
23697,Khalasi | Coke Studio Bharat,"Apr 19, 2024, 5:25:30 AM PST",Entertainment,,NEGATIVE,0.9703730344772339,reaction,entertainment,"professional,informative,dramatic,funny,serious,casual",0.9193496108055115
24104,Laal Peeli Akhiyaan,"Apr 11, 2024, 1:17:51 PM PST",Entertainment,,NEGATIVE,0.725419282913208,reaction,information,"informative,dramatic,serious,funny,professional,casual",0.4372348189353943
24524,PEHLI BAAR MOHABBAT,"Apr 7, 2024, 9:22:14 AM PST",Comedy,,POSITIVE,0.520957350730896,guide,information,"dramatic,serious,informative,personal,professional,funny,casual",0.718841552734375
23698,Muskurahat,"Apr 19, 2024, 5:21:12 AM PST",Music,Official Music Video,NEGATIVE,0.9374708533287048,unknown,unknown,,0.9362576603889465
24105,KABHI KABHI ADITI,"Apr 11, 2024, 1:14:13 PM PST",Comedy,,POSITIVE,0.9719803929328918,reaction,storytelling,"informative,dramatic,funny,serious,personal,casual,professional",0.8660873770713806
24525,"Slow Motion Angreza (From ""Bhaag Milkha Bhaag"")","Apr 7, 2024, 9:17:53 AM PST",Entertainment,,NEGATIVE,0.9993372559547424,guide,storytelling,"funny,informative,dramatic",0.6510605216026306
23699,Toxic,"Apr 19, 2024, 5:18:07 AM PST",Reviews,,NEGATIVE,0.9995313882827759,commentary,analysis,"serious,dramatic,personal",0.5056751370429993
24106,Sang Rahiyo (feat. Ujjwal Kashyap),"Apr 11, 2024, 1:10:40 PM PST",Music,Lyric Video,POSITIVE,0.9971039891242981,unknown,unknown,,0.996515154838562
24526,DOORIYAN HAIN ZAROORI,"Apr 7, 2024, 9:17:49 AM PST",Comedy,,POSITIVE,0.9376628994941711,guide,information,"dramatic,informative,serious,funny,professional,personal,casual",0.48226818442344666
23700,She Doesn't Mind,"Apr 19, 2024, 5:17:53 AM PST",Podcast,,NEGATIVE,0.9922029972076416,reaction,information,"casual,funny,professional,personal,informative",0.4360855519771576
24107,Naina Da Kya Kasoor,"Apr 11, 2024, 1:07:09 PM PST",Comedy,,POSITIVE,0.7453585267066956,reaction,storytelling,"informative,dramatic,casual,funny,serious,professional,personal",0.8065846562385559
24527,Challa,"Apr 7, 2024, 9:15:48 AM PST",Entertainment,,POSITIVE,0.545075535774231,guide,information,"dramatic,informative,serious,personal,funny,professional",0.1911754459142685
23701,Kinni Kinni,"Apr 19, 2024, 5:14:20 AM PST",Music,Official Music Video,POSITIVE,0.9676905870437622,unknown,unknown,,0.48102134466171265
24108,"Tum Kya Mile (From ""Rocky Aur Rani Kii Prem Kahaani"")","Apr 11, 2024, 1:02:32 PM PST",Music,Cover Song,NEGATIVE,0.9824350476264954,unknown,unknown,,0.6230345964431763
24528,Dekha Hai Aise Bhi,"Apr 7, 2024, 9:15:00 AM PST",Comedy,,POSITIVE,0.9619249701499939,reaction,storytelling,"dramatic,informative,funny,casual,serious,personal,professional",0.8910817503929138
23702,Hass Hass,"Apr 19, 2024, 4:46:51 AM PST",Comedy,,POSITIVE,0.948603093624115,reaction,information,"dramatic,serious,informative,funny,personal",0.412345826625824
24109,Ve Haaniyaan,"Apr 11, 2024, 12:58:32 PM PST",Comedy,,POSITIVE,0.9583518505096436,reaction,comedy,"dramatic,funny,informative,serious,personal,professional,casual",0.4851796627044678
24529,PICHLE SAAT DINON MEIN,"Apr 7, 2024, 9:11:52 AM PST",Music,Official Music Video,NEGATIVE,0.9810876846313477,unknown,unknown,,0.7131052613258362
23703,Chaand Baaliyan – Aditya A. | Trending Song 2022 | Official Video,"Apr 18, 2024, 7:38:30 PM PST",Music,Official Music Video,POSITIVE,0.9802480340003967,unknown,unknown,,0.9964700937271118
24110,Akhiyaan Gulaab,"Apr 11, 2024, 12:55:40 PM PST",Comedy,,NEGATIVE,0.8898099064826965,reaction,information,"informative,dramatic,funny,serious,professional,casual,personal",0.6217514276504517
24530,Aaoge Tum Kabhi,"Apr 7, 2024, 9:11:27 AM PST",Comedy,,NEGATIVE,0.9060385823249817,reaction,comedy,"informative,dramatic,funny,casual,serious,personal,professional",0.7760602235794067
24111,Ve Kamleya - Asees Version,"Apr 11, 2024, 12:52:40 PM PST",Entertainment,,NEGATIVE,0.9643954634666443,reaction,information,"informative,dramatic,serious,funny,professional",0.35543447732925415
24531,Badal Pe Paon Hain,"Apr 7, 2024, 9:11:24 AM PST",Comedy,,NEGATIVE,0.9945873022079468,reaction,comedy,"funny,dramatic,serious,informative,casual,personal",0.8765377402305603
23704,"Tum Se (Song): Shahid Kapoor, Kriti Sanon | Sachin-Jigar, Raghav Chaitanya, Varun Jain, Indraneel","Apr 18, 2024, 7:35:44 PM PST",Music,Official Music Video,POSITIVE,0.9922624826431274,unknown,unknown,,0.9883182644844055
24112,Rock Tha Party,"Apr 11, 2024, 12:52:32 PM PST",Entertainment,,POSITIVE,0.635783851146698,gameplay,entertainment,"dramatic,informative,funny",0.9954111576080322
24532,Dooba Dooba,"Apr 7, 2024, 9:08:58 AM PST",Comedy,,NEGATIVE,0.9863085150718689,reaction,comedy,"funny,casual,informative,dramatic,serious,professional,personal",0.8926794528961182
24113,GALLAN GOODIYAAN,"Apr 11, 2024, 12:52:31 PM PST",Entertainment,,POSITIVE,0.9622260928153992,guide,information,"professional,dramatic,informative,serious,funny,personal",0.4513988494873047
23705,Ritviz - Liggi [Official Music Video],"Apr 18, 2024, 7:32:32 PM PST",Music,Official Music Video,NEGATIVE,0.6218842267990112,unknown,unknown,,0.9880975484848022
24533,KAHIN TO,"Apr 7, 2024, 9:05:27 AM PST",Comedy,,POSITIVE,0.9924361109733582,reaction,information,"dramatic,serious,informative,funny,professional,personal,casual",0.5843256711959839
24114,Bhool Bhulaiyaa,"Apr 11, 2024, 12:52:30 PM PST",Comedy,,NEGATIVE,0.52118980884552,reaction,comedy,"funny,dramatic,informative,serious,casual,personal,professional",0.9525803923606873
24534,Baatein Kuch Ankahee,"Apr 7, 2024, 9:01:38 AM PST",Comedy,,NEGATIVE,0.8157026767730713,reaction,storytelling,"dramatic,funny,informative,serious,casual,personal,professional",0.9170410633087158
23706,Anuv Jain - HUSN (Official Video),"Apr 18, 2024, 7:28:31 PM PST",Music,Official Music Video,NEGATIVE,0.6675176024436951,unknown,unknown,,0.9936086535453796
24115,Porter Robinson - Sad Machine (Nurture Version),"Apr 11, 2024, 12:49:32 PM PST",Podcast,,NEGATIVE,0.9859558343887329,commentary,storytelling,"dramatic,informative,personal",0.7724167108535767
24535,Kholo Kholo,"Apr 7, 2024, 8:59:39 AM PST",Music,Official Music Video,NEGATIVE,0.9807353615760803,unknown,unknown,,0.5421507358551025
23707,Justh - Chor (Official Music Video),"Apr 18, 2024, 7:28:13 PM PST",Music,Official Music Video,NEGATIVE,0.9885584115982056,unknown,unknown,,0.9958816766738892
24116,Look at the Sky,"Apr 11, 2024, 12:44:18 PM PST",Tutorial,,POSITIVE,0.9995146989822388,guide,information,"informative,dramatic,casual,serious,professional",0.3822808861732483
24536,Saadda Haq,"Apr 7, 2024, 8:59:38 AM PST",Entertainment,,NEGATIVE,0.7076566219329834,commentary,information,"dramatic,informative,serious,funny,professional,personal,casual",0.6843666434288025
24117,"VØJ, Narvent - Memory Reboot (4K Music Video)","Apr 11, 2024, 12:40:30 PM PST",Music,Official Music Video,NEGATIVE,0.9937934875488281,unknown,unknown,,0.9975586533546448
24537,KINARE,"Apr 7, 2024, 8:59:20 AM PST",Entertainment,,POSITIVE,0.9625693559646606,reaction,information,"dramatic,serious,informative,personal,professional,funny",0.3183298707008362
23708,Naina Da Kya Kasoor - Lyrical | AndhaDhun | Ayushmann Khurrana | Radhika Apte | Amit Trivedi,"Apr 18, 2024, 7:21:20 PM PST",Comedy,,POSITIVE,0.9777830243110657,commentary,storytelling,funny,0.9957687854766846
24118,"Dil Se Re (From ""Dil Se"")","Apr 11, 2024, 11:19:20 AM PST",Music,Official Music Video,NEGATIVE,0.9637820720672607,unknown,unknown,,0.6941593289375305
23709,Fake Security Prank!,"Apr 18, 2024, 7:04:38 PM PST",Shorts,,NEGATIVE,0.9992116689682007,unknown,unknown,"funny,dramatic,informative",0.014472574926912785
24538,MERA PEHLA PEHLA PYAAR,"Apr 7, 2024, 8:54:50 AM PST",Music,Music Mix,NEGATIVE,0.9538111686706543,unknown,unknown,,0.9745839834213257
