24664,"Apr 4, 2024, 10:19:35 AM PST",Entertainment,"trending,informative,entertaining,viral,educational,mature,controversial","edited,animated","showcase,guide,commentary,documentary,analysis,compilation,highlights","storytelling,educational,entertainment,promotional,analysis"
25080,"Mar 29, 2024, 8:49:44 AM PST",Comedy,"trending,controversial,viral,entertaining,informative","edited,animated,high_production","reaction,commentary,highlights,compilation,guide,showcase",storytelling
24665,"Apr 4, 2024, 10:19:34 AM PST",Entertainment,"trending,mature,entertaining,informative,viral,family_friendly,educational,controversial","edited,professional,animated","reaction,showcase,compilation,highlights,guide,commentary,review,analysis,interview","storytelling,educational,entertainment,analysis,skill_development,promotional"
25081,"Mar 29, 2024, 8:49:05 AM PST",Entertainment,"entertaining,trending,viral,controversial,informative,family_friendly,educational","animated,professional,edited","compilation,reaction,showcase,guide,highlights","entertainment,skill_development,storytelling,educational"
25082,"Mar 29, 2024, 8:46:10 AM PST",Entertainment,"trending,mature,controversial,entertaining,informative,viral,family_friendly,educational","professional,studio_quality,high_production,edited,live_recording,animated","guide,reaction,commentary,podcast,highlights,review,compilation,analysis,stream_highlights,interview","storytelling,skill_development,social_commentary,entertainment,promotional,educational,product_review,analysis,personal_vlog"
24666,"Apr 4, 2024, 10:19:33 AM PST",Music,"entertaining,trending,viral,informative,educational","edited,animated","compilation,showcase,reaction,highlights,podcast,guide,commentary","entertainment,promotional,storytelling,educational"
25083,"Mar 29, 2024, 8:42:40 AM PST",Technology,"trending,informative,entertaining,viral",edited,"showcase,highlights,compilation",
24667,"Apr 4, 2024, 10:19:31 AM PST",Entertainment,"trending,entertaining,informative,viral,controversial,educational,mature","animated,professional,high_production,edited","showcase,compilation,reaction,highlights,guide,commentary,documentary,analysis,review","entertainment,storytelling,educational,promotional,news,analysis,skill_development"
25084,"Mar 29, 2024, 8:39:22 AM PST",Reviews,"trending,informative,mature,entertaining,viral,controversial,educational","edited,high_production,studio_quality,animated,professional","reaction,showcase,compilation,commentary,review,analysis,highlights,guide,interview,podcast,stream_highlights,walkthrough","analysis,social_commentary,storytelling,promotional,news,personal_vlog,skill_development,educational"
24668,"Apr 4, 2024, 10:19:30 AM PST",Entertainment,"informative,trending,entertaining,viral,mature,educational,clickbait","professional,animated,high_production,studio_quality","compilation,guide,showcase,highlights,reaction,podcast,analysis,stream_highlights,tutorial,documentary,review","entertainment,educational,storytelling,analysis,personal_vlog,promotional,social_commentary,news,skill_development,product_review"
25085,"Mar 29, 2024, 8:35:19 AM PST",Entertainment,"entertaining,trending,informative,mature,viral,family_friendly,educational,controversial","animated,professional,high_production,edited","reaction,showcase,compilation,guide,highlights,commentary,analysis,review","storytelling,entertainment,analysis,promotional,educational,skill_development,news"
24669,"Apr 4, 2024, 10:19:29 AM PST",Comedy,"entertaining,trending,viral,controversial,informative",animated,"reaction,compilation,commentary,showcase,podcast,highlights","storytelling,entertainment"
25086,"Mar 29, 2024, 8:35:04 AM PST",Reviews,"trending,controversial,viral",edited,"reaction,guide,compilation,commentary",social_commentary
24670,"Apr 4, 2024, 10:19:28 AM PST",Music,"entertaining,trending,viral,informative,family_friendly",edited,"compilation,highlights","promotional,entertainment"
25087,"Mar 29, 2024, 8:35:03 AM PST",Entertainment,"trending,informative,entertaining,viral,mature,family_friendly,educational","professional,studio_quality,high_production,edited,animated,live_recording","guide,reaction,showcase,podcast,compilation,commentary,stream_highlights,interview,highlights,review,walkthrough","social_commentary,personal_vlog,storytelling,skill_development,educational,promotional,entertainment,product_review,news"
24671,"Apr 4, 2024, 10:19:27 AM PST",Music,"entertaining,trending,informative,viral,controversial,educational,mature","animated,professional","showcase,compilation,podcast,highlights,stream_highlights,guide","storytelling,entertainment,educational"
25088,"Mar 29, 2024, 8:35:01 AM PST",Entertainment,"trending,informative,entertaining,viral,family_friendly,mature","edited,high_production,professional","showcase,highlights,reaction,guide,compilation",promotional
24672,"Apr 4, 2024, 10:19:21 AM PST",Entertainment,"trending,entertaining,viral,educational,family_friendly,informative,controversial,clickbait,mature","animated,studio_quality,edited,high_production,raw_footage","reaction,showcase,commentary,guide,compilation,podcast,review,tutorial,stream_highlights,analysis,documentary,highlights,walkthrough,interview","storytelling,promotional,entertainment,educational,social_commentary,personal_vlog,analysis,product_review,news,skill_development"
25089,"Mar 29, 2024, 8:34:42 AM PST",Entertainment,"entertaining,trending,informative,viral,family_friendly,educational,controversial","high_production,edited,animated","reaction,showcase,highlights,guide,compilation,stream_highlights,commentary","entertainment,educational,skill_development,promotional,storytelling"
24673,"Apr 4, 2024, 10:19:18 AM PST",Entertainment,"trending,family_friendly,informative,entertaining,viral,mature,controversial,educational","edited,studio_quality,high_production,animated,professional","guide,reaction,compilation,highlights,commentary,showcase,podcast,review,tutorial,stream_highlights","social_commentary,storytelling,skill_development,promotional,entertainment,educational,product_review"
25090,"Mar 29, 2024, 8:34:22 AM PST",Entertainment,"viral,trending,entertaining,informative,family_friendly","animated,edited","reaction,compilation,highlights,commentary,showcase,guide","promotional,entertainment,storytelling"
24674,"Apr 4, 2024, 10:19:07 AM PST",Shorts,"controversial,trending",edited,"guide,compilation",
25091,Call Me Maybe,Comedy,"trending,entertaining,informative,viral,controversial,educational","edited,animated","commentary,reaction,podcast,compilation,guide,showcase,analysis,highlights,review,interview","storytelling,entertainment,analysis,promotional,educational,social_commentary"
24675,"Apr 4, 2024, 10:16:09 AM PST",Music,"mature,trending,informative,entertaining,educational",professional,"guide,showcase,highlights","educational,skill_development"
25092,"Mar 29, 2024, 8:33:53 AM PST",Entertainment,"trending,entertaining,viral,informative,controversial,educational",animated,"reaction,showcase,guide,highlights,compilation,commentary,stream_highlights","entertainment,storytelling,news,promotional,educational"
24676,"Apr 4, 2024, 10:13:12 AM PST",Podcast,"entertaining,controversial,trending,informative,viral","edited,amateur,studio_quality","commentary,compilation,podcast,reaction","social_commentary,promotional,storytelling"
25093,"Mar 29, 2024, 8:30:56 AM PST",Technology,"trending,informative,viral,mature,entertaining,educational,controversial,family_friendly","professional,edited,studio_quality,high_production","commentary,compilation,reaction,guide,podcast,tutorial,highlights,analysis,review,showcase,stream_highlights","storytelling,social_commentary,educational,promotional,analysis,news,skill_development,product_review"
24677,"Apr 4, 2024, 10:10:07 AM PST",Entertainment,"trending,entertaining,informative,viral,mature,controversial,educational,family_friendly","professional,edited,animated,high_production","reaction,compilation,commentary,guide,highlights,showcase,interview,analysis,review,tutorial,stream_highlights,documentary","skill_development,storytelling,educational,news,social_commentary,entertainment,promotional,analysis"
25094,"Mar 29, 2024, 8:28:34 AM PST",Technology,"mature,trending,informative,family_friendly,entertaining,educational","professional,studio_quality,edited,animated","guide,podcast,commentary,highlights","storytelling,educational"
24678,"Apr 4, 2024, 10:05:49 AM PST",Entertainment,"trending,entertaining,viral,informative,mature,controversial,educational,family_friendly","professional,animated,high_production,studio_quality,edited","showcase,compilation,reaction,highlights,guide,commentary,documentary,analysis,review","promotional,entertainment,storytelling,educational,analysis"
25095,Bruno Mars - Topic,Podcast,"family_friendly,trending,viral",,"compilation,guide,podcast,highlights,reaction",personal_vlog
24679,"Apr 4, 2024, 10:03:16 AM PST",Entertainment,"trending,entertaining,informative,viral,mature,controversial,family_friendly,educational","edited,professional,animated","reaction,showcase,highlights,guide,compilation,commentary","entertainment,educational,storytelling,promotional"
25096,"Mar 29, 2024, 8:24:51 AM PST",Reviews,"controversial,entertaining,trending,viral,informative","edited,high_production,studio_quality","commentary,reaction,compilation,showcase,highlights,stream_highlights,review,podcast,interview","social_commentary,entertainment,product_review,personal_vlog"
24680,"Apr 4, 2024, 10:02:36 AM PST",Tutorial,"informative,educational,trending,entertaining,viral,mature","professional,edited","guide,tutorial,showcase,compilation,analysis,podcast,commentary","educational,promotional,storytelling,news,skill_development,analysis"
25097,"Mar 29, 2024, 8:21:43 AM PST",Music,"trending,entertaining,informative,viral,controversial,mature","high_production,professional,animated,edited","showcase,compilation,highlights,guide,review,stream_highlights,reaction","entertainment,storytelling"
25098,"Mar 29, 2024, 8:18:10 AM PST",Podcast,"family_friendly,trending,controversial,viral,entertaining,educational,informative","edited,amateur","podcast,guide,reaction,compilation,commentary,highlights,showcase,tutorial","promotional,storytelling,entertainment,educational"
24681,"Apr 4, 2024, 9:58:57 AM PST",Music,"entertaining,trending,informative,viral,mature,family_friendly,educational",animated,"reaction,showcase,guide,compilation,commentary,highlights","storytelling,entertainment,educational"
25099,"Mar 29, 2024, 8:14:29 AM PST",News,"trending,informative,mature,viral,entertaining","professional,high_production,studio_quality","guide,compilation,showcase,podcast,stream_highlights","news,storytelling"
24682,"Apr 4, 2024, 9:58:56 AM PST",Entertainment,"entertaining,trending,clickbait,viral,informative,family_friendly","edited,animated","compilation,showcase,highlights,reaction,stream_highlights,guide,podcast","entertainment,promotional"
25100,"Mar 29, 2024, 8:10:11 AM PST",Entertainment,"informative,trending,entertaining,viral,educational",,guide,educational
24683,"Apr 4, 2024, 9:58:17 AM PST",Music,"trending,viral,informative,entertaining,controversial,mature","animated,professional,studio_quality,edited","guide,podcast,commentary,compilation,reaction,showcase,interview,highlights","promotional,storytelling"
25101,"Mar 29, 2024, 8:09:48 AM PST",Entertainment,"trending,informative,entertaining,mature,viral,educational,controversial","professional,edited,high_production","showcase,guide,highlights,compilation,reaction,review,commentary","educational,skill_development,promotional,news,entertainment"
24684,"Apr 4, 2024, 9:41:25 AM PST",News,"informative,trending,educational,entertaining,controversial,mature,viral",,"guide,showcase,highlights,analysis,compilation,commentary","educational,news,analysis"
25102,"Mar 29, 2024, 8:05:36 AM PST",Technology,"trending,informative,viral,entertaining,controversial,mature","high_production,studio_quality,edited,professional,animated","compilation,reaction,guide,showcase,podcast,commentary,stream_highlights,highlights,interview","promotional,storytelling,product_review,personal_vlog,skill_development,social_commentary"
24685,"Apr 4, 2024, 9:41:13 AM PST",News,"controversial,entertaining,trending,informative,viral","amateur,edited","reaction,commentary,showcase,guide","news,promotional"
25103,"Mar 29, 2024, 8:02:53 AM PST",Technology,"trending,informative,entertaining,mature,viral,family_friendly,controversial","professional,edited","showcase,highlights,reaction,commentary,guide",entertainment
25104,"Mar 29, 2024, 8:00:02 AM PST",Entertainment,"trending,entertaining,informative,viral,mature,educational,controversial",edited,"showcase,compilation,highlights,review","promotional,entertainment,educational"
24686,"Apr 4, 2024, 9:40:24 AM PST",Gaming,"trending,viral,entertaining,informative,controversial","animated,edited","reaction,showcase,guide,compilation,highlights,commentary","promotional,entertainment"
25105,"Mar 29, 2024, 7:56:06 AM PST",Entertainment,"trending,informative,entertaining,viral,mature,controversial,educational","professional,edited,high_production,animated,studio_quality","showcase,reaction,highlights,guide,compilation,commentary,review,analysis,stream_highlights","news,entertainment,social_commentary,analysis,educational,storytelling,promotional,skill_development"
24687,"Apr 4, 2024, 9:40:22 AM PST",Podcast,"trending,informative,controversial,mature,viral,entertaining",edited,"guide,analysis,compilation,commentary,reaction,podcast,showcase","analysis,news"
25106,"Mar 29, 2024, 7:44:31 AM PST",Entertainment,"trending,entertaining,informative,mature,viral,controversial,family_friendly,educational","animated,edited,professional","reaction,guide,commentary,compilation,showcase,highlights,analysis","storytelling,entertainment,educational,promotional,analysis"
24688,"Apr 4, 2024, 9:39:21 AM PST",Podcast,"entertaining,informative,trending,controversial,viral,educational,mature","edited,professional,animated,high_production","podcast,showcase,compilation,guide,review,commentary,analysis,documentary,reaction,highlights","storytelling,entertainment,promotional,analysis,educational,news"
25107,"Mar 29, 2024, 7:14:01 AM PST",Music,"entertaining,informative,trending,viral,family_friendly,mature","animated,high_production,professional","compilation,showcase,guide,highlights","entertainment,storytelling,promotional"
24689,"Apr 4, 2024, 9:38:50 AM PST",Reviews,"controversial,trending,informative",animated,"commentary,analysis,reaction,compilation","news,analysis"
25108,"Mar 29, 2024, 7:11:08 AM PST",Comedy,"entertaining,trending,informative,viral,educational,mature,controversial,family_friendly","high_production,professional,animated,edited","showcase,compilation,commentary,highlights,reaction,guide,documentary,podcast,review,stream_highlights,analysis","storytelling,entertainment,educational,promotional,analysis,news,skill_development"
24690,"Apr 4, 2024, 9:38:04 AM PST",News,"viral,trending,controversial,informative,educational",,"commentary,reaction,guide,analysis","news,analysis,social_commentary,educational,storytelling"
24691,"Apr 4, 2024, 9:37:30 AM PST",Gaming,"controversial,trending,informative,viral",edited,"compilation,reaction",news
25109,"Mar 29, 2024, 7:08:00 AM PST",Music,"trending,viral,informative,entertaining,controversial","high_production,professional,edited","showcase,highlights,guide,reaction,review,stream_highlights,compilation","promotional,entertainment,news"
24692,"Apr 4, 2024, 9:37:28 AM PST",Comedy,"entertaining,trending,viral,informative,controversial","animated,edited","reaction,commentary,compilation,showcase,highlights,guide","entertainment,storytelling,promotional"
25110,"Mar 29, 2024, 7:04:47 AM PST",Entertainment,"entertaining,trending,informative,viral,mature,controversial","high_production,professional","highlights,showcase,guide",entertainment
24693,"Bunker Alfa Code for 28-29 March 2024 - Last Day on Earth, Survival",News,"trending,informative,controversial,viral,entertaining,mature",edited,"guide,analysis,showcase","analysis,news"
24694,"Apr 4, 2024, 8:36:17 AM PST",Technology,"informative,trending,entertaining,educational,controversial,mature,viral",edited,"guide,showcase","educational,storytelling"
25111,"Mar 29, 2024, 7:00:54 AM PST",Technology,"informative,entertaining,viral,trending,mature","professional,animated,high_production","showcase,guide,highlights",
24695,"Apr 4, 2024, 8:36:15 AM PST",Entertainment,"trending,entertaining,informative,controversial,educational",edited,"showcase,reaction,guide","storytelling,entertainment,educational"
24696,"Bunker Alfa Code for March 2024 - Last Day on Earth,Survival",News,"informative,trending,controversial,viral,mature,entertaining,educational","professional,edited","guide,analysis,showcase,compilation","analysis,news,educational"
25112,"Mar 29, 2024, 6:58:04 AM PST",Music,"trending,entertaining,informative,mature,educational,viral,controversial","professional,studio_quality","podcast,showcase,reaction,highlights,guide,review,compilation","entertainment,storytelling,educational"
24697,"Apr 4, 2024, 8:36:04 AM PST",Tutorial,"trending,informative,entertaining,educational,viral,mature,controversial",,"guide,showcase,compilation,highlights,commentary","storytelling,educational"
24698,"Apr 4, 2024, 8:35:30 AM PST",Sports,"informative,entertaining,trending,viral,educational,controversial,mature","professional,animated,edited,high_production","guide,highlights,reaction,documentary,showcase,compilation,commentary,analysis","storytelling,educational,news,analysis,entertainment"
25113,"Mar 29, 2024, 6:55:07 AM PST",Music,"entertaining,trending,viral,informative,family_friendly,mature,educational","high_production,professional,edited","highlights,showcase,compilation","entertainment,promotional,educational"
24699,"Apr 4, 2024, 8:34:55 AM PST",Podcast,"trending,informative,viral,controversial,entertaining,educational","animated,edited","guide,compilation,showcase,analysis,highlights,commentary","educational,analysis,storytelling,news"
24700,"Apr 4, 2024, 8:34:50 AM PST",Entertainment,"trending,family_friendly,viral,entertaining,informative,controversial","edited,animated","reaction,guide","entertainment,promotional,news"
25114,"Mar 29, 2024, 6:52:47 AM PST",Entertainment,"entertaining,trending,informative,viral,family_friendly,mature","professional,high_production,animated","showcase,compilation,guide,highlights","entertainment,storytelling,promotional"
24701,"Apr 4, 2024, 8:34:48 AM PST",Tutorial,"informative,trending,educational,entertaining,viral","professional,edited,high_production","guide,tutorial","educational,personal_vlog"
25115,"Mar 29, 2024, 6:37:52 AM PST",Music,"informative,trending,mature,viral,educational,entertaining,family_friendly",,"showcase,highlights,guide",educational
24702,"Apr 4, 2024, 8:34:43 AM PST",News,"trending,controversial,informative,entertaining,viral",,"showcase,compilation,analysis,guide","analysis,news,storytelling"
25116,"Mar 29, 2024, 6:18:00 AM PST",Entertainment,"viral,entertaining,trending,informative,educational,mature,controversial,family_friendly","animated,professional,high_production,studio_quality","showcase,reaction,analysis,stream_highlights,compilation,documentary,review,highlights,guide,commentary,interview","entertainment,storytelling,analysis,educational,skill_development,product_review,social_commentary,promotional,personal_vlog,news"
24703,"Apr 4, 2024, 8:33:40 AM PST",Gaming,"entertaining,informative,trending,controversial,viral","professional,edited","reaction,showcase,highlights",storytelling
24704,"Bunker Alfa Code for 1-2 April 2024 - Last Day on Earth,Survival",News,"trending,informative,controversial,viral,entertaining,mature","professional,edited","guide,analysis,showcase,highlights","news,analysis"
25117,"Mar 29, 2024, 6:16:22 AM PST",Entertainment,"viral,trending,controversial,entertaining,informative","amateur,animated,edited,high_production","reaction,commentary,compilation,highlights,showcase","entertainment,news"
24705,"Bunker Alfa Code for 3-4 April 2024 Last Day on Earth, Survival",News,"trending,informative,controversial,viral,entertaining,mature",edited,"guide,analysis,showcase","news,analysis"
25118,"Mar 29, 2024, 6:14:10 AM PST",Entertainment,"trending,viral,controversial,entertaining,informative,educational","high_production,edited","reaction,compilation,commentary,showcase,highlights,review,analysis,documentary","storytelling,entertainment,news,educational,analysis"
24706,"Apr 4, 2024, 8:33:23 AM PST",Gaming,"trending,informative,entertaining,controversial,viral","edited,animated","compilation,documentary,reaction,analysis,commentary,guide,showcase","storytelling,analysis"
25119,"Mar 29, 2024, 6:13:10 AM PST",Tutorial,"controversial,informative,trending,viral","edited,animated","commentary,compilation,analysis,reaction,review",analysis
25120,"Mar 29, 2024, 6:13:03 AM PST",Shorts,"trending,entertaining,viral,informative,educational,controversial,mature","professional,animated,edited","showcase,reaction,commentary,highlights,guide","entertainment,educational,social_commentary,storytelling,news,skill_development,promotional"
24707,"Apr 4, 2024, 8:33:21 AM PST",Shorts,"entertaining,trending,viral,informative,educational,controversial,family_friendly,clickbait","edited,amateur,animated,raw_footage","showcase,reaction,compilation,highlights,guide","entertainment,storytelling,news,promotional,educational,skill_development"
25121,"Mar 29, 2024, 6:13:02 AM PST",Technology,"entertaining,trending,informative,mature,viral,controversial,family_friendly","professional,high_production","highlights,guide,showcase,reaction","news,entertainment"
24708,"Apr 4, 2024, 8:31:16 AM PST",Technology,"entertaining,trending,informative,viral,mature,controversial","professional,edited,animated,high_production","reaction,highlights,guide,showcase,compilation","skill_development,news,entertainment"
24709,"Apr 4, 2024, 8:31:13 AM PST",Entertainment,"trending,viral,entertaining,informative,educational","high_production,professional,animated,edited","showcase,compilation,highlights,reaction,stream_highlights,commentary","promotional,entertainment,storytelling,news,educational"
25122,"Mar 29, 2024, 6:12:16 AM PST",Tutorial,"trending,informative,viral,educational,entertaining,controversial","professional,edited","guide,showcase,compilation,tutorial","educational,news,promotional"
24710,"Apr 4, 2024, 8:30:16 AM PST",Entertainment,"viral,trending,informative,entertaining,mature,controversial","edited,professional","compilation,reaction,guide,highlights",news
25123,"Mar 29, 2024, 6:11:33 AM PST",Tutorial,"trending,educational,informative,viral,entertaining","professional,edited,animated","guide,tutorial,showcase,compilation,highlights","educational,entertainment,promotional"
24711,"Apr 4, 2024, 8:30:04 AM PST",News,"viral,informative,controversial,trending,educational,family_friendly,mature,entertaining","animated,high_production,live_recording,studio_quality,edited,raw_footage","showcase,guide,compilation,reaction,highlights,stream_highlights,documentary,commentary","news,storytelling,social_commentary,educational,personal_vlog,promotional,skill_development"
25124,"Mar 29, 2024, 6:09:47 AM PST",Technology,"trending,entertaining,informative,viral,mature,controversial,family_friendly","professional,animated,studio_quality,edited","guide,highlights,showcase,reaction","news,entertainment"
25125,"Mar 28, 2024, 12:57:32 PM PST",Music,"trending,entertaining,informative,viral,mature","professional,edited,high_production,studio_quality","highlights,showcase,stream_highlights","entertainment,skill_development"
24712,"Apr 4, 2024, 8:29:43 AM PST",Shorts,"viral,trending,informative,entertaining,educational",edited,"showcase,highlights,reaction,guide","promotional,educational,news"
25126,"Mar 28, 2024, 12:29:31 PM PST",Comedy,"trending,entertaining,viral,family_friendly,informative,mature,controversial,educational","animated,professional,edited","compilation,reaction,guide,showcase,commentary,podcast,highlights,review,analysis","storytelling,entertainment,promotional,educational,analysis"
24713,"Apr 4, 2024, 8:28:42 AM PST",Comedy,"entertaining,trending,controversial,viral,informative,educational","animated,raw_footage,live_recording,amateur,edited,high_production","reaction,commentary,compilation,guide,highlights,stream_highlights,showcase,podcast,review,analysis,documentary","storytelling,entertainment,news,social_commentary,personal_vlog,skill_development,analysis,educational"
25127,"Mar 28, 2024, 12:26:51 PM PST",Entertainment,"trending,mature,informative,viral,entertaining,controversial,family_friendly,educational","animated,professional,edited","reaction,guide,compilation,showcase,highlights,commentary,analysis","storytelling,educational,analysis,skill_development,entertainment"
25128,"Mar 28, 2024, 12:23:37 PM PST",Technology,"controversial,trending,entertaining,mature",edited,"showcase,reaction,guide,highlights,commentary",
24714,"Apr 4, 2024, 8:27:43 AM PST",Gaming,"trending,viral,entertaining,informative,controversial",edited,"showcase,compilation,commentary,reaction,highlights,guide",entertainment
25129,"Mar 28, 2024, 12:17:46 PM PST",Entertainment,"trending,entertaining,informative,viral,mature,controversial,educational,family_friendly","professional,edited,animated,high_production","reaction,guide,highlights,commentary,compilation,showcase,analysis","storytelling,entertainment,analysis,educational"
24715,"Apr 4, 2024, 8:26:42 AM PST",Podcast,"entertaining,mature,informative,trending,family_friendly,viral,educational","high_production,professional,studio_quality,edited","guide,compilation,highlights,podcast,reaction,showcase,stream_highlights,analysis","entertainment,social_commentary,educational,personal_vlog,storytelling,promotional,product_review,analysis"
25130,"Mar 28, 2024, 12:17:45 PM PST",Music,"trending,entertaining,viral,informative,controversial,family_friendly,mature,educational","animated,professional","reaction,compilation,commentary,guide,showcase,highlights,podcast,review,tutorial,analysis","storytelling,entertainment,promotional,analysis,educational"
24716,"Apr 4, 2024, 8:25:50 AM PST",News,"trending,entertaining,informative,viral,controversial,educational","edited,animated","podcast,showcase,documentary,guide,reaction,commentary,analysis,review,highlights","news,storytelling,promotional,analysis,entertainment,educational"
25131,"Mar 28, 2024, 12:17:44 PM PST",Comedy,"entertaining,informative,trending,viral,controversial,educational",animated,"reaction,commentary,guide,compilation,showcase,highlights","storytelling,entertainment,educational"
25132,"Mar 28, 2024, 12:17:42 PM PST",Comedy,"entertaining,trending,informative,viral,family_friendly",animated,"showcase,reaction,highlights,compilation,commentary,guide","storytelling,entertainment"
24717,"Apr 4, 2024, 6:55:23 AM PST",Music,"entertaining,trending,informative,viral","high_production,edited","showcase,highlights,stream_highlights","storytelling,entertainment"
25133,"Mar 28, 2024, 12:17:40 PM PST",Music,"trending,mature,entertaining,informative,viral,controversial,educational","professional,edited,high_production,animated","guide,showcase,highlights,reaction,compilation,commentary,review,analysis","storytelling,educational,entertainment,skill_development,analysis"
24718,"Apr 4, 2024, 6:54:12 AM PST",Technology,"informative,trending,entertaining,educational,viral","professional,edited,studio_quality,high_production","interview,showcase,guide,highlights,stream_highlights",educational
25134,"Mar 28, 2024, 12:17:31 PM PST",Entertainment,"trending,entertaining,informative,viral,mature,controversial,educational,family_friendly","professional,edited,animated","reaction,guide,showcase,highlights,commentary,analysis,compilation,review","storytelling,analysis,entertainment,educational,skill_development,news"
24719,"Apr 4, 2024, 6:49:43 AM PST",Comedy,"trending,controversial,viral,entertaining,informative","edited,animated,high_production","reaction,commentary,highlights,compilation,guide,showcase",storytelling
25135,"Mar 28, 2024, 12:14:00 PM PST",Comedy,"trending,entertaining,viral,informative,controversial,mature,educational,family_friendly","professional,animated","reaction,guide,showcase,compilation,highlights,commentary,analysis","storytelling,entertainment,educational,news,analysis"
24720,"Apr 4, 2024, 6:35:49 AM PST",Tutorial,"trending,informative,entertaining,mature,controversial,viral",edited,"highlights,showcase,guide",
25136,"Mar 28, 2024, 12:06:24 PM PST",Music,"trending,entertaining,viral,informative,mature,family_friendly,educational,controversial","animated,professional,edited","reaction,compilation,guide,commentary,showcase,highlights,analysis,review,documentary,tutorial","storytelling,entertainment,educational,promotional,analysis,skill_development"
24721,"Apr 4, 2024, 6:31:37 AM PST",Technology,"trending,informative,viral,entertaining,controversial,mature","high_production,studio_quality,edited,professional,animated","compilation,reaction,guide,showcase,podcast,commentary,stream_highlights,highlights,interview","promotional,storytelling,product_review,personal_vlog,skill_development,social_commentary"
25137,"Mar 28, 2024, 12:06:21 PM PST",Comedy,"entertaining,trending,informative,viral,controversial,family_friendly,mature,educational",animated,"reaction,commentary,showcase,compilation,guide,highlights,analysis,review,documentary,tutorial","storytelling,entertainment,analysis,educational,promotional"
24722,"Apr 4, 2024, 6:31:30 AM PST",Comedy,"mature,informative,entertaining,trending,educational,family_friendly","professional,high_production","showcase,guide,compilation,highlights,reaction,analysis,commentary,review","storytelling,analysis,entertainment,educational,skill_development"
25138,"Mar 28, 2024, 12:06:16 PM PST",Entertainment,"entertaining,trending,viral,informative,controversial","animated,edited","compilation,reaction,highlights,showcase",entertainment
24723,"Apr 4, 2024, 6:29:56 AM PST",Technology,"informative,entertaining,educational,trending,viral","edited,professional,studio_quality,high_production","interview,guide,showcase,highlights",educational
25139,"Mar 28, 2024, 12:02:21 PM PST",Comedy,"entertaining,informative,trending,viral,family_friendly,educational,mature",animated,"reaction,compilation,guide,showcase,highlights,commentary","storytelling,entertainment,educational"
24724,"Apr 4, 2024, 6:29:12 AM PST",Gaming,"trending,informative,entertaining,viral,mature,educational,controversial","edited,animated","showcase,reaction,documentary,highlights,guide,podcast,analysis","promotional,news,storytelling,entertainment,educational,analysis"
25140,"Mar 28, 2024, 12:00:03 PM PST",Music,"entertaining,trending,informative,viral,family_friendly,educational,controversial","professional,high_production,edited","showcase,compilation,highlights,guide,reaction","entertainment,educational,storytelling"
24725,"Apr 4, 2024, 5:19:40 AM PST",Tutorial,"controversial,viral,trending,informative,entertaining,educational",animated,"compilation,showcase,guide,commentary,reaction,podcast,highlights,tutorial","promotional,educational,news"
25141,"Mar 28, 2024, 11:55:23 AM PST",Music,"mature,trending,informative,entertaining,viral,educational,controversial","professional,animated,edited,high_production","guide,showcase,highlights,reaction,compilation,commentary,analysis","educational,skill_development,analysis,entertainment,storytelling"
24726,"Apr 3, 2024, 1:32:05 PM PST",Tutorial,"informative,educational,trending,entertaining,viral","edited,studio_quality","tutorial,showcase,highlights,guide",educational
25142,O Haseena Zulfonwale Jane Jahan Afro Trap,Comedy,"controversial,entertaining,trending,viral,informative,clickbait","animated,edited","commentary,reaction,compilation,guide,highlights,showcase,podcast,analysis","storytelling,entertainment,social_commentary,analysis"
24727,"Apr 3, 2024, 1:12:08 PM PST",Comedy,"mature,informative,entertaining,trending,educational,family_friendly","professional,high_production","showcase,guide,compilation,highlights,reaction,analysis,commentary,review","storytelling,analysis,entertainment,educational,skill_development"
25143,"Mar 28, 2024, 11:55:19 AM PST",Entertainment,"trending,entertaining,informative,viral,mature,controversial,educational,family_friendly","professional,animated,high_production","reaction,showcase,commentary,compilation,guide,analysis,highlights","storytelling,entertainment,analysis,skill_development,educational,promotional"
24728,"Apr 3, 2024, 1:08:36 PM PST",Comedy,"trending,entertaining,viral,informative,controversial,mature,educational,family_friendly","professional,animated","reaction,guide,showcase,compilation,highlights,commentary,analysis","storytelling,entertainment,educational,news,analysis"
25144,"Mar 28, 2024, 11:55:18 AM PST",Music,"trending,viral,entertaining,informative,mature,controversial,educational,family_friendly","animated,edited,professional","reaction,compilation,guide,highlights,showcase,commentary,podcast","storytelling,promotional,entertainment,skill_development,educational"
24729,"Apr 3, 2024, 1:03:28 PM PST",Comedy,"entertaining,trending,viral,family_friendly,informative,mature,educational,controversial","animated,high_production","reaction,commentary,compilation,guide,showcase,podcast,highlights,tutorial,analysis,review,documentary","storytelling,entertainment,promotional,analysis,educational,social_commentary,skill_development"
25145,"Mar 28, 2024, 11:55:17 AM PST",Entertainment,"entertaining,trending,viral,informative,controversial,family_friendly,mature,educational","animated,professional,high_production,edited","reaction,showcase,guide,highlights,compilation,podcast,commentary,analysis","storytelling,entertainment,skill_development,educational,analysis"
24730,"Apr 3, 2024, 1:00:47 PM PST",Entertainment,"trending,entertaining,informative,viral,mature,family_friendly,educational,controversial","professional,edited,animated","showcase,compilation,reaction,guide,highlights,analysis","storytelling,entertainment,promotional,educational,analysis"
25146,"Mar 28, 2024, 11:54:49 AM PST",Entertainment,"trending,entertaining,informative,viral,mature,educational,controversial,family_friendly","professional,edited,animated","showcase,guide,reaction,interview,highlights,compilation,commentary,stream_highlights,analysis,podcast,review,documentary","storytelling,skill_development,educational,entertainment,analysis,news"
24731,"Apr 3, 2024, 12:57:46 PM PST",Entertainment,"trending,entertaining,informative,mature,viral,educational,family_friendly,controversial","professional,animated,edited","showcase,guide,reaction,compilation,highlights,commentary,analysis,review","storytelling,educational,entertainment,analysis,skill_development"
25147,"Mar 28, 2024, 11:51:41 AM PST",Entertainment,"trending,entertaining,informative,viral,mature,educational,family_friendly,controversial","professional,animated,high_production","compilation,showcase,reaction,guide,highlights,commentary,analysis,review","storytelling,educational,entertainment,promotional,analysis"
24732,"Apr 3, 2024, 12:54:02 PM PST",Entertainment,"trending,entertaining,viral,informative,controversial,mature,clickbait,educational,family_friendly","animated,professional,high_production,edited","reaction,highlights,guide,showcase,commentary,compilation,analysis,review","storytelling,entertainment,analysis,promotional,news,educational,skill_development"
25148,"Mar 28, 2024, 11:39:16 AM PST",Shorts,"entertaining,trending,controversial,viral,informative","edited,amateur","reaction,commentary","news,entertainment,storytelling,social_commentary"
24733,"Apr 3, 2024, 12:50:07 PM PST",Comedy,"entertaining,informative,trending,viral,family_friendly,educational,mature",animated,"reaction,compilation,guide,showcase,highlights,commentary","storytelling,entertainment,educational"
25149,"Mar 28, 2024, 11:04:50 AM PST",Entertainment,"trending,informative,entertaining,viral,mature,controversial,educational","animated,professional,edited","reaction,showcase,guide,compilation,highlights,commentary,analysis","storytelling,entertainment,educational,analysis"
24734,"Apr 3, 2024, 12:47:16 PM PST",Comedy,"trending,entertaining,informative,viral,mature,controversial,family_friendly,educational","professional,animated,high_production","compilation,reaction,showcase,guide,highlights,commentary","storytelling,entertainment,educational,promotional"
25150,"Mar 28, 2024, 10:59:54 AM PST",Entertainment,"entertaining,trending,viral,informative,family_friendly","animated,edited,high_production","compilation,reaction,showcase,highlights","entertainment,storytelling"
25151,"Mar 28, 2024, 10:55:56 AM PST",Comedy,"entertaining,trending,viral,informative,family_friendly,educational,mature,controversial",edited,"compilation,showcase,reaction,guide,highlights,analysis,commentary,documentary,podcast,review,tutorial","storytelling,entertainment,analysis,educational,promotional"
25152,"Mar 28, 2024, 10:52:59 AM PST",Entertainment,"trending,entertaining,viral,informative,mature,controversial,family_friendly,educational","professional,animated,high_production,edited","reaction,guide,compilation,highlights,showcase,commentary,analysis","storytelling,entertainment,educational,skill_development,promotional,social_commentary,analysis"
24735,"Apr 3, 2024, 12:16:34 PM PST",Music,"entertaining,trending,informative,viral,mature,family_friendly,controversial,educational","high_production,professional,edited","highlights,showcase","entertainment,promotional,storytelling,educational"
25153,"Mar 28, 2024, 10:48:51 AM PST",Entertainment,"entertaining,trending,informative,viral,controversial,mature,family_friendly,educational","animated,professional","reaction,guide,showcase,highlights,commentary,compilation,analysis","storytelling,entertainment,educational,skill_development,analysis,promotional"
25154,"Mar 28, 2024, 10:45:09 AM PST",Comedy,"trending,entertaining,informative,viral,mature,controversial,educational,family_friendly","animated,professional","reaction,compilation,showcase,commentary,guide,highlights,analysis,documentary,review","storytelling,entertainment,educational,analysis,social_commentary,promotional"
24736,"Apr 3, 2024, 12:14:14 PM PST",Entertainment,"entertaining,trending,informative,viral,family_friendly,mature","professional,high_production,animated","showcase,compilation,guide,highlights","entertainment,storytelling,promotional"
25155,"Mar 28, 2024, 10:36:39 AM PST",Tutorial,"trending,informative,viral,mature,entertaining,educational,controversial",edited,"guide,showcase,compilation,highlights,reaction,commentary",educational
24737,"Apr 3, 2024, 12:09:49 PM PST",Music,"trending,entertaining,informative,mature,viral","professional,studio_quality","podcast,compilation,highlights,showcase,guide,reaction","entertainment,storytelling"
25156,"Mar 28, 2024, 10:35:57 AM PST",Entertainment,"trending,entertaining,viral,informative,controversial,mature","edited,animated","reaction,showcase,guide,review,compilation,commentary,highlights","storytelling,entertainment"
24738,"Apr 3, 2024, 12:05:07 PM PST",Music,"mature,entertaining,informative,trending,viral","professional,high_production,live_recording,edited,studio_quality","showcase,compilation,guide,highlights,stream_highlights","entertainment,skill_development"
25157,"Mar 28, 2024, 10:31:18 AM PST",Comedy,"trending,entertaining,informative,family_friendly,viral,mature,controversial,educational","professional,animated","compilation,reaction,commentary,showcase,guide,highlights,podcast,documentary,analysis,review","storytelling,promotional,entertainment,educational,analysis"
25158,"Mar 28, 2024, 10:27:34 AM PST",Entertainment,"trending,entertaining,viral,informative,controversial,mature,clickbait,educational,family_friendly","animated,professional,high_production,edited","reaction,highlights,guide,showcase,commentary,compilation,analysis,review","storytelling,entertainment,analysis,promotional,news,educational,skill_development"
24739,"Apr 3, 2024, 12:01:01 PM PST",Music,"trending,entertaining,viral,informative,controversial","animated,high_production,professional,edited","showcase,compilation,reaction,highlights,guide,stream_highlights","entertainment,promotional,news"
25159,"Mar 28, 2024, 10:23:13 AM PST",Comedy,"entertaining,trending,informative,viral,family_friendly,educational,mature",,"reaction,commentary,guide,compilation,showcase,highlights","storytelling,entertainment,educational"
24740,"Apr 3, 2024, 11:56:57 AM PST",Entertainment,"entertaining,trending,viral,informative,educational,family_friendly","animated,high_production,edited","compilation,showcase,highlights,review,reaction","entertainment,storytelling,educational"
25160,"Mar 28, 2024, 10:05:49 AM PST",Entertainment,"entertaining,informative,viral,trending,family_friendly",animated,"reaction,commentary,guide,compilation,highlights,showcase","storytelling,entertainment"
25161,"Mar 28, 2024, 10:01:20 AM PST",Comedy,"trending,entertaining,informative,viral,mature,family_friendly,controversial,educational","animated,professional","compilation,reaction,commentary,guide,showcase,highlights,analysis,review,tutorial,documentary","storytelling,promotional,entertainment,educational,analysis,skill_development"
24741,"Apr 3, 2024, 11:52:48 AM PST",Music,"viral,entertaining,controversial,informative,trending,educational","animated,edited,amateur","podcast,reaction,showcase,interview,guide,review","entertainment,promotional,storytelling,educational"
25162,"Mar 28, 2024, 9:58:17 AM PST",Music,"trending,mature,informative,entertaining,viral,controversial,family_friendly,educational","professional,high_production,edited,animated","reaction,guide,showcase,highlights,compilation,commentary,analysis","storytelling,skill_development,entertainment,educational,analysis,promotional"
24742,"Apr 3, 2024, 11:48:46 AM PST",Music,"entertaining,trending,educational,informative,viral,mature,family_friendly","animated,professional,high_production,studio_quality","showcase,documentary,guide,compilation,analysis,highlights,interview,commentary,tutorial,stream_highlights","educational,storytelling,entertainment,analysis"
24743,"Apr 3, 2024, 11:47:16 AM PST",Entertainment,"trending,entertaining,viral,informative,mature,controversial,educational,family_friendly","professional,edited,animated","reaction,guide,showcase,highlights,commentary,compilation,analysis","storytelling,entertainment,educational,skill_development,analysis"
25163,"Mar 28, 2024, 9:55:05 AM PST",Music,"entertaining,informative,trending,viral,controversial,educational","edited,high_production","showcase,compilation,highlights,guide,reaction","storytelling,entertainment,educational"
24744,"Apr 3, 2024, 11:42:48 AM PST",Music,"trending,entertaining,informative,mature,viral,educational",animated,"reaction,showcase,guide,commentary,highlights,compilation,analysis","storytelling,educational,analysis,entertainment"
25164,"Mar 28, 2024, 9:51:04 AM PST",Music,"viral,trending,entertaining,informative,mature,controversial,family_friendly,educational,clickbait","animated,professional,high_production,edited","reaction,compilation,showcase,guide,commentary,highlights,analysis,podcast,review,documentary","storytelling,promotional,entertainment,educational,analysis,skill_development,news"
24745,"Apr 3, 2024, 11:18:12 AM PST",Comedy,"trending,viral,entertaining,informative,controversial,mature,family_friendly,educational","animated,edited","reaction,commentary,compilation,guide,highlights,showcase","entertainment,storytelling,educational"
25165,"Mar 28, 2024, 9:48:01 AM PST",Comedy,"entertaining,informative,trending,family_friendly,viral,mature,educational,controversial",professional,"guide,showcase,reaction,highlights,commentary,compilation,review,analysis","storytelling,entertainment,educational,analysis"
24746,"Apr 3, 2024, 11:15:04 AM PST",Entertainment,"trending,entertaining,informative,viral,mature,educational,family_friendly,controversial","professional,animated,high_production","compilation,showcase,reaction,guide,highlights,commentary,analysis,review","storytelling,educational,entertainment,promotional,analysis"
25166,"Mar 28, 2024, 9:47:59 AM PST",Music,"trending,entertaining,viral,informative,mature,family_friendly,controversial,educational","animated,professional,edited,high_production","reaction,compilation,guide,commentary,highlights,showcase,tutorial,analysis,review","storytelling,promotional,entertainment,educational,skill_development,social_commentary,analysis"
24747,"Apr 3, 2024, 11:09:41 AM PST",Entertainment,"trending,entertaining,informative,viral,mature,controversial,educational,family_friendly","professional,edited,animated,high_production","reaction,guide,highlights,commentary,compilation,showcase,analysis","storytelling,entertainment,analysis,educational"
25167,"Mar 28, 2024, 9:47:13 AM PST",Music,"trending,entertaining,informative,viral,family_friendly,educational,mature,controversial","animated,professional,edited","reaction,guide,showcase,commentary,highlights,compilation,tutorial","storytelling,entertainment,educational,promotional"
24748,"Apr 3, 2024, 11:06:49 AM PST",Technology,"controversial,trending,entertaining,mature",edited,"showcase,reaction,guide,highlights,commentary",
25168,"Mar 28, 2024, 9:40:15 AM PST",Entertainment,"entertaining,trending,informative,viral,mature,controversial,family_friendly",high_production,"reaction,showcase,highlights,compilation,guide,commentary","storytelling,entertainment"
24749,"Apr 3, 2024, 11:01:34 AM PST",Entertainment,"trending,informative,viral,entertaining,mature,controversial,educational,family_friendly","professional,high_production","showcase,reaction,guide,highlights,compilation,commentary,analysis","storytelling,educational,analysis,skill_development"
25169,"Mar 28, 2024, 9:40:04 AM PST",Tutorial,"trending,mature,informative,viral,controversial,entertaining","edited,professional,high_production","reaction,guide,highlights,compilation,commentary,showcase,review",skill_development
24750,"Apr 3, 2024, 11:00:46 AM PST",News,"trending,informative,viral,controversial,entertaining","animated,professional,high_production,raw_footage,edited","showcase,reaction,highlights,guide,documentary,stream_highlights,compilation",news
25170,"Mar 28, 2024, 9:36:59 AM PST",Music,"entertaining,informative,trending,educational,viral,family_friendly,mature",animated,"compilation,reaction,guide,commentary,showcase,highlights","storytelling,entertainment,educational"
24751,"Apr 3, 2024, 10:57:42 AM PST",Music,"trending,entertaining,informative,mature,viral,educational,controversial","professional,edited,animated","reaction,guide,showcase,highlights,compilation,commentary,analysis,review","storytelling,educational,entertainment,analysis,skill_development"
25171,"Mar 28, 2024, 9:33:28 AM PST",Entertainment,"trending,viral,entertaining,informative,mature,family_friendly,educational,controversial","professional,animated,edited,high_production","reaction,compilation,guide,commentary,highlights,showcase,analysis,review","storytelling,entertainment,educational,promotional,analysis,skill_development"
24752,"Apr 3, 2024, 10:54:28 AM PST",Music,"trending,mature,entertaining,informative,viral,controversial,educational","professional,edited,animated","reaction,guide,highlights,showcase,compilation,commentary","storytelling,educational,entertainment,promotional,skill_development"
25172,"Mar 28, 2024, 9:30:24 AM PST",Music,"trending,entertaining,viral,informative,family_friendly,mature,educational,controversial","animated,professional,edited,high_production","reaction,showcase,highlights,compilation,guide,commentary,review","entertainment,storytelling,promotional,educational,skill_development"
24753,"Apr 3, 2024, 10:50:28 AM PST",Music,"viral,trending,entertaining,informative,mature,controversial,family_friendly,educational,clickbait","animated,professional,high_production,edited","reaction,compilation,showcase,guide,commentary,highlights,analysis,podcast,review,documentary","storytelling,promotional,entertainment,educational,analysis,skill_development,news"
25173,"Mar 28, 2024, 9:29:59 AM PST",Reviews,"trending,informative,entertaining,viral,educational,controversial","edited,animated,professional","reaction,review,guide,tutorial,showcase,analysis,highlights,commentary","promotional,skill_development,storytelling,educational,analysis,news,entertainment,product_review"
24754,"Apr 3, 2024, 10:46:46 AM PST",Comedy,"trending,entertaining,informative,viral,mature,controversial,educational,family_friendly","animated,professional","reaction,compilation,showcase,commentary,guide,highlights,analysis,documentary,review","storytelling,entertainment,educational,analysis,social_commentary,promotional"
25174,"Mar 28, 2024, 9:26:05 AM PST",Music,"trending,entertaining,mature,informative,viral,controversial,family_friendly,educational","animated,edited,professional,high_production","reaction,commentary,guide,compilation,highlights,showcase","storytelling,educational,entertainment,skill_development,social_commentary"
24755,"Apr 3, 2024, 10:43:31 AM PST",Music,"entertaining,trending,viral,informative,mature,family_friendly,educational,controversial","animated,professional,high_production,live_recording,edited","podcast,showcase,compilation,reaction,highlights,guide,commentary,interview,analysis,review,documentary,stream_highlights,tutorial","entertainment,storytelling,promotional,skill_development,analysis,educational,news"
25175,"Mar 28, 2024, 9:22:38 AM PST",Entertainment,"trending,mature,entertaining,informative,viral,controversial,family_friendly,educational","professional,high_production,edited","guide,reaction,showcase,highlights,commentary,compilation,analysis","storytelling,entertainment,educational,analysis,promotional"
24756,"Apr 3, 2024, 10:43:14 AM PST",Tutorial,"informative,entertaining,trending,educational,viral,mature",professional,"compilation,guide,tutorial,documentary,showcase","educational,skill_development"
25176,"Mar 28, 2024, 9:17:52 AM PST",Entertainment,"trending,informative,viral,entertaining,mature,educational,controversial,family_friendly","animated,professional,edited","reaction,guide,showcase,compilation,highlights,commentary,tutorial,analysis,review","storytelling,educational,entertainment,analysis,promotional,news,skill_development"
24757,"Apr 3, 2024, 10:39:05 AM PST",Music,"trending,informative,entertaining,mature,viral,educational,controversial","edited,professional,high_production,animated","guide,reaction,showcase,highlights,compilation,commentary,review,analysis,interview","storytelling,educational,skill_development,entertainment,analysis"
25177,"Mar 28, 2024, 8:30:10 AM PST",Entertainment,"trending,entertaining,viral,informative,mature,educational,family_friendly,controversial","professional,edited,animated,high_production","reaction,showcase,interview,guide,highlights,compilation,commentary,review,analysis,stream_highlights,documentary","storytelling,educational,skill_development,entertainment,news,analysis,social_commentary,promotional"
24758,"Apr 3, 2024, 10:35:39 AM PST",Entertainment,"trending,entertaining,viral,informative,family_friendly,controversial,educational,mature","edited,professional","guide,showcase,commentary,reaction,highlights,compilation","storytelling,entertainment,educational,promotional"
25178,"Mar 28, 2024, 8:26:24 AM PST",Entertainment,"trending,mature,viral,entertaining,informative,controversial,family_friendly,educational","edited,professional,animated","reaction,compilation,guide,highlights,commentary,showcase,analysis,review","news,storytelling,skill_development,educational,analysis,entertainment"
25179,"Mar 28, 2024, 8:23:04 AM PST",Comedy,"entertaining,trending,informative,viral,mature,family_friendly,educational,controversial","animated,professional,edited","compilation,reaction,commentary,showcase,guide,highlights,analysis,documentary,review,tutorial,podcast","storytelling,entertainment,educational,analysis,promotional"
24759,"Apr 3, 2024, 10:32:36 AM PST",Music,"trending,mature,informative,entertaining,viral,controversial,family_friendly,educational","professional,high_production,edited,animated","reaction,guide,showcase,highlights,compilation,commentary,analysis","storytelling,skill_development,entertainment,educational,analysis,promotional"
25180,"Mar 28, 2024, 8:17:59 AM PST",Entertainment,"trending,informative,controversial,viral,mature,entertaining,educational","animated,edited,professional","guide,reaction,commentary,compilation,showcase,highlights,analysis,review,tutorial,podcast","analysis,storytelling,educational,skill_development"
24760,"Apr 3, 2024, 10:29:33 AM PST",Music,"trending,entertaining,viral,informative,family_friendly,mature,educational,controversial","animated,professional,edited,high_production","reaction,showcase,highlights,compilation,guide,commentary,review","entertainment,storytelling,promotional,educational,skill_development"
25181,"Mar 28, 2024, 8:14:24 AM PST",Music,"trending,entertaining,informative,viral,mature,family_friendly,controversial,educational","professional,animated,edited","reaction,guide,showcase,commentary,highlights,compilation,documentary,tutorial","storytelling,entertainment,educational,promotional"
24761,"Apr 3, 2024, 10:26:33 AM PST",Entertainment,"trending,viral,entertaining,informative",edited,"compilation,showcase,reaction,guide","storytelling,entertainment"
25182,"Mar 28, 2024, 8:10:46 AM PST",Sports,"trending,entertaining,informative,viral,mature,family_friendly,educational,controversial","professional,animated,high_production,edited","guide,reaction,showcase,highlights,compilation,tutorial,commentary,analysis","storytelling,entertainment,educational,skill_development,analysis"
24762,"Apr 3, 2024, 10:10:33 AM PST",Tutorial,"informative,entertaining,viral,educational,trending",animated,"showcase,guide,highlights,tutorial,compilation","promotional,news,educational,storytelling"
25183,"Mar 28, 2024, 8:06:26 AM PST",Music,"trending,entertaining,informative,mature,viral,controversial,family_friendly,educational","professional,edited,high_production,animated","compilation,commentary,reaction,guide,highlights,showcase,analysis,review,tutorial","promotional,storytelling,entertainment,educational,analysis,skill_development"
25184,"Mar 28, 2024, 8:06:25 AM PST",Music,"trending,entertaining,informative,viral,mature,controversial,educational,family_friendly","animated,professional,edited","reaction,compilation,guide,commentary,highlights,showcase,tutorial,documentary,analysis,review","storytelling,educational,promotional,entertainment,social_commentary,skill_development,analysis"
24763,"Apr 3, 2024, 10:05:42 AM PST",Podcast,"controversial,entertaining,informative,trending,educational,viral","animated,edited","podcast,analysis,commentary,showcase,guide,reaction,documentary,highlights,review","storytelling,analysis,educational,news,entertainment"
24764,"Apr 3, 2024, 9:21:42 AM PST",Tutorial,"informative,educational,trending,viral",,"compilation,guide,analysis,tutorial,documentary,showcase,podcast,review","educational,news,analysis"
25185,"Mar 28, 2024, 8:06:23 AM PST",Music,"trending,mature,entertaining,viral,informative,controversial,family_friendly,educational","professional,animated,edited,high_production,studio_quality","reaction,guide,highlights,compilation,showcase,commentary,review","storytelling,entertainment,skill_development,educational,news"
25186,"Mar 28, 2024, 8:05:52 AM PST",Entertainment,"trending,entertaining,viral,informative,mature,family_friendly,educational,controversial","animated,edited,professional","reaction,guide,compilation,commentary,highlights,showcase,analysis","entertainment,storytelling,promotional,educational,analysis"
24765,"Apr 3, 2024, 9:01:35 AM PST",Tutorial,"informative,entertaining,educational,trending,viral","amateur,animated,edited","showcase,guide,tutorial,highlights,compilation","educational,news"
25187,"Mar 28, 2024, 7:58:50 AM PST",Music,"trending,entertaining,informative,mature,viral,educational,controversial","professional,edited,animated","reaction,guide,showcase,highlights,compilation,commentary,analysis,review","storytelling,educational,entertainment,analysis,skill_development"
24766,"Apr 3, 2024, 8:59:26 AM PST",Music,"trending,entertaining,viral,informative,mature,controversial","professional,high_production,animated,studio_quality","showcase,reaction,highlights,guide","promotional,entertainment,storytelling,news"
25188,"Mar 28, 2024, 7:58:47 AM PST",Comedy,"trending,entertaining,informative,viral,mature,family_friendly,educational,controversial","professional,animated","reaction,compilation,guide,showcase,commentary,highlights,documentary,analysis,tutorial,review","storytelling,entertainment,educational,analysis,promotional"
24767,"Apr 3, 2024, 8:55:59 AM PST",Music,"trending,viral,informative,entertaining,mature,family_friendly",edited,"showcase,compilation,guide,highlights",
25189,"Mar 28, 2024, 7:55:54 AM PST",Entertainment,"entertaining,trending,informative,mature,viral,educational",,"reaction,showcase,guide,compilation,highlights,commentary","storytelling,educational,entertainment"
24768,"Apr 3, 2024, 8:48:05 AM PST",Music,"trending,entertaining,viral,informative,family_friendly","high_production,professional,studio_quality,animated,edited","showcase,compilation,reaction,stream_highlights,highlights,guide,review","entertainment,storytelling,promotional"
25190,"Mar 28, 2024, 7:52:23 AM PST",Comedy,"trending,entertaining,viral,informative,mature,family_friendly,controversial,educational","animated,professional","showcase,reaction,compilation,guide,commentary,highlights,documentary,analysis,review,tutorial","storytelling,entertainment,educational,analysis,promotional,news"
24769,"Apr 3, 2024, 8:47:48 AM PST",Entertainment,"trending,controversial,informative,family_friendly,entertaining,viral,educational","edited,animated,professional,studio_quality,raw_footage","guide,reaction,commentary,analysis,compilation,podcast,review,showcase,tutorial","social_commentary,storytelling,analysis,skill_development,personal_vlog,educational,entertainment"
25191,"Mar 28, 2024, 6:42:50 AM PST",Music,"entertaining,trending,informative,viral,controversial,educational","animated,edited,professional,high_production","commentary,showcase,analysis,compilation,podcast,highlights,reaction","entertainment,news,educational,storytelling,analysis"
24770,"Apr 3, 2024, 8:44:33 AM PST",Music,"trending,entertaining,viral,informative,controversial",high_production,"reaction,showcase,highlights,commentary,guide,compilation","entertainment,promotional,news"
25192,Martin Garrix feat. Bonn - High On Life (Official Video),Music,"entertaining,trending,viral,informative,controversial",professional,"showcase,highlights,compilation,guide,reaction","entertainment,promotional,news"
24771,"Apr 3, 2024, 8:40:46 AM PST",Music,"trending,entertaining,viral,informative,mature,family_friendly,educational,controversial","professional,high_production,edited,animated","showcase,highlights,reaction,guide,compilation","promotional,entertainment,storytelling,educational,news"
25193,"Mar 28, 2024, 6:35:48 AM PST",Music,"trending,entertaining,informative,viral,mature,controversial,educational","high_production,professional,studio_quality,edited","compilation,showcase,guide,review,highlights,stream_highlights,reaction","entertainment,skill_development,news,educational,promotional"
24772,"Apr 3, 2024, 8:38:35 AM PST",Music,"trending,viral,entertaining,informative,mature","high_production,professional,edited","showcase,highlights,compilation,reaction,guide","promotional,entertainment,storytelling,news"
25194,"Mar 28, 2024, 6:31:44 AM PST",Music,"entertaining,trending,viral,informative,mature,controversial","professional,high_production,animated,edited","showcase,compilation,stream_highlights,reaction,highlights,guide,review","entertainment,storytelling,skill_development,news,promotional"
25195,"Mar 28, 2024, 6:27:17 AM PST",Music,"trending,entertaining,informative,viral,controversial,mature","high_production,professional,edited,animated","showcase,compilation,reaction,highlights,stream_highlights,guide,review","entertainment,promotional,news"
24773,"Apr 3, 2024, 8:36:05 AM PST",Music,"entertaining,trending,viral,informative,controversial,educational,mature","high_production,professional,edited","compilation,showcase,highlights,guide,reaction,interview,review,commentary,stream_highlights","storytelling,entertainment,educational,promotional,skill_development"
25196,"Mar 28, 2024, 6:23:11 AM PST",Music,"trending,viral,entertaining,family_friendly,informative,mature,controversial,educational","professional,high_production,studio_quality","documentary,showcase,reaction,highlights,commentary,interview,guide,stream_highlights,analysis,review,compilation","entertainment,promotional,storytelling,news,analysis,skill_development,educational"
25197,"Mar 28, 2024, 6:19:09 AM PST",Music,"entertaining,trending,educational,informative,viral,mature,family_friendly","animated,professional,high_production,studio_quality","showcase,documentary,guide,compilation,analysis,highlights,interview,commentary,tutorial,stream_highlights","educational,storytelling,entertainment,analysis"
24774,"Apr 3, 2024, 8:33:16 AM PST",Entertainment,"entertaining,trending,informative,viral,educational,controversial","high_production,animated","reaction,showcase,compilation,highlights,guide,commentary,analysis,review","entertainment,storytelling,promotional,news,educational,analysis"
25198,"Mar 28, 2024, 4:50:34 AM PST",Entertainment,"entertaining,informative,trending,family_friendly,viral,educational","high_production,professional,edited","showcase,highlights,reaction,guide,stream_highlights","entertainment,product_review,news,educational,skill_development,personal_vlog"
24775,"Apr 3, 2024, 8:28:28 AM PST",Podcast,"entertaining,trending,informative,viral,mature,educational,controversial","professional,high_production,animated,studio_quality,edited","podcast,showcase,compilation,highlights,documentary,guide,commentary,reaction,review,stream_highlights,interview,analysis","storytelling,entertainment,analysis,promotional,educational,skill_development,social_commentary"
24776,"Apr 3, 2024, 8:25:06 AM PST",Music,"trending,entertaining,viral,informative,controversial,mature,family_friendly","professional,animated,high_production","reaction,showcase,highlights,guide,compilation","entertainment,storytelling"
25199,"Mar 27, 2024, 2:24:59 PM PST",Tutorial,"informative,trending,entertaining,viral,family_friendly,educational",edited,"showcase,guide,compilation,highlights",educational
24777,"Apr 3, 2024, 8:22:01 AM PST",Entertainment,"entertaining,controversial,viral,trending,informative,educational","high_production,professional,edited,studio_quality","compilation,commentary,documentary,showcase,reaction","promotional,storytelling,entertainment,news,educational"
25200,"Mar 27, 2024, 2:24:34 PM PST",Reviews,"entertaining,informative,trending,viral,family_friendly",professional,"showcase,highlights,stream_highlights,review,guide",product_review
24778,"Apr 3, 2024, 8:19:03 AM PST",Music,"trending,viral,informative,entertaining,controversial","high_production,professional,edited","showcase,highlights,guide,reaction,review,stream_highlights,compilation","promotional,entertainment,news"
24779,"Apr 3, 2024, 8:15:34 AM PST",Music,"trending,entertaining,viral,informative,controversial,family_friendly","professional,high_production,animated","showcase,highlights,reaction,guide","entertainment,promotional"
25201,"Mar 27, 2024, 2:22:48 PM PST",Tutorial,"informative,educational,entertaining,trending,family_friendly,viral","studio_quality,animated,edited,high_production","guide,tutorial,showcase,compilation,highlights,walkthrough,stream_highlights,reaction","educational,personal_vlog,skill_development,product_review"
24780,"Apr 3, 2024, 8:12:58 AM PST",Music,"trending,viral,entertaining,informative,mature,family_friendly","professional,high_production,studio_quality","showcase,highlights,reaction,guide,compilation","entertainment,storytelling,skill_development,promotional"
25202,"Mar 27, 2024, 12:30:10 PM PST",Comedy,"trending,entertaining,viral,informative,mature,family_friendly,controversial,educational","animated,professional","showcase,reaction,compilation,guide,commentary,highlights,documentary,analysis,review,tutorial","storytelling,entertainment,educational,analysis,promotional,news"
24781,"Apr 3, 2024, 8:10:01 AM PST",Entertainment,"trending,controversial,viral,informative,entertaining,mature,educational","animated,edited,professional","reaction,guide,showcase,highlights,compilation,commentary,analysis","storytelling,educational,analysis"
25203,"Mar 27, 2024, 12:26:22 PM PST",Entertainment,"trending,entertaining,viral,informative,mature,controversial,educational,family_friendly","professional,animated,edited","reaction,guide,showcase,highlights,commentary,compilation,analysis,review,documentary","storytelling,entertainment,educational,promotional,analysis,skill_development"
24782,"Apr 3, 2024, 8:09:42 AM PST",Music,"trending,entertaining,viral,informative,mature,family_friendly,controversial,educational","professional,animated,high_production","reaction,showcase,highlights,guide,review,compilation","entertainment,storytelling,skill_development,educational,promotional"
25204,"Mar 27, 2024, 12:26:14 PM PST",Entertainment,"entertaining,trending,informative,mature,educational,viral,family_friendly",animated,"guide,reaction,compilation,commentary,showcase,highlights,podcast","storytelling,entertainment,educational"
24783,"Apr 3, 2024, 8:05:40 AM PST",Entertainment,"trending,entertaining,informative,mature,family_friendly,viral,educational,controversial","animated,professional,high_production,edited","reaction,compilation,showcase,commentary,guide,highlights,analysis,podcast,review,tutorial,documentary,interview","storytelling,entertainment,promotional,educational,analysis,social_commentary,skill_development"
25205,"Mar 27, 2024, 12:26:13 PM PST",Entertainment,"trending,mature,entertaining,viral,informative,controversial,educational,family_friendly","professional,animated,high_production,edited","reaction,guide,highlights,showcase,compilation,commentary,analysis,documentary","storytelling,educational,entertainment,skill_development,analysis,promotional"
25206,"Mar 27, 2024, 12:26:11 PM PST",Entertainment,"entertaining,trending,informative,viral,educational",animated,"compilation,reaction,showcase,commentary,highlights,guide","storytelling,entertainment,educational"
25207,"Mar 27, 2024, 12:23:56 PM PST",Comedy,"trending,entertaining,informative,controversial,viral,mature,family_friendly,educational","professional,animated","reaction,showcase,guide,compilation,commentary,highlights,analysis,review","storytelling,promotional,entertainment,analysis,educational"
24784,"Apr 3, 2024, 8:04:17 AM PST",Music,"entertaining,trending,informative,viral,controversial","professional,high_production,edited","compilation,showcase,highlights,stream_highlights,podcast,guide,reaction","entertainment,promotional,storytelling,news"
25208,"Mar 27, 2024, 12:20:43 PM PST",Entertainment,"trending,viral,entertaining,informative,controversial,mature",edited,"reaction,showcase,guide,compilation,commentary,highlights,analysis,review","storytelling,analysis,entertainment"
24785,"Apr 3, 2024, 8:01:50 AM PST",Entertainment,"trending,mature,informative,entertaining,viral,family_friendly,controversial,educational","edited,animated","reaction,highlights,compilation,showcase,guide,commentary,review,interview","educational,storytelling,entertainment,skill_development"
25209,"Mar 27, 2024, 12:17:22 PM PST",Music,"trending,informative,mature,entertaining,viral,educational,controversial,family_friendly","professional,high_production,animated,edited","reaction,guide,showcase,commentary,compilation,highlights,analysis,documentary,review","storytelling,educational,entertainment,skill_development,analysis,promotional,social_commentary,news"
24786,"Apr 3, 2024, 8:01:06 AM PST",Music,"trending,entertaining,viral,informative,mature,controversial","professional,animated,high_production,studio_quality","showcase,highlights,reaction","entertainment,storytelling,promotional"
25210,"Mar 27, 2024, 12:10:59 PM PST",Entertainment,"trending,informative,mature,entertaining,viral,controversial,educational,family_friendly","professional,animated,edited","reaction,guide,highlights,showcase,commentary,compilation,analysis,tutorial,review","storytelling,skill_development,educational,analysis,entertainment,news,promotional"
24787,"Apr 3, 2024, 7:57:39 AM PST",Sports,"trending,informative,viral,entertaining,mature,controversial,educational","professional,edited,animated","guide,highlights,showcase,reaction,compilation","news,educational"
25211,"Mar 27, 2024, 12:06:56 PM PST",Entertainment,"trending,entertaining,informative,mature,viral,controversial,family_friendly,educational","animated,edited,professional","reaction,guide,commentary,compilation,showcase,highlights,analysis","storytelling,entertainment,educational,promotional,analysis"
24788,"Apr 3, 2024, 7:57:01 AM PST",Music,"trending,entertaining,viral,informative,mature,educational,controversial","professional,animated,high_production,studio_quality","reaction,showcase,review,analysis,highlights,guide,compilation","entertainment,storytelling,educational,analysis,skill_development"
25212,"Mar 27, 2024, 12:06:55 PM PST",Comedy,"trending,entertaining,informative,controversial,viral,mature,family_friendly,educational",animated,"reaction,guide,compilation,showcase,commentary,highlights","storytelling,entertainment,educational"
24789,"Apr 3, 2024, 7:54:01 AM PST",Entertainment,"trending,viral,entertaining,mature,informative,controversial,educational","professional,edited,animated,high_production","reaction,guide,highlights,showcase,compilation,commentary","skill_development,storytelling,entertainment,educational"
25213,"Mar 27, 2024, 12:06:43 PM PST",Technology,"trending,entertaining,informative,mature,viral,educational,controversial,family_friendly","professional,animated,high_production,edited","reaction,guide,highlights,showcase,analysis,commentary,compilation,tutorial,documentary","entertainment,storytelling,promotional,skill_development,educational,news,analysis"
24790,"Apr 3, 2024, 7:53:40 AM PST",Comedy,"trending,viral,controversial,entertaining,informative,mature,family_friendly","edited,animated,professional","reaction,commentary,compilation,guide,showcase,highlights,analysis,review,interview","storytelling,social_commentary,promotional,news,skill_development,analysis,entertainment"
25214,"Mar 27, 2024, 12:06:40 PM PST",Comedy,"trending,entertaining,viral,informative,family_friendly,mature,controversial,educational",animated,"reaction,compilation,commentary,guide,showcase,highlights,documentary","storytelling,entertainment,educational,promotional"
25215,"Mar 27, 2024, 12:01:42 PM PST",Tutorial,"trending,entertaining,viral,informative,mature,controversial,family_friendly,educational","animated,high_production,professional,edited","reaction,guide,showcase,highlights,compilation,commentary,tutorial,analysis,review","storytelling,entertainment,news,educational,promotional,analysis,skill_development"
24791,"Apr 3, 2024, 7:50:54 AM PST",Music,"entertaining,trending,informative,viral,mature,family_friendly,controversial","high_production,professional,edited","highlights,showcase","entertainment,promotional"
25216,"Mar 27, 2024, 11:58:22 AM PST",Entertainment,"trending,entertaining,informative,mature,viral,controversial,educational,family_friendly","professional,edited,animated,high_production","reaction,compilation,guide,commentary,highlights,showcase,analysis,review,tutorial","storytelling,educational,skill_development,analysis,promotional,entertainment,social_commentary,news"
25217,"Mar 27, 2024, 11:56:11 AM PST",Entertainment,"trending,entertaining,informative,mature,viral,family_friendly,educational","professional,animated,edited","guide,showcase,compilation","entertainment,promotional,educational"
25218,"Mar 27, 2024, 11:55:20 AM PST",Comedy,"trending,entertaining,informative,viral,mature,family_friendly,educational,controversial","animated,professional","compilation,reaction,guide,commentary,showcase,highlights,documentary,analysis,review,tutorial,podcast","storytelling,educational,entertainment,promotional,analysis,skill_development,social_commentary"
24792,"Apr 3, 2024, 7:47:28 AM PST",Music,"trending,entertaining,viral,informative,mature,family_friendly,educational","professional,high_production,animated","showcase,highlights,reaction","promotional,entertainment,storytelling,educational"
25219,"Mar 27, 2024, 11:52:18 AM PST",Entertainment,"trending,entertaining,informative,mature,viral,educational,family_friendly,controversial","professional,animated,edited","showcase,guide,reaction,compilation,highlights,commentary,analysis,review","storytelling,educational,entertainment,analysis,skill_development"
24793,"Apr 3, 2024, 7:45:12 AM PST",Music,"trending,entertaining,informative,viral,controversial,mature",edited,"showcase,highlights,compilation,guide,reaction",
25220,"Mar 27, 2024, 11:52:14 AM PST",Music,"entertaining,trending,viral,informative,mature,controversial,educational","professional,high_production,animated","showcase,compilation,highlights","entertainment,promotional,educational,storytelling"
24794,"Apr 3, 2024, 7:41:16 AM PST",Comedy,"trending,controversial,viral,entertaining,informative,family_friendly,educational","animated,edited","reaction,commentary,compilation,guide,showcase,highlights","storytelling,promotional,entertainment,news,educational"
25221,"Mar 27, 2024, 11:48:04 AM PST",Music,"entertaining,trending,viral,informative,mature,family_friendly,controversial","animated,edited,professional","compilation,showcase,highlights,podcast,reaction,guide,review","entertainment,storytelling,skill_development"
24795,"Apr 3, 2024, 7:40:41 AM PST",Comedy,"entertaining,trending,viral",,"commentary,showcase,highlights,compilation","storytelling,entertainment"
25222,"Mar 27, 2024, 11:47:19 AM PST",Entertainment,"trending,entertaining,informative,viral,mature,controversial,educational,family_friendly","professional,edited,animated","reaction,showcase,guide,highlights,commentary,compilation,analysis,interview,review","storytelling,entertainment,educational,analysis,skill_development,news"
25223,Martin Garrix feat. Bonn - High On Life (Official Video),Music,"entertaining,trending,viral,informative,controversial",professional,"showcase,highlights,compilation,guide,reaction","entertainment,promotional,news"
24796,"Apr 3, 2024, 7:37:54 AM PST",Comedy,"viral,entertaining,trending,informative,educational,controversial,mature,family_friendly","high_production,professional,animated,edited","showcase,compilation,documentary,highlights,reaction,guide,analysis,tutorial,stream_highlights,review","storytelling,entertainment,educational,promotional,skill_development,analysis"
25224,"Mar 27, 2024, 11:43:36 AM PST",Entertainment,"trending,entertaining,informative,mature,viral,controversial,educational,family_friendly","professional,high_production","reaction,showcase,highlights,guide,commentary,interview,analysis,compilation,review","storytelling,skill_development,educational,analysis,social_commentary,entertainment"
24797,"Apr 3, 2024, 7:37:13 AM PST",Comedy,"trending,entertaining,viral,informative,controversial,family_friendly,mature,educational","animated,edited","reaction,commentary,guide,compilation,showcase,highlights,tutorial,podcast,documentary,analysis","storytelling,entertainment,promotional,educational,social_commentary,analysis"
25225,"Mar 27, 2024, 11:40:38 AM PST",Music,"trending,entertaining,informative,mature,viral","professional,studio_quality","podcast,compilation,highlights,showcase,guide,reaction","entertainment,storytelling"
25226,"Mar 27, 2024, 11:40:05 AM PST",Comedy,"trending,entertaining,informative,viral,mature,family_friendly,controversial,educational","animated,edited","reaction,commentary,guide,compilation,highlights,showcase,analysis,documentary","storytelling,entertainment,educational,analysis,skill_development"
24798,"Apr 3, 2024, 7:33:50 AM PST",Music,"trending,entertaining,informative,viral,mature,family_friendly,educational,controversial","professional,high_production,studio_quality,edited","compilation,showcase,highlights,guide,stream_highlights,reaction,review,walkthrough","entertainment,news,storytelling,skill_development,promotional,educational,social_commentary"
25227,"Mar 27, 2024, 11:37:14 AM PST",Comedy,"trending,entertaining,informative,viral,mature,controversial,family_friendly,educational","professional,animated,high_production","compilation,reaction,showcase,guide,highlights,commentary","storytelling,entertainment,educational,promotional"
24799,"Apr 3, 2024, 7:33:20 AM PST",Comedy,"trending,entertaining,family_friendly,informative,viral,mature,educational,controversial","animated,professional,edited,high_production","reaction,highlights,commentary,compilation,guide,showcase","entertainment,storytelling,promotional,educational,skill_development"
25228,"Mar 27, 2024, 11:36:34 AM PST",Entertainment,"entertaining,trending,viral,informative,educational,family_friendly","animated,high_production,edited","compilation,showcase,highlights,review,reaction","entertainment,storytelling,educational"
24800,"Apr 3, 2024, 7:28:39 AM PST",Entertainment,"trending,informative,viral,mature,entertaining,controversial,educational,family_friendly","professional,high_production,edited,animated","showcase,reaction,guide,highlights,compilation,commentary,interview,analysis,podcast,review,stream_highlights,documentary,tutorial","storytelling,educational,skill_development,analysis,news,entertainment,promotional,social_commentary"
25229,"Mar 27, 2024, 11:32:40 AM PST",Entertainment,"trending,entertaining,informative,family_friendly,viral,educational",,"compilation,podcast,reaction,commentary,showcase,guide","storytelling,news,entertainment,educational,social_commentary"
24801,"Apr 3, 2024, 7:24:58 AM PST",Entertainment,"entertaining,informative,trending,viral,educational,mature,family_friendly","professional,high_production,animated,edited","showcase,guide,compilation,stream_highlights","entertainment,educational,storytelling"
25230,"Mar 27, 2024, 9:30:23 AM PST",Reviews,"informative,trending,entertaining,mature,viral","high_production,edited,studio_quality","highlights,guide,showcase,compilation,reaction,stream_highlights,review,analysis","product_review,analysis,skill_development"
24802,"Apr 3, 2024, 7:22:45 AM PST",Entertainment,"trending,entertaining,informative,viral,family_friendly,mature,educational,controversial","professional,high_production,animated,edited","showcase,guide,highlights,reaction,commentary,compilation,review,interview,analysis","entertainment,educational,skill_development,storytelling,promotional,analysis,news"
25231,"Mar 27, 2024, 9:30:03 AM PST",Tutorial,"informative,trending,entertaining,viral,educational","professional,high_production,animated","guide,tutorial,showcase,highlights","promotional,educational"
24803,"Apr 3, 2024, 7:17:24 AM PST",Music,"entertaining,viral,trending,informative,controversial,mature","high_production,professional","compilation,showcase,highlights,reaction,commentary,guide","entertainment,promotional,storytelling"
25232,"Mar 27, 2024, 9:29:44 AM PST",Technology,"informative,trending,entertaining,educational,controversial,viral","edited,studio_quality","showcase,guide","educational,news,skill_development,social_commentary"
24804,"Apr 3, 2024, 7:17:13 AM PST",Entertainment,"trending,viral,entertaining,informative,mature,family_friendly,educational,controversial","edited,animated","reaction,guide,highlights,showcase,compilation,commentary","educational,storytelling,entertainment,promotional"
25233,"Mar 27, 2024, 9:28:41 AM PST",Entertainment,"trending,entertaining,viral,informative,educational,controversial","animated,professional,high_production,edited","showcase,highlights,compilation,commentary,guide,analysis","news,educational,entertainment,storytelling,analysis"
24805,"Apr 3, 2024, 7:17:11 AM PST",Comedy,"trending,entertaining,informative,viral,family_friendly,mature,educational,controversial","animated,professional","compilation,reaction,commentary,guide,showcase,highlights,analysis,review","storytelling,entertainment,promotional,educational,analysis"
25234,"Mar 27, 2024, 9:28:05 AM PST",Comedy,"controversial,trending","edited,amateur,raw_footage","reaction,commentary,highlights,review,compilation,stream_highlights","social_commentary,news"
24806,"Apr 3, 2024, 7:17:10 AM PST",Music,"entertaining,informative,trending,viral,educational,family_friendly,mature",animated,"compilation,reaction,guide,commentary,showcase,highlights","storytelling,entertainment,educational"
25235,"Mar 27, 2024, 9:27:24 AM PST",Gaming,"entertaining,trending,viral,controversial","high_production,edited,animated","highlights,showcase,commentary,compilation,reaction","entertainment,news"
24807,"Apr 3, 2024, 7:14:57 AM PST",Entertainment,"trending,informative,entertaining,mature,viral,controversial,educational,family_friendly","professional,animated,edited,high_production","reaction,showcase,interview,highlights,guide,commentary,compilation,analysis,documentary,stream_highlights,review","skill_development,storytelling,educational,entertainment,analysis,social_commentary,news,product_review,promotional"
25236,"Mar 27, 2024, 9:26:58 AM PST",News,"trending,viral,controversial,entertaining,informative","amateur,animated","reaction,guide,commentary","news,entertainment"
24808,"Apr 3, 2024, 7:09:43 AM PST",Entertainment,"viral,entertaining,trending,informative,educational,mature,controversial,family_friendly","animated,professional,high_production","showcase,reaction,analysis,documentary,stream_highlights,highlights,guide,compilation,review,commentary,interview","entertainment,storytelling,analysis,educational,skill_development,social_commentary,promotional,product_review,news"
25237,Marines Reacts To COD MW3 Most Realistic Mission 🪖 #army #react #cod,Gaming,"trending,entertaining,viral,informative,mature","professional,animated,high_production,edited","reaction,showcase,commentary,highlights,review,guide","news,social_commentary"
24809,"Apr 3, 2024, 7:09:01 AM PST",Comedy,"entertaining,trending,informative,viral,mature,educational,controversial,family_friendly","professional,animated,edited","guide,reaction,showcase,compilation,commentary,highlights","storytelling,entertainment,educational,promotional"
24810,"Apr 3, 2024, 7:05:41 AM PST",Comedy,"trending,viral,entertaining,informative,mature,family_friendly,controversial,educational","professional,edited,animated","reaction,guide,highlights,showcase,commentary,compilation,tutorial,documentary","storytelling,entertainment,promotional,educational,news,social_commentary,skill_development"
25238,"Mar 27, 2024, 9:25:46 AM PST",News,"trending,viral,entertaining,informative,educational,family_friendly,controversial,clickbait","amateur,edited,animated","highlights,reaction,showcase,commentary,guide,stream_highlights","news,promotional,skill_development,educational,storytelling,entertainment"
24811,"Apr 3, 2024, 6:59:58 AM PST",Music,"entertaining,trending,informative,viral,controversial","professional,high_production,edited","showcase,reaction,highlights,compilation,guide","entertainment,news"
25239,"Mar 27, 2024, 9:25:44 AM PST",Music,"trending,viral,entertaining,informative,mature,family_friendly,controversial,educational","animated,professional,edited","reaction,guide,compilation,showcase,highlights,commentary,documentary,analysis,review","storytelling,promotional,entertainment,educational,skill_development,analysis"
24812,"Apr 3, 2024, 6:37:02 AM PST",Sports,"controversial,trending,viral,informative","amateur,animated,edited","commentary,reaction,compilation,guide,documentary","storytelling,entertainment"
25240,"Mar 27, 2024, 9:24:29 AM PST",Entertainment,"entertaining,trending,informative,viral,educational,controversial","animated,edited,professional","guide,highlights,reaction","entertainment,educational,storytelling"
24813,"Apr 3, 2024, 6:32:50 AM PST",Comedy,"trending,entertaining,informative,viral,mature,controversial,family_friendly,educational","animated,professional","reaction,compilation,commentary,guide,showcase,highlights,analysis,documentary,review,tutorial","storytelling,entertainment,promotional,educational,analysis,skill_development"
25241,"Mar 27, 2024, 9:23:43 AM PST",News,"trending,viral,informative,entertaining,mature,controversial","high_production,professional,animated,studio_quality,edited","highlights,showcase,compilation,guide,stream_highlights,reaction,analysis,podcast,review","news,product_review,analysis"
24814,"Apr 3, 2024, 6:32:48 AM PST",Gaming,"controversial,trending,informative,viral",edited,"compilation,reaction",news
25242,"Mar 27, 2024, 9:23:03 AM PST",Entertainment,"entertaining,viral,trending,controversial,informative,educational,clickbait,family_friendly","animated,professional,high_production,amateur,raw_footage","reaction,showcase,commentary,highlights,compilation,guide,stream_highlights","entertainment,skill_development,news,storytelling,educational,social_commentary,promotional"
24815,"Apr 3, 2024, 6:28:59 AM PST",Comedy,"entertaining,trending,informative,viral,family_friendly,mature,educational,controversial",animated,"reaction,guide,commentary,showcase,highlights,compilation,analysis,documentary","storytelling,entertainment,educational,promotional,analysis"
24816,Hai Junoon,Entertainment,"trending,entertaining,informative,viral,family_friendly,mature,controversial,educational","amateur,animated,professional,edited","reaction,showcase,guide,commentary,highlights,compilation","storytelling,entertainment,promotional,educational"
25243,"Mar 27, 2024, 9:23:00 AM PST",Gaming,"trending,viral,entertaining,informative,controversial,educational,mature","professional,animated,edited","reaction,commentary,compilation,showcase,analysis,guide,review,highlights","promotional,storytelling,educational,analysis,entertainment,news"
24817,"Apr 3, 2024, 6:19:14 AM PST",Comedy,"trending,entertaining,viral,informative,mature,controversial,family_friendly,educational",animated,"reaction,compilation,guide,commentary,showcase,highlights,documentary","storytelling,entertainment,promotional,educational"
24818,"Apr 3, 2024, 6:18:48 AM PST",Music,"controversial,trending,viral,entertaining,informative","animated,edited","compilation,showcase,commentary,guide,analysis,reaction","storytelling,entertainment,analysis"
25244,"Mar 27, 2024, 9:21:58 AM PST",News,"trending,viral,entertaining,informative,controversial","animated,edited","reaction,commentary,highlights,compilation,showcase","social_commentary,promotional,entertainment,news"
24819,"Apr 3, 2024, 5:59:52 AM PST",Technology,"controversial,trending,viral,informative,entertaining",,"reaction,commentary,documentary,analysis,highlights",analysis
25245,"Mar 27, 2024, 9:20:39 AM PST",Comedy,"trending,entertaining,viral,controversial,informative,mature,family_friendly,educational","animated,professional,edited","reaction,commentary,guide,compilation,showcase,highlights,analysis","storytelling,entertainment,promotional,analysis,educational"
24820,"Apr 2, 2024, 1:51:55 PM PST",Tutorial,"informative,trending,entertaining,controversial,viral,mature","professional,high_production,edited,animated,studio_quality","guide,showcase,highlights,tutorial,analysis,review,reaction,compilation","promotional,analysis"
24821,"Apr 2, 2024, 1:08:09 PM PST",Tutorial,"informative,trending,viral,entertaining,controversial,mature,educational","high_production,professional,edited","guide,showcase,compilation,tutorial,analysis,highlights","promotional,analysis,educational"
25246,"Mar 27, 2024, 9:19:55 AM PST",Comedy,"trending,viral,entertaining","high_production,edited","commentary,compilation,reaction,stream_highlights,highlights,showcase","entertainment,social_commentary,storytelling,news"
24822,"Apr 2, 2024, 1:06:34 PM PST",Entertainment,"mature,entertaining,trending,informative,viral","high_production,studio_quality,professional","highlights,showcase,compilation,stream_highlights,guide,review,reaction,analysis,podcast,interview","analysis,entertainment,personal_vlog,social_commentary,storytelling,skill_development,product_review"
25247,"Mar 27, 2024, 9:16:49 AM PST",Comedy,"entertaining,trending,informative,viral,mature,educational,controversial",animated,"reaction,compilation,guide,showcase,commentary,highlights","storytelling,entertainment,educational"
25248,"Mar 27, 2024, 9:14:08 AM PST",Entertainment,"trending,entertaining,informative,viral,mature,family_friendly,educational,controversial","professional,edited,animated","showcase,compilation,reaction,guide,highlights,analysis","storytelling,entertainment,promotional,educational,analysis"
24823,"Apr 2, 2024, 1:05:40 PM PST",Podcast,"trending,informative,entertaining,controversial,viral,educational,mature","animated,edited","showcase,commentary,compilation,guide,documentary,podcast,reaction,analysis,review","storytelling,educational,analysis"
25249,"Mar 27, 2024, 9:11:11 AM PST",Entertainment,"trending,entertaining,viral,informative,controversial","animated,high_production","documentary,showcase,reaction,highlights,compilation","entertainment,storytelling"
24824,"Apr 2, 2024, 1:05:38 PM PST",Gaming,"informative,trending,entertaining,controversial,educational,viral","high_production,studio_quality","compilation,showcase,analysis,podcast,review,highlights","news,analysis,educational,skill_development"
25250,"Mar 27, 2024, 9:07:11 AM PST",Comedy,"trending,viral,entertaining,informative,controversial,mature,family_friendly,educational","animated,edited","reaction,commentary,compilation,guide,highlights,showcase","entertainment,storytelling,educational"
24825,"Apr 2, 2024, 1:05:37 PM PST",Sports,"controversial,trending,viral,entertaining",edited,"reaction,commentary,podcast,compilation,analysis,interview","news,storytelling,social_commentary,personal_vlog,analysis"
25251,"Mar 27, 2024, 9:05:14 AM PST",Comedy,"entertaining,trending,viral,informative,family_friendly,mature,educational,controversial","professional,animated","showcase,reaction,compilation,highlights,guide,commentary,documentary,review,analysis","storytelling,entertainment,educational,promotional,analysis"
24826,"Apr 2, 2024, 12:45:22 PM PST",Technology,"trending,informative,viral,entertaining,educational,controversial",edited,"showcase,guide,compilation,highlights","promotional,news,educational"
25252,"Mar 27, 2024, 9:03:19 AM PST",Sports,"trending,viral,informative,entertaining,controversial,educational","edited,amateur,animated","commentary,reaction,showcase","educational,entertainment"
24827,"Apr 2, 2024, 12:39:40 PM PST",Music,"trending,informative,viral,entertaining,mature,controversial,educational,family_friendly","professional,animated,edited,high_production","guide,reaction,showcase,highlights,compilation,commentary,analysis,review,tutorial,documentary","storytelling,educational,entertainment,skill_development,analysis,promotional,news"
25253,"Mar 27, 2024, 9:02:45 AM PST",Sports,"controversial,trending,viral,entertaining,informative","edited,animated,raw_footage","reaction,commentary,compilation,analysis,stream_highlights","news,storytelling,entertainment,social_commentary,analysis,product_review"
24828,"Apr 2, 2024, 12:36:19 PM PST",Comedy,"entertaining,informative,educational,trending,family_friendly,viral,mature",,"compilation,reaction,guide,commentary,showcase,highlights,review","storytelling,entertainment,educational"
25254,"Mar 27, 2024, 9:01:42 AM PST",Podcast,"trending,viral,controversial,entertaining,informative","live_recording,raw_footage,edited,animated","reaction,highlights,stream_highlights,commentary,showcase,compilation,podcast","news,social_commentary,entertainment"
24829,"Apr 2, 2024, 12:33:04 PM PST",Comedy,"trending,viral,informative,entertaining,controversial,mature,family_friendly,educational",animated,"reaction,compilation,commentary,guide,highlights,documentary,analysis,showcase,review","storytelling,social_commentary,analysis,educational,entertainment"
25255,"Mar 27, 2024, 9:01:13 AM PST",Entertainment,"entertaining,trending,informative,mature,viral,family_friendly,educational,controversial","animated,professional,high_production,edited","reaction,showcase,compilation,guide,highlights,commentary,analysis,review","storytelling,entertainment,analysis,promotional,educational,skill_development,news"
24830,"Apr 2, 2024, 12:29:27 PM PST",Entertainment,"trending,informative,viral,entertaining,mature,controversial,educational,family_friendly","professional,edited,animated","reaction,guide,commentary,showcase,compilation,highlights,analysis","storytelling,educational,entertainment,analysis,promotional,news"
25256,"Mar 27, 2024, 9:00:53 AM PST",News,"informative,trending,viral,controversial",raw_footage,"reaction,highlights,analysis,review,compilation,commentary,guide,showcase,stream_highlights","news,analysis,social_commentary"
24831,"Apr 2, 2024, 12:25:33 PM PST",Music,"trending,viral,informative,entertaining,controversial,mature,educational,family_friendly","high_production,professional,animated,edited","showcase,compilation,reaction,guide,highlights,review,stream_highlights,commentary,interview,analysis,walkthrough,tutorial","skill_development,educational,storytelling,news,analysis,entertainment,product_review,social_commentary,promotional"
24832,"Apr 2, 2024, 12:21:22 PM PST",Entertainment,"entertaining,trending,informative,viral,mature,family_friendly,controversial,educational","animated,professional","showcase,compilation,reaction,highlights,guide,commentary,documentary,review","entertainment,storytelling,promotional,educational"
25257,"Mar 27, 2024, 9:00:50 AM PST",Shorts,"trending,controversial,viral,entertaining,informative","animated,edited","commentary,reaction,compilation,analysis","social_commentary,promotional,storytelling,entertainment,analysis"
24833,"Apr 2, 2024, 12:16:39 PM PST",Entertainment,"trending,entertaining,viral,informative,controversial,family_friendly,educational","animated,edited,high_production","reaction,commentary,highlights,guide,showcase,compilation","entertainment,storytelling,promotional,educational"
25258,"Mar 27, 2024, 8:59:47 AM PST",Tutorial,"informative,educational,trending,viral,entertaining,mature","professional,animated,high_production","guide,tutorial,showcase,review,compilation,reaction,highlights,analysis","educational,skill_development,analysis"
24834,"Apr 2, 2024, 12:12:20 PM PST",Comedy,"trending,controversial,viral,entertaining,family_friendly","amateur,raw_footage","reaction,commentary,compilation,guide","social_commentary,storytelling,entertainment"
25259,"Mar 27, 2024, 8:59:39 AM PST",Podcast,"entertaining,informative,educational,controversial,trending,viral","high_production,studio_quality,edited,live_recording,animated","reaction,podcast,analysis,commentary,highlights,interview,stream_highlights,guide,showcase,compilation,review","news,educational,storytelling,entertainment,social_commentary,analysis,skill_development,product_review,personal_vlog"
24835,"Apr 2, 2024, 12:08:12 PM PST",Comedy,"trending,entertaining,viral,informative,controversial,mature,educational,family_friendly","professional,animated,edited,high_production","reaction,guide,highlights,compilation,commentary,showcase,analysis,review,documentary,tutorial","storytelling,educational,skill_development,entertainment,promotional,analysis,news"
25260,"Mar 27, 2024, 8:58:44 AM PST",Reviews,"informative,entertaining,trending,controversial,viral","raw_footage,high_production,edited,professional,live_recording","guide,showcase,reaction,analysis,stream_highlights,compilation,highlights,review,commentary","news,analysis,social_commentary,personal_vlog"
24836,"Apr 2, 2024, 12:03:44 PM PST",Music,"trending,entertaining,informative,mature,viral,educational",animated,"reaction,showcase,guide,commentary,highlights,compilation,analysis","storytelling,educational,analysis,entertainment"
25261,"Mar 27, 2024, 8:58:25 AM PST",Entertainment,"entertaining,trending,informative,viral,family_friendly","high_production,studio_quality,edited","commentary,showcase,stream_highlights,compilation,highlights,reaction,guide","entertainment,storytelling,social_commentary,promotional"
24837,"Apr 2, 2024, 11:58:16 AM PST",Music,"mature,trending,informative,entertaining,viral,controversial,educational","professional,edited,animated,high_production","reaction,analysis,guide,showcase,highlights,commentary,compilation,review","analysis,skill_development,educational,storytelling,entertainment"
25262,"Mar 27, 2024, 8:58:13 AM PST",Entertainment,"trending,viral,entertaining,informative",edited,"compilation,showcase,reaction,guide","storytelling,entertainment"
24838,"Apr 2, 2024, 11:56:16 AM PST",Comedy,"trending,entertaining,informative,viral,family_friendly,mature,educational,controversial","animated,professional","compilation,reaction,commentary,guide,showcase,highlights,analysis,documentary,review,tutorial,podcast","storytelling,entertainment,promotional,educational,analysis"
25263,"Mar 27, 2024, 8:56:48 AM PST",Entertainment,"viral,entertaining,trending,informative,educational,mature,controversial,family_friendly","animated,professional,high_production","showcase,reaction,analysis,documentary,stream_highlights,highlights,guide,compilation,review,commentary,interview","entertainment,storytelling,educational,analysis,skill_development,promotional,social_commentary,news,product_review"
24839,"Apr 2, 2024, 11:56:14 AM PST",Entertainment,"controversial,trending,entertaining,mature,viral,informative","animated,amateur,edited,professional","reaction,guide,commentary,compilation,highlights,showcase,podcast,analysis,interview,review","skill_development,storytelling,promotional,news,analysis,entertainment,social_commentary"
25264,"Mar 27, 2024, 8:53:43 AM PST",Tutorial,"trending,viral,informative,controversial,entertaining,educational",edited,"guide,showcase,reaction",educational
24840,"Apr 2, 2024, 11:28:56 AM PST",Comedy,"trending,entertaining,informative,viral,family_friendly,mature,controversial,educational","animated,professional","reaction,compilation,guide,commentary,showcase,highlights,tutorial,documentary,review,analysis","storytelling,entertainment,promotional,educational,analysis"
24841,"Apr 2, 2024, 11:24:41 AM PST",Entertainment,"trending,viral,entertaining,informative,family_friendly,educational","animated,studio_quality,high_production,edited,live_recording","reaction,commentary,podcast,compilation,stream_highlights,interview,guide,showcase,highlights,review","promotional,social_commentary,news,entertainment,storytelling,personal_vlog,skill_development,product_review,educational"
25265,"Mar 27, 2024, 8:53:15 AM PST",Technology,"trending,viral,entertaining,informative,controversial,educational",animated,"compilation,highlights,showcase,commentary,guide","storytelling,entertainment,promotional,news,educational"
24842,"Apr 2, 2024, 11:21:17 AM PST",Entertainment,"entertaining,trending,informative,viral,mature,controversial,family_friendly",high_production,"reaction,showcase,highlights,compilation,guide,commentary","storytelling,entertainment"
25266,"Mar 27, 2024, 8:52:13 AM PST",Technology,"entertaining,controversial,viral,trending,informative,educational","raw_footage,edited,animated,amateur","reaction,commentary,compilation,showcase,highlights,guide","news,entertainment,storytelling,educational"
24843,"Apr 2, 2024, 11:16:42 AM PST",Comedy,"entertaining,informative,trending,mature,educational,viral",animated,"reaction,guide,commentary,showcase,highlights,compilation","storytelling,educational,entertainment"
25267,"Mar 27, 2024, 8:51:12 AM PST",Entertainment,"viral,trending,entertaining,informative,controversial",high_production,"highlights,reaction,showcase","entertainment,storytelling,news"
24844,"Apr 2, 2024, 11:12:13 AM PST",Comedy,"trending,entertaining,informative,viral,mature,family_friendly,controversial,educational","animated,professional","compilation,reaction,commentary,guide,showcase,highlights,analysis,review,tutorial,documentary","storytelling,promotional,entertainment,educational,analysis,skill_development"
25268,"Mar 27, 2024, 8:50:18 AM PST",Shorts,"entertaining,trending,viral,family_friendly",edited,"reaction,commentary,compilation,showcase,highlights","entertainment,promotional,storytelling,social_commentary"
24845,"Apr 2, 2024, 11:09:14 AM PST",Entertainment,"trending,mature,entertaining,informative,viral,controversial,educational,family_friendly","professional,edited,animated","reaction,showcase,guide,highlights,compilation,commentary,analysis,review","entertainment,storytelling,educational,analysis,skill_development"
24846,"Apr 2, 2024, 11:05:00 AM PST",Comedy,"trending,entertaining,viral,informative,mature,controversial,family_friendly,educational",animated,"reaction,compilation,guide,commentary,showcase,highlights,documentary","storytelling,entertainment,promotional,educational"
25269,"Mar 27, 2024, 8:50:12 AM PST",Entertainment,"trending,viral,controversial,entertaining,informative,educational","professional,high_production,animated,edited","commentary,reaction,compilation,showcase,highlights,analysis,guide","news,social_commentary,storytelling,promotional,entertainment,educational,analysis"
24847,"Apr 2, 2024, 11:04:56 AM PST",Entertainment,"trending,viral,informative,entertaining,mature,controversial,family_friendly,educational","professional,edited,animated,high_production","reaction,highlights,guide,showcase,compilation,commentary,analysis,interview,review","educational,news,storytelling,skill_development,analysis,entertainment"
24848,"Apr 2, 2024, 10:14:39 AM PST",Entertainment,"trending,entertaining,informative,family_friendly,viral,educational",,"compilation,podcast,reaction,commentary,showcase,guide","storytelling,news,entertainment,educational,social_commentary"
25270,"Mar 27, 2024, 8:49:58 AM PST",Shorts,"trending,entertaining,informative,viral,educational","professional,edited,animated","commentary,guide,reaction,showcase","promotional,entertainment,educational,storytelling,news"
24849,"Apr 2, 2024, 10:14:30 AM PST",Technology,"trending,informative,entertaining,viral,educational,controversial","professional,edited,animated","showcase,review,highlights,guide,podcast,commentary","news,educational"
25271,"Mar 27, 2024, 8:47:10 AM PST",Music,"trending,entertaining,viral,informative,family_friendly","high_production,professional,studio_quality,animated,edited","showcase,compilation,reaction,stream_highlights,highlights,guide,review","entertainment,storytelling,promotional"
24850,"Apr 2, 2024, 9:51:01 AM PST",Music,"viral,trending,entertaining,informative,mature,controversial,family_friendly,educational,clickbait","animated,professional,high_production,edited","reaction,compilation,showcase,guide,commentary,highlights,analysis,podcast,review,documentary","storytelling,promotional,entertainment,educational,analysis,skill_development,news"
24851,"Apr 2, 2024, 9:47:38 AM PST",Music,"trending,informative,mature,entertaining,viral,educational,controversial,family_friendly","professional,high_production,animated,edited","reaction,guide,showcase,commentary,compilation,highlights,analysis,documentary,review","storytelling,educational,entertainment,skill_development,analysis,promotional,social_commentary,news"
25272,Edward Maya & Vika Jigulina - Stereo Love (OFFICIAL HQ VIDEO) (Ultra Music),Music,"entertaining,trending,informative,viral,mature","professional,high_production,edited","showcase,highlights,compilation,guide,stream_highlights","entertainment,promotional,news"
24852,"Apr 2, 2024, 9:42:48 AM PST",Music,"trending,entertaining,viral,informative,mature,family_friendly,educational,controversial","animated,professional,edited","reaction,compilation,guide,commentary,showcase,highlights,analysis,review,documentary,tutorial","storytelling,entertainment,educational,promotional,analysis,skill_development"
25273,"Mar 27, 2024, 8:42:17 AM PST",Music,"entertaining,trending,viral,informative,controversial,mature","professional,edited","compilation,showcase,highlights,guide,reaction,review","entertainment,promotional"
24853,"Apr 2, 2024, 9:38:46 AM PST",Comedy,"trending,entertaining,informative,viral,mature,family_friendly,controversial,educational",animated,"reaction,guide,compilation,showcase,commentary,highlights,documentary,analysis","storytelling,entertainment,educational,promotional,analysis"
24854,"Apr 2, 2024, 9:35:03 AM PST",Entertainment,"trending,entertaining,informative,mature,viral,controversial,educational,family_friendly","professional,high_production","reaction,showcase,highlights,guide,commentary,interview,analysis,compilation,review","storytelling,skill_development,educational,analysis,social_commentary,entertainment"
25274,"Mar 27, 2024, 8:38:10 AM PST",Music,"trending,entertaining,viral,informative,controversial","animated,high_production,professional,edited","showcase,compilation,reaction,highlights,guide,stream_highlights","entertainment,promotional,news"
24855,"Apr 2, 2024, 9:35:00 AM PST",Entertainment,"trending,entertaining,viral,informative,controversial,mature,educational,family_friendly","professional,edited,animated,high_production","reaction,guide,showcase,highlights,commentary,compilation,analysis,review","storytelling,educational,entertainment,news,analysis,promotional,skill_development"
24856,"Apr 2, 2024, 9:34:47 AM PST",Comedy,"trending,viral,informative,entertaining,mature,educational,controversial,family_friendly","professional,animated,edited","guide,reaction,showcase,highlights,compilation,commentary,analysis,interview,review,tutorial,documentary","storytelling,educational,promotional,news,analysis,skill_development,entertainment"
25275,"Mar 27, 2024, 8:35:03 AM PST",Music,"trending,entertaining,viral,informative,controversial","professional,high_production,studio_quality,edited","showcase,highlights,compilation,reaction,guide,stream_highlights,review","entertainment,news,promotional,skill_development,storytelling"
24857,"Apr 2, 2024, 9:31:13 AM PST",Music,"trending,entertaining,informative,mature,viral,family_friendly,educational,controversial","professional,animated,edited","reaction,guide,showcase,highlights,commentary,compilation,analysis,review,documentary","storytelling,entertainment,educational,analysis,promotional,skill_development"
25276,"Mar 27, 2024, 8:31:24 AM PST",Music,"trending,entertaining,informative,viral,mature,controversial,educational","high_production,professional,studio_quality,edited","compilation,showcase,guide,review,highlights,stream_highlights,reaction","entertainment,skill_development,news,educational,promotional"
24858,"Apr 2, 2024, 9:26:49 AM PST",Entertainment,"trending,entertaining,informative,mature,viral,controversial,family_friendly,educational","animated,edited,professional","reaction,guide,commentary,compilation,showcase,highlights,analysis","storytelling,entertainment,educational,promotional,analysis"
25277,Martin Garrix & Tiësto - The Only Way Is Up (Official Music Video),Music,"trending,viral,entertaining,informative,controversial","professional,high_production,animated,studio_quality","showcase,highlights,reaction","entertainment,news,promotional"
24859,"Apr 2, 2024, 9:23:29 AM PST",Comedy,"entertaining,trending,informative,viral,mature,family_friendly,educational,controversial","animated,professional,edited","compilation,reaction,commentary,showcase,guide,highlights,analysis,documentary,review,tutorial,podcast","storytelling,entertainment,educational,analysis,promotional"
25278,"Mar 27, 2024, 8:22:40 AM PST",Music,"entertaining,trending,informative,viral,controversial,educational","animated,edited","showcase,compilation,highlights,podcast","storytelling,entertainment,educational"
24860,"Apr 2, 2024, 9:18:49 AM PST",Music,"mature,trending,informative,entertaining,viral,educational,controversial","professional,animated,edited,high_production","guide,showcase,highlights,reaction,compilation,commentary,analysis","educational,skill_development,analysis,entertainment,storytelling"
24861,"Apr 2, 2024, 9:15:11 AM PST",Entertainment,"trending,entertaining,viral,informative,mature,controversial,educational,family_friendly","professional,edited,animated","reaction,guide,showcase,highlights,commentary,compilation,analysis","storytelling,entertainment,educational,skill_development,analysis"
25279,"Mar 27, 2024, 8:19:07 AM PST",Music,"entertaining,trending,informative,viral,controversial","studio_quality,high_production,edited","compilation,showcase,reaction,stream_highlights,guide,review,highlights,commentary","entertainment,skill_development,storytelling"
24862,"Apr 2, 2024, 9:12:10 AM PST",Entertainment,"trending,entertaining,informative,mature,viral,educational,family_friendly,controversial","professional,animated,edited","showcase,guide,reaction,compilation,highlights,commentary,analysis,review","storytelling,educational,entertainment,analysis,skill_development"
25280,"Mar 27, 2024, 8:14:36 AM PST",Music,"trending,entertaining,informative,viral,family_friendly,educational","professional,high_production,animated,studio_quality","showcase,compilation,documentary,highlights,stream_highlights,guide,reaction,analysis,commentary","promotional,entertainment,storytelling,analysis,educational"
24863,"Apr 2, 2024, 9:12:08 AM PST",Entertainment,"trending,entertaining,informative,viral,controversial,mature,educational","professional,animated,edited","guide,reaction,showcase,highlights,compilation,commentary,review,analysis","storytelling,entertainment,news,educational,analysis"
25281,"Mar 27, 2024, 8:10:29 AM PST",Music,"trending,entertaining,viral,informative,mature,educational,family_friendly","professional,high_production,animated,studio_quality","showcase,documentary,highlights,reaction,compilation,guide,commentary","entertainment,storytelling,promotional,educational"
24864,"Apr 2, 2024, 9:07:49 AM PST",Comedy,"entertaining,trending,informative,viral,family_friendly,educational,mature",,"reaction,commentary,guide,compilation,showcase,highlights","storytelling,entertainment,educational"
25282,"Mar 27, 2024, 8:10:24 AM PST",Music,"entertaining,trending,viral,informative,controversial,family_friendly","high_production,professional,studio_quality,edited","showcase,compilation,highlights,guide,reaction","entertainment,storytelling,news"
24865,"Apr 2, 2024, 9:05:01 AM PST",Entertainment,"trending,informative,viral,entertaining,mature,educational,controversial,family_friendly","animated,professional,edited","reaction,guide,showcase,compilation,highlights,commentary,tutorial,analysis,review","storytelling,educational,entertainment,analysis,promotional,news,skill_development"
25283,"Mar 27, 2024, 8:06:20 AM PST",Music,"trending,viral,entertaining,family_friendly,informative,mature,controversial,educational","professional,high_production,studio_quality","documentary,showcase,reaction,highlights,commentary,interview,guide,stream_highlights,analysis,review,compilation","entertainment,promotional,storytelling,news,analysis,skill_development,educational"
24866,"Apr 2, 2024, 9:01:47 AM PST",Music,"trending,mature,entertaining,informative,viral,controversial,educational","professional,edited,animated","reaction,guide,highlights,showcase,compilation,commentary","storytelling,educational,entertainment,promotional,skill_development"
25284,"Mar 27, 2024, 8:06:20 AM PST",Technology,"entertaining,trending,informative,viral,mature,controversial,educational","professional,high_production,animated,edited","showcase,highlights,reaction,compilation,guide","entertainment,news,skill_development,educational,product_review"
24867,"Apr 2, 2024, 8:56:36 AM PST",Music,"entertaining,informative,trending,viral,educational,mature","edited,high_production,professional,studio_quality","compilation,showcase,podcast,guide,reaction,highlights,stream_highlights,commentary","entertainment,storytelling,educational,promotional"
25285,"Mar 27, 2024, 8:06:20 AM PST",Music,"entertaining,trending,informative,viral,controversial,educational","animated,edited,professional,high_production","commentary,showcase,analysis,compilation,podcast,highlights,reaction","entertainment,news,educational,storytelling,analysis"
24868,"Apr 2, 2024, 8:52:40 AM PST",Entertainment,"entertaining,trending,informative,viral,educational,controversial","animated,professional,high_production","showcase,reaction,documentary,compilation,highlights,guide,analysis","entertainment,promotional,educational,storytelling,news,analysis"
25286,Pitbull - Rain Over Me ft. Marc Anthony,Music,"trending,entertaining,informative,viral,controversial,family_friendly","professional,edited,high_production","compilation,reaction,showcase,highlights,guide,review,stream_highlights","entertainment,promotional,news"
24869,"Apr 2, 2024, 8:48:13 AM PST",Music,"trending,entertaining,viral,informative,mature,controversial","professional,high_production","showcase,highlights,reaction,guide,stream_highlights","entertainment,storytelling"
25287,"Mar 27, 2024, 8:00:05 AM PST",Music,"trending,entertaining,viral,informative,controversial","high_production,professional,studio_quality,edited","showcase,compilation,reaction,highlights,guide,stream_highlights,review","entertainment,news,promotional,storytelling"
24870,"Apr 2, 2024, 8:45:02 AM PST",Music,"trending,entertaining,viral,informative,mature,controversial","professional,animated,high_production,studio_quality","showcase,highlights,reaction","entertainment,storytelling,promotional"
25288,Edward Maya ft. Vika Jigulina - This Is My Life,Music,"entertaining,trending,informative,viral,mature,family_friendly,controversial,educational","animated,edited,professional,high_production","podcast,showcase,compilation,documentary,highlights,reaction,guide,commentary,review,analysis","storytelling,entertainment,educational,analysis"
24871,"Apr 2, 2024, 8:42:38 AM PST",Technology,"mature,trending,informative,family_friendly,entertaining,educational","professional,studio_quality,edited,animated","guide,podcast,commentary,highlights","storytelling,educational"
25289,"Mar 27, 2024, 7:53:41 AM PST",Entertainment,"mature,trending,entertaining,informative,viral","high_production,professional,studio_quality,animated,live_recording","highlights,showcase,stream_highlights,reaction,guide,analysis,review,interview,podcast,compilation","news,entertainment,analysis,social_commentary,storytelling,personal_vlog,product_review,promotional,skill_development"
24872,"Apr 2, 2024, 8:38:55 AM PST",Music,"trending,entertaining,viral,informative,mature","professional,high_production,studio_quality,animated,edited","showcase,highlights,reaction,compilation,guide,stream_highlights","entertainment,promotional,skill_development,news,storytelling"
25290,"Mar 27, 2024, 7:53:35 AM PST",Entertainment,"controversial,trending,entertaining,viral,informative",high_production,"highlights,showcase,compilation,stream_highlights","entertainment,news"
24873,"Apr 2, 2024, 8:31:13 AM PST",Entertainment,"viral,entertaining,trending,informative,educational,mature,controversial,family_friendly","animated,professional,high_production","showcase,reaction,analysis,documentary,stream_highlights,highlights,guide,compilation,review,commentary,interview","entertainment,storytelling,analysis,educational,skill_development,social_commentary,promotional,product_review,news"
25291,Jankos,Gaming,"controversial,trending,viral,informative",edited,"reaction,showcase,commentary,highlights",news
24874,"Apr 2, 2024, 8:20:05 AM PST",Music,"educational,informative,entertaining,trending,viral,family_friendly,mature","edited,professional","compilation,guide,showcase,highlights","educational,skill_development"
24875,"Apr 2, 2024, 8:16:53 AM PST",Music,"trending,entertaining,viral,informative,mature","professional,high_production,animated","compilation,showcase,highlights,reaction,guide","promotional,entertainment,storytelling,news"
25292,SANTA?! Why's your tree still up in March?  #pinkward #leagueoflegends #shaco,Gaming,"trending,viral,controversial,entertaining,informative,educational","edited,animated","reaction,commentary,compilation,analysis,showcase","news,social_commentary,storytelling,educational,promotional,analysis,entertainment"
25293,"Mar 27, 2024, 6:53:37 AM PST",Sports,"controversial,entertaining,trending,viral,educational,informative","amateur,studio_quality,edited,raw_footage,animated,live_recording","reaction,commentary,stream_highlights,podcast,review,compilation,guide","news,social_commentary,storytelling,personal_vlog,entertainment,product_review,skill_development,educational"
24876,"Apr 2, 2024, 8:12:28 AM PST",Music,"trending,entertaining,viral,informative,mature,controversial,educational","high_production,professional,animated,edited","showcase,compilation,reaction,highlights,guide,stream_highlights","entertainment,skill_development,storytelling,educational"
25294,"Mar 27, 2024, 6:53:17 AM PST",Entertainment,"trending,viral,entertaining,informative,educational","animated,edited","showcase,commentary,reaction,highlights,compilation,guide","entertainment,storytelling,promotional,social_commentary,educational"
24877,"Apr 2, 2024, 8:09:13 AM PST",Entertainment,"entertaining,trending,informative,viral,mature,controversial","high_production,professional","highlights,showcase,guide",entertainment
25295,Jumpers Junction,News,"trending,entertaining,viral,informative,controversial","professional,high_production,studio_quality,amateur,live_recording,edited","compilation,showcase,highlights,stream_highlights,documentary,guide","news,entertainment,skill_development"
24878,"Apr 2, 2024, 8:04:36 AM PST",Podcast,"entertaining,trending,informative,viral,mature,educational,controversial","professional,high_production,animated,studio_quality,edited","podcast,showcase,compilation,highlights,documentary,guide,commentary,reaction,review,stream_highlights,interview,analysis","storytelling,entertainment,analysis,promotional,educational,skill_development,social_commentary"
25296,"Mar 27, 2024, 6:52:40 AM PST",Technology,"informative,trending,educational,entertaining,viral,mature","professional,edited,high_production","showcase,guide,highlights","educational,skill_development,news"
24879,"Apr 2, 2024, 8:02:00 AM PST",Music,"trending,viral,entertaining,informative,mature,family_friendly","professional,high_production,studio_quality","showcase,highlights,reaction,guide,compilation","entertainment,storytelling,skill_development,promotional"
25297,"Mar 27, 2024, 6:52:13 AM PST",Shorts,"trending,controversial,viral,entertaining,informative,educational","edited,animated","reaction,showcase,commentary,highlights","news,social_commentary,entertainment,storytelling,educational,skill_development"
24880,"Apr 2, 2024, 7:58:44 AM PST",Music,"trending,entertaining,viral,informative,mature,family_friendly,controversial,educational","professional,animated,high_production","reaction,showcase,highlights,guide,review,compilation","entertainment,storytelling,skill_development,educational,promotional"
25298,"Mar 27, 2024, 6:51:38 AM PST",Entertainment,"entertaining,mature,viral,trending,informative","professional,high_production,studio_quality,animated","showcase,review,highlights,stream_highlights",entertainment
24881,"Apr 2, 2024, 7:55:09 AM PST",Music,"trending,entertaining,informative,viral,mature,family_friendly,controversial,educational","animated,edited,professional","reaction,guide,showcase,highlights,commentary,compilation,podcast,analysis,review,interview","storytelling,entertainment,educational,promotional,analysis,skill_development"
25299,"Mar 27, 2024, 6:51:16 AM PST",Entertainment,"entertaining,trending,viral,informative,clickbait,controversial,mature,family_friendly","professional,animated,edited","commentary,reaction,review,highlights,showcase,compilation,stream_highlights,interview,guide,analysis","entertainment,storytelling,promotional,product_review,social_commentary,analysis"
24882,"Apr 2, 2024, 7:52:10 AM PST",Entertainment,"trending,entertaining,viral,informative,controversial,mature,family_friendly,educational","high_production,animated,edited,professional,studio_quality,live_recording","reaction,compilation,guide,commentary,highlights,showcase,podcast,stream_highlights,review,analysis","news,storytelling,entertainment,promotional,social_commentary,skill_development,educational,analysis,product_review"
25300,"Mar 27, 2024, 6:50:59 AM PST",Shorts,"controversial,trending","edited,raw_footage,studio_quality,amateur",reaction,"news,social_commentary"
25301,"Mar 27, 2024, 6:50:32 AM PST",Tutorial,"controversial,entertaining,informative,trending,educational,viral","amateur,edited","reaction,commentary,guide,showcase,highlights","news,educational,entertainment,storytelling"
24883,"Apr 2, 2024, 7:48:50 AM PST",Music,"trending,entertaining,informative,viral,mature,educational","professional,high_production","compilation,showcase,stream_highlights,highlights,guide","entertainment,educational,skill_development"
25302,"Mar 27, 2024, 6:50:03 AM PST",Entertainment,"trending,entertaining,viral,informative,mature,controversial","animated,professional,high_production,edited","showcase,highlights,reaction,guide,compilation","skill_development,news,storytelling,entertainment,promotional,product_review"
24884,"Apr 2, 2024, 7:48:18 AM PST",Comedy,"trending,entertaining,viral,informative,controversial,mature,educational,family_friendly","professional,animated","reaction,guide,showcase,compilation,highlights,commentary,analysis","storytelling,entertainment,educational,news,analysis"
25303,"Mar 27, 2024, 6:49:41 AM PST",Technology,"viral,entertaining,trending,informative,controversial","animated,edited,raw_footage","reaction,commentary,highlights,compilation,showcase,guide","news,storytelling,social_commentary"
24885,"Apr 2, 2024, 7:45:53 AM PST",Entertainment,"entertaining,controversial,viral,trending,informative,educational","high_production,professional,edited,studio_quality","compilation,commentary,documentary,showcase,reaction","promotional,storytelling,entertainment,news,educational"
25304,"Mar 27, 2024, 6:49:21 AM PST",Entertainment,"viral,entertaining,trending,informative,educational,mature,controversial,family_friendly","animated,professional,high_production,studio_quality","showcase,reaction,analysis,stream_highlights,compilation,documentary,highlights,guide,review,commentary,interview,tutorial","entertainment,storytelling,analysis,educational,skill_development,social_commentary,product_review,news,promotional,personal_vlog"
24886,"Apr 2, 2024, 7:44:38 AM PST",Music,"trending,entertaining,informative,viral,mature,family_friendly,controversial,educational","professional,animated,edited","reaction,guide,showcase,commentary,highlights,compilation,documentary,tutorial","storytelling,entertainment,educational,promotional"
25305,"Mar 27, 2024, 6:48:55 AM PST",Entertainment,"viral,entertaining,trending,informative,educational,mature,controversial,family_friendly","animated,professional,high_production,studio_quality","showcase,reaction,analysis,stream_highlights,documentary,highlights,compilation,guide,review,commentary,interview,tutorial","entertainment,storytelling,analysis,educational,skill_development,social_commentary,product_review,promotional,personal_vlog"
24887,"Apr 2, 2024, 7:41:47 AM PST",Music,"trending,entertaining,viral,informative,mature,educational,controversial","professional,animated,high_production,studio_quality","reaction,showcase,review,analysis,highlights,guide,compilation","entertainment,storytelling,educational,analysis,skill_development"
25306,"Mar 27, 2024, 6:48:10 AM PST",Tutorial,"trending,controversial,entertaining,informative,viral","raw_footage,animated","reaction,highlights,showcase,commentary,guide",news
24888,"Apr 2, 2024, 7:41:07 AM PST",Comedy,"trending,entertaining,informative,viral,mature,family_friendly,controversial,educational","animated,edited","reaction,commentary,guide,compilation,highlights,showcase,analysis,documentary","storytelling,entertainment,educational,analysis,skill_development"
25307,"Mar 27, 2024, 6:47:54 AM PST",Gaming,"controversial,viral,trending",,"commentary,reaction,highlights,showcase",news
24889,"Apr 2, 2024, 7:38:23 AM PST",Entertainment,"entertaining,trending,informative,viral,family_friendly,mature,educational,controversial","animated,high_production,edited,professional","showcase,highlights,reaction,guide,commentary,review,compilation","entertainment,storytelling,promotional,educational"
25308,"Mar 27, 2024, 6:47:35 AM PST",Comedy,"trending,viral,entertaining","edited,high_production,animated","compilation,commentary,showcase,stream_highlights,reaction","promotional,entertainment"
24890,"Apr 2, 2024, 7:37:13 AM PST",Music,"trending,entertaining,mature,informative,viral,controversial,family_friendly,educational","animated,edited,professional,high_production","reaction,commentary,guide,compilation,highlights,showcase","storytelling,educational,entertainment,skill_development,social_commentary"
24891,"Apr 2, 2024, 7:34:49 AM PST",Music,"trending,entertaining,viral,informative,mature,family_friendly,educational,controversial","professional,high_production,edited,animated","showcase,highlights,reaction,guide,compilation","promotional,entertainment,storytelling,educational,news"
25309,"Mar 27, 2024, 6:46:52 AM PST",Gaming,"trending,viral,entertaining,informative","professional,animated","highlights,showcase,compilation,stream_highlights,reaction","entertainment,promotional,news"
24892,"Apr 2, 2024, 7:32:09 AM PST",Comedy,"trending,entertaining,viral,controversial,informative,mature,family_friendly,educational","animated,professional,edited","reaction,commentary,guide,compilation,showcase,highlights,analysis","storytelling,entertainment,promotional,analysis,educational"
25310,"Mar 27, 2024, 6:46:27 AM PST",Comedy,"entertaining,controversial,viral,trending,informative","animated,high_production,studio_quality,raw_footage,edited","reaction,commentary,highlights,podcast,interview,compilation,showcase,stream_highlights,review,analysis","news,storytelling,entertainment,social_commentary,skill_development,personal_vlog,analysis,product_review"
25311,"Mar 27, 2024, 6:46:08 AM PST",Entertainment,"entertaining,mature,informative,trending,educational,viral,family_friendly,controversial","professional,edited","guide,commentary,compilation,analysis,showcase,highlights,review","entertainment,educational,analysis,news"
24893,"Apr 2, 2024, 7:30:46 AM PST",Comedy,"entertaining,trending,viral",,"commentary,showcase,highlights,compilation","storytelling,entertainment"
25312,"Mar 27, 2024, 6:45:50 AM PST",Shorts,"entertaining,trending,viral,informative,controversial","animated,amateur,edited,raw_footage","reaction,commentary,compilation,highlights,showcase,guide,stream_highlights","entertainment,storytelling,social_commentary,news,personal_vlog"
24894,"Apr 2, 2024, 7:27:24 AM PST",Comedy,"entertaining,trending,informative,viral,family_friendly,mature,controversial,educational","animated,professional","reaction,compilation,showcase,commentary,guide,highlights,documentary,analysis,review,podcast","storytelling,entertainment,promotional,analysis,educational,skill_development"
25313,"Mar 27, 2024, 6:45:22 AM PST",Tutorial,"entertaining,trending,educational,informative,viral",edited,highlights,"educational,entertainment"
24895,"Apr 2, 2024, 7:26:57 AM PST",Entertainment,"entertaining,trending,informative,viral,educational,controversial","high_production,animated","reaction,showcase,compilation,highlights,guide,commentary,analysis,review","entertainment,storytelling,promotional,news,educational,analysis"
25314,"Mar 27, 2024, 6:44:52 AM PST",Entertainment,"entertaining,trending,viral,controversial","animated,edited,studio_quality","highlights,compilation","entertainment,promotional"
24896,"Apr 2, 2024, 7:24:42 AM PST",Entertainment,"trending,entertaining,informative,viral,mature,family_friendly,educational,controversial","professional,edited,animated","showcase,compilation,reaction,guide,highlights,analysis","storytelling,entertainment,promotional,educational,analysis"
25315,"Mar 27, 2024, 6:44:44 AM PST",Sports,"trending,viral,controversial,informative,entertaining","animated,edited","reaction,showcase,compilation,commentary,guide,review","skill_development,promotional,storytelling,news,entertainment"
24897,"Apr 2, 2024, 7:21:33 AM PST",Entertainment,"trending,entertaining,informative,viral,mature,controversial,educational,family_friendly","professional,edited,animated,high_production","reaction,guide,highlights,commentary,compilation,showcase,analysis","storytelling,entertainment,analysis,educational"
25316,"Mar 27, 2024, 6:44:17 AM PST",Tutorial,"informative,controversial,trending,entertaining,viral,educational","edited,studio_quality","guide,showcase,highlights,tutorial,walkthrough,commentary,analysis","educational,analysis"
24898,"Apr 2, 2024, 7:20:48 AM PST",Comedy,"entertaining,informative,trending,viral,family_friendly,educational,mature",animated,"reaction,compilation,guide,showcase,highlights,commentary","storytelling,entertainment,educational"
25317,"Mar 27, 2024, 6:41:32 AM PST",Entertainment,"viral,entertaining,trending,informative,educational,mature,controversial,family_friendly","animated,professional,high_production","showcase,reaction,analysis,documentary,stream_highlights,highlights,guide,compilation,review,commentary,interview","entertainment,storytelling,analysis,educational,skill_development,social_commentary,promotional,product_review,news"
24899,"Apr 2, 2024, 7:20:26 AM PST",Entertainment,"trending,entertaining,viral,informative,mature,family_friendly,educational,controversial","animated,professional,high_production,edited","reaction,highlights,guide,commentary,showcase,compilation,analysis,review,interview,tutorial","promotional,entertainment,skill_development,educational,storytelling,news,social_commentary,analysis"
25318,"Mar 27, 2024, 6:35:06 AM PST",Technology,"informative,trending,mature,entertaining,educational,viral,controversial","professional,edited,high_production","showcase,guide,highlights,tutorial","news,educational"
25319,"Mar 27, 2024, 3:23:50 AM PST",Music,"entertaining,trending,informative,viral,controversial,mature","high_production,edited,professional,studio_quality","showcase,compilation,highlights,stream_highlights,review,reaction,guide","entertainment,storytelling,news"
24900,"Apr 2, 2024, 6:33:03 AM PST",Music,"trending,entertaining,viral,informative,mature,family_friendly,educational","professional,high_production,animated","showcase,highlights,reaction","promotional,entertainment,storytelling,educational"
25320,"Mar 27, 2024, 3:22:44 AM PST",Entertainment,"entertaining,trending,controversial,viral,informative","edited,animated,high_production,studio_quality","compilation,showcase,reaction,highlights,stream_highlights,commentary,guide","entertainment,promotional,news"
24901,"Apr 2, 2024, 6:29:59 AM PST",Music,"trending,entertaining,viral,informative,controversial",high_production,"reaction,showcase,highlights,commentary,guide,compilation","entertainment,promotional,news"
25321,"Mar 27, 2024, 3:22:43 AM PST",Music,"entertaining,trending,educational,informative,viral,mature,family_friendly","animated,professional,high_production,studio_quality","showcase,documentary,guide,compilation,analysis,highlights,interview,commentary,tutorial,stream_highlights","educational,storytelling,entertainment,analysis"
25322,"Mar 27, 2024, 3:12:51 AM PST",Music,"entertaining,trending,viral,informative,mature,controversial","professional,high_production,animated,edited","showcase,compilation,stream_highlights,reaction,highlights,guide,review","entertainment,storytelling,skill_development,news,promotional"
24902,"Apr 2, 2024, 6:23:40 AM PST",Music,"trending,viral,informative,entertaining,controversial","high_production,professional,edited","showcase,highlights,guide,reaction,review,stream_highlights,compilation","promotional,entertainment,news"
25323,"Mar 27, 2024, 3:04:30 AM PST",Music,"trending,entertaining,informative,viral,controversial,mature","high_production,professional,edited,animated","showcase,compilation,reaction,highlights,stream_highlights,guide,review","entertainment,promotional,news"
24903,"Apr 2, 2024, 6:19:45 AM PST",Music,"trending,entertaining,informative,mature,educational,viral,controversial,family_friendly","professional,high_production,studio_quality","podcast,showcase,reaction,highlights,guide,review,analysis,compilation,tutorial","entertainment,storytelling,educational,skill_development,analysis,news,promotional"
24904,"Apr 2, 2024, 6:16:39 AM PST",Music,"trending,viral,entertaining,informative,mature,family_friendly,controversial","animated,high_production,professional,studio_quality","showcase,compilation,reaction,highlights,guide","entertainment,storytelling,promotional,news"
25324,"Mar 27, 2024, 3:02:10 AM PST",Entertainment,"entertaining,trending,informative,viral,family_friendly,mature","professional,high_production,animated","showcase,compilation,guide,highlights","entertainment,storytelling,promotional"
24905,"Apr 2, 2024, 6:14:03 AM PST",Music,"entertaining,trending,informative,viral,mature,family_friendly,controversial,educational","high_production,professional,edited","highlights,showcase","entertainment,promotional,storytelling,educational"
25325,"Mar 27, 2024, 2:57:56 AM PST",Music,"viral,entertaining,controversial,informative,trending,educational","animated,edited,amateur","podcast,reaction,showcase,interview,guide,review","entertainment,promotional,storytelling,educational"
25326,"Mar 27, 2024, 2:57:56 AM PST",Music,"entertaining,viral,trending,informative,controversial,mature","high_production,professional","compilation,showcase,highlights,reaction,commentary,guide","entertainment,promotional,storytelling"
24906,"Apr 2, 2024, 6:11:25 AM PST",Comedy,"viral,entertaining,trending,informative,educational,controversial,mature,family_friendly","high_production,professional,animated,edited","showcase,compilation,documentary,highlights,reaction,guide,analysis,tutorial,stream_highlights,review","storytelling,entertainment,educational,promotional,skill_development,analysis"
25327,"Mar 27, 2024, 2:55:01 AM PST",Comedy,"entertaining,trending,viral,informative,controversial,clickbait,family_friendly,educational","edited,animated","compilation,reaction,commentary,showcase,highlights,guide,stream_highlights","entertainment,storytelling,promotional,educational"
24907,"Apr 2, 2024, 6:06:01 AM PST",Music,"entertaining,trending,informative,viral,controversial","professional,high_production,edited","compilation,showcase,highlights,stream_highlights,podcast,guide,reaction","entertainment,promotional,storytelling,news"
25328,"Mar 27, 2024, 2:46:39 AM PST",Reviews,"trending,informative,entertaining,viral,mature,controversial,educational","animated,professional,high_production,edited","showcase,guide,reaction,commentary,stream_highlights,highlights,compilation,analysis","news,promotional,educational,skill_development,analysis"
24908,"Apr 2, 2024, 5:46:16 AM PST",Music,"trending,entertaining,family_friendly,viral","edited,high_production","compilation,reaction,highlights,stream_highlights",entertainment
25329,"Mar 27, 2024, 2:46:39 AM PST",Music,"trending,entertaining,viral,informative",,showcase,entertainment
24909,"Apr 2, 2024, 5:42:15 AM PST",Music,"entertaining,trending,educational,informative,viral,mature,family_friendly","animated,professional,high_production,studio_quality","showcase,documentary,guide,compilation,analysis,highlights,interview,commentary,tutorial,stream_highlights","educational,storytelling,entertainment,analysis"
25330,"Mar 27, 2024, 2:46:39 AM PST",Vlogs,"trending,viral,informative,entertaining,educational,controversial","professional,edited,animated","showcase,guide,podcast,highlights",educational
24910,Martin Garrix feat. Bonn - High On Life (Official Video),Music,"entertaining,trending,viral,informative,controversial",professional,"showcase,highlights,compilation,guide,reaction","entertainment,promotional,news"
25331,"Mar 27, 2024, 2:46:38 AM PST",Technology,"trending,mature,informative,viral,entertaining,family_friendly","professional,high_production,studio_quality","compilation,guide,stream_highlights,showcase,podcast,analysis,highlights","personal_vlog,analysis,product_review"
25332,"Mar 27, 2024, 2:46:38 AM PST",Music,"trending,entertaining,viral,informative,mature,controversial","high_production,professional,animated","showcase,highlights,compilation","entertainment,promotional,storytelling,news"
24911,"Apr 2, 2024, 5:36:03 AM PST",Music,"trending,viral,informative,entertaining,controversial","edited,professional,high_production","showcase,reaction,highlights,compilation,guide",entertainment
25333,"Mar 27, 2024, 2:46:38 AM PST",Music,"trending,entertaining,viral,informative,controversial,educational","high_production,professional","reaction,showcase,compilation,highlights,guide,podcast,stream_highlights","entertainment,promotional,storytelling,social_commentary,educational,news"
24912,"Apr 2, 2024, 5:32:13 AM PST",Music,"trending,entertaining,viral,informative,mature,controversial","professional,high_production,animated,studio_quality","showcase,reaction,highlights,guide","promotional,entertainment,storytelling,news"
24913,"Apr 2, 2024, 5:28:44 AM PST",Music,"trending,viral,informative,entertaining,mature,family_friendly",edited,"showcase,compilation,guide,highlights",
25334,"Mar 27, 2024, 2:46:38 AM PST",Music,"trending,entertaining,viral,informative,controversial,mature","professional,high_production,edited,studio_quality","showcase,compilation,highlights,guide,reaction","entertainment,promotional,news"
24914,"Apr 2, 2024, 5:25:04 AM PST",Music,"trending,entertaining,viral,informative,family_friendly","high_production,professional,studio_quality,animated,edited","showcase,compilation,reaction,stream_highlights,highlights,guide,review","entertainment,storytelling,promotional"
25335,"Mar 27, 2024, 2:46:37 AM PST",Entertainment,"viral,entertaining,trending,informative,educational,mature,controversial,family_friendly","animated,professional,high_production,studio_quality","showcase,reaction,analysis,stream_highlights,highlights,guide,documentary,compilation,review,commentary,interview,tutorial","entertainment,storytelling,educational,analysis,skill_development,social_commentary,product_review,promotional,news,personal_vlog"
24915,"Apr 1, 2024, 2:21:00 PM PST",Music,"trending,entertaining,informative,mature,educational,controversial",professional,"podcast,showcase,highlights,reaction,guide","entertainment,storytelling,educational"
25336,"Mar 27, 2024, 2:46:37 AM PST",Sports,"viral,trending,controversial,entertaining,informative,educational","professional,edited,animated","analysis,reaction,showcase,highlights,podcast,stream_highlights,review,commentary","news,analysis,educational,storytelling,entertainment,skill_development"
24916,"Apr 1, 2024, 2:17:06 PM PST",Music,"trending,entertaining,informative,mature,educational,viral,controversial,family_friendly","professional,high_production,studio_quality","podcast,showcase,reaction,highlights,guide,review,analysis,compilation,tutorial","entertainment,storytelling,educational,skill_development,analysis,news,promotional"
25337,"Mar 27, 2024, 2:46:37 AM PST",Entertainment,"entertaining,informative,trending,viral,educational,controversial,mature,family_friendly","animated,professional,edited","podcast,compilation,showcase,guide,commentary,highlights,reaction,analysis","storytelling,skill_development,promotional,educational,entertainment,analysis"
25338,"Mar 27, 2024, 1:17:57 AM PST",Music,"trending,controversial,viral,entertaining,informative","professional,high_production,edited","reaction,showcase,compilation,guide,highlights","entertainment,news"
24917,"Apr 1, 2024, 2:13:03 PM PST",Comedy,"entertaining,trending,viral",,"commentary,showcase,highlights,compilation","storytelling,entertainment"
25339,"Mar 27, 2024, 1:17:57 AM PST",Music,"entertaining,trending,informative,viral,family_friendly,mature,educational","edited,professional,studio_quality","compilation,showcase,reaction,podcast,guide,highlights,stream_highlights","entertainment,storytelling,educational"
24918,"Apr 1, 2024, 2:08:47 PM PST",Entertainment,"entertaining,trending,informative,viral,educational,controversial","high_production,animated","reaction,showcase,compilation,highlights,guide,commentary,analysis,review","entertainment,storytelling,promotional,news,educational,analysis"
25340,"Mar 27, 2024, 1:17:57 AM PST",Comedy,"entertaining,trending,informative,viral,controversial,mature,educational,family_friendly","professional,high_production","podcast,compilation,highlights,reaction,showcase,guide","entertainment,storytelling,educational"
25341,"Mar 27, 2024, 1:17:57 AM PST",Entertainment,"entertaining,trending,viral,family_friendly","animated,edited","reaction,compilation,showcase,highlights",entertainment
24919,"Apr 1, 2024, 2:05:21 PM PST",Music,"trending,entertaining,viral,informative,mature,family_friendly,educational","professional,high_production,animated","showcase,highlights,reaction","promotional,entertainment,storytelling,educational"
25342,"Mar 27, 2024, 1:17:57 AM PST",Music,"trending,entertaining,viral,informative,controversial,family_friendly","professional,high_production,animated","showcase,highlights,reaction,guide","entertainment,promotional"
24920,"Apr 1, 2024, 2:02:43 PM PST",Comedy,"viral,entertaining,trending,informative,educational,controversial,mature,family_friendly","high_production,professional,animated,edited","showcase,compilation,documentary,highlights,reaction,guide,analysis,tutorial,stream_highlights,review","storytelling,entertainment,educational,promotional,skill_development,analysis"
25343,"Mar 27, 2024, 1:17:56 AM PST",Music,"entertaining,trending,informative,viral,controversial","professional,high_production,edited","compilation,showcase,highlights,stream_highlights,podcast,guide,reaction","entertainment,promotional,storytelling,news"
25344,"Mar 27, 2024, 1:17:56 AM PST",Podcast,"entertaining,trending,informative,viral,educational,controversial,mature","edited,professional,animated","podcast,compilation,showcase,guide,highlights,commentary,documentary","storytelling,entertainment,educational,promotional"
24921,"Apr 1, 2024, 1:56:39 PM PST",Music,"entertaining,trending,informative,viral,controversial","professional,high_production,edited","compilation,showcase,highlights,stream_highlights,podcast,guide,reaction","entertainment,promotional,storytelling,news"
25345,"Mar 27, 2024, 1:17:56 AM PST",Music,"trending,viral,entertaining,informative,controversial,educational,mature","professional,edited,animated","compilation,podcast,reaction,showcase,guide,commentary,analysis,highlights,review","storytelling,entertainment,news,promotional,educational,analysis,social_commentary"
25346,"Mar 27, 2024, 1:17:56 AM PST",Music,"trending,entertaining,viral,informative,mature,controversial","professional,animated,high_production,studio_quality","showcase,highlights,reaction","entertainment,storytelling,promotional"
24922,"Apr 1, 2024, 1:53:41 PM PST",Music,"entertaining,trending,viral,informative,family_friendly,mature,educational","high_production,professional,edited","highlights,showcase,compilation","entertainment,promotional,educational"
25347,"Mar 27, 2024, 1:17:56 AM PST",Music,"trending,entertaining,informative,mature,educational,viral,controversial,family_friendly","professional,high_production,studio_quality","podcast,showcase,reaction,highlights,guide,review,analysis,compilation,tutorial","entertainment,storytelling,educational,skill_development,analysis,news,promotional"
24923,"Apr 1, 2024, 1:51:19 PM PST",Entertainment,"entertaining,trending,informative,viral,family_friendly,mature","professional,high_production,animated","showcase,compilation,guide,highlights","entertainment,storytelling,promotional"
25348,"Mar 27, 2024, 1:17:54 AM PST",Entertainment,"entertaining,trending,controversial,viral,informative","edited,high_production","showcase,highlights,guide",entertainment
24924,"Apr 1, 2024, 1:48:16 PM PST",Music,"entertaining,trending,informative,viral,mature,family_friendly,controversial,educational","high_production,professional,edited","highlights,showcase","entertainment,promotional,storytelling,educational"
25349,"Mar 27, 2024, 1:17:52 AM PST",Music,"trending,entertaining,viral,family_friendly,educational,informative",edited,"compilation,guide,showcase,highlights","entertainment,educational"
24925,"Apr 1, 2024, 1:18:38 PM PST",Entertainment,"trending,informative,controversial,viral,mature,entertaining,educational","animated,edited,professional","guide,reaction,commentary,compilation,showcase,highlights,analysis,review,tutorial,podcast","analysis,storytelling,educational,skill_development"
24926,"Apr 1, 2024, 1:14:52 PM PST",Entertainment,"trending,mature,informative,viral,entertaining,family_friendly,controversial,educational","professional,edited,animated,high_production","reaction,compilation,guide,showcase,highlights,commentary,review,analysis,documentary,interview","skill_development,analysis,promotional,educational,news,entertainment,social_commentary"
25350,"Mar 27, 2024, 1:17:52 AM PST",Comedy,"entertaining,trending,viral",,"commentary,showcase,highlights,compilation","storytelling,entertainment"
24927,"Apr 1, 2024, 1:11:37 PM PST",Music,"entertaining,trending,viral,informative,mature,family_friendly,educational,controversial","animated,professional,high_production,live_recording,edited","podcast,showcase,compilation,reaction,highlights,guide,commentary,interview,analysis,review,documentary,stream_highlights,tutorial","entertainment,storytelling,promotional,skill_development,analysis,educational,news"
25351,"Mar 27, 2024, 1:17:52 AM PST",Music,"trending,viral,entertaining,informative,mature,family_friendly","professional,high_production,studio_quality","showcase,highlights,reaction,guide,compilation","entertainment,storytelling,skill_development,promotional"
24928,"Apr 1, 2024, 1:08:10 PM PST",Entertainment,"trending,mature,entertaining,informative,viral,controversial,family_friendly,educational","professional,high_production,edited","guide,reaction,showcase,highlights,commentary,compilation,analysis","storytelling,entertainment,educational,analysis,promotional"
24929,"Apr 1, 2024, 1:03:44 PM PST",Music,"trending,informative,entertaining,mature,viral,educational,controversial","edited,professional,high_production,animated","guide,reaction,showcase,highlights,compilation,commentary,review,analysis,interview","storytelling,educational,skill_development,entertainment,analysis"
25352,"Mar 27, 2024, 1:17:51 AM PST",Music,"trending,entertaining,informative,viral,mature,family_friendly,educational,controversial","high_production,professional,studio_quality","compilation,showcase,highlights,guide,reaction","entertainment,promotional,storytelling,skill_development,educational"
24930,"Apr 1, 2024, 12:59:44 PM PST",Comedy,"trending,viral,entertaining,informative,controversial,mature,family_friendly,educational","animated,edited","reaction,commentary,compilation,guide,highlights,showcase","entertainment,storytelling,educational"
25353,"Mar 27, 2024, 1:17:50 AM PST",Music,"trending,entertaining,informative,mature,educational,controversial",professional,"podcast,showcase,highlights,reaction,guide","entertainment,storytelling,educational"
24931,"Apr 1, 2024, 12:56:12 PM PST",Entertainment,"trending,viral,entertaining,informative,mature,family_friendly,educational,controversial","professional,animated,edited,high_production","reaction,compilation,guide,commentary,highlights,showcase,analysis,review","storytelling,entertainment,educational,promotional,analysis,skill_development"
25354,"Mar 27, 2024, 1:17:50 AM PST",Entertainment,"trending,entertaining,informative,viral,controversial",edited,"compilation,showcase,highlights,guide",entertainment
24932,"Apr 1, 2024, 11:54:17 AM PST",Music,"trending,entertaining,informative,mature,viral,controversial,family_friendly,educational","professional,edited,high_production,animated","compilation,commentary,reaction,guide,highlights,showcase,analysis,review,tutorial","promotional,storytelling,entertainment,educational,analysis,skill_development"
25355,"Mar 27, 2024, 1:17:46 AM PST",Music,"entertaining,viral,trending,informative,family_friendly,controversial,educational","animated,high_production,professional","compilation,showcase,reaction,highlights,guide","entertainment,promotional,storytelling,news,educational"
24933,"Apr 1, 2024, 11:54:15 AM PST",Comedy,"entertaining,trending,viral,informative,family_friendly,educational,mature,controversial",edited,"compilation,showcase,reaction,guide,highlights,analysis,commentary,documentary,podcast,review,tutorial","storytelling,entertainment,analysis,educational,promotional"
25356,"Mar 27, 2024, 1:17:46 AM PST",Music,"trending,entertaining,informative,mature,educational,controversial","professional,studio_quality","podcast,showcase,highlights,reaction,guide","entertainment,storytelling,educational"
24934,"Apr 1, 2024, 11:54:11 AM PST",Comedy,"entertaining,informative,trending,mature,educational,family_friendly,viral",,"compilation,showcase,reaction,guide,commentary,highlights,analysis","storytelling,entertainment,educational,analysis"
24935,"Apr 1, 2024, 11:51:18 AM PST",Entertainment,"trending,entertaining,informative,viral,mature,educational,family_friendly,controversial","professional,animated,high_production","compilation,showcase,reaction,guide,highlights,commentary,analysis,review","storytelling,educational,entertainment,promotional,analysis"
25357,"Mar 26, 2024, 10:07:37 PM PST",Music,"mature,entertaining,informative,trending,viral","professional,high_production,live_recording,edited,studio_quality","showcase,compilation,guide,highlights,stream_highlights","entertainment,skill_development"
24936,"Apr 1, 2024, 11:51:17 AM PST",Music,"trending,entertaining,informative,viral,mature,family_friendly,educational,controversial","animated,high_production,professional,edited","reaction,guide,commentary,showcase,highlights,compilation,tutorial,analysis,review","storytelling,entertainment,promotional,educational,skill_development,analysis"
25358,"Mar 26, 2024, 9:59:57 PM PST",Entertainment,"viral,entertaining,trending,informative,educational,mature,controversial,family_friendly","animated,professional,high_production","showcase,reaction,analysis,documentary,stream_highlights,highlights,guide,compilation,review,commentary,interview","entertainment,storytelling,analysis,educational,skill_development,social_commentary,promotional,product_review,news"
24937,"Apr 1, 2024, 11:50:56 AM PST",Entertainment,"trending,entertaining,informative,mature,viral,controversial,educational,family_friendly","professional,edited,animated,high_production","reaction,compilation,guide,commentary,highlights,showcase,analysis,review,tutorial","storytelling,educational,skill_development,analysis,promotional,entertainment,social_commentary,news"
25359,"Mar 26, 2024, 9:52:15 PM PST",Music,"entertaining,trending,informative,viral,educational,mature,family_friendly","professional,high_production","showcase,guide,highlights","storytelling,entertainment,promotional,educational"
24938,"Apr 1, 2024, 11:47:30 AM PST",Entertainment,"trending,entertaining,viral,informative,family_friendly,controversial,educational,mature","edited,professional","guide,showcase,commentary,reaction,highlights,compilation","storytelling,entertainment,educational,promotional"
25360,"Mar 26, 2024, 9:17:06 PM PST",Music,"entertaining,viral,trending,informative,controversial,mature","high_production,professional","compilation,showcase,highlights,reaction,commentary,guide","entertainment,promotional,storytelling"
24939,"Apr 1, 2024, 11:43:36 AM PST",Entertainment,"trending,entertaining,informative,viral,mature,controversial,family_friendly,educational","animated,professional,edited","reaction,showcase,guide,compilation,highlights,commentary,analysis","entertainment,storytelling,educational,analysis"
24940,"Apr 1, 2024, 11:38:21 AM PST",Tutorial,"informative,trending,entertaining,mature,viral,educational,controversial",edited,"compilation,guide,showcase,highlights,commentary","storytelling,educational"
25361,"Mar 26, 2024, 9:02:47 PM PST",Shorts,"trending,entertaining,viral,informative,educational,controversial","animated,live_recording,professional,edited","showcase,compilation,reaction,guide,commentary","entertainment,storytelling,promotional,educational"
24941,"Apr 1, 2024, 11:37:44 AM PST",Music,"trending,entertaining,family_friendly,viral","studio_quality,high_production,edited","compilation,reaction,stream_highlights,showcase,highlights",entertainment
25362,"Mar 26, 2024, 9:02:14 PM PST",Reviews,"mature,controversial,trending,entertaining,informative","professional,edited,high_production","showcase,reaction,review,analysis,commentary,guide,documentary","analysis,skill_development,news,storytelling"
24942,"Apr 1, 2024, 11:34:39 AM PST",Comedy,"trending,entertaining,informative,viral,mature,controversial,educational,family_friendly","animated,professional","reaction,compilation,showcase,commentary,guide,highlights,analysis,documentary,review","storytelling,entertainment,educational,analysis,social_commentary,promotional"
24943,"Apr 1, 2024, 11:34:38 AM PST",Entertainment,"trending,informative,entertaining,viral,mature,educational,family_friendly","animated,edited","guide,highlights,showcase,podcast,reaction,commentary","storytelling,educational,entertainment"
25363,"Mar 26, 2024, 9:01:46 PM PST",Gaming,"trending,entertaining,viral,informative,educational",,"reaction,guide,showcase","entertainment,promotional,educational"
24944,"Apr 1, 2024, 11:34:08 AM PST",Podcast,"family_friendly,trending,controversial,viral,entertaining,educational,informative","edited,amateur","podcast,guide,reaction,compilation,commentary,highlights,showcase,tutorial","promotional,storytelling,entertainment,educational"
25364,"Mar 26, 2024, 9:00:45 PM PST",Technology,"trending,informative,controversial,entertaining,mature,viral,educational","professional,edited,high_production","guide,highlights,reaction,interview,review","news,educational"
24945,"Apr 1, 2024, 11:31:16 AM PST",Comedy,"trending,entertaining,informative,family_friendly,viral,mature,controversial,educational","professional,animated","compilation,reaction,commentary,showcase,guide,highlights,podcast,documentary,analysis,review","storytelling,promotional,entertainment,educational,analysis"
24946,"Apr 1, 2024, 11:28:01 AM PST",Technology,"controversial,trending,entertaining,mature",edited,"showcase,reaction,guide,highlights,commentary",
25365,"Mar 26, 2024, 8:59:26 PM PST",Entertainment,"trending,viral,entertaining,informative,controversial,educational",edited,"showcase,reaction,compilation,guide,commentary,highlights","entertainment,promotional,news,educational"
24947,"Apr 1, 2024, 11:24:10 AM PST",Music,"trending,entertaining,informative,mature,viral,educational,controversial","professional,edited,animated","reaction,guide,showcase,highlights,compilation,commentary,analysis,review","storytelling,educational,entertainment,analysis,skill_development"
25366,"Mar 26, 2024, 8:58:25 PM PST",Shorts,"trending,viral,controversial,entertaining,family_friendly,clickbait,informative","amateur,edited,animated","reaction,compilation,commentary,showcase,review,highlights","entertainment,storytelling,promotional"
24948,"Apr 1, 2024, 11:21:07 AM PST",Music,"trending,mature,informative,entertaining,viral,controversial,family_friendly,educational","professional,high_production,edited,animated","reaction,guide,showcase,highlights,compilation,commentary,analysis","storytelling,skill_development,entertainment,educational,analysis,promotional"
25367,"Mar 26, 2024, 8:58:04 PM PST",Shorts,"trending,viral,entertaining,informative,family_friendly,educational","edited,professional","showcase,compilation,highlights,guide,reaction,review","entertainment,promotional,storytelling,educational"
24949,"Apr 1, 2024, 11:17:23 AM PST",Entertainment,"trending,entertaining,viral,informative,controversial,mature,clickbait,educational,family_friendly","animated,professional,high_production,edited","reaction,highlights,guide,showcase,commentary,compilation,analysis,review","storytelling,entertainment,analysis,promotional,news,educational,skill_development"
25368,"Mar 26, 2024, 8:58:03 PM PST",Shorts,"entertaining,trending,viral,educational,clickbait,informative","animated,amateur,high_production,raw_footage","showcase,compilation,reaction,highlights,stream_highlights,commentary","entertainment,promotional,storytelling,educational"
24950,"Apr 1, 2024, 11:14:20 AM PST",Music,"trending,entertaining,viral,informative,family_friendly,mature,educational,controversial","animated,professional,edited,high_production","reaction,showcase,highlights,compilation,guide,commentary,review","entertainment,storytelling,promotional,educational,skill_development"
25369,"Mar 26, 2024, 8:58:01 PM PST",Gaming,"controversial,trending,entertaining,informative,viral,educational","professional,animated,edited","commentary,tutorial,analysis,highlights,reaction,showcase","storytelling,news,analysis,educational"
24951,"Apr 1, 2024, 11:10:37 AM PST",Sports,"trending,entertaining,informative,viral,mature,family_friendly,educational,controversial","professional,animated,high_production,edited","guide,reaction,showcase,highlights,compilation,tutorial,commentary,analysis","storytelling,entertainment,educational,skill_development,analysis"
25370,"Mar 26, 2024, 8:57:23 PM PST",Technology,"informative,trending,entertaining,viral",professional,"showcase,highlights","entertainment,news"
24952,"Apr 1, 2024, 11:07:37 AM PST",Entertainment,"trending,viral,entertaining,informative",edited,"compilation,showcase,reaction,guide","storytelling,entertainment"
25371,"Mar 26, 2024, 8:56:49 PM PST",Entertainment,"viral,entertaining,trending,informative,educational,mature,controversial,family_friendly","animated,professional,high_production,studio_quality","showcase,reaction,analysis,stream_highlights,highlights,documentary,guide,review,compilation,commentary,interview,tutorial","entertainment,educational,storytelling,analysis,skill_development,social_commentary,product_review,promotional,news,personal_vlog"
24953,"Apr 1, 2024, 10:48:17 AM PST",Technology,"trending,informative,entertaining,viral,controversial,educational","high_production,edited,professional","showcase,highlights,guide,stream_highlights,analysis,compilation,review,interview,walkthrough","news,analysis,educational"
25372,"Mar 26, 2024, 8:56:31 PM PST",News,"trending,viral,entertaining,informative,educational,controversial,mature","professional,animated","showcase,highlights","promotional,educational,news"
