21744,Mobile Game Ads,"May 9, 2024, 1:38:19 AM PST",Gaming,Esports,NEGATIVE,0.9915691018104553,gameplay,entertainment,"dramatic,informative,casual,funny",0.9854030013084412
22160,Avicii - Waiting For Love,"May 5, 2024, 2:09:17 AM PST",Music,Lyric Video,POSITIVE,0.9881953001022339,unknown,unknown,,0.9969035387039185
21745,It's a Dream #eldenring,"May 9, 2024, 1:38:15 AM PST",Entertainment,,POSITIVE,0.9996086955070496,commentary,storytelling,"dramatic,funny,informative,personal",0.8879568576812744
21328,Enough 😘😍| #challenge #dance #edit #tiktok #funny #viral #trend #youtubeshorts #fyp #shorts #yt #fy,"May 13, 2024, 4:27:13 PM PST",Shorts,,NEGATIVE,0.975877046585083,reaction,comedy,funny,0.9672696590423584
22161,"Zedd, Maren Morris, Grey - The Middle (Official Music Video)","Zedd, Maren Morris, Grey - The Middle (Official Music Video)",Music,Official Music Video,POSITIVE,0.5237568616867065,unknown,unknown,,0.9957491159439087
21746,Niebezpieczna sytuacja #hnatow,"May 9, 2024, 1:37:57 AM PST",Tutorial,,NEGATIVE,0.9619234204292297,reaction,storytelling,"dramatic,informative,funny,serious,professional,casual",0.7459821105003357
21329,биты 🔥,"May 13, 2024, 4:27:00 PM PST",Entertainment,,POSITIVE,0.8660658597946167,reaction,information,"dramatic,funny,serious,informative,personal,casual",0.48189225792884827
22162,The Chainsmokers - Closer (Lyric) ft. Halsey,"May 5, 2024, 2:01:43 AM PST",Music,Lyric Video,POSITIVE,0.9978051781654358,unknown,unknown,,0.9972360730171204
21330,Majed reacts & rates PHONK SONIC EXE #phonk #funk,"May 13, 2024, 4:26:00 PM PST",Music,Music Review,NEGATIVE,0.7763113975524902,unknown,unknown,,0.9955692291259766
22163,Zedd & Jasmine Thompson - Funny (Lyric Video),"May 5, 2024, 1:58:00 AM PST",Comedy,,POSITIVE,0.9995115995407104,reaction,comedy,funny,0.9959787130355835
21747,POV: Why Doorman checks 🆔s #doorman #downtownhouston #pov #explore #bouncer #security #houstontx,"May 9, 2024, 1:37:46 AM PST",Podcast,,NEGATIVE,0.9911971092224121,commentary,information,"informative,serious,funny,dramatic,personal,professional",0.2567332088947296
21331,Majed reacts to PHONK “CUTE DEPRESSED”,"May 13, 2024, 4:25:14 PM PST",Podcast,,NEGATIVE,0.5861445069313049,reaction,information,"funny,dramatic,informative,personal",0.9299384951591492
22164,Phoebe Ryan - Mine (Illenium Remix),"May 5, 2024, 1:53:49 AM PST",Music,Music Mix,NEGATIVE,0.9334700703620911,unknown,unknown,,0.9971413612365723
21748,prelude + reyna is a clean combo | silverstratter on #Twitch,"May 9, 2024, 1:36:43 AM PST",Technology,,POSITIVE,0.9947487711906433,gameplay,entertainment,"professional,casual,informative",0.8741565942764282
21332,What's the whole purpose though ?🤦🏾‍♂️,"May 13, 2024, 4:23:54 PM PST",Gaming,Esports,NEGATIVE,0.9898759722709656,unknown,unknown,,0.15386775135993958
22165,Zedd - Clarity ft. Foxes,"May 5, 2024, 1:49:12 AM PST",Music,Live Performance,POSITIVE,0.9983102083206177,unknown,unknown,,0.9971566200256348
21749,Everyone TOLD ME there was NO SIDEWALK HERE so I spent 15 HOURS uncovering it,"May 9, 2024, 1:35:51 AM PST",News,,NEGATIVE,0.9971548318862915,reaction,information,"serious,dramatic,informative,personal,funny,professional",0.3337617814540863
21333,80-Year-Old Store Clerk Ready for Armed Robbers w/Shotgun,"May 13, 2024, 4:22:56 PM PST",News,,POSITIVE,0.563925564289093,reaction,information,"serious,dramatic,informative,funny,personal,professional",0.5909181833267212
22166,Backstreet Boys - I Want It That Way (Official HD Video),"May 5, 2024, 1:45:32 AM PST",Music,Official Music Video,POSITIVE,0.9982826709747314,unknown,unknown,,0.9982782602310181
21750,Mental Health 🌿 #corecore #sadcore #mentalhealth,"May 9, 2024, 1:35:23 AM PST",Reviews,,NEGATIVE,0.9869011044502258,guide,information,"serious,dramatic,informative,personal",0.02412084862589836
21334,Saxophonist plays STARBOY for strangers!,"May 13, 2024, 4:22:55 PM PST",Music,Live Performance,POSITIVE,0.9912404417991638,unknown,unknown,,0.9854304790496826
22167,Owl City - Fireflies (Official Music Video),"May 5, 2024, 1:41:38 AM PST",Music,Official Music Video,POSITIVE,0.7217879295349121,unknown,unknown,,0.9976481795310974
21751,Start from 0 at any point on the T1 Digital Tape Measure,"May 9, 2024, 1:35:21 AM PST",Technology,,NEGATIVE,0.9972875118255615,guide,information,"informative,serious,professional,dramatic",0.8128812909126282
22168,Avril Lavigne - Complicated (Official Video),"May 5, 2024, 1:37:24 AM PST",Music,Official Music Video,NEGATIVE,0.9807747006416321,unknown,unknown,,0.9976168274879456
21335,NASA's Voyager 2 Crazy Trajectory. #nasa #space #astronomy #astrophysics #physics #cosmoknowledge,"May 13, 2024, 4:21:49 PM PST",Reviews,,NEGATIVE,0.8235437273979187,reaction,information,"dramatic,funny,informative,serious",0.036275140941143036
21752,#nintendoswitch #videogames #games #gamer #nintendo #console #consolegaming #hyrulewarriors,"May 9, 2024, 1:35:18 AM PST",Gaming,Gameplay,NEGATIVE,0.9859494566917419,gameplay,entertainment,"informative,dramatic,personal,funny",0.9955382943153381
21336,Revenge On Runescapes Most TOXIC PKer,"May 13, 2024, 4:20:20 PM PST",Sports,,NEGATIVE,0.9958699345588684,reaction,information,"serious,dramatic,informative,personal,funny",0.4048478603363037
22169,ROSA WALTON & HALLIE COGGINS - I REALLY WANT TO STAY AT YOUR HOUSE (LYRIC) AMV CYBERPUNK EDGERUNNERS,"May 5, 2024, 1:33:15 AM PST",Music,Lyric Video,POSITIVE,0.9969208240509033,unknown,unknown,,0.8867806196212769
21753,Telling my wife “my girlfriend’s coming you need to hide” #shorts,"May 9, 2024, 1:35:10 AM PST",Shorts,,NEGATIVE,0.9915987253189087,reaction,storytelling,"personal,dramatic,funny,informative,casual",0.9924492835998535
22170,Porter Robinson - KNOCK YOURSELF OUT XD (Official Music Video),"May 5, 2024, 1:30:01 AM PST",Music,Official Music Video,NEGATIVE,0.9846895933151245,unknown,unknown,,0.9975538849830627
21337,A STRANGER touches DJ's decks and this happens...🔥#shorts #restricted #edm #remix #dj #techno,"May 13, 2024, 4:19:50 PM PST",Music,Music Mix,POSITIVE,0.95155268907547,unknown,unknown,,0.9765187501907349
21754,Comparing Runescape in 2024 to 2001 #shorts  #osrs #runescape #stream #gaming #oldschoolrunescape,"May 9, 2024, 1:34:57 AM PST",Shorts,,NEGATIVE,0.9689106941223145,gameplay,information,"funny,casual,informative,dramatic",0.9802232980728149
22171,Owl City - Up All Night (Official Visualizer),"May 5, 2024, 1:26:13 AM PST",Entertainment,,NEGATIVE,0.7935420274734497,reaction,entertainment,"dramatic,informative,funny,professional,serious",0.9789023399353027
21338,THE MOST STREAMED PHONK SONGS OF ALL TIME,"May 13, 2024, 4:18:53 PM PST",Music,Music Review,POSITIVE,0.9992793202400208,unknown,unknown,,0.9764102697372437
21755,Australian Survivor Alex Had an Impossible Immunity Challenge Save,"May 9, 2024, 1:34:43 AM PST",News,,POSITIVE,0.7475464940071106,news,information,"dramatic,serious,informative,personal,funny,professional",0.5770907402038574
22172,Porter Robinson - Cheerleader (Official Music Video),"May 5, 2024, 12:59:56 AM PST",Entertainment,,POSITIVE,0.9944370985031128,reaction,entertainment,"professional,informative,funny,dramatic",0.980226457118988
21339,It always gets the crowd going 😌,"May 13, 2024, 4:15:44 PM PST",Entertainment,,POSITIVE,0.9985139966011047,reaction,entertainment,"funny,dramatic,informative",0.978226363658905
21756,https://www.youtube.com/watch?v=a34mgBgyK2Q,"May 9, 2024, 1:34:42 AM PST",Entertainment,,NEGATIVE,0.9492040872573853,reaction,information,"informative,funny,dramatic,serious,professional",0.7680773138999939
22173,Owl City & Carly Rae Jepsen - Good Time (Official Video),"May 5, 2024, 12:56:27 AM PST",Music,Official Music Video,POSITIVE,0.9996949434280396,unknown,unknown,,0.9966987371444702
21340,"David was in fact, not okay 😭","May 13, 2024, 4:15:40 PM PST",News,,NEGATIVE,0.9996144771575928,news,information,"serious,dramatic,personal,informative,funny",0.2956364154815674
21757,https://www.youtube.com/watch?v=m9LIFp1dIZU,"May 9, 2024, 1:34:29 AM PST",Entertainment,,NEGATIVE,0.9565072655677795,reaction,information,"informative,funny,dramatic,serious,professional",0.7675302028656006
22174,Owl City - Fireflies (Official Music Video),"May 4, 2024, 9:38:41 PM PST",Music,Official Music Video,POSITIVE,0.7217879295349121,unknown,unknown,,0.9976481795310974
21341,Judo champ shows why she don't play games 😂,"May 13, 2024, 4:14:46 PM PST",Comedy,,NEGATIVE,0.987195611000061,commentary,comedy,"serious,funny,dramatic,professional,personal,informative",0.43674105405807495
21758,They didn't expect me to do it 😂,"May 9, 2024, 1:34:18 AM PST",Comedy,,POSITIVE,0.9926601052284241,reaction,comedy,"funny,dramatic,personal,casual,informative,serious",0.8227048516273499
21342,i’m him,"May 13, 2024, 4:14:30 PM PST",Entertainment,,POSITIVE,0.9990826845169067,reaction,information,"personal,professional,informative,serious,dramatic,funny,casual",0.3525369167327881
22175,OneRepublic - Nobody (from Kaiju No. 8) [Official Lyric Video],"May 4, 2024, 9:36:05 PM PST",Music,Lyric Video,NEGATIVE,0.9996235370635986,unknown,unknown,,0.9979390501976013
21759,https://www.youtube.com/watch?v=K3YFu-z34Q8,"May 9, 2024, 1:33:54 AM PST",Entertainment,,NEGATIVE,0.9233731031417847,reaction,information,"informative,funny,dramatic,serious,professional",0.760907769203186
21343,"Brian Cox - ""Light Doesn't Travel Fast?"" But Why 🤯","May 13, 2024, 4:14:14 PM PST",Comedy,,NEGATIVE,0.9955239295959473,commentary,comedy,"funny,serious,informative,dramatic",0.8576154112815857
22176,The Chainsmokers - Paris (Official Video),"May 4, 2024, 9:32:21 PM PST",Music,Official Music Video,POSITIVE,0.9701685309410095,unknown,unknown,,0.9983066320419312
21760,Bro got some bad advice 😅😂,"May 9, 2024, 1:33:41 AM PST",Comedy,,NEGATIVE,0.9969557523727417,commentary,comedy,"funny,dramatic,personal,casual",0.985798180103302
21344,Brian Cox's Debate With Neil deGrasse Tyson 😂,"May 13, 2024, 4:13:15 PM PST",Comedy,,POSITIVE,0.9071111083030701,reaction,comedy,"funny,dramatic,informative",0.9926575422286987
22177,Madeon - Pay No Mind ft. Passion Pit,"May 4, 2024, 9:28:12 PM PST",Music,Official Music Video,NEGATIVE,0.9963386058807373,unknown,unknown,,0.998786985874176
21761,rainbolt reacts to geoguessr pros,"May 9, 2024, 1:33:37 AM PST",Technology,,POSITIVE,0.9301478266716003,reaction,information,"informative,dramatic,professional,funny,serious",0.10633885860443115
21345,Little Kid says WHAT!? 🤣 | Kill Tony ft. Heath Cordes,"May 13, 2024, 3:30:44 PM PST",Comedy,,NEGATIVE,0.9971797466278076,reaction,comedy,"funny,dramatic,personal,informative,casual",0.9983028173446655
22178,Everything Goes On - Porter Robinson (Official Music Video) | Star Guardian 2022,"May 4, 2024, 9:25:32 PM PST",Music,Official Music Video,POSITIVE,0.9618003368377686,unknown,unknown,,0.9892762303352356
21762,#bjj #judo #ippon #judotraining,"May 9, 2024, 1:33:23 AM PST",Sports,,NEGATIVE,0.9600619077682495,guide,information,"informative,professional,serious,dramatic,funny",0.9442333579063416
21346,Phoenix Line Up Molly #valorant #phoenixmain #phoenixgameplay,"May 13, 2024, 3:30:25 PM PST",Gaming,Gameplay,NEGATIVE,0.942211925983429,gameplay,entertainment,"professional,informative,dramatic,funny,serious",0.9939873218536377
22179,Porter Robinson - Something Comforting (Official Music Video),"May 4, 2024, 9:21:02 PM PST",Music,Official Music Video,POSITIVE,0.9994329810142517,unknown,unknown,,0.99343341588974
21763,Op glitch|#shorts #gaming,"May 9, 2024, 1:33:06 AM PST",Shorts,,NEGATIVE,0.9979212880134583,gameplay,entertainment,"funny,dramatic,informative",0.9822965264320374
21347,Did not see that coming 💀,"May 13, 2024, 3:29:54 PM PST",News,,NEGATIVE,0.9754729866981506,reaction,entertainment,"dramatic,funny,serious,personal",0.9545559287071228
22180,Porter Robinson - Look at the Sky (Official Lyric Video),"May 4, 2024, 9:15:50 PM PST",Music,Lyric Video,POSITIVE,0.9946914315223694,unknown,unknown,,0.9957841038703918
21764,She Didn't Notice... 😳,"May 9, 2024, 1:32:57 AM PST",Comedy,,NEGATIVE,0.8270654678344727,commentary,comedy,"funny,dramatic,casual,personal,serious",0.8916466236114502
21348,Thank you kindhearted people！謝謝好人🥺 #short,"May 13, 2024, 3:29:53 PM PST",Shorts,,POSITIVE,0.9948545694351196,reaction,storytelling,"casual,funny,informative,personal",0.8976553678512573
21765,Which coke bottle do you prefer,"May 9, 2024, 1:32:39 AM PST",Entertainment,,NEGATIVE,0.6230044364929199,guide,information,"personal,informative,dramatic,funny,serious",0.06424229592084885
22181,Porter Robinson & Madeon - Shelter (Flyboy Remix),"May 4, 2024, 9:12:10 PM PST",Music,Music Mix,NEGATIVE,0.7345139384269714,unknown,unknown,,0.9973944425582886
21349,follow me. 跟著我❤️ @wuwur__116,"May 13, 2024, 3:29:44 PM PST",Entertainment,,NEGATIVE,0.923507571220398,guide,information,"informative,dramatic,professional,serious,funny,casual",0.700186014175415
22182,Phoebe Ryan - Mine (Illenium Remix),"May 4, 2024, 9:08:01 PM PST",Music,Music Mix,NEGATIVE,0.9334700703620911,unknown,unknown,,0.9971413612365723
21350,Is it funny? 🤔 #short,"May 13, 2024, 3:29:24 PM PST",Shorts,,NEGATIVE,0.9957579970359802,reaction,entertainment,"casual,funny",0.9206154346466064
21766,"this is the definition of ""dont judge a book by it's cover"" 😂🥺 #fyp #funny #shorts #foryou","May 9, 2024, 1:32:28 AM PST",Shorts,,NEGATIVE,0.9910374879837036,guide,comedy,"funny,informative,dramatic,casual",0.990746259689331
21351,Thank you kindhearted people！謝謝好人🥺 #short,"May 13, 2024, 3:29:10 PM PST",Shorts,,POSITIVE,0.9948545694351196,reaction,storytelling,"casual,funny,informative,personal",0.8976553678512573
21767,MAGIC IN MY BONES VALORANT CLUTCH,"May 9, 2024, 1:32:20 AM PST",Technology,,POSITIVE,0.9977589845657349,guide,storytelling,"dramatic,informative,personal,funny",0.2520706355571747
22183,ROSA WALTON & HALLIE COGGINS - I REALLY WANT TO STAY AT YOUR HOUSE (LYRIC) AMV CYBERPUNK EDGERUNNERS,"May 4, 2024, 8:59:47 PM PST",Music,Lyric Video,POSITIVE,0.9969208240509033,unknown,unknown,,0.8867806196212769
21352,Is it funny? 🤔 #short,"May 13, 2024, 3:28:51 PM PST",Shorts,,NEGATIVE,0.9957579970359802,reaction,entertainment,"casual,funny",0.9206154346466064
21768,Cold 🥶 bible verse part 2,"May 9, 2024, 1:32:17 AM PST",Reviews,,NEGATIVE,0.9965928196907043,guide,unknown,"informative,serious",0.0032686260528862476
22184,Porter Robinson - KNOCK YOURSELF OUT XD (Official Music Video),"May 4, 2024, 8:56:33 PM PST",Music,Official Music Video,NEGATIVE,0.9846895933151245,unknown,unknown,,0.9975538849830627
21353,WTF??? 是怎麼樣🥲 #short,"May 13, 2024, 3:28:36 PM PST",Shorts,,NEGATIVE,0.9983408451080322,reaction,comedy,"casual,funny,dramatic,personal",0.9194764494895935
21769,I’m a foot taller than her 📏,"May 9, 2024, 1:32:09 AM PST",Entertainment,,POSITIVE,0.9977660179138184,news,information,"funny,dramatic,personal,informative,serious,professional",0.5021653175354004
22185,Porter Robinson - Cheerleader (Official Music Video),"May 4, 2024, 8:52:18 PM PST",Entertainment,,POSITIVE,0.9944370985031128,reaction,entertainment,"professional,informative,funny,dramatic",0.980226457118988
21770,LOOK what the laser did to my camera…😭😩 #shorts,"May 9, 2024, 1:31:46 AM PST",Shorts,,NEGATIVE,0.9988670349121094,commentary,comedy,"dramatic,funny,personal,informative,serious",0.9416380524635315
21354,Protect stray animals! 保護流浪動物！💪,"May 13, 2024, 3:28:03 PM PST",Tutorial,,POSITIVE,0.9540150761604309,guide,unknown,"serious,informative,dramatic",0.053863849490880966
22186,"What Is the Highest Common Factor Between 15, 45, & 60?","May 4, 2024, 5:56:52 PM PST",Technology,,NEGATIVE,0.9740597009658813,guide,information,"informative,serious,dramatic,professional,funny",0.12751536071300507
21771,how REAL MAN deal with avocados 🥑,"May 9, 2024, 1:31:26 AM PST",Tutorial,,POSITIVE,0.9987781643867493,commentary,information,"personal,serious,dramatic,funny,informative",0.030055653303861618
21355,Is it funny? 🤔 #short,"May 13, 2024, 3:27:53 PM PST",Shorts,,NEGATIVE,0.9957579970359802,reaction,entertainment,"casual,funny",0.9206154346466064
22187,I bought a $100 slice of pizza 🥺❤️,"May 4, 2024, 5:56:16 PM PST",Entertainment,,POSITIVE,0.534296452999115,reaction,entertainment,"funny,informative,dramatic,personal,serious,professional",0.7460835576057434
21356,Is it funny? 好吃😋 #short,"May 13, 2024, 3:25:24 PM PST",Shorts,,NEGATIVE,0.9953591227531433,reaction,entertainment,"casual,funny",0.8600403070449829
22188,$1 or a year supply of Dr Pepper?,"May 4, 2024, 5:55:49 PM PST",News,,NEGATIVE,0.9940260648727417,guide,information,"informative,funny,dramatic,serious,casual",0.10263766348361969
21772,Баг в коммуне. Мега редкие моменты в игре #ldoe,"May 9, 2024, 1:31:25 AM PST",Technology,,NEGATIVE,0.9127243161201477,reaction,information,"dramatic,informative,serious,funny,casual,personal,professional",0.5334552526473999
22189,Mental Health 🌿 #corecore #sadcore #mentalhealth #infinitecore,"May 4, 2024, 5:54:48 PM PST",Tutorial,,NEGATIVE,0.9824311137199402,guide,information,"informative,serious,dramatic,personal",0.017759740352630615
21773,Bro chill asf 💀💀,"May 9, 2024, 1:31:16 AM PST",Entertainment,,NEGATIVE,0.9614746570587158,reaction,entertainment,"casual,funny,informative,professional",0.7230993509292603
21357,Do you like drinking coffee❤️喝咖啡嗎？ #short,"May 13, 2024, 3:25:22 PM PST",Shorts,,NEGATIVE,0.9890401363372803,guide,information,"casual,personal,informative,funny",0.8250745534896851
22190,Rockstar Wakes Up Family,"May 4, 2024, 5:54:35 PM PST",Music,Official Music Video,POSITIVE,0.9987103939056396,unknown,unknown,,0.9035249352455139
21774,Hip to Play Runescape,"May 9, 2024, 1:30:36 AM PST",Gaming,Gameplay,POSITIVE,0.9997760653495789,gameplay,entertainment,"funny,informative,casual,professional,dramatic",0.9966269135475159
21358,Is it funny?  @yiyuan_223 😂 #short,"May 13, 2024, 3:24:47 PM PST",Shorts,,NEGATIVE,0.9945715069770813,reaction,entertainment,"casual,funny,personal",0.8993269801139832
22191,Full video 👆,"May 4, 2024, 5:53:53 PM PST",Entertainment,,POSITIVE,0.9810763597488403,vlog,entertainment,"dramatic,professional,funny,informative,serious",0.7700215578079224
21359,Is it funny? 😂 #short,"May 13, 2024, 3:24:31 PM PST",Shorts,,NEGATIVE,0.9957579970359802,reaction,entertainment,"casual,funny",0.9194179773330688
21775,Hoobastank - The Reason (Official Music Video),"May 9, 2024, 12:40:39 AM PST",Music,Official Music Video,NEGATIVE,0.9897913336753845,unknown,unknown,,0.995869517326355
22192,Police pull me over at 4am AGAIN,"May 4, 2024, 5:53:00 PM PST",News,,NEGATIVE,0.962687075138092,reaction,information,"dramatic,serious,informative,personal,funny",0.596104085445404
21360,not allowed to play！不給玩🤔 #short,"May 13, 2024, 3:24:25 PM PST",Shorts,,NEGATIVE,0.9989880919456482,reaction,information,"serious,personal,casual",0.8921008706092834
21776,Backstreet Boys - I Want It That Way (Official HD Video),"May 9, 2024, 12:36:58 AM PST",Music,Official Music Video,POSITIVE,0.9982826709747314,unknown,unknown,,0.9982782602310181
22193,"Beautiful Biryani in Pokhara, Nepal 🇳🇵","May 4, 2024, 5:52:37 PM PST",Reviews,,POSITIVE,0.9997794032096863,review,entertainment,"informative,dramatic,professional",0.21515190601348877
21361,Sorry ‍♀️對不起⋯ #short,"May 13, 2024, 3:24:11 PM PST",Shorts,,NEGATIVE,0.9990264177322388,reaction,information,"casual,personal",0.9809889197349548
21777,Swedish House Mafia ft. John Martin - Don't You Worry Child (Official Video),Swedish House Mafia ft. John Martin - Don't You Worry Child (Official Video),Music,Official Music Video,POSITIVE,0.9669308066368103,unknown,unknown,,0.9982091784477234
22194,what did i do to deserve this?,"May 4, 2024, 5:52:18 PM PST",Reviews,,NEGATIVE,0.9953054189682007,commentary,analysis,"personal,serious,dramatic,informative",0.2783494293689728
21362,Eat it for me!給我吃🤔 #short,"May 13, 2024, 3:24:09 PM PST",Shorts,,NEGATIVE,0.9836380481719971,reaction,storytelling,"casual,personal,funny,informative,dramatic",0.9202321767807007
21778,Owl City - Fireflies (Said The Sky Remix),"May 9, 2024, 12:25:57 AM PST",Music,Music Mix,POSITIVE,0.7278736233711243,unknown,unknown,,0.9975607991218567
22195,Who can Match the Cups FIRST?!?!,"May 4, 2024, 5:51:35 PM PST",Gaming,Gameplay,NEGATIVE,0.9979680180549622,gameplay,information,"funny,dramatic,serious,informative,professional,personal",0.5757724642753601
21363,Is it funny? 好棒😋 #short,"May 13, 2024, 3:24:08 PM PST",Shorts,,NEGATIVE,0.9953591227531433,reaction,entertainment,"casual,funny",0.840534508228302
21779,Lost [Official Music Video] - Linkin Park,"May 9, 2024, 12:22:38 AM PST",Music,Official Music Video,NEGATIVE,0.9993842840194702,unknown,unknown,,0.9966421723365784
21364,Is it funny? 😆 #short,"May 13, 2024, 3:23:35 PM PST",Shorts,,NEGATIVE,0.9957579970359802,reaction,entertainment,"casual,funny",0.9225476384162903
22196,How do I forget my own cultures language 😭😭 #Ferno #Fernottv #valorant #funny,"May 4, 2024, 5:51:21 PM PST",Comedy,,POSITIVE,0.7563817501068115,commentary,comedy,"funny,personal,dramatic",0.8733596801757812
21780,LOST IN THE ECHO [Official Music Video] - Linkin Park,"May 9, 2024, 12:18:47 AM PST",Music,Official Music Video,NEGATIVE,0.9930918216705322,unknown,unknown,,0.9978828430175781
21365,Ready? 準備好了😎 #short,"May 13, 2024, 3:23:26 PM PST",Shorts,,NEGATIVE,0.9963570237159729,reaction,information,"casual,funny,informative,professional,personal,dramatic",0.9270594120025635
22197,Random Guy Comes Up And Proposes On Stream,"May 4, 2024, 5:50:58 PM PST",Entertainment,,POSITIVE,0.96465665102005,news,comedy,"casual,dramatic,funny,informative",0.8851759433746338
21781,Final Masquerade [Official Music Video] - Linkin Park,"May 9, 2024, 12:13:43 AM PST",Music,Official Music Video,NEGATIVE,0.7131345272064209,unknown,unknown,,0.9964568614959717
21366,all mine！不要搶🙅 #short,"May 13, 2024, 3:23:20 PM PST",Shorts,,NEGATIVE,0.9927073121070862,reaction,information,"personal,casual,funny,informative,professional",0.9341799020767212
21367,It turns out... 原來😆 #short,"May 13, 2024, 3:23:14 PM PST",Shorts,,NEGATIVE,0.9991316199302673,news,information,"informative,funny,casual,personal,professional,dramatic",0.9738337993621826
21782,In The End [Official HD Music Video] - Linkin Park,"May 9, 2024, 12:10:03 AM PST",Music,Official Music Video,NEGATIVE,0.9379395842552185,unknown,unknown,,0.9966042637825012
22198,Collect-A-Con deal with Mystic? #tcg #tradingcards #vendorpov #collectacon #pokemon151  #cardshow,"May 4, 2024, 5:50:21 PM PST",Gaming,Gameplay,NEGATIVE,0.9844581484794617,news,information,"informative,dramatic,funny,serious",0.17673280835151672
21783,Breaking the Habit (Official Music Video) [HD UPGRADE] – Linkin Park,"May 9, 2024, 12:06:44 AM PST",Music,Official Music Video,NEGATIVE,0.8568063378334045,unknown,unknown,,0.993190348148346
22199,https://www.youtube.com/watch?v=qBjCJtKsKrs,"May 4, 2024, 5:50:05 PM PST",Entertainment,,NEGATIVE,0.9686139822006226,reaction,information,"informative,funny,dramatic,serious,professional",0.7475100755691528
21368,【予想通り】誰か一人がミスします #ゼロ打ち,"May 13, 2024, 3:22:34 PM PST",Music,Lyric Video,NEGATIVE,0.9073867201805115,unknown,unknown,,0.7898924350738525
21784,The Catalyst [Official Music Video] - Linkin Park,"May 9, 2024, 12:01:18 AM PST",Music,Official Music Video,POSITIVE,0.9973179697990417,unknown,unknown,,0.9963618516921997
22200,Chamber things | Valorant,"May 4, 2024, 5:50:03 PM PST",Music,Behind the Scenes,POSITIVE,0.9972658157348633,unknown,unknown,,0.44684338569641113
21785,Nobody Can Save Me (Official Audio) - Linkin Park,"May 8, 2024, 11:57:31 PM PST",Music,Concert Recording,NEGATIVE,0.9987518787384033,unknown,unknown,,0.9981650114059448
21369,He was beating me until this moment 😊  #leagueoflegends #livestreaming #gaming,"May 13, 2024, 3:22:13 PM PST",Gaming,Esports,NEGATIVE,0.9712121486663818,gameplay,entertainment,"dramatic,funny,informative,professional,personal",0.8808125853538513
22201,Cops vs Jedi,"May 4, 2024, 5:49:02 PM PST",Tutorial,,POSITIVE,0.7714162468910217,gameplay,entertainment,"dramatic,serious,informative,funny",0.0035132020711898804
21370,Undertale has my heart 🥺 #undertale #deltarune #smallstreamer,"May 13, 2024, 3:21:55 PM PST",Entertainment,,POSITIVE,0.9626238942146301,gameplay,entertainment,"personal,dramatic,informative,funny",0.996985673904419
21786,Talking To Myself [Official Music Video] - Linkin Park,"May 8, 2024, 11:53:38 PM PST",Music,Official Music Video,POSITIVE,0.9874739646911621,unknown,unknown,,0.9970341920852661
22202,Nice t-shirt,"May 4, 2024, 5:48:59 PM PST",Entertainment,,POSITIVE,0.9998247027397156,reaction,information,"casual,professional,informative,funny",0.6135324835777283
21371,WHEN THE DRAGON COMES IN CLUTCH IN LEAGUE OF LEGENDS #shorts,"May 13, 2024, 3:20:59 PM PST",Shorts,,POSITIVE,0.8117151260375977,commentary,storytelling,"casual,funny,dramatic",0.9962852001190186
21787,Heavy [Official Music Video] - Linkin Park (feat. Kiiara),"May 8, 2024, 11:50:48 PM PST",Music,Official Music Video,NEGATIVE,0.9952321648597717,unknown,unknown,,0.9967026710510254
21372,imagine losing the game to backwards satchels,"May 13, 2024, 3:20:41 PM PST",Gaming,Gameplay,NEGATIVE,0.9995033740997314,reaction,storytelling,"dramatic,serious,informative,personal,funny",0.7832345366477966
21788,Porter Robinson & Madeon - Shelter (Official Audio),"May 8, 2024, 11:47:08 PM PST",Music,Music Mix,NEGATIVE,0.9033377766609192,unknown,unknown,,0.9982693791389465
22203,MORE FREESTYLES⬆️When You Find Random Rappers in Hollywood🤯  @tiatia,"May 4, 2024, 5:48:31 PM PST",Entertainment,,NEGATIVE,0.9952182173728943,news,entertainment,"funny,dramatic,informative",0.5274007320404053
21373,"""Tag you're it"" Ep. 3 @MrBeast","May 13, 2024, 3:20:34 PM PST",Podcast,,NEGATIVE,0.9702762961387634,reaction,storytelling,"informative,dramatic,funny,serious,professional,personal",0.9615663290023804
21789,Porter Robinson - Look at the Sky (Official Lyric Video),"May 8, 2024, 11:41:56 PM PST",Music,Lyric Video,POSITIVE,0.9946914315223694,unknown,unknown,,0.9957841038703918
21374,If people did everything squatting.,"May 13, 2024, 3:20:31 PM PST",Reviews,,NEGATIVE,0.9977744221687317,commentary,information,"serious,informative,funny,dramatic",0.09524747729301453
21790,Gym Class Heroes: The Fighter ft. Ryan Tedder [OFFICIAL VIDEO],"May 8, 2024, 11:38:01 PM PST",Sports,,POSITIVE,0.9916178584098816,gameplay,entertainment,"informative,dramatic,professional,serious,funny",0.15806715190410614
22204,she killed it 🤯 #dubstep #edm #producer #beats #beatmaker #beat #music #musicmemes #edmmusic #dsg,"May 4, 2024, 5:48:29 PM PST",Music,Behind the Scenes,NEGATIVE,0.9983633160591125,unknown,unknown,,0.9385706782341003
21375,"When people try to be helpful, but they make things worse.","May 13, 2024, 3:19:25 PM PST",Podcast,,NEGATIVE,0.9997187256813049,reaction,information,"serious,informative,dramatic,funny,personal",0.5309855937957764
22205,Guess Their Jobs,"May 4, 2024, 5:47:38 PM PST",Comedy,,NEGATIVE,0.995984673500061,guide,entertainment,"informative,funny,dramatic,professional,serious,casual",0.043800875544548035
21791,Somewhere I Belong (Official Music Video) [4K UPGRADE] – Linkin Park,"May 8, 2024, 11:34:14 PM PST",Music,Official Music Video,POSITIVE,0.8849635124206543,unknown,unknown,,0.9982849955558777
21376,If people literally ran a business meeting.,"May 13, 2024, 3:19:18 PM PST",Shorts,,NEGATIVE,0.9975022673606873,unknown,unknown,"serious,dramatic,professional,informative,funny",0.06760172545909882
22206,I Got Scammed In Vietnam Airport 🇻🇳,"May 4, 2024, 5:47:27 PM PST",News,,NEGATIVE,0.9985288381576538,news,information,"serious,dramatic,personal,informative,funny",0.07348879426717758
21377,If people lagged. Part 14,"May 13, 2024, 3:18:43 PM PST",Podcast,,NEGATIVE,0.9902763366699219,reaction,information,"informative,serious,funny",0.318565309047699
21792,Papercut [Official HD Music Video] - Linkin Park,"May 8, 2024, 11:30:59 PM PST",Music,Official Music Video,NEGATIVE,0.866844654083252,unknown,unknown,,0.9972810745239258
22207,WE GAVE AWAY TOO MANY KILOS!!! #shorts,"May 4, 2024, 5:46:35 PM PST",Shorts,,NEGATIVE,0.99933260679245,reaction,comedy,"dramatic,personal,funny,casual,informative",0.9719359278678894
21378,#ad Upgrade your phone ANY time for ANY reason with Spectrum Mobile Free Anytime Upgrade!@Spectrum,"May 13, 2024, 3:18:39 PM PST",Technology,,NEGATIVE,0.9833251237869263,news,information,"informative,dramatic,funny,casual,professional,serious",0.7177972793579102
21793,Faint (Official Music Video) [4K UPGRADE] – Linkin Park,"May 8, 2024, 11:28:08 PM PST",Music,Official Music Video,NEGATIVE,0.9943335056304932,unknown,unknown,,0.9975315928459167
22208,PewDiePie DESTROYING ROBLOX PLAYERS,"May 4, 2024, 5:46:01 PM PST",Gaming,Esports,NEGATIVE,0.9993771910667419,news,information,"dramatic,serious,professional,informative,funny",0.9929166436195374
21379,When starting the microwave turns into a race.,"May 13, 2024, 3:18:16 PM PST",Technology,,NEGATIVE,0.9725620150566101,reaction,information,"dramatic,informative,funny,serious",0.6584250330924988
21794,Owl City - Fireflies (Official Music Video),"May 8, 2024, 11:24:15 PM PST",Music,Official Music Video,POSITIVE,0.7217879295349121,unknown,unknown,,0.9976481795310974
22209,Squatting 675 Ibs in a Public Gym💪#shorts,"May 4, 2024, 5:45:25 PM PST",Sports,,NEGATIVE,0.9979773163795471,news,information,"dramatic,funny,informative,serious,casual",0.9920746684074402
22210,Rage quit,"May 4, 2024, 5:45:10 PM PST",Reviews,,NEGATIVE,0.9993584752082825,reaction,unknown,"dramatic,personal,serious",0.08118629455566406
21795,a-ha - Take On Me (Official Video) [Remastered in 4K],"May 8, 2024, 11:19:53 PM PST",Music,Official Music Video,NEGATIVE,0.9772517681121826,unknown,unknown,,0.9979979395866394
21380,"#ad While State Farm can’t do the things in this video, they can help you choose insurance coverage.","May 13, 2024, 3:18:08 PM PST",Tutorial,,NEGATIVE,0.5120082497596741,guide,storytelling,"informative,dramatic,funny,casual",0.19933122396469116
22211,Cutting pasta with scissors in front of Italians,"May 4, 2024, 5:44:39 PM PST",Tutorial,,NEGATIVE,0.9487984776496887,guide,entertainment,"serious,dramatic,informative,funny,professional",0.41673821210861206
21796,Iridescent [Official Music Video] - Linkin Park,"May 8, 2024, 11:19:25 PM PST",Music,Official Music Video,POSITIVE,0.9951624274253845,unknown,unknown,,0.998062014579773
21381,If people rode their office chairs to work.,"May 13, 2024, 3:17:41 PM PST",Technology,,NEGATIVE,0.9761810898780823,commentary,information,"informative,serious,funny,casual,professional,dramatic",0.23836758732795715
22212,60% HS vs Streamers 😮‍💨,"May 4, 2024, 5:44:26 PM PST",Sports,,NEGATIVE,0.7401800155639648,gameplay,information,"funny,dramatic,informative,serious,personal",0.9326242804527283
21797,Porter Robinson - Get Your Wish (Secret Sky Edit),"May 8, 2024, 11:13:42 PM PST",Podcast,,POSITIVE,0.6360278129577637,guide,storytelling,"informative,professional,dramatic,serious,funny,personal",0.9585313200950623
21382,If adults did things that little kids do. Part 3 #vacation,"May 13, 2024, 3:16:44 PM PST",Gaming,Gameplay,POSITIVE,0.5228556394577026,reaction,entertainment,"funny,informative,casual,dramatic",0.2912752330303192
22213,Officer Saves Dog From Burning Vehicle,"May 4, 2024, 5:44:24 PM PST",News,,POSITIVE,0.9850651621818542,news,information,"dramatic,professional,serious,informative,funny",0.6589988470077515
21798,New Divide (Official Music Video) [4K Upgrade] - Linkin Park,"May 8, 2024, 11:09:11 PM PST",Music,Official Music Video,NEGATIVE,0.9189328551292419,unknown,unknown,,0.9972079396247864
21383,https://www.youtube.com/watch?v=R2Ccr5ggu90,"May 13, 2024, 3:15:24 PM PST",Entertainment,,NEGATIVE,0.9433273077011108,reaction,information,"informative,funny,dramatic,serious,professional",0.7334158420562744
22214,hahahah what’s on your phone wallpaper?,"May 4, 2024, 5:43:47 PM PST",Comedy,,NEGATIVE,0.9981049299240112,reaction,comedy,"funny,dramatic,casual,informative",0.8882420063018799
21799,Leave Out All The Rest (Official Music Video) [4K Upgrade] - Linkin Park,"May 8, 2024, 11:05:44 PM PST",Music,Official Music Video,NEGATIVE,0.9953115582466125,unknown,unknown,,0.9889655709266663
21384,did I find hidden runescape dialogue?,"May 13, 2024, 3:14:19 PM PST",Gaming,Gameplay,NEGATIVE,0.992860734462738,commentary,storytelling,"informative,serious,dramatic",0.6769975423812866
22215,When theres only one girl at the pre game,"May 4, 2024, 5:43:15 PM PST",Sports,,NEGATIVE,0.9837636947631836,reaction,information,"funny,dramatic,serious,informative,personal",0.8770121335983276
21800,Numb (Official Music Video) [4K UPGRADE] – Linkin Park,"May 8, 2024, 11:02:34 PM PST",Music,Official Music Video,NEGATIVE,0.9982829093933105,unknown,unknown,,0.9972855448722839
21385,Noob Recursive Backtracker vs Dynamic Programming Tabulator,"May 13, 2024, 3:14:17 PM PST",Technology,,NEGATIVE,0.9956100583076477,guide,information,"informative,serious,dramatic,funny",0.23989665508270264
21801,Porter Robinson - Cheerleader (Official Music Video),"May 8, 2024, 10:58:19 PM PST",Entertainment,,POSITIVE,0.9944370985031128,reaction,entertainment,"professional,informative,funny,dramatic",0.980226457118988
21386,Jimmy Carr | My Pronouns #shorts,"May 13, 2024, 3:13:17 PM PST",Shorts,,NEGATIVE,0.9924452900886536,commentary,comedy,"casual,personal,funny,professional",0.9909289479255676
22216,What’s in there?!?!🧐 #learnwithme #spraypaint #didyouknow,"May 4, 2024, 5:42:32 PM PST",Tutorial,,NEGATIVE,0.9943668246269226,commentary,storytelling,"funny,informative,dramatic,serious",0.7191047668457031
21802,BURN IT DOWN (Official Music Video) [4K Upgrade] - Linkin Park,"May 8, 2024, 10:54:24 PM PST",Music,Official Music Video,NEGATIVE,0.9975073933601379,unknown,unknown,,0.9979191422462463
22217,Minecraft Japanese Mountain Temple Build Timelapse 🤯,"May 4, 2024, 5:42:31 PM PST",Gaming,Gameplay,NEGATIVE,0.9183188676834106,reaction,entertainment,"funny,dramatic,informative,serious",0.850083589553833
21387,She was shocked at his pickup line… 😂💀 #pranks #rizz #pickuplines #arizonastate,"May 13, 2024, 3:12:34 PM PST",Comedy,,NEGATIVE,0.9989953637123108,reaction,comedy,"funny,dramatic,informative",0.9891765117645264
21803,What I've Done (Official Music Video) [4K Upgrade] - Linkin Park,"May 8, 2024, 10:50:56 PM PST",Music,Official Music Video,NEGATIVE,0.6299251914024353,unknown,unknown,,0.9952874779701233
21388,"😂 CEO of ""hi hi hi 😳""","May 13, 2024, 3:02:52 PM PST",Comedy,,POSITIVE,0.8775754570960999,reaction,comedy,"funny,dramatic,casual,informative",0.9814875721931458
22218,He might have slightly overpaid for Charizard | Pokemon Card Vendor POV #pokemon #short #shorts #tcg,"May 4, 2024, 5:41:32 PM PST",Shorts,,NEGATIVE,0.9986360669136047,commentary,storytelling,"informative,personal,dramatic,funny,casual,professional",0.8676851987838745
21804,Avril Lavigne - Complicated (Official Video),"May 8, 2024, 10:46:40 PM PST",Music,Official Music Video,NEGATIVE,0.9807747006416321,unknown,unknown,,0.9976168274879456
21389,The Intersection of Science and Religion with Neil deGrasse Tyson,"May 13, 2024, 3:02:23 PM PST",Podcast,,POSITIVE,0.9976018071174622,guide,information,"informative,dramatic,serious",0.20614396035671234
22219,How to Beat a Smurfing Jett #shorts,"May 4, 2024, 5:41:30 PM PST",Shorts,,NEGATIVE,0.9322733879089355,guide,information,"informative,funny,dramatic,casual,professional",0.9621616005897522
21805,Waiting For The End (Official Music Video) [4K Upgrade] - Linkin Park,"May 8, 2024, 10:42:44 PM PST",Music,Official Music Video,NEGATIVE,0.9897609353065491,unknown,unknown,,0.9973245859146118
21390,WHY DO I LOOK LIKE TAYLOR SWIFT,"May 13, 2024, 2:58:22 PM PST",Reviews,,POSITIVE,0.9651162624359131,commentary,information,"funny,dramatic,personal,informative,serious",0.14085619151592255
22220,Spikes put out right in front of us! 🚨,"May 4, 2024, 5:40:30 PM PST",Sports,,NEGATIVE,0.9739607572555542,reaction,entertainment,"dramatic,serious,funny,informative",0.947871208190918
21806,StarTalk Live Podcast: Big Brains at BAM with Neil deGrasse Tyson,"May 8, 2024, 10:42:27 PM PST",Podcast,,POSITIVE,0.9638526439666748,commentary,information,"informative,professional,dramatic,funny,serious",0.9854249954223633
21391,I hear your bourbon glass 😂,"May 13, 2024, 2:58:06 PM PST",Comedy,,POSITIVE,0.9800488948822021,reaction,entertainment,"funny,dramatic,personal,informative",0.9558306932449341
22221,Police pull me over at 3am,"May 4, 2024, 5:39:31 PM PST",News,,NEGATIVE,0.9465581178665161,news,information,"dramatic,serious,informative,funny,personal",0.09012044221162796
21807,Old RuneScape Soundtrack: Baroque (OSRS Sounds),"May 8, 2024, 10:39:30 PM PST",Music,Music Mix,POSITIVE,0.9934565424919128,unknown,unknown,,0.987356424331665
21392,Guli Mata,"May 13, 2024, 10:00:42 AM PST",Entertainment,,POSITIVE,0.931448757648468,guide,information,"dramatic,informative,serious,professional,funny,personal",0.41137707233428955
22222,敲鐵釘挑戰🔨,"May 4, 2024, 5:38:52 PM PST",Comedy,,NEGATIVE,0.9046952724456787,reaction,information,"dramatic,serious,informative,funny,personal,casual,professional",0.689576268196106
21393,"Naina (From ""Crew"")","May 13, 2024, 9:57:13 AM PST",Comedy,,POSITIVE,0.9692043662071228,reaction,information,"informative,dramatic,professional,funny,serious",0.08875665813684464
21808,Old RuneScape Soundtrack: Baroque,"May 8, 2024, 10:32:56 PM PST",Music,Behind the Scenes,POSITIVE,0.9983466863632202,unknown,unknown,,0.9902421832084656
21394,Manike,"May 13, 2024, 9:53:56 AM PST",Music,Live Performance,NEGATIVE,0.9951673746109009,unknown,unknown,,0.6553270220756531
21809,The Most Famous Runescape Player | Zezima,"May 8, 2024, 9:02:57 PM PST",Gaming,Gameplay,POSITIVE,0.9992190599441528,gameplay,information,"informative,professional,dramatic,serious,funny",0.984380841255188
22223,Not-so-serious improv 🤪 #westcoastswing #funny #improv #dance #competition,"May 4, 2024, 5:38:44 PM PST",Comedy,,NEGATIVE,0.9997724890708923,commentary,comedy,"funny,casual",0.6380070447921753
21395,Mahiye Jinna Sohna,"May 13, 2024, 9:50:54 AM PST",Entertainment,,NEGATIVE,0.7192556262016296,guide,information,"informative,dramatic,serious,funny,professional,casual,personal",0.5022781491279602
21810,"Zezima Revealed by Runescape, Documentary 2017",Aprilia RS,Gaming,Gaming News,POSITIVE,0.9717259407043457,news,information,"dramatic,informative,serious,professional,funny",0.9504179954528809
22224,Brazilian buffet business owner kicks out human garbage disposal. Legal? Attorney Ugo Lord reacts!,"May 4, 2024, 5:38:20 PM PST",News,,NEGATIVE,0.9777660369873047,reaction,comedy,"serious,dramatic,informative,funny,personal",0.8940005302429199
21396,"Tere Vaaste (From ""Zara Hatke Zara Bachke"")","May 13, 2024, 9:48:05 AM PST",Music,Cover Song,NEGATIVE,0.9871025681495667,unknown,unknown,,0.8613020777702332
22225,most romantic valorant moment💞,"May 4, 2024, 5:38:08 PM PST",Reviews,,POSITIVE,0.9988229870796204,guide,analysis,"dramatic,personal,informative",0.34014421701431274
21811,I played RuneScape 20 Years Later...,"May 8, 2024, 8:54:40 PM PST",Gaming,Gameplay,POSITIVE,0.9094351530075073,gameplay,information,"personal,informative,funny,dramatic,serious",0.9957566261291504
22226,Saving Private Ryan,"May 4, 2024, 5:37:07 PM PST",Entertainment,,POSITIVE,0.9994446635246277,reaction,storytelling,"dramatic,informative,serious,personal,funny",0.18650145828723907
21397,Heeriye (feat. Arijit Singh),"May 13, 2024, 9:44:50 AM PST",Music,Music Mix,POSITIVE,0.9265515804290771,unknown,unknown,,0.9949590563774109
21812,RuneScape Soundtrack - Clan Wars,"May 8, 2024, 8:54:37 PM PST",Music,Music Mix,POSITIVE,0.9877611398696899,unknown,unknown,,0.9974671602249146
22227,Zendaya calls out boyfriend Tom Holland on TV!!,Naomi Julien,Entertainment,,NEGATIVE,0.714880108833313,commentary,information,"personal,dramatic,funny,serious,informative,professional",0.9544187188148499
21398,Tu hai kahan,"May 13, 2024, 9:40:27 AM PST",Comedy,,POSITIVE,0.9945993423461914,reaction,information,"dramatic,funny,informative,serious,casual,personal,professional",0.7617990970611572
22228,Living in a Simulation with Neil deGrasse Tyson and Nick Bostrom – Cosmic Queries,"May 4, 2024, 4:45:20 PM PST",Podcast,,POSITIVE,0.8959299921989441,unknown,entertainment,"dramatic,informative,serious,funny",0.9464452266693115
21399,Husn,"May 13, 2024, 9:39:53 AM PST",Tutorial,,POSITIVE,0.9368075132369995,reaction,information,"serious,dramatic,personal,informative,funny,professional",0.07255077362060547
21813,ROSA WALTON & HALLIE COGGINS - I REALLY WANT TO STAY AT YOUR HOUSE (LYRIC) AMV CYBERPUNK EDGERUNNERS,"May 8, 2024, 7:37:19 PM PST",Music,Lyric Video,POSITIVE,0.9969208240509033,unknown,unknown,,0.8867806196212769
22229,Dwarven Merriment [Day 3],"May 4, 2024, 1:58:27 PM PST",Entertainment,,NEGATIVE,0.9718173742294312,reaction,entertainment,"funny,dramatic,informative",0.983716607093811
21400,Maan Meri Jaan,"May 13, 2024, 9:36:37 AM PST",Comedy,,POSITIVE,0.9047510027885437,reaction,comedy,"funny,dramatic,informative,serious,casual,personal,professional",0.8082795143127441
21814,Everything Goes On - Porter Robinson (Official Music Video) | Star Guardian 2022,"May 8, 2024, 7:30:23 PM PST",Music,Official Music Video,POSITIVE,0.9618003368377686,unknown,unknown,,0.9892762303352356
21401,Saari Duniya Jalaa Denge,"May 13, 2024, 9:35:23 AM PST",Comedy,,NEGATIVE,0.9968048334121704,reaction,storytelling,"informative,dramatic,funny,serious,casual,professional,personal",0.6101096272468567
22230,Zedd - Beautiful Now ft. Jon Bellion (Official Music Video),"May 4, 2024, 1:41:07 PM PST",Music,Official Music Video,POSITIVE,0.9989094734191895,unknown,unknown,,0.9950979351997375
21815,Biggest Breakthroughs in Math: 2023,"May 8, 2024, 7:10:44 PM PST",News,,POSITIVE,0.9995021820068359,news,information,"informative,dramatic,serious,professional",0.003044216660782695
21402,Akhiyaan Gulaab,"May 13, 2024, 9:32:32 AM PST",Comedy,,NEGATIVE,0.8898099064826965,reaction,information,"informative,dramatic,funny,serious,professional,casual,personal",0.6217514276504517
22231,Lionhearted (Arty Remix),"May 4, 2024, 1:32:08 PM PST",Music,Music Mix,POSITIVE,0.9938831329345703,unknown,unknown,,0.946456789970398
21816,Porter Robinson - KNOCK YOURSELF OUT XD (Official Music Video),"May 8, 2024, 7:08:16 PM PST",Music,Official Music Video,NEGATIVE,0.9846895933151245,unknown,unknown,,0.9975538849830627
21403,"Apna Bana Le (From ""Bhediya"")","May 13, 2024, 9:28:10 AM PST",Comedy,,NEGATIVE,0.9769564270973206,reaction,storytelling,"funny,dramatic,informative,serious,casual",0.5790274739265442
22232,"VØJ, Narvent - Memory Reboot (4K Music Video)","May 4, 2024, 1:04:33 PM PST",Music,Official Music Video,NEGATIVE,0.9937934875488281,unknown,unknown,,0.9975586533546448
21817,Mental Health 🌿 #corecore #sadcore #hopecore #mentalhealth,"May 8, 2024, 7:07:06 PM PST",Reviews,,NEGATIVE,0.9805439114570618,commentary,information,"informative,serious,dramatic,personal",0.026509683579206467
21404,Tu Mil Gaya,"May 13, 2024, 9:23:43 AM PST",Music,Official Music Video,NEGATIVE,0.9679025411605835,unknown,unknown,,0.8160549402236938
22233,Neon Genesis,"May 4, 2024, 12:49:28 PM PST",Technology,,POSITIVE,0.9955175518989563,guide,information,"informative,dramatic,professional,serious,funny",0.9638471007347107
21818,Waiting for the End,"May 8, 2024, 7:06:16 PM PST",Shorts,,NEGATIVE,0.9593479037284851,commentary,analysis,"dramatic,serious,informative",0.0428873635828495
21405,Tu Hai,"May 13, 2024, 9:20:57 AM PST",Entertainment,,POSITIVE,0.9237024784088135,reaction,information,"dramatic,serious,informative,funny,professional,personal,casual",0.476937472820282
22234,Zedd - I Want You To Know ft. Selena Gomez,"May 4, 2024, 12:34:15 PM PST",Music,Music Mix,POSITIVE,0.9985670447349548,unknown,unknown,,0.9983011484146118
21819,Waiting for the End,"May 8, 2024, 7:02:22 PM PST",Shorts,,NEGATIVE,0.9593479037284851,commentary,analysis,"dramatic,serious,informative",0.0428873635828495
21406,Pehle Bhi Main,"May 13, 2024, 9:16:47 AM PST",Comedy,,NEGATIVE,0.642456591129303,reaction,comedy,"funny,dramatic,informative,serious,casual,personal,professional",0.9164804816246033
22235,Stater Bros employees stop shoplifter in California,"May 4, 2024, 11:40:21 AM PST",News,,NEGATIVE,0.99887615442276,news,information,"professional,dramatic,informative,serious,funny",0.13086310029029846
21407,Tum Se,"May 13, 2024, 9:12:23 AM PST",Entertainment,,NEGATIVE,0.9600706696510315,reaction,information,"dramatic,informative,serious,funny,casual,personal,professional",0.4372269809246063
22236,Man Pranks NYPD While Dressed up Like Mario 😂 #shorts,Man Pranks NYPD While Dressed up Like Mario 😂 #shorts,Comedy,,NEGATIVE,0.993811309337616,news,comedy,"funny,dramatic,informative",0.995154082775116
21820,THESE WINCHESTERS ARE AWESOME!! - FULLY MODIFIED WINCHESTER VS BUNKER BRAVO - Last Day on Earth,"May 8, 2024, 6:57:53 PM PST",Technology,,POSITIVE,0.9997826218605042,gameplay,entertainment,"professional,dramatic,informative,funny,serious",0.9641087651252747
21408,Soulmate,"May 13, 2024, 9:08:49 AM PST",Reviews,,POSITIVE,0.9990449547767639,guide,information,"informative,dramatic,serious,personal,funny",0.03660138323903084
22237,Beach Trivia,"May 4, 2024, 11:38:41 AM PST",Entertainment,,POSITIVE,0.991044282913208,unknown,entertainment,"informative,funny",0.0657663494348526
21821,This Fish is the Final Boss of Stardew #stardewvalley #stardew,"May 8, 2024, 6:47:09 PM PST",Entertainment,,NEGATIVE,0.9151630997657776,gameplay,information,"dramatic,informative,serious,professional,funny",0.03504161536693573
21409,G.O.A.T.,"May 13, 2024, 9:08:05 AM PST",Gaming,Gameplay,NEGATIVE,0.9680759906768799,reaction,information,"informative,funny,serious,dramatic,professional",0.7498732805252075
22238,Curious what’s included in in an all inclusive sailing trip? Here’s your guide!,"May 4, 2024, 11:38:40 AM PST",Tutorial,,POSITIVE,0.9412989020347595,guide,information,informative,0.09329597651958466
21410,WHAT DID I JUST WATCH??💀,"May 13, 2024, 6:42:28 AM PST",Entertainment,,NEGATIVE,0.9955264925956726,reaction,information,"dramatic,funny,serious,personal",0.4723503589630127
21822,WHAT IS MY TEAMMATE DOING?! #valoranthighlights #valorantfunny #gamergirl,"May 8, 2024, 6:46:55 PM PST",Gaming,Gameplay,NEGATIVE,0.9939970970153809,reaction,storytelling,"funny,dramatic,personal,informative",0.9385331273078918
21411,trust no one 😤 #couplegoals,"May 13, 2024, 6:42:07 AM PST",Entertainment,,NEGATIVE,0.9889262914657593,reaction,entertainment,"funny,informative,dramatic",0.22988063097000122
22239,When the Door Man identifies your FAKE 🆔👀 #pov #doorman #downtownhouston #viral #explore #shorts,"May 4, 2024, 11:38:14 AM PST",Shorts,,NEGATIVE,0.9974026083946228,reaction,comedy,"funny,informative,dramatic,personal",0.9396244883537292
21823,The Truth Hurts,"May 8, 2024, 6:46:24 PM PST",News,,NEGATIVE,0.9996300935745239,news,information,"serious,dramatic,personal",0.024723360314965248
22240,Harry W2S Big IQ in New Sidemen Among Us,"May 4, 2024, 11:37:22 AM PST",News,,POSITIVE,0.994299054145813,news,information,"informative,dramatic,professional,funny,serious,personal",0.8067260384559631
21824,Life of a guy Part 2 (credits: @LowBudgetStories),Markpro96 animations,Podcast,,NEGATIVE,0.9727103114128113,commentary,storytelling,"informative,personal,funny,dramatic",0.3646332025527954
21412,W protein bar 🤝 #gymhumor #gym #trendingshorts #fitness #bodybuilding #gymmemes,"May 13, 2024, 6:41:59 AM PST",Comedy,,NEGATIVE,0.9684136509895325,commentary,entertainment,"funny,casual",0.9705906510353088
22241,Can 3 Women Beat India’s Top Grandmaster?,"May 4, 2024, 11:36:40 AM PST",Gaming,Gaming News,NEGATIVE,0.9867347478866577,news,information,"serious,informative,dramatic,professional,funny",0.7549315094947815
21825,most liked comment delete a country #shorts #asia #subscribe #fyp,Markpro96 animations,Shorts,,NEGATIVE,0.9972991347312927,commentary,information,"casual,funny,dramatic,informative",0.9849886298179626
21826,Life of a guy Part 3 (credits to: @LowBudgetStories),Markpro96 animations,Podcast,,NEGATIVE,0.9870441555976868,commentary,storytelling,"personal,informative,funny,dramatic",0.6849973201751709
22242,Killing a f15 with a mig 23 #warthunder #fypシ #snail,"May 4, 2024, 11:36:21 AM PST",Technology,,NEGATIVE,0.9995742440223694,reaction,information,"dramatic,serious,professional,informative,funny,personal",0.9122423529624939
21413,Luckiest Fangirl ❤️😭(edited by momo) #trending #triggeredinsaan #ytshort #cute,"May 13, 2024, 6:41:34 AM PST",Shorts,,POSITIVE,0.990591824054718,reaction,entertainment,"funny,casual,informative",0.9230751395225525
22243,I actually guessed her name 😂,"May 4, 2024, 11:35:32 AM PST",Comedy,,POSITIVE,0.5229949355125427,reaction,comedy,"funny,dramatic,informative,personal",0.9516383409500122
21414,드루와,"May 13, 2024, 6:41:25 AM PST",Music,Music Mix,NEGATIVE,0.6888450980186462,unknown,unknown,,0.9018347859382629
21827,Otro plano de Dron | Centro de Transporte | Last Day on Earth: Survival #lastdayonearth #ldoe,"May 8, 2024, 6:43:49 PM PST",Technology,,NEGATIVE,0.9827102422714233,guide,information,"informative,serious,dramatic,funny",0.16472269594669342
22244,Subway Surfer Update Going CRAZY,"May 4, 2024, 11:35:07 AM PST",Entertainment,,NEGATIVE,0.9757146239280701,reaction,entertainment,"dramatic,funny,informative",0.9845864772796631
21415,Someone’s Sleeping On The Couch Tonight🤣🤣 #couplecomedy #shorts,"May 13, 2024, 6:41:10 AM PST",Comedy,,NEGATIVE,0.9942189455032349,commentary,comedy,"funny,casual,dramatic",0.9915260076522827
21828,The power button can never be pressed!!,"May 8, 2024, 6:43:02 PM PST",Technology,,POSITIVE,0.8268111944198608,guide,information,"serious,funny,dramatic,informative,personal",0.8610230088233948
22245,DO NOT Press the Red Button,"May 4, 2024, 11:34:34 AM PST",Technology,,NEGATIVE,0.9957088232040405,guide,information,"serious,dramatic,informative,personal,professional",0.6841641068458557
21416,MY WIFE IS DONE WITH ME! #shorts,"May 13, 2024, 6:41:08 AM PST",Shorts,,NEGATIVE,0.9369519948959351,reaction,storytelling,"personal,dramatic,casual,funny,informative",0.9941300749778748
21829,I Hate When I Run Out Of Arrows! #shorts,"May 8, 2024, 6:42:35 PM PST",Shorts,,NEGATIVE,0.9896917939186096,reaction,storytelling,"personal,dramatic,informative,funny,casual",0.9317402839660645
22246,wait for the end The results is too funny 🤣#googlemaps,"May 4, 2024, 11:34:13 AM PST",Entertainment,,NEGATIVE,0.9991710186004639,reaction,entertainment,"funny,dramatic",0.9950089454650879
21417,English Teacher-Core #funny #comedy #humor #englishteacher #grandma,"May 13, 2024, 6:40:25 AM PST",Comedy,,POSITIVE,0.993630588054657,commentary,comedy,funny,0.9885340332984924
21830,He was so happy for one viewer🥺❤️,"May 8, 2024, 6:41:50 PM PST",Entertainment,,POSITIVE,0.9998397827148438,reaction,storytelling,"dramatic,personal,informative,funny,professional",0.7569814920425415
21418,INSANE Water Stunt at Universal Studios 😱 #shorts,"May 13, 2024, 6:40:10 AM PST",Shorts,,NEGATIVE,0.9949701428413391,news,entertainment,"dramatic,funny",0.9800478219985962
22247,"POCKET ACES🚀in $2,200 POT?💰THE BEST HAND IN POKER!!🤣Poker is sick #shorts #poker","May 4, 2024, 11:34:12 AM PST",Shorts,,NEGATIVE,0.9961125254631042,commentary,information,"informative,dramatic,funny",0.863803505897522
21831,I was SHOCKED at his chess  rating,"May 8, 2024, 6:41:38 PM PST",Gaming,Gameplay,NEGATIVE,0.9970147609710693,reaction,information,"dramatic,serious,informative,professional,personal",0.08168108016252518
21419,he always goes above and beyond 😫,"May 13, 2024, 6:39:54 AM PST",Reviews,,POSITIVE,0.9994508624076843,news,entertainment,"dramatic,funny,professional,personal,serious,informative",0.47093501687049866
22248,Cool Find at the Beach #metaldetecting #shorts,"May 4, 2024, 11:34:09 AM PST",Shorts,,POSITIVE,0.987694501876831,news,entertainment,"informative,dramatic,funny,casual",0.9724858403205872
21832,Showing a Rottweiler he is not the boss,"May 8, 2024, 6:41:21 PM PST",Tutorial,,NEGATIVE,0.9995883107185364,commentary,storytelling,"informative,dramatic,serious,funny,personal",0.33047914505004883
21420,https://www.youtube.com/watch?v=BDmW7NQ82Mg,"May 13, 2024, 6:39:38 AM PST",Entertainment,,NEGATIVE,0.9523345232009888,reaction,information,"informative,funny,dramatic,serious,professional,casual",0.7480570673942566
21833,How to Prevent Vaping in an Uber,"May 8, 2024, 6:41:00 PM PST",Technology,,NEGATIVE,0.9888294339179993,guide,information,"informative,serious,professional,dramatic",0.7082260847091675
22249,I had to get the job done still #ubereats #doordash #shorts,"May 4, 2024, 11:33:22 AM PST",Shorts,,NEGATIVE,0.9995974898338318,reaction,unknown,"serious,informative,dramatic",0.9894240498542786
21421,Masterpiece #camping #bushcraft #survival #outdoors,"May 13, 2024, 6:39:22 AM PST",Reviews,,POSITIVE,0.9941114783287048,guide,unknown,"professional,dramatic,informative,serious",0.008228885941207409
21834,The most Broken Cypher Camera in the History of Valorant,"May 8, 2024, 6:40:04 PM PST",Technology,,NEGATIVE,0.9977315068244934,guide,information,"dramatic,serious,informative,funny",0.4301203787326813
21422,Is this the best way to handle a traffic stop while armed?,"May 13, 2024, 6:38:35 AM PST",News,,NEGATIVE,0.9983391761779785,commentary,analysis,"serious,dramatic,informative",0.198704332113266
22250,"Let’s see how dogs react to the CLAW at dog daycare, pt.4! #dogdaycare #dog #dogshorts #doglover","May 4, 2024, 11:32:50 AM PST",Entertainment,,NEGATIVE,0.9792544841766357,reaction,entertainment,"informative,funny,dramatic,serious,casual",0.9567935466766357
21423,Charlie Is Super Smart,"May 13, 2024, 6:38:15 AM PST",Reviews,,POSITIVE,0.9998306035995483,news,information,"professional,informative,serious,dramatic,funny,personal",0.37521418929100037
21835,Rating My Friends’ Slick Back… This is a funny one too 😭 #shorts #slickback,"May 8, 2024, 6:38:26 PM PST",Comedy,,POSITIVE,0.9779675006866455,commentary,entertainment,"funny,informative,dramatic,casual",0.9932441711425781
22251,the opponent wants to score a point : Hughes From Everywhere: NO ❌✋🚫,"May 4, 2024, 11:32:47 AM PST",Sports,,NEGATIVE,0.9942303895950317,gameplay,information,"serious,dramatic,informative,funny",0.8490447402000427
21424,A telescope is a must toy 🔭 #astronomy #shorts,"May 13, 2024, 6:38:04 AM PST",Shorts,,NEGATIVE,0.9919982552528381,commentary,entertainment,"informative,funny,dramatic",0.6786077618598938
21425,https://www.youtube.com/watch?v=ArJH0_C-WeM,"May 13, 2024, 6:37:52 AM PST",Entertainment,,NEGATIVE,0.9497730135917664,reaction,information,"informative,funny,dramatic,serious,professional",0.789076566696167
22252,New Choice | IMPROV GAME #improv #improvgame #newchoice #markiplier #improvbroadway,"May 4, 2024, 11:32:45 AM PST",Comedy,,NEGATIVE,0.7815894484519958,guide,comedy,"funny,informative,dramatic",0.8662254214286804
21836,Black And White: PM Modi ने पूछा- Congress ने कितना काला धन लिया? | Rahul Gandhi | Sudhir Chaudhary,"May 8, 2024, 5:29:15 PM PST",News,,NEGATIVE,0.9820829629898071,commentary,analysis,"dramatic,serious,informative,funny",0.23380030691623688
22253,91% of people didn't know this 🤯,"May 4, 2024, 11:32:18 AM PST",News,,NEGATIVE,0.9816094040870667,reaction,information,"funny,dramatic,serious,casual,informative,personal,professional",0.7133608460426331
21837,Porter Robinson - Sea of Voices x Shelter x Divinity (Resaixo Mashup),"May 8, 2024, 12:41:26 PM PST",Music,Music Mix,NEGATIVE,0.9452124238014221,unknown,unknown,,0.9801410436630249
21426,I need that 😁💳 #comedy #funny #couple #humor #lol #viral #bed #water #dry #mattress,"May 13, 2024, 6:37:40 AM PST",Comedy,,NEGATIVE,0.9968608617782593,reaction,entertainment,funny,0.9757881164550781
22254,Ver ver mais,"May 4, 2024, 11:32:01 AM PST",Entertainment,,POSITIVE,0.7053749561309814,reaction,information,"informative,serious,dramatic,funny,casual,professional",0.6106852889060974
21838,Porter Robinson - Get your Wish (Official Music Video),"May 8, 2024, 12:37:48 PM PST",Music,Official Music Video,POSITIVE,0.9354560971260071,unknown,unknown,,0.9976655840873718
21427,How to spot a REAL Filipino,"May 13, 2024, 6:37:23 AM PST",Tutorial,,POSITIVE,0.9995107650756836,guide,information,"informative,serious,professional,personal,dramatic",0.7541427612304688
21839,The Chainsmokers - Paris (Official Video),"May 8, 2024, 12:34:04 PM PST",Music,Official Music Video,POSITIVE,0.9701685309410095,unknown,unknown,,0.9983066320419312
21428,Motivation 💪💪,"May 13, 2024, 6:37:11 AM PST",Podcast,,POSITIVE,0.9825106263160706,guide,unknown,"informative,dramatic,personal,professional",0.1607663333415985
22255,HE GOT THAT JAWG IN HIM! #valorant #vct #shorts #valorantclips,"May 4, 2024, 11:31:59 AM PST",Shorts,,NEGATIVE,0.5712080001831055,reaction,storytelling,"dramatic,funny,serious,informative,personal,professional",0.9810197353363037
21840,Zedd - Clarity ft. Foxes,"May 8, 2024, 12:29:28 PM PST",Music,Live Performance,POSITIVE,0.9983102083206177,unknown,unknown,,0.9971566200256348
21429,Fnatic's CLEAN Passing Play | LEC Shorts,"May 13, 2024, 6:36:55 AM PST",Shorts,,POSITIVE,0.9449012875556946,gameplay,information,"professional,informative,casual",0.9322922229766846
22256,Dr. Victor Blane,"May 4, 2024, 11:31:49 AM PST",Technology,,POSITIVE,0.995564877986908,guide,information,"professional,informative,serious,dramatic,personal,funny",0.5268460512161255
21841,WRLD & Keepsake - Wishful Thinking (2018) [Monstercat Release],"May 8, 2024, 12:26:02 PM PST",Music,Official Music Video,NEGATIVE,0.9828451871871948,unknown,unknown,,0.9619703888893127
22257,Violent response from a pickup truck driver #shorts,"May 4, 2024, 11:31:37 AM PST",Shorts,,NEGATIVE,0.9988555908203125,reaction,entertainment,"dramatic,serious,personal,informative,funny",0.9869349002838135
21430,POV: The one friend you can’t take anywhere 🥲,"May 13, 2024, 6:36:39 AM PST",Gaming,Esports,NEGATIVE,0.5639417767524719,commentary,information,"personal,serious,dramatic,funny,informative",0.12213988602161407
22258,Lumberjack Log Roll - Round 1,"May 4, 2024, 11:31:21 AM PST",Entertainment,,POSITIVE,0.960740327835083,gameplay,storytelling,"informative,dramatic,funny,serious",0.592915415763855
21842,Madeon - Beings (Shelter Live Edit),"May 8, 2024, 12:21:53 PM PST",Music,Live Performance,NEGATIVE,0.8896196484565735,unknown,unknown,,0.9980759620666504
22259,Shine Like a Boom Diamond,"May 4, 2024, 11:31:04 AM PST",Entertainment,,POSITIVE,0.9998809099197388,guide,entertainment,"dramatic,informative,professional,funny",0.9723561406135559
21431,Man tapped a male kangaroo that put his claws around the neck of a female 🦘#australia,"May 13, 2024, 6:36:24 AM PST",News,,NEGATIVE,0.9694995880126953,news,information,"dramatic,serious,funny,informative,professional,personal",0.4919288158416748
21843,"Digital Farm Animals, Shaun Frank, Dragonette - Tokyo Nights (Lyric Video)","May 8, 2024, 12:17:49 PM PST",Entertainment,,POSITIVE,0.8609606027603149,review,entertainment,"informative,funny,dramatic",0.9705501794815063
22260,A WELL-TIMED WITNESS AND A CONVENIENT COP,"May 4, 2024, 11:30:46 AM PST",Reviews,,POSITIVE,0.9994012117385864,guide,information,"professional,informative,casual,funny",0.3940221071243286
21844,The Chainsmokers - This Feeling (Lyric Video) ft. Kelsea Ballerini,"May 8, 2024, 12:14:31 PM PST",Music,Lyric Video,POSITIVE,0.9951304197311401,unknown,unknown,,0.9930501580238342
21432,Korean Food 🥗🥦🥩#youtubeshorts #youtube #viral #koreanfood #korea #shorts #short,"May 13, 2024, 6:36:04 AM PST",Shorts,,NEGATIVE,0.9676149487495422,reaction,entertainment,"funny,informative,dramatic,casual",0.9127485156059265
22261,Thank me later #dog #funnydog #dating,"May 4, 2024, 11:29:47 AM PST",Entertainment,,POSITIVE,0.9887640476226807,commentary,entertainment,"funny,informative,casual,personal,dramatic",0.9702239632606506
21845,OneRepublic - Nobody (from Kaiju No. 8) [Official Lyric Video],"May 8, 2024, 12:11:56 PM PST",Music,Lyric Video,NEGATIVE,0.9996235370635986,unknown,unknown,,0.9979390501976013
21433,Caught Burning Red Light #police #dashcam #driving,"May 13, 2024, 6:35:59 AM PST",News,,NEGATIVE,0.9891437888145447,news,information,"dramatic,serious,informative,funny",0.11194059997797012
22262,Childhood Babysitter Came To My Show Part 1,"May 4, 2024, 11:28:52 AM PST",Podcast,,POSITIVE,0.9886369109153748,guide,storytelling,"personal,informative,funny,dramatic,serious,casual",0.9671192765235901
21846,Porter Robinson - Flicker (Official Video),"May 8, 2024, 12:08:21 PM PST",Music,Official Music Video,NEGATIVE,0.5542422533035278,unknown,unknown,,0.9935229420661926
22263,How to Counter Neon Movement,"May 4, 2024, 11:28:27 AM PST",Tutorial,,POSITIVE,0.9890565276145935,guide,information,"informative,serious,dramatic,professional",0.8265653252601624
21434,Girl thinks she’s escaping the matrix,"May 13, 2024, 6:35:42 AM PST",Reviews,,NEGATIVE,0.9817455410957336,reaction,storytelling,"dramatic,informative,funny,serious,personal",0.160349041223526
21847,Phoebe Ryan - Mine (Illenium Remix),"May 8, 2024, 12:04:09 PM PST",Music,Music Mix,NEGATIVE,0.9334700703620911,unknown,unknown,,0.9971413612365723
21435,Andrea makes an entrance...,"May 13, 2024, 6:35:22 AM PST",Entertainment,,POSITIVE,0.9994208812713623,reaction,information,"dramatic,professional,personal,informative,funny,serious",0.922219455242157
22264,Vaydeer timed lock box opened with pointy pokey thing,"May 4, 2024, 11:28:21 AM PST",Technology,,POSITIVE,0.9794822335243225,gameplay,information,"professional,dramatic,informative,funny,serious",0.9419378042221069
21848,"VØJ, Narvent - Memory Reboot (4K Music Video)","May 8, 2024, 12:00:12 PM PST",Music,Official Music Video,NEGATIVE,0.9937934875488281,unknown,unknown,,0.9975586533546448
21436,funny because it’s true😭 #shorts #adhd,"May 13, 2024, 12:12:02 AM PST",Shorts,,POSITIVE,0.995073139667511,news,information,"funny,informative,dramatic,personal",0.9942410588264465
22265,Hilarious Close Call: Dad Teaches Son How to Drive 😂 #shorts,"May 4, 2024, 11:28:03 AM PST",Comedy,,POSITIVE,0.9996920824050903,tutorial,comedy,"funny,dramatic,casual,personal,informative",0.9967545866966248
22266,This design makes no sense,"May 4, 2024, 11:27:44 AM PST",Shorts,,NEGATIVE,0.9997583031654358,unknown,unknown,,0.31228259205818176
21849,Porter Robinson - Look at the Sky (Official Lyric Video),"May 8, 2024, 11:55:01 AM PST",Music,Lyric Video,POSITIVE,0.9946914315223694,unknown,unknown,,0.9957841038703918
21437,https://www.youtube.com/watch?v=vOAd3XVnGUE,"May 13, 2024, 12:11:51 AM PST",Entertainment,,NEGATIVE,0.9587644338607788,reaction,information,"informative,funny,dramatic,serious,professional",0.7962258458137512
22267,Joker in the Perform😈 #funny #announcement,"May 4, 2024, 11:27:12 AM PST",Comedy,,POSITIVE,0.7951948046684265,news,comedy,"funny,informative,dramatic",0.9932417869567871
21850,Did The Future Already Happen? - The Paradox of Time,"May 8, 2024, 11:40:29 AM PST",Technology,,NEGATIVE,0.9927845001220703,commentary,information,"informative,serious,dramatic,funny",0.10865326970815659
22268,No But yes  #airsoft,"May 4, 2024, 11:26:55 AM PST",Entertainment,,POSITIVE,0.9978454113006592,gameplay,entertainment,"funny,informative,dramatic",0.663134753704071
21438,DO THIS TRICK AND YOU WILL NEVER LOSE YOUR TACTICAL BACKPACK - Last Day on Earth: Survival,"May 12, 2024, 9:50:25 AM PST",Tutorial,,POSITIVE,0.9996172189712524,guide,information,"serious,informative,professional,dramatic,personal,funny",0.24750368297100067
21851,"THE BEST EVENT IS BACK, DON'T MISS IT! - Last Day on Earth: Survival","May 8, 2024, 11:39:18 AM PST",Entertainment,,POSITIVE,0.9997017979621887,news,entertainment,"dramatic,informative,serious,funny",0.46109792590141296
22269,Truth bomb ENDS Steve Harvey!! #shorts,"May 4, 2024, 11:26:53 AM PST",Shorts,,NEGATIVE,0.9924901127815247,news,information,"dramatic,informative,personal,serious,funny,casual",0.9852668642997742
21439,i need a new duo,"May 12, 2024, 9:45:07 AM PST",Gaming,Gameplay,NEGATIVE,0.9964662790298462,gameplay,information,"serious,dramatic,informative,funny,personal",0.4265579283237457
21852,"Tere Vaaste (From ""Zara Hatke Zara Bachke"")","May 8, 2024, 11:37:48 AM PST",Music,Cover Song,NEGATIVE,0.9871025681495667,unknown,unknown,,0.8613020777702332
22270,Le regard 😱😱😱,"May 4, 2024, 11:26:35 AM PST",Entertainment,,POSITIVE,0.9790634512901306,reaction,comedy,"dramatic,funny,informative,serious,professional",0.5912800431251526
21440,SHE WAS SO CONFUSED 🤣 #shorts,"May 12, 2024, 9:44:46 AM PST",Shorts,,NEGATIVE,0.9990049004554749,reaction,comedy,"funny,dramatic,casual,personal,informative",0.9954358339309692
21853,Heeriye (feat. Arijit Singh),"May 8, 2024, 11:34:34 AM PST",Music,Music Mix,POSITIVE,0.9265515804290771,unknown,unknown,,0.9949590563774109
22271,PETER GRIFFIN TURNED INTO THE AVATAR,"May 4, 2024, 11:26:18 AM PST",Technology,,POSITIVE,0.9688572287559509,reaction,storytelling,"dramatic,serious,funny,informative,personal",0.4335307776927948
21854,Maan Meri Jaan,"May 8, 2024, 11:31:19 AM PST",Comedy,,POSITIVE,0.9047510027885437,reaction,comedy,"funny,dramatic,informative,serious,casual,personal,professional",0.8082795143127441
21441,Why did this have to happen ON STREAM?! #leagueoflegends #streamer #blooper,"May 12, 2024, 9:44:39 AM PST",Gaming,Esports,NEGATIVE,0.9992176294326782,reaction,comedy,dramatic,0.7320544123649597
21855,Mahiye Jinna Sohna,"May 8, 2024, 11:28:18 AM PST",Entertainment,,NEGATIVE,0.7192556262016296,guide,information,"informative,dramatic,serious,funny,professional,casual,personal",0.5022781491279602
22272,No ticket today?🥰👍 #motocycle #motovlog #policemotorcycle #viral #trending #policevehicle #shorts,"May 4, 2024, 11:26:03 AM PST",Shorts,,NEGATIVE,0.9981297850608826,news,entertainment,"funny,casual,informative,professional,dramatic",0.7058707475662231
21856,Ve Haaniyaan,"May 8, 2024, 11:24:18 AM PST",Comedy,,POSITIVE,0.9583518505096436,reaction,comedy,"dramatic,funny,informative,serious,personal,professional,casual",0.4851796627044678
21442,"Throwback to the Adult Swim Trend in the Clearest Water in the World. Palawan, Philippines 🇵🇭","May 12, 2024, 9:44:28 AM PST",Entertainment,,POSITIVE,0.9974428415298462,reaction,information,"informative,funny,dramatic",0.588270366191864
22273,COMING HOME WINE DRUNK #shorts,"May 4, 2024, 11:25:47 AM PST",Shorts,,NEGATIVE,0.9825453758239746,reaction,entertainment,"casual,funny,dramatic,informative,personal",0.9829921722412109
21443,All that work and what did it get me???,"May 12, 2024, 9:44:22 AM PST",Reviews,,NEGATIVE,0.9989935755729675,review,analysis,"serious,dramatic,funny,professional,personal",0.28941431641578674
21857,Masti Ki Paathshala,"May 8, 2024, 11:20:38 AM PST",Music,Official Music Video,POSITIVE,0.5665414333343506,unknown,unknown,,0.898923933506012
21444,Physical Games (then vs now),"May 12, 2024, 9:43:52 AM PST",Sports,,POSITIVE,0.5097150206565857,gameplay,entertainment,"informative,dramatic,funny",0.8946622014045715
21858,Right Here Right Now (hip-hop Mix),"May 8, 2024, 11:16:54 AM PST",Music,Music Mix,POSITIVE,0.9981796741485596,unknown,unknown,,0.9972939491271973
22274,And away we go. ⁣⁣Enjoy paintball. ⁣⁣#paintball #nxl #shorts,"May 4, 2024, 11:25:35 AM PST",Entertainment,,POSITIVE,0.9972406625747681,guide,entertainment,"informative,casual,dramatic,funny,professional",0.9253602027893066
21445,One Piece 101 💀,"May 12, 2024, 9:43:39 AM PST",Entertainment,,POSITIVE,0.7282452583312988,tutorial,entertainment,"informative,funny,professional,serious,dramatic",0.990260660648346
21859,Phir Se Ud Chala,"May 8, 2024, 11:12:25 AM PST",Comedy,,NEGATIVE,0.6933549642562866,reaction,storytelling,"dramatic,informative,serious,funny,casual,personal,professional",0.8816737532615662
22275,my bf eating with my chinese family,"May 4, 2024, 11:25:24 AM PST",Entertainment,,POSITIVE,0.9770952463150024,reaction,information,"informative,casual,funny,dramatic",0.3685143291950226
21446,Is it though? #shorts,Eduard Martirosyan,Shorts,,NEGATIVE,0.9917444586753845,reaction,storytelling,"casual,dramatic,funny,personal,informative",0.8420597910881042
21860,Sage,"May 8, 2024, 11:08:35 AM PST",Tutorial,,POSITIVE,0.994696855545044,guide,information,"informative,serious,professional,funny,dramatic",0.017251910641789436
22276,HILARIOUS: We Surprise A Flight Attendant With A Pick-Up Line 😅 #shorts,"May 4, 2024, 11:25:00 AM PST",Comedy,,POSITIVE,0.9990308284759521,reaction,comedy,"funny,casual,dramatic",0.9984579682350159
21447,Excuse me what the actual f #cat #cats,"May 12, 2024, 9:42:26 AM PST",Tutorial,,NEGATIVE,0.9990559220314026,commentary,unknown,"personal,dramatic",0.011118398047983646
21861,Do You Know,"May 8, 2024, 11:05:03 AM PST",Podcast,,POSITIVE,0.987357497215271,commentary,information,"informative,serious,dramatic,professional,funny",0.3822307288646698
22277,Who You Picking? #shorts,"May 4, 2024, 11:24:42 AM PST",Shorts,,NEGATIVE,0.9755709767341614,commentary,storytelling,"casual,personal,informative,funny",0.9813059568405151
21862,Ishq Jaisa Kuch,"May 8, 2024, 11:01:59 AM PST",Comedy,,POSITIVE,0.868065357208252,reaction,comedy,"informative,funny,dramatic,serious,professional,casual,personal",0.8213930726051331
22278,Refs letting everything slide 😅😳,"May 4, 2024, 11:24:29 AM PST",Reviews,,POSITIVE,0.9864999055862427,reaction,comedy,"funny,casual,dramatic",0.8748846650123596
21448,#pov Heard him VS Didn’t hear him… CR: @tandiamercedes (tt),"May 12, 2024, 9:42:07 AM PST",Podcast,,NEGATIVE,0.9934272766113281,reaction,information,"serious,personal,dramatic,informative,funny,professional,casual",0.9851266741752625
21863,"Ve Kamleya (From ""Rocky Aur Rani Kii Prem Kahaani"")","May 8, 2024, 10:57:52 AM PST",Music,Cover Song,NEGATIVE,0.9850522875785828,unknown,unknown,,0.785647451877594
22279,Dog house bound! #shorts,"May 4, 2024, 11:24:00 AM PST",Shorts,,NEGATIVE,0.9891024827957153,reaction,comedy,"casual,funny,informative,personal,dramatic",0.9864962697029114
21449,How to play ISO in Radiant #valorant #valorantclips #twitch #twitchstreamer,"May 12, 2024, 9:42:05 AM PST",Tutorial,,POSITIVE,0.9841659069061279,guide,information,"informative,professional,dramatic,funny,serious",0.9057254195213318
21864,Chor,"May 8, 2024, 10:37:41 AM PST",Music,Concert Recording,NEGATIVE,0.98454350233078,unknown,unknown,,0.9883317351341248
22280,tenz bro-zoned me,"May 4, 2024, 11:23:48 AM PST",Podcast,,NEGATIVE,0.5919705629348755,reaction,information,"dramatic,serious,personal,funny,informative",0.5074706077575684
21450,6 MORE DAYS TILL GIVE YOU LOVE,"May 12, 2024, 9:41:56 AM PST",Podcast,,POSITIVE,0.9994980096817017,guide,information,"informative,serious,dramatic,funny,personal,professional",0.49085894227027893
22281,Scariest thing in Chess,"May 4, 2024, 11:23:20 AM PST",Gaming,Stream Highlights,NEGATIVE,0.8550977110862732,reaction,unknown,"dramatic,serious,informative",0.004798937123268843
21451,AURELION SOL VS DARIUS IN LEAGUE OF LEGENDS #shorts,"May 12, 2024, 9:41:40 AM PST",Shorts,,POSITIVE,0.5791566371917725,commentary,storytelling,"casual,funny,dramatic",0.9932321906089783
21865,अभय देओल और सोनम कपूर की सुपरहिट हिंदी मूवी - BOLLYWOOD BLOCKBUSTER HINDI MOVIE - AISHA,"May 8, 2024, 8:12:43 AM PST",Entertainment,,POSITIVE,0.9805496335029602,reaction,comedy,"dramatic,informative,funny,professional,serious",0.9526124596595764
22282,Signing A Car With An Angle Grinder (@troytinkham69) #shorts,"May 4, 2024, 11:23:00 AM PST",Shorts,,NEGATIVE,0.9972284436225891,reaction,storytelling,"funny,casual,dramatic,personal,informative",0.993004322052002
21452,@princessameliawu 🤭 #sofimanassyan #friends #relatable,"May 12, 2024, 9:41:27 AM PST",Entertainment,,NEGATIVE,0.9963662624359131,reaction,entertainment,"casual,funny,informative,personal",0.048610277473926544
21453,Thank you ​⁠​⁠@Theboy36183  ❤️,"May 12, 2024, 9:41:06 AM PST",Reviews,,POSITIVE,0.9991779923439026,reaction,information,"informative,professional,funny,dramatic,serious,personal",0.6446183323860168
21866,।।सदाबहार नॉन स्टॉप ओल्ड गाने।। #ओल्ड इस गोल्ड#viral #youtuber #,"May 8, 2024, 8:09:45 AM PST",Entertainment,,NEGATIVE,0.9502813816070557,reaction,entertainment,"dramatic,informative,funny",0.8154428601264954
22283,"There is a balance that has to happen when shooting XFDA, accuracy isn’t final must be under KPI","May 4, 2024, 11:22:44 AM PST",Technology,,NEGATIVE,0.9851153492927551,guide,information,"informative,serious,professional,dramatic",0.06974712759256363
21454,"Press the button, lose a year of life...","May 12, 2024, 9:40:25 AM PST",Technology,,NEGATIVE,0.9997405409812927,reaction,information,"serious,dramatic,informative,funny,professional",0.9121742248535156
21867,Abhi Kuch Dino Se,"May 8, 2024, 8:06:55 AM PST",Comedy,,POSITIVE,0.9673975706100464,reaction,comedy,"funny,dramatic,informative,serious,casual,personal,professional",0.9622848033905029
21455,Just heating my dinner up,"May 12, 2024, 9:39:59 AM PST",Technology,,POSITIVE,0.9919857978820801,reaction,information,"personal,casual,dramatic,professional,informative,funny",0.20896542072296143
21868,Ek Din Aap,"May 8, 2024, 8:05:13 AM PST",Entertainment,,POSITIVE,0.9730895757675171,reaction,information,"informative,dramatic,funny,casual,serious,personal,professional",0.7123509645462036
22284,Help The Elder Neighbors ! 😊 #ring #elder #help #helping #neighbors #usa #us #cctv #elders #shorts,"May 4, 2024, 11:22:21 AM PST",Shorts,,NEGATIVE,0.9831394553184509,reaction,storytelling,"funny,informative,casual,dramatic",0.8969943523406982
21456,I Took My Wife To Hooters🤣🤣 #couplecomedy #shorts,"May 12, 2024, 9:39:39 AM PST",Comedy,,NEGATIVE,0.9890505075454712,commentary,comedy,"funny,casual,dramatic,personal,informative",0.9953739643096924
21869,Jeet,"May 8, 2024, 8:03:51 AM PST",Entertainment,,POSITIVE,0.9965229034423828,reaction,information,"professional,informative,serious,dramatic,personal,funny,casual",0.5951033234596252
21457,Things You Thought You Knew - Bada Bing! with Neil deGrasse Tyson,"May 12, 2024, 9:39:15 AM PST",Podcast,,NEGATIVE,0.9295933842658997,review,information,"funny,informative,dramatic",0.9660698771476746
21870,Dil Nu,"May 8, 2024, 7:59:57 AM PST",Comedy,,POSITIVE,0.5036099553108215,reaction,information,"dramatic,serious,informative,casual,funny,professional,personal",0.36898285150527954
22285,window seat or aisle seat?? #shorts #travel #traveling #college #collegelife #airplane #viral,"May 4, 2024, 11:22:02 AM PST",Shorts,,NEGATIVE,0.9329330921173096,reaction,entertainment,"funny,informative,casual,dramatic",0.9800025224685669
22286,Did you know that in 1917...,"May 4, 2024, 11:21:57 AM PST",News,,POSITIVE,0.8141900300979614,news,information,"informative,dramatic,serious,funny,professional",0.7066883444786072
21871,Neele Neele Ambar Par (Male Version),"May 8, 2024, 7:59:51 AM PST",Music,Official Music Video,POSITIVE,0.6925551891326904,unknown,unknown,,0.6399244666099548
21458,Master's Regalia Tutorial: Wear It Right! 🎓👌 - How To Guide #utrgv,"May 12, 2024, 7:06:06 AM PST",Tutorial,,POSITIVE,0.9981293082237244,tutorial,information,"informative,professional,dramatic,serious,funny",0.9931390285491943
22287,most romantic valorant moment💖,"May 4, 2024, 11:21:34 AM PST",Reviews,,POSITIVE,0.9988229870796204,guide,analysis,"dramatic,personal,informative",0.347321093082428
21872,Khalasi | Coke Studio Bharat,"May 8, 2024, 7:57:20 AM PST",Entertainment,,NEGATIVE,0.9703730344772339,reaction,entertainment,"professional,informative,dramatic,funny,serious,casual",0.9193496108055115
21459,Multiverses & Wormholes with Brian Cox & Neil deGrasse Tyson – Cosmic Queries,"May 11, 2024, 10:17:14 PM PST",Podcast,,POSITIVE,0.9822416305541992,unknown,entertainment,"informative,dramatic,serious,funny,professional",0.8992726802825928
22288,🤣🤣🤣,"May 4, 2024, 11:21:32 AM PST",Comedy,,NEGATIVE,0.6970565915107727,reaction,information,"funny,dramatic,serious,personal,informative,casual",0.6839701533317566
21873,Born to Shine,"May 8, 2024, 7:53:47 AM PST",Entertainment,,POSITIVE,0.9998064637184143,news,entertainment,"dramatic,informative,professional,funny,personal,serious",0.9795485734939575
21460,How to Properly Wear a Graduation Hood,"May 11, 2024, 9:09:03 PM PST",Tutorial,,POSITIVE,0.982882022857666,guide,information,"informative,professional,serious,dramatic",0.8799450397491455
22289,Let him cook 👨‍🍳,"May 4, 2024, 8:12:59 AM PST",Tutorial,,POSITIVE,0.8843440413475037,reaction,unknown,"professional,personal,funny,informative,dramatic",0.04292207211256027
21874,Chaleya,"May 8, 2024, 7:50:26 AM PST",Entertainment,,POSITIVE,0.9423848986625671,reaction,information,"dramatic,informative,serious,personal,professional,funny,casual",0.5083066821098328
21461,Porter Robinson - KNOCK YOURSELF OUT XD (Official Music Video),"May 11, 2024, 7:49:08 PM PST",Music,Official Music Video,NEGATIVE,0.9846895933151245,unknown,unknown,,0.9975538849830627
21875,Akhiyaan Gulaab,"May 8, 2024, 7:47:35 AM PST",Comedy,,NEGATIVE,0.8898099064826965,reaction,information,"informative,dramatic,funny,serious,professional,casual,personal",0.6217514276504517
22290,raze amazing 1v5 ace #valorant #valorantclips #valoranthighlights,"May 4, 2024, 8:12:31 AM PST",Sports,,NEGATIVE,0.8184807896614075,news,entertainment,"dramatic,professional,informative,serious",0.7108690738677979
21462,Cheerleader,"May 11, 2024, 7:45:09 PM PST",Entertainment,,POSITIVE,0.994051992893219,reaction,entertainment,"professional,informative,funny,dramatic",0.9290924072265625
21876,Heer Aasmani,"May 8, 2024, 7:44:11 AM PST",Entertainment,,POSITIVE,0.5878885388374329,reaction,information,"dramatic,informative,serious,funny,professional",0.2237914800643921
22291,POV: You give your older brother the controller,"May 4, 2024, 8:12:04 AM PST",Gaming,Gameplay,POSITIVE,0.9671453833580017,commentary,information,"personal,serious,dramatic,informative,funny",0.9326319694519043
21463,Neil deGrasse Tyson could BEAT YOU UP #shorts #neildegrassetyson #science,"May 11, 2024, 7:42:01 PM PST",Shorts,,NEGATIVE,0.5310302376747131,news,information,"dramatic,serious,funny,informative,personal",0.9818165898323059
21877,Best of Lata Kishore vol 3,"May 8, 2024, 7:07:42 AM PST",Music,Live Performance,POSITIVE,0.9994638562202454,unknown,unknown,,0.9901958703994751
22292,Catcalling Women (Politely),"May 4, 2024, 8:11:38 AM PST",News,,NEGATIVE,0.702730119228363,commentary,unknown,"serious,personal,informative,funny",0.011295845732092857
21464,"Ghungroo (From ""WAR"")","May 11, 2024, 4:04:07 PM PST",Comedy,,NEGATIVE,0.9903399348258972,unknown,information,"dramatic,serious,informative,funny",0.0010698314290493727
21878,"Ishq Mitaye (From ""Amar Singh Chamkila"")","May 8, 2024, 7:06:49 AM PST",Comedy,,NEGATIVE,0.6274942755699158,guide,storytelling,"informative,dramatic,funny,serious,professional",0.644418478012085
22293,The perfect drawing does exist #shark #howtodraw,"May 4, 2024, 8:10:29 AM PST",Tutorial,,POSITIVE,0.9835264086723328,news,entertainment,"informative,funny,dramatic,serious",0.8345100283622742
21465,Kusu Kusu,"May 11, 2024, 4:00:52 PM PST",Entertainment,,POSITIVE,0.9823335409164429,reaction,information,"dramatic,informative,serious,funny,professional,personal,casual",0.5605000257492065
21879,"Besharam Rang (From ""Pathaan"")","May 8, 2024, 7:01:04 AM PST",Music,Cover Song,NEGATIVE,0.88443523645401,unknown,unknown,,0.8684067130088806
22294,The effects of kush 😂🥲,"May 4, 2024, 8:10:03 AM PST",Comedy,,NEGATIVE,0.9332957863807678,reaction,comedy,"funny,dramatic,informative,serious",0.8336275815963745
21466,Jugnu,"May 11, 2024, 3:57:02 PM PST",Entertainment,,NEGATIVE,0.9801602959632874,reaction,information,"dramatic,informative,serious,funny,professional,personal,casual",0.3084959387779236
21880,Aaj Kal Zindagi,"May 8, 2024, 6:56:49 AM PST",Comedy,,POSITIVE,0.9826812148094177,reaction,storytelling,"informative,dramatic,funny,serious,casual,professional,personal",0.6676772832870483
22295,Puppy’s “Down-Stay” Put To The Test!,"May 4, 2024, 8:09:20 AM PST",Podcast,,NEGATIVE,0.990010678768158,gameplay,entertainment,"informative,dramatic,funny,serious",0.4479058086872101
21467,"Nadiyon Paar (Let the Music Play Again) (From ""Roohi"")","May 11, 2024, 3:54:18 PM PST",Music,Official Music Video,NEGATIVE,0.9352415800094604,unknown,unknown,,0.9896115064620972
21468,Makhna,"May 11, 2024, 3:51:15 PM PST",Music,Official Music Video,NEGATIVE,0.8818078637123108,unknown,unknown,,0.36648210883140564
21881,Aaj Tak LIVE TV: Lok Sabha Election 2024 | PM Modi | Prajwal Revanna | Delhi Water Crisis | Congress,"May 8, 2024, 6:06:02 AM PST",News,,NEGATIVE,0.9447906017303467,news,information,"serious,informative,dramatic,professional",0.38048872351646423
22296,“Are you looking for adventure or…?  #disneyland #starwars #may4th #stormtrooper #shorts,"May 4, 2024, 8:09:06 AM PST",Shorts,,NEGATIVE,0.9930047392845154,commentary,entertainment,"informative,funny,dramatic",0.9083256125450134
21469,Tip Tip,"May 11, 2024, 3:47:05 PM PST",Tutorial,,POSITIVE,0.8885197043418884,guide,information,"informative,funny,professional,serious,dramatic",0.6588048934936523
22297,This dog is so smart ❤️🥹 #shorts,"May 4, 2024, 8:08:48 AM PST",Shorts,,POSITIVE,0.9580073952674866,commentary,entertainment,"informative,funny,casual,dramatic,personal,professional",0.9683464765548706
21882,"Black Hole Bonanza: StarTalk Live! With Neil deGrasse Tyson, Janna Levin, & Jenny Greene","Black Hole Bonanza: StarTalk Live! With Neil deGrasse Tyson, Janna Levin, & Jenny Greene",Entertainment,,POSITIVE,0.9987855553627014,news,entertainment,"dramatic,informative,funny,professional",0.7824282646179199
21470,"Besharam Rang (From ""Pathaan"")","May 11, 2024, 3:42:46 PM PST",Music,Cover Song,NEGATIVE,0.88443523645401,unknown,unknown,,0.8684067130088806
22298,CHAIR MODS 🪑⚙️,"May 4, 2024, 8:08:34 AM PST",Technology,,NEGATIVE,0.8855264782905579,guide,information,"professional,informative,serious,dramatic,funny",0.7042660117149353
21883,Neil deGrasse Tyson Explains Dimensions,"May 7, 2024, 7:56:10 PM PST",Podcast,,POSITIVE,0.9972002506256104,guide,information,"informative,professional,dramatic,serious",0.7972139120101929
21471,Oo Bolega Ya Oo Oo Bolega,"May 11, 2024, 3:42:21 PM PST",Music,Lyric Video,NEGATIVE,0.9932115077972412,unknown,unknown,,0.8548610210418701
22299,Based 10yo Puts Mom in Check! #shorts #soccer #funny #gooutsideandplay,High Octane Boys,Sports,,NEGATIVE,0.9222298264503479,gameplay,entertainment,"funny,dramatic,casual,informative,personal",0.9854507446289062
21472,Param Sundari,"May 11, 2024, 3:39:01 PM PST",Entertainment,,POSITIVE,0.9864009022712708,reaction,information,"dramatic,informative,professional,serious,personal,funny,casual",0.4591396749019623
21884,STOP WAITING AND JUST DO THIS TRICK! (Beginner Friendly)  - Last Day on Earth: Survival,"May 7, 2024, 7:45:22 PM PST",Tutorial,,POSITIVE,0.988666296005249,guide,information,"casual,informative,funny",0.45696762204170227
22300,got a little scared | bloodeh on #Twitch,"May 4, 2024, 8:08:12 AM PST",Technology,,NEGATIVE,0.9815370440483093,reaction,storytelling,"dramatic,personal,serious,informative",0.37879350781440735
21473,Bhool Bhulaiyaa 2 Title Track,"May 11, 2024, 3:35:29 PM PST",Music,Official Music Video,POSITIVE,0.987079381942749,unknown,unknown,,0.9927187561988831
21885,Neil deGrasse Tyson & Matt O’Dowd Discuss Their Favorite Scientific Discoveries,"May 7, 2024, 6:06:20 PM PST",Podcast,,POSITIVE,0.9992662072181702,review,information,"informative,professional,serious,dramatic,funny",0.9740519523620605
22301,He wasn't even looking at his own champion 😭,"May 4, 2024, 8:07:53 AM PST",Sports,,NEGATIVE,0.9994596838951111,reaction,comedy,"funny,personal,casual,dramatic,informative",0.7556747198104858
21474,"Dilbar (From ""Satyameva Jayate"")","May 11, 2024, 3:35:24 PM PST",Comedy,,POSITIVE,0.9519280791282654,commentary,storytelling,"dramatic,informative,funny,serious",0.5384429693222046
22302,So much happening in less than 15 seconds 😅 #shorts #momoftwo,"May 4, 2024, 8:07:31 AM PST",Shorts,,NEGATIVE,0.9900903701782227,reaction,entertainment,"dramatic,funny,informative",0.9725841283798218
21886,EVERYTHING YOU NEED TO KNOW ABOUT LDoE MODS! (Updated) - Last Day on Earth: Survival,"May 7, 2024, 4:47:14 PM PST",Technology,,POSITIVE,0.9786190390586853,news,information,"informative,serious,dramatic,professional",0.6976289749145508
21475,Manike,"May 11, 2024, 3:33:45 PM PST",Music,Live Performance,NEGATIVE,0.9951673746109009,unknown,unknown,,0.6553270220756531
22303,Bro escape the matrix💀,"May 4, 2024, 8:07:08 AM PST",Gaming,Stream Highlights,POSITIVE,0.53717440366745,reaction,entertainment,"dramatic,funny,informative,serious,casual",0.21825459599494934
21887,Japanese vs. American Women,"May 7, 2024, 4:45:59 PM PST",Entertainment,,NEGATIVE,0.8010575175285339,guide,information,"informative,dramatic,serious,personal,funny",0.1750500500202179
21476,"Jhoome Jo Pathaan (From ""Pathaan"")","May 11, 2024, 3:30:17 PM PST",Comedy,,NEGATIVE,0.7407270669937134,guide,information,"informative,dramatic,funny,serious,professional,casual,personal",0.38777145743370056
22304,THE MOMENT THAT | EVERY PILOT HAS WAITED FOR #airlines #pilot #flying,"May 4, 2024, 8:06:51 AM PST",News,,NEGATIVE,0.9833471179008484,guide,information,"informative,professional,dramatic,serious,funny",0.07868495583534241
21477,Ve Haaniyaan,"May 11, 2024, 3:29:42 PM PST",Comedy,,POSITIVE,0.9583518505096436,reaction,comedy,"dramatic,funny,informative,serious,personal,professional,casual",0.4851796627044678
22305,Shroud & ShahZaM in the CSGO Days...,"May 4, 2024, 8:05:53 AM PST",Gaming,Esports,NEGATIVE,0.9635077714920044,gameplay,information,"informative,funny,dramatic,serious,professional",0.9809285402297974
21478,Do We Have Free Will? with Robert Sapolsky & Neil deGrasse Tyson,"May 11, 2024, 12:44:31 PM PST",Podcast,,POSITIVE,0.9933151602745056,review,analysis,"informative,serious,professional,dramatic",0.8773730397224426
21888,Dr. Terror - 6 Segundos | Last Day on Earth: Survival #lastdayonearth #ldoe #gaming,"May 7, 2024, 4:45:26 PM PST",Gaming,Gameplay,NEGATIVE,0.9538969397544861,gameplay,information,"dramatic,informative,funny",0.393400639295578
22306,Become Ungovernable #6284,"May 4, 2024, 8:05:36 AM PST",Technology,,NEGATIVE,0.9980717301368713,guide,information,"serious,dramatic,informative",0.30622345209121704
21479,StarTalk Podcast: Neil deGrasse Tyson Answers Your Deadliest Cosmic Queries,"May 11, 2024, 10:23:19 AM PST",Podcast,,NEGATIVE,0.9156039953231812,guide,entertainment,"informative,professional,dramatic,serious",0.9860929846763611
21889,Avril Lavigne Through The Years ✨ #shorts #avrillavigne,"May 7, 2024, 4:44:52 PM PST",Shorts,,POSITIVE,0.8872337341308594,guide,information,"casual,informative,funny,dramatic",0.9912667274475098
21480,Porter Robinson & Madeon - Shelter (Flyboy Remix),"May 11, 2024, 10:23:15 AM PST",Music,Music Mix,NEGATIVE,0.7345139384269714,unknown,unknown,,0.9973944425582886
21890,"Must Watch Live Mock Interview for Aspiring Azure Data Engineers | Azure Data Pipeline, PySpark, SQL","May 7, 2024, 4:00:02 PM PST",Technology,,NEGATIVE,0.995996356010437,guide,entertainment,"informative,serious,professional,dramatic,funny",0.8712744116783142
22307,Name a Harry Potter Blooper You’re Obsessed With #harrypotter #luciusmalfoy #jasonisaacs,"May 4, 2024, 8:05:01 AM PST",Entertainment,,NEGATIVE,0.993985116481781,guide,information,"personal,informative,funny,dramatic,serious",0.15197472274303436
21891,Cream of The Universe Soup with Neil deGrasse Tyson | Cosmic Queries,"May 7, 2024, 3:05:50 PM PST",Podcast,,POSITIVE,0.8948810696601868,reaction,information,"informative,funny,professional",0.9403886795043945
22308,My students are the best 🥲💀,"May 4, 2024, 8:04:44 AM PST",Education,Educational Series,POSITIVE,0.9998440742492676,reaction,education,"informative,funny,dramatic,professional,serious,personal",0.7783049941062927
21481,ROSA WALTON & HALLIE COGGINS - I REALLY WANT TO STAY AT YOUR HOUSE (LYRIC) AMV CYBERPUNK EDGERUNNERS,"May 11, 2024, 10:11:49 AM PST",Music,Lyric Video,POSITIVE,0.9969208240509033,unknown,unknown,,0.8867806196212769
22309,Bro needed two-step verification to confirm,"May 4, 2024, 8:04:33 AM PST",Technology,,NEGATIVE,0.9948676824569702,news,information,"informative,serious,dramatic,personal,professional,funny",0.6466487050056458
21482,Porter Robinson - Cheerleader (Official Music Video),"May 11, 2024, 10:04:13 AM PST",Entertainment,,POSITIVE,0.9944370985031128,reaction,entertainment,"professional,informative,funny,dramatic",0.980226457118988
21892,Dard Bhari Ghazals | Jagjit Singh Ghazal | Tum Itna Jo Muskura Rahe Ho | Superhit Ghazals,"May 7, 2024, 1:25:09 PM PST",Music,Music Mix,NEGATIVE,0.7209946513175964,unknown,unknown,,0.9919436573982239
22310,poor jhb...,"May 4, 2024, 8:04:19 AM PST",Podcast,,NEGATIVE,0.9997890591621399,commentary,information,"personal,dramatic,serious",0.3375004231929779
21893,Pehla Pyaar,"May 7, 2024, 1:14:21 PM PST",Comedy,,POSITIVE,0.9743648171424866,reaction,storytelling,"dramatic,funny,informative,serious,casual,personal,professional",0.7820223569869995
21483,https://www.youtube.com/watch?v=YMIW_7EkrpI,"May 11, 2024, 10:02:13 AM PST",Entertainment,,NEGATIVE,0.9612178802490234,reaction,information,"informative,funny,dramatic,serious,professional,casual",0.7509011626243591
22311,Having a Girlfriend in Fallout… #gaming #fallout,"May 4, 2024, 8:03:42 AM PST",Gaming,Gameplay,NEGATIVE,0.9115487933158875,gameplay,entertainment,"funny,informative,dramatic,personal,casual",0.9388773441314697
21894,"Janiye (from the Netflix Film ""Chor Nikal Ke Bhaga"")","Janiye (from the Netflix Film ""Chor Nikal Ke Bhaga"")",Comedy,,NEGATIVE,0.9399725198745728,reaction,storytelling,"dramatic,funny,informative,serious",0.8576694130897522
21484,Guard reacts with kindness ❤️,"May 11, 2024, 10:01:24 AM PST",Reviews,,POSITIVE,0.9994798302650452,reaction,information,"informative,professional,personal,funny",0.2862720191478729
22312,Laaree Chootee,"May 4, 2024, 7:31:16 AM PST",Music,Official Music Video,NEGATIVE,0.9852235317230225,unknown,unknown,,0.9618505239486694
21895,Hua Main,"May 7, 2024, 1:06:01 PM PST",Entertainment,,POSITIVE,0.817528486251831,reaction,information,"dramatic,informative,serious,professional,funny,personal",0.4952753484249115
21485,Anything voice activated is DANGEROUS for people with Tourette's #shorts,"May 11, 2024, 10:01:02 AM PST",Shorts,,NEGATIVE,0.9978173971176147,news,information,"serious,informative,dramatic,personal",0.729642927646637
22313,Khalasi | Coke Studio Bharat,"May 4, 2024, 7:26:57 AM PST",Entertainment,,NEGATIVE,0.9703730344772339,reaction,entertainment,"professional,informative,dramatic,funny,serious,casual",0.9193496108055115
21896,Haawa Haawa,"May 7, 2024, 1:05:59 PM PST",Entertainment,,NEGATIVE,0.8323007822036743,reaction,comedy,"dramatic,funny,informative,serious,personal,casual,professional",0.6943739652633667
21486,I will find you!!!😁@OliviaRodrigo not my edit!,"May 11, 2024, 10:00:55 AM PST",Technology,,NEGATIVE,0.7439764738082886,reaction,information,"serious,dramatic,personal,funny,casual",0.29157957434654236
22314,Tum Tak,"May 4, 2024, 7:26:41 AM PST",Music,Official Music Video,POSITIVE,0.9107665419578552,unknown,unknown,,0.5015527009963989
21897,Kitni Haseen Zindagi,"May 7, 2024, 1:05:40 PM PST",Entertainment,,POSITIVE,0.9538336992263794,reaction,information,"informative,dramatic,serious,funny,professional,personal,casual",0.35023120045661926
21487,Hey just wanted to win an argument 😅 #funnyvideo #comedy #funny,"May 11, 2024, 10:00:13 AM PST",Comedy,,NEGATIVE,0.6981284022331238,commentary,comedy,"funny,dramatic",0.9881678819656372
22315,"Jaikal Mahakal (From ""Goodbye"")","May 4, 2024, 6:56:42 AM PST",Music,Cover Song,NEGATIVE,0.8515645861625671,unknown,unknown,,0.8507702350616455
21898,Sher Khul Gaye,"May 7, 2024, 1:02:40 PM PST",Comedy,,POSITIVE,0.9954407215118408,guide,storytelling,"dramatic,serious,informative,professional,personal,funny",0.6621577143669128
22316,SHENDUR LAAL CHADHAYO (AARTI),"May 4, 2024, 6:56:37 AM PST",Technology,,POSITIVE,0.893267035484314,guide,information,"dramatic,serious,professional,informative,funny,personal",0.6476719975471497
21899,Let Her Go X Husn,"May 7, 2024, 12:58:22 PM PST",Entertainment,,POSITIVE,0.9452899694442749,reaction,storytelling,"personal,informative,dramatic,casual,serious,professional,funny",0.6566950678825378
21488,Railway police ….👮‍♂️🤩 unexpected 💖 | oh Mahi #police #reaction #respect #viral,"May 11, 2024, 9:58:35 AM PST",Entertainment,,NEGATIVE,0.888242244720459,reaction,comedy,"dramatic,funny,informative,casual",0.17248262465000153
22317,Shree Siddhivinayak Mantra And Aarti,"May 4, 2024, 6:49:41 AM PST",Music,Music Mix,POSITIVE,0.902162492275238,unknown,unknown,,0.916804850101471
21900,Lutt Putt Gaya,"May 7, 2024, 12:54:39 PM PST",Sports,,NEGATIVE,0.994986891746521,gameplay,information,"informative,dramatic,professional,funny,serious,casual",0.9884828925132751
22318,Saadda Haq,"May 4, 2024, 6:42:22 AM PST",Entertainment,,NEGATIVE,0.7076566219329834,commentary,information,"dramatic,informative,serious,funny,professional,personal,casual",0.6843666434288025
21901,NAZREIN MILAANA NAZREIN CHURAANA,"May 7, 2024, 12:50:45 PM PST",Music,Official Music Video,NEGATIVE,0.977161169052124,unknown,unknown,,0.5493083596229553
21489,Nhân Viên Bá Đạo Nhất Trung Hoa #shorts,"May 11, 2024, 9:57:49 AM PST",Shorts,,NEGATIVE,0.992013156414032,reaction,storytelling,"casual,funny,informative",0.9978917837142944
22319,Teri Baaton Mein Aisa Uljha Jiya Title Song,"May 4, 2024, 6:39:48 AM PST",Music,Official Music Video,NEGATIVE,0.5836771130561829,unknown,unknown,,0.9906041622161865
21902,Tum Se,"May 7, 2024, 12:08:28 PM PST",Entertainment,,NEGATIVE,0.9600706696510315,reaction,information,"dramatic,informative,serious,funny,casual,personal,professional",0.4372269809246063
21490,Listen The First Time.,"May 11, 2024, 9:57:33 AM PST",Tutorial,,POSITIVE,0.9983263611793518,tutorial,information,"serious,informative,personal,dramatic,casual,professional,funny",0.9650458693504333
22320,Tere Pyaar Mein,"May 4, 2024, 6:35:23 AM PST",Comedy,,POSITIVE,0.603184700012207,reaction,storytelling,"casual,informative,funny,dramatic,personal,serious",0.8269091844558716
21903,ILAHI,"May 7, 2024, 12:06:42 PM PST",Entertainment,,POSITIVE,0.9892643094062805,reaction,information,"dramatic,serious,personal,informative,professional,funny,casual",0.37830689549446106
22321,Pashmina,"May 4, 2024, 6:30:39 AM PST",Entertainment,,POSITIVE,0.6201330423355103,reaction,information,"dramatic,informative,personal,casual,serious,funny,professional",0.3312925100326538
21904,Pasoori,"May 7, 2024, 9:59:34 AM PST",Entertainment,,NEGATIVE,0.8803595304489136,reaction,information,"informative,dramatic,serious,funny,professional,casual,personal",0.43543756008148193
21491,chamber 200iq lmao Komik ㅋㅋㅋㅋ 面白い kekw #valorant #valorantclips #valorantfunny,"May 11, 2024, 9:57:31 AM PST",Comedy,,NEGATIVE,0.9923158884048462,reaction,comedy,"funny,dramatic,informative",0.9831104874610901
22322,Tum Ho,"May 4, 2024, 6:25:11 AM PST",Comedy,,NEGATIVE,0.9527187943458557,reaction,information,"dramatic,funny,informative,serious,casual,personal,professional",0.7589080929756165
21905,Jaane Kyun,"May 7, 2024, 9:54:56 AM PST",Entertainment,,POSITIVE,0.9955679774284363,reaction,information,"professional,informative,dramatic,personal,serious,funny,casual",0.8205340504646301
21492,Felix and Marzia Being Kids,Felix and Marzia Being Kids,Entertainment,,POSITIVE,0.9963118433952332,guide,entertainment,"casual,funny,informative",0.5828796029090881
22323,Laembadgini,"May 4, 2024, 6:22:05 AM PST",Entertainment,,NEGATIVE,0.9898625612258911,reaction,information,"dramatic,informative,serious,professional,funny,personal",0.40905293822288513
21906,Junoon,Junoon,Entertainment,,POSITIVE,0.9993602633476257,reaction,information,"casual,dramatic,funny,informative,serious,professional,personal",0.5644519329071045
21493,https://www.youtube.com/watch?v=6ftYZPxm9Q4,"May 11, 2024, 9:55:46 AM PST",Entertainment,,NEGATIVE,0.9476004242897034,reaction,information,"informative,funny,dramatic,serious,professional,casual",0.752586841583252
22324,O Maahi,"May 4, 2024, 6:18:11 AM PST",Music,Official Music Video,POSITIVE,0.988103449344635,unknown,unknown,,0.5492512583732605
21907,"Ok Jaanu Title Track (From ""OK Jaanu"")","May 7, 2024, 9:22:41 AM PST",Music,Music Mix,POSITIVE,0.6346720457077026,unknown,unknown,,0.9957064390182495
21494,This was so funny 😂,"May 11, 2024, 9:54:16 AM PST",Entertainment,,POSITIVE,0.9993558526039124,reaction,entertainment,"funny,dramatic,casual",0.9871909618377686
22325,Husn,"May 4, 2024, 6:14:33 AM PST",Tutorial,,POSITIVE,0.9368075132369995,reaction,information,"serious,dramatic,personal,informative,funny,professional",0.07255077362060547
21908,Channa Ve,"May 7, 2024, 9:19:09 AM PST",Entertainment,,POSITIVE,0.9793813824653625,reaction,information,"dramatic,informative,serious,funny,casual,professional,personal",0.5463179349899292
21495,Order For Who? 😂,"May 11, 2024, 9:53:37 AM PST",Comedy,,NEGATIVE,0.9970843195915222,commentary,comedy,"funny,dramatic,informative",0.9887946248054504
22326,Jo Bhi Main,"May 4, 2024, 6:09:59 AM PST",Comedy,,POSITIVE,0.9616501331329346,reaction,storytelling,"dramatic,informative,funny,serious,casual,professional,personal",0.9107761383056641
21496,Porter Robinson - Cheerleader (Official Music Video),"May 10, 2024, 10:03:42 PM PST",Entertainment,,POSITIVE,0.9944370985031128,reaction,entertainment,"professional,informative,funny,dramatic",0.980226457118988
22327,Tere Bina,"May 4, 2024, 6:04:50 AM PST",Entertainment,,POSITIVE,0.6518833041191101,reaction,information,"dramatic,informative,professional,serious,personal,funny,casual",0.545226514339447
21909,Black and White with Sudhir Chaudhary LIVE: Lok Sabha Election Phase 3 Voting Updates | NDA Vs INDIA,"May 7, 2024, 9:01:57 AM PST",Entertainment,,POSITIVE,0.7272971272468567,commentary,information,"informative,dramatic,serious,professional,funny",0.24676677584648132
21497,Superman epic theme _ Marfees Osten,Superman epic theme _ Marfees Osten,Music,Official Music Video,NEGATIVE,0.9876297116279602,unknown,unknown,,0.9211961627006531
22328,Tu Hi Hai,"May 4, 2024, 6:01:30 AM PST",Comedy,,POSITIVE,0.9855557680130005,reaction,information,"dramatic,informative,serious,funny,professional,personal,casual",0.7204976677894592
21910,Phoebe Ryan - Mine (Illenium Remix),"May 7, 2024, 8:46:17 AM PST",Music,Music Mix,NEGATIVE,0.9334700703620911,unknown,unknown,,0.9971413612365723
21498,It's OVER for Wuthering Waves (or is it?),"May 10, 2024, 10:03:13 PM PST",Entertainment,,NEGATIVE,0.9984720349311829,reaction,information,"dramatic,serious,informative,professional",0.12569968402385712
22329,Do You Know,"May 4, 2024, 5:57:57 AM PST",Podcast,,POSITIVE,0.987357497215271,commentary,information,"informative,serious,dramatic,professional,funny",0.3822307288646698
21911,Porter Robinson - Look at the Sky (Official Lyric Video),"May 7, 2024, 8:41:04 AM PST",Music,Lyric Video,POSITIVE,0.9946914315223694,unknown,unknown,,0.9957841038703918
21499,Flat Earthers vs Scientists: Can We Trust Science? | Middle Ground,"May 10, 2024, 10:02:18 PM PST",Podcast,,NEGATIVE,0.9954665899276733,guide,information,"informative,serious,dramatic,funny",0.576596736907959
22330,Tujhe Bhula Diya,"May 4, 2024, 5:53:18 AM PST",Music,Official Music Video,POSITIVE,0.5247901678085327,unknown,unknown,,0.873836100101471
21912,Everything Goes On - Porter Robinson (Official Music Video) | Star Guardian 2022,"May 7, 2024, 8:38:23 AM PST",Music,Official Music Video,POSITIVE,0.9618003368377686,unknown,unknown,,0.9892762303352356
21500,How 2023 Broke Our Climate Models with Neil deGrasse Tyson & Gavin Schmidt,"May 10, 2024, 9:06:28 PM PST",Podcast,,POSITIVE,0.9956613183021545,news,analysis,"dramatic,serious,informative,funny,professional",0.9738898873329163
22331,Maan Meri Jaan,"May 4, 2024, 5:50:03 AM PST",Comedy,,POSITIVE,0.9047510027885437,reaction,comedy,"funny,dramatic,informative,serious,casual,personal,professional",0.8082795143127441
21501,Plage Coquillage First kiss song (Unofficial Instrumental),"May 10, 2024, 9:05:53 PM PST",Music,Behind the Scenes,NEGATIVE,0.8298286199569702,unknown,unknown,,0.9908784031867981
22332,MAAHI VE,"May 4, 2024, 5:19:56 AM PST",Music,Lyric Video,POSITIVE,0.915395975112915,unknown,unknown,,0.9834460616111755
21502,How this math genius solved this problem,"May 10, 2024, 9:05:32 PM PST",Tutorial,,POSITIVE,0.9974521994590759,guide,information,"professional,informative,dramatic,serious,funny",0.2688623070716858
21913,ROSA WALTON & HALLIE COGGINS - I REALLY WANT TO STAY AT YOUR HOUSE (LYRIC) AMV CYBERPUNK EDGERUNNERS,"May 7, 2024, 8:34:14 AM PST",Music,Lyric Video,POSITIVE,0.9969208240509033,unknown,unknown,,0.8867806196212769
22333,"Tere Vaaste (From ""Zara Hatke Zara Bachke"")","May 4, 2024, 5:16:47 AM PST",Music,Cover Song,NEGATIVE,0.9871025681495667,unknown,unknown,,0.8613020777702332
21503,Trying to fight the voices,"May 10, 2024, 9:04:48 PM PST",Podcast,,NEGATIVE,0.9949776530265808,reaction,unknown,"serious,dramatic,informative,funny",0.32681918144226074
21914,Porter Robinson - KNOCK YOURSELF OUT XD (Official Music Video),"May 7, 2024, 8:31:00 AM PST",Music,Official Music Video,NEGATIVE,0.9846895933151245,unknown,unknown,,0.9975538849830627
22334,"Ve Kamleya (From ""Rocky Aur Rani Kii Prem Kahaani"")","May 4, 2024, 5:12:40 AM PST",Music,Cover Song,NEGATIVE,0.9850522875785828,unknown,unknown,,0.785647451877594
21504,Why Emiru Used To Look Older,"May 10, 2024, 9:04:09 PM PST",News,,NEGATIVE,0.9940781593322754,commentary,information,"informative,dramatic,funny,serious,personal",0.38286954164505005
21915,Aaj Na,"May 7, 2024, 8:29:02 AM PST",Comedy,,POSITIVE,0.5144397020339966,reaction,information,"dramatic,informative,funny,serious,casual,personal,professional",0.5406954884529114
22335,Obsessed,"May 4, 2024, 5:12:39 AM PST",Entertainment,,NEGATIVE,0.9962583780288696,reaction,information,"personal,dramatic,serious",0.6765794157981873
21505,RuneScape Soundtrack - Shine,"May 10, 2024, 9:02:53 PM PST",Music,Music Mix,POSITIVE,0.9998261332511902,unknown,unknown,,0.9972593784332275
21916,Porter Robinson - Cheerleader (Official Music Video),"May 7, 2024, 8:26:45 AM PST",Entertainment,,POSITIVE,0.9944370985031128,reaction,entertainment,"professional,informative,funny,dramatic",0.980226457118988
22336,Dil Chahta Hai,"May 4, 2024, 5:12:37 AM PST",Comedy,,POSITIVE,0.9261979460716248,reaction,comedy,"dramatic,informative,funny,casual,serious,professional,personal",0.9609347581863403
21917,Tu Hi Hai,"May 7, 2024, 8:25:42 AM PST",Comedy,,POSITIVE,0.9855557680130005,reaction,information,"dramatic,informative,serious,funny,professional,personal,casual",0.7204976677894592
21506,RuneScape Soundtrack - Dogs of War,"May 10, 2024, 9:01:10 PM PST",Music,Music Mix,POSITIVE,0.9759387373924255,unknown,unknown,,0.997198224067688
22337,Roz Roz,"May 4, 2024, 5:12:37 AM PST",Entertainment,,POSITIVE,0.991841197013855,reaction,information,"dramatic,informative,funny,serious,personal,professional,casual",0.523281991481781
21918,Wo Noor,"May 7, 2024, 8:22:23 AM PST",Comedy,,NEGATIVE,0.9871309399604797,reaction,information,"dramatic,casual,funny,serious,informative,personal,professional",0.5527756810188293
21507,William Shatner Has Questions for Neil deGrasse Tyson,"May 10, 2024, 7:03:06 PM PST",Podcast,,POSITIVE,0.9513377547264099,commentary,information,"serious,informative,funny,dramatic,personal",0.8300365805625916
22338,Excuses,"May 4, 2024, 5:12:35 AM PST",Podcast,,NEGATIVE,0.9994964599609375,commentary,storytelling,"personal,informative,casual,dramatic,funny",0.2599010169506073
21919,Muskurahat,"May 7, 2024, 8:18:04 AM PST",Music,Official Music Video,NEGATIVE,0.9374708533287048,unknown,unknown,,0.9362576603889465
21508,Everything Goes On - Porter Robinson (Official Music Video) | Star Guardian 2022,"May 10, 2024, 6:46:14 PM PST",Music,Official Music Video,POSITIVE,0.9618003368377686,unknown,unknown,,0.9892762303352356
22339,Sauda Khara Khara,"May 4, 2024, 5:12:07 AM PST",Music,Official Music Video,POSITIVE,0.7227662205696106,unknown,unknown,,0.8538393974304199
21920,"Jhoome Jo Pathaan (From ""Pathaan"")","May 7, 2024, 8:14:36 AM PST",Comedy,,NEGATIVE,0.7407270669937134,guide,information,"informative,dramatic,funny,serious,professional,casual,personal",0.38777145743370056
22340,Phir Se Ud Chala,"May 4, 2024, 5:07:38 AM PST",Comedy,,NEGATIVE,0.6933549642562866,reaction,storytelling,"dramatic,informative,serious,funny,casual,personal,professional",0.8816737532615662
21921,Makhna,"May 7, 2024, 8:14:26 AM PST",Music,Official Music Video,NEGATIVE,0.8818078637123108,unknown,unknown,,0.36648210883140564
21509,ROSA WALTON & HALLIE COGGINS - I REALLY WANT TO STAY AT YOUR HOUSE (LYRIC) AMV CYBERPUNK EDGERUNNERS,"May 10, 2024, 6:41:42 PM PST",Music,Lyric Video,POSITIVE,0.9969208240509033,unknown,unknown,,0.8867806196212769
22341,"Khalbali (From ""Rang De Basanti"")","May 4, 2024, 5:01:18 AM PST",Music,Cover Song,NEGATIVE,0.7628974914550781,unknown,unknown,,0.5823412537574768
21922,Liggi,"May 7, 2024, 8:11:24 AM PST",Entertainment,,POSITIVE,0.6999629735946655,reaction,information,"dramatic,serious,informative,professional,funny,personal,casual",0.5922907590866089
21510,Porter Robinson - KNOCK YOURSELF OUT XD (Official Music Video),"May 10, 2024, 6:34:06 PM PST",Music,Official Music Video,NEGATIVE,0.9846895933151245,unknown,unknown,,0.9975538849830627
22342,"Kesariya (From ""Brahmastra"")","May 4, 2024, 4:56:50 AM PST",Music,Official Music Video,POSITIVE,0.7324939966201782,unknown,unknown,,0.3402031660079956
21923,Teri Baaton Mein Aisa Uljha Jiya Title Song,"May 7, 2024, 8:08:51 AM PST",Music,Official Music Video,NEGATIVE,0.5836771130561829,unknown,unknown,,0.9906041622161865
22343,Akkara Kazhchakal  Ep 20,"May 3, 2024, 11:33:45 PM PST",Podcast,,POSITIVE,0.9667792320251465,review,storytelling,"dramatic,informative,serious,funny,professional,personal",0.9917338490486145
21924,Jashn-E-Bahaaraa,"May 7, 2024, 8:03:37 AM PST",Tutorial,,NEGATIVE,0.9311102628707886,guide,information,"informative,serious,dramatic",0.035658907145261765
22344,Episode 50 - George buys a new car | Akkara Kazchakal,"May 3, 2024, 11:32:57 PM PST",Podcast,,POSITIVE,0.6686353087425232,news,information,"informative,dramatic,personal,serious,funny,professional",0.9912967681884766
21511,Cuando sobra el C4 | ISLA MUERTA | Last Day on Earth: Survival #lastdayonearth #ldoe #gaming,"May 10, 2024, 6:33:34 PM PST",Gaming,Gameplay,NEGATIVE,0.9502928853034973,gameplay,information,"dramatic,informative,funny",0.9061780571937561
21925,Train Song,"May 7, 2024, 7:59:38 AM PST",Music,Official Music Video,POSITIVE,0.9819024801254272,unknown,unknown,,0.9790124297142029
22345,"You have a house, but no insurance?","May 3, 2024, 11:31:26 PM PST",News,,NEGATIVE,0.9935629367828369,news,information,"serious,informative,funny,dramatic,personal",0.15508611500263214
21512,The Greatest Gaming PC Deal of All Time,"May 10, 2024, 6:32:51 PM PST",Gaming,Review,POSITIVE,0.9998486042022705,news,information,"informative,dramatic,serious,professional",0.9864360690116882
21926,Tujhe Bhula Diya,"May 7, 2024, 7:59:37 AM PST",Music,Official Music Video,POSITIVE,0.5247901678085327,unknown,unknown,,0.873836100101471
22346,Benz Car,"May 3, 2024, 11:29:31 PM PST",Reviews,,POSITIVE,0.9856394529342651,guide,information,"informative,professional,serious,dramatic,casual,funny",0.40813592076301575
21513,I’m basically Spider-Man,"May 10, 2024, 6:32:38 PM PST",Tutorial,,POSITIVE,0.9649221897125244,news,information,"informative,dramatic,funny,personal,serious",0.004690385423600674
21927,"Ya Ali (From ""Gangster"")","May 7, 2024, 7:59:27 AM PST",Gaming,Stream Highlights,NEGATIVE,0.8554611802101135,reaction,information,"dramatic,informative,serious,funny",0.0054862103424966335
22347,Space Bound,"May 3, 2024, 11:05:56 PM PST",Technology,,POSITIVE,0.9987913966178894,news,information,"dramatic,serious,informative,funny",0.25080573558807373
21514,"“If I Don’t Pass, I’m Gonna Fail!”","May 10, 2024, 6:32:25 PM PST",Education,Course Material,NEGATIVE,0.9991279244422913,commentary,information,"serious,dramatic,personal,informative,funny,professional",0.244479700922966
21928,"Naina (From ""Crew"")","May 7, 2024, 7:30:49 AM PST",Comedy,,POSITIVE,0.9692043662071228,reaction,information,"informative,dramatic,professional,funny,serious",0.08875665813684464
22348,Said The Sky & good problem - Till I Met You [Official Lyric Video],"May 3, 2024, 8:31:47 PM PST",Music,Lyric Video,POSITIVE,0.9987596273422241,unknown,unknown,,0.9877968430519104
21515,I Tricked Her and Took Her Sushi 😂😂 #Shorts,"May 10, 2024, 6:32:22 PM PST",Comedy,,NEGATIVE,0.9979857206344604,reaction,comedy,"funny,dramatic,personal,informative,casual",0.9968773722648621
21929,Jehda Nasha,"May 7, 2024, 7:27:07 AM PST",Entertainment,,NEGATIVE,0.9257608652114868,guide,information,"informative,dramatic,serious,funny,professional,casual",0.4066082537174225
22349,2WORLDS // Madge x VALORANT - Official Audio,"May 3, 2024, 8:29:17 PM PST",Music,Music Mix,NEGATIVE,0.5481861233711243,unknown,unknown,,0.8979395031929016
21516,"""This game isn't even hard fam"" said no one🤣🤣🤣","May 10, 2024, 6:31:20 PM PST",Gaming,Gameplay,NEGATIVE,0.988206684589386,reaction,comedy,"funny,casual,professional,informative",0.9574357867240906
21930,Tum Ho,"May 7, 2024, 7:21:51 AM PST",Comedy,,NEGATIVE,0.9527187943458557,reaction,information,"dramatic,funny,informative,serious,casual,personal,professional",0.7589080929756165
22350,Porter Robinson - Look at the Sky (Official Lyric Video),"May 3, 2024, 8:24:04 PM PST",Music,Lyric Video,POSITIVE,0.9946914315223694,unknown,unknown,,0.9957841038703918
21517,I made us lunch #shorts | Nicky and Pierre #NiPi,"May 10, 2024, 6:30:46 PM PST",Shorts,,NEGATIVE,0.8728000521659851,reaction,storytelling,"casual,informative,funny,professional,personal,dramatic",0.9937529563903809
21931,PARDESI,"May 7, 2024, 7:21:41 AM PST",Podcast,,POSITIVE,0.6100797057151794,reaction,information,"serious,dramatic,informative,professional,personal,funny",0.5163671374320984
21518,Gym date gone wrong😔,"May 10, 2024, 6:30:23 PM PST",Sports,,NEGATIVE,0.9910656809806824,reaction,information,"dramatic,serious,informative",0.7330228686332703
22351,OneRepublic - Nobody (from Kaiju No. 8) [Official Lyric Video],"May 3, 2024, 8:21:30 PM PST",Music,Lyric Video,NEGATIVE,0.9996235370635986,unknown,unknown,,0.9979390501976013
21932,Breathless [album - Breathless '98],"May 7, 2024, 7:13:34 AM PST",Music,Music Review,POSITIVE,0.9993963241577148,unknown,unknown,,0.9912861585617065
21519,W setup. 😅😳 (via @jellyhouse/ig) #shorts,"May 10, 2024, 6:30:04 PM PST",Shorts,,NEGATIVE,0.9978505373001099,commentary,comedy,"funny,dramatic,informative,casual",0.9784388542175293
22352,Madeon - Pay No Mind ft. Passion Pit,"May 3, 2024, 8:17:42 PM PST",Music,Official Music Video,NEGATIVE,0.9963386058807373,unknown,unknown,,0.998786985874176
21933,Satranga,"May 7, 2024, 7:09:03 AM PST",Entertainment,,NEGATIVE,0.8559064269065857,guide,information,"dramatic,serious,informative,professional,personal,funny",0.3703731894493103
21520,Helldivers 2 experience 😅 #helldivers2 #helldivers #playstation #gaming,"May 10, 2024, 6:29:59 PM PST",Entertainment,,POSITIVE,0.6824086308479309,gameplay,entertainment,"funny,dramatic,informative",0.9939597845077515
22353,Lionhearted (Arty Remix),"May 3, 2024, 8:12:24 PM PST",Music,Music Mix,POSITIVE,0.9938831329345703,unknown,unknown,,0.946456789970398
21934,Nadaan Parinde,"May 7, 2024, 6:59:46 AM PST",Entertainment,,POSITIVE,0.9493699073791504,guide,information,"informative,personal,professional,dramatic,serious,funny,casual",0.5034443140029907
21521,It’s About To Go Down😈,"May 10, 2024, 6:29:58 PM PST",News,,POSITIVE,0.9945287108421326,news,storytelling,"serious,dramatic,funny,informative,personal",0.9723119139671326
21935,I Feel Good,"May 7, 2024, 6:54:28 AM PST",Entertainment,,POSITIVE,0.9998502731323242,reaction,information,"personal,informative,casual,dramatic,professional,funny",0.4980817437171936
22354,Porter Robinson - Something Comforting (Official Music Video),"May 3, 2024, 8:07:54 PM PST",Music,Official Music Video,POSITIVE,0.9994329810142517,unknown,unknown,,0.99343341588974
21522,I’m Finally Free From My Mom!🤣,"May 10, 2024, 6:29:42 PM PST",News,,POSITIVE,0.999207079410553,news,information,"personal,dramatic,funny,informative,serious",0.4462163746356964
21936,Proper Patola,"May 7, 2024, 6:51:30 AM PST",Music,Behind the Scenes,POSITIVE,0.9831544160842896,unknown,unknown,,0.46078377962112427
22355,"Digital Farm Animals, Shaun Frank, Dragonette - Tokyo Nights (Lyric Video)","May 3, 2024, 8:03:49 PM PST",Entertainment,,POSITIVE,0.8609606027603149,review,entertainment,"informative,funny,dramatic",0.9705501794815063
21523,Server vs line cook,"May 10, 2024, 6:29:26 PM PST",Technology,,NEGATIVE,0.8971690535545349,reaction,information,"serious,dramatic,informative,professional,funny",0.4118824303150177
21937,"Apna Bana Le (From ""Bhediya"")","May 7, 2024, 6:47:08 AM PST",Comedy,,NEGATIVE,0.9769564270973206,reaction,storytelling,"funny,dramatic,informative,serious,casual",0.5790274739265442
22356,Phoebe Ryan - Mine (Illenium Remix),"May 3, 2024, 7:59:38 PM PST",Music,Music Mix,NEGATIVE,0.9334700703620911,unknown,unknown,,0.9971413612365723
21524,PETER GRIFFIN OUTPLAYING HADES,"May 10, 2024, 6:29:07 PM PST",Entertainment,,POSITIVE,0.9636995792388916,gameplay,entertainment,"dramatic,funny,informative,personal,professional",0.9811825156211853
21938,Jo Bhi Main,"May 7, 2024, 6:42:14 AM PST",Comedy,,POSITIVE,0.9616501331329346,reaction,storytelling,"dramatic,informative,funny,serious,casual,professional,personal",0.9107761383056641
22357,Everything Goes On - Porter Robinson (Official Music Video) | Star Guardian 2022,"May 3, 2024, 7:56:58 PM PST",Music,Official Music Video,POSITIVE,0.9618003368377686,unknown,unknown,,0.9892762303352356
21525,love never fails,"May 10, 2024, 6:28:56 PM PST",Podcast,,POSITIVE,0.9997939467430115,guide,unknown,"informative,personal",0.28097349405288696
21939,Rock Tha Party,"May 7, 2024, 6:38:56 AM PST",Entertainment,,POSITIVE,0.635783851146698,gameplay,entertainment,"dramatic,informative,funny",0.9954111576080322
22358,Porter Robinson & Madeon - Shelter (Flyboy Remix),"May 3, 2024, 7:53:17 PM PST",Music,Music Mix,NEGATIVE,0.7345139384269714,unknown,unknown,,0.9973944425582886
21940,Kinni Kinni,"May 7, 2024, 6:35:23 AM PST",Music,Official Music Video,POSITIVE,0.9676905870437622,unknown,unknown,,0.48102134466171265
22359,"VØJ, Narvent - Memory Reboot (4K Music Video)","May 3, 2024, 7:49:20 PM PST",Music,Official Music Video,NEGATIVE,0.9937934875488281,unknown,unknown,,0.9975586533546448
21526,청나라 아빠와 아들의 실력. 누가 강자인가? #청나라 #부전자전,"May 10, 2024, 6:28:44 PM PST",Entertainment,,NEGATIVE,0.516887903213501,reaction,information,"informative,funny,serious,dramatic,personal,casual,professional",0.6948186159133911
21941,Aaj Tak LIVE TV: JPC report on Waqf Bill | Delhi CM News | PM Modi US Visit | Parliament |Hindi News,"May 7, 2024, 6:30:08 AM PST",News,,NEGATIVE,0.9799137115478516,news,information,"informative,serious,dramatic,professional,funny,casual",0.9170629978179932
21527,🥹❤️ #icarly #jerrytrainor #jennettemccurdy #mirandacosgrove #nickelodeon #conspiracy #fyp #fypage,"May 10, 2024, 6:28:10 PM PST",Entertainment,,NEGATIVE,0.9916708469390869,reaction,entertainment,"funny,dramatic,informative",0.711249053478241
22360,ROSA WALTON & HALLIE COGGINS - I REALLY WANT TO STAY AT YOUR HOUSE (LYRIC) AMV CYBERPUNK EDGERUNNERS,"May 3, 2024, 7:45:11 PM PST",Music,Lyric Video,POSITIVE,0.9969208240509033,unknown,unknown,,0.8867806196212769
21528,Hahahahaha,"May 10, 2024, 6:27:59 PM PST",Comedy,,NEGATIVE,0.5392101407051086,reaction,comedy,"funny,dramatic,personal,informative,casual",0.9920566082000732
21942,Lok Sabha Election 2024 Phase 3 Voting Live: अब तक की 100 बड़ी खबरें | 2024 Election | Voting |,"May 7, 2024, 6:19:45 AM PST",Shorts,,NEGATIVE,0.6415783166885376,guide,information,"informative,dramatic,serious",0.11564084142446518
22361,Porter Robinson - KNOCK YOURSELF OUT XD (Official Music Video),"May 3, 2024, 7:41:58 PM PST",Music,Official Music Video,NEGATIVE,0.9846895933151245,unknown,unknown,,0.9975538849830627
21529,I should’ve known he was going to do that😀 #couple,"May 10, 2024, 6:27:49 PM PST",Comedy,,NEGATIVE,0.9792097806930542,guide,information,"informative,funny,dramatic,personal,serious",0.8532472252845764
21943,Tere Pyaar Mein,"May 7, 2024, 6:08:17 AM PST",Comedy,,POSITIVE,0.603184700012207,reaction,storytelling,"casual,informative,funny,dramatic,personal,serious",0.8269091844558716
22362,Porter Robinson - Cheerleader (Official Music Video),"May 3, 2024, 7:37:44 PM PST",Entertainment,,POSITIVE,0.9944370985031128,reaction,entertainment,"professional,informative,funny,dramatic",0.980226457118988
21530,https://www.youtube.com/watch?v=fsiBc1lAYAs,"May 10, 2024, 6:27:30 PM PST",Entertainment,,NEGATIVE,0.9522472620010376,reaction,information,"informative,funny,dramatic,serious,professional,casual",0.7415428757667542
21944,Tere Bina,"May 7, 2024, 6:03:08 AM PST",Entertainment,,POSITIVE,0.6518833041191101,reaction,information,"dramatic,informative,professional,serious,personal,funny,casual",0.545226514339447
22363,Zedd - I Want You To Know ft. Selena Gomez,"May 3, 2024, 6:58:08 PM PST",Music,Music Mix,POSITIVE,0.9985670447349548,unknown,unknown,,0.9983011484146118
21531,Cops Pranks People Kids winning Race,"May 10, 2024, 6:27:08 PM PST",Comedy,,NEGATIVE,0.9914450645446777,reaction,comedy,"funny,dramatic,informative",0.9406648278236389
21945,Husn,"May 7, 2024, 5:59:30 AM PST",Tutorial,,POSITIVE,0.9368075132369995,reaction,information,"serious,dramatic,personal,informative,funny,professional",0.07255077362060547
22364,Porter Robinson - Flicker (Official Video),"May 3, 2024, 6:54:32 PM PST",Music,Official Music Video,NEGATIVE,0.5542422533035278,unknown,unknown,,0.9935229420661926
21532,Italian windows,"May 10, 2024, 6:26:30 PM PST",Entertainment,,POSITIVE,0.9835701584815979,guide,information,"dramatic,informative,professional,serious,personal,casual,funny",0.3043738603591919
21946,DILLI - 6,"May 7, 2024, 5:51:26 AM PST",Technology,,POSITIVE,0.9978547692298889,guide,information,"dramatic,informative,serious,professional,funny,personal,casual",0.5063942670822144
22365,Owl City - Up All Night (Official Visualizer),"May 3, 2024, 6:50:44 PM PST",Entertainment,,NEGATIVE,0.7935420274734497,reaction,entertainment,"dramatic,informative,funny,professional,serious",0.9789023399353027
21947,MASAKALI,"May 7, 2024, 5:46:37 AM PST",Music,Official Music Video,POSITIVE,0.9876869320869446,unknown,unknown,,0.7073585391044617
21533,How to blur out your home on Google Maps #homesecurity #cybersecurity #googlemaps,"May 10, 2024, 6:26:28 PM PST",Tutorial,,NEGATIVE,0.9992340803146362,guide,information,"informative,serious,professional,dramatic,personal",0.7105154395103455
22366,Krewella - Alive (Video),"May 3, 2024, 6:48:11 PM PST",Music,Official Music Video,POSITIVE,0.9947267174720764,unknown,unknown,,0.995997428894043
21948,BIBA,Marshmello - Topic,Entertainment,,NEGATIVE,0.6800860166549683,reaction,information,"dramatic,serious,informative,funny,personal,professional",0.5513535141944885
21534,UNUSUAL ROLLER COASTER OF EMOTIONS,"May 10, 2024, 6:26:17 PM PST",Entertainment,,POSITIVE,0.9907177090644836,reaction,storytelling,"dramatic,casual,informative,funny",0.46851974725723267
22367,Numb (Official Music Video) [4K UPGRADE] – Linkin Park,"May 3, 2024, 6:45:02 PM PST",Music,Official Music Video,NEGATIVE,0.9982829093933105,unknown,unknown,,0.9972855448722839
21949,Laembadgini,"May 7, 2024, 5:41:37 AM PST",Entertainment,,NEGATIVE,0.9898625612258911,reaction,information,"dramatic,informative,serious,professional,funny,personal",0.40905293822288513
21535,Best school hack 🤝🤩 #school #test #exam,"May 10, 2024, 6:26:04 PM PST",Education,How-to Guide,NEGATIVE,0.813406229019165,news,education,"funny,informative,dramatic",0.8065702319145203
22368,WRLD & Keepsake - Wishful Thinking (2018) [Monstercat Release],"May 3, 2024, 6:41:36 PM PST",Music,Official Music Video,NEGATIVE,0.9828451871871948,unknown,unknown,,0.9619703888893127
21536,Triple Rankup to Radiant 🌟,"May 10, 2024, 6:25:48 PM PST",Technology,,POSITIVE,0.9998220801353455,news,information,"dramatic,informative,serious,funny,professional",0.5060328245162964
22369,Zedd - Beautiful Now ft. Jon Bellion (Official Music Video),"May 3, 2024, 6:37:22 PM PST",Music,Official Music Video,POSITIVE,0.9989094734191895,unknown,unknown,,0.9950979351997375
21950,Remembering Lata Didi On Her 1st Death Anniversary | Non-Stop Evergreen Hindi Songs | All Time Best,"May 7, 2024, 5:07:11 AM PST",Music,Music Mix,POSITIVE,0.9996676445007324,unknown,unknown,,0.990478515625
21537,1950s Water Sprinkler Still Works! #1950s #builttough #builttolast #olddays #vintage,"May 10, 2024, 6:25:30 PM PST",Reviews,,POSITIVE,0.982720136642456,commentary,information,"informative,funny,dramatic,serious",0.21736913919448853
22370,Porter Robinson - Musician (Together Live 2022: perfect version),"May 3, 2024, 6:28:58 PM PST",Music,Live Performance,POSITIVE,0.998790442943573,unknown,unknown,,0.9960923194885254
21951,Porter Robinson - Something Comforting (Official Music Video),"May 7, 2024, 12:25:31 AM PST",Music,Official Music Video,POSITIVE,0.9994329810142517,unknown,unknown,,0.99343341588974
22371,Something Comforting,"May 3, 2024, 6:20:01 PM PST",Music,Music Mix,POSITIVE,0.9998342990875244,unknown,unknown,,0.6099086999893188
21952,WRLD & Keepsake - Wishful Thinking (2018) [Monstercat Release],"May 7, 2024, 12:22:05 AM PST",Music,Official Music Video,NEGATIVE,0.9828451871871948,unknown,unknown,,0.9619703888893127
21538,日テレ公式【仮装大賞】透明人間の跳馬 #shorts,"May 10, 2024, 6:25:12 PM PST",Shorts,,NEGATIVE,0.9733105301856995,reaction,information,"casual,informative,funny,dramatic,personal",0.9958187937736511
22372,Backstreet Boys - I Want It That Way (Official HD Video),"May 3, 2024, 6:16:00 PM PST",Music,Official Music Video,POSITIVE,0.9982826709747314,unknown,unknown,,0.9982782602310181
21953,Dwarving around in Crossroads of Mysteries event | Lords of War and Money,"May 6, 2024, 5:55:05 PM PST",Podcast,,POSITIVE,0.7769784331321716,reaction,entertainment,"funny,informative",0.014647332020103931
21539,ever time Caleb isn't around... 😅,"May 10, 2024, 6:25:03 PM PST",Comedy,,NEGATIVE,0.9871500730514526,reaction,comedy,"funny,dramatic,informative,personal",0.7840328216552734
22373,Owl City & Carly Rae Jepsen - Good Time (Official Video),"May 3, 2024, 5:58:36 PM PST",Music,Official Music Video,POSITIVE,0.9996949434280396,unknown,unknown,,0.9966987371444702
21954,Zedd - Beautiful Now ft. Jon Bellion (Official Music Video),"May 6, 2024, 5:50:15 PM PST",Music,Official Music Video,POSITIVE,0.9989094734191895,unknown,unknown,,0.9950979351997375
21540,Who’s the Gayest Challenge,"May 10, 2024, 6:24:36 PM PST",Podcast,,NEGATIVE,0.9830923676490784,commentary,entertainment,"dramatic,informative,serious,funny,personal",0.07702339440584183
22374,Avril Lavigne - Complicated (Official Video),"May 3, 2024, 5:54:18 PM PST",Music,Official Music Video,NEGATIVE,0.9807747006416321,unknown,unknown,,0.9976168274879456
21541,Had to do it again #shorts,"May 10, 2024, 6:23:49 PM PST",Shorts,,NEGATIVE,0.9972532391548157,reaction,entertainment,"funny,casual,informative,personal,dramatic",0.9915928244590759
21955,"Wavedash, Madeon - All Ur Luv (ft. Toro y Moi) Vertical Video","May 6, 2024, 5:47:31 PM PST",Music,Music Mix,NEGATIVE,0.9971907734870911,unknown,unknown,,0.9973741769790649
22375,RuneScape Soundtrack - Clan Wars,"May 3, 2024, 5:46:45 PM PST",Music,Music Mix,POSITIVE,0.9877611398696899,unknown,unknown,,0.9974671602249146
21542,Sound Of Walking Away X Divinity X Shelter (Music Video),"May 10, 2024, 5:53:43 PM PST",Music,Music Mix,NEGATIVE,0.9842373728752136,unknown,unknown,,0.9950057864189148
21956,Porter Robinson - Flicker (Official Video),"May 6, 2024, 5:43:55 PM PST",Music,Official Music Video,NEGATIVE,0.5542422533035278,unknown,unknown,,0.9935229420661926
22376,"Kesariya (From ""Brahmastra"")","May 3, 2024, 12:30:33 PM PST",Music,Official Music Video,POSITIVE,0.7324939966201782,unknown,unknown,,0.3402031660079956
21543,One More Light [Official Music Video] - Linkin Park,"May 10, 2024, 5:49:11 PM PST",Music,Official Music Video,POSITIVE,0.9859027862548828,unknown,unknown,,0.997637152671814
21957,Owl City - Fireflies (Said The Sky Remix),"May 6, 2024, 5:38:30 PM PST",Music,Music Mix,POSITIVE,0.7278736233711243,unknown,unknown,,0.9975607991218567
22377,Naina Da Kya Kasoor,"May 3, 2024, 12:27:01 PM PST",Comedy,,POSITIVE,0.7453585267066956,reaction,storytelling,"informative,dramatic,casual,funny,serious,professional,personal",0.8065846562385559
21958,Owl City - Fireflies (Official Music Video),"May 6, 2024, 5:34:36 PM PST",Music,Official Music Video,POSITIVE,0.7217879295349121,unknown,unknown,,0.9976481795310974
21544,CASTLE OF GLASS (Official Music Video) [4K Upgrade] - Linkin Park,"May 10, 2024, 5:44:19 PM PST",Music,Official Music Video,POSITIVE,0.8847189545631409,unknown,unknown,,0.998014509677887
22378,PEHLI BAAR,"May 3, 2024, 12:22:37 PM PST",Comedy,,POSITIVE,0.9223601222038269,reaction,information,"dramatic,professional,serious,informative,personal,funny,casual",0.6480668783187866
21959,Zedd - Clarity ft. Foxes,"May 6, 2024, 5:30:00 PM PST",Music,Live Performance,POSITIVE,0.9983102083206177,unknown,unknown,,0.9971566200256348
21545,Final Masquerade [Official Music Video] - Linkin Park,"May 10, 2024, 5:39:13 PM PST",Music,Official Music Video,NEGATIVE,0.7131345272064209,unknown,unknown,,0.9964568614959717
22379,"Kudmayi (Film Version) (From ""Rocky Aur Rani Kii Prem Kahaani"")","May 3, 2024, 12:22:28 PM PST",Entertainment,,NEGATIVE,0.9842954874038696,reaction,storytelling,"dramatic,informative,funny,serious",0.6566977500915527
21960,Zedd & Jasmine Thompson - Funny (Lyric Video),"May 6, 2024, 5:26:16 PM PST",Comedy,,POSITIVE,0.9995115995407104,reaction,comedy,funny,0.9959787130355835
21546,New Divide (Official Music Video) [4K Upgrade] - Linkin Park,"May 10, 2024, 5:34:43 PM PST",Music,Official Music Video,NEGATIVE,0.9189328551292419,unknown,unknown,,0.9972079396247864
22380,DILLI - 6,"May 3, 2024, 11:57:14 AM PST",Technology,,POSITIVE,0.9978547692298889,guide,information,"dramatic,informative,serious,professional,funny,personal,casual",0.5063942670822144
21961,WRLD & Keepsake - Wishful Thinking (2018) [Monstercat Release],"May 6, 2024, 5:22:49 PM PST",Music,Official Music Video,NEGATIVE,0.9828451871871948,unknown,unknown,,0.9619703888893127
21547,BURN IT DOWN (Official Music Video) [4K Upgrade] - Linkin Park,"May 10, 2024, 5:30:48 PM PST",Music,Official Music Video,NEGATIVE,0.9975073933601379,unknown,unknown,,0.9979191422462463
22381,Nazm Nazm,"May 3, 2024, 11:53:27 AM PST",Music,Official Music Video,NEGATIVE,0.6987879872322083,unknown,unknown,,0.8662074208259583
21962,Porter Robinson - Look at the Sky (Official Lyric Video),"May 6, 2024, 5:17:37 PM PST",Music,Lyric Video,POSITIVE,0.9946914315223694,unknown,unknown,,0.9957841038703918
21548,Waiting For The End (Official Music Video) [4K Upgrade] - Linkin Park,"May 10, 2024, 5:26:42 PM PST",Music,Official Music Video,NEGATIVE,0.9897609353065491,unknown,unknown,,0.9973245859146118
22382,Dil Nu,"May 3, 2024, 11:49:33 AM PST",Comedy,,POSITIVE,0.5036099553108215,reaction,information,"dramatic,serious,informative,casual,funny,professional,personal",0.36898285150527954
21963,Madeon - Beings (Shelter Live Edit),"May 6, 2024, 5:13:28 PM PST",Music,Live Performance,NEGATIVE,0.8896196484565735,unknown,unknown,,0.9980759620666504
21549,Khayaal,"May 10, 2024, 10:18:21 AM PST",Entertainment,,POSITIVE,0.84309983253479,reaction,information,"dramatic,serious,informative,funny,professional,personal",0.28925594687461853
22383,Akhiyaan Gulaab,"May 3, 2024, 11:46:42 AM PST",Comedy,,NEGATIVE,0.8898099064826965,reaction,information,"informative,dramatic,funny,serious,professional,casual,personal",0.6217514276504517
21550,Ve Kamleya - Asees Version,"May 10, 2024, 10:15:21 AM PST",Entertainment,,NEGATIVE,0.9643954634666443,reaction,information,"informative,dramatic,serious,funny,professional",0.35543447732925415
21964,Phoebe Ryan - Mine (Illenium Remix),"May 6, 2024, 5:09:17 PM PST",Music,Music Mix,NEGATIVE,0.9334700703620911,unknown,unknown,,0.9971413612365723
22384,Chor,"May 3, 2024, 11:43:14 AM PST",Music,Concert Recording,NEGATIVE,0.98454350233078,unknown,unknown,,0.9883317351341248
21551,Ve Haaniyaan,"May 10, 2024, 10:11:21 AM PST",Comedy,,POSITIVE,0.9583518505096436,reaction,comedy,"dramatic,funny,informative,serious,personal,professional,casual",0.4851796627044678
21965,Porter Robinson - Something Comforting (Official Music Video),"May 6, 2024, 5:04:47 PM PST",Music,Official Music Video,POSITIVE,0.9994329810142517,unknown,unknown,,0.99343341588974
22385,Nadaan Parinde,"May 3, 2024, 11:36:50 AM PST",Entertainment,,POSITIVE,0.9493699073791504,guide,information,"informative,personal,professional,dramatic,serious,funny,casual",0.5034443140029907
21552,Spider-Man VR WIFE CHEATS #vr #virtualreality #spiderman #gaming,"May 10, 2024, 9:20:39 AM PST",Gaming,Gameplay,NEGATIVE,0.9979484677314758,reaction,entertainment,"dramatic,funny,personal,informative,casual",0.9879028797149658
22386,Heeriye (feat. Arijit Singh),"May 3, 2024, 11:33:35 AM PST",Music,Music Mix,POSITIVE,0.9265515804290771,unknown,unknown,,0.9949590563774109
21553,I like my coconut oily,"May 10, 2024, 9:20:08 AM PST",Reviews,,POSITIVE,0.9988259673118591,reaction,information,"personal,informative,funny,dramatic",0.20893368124961853
22387,Born to Shine,"May 3, 2024, 11:30:01 AM PST",Entertainment,,POSITIVE,0.9998064637184143,news,entertainment,"dramatic,informative,professional,funny,personal,serious",0.9795485734939575
21966,ROSA WALTON & HALLIE COGGINS - I REALLY WANT TO STAY AT YOUR HOUSE (LYRIC) AMV CYBERPUNK EDGERUNNERS,"May 6, 2024, 4:34:08 PM PST",Music,Lyric Video,POSITIVE,0.9969208240509033,unknown,unknown,,0.8867806196212769
22388,Heer Aasmani,"May 3, 2024, 11:26:37 AM PST",Entertainment,,POSITIVE,0.5878885388374329,reaction,information,"dramatic,informative,serious,funny,professional",0.2237914800643921
21967,"Digital Farm Animals, Shaun Frank, Dragonette - Tokyo Nights (Lyric Video)","May 6, 2024, 4:30:03 PM PST",Entertainment,,POSITIVE,0.8609606027603149,review,entertainment,"informative,funny,dramatic",0.9705501794815063
21554,The reason why you got stung by Bee🐝💀 #shorts #funny #viral,"May 10, 2024, 9:19:46 AM PST",Entertainment,,NEGATIVE,0.9921343326568604,reaction,entertainment,"funny,dramatic,informative",0.961821973323822
22389,Rangisari,"May 3, 2024, 11:26:36 AM PST",Entertainment,,POSITIVE,0.9983530044555664,reaction,information,"dramatic,professional,informative,serious,funny,personal",0.5205918550491333
21968,OneRepublic - Nobody (from Kaiju No. 8) [Official Lyric Video],"May 6, 2024, 4:27:29 PM PST",Music,Lyric Video,NEGATIVE,0.9996235370635986,unknown,unknown,,0.9979390501976013
21555,Lets get to 500 subs!!!,"May 10, 2024, 9:19:41 AM PST",Podcast,,NEGATIVE,0.9790228009223938,reaction,information,"informative,serious,dramatic,funny,professional",0.462382048368454
22390,Khalasi | Coke Studio Bharat,"May 3, 2024, 9:37:08 AM PST",Entertainment,,NEGATIVE,0.9703730344772339,reaction,entertainment,"professional,informative,dramatic,funny,serious,casual",0.9193496108055115
21969,Porter Robinson - KNOCK YOURSELF OUT XD (Official Music Video),"May 6, 2024, 4:24:13 PM PST",Music,Official Music Video,NEGATIVE,0.9846895933151245,unknown,unknown,,0.9975538849830627
21556,Saving drunk girl in Japan,"May 10, 2024, 9:19:01 AM PST",News,,POSITIVE,0.735940158367157,reaction,information,"dramatic,informative,funny,serious,professional",0.3700461983680725
22391,"Ishq Mitaye (From ""Amar Singh Chamkila"")","May 3, 2024, 9:32:35 AM PST",Comedy,,NEGATIVE,0.6274942755699158,guide,storytelling,"informative,dramatic,funny,serious,professional",0.644418478012085
21557,Wolf of watermelon street,"May 10, 2024, 9:18:53 AM PST",Entertainment,,NEGATIVE,0.9666987657546997,reaction,entertainment,"dramatic,funny,informative,serious,personal",0.6520537734031677
21970,Everything Goes On - Porter Robinson (Official Music Video) | Star Guardian 2022,"May 6, 2024, 4:21:32 PM PST",Music,Official Music Video,POSITIVE,0.9618003368377686,unknown,unknown,,0.9892762303352356
22392,How the Quantum Computer Revolution Will Change Everything with Michio Kaku & Neil deGrasse Tyson,"May 3, 2024, 9:24:05 AM PST",Podcast,,POSITIVE,0.9990993738174438,news,information,"dramatic,informative,serious,professional",0.9668574929237366
21971,Porter Robinson - Cheerleader (Official Music Video),"May 6, 2024, 4:17:17 PM PST",Entertainment,,POSITIVE,0.9944370985031128,reaction,entertainment,"professional,informative,funny,dramatic",0.980226457118988
21558,Childhood Memories That Will Make You SMILE #nostalgia #nostalgic #childhoodmemories,"May 10, 2024, 9:18:22 AM PST",Shorts,,POSITIVE,0.9996384382247925,reaction,unknown,"personal,funny,dramatic",0.08509811758995056
21972,Lionhearted (Arty Remix),"May 6, 2024, 4:03:19 PM PST",Music,Music Mix,POSITIVE,0.9938831329345703,unknown,unknown,,0.946456789970398
22393,Day 4 - Part 2 - Manas Acharya | Ram Katha 917 - Gandhinagar | 16/05/2023 | Morari Bap,"May 3, 2024, 9:13:05 AM PST",Tutorial,,POSITIVE,0.6387736201286316,guide,information,"informative,dramatic,serious,funny",0.1269882321357727
21559,Did You Know About The Weirdest Way To Train Thieving In Old School RuneScape?,"May 10, 2024, 9:17:43 AM PST",Gaming,Gameplay,NEGATIVE,0.9968288540840149,gameplay,information,"funny,informative,dramatic",0.9598925113677979
22394,How the Universe Will End,"May 3, 2024, 9:08:54 AM PST",News,,NEGATIVE,0.9789790511131287,commentary,information,"informative,serious,dramatic",0.14918014407157898
21973,Porter Robinson & Madeon - Shelter (Flyboy Remix),"May 6, 2024, 3:56:02 PM PST",Music,Music Mix,NEGATIVE,0.7345139384269714,unknown,unknown,,0.9973944425582886
21560,Cultural Appropriation 🤔 #fypシ #compilation #viral #shorts,"May 10, 2024, 9:17:39 AM PST",Shorts,,NEGATIVE,0.9893971681594849,reaction,unknown,"funny,informative,dramatic",0.9337562918663025
22395,Putting My Seatbelt on As I Walk By Police,"May 3, 2024, 9:08:38 AM PST",News,,NEGATIVE,0.9075220227241516,reaction,information,"serious,dramatic,informative,professional,funny",0.6140912771224976
21974,Something Comforting,"May 6, 2024, 3:43:17 PM PST",Music,Music Mix,POSITIVE,0.9998342990875244,unknown,unknown,,0.6099086999893188
21561,Racket Tic-Tac-Toe Battle!,"May 10, 2024, 9:17:04 AM PST",Sports,,NEGATIVE,0.6228577494621277,gameplay,entertainment,"informative,funny,dramatic,serious,professional",0.8984369039535522
22396,Why Charging By The Hour Doesn't Make Sense,"May 3, 2024, 7:56:52 AM PST",Technology,,NEGATIVE,0.9994982481002808,commentary,analysis,"informative,serious,dramatic",0.8160221576690674
22397,Tarik Has Unbelievable Trigger Discipline,"May 3, 2024, 7:55:54 AM PST",News,,NEGATIVE,0.9885972142219543,news,information,"dramatic,serious,personal,informative,professional,funny",0.7756749391555786
21975,Mistake When Painting Chest -Quick Art Tips #art #sketch #shorts #tutorial #drawingtutorial #anime,"May 6, 2024, 3:22:47 PM PST",Shorts,,NEGATIVE,0.9997594952583313,tutorial,information,"informative,funny",0.8819157481193542
21562,Still Frozen out May 17th ❤️‍🔥🧊 #indierock #newmusic #boygenius #chappellroan,Still Frozen out May 17th ❤️‍🔥🧊 #indierock #newmusic #boygenius #chappellroan,Music,Music Review,NEGATIVE,0.9927005171775818,unknown,unknown,,0.880767822265625
21976,Memoization Technique in Dynamic Programming (DP),"May 6, 2024, 3:22:44 PM PST",Technology,,POSITIVE,0.9082897305488586,guide,information,"informative,professional,dramatic",0.0618295855820179
22398,New Choice! | IMPROV GAME #newchoice #change #changegame #markiplier #improvbroadway,"May 3, 2024, 7:54:58 AM PST",Comedy,,NEGATIVE,0.555184006690979,news,comedy,"informative,funny,dramatic",0.7741407752037048
21563,i'm burning :[ #shorts #kkatamina,"May 10, 2024, 9:15:59 AM PST",Shorts,,NEGATIVE,0.9973656535148621,reaction,information,"dramatic,personal,serious,casual,funny,informative",0.9909700751304626
21977,1 Minute Raid - No Name | Last Day on Earth: Survival #lastdayonearth #ldoe #gaming,"May 6, 2024, 3:21:45 PM PST",Gaming,Gameplay,NEGATIVE,0.9959262609481812,gameplay,entertainment,"dramatic,informative,funny",0.5410820841789246
22399,The Perfect OnlyFans Concept for Girls 🤐,"May 3, 2024, 7:54:01 AM PST",Entertainment,,POSITIVE,0.9996144771575928,commentary,entertainment,"funny,dramatic,informative",0.4504116177558899
21564,Wholesome and sad meme of the second,"May 10, 2024, 9:15:41 AM PST",Gaming,Review,POSITIVE,0.9707351922988892,commentary,storytelling,informative,0.04431338980793953
21978,TenZ shows why low elo is HARDER than RADIANT #valorant #tenz,"May 6, 2024, 3:20:41 PM PST",Tutorial,,NEGATIVE,0.9975220561027527,news,information,"informative,serious,dramatic,professional,funny",0.6581242084503174
22400,KABHI KABHI ADITI,"May 3, 2024, 7:31:38 AM PST",Comedy,,POSITIVE,0.9719803929328918,reaction,storytelling,"informative,dramatic,funny,serious,personal,casual,professional",0.8660873770713806
21565,Buying Mother’s Day gift Rc car part 2,"May 10, 2024, 9:15:25 AM PST",Reviews,,POSITIVE,0.9771864414215088,reaction,information,"informative,funny,dramatic,personal,serious",0.07531039416790009
21979,Laembadgini,"May 6, 2024, 10:33:51 AM PST",Entertainment,,NEGATIVE,0.9898625612258911,reaction,information,"dramatic,informative,serious,professional,funny,personal",0.40905293822288513
22401,"Naina (From ""Crew"")","May 3, 2024, 7:28:38 AM PST",Comedy,,POSITIVE,0.9692043662071228,reaction,information,"informative,dramatic,professional,funny,serious",0.08875665813684464
21566,Matt Rife and how old are you? You wont want to ask that....,"May 10, 2024, 9:15:23 AM PST",Podcast,,NEGATIVE,0.9826464653015137,reaction,information,"serious,personal,dramatic,casual,funny",0.4358774423599243
22402,Lutt Putt Gaya,"May 3, 2024, 7:24:55 AM PST",Sports,,NEGATIVE,0.994986891746521,gameplay,information,"informative,dramatic,professional,funny,serious,casual",0.9884828925132751
21980,"Tere Vaaste (From ""Zara Hatke Zara Bachke"")","May 6, 2024, 10:10:23 AM PST",Music,Cover Song,NEGATIVE,0.9871025681495667,unknown,unknown,,0.8613020777702332
21567,Hitting those GREAT skill checks #shorts,"May 10, 2024, 9:15:21 AM PST",Shorts,,POSITIVE,0.929703414440155,news,entertainment,"informative,funny,professional,dramatic,casual",0.9935526847839355
22403,Ishq Jaisa Kuch,"May 3, 2024, 7:22:05 AM PST",Comedy,,POSITIVE,0.868065357208252,reaction,comedy,"informative,funny,dramatic,serious,professional,casual,personal",0.8213930726051331
21981,Heeriye (feat. Arijit Singh),"May 6, 2024, 10:07:09 AM PST",Music,Music Mix,POSITIVE,0.9265515804290771,unknown,unknown,,0.9949590563774109
21568,This is the greatest pizza delivery driver of all-time 😂,"May 10, 2024, 9:15:19 AM PST",Entertainment,,POSITIVE,0.9997740387916565,commentary,entertainment,"funny,dramatic,informative,personal,professional",0.9833619594573975
22404,Ve Haaniyaan,"May 3, 2024, 7:18:05 AM PST",Comedy,,POSITIVE,0.9583518505096436,reaction,comedy,"dramatic,funny,informative,serious,personal,professional,casual",0.4851796627044678
21982,Maan Meri Jaan,"May 6, 2024, 10:03:54 AM PST",Comedy,,POSITIVE,0.9047510027885437,reaction,comedy,"funny,dramatic,informative,serious,casual,personal,professional",0.8082795143127441
21983,Mahiye Jinna Sohna,"May 6, 2024, 10:00:53 AM PST",Entertainment,,NEGATIVE,0.7192556262016296,guide,information,"informative,dramatic,serious,funny,professional,casual,personal",0.5022781491279602
21569,“Nala stomps” spotted on a random trail 🎥:@BrodieThatDood #goldenretriever  #dog,"May 10, 2024, 9:15:09 AM PST",Entertainment,,NEGATIVE,0.9976122379302979,reaction,entertainment,"funny,dramatic,casual,informative",0.9384655952453613
21984,Ve Haaniyaan,"May 6, 2024, 9:56:53 AM PST",Comedy,,POSITIVE,0.9583518505096436,reaction,comedy,"dramatic,funny,informative,serious,personal,professional,casual",0.4851796627044678
21570,Biology and such,"May 10, 2024, 9:14:58 AM PST",Tutorial,,POSITIVE,0.9863846898078918,guide,information,"informative,professional,serious",0.0027061779983341694
22405,Day 7 - Manas Rudra Sanhita | Ram Katha 935 - Rudraprayag | 03/05/2024 | Morari Bapu,"May 3, 2024, 4:52:26 AM PST",Music,Behind the Scenes,NEGATIVE,0.7583754062652588,unknown,unknown,,0.2637247145175934
21571,Bigger Gun #pokimane #valorant #game #shorts,"May 10, 2024, 9:14:40 AM PST",Sports,,NEGATIVE,0.9940983057022095,gameplay,entertainment,"dramatic,professional,informative,funny,serious",0.9180417656898499
22406,Galaxies Beyond Our Horizon - Cosmic Queries with Neil deGrasse Tyson,"May 2, 2024, 9:11:32 PM PST",Podcast,,POSITIVE,0.956123948097229,commentary,entertainment,"informative,dramatic,serious",0.9502691626548767
21985,Masti Ki Paathshala,"May 6, 2024, 9:52:15 AM PST",Music,Official Music Video,POSITIVE,0.5665414333343506,unknown,unknown,,0.898923933506012
21572,Every DJ's Nightmare 😩,"May 10, 2024, 9:14:37 AM PST",Music,Music Mix,NEGATIVE,0.9981275200843811,unknown,unknown,,0.9721207618713379
22407,Porter Robinson - KNOCK YOURSELF OUT XD (Official Music Video),"May 2, 2024, 7:49:22 PM PST",Music,Official Music Video,NEGATIVE,0.9846895933151245,unknown,unknown,,0.9975538849830627
21986,Right Here Right Now (hip-hop Mix),"May 6, 2024, 9:47:49 AM PST",Music,Music Mix,POSITIVE,0.9981796741485596,unknown,unknown,,0.9972939491271973
22408,Porter Robinson - Cheerleader (Official Music Video),"May 2, 2024, 7:44:45 PM PST",Entertainment,,POSITIVE,0.9944370985031128,reaction,entertainment,"professional,informative,funny,dramatic",0.980226457118988
21987,Phir Se Ud Chala,"May 6, 2024, 9:39:17 AM PST",Comedy,,NEGATIVE,0.6933549642562866,reaction,storytelling,"dramatic,informative,serious,funny,casual,personal,professional",0.8816737532615662
21573,Mental Health 🌿 #corecore #sadcore #mindcore #hopecore #trend #mentalhealth #explore #fyp #explore,"May 10, 2024, 9:14:28 AM PST",Tutorial,,NEGATIVE,0.8922008275985718,commentary,information,"informative,dramatic,serious",0.20878273248672485
21988,Sage,"May 6, 2024, 9:35:27 AM PST",Tutorial,,POSITIVE,0.994696855545044,guide,information,"informative,serious,professional,funny,dramatic",0.017251910641789436
22409,Porter Robinson - Look at the Sky (Official Lyric Video),"May 2, 2024, 4:34:46 PM PST",Music,Lyric Video,POSITIVE,0.9946914315223694,unknown,unknown,,0.9957841038703918
21574,Kung Fu Take On This Trend Pt.2 #shorts,"May 10, 2024, 9:14:10 AM PST",Shorts,,NEGATIVE,0.9732056260108948,commentary,entertainment,"informative,dramatic,funny,professional",0.9787313938140869
21989,Do You Know,"May 6, 2024, 9:31:54 AM PST",Podcast,,POSITIVE,0.987357497215271,commentary,information,"informative,serious,dramatic,professional,funny",0.3822307288646698
22410,Porter Robinson - Get your Wish (Official Music Video),"May 2, 2024, 4:33:38 PM PST",Music,Official Music Video,POSITIVE,0.9354560971260071,unknown,unknown,,0.9976655840873718
21990,Ishq Jaisa Kuch,"May 6, 2024, 9:29:05 AM PST",Comedy,,POSITIVE,0.868065357208252,reaction,comedy,"informative,funny,dramatic,serious,professional,casual,personal",0.8213930726051331
22411,OneRepublic - Nobody (from Kaiju No. 8) [Official Lyric Video],"May 2, 2024, 4:23:28 PM PST",Music,Lyric Video,NEGATIVE,0.9996235370635986,unknown,unknown,,0.9979390501976013
21575,Yall are literally killing me 😅😭 #apex #apexlegends #streamer #gamergirl,"May 10, 2024, 9:14:05 AM PST",Gaming,Esports,NEGATIVE,0.9993860721588135,reaction,comedy,"dramatic,personal,funny,serious",0.9295833110809326
21991,"Ve Kamleya (From ""Rocky Aur Rani Kii Prem Kahaani"")","May 6, 2024, 9:24:58 AM PST",Music,Cover Song,NEGATIVE,0.9850522875785828,unknown,unknown,,0.785647451877594
22412,Porter Robinson & Madeon - Shelter (Flyboy Remix),"May 2, 2024, 4:16:34 PM PST",Music,Music Mix,NEGATIVE,0.7345139384269714,unknown,unknown,,0.9973944425582886
21992,Chor,"May 6, 2024, 9:21:30 AM PST",Music,Concert Recording,NEGATIVE,0.98454350233078,unknown,unknown,,0.9883317351341248
22413,Phoebe Ryan - Mine (Illenium Remix),"May 2, 2024, 4:12:23 PM PST",Music,Music Mix,NEGATIVE,0.9334700703620911,unknown,unknown,,0.9971413612365723
21576,Marine Corps brother🫡👮🏼‍♀️🇺🇸NFL Draft Detroit,Marine Corps brother🫡👮🏼‍♀️🇺🇸NFL Draft Detroit,Sports,,NEGATIVE,0.576619029045105,news,information,"personal,professional,informative,dramatic,serious,funny",0.6628419756889343
21993,Nazm Nazm,"May 6, 2024, 9:17:43 AM PST",Music,Official Music Video,NEGATIVE,0.6987879872322083,unknown,unknown,,0.8662074208259583
21577,the Blender 💀 @yeahmadtv #darkhumor #shorts #viral,"May 10, 2024, 9:13:49 AM PST",Shorts,,NEGATIVE,0.9883813261985779,commentary,comedy,"funny,dramatic",0.9256852269172668
21994,MAAHI VE,"May 6, 2024, 9:13:42 AM PST",Music,Lyric Video,POSITIVE,0.915395975112915,unknown,unknown,,0.9834460616111755
22414,ROSA WALTON & HALLIE COGGINS - I REALLY WANT TO STAY AT YOUR HOUSE (LYRIC) AMV CYBERPUNK EDGERUNNERS,"May 2, 2024, 4:08:14 PM PST",Music,Lyric Video,POSITIVE,0.9969208240509033,unknown,unknown,,0.8867806196212769
21995,Naina Da Kya Kasoor,"May 6, 2024, 9:10:11 AM PST",Comedy,,POSITIVE,0.7453585267066956,reaction,storytelling,"informative,dramatic,casual,funny,serious,professional,personal",0.8065846562385559
21578,"ВЕЧЕРНИЙ СТРИМ ЛАСТ ДЕЙ СТАРАЯ ФЕРМА , МОТЕЛЬ - Last Day on Earth: Survival #shortsvideo #shorts","May 10, 2024, 9:13:41 AM PST",Shorts,,POSITIVE,0.636806845664978,reaction,storytelling,"dramatic,serious,funny,informative,professional",0.9943078756332397
22415,Everything Goes On - Porter Robinson (Official Music Video) | Star Guardian 2022,"May 2, 2024, 4:05:34 PM PST",Music,Official Music Video,POSITIVE,0.9618003368377686,unknown,unknown,,0.9892762303352356
21996,PEHLI BAAR,"May 6, 2024, 9:05:47 AM PST",Comedy,,POSITIVE,0.9223601222038269,reaction,information,"dramatic,professional,serious,informative,personal,funny,casual",0.6480668783187866
21579,They Gave Their Dad His Dream Car!,"May 10, 2024, 9:13:36 AM PST",News,,POSITIVE,0.9993590712547302,news,information,"personal,dramatic,professional,informative,funny,serious",0.8641458749771118
21997,Abhi Kuch Dino Se,"May 6, 2024, 9:01:01 AM PST",Comedy,,POSITIVE,0.9673975706100464,reaction,comedy,"funny,dramatic,informative,serious,casual,personal,professional",0.9622848033905029
22416,⚠️ MALE ICK JUST DROPPED.. YUCK!! 🤣😂 | First Date ft. Mark Normand,⚠️ MALE ICK JUST DROPPED.. YUCK!! 🤣😂 | First Date ft. Mark Normand,Comedy,,NEGATIVE,0.995487630367279,reaction,comedy,"dramatic,funny,casual,personal,informative",0.987243115901947
21580,Pedro's DJ Dm'd Me - Twitch: RazzySnazzyReal,"May 10, 2024, 9:13:31 AM PST",Music,Music Mix,NEGATIVE,0.8223817348480225,unknown,unknown,,0.9940190315246582
21998,Jeet,"May 6, 2024, 8:53:11 AM PST",Entertainment,,POSITIVE,0.9965229034423828,reaction,information,"professional,informative,serious,dramatic,personal,funny,casual",0.5951033234596252
21999,Dil Nu,"May 6, 2024, 8:49:17 AM PST",Comedy,,POSITIVE,0.5036099553108215,reaction,information,"dramatic,serious,informative,casual,funny,professional,personal",0.36898285150527954
21581,Her FRONT PATHWAY was ENGULFED and I dug it ALL up,"May 10, 2024, 9:13:29 AM PST",News,,POSITIVE,0.9899768233299255,news,information,"serious,dramatic,informative,personal,funny",0.6896421313285828
22417,Illenium - Awake 1.0 Intro (Hans Zimmer x Crawl Outta Love VIP),"May 2, 2024, 3:26:00 PM PST",Music,Music Mix,NEGATIVE,0.9156324863433838,unknown,unknown,,0.9964072108268738
22418,Cheerleader,"May 2, 2024, 3:18:48 PM PST",Entertainment,,POSITIVE,0.994051992893219,reaction,entertainment,"professional,informative,funny,dramatic",0.9290924072265625
21582,I would have never thought this would happen in my city with all the years I been riding #motorcycle,"May 10, 2024, 9:13:23 AM PST",News,,POSITIVE,0.9870294332504272,news,information,"dramatic,funny,informative,serious",0.9232162237167358
22000,Aaj Tak LIVE TV: JPC report on Waqf Bill | Delhi CM News | PM Modi US Visit | Parliament |Hindi News,"May 6, 2024, 8:48:58 AM PST",News,,NEGATIVE,0.9799137115478516,news,information,"informative,serious,dramatic,professional,funny,casual",0.9170629978179932
21583,Only REAL Asians know how to do this,"May 10, 2024, 9:12:50 AM PST",Technology,,NEGATIVE,0.9809056520462036,guide,information,"professional,serious,informative,personal,dramatic,funny",0.5328508019447327
22419,"VØJ, Narvent - Memory Reboot (4K Music Video)","May 2, 2024, 3:11:17 PM PST",Music,Official Music Video,NEGATIVE,0.9937934875488281,unknown,unknown,,0.9975586533546448
22001,Khalasi | Coke Studio Bharat,"May 6, 2024, 8:05:03 AM PST",Entertainment,,NEGATIVE,0.9703730344772339,reaction,entertainment,"professional,informative,dramatic,funny,serious,casual",0.9193496108055115
22420,CUTE DEPRESSED,"May 2, 2024, 3:09:39 PM PST",Reviews,,POSITIVE,0.9633811712265015,reaction,analysis,"informative,dramatic,funny,personal",0.1675107479095459
21584,https://www.youtube.com/watch?v=JUSyIsz2O5Y,"May 10, 2024, 9:12:34 AM PST",Entertainment,,NEGATIVE,0.9666833281517029,reaction,information,"informative,funny,dramatic,serious,professional",0.7549116015434265
22002,Born to Shine,"May 6, 2024, 8:00:31 AM PST",Entertainment,,POSITIVE,0.9998064637184143,news,entertainment,"dramatic,informative,professional,funny,personal,serious",0.9795485734939575
22421,Cute Depressed X Lovely Bastards LONGER VERSION (Remix by Chrabi),"May 2, 2024, 3:06:45 PM PST",Music,Music Mix,NEGATIVE,0.9858328104019165,unknown,unknown,,0.863619863986969
21585,LMG Walk💪🚶‍♂️ #viral #fyp #military,"May 10, 2024, 9:12:09 AM PST",Tutorial,,NEGATIVE,0.9964884519577026,news,entertainment,"funny,dramatic,informative,professional,serious",0.01533565018326044
22003,Chaleya,"May 6, 2024, 7:50:57 AM PST",Entertainment,,POSITIVE,0.9423848986625671,reaction,information,"dramatic,informative,serious,personal,professional,funny,casual",0.5083066821098328
22422,Third Sky (Porter Robinson Nurture Mix) by Waydan,"May 2, 2024, 2:54:23 PM PST",Music,Behind the Scenes,POSITIVE,0.9950376152992249,unknown,unknown,,0.9694362282752991
21586,SICKO MODE 👺,"May 10, 2024, 9:11:44 AM PST",Sports,,NEGATIVE,0.999488353729248,reaction,entertainment,"dramatic,serious,funny,informative,personal",0.054426245391368866
22004,Akhiyaan Gulaab,"May 6, 2024, 7:48:06 AM PST",Comedy,,NEGATIVE,0.8898099064826965,reaction,information,"informative,dramatic,funny,serious,professional,casual,personal",0.6217514276504517
21587,Paid twice for the same job,"May 10, 2024, 9:11:10 AM PST",Reviews,,NEGATIVE,0.982216477394104,news,information,"serious,dramatic,informative,funny,professional",0.40659812092781067
22423,ODESZA - A Moment Apart [Full Album],"May 2, 2024, 2:26:03 PM PST",Music,Music Review,POSITIVE,0.9937295913696289,unknown,unknown,,0.9940193891525269
22005,Heer Aasmani,"May 6, 2024, 7:44:25 AM PST",Entertainment,,POSITIVE,0.5878885388374329,reaction,information,"dramatic,informative,serious,funny,professional",0.2237914800643921
22424,Dwarven Merriment [Day 1],"May 2, 2024, 10:02:30 AM PST",Entertainment,,NEGATIVE,0.9727581143379211,reaction,entertainment,"funny,dramatic,informative",0.9833444952964783
21588,The CLEANEST Animations In Gaming History,"May 10, 2024, 9:10:53 AM PST",Gaming,Esports,POSITIVE,0.9998152852058411,guide,entertainment,"professional,informative",0.967587411403656
22006,"Ishq Mitaye (From ""Amar Singh Chamkila"")","May 6, 2024, 7:22:26 AM PST",Comedy,,NEGATIVE,0.6274942755699158,guide,storytelling,"informative,dramatic,funny,serious,professional",0.644418478012085
22425,"Ishq Mitaye (From ""Amar Singh Chamkila"")","May 2, 2024, 9:56:59 AM PST",Comedy,,NEGATIVE,0.6274942755699158,guide,storytelling,"informative,dramatic,funny,serious,professional",0.644418478012085
22007,Om Namo Bhagwate Vasudevay,"May 6, 2024, 7:22:20 AM PST",Music,Official Music Video,NEGATIVE,0.5203065276145935,unknown,unknown,,0.5509642958641052
21589,mcloving and Ed sheeshran with a big comeback #Valorant #valorantclips,"May 10, 2024, 9:10:32 AM PST",Education,Documentary,POSITIVE,0.9989827275276184,reaction,entertainment,"dramatic,funny,informative,professional,personal",0.945591390132904
22426,Aajkal Tere Mere Pyar Ke Charche,"May 2, 2024, 9:56:33 AM PST",Comedy,,POSITIVE,0.5723615288734436,reaction,storytelling,"informative,dramatic,funny,serious,casual,personal,professional",0.8736332654953003
21590,I thought Katie was cheating.. but it was actually her twin 😅🤯,"May 10, 2024, 9:09:29 AM PST",Comedy,,NEGATIVE,0.9301612377166748,news,comedy,"funny,dramatic,informative,personal,serious",0.9599471688270569
22008,Sukh Karta Dukh Harta,"May 6, 2024, 7:22:17 AM PST",Music,Official Music Video,NEGATIVE,0.9514523148536682,unknown,unknown,,0.9495562314987183
22427,Aap Jaisa Koi,"May 2, 2024, 9:56:31 AM PST",Comedy,,POSITIVE,0.965502142906189,reaction,information,"informative,dramatic,funny,casual,serious,professional,personal",0.6844439506530762
21591,The wood at home depot is always hard😂,"May 10, 2024, 9:09:05 AM PST",Comedy,,NEGATIVE,0.9841626882553101,commentary,comedy,"funny,informative,dramatic",0.7679295539855957
22428,Beautiful,"May 2, 2024, 9:56:30 AM PST",Entertainment,,POSITIVE,0.9998807907104492,guide,entertainment,"professional,dramatic,personal",0.850691020488739
21592,Usually the big orders have big tips  #ubereats #doordash #shorts,"May 10, 2024, 9:06:15 AM PST",Shorts,,NEGATIVE,0.9945429563522339,guide,information,"informative,serious,funny,professional",0.9411932229995728
22009,"Achyutam Keshavam by Alka Yagnik (From ""Achyutam Keshavam by Alka Yagnik - Zee Music Devotional"")","May 6, 2024, 7:22:02 AM PST",Music,Official Music Video,NEGATIVE,0.5621126890182495,unknown,unknown,,0.9913759231567383
22429,Gulaabo,"May 2, 2024, 9:56:28 AM PST",Entertainment,,POSITIVE,0.9269566535949707,reaction,information,"dramatic,informative,serious,funny,professional,casual,personal",0.4591563940048218
21593,Voicing Mirage from Transformers: Rise of the Beasts...again!,"May 10, 2024, 9:06:06 AM PST",Entertainment,,POSITIVE,0.9952051639556885,reaction,entertainment,"dramatic,funny,informative,professional,serious",0.8705814480781555
22010,Gajanana,"May 6, 2024, 7:18:28 AM PST",Entertainment,,POSITIVE,0.9858465790748596,reaction,information,"dramatic,informative,serious,professional,funny,personal,casual",0.42395126819610596
22430,Hichki,"May 2, 2024, 9:56:27 AM PST",Comedy,,POSITIVE,0.9901939034461975,reaction,information,"dramatic,informative,funny,serious,professional,personal",0.661315381526947
22431,"Mast Malang Jhoom (From ""Bade Miyan Chote Miyan"")","May 2, 2024, 9:56:24 AM PST",Music,Cover Song,NEGATIVE,0.9893536567687988,unknown,unknown,,0.9485912919044495
21594,POV: You Bump Into Someone That Does Wushu #martialarts #kungfu #shorts,"May 10, 2024, 9:05:42 AM PST",Sports,,NEGATIVE,0.9910290241241455,commentary,information,"personal,dramatic,serious,funny,informative",0.9633991718292236
22011,Lata Mangeshkar Songs | Lag Ja Gale | Ajib Dastan Hai Ye | Bahon Mein Chale Aao | Dil Deewana,"May 6, 2024, 4:26:36 AM PST",Music,Music Mix,POSITIVE,0.7487000226974487,unknown,unknown,,0.9945290684700012
22432,Ishq Mitha,"May 2, 2024, 8:13:09 AM PST",Entertainment,,POSITIVE,0.8462598919868469,reaction,information,"informative,dramatic,serious,funny,professional,personal",0.48234081268310547
21595,"DOPAMINE - What It Is, and How To Beat It","May 10, 2024, 6:35:37 AM PST",Tutorial,,POSITIVE,0.9924584031105042,guide,information,"informative,serious,dramatic,professional",0.775645911693573
22012,Mitwa,"May 6, 2024, 4:05:30 AM PST",Entertainment,,POSITIVE,0.9265881180763245,reaction,information,"informative,serious,dramatic,professional,funny,personal,casual",0.41377386450767517
22433,Heer Aasmani,"May 2, 2024, 8:09:45 AM PST",Entertainment,,POSITIVE,0.5878885388374329,reaction,information,"dramatic,informative,serious,funny,professional",0.2237914800643921
21596,How to Max your Runescape Account in 2024 [OSRS],"May 10, 2024, 6:34:16 AM PST",Gaming,Gameplay,POSITIVE,0.8861265182495117,guide,information,"informative,serious,professional,dramatic,funny",0.9808425903320312
22013,Shree Siddhivinayak Mantra And Aarti,"May 6, 2024, 3:58:34 AM PST",Music,Music Mix,POSITIVE,0.902162492275238,unknown,unknown,,0.916804850101471
22434,"Hukum - Thalaivar Alappara - Tamil (From ""Jailer"")","May 2, 2024, 8:09:43 AM PST",Music,Music Mix,NEGATIVE,0.982117235660553,unknown,unknown,,0.76045823097229
22014,Why do Hammerhead Sharks have hammer heads?,"May 6, 2024, 12:58:04 AM PST",Tutorial,,NEGATIVE,0.9972490668296814,commentary,information,"dramatic,serious,informative,funny",0.03644215688109398
22435,Pyaar Hota Kayi Baar Hai,"May 2, 2024, 8:09:41 AM PST",Comedy,,POSITIVE,0.7414624691009521,reaction,storytelling,"funny,casual,informative,dramatic,personal,serious,professional",0.9691851139068604
21597,New Dreams: Senna’s Vlog - Star Guardian 2022 | #Shorts - League of Legends: Wild Rift,"May 10, 2024, 6:33:55 AM PST",Shorts,,POSITIVE,0.8565508127212524,vlog,storytelling,"professional,informative,casual,funny,dramatic",0.9874682426452637
22015,I’m thankful for everytime I hear him say dada🥹 #deaf #shorts,"May 6, 2024, 12:57:53 AM PST",Shorts,,NEGATIVE,0.9749736785888672,reaction,entertainment,"personal,funny,casual,informative,dramatic",0.9438004493713379
21598,Superstars joining and leaving The Bloodline: WWE Playlist,"May 10, 2024, 6:09:58 AM PST",Entertainment,,NEGATIVE,0.9737608432769775,news,storytelling,"dramatic,informative,professional",0.8268993496894836
22436,Zoobi Doobi Remix,"May 2, 2024, 8:09:40 AM PST",Music,Music Mix,POSITIVE,0.7573486566543579,unknown,unknown,,0.9667543172836304
22016,The doctor realized that she couldn't feel pain...😨,"May 6, 2024, 12:57:46 AM PST",Comedy,,POSITIVE,0.9629039168357849,news,comedy,"funny,dramatic,professional,informative,serious,personal",0.2574114501476288
21599,100 Ways to Get Rich on OSRS,"May 9, 2024, 7:28:03 PM PST",Technology,,POSITIVE,0.8809583783149719,guide,information,"informative,serious,professional,dramatic",0.2973323166370392
22437,"Firecracker (English) (From ""Jayeshbhai Jordaar"")","May 2, 2024, 8:09:39 AM PST",Entertainment,,POSITIVE,0.8774782419204712,reaction,storytelling,"dramatic,funny,informative",0.8370646238327026
21600,Exploring Text2Speech,"May 9, 2024, 7:06:35 PM PST",Tutorial,,POSITIVE,0.9978529214859009,guide,entertainment,"informative,dramatic,professional,funny",0.09902278333902359
22017,Cyclist hits my car and rides away #uberdriver,"May 6, 2024, 12:57:19 AM PST",Technology,,NEGATIVE,0.8661827445030212,reaction,entertainment,"personal,dramatic,informative,funny,serious,professional,casual",0.8422197103500366
22438,One Love,"May 2, 2024, 8:09:37 AM PST",Music,Lyric Video,POSITIVE,0.9994469285011292,unknown,unknown,,0.130243182182312
21601,"Playing RuneScape Properly: a Full 2,600 Hour Journey","May 9, 2024, 7:06:04 PM PST",Gaming,Gameplay,POSITIVE,0.9986274242401123,gameplay,information,"informative,serious,dramatic,professional",0.9877460598945618
22439,Pasoori Nu,"May 2, 2024, 8:09:36 AM PST",Entertainment,,NEGATIVE,0.6113858819007874,reaction,information,"informative,dramatic,serious,funny,casual,professional,personal",0.5021033883094788
22018,Cazador Ciego con AK 47 (+35% daño - Evento Búnker Alfa) #shorts #ldoe #lastdayonearth,"May 6, 2024, 12:56:25 AM PST",Shorts,,NEGATIVE,0.9948194622993469,reaction,information,"dramatic,informative,funny,casual",0.974519670009613
22440,La Tortura,"May 2, 2024, 8:09:23 AM PST",Entertainment,,POSITIVE,0.7503764033317566,reaction,information,"serious,dramatic,informative,funny,personal",0.007581273093819618
22019,World Record Speedrun Attempt Exit 8,"May 6, 2024, 12:56:21 AM PST",Sports,,NEGATIVE,0.9990378618240356,news,information,"serious,informative,dramatic,funny",0.6028102040290833
22441,Baaki Sab Theek,"May 2, 2024, 8:06:03 AM PST",Entertainment,,NEGATIVE,0.7511410713195801,reaction,information,"dramatic,informative,serious,funny,professional,personal,casual",0.5151960253715515
21602,OSRS BOND !giveaway episode 84 LIVE STREAM !!! OldSchool RuneScape COME JOIN US & CHILL!!!!,"May 9, 2024, 7:04:17 PM PST",Gaming,Gameplay,POSITIVE,0.9940932393074036,gameplay,entertainment,"casual,informative,funny",0.9769076704978943
22020,When David Blaine Froze In Time...,"May 6, 2024, 12:54:40 AM PST",Sports,,NEGATIVE,0.9775181412696838,reaction,storytelling,"dramatic,serious,funny,informative,personal,professional",0.831430196762085
22442,Lo Googleo,"May 2, 2024, 8:06:00 AM PST",Technology,,NEGATIVE,0.898036003112793,reaction,information,"informative,dramatic,funny,serious,professional,casual",0.8442436456680298
21603,How to Clone Any Voice With AI | Tortoise-TTS Tutorial,"May 9, 2024, 5:20:02 PM PST",Tutorial,,NEGATIVE,0.9968562126159668,tutorial,information,"informative,serious,dramatic,professional,funny",0.9726571440696716
22021,your superpower is… #shorts #comedy #funny,"May 6, 2024, 12:54:13 AM PST",Shorts,,POSITIVE,0.997143566608429,commentary,comedy,"funny,casual,dramatic,personal,informative",0.9881614446640015
21604,Speech-to-text and text-to-speech explained in under 2 minutes,"May 9, 2024, 5:19:13 PM PST",Technology,,NEGATIVE,0.9921417236328125,tutorial,information,"informative,professional,dramatic",0.9121383428573608
22443,Bad Boy (feat. Luana Kiara),"May 2, 2024, 8:05:03 AM PST",Music,Official Music Video,POSITIVE,0.9749115705490112,unknown,unknown,,0.9759514331817627
21605,How I Use AI to take perfect notes...without typing,"May 9, 2024, 5:18:52 PM PST",Technology,,NEGATIVE,0.9604692459106445,news,information,"informative,professional,personal,dramatic,funny,serious",0.9721198081970215
22022,The ONLY way to eat a mango! #Shorts #lifehacks #mango #food #howto,"May 6, 2024, 12:53:58 AM PST",Shorts,,NEGATIVE,0.993899941444397,guide,information,"informative,funny,dramatic,casual",0.900139570236206
22444,Train Song,"May 2, 2024, 8:01:04 AM PST",Music,Official Music Video,POSITIVE,0.9819024801254272,unknown,unknown,,0.9790124297142029
22445,"Shaitan Ka Saala (From ""Housefull 4"")","May 2, 2024, 7:58:36 AM PST",Entertainment,,POSITIVE,0.618094265460968,reaction,storytelling,"dramatic,funny,informative,serious",0.8749188184738159
21606,Wait for it 😂 he out here w the rhymes. Y’all wanna see more of him at work? #theaguilars,"May 9, 2024, 5:12:51 PM PST",Comedy,,NEGATIVE,0.9952611327171326,news,entertainment,"funny,dramatic,informative",0.47377926111221313
22023,Mistake When Drawing Legs - Quick Art Tips #art #sketch #shorts #tutorial #drawingtutorial #anime,"May 6, 2024, 12:53:03 AM PST",Shorts,,NEGATIVE,0.9997547268867493,tutorial,information,"informative,funny,dramatic",0.9750239849090576
22446,"Desi Wine (From ""Thank You For Coming"")","May 2, 2024, 7:55:45 AM PST",Entertainment,,POSITIVE,0.9746087789535522,reaction,storytelling,"informative,dramatic,funny,serious",0.17842748761177063
21607,Tactical Speed Square Training,"May 9, 2024, 5:12:36 PM PST",Technology,,POSITIVE,0.9280161261558533,guide,information,"informative,serious,dramatic,professional",0.2915012240409851
22024,Lion wants to play video games in living room,"May 6, 2024, 12:52:26 AM PST",Gaming,Gameplay,NEGATIVE,0.9031209349632263,reaction,entertainment,"personal,informative,funny,dramatic,casual",0.980387806892395
22447,Laal Peeli Akhiyaan,"May 2, 2024, 7:52:38 AM PST",Entertainment,,NEGATIVE,0.725419282913208,reaction,information,"informative,dramatic,serious,funny,professional,casual",0.4372348189353943
22448,Say Na Say Na,"May 2, 2024, 7:49:22 AM PST",Music,Official Music Video,NEGATIVE,0.9194470047950745,unknown,unknown,,0.9156045317649841
21608,omg? | hanEbun on #Twitch #deadbydaylight #dbd #chucky  #sableward,"May 9, 2024, 5:12:33 PM PST",Entertainment,,NEGATIVE,0.9899870753288269,reaction,entertainment,"funny,dramatic,serious,informative",0.9276662468910217
22025,SHE DIDNT EVEN NOTICE 😭 #shorts #funny #f1 #awkward #pranked #trolled,"May 6, 2024, 12:51:31 AM PST",Shorts,,NEGATIVE,0.9928309321403503,reaction,entertainment,"funny,casual,dramatic",0.9980279803276062
22449,Teriyaan Tu Jaane,"May 2, 2024, 7:41:15 AM PST",Comedy,,NEGATIVE,0.7793799042701721,reaction,information,"dramatic,informative,serious,funny,professional,casual,personal",0.6142280101776123
21609,Clock Shot For Triple Boba,"May 9, 2024, 5:12:20 PM PST",Sports,,NEGATIVE,0.6119042634963989,guide,information,"professional,dramatic,serious,informative,funny",0.953222393989563
22026,You Want a Part of This? #bully #police #shorts,"May 6, 2024, 12:51:05 AM PST",Shorts,,NEGATIVE,0.9980801343917847,commentary,information,"dramatic,serious,informative,funny,personal",0.9694381356239319
21610,He Was Watching The Solar Eclipse But Then 🫨,"May 9, 2024, 5:11:38 PM PST",Entertainment,,NEGATIVE,0.9861022233963013,reaction,storytelling,"dramatic,funny,informative,personal,serious,casual",0.5038153529167175
22450,Day 9 - Manas Samvatsar | Ram Katha 934 - Dharampur | 17/04/2024 | Morari Bapu,"May 2, 2024, 7:40:45 AM PST",Music,Behind the Scenes,NEGATIVE,0.5696189403533936,unknown,unknown,,0.06165635958313942
21611,Firewood stand 🔥 💰 💴 🔥,"May 9, 2024, 5:11:36 PM PST",Comedy,,POSITIVE,0.5373095273971558,reaction,entertainment,"dramatic,funny,informative,serious,professional",0.05316916108131409
22027,I LOVE TWINS 🫣 #alittletotheleft #gaming #puzzle #queer #heykipp,"May 6, 2024, 12:50:20 AM PST",Entertainment,,POSITIVE,0.9252396821975708,gameplay,entertainment,"funny,informative,personal,dramatic,casual",0.5398406982421875
22451,Jogido,"May 2, 2024, 7:37:03 AM PST",Sports,,POSITIVE,0.9981069564819336,gameplay,information,"informative,funny,professional,dramatic,casual,serious",0.6543580889701843
21612,Bro is channeling Aces with his mouth?!,"May 9, 2024, 5:11:23 PM PST",Entertainment,,NEGATIVE,0.9561649560928345,news,comedy,"dramatic,funny,serious,personal,professional,informative",0.8553478717803955
22452,Sajan Bin,"May 2, 2024, 7:35:11 AM PST",Entertainment,,POSITIVE,0.9901870489120483,guide,information,"dramatic,informative,serious,professional,funny,personal,casual",0.4862675964832306
21613,World’s Narrowest Cycle Lane? 🫣,"May 9, 2024, 5:11:15 PM PST",Technology,,NEGATIVE,0.9940954446792603,news,information,"dramatic,serious,funny,informative",0.21607111394405365
22028,HOW DOES AN ANCIENT LOCK WORK? #lego #legoideas #lock #legomoc,"May 6, 2024, 12:49:54 AM PST",Tutorial,,NEGATIVE,0.9968731999397278,guide,information,"informative,funny,dramatic",0.8551343679428101
22453,Magic | Coke Studio Bharat,"May 2, 2024, 7:31:17 AM PST",Entertainment,,POSITIVE,0.99913090467453,guide,entertainment,"dramatic,informative,funny,professional",0.9547502994537354
21614,Is It Possible To Out Run The NYC Subway?,"May 9, 2024, 5:10:58 PM PST",Technology,,NEGATIVE,0.9978762865066528,news,information,"serious,dramatic,informative,funny",0.3306090831756592
22029,Bro thought he was in afterlife,"May 6, 2024, 12:49:29 AM PST",Comedy,,POSITIVE,0.9358744025230408,reaction,comedy,"funny,dramatic,informative",0.025280198082327843
22454,Sadqay,"May 2, 2024, 7:31:13 AM PST",Entertainment,,NEGATIVE,0.9332277774810791,reaction,information,"dramatic,serious,personal,informative,funny,casual",0.18493470549583435
22030,rainbolt has memorized the ENTIRE world...,"May 6, 2024, 12:49:11 AM PST",Reviews,,POSITIVE,0.9994598031044006,guide,information,"professional,informative,serious,dramatic,funny",0.05403340235352516
21615,Coast Guard boarding us with Marine Patrol. This is how you deal with them. You need to be direct,Coast Guard boarding us with Marine Patrol. This is how you deal with them. You need to be direct,Technology,,POSITIVE,0.9909953474998474,guide,information,"informative,serious,professional,dramatic,personal",0.22073812782764435
22455,Dil Jashn Bole,"May 2, 2024, 7:31:05 AM PST",Comedy,,POSITIVE,0.6793072819709778,reaction,storytelling,"dramatic,informative,serious,funny,casual,professional,personal",0.8038607835769653
22031,NOT STOPPING TIL NEW WORLD RECORD,"May 6, 2024, 12:48:34 AM PST",Technology,,NEGATIVE,0.6770980358123779,news,information,"dramatic,serious,informative,professional,funny",0.8744698762893677
22456,"Kamariya (From ""Stree"")","May 2, 2024, 7:04:59 AM PST",Entertainment,,NEGATIVE,0.9958491325378418,reaction,storytelling,"dramatic,informative,funny,serious",0.41542693972587585
22032,She lied to her boyfriend about exactly how she got pregnant. 😯🤯#movie #series,"May 6, 2024, 12:46:43 AM PST",Comedy,,NEGATIVE,0.9944832921028137,news,storytelling,"funny,dramatic,informative,personal,serious",0.7092746496200562
21616,valorant players are antisocial #valorant #youtubeshorts #twitch live everyday on twitch.tv/kitaeky,"May 9, 2024, 5:10:36 PM PST",Shorts,,NEGATIVE,0.9846134185791016,gameplay,information,"informative,dramatic,personal,funny",0.9241706132888794
22457,Chaleya,"May 2, 2024, 6:57:42 AM PST",Entertainment,,POSITIVE,0.9423848986625671,reaction,information,"dramatic,informative,serious,personal,professional,funny,casual",0.5083066821098328
21617,Niko Guess The Language,"May 9, 2024, 5:10:35 PM PST",Tutorial,,NEGATIVE,0.9987714886665344,guide,entertainment,"funny,informative,casual,dramatic,serious",0.08163528889417648
22033,HILARIOUS reaction to lost point 😂,"May 6, 2024, 12:46:22 AM PST",Entertainment,,POSITIVE,0.9996063113212585,reaction,entertainment,"funny,dramatic",0.9973157048225403
22458,Khudahafiz (feat. Mikey McCleary),"May 2, 2024, 6:57:40 AM PST",Music,Official Music Video,POSITIVE,0.9799781441688538,unknown,unknown,,0.9849302172660828
22034,Massage Gun Spam Hack In Geometry Dash!,"May 6, 2024, 12:45:31 AM PST",Entertainment,,NEGATIVE,0.9980625510215759,gameplay,entertainment,"funny,dramatic,informative,serious",0.2813063859939575
21618,Cussing Dog Prank! via @SethMeiring,"May 9, 2024, 5:10:21 PM PST",Comedy,,NEGATIVE,0.9948850274085999,commentary,comedy,"funny,dramatic,informative",0.9421883821487427
22459,Raanjhan Aaya,"May 2, 2024, 6:57:38 AM PST",Entertainment,,POSITIVE,0.9829846024513245,reaction,information,"dramatic,informative,professional,serious,personal,funny",0.31786343455314636
22460,Gulaabo,"May 2, 2024, 6:57:36 AM PST",Entertainment,,POSITIVE,0.9269566535949707,reaction,information,"dramatic,informative,serious,funny,professional,casual,personal",0.4591563940048218
22035,yeah because it’s TOTALLY normal for a sumo wrestler to be HIDING in the shadows of my own home. 😑,"May 6, 2024, 12:45:10 AM PST",Sports,,NEGATIVE,0.910884439945221,commentary,information,"informative,casual,funny,professional,personal,serious",0.4289984703063965
21619,FINISH THE LYRICS w/ #jackblack #kungfupanda4 @UniversalPictures ⁠@JablinskiGames,"May 9, 2024, 5:10:17 PM PST",Gaming,Gameplay,NEGATIVE,0.9919079542160034,guide,storytelling,"dramatic,informative,professional,funny,serious",0.7224460244178772
22461,Mileya Mileya,"May 2, 2024, 6:57:33 AM PST",Music,Official Music Video,POSITIVE,0.9966984391212463,unknown,unknown,,0.34602388739585876
22036,Who did that! #billieeilish,"May 6, 2024, 12:45:02 AM PST",Comedy,,NEGATIVE,0.9743043184280396,reaction,information,"dramatic,funny,serious,personal,informative,professional",0.5897724032402039
21620,YOUR DUO IS DIFFERENT 🤭#valorant #gamergirl #twitch,"May 9, 2024, 5:10:00 PM PST",Gaming,Gameplay,NEGATIVE,0.8879653811454773,news,information,"informative,dramatic,funny,personal,professional,serious",0.9672139286994934
22462,Taxi Taxi,"May 2, 2024, 6:57:14 AM PST",Tutorial,,NEGATIVE,0.9679209589958191,guide,information,"informative,professional,funny,dramatic,serious",0.004637436009943485
22037,My girl was left speechless… 🤣,"May 6, 2024, 12:44:28 AM PST",Comedy,,NEGATIVE,0.9906490445137024,reaction,comedy,"personal,dramatic,funny,serious",0.7181936502456665
21621,"Overstimulated Mom, Deaf Dad","May 9, 2024, 5:09:58 PM PST",Entertainment,,NEGATIVE,0.998999297618866,reaction,entertainment,"dramatic,personal,funny,informative,serious",0.6833409667015076
21622,the 12y old kid that successfully intubates faster than the best paramedics,"May 9, 2024, 5:09:56 PM PST",News,,POSITIVE,0.9995419979095459,news,information,"dramatic,informative,serious,personal,funny",0.24040861427783966
22463,Day 5 - Manas Rudra Sanhita | Ram Katha 935 - Rudraprayag | 01/05/2024 | Morari Bapu,"May 2, 2024, 6:29:50 AM PST",Music,Behind the Scenes,NEGATIVE,0.6742782592773438,unknown,unknown,,0.2420826554298401
22038,Who is the imposter?👀 “OutKast” VS “Nintendo Wii”🎵,"May 6, 2024, 12:44:02 AM PST",Gaming,Gameplay,NEGATIVE,0.9963045120239258,gameplay,storytelling,"funny,informative,dramatic,serious",0.9728356599807739
21623,Fans went INSANE 🤣😭☠️ #diabolo,"May 9, 2024, 5:09:41 PM PST",Music,Lyric Video,POSITIVE,0.5008769035339355,unknown,unknown,,0.8965272307395935
22464,Khalasi | Coke Studio Bharat,"May 2, 2024, 6:04:11 AM PST",Entertainment,,NEGATIVE,0.9703730344772339,reaction,entertainment,"professional,informative,dramatic,funny,serious,casual",0.9193496108055115
22039,Don’t feed ducks!!!,"May 6, 2024, 12:43:49 AM PST",Tutorial,,NEGATIVE,0.9918837547302246,reaction,information,"serious,dramatic,informative,personal",0.09861146658658981
22040,"""Oh! that was YOUR baby?","May 6, 2024, 12:43:23 AM PST",News,,POSITIVE,0.797569751739502,reaction,information,"personal,dramatic,informative,funny,serious",0.2871052026748657
21624,My boys heard loud noises so they hit the floor 😂🤣😂🤷🏽‍♂️ #funny #kidprankster #funnyprank,"May 9, 2024, 5:09:33 PM PST",Comedy,,NEGATIVE,0.9901210069656372,reaction,comedy,"funny,dramatic,personal,informative",0.9726805686950684
22465,Shri Ram Janki Baithe Hai Mere Seene Me.श्री राम जानकी बैठे हैं मेरे सीने में Latest Song Bhajan2023,Shri Ram Janki Baithe Hai Mere Seene Me.श्री राम जानकी बैठे हैं मेरे सीने में Latest Song Bhajan2023,Music,Lyric Video,NEGATIVE,0.8897091150283813,unknown,unknown,,0.9871392250061035
21625,Full video 👆,"May 9, 2024, 5:09:32 PM PST",Entertainment,,POSITIVE,0.9810763597488403,vlog,entertainment,"dramatic,professional,funny,informative,serious",0.7700215578079224
22041,How does the dealer know they have Blackjack? #blackjack #21 #vegas #casino #lasvegas,"May 6, 2024, 12:42:43 AM PST",Gaming,Gameplay,NEGATIVE,0.9976413249969482,commentary,information,"funny,informative,serious,dramatic",0.9829788208007812
21626,Foreigner Competes in Indian Gada Dangal,"May 9, 2024, 5:09:09 PM PST",Sports,,POSITIVE,0.8046415448188782,news,entertainment,"informative,dramatic,professional,serious,funny",0.9876164197921753
22042,https://www.youtube.com/watch?v=NGb-BCiYcFg,"May 6, 2024, 12:42:11 AM PST",Entertainment,,NEGATIVE,0.9584389925003052,reaction,information,"informative,funny,dramatic,serious,professional",0.7225632667541504
22466,Hanuman Chalisa Bhajans ! श्री हनुमान चालीसा ! संकटमोचन हनुमान अष्टक ! गुलशन कुमार हनुमान चालीसा,"May 2, 2024, 4:07:55 AM PST",Music,Official Music Video,NEGATIVE,0.7444313168525696,unknown,unknown,,0.9636880159378052
22043,No student would agree to this | Hogwarts Legacy,"May 6, 2024, 12:42:01 AM PST",Education,Course Material,NEGATIVE,0.9976511597633362,news,education,"serious,dramatic,informative,personal",0.05883994698524475
21627,i gotta stop talking shii🤣 #m3 #bmwm3cs #funny #car #cops #dashcam,"May 9, 2024, 5:08:46 PM PST",Comedy,,NEGATIVE,0.9933964014053345,commentary,comedy,"funny,dramatic,informative",0.9800116419792175
22467,Krishna Mahamantra - Hare Krishna,"May 2, 2024, 4:07:18 AM PST",Tutorial,,POSITIVE,0.9951777458190918,guide,information,"informative,dramatic,serious",0.012921174988150597
21628,Family is so important ❤️👏 #shorts,"May 9, 2024, 5:08:04 PM PST",Shorts,,POSITIVE,0.963911771774292,guide,unknown,"casual,informative,personal",0.9729787111282349
22468,Shree Siddhivinayak Mantra And Aarti,"May 2, 2024, 4:00:22 AM PST",Music,Music Mix,POSITIVE,0.902162492275238,unknown,unknown,,0.916804850101471
22044,【難易度アップ】今回は何TAKEかかったでしょう… #ヲタ芸 #ゼロ打ち,"May 6, 2024, 12:42:00 AM PST",Entertainment,,NEGATIVE,0.9268511533737183,reaction,information,"dramatic,funny,serious,informative,casual,personal,professional",0.6921438574790955
22469,StarTalk Podcast: Everyday Astrophysics with Neil deGrasse Tyson and Russell Peters,"May 1, 2024, 10:59:34 PM PST",Podcast,,POSITIVE,0.9887836575508118,guide,information,"informative,professional,funny",0.9805663824081421
21629,【今回はやばい】これは何TAKEだと思う？？#ヲタ芸,"May 9, 2024, 5:07:48 PM PST",Entertainment,,NEGATIVE,0.9752285480499268,reaction,information,"dramatic,funny,serious,informative,casual,personal,professional",0.6698089838027954
22470,Toy Story: Woody thinks he's in an edit,Mark Cannataro Films,Entertainment,,NEGATIVE,0.9967707395553589,reaction,storytelling,"funny,dramatic,informative,professional",0.2776782512664795
22045,I'm surprised he could hear me over the noisy wind 💨 ONE SHOT Basilisk Setup at the End!,"May 6, 2024, 12:41:31 AM PST",Comedy,,NEGATIVE,0.9891175627708435,commentary,information,"dramatic,funny,informative,serious,personal",0.6079613566398621
21630,He Received The Greatest Complaint Ever (@theswingman9437),"May 9, 2024, 5:07:34 PM PST",News,,NEGATIVE,0.9780389666557312,news,storytelling,"dramatic,serious,personal,funny,informative",0.7364132404327393
22471,Cops Wrongfully Detained Us For Assault! #Part2,"May 1, 2024, 7:01:08 PM PST",News,,NEGATIVE,0.930391788482666,news,information,"serious,dramatic,informative,personal,funny",0.899269163608551
21631,Mere Dholna Late Night | Ananya X Stereo India,"May 9, 2024, 5:07:30 PM PST",Music,Music Mix,NEGATIVE,0.9823960065841675,unknown,unknown,,0.9961181879043579
22472,see you again soon Boston 🖤 #lovemetour #wethree #livemusic,"May 1, 2024, 7:00:40 PM PST",Music,Live Performance,POSITIVE,0.9938961863517761,unknown,unknown,,0.9832069873809814
22046,Anonymous Edit: 2nd Fastest Triple Shot Since 1873... Thank You! #tripleshot #gunfighter #rdr2 #saa,"May 6, 2024, 12:41:21 AM PST",Sports,,POSITIVE,0.9978579878807068,news,information,"informative,dramatic,personal,professional,funny,serious",0.7633028626441956
21632,The genius sniper proved his innocence…😨,"May 9, 2024, 5:07:27 PM PST",News,,POSITIVE,0.9962097406387329,news,information,"dramatic,professional,funny,informative,serious,personal",0.8430669903755188
22473,Buying Gfuel FAIL (CAPTURED),"May 1, 2024, 7:00:37 PM PST",Gaming,Review,NEGATIVE,0.9997555613517761,news,information,"serious,dramatic,informative",0.3977196514606476
22047,How to land a spaceship (Not) | m4tchitehew on #Twitch,"May 6, 2024, 12:41:19 AM PST",Tutorial,,NEGATIVE,0.9967071413993835,tutorial,information,"dramatic,serious,funny,informative",0.9164870381355286
21633,When #GordonRamsay Wants You To Scream At Him #hellskitchen,"May 9, 2024, 5:07:22 PM PST",Comedy,,NEGATIVE,0.9884073138237,reaction,comedy,"dramatic,funny,personal,informative",0.9885998368263245
22474,He stood up on the table 😂,"May 1, 2024, 6:59:49 PM PST",Comedy,,POSITIVE,0.9970683455467224,reaction,comedy,"funny,dramatic,informative,personal,casual,professional,serious",0.9839633703231812
22048,Clutch Catch ❤️🏈 #shorts,"May 6, 2024, 12:41:01 AM PST",Shorts,,NEGATIVE,0.9801803827285767,reaction,entertainment,"dramatic,funny,informative,professional,casual",0.9663687348365784
21634,How many layers of seasoning to cook eggs with no oil?,"May 9, 2024, 5:06:30 PM PST",Technology,,NEGATIVE,0.9979494214057922,guide,information,"informative,serious,funny,dramatic,professional",0.46165385842323303
22049,They Set Him Up,"May 6, 2024, 12:40:51 AM PST",News,,POSITIVE,0.9962320923805237,guide,information,"professional,dramatic,serious,informative,funny",0.7449840903282166
21635,Best pasta in New York City,"May 9, 2024, 5:06:14 PM PST",Reviews,,POSITIVE,0.9996225833892822,review,information,"informative,dramatic,professional,serious",0.17261341214179993
22475,Unexpected encounters ✋ The challenges of drone filming in public 🚁  #cambridge #dronefilming #dji,"May 1, 2024, 6:59:24 PM PST",Technology,,POSITIVE,0.9744364619255066,reaction,unknown,"informative,dramatic,funny,serious",0.8047713041305542
22050,Mustang had to flex the burnout,"May 6, 2024, 12:40:32 AM PST",Reviews,,NEGATIVE,0.9921600222587585,news,information,"dramatic,serious,informative,personal,funny",0.0741361752152443
21636,https://www.youtube.com/watch?v=8ZA5rJqrzh0,"May 9, 2024, 5:05:59 PM PST",Entertainment,,NEGATIVE,0.9505094289779663,reaction,information,"informative,funny,dramatic,serious,professional",0.718005359172821
22476,Balloon can't touch the ground: Government testing facility,"May 1, 2024, 6:59:20 PM PST",Technology,,NEGATIVE,0.9921894073486328,news,information,"dramatic,serious,informative,funny,professional",0.7844435572624207
22051,What’s your opinion on this smoke? 🤔‼️ #cs2 #counterstrike #cs2smokes #dust2smokes #fakebsmoke,"May 6, 2024, 12:40:30 AM PST",Technology,,NEGATIVE,0.9992584586143494,commentary,information,"dramatic,serious,funny,informative",0.3269016444683075
21637,Búnker Bravo - Piso 4 | Last Day on Earth: Survival #lastdayonearth #ldoe,"May 9, 2024, 5:05:52 PM PST",Podcast,,NEGATIVE,0.9735766649246216,guide,storytelling,"serious,informative,dramatic,funny,professional",0.8457806706428528
22477,"DJ The biggest accident scene⚠️⚠️⚠️
#djsally#dj","May 1, 2024, 6:58:23 PM PST",Music,Music Mix,NEGATIVE,0.9845273494720459,unknown,unknown,,0.8812896013259888
22052,Literally me (A 74 year old professor),"May 6, 2024, 12:40:01 AM PST",Education,Lecture,POSITIVE,0.9626678824424744,guide,education,"personal,professional,serious,dramatic,informative,funny",0.9217854142189026
22478,Best interaction ever with the girl voice 😂 #shorts #drivethru,"May 1, 2024, 6:57:22 PM PST",Shorts,,POSITIVE,0.9985692501068115,reaction,entertainment,"funny,informative,dramatic,casual,personal",0.9941574335098267
22053,https://www.youtube.com/watch?v=kVbKZNT0y-E,"May 6, 2024, 12:40:00 AM PST",Entertainment,,NEGATIVE,0.9503492116928101,reaction,information,"informative,funny,dramatic,serious,professional,casual",0.7805420756340027
21638,What would you have done ? 👀  #bikerchick #motorcycle #motorcyclegirl #bikegirl #biker,"May 9, 2024, 5:05:03 PM PST",Entertainment,,NEGATIVE,0.9964794516563416,commentary,storytelling,"informative,funny,dramatic,personal,serious",0.10642912238836288
22479,Casino. Watch out for the Puffy Coats.,"May 1, 2024, 6:57:16 PM PST",Gaming,Gaming News,POSITIVE,0.9987220168113708,guide,information,"informative,dramatic,serious,funny",0.960675060749054
22054,"The OG, Lazey Hazey, Furbaby #recoverylife #simplelife","May 6, 2024, 12:39:46 AM PST",Podcast,,NEGATIVE,0.9743044972419739,guide,information,"casual,informative,funny,personal",0.06268459558486938
21639,This is why they say time is money #ubereats #doordash #shorts,"May 9, 2024, 5:04:13 PM PST",Shorts,,NEGATIVE,0.9978935122489929,commentary,analysis,"informative,serious,dramatic,funny",0.9847071766853333
22480,Porter Robinson: Never Underestimate ONE Note,"May 1, 2024, 6:56:44 PM PST",Music,Music Review,POSITIVE,0.9825794696807861,unknown,unknown,,0.6256328821182251
22055,This Is Why We Love Gym Bros  #gymmotivation,"May 6, 2024, 12:39:23 AM PST",Sports,,POSITIVE,0.9800106287002563,guide,information,"informative,funny,dramatic",0.27199292182922363
21640,https://www.youtube.com/watch?v=Mot-Z-poSsM,"May 9, 2024, 5:04:11 PM PST",Music,Official Music Video,NEGATIVE,0.9868040680885315,unknown,unknown,,0.8160213232040405
22481,Polite Catcalling,"May 1, 2024, 6:56:11 PM PST",Entertainment,,POSITIVE,0.9976547956466675,commentary,entertainment,"casual,professional,funny,informative",0.8201228380203247
22056,i gotchu #geo #geography #geowizard #geoguessr,"May 6, 2024, 12:39:05 AM PST",Tutorial,,NEGATIVE,0.9880378246307373,guide,information,"informative,serious,professional,dramatic,funny",0.17523612082004547
21641,Giving disposable cameras to strangers,"May 9, 2024, 5:03:46 PM PST",Technology,,NEGATIVE,0.9984011054039001,news,information,"informative,casual,dramatic,funny,serious",0.7144257426261902
22482,i swear i'm not cheating,"May 1, 2024, 6:56:09 PM PST",Technology,,POSITIVE,0.9992013573646545,unknown,storytelling,"professional,casual",0.28257063031196594
22057,kyedae and tenz vs a fly,"May 6, 2024, 12:38:51 AM PST",Entertainment,,NEGATIVE,0.5723775029182434,gameplay,analysis,"informative,dramatic,serious,funny",0.24635358154773712
22483,The CUTEST hotel owner in Vietnam! 🇻🇳,"May 1, 2024, 6:55:09 PM PST",Reviews,,POSITIVE,0.9992996454238892,news,entertainment,"professional,informative,funny,personal",0.13706588745117188
22058,Did you miss it? #shorts,"May 6, 2024, 12:38:47 AM PST",Shorts,,NEGATIVE,0.9944674968719482,news,information,"casual,funny,informative",0.965050995349884
21642,Indian man surprised me how he beat at darbuka😱 #alrafaelo #darbuka #india,"May 9, 2024, 5:03:29 PM PST",Sports,,POSITIVE,0.9943733215332031,news,entertainment,"dramatic,funny,informative,personal,serious",0.9730742573738098
22484,Filian roasted his mother to his face,"May 1, 2024, 6:54:40 PM PST",Comedy,,NEGATIVE,0.9698863625526428,reaction,comedy,"personal,dramatic,serious,funny,informative",0.7632827758789062
21643,Thank you 116 Millions Views,"May 9, 2024, 5:03:20 PM PST",Entertainment,,POSITIVE,0.9997465014457703,reaction,information,"dramatic,informative,funny,serious,professional",0.6202377676963806
22485,www.sciencebuddies.org for instructions - Engineering vs Nature: Automatic Pet Door,"May 1, 2024, 6:54:05 PM PST",Tutorial,,NEGATIVE,0.9822372794151306,guide,information,"informative,serious,funny,dramatic",0.7241101861000061
22059,Better luck next time 😭😂 #bikelife #bikergirl #motorcycle #moto #biker,"May 6, 2024, 12:38:36 AM PST",Comedy,,NEGATIVE,0.7427428364753723,reaction,comedy,"funny,dramatic,personal,serious,informative",0.7241753935813904
21644,Voicing Mirage from Transformers: Rise of the Beasts,"May 9, 2024, 5:02:19 PM PST",Entertainment,,POSITIVE,0.9711996912956238,reaction,entertainment,"dramatic,informative,professional,funny,serious",0.6650553345680237
21645,10 Year Old Carries Stoner To First Win 😂,"May 9, 2024, 5:02:17 PM PST",Comedy,,POSITIVE,0.999631404876709,reaction,comedy,"funny,dramatic,personal,informative",0.9915786385536194
22060,When you want to test out a hack but you forget what you look like 😂💀 #shorts,"May 6, 2024, 12:38:17 AM PST",Shorts,,NEGATIVE,0.9980852603912354,reaction,comedy,"funny,dramatic,personal,informative,casual",0.9837257862091064
22486,when malfoy met malfoy! miwallbank meets tom felton #beyondthewand #dracomalfoy #tiktok,"May 1, 2024, 6:53:37 PM PST",Entertainment,,POSITIVE,0.7852611541748047,news,comedy,"dramatic,funny,informative,serious",0.9225323796272278
21646,This woman was so kind to me I’m blown away 🥹 thank you!!!,"May 9, 2024, 5:02:03 PM PST",Reviews,,POSITIVE,0.9553084969520569,reaction,information,"personal,dramatic,informative,funny",0.37022197246551514
22061,Who can pick up my Great Dane #greatdane #shorts #short #tall #puppy,"May 6, 2024, 12:37:55 AM PST",Shorts,,NEGATIVE,0.9816815257072449,commentary,entertainment,"personal,casual,informative,funny,dramatic,serious",0.8441236019134521
22487,Floppy disk loot is bruh - Last day on earth: Survival #lastdayonearth,"May 1, 2024, 6:51:11 PM PST",News,,NEGATIVE,0.9977505803108215,commentary,storytelling,"serious,dramatic,informative,funny",0.016059482470154762
21647,Chess Master Pretends To Be A Beginner ♟️#chessmaster #grandmaster,"May 9, 2024, 5:01:39 PM PST",Tutorial,,NEGATIVE,0.9996110796928406,guide,storytelling,"casual,funny,informative,dramatic",0.33167406916618347
22488,leaf matching,"May 1, 2024, 6:51:09 PM PST",Reviews,,POSITIVE,0.9946094751358032,guide,information,"informative,dramatic,serious,professional,funny,casual",0.4399489164352417
21648,That'll show him (in Runescape),"May 9, 2024, 5:01:31 PM PST",Gaming,Gameplay,POSITIVE,0.9972825050354004,gameplay,storytelling,"informative,dramatic,serious,personal,professional,funny",0.9824321269989014
22062,Ahorra arma Génesis en el CDT | Last Day on Earth: Survival #lastdayonearth #ldoe #gaming,"May 6, 2024, 12:37:21 AM PST",Gaming,Gameplay,NEGATIVE,0.9522678852081299,gameplay,information,"dramatic,informative,funny",0.8767822980880737
21649,Day 63 - mid ahh omelette,"May 9, 2024, 5:00:32 PM PST",Entertainment,,NEGATIVE,0.9822434782981873,reaction,entertainment,"casual,funny,informative,dramatic",0.0707167536020279
22489,world’s 1st person to bite an apple & kick an inflatable eyeball at an LED wall to announce a tour.,"May 1, 2024, 6:50:56 PM PST",Entertainment,,NEGATIVE,0.5274966359138489,news,information,"dramatic,funny,informative,serious,professional",0.8425123691558838
21650,Border Security breaks open phones looking for narcotics #borderforce,"May 9, 2024, 4:59:31 PM PST",News,,NEGATIVE,0.9902712106704712,news,information,"serious,dramatic,informative,professional",0.047794610261917114
22063,踊りたいのに一緒に踊ってくれないから諦めてヲタ芸,"May 6, 2024, 12:37:07 AM PST",Technology,,NEGATIVE,0.8858349323272705,reaction,information,"dramatic,funny,serious,personal,informative,casual",0.609752893447876
22490,most bannable wall in valorant 😲,"May 1, 2024, 6:50:33 PM PST",Reviews,,NEGATIVE,0.9675547480583191,reaction,analysis,"dramatic,serious,informative,funny,professional",0.368182510137558
21651,shadow finding,"May 9, 2024, 4:59:21 PM PST",Technology,,NEGATIVE,0.5911515355110168,guide,analysis,"informative,dramatic,casual,serious,funny",0.15862128138542175
22491,New Choice! | IMPROV GAME #improv #improvgame #newchoice #improvbroadway,"May 1, 2024, 6:49:30 PM PST",Comedy,,POSITIVE,0.5584919452667236,news,comedy,"funny,informative,dramatic",0.9190500974655151
21652,Fire department takes homeowner’s pool water to fight forest fire. Hot Verdict by lawyers Mike & Ugo,"May 9, 2024, 4:58:55 PM PST",News,,NEGATIVE,0.9201790690422058,news,information,"dramatic,serious,informative,funny",0.3605831563472748
22064,【TikTok3500万再生】NG兄妹の成長記録 #ヲタ芸,"May 6, 2024, 12:36:51 AM PST",Entertainment,,NEGATIVE,0.9688011407852173,reaction,information,"dramatic,serious,informative,funny,professional,personal,casual",0.7526730895042419
22492,Saving Private Ryan,"May 1, 2024, 6:49:29 PM PST",Entertainment,,POSITIVE,0.9994446635246277,reaction,storytelling,"dramatic,informative,serious,personal,funny",0.18650145828723907
21653,Uber Passenger Spontaneously Runs Through Water Fountain,"May 9, 2024, 4:58:54 PM PST",Technology,,NEGATIVE,0.9263960719108582,reaction,storytelling,"casual,dramatic,funny,informative,personal",0.9726132750511169
22065,Wholesome Gym Interaction (@ev.k217),"May 5, 2024, 9:26:27 PM PST",Sports,,POSITIVE,0.9976741671562195,gameplay,entertainment,"professional,informative,funny",0.9889517426490784
22493,If your Therapist told you the Truth #airuppartner,"May 1, 2024, 6:49:19 PM PST",Podcast,,NEGATIVE,0.9888327121734619,news,storytelling,"professional,informative,serious,dramatic,funny,personal",0.6363546252250671
21654,When you meet her mom,"May 9, 2024, 4:58:45 PM PST",Entertainment,,POSITIVE,0.997890293598175,reaction,information,"personal,informative,dramatic,serious,funny,casual",0.2663004696369171
22066,Police Officer Couldn't Resist! 😂 #shorts,"May 5, 2024, 9:26:23 PM PST",Comedy,,POSITIVE,0.825839638710022,reaction,comedy,"funny,dramatic,informative,casual,professional",0.9930717945098877
22494,Sending a Risky text in 1450,"May 1, 2024, 6:48:18 PM PST",Reviews,,NEGATIVE,0.9811946749687195,commentary,information,"serious,dramatic,informative,funny",0.3808116316795349
21655,Burning In The Skies (Official International Video) - Linkin Park,"May 9, 2024, 4:18:06 PM PST",Music,Official Music Video,POSITIVE,0.9957838654518127,unknown,unknown,,0.9942744374275208
22495,My girlfriend went to Miami for Spring Break WITHOUT ME,"May 1, 2024, 6:47:16 PM PST",Entertainment,,POSITIVE,0.6570411920547485,reaction,information,"personal,serious,dramatic,informative,funny,casual",0.30082985758781433
22067,HAHAHAH VERY FUNNY #alittletotheleft #gaming #puzzle #queer #heykipp,"May 5, 2024, 9:25:22 PM PST",Entertainment,,POSITIVE,0.9972535967826843,gameplay,comedy,"funny,informative",0.9375640153884888
22496,“The Truthful Therapist”,"May 1, 2024, 6:47:01 PM PST",Podcast,,POSITIVE,0.9962514042854309,guide,information,"professional,informative,serious,dramatic",0.008995633572340012
22068,Come Play Bugs In The Kitchen With Us! #boardgames #couple,"May 5, 2024, 9:24:17 PM PST",Entertainment,,POSITIVE,0.7852636575698853,gameplay,entertainment,"funny,informative,casual,dramatic",0.9556098580360413
21656,ДОНАТ ПРОДЛЕВАЕТ СТРИМ| Всех с праздником! | Гильдия Тактиков,"May 9, 2024, 4:01:19 PM PST",Podcast,,POSITIVE,0.7997629642486572,reaction,information,"dramatic,serious,informative,funny,personal,professional,casual",0.7676207423210144
22497,Addicted to astrology,"May 1, 2024, 6:46:17 PM PST",Tutorial,,NEGATIVE,0.7298099398612976,reaction,unknown,"dramatic,serious,informative,funny",0.004461733624339104
22069,Im for sure losing my mind playing this game  | ssuperginger on #Twitch,"May 5, 2024, 9:24:07 PM PST",Gaming,Gameplay,NEGATIVE,0.9997969269752502,gameplay,entertainment,"dramatic,funny,personal",0.9867583513259888
21657,Everything Goes On - Porter Robinson (Official Music Video) | Star Guardian 2022,"May 9, 2024, 4:00:18 PM PST",Music,Official Music Video,POSITIVE,0.9618003368377686,unknown,unknown,,0.9892762303352356
22498,Drake Fans Right Now,"May 1, 2024, 6:45:56 PM PST",Music,Music Mix,POSITIVE,0.9995725750923157,unknown,unknown,,0.9689686894416809
22070,How To Carry BOTS To a Win 😂,"May 5, 2024, 9:23:34 PM PST",Comedy,,POSITIVE,0.9986706972122192,guide,comedy,"funny,dramatic,informative,professional",0.9817367792129517
22499,This Therapist Tells the Truth,"May 1, 2024, 6:44:55 PM PST",News,,POSITIVE,0.9970036149024963,news,information,"professional,informative,serious,dramatic,personal",0.260622501373291
21658,Porter Robinson - Cheerleader (Official Music Video),"May 9, 2024, 3:56:13 PM PST",Entertainment,,POSITIVE,0.9944370985031128,reaction,entertainment,"professional,informative,funny,dramatic",0.980226457118988
22071,Communication is key #couple #gaming #wewereheretogether #twitch,"May 5, 2024, 9:22:49 PM PST",Gaming,Esports,NEGATIVE,0.9753055572509766,guide,entertainment,"informative,funny,dramatic",0.9900915622711182
22500,Saving Private Ryan,"May 1, 2024, 6:44:04 PM PST",Entertainment,,POSITIVE,0.9994446635246277,reaction,storytelling,"dramatic,informative,serious,personal,funny",0.18650145828723907
21659,Can We Solve the Biggest Puzzle in Computer Science: P vs. NP,"May 9, 2024, 3:29:00 PM PST",Podcast,,NEGATIVE,0.582912027835846,news,unknown,"serious,informative,dramatic,professional",0.02548814006149769
22072,"I call this the 'No, You Don't' Law","May 5, 2024, 9:21:51 PM PST",Shorts,,NEGATIVE,0.99893718957901,guide,unknown,"serious,informative,dramatic,professional",0.022946245968341827
21660,The Paradox of Sleep with Matthew Walker & Neil deGrasse Tyson,"May 9, 2024, 3:12:40 PM PST",Podcast,,POSITIVE,0.8502429127693176,review,entertainment,"informative,dramatic,serious,professional",0.9652141332626343
22501,https://www.youtube.com/watch?v=-dNpC6CVYhM,"May 1, 2024, 2:16:59 PM PST",Entertainment,,NEGATIVE,0.956229567527771,reaction,information,"informative,funny,dramatic,serious,professional",0.7070684432983398
21661,Joe Rogan Reacts to Dana White Being Called Joe Rogan,"May 9, 2024, 3:11:59 PM PST",Sports,,POSITIVE,0.6138862371444702,reaction,information,"funny,dramatic,informative,serious,personal",0.9243241548538208
22502,#15 pro max husband,"May 1, 2024, 2:16:53 PM PST",Reviews,,POSITIVE,0.9700533151626587,guide,information,"professional,informative,serious,dramatic,funny,personal",0.3486144244670868
22073,⭐️ may the force be with you ⭐️ #disney #disneythemepark #themepark #disneyparks #hollywoodstudiod,"May 5, 2024, 9:21:44 PM PST",Entertainment,,POSITIVE,0.9905864596366882,reaction,information,"informative,dramatic,serious,funny,professional",0.864749014377594
21662,Shy Singer Reveals She Has A FAMOUS Grandmother,"May 9, 2024, 3:11:24 PM PST",News,,POSITIVE,0.9911884069442749,news,information,"informative,personal,dramatic,serious,funny",0.9706953763961792
22074,I Gave a Lift to a New Mom,"May 5, 2024, 9:21:14 PM PST",Tutorial,,POSITIVE,0.9995409250259399,guide,information,"personal,informative,dramatic,funny,serious,casual",0.38979706168174744
22503,Day 5 - Manas Rudra Sanhita | Ram Katha 935 - Rudraprayag | 01/05/2024 | Morari Bapu,"May 1, 2024, 1:46:58 PM PST",Music,Behind the Scenes,NEGATIVE,0.6742782592773438,unknown,unknown,,0.2420826554298401
22075,https://www.youtube.com/watch?v=tjSS7C-uvWg,"May 5, 2024, 9:20:18 PM PST",Entertainment,,NEGATIVE,0.96073979139328,reaction,information,"informative,funny,dramatic,serious,professional",0.7671106457710266
21663,"My supportive dad soundproofed my room! ✨ It works great, I can’t hear a thing 😀👍🏽 #shorts","May 9, 2024, 3:10:52 PM PST",Shorts,,POSITIVE,0.9996589422225952,news,entertainment,"personal,funny,professional,informative,dramatic,casual",0.982375979423523
22504,Laal Peeli Akhiyaan,"May 1, 2024, 12:38:45 PM PST",Entertainment,,NEGATIVE,0.725419282913208,reaction,information,"informative,dramatic,serious,funny,professional,casual",0.4372348189353943
21664,SINATRAA REACTS TO TENZ AIMBOT..,"May 9, 2024, 3:10:37 PM PST",Technology,,NEGATIVE,0.9530332088470459,reaction,information,"dramatic,serious,informative,funny,professional,personal",0.8359525203704834
22505,Right Here Right Now,"May 1, 2024, 12:35:42 PM PST",News,,POSITIVE,0.9991815686225891,news,information,"dramatic,casual,informative,serious,professional,funny,personal",0.6382302045822144
22076,Híbrido Necrótico ¡AL LÍMITE! | Last Day on Earth : Survival #lastdayonearth #ldoe #gaming,"May 5, 2024, 9:19:21 PM PST",Gaming,Gameplay,NEGATIVE,0.9475075006484985,gameplay,information,"dramatic,informative,funny,serious",0.7701778411865234
22506,Aaj Na,"May 1, 2024, 12:32:29 PM PST",Comedy,,POSITIVE,0.5144397020339966,reaction,information,"dramatic,informative,funny,serious,casual,personal,professional",0.5406954884529114
21665,The dad knew the objective😎 #airsoft #shorts #fyp #wholesome #giveaway #family,"May 9, 2024, 3:10:00 PM PST",Shorts,,POSITIVE,0.9008686542510986,guide,entertainment,"informative,funny,casual,dramatic",0.9638143181800842
22507,Rangisari,"May 1, 2024, 12:28:46 PM PST",Entertainment,,POSITIVE,0.9983530044555664,reaction,information,"dramatic,professional,informative,serious,funny,personal",0.5205918550491333
21666,Accidentally Insulting a Girl in Japan 💀💀 #Shorts,"May 9, 2024, 3:09:48 PM PST",Shorts,,NEGATIVE,0.9994342923164368,reaction,comedy,"funny,dramatic,personal,informative",0.9398040175437927
22077,Smoothhhh Criminal... | the_cosmic_king on #Twitch #amongus #killer #lol #haha #lmfao #lmao #scary #,"May 5, 2024, 9:19:19 PM PST",Gaming,Gameplay,NEGATIVE,0.9902132153511047,commentary,information,"dramatic,funny,informative",0.06590322405099869
22508,Bure Bure Boro Boro,"May 1, 2024, 12:28:44 PM PST",Comedy,,NEGATIVE,0.9784729480743408,reaction,comedy,"dramatic,informative,funny,serious",0.8009188771247864
21667,Boing boing in the lecture hall at USC,"May 9, 2024, 3:09:36 PM PST",Education,Lecture,POSITIVE,0.672149658203125,reaction,education,"dramatic,funny,professional,informative",0.8507974743843079
22509,Hass Hass,"May 1, 2024, 12:28:42 PM PST",Comedy,,POSITIVE,0.948603093624115,reaction,information,"dramatic,serious,informative,funny,personal",0.412345826625824
22078,https://www.youtube.com/watch?v=8nzXz61Sdvo,"May 5, 2024, 9:19:01 PM PST",Entertainment,,NEGATIVE,0.9477707743644714,reaction,information,"informative,funny,dramatic,serious,professional",0.7539814114570618
21668,Lactose intolerance is a choice #drivethru,"May 9, 2024, 3:09:34 PM PST",Technology,,NEGATIVE,0.9879891872406006,news,information,"informative,serious,dramatic,funny,personal,casual",0.08070105314254761
22079,I didn’t expect that to happen 😂🗣️,"May 5, 2024, 9:18:00 PM PST",Comedy,,POSITIVE,0.985175609588623,news,comedy,"funny,dramatic,personal,informative,serious",0.9233300685882568
22510,"Besharam Rang (From ""Pathaan"")","May 1, 2024, 12:24:36 PM PST",Music,Cover Song,NEGATIVE,0.88443523645401,unknown,unknown,,0.8684067130088806
21669,Makhna,"May 9, 2024, 3:03:37 PM PST",Music,Official Music Video,NEGATIVE,0.8818078637123108,unknown,unknown,,0.36648210883140564
22080,That Sound Game #beatbox #tiktok,"May 5, 2024, 9:17:44 PM PST",Entertainment,,POSITIVE,0.65011066198349,gameplay,entertainment,"informative,funny,dramatic",0.9488095641136169
22511,Chor,"May 1, 2024, 12:21:07 PM PST",Music,Concert Recording,NEGATIVE,0.98454350233078,unknown,unknown,,0.9883317351341248
21670,Akhiyaan Gulaab,"May 9, 2024, 3:02:38 PM PST",Comedy,,NEGATIVE,0.8898099064826965,reaction,information,"informative,dramatic,funny,serious,professional,casual,personal",0.6217514276504517
22081,You HAVE to try this....like right now❗😲,"May 5, 2024, 9:17:43 PM PST",Entertainment,,POSITIVE,0.9803682565689087,news,entertainment,"funny,serious,dramatic,informative,personal,professional,casual",0.8646957874298096
22512,Khalasi | Coke Studio Bharat,"May 1, 2024, 12:16:49 PM PST",Entertainment,,NEGATIVE,0.9703730344772339,reaction,entertainment,"professional,informative,dramatic,funny,serious,casual",0.9193496108055115
21671,"Ishq Mitaye (From ""Amar Singh Chamkila"")","May 9, 2024, 2:58:03 PM PST",Comedy,,NEGATIVE,0.6274942755699158,guide,storytelling,"informative,dramatic,funny,serious,professional",0.644418478012085
22082,Police Officers Couldn't Believe That We Found This Magnet Fishing,"May 5, 2024, 9:16:53 PM PST",Technology,,NEGATIVE,0.9876513481140137,reaction,comedy,"dramatic,funny,serious,informative,personal",0.7664853930473328
22513,Porter Robinson - Cheerleader (Official Music Video),"May 1, 2024, 9:55:15 AM PST",Entertainment,,POSITIVE,0.9944370985031128,reaction,entertainment,"professional,informative,funny,dramatic",0.980226457118988
21672,Tokyo Nights,"May 9, 2024, 2:57:59 PM PST",Entertainment,,POSITIVE,0.9978712797164917,reaction,entertainment,"dramatic,informative,funny,casual",0.9792371392250061
22083,Musician Learns Song By Ear And Shocks Strangers,"May 5, 2024, 9:16:42 PM PST",Music,Cover Song,POSITIVE,0.9966539144515991,unknown,unknown,,0.9765400886535645
22514,#newchoice #change #whoselineisitanyway #shootfromthehip #improvbroadway,"May 1, 2024, 7:17:04 AM PST",Comedy,,NEGATIVE,0.9859944581985474,commentary,comedy,"funny,dramatic,informative,casual,personal",0.9737765789031982
21673,Qaafirana,"May 9, 2024, 2:57:58 PM PST",Entertainment,,POSITIVE,0.8197463750839233,reaction,information,"dramatic,serious,informative,professional,funny",0.3238312602043152
22084,The Four Horsemen of Perfect Design,"May 5, 2024, 9:16:26 PM PST",Technology,,POSITIVE,0.999855637550354,guide,information,"professional,dramatic,informative,serious",0.004507279954850674
22515,CULTURE SHOCK! Her First Time in a Hostel,"May 1, 2024, 7:15:57 AM PST",News,,POSITIVE,0.9991614818572998,reaction,information,"dramatic,serious,personal,funny,informative",0.9036121368408203
21674,PICHLE SAAT DINON MEIN,"May 9, 2024, 2:57:57 PM PST",Music,Official Music Video,NEGATIVE,0.9810876846313477,unknown,unknown,,0.7131052613258362
22516,Mere Ghar Ram Aaye Hain,"May 1, 2024, 4:33:25 AM PST",Comedy,,NEGATIVE,0.9687303304672241,reaction,storytelling,"funny,informative,casual,dramatic,serious,personal,professional",0.8573362231254578
21675,do-re-mi-fa-so-la-ti-do,"May 9, 2024, 2:57:23 PM PST",Music,Music Mix,NEGATIVE,0.9970088601112366,unknown,unknown,,0.8457382321357727
22085,I REALLY SCARED HIM ASSASIN'S CREED UNITY #acunity #gameplay #gaming #games #automobile #shorts,"May 5, 2024, 9:15:55 PM PST",Gaming,Gameplay,NEGATIVE,0.9993124008178711,gameplay,entertainment,"dramatic,informative,personal,funny",0.9445814490318298
22517,Shree Siddhivinayak Mantra And Aarti,"May 1, 2024, 4:26:30 AM PST",Music,Music Mix,POSITIVE,0.902162492275238,unknown,unknown,,0.916804850101471
21676,Lutt Putt Gaya,"May 9, 2024, 2:53:39 PM PST",Sports,,NEGATIVE,0.994986891746521,gameplay,information,"informative,dramatic,professional,funny,serious,casual",0.9884828925132751
22518,Dwarving around in Crossroads of Mysteries event | Lords of War and Money,"May 1, 2024, 12:12:43 AM PST",Podcast,,POSITIVE,0.7769784331321716,reaction,entertainment,"funny,informative",0.014647332020103931
21677,Tum Se,"May 9, 2024, 10:31:04 AM PST",Entertainment,,NEGATIVE,0.9600706696510315,reaction,information,"dramatic,informative,serious,funny,casual,personal,professional",0.4372269809246063
22086,#fun #trending #amazing #beautiful #best #foryou #fypシ #viral #pilotlife #foryoupage #enjoy,"May 5, 2024, 9:15:25 PM PST",Entertainment,,POSITIVE,0.9976345300674438,reaction,entertainment,"funny,informative,dramatic",0.8803550601005554
22519,Watchers Guild Race Announcement,"May 1, 2024, 12:12:28 AM PST",News,,POSITIVE,0.9109653234481812,news,information,"informative,dramatic,serious,professional,funny",0.9543562531471252
21678,"Janiye (from the Netflix Film ""Chor Nikal Ke Bhaga"")","Janiye (from the Netflix Film ""Chor Nikal Ke Bhaga"")",Comedy,,NEGATIVE,0.9399725198745728,reaction,storytelling,"dramatic,funny,informative,serious",0.8576694130897522
22520,Lil Nas X - STAR WALKIN' (League of Legends Worlds Anthem),"Apr 30, 2024, 8:14:27 PM PST",Music,Cover Song,POSITIVE,0.9803347587585449,unknown,unknown,,0.9962499737739563
21679,Husn,"May 9, 2024, 10:23:43 AM PST",Tutorial,,POSITIVE,0.9368075132369995,reaction,information,"serious,dramatic,personal,informative,funny,professional",0.07255077362060547
22087,Intellectual Bonks #eldenring #eldenringclips #eldenringgameplay #eldenringpvp #fyp #elden_ring,"May 5, 2024, 9:15:04 PM PST",Gaming,Gameplay,NEGATIVE,0.8177478313446045,gameplay,information,"informative,funny",0.7140904068946838
22521,Owl City - Fireflies (Said The Sky Remix),"Apr 30, 2024, 8:09:02 PM PST",Music,Music Mix,POSITIVE,0.7278736233711243,unknown,unknown,,0.9975607991218567
22088,I Can’t Do That || How I Met Your Mother #himym,"May 5, 2024, 9:14:18 PM PST",Entertainment,,NEGATIVE,0.9978209733963013,reaction,storytelling,"serious,dramatic,funny,informative,personal",0.9199679493904114
21680,"Pehla Nasha Pehla khumar Full HD l Udit Narayan,Sadhana sargaml Jo jeeta wohi sikandar","May 9, 2024, 10:23:31 AM PST",Comedy,,NEGATIVE,0.9864887595176697,reaction,comedy,"dramatic,funny,informative,professional,serious,personal",0.9558050036430359
22522,Madeon - Pay No Mind ft. Passion Pit,"Apr 30, 2024, 8:05:26 PM PST",Music,Official Music Video,NEGATIVE,0.9963386058807373,unknown,unknown,,0.998786985874176
21681,Jo Bhi Main,"May 9, 2024, 10:19:09 AM PST",Comedy,,POSITIVE,0.9616501331329346,reaction,storytelling,"dramatic,informative,funny,serious,casual,professional,personal",0.9107761383056641
22523,Porter Robinson - Musician (Together Live 2022: perfect version),"Apr 30, 2024, 8:00:43 PM PST",Music,Live Performance,POSITIVE,0.998790442943573,unknown,unknown,,0.9960923194885254
22089,So cute 😂 Mime SeaWorld #meganthemime #seaworldmime #seaworldorlando,"May 5, 2024, 9:14:15 PM PST",Entertainment,,POSITIVE,0.9933862090110779,reaction,entertainment,funny,0.9422227740287781
21682,Laal Peeli Akhiyaan,"May 9, 2024, 10:16:02 AM PST",Entertainment,,NEGATIVE,0.725419282913208,reaction,information,"informative,dramatic,serious,funny,professional,casual",0.4372348189353943
22524,Porter Robinson - Knock Yourself Out (Nurture Voice Version),"Apr 30, 2024, 7:57:53 PM PST",Podcast,,NEGATIVE,0.9950798749923706,guide,information,"serious,dramatic,informative,professional,personal,funny",0.9601786136627197
21683,Khalasi | Coke Studio Bharat,"May 9, 2024, 10:11:44 AM PST",Entertainment,,NEGATIVE,0.9703730344772339,reaction,entertainment,"professional,informative,dramatic,funny,serious,casual",0.9193496108055115
22090,Carrom king 👑 #youtuber #youtubeshorts #viral #youtube #youtuberchannel #shots #foryou #carromking,"May 5, 2024, 9:13:19 PM PST",Shorts,,NEGATIVE,0.9890742897987366,reaction,entertainment,"funny,informative,dramatic,professional",0.9456996321678162
22525,Phoebe Ryan - Mine (Illenium Remix),"Apr 30, 2024, 7:53:42 PM PST",Music,Music Mix,NEGATIVE,0.9334700703620911,unknown,unknown,,0.9971413612365723
21684,Do You Know,"May 9, 2024, 10:11:19 AM PST",Podcast,,POSITIVE,0.987357497215271,commentary,information,"informative,serious,dramatic,professional,funny",0.3822307288646698
22091,"'wait, am i cheating'","May 5, 2024, 9:13:17 PM PST",Gaming,Gameplay,NEGATIVE,0.9986621141433716,reaction,comedy,"dramatic,funny,personal,serious,informative",0.5793715119361877
21685,Ishq Jaisa Kuch,"May 9, 2024, 10:08:29 AM PST",Comedy,,POSITIVE,0.868065357208252,reaction,comedy,"informative,funny,dramatic,serious,professional,casual,personal",0.8213930726051331
22526,"Bunker Alfa Code for 29-30 April 2024 - Last Day on Earth, Survival 🧟‍♂️☣️","Bunker Alfa Code for 29-30 April 2024 - Last Day on Earth, Survival 🧟‍♂️☣️",News,,NEGATIVE,0.8450231552124023,guide,information,"serious,dramatic,informative,funny",0.005973748862743378
22092,https://www.youtube.com/watch?v=QGYHT8eQ8-Y,"May 5, 2024, 9:12:41 PM PST",Entertainment,,NEGATIVE,0.932122528553009,reaction,information,"informative,funny,dramatic,serious,professional",0.7439183592796326
21686,"Apna Bana Le (From ""Bhediya"")","May 9, 2024, 10:04:07 AM PST",Comedy,,NEGATIVE,0.9769564270973206,reaction,storytelling,"funny,dramatic,informative,serious,casual",0.5790274739265442
22527,Porter Robinson - Look at the Sky (Official Lyric Video),"Apr 30, 2024, 7:48:30 PM PST",Music,Lyric Video,POSITIVE,0.9946914315223694,unknown,unknown,,0.9957841038703918
22093,“What does this variable name even mean?”,"May 5, 2024, 9:12:37 PM PST",Tutorial,,NEGATIVE,0.9956346154212952,commentary,information,"funny,serious,dramatic",0.15720896422863007
21687,"Khalbali (From ""Rang De Basanti"")","May 9, 2024, 9:57:48 AM PST",Music,Cover Song,NEGATIVE,0.7628974914550781,unknown,unknown,,0.5823412537574768
22528,Porter Robinson - Get your Wish (Official Music Video),"Apr 30, 2024, 7:44:51 PM PST",Music,Official Music Video,POSITIVE,0.9354560971260071,unknown,unknown,,0.9976655840873718
21688,Ve Haaniyaan,"May 9, 2024, 9:57:47 AM PST",Comedy,,POSITIVE,0.9583518505096436,reaction,comedy,"dramatic,funny,informative,serious,personal,professional,casual",0.4851796627044678
22094,new skin bug how sage defuse the spike?? comment #valorant #valorantclips #valorantfunny,"May 5, 2024, 9:12:34 PM PST",Comedy,,NEGATIVE,0.9991556406021118,commentary,entertainment,"funny,informative,dramatic",0.9583364725112915
22529,The Chainsmokers - Paris (Official Video),"Apr 30, 2024, 7:37:14 PM PST",Music,Official Music Video,POSITIVE,0.9701685309410095,unknown,unknown,,0.9983066320419312
21689,Gal Mitthi Mitthi,"May 9, 2024, 9:57:46 AM PST",Music,Official Music Video,POSITIVE,0.9936495423316956,unknown,unknown,,0.8305715918540955
22095,Durability Showdown: Generic Walking Canes vs Cane Masters Walking Canes,"May 5, 2024, 9:11:58 PM PST",Podcast,,NEGATIVE,0.9896905422210693,gameplay,analysis,"serious,informative,dramatic,funny",0.05466051027178764
22530,"Wavedash, Madeon - All Ur Luv (ft. Toro y Moi) Vertical Video","Apr 30, 2024, 7:34:31 PM PST",Music,Music Mix,NEGATIVE,0.9971907734870911,unknown,unknown,,0.9973741769790649
21690,Nazm Nazm,"May 9, 2024, 9:57:45 AM PST",Music,Official Music Video,NEGATIVE,0.6987879872322083,unknown,unknown,,0.8662074208259583
22096,guy diff #valorant #valorantclips #gaming #twitch,"May 5, 2024, 9:11:45 PM PST",Gaming,Gameplay,NEGATIVE,0.9774343967437744,gameplay,entertainment,"informative,dramatic,professional,funny,serious",0.9733166098594666
22531,Lionhearted (Arty Remix),"Apr 30, 2024, 7:29:13 PM PST",Music,Music Mix,POSITIVE,0.9938831329345703,unknown,unknown,,0.946456789970398
22097,I KNEW He Was Lying 😂,"May 5, 2024, 9:10:53 PM PST",Comedy,,NEGATIVE,0.9883049726486206,reaction,comedy,"funny,informative,dramatic,personal",0.975095272064209
22532,Zedd - Beautiful Now ft. Jon Bellion (Official Music Video),"Apr 30, 2024, 7:24:59 PM PST",Music,Official Music Video,POSITIVE,0.9989094734191895,unknown,unknown,,0.9950979351997375
21691,evergreen love song #hindi_songs #hindi Music #Best Song #romantic song #sad #hearttouchingsong,"May 9, 2024, 9:50:11 AM PST",Music,Official Music Video,POSITIVE,0.9996829032897949,unknown,unknown,,0.9938419461250305
22098,DO NOT leave this in my Uber,"May 5, 2024, 9:10:31 PM PST",News,,NEGATIVE,0.9936187267303467,guide,information,"serious,personal,dramatic,informative,professional,funny",0.42641061544418335
22533,Zedd - Clarity ft. Foxes,"Apr 30, 2024, 7:20:22 PM PST",Music,Live Performance,POSITIVE,0.9983102083206177,unknown,unknown,,0.9971566200256348
21692,Coke Studio Season 9| Afreen Afreen| Rahat Fateh Ali Khan & Momina Mustehsan,"May 9, 2024, 9:43:23 AM PST",Entertainment,,POSITIVE,0.9285503029823303,guide,entertainment,"informative,professional,dramatic,serious,funny",0.8621290922164917
22099,Pizza at Costco #wogboyeats #food #sydneyfoodies #visitsydney #sydneyfoodguide,"May 5, 2024, 9:10:12 PM PST",Tutorial,,NEGATIVE,0.9824519753456116,guide,information,"funny,informative,dramatic,casual",0.011964237317442894
22534,Porter Robinson - Something Comforting (Official Music Video),"Apr 30, 2024, 7:15:52 PM PST",Music,Official Music Video,POSITIVE,0.9994329810142517,unknown,unknown,,0.99343341588974
22100,Extra Extra:  Prop Master’s Advice to Movie Extras #shorts,"May 5, 2024, 9:09:45 PM PST",Shorts,,POSITIVE,0.9182353615760803,guide,information,"informative,professional,funny,dramatic",0.9927754998207092
22535,Porter Robinson - Flicker (Official Video),"Apr 30, 2024, 7:12:17 PM PST",Music,Official Music Video,NEGATIVE,0.5542422533035278,unknown,unknown,,0.9935229420661926
21693,"Nazm Nazm - Lyrical | Bareilly Ki Barfi | Kriti Sanon, Ayushmann Khurrana & Rajkummar Rao | Arko","May 9, 2024, 9:39:25 AM PST",Entertainment,,POSITIVE,0.9029845595359802,commentary,storytelling,funny,0.9740829467773438
22101,Just found one of the best hacks ever… (via @s2khaotic on IG) #shorts,"May 5, 2024, 9:09:34 PM PST",Shorts,,POSITIVE,0.9698932766914368,news,entertainment,"informative,funny,dramatic,professional",0.9251403212547302
22536,"VØJ, Narvent - Memory Reboot (4K Music Video)","Apr 30, 2024, 7:08:19 PM PST",Music,Official Music Video,NEGATIVE,0.9937934875488281,unknown,unknown,,0.9975586533546448
22102,Popsicles are life!! #shorts,"May 5, 2024, 9:09:30 PM PST",Shorts,,POSITIVE,0.9887621998786926,reaction,entertainment,"casual,funny,informative,dramatic",0.8559610843658447
22537,Porter Robinson & Madeon - Shelter (Flyboy Remix),"Apr 30, 2024, 7:04:38 PM PST",Music,Music Mix,NEGATIVE,0.7345139384269714,unknown,unknown,,0.9973944425582886
22103,"2 Years Ago, I Became The Most Famous ‘Family Feud’ Meme","May 5, 2024, 9:08:54 PM PST",Entertainment,,POSITIVE,0.9981799125671387,news,entertainment,"dramatic,funny,informative",0.7228996753692627
21694,80's के सुपरहिट गाने ❤।  । Old Hindi Songs | सदाबहार पुराने गाने लता मंगेशकर,"May 9, 2024, 9:11:34 AM PST",Music,Music Review,NEGATIVE,0.9085645079612732,unknown,unknown,,0.9566876292228699
22538,Madeon - Beings (Shelter Live Edit),"Apr 30, 2024, 7:00:29 PM PST",Music,Live Performance,NEGATIVE,0.8896196484565735,unknown,unknown,,0.9980759620666504
22104,It was a setup the whole time!,"May 5, 2024, 9:08:34 PM PST",Technology,,NEGATIVE,0.9858425259590149,commentary,storytelling,"professional,informative,funny,serious,dramatic",0.7514156103134155
21695,"Neele Neele Ambar Par (From ""Kalaakaar"") (Male Version)","May 9, 2024, 9:06:11 AM PST",Music,Cover Song,NEGATIVE,0.7937308549880981,unknown,unknown,,0.6409093737602234
22539,ROSA WALTON & HALLIE COGGINS - I REALLY WANT TO STAY AT YOUR HOUSE (LYRIC) AMV CYBERPUNK EDGERUNNERS,"Apr 30, 2024, 6:56:20 PM PST",Music,Lyric Video,POSITIVE,0.9969208240509033,unknown,unknown,,0.8867806196212769
22105,New Choice! | IMPROV GAME #improv #improvgame #newchoice #change #improvbroadway,"May 5, 2024, 9:08:24 PM PST",Comedy,,NEGATIVE,0.5950274467468262,news,comedy,"funny,informative,dramatic",0.9067880511283875
21696,"""Zindagi Ki Yahi Reet Hai"" Lyrical Video | Mr. India | Kishore Kumar | Javed Akhtar | Anil Kapoor","May 9, 2024, 9:00:59 AM PST",Comedy,,POSITIVE,0.9941657781600952,reaction,storytelling,"funny,informative,professional,dramatic",0.9925152063369751
22540,Everything Goes On - Porter Robinson (Official Music Video) | Star Guardian 2022,"Apr 30, 2024, 6:53:40 PM PST",Music,Official Music Video,POSITIVE,0.9618003368377686,unknown,unknown,,0.9892762303352356
22106,All the times my mom caught me in my room *with footage*😀 ||Samantha Eve||,"May 5, 2024, 9:08:14 PM PST",Comedy,,NEGATIVE,0.9695056676864624,reaction,storytelling,"personal,funny,dramatic,informative,serious",0.6635069847106934
21697,Kuchh To Log Kahenge,"May 9, 2024, 8:56:37 AM PST",Comedy,,NEGATIVE,0.9651551246643066,reaction,storytelling,"dramatic,informative,serious,funny,professional,casual,personal",0.7162085771560669
22541,OneRepublic - Nobody (from Kaiju No. 8) [Official Lyric Video],"Apr 30, 2024, 6:22:31 PM PST",Music,Lyric Video,NEGATIVE,0.9996235370635986,unknown,unknown,,0.9979390501976013
22542,Porter Robinson - Cheerleader (Official Music Video),"Apr 30, 2024, 6:18:17 PM PST",Entertainment,,POSITIVE,0.9944370985031128,reaction,entertainment,"professional,informative,funny,dramatic",0.980226457118988
22107,#JasonDeruloTV // Two Most Opposite Dogs #GotPermissionToPost From @nadaliahaita #SlowLow,"May 5, 2024, 9:08:13 PM PST",Entertainment,,NEGATIVE,0.9975546002388,reaction,information,"funny,dramatic,informative,serious,personal",0.805523693561554
21698,Mere Mehboob Qayamat Hogi  (Original) - Mr. X In Bombay - Kishore Kumar's Greatest Hits - Old Songs,"May 9, 2024, 8:52:03 AM PST",Music,Music Review,POSITIVE,0.9975134134292603,unknown,unknown,,0.9942318201065063
22543,Porter Robinson - KNOCK YOURSELF OUT XD (Official Music Video),"Apr 30, 2024, 6:15:04 PM PST",Music,Official Music Video,NEGATIVE,0.9846895933151245,unknown,unknown,,0.9975538849830627
22108,SMILE! :D WORLD TOUR — ALL ticketd are opened up + available now go go go goooo,"May 5, 2024, 9:08:10 PM PST",Entertainment,,POSITIVE,0.9937984347343445,news,entertainment,"dramatic,funny,informative,professional",0.9277246594429016
21699,Mere Sapnon Ki Rani,"May 9, 2024, 8:47:00 AM PST",Music,Official Music Video,NEGATIVE,0.9729348421096802,unknown,unknown,,0.8003851175308228
22544,IS THIS THE WORST EVENT THERE IS? - Last Day on Earth: Survival,"Apr 30, 2024, 5:46:21 PM PST",Technology,,NEGATIVE,0.9997871518135071,commentary,analysis,"serious,dramatic,informative",0.004765890073031187
21700,Musafir Hoon Yaron,"May 9, 2024, 8:43:48 AM PST",Music,Official Music Video,NEGATIVE,0.918109118938446,unknown,unknown,,0.934682309627533
22545,Porter Robinson - Mirror (Secret Sky Edit),"Apr 30, 2024, 4:19:53 PM PST",Podcast,,NEGATIVE,0.7549549341201782,commentary,storytelling,"informative,professional,dramatic,serious,funny,personal",0.7674347162246704
21701,Aanewala Pal Janewala Hai,Aanewala Pal Janewala Hai,Comedy,,NEGATIVE,0.6725299954414368,reaction,storytelling,"dramatic,informative,funny,serious,professional,casual,personal",0.8942855596542358
22109,An orchestra appears at Comic Con (pt 1)🎻🎹🎺  #genshinimpact #fontaine #FontaineNYCC #NewtoGenshin,"May 5, 2024, 9:08:00 PM PST",Music,Music Mix,NEGATIVE,0.9540712833404541,unknown,unknown,,0.9722938537597656
22546,San Holo - All The Highs (Official Music Video),"Apr 30, 2024, 4:16:23 PM PST",Music,Official Music Video,POSITIVE,0.8795030117034912,unknown,unknown,,0.9976058602333069
21702,"Pal Pal Dil Ke Paas (From ""Blackmail"")","May 9, 2024, 8:33:36 AM PST",Podcast,,NEGATIVE,0.990062415599823,guide,storytelling,"dramatic,serious,informative,funny",0.006331277545541525
22110,I had no idea what I was in for 🤣,"May 5, 2024, 9:07:04 PM PST",Podcast,,NEGATIVE,0.9992514252662659,reaction,information,"funny,dramatic,serious,personal",0.44795116782188416
22547,"The Chainsmokers, Fridayy - Friday (Official Video)","Apr 30, 2024, 4:12:49 PM PST",Music,Official Music Video,NEGATIVE,0.7454071640968323,unknown,unknown,,0.9982810020446777
21703,Gori Tera Gaon Bada Pyara,"May 9, 2024, 8:28:26 AM PST",Music,Official Music Video,NEGATIVE,0.9956490397453308,unknown,unknown,,0.8196554780006409
22548,Polygon Dust,"Apr 30, 2024, 4:05:52 PM PST",Gaming,Gameplay,NEGATIVE,0.999710738658905,reaction,information,"dramatic,informative,serious,funny",0.6698901653289795
22111,【NG】女王いかちゅん→やる気ないシト→絶望Clifford #真面目にやれ,"May 5, 2024, 9:06:29 PM PST",News,,NEGATIVE,0.9165468811988831,reaction,information,"dramatic,funny,informative,serious,personal,casual",0.817574679851532
21704,Kisi Ki Muskurahaton Pe,"May 9, 2024, 8:23:58 AM PST",Music,Official Music Video,NEGATIVE,0.9468069076538086,unknown,unknown,,0.8694437146186829
22549,Madeon - Nonsense (Official Video) ft. Mark Foster,Madeon - Nonsense (Official Video) ft. Mark Foster,Music,Official Music Video,NEGATIVE,0.9995972514152527,unknown,unknown,,0.9957093596458435
22112,Dad Jokes | Don't laugh Challenge  #funny #dadjokes,"May 5, 2024, 9:06:11 PM PST",Comedy,,NEGATIVE,0.9982060194015503,guide,comedy,funny,0.20065876841545105
21705,Lag Ja Gale Se Phir,"May 9, 2024, 8:19:38 AM PST",Comedy,,NEGATIVE,0.9944056272506714,reaction,comedy,"dramatic,funny,informative,serious,casual",0.9654061198234558
22113,That Really Worked 😂ut !,"May 5, 2024, 9:05:44 PM PST",Technology,,POSITIVE,0.9991106390953064,news,comedy,"funny,dramatic,informative,professional,serious",0.8086103796958923
21706,Phoolon Ke Rang Se Revival,"May 9, 2024, 8:14:40 AM PST",Entertainment,,NEGATIVE,0.6927875280380249,reaction,storytelling,"dramatic,informative,serious,funny,professional",0.7925010919570923
22550,Wavedash & Madeon - All Ur Luv (feat. Toro y Moi) (Official Audio),"Apr 30, 2024, 3:55:47 PM PST",Music,Music Mix,NEGATIVE,0.9705041646957397,unknown,unknown,,0.998069703578949
22114,Signing A Car With An Angle Grinder (@troytinkham69) #shorts,"May 5, 2024, 9:05:41 PM PST",Shorts,,NEGATIVE,0.9972284436225891,reaction,storytelling,"funny,casual,dramatic,personal,informative",0.993004322052002
21707,Ek Pyar Ka Naghma Hai - Happy,"May 9, 2024, 8:08:32 AM PST",Entertainment,,POSITIVE,0.9996720552444458,reaction,entertainment,"funny,informative,casual,personal,dramatic",0.9409105777740479
22551,David Guetta & OneRepublic - I Don't Wanna Wait (Official Video),"Apr 30, 2024, 3:53:10 PM PST",Music,Official Music Video,POSITIVE,0.9923380017280579,unknown,unknown,,0.9985752105712891
21708,Tum Ho,"May 9, 2024, 8:06:04 AM PST",Comedy,,NEGATIVE,0.9527187943458557,reaction,information,"dramatic,funny,informative,serious,casual,personal,professional",0.7589080929756165
22552,Porter Robinson - KNOCK YOURSELF OUT XD,"Apr 30, 2024, 3:49:56 PM PST",Comedy,,NEGATIVE,0.9861103296279907,reaction,comedy,"dramatic,serious,funny,personal,informative",0.9553360342979431
22115,"There is a balance that has to happen when shooting XFDA, accuracy isn’t final must be under KPI","May 5, 2024, 9:05:39 PM PST",Technology,,NEGATIVE,0.9851153492927551,guide,information,"informative,serious,professional,dramatic",0.06974712759256363
21709,Likhe Jo Khat Tujhe,"May 9, 2024, 8:03:57 AM PST",Comedy,,POSITIVE,0.5388137698173523,reaction,storytelling,"dramatic,informative,funny,serious,casual,professional,personal",0.8536301255226135
22553,Madeon - Pop Culture (live mashup),"Apr 30, 2024, 3:43:41 PM PST",Entertainment,,POSITIVE,0.9597516059875488,reaction,entertainment,"informative,dramatic,funny",0.49667268991470337
21710,Sher Khul Gaye,"May 9, 2024, 8:03:04 AM PST",Comedy,,POSITIVE,0.9954407215118408,guide,storytelling,"dramatic,serious,informative,professional,personal,funny",0.6621577143669128
22554,Porter Robinson & Totally Enormous Extinct Dinosaurs - Unfold (Official Lyric Video),"Apr 30, 2024, 3:38:30 PM PST",Entertainment,,POSITIVE,0.8996788859367371,news,storytelling,"dramatic,informative,funny,serious,professional",0.9110456705093384
22116,Help The Elder Neighbors ! 😊 #ring #elder #help #helping #neighbors #usa #us #cctv #elders #shorts,"May 5, 2024, 9:05:37 PM PST",Shorts,,NEGATIVE,0.9831394553184509,reaction,storytelling,"funny,informative,casual,dramatic",0.8969943523406982
21711,Kinni Kinni,"May 9, 2024, 7:59:31 AM PST",Music,Official Music Video,POSITIVE,0.9676905870437622,unknown,unknown,,0.48102134466171265
22555,Illenium - Awake 1.0 Intro (Hans Zimmer x Crawl Outta Love VIP),"Apr 30, 2024, 3:09:22 PM PST",Music,Music Mix,NEGATIVE,0.9156324863433838,unknown,unknown,,0.9964072108268738
21712,Ruk Jana Nahin,Ruk Jana Nahin,Comedy,,NEGATIVE,0.9034891724586487,reaction,information,"informative,dramatic,funny,serious,professional,casual,personal",0.7042422294616699
22117,window seat or aisle seat?? #shorts #travel #traveling #college #collegelife #airplane #viral,"May 5, 2024, 9:05:36 PM PST",Shorts,,NEGATIVE,0.9329330921173096,reaction,entertainment,"funny,informative,casual,dramatic",0.9800025224685669
21713,Laembadgini,"May 9, 2024, 7:56:24 AM PST",Entertainment,,NEGATIVE,0.9898625612258911,reaction,information,"dramatic,informative,serious,professional,funny,personal",0.40905293822288513
22556,Plage Coquillage First kiss song (Unofficial Instrumental),"Apr 30, 2024, 2:53:20 PM PST",Music,Behind the Scenes,NEGATIVE,0.8298286199569702,unknown,unknown,,0.9908784031867981
22118,Did you know that in 1917...,"May 5, 2024, 9:05:34 PM PST",News,,POSITIVE,0.8141900300979614,news,information,"informative,dramatic,serious,funny,professional",0.7066883444786072
21714,O Saathi Re,"May 9, 2024, 7:52:52 AM PST",Music,Official Music Video,POSITIVE,0.9912092685699463,unknown,unknown,,0.5289556384086609
22557,Madeon X Porter Robinson X Illenium Inspired Mix By C-Nam,"Apr 30, 2024, 1:57:37 PM PST",Music,Music Mix,POSITIVE,0.9618056416511536,unknown,unknown,,0.9972699284553528
22119,most romantic valorant moment💖,"May 5, 2024, 9:05:32 PM PST",Reviews,,POSITIVE,0.9988229870796204,guide,analysis,"dramatic,personal,informative",0.347321093082428
21715,Satranga,"May 9, 2024, 7:51:53 AM PST",Entertainment,,NEGATIVE,0.8559064269065857,guide,information,"dramatic,serious,informative,professional,personal,funny",0.3703731894493103
22558,"Ishq Mitaye (From ""Amar Singh Chamkila"")","Apr 30, 2024, 10:00:04 AM PST",Comedy,,NEGATIVE,0.6274942755699158,guide,storytelling,"informative,dramatic,funny,serious,professional",0.644418478012085
22120,🤣🤣🤣,"May 5, 2024, 9:05:18 PM PST",Comedy,,NEGATIVE,0.6970565915107727,reaction,information,"funny,dramatic,serious,personal,informative,casual",0.6839701533317566
21716,MAAHI VE,"May 9, 2024, 7:51:46 AM PST",Music,Lyric Video,POSITIVE,0.915395975112915,unknown,unknown,,0.9834460616111755
22559,Tum Se,"Apr 30, 2024, 10:00:03 AM PST",Entertainment,,NEGATIVE,0.9600706696510315,reaction,information,"dramatic,informative,serious,funny,casual,personal,professional",0.4372269809246063
22121,Uber Driver Is OBSESSIVE,"May 5, 2024, 9:04:14 PM PST",Technology,,NEGATIVE,0.998458743095398,reaction,entertainment,"dramatic,personal,serious,informative,funny",0.7697832584381104
21717,Naina Da Kya Kasoor,"May 9, 2024, 7:48:15 AM PST",Comedy,,POSITIVE,0.7453585267066956,reaction,storytelling,"informative,dramatic,casual,funny,serious,professional,personal",0.8065846562385559
22560,"Raataan Lambiyan (From ""Shershaah"")","Apr 30, 2024, 10:00:02 AM PST",Comedy,,NEGATIVE,0.9417164921760559,reaction,storytelling,"dramatic,informative,funny,serious,professional",0.26414862275123596
22122,Hope Core 🌿 #corecore #hopecore #mentalhealth #infinitecore,"May 5, 2024, 7:16:59 PM PST",Tutorial,,NEGATIVE,0.7948535084724426,guide,information,"informative,funny,dramatic,serious",0.03187628090381622
21718,Yeh Sham Mastani,"May 9, 2024, 7:48:04 AM PST",Comedy,,NEGATIVE,0.9581029415130615,reaction,storytelling,"dramatic,funny,informative,serious,casual,professional,personal",0.9263935089111328
22561,Jaani Tera Naa,"Apr 30, 2024, 9:59:42 AM PST",Entertainment,,NEGATIVE,0.9829578995704651,reaction,storytelling,"dramatic,informative,serious,funny,casual,personal,professional",0.46171823143959045
21719,Mahiye Jinna Sohna,"May 9, 2024, 7:45:14 AM PST",Entertainment,,NEGATIVE,0.7192556262016296,guide,information,"informative,dramatic,serious,funny,professional,casual,personal",0.5022781491279602
22562,Brown Rang,"Apr 30, 2024, 9:59:41 AM PST",Music,Official Music Video,POSITIVE,0.5706751942634583,unknown,unknown,,0.6254343390464783
22123,Not a Fan anymore 😭 | NEW YOUTUBE CID OUT NOW CHECK COMMENTS #valorant #valorantclips,"May 5, 2024, 7:16:59 PM PST",Entertainment,,NEGATIVE,0.9876053333282471,reaction,information,"personal,dramatic,serious",0.5883661508560181
21720,"Naah Goriye (From ""Bala"")","May 9, 2024, 7:45:10 AM PST",Comedy,,POSITIVE,0.6258090734481812,reaction,storytelling,"informative,dramatic,funny,serious",0.4551287591457367
22563,Mundian To Bach Ke,"Apr 30, 2024, 9:59:39 AM PST",Music,Music Mix,NEGATIVE,0.7171456217765808,unknown,unknown,,0.9953851103782654
22124,"This is Why we say ""Hello"" #shorts","May 5, 2024, 7:15:31 PM PST",Shorts,,NEGATIVE,0.9896379709243774,guide,information,"casual,informative,funny,professional,dramatic,personal",0.9919207096099854
21721,Kya Hua Tera Vada,"May 9, 2024, 7:43:45 AM PST",Comedy,,POSITIVE,0.811676561832428,reaction,storytelling,"casual,dramatic,informative,funny,serious,personal,professional",0.6275022625923157
22564,Raat Di Gedi,"Apr 30, 2024, 9:59:38 AM PST",Entertainment,,NEGATIVE,0.9545270204544067,guide,information,"dramatic,informative,serious,funny,professional,personal,casual",0.47423917055130005
21722,Neele Neele Ambar Par (Male Version),"May 9, 2024, 7:38:23 AM PST",Music,Official Music Video,POSITIVE,0.6925551891326904,unknown,unknown,,0.6399244666099548
22565,King Shit,"Apr 30, 2024, 9:59:36 AM PST",Comedy,,NEGATIVE,0.9933909177780151,commentary,comedy,"dramatic,serious,funny,personal,informative",0.05331788584589958
22125,💀Ngl every trash talker in #WarOfWizards thinks this way… #vrgame #vrgaming #oculus #quest2 #vr,"May 5, 2024, 7:14:37 PM PST",Gaming,Gameplay,NEGATIVE,0.9983500242233276,commentary,entertainment,"funny,informative,dramatic,serious",0.9387984871864319
22566,Saturday Saturday,"Apr 30, 2024, 9:59:35 AM PST",Entertainment,,POSITIVE,0.9900755286216736,reaction,information,"casual,informative,dramatic,funny,serious,personal,professional",0.7228589653968811
21723,Rangi Saari,"May 9, 2024, 7:18:58 AM PST",Music,Official Music Video,POSITIVE,0.9832355976104736,unknown,unknown,,0.8528386950492859
22126,Cave Man | IMPROV GAME #improv #improvgame #improvbroadway,"May 5, 2024, 7:13:38 PM PST",Comedy,,NEGATIVE,0.9739174246788025,reaction,comedy,"funny,informative,dramatic",0.9920575618743896
22567,Ud-daa Punjab,"Apr 30, 2024, 9:59:35 AM PST",Entertainment,,NEGATIVE,0.9525232315063477,reaction,information,"dramatic,informative,serious,funny,professional,casual,personal",0.3357343077659607
21724,MASAKALI,"May 9, 2024, 7:14:09 AM PST",Music,Official Music Video,POSITIVE,0.9876869320869446,unknown,unknown,,0.7073585391044617
22127,Harry Potter Cast Favourite Lines Part 3⚡️,"May 5, 2024, 7:13:31 PM PST",Reviews,,POSITIVE,0.9888159036636353,review,storytelling,"informative,dramatic,funny,personal,serious",0.5269991755485535
21725,Dil Dhadakne Do,"May 9, 2024, 7:10:18 AM PST",Comedy,,POSITIVE,0.8149248957633972,reaction,comedy,"dramatic,informative,funny,serious,casual,professional",0.925157904624939
22568,Sakhiyaan (Lyrics) - Maninder Buttar | New Romantic Song 2018,"Apr 30, 2024, 9:59:33 AM PST",Music,Music Review,POSITIVE,0.9956483244895935,unknown,unknown,,0.9920756816864014
22128,Emma Watson's Most HATED Harry Potter Movie,"May 5, 2024, 7:12:59 PM PST",News,,NEGATIVE,0.9984815716743469,reaction,information,"informative,dramatic,serious,personal,funny",0.3801104724407196
21726,Hua Main,"May 9, 2024, 7:05:41 AM PST",Entertainment,,POSITIVE,0.817528486251831,reaction,information,"dramatic,informative,serious,professional,funny,personal",0.4952753484249115
22569,High Rated Gabru,"Apr 30, 2024, 9:59:32 AM PST",Entertainment,,POSITIVE,0.9994328618049622,guide,entertainment,"professional,informative,dramatic,funny,serious",0.8843154311180115
22129,Confronting Neil With Our Burning Questions,"May 5, 2024, 7:12:53 PM PST",Podcast,,POSITIVE,0.8606025576591492,reaction,information,"dramatic,serious,informative,personal,funny",0.42993244528770447
21727,Gulaab,"May 9, 2024, 7:02:52 AM PST",Comedy,,NEGATIVE,0.5815147161483765,reaction,information,"dramatic,informative,serious,funny,professional,casual,personal",0.5716059803962708
22570,Kya Baat Ay,"Apr 30, 2024, 9:59:31 AM PST",Comedy,,POSITIVE,0.8849086165428162,reaction,storytelling,"funny,informative,dramatic,casual,serious,personal,professional",0.924139678478241
22130,MAMBA from Scratch: Neural Nets Better and Faster than Transformers,"May 5, 2024, 6:38:53 PM PST",Technology,,POSITIVE,0.9925175905227661,news,information,"informative,professional,serious,dramatic,funny",0.9828664064407349
22571,Aahun Aahun,"Apr 30, 2024, 9:59:30 AM PST",Entertainment,,POSITIVE,0.9355037808418274,reaction,storytelling,"dramatic,informative,funny,serious,professional",0.3663084805011749
22131,Richard Billiams,"May 5, 2024, 5:59:38 PM PST",Entertainment,,POSITIVE,0.9973040819168091,guide,information,"personal,professional,informative,dramatic,serious,funny",0.41780292987823486
22572,SAADI GALLI AAJA,"Apr 30, 2024, 9:59:28 AM PST",Comedy,,NEGATIVE,0.6485022902488708,guide,comedy,"dramatic,informative,serious,professional,funny,personal,casual",0.7473759055137634
21728,Kishore Kumar Hits | किशोर कुमार के दर्द भरे गीत | 90s Puraane Gaane | Kishore Kumar Evergreen Songs,"May 9, 2024, 6:35:19 AM PST",Music,Music Mix,POSITIVE,0.9941715598106384,unknown,unknown,,0.9957855343818665
22132,"Ik Vaari Aa (From ""Raabta"")","May 5, 2024, 1:39:47 PM PST",Comedy,,NEGATIVE,0.9740579128265381,reaction,storytelling,"dramatic,informative,funny,serious",0.2545831501483917
22573,Softly,"Apr 30, 2024, 9:59:27 AM PST",Reviews,,POSITIVE,0.9901832938194275,guide,information,"casual,personal,professional,funny",0.7227808237075806
22133,Tera Yaar Hoon Main,"May 5, 2024, 1:35:21 PM PST",Comedy,,NEGATIVE,0.8873071670532227,reaction,storytelling,"dramatic,funny,informative,casual,serious,professional,personal",0.9312229752540588
22574,Do You Know,"Apr 30, 2024, 9:59:25 AM PST",Podcast,,POSITIVE,0.987357497215271,commentary,information,"informative,serious,dramatic,professional,funny",0.3822307288646698
21729,Superfast News LIVE: बड़ी खबरें फटाफट अंदाज में | Rahul Gandhi | PM Modi | Elections 2024 | Breaking,"May 9, 2024, 5:53:22 AM PST",News,,POSITIVE,0.9918650984764099,news,information,"dramatic,informative,serious,professional,funny",0.9860557913780212
22134,Milne Hai Mujhse Aayi,"May 5, 2024, 1:34:12 PM PST",Music,Cover Song,NEGATIVE,0.6611140370368958,unknown,unknown,,0.8032496571540833
22575,Insane,"Apr 30, 2024, 9:59:24 AM PST",Reviews,,NEGATIVE,0.9967740178108215,commentary,unknown,"dramatic,personal",0.5383366942405701
21730,"Naina (From ""Crew"")","May 9, 2024, 5:24:48 AM PST",Comedy,,POSITIVE,0.9692043662071228,reaction,information,"informative,dramatic,professional,funny,serious",0.08875665813684464
22135,O Maahi,"May 5, 2024, 1:30:19 PM PST",Music,Official Music Video,POSITIVE,0.988103449344635,unknown,unknown,,0.5492512583732605
21731,Tu Aake Dekhle,"May 9, 2024, 5:19:18 AM PST",Comedy,,POSITIVE,0.852859616279602,guide,information,"dramatic,informative,serious,funny,professional,casual,personal",0.5763012766838074
22136,"Channa Mereya (From ""Ae Dil Hai Mushkil"")","May 5, 2024, 1:25:57 PM PST",Comedy,,POSITIVE,0.528595507144928,reaction,storytelling,"dramatic,funny,informative,serious",0.931023895740509
21732,Tu Hi Hai,"May 9, 2024, 5:15:58 AM PST",Comedy,,POSITIVE,0.9855557680130005,reaction,information,"dramatic,informative,serious,funny,professional,personal,casual",0.7204976677894592
22137,"Baaton Ko Teri (From ""All Is Well"")","May 5, 2024, 1:25:06 PM PST",Music,Cover Song,POSITIVE,0.9849308729171753,unknown,unknown,,0.8601125478744507
21733,Rap God,"May 9, 2024, 2:56:29 AM PST",Music,Official Music Video,NEGATIVE,0.9699825644493103,unknown,unknown,,0.6454542279243469
22138,Jaan Nisaar (Arijit),"May 5, 2024, 1:21:06 PM PST",Entertainment,,POSITIVE,0.6242576241493225,guide,information,"informative,dramatic,personal,serious,professional,funny,casual",0.45679816603660583
22139,Satranga,"May 5, 2024, 1:16:35 PM PST",Entertainment,,NEGATIVE,0.8559064269065857,guide,information,"dramatic,serious,informative,professional,personal,funny",0.3703731894493103
21734,I RESET MY MAXED ACCOUNT BACK TO 0?! #gaming #Runex #rsps #osrs #runescape #oldschoolrunescape #rx,"May 9, 2024, 1:42:59 AM PST",Gaming,Gameplay,NEGATIVE,0.9982131719589233,gameplay,entertainment,"dramatic,funny,personal,informative",0.9942328929901123
22140,Tera Fitoor (Jhankar),"May 5, 2024, 1:16:34 PM PST",Music,Official Music Video,NEGATIVE,0.881778359413147,unknown,unknown,,0.7708601951599121
21735,MCLOVIN never gets denied 😂,"May 9, 2024, 1:42:15 AM PST",Comedy,,POSITIVE,0.9996776580810547,reaction,comedy,"funny,dramatic,informative,professional,personal",0.9772786498069763
22141,Tum Hi Ho,"May 5, 2024, 1:16:33 PM PST",Comedy,,POSITIVE,0.9589583277702332,reaction,comedy,"casual,dramatic,funny,informative,serious,professional,personal",0.8090404272079468
21736,door took me 10 hours,"May 9, 2024, 1:42:01 AM PST",Technology,,NEGATIVE,0.974748432636261,reaction,information,"dramatic,serious,informative,personal,professional,funny",0.19499695301055908
22142,Humdard,"May 5, 2024, 1:16:32 PM PST",Comedy,,POSITIVE,0.9804458022117615,reaction,comedy,"funny,serious,dramatic,informative,personal,professional",0.599778950214386
21737,Homer's history 😔😔 #simpsons #shorts,"May 9, 2024, 1:41:47 AM PST",Shorts,,NEGATIVE,0.987461268901825,commentary,information,"dramatic,casual",0.9329319596290588
22143,Desh Mere,"May 5, 2024, 1:16:30 PM PST",Music,Official Music Video,NEGATIVE,0.9739974141120911,unknown,unknown,,0.30030059814453125
21738,I Accidentally Creeped Out my Uber Passenger,"May 9, 2024, 1:41:15 AM PST",News,,NEGATIVE,0.995669960975647,reaction,information,"dramatic,personal,serious,informative,funny",0.4251251816749573
22144,O Bedardeya,"May 5, 2024, 1:16:27 PM PST",Comedy,,POSITIVE,0.8068171143531799,reaction,comedy,"dramatic,serious,funny,informative,personal",0.6361097097396851
21739,Voicing Mirage from Transformers: Rise of the Beasts...one last time!,"May 9, 2024, 1:40:03 AM PST",Entertainment,,POSITIVE,0.993727445602417,reaction,entertainment,"dramatic,funny,informative,serious,professional",0.823545515537262
22145,Tere Bin,"May 5, 2024, 1:07:19 PM PST",Entertainment,,POSITIVE,0.99021977186203,reaction,information,"dramatic,informative,serious,funny,professional,casual",0.3416798710823059
21740,How Blackhead Extraction Works 😮,"May 9, 2024, 1:40:01 AM PST",Tutorial,,NEGATIVE,0.6755183935165405,tutorial,information,"funny,informative,dramatic,serious,professional",0.7325188517570496
22146,Ve Haaniyaan,"May 5, 2024, 1:03:18 PM PST",Comedy,,POSITIVE,0.9583518505096436,reaction,comedy,"dramatic,funny,informative,serious,personal,professional,casual",0.4851796627044678
21741,NOT STOPPING TIL NEW WORLD RECORD,"May 9, 2024, 1:39:57 AM PST",Technology,,NEGATIVE,0.6770980358123779,news,information,"dramatic,serious,informative,professional,funny",0.8744698762893677
21742,i dreamed of days like this 🥲,"May 9, 2024, 1:39:32 AM PST",Entertainment,,POSITIVE,0.9943090677261353,reaction,entertainment,"dramatic,funny,personal,informative",0.5083938837051392
22147,Vada Pav Recipe | Vada Pav Sukha Chutney | वड़ा पाव | Chef Sanjyot Keer,"May 5, 2024, 12:46:50 PM PST",Podcast,,NEGATIVE,0.9536308646202087,guide,information,"informative,professional,dramatic,serious",0.010867111384868622
22148,LOCHA-E-ULFAT,"May 5, 2024, 6:12:05 AM PST",Comedy,,NEGATIVE,0.7712221741676331,reaction,comedy,"dramatic,serious,informative,funny,professional",0.9314779043197632
21743,Human drone📷📷 @coronboatmanvlog #treanding #viralvideo #trendingshorts,"May 9, 2024, 1:39:04 AM PST",Shorts,,NEGATIVE,0.993165910243988,vlog,entertainment,"funny,dramatic,informative,casual",0.8874512910842896
22149,Criminal,"May 5, 2024, 6:07:08 AM PST",Reviews,,NEGATIVE,0.9965603947639465,news,unknown,"serious,dramatic,informative",0.03187035024166107
22150,Dil Dhadakne Do,"May 5, 2024, 5:27:43 AM PST",Comedy,,POSITIVE,0.8149248957633972,reaction,comedy,"dramatic,informative,funny,serious,casual,professional",0.925157904624939
22151,Senorita,"May 5, 2024, 5:23:53 AM PST",Entertainment,,POSITIVE,0.9949711561203003,reaction,information,"serious,informative,personal,dramatic,funny,professional,casual",0.31388983130455017
22152,It's the Time to Disco,"May 5, 2024, 5:18:20 AM PST",Entertainment,,NEGATIVE,0.8996301889419556,reaction,entertainment,"dramatic,informative,serious,funny,casual,professional",0.9556554555892944
22153,Gym Class Heroes: Stereo Hearts ft. Adam Levine [OFFICIAL VIDEO],"May 5, 2024, 3:46:09 AM PST",Music,Official Music Video,POSITIVE,0.9316705465316772,unknown,unknown,,0.6481160521507263
22154,Dynamite,"May 5, 2024, 3:42:45 AM PST",Technology,,POSITIVE,0.8490890860557556,reaction,unknown,"dramatic,serious,informative,funny,professional",0.014146651141345501
22155,Carly Rae Jepsen - I Really Like You,"May 5, 2024, 3:41:09 AM PST",Music,Cover Song,POSITIVE,0.9998452663421631,unknown,unknown,,0.9977956414222717
22156,Porter Robinson - Something Comforting (Official Music Video),"May 5, 2024, 3:36:40 AM PST",Music,Official Music Video,POSITIVE,0.9994329810142517,unknown,unknown,,0.99343341588974
22157,Porter Robinson - Look at the Sky (Official Lyric Video),"May 5, 2024, 3:31:28 AM PST",Music,Lyric Video,POSITIVE,0.9946914315223694,unknown,unknown,,0.9957841038703918
22158,OneRepublic - Nobody (from Kaiju No. 8) [Official Lyric Video],"May 5, 2024, 3:28:53 AM PST",Music,Lyric Video,NEGATIVE,0.9996235370635986,unknown,unknown,,0.9979390501976013
22159,Swedish House Mafia ft. John Martin - Don't You Worry Child (Official Video),Swedish House Mafia ft. John Martin - Don't You Worry Child (Official Video),Music,Official Music Video,POSITIVE,0.9669308066368103,unknown,unknown,,0.9982091784477234
