24664,Shape of You,"Apr 4, 2024, 10:19:35 AM PST",Entertainment,,POSITIVE,0.9995976090431213,guide,information,"personal,informative,dramatic,funny,serious,professional",0.13798277080059052
25080,Hass Hass,"Mar 29, 2024, 8:49:44 AM PST",Comedy,,POSITIVE,0.948603093624115,reaction,information,"dramatic,serious,informative,funny,personal",0.412345826625824
24665,Señorita,"Apr 4, 2024, 10:19:34 AM PST",Entertainment,,POSITIVE,0.9949711561203003,reaction,information,"personal,dramatic,informative,serious,casual,funny,professional",0.36370599269866943
25081,Let Her Go x Husn (Gravero Mashup) | Anuv Jain,"Mar 29, 2024, 8:49:05 AM PST",Entertainment,,NEGATIVE,0.9824357032775879,reaction,entertainment,"dramatic,informative,funny,professional",0.9243588447570801
25082,Stay,"Mar 29, 2024, 8:46:10 AM PST",Entertainment,,POSITIVE,0.9991907477378845,guide,information,"serious,professional,personal,dramatic,informative,funny,casual",0.7263858318328857
24666,Rock Tha Party (Extended Version),"Apr 4, 2024, 10:19:33 AM PST",Music,Music Mix,NEGATIVE,0.8034350275993347,unknown,unknown,,0.9917345643043518
25083,Heroes (we could be),"Mar 29, 2024, 8:42:40 AM PST",Technology,,POSITIVE,0.9993191957473755,unknown,unknown,"informative,dramatic,serious,funny",0.01699097268283367
24667,Khalasi X StarBoy,"Apr 4, 2024, 10:19:31 AM PST",Entertainment,,POSITIVE,0.9355087876319885,gameplay,entertainment,"dramatic,informative,funny,professional,serious",0.888106107711792
25084,I Like Me Better,"Mar 29, 2024, 8:39:22 AM PST",Reviews,,POSITIVE,0.9997127652168274,reaction,information,"personal,informative,dramatic,serious,funny,professional,casual",0.4451671838760376
24668,This Is What You Came For,"Apr 4, 2024, 10:19:30 AM PST",Entertainment,,POSITIVE,0.9996418952941895,guide,information,"informative,serious,dramatic,professional,funny",0.7956178188323975
25085,Husn x Apa Fer Milaangey,"Mar 29, 2024, 8:35:19 AM PST",Entertainment,,NEGATIVE,0.9670203924179077,reaction,storytelling,"dramatic,informative,funny,professional,serious,casual,personal",0.9231408834457397
24669,"Humraah (From ""Malang - Unleash The Madness"")","Apr 4, 2024, 10:19:29 AM PST",Comedy,,NEGATIVE,0.997962474822998,reaction,comedy,"dramatic,funny,informative",0.8228099346160889
25086,Save Your Tears,"Mar 29, 2024, 8:35:04 AM PST",Reviews,,POSITIVE,0.5682902336120605,reaction,unknown,"personal,dramatic,serious",0.08494146168231964
24670,Hymn for the Weekend (Seeb Remix),"Apr 4, 2024, 10:19:28 AM PST",Music,Music Mix,NEGATIVE,0.9662124514579773,unknown,unknown,,0.9840674996376038
25087,With You,"Mar 29, 2024, 8:35:03 AM PST",Entertainment,,POSITIVE,0.9998133778572083,guide,information,"personal,informative,professional,serious,casual,funny,dramatic",0.7299135327339172
24671,"Suit Suit (From ""Hindi Medium"") (feat. Arjun)","Apr 4, 2024, 10:19:27 AM PST",Music,Cover Song,POSITIVE,0.9567186832427979,unknown,unknown,,0.9321519732475281
25088,Flowers,"Mar 29, 2024, 8:35:01 AM PST",Entertainment,,POSITIVE,0.9995038509368896,reaction,unknown,"informative,dramatic,professional,casual,funny",0.03275173157453537
24672,Let Me See yaa,"Apr 4, 2024, 10:19:21 AM PST",Entertainment,,POSITIVE,0.9970282912254333,reaction,storytelling,"informative,dramatic,funny,casual,personal,serious,professional",0.9625484347343445
25089,Fireflies,"Mar 29, 2024, 8:34:42 AM PST",Entertainment,,POSITIVE,0.9773403406143188,reaction,entertainment,"informative,dramatic,funny,casual",0.7644345164299011
24673,Lean On,"Apr 4, 2024, 10:19:18 AM PST",Entertainment,,POSITIVE,0.9996877908706665,guide,information,"informative,serious,dramatic,personal,funny,casual,professional",0.42479997873306274
25090,Viva La Vida,"Mar 29, 2024, 8:34:22 AM PST",Entertainment,,POSITIVE,0.9988828301429749,reaction,entertainment,"informative,dramatic,funny,casual",0.5349473357200623
24674,Blank Space,"Apr 4, 2024, 10:19:07 AM PST",Shorts,,NEGATIVE,0.9997487664222717,guide,unknown,"casual,funny",0.21084275841712952
25091,Call Me Maybe,Call Me Maybe,Comedy,,NEGATIVE,0.7965863347053528,commentary,storytelling,"personal,informative,casual,funny,dramatic",0.669327437877655
24675,Proper Patola,"Apr 4, 2024, 10:16:09 AM PST",Music,Behind the Scenes,POSITIVE,0.9831544160842896,unknown,unknown,,0.46078377962112427
25092,Blinding Lights,"Mar 29, 2024, 8:33:53 AM PST",Entertainment,,POSITIVE,0.9351314902305603,reaction,entertainment,"dramatic,informative,funny,serious,professional",0.8356736898422241
24676,Excuses,"Apr 4, 2024, 10:13:12 AM PST",Podcast,,NEGATIVE,0.9994964599609375,commentary,storytelling,"personal,informative,casual,dramatic,funny",0.2599010169506073
25093,Say So,"Mar 29, 2024, 8:30:56 AM PST",Technology,,POSITIVE,0.9974320530891418,commentary,information,"serious,informative,professional,dramatic,casual,funny,personal",0.33313995599746704
24677,Jeet,"Apr 4, 2024, 10:10:07 AM PST",Entertainment,,POSITIVE,0.9965229034423828,reaction,information,"professional,informative,serious,dramatic,personal,funny,casual",0.5951033234596252
25094,STAY,"Mar 29, 2024, 8:28:34 AM PST",Technology,,POSITIVE,0.9991907477378845,guide,information,"professional,serious,informative,dramatic,funny,personal,casual",0.5255123376846313
24678,Khalasi | Coke Studio Bharat,"Apr 4, 2024, 10:05:49 AM PST",Entertainment,,NEGATIVE,0.9703730344772339,reaction,entertainment,"professional,informative,dramatic,funny,serious,casual",0.9193496108055115
25095,Just the Way You Are,Bruno Mars - Topic,Podcast,,POSITIVE,0.9996750354766846,guide,unknown,"personal,casual,funny",0.18511590361595154
24679,Pasoori,"Apr 4, 2024, 10:03:16 AM PST",Entertainment,,NEGATIVE,0.8803595304489136,reaction,information,"informative,dramatic,serious,funny,professional,casual,personal",0.43543756008148193
25096,Sweet but Psycho,"Mar 29, 2024, 8:24:51 AM PST",Reviews,,POSITIVE,0.7217807173728943,commentary,entertainment,"funny,dramatic,informative,personal",0.3982282876968384
24680,HOW TO BECOME A PRO TODAY?! (4th Floor Easy) - Last Day on Earth: Survival,"Apr 4, 2024, 10:02:36 AM PST",Tutorial,,POSITIVE,0.9888054132461548,guide,information,"informative,serious,funny,dramatic,professional",0.6554968953132629
25097,Titanium (feat. Sia),"Mar 29, 2024, 8:21:43 AM PST",Music,Cover Song,POSITIVE,0.9972050786018372,unknown,unknown,,0.9646550416946411
25098,Don't You Worry Child (Radio Edit),"Mar 29, 2024, 8:18:10 AM PST",Podcast,,POSITIVE,0.9181184768676758,guide,storytelling,"casual,informative,funny",0.6292027235031128
24681,"Besharam Rang (From ""Pathaan"")","Apr 4, 2024, 9:58:57 AM PST",Music,Cover Song,NEGATIVE,0.88443523645401,unknown,unknown,,0.8684067130088806
25099,No Lie,"Mar 29, 2024, 8:14:29 AM PST",News,,POSITIVE,0.9997523427009583,news,information,"professional,informative,serious,dramatic,funny,casual",0.93683922290802
24682,Cheap Thrills,"Apr 4, 2024, 9:58:56 AM PST",Entertainment,,NEGATIVE,0.9984973669052124,reaction,entertainment,"casual,funny,informative",0.9888387322425842
25100,Counting Stars,"Mar 29, 2024, 8:10:11 AM PST",Entertainment,,POSITIVE,0.9997435212135315,guide,information,"informative,dramatic,serious,funny",0.06147204712033272
24683,Don't Let Me Down,"Apr 4, 2024, 9:58:17 AM PST",Music,Official Music Video,POSITIVE,0.9995021820068359,unknown,unknown,,0.3921462893486023
25101,Diamonds,"Mar 29, 2024, 8:09:48 AM PST",Entertainment,,POSITIVE,0.9994818568229675,guide,information,"dramatic,informative,serious,professional,funny,personal",0.2303028106689453
24684,Bunker Alfa No guns Last Day On Earth : Survival ldoe only melee Cheapest Way,"Apr 4, 2024, 9:41:25 AM PST",News,,NEGATIVE,0.9961575865745544,guide,information,"serious,informative,dramatic,funny,personal",0.07437189668416977
25102,Give Me Everything,"Mar 29, 2024, 8:05:36 AM PST",Technology,,POSITIVE,0.9996899366378784,reaction,information,"serious,informative,dramatic,personal,professional,funny",0.44819051027297974
24685,Last day on earth - cut finger usage! RARE LOOT BUNKER ALPHA,"Apr 4, 2024, 9:41:13 AM PST",News,,NEGATIVE,0.9889193177223206,reaction,information,"serious,dramatic,funny,informative,personal",0.16336731612682343
25103,Sunroof,"Mar 29, 2024, 8:02:53 AM PST",Technology,,POSITIVE,0.9892080426216125,reaction,information,"dramatic,informative,professional,casual,funny,serious",0.7931467890739441
25104,Cupid (Twin Ver.),"Mar 29, 2024, 8:00:02 AM PST",Entertainment,,POSITIVE,0.9820535182952881,review,information,"informative,casual,dramatic,funny",0.05844464525580406
24686,BUNKER ALFA PROTOCOLO | 4TO PISO | Last Day on Earth: Survival #lastdayonearth #ldoe #gaming,"Apr 4, 2024, 9:40:24 AM PST",Gaming,Gameplay,NEGATIVE,0.9893242716789246,gameplay,information,"informative,dramatic,funny",0.7829310297966003
25105,Paris,"Mar 29, 2024, 7:56:06 AM PST",Entertainment,,POSITIVE,0.998136043548584,reaction,information,"dramatic,serious,informative,professional,funny,personal",0.7480307221412659
24687,Bunker Alpha Code 6-7 MARCH 2021 | Last Day On Earth(Ldoe),"Apr 4, 2024, 9:40:22 AM PST",Podcast,,NEGATIVE,0.967617928981781,guide,information,"serious,dramatic,informative,funny",0.028971128165721893
25106,Tum Se,"Mar 29, 2024, 7:44:31 AM PST",Entertainment,,NEGATIVE,0.9600706696510315,reaction,information,"dramatic,informative,serious,funny,casual,personal,professional",0.4372269809246063
24688,"EXPENSIVE DEAL WITH DEALER JOE - Last Day On Earth; Survival,LDOE,XxAdeexX, Season 36","Apr 4, 2024, 9:39:21 AM PST",Podcast,,NEGATIVE,0.8684265613555908,guide,storytelling,"dramatic,serious,informative,funny,professional",0.47322261333465576
25107,"FIGHTER: Sher Khul Gaye Song, Hrithik, Deepika, Vishal-Sheykhar, Benny, Shilpa, Kumaar, Bosco-Caesar","Mar 29, 2024, 7:14:01 AM PST",Music,Music Mix,POSITIVE,0.9943442344665527,unknown,unknown,,0.8995113372802734
24689,"""Wasted"" bunker alfa hardmode l   Last day on earth survival","Apr 4, 2024, 9:38:50 AM PST",Reviews,,NEGATIVE,0.9995700716972351,commentary,analysis,"serious,dramatic,informative,funny,personal",0.023555584251880646
25108,"Kala Chashma | Baar Baar Dekho | Sidharth M Katrina K | Prem, Hardeep, Badshah, Kam, Neha, Indeep","Mar 29, 2024, 7:11:08 AM PST",Comedy,,NEGATIVE,0.7659891843795776,commentary,storytelling,"dramatic,funny,informative,serious,professional",0.9967693090438843
24690,WHEN YOU FEEL YOU WILL NOT BE ABLE TO MAKE IT (read the pinned comment) #lastdayonearth  #ldoe,"Apr 4, 2024, 9:38:04 AM PST",News,,NEGATIVE,0.9996669292449951,commentary,information,"dramatic,serious,informative,personal,funny",0.03781614080071449
24691,COLLATERAL DAMAGE 💥,"Apr 4, 2024, 9:37:30 AM PST",Gaming,Esports,NEGATIVE,0.9982789754867554,reaction,unknown,"serious,dramatic,informative,casual",0.11519958078861237
25109,Diljit Dosanjh: LOVER (Official Music Video) Intense | Raj Ranjodh | MoonChild Era,"Mar 29, 2024, 7:08:00 AM PST",Music,Official Music Video,POSITIVE,0.9950581789016724,unknown,unknown,,0.9962105751037598
24692,phoenix lucky spike defuse lol Komik ㅋㅋㅋㅋ 面白い kekw #valorant #valorantfunny,"Apr 4, 2024, 9:37:28 AM PST",Comedy,,NEGATIVE,0.9383503198623657,reaction,comedy,"funny,dramatic,informative,casual",0.9958877563476562
25110,"Makhna - Drive| Sushant Singh Rajput, Jacqueline Fernandez| Tanishk Bagchi, Asees Kaur","Mar 29, 2024, 7:04:47 AM PST",Entertainment,,NEGATIVE,0.5366427302360535,guide,entertainment,"informative,dramatic,funny,serious,professional",0.1691114455461502
24693,"Bunker Alfa Code for 28-29 March 2024 - Last Day on Earth, Survival","Bunker Alfa Code for 28-29 March 2024 - Last Day on Earth, Survival",News,,POSITIVE,0.8281258344650269,guide,information,"serious,dramatic,informative,funny,professional",0.010332192294299603
24694,"I get a tactical backpack from supply events in Last Day on Earth, Survival","Apr 4, 2024, 8:36:17 AM PST",Technology,,NEGATIVE,0.9790536165237427,gameplay,information,"informative,dramatic,serious,funny",0.004655954893678427
25111,"FIGHTER: Heer Aasmani (Full Video) Hrithik Roshan, Deepika, Anil, Vishal-Sheykhar, Bpraak, Kumaar","Mar 29, 2024, 7:00:54 AM PST",Technology,,POSITIVE,0.9963639378547668,guide,information,"informative,professional,dramatic,serious,funny",0.10231667011976242
24695,"I get a mannequin from Bunny's present in Last Day on Earth, Survival","Apr 4, 2024, 8:36:15 AM PST",Entertainment,,NEGATIVE,0.8917877674102783,reaction,storytelling,"informative,funny,dramatic",0.03631138801574707
24696,"Bunker Alfa Code for March 2024 - Last Day on Earth,Survival","Bunker Alfa Code for March 2024 - Last Day on Earth,Survival",News,,NEGATIVE,0.7194899320602417,guide,information,"serious,dramatic,informative,professional,funny",0.0046188849955797195
25112,MITRAZ - Gulaab (Official Audio),"Mar 29, 2024, 6:58:04 AM PST",Music,Music Mix,POSITIVE,0.6443721652030945,unknown,unknown,,0.9897652268409729
24697,"LDOE,  Share with Raiders in Last Day on Earth, Survival","Apr 4, 2024, 8:36:04 AM PST",Tutorial,,POSITIVE,0.9933891296386719,guide,information,"informative,serious,dramatic,funny",0.008003026247024536
24698,"Raid Player Slim-ine's in Last Day on Earth,Survival","Apr 4, 2024, 8:35:30 AM PST",Sports,,NEGATIVE,0.5525113940238953,gameplay,storytelling,"dramatic,informative,serious,professional,funny",0.6170052886009216
25113,"Tere Pyaar Mein (Song) Tu Jhoothi Main Makkaar| Ranbir, Shraddha| Pritam| Arijit, Nikhita | Amitabh","Mar 29, 2024, 6:55:07 AM PST",Music,Lyric Video,POSITIVE,0.9755638241767883,unknown,unknown,,0.9912869334220886
24699,"LDOE, Deal with Dealer Joe-Last Day on Earth, Survival","Apr 4, 2024, 8:34:55 AM PST",Podcast,,POSITIVE,0.9845153093338013,guide,information,"serious,dramatic,informative,funny,professional",0.00702979089692235
24700,join pur clan in the LDOE Crater #lastdayonearthsurvival,"Apr 4, 2024, 8:34:50 AM PST",Entertainment,,NEGATIVE,0.9862238168716431,gameplay,entertainment,"informative,dramatic,funny,serious",0.7557526230812073
25114,"FIGHTER: Ishq Jaisa Kuch Song, Hrithik, Deepika, Vishal-Sheykhar, Shilpa, Kumaar, Bosco-Caesar","Mar 29, 2024, 6:52:47 AM PST",Entertainment,,POSITIVE,0.9798790216445923,guide,entertainment,"dramatic,informative,professional,funny",0.9167678952217102
24701,How to do a screen record,"Apr 4, 2024, 8:34:48 AM PST",Tutorial,,POSITIVE,0.9948662519454956,guide,information,"informative,professional,dramatic",0.8391251564025879
25115,Shree Siddhivinayak Mantra And Aarti,"Mar 29, 2024, 6:37:52 AM PST",Music,Music Mix,POSITIVE,0.902162492275238,unknown,unknown,,0.916804850101471
24702,"I'm opened 72 Mercenaries Contracts in Last Day on Earth, Survival","Apr 4, 2024, 8:34:43 AM PST",News,,POSITIVE,0.8138772249221802,news,information,"serious,dramatic,informative,funny",0.020083563402295113
25116,https://www.youtube.com/watch?v=sV2HGiB5VZ0,"Mar 29, 2024, 6:18:00 AM PST",Entertainment,,NEGATIVE,0.9430791735649109,reaction,information,"informative,funny,dramatic,serious,professional",0.7511774897575378
24703,"Player 6197 Revenge Raid in Last Day on Earth, Survival","Apr 4, 2024, 8:33:40 AM PST",Gaming,Gameplay,NEGATIVE,0.8655905723571777,reaction,information,"dramatic,informative,serious,professional,personal,funny",0.7613662481307983
24704,"Bunker Alfa Code for 1-2 April 2024 - Last Day on Earth,Survival","Bunker Alfa Code for 1-2 April 2024 - Last Day on Earth,Survival",News,,POSITIVE,0.7054343819618225,guide,information,"serious,dramatic,informative,professional,funny",0.00888320617377758
25117,ngl this War of Wizards kid got anger issues💀😭 #vrgame #vrgaming #oculus #quest2 #vr #jamesplaysvr,"Mar 29, 2024, 6:16:22 AM PST",Entertainment,,NEGATIVE,0.9932221174240112,reaction,entertainment,"dramatic,personal,funny,informative",0.7621129751205444
24705,"Bunker Alfa Code for 3-4 April 2024 Last Day on Earth, Survival","Bunker Alfa Code for 3-4 April 2024 Last Day on Earth, Survival",News,,NEGATIVE,0.7925084233283997,guide,information,"serious,dramatic,informative,funny,professional",0.010519484989345074
25118,Found out her mom made her paralyzed😱 #movie #series,"Mar 29, 2024, 6:14:10 AM PST",Entertainment,,NEGATIVE,0.7309207320213318,reaction,storytelling,"dramatic,funny,informative,serious,personal",0.9700122475624084
24706,Raid Player Base 6470 - Last Day on Earth,"Apr 4, 2024, 8:33:23 AM PST",Gaming,Gameplay,NEGATIVE,0.9712753295898438,gameplay,information,"dramatic,serious,informative,professional,funny",0.30381256341934204
25119,Why I hate mimes,"Mar 29, 2024, 6:13:10 AM PST",Tutorial,,NEGATIVE,0.9966598749160767,commentary,information,"personal,informative,serious,dramatic",0.016656961292028427
25120,Experienced Driver on Tight Parking 🤠😎😎 #Shorts,"Mar 29, 2024, 6:13:03 AM PST",Shorts,,NEGATIVE,0.9476556777954102,reaction,comedy,"funny,professional,dramatic,informative",0.9881101846694946
24707,Robber Robbed? This Gas Station Hero Fixed His Gun and Made Him Sweat! #shortvideo #shorts #short,"Apr 4, 2024, 8:33:21 AM PST",Shorts,,NEGATIVE,0.9955611228942871,news,entertainment,"funny,dramatic,informative",0.9861927032470703
25121,Parallel Parking between 2 cars,"Mar 29, 2024, 6:13:02 AM PST",Technology,,POSITIVE,0.5727255344390869,guide,entertainment,"dramatic,informative,professional,serious,funny,casual",0.29795360565185547
24708,FSD V12 escapes busy parking lot,"Apr 4, 2024, 8:31:16 AM PST",Technology,,POSITIVE,0.7592067122459412,reaction,information,"dramatic,informative,professional,funny",0.6196284890174866
24709,ALBUM OUT NOW!!!! #freshoutthegallery brought to you by YouTube,"Apr 4, 2024, 8:31:13 AM PST",Entertainment,,POSITIVE,0.6796079874038696,news,entertainment,"dramatic,informative,funny,professional",0.9868740439414978
25122,My followers must know how to reverse into a parking space!#car  #carsafety  #driving  #tips,"Mar 29, 2024, 6:12:16 AM PST",Tutorial,,NEGATIVE,0.9879561066627502,guide,information,"informative,serious,funny,dramatic,professional,personal",0.1780758947134018
24710,the around the world clutch,"Apr 4, 2024, 8:30:16 AM PST",Entertainment,,POSITIVE,0.9994544386863708,reaction,information,"dramatic,serious,informative,funny,professional",0.34959328174591064
25123,How to Parallel Park #parallelparking #parking #parkingtips #drivingtest #parallelparkingtips #cars,"Mar 29, 2024, 6:11:33 AM PST",Tutorial,,NEGATIVE,0.9886447191238403,guide,information,"informative,professional,serious,funny,dramatic",0.9540737867355347
24711,Share this video with your loved ones..Pls be careful.. God has literally saved me and my son🙏,"Apr 4, 2024, 8:30:04 AM PST",News,,POSITIVE,0.998091995716095,news,information,"dramatic,serious,informative,personal,funny",0.7688863277435303
25124,Parallel Parking From the Front,"Mar 29, 2024, 6:09:47 AM PST",Technology,,NEGATIVE,0.6789289712905884,guide,information,"dramatic,informative,professional,serious,funny,casual",0.43675506114959717
25125,Musician,"Mar 28, 2024, 12:57:32 PM PST",Music,Live Performance,POSITIVE,0.9946346282958984,unknown,unknown,,0.9977152943611145
24712,#beauty #of #centrifugalforce #science #physics #vyasedification #viral #shorts #ytshorts #trending,"Apr 4, 2024, 8:29:43 AM PST",Shorts,,NEGATIVE,0.9506617784500122,news,unknown,"informative,dramatic,funny",0.9864174723625183
25126,Pehla Pyaar,"Mar 28, 2024, 12:29:31 PM PST",Comedy,,POSITIVE,0.9743648171424866,reaction,storytelling,"dramatic,funny,informative,serious,casual,personal,professional",0.7820223569869995
24713,Sheldon comes back to his dorm room 🤣,"Apr 4, 2024, 8:28:42 AM PST",Comedy,,POSITIVE,0.73085618019104,reaction,comedy,"funny,personal,dramatic,informative,serious",0.9732943177223206
25127,Nadiyon Sa,"Mar 28, 2024, 12:26:51 PM PST",Entertainment,,POSITIVE,0.9926127195358276,reaction,information,"dramatic,informative,serious,funny,personal,professional,casual",0.27438420057296753
25128,Satranga (Stripped),"Mar 28, 2024, 12:23:37 PM PST",Technology,,NEGATIVE,0.9953798055648804,reaction,information,"dramatic,serious,personal,informative,professional",0.08423934131860733
24714,My brain in War of Wizards be like… #vrgame #vrgaming #oculus #quest2 #jamesplaysvr,"Apr 4, 2024, 8:27:43 AM PST",Gaming,Gameplay,POSITIVE,0.7289208173751831,gameplay,entertainment,"informative,funny,dramatic,personal,professional",0.7288104891777039
25129,Tere Bin,"Mar 28, 2024, 12:17:46 PM PST",Entertainment,,POSITIVE,0.99021977186203,reaction,information,"dramatic,informative,serious,funny,professional,casual",0.3416798710823059
24715,LDOE this old trick still working!,"Apr 4, 2024, 8:26:42 AM PST",Podcast,,NEGATIVE,0.9404478669166565,guide,entertainment,"informative,funny,professional,dramatic",0.3353031575679779
25130,Tera Rastaa Chhodoon Na,"Mar 28, 2024, 12:17:45 PM PST",Music,Official Music Video,NEGATIVE,0.9886590838432312,unknown,unknown,,0.893897294998169
24716,NEW UPDATE IS HERE! (but there's a twist) - Last Day on Earth: Survival,"Apr 4, 2024, 8:25:50 AM PST",News,,POSITIVE,0.9646821618080139,news,information,"dramatic,serious,informative,funny",0.975932776927948
25131,"Hawayein (From ""Jab Harry Met Sejal"")","Mar 28, 2024, 12:17:44 PM PST",Comedy,,NEGATIVE,0.8884474635124207,reaction,comedy,"funny,dramatic,informative,serious",0.89266437292099
25132,"Mehrama (From ""Love Aaj Kal"")","Mar 28, 2024, 12:17:42 PM PST",Comedy,,POSITIVE,0.9958449006080627,reaction,storytelling,"dramatic,funny,informative",0.7572339773178101
24717,"Bandook Meri Laila (From ""A Gentleman"") (feat. Raftaar, Sidharth Malhotra)","Apr 4, 2024, 6:55:23 AM PST",Music,Cover Song,POSITIVE,0.9955326318740845,unknown,unknown,,0.9871302247047424
25133,Mann Mera,"Mar 28, 2024, 12:17:40 PM PST",Music,Official Music Video,NEGATIVE,0.8234203457832336,unknown,unknown,,0.5474373698234558
24718,"Javascript Interview Questions ( map, filter and reduce ) - Polyfills and Output Based Questions","Apr 4, 2024, 6:54:12 AM PST",Technology,,NEGATIVE,0.9849370121955872,guide,information,"informative,professional,dramatic",0.1351223587989807
25134,Lamberghini,"Mar 28, 2024, 12:17:31 PM PST",Entertainment,,POSITIVE,0.7785905003547668,reaction,information,"dramatic,informative,serious,professional,funny,personal",0.4171103835105896
24719,Hass Hass,"Apr 4, 2024, 6:49:43 AM PST",Comedy,,POSITIVE,0.948603093624115,reaction,information,"dramatic,serious,informative,funny,personal",0.412345826625824
25135,Jaan Ban Gaye,"Mar 28, 2024, 12:14:00 PM PST",Comedy,,NEGATIVE,0.9204775094985962,reaction,information,"informative,dramatic,serious,funny,professional,personal,casual",0.7890334725379944
24720,Timber,"Apr 4, 2024, 6:35:49 AM PST",Tutorial,,POSITIVE,0.9943378567695618,guide,information,"dramatic,informative,serious,funny",0.11003533750772476
25136,Channa Mereya,"Mar 28, 2024, 12:06:24 PM PST",Music,Official Music Video,POSITIVE,0.942733108997345,unknown,unknown,,0.966449499130249
24721,Give Me Everything,"Apr 4, 2024, 6:31:37 AM PST",Technology,,POSITIVE,0.9996899366378784,reaction,information,"serious,informative,dramatic,personal,professional,funny",0.44819051027297974
25137,Aajkal Tere Mere Pyar Ke Charche,"Mar 28, 2024, 12:06:21 PM PST",Comedy,,POSITIVE,0.5723615288734436,reaction,storytelling,"informative,dramatic,funny,serious,casual,personal,professional",0.8736332654953003
24722,"Bolna (From ""Kapoor & Sons (Since 1921)"")","Apr 4, 2024, 6:31:30 AM PST",Comedy,,POSITIVE,0.694439172744751,guide,information,"professional,informative,dramatic,serious,funny",0.38797199726104736
25138,Husn Mashup,"Mar 28, 2024, 12:06:16 PM PST",Entertainment,,NEGATIVE,0.9918544292449951,reaction,comedy,"dramatic,funny,informative",0.7030041813850403
24723,"Javascript Interview Questions ( Var, Let and Const ) - Hoisting, Scoping, Shadowing and more","Apr 4, 2024, 6:29:56 AM PST",Technology,,NEGATIVE,0.9823428988456726,guide,information,"informative,professional,dramatic,funny",0.14563575387001038
25139,"Kaise Hua (From ""Kabir Singh"")","Mar 28, 2024, 12:02:21 PM PST",Comedy,,NEGATIVE,0.7040528059005737,reaction,storytelling,"informative,dramatic,funny,serious",0.542840838432312
24724,I FINALLY GOT THE FINAL REWARD! (limited time event) - Last Day on Earth: Survival,"Apr 4, 2024, 6:29:12 AM PST",Gaming,Gameplay,POSITIVE,0.9989726543426514,news,storytelling,"dramatic,serious,informative,personal,funny",0.10066186636686325
25140,"Te Amo Lofi Mix (Remix By Kedrock,Sd Style)","Mar 28, 2024, 12:00:03 PM PST",Music,Music Mix,NEGATIVE,0.6043844223022461,unknown,unknown,,0.9975128769874573
24725,COMMUNE EVENT FOR BEGINNERS! SHOULD YOU DO IT?! - Last Day on Earth Survival,"Apr 4, 2024, 5:19:40 AM PST",Tutorial,,NEGATIVE,0.9219667911529541,guide,information,"dramatic,serious,informative,funny",0.22038769721984863
25141,MAST MAGAN,"Mar 28, 2024, 11:55:23 AM PST",Music,Official Music Video,NEGATIVE,0.7024111151695251,unknown,unknown,,0.686627209186554
24726,"Transfer Learning | Deep Learning Tutorial 27 (Tensorflow, Keras & Python)","Apr 3, 2024, 1:32:05 PM PST",Tutorial,,POSITIVE,0.7932667136192322,tutorial,information,"informative,serious,dramatic",0.9775339961051941
25142,O Haseena Zulfonwale Jane Jahan Afro Trap,O Haseena Zulfonwale Jane Jahan Afro Trap,Comedy,,NEGATIVE,0.973016619682312,commentary,comedy,"dramatic,funny,informative,serious",0.8390183448791504
24727,"Bolna (From ""Kapoor & Sons (Since 1921)"")","Apr 3, 2024, 1:12:08 PM PST",Comedy,,POSITIVE,0.694439172744751,guide,information,"professional,informative,dramatic,serious,funny",0.38797199726104736
25143,Naina x Satranga,"Mar 28, 2024, 11:55:19 AM PST",Entertainment,,POSITIVE,0.9413004517555237,reaction,information,"dramatic,informative,professional,serious,funny,casual,personal",0.7793534398078918
24728,Jaan Ban Gaye,"Apr 3, 2024, 1:08:36 PM PST",Comedy,,NEGATIVE,0.9204775094985962,reaction,information,"informative,dramatic,serious,funny,professional,personal,casual",0.7890334725379944
25144,Nazm Nazm,"Mar 28, 2024, 11:55:18 AM PST",Music,Official Music Video,NEGATIVE,0.6987879872322083,unknown,unknown,,0.8662074208259583
24729,Tum Kya Mile Hum Na Rahe Hum,"Apr 3, 2024, 1:03:28 PM PST",Comedy,,NEGATIVE,0.9446829557418823,reaction,comedy,"funny,casual,dramatic,informative,personal,serious,professional",0.9793885946273804
25145,Teri Jhuki Nazar (Lofi Flip),"Mar 28, 2024, 11:55:17 AM PST",Entertainment,,NEGATIVE,0.9597095251083374,reaction,storytelling,"dramatic,funny,informative,professional,serious,casual,personal",0.8160431385040283
24730,Malang Sajna,"Apr 3, 2024, 1:00:47 PM PST",Entertainment,,NEGATIVE,0.9741942286491394,reaction,information,"dramatic,informative,serious,funny,professional,casual,personal",0.41537490487098694
25146,Jaan Nisaar (Arijit),"Mar 28, 2024, 11:54:49 AM PST",Entertainment,,POSITIVE,0.6242576241493225,guide,information,"informative,dramatic,personal,serious,professional,funny,casual",0.45679816603660583
24731,Mahiye Jinna Sohna,"Apr 3, 2024, 12:57:46 PM PST",Entertainment,,NEGATIVE,0.7192556262016296,guide,information,"informative,dramatic,serious,funny,professional,casual,personal",0.5022781491279602
25147,Laal Peeli Akhiyaan,"Mar 28, 2024, 11:51:41 AM PST",Entertainment,,NEGATIVE,0.725419282913208,reaction,information,"informative,dramatic,serious,funny,professional,casual",0.4372348189353943
24732,KABIRA,"Apr 3, 2024, 12:54:02 PM PST",Entertainment,,POSITIVE,0.980975866317749,reaction,information,"dramatic,informative,serious,funny,professional,personal",0.5023779273033142
25148,IShowSpeed called the police on me 😂 #shorts,"Mar 28, 2024, 11:39:16 AM PST",Shorts,,NEGATIVE,0.9981439113616943,reaction,comedy,"funny,dramatic,personal,informative",0.9749637842178345
24733,"Kaise Hua (From ""Kabir Singh"")","Apr 3, 2024, 12:50:07 PM PST",Comedy,,NEGATIVE,0.7040528059005737,reaction,storytelling,"informative,dramatic,funny,serious",0.542840838432312
25149,Alag Aasmaan,"Mar 28, 2024, 11:04:50 AM PST",Entertainment,,NEGATIVE,0.916412353515625,reaction,information,"dramatic,informative,serious,funny,professional",0.35124173760414124
24734,Akhiyaan Gulaab,"Apr 3, 2024, 12:47:16 PM PST",Comedy,,NEGATIVE,0.8898099064826965,reaction,information,"informative,dramatic,funny,serious,professional,casual,personal",0.6217514276504517
25150,Roadtrip Mashup,"Mar 28, 2024, 10:59:54 AM PST",Entertainment,,NEGATIVE,0.9980056881904602,reaction,entertainment,"dramatic,funny,informative",0.624091386795044
25151,Phir Aur Kya Chahiye - Asees Version,"Mar 28, 2024, 10:55:56 AM PST",Comedy,,NEGATIVE,0.6532819271087646,reaction,storytelling,"dramatic,informative,funny,casual,serious,professional",0.8796948194503784
25152,Saajna,"Mar 28, 2024, 10:52:59 AM PST",Entertainment,,POSITIVE,0.7978120446205139,reaction,information,"dramatic,informative,serious,casual,professional,funny,personal",0.4848875105381012
24735,"Akhiyaan Gulaab (Song): Shahid Kapoor, Kriti Sanon | Mitraz | Teri Baaton Mein Aisa Uljha Jiya","Apr 3, 2024, 12:16:34 PM PST",Music,Official Music Video,POSITIVE,0.9697220921516418,unknown,unknown,,0.9953700304031372
25153,Yeh Dooriyan (Lofi Flip),"Mar 28, 2024, 10:48:51 AM PST",Entertainment,,NEGATIVE,0.9496594667434692,reaction,storytelling,"dramatic,informative,funny,serious,professional,casual",0.6790263652801514
25154,Aankhon Se Batana,"Mar 28, 2024, 10:45:09 AM PST",Comedy,,POSITIVE,0.8988215327262878,reaction,storytelling,"dramatic,informative,funny,serious,professional,casual,personal",0.641223669052124
24736,"FIGHTER: Ishq Jaisa Kuch Song, Hrithik, Deepika, Vishal-Sheykhar, Shilpa, Kumaar, Bosco-Caesar","Apr 3, 2024, 12:14:14 PM PST",Entertainment,,POSITIVE,0.9798790216445923,guide,entertainment,"dramatic,informative,professional,funny",0.9167678952217102
25155,Jashn-E-Bahaaraa,"Mar 28, 2024, 10:36:39 AM PST",Tutorial,,NEGATIVE,0.9311102628707886,guide,information,"informative,serious,dramatic",0.035658907145261765
24737,Porter Robinson & Madeon - Shelter (Official Audio),"Apr 3, 2024, 12:09:49 PM PST",Music,Music Mix,NEGATIVE,0.9033377766609192,unknown,unknown,,0.9982693791389465
25156,Husn (Re-imagined),"Mar 28, 2024, 10:35:57 AM PST",Entertainment,,NEGATIVE,0.9918105006217957,reaction,storytelling,"dramatic,informative,funny,serious,professional",0.180842787027359
24738,Porter Robinson - Musician (Together Live 2022: perfect version),"Apr 3, 2024, 12:05:07 PM PST",Music,Live Performance,POSITIVE,0.998790442943573,unknown,unknown,,0.9960923194885254
25157,Pahle Bhi Main,"Mar 28, 2024, 10:31:18 AM PST",Comedy,,NEGATIVE,0.8370015621185303,reaction,comedy,"dramatic,informative,casual,funny,serious,personal,professional",0.889820396900177
25158,KABIRA,"Mar 28, 2024, 10:27:34 AM PST",Entertainment,,POSITIVE,0.980975866317749,reaction,information,"dramatic,informative,serious,funny,professional,personal",0.5023779273033142
24739,Flo Rida - Club Can't Handle Me ft. David Guetta [Official Music Video] - Step Up 3D,"Apr 3, 2024, 12:01:01 PM PST",Music,Official Music Video,NEGATIVE,0.9931159615516663,unknown,unknown,,0.9949519634246826
25159,"Apna Bana Le (From ""Bhediya"")","Mar 28, 2024, 10:23:13 AM PST",Comedy,,NEGATIVE,0.9769564270973206,reaction,storytelling,"funny,dramatic,informative,serious,casual",0.5790274739265442
24740,"Digital Farm Animals, Shaun Frank, Dragonette - Tokyo Nights (Lyric Video)","Apr 3, 2024, 11:56:57 AM PST",Entertainment,,POSITIVE,0.8609606027603149,review,entertainment,"informative,funny,dramatic",0.9705501794815063
25160,"Love You Zindagi (From ""Dear Zindagi"")","Mar 28, 2024, 10:05:49 AM PST",Entertainment,,POSITIVE,0.9997813105583191,reaction,storytelling,"informative,personal,funny,dramatic",0.06987915933132172
25161,Phir Se Ud Chala,"Mar 28, 2024, 10:01:20 AM PST",Comedy,,NEGATIVE,0.6933549642562866,reaction,storytelling,"dramatic,informative,serious,funny,casual,personal,professional",0.8816737532615662
24741,ROSA WALTON & HALLIE COGGINS - I REALLY WANT TO STAY AT YOUR HOUSE (LYRIC) AMV CYBERPUNK EDGERUNNERS,"Apr 3, 2024, 11:52:48 AM PST",Music,Lyric Video,POSITIVE,0.9969208240509033,unknown,unknown,,0.8867806196212769
25162,Makhna,"Mar 28, 2024, 9:58:17 AM PST",Music,Official Music Video,NEGATIVE,0.8818078637123108,unknown,unknown,,0.36648210883140564
24742,Haddaway - What Is Love [Official 4K],"Apr 3, 2024, 11:48:46 AM PST",Music,Official Music Video,POSITIVE,0.9997133612632751,unknown,unknown,,0.336329847574234
24743,Dariya,"Apr 3, 2024, 11:47:16 AM PST",Entertainment,,POSITIVE,0.9355951547622681,reaction,information,"dramatic,informative,serious,funny,personal,professional,casual",0.29641425609588623
25163,"Tum Kya Mile - Pritam' s Version (From ""Rocky Aur Rani Kii Prem Kahaani"")","Mar 28, 2024, 9:55:05 AM PST",Music,Cover Song,POSITIVE,0.6542984247207642,unknown,unknown,,0.9912274479866028
24744,"Kesariya (From ""Brahmastra"")","Apr 3, 2024, 11:42:48 AM PST",Music,Official Music Video,POSITIVE,0.7324939966201782,unknown,unknown,,0.3402031660079956
25164,MAAHI VE,"Mar 28, 2024, 9:51:04 AM PST",Music,Lyric Video,POSITIVE,0.915395975112915,unknown,unknown,,0.9834460616111755
24745,Ve Haaniyaan,"Apr 3, 2024, 11:18:12 AM PST",Comedy,,POSITIVE,0.9583518505096436,reaction,comedy,"dramatic,funny,informative,serious,personal,professional,casual",0.4851796627044678
25165,Tarsati Hai Nigahen (Ghalat Fehmi),"Mar 28, 2024, 9:48:01 AM PST",Comedy,,NEGATIVE,0.8040645122528076,guide,storytelling,"dramatic,informative,serious,funny,casual,professional,personal",0.5501781105995178
24746,Laal Peeli Akhiyaan,"Apr 3, 2024, 11:15:04 AM PST",Entertainment,,NEGATIVE,0.725419282913208,reaction,information,"informative,dramatic,serious,funny,professional,casual",0.4372348189353943
25166,Jaise Mera Tu,"Mar 28, 2024, 9:47:59 AM PST",Music,Official Music Video,POSITIVE,0.9916492700576782,unknown,unknown,,0.8296686410903931
24747,Tere Bin,"Apr 3, 2024, 11:09:41 AM PST",Entertainment,,POSITIVE,0.99021977186203,reaction,information,"dramatic,informative,serious,funny,professional,casual",0.3416798710823059
25167,Tu Hi Mera (Lofi Flip),"Mar 28, 2024, 9:47:13 AM PST",Music,Official Music Video,POSITIVE,0.9000903367996216,unknown,unknown,,0.9527885317802429
24748,Satranga (Stripped),"Apr 3, 2024, 11:06:49 AM PST",Technology,,NEGATIVE,0.9953798055648804,reaction,information,"dramatic,serious,personal,informative,professional",0.08423934131860733
25168,Heer Aasmani,"Mar 28, 2024, 9:40:15 AM PST",Entertainment,,POSITIVE,0.5878885388374329,reaction,information,"dramatic,informative,serious,funny,professional",0.2237914800643921
24749,Ajj Din Chadheya,"Apr 3, 2024, 11:01:34 AM PST",Entertainment,,NEGATIVE,0.5254030227661133,reaction,information,"informative,dramatic,serious,professional,funny,personal,casual",0.2656666934490204
25169,Husn,"Mar 28, 2024, 9:40:04 AM PST",Tutorial,,POSITIVE,0.9368075132369995,reaction,information,"serious,dramatic,personal,informative,funny,professional",0.07255077362060547
24750,KILLING THE BIG ONE! (Very Fast) - Last Day on Earth: Survival,"Apr 3, 2024, 11:00:46 AM PST",News,,POSITIVE,0.9881874918937683,news,information,"dramatic,serious,informative,professional,funny,personal",0.5517303347587585
25170,"Bandeya (From ""Dil Juunglee"")","Mar 28, 2024, 9:36:59 AM PST",Music,Cover Song,NEGATIVE,0.9740082621574402,unknown,unknown,,0.7406119108200073
24751,Maiyya Mainu,"Apr 3, 2024, 10:57:42 AM PST",Music,Official Music Video,NEGATIVE,0.9401074647903442,unknown,unknown,,0.6094255447387695
25171,Channa Ve,"Mar 28, 2024, 9:33:28 AM PST",Entertainment,,POSITIVE,0.9793813824653625,reaction,information,"dramatic,informative,serious,funny,casual,professional,personal",0.5463179349899292
24752,Tu Mileya,"Apr 3, 2024, 10:54:28 AM PST",Music,Official Music Video,POSITIVE,0.9928572177886963,unknown,unknown,,0.33232104778289795
25172,Laaree Chootee,"Mar 28, 2024, 9:30:24 AM PST",Music,Official Music Video,NEGATIVE,0.9852235317230225,unknown,unknown,,0.9618505239486694
24753,MAAHI VE,"Apr 3, 2024, 10:50:28 AM PST",Music,Lyric Video,POSITIVE,0.915395975112915,unknown,unknown,,0.9834460616111755
25173,ZINDAGI KUCH TOH BATA - REPRISEW-IN,"Mar 28, 2024, 9:29:59 AM PST",Reviews,,NEGATIVE,0.9744483828544617,reaction,information,"serious,dramatic,informative,professional,funny",0.6471350193023682
24754,Aankhon Se Batana,"Apr 3, 2024, 10:46:46 AM PST",Comedy,,POSITIVE,0.8988215327262878,reaction,storytelling,"dramatic,informative,funny,serious,professional,casual,personal",0.641223669052124
25174,O Maahi,"Mar 28, 2024, 9:26:05 AM PST",Music,Official Music Video,POSITIVE,0.988103449344635,unknown,unknown,,0.5492512583732605
24755,Heeriye (feat. Arijit Singh),"Apr 3, 2024, 10:43:31 AM PST",Music,Music Mix,POSITIVE,0.9265515804290771,unknown,unknown,,0.9949590563774109
25175,Baarishein,"Mar 28, 2024, 9:22:38 AM PST",Entertainment,,NEGATIVE,0.9433700442314148,guide,information,"dramatic,serious,professional,informative,personal,funny",0.6223085522651672
24756,6 Steps to Mastering the Wall Trick in Last Day on Earth,"Apr 3, 2024, 10:43:14 AM PST",Tutorial,,POSITIVE,0.9904690384864807,guide,information,"informative,serious,dramatic,professional",0.32932791113853455
25176,TUM JO AAYE,"Mar 28, 2024, 9:17:52 AM PST",Entertainment,,POSITIVE,0.9625353217124939,reaction,information,"dramatic,informative,serious,funny,personal,casual,professional",0.5809609889984131
24757,Mileya Mileya,"Apr 3, 2024, 10:39:05 AM PST",Music,Official Music Video,POSITIVE,0.9966984391212463,unknown,unknown,,0.34602388739585876
25177,Jeena Jeena,"Mar 28, 2024, 8:30:10 AM PST",Entertainment,,POSITIVE,0.996374785900116,reaction,information,"informative,personal,dramatic,serious,professional,funny,casual",0.5316205024719238
24758,TERE BIN LYRICS – Simmba |,"Apr 3, 2024, 10:35:39 AM PST",Entertainment,,NEGATIVE,0.663905680179596,guide,storytelling,"dramatic,informative,funny,professional",0.9488911628723145
25178,Naina,"Mar 28, 2024, 8:26:24 AM PST",Entertainment,,POSITIVE,0.9957177042961121,reaction,information,"personal,dramatic,informative,serious,casual,funny,professional",0.31880420446395874
25179,Saiyaan Dil Main,"Mar 28, 2024, 8:23:04 AM PST",Comedy,,POSITIVE,0.9202283024787903,reaction,comedy,"informative,dramatic,funny,serious,casual,professional,personal",0.9248210191726685
24759,Makhna,"Apr 3, 2024, 10:32:36 AM PST",Music,Official Music Video,NEGATIVE,0.8818078637123108,unknown,unknown,,0.36648210883140564
25180,SUBHANALLAH,"Mar 28, 2024, 8:17:59 AM PST",Entertainment,,POSITIVE,0.9612566232681274,guide,information,"dramatic,serious,informative,funny,casual,personal,professional",0.18955935537815094
24760,Laaree Chootee,"Apr 3, 2024, 10:29:33 AM PST",Music,Official Music Video,NEGATIVE,0.9852235317230225,unknown,unknown,,0.9618505239486694
25181,Hona Tha Pyar,"Mar 28, 2024, 8:14:24 AM PST",Music,Official Music Video,POSITIVE,0.5846976637840271,unknown,unknown,,0.853040874004364
24761,Ve Kamleya - Asees Version,"Apr 3, 2024, 10:26:33 AM PST",Entertainment,,NEGATIVE,0.9643954634666443,reaction,information,"informative,dramatic,serious,funny,professional",0.35543447732925415
25182,Lutt Putt Gaya,"Mar 28, 2024, 8:10:46 AM PST",Sports,,NEGATIVE,0.994986891746521,gameplay,information,"informative,dramatic,professional,funny,serious,casual",0.9884828925132751
24762,THIS EASY TRICK WILL MAKE BEGINNERS RICH! - Last Day on Earth: Survival,"Apr 3, 2024, 10:10:33 AM PST",Tutorial,,POSITIVE,0.9997017979621887,news,information,"informative,funny,casual,serious,dramatic",0.23085908591747284
25183,Chor,"Mar 28, 2024, 8:06:26 AM PST",Music,Concert Recording,NEGATIVE,0.98454350233078,unknown,unknown,,0.9883317351341248
25184,Tu Jaane Na,"Mar 28, 2024, 8:06:25 AM PST",Music,Official Music Video,NEGATIVE,0.9359698295593262,unknown,unknown,,0.779976487159729
24763,"""BUNKER ALFA EVENT"" (S-37) | WHY DO THE WALL TRICK? 👀💪- Last Day On Earth: Survival","Apr 3, 2024, 10:05:42 AM PST",Podcast,,NEGATIVE,0.959497332572937,gameplay,information,"dramatic,funny,serious,informative",0.7472180724143982
24764,Everything You Need to Know About Last Day on Earth: Survival,"Apr 3, 2024, 9:21:42 AM PST",Tutorial,,POSITIVE,0.9992658495903015,guide,information,"informative,serious,dramatic",0.13192956149578094
25185,Manike,"Mar 28, 2024, 8:06:23 AM PST",Music,Live Performance,NEGATIVE,0.9951673746109009,unknown,unknown,,0.6553270220756531
25186,Soch Na Sake,"Mar 28, 2024, 8:05:52 AM PST",Entertainment,,NEGATIVE,0.9810226559638977,reaction,information,"informative,dramatic,funny,serious,professional,casual",0.749277651309967
24765,BEGINNER GETS HIS TACTICAL BACKPACK EASY! - Last Day on Earth: Survival,"Apr 3, 2024, 9:01:35 AM PST",Tutorial,,POSITIVE,0.9046425819396973,guide,information,"informative,funny,serious,personal",0.1075557991862297
25187,Maiyya Mainu,"Mar 28, 2024, 7:58:50 AM PST",Music,Official Music Video,NEGATIVE,0.9401074647903442,unknown,unknown,,0.6094255447387695
24766,Pitbull - Feel This Moment (Official Video) ft. Christina Aguilera,"Apr 3, 2024, 8:59:26 AM PST",Music,Official Music Video,POSITIVE,0.9972754120826721,unknown,unknown,,0.9955258369445801
25188,Dil Jhoom,"Mar 28, 2024, 7:58:47 AM PST",Comedy,,POSITIVE,0.9177826046943665,reaction,comedy,"dramatic,informative,serious,funny,professional,casual,personal",0.7812901735305786
24767,One Love,"Apr 3, 2024, 8:55:59 AM PST",Music,Lyric Video,POSITIVE,0.9994469285011292,unknown,unknown,,0.130243182182312
25189,"Ranjha (From ""Shershaah"")","Mar 28, 2024, 7:55:54 AM PST",Entertainment,,NEGATIVE,0.8437514305114746,reaction,storytelling,"informative,dramatic,funny,serious,professional",0.06757219135761261
24768,Backstreet Boys - I Want It That Way (Official HD Video),"Apr 3, 2024, 8:48:05 AM PST",Music,Official Music Video,POSITIVE,0.9982826709747314,unknown,unknown,,0.9982782602310181
25190,Naina Da Kya Kasoor,"Mar 28, 2024, 7:52:23 AM PST",Comedy,,POSITIVE,0.7453585267066956,reaction,storytelling,"informative,dramatic,casual,funny,serious,professional,personal",0.8065846562385559
24769,Let Her Go X Husn (Slowed),"Apr 3, 2024, 8:47:48 AM PST",Entertainment,,NEGATIVE,0.9761556386947632,guide,information,"informative,personal,casual,serious,professional,funny,dramatic",0.5925058126449585
25191,Axwell /\ Ingrosso - More Than You Know,"Mar 28, 2024, 6:42:50 AM PST",Music,Behind the Scenes,POSITIVE,0.5980165004730225,unknown,unknown,,0.9926137328147888
24770,"Obsessed - Riar Saab, @AbhijaySharma | Official Music Video","Apr 3, 2024, 8:44:33 AM PST",Music,Official Music Video,NEGATIVE,0.9788302183151245,unknown,unknown,,0.9955591559410095
25192,Martin Garrix feat. Bonn - High On Life (Official Video),Martin Garrix feat. Bonn - High On Life (Official Video),Music,Official Music Video,POSITIVE,0.9923267960548401,unknown,unknown,,0.9977059960365295
24771,Rangi Saari | Kanishk Seth & Kavita Seth | Official Music Video,"Apr 3, 2024, 8:40:46 AM PST",Music,Official Music Video,POSITIVE,0.9909259080886841,unknown,unknown,,0.997988224029541
25193,Guru Josh Project - Infinity (Klaas Vocal Mix) [Ultra Records],"Mar 28, 2024, 6:35:48 AM PST",Music,Music Mix,POSITIVE,0.5509551763534546,unknown,unknown,,0.997840166091919
24772,Chaand Baaliyan – Aditya A. | Trending Song 2022 | Official Video,"Apr 3, 2024, 8:38:35 AM PST",Music,Official Music Video,POSITIVE,0.9802480340003967,unknown,unknown,,0.9964700937271118
25194,a-ha - Take On Me (Official Video) [Remastered in 4K],"Mar 28, 2024, 6:31:44 AM PST",Music,Official Music Video,NEGATIVE,0.9772517681121826,unknown,unknown,,0.9979979395866394
25195,"Pitbull - Give Me Everything ft. Ne-Yo, Afrojack, Nayer","Mar 28, 2024, 6:27:17 AM PST",Music,Music Mix,POSITIVE,0.9944459199905396,unknown,unknown,,0.9976447224617004
24773,"A.R Rahman Maahi Ve Song Highway | Alia Bhatt, Randeep Hooda | Imtiaz Ali","Apr 3, 2024, 8:36:05 AM PST",Music,Lyric Video,POSITIVE,0.9561622142791748,unknown,unknown,,0.9650115966796875
25196,Sean Paul - She Doesn't Mind (Official Video),"Mar 28, 2024, 6:23:11 AM PST",Music,Official Music Video,NEGATIVE,0.9926175475120544,unknown,unknown,,0.9886139631271362
25197,Haddaway - What Is Love [Official 4K],"Mar 28, 2024, 6:19:09 AM PST",Music,Official Music Video,POSITIVE,0.9997133612632751,unknown,unknown,,0.336329847574234
24774,Dunki Drop 5: O Maahi | Shah Rukh Khan | Taapsee Pannu | Pritam | Arijit Singh | Irshad Kamil,"Apr 3, 2024, 8:33:16 AM PST",Entertainment,,POSITIVE,0.8140936493873596,reaction,entertainment,"dramatic,informative,funny,serious",0.9206304550170898
25198,"I just spread the dough with Nutella, roll it and put it in the oven. Amazing result","Mar 28, 2024, 4:50:34 AM PST",Entertainment,,POSITIVE,0.9983190894126892,reaction,entertainment,"informative,dramatic,casual,personal,professional,funny",0.5593620538711548
24775,Coke Studio | Season 14 | Pasoori | Ali Sethi x Shae Gill,"Apr 3, 2024, 8:28:28 AM PST",Podcast,,POSITIVE,0.8197348117828369,guide,storytelling,"informative,professional,dramatic,funny,serious",0.8857947587966919
24776,Ritviz - Liggi [Official Music Video],"Apr 3, 2024, 8:25:06 AM PST",Music,Official Music Video,NEGATIVE,0.6218842267990112,unknown,unknown,,0.9880975484848022
25199,वेज किसाड़िया | Less Oil Snacks | vegetable quesadilla | quesadilla recipe | Sheetals Kitchen,"Mar 27, 2024, 2:24:59 PM PST",Tutorial,,NEGATIVE,0.9712592959403992,guide,information,"informative,funny,dramatic",0.039031367748975754
24777,Excuses (Official Video) | AP Dhillon | Gurinder Gill | Intense,"Apr 3, 2024, 8:22:01 AM PST",Entertainment,,NEGATIVE,0.9896346926689148,commentary,storytelling,"dramatic,serious,informative,professional,funny",0.6254066228866577
25200,Spicy Paratha Quesadilla | टेस्टी नए तरीके का आलू पराठा |MexicanSnack PunjabStyle |Chef Ranveer Brar,"Mar 27, 2024, 2:24:34 PM PST",Reviews,,POSITIVE,0.98306804895401,review,information,"informative,professional,dramatic,funny",0.03857194632291794
24778,Diljit Dosanjh: LOVER (Official Music Video) Intense | Raj Ranjodh | MoonChild Era,"Apr 3, 2024, 8:19:03 AM PST",Music,Official Music Video,POSITIVE,0.9950581789016724,unknown,unknown,,0.9962105751037598
24779,SUMMER HIGH - AP DHILLON (Official Music Video),"Apr 3, 2024, 8:15:34 AM PST",Music,Official Music Video,POSITIVE,0.9599851965904236,unknown,unknown,,0.997473418712616
25201,Spinach Corn Quesadilla Recipe - How to make quesadilla - Vegetable quesadilla recipe,"Mar 27, 2024, 2:22:48 PM PST",Tutorial,,NEGATIVE,0.9561141729354858,guide,information,"informative,dramatic,funny,casual",0.8797411918640137
24780,With You - AP Dhillon (Official Music Video),"Apr 3, 2024, 8:12:58 AM PST",Music,Official Music Video,POSITIVE,0.9988898634910583,unknown,unknown,,0.9959681034088135
25202,Naina Da Kya Kasoor,"Mar 27, 2024, 12:30:10 PM PST",Comedy,,POSITIVE,0.7453585267066956,reaction,storytelling,"informative,dramatic,casual,funny,serious,professional,personal",0.8065846562385559
24781,Gilehriyaan,"Apr 3, 2024, 8:10:01 AM PST",Entertainment,,POSITIVE,0.7976110577583313,reaction,information,"dramatic,serious,informative,funny,professional",0.1026637852191925
25203,Rang Lageya,"Mar 27, 2024, 12:26:22 PM PST",Entertainment,,POSITIVE,0.9102925658226013,reaction,storytelling,"dramatic,informative,serious,professional,personal,funny,casual",0.6048814058303833
24782,Ritviz - Jeet [Official Music Video],"Apr 3, 2024, 8:09:42 AM PST",Music,Official Music Video,POSITIVE,0.7974329590797424,unknown,unknown,,0.9936003684997559
25204,"Duniyaa (From ""Luka Chuppi"")","Mar 27, 2024, 12:26:14 PM PST",Entertainment,,NEGATIVE,0.9961424469947815,guide,storytelling,"dramatic,informative,funny,serious",0.5408669710159302
24783,Ek Main Aur Ekk Tu,"Apr 3, 2024, 8:05:40 AM PST",Entertainment,,POSITIVE,0.910098671913147,reaction,storytelling,"informative,dramatic,funny,serious,casual,personal,professional",0.9023342132568359
25205,Raabta,"Mar 27, 2024, 12:26:13 PM PST",Entertainment,,NEGATIVE,0.9716446995735168,reaction,information,"dramatic,informative,serious,professional,funny,personal",0.35750362277030945
25206,"Tere Bin (From ""Simmba"")","Mar 27, 2024, 12:26:11 PM PST",Entertainment,,POSITIVE,0.6074907779693604,reaction,storytelling,"dramatic,funny,informative,serious",0.869416356086731
25207,Main Rang Sharbaton Ka,"Mar 27, 2024, 12:23:56 PM PST",Comedy,,NEGATIVE,0.522433340549469,reaction,information,"dramatic,serious,informative,funny,professional,casual",0.41483235359191895
24784,King - Tu Aake Dekhle | The Carnival | The Last Ride | Prod. by Shahbeatz | Latest Hit Songs 2020,"Apr 3, 2024, 8:04:17 AM PST",Music,Music Mix,POSITIVE,0.9236475825309753,unknown,unknown,,0.9938241839408875
25208,Hasi (Female Version),"Mar 27, 2024, 12:20:43 PM PST",Entertainment,,POSITIVE,0.7844244241714478,reaction,information,"dramatic,informative,serious,funny,professional,casual,personal",0.5516512989997864
24785,Senorita,"Apr 3, 2024, 8:01:50 AM PST",Entertainment,,POSITIVE,0.9949711561203003,reaction,information,"serious,informative,personal,dramatic,funny,professional,casual",0.31388983130455017
25209,Mahiya Jinna Sona,"Mar 27, 2024, 12:17:22 PM PST",Music,Official Music Video,POSITIVE,0.9783817529678345,unknown,unknown,,0.7957424521446228
24786,MITRAZ - Akhiyaan (Official Music Video),"Apr 3, 2024, 8:01:06 AM PST",Music,Official Music Video,POSITIVE,0.9222614765167236,unknown,unknown,,0.9962985515594482
25210,Mitwa,"Mar 27, 2024, 12:10:59 PM PST",Entertainment,,POSITIVE,0.9265881180763245,reaction,information,"informative,serious,dramatic,professional,funny,personal,casual",0.41377386450767517
24787,SAFARNAMA,"Apr 3, 2024, 7:57:39 AM PST",Sports,,NEGATIVE,0.984931230545044,guide,information,"dramatic,serious,informative,professional,funny",0.0977226048707962
25211,Tum Se,"Mar 27, 2024, 12:06:56 PM PST",Entertainment,,NEGATIVE,0.9600706696510315,reaction,information,"dramatic,informative,serious,funny,casual,personal,professional",0.4372269809246063
24788,Ritviz - Sage [Official Music Video],"Apr 3, 2024, 7:57:01 AM PST",Music,Official Music Video,POSITIVE,0.8518282771110535,unknown,unknown,,0.9865063428878784
25212,Tera Ban Jaunga,"Mar 27, 2024, 12:06:55 PM PST",Comedy,,NEGATIVE,0.9772704243659973,reaction,comedy,"dramatic,informative,funny,serious,casual,professional,personal",0.851589560508728
24789,Manja,"Apr 3, 2024, 7:54:01 AM PST",Entertainment,,POSITIVE,0.9856367111206055,reaction,information,"dramatic,serious,informative,personal,professional,funny",0.342624694108963
25213,Iktara,"Mar 27, 2024, 12:06:43 PM PST",Technology,,POSITIVE,0.9612319469451904,reaction,information,"dramatic,professional,informative,serious,personal,funny,casual",0.7359127402305603
24790,Wo Noor,"Apr 3, 2024, 7:53:40 AM PST",Comedy,,NEGATIVE,0.9871309399604797,reaction,information,"dramatic,casual,funny,serious,informative,personal,professional",0.5527756810188293
25214,Maan Meri Jaan,"Mar 27, 2024, 12:06:40 PM PST",Comedy,,POSITIVE,0.9047510027885437,reaction,comedy,"funny,dramatic,informative,serious,casual,personal,professional",0.8082795143127441
25215,TUM SE HI,"Mar 27, 2024, 12:01:42 PM PST",Tutorial,,POSITIVE,0.9572591185569763,reaction,information,"dramatic,funny,informative,serious,personal,professional,casual",0.6013224720954895
24791,"Tum Se (Song): Shahid Kapoor, Kriti Sanon | Sachin-Jigar, Raghav Chaitanya, Varun Jain, Indraneel","Apr 3, 2024, 7:50:54 AM PST",Music,Official Music Video,POSITIVE,0.9922624826431274,unknown,unknown,,0.9883182644844055
25216,Chaleya,"Mar 27, 2024, 11:58:22 AM PST",Entertainment,,POSITIVE,0.9423848986625671,reaction,information,"dramatic,informative,serious,personal,professional,funny,casual",0.5083066821098328
25217,KANA-BOON - Silhouette,"Mar 27, 2024, 11:56:11 AM PST",Entertainment,,NEGATIVE,0.5837777853012085,guide,entertainment,"casual,professional,informative,dramatic,funny",0.8305826783180237
25218,Saari Duniya Jalaa Denge,"Mar 27, 2024, 11:55:20 AM PST",Comedy,,NEGATIVE,0.9968048334121704,reaction,storytelling,"informative,dramatic,funny,serious,casual,professional,personal",0.6101096272468567
24792,Ve Haaniyaan - Official Video | Ravi Dubey & Sargun Mehta | Danny | Avvy Sra | Dreamiyata Music,"Apr 3, 2024, 7:47:28 AM PST",Music,Official Music Video,POSITIVE,0.9913437366485596,unknown,unknown,,0.9358563423156738
25219,Mahiye Jinna Sohna,"Mar 27, 2024, 11:52:18 AM PST",Entertainment,,NEGATIVE,0.7192556262016296,guide,information,"informative,dramatic,serious,funny,professional,casual,personal",0.5022781491279602
24793,Pani Da Rang (Male Vocals),"Apr 3, 2024, 7:45:12 AM PST",Music,Official Music Video,POSITIVE,0.9664331674575806,unknown,unknown,,0.889103353023529
25220,"VØJ, Narvent - Memory Reboot (4K Music Video)","Mar 27, 2024, 11:52:14 AM PST",Music,Official Music Video,NEGATIVE,0.9937934875488281,unknown,unknown,,0.9975586533546448
24794,Kya Karoon?,"Apr 3, 2024, 7:41:16 AM PST",Comedy,,NEGATIVE,0.979015052318573,reaction,storytelling,"dramatic,casual,funny,informative,serious,personal",0.8044179081916809
25221,Phoebe Ryan - Mine (Illenium Remix),"Mar 27, 2024, 11:48:04 AM PST",Music,Music Mix,NEGATIVE,0.9334700703620911,unknown,unknown,,0.9971413612365723
24795,"Maiyya Mainu - Lyrical | Jersey | Shahid Kapoor, Mrunal Thakur| Sachet-Parampara| Shellee | Gowtam T","Apr 3, 2024, 7:40:41 AM PST",Comedy,,POSITIVE,0.9363340139389038,commentary,storytelling,"funny,casual,dramatic",0.9630535244941711
25222,Tere Bina,"Mar 27, 2024, 11:47:19 AM PST",Entertainment,,POSITIVE,0.6518833041191101,reaction,information,"dramatic,informative,professional,serious,personal,funny,casual",0.545226514339447
25223,Martin Garrix feat. Bonn - High On Life (Official Video),Martin Garrix feat. Bonn - High On Life (Official Video),Music,Official Music Video,POSITIVE,0.9923267960548401,unknown,unknown,,0.9977059960365295
24796,"Malang Sajna (Video) Sachet Tandon, Parampara Tandon | Adil Shaikh, Kumaar | Bhushan Kumar","Apr 3, 2024, 7:37:54 AM PST",Comedy,,NEGATIVE,0.9625982642173767,reaction,storytelling,"dramatic,funny,informative,serious,professional",0.784318208694458
25224,Heer Ranjha,"Mar 27, 2024, 11:43:36 AM PST",Entertainment,,NEGATIVE,0.7927747368812561,reaction,information,"dramatic,informative,professional,serious,personal,funny",0.34850361943244934
24797,Ikk Kudi,"Apr 3, 2024, 7:37:13 AM PST",Comedy,,NEGATIVE,0.8262947797775269,reaction,comedy,"funny,dramatic,informative,serious,casual,personal,professional",0.9648430347442627
25225,Porter Robinson & Madeon - Shelter (Official Audio),"Mar 27, 2024, 11:40:38 AM PST",Music,Music Mix,NEGATIVE,0.9033377766609192,unknown,unknown,,0.9982693791389465
25226,Dil Mere,"Mar 27, 2024, 11:40:05 AM PST",Comedy,,NEGATIVE,0.9355818033218384,reaction,information,"casual,informative,dramatic,serious,funny,personal,professional",0.3847641050815582
24798,AP Dhillon - Door (New Song) Gurinder Gill | Shinda Kahlon | Punjabi Song | AP Dhillon New Song,"Apr 3, 2024, 7:33:50 AM PST",Music,Music Mix,POSITIVE,0.9808905124664307,unknown,unknown,,0.9981675744056702
25227,Akhiyaan Gulaab,"Mar 27, 2024, 11:37:14 AM PST",Comedy,,NEGATIVE,0.8898099064826965,reaction,information,"informative,dramatic,funny,serious,professional,casual,personal",0.6217514276504517
24799,Choo Lo,"Apr 3, 2024, 7:33:20 AM PST",Comedy,,NEGATIVE,0.6109905242919922,reaction,entertainment,"dramatic,casual,informative,funny,professional,serious,personal",0.8899376392364502
25228,"Digital Farm Animals, Shaun Frank, Dragonette - Tokyo Nights (Lyric Video)","Mar 27, 2024, 11:36:34 AM PST",Entertainment,,POSITIVE,0.8609606027603149,review,entertainment,"informative,funny,dramatic",0.9705501794815063
24800,AYE KHUDA,"Apr 3, 2024, 7:28:39 AM PST",Entertainment,,POSITIVE,0.9990347623825073,reaction,information,"dramatic,personal,informative,serious,professional,funny,casual",0.5885406732559204
25229,⭐ Everything Goes On - Porter Robinson | A Community Cover,"Mar 27, 2024, 11:32:40 AM PST",Entertainment,,POSITIVE,0.9913034439086914,reaction,storytelling,"informative,casual,funny",0.7283235192298889
24801,Evolution Of Dab The Sky Inspired Mix By HD1080p,"Apr 3, 2024, 7:24:58 AM PST",Entertainment,,POSITIVE,0.9903850555419922,guide,entertainment,"dramatic,informative,professional,serious,funny",0.8346542119979858
25230,$84 IN PENNIES,"Mar 27, 2024, 9:30:23 AM PST",Reviews,,NEGATIVE,0.9005762338638306,guide,information,"informative,dramatic,serious,funny,professional,casual",0.4010278582572937
24802,SAUDE BAZI,"Apr 3, 2024, 7:22:45 AM PST",Entertainment,,POSITIVE,0.8639107346534729,guide,information,"dramatic,informative,serious,casual,funny,professional,personal",0.6718779802322388
25231,How to Use Omen Ultimate Aggressively #valorant,"Mar 27, 2024, 9:30:03 AM PST",Tutorial,,NEGATIVE,0.9869371056556702,guide,information,"dramatic,informative,professional,serious",0.7343514561653137
24803,Sound Of Walking Away X Divinity X Shelter (Music Video),"Apr 3, 2024, 7:17:24 AM PST",Music,Music Mix,NEGATIVE,0.9842373728752136,unknown,unknown,,0.9950057864189148
25232,NVIDIA Filters give you wallhacks #cs2,"Mar 27, 2024, 9:29:44 AM PST",Technology,,NEGATIVE,0.9620948433876038,news,information,"informative,dramatic,serious,funny",0.9074863195419312
24804,Hosanna,"Apr 3, 2024, 7:17:13 AM PST",Entertainment,,NEGATIVE,0.8367790579795837,reaction,information,"dramatic,informative,serious,funny,personal,professional",0.14294779300689697
25233,Modern Pirates of the African Coasts🏴‍☠️🗡️,"Mar 27, 2024, 9:28:41 AM PST",Entertainment,,POSITIVE,0.7247161269187927,news,information,"funny,dramatic,informative,serious,professional",0.038029029965400696
24805,Sooraj Ki Baahon Mein,"Apr 3, 2024, 7:17:11 AM PST",Comedy,,NEGATIVE,0.5989192724227905,reaction,storytelling,"dramatic,funny,informative,casual,serious,personal,professional",0.8878777027130127
25234,lady made our dinner awkward,"Mar 27, 2024, 9:28:05 AM PST",Comedy,,NEGATIVE,0.9980168342590332,reaction,comedy,"dramatic,personal,serious",0.20782822370529175
24806,"Aahista Aahista (From ""Bachna Ae Haseeno"")","Apr 3, 2024, 7:17:10 AM PST",Music,Cover Song,NEGATIVE,0.6642098426818848,unknown,unknown,,0.9869886636734009
25235,TenZ's Hand Game Is Insane 😳,"Mar 27, 2024, 9:27:24 AM PST",Gaming,Gameplay,NEGATIVE,0.9567074775695801,gameplay,entertainment,"dramatic,funny",0.9669074416160583
24807,Jaane Kyun,"Apr 3, 2024, 7:14:57 AM PST",Entertainment,,POSITIVE,0.9955679774284363,reaction,information,"professional,informative,dramatic,personal,serious,funny,casual",0.8205340504646301
25236,Vanishing Point - Drive fast even if you don't know the road!,"Mar 27, 2024, 9:26:58 AM PST",News,,NEGATIVE,0.8649606704711914,reaction,entertainment,"dramatic,serious,funny,informative",0.006828100420534611
24808,https://www.youtube.com/watch?v=4fmiAmoiE4M,"Apr 3, 2024, 7:09:43 AM PST",Entertainment,,NEGATIVE,0.966079592704773,reaction,information,"informative,funny,dramatic,serious,professional",0.7579159140586853
25237,Marines Reacts To COD MW3 Most Realistic Mission 🪖 #army #react #cod,Marines Reacts To COD MW3 Most Realistic Mission 🪖 #army #react #cod,Gaming,Gameplay,NEGATIVE,0.88345867395401,reaction,information,"informative,dramatic,professional,serious,funny",0.7605494260787964
24809,Der Lagi Lekin,"Apr 3, 2024, 7:09:01 AM PST",Comedy,,POSITIVE,0.9401590824127197,guide,storytelling,"dramatic,informative,funny,serious,professional,casual,personal",0.6851249933242798
24810,Tu Hi Hai,"Apr 3, 2024, 7:05:41 AM PST",Comedy,,POSITIVE,0.9855557680130005,reaction,information,"dramatic,informative,serious,funny,professional,personal,casual",0.7204976677894592
25238,First Ever RZR Repo!!! 💨 Quick Pick pt.11 #repo #towlife #tow #goat #rzr #ford #builtnotbought,"Mar 27, 2024, 9:25:46 AM PST",News,,NEGATIVE,0.9922953844070435,news,information,"dramatic,personal,informative,funny,serious,casual,professional",0.8901488184928894
24811,Madeon X Porter Robinson X Illenium Inspired Mix By C-Nam,"Apr 3, 2024, 6:59:58 AM PST",Music,Music Mix,POSITIVE,0.9618056416511536,unknown,unknown,,0.9972699284553528
25239,Namo Namo,"Mar 27, 2024, 9:25:44 AM PST",Music,Official Music Video,POSITIVE,0.5455085039138794,unknown,unknown,,0.619493305683136
24812,SINBAD THE SAILOR,"Apr 3, 2024, 6:37:02 AM PST",Sports,,POSITIVE,0.9819753766059875,commentary,comedy,"serious,dramatic,informative,funny",0.8720389604568481
25240,Shuffle Board,"Mar 27, 2024, 9:24:29 AM PST",Entertainment,,NEGATIVE,0.9977430105209351,gameplay,entertainment,"informative,dramatic,funny,serious,professional",0.5888888835906982
24813,Khaabon Ke Parinday,"Apr 3, 2024, 6:32:50 AM PST",Comedy,,POSITIVE,0.9382451772689819,reaction,storytelling,"dramatic,informative,funny,serious,casual,personal,professional",0.838180422782898
25241,Justice Hits Hard!,"Mar 27, 2024, 9:23:43 AM PST",News,,POSITIVE,0.9996613264083862,news,information,"dramatic,serious,informative,professional,personal",0.5708475708961487
24814,COLLATERAL DAMAGE 💥,"Apr 3, 2024, 6:32:48 AM PST",Gaming,Esports,NEGATIVE,0.9982789754867554,reaction,unknown,"serious,dramatic,informative,casual",0.11519958078861237
25242,Samurai Bartender Making an Ice Diamond? 💎,"Mar 27, 2024, 9:23:03 AM PST",Entertainment,,NEGATIVE,0.8967328667640686,news,entertainment,"funny,dramatic,professional,informative,serious",0.9593628644943237
24815,Dil Dhadakne Do,"Apr 3, 2024, 6:28:59 AM PST",Comedy,,POSITIVE,0.8149248957633972,reaction,comedy,"dramatic,informative,funny,serious,casual,professional",0.925157904624939
24816,Hai Junoon,Hai Junoon,Entertainment,,POSITIVE,0.9983147382736206,reaction,information,"casual,dramatic,informative,funny,serious,professional,personal",0.5523560047149658
25243,[발로란트] 아이스박스 소바 A 낚시용 정찰화살 #valorantlineups #valorant,"Mar 27, 2024, 9:23:00 AM PST",Gaming,Esports,POSITIVE,0.9031080603599548,reaction,information,"informative,funny,serious,dramatic,professional,personal",0.7536788582801819
24817,Aaj Kal Zindagi,"Apr 3, 2024, 6:19:14 AM PST",Comedy,,POSITIVE,0.9826812148094177,reaction,storytelling,"informative,dramatic,funny,serious,casual,professional,personal",0.6676772832870483
24818,Stupid Deep x Heavenly Side x Last Forever x Surrender (Innerbloom Mashup),"Apr 3, 2024, 6:18:48 AM PST",Music,Music Mix,NEGATIVE,0.9962337613105774,unknown,unknown,,0.6125056147575378
25244,#lasvegas #fight #drunk #plane #flight  #vacation #vegas #cops #explore,"Mar 27, 2024, 9:21:58 AM PST",News,,NEGATIVE,0.8782303929328918,reaction,information,"dramatic,informative,funny,serious",0.10554071515798569
24819,WHY IS IT SO EXPENSIVE?! (Bear Trap) - Last Day on Earth: Survival,"Apr 3, 2024, 5:59:52 AM PST",Technology,,NEGATIVE,0.9915962815284729,reaction,information,"serious,dramatic,informative,funny",0.010745087638497353
25245,Uff Teri Adaa,"Mar 27, 2024, 9:20:39 AM PST",Comedy,,NEGATIVE,0.9922505021095276,reaction,information,"dramatic,funny,serious,informative,casual,professional,personal",0.5957857966423035
24820,Do This to Have A LOT of Armor - LDoE,"Apr 2, 2024, 1:51:55 PM PST",Tutorial,,NEGATIVE,0.8148856163024902,guide,information,"serious,dramatic,informative,professional,funny",0.16519831120967865
24821,DO THIS IF YOU WANT TO GET RICH IN LDoE! - Last Day on Earth: Survival,"Apr 2, 2024, 1:08:09 PM PST",Tutorial,,POSITIVE,0.9896606206893921,guide,information,"serious,informative,dramatic,professional,funny",0.08490011841058731
25246,"the funniest thing is before the bar card, his shirt says it. lmao #funny #viral #fyp","Mar 27, 2024, 9:19:55 AM PST",Comedy,,POSITIVE,0.9939993619918823,commentary,comedy,"funny,dramatic",0.8013737797737122
24822,valorant moments I'll remember forever...,"Apr 2, 2024, 1:06:34 PM PST",Entertainment,,POSITIVE,0.999563992023468,guide,information,"dramatic,personal,informative,funny,serious,professional",0.6647408604621887
25247,"Raataan Lambiyan (From ""Shershaah"")","Mar 27, 2024, 9:16:49 AM PST",Comedy,,NEGATIVE,0.9417164921760559,reaction,storytelling,"dramatic,informative,funny,serious,professional",0.26414862275123596
25248,Malang Sajna,"Mar 27, 2024, 9:14:08 AM PST",Entertainment,,NEGATIVE,0.9741942286491394,reaction,information,"dramatic,informative,serious,funny,professional,casual,personal",0.41537490487098694
24823,"Blue Chest (CROOKED CREEK FARM) - Last Day On Earth; Survival,LDOE,XxAdeexX,Season 36","Apr 2, 2024, 1:05:40 PM PST",Podcast,,POSITIVE,0.8404285311698914,commentary,information,"serious,dramatic,informative,funny",0.0748777985572815
25249,Deva Deva (Film Version),"Mar 27, 2024, 9:11:11 AM PST",Entertainment,,NEGATIVE,0.9836829304695129,reaction,entertainment,"dramatic,informative,funny,serious",0.8599547743797302
24824,Proof the Devs Don't Play Their Own Game (Part 2),"Apr 2, 2024, 1:05:38 PM PST",Gaming,Gameplay,NEGATIVE,0.9935821890830994,news,information,"informative,serious,dramatic,funny",0.817139744758606
25250,Ve Haaniyaan,"Mar 27, 2024, 9:07:11 AM PST",Comedy,,POSITIVE,0.9583518505096436,reaction,comedy,"dramatic,funny,informative,serious,personal,professional,casual",0.4851796627044678
24825,he said what after this clutch???,"Apr 2, 2024, 1:05:37 PM PST",Sports,,NEGATIVE,0.9981634020805359,reaction,information,"dramatic,serious,personal,funny,informative",0.401050865650177
25251,Apna Bana Le By Akhil Sachdeva,"Mar 27, 2024, 9:05:14 AM PST",Comedy,,POSITIVE,0.8857619762420654,reaction,comedy,"funny,dramatic,informative,professional,casual,serious,personal",0.9605017900466919
24826,CHEAPEST WAY TO CLEAR THE NEW FARM! (Updated) - Last Day on Earth: Survival,"Apr 2, 2024, 12:45:22 PM PST",Technology,,NEGATIVE,0.9965618252754211,gameplay,information,"informative,funny,serious,dramatic",0.05399826914072037
25252,Guess what I did wrong 😅#sovavalorant #valorantsovashorts #sovagameplay #valorant1v5ace,"Mar 27, 2024, 9:03:19 AM PST",Sports,,NEGATIVE,0.9785470366477966,gameplay,information,"funny,informative,personal,dramatic",0.882580578327179
24827,MASAKALI,"Apr 2, 2024, 12:39:40 PM PST",Music,Official Music Video,POSITIVE,0.9876869320869446,unknown,unknown,,0.7073585391044617
25253,No way the last guy 360'd 😳,"Mar 27, 2024, 9:02:45 AM PST",Sports,,NEGATIVE,0.9962154030799866,reaction,comedy,"dramatic,funny,personal,serious,informative",0.6213960647583008
24828,"Tu Hi Yaar Mera (From ""Pati Patni Aur Woh"")","Apr 2, 2024, 12:36:19 PM PST",Comedy,,NEGATIVE,0.8639121651649475,reaction,storytelling,"funny,informative,dramatic,serious",0.8725095391273499
25254,Police chief loses his temper on biker 🤬 @Sean0and0Mike,"Mar 27, 2024, 9:01:42 AM PST",Podcast,,NEGATIVE,0.9996351003646851,reaction,entertainment,"dramatic,funny,serious,personal,informative",0.4110882878303528
24829,Nachde Ne Saare,"Apr 2, 2024, 12:33:04 PM PST",Comedy,,NEGATIVE,0.9573377370834351,reaction,information,"dramatic,informative,casual,serious,funny,personal,professional",0.45083320140838623
25255,Husn x Apa Fer Milaangey,"Mar 27, 2024, 9:01:13 AM PST",Entertainment,,NEGATIVE,0.9670203924179077,reaction,storytelling,"dramatic,informative,funny,professional,serious,casual,personal",0.9231408834457397
24830,Zehnaseeb,"Apr 2, 2024, 12:29:27 PM PST",Entertainment,,POSITIVE,0.8732475638389587,reaction,information,"dramatic,informative,serious,funny,professional,casual",0.4441974461078644
25256,Entitled motorist receives instant karma,"Mar 27, 2024, 9:00:53 AM PST",News,,POSITIVE,0.7644535303115845,reaction,analysis,"serious,dramatic,informative,personal,funny",0.2971770763397217
24831,NAZREIN MILAANA NAZREIN CHURAANA,"Apr 2, 2024, 12:25:33 PM PST",Music,Official Music Video,NEGATIVE,0.977161169052124,unknown,unknown,,0.5493083596229553
24832,Prem Ki Naiyya,"Apr 2, 2024, 12:21:22 PM PST",Entertainment,,POSITIVE,0.9360506534576416,reaction,entertainment,"dramatic,informative,funny,serious,professional,casual",0.8838924765586853
25257,Why does he think I AM 12? 💀 #valorant #valorantclips #shorts #riotgunbuddy,"Mar 27, 2024, 9:00:50 AM PST",Shorts,,NEGATIVE,0.9923194050788879,commentary,comedy,"funny,personal,dramatic,serious,informative",0.9369609951972961
24833,Roobaroo,"Apr 2, 2024, 12:16:39 PM PST",Entertainment,,POSITIVE,0.9874758124351501,reaction,entertainment,"funny,dramatic,informative,serious,casual",0.8039930462837219
25258,"How to CORRECTLY ""eat smoke""","Mar 27, 2024, 8:59:47 AM PST",Tutorial,,POSITIVE,0.9950167536735535,guide,information,"informative,professional,serious,dramatic,funny",0.9423519372940063
24834,Baatein Kuch Ankahee Si (Unplugged),"Apr 2, 2024, 12:12:20 PM PST",Comedy,,NEGATIVE,0.9908357858657837,reaction,comedy,"casual,personal,funny,dramatic",0.7061306238174438
25259,"They thought he was just a fool, but he turned out to be a genius...😏","Mar 27, 2024, 8:59:39 AM PST",Podcast,,POSITIVE,0.9968953132629395,reaction,comedy,"funny,informative,dramatic",0.5686983466148376
24835,CHAANDANIYA,"Apr 2, 2024, 12:08:12 PM PST",Comedy,,POSITIVE,0.971441924571991,reaction,information,"dramatic,serious,informative,funny,professional,personal,casual",0.7628864049911499
25260,What my bf ate after a 13 hour shift,"Mar 27, 2024, 8:58:44 AM PST",Reviews,,NEGATIVE,0.9831796884536743,guide,information,"personal,dramatic,informative,serious,funny,professional",0.08085280656814575
24836,"Kesariya (From ""Brahmastra"")","Apr 2, 2024, 12:03:44 PM PST",Music,Official Music Video,POSITIVE,0.7324939966201782,unknown,unknown,,0.3402031660079956
25261,Sending my girlfriend a picture of her phone when she leaves #prank #couple,"Mar 27, 2024, 8:58:25 AM PST",Entertainment,,NEGATIVE,0.9956642985343933,commentary,entertainment,"funny,personal,informative,dramatic",0.8854122161865234
24837,MATARGASHTI,"Apr 2, 2024, 11:58:16 AM PST",Music,Official Music Video,POSITIVE,0.8167135715484619,unknown,unknown,,0.6241458654403687
25262,Ve Kamleya - Asees Version,"Mar 27, 2024, 8:58:13 AM PST",Entertainment,,NEGATIVE,0.9643954634666443,reaction,information,"informative,dramatic,serious,funny,professional",0.35543447732925415
24838,Kho Gaye Hum Kahan,"Apr 2, 2024, 11:56:16 AM PST",Comedy,,POSITIVE,0.982732892036438,reaction,comedy,"funny,dramatic,informative,casual,serious,personal,professional",0.9749599695205688
25263,https://www.youtube.com/watch?v=UBSnKO-gWHE,"Mar 27, 2024, 8:56:48 AM PST",Entertainment,,NEGATIVE,0.9476134777069092,reaction,information,"informative,funny,dramatic,serious,professional,casual",0.7528025507926941
24839,Offo,"Apr 2, 2024, 11:56:14 AM PST",Entertainment,,NEGATIVE,0.9988440275192261,reaction,information,"dramatic,casual,serious,funny,personal,professional,informative",0.5470173358917236
25264,sneeze strat op #geography #geo #geoguessr #googlemaps,"Mar 27, 2024, 8:53:43 AM PST",Tutorial,,NEGATIVE,0.998489260673523,guide,information,"dramatic,informative,funny,serious",0.029847189784049988
24840,Tera Hone Laga Hoon,"Apr 2, 2024, 11:28:56 AM PST",Comedy,,NEGATIVE,0.970116376876831,reaction,storytelling,"dramatic,funny,informative,casual,serious,professional,personal",0.8993785977363586
24841,Hey Ya !,"Apr 2, 2024, 11:24:41 AM PST",Entertainment,,POSITIVE,0.9997081160545349,reaction,information,"casual,funny,informative,dramatic",0.73536616563797
25265,Zero Gravity Device🥾 #michaeljackton #moonwalk #kingofpop #neverland #michaeljackson #zerogravity,"Mar 27, 2024, 8:53:15 AM PST",Technology,,NEGATIVE,0.9959263801574707,commentary,storytelling,"funny,dramatic,informative",0.9172242283821106
24842,Heer Aasmani,"Apr 2, 2024, 11:21:17 AM PST",Entertainment,,POSITIVE,0.5878885388374329,reaction,information,"dramatic,informative,serious,funny,professional",0.2237914800643921
25266,I rode down the wrong alley in COMPTON and this happened.. 💀,"Mar 27, 2024, 8:52:13 AM PST",Technology,,NEGATIVE,0.9767160415649414,reaction,comedy,"dramatic,funny,serious,personal,informative",0.3101060092449188
24843,"Ik Vaari Aa (From ""Raabta"")","Apr 2, 2024, 11:16:42 AM PST",Comedy,,NEGATIVE,0.9740579128265381,reaction,storytelling,"dramatic,informative,funny,serious",0.2545831501483917
25267,Broke a world record and sold a car for $3 million😱 #movie #series,"Mar 27, 2024, 8:51:12 AM PST",Entertainment,,POSITIVE,0.8510857820510864,news,entertainment,"dramatic,funny,informative",0.6178218126296997
24844,Phir Se Ud Chala,"Apr 2, 2024, 11:12:13 AM PST",Comedy,,NEGATIVE,0.6933549642562866,reaction,storytelling,"dramatic,informative,serious,funny,casual,personal,professional",0.8816737532615662
25268,throwback 😂  #tenz #valorant #shorts,"Mar 27, 2024, 8:50:18 AM PST",Shorts,,NEGATIVE,0.9923537969589233,reaction,entertainment,"funny,casual,dramatic",0.9830800294876099
24845,Sakhiyaan,"Apr 2, 2024, 11:09:14 AM PST",Entertainment,,POSITIVE,0.7551048994064331,reaction,information,"dramatic,informative,serious,professional,funny,personal",0.2145921289920807
24846,Aaj Kal Zindagi,"Apr 2, 2024, 11:05:00 AM PST",Comedy,,POSITIVE,0.9826812148094177,reaction,storytelling,"informative,dramatic,funny,serious,casual,professional,personal",0.6676772832870483
25269,PINKWARD OWNED PINKWARD?! (and blade lady) #leagueoflegends #pinkward #shaco,"Mar 27, 2024, 8:50:12 AM PST",Entertainment,,NEGATIVE,0.9762925505638123,news,storytelling,"dramatic,funny,serious,informative,professional",0.16254398226737976
24847,ILAHI,"Apr 2, 2024, 11:04:56 AM PST",Entertainment,,POSITIVE,0.9892643094062805,reaction,information,"dramatic,serious,personal,informative,professional,funny,casual",0.37830689549446106
24848,⭐ Everything Goes On - Porter Robinson | A Community Cover,"Apr 2, 2024, 10:14:39 AM PST",Entertainment,,POSITIVE,0.9913034439086914,reaction,storytelling,"informative,casual,funny",0.7283235192298889
25270,Zellsis comms be like 🐱 #vct #valorant #shorts #sentinels,"Mar 27, 2024, 8:49:58 AM PST",Shorts,,NEGATIVE,0.9951208233833313,commentary,entertainment,"professional,informative,funny,dramatic,casual",0.8805392384529114
24849,"Kodiak Robotics | Autonomous Trucking, Are We There Yet?","Apr 2, 2024, 10:14:30 AM PST",Technology,,NEGATIVE,0.9937437176704407,news,information,"informative,serious,dramatic,professional",0.9880458116531372
25271,Backstreet Boys - I Want It That Way (Official HD Video),"Mar 27, 2024, 8:47:10 AM PST",Music,Official Music Video,POSITIVE,0.9982826709747314,unknown,unknown,,0.9982782602310181
24850,MAAHI VE,"Apr 2, 2024, 9:51:01 AM PST",Music,Lyric Video,POSITIVE,0.915395975112915,unknown,unknown,,0.9834460616111755
24851,Mahiya Jinna Sona,"Apr 2, 2024, 9:47:38 AM PST",Music,Official Music Video,POSITIVE,0.9783817529678345,unknown,unknown,,0.7957424521446228
25272,Edward Maya & Vika Jigulina - Stereo Love (OFFICIAL HQ VIDEO) (Ultra Music),Edward Maya & Vika Jigulina - Stereo Love (OFFICIAL HQ VIDEO) (Ultra Music),Music,Official Music Video,POSITIVE,0.9718320965766907,unknown,unknown,,0.9979928135871887
24852,Channa Mereya,"Apr 2, 2024, 9:42:48 AM PST",Music,Official Music Video,POSITIVE,0.942733108997345,unknown,unknown,,0.966449499130249
25273,Akcent - That's My Name (Ultra Music),"Mar 27, 2024, 8:42:17 AM PST",Music,Official Music Video,POSITIVE,0.9864208698272705,unknown,unknown,,0.996955394744873
24853,Naino Ne Baandhi,"Apr 2, 2024, 9:38:46 AM PST",Comedy,,POSITIVE,0.6093559861183167,reaction,storytelling,"dramatic,informative,funny,serious,personal,casual,professional",0.652874231338501
24854,Heer Ranjha,"Apr 2, 2024, 9:35:03 AM PST",Entertainment,,NEGATIVE,0.7927747368812561,reaction,information,"dramatic,informative,professional,serious,personal,funny",0.34850361943244934
25274,Flo Rida - Club Can't Handle Me ft. David Guetta [Official Music Video] - Step Up 3D,"Mar 27, 2024, 8:38:10 AM PST",Music,Official Music Video,NEGATIVE,0.9931159615516663,unknown,unknown,,0.9949519634246826
24855,Humsafar,"Apr 2, 2024, 9:35:00 AM PST",Entertainment,,NEGATIVE,0.561008870601654,reaction,information,"dramatic,serious,informative,professional,funny,personal",0.3716190457344055
24856,SOORAJ DOOBA HAIN,"Apr 2, 2024, 9:34:47 AM PST",Comedy,,NEGATIVE,0.5331634879112244,guide,information,"dramatic,serious,informative,funny,professional,casual,personal",0.5399965643882751
25275,"David Guetta - Little Bad Girl ft. Taio Cruz, Ludacris (Official Video)","Mar 27, 2024, 8:35:03 AM PST",Music,Official Music Video,POSITIVE,0.9877410531044006,unknown,unknown,,0.9983716011047363
24857,Rangi Saari,"Apr 2, 2024, 9:31:13 AM PST",Music,Official Music Video,POSITIVE,0.9832355976104736,unknown,unknown,,0.8528386950492859
25276,Guru Josh Project - Infinity (Klaas Vocal Mix) [Ultra Records],"Mar 27, 2024, 8:31:24 AM PST",Music,Music Mix,POSITIVE,0.5509551763534546,unknown,unknown,,0.997840166091919
24858,Tum Se,"Apr 2, 2024, 9:26:49 AM PST",Entertainment,,NEGATIVE,0.9600706696510315,reaction,information,"dramatic,informative,serious,funny,casual,personal,professional",0.4372269809246063
25277,Martin Garrix & Tiësto - The Only Way Is Up (Official Music Video),Martin Garrix & Tiësto - The Only Way Is Up (Official Music Video),Music,Official Music Video,NEGATIVE,0.9558629989624023,unknown,unknown,,0.9964703917503357
24859,Saiyaan Dil Main,"Apr 2, 2024, 9:23:29 AM PST",Comedy,,POSITIVE,0.9202283024787903,reaction,comedy,"informative,dramatic,funny,serious,casual,professional,personal",0.9248210191726685
25278,Alesso - Heroes (we could be) ft. Tove Lo,"Mar 27, 2024, 8:22:40 AM PST",Music,Cover Song,POSITIVE,0.995501697063446,unknown,unknown,,0.9856160879135132
24860,MAST MAGAN,"Apr 2, 2024, 9:18:49 AM PST",Music,Official Music Video,NEGATIVE,0.7024111151695251,unknown,unknown,,0.686627209186554
24861,Dariya,"Apr 2, 2024, 9:15:11 AM PST",Entertainment,,POSITIVE,0.9355951547622681,reaction,information,"dramatic,informative,serious,funny,personal,professional,casual",0.29641425609588623
25279,OneRepublic - Alesso Vs. OneRepublic - If I Lose Myself ft. Alesso (Remix),"Mar 27, 2024, 8:19:07 AM PST",Music,Music Mix,NEGATIVE,0.9785608053207397,unknown,unknown,,0.994312047958374
24862,Mahiye Jinna Sohna,"Apr 2, 2024, 9:12:10 AM PST",Entertainment,,NEGATIVE,0.7192556262016296,guide,information,"informative,dramatic,serious,funny,professional,casual,personal",0.5022781491279602
25280,Calvin Harris - Summer (Official Video),"Mar 27, 2024, 8:14:36 AM PST",Music,Official Music Video,POSITIVE,0.9944127202033997,unknown,unknown,,0.9955231547355652
24863,Hasi Ban Gaye,"Apr 2, 2024, 9:12:08 AM PST",Entertainment,,NEGATIVE,0.9568882584571838,guide,information,"dramatic,informative,serious,funny,professional,personal",0.4385755956172943
25281,Calvin Harris - Feel So Close (Official Video),"Mar 27, 2024, 8:10:29 AM PST",Music,Official Music Video,POSITIVE,0.9977466464042664,unknown,unknown,,0.9979132413864136
24864,"Apna Bana Le (From ""Bhediya"")","Apr 2, 2024, 9:07:49 AM PST",Comedy,,NEGATIVE,0.9769564270973206,reaction,storytelling,"funny,dramatic,informative,serious,casual",0.5790274739265442
25282,David Guetta Feat. Kid Cudi - Memories (Official Video),"Mar 27, 2024, 8:10:24 AM PST",Music,Official Music Video,POSITIVE,0.995181143283844,unknown,unknown,,0.9966366291046143
24865,TUM JO AAYE,"Apr 2, 2024, 9:05:01 AM PST",Entertainment,,POSITIVE,0.9625353217124939,reaction,information,"dramatic,informative,serious,funny,personal,casual,professional",0.5809609889984131
25283,Sean Paul - She Doesn't Mind (Official Video),"Mar 27, 2024, 8:06:20 AM PST",Music,Official Music Video,NEGATIVE,0.9926175475120544,unknown,unknown,,0.9886139631271362
24866,Tu Mileya,"Apr 2, 2024, 9:01:47 AM PST",Music,Official Music Video,POSITIVE,0.9928572177886963,unknown,unknown,,0.33232104778289795
25284,200 IQ Yopaj Mid Outplay,"Mar 27, 2024, 8:06:20 AM PST",Technology,,NEGATIVE,0.9566585421562195,gameplay,entertainment,"dramatic,informative,professional,serious,funny,personal",0.8810468316078186
24867,The Chainsmokers & Coldplay - Something Just Like This (Extended Radio Edit),"Apr 2, 2024, 8:56:36 AM PST",Music,Cover Song,POSITIVE,0.998696506023407,unknown,unknown,,0.9898755550384521
25285,Axwell /\ Ingrosso - More Than You Know,"Mar 27, 2024, 8:06:20 AM PST",Music,Behind the Scenes,POSITIVE,0.5980165004730225,unknown,unknown,,0.9926137328147888
24868,Glass Animals - Heat Waves (Official Video),"Apr 2, 2024, 8:52:40 AM PST",Entertainment,,POSITIVE,0.9861540794372559,reaction,entertainment,"dramatic,informative,professional,funny,serious",0.9739018678665161
25286,Pitbull - Rain Over Me ft. Marc Anthony,Pitbull - Rain Over Me ft. Marc Anthony,Music,Music Mix,POSITIVE,0.9880532026290894,unknown,unknown,,0.9985194802284241
24869,Tu Hai Kahan (feat. ZAYN) (Official Music Video),"Apr 2, 2024, 8:48:13 AM PST",Music,Official Music Video,POSITIVE,0.9950557947158813,unknown,unknown,,0.9971051216125488
25287,David Guetta Feat. Akon - Sexy Chick (Official Video),"Mar 27, 2024, 8:00:05 AM PST",Music,Official Music Video,POSITIVE,0.997208297252655,unknown,unknown,,0.9980551600456238
24870,MITRAZ - Akhiyaan (Official Music Video),"Apr 2, 2024, 8:45:02 AM PST",Music,Official Music Video,POSITIVE,0.9222614765167236,unknown,unknown,,0.9962985515594482
25288,Edward Maya ft. Vika Jigulina - This Is My Life,Edward Maya ft. Vika Jigulina - This Is My Life,Music,Cover Song,POSITIVE,0.9989365935325623,unknown,unknown,,0.9928175806999207
24871,STAY,"Apr 2, 2024, 8:42:38 AM PST",Technology,,POSITIVE,0.9991907477378845,guide,information,"professional,serious,informative,dramatic,funny,personal,casual",0.5255123376846313
25289,valorant moment I'll remember forever...,"Mar 27, 2024, 7:53:41 AM PST",Entertainment,,POSITIVE,0.9995311498641968,reaction,information,"dramatic,personal,informative,serious,professional,funny",0.7525216937065125
24872,The Chainsmokers - Paris (Official Video),"Apr 2, 2024, 8:38:55 AM PST",Music,Official Music Video,POSITIVE,0.9701685309410095,unknown,unknown,,0.9983066320419312
25290,Craziest Lineup Ever,"Mar 27, 2024, 7:53:35 AM PST",Entertainment,,POSITIVE,0.9482767581939697,news,entertainment,"dramatic,funny,informative",0.8258054256439209
24873,https://www.youtube.com/watch?v=4fmiAmoiE4M,"Apr 2, 2024, 8:31:13 AM PST",Entertainment,,NEGATIVE,0.966079592704773,reaction,information,"informative,funny,dramatic,serious,professional",0.7579159140586853
25291,Riot Games Has CURSED My Account..,Jankos,Gaming,Gameplay,NEGATIVE,0.9990460276603699,gameplay,information,"serious,dramatic,informative,personal",0.9946649670600891
24874,Naruto Lofi Study Music - Lofi Hip Hop Mix & Japanese Type Beat,"Apr 2, 2024, 8:20:05 AM PST",Music,Music Mix,POSITIVE,0.99261474609375,unknown,unknown,,0.9900060296058655
24875,Maan Meri Jaan | Official Music Video | Champagne Talk | King,"Apr 2, 2024, 8:16:53 AM PST",Music,Official Music Video,POSITIVE,0.9941864013671875,unknown,unknown,,0.9963053464889526
25292,SANTA?! Why's your tree still up in March?  #pinkward #leagueoflegends #shaco,SANTA?! Why's your tree still up in March?  #pinkward #leagueoflegends #shaco,Gaming,Esports,NEGATIVE,0.9958474040031433,reaction,information,"funny,dramatic,serious,informative,personal",0.4740239381790161
25293,He did not know he lost the round...🤣,"Mar 27, 2024, 6:53:37 AM PST",Sports,,NEGATIVE,0.579396665096283,reaction,comedy,"funny,dramatic,casual,personal,serious,informative",0.7888776063919067
24876,AUR - TU HAI KAHAN - Raffey - Usama - Ahad (Official Music Video),"Apr 2, 2024, 8:12:28 AM PST",Music,Official Music Video,POSITIVE,0.5889829993247986,unknown,unknown,,0.9973847270011902
25294,Insanee Hospital Flickk 😳 #valorant #valorantclips #valoranthighlights #flick #valorantmoments,"Mar 27, 2024, 6:53:17 AM PST",Entertainment,,NEGATIVE,0.9892578721046448,commentary,entertainment,"funny,dramatic,informative",0.6894009709358215
24877,"Makhna - Drive| Sushant Singh Rajput, Jacqueline Fernandez| Tanishk Bagchi, Asees Kaur","Apr 2, 2024, 8:09:13 AM PST",Entertainment,,NEGATIVE,0.5366427302360535,guide,entertainment,"informative,dramatic,funny,serious,professional",0.1691114455461502
25295,Cameraman Runs Faster Than The Athletes Again!,Jumpers Junction,News,,POSITIVE,0.8993411064147949,news,entertainment,"dramatic,professional,funny,informative,serious",0.8272690176963806
24878,Coke Studio | Season 14 | Pasoori | Ali Sethi x Shae Gill,"Apr 2, 2024, 8:04:36 AM PST",Podcast,,POSITIVE,0.8197348117828369,guide,storytelling,"informative,professional,dramatic,funny,serious",0.8857947587966919
25296,Photoelectric engraving process of bamboo artwork- Good tools can increase work efficiency,"Mar 27, 2024, 6:52:40 AM PST",Technology,,POSITIVE,0.9994913339614868,guide,information,"informative,professional,dramatic,serious",0.890821099281311
24879,With You - AP Dhillon (Official Music Video),"Apr 2, 2024, 8:02:00 AM PST",Music,Official Music Video,POSITIVE,0.9988898634910583,unknown,unknown,,0.9959681034088135
25297,Even TENZ Was SHOCKED By FORSAKENS Warmup #shorts #valorant #valorantshorts,"Mar 27, 2024, 6:52:13 AM PST",Shorts,,NEGATIVE,0.9491949081420898,news,information,"dramatic,funny,serious,informative,personal",0.9964450597763062
24880,Ritviz - Jeet [Official Music Video],"Apr 2, 2024, 7:58:44 AM PST",Music,Official Music Video,POSITIVE,0.7974329590797424,unknown,unknown,,0.9936003684997559
25298,he best decoration I’ve ever seen 💯,"Mar 27, 2024, 6:51:38 AM PST",Entertainment,,POSITIVE,0.9996077418327332,review,entertainment,"professional,dramatic,personal,funny,informative,serious",0.8466017246246338
24881,Kinni Kinni,"Apr 2, 2024, 7:55:09 AM PST",Music,Official Music Video,POSITIVE,0.9676905870437622,unknown,unknown,,0.48102134466171265
25299,"Key Lime Pie Cake: Dude, Nice Voice!","Mar 27, 2024, 6:51:16 AM PST",Entertainment,,POSITIVE,0.9992345571517944,commentary,entertainment,"funny,professional,informative,dramatic,personal",0.983828604221344
24882,Heeriye,"Apr 2, 2024, 7:52:10 AM PST",Entertainment,,NEGATIVE,0.5590477585792542,reaction,information,"dramatic,funny,informative,serious,personal,casual,professional",0.6249913573265076
25300,He Was Too Stunned To Speak,"Mar 27, 2024, 6:50:59 AM PST",Shorts,,NEGATIVE,0.9983659386634827,reaction,unknown,"dramatic,personal,serious",0.4040716290473938
25301,I’m new to Valorant but the Reaver Vandal hits different 🫠,"Mar 27, 2024, 6:50:32 AM PST",Tutorial,,NEGATIVE,0.8554108738899231,news,information,"informative,dramatic,serious,funny,personal",0.21529312431812286
24883,SAKHIYAAN (Full Song) Maninder Buttar | MixSingh | Babbu | Punjabi Songs | Sakhiyan | Ishtar Punjabi,"Apr 2, 2024, 7:48:50 AM PST",Music,Music Mix,NEGATIVE,0.6084856390953064,unknown,unknown,,0.9920556545257568
25302,Kai's New IRON MAN MASK,"Mar 27, 2024, 6:50:03 AM PST",Entertainment,,POSITIVE,0.9760762453079224,news,storytelling,"dramatic,informative,professional,funny,serious,personal",0.5656825304031372
24884,Jaan Ban Gaye,"Apr 2, 2024, 7:48:18 AM PST",Comedy,,NEGATIVE,0.9204775094985962,reaction,information,"informative,dramatic,serious,funny,professional,personal,casual",0.7890334725379944
25303,My Tesla Almost Died In The Cold Weather 🥶😱,"Mar 27, 2024, 6:49:41 AM PST",Technology,,NEGATIVE,0.9944191575050354,reaction,information,"serious,dramatic,funny,personal,informative",0.9832599759101868
24885,Excuses (Official Video) | AP Dhillon | Gurinder Gill | Intense,"Apr 2, 2024, 7:45:53 AM PST",Entertainment,,NEGATIVE,0.9896346926689148,commentary,storytelling,"dramatic,serious,informative,professional,funny",0.6254066228866577
25304,https://www.youtube.com/watch?v=Nrr0PUm-8aY,"Mar 27, 2024, 6:49:21 AM PST",Entertainment,,NEGATIVE,0.9539864659309387,reaction,information,"informative,funny,dramatic,serious,professional",0.7519634366035461
24886,Hona Tha Pyar,"Apr 2, 2024, 7:44:38 AM PST",Music,Official Music Video,POSITIVE,0.5846976637840271,unknown,unknown,,0.853040874004364
25305,https://www.youtube.com/watch?v=Wo5t0u1WqPg,"Mar 27, 2024, 6:48:55 AM PST",Entertainment,,NEGATIVE,0.9605252742767334,reaction,information,"informative,funny,dramatic,serious,professional",0.7477654814720154
24887,Ritviz - Sage [Official Music Video],"Apr 2, 2024, 7:41:47 AM PST",Music,Official Music Video,POSITIVE,0.8518282771110535,unknown,unknown,,0.9865063428878784
25306,When you fighting in WW3 💀,"Mar 27, 2024, 6:48:10 AM PST",Tutorial,,NEGATIVE,0.6023167967796326,reaction,information,"serious,dramatic,funny,informative",0.0018054198008030653
24888,Dil Mere,"Apr 2, 2024, 7:41:07 AM PST",Comedy,,NEGATIVE,0.9355818033218384,reaction,information,"casual,informative,dramatic,serious,funny,personal,professional",0.3847641050815582
25307,The Most Toxic 1v1 Clutch EVER?!,"Mar 27, 2024, 6:47:54 AM PST",Gaming,Esports,NEGATIVE,0.9983938336372375,news,information,"dramatic,serious,personal",0.43063992261886597
24889,"Illahi - Yeh Jawaani Hai Deewani | Ranbir Kapoor, Deepika Padukone","Apr 2, 2024, 7:38:23 AM PST",Entertainment,,POSITIVE,0.9341180324554443,reaction,entertainment,"informative,dramatic,funny,professional,serious,casual",0.8091582655906677
25308,Can we skip to the good part #doctor #medicine #viral #healthcare #comedy #humor #funny #motivation,"Mar 27, 2024, 6:47:35 AM PST",Comedy,,NEGATIVE,0.9178637266159058,commentary,entertainment,funny,0.21465027332305908
24890,O Maahi,"Apr 2, 2024, 7:37:13 AM PST",Music,Official Music Video,POSITIVE,0.988103449344635,unknown,unknown,,0.5492512583732605
24891,Rangi Saari | Kanishk Seth & Kavita Seth | Official Music Video,"Apr 2, 2024, 7:34:49 AM PST",Music,Official Music Video,POSITIVE,0.9909259080886841,unknown,unknown,,0.997988224029541
25309,The 3AM valorant players.  #valorant #valorantclips #gaming #valoranthighlights #fps #viral,"Mar 27, 2024, 6:46:52 AM PST",Gaming,Gameplay,NEGATIVE,0.9820159673690796,gameplay,entertainment,"dramatic,informative,funny,professional",0.968874990940094
24892,Uff Teri Adaa,"Apr 2, 2024, 7:32:09 AM PST",Comedy,,NEGATIVE,0.9922505021095276,reaction,information,"dramatic,funny,serious,informative,casual,professional,personal",0.5957857966423035
25310,He Couldn’t Believe It 🤯,"Mar 27, 2024, 6:46:27 AM PST",Comedy,,NEGATIVE,0.9946133494377136,reaction,comedy,"dramatic,funny,personal,serious,informative",0.8945605158805847
25311,this sage is better than grim 😂,"Mar 27, 2024, 6:46:08 AM PST",Entertainment,,POSITIVE,0.998052716255188,guide,entertainment,"funny,informative,professional,dramatic,personal",0.39479342103004456
24893,"Maiyya Mainu - Lyrical | Jersey | Shahid Kapoor, Mrunal Thakur| Sachet-Parampara| Shellee | Gowtam T","Apr 2, 2024, 7:30:46 AM PST",Comedy,,POSITIVE,0.9363340139389038,commentary,storytelling,"funny,casual,dramatic",0.9630535244941711
25312,She was single after girls night 😂💔 #shorts southeastsinner,"Mar 27, 2024, 6:45:50 AM PST",Shorts,,NEGATIVE,0.980072021484375,reaction,comedy,"funny,personal,casual,dramatic,informative",0.9830134510993958
24894,Abhi Kuch Dino Se,"Apr 2, 2024, 7:27:24 AM PST",Comedy,,POSITIVE,0.9673975706100464,reaction,comedy,"funny,dramatic,informative,serious,casual,personal,professional",0.9622848033905029
25313,#cbse #tranding #physicsfun #physics #collision #motivation #physicsclass12,"Mar 27, 2024, 6:45:22 AM PST",Tutorial,,NEGATIVE,0.9794406890869141,unknown,entertainment,"funny,informative,dramatic",0.005918189883232117
24895,Dunki Drop 5: O Maahi | Shah Rukh Khan | Taapsee Pannu | Pritam | Arijit Singh | Irshad Kamil,"Apr 2, 2024, 7:26:57 AM PST",Entertainment,,POSITIVE,0.8140936493873596,reaction,entertainment,"dramatic,informative,funny,serious",0.9206304550170898
25314,Paying a Stranger to not Talk #prank,"Mar 27, 2024, 6:44:52 AM PST",Entertainment,,NEGATIVE,0.990446925163269,reaction,entertainment,"funny,dramatic",0.9122516512870789
24896,Malang Sajna,"Apr 2, 2024, 7:24:42 AM PST",Entertainment,,NEGATIVE,0.9741942286491394,reaction,information,"dramatic,informative,serious,funny,professional,casual,personal",0.41537490487098694
25315,Phoenix 🔥,"Mar 27, 2024, 6:44:44 AM PST",Sports,,POSITIVE,0.8290696740150452,reaction,information,"dramatic,serious,informative,funny,personal",0.778351366519928
24897,Tere Bin,"Apr 2, 2024, 7:21:33 AM PST",Entertainment,,POSITIVE,0.99021977186203,reaction,information,"dramatic,informative,serious,funny,professional,casual",0.3416798710823059
25316,how to abuse the remake system,"Mar 27, 2024, 6:44:17 AM PST",Tutorial,,NEGATIVE,0.9994702935218811,guide,information,"informative,serious,dramatic,funny",0.4175412356853485
24898,"Kaise Hua (From ""Kabir Singh"")","Apr 2, 2024, 7:20:48 AM PST",Comedy,,NEGATIVE,0.7040528059005737,reaction,storytelling,"informative,dramatic,funny,serious",0.542840838432312
25317,https://www.youtube.com/watch?v=4fmiAmoiE4M,"Mar 27, 2024, 6:41:32 AM PST",Entertainment,,NEGATIVE,0.966079592704773,reaction,information,"informative,funny,dramatic,serious,professional",0.7579159140586853
24899,Saibo,"Apr 2, 2024, 7:20:26 AM PST",Entertainment,,POSITIVE,0.8812909722328186,reaction,information,"dramatic,informative,serious,professional,personal,funny,casual",0.5643019676208496
25318,how NASA writes space-proof code,"Mar 27, 2024, 6:35:06 AM PST",Technology,,NEGATIVE,0.9616005420684814,news,information,"professional,informative,serious,dramatic,funny",0.8625013828277588
25319,The Weeknd – Starboy (feat. Daft Punk) (2016),"Mar 27, 2024, 3:23:50 AM PST",Music,Official Music Video,POSITIVE,0.9639790058135986,unknown,unknown,,0.9968244433403015
24900,Ve Haaniyaan - Official Video | Ravi Dubey & Sargun Mehta | Danny | Avvy Sra | Dreamiyata Music,"Apr 2, 2024, 6:33:03 AM PST",Music,Official Music Video,POSITIVE,0.9913437366485596,unknown,unknown,,0.9358563423156738
25320,"Ayesha erotica, Heidi montag | I'll do it (sped up + pitched)","Mar 27, 2024, 3:22:44 AM PST",Entertainment,,POSITIVE,0.9715737700462341,reaction,entertainment,"dramatic,funny,personal,informative",0.7789810299873352
24901,"Obsessed - Riar Saab, @AbhijaySharma | Official Music Video","Apr 2, 2024, 6:29:59 AM PST",Music,Official Music Video,NEGATIVE,0.9788302183151245,unknown,unknown,,0.9955591559410095
25321,Haddaway - What Is Love [Official 4K],"Mar 27, 2024, 3:22:43 AM PST",Music,Official Music Video,POSITIVE,0.9997133612632751,unknown,unknown,,0.336329847574234
25322,a-ha - Take On Me (Official Video) [Remastered in 4K],"Mar 27, 2024, 3:12:51 AM PST",Music,Official Music Video,NEGATIVE,0.9772517681121826,unknown,unknown,,0.9979979395866394
24902,Diljit Dosanjh: LOVER (Official Music Video) Intense | Raj Ranjodh | MoonChild Era,"Apr 2, 2024, 6:23:40 AM PST",Music,Official Music Video,POSITIVE,0.9950581789016724,unknown,unknown,,0.9962105751037598
25323,"Pitbull - Give Me Everything ft. Ne-Yo, Afrojack, Nayer","Mar 27, 2024, 3:04:30 AM PST",Music,Music Mix,POSITIVE,0.9944459199905396,unknown,unknown,,0.9976447224617004
24903,DIL NU - AP DHILLON | SHINDA KAHLON (Official Audio),"Apr 2, 2024, 6:19:45 AM PST",Music,Music Mix,POSITIVE,0.7209709882736206,unknown,unknown,,0.9926182627677917
24904,King x Nick Jonas - Maan Meri Jaan (Afterlife) [Official Video],"Apr 2, 2024, 6:16:39 AM PST",Music,Official Music Video,POSITIVE,0.8751393556594849,unknown,unknown,,0.9966831803321838
25324,"FIGHTER: Ishq Jaisa Kuch Song, Hrithik, Deepika, Vishal-Sheykhar, Shilpa, Kumaar, Bosco-Caesar","Mar 27, 2024, 3:02:10 AM PST",Entertainment,,POSITIVE,0.9798790216445923,guide,entertainment,"dramatic,informative,professional,funny",0.9167678952217102
24905,"Akhiyaan Gulaab (Song): Shahid Kapoor, Kriti Sanon | Mitraz | Teri Baaton Mein Aisa Uljha Jiya","Apr 2, 2024, 6:14:03 AM PST",Music,Official Music Video,POSITIVE,0.9697220921516418,unknown,unknown,,0.9953700304031372
25325,ROSA WALTON & HALLIE COGGINS - I REALLY WANT TO STAY AT YOUR HOUSE (LYRIC) AMV CYBERPUNK EDGERUNNERS,"Mar 27, 2024, 2:57:56 AM PST",Music,Lyric Video,POSITIVE,0.9969208240509033,unknown,unknown,,0.8867806196212769
25326,Sound Of Walking Away X Divinity X Shelter (Music Video),"Mar 27, 2024, 2:57:56 AM PST",Music,Music Mix,NEGATIVE,0.9842373728752136,unknown,unknown,,0.9950057864189148
24906,"Malang Sajna (Video) Sachet Tandon, Parampara Tandon | Adil Shaikh, Kumaar | Bhushan Kumar","Apr 2, 2024, 6:11:25 AM PST",Comedy,,NEGATIVE,0.9625982642173767,reaction,storytelling,"dramatic,funny,informative,serious,professional",0.784318208694458
25327,"Aakhiyan gulab in loop mode | Shahid Kapoor, Kriti Sanon | Mitraz | Teri Baaton Mein Aisa Uljha Jiya","Mar 27, 2024, 2:55:01 AM PST",Comedy,,NEGATIVE,0.9915021657943726,reaction,entertainment,"dramatic,funny,informative,serious,professional",0.8889244198799133
24907,King - Tu Aake Dekhle | The Carnival | The Last Ride | Prod. by Shahbeatz | Latest Hit Songs 2020,"Apr 2, 2024, 6:06:01 AM PST",Music,Music Mix,POSITIVE,0.9236475825309753,unknown,unknown,,0.9938241839408875
25328,Royalty 👑 I will become the best of all 🎧🔥,"Mar 27, 2024, 2:46:39 AM PST",Reviews,,POSITIVE,0.9998289346694946,news,analysis,"dramatic,informative,serious,funny,professional,personal",0.1251009702682495
24908,2010s summer mix ~nostalgia playlist,"Apr 2, 2024, 5:46:16 AM PST",Music,Music Mix,POSITIVE,0.9966873526573181,unknown,unknown,,0.9937443137168884
25329,MitiS - Homesick (Lyrics) feat. SOUNDR,"Mar 27, 2024, 2:46:39 AM PST",Music,Lyric Video,NEGATIVE,0.9965936541557312,unknown,unknown,,0.3556896150112152
24909,Haddaway - What Is Love [Official 4K],"Apr 2, 2024, 5:42:15 AM PST",Music,Official Music Video,POSITIVE,0.9997133612632751,unknown,unknown,,0.336329847574234
25330,"VØJ, Narvent - Memory Reboot","Mar 27, 2024, 2:46:39 AM PST",Vlogs,,NEGATIVE,0.915245532989502,guide,information,"informative,professional,dramatic,serious,funny",0.27137821912765503
24910,Martin Garrix feat. Bonn - High On Life (Official Video),Martin Garrix feat. Bonn - High On Life (Official Video),Music,Official Music Video,POSITIVE,0.9923267960548401,unknown,unknown,,0.9977059960365295
25331,Everything STAYs On,"Mar 27, 2024, 2:46:38 AM PST",Technology,,POSITIVE,0.9992398023605347,guide,information,"professional,informative,serious",0.737265408039093
25332,Eminem - Space Bound (Official Video),"Mar 27, 2024, 2:46:38 AM PST",Music,Official Music Video,POSITIVE,0.9230219125747681,unknown,unknown,,0.9979497790336609
24911,Numb (Official Music Video) [4K UPGRADE] – Linkin Park,"Apr 2, 2024, 5:36:03 AM PST",Music,Official Music Video,NEGATIVE,0.9982829093933105,unknown,unknown,,0.9972855448722839
25333,Syko - #BrooklynBloodPop​! (Lyrics),"Mar 27, 2024, 2:46:38 AM PST",Music,Cover Song,NEGATIVE,0.9536865949630737,unknown,unknown,,0.9642746448516846
24912,Pitbull - Feel This Moment (Official Video) ft. Christina Aguilera,"Apr 2, 2024, 5:32:13 AM PST",Music,Official Music Video,POSITIVE,0.9972754120826721,unknown,unknown,,0.9955258369445801
24913,One Love,"Apr 2, 2024, 5:28:44 AM PST",Music,Lyric Video,POSITIVE,0.9994469285011292,unknown,unknown,,0.130243182182312
25334,Heavy [Official Music Video] - Linkin Park (feat. Kiiara),"Mar 27, 2024, 2:46:38 AM PST",Music,Official Music Video,NEGATIVE,0.9952321648597717,unknown,unknown,,0.9967026710510254
24914,Backstreet Boys - I Want It That Way (Official HD Video),"Apr 2, 2024, 5:25:04 AM PST",Music,Official Music Video,POSITIVE,0.9982826709747314,unknown,unknown,,0.9982782602310181
25335,https://www.youtube.com/watch?v=KkDg703QwW8,"Mar 27, 2024, 2:46:37 AM PST",Entertainment,,NEGATIVE,0.9352303147315979,reaction,information,"informative,funny,dramatic,serious,professional,casual",0.7680621147155762
24915,MITRAZ - Muskurahat (Official Audio),"Apr 1, 2024, 2:21:00 PM PST",Music,Music Mix,NEGATIVE,0.8274638652801514,unknown,unknown,,0.9926179051399231
25336,Yoru Has SHATTERED The Breeze Meta! - Pro VALORANT Breakdown | PRX vs. DRX,"Mar 27, 2024, 2:46:37 AM PST",Sports,,NEGATIVE,0.9932860732078552,news,analysis,"dramatic,serious,informative,professional,funny",0.6267672181129456
24916,DIL NU - AP DHILLON | SHINDA KAHLON (Official Audio),"Apr 1, 2024, 2:17:06 PM PST",Music,Music Mix,POSITIVE,0.7209709882736206,unknown,unknown,,0.9926182627677917
25337,Mr.Kitty • After Dark // Jennifer Connelly • Career Opportunities,"Mar 27, 2024, 2:46:37 AM PST",Entertainment,,POSITIVE,0.999312162399292,guide,information,"informative,dramatic,funny,professional",0.572924792766571
25338,BURN IT DOWN (Official Music Video) [4K Upgrade] - Linkin Park,"Mar 27, 2024, 1:17:57 AM PST",Music,Official Music Video,NEGATIVE,0.9975073933601379,unknown,unknown,,0.9979191422462463
24917,"Maiyya Mainu - Lyrical | Jersey | Shahid Kapoor, Mrunal Thakur| Sachet-Parampara| Shellee | Gowtam T","Apr 1, 2024, 2:13:03 PM PST",Comedy,,POSITIVE,0.9363340139389038,commentary,storytelling,"funny,casual,dramatic",0.9630535244941711
25339,Everything Goes On [Acoustic Version] - Porter Robinson | cover by kameko x planet girl,"Mar 27, 2024, 1:17:57 AM PST",Music,Cover Song,POSITIVE,0.9824000597000122,unknown,unknown,,0.9882274866104126
24918,Dunki Drop 5: O Maahi | Shah Rukh Khan | Taapsee Pannu | Pritam | Arijit Singh | Irshad Kamil,"Apr 1, 2024, 2:08:47 PM PST",Entertainment,,POSITIVE,0.8140936493873596,reaction,entertainment,"dramatic,informative,funny,serious",0.9206304550170898
25340,"Akhiyaan Gulaab (Audio): Shahid Kapoor, Kriti Sanon | Mitraz | Teri Baaton Mein Aisa Uljha Jiya","Mar 27, 2024, 1:17:57 AM PST",Comedy,,POSITIVE,0.9468125700950623,reaction,entertainment,"informative,dramatic,funny,serious,professional",0.9260485768318176
25341,"фрози, joyful - bounce (i just wanna dance)","Mar 27, 2024, 1:17:57 AM PST",Entertainment,,POSITIVE,0.9994577765464783,reaction,entertainment,"personal,funny,casual",0.7125207781791687
24919,Ve Haaniyaan - Official Video | Ravi Dubey & Sargun Mehta | Danny | Avvy Sra | Dreamiyata Music,"Apr 1, 2024, 2:05:21 PM PST",Music,Official Music Video,POSITIVE,0.9913437366485596,unknown,unknown,,0.9358563423156738
25342,SUMMER HIGH - AP DHILLON (Official Music Video),"Mar 27, 2024, 1:17:57 AM PST",Music,Official Music Video,POSITIVE,0.9599851965904236,unknown,unknown,,0.997473418712616
24920,"Malang Sajna (Video) Sachet Tandon, Parampara Tandon | Adil Shaikh, Kumaar | Bhushan Kumar","Apr 1, 2024, 2:02:43 PM PST",Comedy,,NEGATIVE,0.9625982642173767,reaction,storytelling,"dramatic,funny,informative,serious,professional",0.784318208694458
25343,King - Tu Aake Dekhle | The Carnival | The Last Ride | Prod. by Shahbeatz | Latest Hit Songs 2020,"Mar 27, 2024, 1:17:56 AM PST",Music,Music Mix,POSITIVE,0.9236475825309753,unknown,unknown,,0.9938241839408875
25344,Porter Robinson - Get Your Wish (Secret Sky Edit),"Mar 27, 2024, 1:17:56 AM PST",Podcast,,POSITIVE,0.6360278129577637,guide,storytelling,"informative,professional,dramatic,serious,funny,personal",0.9585313200950623
24921,King - Tu Aake Dekhle | The Carnival | The Last Ride | Prod. by Shahbeatz | Latest Hit Songs 2020,"Apr 1, 2024, 1:56:39 PM PST",Music,Music Mix,POSITIVE,0.9236475825309753,unknown,unknown,,0.9938241839408875
25345,"Everything Goes ""Rock"" [@porterrobinson - Everything Goes On] WHUNDR Rock Version","Mar 27, 2024, 1:17:56 AM PST",Music,Music Mix,NEGATIVE,0.9176949262619019,unknown,unknown,,0.9675367474555969
25346,MITRAZ - Akhiyaan (Official Music Video),"Mar 27, 2024, 1:17:56 AM PST",Music,Official Music Video,POSITIVE,0.9222614765167236,unknown,unknown,,0.9962985515594482
24922,"Tere Pyaar Mein (Song) Tu Jhoothi Main Makkaar| Ranbir, Shraddha| Pritam| Arijit, Nikhita | Amitabh","Apr 1, 2024, 1:53:41 PM PST",Music,Lyric Video,POSITIVE,0.9755638241767883,unknown,unknown,,0.9912869334220886
25347,DIL NU - AP DHILLON | SHINDA KAHLON (Official Audio),"Mar 27, 2024, 1:17:56 AM PST",Music,Music Mix,POSITIVE,0.7209709882736206,unknown,unknown,,0.9926182627677917
24923,"FIGHTER: Ishq Jaisa Kuch Song, Hrithik, Deepika, Vishal-Sheykhar, Shilpa, Kumaar, Bosco-Caesar","Apr 1, 2024, 1:51:19 PM PST",Entertainment,,POSITIVE,0.9798790216445923,guide,entertainment,"dramatic,informative,professional,funny",0.9167678952217102
25348,ayesha erotica ♡ i’ll do it ( sped up / nightcore + pitched ),"Mar 27, 2024, 1:17:54 AM PST",Entertainment,,POSITIVE,0.7758024334907532,guide,entertainment,"dramatic,funny,informative,personal",0.5750126242637634
24924,"Akhiyaan Gulaab (Song): Shahid Kapoor, Kriti Sanon | Mitraz | Teri Baaton Mein Aisa Uljha Jiya","Apr 1, 2024, 1:48:16 PM PST",Music,Official Music Video,POSITIVE,0.9697220921516418,unknown,unknown,,0.9953700304031372
25349,Chill Vibes Night 🌟 1980s Lofi Hip Hop Mix [ Chill Beats To Relax / Study To ],"Mar 27, 2024, 1:17:52 AM PST",Music,Music Mix,POSITIVE,0.9920223951339722,unknown,unknown,,0.997294008731842
24925,SUBHANALLAH,"Apr 1, 2024, 1:18:38 PM PST",Entertainment,,POSITIVE,0.9612566232681274,guide,information,"dramatic,serious,informative,funny,casual,personal,professional",0.18955935537815094
24926,NAINA,"Apr 1, 2024, 1:14:52 PM PST",Entertainment,,POSITIVE,0.9957177042961121,reaction,information,"professional,dramatic,informative,serious,casual,funny,personal",0.4261554181575775
25350,"Maiyya Mainu - Lyrical | Jersey | Shahid Kapoor, Mrunal Thakur| Sachet-Parampara| Shellee | Gowtam T","Mar 27, 2024, 1:17:52 AM PST",Comedy,,POSITIVE,0.9363340139389038,commentary,storytelling,"funny,casual,dramatic",0.9630535244941711
24927,Heeriye (feat. Arijit Singh),"Apr 1, 2024, 1:11:37 PM PST",Music,Music Mix,POSITIVE,0.9265515804290771,unknown,unknown,,0.9949590563774109
25351,With You - AP Dhillon (Official Music Video),"Mar 27, 2024, 1:17:52 AM PST",Music,Official Music Video,POSITIVE,0.9988898634910583,unknown,unknown,,0.9959681034088135
24928,Baarishein,"Apr 1, 2024, 1:08:10 PM PST",Entertainment,,NEGATIVE,0.9433700442314148,guide,information,"dramatic,serious,professional,informative,personal,funny",0.6223085522651672
24929,Mileya Mileya,"Apr 1, 2024, 1:03:44 PM PST",Music,Official Music Video,POSITIVE,0.9966984391212463,unknown,unknown,,0.34602388739585876
25352,"Saathiya Full Song | Vivek Oberoi, Rani Mukerji | Sonu Nigam | A R Rahman | Gulzar | Saathiya Song","Mar 27, 2024, 1:17:51 AM PST",Music,Official Music Video,POSITIVE,0.9983246922492981,unknown,unknown,,0.9982678294181824
24930,Ve Haaniyaan,"Apr 1, 2024, 12:59:44 PM PST",Comedy,,POSITIVE,0.9583518505096436,reaction,comedy,"dramatic,funny,informative,serious,personal,professional,casual",0.4851796627044678
25353,MITRAZ - Muskurahat (Official Audio),"Mar 27, 2024, 1:17:50 AM PST",Music,Music Mix,NEGATIVE,0.8274638652801514,unknown,unknown,,0.9926179051399231
24931,Channa Ve,"Apr 1, 2024, 12:56:12 PM PST",Entertainment,,POSITIVE,0.9793813824653625,reaction,information,"dramatic,informative,serious,funny,casual,professional,personal",0.5463179349899292
25354,Nightcore II: Ravers Fantasy,"Mar 27, 2024, 1:17:50 AM PST",Entertainment,,POSITIVE,0.9898557662963867,gameplay,entertainment,"informative,dramatic,funny",0.1695505976676941
24932,Chor,"Apr 1, 2024, 11:54:17 AM PST",Music,Concert Recording,NEGATIVE,0.98454350233078,unknown,unknown,,0.9883317351341248
25355,"Sean Kingston, Justin Bieber - Eenie Meenie (Official Video)","Mar 27, 2024, 1:17:46 AM PST",Music,Official Music Video,NEGATIVE,0.6857151985168457,unknown,unknown,,0.9974141716957092
24933,Phir Aur Kya Chahiye - Asees Version,"Apr 1, 2024, 11:54:15 AM PST",Comedy,,NEGATIVE,0.6532819271087646,reaction,storytelling,"dramatic,informative,funny,casual,serious,professional",0.8796948194503784
25356,MITRAZ - Akhiyaan (Official Audio),"Mar 27, 2024, 1:17:46 AM PST",Music,Music Mix,POSITIVE,0.9491366147994995,unknown,unknown,,0.9844632148742676
24934,"Mere Sohneya (From ""Kabir Singh"")","Apr 1, 2024, 11:54:11 AM PST",Comedy,,POSITIVE,0.6065371036529541,reaction,storytelling,"dramatic,informative,funny,serious,casual",0.740695059299469
24935,Laal Peeli Akhiyaan,"Apr 1, 2024, 11:51:18 AM PST",Entertainment,,NEGATIVE,0.725419282913208,reaction,information,"informative,dramatic,serious,funny,professional,casual",0.4372348189353943
25357,Porter Robinson - Musician (Together Live 2022: perfect version),"Mar 26, 2024, 10:07:37 PM PST",Music,Live Performance,POSITIVE,0.998790442943573,unknown,unknown,,0.9960923194885254
24936,Tum Hi Ho Bandhu,"Apr 1, 2024, 11:51:17 AM PST",Music,Live Performance,POSITIVE,0.8219833374023438,unknown,unknown,,0.9317570328712463
25358,https://www.youtube.com/watch?v=4fmiAmoiE4M,"Mar 26, 2024, 9:59:57 PM PST",Entertainment,,NEGATIVE,0.966079592704773,reaction,information,"informative,funny,dramatic,serious,professional",0.7579159140586853
24937,Chaleya,"Apr 1, 2024, 11:50:56 AM PST",Entertainment,,POSITIVE,0.9423848986625671,reaction,information,"dramatic,informative,serious,personal,professional,funny,casual",0.5083066821098328
25359,Porter Robinson - Look at the Sky (Official Lyric Video),"Mar 26, 2024, 9:52:15 PM PST",Music,Lyric Video,POSITIVE,0.9946914315223694,unknown,unknown,,0.9957841038703918
24938,TERE BIN LYRICS – Simmba |,"Apr 1, 2024, 11:47:30 AM PST",Entertainment,,NEGATIVE,0.663905680179596,guide,storytelling,"dramatic,informative,funny,professional",0.9488911628723145
25360,Sound Of Walking Away X Divinity X Shelter (Music Video),"Mar 26, 2024, 9:17:06 PM PST",Music,Music Mix,NEGATIVE,0.9842373728752136,unknown,unknown,,0.9950057864189148
24939,Sau Aasmaan,"Apr 1, 2024, 11:43:36 AM PST",Entertainment,,POSITIVE,0.5235694646835327,reaction,information,"dramatic,informative,funny,serious,professional,casual",0.5473017692565918
24940,"Jashn-E-Bahaaraa (From ""Jodhaa Akbar"")","Apr 1, 2024, 11:38:21 AM PST",Tutorial,,NEGATIVE,0.9847608208656311,guide,information,"informative,serious,dramatic,funny",0.09548287093639374
25361,Police wala Gunda / Trooper Princess Ganesh Gaitonde / GTA 5 Rp #shorts #shortsfeed #shortslive,"Mar 26, 2024, 9:02:47 PM PST",Shorts,,NEGATIVE,0.9923049807548523,gameplay,entertainment,"informative,funny,dramatic,professional,casual",0.9824168682098389
24941,2010s nostalgia mix ~throwback playlist,"Apr 1, 2024, 11:37:44 AM PST",Music,Music Mix,POSITIVE,0.9827936887741089,unknown,unknown,,0.9821723103523254
25362,Wait Until You See The Professional,"Mar 26, 2024, 9:02:14 PM PST",Reviews,,NEGATIVE,0.9724758863449097,reaction,information,"serious,dramatic,professional,funny,informative",0.06630881875753403
24942,Aankhon Se Batana,"Apr 1, 2024, 11:34:39 AM PST",Comedy,,POSITIVE,0.8988215327262878,reaction,storytelling,"dramatic,informative,funny,serious,professional,casual,personal",0.641223669052124
24943,Dildaara (Stand By Me),"Apr 1, 2024, 11:34:38 AM PST",Entertainment,,POSITIVE,0.9786050319671631,guide,storytelling,"informative,personal,dramatic,serious,funny",0.17666693031787872
25363,When life gives you LEMONS Play VALORANT | #valorantlive #valorantgirlgamer #girlgamer #ace,"Mar 26, 2024, 9:01:46 PM PST",Gaming,Gameplay,POSITIVE,0.8122546672821045,gameplay,entertainment,"informative,dramatic,funny,personal",0.9306113719940186
24944,Don't You Worry Child (Radio Edit),"Apr 1, 2024, 11:34:08 AM PST",Podcast,,POSITIVE,0.9181184768676758,guide,storytelling,"casual,informative,funny",0.6292027235031128
25364,Tesla FSD uses humans as shield,"Mar 26, 2024, 9:00:45 PM PST",Technology,,NEGATIVE,0.819593071937561,guide,information,"informative,personal,dramatic,serious,professional,funny",0.13067740201950073
24945,Pahle Bhi Main,"Apr 1, 2024, 11:31:16 AM PST",Comedy,,NEGATIVE,0.8370015621185303,reaction,comedy,"dramatic,informative,casual,funny,serious,personal,professional",0.889820396900177
24946,Satranga (Stripped),"Apr 1, 2024, 11:28:01 AM PST",Technology,,NEGATIVE,0.9953798055648804,reaction,information,"dramatic,serious,personal,informative,professional",0.08423934131860733
25365,Asking a Korean girl to play games with me 🫣 #Korea #Korean #kdrama #kpop #videogames #valorant,"Mar 26, 2024, 8:59:26 PM PST",Entertainment,,NEGATIVE,0.968532145023346,gameplay,entertainment,"funny,informative,personal,dramatic,casual",0.9282839894294739
24947,Maiyya Mainu,"Apr 1, 2024, 11:24:10 AM PST",Music,Official Music Video,NEGATIVE,0.9401074647903442,unknown,unknown,,0.6094255447387695
25366,He was speeding… #shorts #movie #fyp,"Mar 26, 2024, 8:58:25 PM PST",Shorts,,NEGATIVE,0.9977248311042786,reaction,entertainment,"dramatic,funny,casual,informative",0.9313338994979858
24948,Makhna,"Apr 1, 2024, 11:21:07 AM PST",Music,Official Music Video,NEGATIVE,0.8818078637123108,unknown,unknown,,0.36648210883140564
25367,ONE SHORT #vairal #shortvideo #valorant #valorantclips #shorts,"Mar 26, 2024, 8:58:04 PM PST",Shorts,,NEGATIVE,0.9953277111053467,guide,entertainment,"casual,funny,dramatic,informative,professional",0.9956154227256775
24949,KABIRA,"Apr 1, 2024, 11:17:23 AM PST",Entertainment,,POSITIVE,0.980975866317749,reaction,information,"dramatic,informative,serious,funny,professional,personal",0.5023779273033142
25368,#freshoutthegallery brought to you by YouTube shorts 🐅,"Mar 26, 2024, 8:58:03 PM PST",Shorts,,POSITIVE,0.9585002064704895,reaction,entertainment,"funny,dramatic,informative",0.9872073531150818
24950,Laaree Chootee,"Apr 1, 2024, 11:14:20 AM PST",Music,Official Music Video,NEGATIVE,0.9852235317230225,unknown,unknown,,0.9618505239486694
25369,TALONS game-ending PORTAL TRAP 😱🪄- ESL Dota,"Mar 26, 2024, 8:58:01 PM PST",Gaming,Esports,NEGATIVE,0.9957267045974731,commentary,storytelling,"dramatic,serious,funny,informative,professional",0.9496228694915771
24951,Lutt Putt Gaya,"Apr 1, 2024, 11:10:37 AM PST",Sports,,NEGATIVE,0.994986891746521,gameplay,information,"informative,dramatic,professional,funny,serious,casual",0.9884828925132751
25370,The World’s Brightest Flashlight,"Mar 26, 2024, 8:57:23 PM PST",Technology,,POSITIVE,0.9979146122932434,news,information,"dramatic,informative,funny,serious,professional",0.9766594171524048
24952,Ve Kamleya - Asees Version,"Apr 1, 2024, 11:07:37 AM PST",Entertainment,,NEGATIVE,0.9643954634666443,reaction,information,"informative,dramatic,serious,funny,professional",0.35543447732925415
25371,https://www.youtube.com/watch?v=bWjQfMBNTiU,"Mar 26, 2024, 8:56:49 PM PST",Entertainment,,NEGATIVE,0.9712978601455688,reaction,information,"informative,funny,dramatic,serious,professional",0.7703269124031067
24953,Boeings $450 Million Start-Up | Wisk Aero | Autonomous & Electric Aviation,"Apr 1, 2024, 10:48:17 AM PST",Technology,,NEGATIVE,0.8011281490325928,news,information,"dramatic,serious,informative,professional,funny",0.9880520701408386
25372,Real Power of Newton's First Law  😨😱| IIT Status #iitbombay #motivational #iitdelhi #physics #iit,"Mar 26, 2024, 8:56:31 PM PST",News,,POSITIVE,0.9971250891685486,news,information,"dramatic,informative,funny,serious,professional",0.07538778334856033
