27576,"Feb 29, 2024, 7:38:28 AM PST",Music,"entertaining,trending,informative,viral,controversial","animated,edited","compilation,reaction,highlights,showcase,guide",entertainment
27577,"Feb 29, 2024, 7:35:14 AM PST",Entertainment,"entertaining,trending,controversial,viral,informative","edited,animated,high_production,studio_quality","compilation,reaction,guide,showcase","entertainment,personal_vlog"
27578,"Feb 29, 2024, 7:35:01 AM PST",Music,"trending,entertaining,viral,informative,controversial","high_production,professional,studio_quality","showcase,highlights,guide,stream_highlights","promotional,entertainment,skill_development"
27579,"Feb 29, 2024, 7:30:53 AM PST",Music,"entertaining,trending,viral,informative,family_friendly,educational,mature","high_production,studio_quality,professional","compilation,showcase,reaction,highlights,guide,commentary,review,stream_highlights","storytelling,entertainment,educational"
27580,"Feb 29, 2024, 7:27:26 AM PST",Music,"trending,entertaining,viral,informative,controversial,family_friendly,educational","professional,high_production,studio_quality","compilation,showcase,highlights,reaction,guide,stream_highlights","entertainment,promotional,news,educational,skill_development"
27581,Martin Garrix & Troye Sivan - There For You (Official Video),Music,"trending,entertaining,viral,informative,controversial,family_friendly,educational","professional,high_production,animated,studio_quality","showcase,highlights,reaction,compilation,guide,stream_highlights","entertainment,promotional,news,storytelling,educational"
27582,"Feb 29, 2024, 7:19:47 AM PST",Tutorial,"trending,controversial,entertaining,informative,viral","edited,amateur","reaction,commentary,guide,compilation",news
27583,"Feb 29, 2024, 7:16:37 AM PST",Music,"trending,entertaining,viral,informative,controversial,family_friendly","high_production,edited,professional","showcase,compilation,reaction,highlights,guide","entertainment,news"
27584,"Feb 29, 2024, 7:12:41 AM PST",Entertainment,"entertaining,trending,informative,viral,educational,controversial","animated,professional,high_production","showcase,reaction,documentary,compilation,highlights,guide,analysis","entertainment,promotional,educational,storytelling,news,analysis"
27585,"Feb 29, 2024, 7:10:02 AM PST",Music,"entertaining,viral,trending,informative,family_friendly,controversial,educational","animated,high_production,professional","showcase,compilation,reaction,highlights,guide,review","promotional,entertainment,storytelling,educational,news,skill_development"
27586,"Feb 29, 2024, 7:06:12 AM PST",Music,"trending,entertaining,viral,informative,mature","professional,high_production,animated,edited,studio_quality","showcase,highlights,guide,compilation","promotional,entertainment,news,skill_development,storytelling"
27587,"Feb 29, 2024, 7:02:39 AM PST",Music,"trending,entertaining,viral,informative,mature,family_friendly,controversial","professional,high_production,studio_quality","showcase,guide,highlights,compilation,reaction","entertainment,storytelling,promotional"
27588,"Feb 29, 2024, 6:58:16 AM PST",Music,"trending,entertaining,informative,viral,mature,controversial","professional,high_production,studio_quality,edited","showcase,highlights,guide,commentary,compilation,stream_highlights,review,reaction","storytelling,entertainment,skill_development"
27589,"Feb 29, 2024, 6:55:01 AM PST",Music,"trending,entertaining,informative,viral,controversial","professional,edited","compilation,showcase,highlights,reaction,guide,review",entertainment
27590,"Feb 29, 2024, 6:52:17 AM PST",Entertainment,"entertaining,trending,viral,informative,family_friendly,educational,mature","edited,animated,professional","compilation,showcase,highlights,guide,commentary,reaction,podcast","entertainment,promotional,educational,storytelling"
27591,"Feb 29, 2024, 6:49:07 AM PST",Entertainment,"controversial,trending,clickbait,viral","edited,animated,amateur","compilation,reaction,commentary,guide,podcast","promotional,news,social_commentary,storytelling,entertainment"
27592,"Feb 29, 2024, 6:45:38 AM PST",Music,"trending,viral,entertaining,informative,mature","professional,high_production","showcase,highlights,guide","promotional,storytelling,entertainment,news"
27593,"Feb 29, 2024, 6:42:01 AM PST",Music,"trending,entertaining,informative,viral,controversial","high_production,animated,edited,professional","reaction,compilation,showcase,highlights,stream_highlights,guide,review","entertainment,storytelling,skill_development,promotional"
27594,"Feb 29, 2024, 6:39:26 AM PST",Music,"controversial,trending,viral,entertaining","high_production,studio_quality,animated","showcase,documentary,reaction,stream_highlights,highlights,commentary","promotional,entertainment"
27595,"Feb 29, 2024, 6:35:15 AM PST",Music,"entertaining,trending,viral,informative,mature,family_friendly,controversial","animated,edited,professional","compilation,showcase,highlights,podcast,reaction,guide,review","entertainment,storytelling,skill_development"
27596,"Feb 29, 2024, 6:31:57 AM PST",Entertainment,"entertaining,trending,viral,controversial,clickbait,informative","edited,animated,high_production,studio_quality,professional","compilation,showcase,reaction,podcast,commentary,guide,interview,highlights,stream_highlights,review,tutorial","storytelling,entertainment,promotional,news,skill_development,personal_vlog"
27597,"Feb 29, 2024, 6:28:48 AM PST",Entertainment,"entertaining,trending,controversial,viral,informative","edited,high_production","showcase,highlights,guide",entertainment
27598,"Feb 29, 2024, 6:10:48 AM PST",Technology,"trending,informative,entertaining,mature,controversial,viral,educational","professional,edited,animated,high_production","showcase,guide,reaction,highlights,analysis,commentary,review,interview","storytelling,analysis,educational,skill_development,news"
27599,"Feb 29, 2024, 6:03:53 AM PST",Music,"informative,trending,mature,viral,educational,entertaining,family_friendly",,"showcase,highlights,guide",educational
27600,"Feb 29, 2024, 6:03:52 AM PST",Music,"trending,entertaining,mature,informative,viral","professional,edited","showcase,highlights,guide,compilation",entertainment
27601,"Feb 29, 2024, 5:35:07 AM PST",Music,"educational,entertaining,informative,trending,viral,family_friendly","high_production,edited","compilation,guide,highlights,showcase","educational,entertainment,skill_development,promotional"
27602,"Feb 29, 2024, 5:31:40 AM PST",Music,"entertaining,viral,trending,informative,controversial,mature","high_production,professional","compilation,showcase,highlights,reaction,commentary,guide","entertainment,promotional,storytelling"
27603,"Feb 29, 2024, 5:28:30 AM PST",Music,"trending,viral,entertaining,informative,controversial,educational,mature","professional,edited,animated","compilation,podcast,reaction,showcase,guide,commentary,analysis,highlights,review","storytelling,entertainment,news,promotional,educational,analysis,social_commentary"
27604,How 19 Traditional Italian Foods Are Made | Regional Eats | Insider Food Marathon,Podcast,"informative,educational,entertaining,trending,viral,mature","edited,high_production","compilation,showcase,analysis,guide,review,podcast,highlights,tutorial,stream_highlights","educational,analysis,entertainment,storytelling,news"
27605,"Feb 28, 2024, 10:42:58 PM PST",Reviews,"informative,entertaining,trending,viral,family_friendly,controversial,mature","high_production,edited","showcase,highlights,guide,stream_highlights,review",product_review
27606,"Feb 28, 2024, 10:37:39 PM PST",Reviews,"informative,entertaining,trending,viral,family_friendly,educational",edited,"showcase,guide,review,compilation,highlights,stream_highlights","product_review,educational,news"
27607,"Feb 28, 2024, 10:36:45 PM PST",Entertainment,"entertaining,viral,trending","animated,high_production","reaction,compilation,review,showcase,highlights","entertainment,storytelling"
27608,"Feb 28, 2024, 9:41:05 PM PST",Shorts,"trending,viral,entertaining,informative,controversial,educational,family_friendly,mature,clickbait","animated,edited","reaction,commentary,showcase,guide,compilation,review,analysis","entertainment,news,social_commentary,educational,promotional,storytelling,analysis,skill_development"
27609,"Feb 28, 2024, 9:40:38 PM PST",Shorts,"viral,entertaining,trending,family_friendly,controversial","animated,amateur,edited","reaction,commentary,compilation,showcase,highlights","entertainment,storytelling,social_commentary,news"
27610,"Feb 28, 2024, 9:40:34 PM PST",Shorts,"entertaining,viral,trending,informative,educational,family_friendly","animated,edited","commentary,compilation,reaction,showcase,review,interview,guide,highlights,stream_highlights,analysis","entertainment,storytelling,social_commentary,promotional,educational,analysis"
27611,"Feb 28, 2024, 9:40:24 PM PST",Shorts,"viral,family_friendly,trending,entertaining,informative,educational","edited,animated","compilation,showcase,reaction,commentary,highlights","entertainment,promotional,storytelling,educational"
27612,"Feb 28, 2024, 9:39:38 PM PST",Shorts,"controversial,trending,viral,informative,entertaining","edited,animated","reaction,commentary,highlights,compilation","news,social_commentary"
27613,"Feb 28, 2024, 9:38:42 PM PST",Tutorial,"educational,trending,informative,entertaining,viral,controversial","animated,edited,amateur","guide,showcase,reaction,tutorial,highlights,commentary","educational,entertainment"
27614,"Feb 28, 2024, 9:38:37 PM PST",Shorts,"entertaining,trending,viral,informative,educational","animated,edited","showcase,compilation,commentary,guide","entertainment,promotional,storytelling,educational"
27615,"Feb 28, 2024, 9:30:53 PM PST",Entertainment,"viral,entertaining,trending,informative,educational,mature,controversial,family_friendly","animated,professional,high_production,studio_quality","showcase,reaction,analysis,highlights,documentary,stream_highlights,guide,review,compilation,commentary,interview,tutorial","entertainment,storytelling,educational,analysis,skill_development,social_commentary,product_review,promotional,news"
27616,"Feb 28, 2024, 9:30:50 PM PST",Comedy,"trending,entertaining,viral,controversial,clickbait,family_friendly","amateur,animated,raw_footage,edited,live_recording","commentary,podcast,reaction,interview,compilation,showcase,guide,review","entertainment,storytelling,social_commentary,news,personal_vlog"
27617,"Feb 28, 2024, 9:30:26 PM PST",Technology,"trending,viral,entertaining,informative,educational,family_friendly,controversial","animated,professional,high_production,edited","highlights,showcase,compilation,stream_highlights,reaction","news,entertainment,skill_development,educational"
27618,"Feb 28, 2024, 9:29:28 PM PST",Technology,"controversial,trending,viral,clickbait,entertaining,informative",edited,showcase,
27619,"Feb 28, 2024, 8:37:58 PM PST",Shorts,"trending,controversial,viral,educational,informative","edited,amateur,studio_quality","guide,commentary,review,tutorial","educational,skill_development"
27620,"Feb 28, 2024, 8:37:55 PM PST",Technology,"informative,entertaining,trending,viral,educational,controversial","professional,animated,edited","showcase,highlights,podcast,guide","educational,entertainment,news"
27621,"Feb 28, 2024, 7:27:10 PM PST",News,"informative,trending,entertaining,viral,educational,controversial,mature","professional,animated,high_production,live_recording","showcase,guide,podcast,highlights,commentary,analysis,documentary,reaction,compilation,stream_highlights,review","news,storytelling,educational,analysis"
27622,"Feb 28, 2024, 7:27:08 PM PST",Shorts,"trending,controversial,viral","edited,animated","reaction,commentary",social_commentary
27623,"Feb 28, 2024, 7:26:55 PM PST",Shorts,"trending,entertaining,viral,controversial,informative,family_friendly","animated,edited","reaction,compilation,commentary,guide,showcase,highlights","entertainment,social_commentary,promotional"
27624,"Feb 28, 2024, 7:25:21 PM PST",Entertainment,"viral,entertaining,informative,trending,educational,mature,controversial,family_friendly","animated,professional,high_production,studio_quality","showcase,reaction,analysis,stream_highlights,documentary,highlights,compilation,review,guide,commentary,interview,tutorial","entertainment,storytelling,educational,analysis,skill_development,social_commentary,product_review,promotional,personal_vlog,news"
27625,"Feb 28, 2024, 7:23:25 PM PST",Sports,"entertaining,mature,informative,trending,viral,educational","professional,animated,high_production,raw_footage","showcase,highlights,stream_highlights,guide,compilation","entertainment,news,skill_development,educational"
27626,"Feb 28, 2024, 7:23:01 PM PST",Shorts,"controversial,trending,entertaining,viral,clickbait","amateur,edited,animated","commentary,reaction,highlights,compilation","social_commentary,entertainment,storytelling"
27627,"Feb 28, 2024, 7:23:00 PM PST",Shorts,"trending,controversial,viral,clickbait,informative","edited,amateur","reaction,commentary,showcase,compilation","social_commentary,news"
27628,"Feb 28, 2024, 7:22:44 PM PST",Shorts,"entertaining,trending,viral,controversial,informative","edited,animated","commentary,reaction,highlights,showcase,compilation","entertainment,storytelling,social_commentary,news"
27629,"Feb 28, 2024, 7:22:38 PM PST",Shorts,"trending,viral,entertaining,informative,controversial",edited,"commentary,reaction,showcase,compilation","entertainment,storytelling,social_commentary,promotional"
27630,"Feb 28, 2024, 7:22:07 PM PST",Gaming,"entertaining,trending,controversial,viral,informative","edited,studio_quality,high_production,animated","reaction,commentary,highlights,showcase","entertainment,news"
27631,"Feb 28, 2024, 7:10:21 PM PST",Music,"entertaining,trending,family_friendly,informative,viral",edited,"guide,showcase,compilation,highlights",entertainment
27632,"Feb 28, 2024, 6:45:36 PM PST",Entertainment,"trending,entertaining,informative,viral,controversial,mature",edited,"showcase,compilation,guide,analysis,reaction","storytelling,entertainment,analysis"
27633,"Feb 28, 2024, 3:39:59 PM PST",News,"controversial,trending,viral,informative,entertaining","raw_footage,animated,edited,amateur","highlights,showcase,reaction",news
27634,"Feb 28, 2024, 3:37:30 PM PST",Entertainment,"trending,entertaining,informative,viral,controversial,mature,educational","high_production,studio_quality,professional,edited","showcase,highlights,compilation,stream_highlights,reaction,guide","promotional,storytelling,entertainment,news,social_commentary,educational"
27635,"Feb 28, 2024, 3:31:22 PM PST",Technology,"informative,trending,educational,entertaining,viral",studio_quality,"showcase,guide,highlights,compilation,stream_highlights","educational,news,promotional"
27636,"Feb 28, 2024, 2:09:06 PM PST",Music,"trending,entertaining,viral,informative,mature,family_friendly","animated,edited","showcase,highlights,reaction,guide,compilation,podcast",entertainment
27637,"Feb 28, 2024, 2:02:52 PM PST",Podcast,"informative,entertaining,educational,trending,viral,controversial,mature","edited,animated,professional","compilation,podcast,commentary,guide,analysis,documentary,showcase,highlights,review","storytelling,educational,entertainment,analysis"
27638,"Feb 28, 2024, 1:51:09 PM PST",Podcast,"entertaining,trending,informative,viral,educational,controversial,mature","edited,professional,animated","podcast,compilation,showcase,guide,highlights,commentary,documentary","storytelling,entertainment,educational,promotional"
27639,"Feb 28, 2024, 1:45:02 PM PST",Podcast,"entertaining,informative,trending,viral,controversial,mature,educational","edited,professional,animated,high_production","podcast,compilation,showcase,commentary,guide,analysis,review,highlights,documentary","storytelling,entertainment,educational,analysis"
27640,"Feb 28, 2024, 1:37:34 PM PST",Entertainment,"entertaining,informative,trending,viral,educational,controversial,mature,family_friendly","animated,professional,edited","podcast,compilation,showcase,guide,commentary,highlights,reaction,analysis","storytelling,skill_development,promotional,educational,entertainment,analysis"
27641,"Feb 28, 2024, 1:33:24 PM PST",Music,"viral,entertaining,controversial,informative,trending,educational","animated,edited,amateur","podcast,reaction,showcase,interview,guide,review","entertainment,promotional,storytelling,educational"
27642,"Feb 28, 2024, 1:30:46 PM PST",Comedy,"viral,entertaining,trending,informative,educational,controversial,mature,family_friendly","high_production,professional,animated,edited","showcase,compilation,documentary,highlights,reaction,guide,analysis,tutorial,stream_highlights,review","storytelling,entertainment,educational,promotional,skill_development,analysis"
27643,"Feb 28, 2024, 12:56:41 PM PST",Music,"trending,entertaining,mature,informative,viral","professional,edited","showcase,highlights,guide,compilation",entertainment
27644,"Feb 28, 2024, 12:52:18 PM PST",Comedy,"trending,entertaining,informative,mature,controversial,viral,family_friendly,educational","professional,edited,animated","reaction,commentary,compilation,guide,showcase,highlights,analysis,tutorial,review","storytelling,educational,promotional,analysis,entertainment,news,social_commentary,skill_development,personal_vlog"
27645,"Feb 28, 2024, 12:49:41 PM PST",Entertainment,"trending,entertaining,informative,controversial,mature,viral,family_friendly,educational","edited,professional","reaction,guide,commentary,compilation,highlights,showcase,analysis","storytelling,analysis,entertainment,promotional,educational"
27646,"Feb 28, 2024, 12:46:30 PM PST",Entertainment,"trending,viral,entertaining,controversial","high_production,studio_quality,edited,live_recording","reaction,commentary,highlights,stream_highlights,showcase,podcast,analysis,compilation,interview","social_commentary,analysis,news,skill_development,personal_vlog,product_review"
27647,"Feb 28, 2024, 12:46:29 PM PST",Gaming,"informative,trending,entertaining,viral,mature,controversial","edited,professional,high_production","guide,compilation,showcase,highlights",
27648,"Feb 28, 2024, 11:06:59 AM PST",Technology,"trending,informative,mature,educational,entertaining,viral","studio_quality,edited,professional,high_production","showcase,compilation,highlights,guide,analysis","educational,news,product_review,analysis"
27649,"Feb 28, 2024, 11:01:13 AM PST",Comedy,"entertaining,trending,informative,viral,family_friendly,mature,controversial,educational","animated,professional","guide,reaction,showcase,compilation,commentary,highlights,analysis,podcast,review,documentary,tutorial","storytelling,entertainment,analysis,educational,skill_development"
27650,"Feb 28, 2024, 10:54:24 AM PST",Music,"entertaining,trending,informative,viral,mature,controversial,family_friendly,educational","professional,animated,high_production","compilation,showcase,guide,podcast,reaction,highlights,review,commentary","entertainment,storytelling,product_review,promotional,educational"
27651,"Feb 28, 2024, 10:50:17 AM PST",Entertainment,"entertaining,trending,informative,viral,controversial,mature,family_friendly,educational","animated,professional","reaction,guide,showcase,highlights,commentary,compilation,analysis","storytelling,entertainment,educational,skill_development,analysis,promotional"
27652,"Feb 28, 2024, 10:47:13 AM PST",Music,"trending,entertaining,viral,informative,family_friendly,mature,educational,controversial","animated,professional,edited,high_production","reaction,showcase,highlights,compilation,guide,commentary,review","entertainment,storytelling,promotional,educational,skill_development"
27653,"Feb 28, 2024, 10:44:19 AM PST",Technology,"entertaining,trending,informative,viral,mature,controversial,educational","professional,animated,edited,high_production","showcase,reaction,highlights,guide,commentary,analysis","skill_development,storytelling,entertainment,educational,product_review,analysis"
27654,"Feb 28, 2024, 10:40:18 AM PST",Entertainment,"entertaining,trending,informative,mature,viral,family_friendly,educational,controversial","animated,professional,high_production,edited","reaction,showcase,compilation,guide,highlights,commentary,analysis,review","storytelling,entertainment,analysis,promotional,educational,skill_development,news"
27655,"Feb 28, 2024, 10:40:13 AM PST",Tutorial,"trending,mature,informative,viral,controversial,entertaining","edited,professional,high_production","reaction,guide,highlights,compilation,commentary,showcase,review",skill_development
27656,"Feb 28, 2024, 10:39:35 AM PST",Music,"entertaining,trending,viral,informative,controversial,educational,mature","animated,professional,edited,high_production","compilation,showcase,reaction,highlights","entertainment,storytelling,skill_development,educational,promotional"
27657,"Feb 28, 2024, 10:39:11 AM PST",Entertainment,"trending,entertaining,informative,viral,controversial,mature,educational","professional,edited,animated","reaction,guide,showcase,highlights,commentary,analysis","entertainment,skill_development,educational,analysis"
27658,"Feb 28, 2024, 10:39:10 AM PST",Music,"entertaining,trending,viral,informative,mature,family_friendly,educational",professional,"podcast,showcase,compilation,highlights,reaction,guide","storytelling,entertainment,educational"
27659,"Feb 28, 2024, 10:39:09 AM PST",Technology,"entertaining,trending,informative,viral,mature,controversial,educational,family_friendly","animated,professional,edited","showcase,reaction,highlights,guide,commentary,analysis","storytelling,skill_development,entertainment,educational,analysis"
27660,"Feb 28, 2024, 10:39:06 AM PST",Music,"entertaining,trending,informative,family_friendly,viral,mature,educational,controversial","animated,professional","compilation,reaction,guide,showcase,highlights,commentary","storytelling,entertainment,promotional,educational"
27661,"Feb 28, 2024, 10:34:51 AM PST",Entertainment,"trending,mature,informative,entertaining,viral,controversial,educational,family_friendly","professional,edited,high_production,studio_quality,animated","guide,showcase,highlights,reaction,compilation,commentary,interview,analysis,review","skill_development,analysis,social_commentary,educational,storytelling,news,product_review,entertainment"
27662,"Feb 28, 2024, 10:31:07 AM PST",Entertainment,"trending,informative,entertaining,viral,mature,controversial,family_friendly,educational","professional,high_production,animated,edited","reaction,compilation,showcase,guide,commentary,highlights,analysis,review","storytelling,analysis,educational,promotional,entertainment"
27663,"Feb 28, 2024, 10:27:55 AM PST",Entertainment,"trending,mature,entertaining,viral,informative,controversial,educational,family_friendly","professional,edited,animated","reaction,guide,compilation,showcase,highlights,commentary","storytelling,entertainment,educational,promotional"
27664,"Feb 28, 2024, 10:24:37 AM PST",Entertainment,"trending,entertaining,informative,mature,viral,controversial,family_friendly,educational","professional,edited,animated","reaction,showcase,guide,highlights,compilation,commentary,analysis","storytelling,entertainment,educational,skill_development,promotional,analysis"
27665,"Feb 28, 2024, 10:24:27 AM PST",News,"mature,informative,trending","studio_quality,high_production,professional","compilation,guide,podcast,analysis,review,stream_highlights,documentary","news,analysis,personal_vlog"
27666,"Feb 28, 2024, 10:23:39 AM PST",Reviews,controversial,"edited,amateur,studio_quality","reaction,compilation,commentary,podcast","social_commentary,news"
27667,"Feb 28, 2024, 10:21:06 AM PST",Comedy,"trending,controversial,viral,entertaining,informative","edited,animated,high_production","reaction,commentary,highlights,compilation,guide,showcase",storytelling
27668,"Feb 28, 2024, 10:21:01 AM PST",Music,"informative,trending,mature,viral,educational,entertaining,family_friendly",,"showcase,highlights,guide",educational
27669,"Feb 28, 2024, 10:11:32 AM PST",Music,"entertaining,trending,informative,viral,mature,controversial","live_recording,high_production,professional","showcase,stream_highlights,highlights,compilation,guide","entertainment,skill_development"
27670,"Feb 28, 2024, 9:59:15 AM PST",Music,"trending,entertaining,viral,informative,family_friendly,controversial,mature,educational","animated,professional,raw_footage,high_production,live_recording,edited","compilation,podcast,showcase,reaction,commentary,guide,highlights,review,walkthrough","entertainment,promotional,storytelling,educational"
27671,"Feb 28, 2024, 9:55:57 AM PST",Entertainment,"entertaining,trending,viral,controversial,clickbait,informative","edited,animated,high_production,studio_quality,professional","compilation,showcase,reaction,podcast,commentary,guide,interview,highlights,stream_highlights,review,tutorial","storytelling,entertainment,promotional,news,skill_development,personal_vlog"
27672,"Feb 28, 2024, 9:51:59 AM PST",Entertainment,"entertaining,informative,trending,viral,educational,family_friendly,mature","professional,high_production","compilation,showcase,highlights,guide","entertainment,educational"
27673,"Feb 28, 2024, 9:51:20 AM PST",Entertainment,"entertaining,viral,trending,informative,family_friendly","animated,professional,high_production","showcase,highlights,compilation","entertainment,skill_development"
27674,"Feb 28, 2024, 9:30:36 AM PST",Tutorial,"trending,viral,controversial,informative","animated,edited","commentary,reaction,compilation",social_commentary
27675,"Feb 28, 2024, 9:24:17 AM PST",Podcast,"trending,informative,entertaining,mature,controversial,viral","professional,edited,high_production","commentary,highlights,showcase,guide,reaction",
27676,"Feb 28, 2024, 9:19:51 AM PST",Entertainment,"trending,entertaining,informative,mature,viral,family_friendly,educational","professional,animated,edited","guide,showcase,compilation","entertainment,promotional,educational"
27677,"Feb 28, 2024, 9:16:31 AM PST",Music,"trending,entertaining,informative,viral,mature,educational","professional,high_production","compilation,showcase,stream_highlights,highlights,guide","entertainment,educational,skill_development"
27678,"Feb 28, 2024, 1:44:06 AM PST",Music,"trending,entertaining,viral,informative,controversial,mature,family_friendly","professional,animated,high_production","reaction,showcase,highlights,guide,compilation","entertainment,storytelling"
27679,"Feb 28, 2024, 1:41:05 AM PST",Music,"trending,entertaining,informative,viral,educational,mature,controversial","professional,high_production,studio_quality","podcast,showcase,reaction,highlights,guide,compilation,review,analysis","entertainment,storytelling,educational,analysis"
27680,"Feb 28, 2024, 1:39:21 AM PST",Entertainment,"entertaining,trending,informative,viral,educational,mature,controversial","professional,animated,high_production","showcase,highlights,compilation,documentary,reaction,guide,commentary","storytelling,entertainment,educational,promotional"
27681,"Feb 28, 2024, 1:35:32 AM PST",Entertainment,"entertaining,trending,viral,informative,family_friendly,controversial,educational,mature","high_production,edited,professional","showcase,reaction,highlights,guide,commentary,compilation,interview","entertainment,storytelling,promotional,educational"
27682,"Feb 28, 2024, 1:31:30 AM PST",Comedy,"entertaining,trending,viral",,"commentary,showcase,highlights,compilation","storytelling,entertainment"
27683,"Feb 28, 2024, 1:25:38 AM PST",Entertainment,"entertaining,trending,informative,viral,mature,controversial","high_production,professional","highlights,showcase,guide",entertainment
27684,"Feb 28, 2024, 1:22:14 AM PST",Music,"trending,viral,entertaining,controversial,informative","high_production,animated,edited","reaction,compilation,showcase,highlights,guide","entertainment,news,promotional"
27685,"Feb 28, 2024, 1:16:34 AM PST",Entertainment,"entertaining,controversial,viral,trending,informative,educational","high_production,professional,edited,studio_quality","compilation,commentary,documentary,showcase,reaction","promotional,storytelling,entertainment,news,educational"
27686,"Feb 28, 2024, 1:13:16 AM PST",Music,"trending,entertaining,viral,informative,mature,family_friendly,controversial,educational","professional,animated,high_production","reaction,showcase,highlights,guide,review,compilation","entertainment,storytelling,skill_development,educational,promotional"
27687,"Feb 28, 2024, 1:09:11 AM PST",Music,"trending,entertaining,viral,informative,mature,educational,controversial","professional,animated,high_production,studio_quality","reaction,showcase,review,analysis,highlights,guide,compilation","entertainment,storytelling,educational,analysis,skill_development"
27688,"Feb 28, 2024, 1:05:37 AM PST",Music,"trending,entertaining,viral,informative,mature,family_friendly,educational,controversial","professional,high_production,edited,animated","showcase,highlights,reaction,guide,compilation","promotional,entertainment,storytelling,educational,news"
27689,"Feb 28, 2024, 1:03:27 AM PST",Music,"entertaining,trending,informative,viral,mature,family_friendly,controversial,educational","high_production,professional,edited","highlights,showcase","entertainment,promotional,storytelling,educational"
27690,"Feb 28, 2024, 12:54:20 AM PST",Podcast,"entertaining,trending,informative,viral,mature,educational,controversial","professional,high_production,animated,studio_quality,edited","podcast,showcase,compilation,highlights,documentary,guide,commentary,reaction,review,stream_highlights,interview,analysis","storytelling,entertainment,analysis,promotional,educational,skill_development,social_commentary"
27691,"Feb 28, 2024, 12:50:01 AM PST",Music,"trending,entertaining,viral,informative,mature","professional,high_production,animated","compilation,showcase,highlights,reaction,guide","promotional,entertainment,storytelling,news"
27692,"Feb 28, 2024, 12:46:53 AM PST",Music,"trending,viral,entertaining,informative,mature,family_friendly,controversial","animated,high_production,professional,studio_quality","showcase,compilation,reaction,highlights,guide","entertainment,storytelling,promotional,news"
27693,"Feb 28, 2024, 12:44:18 AM PST",Music,"trending,viral,entertaining,informative,mature,family_friendly","professional,high_production,studio_quality","showcase,highlights,reaction,guide,compilation","entertainment,storytelling,skill_development,promotional"
27694,"Feb 28, 2024, 12:40:18 AM PST",Music,"trending,entertaining,informative,mature,educational,viral,controversial,family_friendly","professional,high_production,studio_quality","podcast,showcase,reaction,highlights,guide,review,analysis,compilation,tutorial","entertainment,storytelling,educational,skill_development,analysis,news,promotional"
27695,"Feb 28, 2024, 12:36:03 AM PST",Music,"trending,entertaining,informative,mature,educational,controversial",professional,"podcast,showcase,highlights,reaction,guide","entertainment,storytelling,educational"
27696,"Feb 28, 2024, 12:32:52 AM PST",Music,"trending,entertaining,viral,informative,mature,controversial","professional,animated,high_production,studio_quality","showcase,highlights,reaction","entertainment,storytelling,promotional"
27697,"Feb 28, 2024, 12:25:42 AM PST",Music,"educational,trending,entertaining,informative,viral","high_production,edited","compilation,guide,highlights,showcase","educational,entertainment"
27698,"Feb 28, 2024, 12:21:42 AM PST",Music,"entertaining,trending,viral,informative,mature,controversial,educational","professional,high_production,animated","showcase,compilation,highlights","entertainment,promotional,educational,storytelling"
27699,"Feb 28, 2024, 12:14:05 AM PST",Music,"entertaining,viral,trending,informative,controversial,mature","high_production,professional","compilation,showcase,highlights,reaction,commentary,guide","entertainment,promotional,storytelling"
27700,"Feb 28, 2024, 12:10:13 AM PST",Technology,"trending,mature,informative,viral,entertaining,family_friendly","professional,high_production,studio_quality","compilation,guide,stream_highlights,showcase,podcast,analysis,highlights","personal_vlog,analysis,product_review"
27701,"Feb 27, 2024, 11:26:34 PM PST",Technology,"trending,informative,mature,educational,entertaining,viral","studio_quality,edited,professional,high_production","showcase,compilation,highlights,guide,analysis","educational,news,product_review,analysis"
27702,"Feb 27, 2024, 11:07:19 PM PST",Technology,"educational,informative,trending,entertaining,controversial,viral","edited,animated","analysis,guide,showcase,tutorial,highlights,review","educational,analysis,skill_development,news"
27703,"Feb 27, 2024, 10:54:35 PM PST",Tutorial,"educational,informative,trending,entertaining,viral","studio_quality,edited,high_production","tutorial,showcase,guide,highlights,stream_highlights",educational
27704,"Feb 27, 2024, 5:18:48 PM PST",Entertainment,"trending,entertaining,informative,mature,viral,educational,family_friendly,controversial","professional,animated,edited","showcase,guide,reaction,compilation,highlights,commentary,analysis,review","storytelling,educational,entertainment,analysis,skill_development"
27705,"Feb 27, 2024, 5:15:54 PM PST",Podcast,"viral,trending,mature,controversial,entertaining,family_friendly,informative,educational","edited,studio_quality,professional,high_production","reaction,compilation,review,guide,commentary,podcast,stream_highlights,walkthrough,interview,analysis","social_commentary,product_review,skill_development,personal_vlog,educational,promotional,news,analysis"
27706,"Feb 27, 2024, 5:13:03 PM PST",Comedy,"trending,entertaining,informative,viral,mature,controversial,family_friendly,educational","professional,animated,high_production","compilation,reaction,showcase,guide,highlights,commentary","storytelling,entertainment,educational,promotional"
27707,"Feb 27, 2024, 5:10:13 PM PST",Comedy,"trending,entertaining,informative,viral,mature,controversial,educational,family_friendly","professional,animated","compilation,reaction,showcase,guide,highlights,commentary,documentary,analysis","storytelling,entertainment,educational,promotional,analysis"
27708,"Feb 27, 2024, 5:07:13 PM PST",Entertainment,"trending,viral,entertaining,informative",edited,"compilation,showcase,reaction,guide","storytelling,entertainment"
27709,"Feb 27, 2024, 5:03:14 PM PST",Comedy,"entertaining,trending,informative,viral,family_friendly,educational,mature",,"reaction,commentary,guide,compilation,showcase,highlights","storytelling,entertainment,educational"
27710,"Feb 27, 2024, 4:59:21 PM PST",Comedy,"trending,informative,mature,entertaining,viral,controversial,family_friendly,educational","professional,animated,edited","reaction,guide,commentary,compilation,showcase,highlights,analysis,documentary","storytelling,educational,entertainment,analysis,promotional"
27711,"Feb 27, 2024, 4:56:06 PM PST",Comedy,"trending,entertaining,viral,informative,family_friendly,mature,controversial,educational",animated,"reaction,compilation,commentary,guide,showcase,highlights,documentary","storytelling,entertainment,educational,promotional"
27712,"Feb 27, 2024, 4:52:02 PM PST",Entertainment,"trending,entertaining,mature,informative,viral,controversial,educational,family_friendly","professional,edited,animated","reaction,guide,showcase,highlights,compilation,commentary,analysis,review","storytelling,entertainment,educational,skill_development,analysis,promotional"
27713,"Feb 27, 2024, 4:49:24 PM PST",Tutorial,"trending,mature,informative,viral,controversial,entertaining","edited,professional,high_production","reaction,guide,highlights,compilation,commentary,showcase,review",skill_development
27714,"Feb 27, 2024, 4:49:15 PM PST",Music,"entertaining,trending,viral,informative,family_friendly,mature,educational,controversial","animated,professional,edited","compilation,reaction,commentary,guide,showcase,podcast,highlights,analysis,tutorial,review","storytelling,entertainment,promotional,educational,analysis,skill_development,news"
27715,"Feb 27, 2024, 4:49:13 PM PST",Entertainment,"trending,entertaining,informative,viral,mature,family_friendly,educational,controversial","animated,professional,high_production,edited","reaction,compilation,guide,showcase,commentary,highlights,analysis,review,tutorial","storytelling,educational,entertainment,analysis,promotional,social_commentary,skill_development"
27716,"Feb 27, 2024, 4:49:11 PM PST",Entertainment,"controversial,trending,family_friendly,viral,informative,entertaining,mature,educational","animated,professional,edited,high_production,studio_quality","reaction,guide,commentary,compilation,analysis,podcast,highlights,review,tutorial,showcase,walkthrough,interview,stream_highlights","storytelling,analysis,social_commentary,skill_development,promotional,entertainment,news,educational,personal_vlog"
27717,"Feb 27, 2024, 4:26:23 PM PST",Comedy,"entertaining,trending,viral,family_friendly,informative,mature,educational,controversial","animated,high_production","reaction,commentary,compilation,guide,showcase,podcast,highlights,tutorial,analysis,review,documentary","storytelling,entertainment,promotional,analysis,educational,social_commentary,skill_development"
27718,"Feb 27, 2024, 4:22:52 PM PST",Comedy,"trending,entertaining,informative,viral,mature,family_friendly,controversial,educational","animated,edited","reaction,commentary,guide,compilation,highlights,showcase,analysis,documentary","storytelling,entertainment,educational,analysis,skill_development"
27719,"Feb 27, 2024, 4:18:26 PM PST",Music,"trending,informative,entertaining,mature,viral,educational,controversial","edited,professional,high_production,animated","guide,reaction,showcase,highlights,compilation,commentary,review,analysis,interview","storytelling,educational,skill_development,entertainment,analysis"
27720,"Feb 27, 2024, 4:15:06 PM PST",Comedy,"trending,viral,entertaining,informative,mature,family_friendly,controversial,educational","professional,edited,animated","reaction,guide,highlights,showcase,commentary,compilation,tutorial,documentary","storytelling,entertainment,promotional,educational,news,social_commentary,skill_development"
27721,"Feb 27, 2024, 4:09:01 PM PST",Entertainment,"trending,entertaining,informative,mature,viral,controversial,family_friendly,educational","animated,edited,professional","reaction,guide,commentary,compilation,showcase,highlights,analysis","storytelling,entertainment,educational,promotional,analysis"
27722,"Feb 27, 2024, 4:09:01 PM PST",Comedy,"trending,controversial,viral,entertaining,informative","edited,animated,high_production","reaction,commentary,highlights,compilation,guide,showcase",storytelling
27723,"Feb 27, 2024, 3:52:38 PM PST",Music,"trending,entertaining,informative,mature,educational,viral,controversial,family_friendly","professional,high_production,studio_quality","podcast,showcase,reaction,highlights,guide,review,analysis,compilation,tutorial","entertainment,storytelling,educational,skill_development,analysis,news,promotional"
27724,"Feb 27, 2024, 3:49:27 PM PST",Music,"trending,entertaining,viral,informative,mature,controversial","professional,animated,high_production,studio_quality","showcase,highlights,reaction","entertainment,storytelling,promotional"
27725,"Feb 27, 2024, 3:46:51 PM PST",Music,"trending,viral,entertaining,informative,mature,family_friendly","professional,high_production,studio_quality","showcase,highlights,reaction,guide,compilation","entertainment,storytelling,skill_development,promotional"
27726,"Feb 27, 2024, 2:45:12 PM PST",Music,"trending,viral,entertaining,informative,mature,controversial,educational,family_friendly","animated,edited,professional","reaction,compilation,guide,highlights,showcase,commentary,podcast","storytelling,promotional,entertainment,skill_development,educational"
27727,"Feb 27, 2024, 2:42:17 PM PST",Music,"entertaining,informative,trending,viral,educational,controversial,family_friendly",animated,"showcase,reaction,compilation,guide,highlights,commentary","storytelling,entertainment,educational"
27728,"Feb 27, 2024, 2:37:38 PM PST",Comedy,"trending,entertaining,informative,family_friendly,viral,mature,controversial,educational","professional,animated","compilation,reaction,commentary,showcase,guide,highlights,podcast,documentary,analysis,review","storytelling,promotional,entertainment,educational,analysis"
27729,"Feb 27, 2024, 2:09:28 PM PST",Music,"trending,entertaining,informative,viral,mature,family_friendly,controversial,educational","animated,professional,edited","commentary,reaction,guide,showcase,highlights,compilation","storytelling,entertainment,educational"
27730,"Feb 27, 2024, 2:05:38 PM PST",Comedy,"entertaining,trending,informative,viral,mature,educational,controversial",animated,"reaction,compilation,guide,showcase,commentary,highlights","storytelling,entertainment,educational"
27731,"Feb 27, 2024, 2:01:39 PM PST",Entertainment,"trending,entertaining,informative,viral,mature,educational,controversial,family_friendly","professional,edited,animated","showcase,guide,reaction,interview,highlights,compilation,commentary,stream_highlights,analysis,podcast,review,documentary","storytelling,skill_development,educational,entertainment,analysis,news"
27732,"Feb 27, 2024, 1:57:30 PM PST",Entertainment,"trending,informative,controversial,viral,mature,entertaining,educational","animated,edited,professional","guide,reaction,commentary,compilation,showcase,highlights,analysis,review,tutorial,podcast","analysis,storytelling,educational,skill_development"
27733,"Feb 27, 2024, 1:52:33 PM PST",Entertainment,"entertaining,trending,viral,informative,family_friendly","animated,edited,high_production","compilation,reaction,showcase,highlights","entertainment,storytelling"
27734,"Feb 27, 2024, 1:52:31 PM PST",Entertainment,"trending,viral,entertaining,informative,mature,controversial,family_friendly,educational","animated,edited,professional","reaction,commentary,guide,compilation,highlights,showcase,analysis,review,documentary","storytelling,entertainment,skill_development,analysis,educational,news,social_commentary"
27735,"Feb 27, 2024, 1:52:29 PM PST",Music,"trending,entertaining,informative,family_friendly,viral,mature,educational",professional,"showcase,highlights,guide,compilation,reaction","promotional,storytelling,entertainment,educational"
27736,"Feb 27, 2024, 1:52:27 PM PST",Sports,"trending,entertaining,mature,informative,viral,family_friendly,educational,controversial","professional,animated,edited","reaction,commentary,compilation,showcase,highlights,guide,analysis","educational,entertainment,social_commentary,promotional,storytelling,analysis,skill_development"
27737,"Feb 27, 2024, 1:51:53 PM PST",Comedy,"entertaining,trending,viral,informative,family_friendly,educational,mature,controversial",edited,"compilation,showcase,reaction,guide,highlights,analysis,commentary,documentary,podcast,review,tutorial","storytelling,entertainment,analysis,educational,promotional"
27738,"Feb 27, 2024, 1:49:01 PM PST",Entertainment,"trending,entertaining,informative,viral,mature,controversial,family_friendly,educational","animated,professional","reaction,guide,compilation,showcase,commentary,highlights,analysis,review,tutorial","storytelling,entertainment,educational,promotional,analysis"
27739,"Feb 27, 2024, 1:45:47 PM PST",Music,"trending,mature,entertaining,informative,viral,controversial,educational","professional,edited,animated","reaction,guide,highlights,showcase,compilation,commentary","storytelling,educational,entertainment,promotional,skill_development"
27740,"Feb 27, 2024, 12:54:01 PM PST",Entertainment,"trending,mature,entertaining,informative,viral,controversial,educational","professional,high_production,animated,edited","guide,reaction,showcase,commentary,highlights,compilation,analysis,review","storytelling,skill_development,analysis,educational,entertainment"
27741,"Feb 27, 2024, 12:50:29 PM PST",Comedy,"entertaining,trending,viral,informative,family_friendly,mature,educational,controversial","professional,animated","showcase,reaction,compilation,highlights,guide,commentary,documentary,review,analysis","storytelling,entertainment,educational,promotional,analysis"
27742,"Feb 27, 2024, 12:49:26 PM PST",Entertainment,"trending,entertaining,informative,viral,mature,family_friendly,controversial,educational","animated,professional,edited,high_production","reaction,compilation,guide,showcase,highlights,commentary,analysis","storytelling,entertainment,promotional,educational,analysis"
27743,"Feb 27, 2024, 12:45:36 PM PST",Entertainment,"controversial,entertaining,trending,viral","amateur,animated,edited","reaction,commentary,compilation,highlights,guide","entertainment,social_commentary"
27744,"Feb 27, 2024, 12:42:09 PM PST",Entertainment,"trending,mature,entertaining,informative,viral,controversial,family_friendly,educational","professional,high_production,edited","guide,reaction,showcase,highlights,commentary,compilation,analysis","storytelling,entertainment,educational,analysis,promotional"
27745,"Feb 27, 2024, 12:38:25 PM PST",Music,"trending,mature,entertaining,informative,viral,family_friendly,controversial,educational","professional,high_production,edited","reaction,guide,highlights,commentary,showcase,compilation","storytelling,educational,entertainment,skill_development"
27746,"Feb 27, 2024, 12:34:02 PM PST",Comedy,"trending,entertaining,informative,controversial,viral,mature,family_friendly,educational","professional,animated","reaction,showcase,guide,compilation,commentary,highlights,analysis,review","storytelling,promotional,entertainment,analysis,educational"
27747,"Feb 27, 2024, 12:30:59 PM PST",Comedy,"trending,informative,entertaining,viral,educational,family_friendly,mature,controversial","animated,high_production,professional","reaction,compilation,commentary,showcase,guide,highlights,analysis,review,tutorial","storytelling,promotional,educational,entertainment,analysis,skill_development"
27748,"Feb 27, 2024, 12:30:52 PM PST",Comedy,"entertaining,trending,viral,controversial,informative",animated,"reaction,compilation,commentary,showcase,podcast,highlights","storytelling,entertainment"
27749,"Feb 27, 2024, 12:30:50 PM PST",Technology,"trending,viral,informative,controversial,entertaining","animated,edited","reaction,commentary,highlights,compilation,guide","storytelling,news"
27750,"Feb 27, 2024, 12:30:48 PM PST",Entertainment,"trending,entertaining,informative,viral,controversial,mature,educational","animated,professional,high_production,edited","compilation,showcase,reaction,guide,highlights,analysis,documentary,commentary,review,podcast","storytelling,entertainment,analysis,educational,promotional"
27751,"Feb 27, 2024, 12:30:47 PM PST",Entertainment,"trending,entertaining,informative,viral,mature,controversial,educational","professional,animated,edited,high_production","reaction,showcase,guide,compilation,highlights,commentary,analysis,interview,review,documentary","skill_development,news,storytelling,analysis,entertainment,educational"
27752,"Feb 27, 2024, 12:30:45 PM PST",Entertainment,"entertaining,viral,trending,informative,controversial,educational",edited,"reaction,commentary,compilation,guide,showcase","storytelling,entertainment,educational"
27753,"Feb 27, 2024, 12:30:45 PM PST",Reviews,"mature,family_friendly,trending,entertaining","professional,edited,studio_quality,high_production,amateur,animated","reaction,commentary,compilation,guide,stream_highlights,podcast,review,interview,showcase,highlights,analysis","social_commentary,storytelling,personal_vlog,product_review,analysis,promotional"
27754,"Feb 27, 2024, 12:30:29 PM PST",Entertainment,"trending,informative,mature,entertaining,viral,controversial,family_friendly","edited,high_production,professional","reaction,showcase,guide,highlights,compilation,commentary",
27755,"Feb 27, 2024, 10:22:28 AM PST",Music,"trending,entertaining,viral,informative,controversial",high_production,"reaction,showcase,highlights,commentary,guide,compilation","entertainment,promotional,news"
27756,"Feb 27, 2024, 10:19:17 AM PST",Music,"trending,informative,viral,entertaining,controversial",high_production,"compilation,showcase,podcast,highlights,guide,reaction","entertainment,promotional,storytelling"
27757,"Feb 27, 2024, 10:14:10 AM PST",Comedy,"entertaining,trending,viral",,"commentary,showcase,highlights,compilation","storytelling,entertainment"
27758,"Feb 27, 2024, 10:08:02 AM PST",Music,"trending,viral,entertaining,informative,mature,family_friendly,controversial","professional,high_production,animated","showcase,compilation,guide,highlights,reaction","entertainment,storytelling,promotional,news"
27759,"Feb 27, 2024, 10:03:57 AM PST",Music,"trending,entertaining,viral,informative,mature,educational,controversial","professional,animated,high_production,studio_quality","reaction,showcase,review,analysis,highlights,guide,compilation","entertainment,storytelling,educational,analysis,skill_development"
27760,"Feb 27, 2024, 6:10:06 AM PST",Music,"trending,entertaining,informative,viral,mature,family_friendly,educational,controversial","animated,professional,high_production","guide,showcase,reaction,commentary,compilation,highlights,analysis,review","storytelling,entertainment,educational,promotional,analysis,skill_development"
27761,"Feb 27, 2024, 6:06:02 AM PST",Music,"trending,entertaining,informative,viral,mature,family_friendly,educational,controversial","professional,animated,high_production","guide,showcase,reaction,commentary,highlights,compilation,analysis,review,tutorial","storytelling,analysis,educational,skill_development,entertainment,promotional"
27762,"Feb 27, 2024, 5:59:06 AM PST",Music,"informative,trending,mature,viral,educational,entertaining,family_friendly",,"showcase,highlights,guide",educational
27763,"Feb 27, 2024, 12:51:45 AM PST",Music,"trending,entertaining,viral,informative,controversial,family_friendly","professional,high_production,animated","showcase,highlights,reaction,guide","entertainment,promotional"
27764,"Feb 26, 2024, 11:09:45 PM PST",Reviews,"family_friendly,trending,viral",,"highlights,reaction,showcase",
27765,"Feb 26, 2024, 11:09:43 PM PST",Shorts,"trending,viral,family_friendly,entertaining,controversial,informative,clickbait","edited,amateur",showcase,"promotional,entertainment"
27766,"Feb 26, 2024, 11:09:42 PM PST",Comedy,"entertaining,trending,viral,informative,family_friendly,educational","animated,professional,edited","showcase,highlights,reaction,stream_highlights,guide,commentary","entertainment,news,educational,social_commentary,promotional"
27767,"Feb 26, 2024, 11:09:01 PM PST",Shorts,"trending,viral,informative,entertaining,family_friendly,educational",edited,"compilation,showcase,guide,highlights,review","storytelling,entertainment,educational"
27768,"Feb 26, 2024, 11:08:24 PM PST",Tutorial,"informative,viral,entertaining,trending,educational,family_friendly","live_recording,professional","showcase,tutorial,guide,documentary,compilation,stream_highlights","educational,social_commentary,entertainment,skill_development,storytelling,promotional"
27769,"Feb 26, 2024, 11:07:58 PM PST",Vlogs,"trending,viral,entertaining,family_friendly,informative,educational",animated,"showcase,highlights,tutorial,guide","educational,entertainment"
27770,"Feb 26, 2024, 11:07:26 PM PST",Technology,"trending,entertaining,controversial,viral,informative,educational,clickbait","animated,edited","commentary,reaction,analysis,highlights,showcase,guide,review","analysis,storytelling,educational,entertainment"
27771,"Feb 26, 2024, 11:03:57 PM PST",Podcast,"informative,entertaining,trending,viral,educational,family_friendly",professional,"showcase,guide,podcast,review,highlights,compilation,stream_highlights","educational,product_review"
27772,"Feb 26, 2024, 11:01:31 PM PST",Tutorial,"entertaining,trending,informative,viral,family_friendly,controversial,educational",,"showcase,guide,highlights,compilation,reaction,review,commentary,stream_highlights","educational,entertainment"
27773,"Feb 26, 2024, 11:01:19 PM PST",Tutorial,"family_friendly,informative,entertaining,trending,viral,educational",,"showcase,guide,highlights",educational
27774,"Feb 26, 2024, 11:00:43 PM PST",Shorts,"trending,family_friendly,viral,clickbait,entertaining,informative,controversial","amateur,edited","compilation,reaction,commentary,guide,showcase","promotional,social_commentary,entertainment"
27775,"Feb 26, 2024, 11:00:38 PM PST",Music,"trending,entertaining,informative,mature,educational,viral","professional,studio_quality,high_production","podcast,showcase,highlights,guide,compilation,interview","storytelling,entertainment,promotional,educational"
27776,"Feb 26, 2024, 10:57:29 PM PST",Music,"trending,viral,entertaining,informative,controversial,educational,mature","professional,edited,animated","compilation,podcast,reaction,showcase,guide,commentary,analysis,highlights,review","storytelling,entertainment,news,promotional,educational,analysis,social_commentary"
27777,"Feb 26, 2024, 10:56:51 PM PST",Technology,"trending,controversial,informative,viral,entertaining","professional,high_production,edited,animated","reaction,showcase,highlights,commentary,guide,compilation,review,analysis","news,promotional,analysis"
27778,"Feb 26, 2024, 10:54:09 PM PST",Reviews,"informative,trending,entertaining,viral,family_friendly,mature",,"showcase,guide",
27779,"Feb 26, 2024, 10:54:07 PM PST",Shorts,"trending,viral,informative,entertaining,family_friendly,educational","animated,edited","compilation,showcase,stream_highlights,highlights,guide,tutorial,reaction,review","entertainment,educational,promotional,news,storytelling,social_commentary,skill_development"
27780,"Feb 26, 2024, 10:52:51 PM PST",Reviews,"trending,entertaining,informative,viral,family_friendly,mature","professional,high_production","showcase,review,highlights,guide",
27781,"Feb 26, 2024, 10:51:56 PM PST",Shorts,"trending,viral,family_friendly,entertaining,informative,clickbait,educational",edited,"reaction,showcase,compilation,guide,commentary","news,promotional,storytelling,educational,entertainment"
27782,"Feb 26, 2024, 10:51:02 PM PST",Entertainment,"viral,trending,family_friendly,entertaining,informative","studio_quality,animated","showcase,compilation,guide,highlights",entertainment
27783,"Feb 26, 2024, 3:59:29 PM PST",Music,"educational,trending,entertaining,informative,viral","high_production,edited","compilation,guide,showcase,highlights,review,stream_highlights","educational,entertainment,promotional"
27784,"Feb 26, 2024, 3:33:07 PM PST",Music,"trending,viral,entertaining,informative,mature,family_friendly","professional,high_production,studio_quality","showcase,highlights,reaction,guide,compilation","entertainment,storytelling,skill_development,promotional"
27785,"Feb 26, 2024, 3:30:01 PM PST",Music,"trending,viral,entertaining,informative,mature,family_friendly,controversial","professional,high_production,animated","showcase,compilation,guide,highlights,reaction","entertainment,storytelling,promotional,news"
27786,"Feb 26, 2024, 3:14:06 PM PST",Music,"trending,entertaining,informative,mature,educational,viral,controversial,family_friendly","professional,high_production,studio_quality","podcast,showcase,reaction,highlights,guide,review,analysis,compilation,tutorial","entertainment,storytelling,educational,skill_development,analysis,news,promotional"
27787,"Feb 26, 2024, 3:10:55 PM PST",Music,"trending,entertaining,viral,informative,mature,controversial","professional,animated,high_production,studio_quality","showcase,highlights,reaction","entertainment,storytelling,promotional"
27788,"Feb 26, 2024, 2:51:06 PM PST",Music,"trending,viral,entertaining,controversial,informative","high_production,animated,edited","reaction,compilation,showcase,highlights,guide","entertainment,news,promotional"
27789,"Feb 26, 2024, 2:47:26 PM PST",Comedy,"entertaining,viral,trending,informative,controversial,educational,mature,family_friendly","high_production,professional,animated,studio_quality","showcase,documentary,highlights,reaction,stream_highlights,guide,analysis,commentary,review,interview","entertainment,storytelling,promotional,educational,analysis"
27790,"Feb 26, 2024, 2:43:16 PM PST",Entertainment,"entertaining,trending,viral,informative,family_friendly,controversial,educational,mature","high_production,edited,professional","showcase,reaction,highlights,guide,commentary,compilation,interview","entertainment,storytelling,promotional,educational"
27791,"Feb 26, 2024, 2:23:42 PM PST",Music,"entertaining,trending,informative,viral","high_production,edited","showcase,highlights,stream_highlights","storytelling,entertainment"
27792,"Feb 26, 2024, 2:23:40 PM PST",Comedy,"trending,mature,entertaining,informative,viral,controversial,family_friendly,educational","professional,edited,high_production,animated,studio_quality","reaction,showcase,guide,highlights,compilation,commentary,analysis,review","entertainment,storytelling,educational,skill_development,analysis,promotional"
27793,"Feb 26, 2024, 2:23:39 PM PST",Music,"informative,trending,entertaining,educational,viral,family_friendly","high_production,professional,studio_quality","guide,showcase,reaction","skill_development,educational"
27794,"Feb 26, 2024, 2:22:32 PM PST",Vlogs,"viral,controversial,trending,entertaining,informative",edited,"highlights,commentary,reaction",
27795,"Feb 26, 2024, 2:22:03 PM PST",Music,"trending,entertaining,viral,informative,educational,family_friendly","animated,high_production,edited,professional","compilation,showcase,reaction,review,highlights,commentary,guide,podcast,stream_highlights,analysis,walkthrough","entertainment,storytelling,promotional,educational,analysis"
27796,"Feb 26, 2024, 2:18:35 PM PST",Comedy,"trending,informative,entertaining,viral,mature,family_friendly,educational","professional,edited","compilation,guide,reaction,commentary,showcase,highlights,analysis,interview","storytelling,educational,entertainment,analysis,skill_development,promotional"
27797,"Feb 26, 2024, 2:16:02 PM PST",Comedy,"trending,controversial,viral,entertaining,informative","edited,animated,high_production","reaction,commentary,highlights,compilation,guide,showcase",storytelling
27798,"Feb 26, 2024, 1:22:15 PM PST",Music,"trending,entertaining,viral,informative,controversial,mature,family_friendly","professional,animated,high_production","reaction,showcase,highlights,guide,compilation","entertainment,storytelling"
27799,"Feb 26, 2024, 1:18:05 PM PST",Music,"entertaining,trending,viral,informative,mature,family_friendly,controversial","animated,edited,professional","compilation,showcase,highlights,podcast,reaction,guide,review","entertainment,storytelling,skill_development"
27800,"Feb 26, 2024, 1:15:31 PM PST",Music,"controversial,trending,viral,entertaining","high_production,studio_quality,animated","showcase,documentary,reaction,stream_highlights,highlights,commentary","promotional,entertainment"
27801,"Feb 26, 2024, 1:11:52 PM PST",Technology,"trending,informative,viral,entertaining,mature","studio_quality,edited,animated","guide,compilation",promotional
27802,"Feb 26, 2024, 1:05:36 PM PST",Entertainment,"entertaining,trending,controversial,viral,informative","edited,high_production","showcase,highlights,guide",entertainment
27803,"Feb 26, 2024, 12:52:37 PM PST",Music,"trending,entertaining,viral,informative,mature,family_friendly,educational","professional,high_production,studio_quality","showcase,highlights,reaction,guide,compilation,stream_highlights","entertainment,storytelling,skill_development,educational"
27804,"Feb 26, 2024, 12:51:34 PM PST",Entertainment,"controversial,entertaining,trending,viral","amateur,animated,edited","reaction,commentary,compilation,highlights,guide","entertainment,social_commentary"
27805,"Feb 26, 2024, 12:48:04 PM PST",Entertainment,"trending,entertaining,viral,informative,mature,family_friendly,controversial,educational","animated,amateur,edited,professional","reaction,commentary,compilation,guide,highlights,showcase,tutorial","storytelling,entertainment,promotional,educational,skill_development,social_commentary"
27806,"Feb 26, 2024, 12:48:02 PM PST",Music,"trending,entertaining,viral,informative,family_friendly,controversial,mature,educational","animated,professional,raw_footage,high_production,live_recording,edited","compilation,podcast,showcase,reaction,commentary,guide,highlights,review,walkthrough","entertainment,promotional,storytelling,educational"
27807,"Feb 26, 2024, 12:43:38 PM PST",Entertainment,"entertaining,trending,informative,mature,viral,family_friendly",,"compilation,reaction,showcase,guide,commentary,highlights","storytelling,entertainment"
27808,"Feb 26, 2024, 12:39:21 PM PST",Entertainment,"trending,entertaining,informative,viral,mature,controversial,family_friendly,educational","professional,animated,edited,high_production","reaction,showcase,guide,highlights,commentary,compilation,interview,review,analysis","entertainment,storytelling,skill_development,analysis,educational,news,promotional"
27809,"Feb 26, 2024, 12:35:17 PM PST",Entertainment,"trending,mature,entertaining,viral,informative,controversial,educational,family_friendly","professional,animated,high_production,edited","reaction,guide,highlights,showcase,compilation,commentary,analysis,documentary","storytelling,educational,entertainment,skill_development,analysis,promotional"
27810,"Feb 26, 2024, 12:31:52 PM PST",Entertainment,"trending,entertaining,informative,mature,viral,family_friendly,controversial,educational","professional,high_production,animated","showcase,compilation,reaction,guide,highlights,commentary,analysis,review","storytelling,entertainment,promotional,educational,analysis"
27811,"Feb 26, 2024, 12:31:46 PM PST",Music,"entertaining,trending,informative,viral,controversial,educational,family_friendly","edited,animated,professional,high_production","compilation,showcase,highlights,reaction,commentary,guide","entertainment,storytelling,skill_development,educational"
27812,"Feb 26, 2024, 12:23:05 PM PST",Entertainment,"trending,viral,entertaining,informative",edited,"compilation,showcase,reaction,guide","storytelling,entertainment"
27813,"Feb 26, 2024, 11:35:24 AM PST",Music,"trending,entertaining,viral,informative,mature,educational,controversial","professional,animated,high_production,studio_quality","reaction,showcase,review,analysis,highlights,guide,compilation","entertainment,storytelling,educational,analysis,skill_development"
27814,"Feb 26, 2024, 11:34:57 AM PST",Comedy,"trending,viral,controversial,entertaining,informative,mature,family_friendly","edited,animated,professional","reaction,commentary,compilation,guide,showcase,highlights,analysis,review,interview","storytelling,social_commentary,promotional,news,skill_development,analysis,entertainment"
27815,"Feb 26, 2024, 11:24:53 AM PST",Music,"trending,entertaining,viral,mature,informative","professional,high_production","showcase,highlights,compilation","entertainment,news,promotional"
27816,"Feb 26, 2024, 11:24:27 AM PST",Vlogs,"controversial,trending,viral,entertaining",animated,"commentary,reaction","news,social_commentary"
27817,"Feb 26, 2024, 11:22:52 AM PST",Comedy,"entertaining,informative,trending,viral,controversial,educational",animated,"reaction,commentary,guide,compilation,showcase,highlights","storytelling,entertainment,educational"
27818,"Feb 26, 2024, 11:22:33 AM PST",Technology,"informative,entertaining,trending,educational,viral,mature,controversial",professional,"documentary,showcase,podcast,highlights","storytelling,educational,entertainment"
27819,"Feb 26, 2024, 11:21:45 AM PST",Podcast,"mature,informative,trending,controversial,family_friendly,educational,entertaining,viral","professional,high_production,edited","guide,analysis,compilation,showcase,highlights,commentary,stream_highlights,podcast,review","analysis,educational,social_commentary,personal_vlog"
27820,"Feb 26, 2024, 11:21:15 AM PST",Shorts,"viral,trending,entertaining,informative,educational,controversial",animated,"reaction,review,commentary,analysis,showcase,podcast","entertainment,social_commentary,storytelling,analysis,educational,promotional"
27821,"Feb 26, 2024, 11:08:46 AM PST",Comedy,"entertaining,informative,trending,viral,family_friendly,educational,mature",animated,"reaction,compilation,guide,showcase,highlights,commentary","storytelling,entertainment,educational"
27822,"Feb 26, 2024, 11:04:39 AM PST",Comedy,"entertaining,informative,trending,educational,viral",animated,"compilation,reaction,guide,showcase,commentary,highlights","storytelling,entertainment,educational"
27823,"Feb 26, 2024, 11:02:50 AM PST",Music,"trending,viral,entertaining,informative,controversial,educational","animated,professional,high_production,edited","compilation,showcase,podcast,reaction,highlights,commentary,guide,analysis","entertainment,storytelling,news,promotional,analysis,educational,skill_development"
27824,"Feb 26, 2024, 11:02:03 AM PST",Entertainment,"trending,entertaining,viral,informative,mature,family_friendly,educational,controversial","animated,professional,high_production,edited","reaction,highlights,guide,commentary,showcase,compilation,analysis,review,interview,tutorial","promotional,entertainment,skill_development,educational,storytelling,news,social_commentary,analysis"
27825,"Feb 26, 2024, 10:58:49 AM PST",Comedy,"entertaining,informative,trending,mature,educational,family_friendly,viral",,"compilation,showcase,reaction,guide,commentary,highlights,analysis","storytelling,entertainment,educational,analysis"
27826,"Feb 26, 2024, 10:55:31 AM PST",Music,"entertaining,trending,informative,viral,family_friendly,mature,educational,controversial","animated,professional","compilation,showcase,guide,reaction,highlights,commentary,podcast,review,analysis","storytelling,entertainment,promotional,educational,analysis"
27827,"Feb 26, 2024, 10:51:23 AM PST",Comedy,"trending,entertaining,viral,informative,controversial,mature,educational,family_friendly","professional,animated,edited,high_production","reaction,guide,highlights,compilation,commentary,showcase,analysis,review,documentary,tutorial","storytelling,educational,skill_development,entertainment,promotional,analysis,news"
27828,"Feb 26, 2024, 10:16:22 AM PST",Comedy,"entertaining,viral,informative,trending,controversial,educational","edited,animated,raw_footage,high_production,studio_quality,live_recording","reaction,commentary,highlights,showcase,compilation,guide,stream_highlights,analysis","entertainment,social_commentary,storytelling,news,analysis,personal_vlog,skill_development,educational"
27829,"Feb 26, 2024, 10:16:20 AM PST",News,"trending,entertaining,viral,controversial,informative","high_production,animated,live_recording,studio_quality,edited,raw_footage","reaction,commentary,compilation,guide,highlights,podcast,showcase,stream_highlights,review,walkthrough,tutorial,analysis,interview","news,entertainment,storytelling,social_commentary,personal_vlog,product_review,skill_development,analysis,promotional"
27830,"Feb 26, 2024, 10:15:39 AM PST",Technology,"informative,trending,mature,viral","professional,edited","showcase,guide,highlights,stream_highlights",
27831,"Feb 26, 2024, 10:14:59 AM PST",Comedy,"entertaining,family_friendly,viral,trending,controversial","animated,edited,raw_footage,high_production","commentary,compilation,reaction,highlights,podcast,showcase,stream_highlights,guide","entertainment,storytelling,social_commentary"
27832,"Feb 26, 2024, 10:14:28 AM PST",Shorts,"trending,informative,viral,entertaining",professional,"showcase,highlights,commentary,guide,stream_highlights","promotional,news,storytelling"
27833,"Feb 26, 2024, 10:14:16 AM PST",Technology,"trending,viral,controversial,mature,informative","professional,edited","reaction,commentary",
27834,"Feb 26, 2024, 10:13:39 AM PST",Shorts,"trending,viral,entertaining,controversial,clickbait",edited,"reaction,showcase,compilation,commentary,guide","news,social_commentary,entertainment,storytelling"
27835,"Feb 26, 2024, 10:12:43 AM PST",Podcast,"entertaining,trending,informative,viral,controversial",edited,"podcast,reaction,showcase,review,compilation,highlights,guide,commentary",entertainment
27836,"Feb 26, 2024, 10:12:23 AM PST",Shorts,"trending,controversial,viral,entertaining,educational,informative,clickbait","professional,animated,edited,amateur","showcase,reaction,commentary","news,promotional,storytelling,entertainment,educational"
27837,TikTok's CEO was asked if the app accesses Wi-Fi at a US congressional hearing on Mar 23.,Technology,"trending,informative,controversial,entertaining,viral,educational","professional,edited,live_recording,studio_quality,high_production,raw_footage","interview,highlights,reaction,review,guide,stream_highlights,analysis,showcase,commentary,compilation","news,analysis,product_review,educational"
27838,"Feb 26, 2024, 10:12:13 AM PST",Entertainment,"entertaining,trending,viral,informative,controversial,educational",edited,"commentary,guide,showcase,compilation,reaction","entertainment,storytelling,promotional,educational"
27839,"Feb 26, 2024, 10:11:40 AM PST",Shorts,"viral,trending,entertaining,informative,controversial","animated,edited","reaction,showcase,highlights","news,promotional,entertainment,storytelling"
27840,"Feb 26, 2024, 10:10:54 AM PST",News,"controversial,trending,viral,informative,entertaining","live_recording,animated,raw_footage,edited,high_production,studio_quality","reaction,highlights,commentary,showcase,stream_highlights,analysis,guide,compilation,review","news,analysis"
27841,"Feb 26, 2024, 10:09:48 AM PST",Gaming,"informative,trending,viral,educational,entertaining,controversial",edited,"commentary,guide,analysis","educational,news,promotional,entertainment,analysis"
27842,"Feb 26, 2024, 10:09:46 AM PST",Tutorial,"trending,informative,viral,controversial,educational,entertaining",animated,"guide,tutorial,reaction,showcase,highlights","educational,news"
27843,"Feb 26, 2024, 10:09:11 AM PST",Technology,"controversial,entertaining,trending,viral,educational,informative","animated,high_production,edited","reaction,commentary,analysis,compilation,highlights,showcase","news,analysis,educational,social_commentary,entertainment"
27844,"Feb 26, 2024, 10:09:08 AM PST",Reviews,"controversial,trending,informative,entertaining,viral,mature","professional,studio_quality,edited,high_production","commentary,guide,highlights,stream_highlights,review,analysis,showcase,reaction","social_commentary,skill_development,product_review,analysis"
27845,"Feb 26, 2024, 10:08:55 AM PST",Technology,"trending,viral,informative,entertaining","professional,animated","compilation,reaction,showcase,highlights","promotional,news,entertainment"
27846,"Feb 26, 2024, 10:08:35 AM PST",Shorts,"trending,viral,entertaining,controversial,informative,clickbait,family_friendly","animated,edited,raw_footage,amateur,professional","compilation,showcase,reaction,commentary,guide,review","entertainment,storytelling,promotional,news,social_commentary"
27847,"Feb 26, 2024, 10:06:51 AM PST",Comedy,"entertaining,family_friendly,viral,trending","high_production,edited,animated","podcast,showcase,compilation,highlights,reaction,stream_highlights,guide,commentary","entertainment,storytelling,social_commentary,personal_vlog"
27848,"Feb 26, 2024, 10:06:30 AM PST",Podcast,"trending,mature,informative,viral,educational","professional,edited,studio_quality,animated,high_production","guide,highlights,review,showcase,podcast,stream_highlights,compilation,interview,analysis","educational,analysis"
27849,"Feb 26, 2024, 10:05:55 AM PST",Gaming,"controversial,trending,viral,entertaining","animated,edited","commentary,reaction,compilation,showcase,highlights","entertainment,storytelling,promotional"
27850,"Feb 26, 2024, 10:05:21 AM PST",Shorts,"controversial,trending,viral",edited,"reaction,guide,commentary",social_commentary
27851,How Starship Will Get Us to Mars,Technology,"trending,informative,viral,entertaining,educational,mature,controversial","animated,high_production,professional,edited","showcase,guide,analysis,compilation,documentary,highlights,review,commentary,walkthrough,tutorial","storytelling,news,analysis,educational,promotional"
27852,"Feb 26, 2024, 10:04:25 AM PST",Shorts,"viral,family_friendly,trending,entertaining,informative","animated,raw_footage","reaction,highlights,stream_highlights,showcase,commentary,compilation,guide","news,entertainment,social_commentary,skill_development,storytelling"
27853,"Feb 26, 2024, 10:04:14 AM PST",Sports,"entertaining,informative,viral,educational,trending,controversial","animated,professional,edited,high_production","showcase,guide,compilation,analysis,stream_highlights","entertainment,educational,news,storytelling,analysis"
27854,"Feb 26, 2024, 10:04:00 AM PST",Technology,"trending,viral,informative,entertaining,mature,educational","professional,high_production,edited","showcase,compilation,guide,reaction,analysis,highlights","entertainment,skill_development,analysis,educational,promotional"
27855,"Feb 26, 2024, 10:03:59 AM PST",Shorts,"viral,trending,entertaining,informative",animated,"compilation,showcase,commentary","entertainment,promotional,storytelling"
27856,"Feb 26, 2024, 10:03:51 AM PST",Tutorial,"informative,trending,educational,mature,viral,entertaining","edited,professional","guide,tutorial,commentary,reaction","educational,news"
27857,"Feb 26, 2024, 10:03:07 AM PST",Tutorial,"educational,controversial,viral,trending,informative,entertaining","animated,edited,amateur,high_production","showcase,tutorial,guide,commentary,analysis,review,compilation,reaction,documentary,walkthrough,highlights","educational,storytelling,analysis,news,entertainment"
27858,"Feb 26, 2024, 10:03:01 AM PST",Entertainment,"entertaining,trending,viral,informative,controversial",animated,"commentary,showcase,highlights,reaction,compilation","entertainment,storytelling,news,promotional"
27859,"Feb 26, 2024, 10:02:47 AM PST",Tutorial,"trending,viral,informative,controversial,entertaining,educational","animated,edited","commentary,guide,analysis,reaction,compilation,showcase","news,social_commentary,analysis,promotional,educational"
27860,"Feb 26, 2024, 10:02:04 AM PST",Reviews,"informative,trending,mature,educational,controversial","high_production,studio_quality,edited,professional","guide,showcase,highlights,analysis,review,stream_highlights,compilation","promotional,educational,analysis"
27861,"Feb 26, 2024, 8:22:23 AM PST",Music,"trending,entertaining,informative,viral,mature,family_friendly,controversial,educational","professional,animated,edited","reaction,guide,showcase,commentary,highlights,compilation,documentary,tutorial","storytelling,entertainment,educational,promotional"
27862,"Feb 26, 2024, 8:18:07 AM PST",Music,"trending,entertaining,viral,informative,mature,family_friendly,controversial,educational","animated,professional,edited,high_production","reaction,compilation,guide,commentary,highlights,showcase,tutorial,analysis,review","storytelling,promotional,entertainment,educational,skill_development,social_commentary,analysis"
27863,"Feb 26, 2024, 7:18:23 AM PST",Comedy,"trending,entertaining,viral,informative,mature,family_friendly,controversial,educational","animated,professional","showcase,reaction,compilation,guide,commentary,highlights,documentary,analysis,review,tutorial","storytelling,entertainment,educational,analysis,promotional,news"
27864,"Feb 26, 2024, 7:15:01 AM PST",Music,"trending,informative,mature,entertaining,viral,educational,controversial,family_friendly","professional,high_production,animated,edited","reaction,guide,showcase,commentary,compilation,highlights,analysis,documentary,review","storytelling,educational,entertainment,skill_development,analysis,promotional,social_commentary,news"
27865,"Feb 26, 2024, 7:10:01 AM PST",Comedy,"trending,entertaining,informative,viral,family_friendly,mature,controversial,educational","animated,professional","reaction,compilation,guide,commentary,showcase,highlights,tutorial,documentary,review,analysis","storytelling,entertainment,promotional,educational,analysis"
27866,"Feb 26, 2024, 7:06:53 AM PST",Music,"trending,entertaining,informative,viral,mature,educational,family_friendly,controversial","professional,animated,high_production","showcase,guide,reaction,highlights,commentary,compilation,analysis","storytelling,educational,entertainment,promotional,skill_development,analysis"
27867,"Feb 26, 2024, 7:06:52 AM PST",Comedy,"trending,entertaining,informative,viral,educational,mature,controversial,family_friendly","professional,high_production,animated,edited","guide,showcase,reaction,compilation,highlights,commentary,analysis,review,tutorial","storytelling,educational,entertainment,analysis,skill_development,promotional"
27868,"Feb 26, 2024, 5:04:33 AM PST",Comedy,"entertaining,trending,informative,viral,mature,family_friendly,controversial,educational","animated,professional","reaction,guide,showcase,compilation,commentary,highlights,analysis,tutorial,review,documentary","storytelling,entertainment,promotional,analysis,educational"
27869,"Feb 26, 2024, 4:56:07 AM PST",Music,"informative,trending,mature,viral,educational,entertaining,family_friendly",,"showcase,highlights,guide",educational
27870,"Feb 26, 2024, 2:46:49 AM PST",Comedy,"viral,entertaining,trending,informative,educational,controversial,mature,family_friendly","high_production,professional,animated,edited","showcase,compilation,documentary,highlights,reaction,guide,analysis,tutorial,stream_highlights,review","storytelling,entertainment,educational,promotional,skill_development,analysis"
27871,"Feb 26, 2024, 2:43:21 AM PST",Music,"entertaining,viral,trending,informative,family_friendly,controversial,educational","animated,high_production,professional","compilation,showcase,reaction,highlights,guide","entertainment,promotional,storytelling,news,educational"
27872,"Feb 26, 2024, 2:39:32 AM PST",Music,"trending,entertaining,viral,informative,mature","professional,high_production,studio_quality","showcase,highlights,guide,reaction,compilation","storytelling,entertainment,promotional,skill_development"
27873,"Feb 26, 2024, 2:35:55 AM PST",Music,"trending,viral,entertaining,informative,mature","professional,high_production,studio_quality,edited,animated","showcase,highlights,guide,reaction","promotional,entertainment,news,skill_development"
27874,"Feb 26, 2024, 2:35:16 AM PST",Technology,"informative,entertaining,trending,educational,viral,mature","professional,studio_quality,high_production,edited","showcase,guide,compilation","entertainment,educational"
27875,"Feb 26, 2024, 2:34:51 AM PST",Shorts,"trending,informative,entertaining,viral,educational","professional,edited,studio_quality","showcase,analysis,guide,tutorial","analysis,educational"
27876,"Feb 26, 2024, 2:31:53 AM PST",Music,"entertaining,trending,viral,informative,controversial,educational,mature","high_production,professional","compilation,showcase,highlights,reaction,guide","entertainment,storytelling,promotional,educational"
27877,"Feb 26, 2024, 2:27:40 AM PST",Music,"trending,entertaining,informative,mature,educational,controversial",professional,"podcast,showcase,highlights,reaction,guide","entertainment,storytelling,educational"
27878,"Feb 26, 2024, 2:23:37 AM PST",Comedy,"entertaining,trending,viral",,"commentary,showcase,highlights,compilation","storytelling,entertainment"
27879,"Feb 26, 2024, 2:20:04 AM PST",Music,"trending,entertaining,viral,informative,mature,family_friendly,educational,controversial","professional,high_production,edited,animated","showcase,highlights,reaction,guide,compilation","promotional,entertainment,storytelling,educational,news"
27880,"Feb 26, 2024, 2:16:49 AM PST",Music,"trending,entertaining,viral,informative,mature,family_friendly,controversial,educational","professional,animated,high_production","reaction,showcase,highlights,guide,review,compilation","entertainment,storytelling,skill_development,educational,promotional"
27881,"Feb 26, 2024, 2:08:22 AM PST",Music,"trending,entertaining,viral,informative,mature,family_friendly,educational","professional,high_production,animated","showcase,highlights,reaction","promotional,entertainment,storytelling,educational"
27882,"Feb 26, 2024, 2:06:37 AM PST",Entertainment,"entertaining,trending,informative,viral,educational,mature,controversial","professional,animated,high_production","showcase,highlights,compilation,documentary,reaction,guide,commentary","storytelling,entertainment,educational,promotional"
27883,"Feb 26, 2024, 2:03:23 AM PST",Entertainment,"entertaining,trending,informative,viral,mature,controversial","high_production,professional","highlights,showcase,guide",entertainment
27884,"Feb 26, 2024, 1:58:45 AM PST",Podcast,"entertaining,trending,informative,viral,mature,educational,controversial","professional,high_production,animated,studio_quality,edited","podcast,showcase,compilation,highlights,documentary,guide,commentary,reaction,review,stream_highlights,interview,analysis","storytelling,entertainment,analysis,promotional,educational,skill_development,social_commentary"
27885,"Feb 26, 2024, 1:55:37 AM PST",Music,"trending,viral,informative,entertaining,controversial","high_production,professional,edited","showcase,highlights,guide,reaction,review,stream_highlights,compilation","promotional,entertainment,news"
27886,"Feb 26, 2024, 1:52:45 AM PST",Music,"trending,viral,entertaining,informative,family_friendly","professional,edited,animated","showcase,highlights,compilation,guide,reaction","promotional,entertainment,news,skill_development,storytelling"
27887,"Feb 26, 2024, 1:49:48 AM PST",Entertainment,"entertaining,controversial,viral,trending,informative,educational","high_production,professional,edited,studio_quality","compilation,commentary,documentary,showcase,reaction","promotional,storytelling,entertainment,news,educational"
27888,"Feb 26, 2024, 1:39:10 AM PST",Music,"trending,entertaining,viral,informative,mature","professional,high_production,animated","compilation,showcase,highlights,reaction,guide","promotional,entertainment,storytelling,news"
27889,"Feb 26, 2024, 1:35:44 AM PST",Music,"trending,entertaining,viral,informative,controversial,family_friendly","professional,high_production,animated","showcase,highlights,reaction,guide","entertainment,promotional"
27890,"Feb 26, 2024, 1:32:40 AM PST",Music,"trending,entertaining,viral,informative,controversial",high_production,"reaction,showcase,highlights,commentary,guide,compilation","entertainment,promotional,news"
27891,"Feb 26, 2024, 1:28:03 AM PST",Music,"entertaining,trending,informative,viral,mature,family_friendly,educational","high_production,professional,studio_quality","showcase,compilation,highlights,stream_highlights,reaction,guide","entertainment,storytelling,educational,promotional"
27892,"Feb 26, 2024, 1:02:29 AM PST",Music,"trending,informative,entertaining,educational,family_friendly,mature,viral,controversial","professional,edited","compilation,guide,showcase,review,highlights,podcast,commentary,analysis","storytelling,educational,product_review,skill_development,entertainment,analysis"
27893,"Feb 26, 2024, 12:56:20 AM PST",Podcast,"trending,informative,entertaining,mature,controversial,viral","professional,edited,high_production","commentary,highlights,showcase,guide,reaction",
27894,"Feb 26, 2024, 12:48:46 AM PST",Music,"entertaining,viral,trending,informative,controversial,mature","high_production,professional","compilation,showcase,highlights,reaction,commentary,guide","entertainment,promotional,storytelling"
27895,"Feb 26, 2024, 12:37:07 AM PST",Music,"entertaining,trending,informative,viral,mature,controversial","live_recording,high_production,professional","showcase,stream_highlights,highlights,compilation,guide","entertainment,skill_development"
27896,"Feb 26, 2024, 12:31:23 AM PST",Podcast,"entertaining,trending,informative,viral,educational,controversial,mature","edited,professional,animated","podcast,compilation,showcase,guide,highlights,commentary,documentary","storytelling,entertainment,educational,promotional"
27897,"Feb 26, 2024, 12:25:51 AM PST",Podcast,"trending,controversial,viral","edited,animated","podcast,compilation,commentary,showcase,reaction","storytelling,social_commentary"
27898,"Feb 26, 2024, 12:21:33 AM PST",Comedy,"trending,informative,entertaining,viral,educational,family_friendly,mature,controversial","animated,high_production,professional","reaction,compilation,commentary,showcase,guide,highlights,analysis,review,tutorial","storytelling,promotional,educational,entertainment,analysis,skill_development"
27899,"Feb 26, 2024, 12:15:38 AM PST",Music,"trending,entertaining,informative,viral,mature,family_friendly,educational,controversial","high_production,professional,studio_quality","compilation,showcase,highlights,guide,reaction","entertainment,promotional,storytelling,skill_development,educational"
27900,"Feb 26, 2024, 12:13:49 AM PST",Music,"trending,informative,entertaining,viral,educational","edited,professional,high_production","compilation,showcase,guide,analysis,highlights,review,stream_highlights","analysis,entertainment,promotional,educational"
27901,"Feb 26, 2024, 12:09:48 AM PST",Comedy,"trending,informative,entertaining,mature,viral,controversial,educational,family_friendly","animated,professional,high_production","reaction,compilation,review,commentary,guide,showcase,highlights,analysis,documentary,tutorial","storytelling,educational,entertainment,promotional,analysis,social_commentary"
27902,"Feb 26, 2024, 12:09:17 AM PST",Entertainment,"trending,entertaining,informative,mature,viral,controversial,family_friendly,educational","animated,edited,professional","reaction,guide,commentary,compilation,showcase,highlights,analysis","storytelling,entertainment,educational,promotional,analysis"
27903,"Feb 25, 2024, 11:33:49 PM PST",Comedy,"entertaining,trending,viral,informative,mature,family_friendly","professional,high_production,edited","commentary,showcase,highlights,compilation,guide,stream_highlights","storytelling,entertainment,promotional"
27904,"Feb 25, 2024, 11:30:39 PM PST",Music,"trending,viral,entertaining,informative,controversial,educational,mature","professional,edited,animated","compilation,podcast,reaction,showcase,guide,commentary,analysis,highlights,review","storytelling,entertainment,news,promotional,educational,analysis,social_commentary"
27905,"Feb 25, 2024, 11:26:37 PM PST",Music,"trending,entertaining,informative,mature,educational,viral,controversial,family_friendly","professional,high_production,studio_quality","podcast,showcase,reaction,highlights,guide,review,analysis,compilation,tutorial","entertainment,storytelling,educational,skill_development,analysis,news,promotional"
27906,"Feb 25, 2024, 11:23:29 PM PST",Music,"trending,entertaining,viral,informative,mature,controversial","professional,animated,high_production,studio_quality","showcase,highlights,reaction","entertainment,storytelling,promotional"
27907,"Feb 25, 2024, 11:23:16 PM PST",Tutorial,"educational,informative,trending,entertaining","edited,studio_quality","tutorial,showcase,guide,highlights,walkthrough",educational
27908,"Feb 25, 2024, 11:05:13 PM PST",Tutorial,"educational,informative,trending,entertaining","edited,studio_quality,high_production,professional","tutorial,showcase,guide,highlights",educational
27909,"Feb 25, 2024, 11:04:25 PM PST",Music,"educational,entertaining,trending,viral,informative,family_friendly","high_production,studio_quality","guide,compilation,stream_highlights,highlights,showcase","entertainment,educational"
27910,"Feb 25, 2024, 10:09:34 PM PST",Tutorial,"informative,trending,educational,viral,entertaining","professional,studio_quality,high_production,edited","guide,showcase,tutorial,highlights","educational,skill_development"
27911,"Feb 25, 2024, 10:09:29 PM PST",Shorts,"trending,viral,entertaining,informative,controversial,family_friendly",edited,"reaction,showcase,compilation,commentary,highlights",entertainment
27912,"Feb 25, 2024, 10:09:06 PM PST",News,"trending,controversial,informative,viral,educational","animated,high_production,edited","commentary,highlights,analysis,compilation,guide,reaction,review,stream_highlights","news,analysis,social_commentary,educational"
27913,"Feb 25, 2024, 10:08:16 PM PST",Technology,"entertaining,informative,trending,viral,educational,mature,family_friendly,controversial","professional,animated,high_production,edited","showcase,highlights,guide,reaction,compilation","entertainment,educational,storytelling,promotional,news"
27914,"Feb 25, 2024, 10:07:45 PM PST",Music,"trending,informative,viral,entertaining,controversial,mature","edited,professional,animated","guide,analysis,reaction,commentary,compilation,podcast,review","analysis,storytelling,entertainment"
27915,"Feb 25, 2024, 10:07:36 PM PST",Sports,"trending,viral,entertaining,informative,educational,controversial","animated,high_production,raw_footage,amateur,live_recording","reaction,showcase,highlights,stream_highlights","skill_development,entertainment,news,educational"
27916,"Feb 25, 2024, 10:07:30 PM PST",Technology,"controversial,trending,informative,entertaining,viral","edited,high_production,studio_quality,professional","showcase,reaction","news,promotional"
27917,"Feb 25, 2024, 10:07:03 PM PST",Technology,"trending,informative,mature,viral,entertaining","professional,high_production,animated,edited","showcase,guide,highlights,commentary",promotional
27918,"Feb 25, 2024, 10:06:42 PM PST",Entertainment,"entertaining,mature,informative,trending,educational,viral,family_friendly,controversial","professional,edited","guide,commentary,compilation,analysis,showcase,highlights,review","entertainment,educational,analysis,news"
27919,"Feb 25, 2024, 10:06:23 PM PST",Podcast,"controversial,trending,entertaining,viral",edited,"reaction,commentary",news
27920,"Feb 25, 2024, 10:05:35 PM PST",Technology,"trending,informative,mature,entertaining,viral","professional,studio_quality,high_production,edited","showcase,highlights,review,guide,stream_highlights","news,product_review"
27921,"Feb 25, 2024, 10:05:14 PM PST",Shorts,"trending,entertaining,viral,controversial,informative,educational","animated,professional,edited,live_recording","showcase,reaction,highlights,commentary,compilation","news,storytelling,entertainment,social_commentary,educational"
27922,‘X’ Marks the Fossil 😳,Comedy,"entertaining,trending,informative,viral,controversial,educational","animated,edited","commentary,guide,analysis,reaction,showcase","educational,analysis"
27923,"Feb 25, 2024, 10:04:40 PM PST",Shorts,"entertaining,informative,trending,educational,viral",professional,"showcase,highlights,guide","educational,news"
27924,"Feb 25, 2024, 10:04:21 PM PST",Entertainment,"viral,entertaining,trending,informative,educational,mature,controversial,family_friendly","animated,professional,high_production","showcase,reaction,analysis,compilation,documentary,review,highlights,guide,stream_highlights,commentary,interview,tutorial","entertainment,storytelling,educational,analysis,skill_development,promotional,social_commentary,product_review,news"
27925,"Feb 25, 2024, 10:03:30 PM PST",Sports,"entertaining,trending,informative,viral","animated,edited","highlights,guide","skill_development,entertainment"
27926,"Feb 25, 2024, 10:02:39 PM PST",Entertainment,"trending,viral,informative,entertaining,educational,controversial",animated,"guide,highlights,commentary,reaction,showcase,compilation","entertainment,educational,promotional,news,storytelling"
27927,"Feb 25, 2024, 10:02:31 PM PST",Shorts,"trending,controversial,entertaining,viral","amateur,edited","reaction,commentary",entertainment
27928,"Feb 25, 2024, 10:02:03 PM PST",Tutorial,"controversial,entertaining,informative,educational,trending,viral","edited,amateur,professional,studio_quality,high_production","commentary,highlights,showcase","news,educational,skill_development"
27929,"Feb 25, 2024, 10:01:34 PM PST",Sports,"trending,informative,entertaining,viral,educational,controversial","professional,high_production,raw_footage,live_recording,animated,edited","showcase,stream_highlights,highlights,compilation,guide,reaction,review","news,entertainment,educational,skill_development"
27930,"Feb 25, 2024, 10:00:49 PM PST",Technology,"entertaining,trending,viral,controversial,informative,educational",edited,commentary,"entertainment,educational,news"
27931,"Feb 25, 2024, 10:00:43 PM PST",Sports,"entertaining,trending,informative,viral,educational","professional,high_production,raw_footage,edited","showcase,highlights,stream_highlights,compilation,guide,reaction","news,skill_development,entertainment,educational"
27932,"Feb 25, 2024, 9:59:49 PM PST",Technology,"controversial,informative,educational,entertaining","edited,professional","guide,highlights,showcase,compilation,tutorial","news,educational,storytelling,entertainment,skill_development"
27933,"Feb 25, 2024, 9:59:47 PM PST",Sports,"entertaining,trending,viral,family_friendly,clickbait,informative","animated,high_production,edited","showcase,compilation,highlights,stream_highlights,guide,reaction","entertainment,promotional"
27934,"Feb 25, 2024, 9:59:06 PM PST",News,"trending,viral,informative,entertaining,mature,controversial","professional,high_production,animated","highlights,showcase,compilation,analysis,guide","news,promotional,analysis"
27935,"Feb 25, 2024, 9:58:30 PM PST",News,"trending,viral,informative,controversial,entertaining,educational",edited,"analysis,commentary,review,showcase","news,analysis,educational"
27936,"Feb 25, 2024, 9:57:29 PM PST",Entertainment,"viral,entertaining,trending,informative,educational,mature,controversial,family_friendly","animated,professional,high_production","showcase,reaction,analysis,highlights,documentary,compilation,guide,review,stream_highlights,commentary,interview","entertainment,storytelling,analysis,educational,skill_development,promotional,social_commentary,product_review,news"
27937,"Feb 25, 2024, 9:57:06 PM PST",Technology,"trending,viral,entertaining,informative,controversial,mature,educational,family_friendly","professional,edited,animated","showcase,commentary,reaction,guide,compilation,analysis,highlights,tutorial,review","storytelling,promotional,analysis,entertainment,educational"
27938,"Feb 25, 2024, 9:56:22 PM PST",Technology,"informative,trending,entertaining,viral,mature,educational","professional,edited,high_production","guide,showcase,analysis,highlights","analysis,educational"
27939,"Feb 25, 2024, 9:55:40 PM PST",Comedy,"controversial,trending,viral,entertaining","animated,edited","commentary,compilation",social_commentary
27940,"Feb 25, 2024, 9:54:44 PM PST",Entertainment,"entertaining,controversial,viral,trending,informative,educational,family_friendly","animated,edited,professional","reaction,showcase,guide,commentary,highlights,compilation,podcast,review,analysis","storytelling,entertainment,promotional,educational,skill_development,analysis,news"
27941,"Feb 25, 2024, 9:53:58 PM PST",News,"trending,informative,viral,entertaining,mature,controversial","professional,high_production,edited","showcase,highlights,guide",news
27942,Jana Gana Mana - Marble Music,Music,"entertaining,trending,informative,viral,mature,family_friendly","professional,high_production","showcase,highlights,compilation,guide",entertainment
27943,"Feb 25, 2024, 9:53:49 PM PST",Technology,"trending,informative,entertaining,viral,educational,controversial",edited,"guide,commentary,showcase,tutorial,reaction","news,promotional,educational,storytelling,entertainment"
27944,"Feb 25, 2024, 9:53:14 PM PST",Technology,"informative,educational,trending,viral,mature","professional,animated","guide,showcase,tutorial,walkthrough,podcast,highlights,review,interview","educational,news"
27945,"Feb 25, 2024, 9:52:38 PM PST",Entertainment,"entertaining,informative,trending,controversial,viral,educational","animated,raw_footage,edited","showcase,reaction,highlights,guide","entertainment,news,educational"
27946,"Feb 25, 2024, 9:51:37 PM PST",Tutorial,"trending,informative,viral,entertaining,mature","professional,edited","showcase,compilation,guide,highlights",
27947,"Feb 25, 2024, 9:51:35 PM PST",Technology,"trending,entertaining,informative,controversial,viral","professional,edited","highlights,showcase,reaction,stream_highlights","news,skill_development,product_review"
27948,"Feb 25, 2024, 9:51:33 PM PST",Tutorial,"entertaining,informative,educational,trending,viral,family_friendly","professional,edited,high_production,animated,studio_quality","showcase,guide,compilation,tutorial,highlights,reaction","educational,entertainment,promotional,storytelling"
27949,"Feb 25, 2024, 9:51:28 PM PST",Shorts,"trending,viral,controversial,informative,entertaining,educational",edited,"guide,showcase,reaction,commentary,compilation,analysis,highlights,tutorial,review","news,storytelling,promotional,social_commentary,analysis,educational,entertainment"
27950,"Feb 25, 2024, 9:51:26 PM PST",Entertainment,"viral,entertaining,trending,informative,educational,mature,controversial,family_friendly","animated,professional,high_production,studio_quality","showcase,reaction,analysis,stream_highlights,guide,documentary,highlights,review,compilation,commentary,interview","entertainment,educational,storytelling,analysis,skill_development,product_review,social_commentary,promotional,news"
27951,"Feb 25, 2024, 9:51:22 PM PST",Entertainment,"trending,entertaining,viral,controversial,informative","amateur,animated,high_production,raw_footage,edited","reaction,highlights,commentary,showcase,compilation,stream_highlights","entertainment,news"
27952,"Feb 25, 2024, 9:51:14 PM PST",Comedy,"entertaining,trending,viral,controversial,informative","animated,edited,raw_footage","commentary,reaction,compilation,showcase,highlights,guide,review,stream_highlights","entertainment,storytelling,social_commentary"
27953,"Feb 25, 2024, 9:50:38 PM PST",Shorts,"trending,educational,entertaining,viral,informative,controversial,family_friendly","edited,amateur,animated,professional","showcase,tutorial,commentary,compilation,review,guide,analysis,podcast,reaction,walkthrough","storytelling,educational,news,entertainment,promotional,analysis,social_commentary,skill_development"
27954,🐦 Pendulum Tit Deceive the Snake 🐍 #shorts,Shorts,"trending,entertaining,viral,controversial,informative,educational,family_friendly","animated,professional,edited","commentary,guide,reaction,compilation,tutorial,showcase,analysis,podcast,highlights,review","storytelling,entertainment,educational,social_commentary,promotional,analysis,news"
27955,"Feb 25, 2024, 9:49:27 PM PST",Sports,"controversial,trending,viral,entertaining,informative","animated,edited","reaction,commentary,showcase,highlights,analysis,guide,stream_highlights,compilation,review,podcast","analysis,social_commentary,storytelling,entertainment,news"
27956,"Feb 25, 2024, 9:48:07 PM PST",Sports,"controversial,trending,viral,entertaining",edited,"compilation,commentary",news
27957,"Feb 25, 2024, 9:47:15 PM PST",Technology,"informative,trending,viral,controversial,entertaining",edited,"reaction,showcase,guide,highlights,commentary",news
27958,"Feb 25, 2024, 9:46:51 PM PST",Shorts,"trending,controversial,viral,informative,entertaining,educational","edited,amateur,animated","commentary,analysis,compilation,review,guide,reaction","analysis,news,social_commentary,storytelling,educational,promotional"
27959,"Feb 25, 2024, 9:44:40 PM PST",Entertainment,"viral,entertaining,trending,informative,educational,mature,controversial,family_friendly","animated,professional,high_production,studio_quality","showcase,reaction,analysis,stream_highlights,highlights,documentary,compilation,guide,review,commentary,interview","entertainment,storytelling,educational,analysis,skill_development,social_commentary,product_review,promotional,news,personal_vlog"
27960,"Feb 25, 2024, 9:44:16 PM PST",Shorts,"viral,trending,entertaining,informative,family_friendly,clickbait,educational",edited,"showcase,compilation","entertainment,promotional,educational"
27961,"Feb 25, 2024, 9:43:52 PM PST",Entertainment,"entertaining,controversial,trending,viral","animated,edited","reaction,analysis,commentary,compilation,podcast,showcase","entertainment,analysis,storytelling,news"
27962,"Feb 25, 2024, 9:43:43 PM PST",Technology,"trending,entertaining,informative,educational,viral,controversial","edited,high_production,studio_quality,professional","showcase,highlights",educational
27963,"Feb 25, 2024, 9:42:45 PM PST",Comedy,"entertaining,viral,trending,family_friendly,clickbait",edited,"compilation,showcase,reaction,highlights,stream_highlights","entertainment,storytelling,promotional"
27964,"Feb 25, 2024, 9:42:37 PM PST",Technology,"trending,viral,entertaining,informative,educational","professional,animated","showcase,documentary,highlights","news,entertainment,educational,promotional"
27965,"Feb 25, 2024, 9:41:33 PM PST",News,"trending,informative,viral,controversial,entertaining,educational","live_recording,high_production","reaction,showcase,highlights,compilation,stream_highlights,documentary,guide,review","news,social_commentary,entertainment,educational"
27966,"Feb 25, 2024, 9:41:20 PM PST",Entertainment,"informative,entertaining,family_friendly,trending,educational",edited,guide,"entertainment,educational"
27967,"Feb 25, 2024, 9:41:12 PM PST",Comedy,"entertaining,trending,viral,controversial,informative","animated,edited","reaction,commentary,highlights,showcase,compilation","entertainment,storytelling,promotional,news,social_commentary"
27968,"Feb 25, 2024, 9:41:04 PM PST",Sports,"entertaining,viral,controversial,trending,informative","raw_footage,edited,animated,live_recording,studio_quality","highlights,showcase,commentary,reaction,stream_highlights,compilation","news,skill_development,personal_vlog,social_commentary,entertainment"
27969,"Feb 25, 2024, 7:03:10 PM PST",Gaming,"controversial,informative,viral,trending","amateur,edited","highlights,commentary",news
27970,"Feb 25, 2024, 6:25:15 PM PST",Comedy,"entertaining,trending,viral",,"commentary,showcase,highlights,compilation","storytelling,entertainment"
27971,"Feb 25, 2024, 3:32:52 PM PST",Music,"entertaining,trending,viral,informative,educational,family_friendly","animated,high_production,edited","podcast,compilation,showcase,highlights,documentary,stream_highlights,reaction,guide","storytelling,entertainment,promotional,educational"
27972,"Feb 25, 2024, 3:29:45 PM PST",Music,"trending,entertaining,viral,informative,controversial,educational","animated,professional,edited","compilation,reaction,showcase,highlights","entertainment,educational,promotional"
27973,"Feb 25, 2024, 3:26:17 PM PST",Comedy,"trending,viral,entertaining,mature,controversial,informative,family_friendly,educational","animated,edited,studio_quality,high_production,amateur,professional,raw_footage,live_recording","reaction,commentary,compilation,guide,highlights,showcase,podcast,stream_highlights,review,analysis,tutorial,documentary,walkthrough,interview","social_commentary,storytelling,skill_development,product_review,promotional,entertainment,personal_vlog,educational,news,analysis"
27974,"Feb 25, 2024, 3:26:05 PM PST",Reviews,"controversial,entertaining,trending,viral,informative","edited,high_production,studio_quality","commentary,reaction,compilation,showcase,highlights,stream_highlights,review,podcast,interview","social_commentary,entertainment,product_review,personal_vlog"
27975,"Feb 25, 2024, 3:23:12 PM PST",Entertainment,"trending,family_friendly,entertaining,informative,viral,mature,controversial,educational","animated,high_production,edited,professional","reaction,guide,compilation,showcase,highlights,commentary,analysis,review,podcast","storytelling,analysis,educational,entertainment,promotional,skill_development"
27976,"Feb 25, 2024, 3:20:11 PM PST",Entertainment,"trending,entertaining,informative,mature,viral,controversial,family_friendly,educational,clickbait","professional,animated,edited","reaction,guide,commentary,highlights,showcase,analysis,compilation,review,tutorial","storytelling,entertainment,analysis,educational,skill_development,promotional,news"
27977,"Feb 25, 2024, 3:17:20 PM PST",Comedy,"trending,entertaining,informative,viral,mature,controversial,family_friendly,educational","professional,animated,high_production","compilation,reaction,showcase,guide,highlights,commentary","storytelling,entertainment,educational,promotional"
27978,"Feb 25, 2024, 3:16:39 PM PST",Music,"trending,entertaining,viral,family_friendly,informative",edited,"compilation,highlights,guide","promotional,entertainment"
27979,"Feb 25, 2024, 3:13:41 PM PST",Entertainment,"trending,entertaining,viral,informative,controversial,mature,family_friendly,educational","high_production,animated,edited,professional,studio_quality,live_recording","reaction,compilation,guide,commentary,highlights,showcase,podcast,stream_highlights,review,analysis","news,storytelling,entertainment,promotional,social_commentary,skill_development,educational,analysis,product_review"
27980,"Feb 25, 2024, 3:12:22 PM PST",Music,"trending,viral,entertaining,informative,controversial,mature,educational,family_friendly","animated,professional","reaction,review,commentary,highlights,guide,compilation,showcase","entertainment,storytelling,promotional,educational"
27981,"Feb 25, 2024, 3:12:18 PM PST",Music,"trending,viral,informative,entertaining,controversial,mature","animated,professional,studio_quality,edited","guide,podcast,commentary,compilation,reaction,showcase,interview,highlights","promotional,storytelling"
27982,"Feb 25, 2024, 3:12:17 PM PST",Entertainment,"informative,trending,entertaining,viral,mature,educational,clickbait","professional,animated,high_production,studio_quality","compilation,guide,showcase,highlights,reaction,podcast,analysis,stream_highlights,tutorial,documentary,review","entertainment,educational,storytelling,analysis,personal_vlog,promotional,social_commentary,news,skill_development,product_review"
27983,"Feb 25, 2024, 3:12:16 PM PST",Comedy,"trending,entertaining,viral,informative,mature,family_friendly,educational,controversial","animated,high_production,studio_quality,professional,edited","reaction,commentary,compilation,highlights,stream_highlights,showcase,guide,podcast,interview,review,analysis","social_commentary,storytelling,entertainment,promotional,news,product_review,personal_vlog,educational,skill_development,analysis"
27984,"Feb 25, 2024, 3:12:15 PM PST",Sports,"trending,informative,entertaining,viral,mature,controversial,educational","edited,high_production,animated,professional","highlights,reaction,showcase,guide,compilation,commentary,review","news,skill_development,educational"
27985,"Feb 25, 2024, 3:12:14 PM PST",Entertainment,"trending,entertaining,viral,educational,family_friendly,informative,controversial,clickbait,mature","animated,studio_quality,edited,high_production,raw_footage","reaction,showcase,commentary,guide,compilation,podcast,review,tutorial,stream_highlights,analysis,documentary,highlights,walkthrough,interview","storytelling,promotional,entertainment,educational,social_commentary,personal_vlog,analysis,product_review,news,skill_development"
27986,"Feb 25, 2024, 3:12:12 PM PST",Music,"trending,entertaining,viral,informative,controversial","high_production,professional","showcase,guide,commentary,stream_highlights,highlights,compilation","entertainment,news"
27987,"Feb 25, 2024, 3:11:52 PM PST",Entertainment,"trending,informative,entertaining,viral,educational,mature,controversial","edited,animated","showcase,guide,commentary,documentary,analysis,compilation,highlights","storytelling,educational,entertainment,promotional,analysis"
27988,"Feb 25, 2024, 3:08:21 PM PST",Music,"trending,entertaining,informative,viral,mature,family_friendly,controversial,educational","animated,edited,professional","reaction,guide,showcase,highlights,commentary,compilation,podcast,analysis,review,interview","storytelling,entertainment,educational,promotional,analysis,skill_development"
27989,"Feb 25, 2024, 3:05:08 PM PST",Comedy,"entertaining,informative,trending,viral,educational,mature,family_friendly",,"compilation,reaction,guide,commentary,showcase,highlights","storytelling,entertainment,educational"
27990,"Feb 25, 2024, 3:01:30 PM PST",Entertainment,"trending,entertaining,informative,viral,mature,controversial,educational,family_friendly","professional,edited,animated","reaction,guide,showcase,highlights,commentary,analysis,compilation,review","storytelling,analysis,entertainment,educational,skill_development,news"
27991,"Feb 25, 2024, 3:01:14 PM PST",Entertainment,"trending,entertaining,informative,viral,family_friendly,controversial","edited,animated,amateur,live_recording,raw_footage,studio_quality","compilation,guide,reaction,commentary,showcase,stream_highlights,podcast","entertainment,storytelling,news,social_commentary"
