27160,KANA-BOON - Silhouette,"Mar 4, 2024, 9:00:20 PM PST",Entertainment,,NEGATIVE,0.5837777853012085,guide,entertainment,"casual,professional,informative,dramatic,funny",0.8305826783180237
26744,Heavy [Official Music Video] - Linkin Park (feat. Kiiara),"Mar 10, 2024, 3:07:23 AM PST",Music,Official Music Video,NEGATIVE,0.9952321648597717,unknown,unknown,,0.9967026710510254
27161,⭐ Everything Goes On - Porter Robinson | A Community Cover,"Mar 4, 2024, 8:56:25 PM PST",Entertainment,,POSITIVE,0.9913034439086914,reaction,storytelling,"informative,casual,funny",0.7283235192298889
26328,"Bhool Bhulaiyaa 2 (Title Track) Kartik A, Kiara A, Tabu |Pritam, Tanishk, Neeraj, Anees B, Bhushan K","Mar 14, 2024, 1:04:21 PM PST",Music,Official Music Video,POSITIVE,0.9399229884147644,unknown,unknown,,0.889087438583374
26745,BURN IT DOWN (Official Music Video) [4K Upgrade] - Linkin Park,"Mar 10, 2024, 3:03:30 AM PST",Music,Official Music Video,NEGATIVE,0.9975073933601379,unknown,unknown,,0.9979191422462463
27162,Pehle Bhi Main,"Mar 4, 2024, 8:02:38 PM PST",Comedy,,NEGATIVE,0.642456591129303,reaction,comedy,"funny,dramatic,informative,serious,casual,personal,professional",0.9164804816246033
26329,Sound Of Walking Away X Divinity X Shelter (Music Video),"Mar 14, 2024, 1:03:51 PM PST",Music,Music Mix,NEGATIVE,0.9842373728752136,unknown,unknown,,0.9950057864189148
26746,Papercut [Official HD Music Video] - Linkin Park,"Mar 10, 2024, 3:00:14 AM PST",Music,Official Music Video,NEGATIVE,0.866844654083252,unknown,unknown,,0.9972810745239258
27163,Zedd - Clarity (feat. Foxes) (Porter Robinson Remix) (Live),"Mar 4, 2024, 8:01:54 PM PST",Music,Live Performance,POSITIVE,0.9989056587219238,unknown,unknown,,0.9967983961105347
26747,What I've Done (Official Music Video) [4K Upgrade] - Linkin Park,"Mar 10, 2024, 2:56:45 AM PST",Music,Official Music Video,NEGATIVE,0.6299251914024353,unknown,unknown,,0.9952874779701233
27164,Husn,"Mar 4, 2024, 7:58:59 PM PST",Tutorial,,POSITIVE,0.9368075132369995,reaction,information,"serious,dramatic,personal,informative,funny,professional",0.07255077362060547
26330,"Raabta Title Song (Full Video) | Deepika Padukone, Sushant Singh Rajput, Kriti Sanon | Pritam, Jam 8","Mar 14, 2024, 1:00:47 PM PST",Music,Official Music Video,POSITIVE,0.9459357261657715,unknown,unknown,,0.9922085404396057
27165,Sound Of Walking Away X Divinity X Shelter (Music Video),"Mar 4, 2024, 7:34:40 PM PST",Music,Music Mix,NEGATIVE,0.9842373728752136,unknown,unknown,,0.9950057864189148
26331,Criminal,"Mar 14, 2024, 12:58:43 PM PST",Reviews,,NEGATIVE,0.9965603947639465,news,unknown,"serious,dramatic,informative",0.03187035024166107
26748,Back Hits To The 90's 🎵 Lofi Radio Mix [ Lofi Beats To Study / Chill / Escape From Reality ],"Mar 10, 2024, 2:51:10 AM PST",Music,Music Mix,NEGATIVE,0.5884730219841003,unknown,unknown,,0.9982186555862427
27166,Porter Robinson - Mirror (Secret Sky Edit),"Mar 4, 2024, 7:01:14 PM PST",Podcast,,NEGATIVE,0.7549549341201782,commentary,storytelling,"informative,professional,dramatic,serious,funny,personal",0.7674347162246704
26749,Porter Robinson - Mirror (Secret Sky Edit),"Mar 10, 2024, 2:45:02 AM PST",Podcast,,NEGATIVE,0.7549549341201782,commentary,storytelling,"informative,professional,dramatic,serious,funny,personal",0.7674347162246704
27167,Porter Robinson - Look At The Sky (Secret Sky Edit),"Mar 4, 2024, 6:55:01 PM PST",Podcast,,POSITIVE,0.9769405126571655,commentary,storytelling,"informative,professional,dramatic,personal,funny,serious",0.9327769875526428
26332,"Mujhko Yaad Sataye Teri Lyrical Video Song| Phir Hera Pheri |Himesh Reshammiya|Akshay Kumar,Rimi Sen","Mar 14, 2024, 12:58:05 PM PST",Entertainment,,POSITIVE,0.9735921025276184,unknown,storytelling,"professional,funny,informative,dramatic",0.9461988210678101
26750,Porter Robinson - Look At The Sky (Secret Sky Edit),"Mar 10, 2024, 2:38:22 AM PST",Podcast,,POSITIVE,0.9769405126571655,commentary,storytelling,"informative,professional,dramatic,personal,funny,serious",0.9327769875526428
27168,"VØJ, Narvent - Memory Reboot (4K Music Video)","Mar 4, 2024, 6:45:15 PM PST",Music,Official Music Video,NEGATIVE,0.9937934875488281,unknown,unknown,,0.9975586533546448
26751,Porter Robinson - Get Your Wish (Secret Sky Edit),"Mar 10, 2024, 2:32:36 AM PST",Podcast,,POSITIVE,0.6360278129577637,guide,storytelling,"informative,professional,dramatic,serious,funny,personal",0.9585313200950623
26333,"Full video: Nain Ta Heere - JugJugg Jeeyo | Varun, Kiara | Vishal S | Guru R, Asees K | Bhushan K","Mar 14, 2024, 12:56:46 PM PST",Sports,,POSITIVE,0.6652776002883911,gameplay,comedy,"funny,informative,dramatic,professional,serious",0.9718758463859558
26752,Zedd - Clarity (feat. Foxes) (Porter Robinson Remix) (Live),"Mar 10, 2024, 2:25:10 AM PST",Music,Live Performance,POSITIVE,0.9989056587219238,unknown,unknown,,0.9967983961105347
27169,"Cause It Hurts Sometimes.. | An EPIC Melodic Feels Mix (ft. Said The Sky, ILLENIUM, Dabin & Friends)","Mar 4, 2024, 6:41:08 PM PST",Music,Music Mix,NEGATIVE,0.9606723189353943,unknown,unknown,,0.9229730367660522
26334,MITRAZ - Khayaal (Official Audio),"Mar 14, 2024, 12:53:46 PM PST",Music,Music Mix,POSITIVE,0.9290873408317566,unknown,unknown,,0.982647180557251
26753,Mr.Kitty • After Dark // Jennifer Connelly • Career Opportunities,"Mar 10, 2024, 2:17:40 AM PST",Entertainment,,POSITIVE,0.999312162399292,guide,information,"informative,dramatic,funny,professional",0.572924792766571
27170,Baarishein,"Mar 4, 2024, 5:30:48 PM PST",Entertainment,,NEGATIVE,0.9433700442314148,guide,information,"dramatic,serious,professional,informative,personal,funny",0.6223085522651672
26335,Coke Studio | Season 14 | Pasoori | Ali Sethi x Shae Gill,"Mar 14, 2024, 12:53:27 PM PST",Podcast,,POSITIVE,0.8197348117828369,guide,storytelling,"informative,professional,dramatic,funny,serious",0.8857947587966919
26754,Sound Of Walking Away X Divinity X Shelter (Music Video),"Mar 10, 2024, 12:52:47 AM PST",Music,Music Mix,NEGATIVE,0.9842373728752136,unknown,unknown,,0.9950057864189148
27171,Tum Se,"Mar 4, 2024, 5:26:24 PM PST",Entertainment,,NEGATIVE,0.9600706696510315,reaction,information,"dramatic,informative,serious,funny,casual,personal,professional",0.4372269809246063
26755,Persome (Brazilian Phonk),"Mar 10, 2024, 12:43:44 AM PST",Music,Behind the Scenes,POSITIVE,0.995388388633728,unknown,unknown,,0.7564157247543335
27172,Makhna,"Mar 4, 2024, 5:23:21 PM PST",Music,Official Music Video,NEGATIVE,0.8818078637123108,unknown,unknown,,0.36648210883140564
26336,Mahiye Jinna Sohna Official Lyrical Video | Darshan Raval | Lijo George | Dard | Naushad Khan,"Mar 14, 2024, 12:50:16 PM PST",Comedy,,POSITIVE,0.9676526784896851,commentary,storytelling,"professional,dramatic,funny,informative",0.8940656781196594
26756,Persome (Sped Up),"Mar 10, 2024, 12:43:20 AM PST",Entertainment,,NEGATIVE,0.9807630777359009,reaction,information,"dramatic,serious,personal,professional,informative,funny",0.5468688607215881
27173,Dariya,"Mar 4, 2024, 5:19:43 PM PST",Entertainment,,POSITIVE,0.9355951547622681,reaction,information,"dramatic,informative,serious,funny,personal,professional,casual",0.29641425609588623
26337,KALEO - Way Down We Go ( Slowed+Reverb ),"Mar 14, 2024, 12:44:26 PM PST",Music,Official Music Video,NEGATIVE,0.9949170351028442,unknown,unknown,,0.806925356388092
26757,LOVELY BASTARDS x Meet the Frownies (TikTok edit),"Mar 10, 2024, 12:40:10 AM PST",Comedy,,NEGATIVE,0.9098630547523499,reaction,comedy,"funny,dramatic,informative,serious",0.9321154356002808
27174,Rangisari,"Mar 4, 2024, 5:16:00 PM PST",Entertainment,,POSITIVE,0.9983530044555664,reaction,information,"dramatic,professional,informative,serious,funny,personal",0.5205918550491333
26338,Frozy & Joyful - bounce (I just wanna dance) (smooth 1h loop),"Mar 14, 2024, 12:44:11 PM PST",Entertainment,,POSITIVE,0.999233603477478,guide,entertainment,"casual,personal,funny",0.9354779720306396
26758,King x Nick Jonas - Maan Meri Jaan (Afterlife) [Official Video],"Mar 9, 2024, 11:05:42 PM PST",Music,Official Music Video,POSITIVE,0.8751393556594849,unknown,unknown,,0.9966831803321838
27175,Hona Tha Pyar,"Mar 4, 2024, 5:12:20 PM PST",Music,Official Music Video,POSITIVE,0.5846976637840271,unknown,unknown,,0.853040874004364
26339,Bounce I just wanna be dance,"Mar 14, 2024, 12:41:48 PM PST",Entertainment,,POSITIVE,0.9991639852523804,reaction,entertainment,"dramatic,personal,funny,informative,casual",0.9108190536499023
27176,Mahiya Jinna Sona,"Mar 4, 2024, 5:08:58 PM PST",Music,Official Music Video,POSITIVE,0.9783817529678345,unknown,unknown,,0.7957424521446228
26340,They  hijack his car and his baby. #short #shortsfeed #movie #fyp,"Mar 14, 2024, 12:41:35 PM PST",Shorts,,NEGATIVE,0.9964247345924377,reaction,entertainment,"funny,dramatic,casual,informative",0.9066950678825378
26759,"FIGHTER: Ishq Jaisa Kuch Song, Hrithik, Deepika, Vishal-Sheykhar, Shilpa, Kumaar, Bosco-Caesar","Mar 9, 2024, 11:03:21 PM PST",Entertainment,,POSITIVE,0.9798790216445923,guide,entertainment,"dramatic,informative,professional,funny",0.9167678952217102
27177,Maiyya Mainu,"Mar 4, 2024, 5:05:06 PM PST",Music,Official Music Video,NEGATIVE,0.9401074647903442,unknown,unknown,,0.6094255447387695
26341,Fighting The Toughest Mutant in Sons of The Forest,"Mar 14, 2024, 12:32:15 PM PST",Reviews,,NEGATIVE,0.8073147535324097,gameplay,information,"dramatic,serious,informative,professional",0.006318118888884783
26760,DIL NU - AP DHILLON | SHINDA KAHLON (Official Audio),"Mar 9, 2024, 10:59:26 PM PST",Music,Music Mix,POSITIVE,0.7209709882736206,unknown,unknown,,0.9926182627677917
27178,Jaise Mera Tu,"Mar 4, 2024, 4:59:17 PM PST",Music,Official Music Video,POSITIVE,0.9916492700576782,unknown,unknown,,0.8296686410903931
26342,Combat tips for Sons of the Forest #1,"Mar 14, 2024, 12:32:12 PM PST",Tutorial,,POSITIVE,0.9756750464439392,guide,information,"informative,serious,professional,dramatic",0.005392591003328562
26761,Ritviz - Sage [Official Music Video],"Mar 9, 2024, 10:55:22 PM PST",Music,Official Music Video,POSITIVE,0.8518282771110535,unknown,unknown,,0.9865063428878784
27179,Dil Mere,"Mar 4, 2024, 4:56:36 PM PST",Comedy,,NEGATIVE,0.9355818033218384,reaction,information,"casual,informative,dramatic,serious,funny,personal,professional",0.3847641050815582
26343,5 tips for surviving your first night in Sons Of The Forest!,"Mar 14, 2024, 12:31:01 PM PST",Tutorial,,POSITIVE,0.9937817454338074,guide,information,"informative,serious,funny,dramatic,professional",0.17472152411937714
26762,MITRAZ - Akhiyaan (Official Music Video),"Mar 9, 2024, 10:52:11 PM PST",Music,Official Music Video,POSITIVE,0.9222614765167236,unknown,unknown,,0.9962985515594482
27180,Shree Siddhivinayak Mantra And Aarti,"Mar 4, 2024, 4:15:17 PM PST",Music,Music Mix,POSITIVE,0.902162492275238,unknown,unknown,,0.916804850101471
26344,Sons of the Forest - COMPLETE Combat Guide | Become the Monster | Ultraviolence Edition™,"Mar 14, 2024, 12:29:56 PM PST",Podcast,,POSITIVE,0.9553666114807129,guide,information,"informative,dramatic,serious,professional",0.10422865301370621
26345,Dil Nu,"Mar 14, 2024, 11:18:47 AM PST",Comedy,,POSITIVE,0.5036099553108215,reaction,information,"dramatic,serious,informative,casual,funny,professional,personal",0.36898285150527954
26763,"Malang Sajna (Video) Sachet Tandon, Parampara Tandon | Adil Shaikh, Kumaar | Bhushan Kumar","Mar 9, 2024, 10:49:33 PM PST",Comedy,,NEGATIVE,0.9625982642173767,reaction,storytelling,"dramatic,funny,informative,serious,professional",0.784318208694458
26346,Husn x Apa Fer Milaangey,"Mar 14, 2024, 10:59:15 AM PST",Entertainment,,NEGATIVE,0.9670203924179077,reaction,storytelling,"dramatic,informative,funny,professional,serious,casual,personal",0.9231408834457397
27181,Heeriye (Official Video) Jasleen Royal ft Arijit Singh| Dulquer Salmaan| Aditya Sharma |Taani Tanvir,"Mar 4, 2024, 3:31:12 PM PST",Music,Official Music Video,POSITIVE,0.8314298391342163,unknown,unknown,,0.9755858778953552
26764,Nvidia Loves This Coding Interview Question! | Last Stone Weight - Leetcode 1046,"Mar 9, 2024, 10:00:53 PM PST",Technology,,POSITIVE,0.9966422319412231,news,entertainment,"informative,professional,funny,serious,dramatic",0.7526047229766846
27182,Chaand Baaliyan - Aditya A. (Official Video),"Mar 4, 2024, 3:29:28 PM PST",Entertainment,,POSITIVE,0.9938799142837524,reaction,storytelling,"dramatic,informative,funny,professional,serious",0.9716155529022217
26347,Jo Tu Na Mila,"Mar 14, 2024, 10:08:15 AM PST",Music,Official Music Video,NEGATIVE,0.9427903294563293,unknown,unknown,,0.939008355140686
26765,Father 🥰😘❤,"Mar 9, 2024, 10:00:26 PM PST",Reviews,,POSITIVE,0.9852871894836426,reaction,entertainment,"funny,informative,personal,dramatic",0.14843706786632538
26348,Husn (Re-imagined),"Mar 14, 2024, 10:04:21 AM PST",Entertainment,,NEGATIVE,0.9918105006217957,reaction,storytelling,"dramatic,informative,funny,serious,professional",0.180842787027359
27183,Anuv Jain - HUSN (Official Video),"Mar 4, 2024, 3:26:32 PM PST",Music,Official Music Video,NEGATIVE,0.6675176024436951,unknown,unknown,,0.9936086535453796
26766,Dashcam Footage Captures Moment Of Instant Karma | 10 News First,"Mar 9, 2024, 9:59:55 PM PST",News,,POSITIVE,0.9903436899185181,reaction,information,"dramatic,informative,serious,funny",0.9759237766265869
26349,Husn x Choo Lo (2nd Version),"Mar 14, 2024, 10:00:44 AM PST",Music,Music Mix,NEGATIVE,0.97431480884552,unknown,unknown,,0.95151287317276
27184,Rangi Saari | Kanishk Seth & Kavita Seth | Official Music Video,"Mar 4, 2024, 3:22:59 PM PST",Music,Official Music Video,POSITIVE,0.9909259080886841,unknown,unknown,,0.997988224029541
26767,What Is A Root Canal? 😳,"Mar 9, 2024, 9:58:25 PM PST",Tutorial,,NEGATIVE,0.9959865212440491,commentary,information,"funny,dramatic,informative,casual,serious",0.5548418760299683
26350,Safar,"Mar 14, 2024, 9:59:52 AM PST",Sports,,POSITIVE,0.6664778590202332,reaction,information,"dramatic,serious,informative,professional,funny",0.09523293375968933
27185,"Obsessed - Riar Saab, @AbhijaySharma | Official Music Video","Mar 4, 2024, 3:16:31 PM PST",Music,Official Music Video,NEGATIVE,0.9788302183151245,unknown,unknown,,0.9955591559410095
26768,rating how well metal Elements flatten #periodictable,"Mar 9, 2024, 9:58:22 PM PST",Shorts,,NEGATIVE,0.9793242812156677,review,analysis,"informative,professional,serious",0.049816686660051346
26351,Ritviz - Liggi [Official Music Video],"Mar 14, 2024, 3:01:42 AM PST",Music,Official Music Video,NEGATIVE,0.6218842267990112,unknown,unknown,,0.9880975484848022
27186,Glass Animals - Heat Waves (Official Video),"Mar 4, 2024, 3:12:36 PM PST",Entertainment,,POSITIVE,0.9861540794372559,reaction,entertainment,"dramatic,informative,professional,funny,serious",0.9739018678665161
26352,MITRAZ - Nadiyon sa (Official Video),"Mar 14, 2024, 2:58:58 AM PST",Technology,,POSITIVE,0.8624836206436157,reaction,entertainment,"dramatic,professional,informative,serious,funny",0.8872385621070862
27187,The Chainsmokers - Closer (Lyric) ft. Halsey,"Mar 4, 2024, 3:08:12 PM PST",Music,Lyric Video,POSITIVE,0.9978051781654358,unknown,unknown,,0.9972360730171204
26769,KEVIN O’LEARY GETS OWNED BY SMART ENTREPRENEUR #wealth #motivation #sharktank #shorts #kevinoleary,"Mar 9, 2024, 9:57:02 PM PST",Shorts,,NEGATIVE,0.9773622155189514,news,information,"professional,informative,dramatic,funny,serious",0.981797993183136
26770,Way too cold,"Mar 9, 2024, 9:56:46 PM PST",Reviews,,NEGATIVE,0.9997307658195496,reaction,information,"personal,serious",0.5186285376548767
27188,Ritviz - Liggi [Official Music Video],"Mar 4, 2024, 3:05:00 PM PST",Music,Official Music Video,NEGATIVE,0.6218842267990112,unknown,unknown,,0.9880975484848022
26353,"Akhiyaan Gulaab (Full Video): Shahid Kapoor, Kriti Sanon | Mitraz | Teri Baaton Mein Aisa Uljha Jiya","Mar 14, 2024, 2:56:08 AM PST",Comedy,,POSITIVE,0.986084520816803,reaction,comedy,"informative,funny,dramatic,serious,professional",0.954760730266571
26771,cypher 200iq gameplay kayo ult #valorant 2#valorantclips #valoranthighlights,"Mar 9, 2024, 9:56:12 PM PST",Gaming,Gameplay,NEGATIVE,0.9560844898223877,gameplay,entertainment,"dramatic,informative,professional,funny,serious",0.8226350545883179
27189,King - Tu Aake Dekhle | The Carnival | The Last Ride | Prod. by Shahbeatz | Latest Hit Songs 2020,"Mar 4, 2024, 2:59:36 PM PST",Music,Music Mix,POSITIVE,0.9236475825309753,unknown,unknown,,0.9938241839408875
26354,"Tum Se (Song): Shahid Kapoor, Kriti Sanon | Sachin-Jigar, Raghav Chaitanya, Varun Jain, Indraneel","Mar 14, 2024, 2:53:23 AM PST",Music,Official Music Video,POSITIVE,0.9922624826431274,unknown,unknown,,0.9883182644844055
26772,The most mind blowing sports moments in history! 🔥,"Mar 9, 2024, 9:55:32 PM PST",Sports,,POSITIVE,0.999235987663269,news,unknown,dramatic,0.9928827881813049
27190,Wo Noor,"Mar 4, 2024, 2:56:16 PM PST",Comedy,,NEGATIVE,0.9871309399604797,reaction,information,"dramatic,casual,funny,serious,informative,personal,professional",0.5527756810188293
26773,Borrowed the last $5 and had no regrets... #movie #series,"Mar 9, 2024, 9:54:17 PM PST",Entertainment,,NEGATIVE,0.9816405177116394,reaction,entertainment,"funny,informative,dramatic,casual",0.6499048471450806
27191,Prateek Kuhad - Mulaqat (Official Music Video) | Tara Sutaria,"Mar 4, 2024, 2:53:52 PM PST",Music,Official Music Video,NEGATIVE,0.7913067936897278,unknown,unknown,,0.9964237809181213
26355,"Maiyya Mainu - Lyrical | Jersey | Shahid Kapoor, Mrunal Thakur| Sachet-Parampara| Shellee | Gowtam T","Mar 14, 2024, 2:49:19 AM PST",Comedy,,POSITIVE,0.9363340139389038,commentary,storytelling,"funny,casual,dramatic",0.9630535244941711
26774,"Whoa, Dota! What's up? 🤘","Mar 9, 2024, 9:54:04 PM PST",Gaming,Gameplay,NEGATIVE,0.656940221786499,reaction,entertainment,"dramatic,funny,informative,serious",0.9922555685043335
26356,Chaand Baaliyan - Aditya A. (Official Video),"Mar 14, 2024, 2:47:35 AM PST",Entertainment,,POSITIVE,0.9938799142837524,reaction,storytelling,"dramatic,informative,funny,professional,serious",0.9716155529022217
26775,It’s like a living submarine! Amazing drone view of the Blue Whale!,"Mar 9, 2024, 9:53:50 PM PST",Entertainment,,POSITIVE,0.999765932559967,news,entertainment,"dramatic,informative,professional,funny",0.9237585663795471
27192,"Apna Bana Le - Bhediya | Varun Dhawan, Kriti Sanon| Sachin-Jigar, Arijit Singh, Amitabh Bhattacharya","Mar 4, 2024, 2:50:27 PM PST",Entertainment,,POSITIVE,0.8422959446907043,reaction,entertainment,"funny,dramatic,informative,serious,personal,professional",0.8950905799865723
26357,Ritviz - Sage [Official Music Video],"Mar 14, 2024, 2:43:40 AM PST",Music,Official Music Video,POSITIVE,0.8518282771110535,unknown,unknown,,0.9865063428878784
26776,How nuclear bombs tell us how old whale sharks are,"Mar 9, 2024, 9:52:49 PM PST",Technology,,NEGATIVE,0.9925774931907654,guide,information,"informative,serious,dramatic,funny,professional",0.9611651301383972
26777,LOVELY BASTARDS x Meet the Frownies (TikTok edit),"Mar 9, 2024, 2:55:46 PM PST",Comedy,,NEGATIVE,0.9098630547523499,reaction,comedy,"funny,dramatic,informative,serious",0.9321154356002808
26358,King x Nick Jonas - Maan Meri Jaan (Afterlife) [Official Video],"Mar 14, 2024, 2:34:05 AM PST",Music,Official Music Video,POSITIVE,0.8751393556594849,unknown,unknown,,0.9966831803321838
27193,Naina Da Kya Kasoor - Full Video | AndhaDhun | Ayushmann Khurrana | Radhika Apte | Amit Trivedi,"Mar 4, 2024, 2:46:48 PM PST",Comedy,,POSITIVE,0.8536848425865173,reaction,entertainment,"informative,funny,dramatic,professional,serious",0.9590322971343994
26359,"FIGHTER: Ishq Jaisa Kuch Song, Hrithik, Deepika, Vishal-Sheykhar, Shilpa, Kumaar, Bosco-Caesar","Mar 14, 2024, 2:25:16 AM PST",Entertainment,,POSITIVE,0.9798790216445923,guide,entertainment,"dramatic,informative,professional,funny",0.9167678952217102
26778,MEET THE FROWNIES x LOVELY BASTARDS [TIKTOK REMIX SLOWED],"Mar 9, 2024, 2:55:05 PM PST",Music,Official Music Video,NEGATIVE,0.9569486379623413,unknown,unknown,,0.9814085960388184
27194,"Makhna - Drive| Sushant Singh Rajput, Jacqueline Fernandez| Tanishk Bagchi, Asees Kaur","Mar 4, 2024, 2:43:33 PM PST",Entertainment,,NEGATIVE,0.5366427302360535,guide,entertainment,"informative,dramatic,funny,serious,professional",0.1691114455461502
26360,300 Days of Project Zomboid - The Movie,"Mar 13, 2024, 6:06:33 PM PST",Entertainment,,POSITIVE,0.8448371887207031,review,entertainment,"dramatic,informative,serious,funny",0.9275783896446228
26779,https://www.youtube.com/watch?v=x76j1nrn3iU,"Mar 9, 2024, 2:13:04 PM PST",Entertainment,,NEGATIVE,0.935247004032135,reaction,information,"informative,funny,dramatic,serious,professional",0.7420203685760498
26780,10 Year Old Smokes Broccoli…,"Mar 9, 2024, 2:12:20 PM PST",News,,NEGATIVE,0.9739510416984558,reaction,information,"funny,serious,dramatic,personal,informative,casual",0.4291132688522339
26361,50+ BUILDING Tips in Sons of the Forest 2024 (Sons of the Forest Tips & Tricks),"Mar 13, 2024, 5:54:32 PM PST",Podcast,,POSITIVE,0.9924728870391846,guide,information,"informative,professional,serious,dramatic,funny",0.8570243120193481
27195,Mileya Mileya | Full Audio Song | Happy Ending | Saif Ali Khan & Ileana D'Cruz,"Mar 4, 2024, 2:38:55 PM PST",Music,Music Mix,POSITIVE,0.9992283582687378,unknown,unknown,,0.9943352937698364
26362,Safar,"Mar 13, 2024, 10:43:33 AM PST",Sports,,POSITIVE,0.6664778590202332,reaction,information,"dramatic,serious,informative,professional,funny",0.09523293375968933
27196,Ritviz - Sage [Official Music Video],"Mar 4, 2024, 2:34:49 PM PST",Music,Official Music Video,POSITIVE,0.8518282771110535,unknown,unknown,,0.9865063428878784
26781,The unemployed friend on a Tuesday afternoon 💀 #challengevideo #mrbeastchallange #wilderness,"Mar 9, 2024, 2:12:10 PM PST",Entertainment,,NEGATIVE,0.9958166480064392,news,entertainment,"funny,casual,dramatic,informative,personal",0.9208157658576965
26363,O Haseena Zulfonwale Jane Jahan Afro Trap,O Haseena Zulfonwale Jane Jahan Afro Trap,Comedy,,NEGATIVE,0.973016619682312,commentary,comedy,"dramatic,funny,informative,serious",0.8390183448791504
26782,When Stupid Cops Arrest An FBI Agent,"Mar 9, 2024, 1:56:33 PM PST",News,,NEGATIVE,0.9986780285835266,reaction,entertainment,"serious,dramatic,funny,personal,informative",0.9480602145195007
26364,O Maahi,"Mar 13, 2024, 10:36:04 AM PST",Music,Official Music Video,POSITIVE,0.988103449344635,unknown,unknown,,0.5492512583732605
26783,https://www.youtube.com/watch?v=YbMLSSr1zPw,"Mar 9, 2024, 1:56:09 PM PST",Entertainment,,NEGATIVE,0.9527145624160767,reaction,information,"informative,funny,dramatic,serious,professional",0.7755362391471863
27197,"Akhiyaan Gulaab (Song): Shahid Kapoor, Kriti Sanon | Mitraz | Teri Baaton Mein Aisa Uljha Jiya","Mar 4, 2024, 2:32:13 PM PST",Music,Official Music Video,POSITIVE,0.9697220921516418,unknown,unknown,,0.9953700304031372
26365,Dil Besabar,Iqlipse Nova - Topic,Entertainment,,POSITIVE,0.9776992797851562,guide,information,"dramatic,informative,serious,professional,funny,personal",0.5512815117835999
27198,Coke Studio | Season 14 | Pasoori | Ali Sethi x Shae Gill,"Mar 4, 2024, 2:27:35 PM PST",Podcast,,POSITIVE,0.8197348117828369,guide,storytelling,"informative,professional,dramatic,funny,serious",0.8857947587966919
26366,Tarsati Hai Nigahen (Ghalat Fehmi),"Mar 13, 2024, 10:30:00 AM PST",Comedy,,NEGATIVE,0.8040645122528076,guide,storytelling,"dramatic,informative,serious,funny,casual,professional,personal",0.5501781105995178
26784,valorant meme yoru lol Komik ㅋㅋㅋㅋ 面白い kekw #valorant #valorantclips  #valorantfunny,"Mar 9, 2024, 1:55:15 PM PST",Comedy,,NEGATIVE,0.9844812154769897,reaction,comedy,"funny,casual",0.9819806218147278
27199,King x Nick Jonas - Maan Meri Jaan (Afterlife) [Official Video],"Mar 4, 2024, 2:24:29 PM PST",Music,Official Music Video,POSITIVE,0.8751393556594849,unknown,unknown,,0.9966831803321838
26367,Saari Duniya Jalaa Denge Remix (Remix By Dj Chetas),"Mar 13, 2024, 10:27:22 AM PST",Music,Music Mix,NEGATIVE,0.9721325039863586,unknown,unknown,,0.9954992532730103
26785,That's Outrageous 💀,"Mar 9, 2024, 1:54:57 PM PST",Reviews,,POSITIVE,0.9991355538368225,reaction,unknown,"dramatic,serious,personal",0.38280022144317627
27200,Maan Meri Jaan | Official Music Video | Champagne Talk | King,"Mar 4, 2024, 10:56:32 AM PST",Music,Official Music Video,POSITIVE,0.9941864013671875,unknown,unknown,,0.9963053464889526
26368,Tum Kya Mile Lofi Beat,"Mar 13, 2024, 10:24:18 AM PST",Music,Music Mix,NEGATIVE,0.8515685200691223,unknown,unknown,,0.9922988414764404
26786,You can try this 🤭,"Mar 9, 2024, 1:54:46 PM PST",Entertainment,,POSITIVE,0.6910149455070496,reaction,entertainment,"funny,informative,casual,dramatic",0.6545966267585754
26369,Behne Do,"Mar 13, 2024, 10:24:13 AM PST",Entertainment,,POSITIVE,0.9481381773948669,reaction,information,"informative,professional,dramatic,serious,funny,casual,personal",0.7493613362312317
26787,Women SHOULD Be Paid Less,"Mar 9, 2024, 1:53:35 PM PST",News,,NEGATIVE,0.9987181425094604,guide,information,"serious,informative,dramatic,personal",0.283489465713501
27201,"Tum Se (Full Video): Shahid Kapoor, Kriti | Sachin-Jigar, Raghav Chaitanya, Varun Jain, Indraneel","Mar 4, 2024, 10:52:10 AM PST",Entertainment,,POSITIVE,0.988734781742096,reaction,entertainment,"informative,dramatic,funny,serious,professional",0.909008800983429
26370,tere bina,"Mar 13, 2024, 10:24:10 AM PST",Entertainment,,POSITIVE,0.6518833041191101,reaction,information,"dramatic,informative,serious,casual,funny,personal,professional",0.39400428533554077
26788,Someone tell me what happen here? #dota2 #shorts #queenofpain,"Mar 9, 2024, 1:53:07 PM PST",Gaming,Esports,NEGATIVE,0.996493399143219,commentary,information,"dramatic,personal",0.9730587005615234
26371,Meri Banogi Kya,"Mar 13, 2024, 10:21:24 AM PST",Comedy,,POSITIVE,0.7260138392448425,reaction,comedy,"funny,casual,informative,dramatic,serious,personal,professional",0.6604918837547302
26789,London is lovely this time of year 🥰,"Mar 9, 2024, 1:52:46 PM PST",Entertainment,,POSITIVE,0.9998723268508911,guide,entertainment,"informative,dramatic,funny",0.4339955449104309
27202,"FIGHTER: Ishq Jaisa Kuch Song, Hrithik, Deepika, Vishal-Sheykhar, Shilpa, Kumaar, Bosco-Caesar","Mar 4, 2024, 10:37:05 AM PST",Entertainment,,POSITIVE,0.9798790216445923,guide,entertainment,"dramatic,informative,professional,funny",0.9167678952217102
26372,"Ve Kamleya (From ""Rocky Aur Rani Kii Prem Kahaani"")","Mar 13, 2024, 10:17:17 AM PST",Music,Cover Song,NEGATIVE,0.9850522875785828,unknown,unknown,,0.785647451877594
26790,Slut shame in the comments if your have a tiny one 🍆and no sense of humour 👇,"Mar 9, 2024, 1:52:12 PM PST",Reviews,,NEGATIVE,0.9996283054351807,commentary,information,"serious,dramatic,informative",0.08112607896327972
26373,Dekho Dekho Kaisi Baatein Yahan Ki,"Mar 13, 2024, 10:17:02 AM PST",Comedy,,NEGATIVE,0.6825845837593079,reaction,storytelling,"dramatic,informative,funny,serious,casual,professional,personal",0.9364194273948669
26791,#loyalty #loyaltytest #love,"Mar 9, 2024, 1:50:49 PM PST",Podcast,,POSITIVE,0.986751914024353,guide,unknown,"informative,serious,dramatic",0.03744390606880188
27203,"Maiyya Mainu - Lyrical | Jersey | Shahid Kapoor, Mrunal Thakur| Sachet-Parampara| Shellee | Gowtam T","Mar 4, 2024, 10:33:03 AM PST",Comedy,,POSITIVE,0.9363340139389038,commentary,storytelling,"funny,casual,dramatic",0.9630535244941711
26374,Aahatein,"Mar 13, 2024, 10:17:01 AM PST",Entertainment,,POSITIVE,0.9683603048324585,reaction,entertainment,"dramatic,funny,personal",0.6483699679374695
26792,Cocky Fighter Gets Karma (@KarateCombat),"Mar 9, 2024, 1:50:01 PM PST",Sports,,NEGATIVE,0.9937357902526855,reaction,information,"dramatic,serious,informative,personal,funny",0.16960324347019196
27204,MITRAZ - Muskurahat (Official Audio),"Mar 4, 2024, 10:28:50 AM PST",Music,Music Mix,NEGATIVE,0.8274638652801514,unknown,unknown,,0.9926179051399231
26375,Mazaak,"Mar 13, 2024, 10:16:59 AM PST",Music,Official Music Video,NEGATIVE,0.8477199077606201,unknown,unknown,,0.7135162353515625
26793,Don`t play with electricity. It's not a game 🦧,"Mar 9, 2024, 1:49:38 PM PST",Technology,,NEGATIVE,0.9967415928840637,guide,education,"serious,informative,dramatic,personal,professional",0.40123289823532104
27205,Dil Nu,"Mar 4, 2024, 10:24:56 AM PST",Comedy,,POSITIVE,0.5036099553108215,reaction,information,"dramatic,serious,informative,casual,funny,professional,personal",0.36898285150527954
26376,Tu Hi Hai,"Mar 13, 2024, 10:15:54 AM PST",Comedy,,POSITIVE,0.9855557680130005,reaction,information,"dramatic,informative,serious,funny,professional,personal,casual",0.7204976677894592
26794,Miracle Morphling EZ RAzor Counter #short #shorts,"Mar 9, 2024, 1:49:20 PM PST",Shorts,,NEGATIVE,0.902540922164917,reaction,storytelling,"casual,dramatic,funny,informative",0.9961907863616943
26377,Dooriyan,"Mar 13, 2024, 10:12:27 AM PST",Entertainment,,POSITIVE,0.9928015470504761,reaction,information,"dramatic,informative,serious,professional,funny,personal,casual",0.1857837289571762
26795,“We all got different daddies.” #madeforme #shorts,"Mar 9, 2024, 1:49:10 PM PST",Shorts,,NEGATIVE,0.9832068681716919,commentary,storytelling,"informative,personal,funny,casual,dramatic,professional",0.9643086194992065
27206,"Malang Sajna (Video) Sachet Tandon, Parampara Tandon | Adil Shaikh, Kumaar | Bhushan Kumar","Mar 4, 2024, 10:19:42 AM PST",Comedy,,NEGATIVE,0.9625982642173767,reaction,storytelling,"dramatic,funny,informative,serious,professional",0.784318208694458
26378,Lehanga,"Mar 13, 2024, 10:08:56 AM PST",Entertainment,,NEGATIVE,0.9736246466636658,guide,information,"dramatic,informative,serious,professional,funny,personal",0.448068767786026
26796,Hitting On Sisters Hot Friend @ChristinaCapito,"Mar 9, 2024, 1:48:11 PM PST",Entertainment,,POSITIVE,0.8609510660171509,reaction,information,"informative,funny,dramatic,serious,personal",0.6099767684936523
27207,MITRAZ - Akhiyaan (Official Music Video),"Mar 4, 2024, 10:16:30 AM PST",Music,Official Music Video,POSITIVE,0.9222614765167236,unknown,unknown,,0.9962985515594482
26379,Chidiya,"Mar 13, 2024, 10:04:43 AM PST",Comedy,,POSITIVE,0.9942217469215393,reaction,information,"dramatic,personal,serious,informative,professional,funny,casual",0.5324720740318298
26797,Protesters try to stop biker in the middle of the road 😱 @675kane,"Mar 9, 2024, 1:47:36 PM PST",News,,NEGATIVE,0.9896223545074463,reaction,comedy,"dramatic,funny,serious,informative,personal",0.18831785023212433
27208,Tum Jo Milo,"Mar 4, 2024, 8:28:05 AM PST",Comedy,,NEGATIVE,0.9427562952041626,reaction,information,"dramatic,informative,funny,serious,professional,casual,personal",0.5878668427467346
26380,Satranga (Stripped),"Mar 13, 2024, 10:01:46 AM PST",Technology,,NEGATIVE,0.9953798055648804,reaction,information,"dramatic,serious,personal,informative,professional",0.08423934131860733
26798,Sprinting with heavier and heavier weights.,"Mar 9, 2024, 1:46:59 PM PST",Sports,,NEGATIVE,0.9612197279930115,news,information,"informative,dramatic,serious,professional,funny",0.992384135723114
27209,Dil Haareya,"Mar 4, 2024, 8:24:05 AM PST",Comedy,,POSITIVE,0.9831084609031677,reaction,storytelling,"dramatic,informative,serious,funny,casual,personal,professional",0.758725106716156
26381,Laaree Chootee,"Mar 13, 2024, 9:58:42 AM PST",Music,Official Music Video,NEGATIVE,0.9852235317230225,unknown,unknown,,0.9618505239486694
26799,He does have a point,"Mar 9, 2024, 1:45:35 PM PST",Podcast,,POSITIVE,0.997490406036377,commentary,information,"informative,serious,dramatic,professional,personal,funny",0.5914281606674194
27210,Aaj Ke Baad,"Mar 4, 2024, 8:20:28 AM PST",Comedy,,POSITIVE,0.851074755191803,reaction,storytelling,"informative,dramatic,funny,serious,casual,personal,professional",0.7505451440811157
26382,Teri Baaton Mein Aisa Uljha Jiya Title Song,"Mar 13, 2024, 9:56:09 AM PST",Music,Official Music Video,NEGATIVE,0.5836771130561829,unknown,unknown,,0.9906041622161865
26800,Level 6 Rubick stronger than level 9 Timbersaw #dota2 #shorts #rubick,"Mar 9, 2024, 1:44:05 PM PST",Shorts,,POSITIVE,0.9941600561141968,news,information,"informative,dramatic,funny,professional,serious",0.890670120716095
27211,First Kiss,"Mar 4, 2024, 7:53:13 AM PST",Entertainment,,POSITIVE,0.9995898604393005,reaction,storytelling,"dramatic,personal,informative,funny,casual,serious,professional",0.33548054099082947
26383,Apa Fer Milaangey Mashup 2024,"Mar 13, 2024, 9:56:04 AM PST",Music,Music Mix,NEGATIVE,0.9767741560935974,unknown,unknown,,0.9507952332496643
26801,Friends Telepathy Test 🥳 | Ok Tested,"Mar 9, 2024, 1:43:55 PM PST",Technology,,NEGATIVE,0.952233076095581,guide,unknown,"informative,funny,dramatic",0.03745848312973976
27212,"Ve Kamleya (Redux) (From ""Rocky Aur Rani Kii Prem Kahaani"")","Mar 4, 2024, 7:47:45 AM PST",Entertainment,,NEGATIVE,0.9731637239456177,reaction,storytelling,"dramatic,informative,funny,serious",0.6378859877586365
26384,Let Me See yaa,"Mar 13, 2024, 9:56:03 AM PST",Entertainment,,POSITIVE,0.9970282912254333,reaction,storytelling,"informative,dramatic,funny,casual,personal,serious,professional",0.9625484347343445
26802,COMEBACK OF @tanmaybhat #shorts,"Mar 9, 2024, 1:43:54 PM PST",Shorts,,POSITIVE,0.5519658923149109,reaction,storytelling,"dramatic,informative,funny,casual,professional,serious",0.9806981682777405
27213,Lutt Putt Gaya,"Mar 4, 2024, 7:44:02 AM PST",Sports,,NEGATIVE,0.994986891746521,gameplay,information,"informative,dramatic,professional,funny,serious,casual",0.9884828925132751
26385,Dekha Ek Khwab - Lofi,"Mar 13, 2024, 9:56:02 AM PST",Comedy,,POSITIVE,0.9634705781936646,guide,storytelling,"dramatic,informative,serious,funny,professional,casual",0.9006370902061462
26803,INDIA'S BEST STREET FOOD #iQOOMemeNights,"Mar 9, 2024, 1:29:29 PM PST",Vlogs,,POSITIVE,0.9997314810752869,news,information,"informative,funny,dramatic,serious",0.022231673821806908
27214,BYE - Aditya Bhardwaj (Official Music Video),"Mar 4, 2024, 4:43:33 AM PST",Music,Official Music Video,POSITIVE,0.9991661310195923,unknown,unknown,,0.9952985048294067
26386,Mera Mann,"Mar 13, 2024, 9:56:01 AM PST",Music,Official Music Video,POSITIVE,0.9590761065483093,unknown,unknown,,0.7864341735839844
26804,INDIA'S SMARTEST PROFESSOR,"Mar 9, 2024, 1:05:45 PM PST",Education,Course Material,POSITIVE,0.9998345375061035,news,education,"professional,informative,serious,dramatic",0.8603529334068298
26805,Arjan Vailly,"Mar 9, 2024, 11:29:45 AM PST",Entertainment,,POSITIVE,0.9938911199569702,reaction,information,"professional,informative,dramatic,serious,personal,funny",0.6172266006469727
26387,Anuv Jain Mashup,"Mar 13, 2024, 9:55:34 AM PST",Music,Music Mix,NEGATIVE,0.9555113315582275,unknown,unknown,,0.9487348198890686
27215,"Tareefan | Veere Di Wedding | QARAN  Ft. Badshah | Kareena Kapoor Khan, Sonam Kapoor, Swara & Shikha","Mar 4, 2024, 4:43:29 AM PST",Entertainment,,POSITIVE,0.9680117964744568,reaction,entertainment,"dramatic,informative,funny,serious,professional",0.983337938785553
26388,Tu hai kahan,"Mar 13, 2024, 9:51:27 AM PST",Comedy,,POSITIVE,0.9945993423461914,reaction,information,"dramatic,funny,informative,serious,casual,personal,professional",0.7617990970611572
26806,Radha Ne Shyam Mali Jashe,"Mar 9, 2024, 11:26:06 AM PST",Music,Official Music Video,POSITIVE,0.8509562015533447,unknown,unknown,,0.8365301489830017
27216,Hass Hass (Official Video) Diljit X Sia,"Mar 4, 2024, 4:41:39 AM PST",Comedy,,NEGATIVE,0.912068247795105,reaction,comedy,"dramatic,funny,informative,serious,professional",0.9678208827972412
26807,Channa Ve,"Mar 9, 2024, 11:22:31 AM PST",Entertainment,,POSITIVE,0.9793813824653625,reaction,information,"dramatic,informative,serious,funny,casual,professional,personal",0.5463179349899292
26389,Koi Si (Revibe),"Mar 13, 2024, 9:48:38 AM PST",Music,Official Music Video,POSITIVE,0.6095632910728455,unknown,unknown,,0.7699522972106934
27217,SUMMER HIGH - AP DHILLON (Official Music Video),"Mar 4, 2024, 4:22:09 AM PST",Music,Official Music Video,POSITIVE,0.9599851965904236,unknown,unknown,,0.997473418712616
26808,Saiyaan Dil Main,"Mar 9, 2024, 11:19:12 AM PST",Comedy,,POSITIVE,0.9202283024787903,reaction,comedy,"informative,dramatic,funny,serious,casual,professional,personal",0.9248210191726685
26390,Akhiyaan (Acoustic),"Mar 13, 2024, 9:45:56 AM PST",Music,Official Music Video,POSITIVE,0.9883926510810852,unknown,unknown,,0.8391548991203308
26809,Chaand Ne Kaho,"Mar 9, 2024, 11:11:14 AM PST",Comedy,,NEGATIVE,0.7105908989906311,reaction,storytelling,"dramatic,informative,serious,funny,casual,personal,professional",0.7546696066856384
26391,Kho Gaye Hum Kahan - Lofi Mix,"Mar 13, 2024, 9:45:54 AM PST",Music,Music Mix,POSITIVE,0.9853892922401428,unknown,unknown,,0.9968379735946655
27218,Diljit Dosanjh: LOVER (Official Music Video) Intense | Raj Ranjodh | MoonChild Era,"Mar 4, 2024, 4:19:01 AM PST",Music,Official Music Video,POSITIVE,0.9950581789016724,unknown,unknown,,0.9962105751037598
26810,"Jaikal Mahakal (From ""Goodbye"")","Mar 9, 2024, 11:07:43 AM PST",Music,Cover Song,NEGATIVE,0.8515645861625671,unknown,unknown,,0.8507702350616455
26392,Jaan Nisaar Lofi Mix By L3AD,"Mar 13, 2024, 9:42:40 AM PST",Music,Music Mix,POSITIVE,0.9254096150398254,unknown,unknown,,0.996566653251648
26811,Softly,"Mar 9, 2024, 10:33:19 AM PST",Reviews,,POSITIVE,0.9901832938194275,guide,information,"casual,personal,professional,funny",0.7227808237075806
26393,Cheques,"Mar 13, 2024, 9:39:36 AM PST",Gaming,Gaming News,POSITIVE,0.9075957536697388,guide,information,"informative,serious,professional,dramatic,funny,casual",0.22550441324710846
27219,Dunki Drop 5: O Maahi | Shah Rukh Khan | Taapsee Pannu | Pritam | Arijit Singh | Irshad Kamil,"Mar 4, 2024, 4:01:01 AM PST",Entertainment,,POSITIVE,0.8140936493873596,reaction,entertainment,"dramatic,informative,funny,serious",0.9206304550170898
26812,Chaleya,"Mar 9, 2024, 10:29:57 AM PST",Entertainment,,POSITIVE,0.9423848986625671,reaction,information,"dramatic,informative,serious,personal,professional,funny,casual",0.5083066821098328
26394,Insane,"Mar 13, 2024, 9:36:10 AM PST",Reviews,,NEGATIVE,0.9967740178108215,commentary,unknown,"dramatic,personal",0.5383366942405701
26813,"Main Nikla Gaddi Leke (From ""Gadar 2"")","Mar 9, 2024, 10:11:11 AM PST",Entertainment,,NEGATIVE,0.938710629940033,guide,storytelling,"dramatic,informative,funny,serious",0.5691766142845154
26395,Husn x Apa Fer Milaangey,"Mar 13, 2024, 9:32:10 AM PST",Entertainment,,NEGATIVE,0.9670203924179077,reaction,storytelling,"dramatic,informative,funny,professional,serious,casual,personal",0.9231408834457397
27220,INSANE - AP DHILLON | GURINDER GILL | SHINDA KAHLON (Official Music Video),"Mar 4, 2024, 3:43:09 AM PST",Music,Official Music Video,POSITIVE,0.9587003588676453,unknown,unknown,,0.9930223822593689
26814,Gori Radha Ne Kado Kaan,"Mar 9, 2024, 10:05:44 AM PST",Comedy,,POSITIVE,0.5158194899559021,reaction,storytelling,"informative,dramatic,funny,serious,casual,personal,professional",0.8337717056274414
26396,Papercut [Official HD Music Video] - Linkin Park,"Mar 13, 2024, 2:30:33 AM PST",Music,Official Music Video,NEGATIVE,0.866844654083252,unknown,unknown,,0.9972810745239258
26815,Hua Main,"Mar 9, 2024, 10:01:07 AM PST",Entertainment,,POSITIVE,0.817528486251831,reaction,information,"dramatic,informative,serious,professional,funny,personal",0.4952753484249115
27221,With You - AP Dhillon (Official Music Video),"Mar 4, 2024, 2:59:33 AM PST",Music,Official Music Video,POSITIVE,0.9988898634910583,unknown,unknown,,0.9959681034088135
27222,Deva Deva (Film Version),"Mar 3, 2024, 5:14:12 PM PST",Entertainment,,NEGATIVE,0.9836829304695129,reaction,entertainment,"dramatic,informative,funny,serious",0.8599547743797302
26816,Bol Mari Ambe,Bol Mari Ambe,Music,Official Music Video,NEGATIVE,0.5149987936019897,unknown,unknown,,0.9802708029747009
26397,"Lutt Putt Gaya (Full Video) Shah Rukh Khan,Taapsee,Rajkumar H,Pritam,Arijit,Swanand,IP Singh | Dunki","Mar 13, 2024, 2:30:22 AM PST",Sports,,NEGATIVE,0.9799054265022278,reaction,storytelling,"dramatic,informative,funny,professional,serious",0.9817618727684021
26817,Heer Aasmani,"Mar 9, 2024, 9:53:58 AM PST",Entertainment,,POSITIVE,0.5878885388374329,reaction,information,"dramatic,informative,serious,funny,professional",0.2237914800643921
27223,"Everything Goes ""Rock"" [@porterrobinson - Everything Goes On] WHUNDR Rock Version","Mar 3, 2024, 4:44:38 PM PST",Music,Music Mix,NEGATIVE,0.9176949262619019,unknown,unknown,,0.9675367474555969
26818,Vhalam Aavo Ne,"Mar 9, 2024, 9:48:39 AM PST",Comedy,,NEGATIVE,0.8462300300598145,reaction,information,"dramatic,informative,serious,funny,casual,personal,professional",0.3880223333835602
26398,"Laal Peeli Akhiyaan (Full Video) Shahid Kapoor,Kriti,Tanishq,Romy | Teri Baaton Mein Aisa Uljha Jiya","Mar 13, 2024, 2:29:40 AM PST",Comedy,,POSITIVE,0.9460073113441467,reaction,comedy,"funny,dramatic,informative,serious,professional",0.9346277713775635
27224,Syko - Brooklyn Blood Pop (Instrumental / Monsieur Zy Remix) [NCS Fanmade],"Mar 3, 2024, 4:42:06 PM PST",Music,Music Mix,NEGATIVE,0.9727221727371216,unknown,unknown,,0.9929378032684326
26819,Rang Bhini Radha,"Mar 9, 2024, 9:41:19 AM PST",Music,Official Music Video,POSITIVE,0.9806298613548279,unknown,unknown,,0.8297870755195618
26399,VALORANT Challengers Japan 2024 Split 1 Playoff Day 2,"Mar 13, 2024, 2:28:15 AM PST",Sports,,POSITIVE,0.9873964190483093,guide,information,"dramatic,informative,professional,serious,funny",0.9756182432174683
27225,Tere Bin,"Mar 3, 2024, 4:34:05 PM PST",Entertainment,,POSITIVE,0.99021977186203,reaction,information,"dramatic,informative,serious,funny,professional,casual",0.3416798710823059
26820,Halaji Tar Hath Vakhanu,"Mar 9, 2024, 9:41:15 AM PST",Comedy,,NEGATIVE,0.9420792460441589,reaction,information,"dramatic,informative,funny,serious,professional,casual,personal",0.531897783279419
27226,Hum Toh Deewane,"Mar 3, 2024, 4:34:04 PM PST",Comedy,,NEGATIVE,0.8351719975471497,reaction,comedy,"funny,dramatic,informative,casual,serious,personal,professional",0.9455442428588867
26400,Naina Da Kya Kasoor - Lyrical | AndhaDhun | Ayushmann Khurrana | Radhika Apte | Amit Trivedi,"Mar 13, 2024, 2:26:01 AM PST",Comedy,,POSITIVE,0.9777830243110657,commentary,storytelling,funny,0.9957687854766846
27227,"Phir Aur Kya Chahiye (From ""Zara Hatke Zara Bachke"")","Mar 3, 2024, 4:34:02 PM PST",Comedy,,NEGATIVE,0.8682019710540771,reaction,storytelling,"funny,informative,dramatic,serious",0.9539317488670349
26821,How To Make Paneer At Home | पनीर कैसे बनाये घर पे | Kunal Kapur Malai Paneer Cottage Cheese Recipe,"Mar 9, 2024, 7:04:39 AM PST",Tutorial,,NEGATIVE,0.9048018455505371,tutorial,information,"informative,funny,casual,dramatic",0.9143414497375488
27228,"Besharam Rang (From ""Pathaan"")","Mar 3, 2024, 4:34:01 PM PST",Music,Cover Song,NEGATIVE,0.88443523645401,unknown,unknown,,0.8684067130088806
26822,"Obsessed - Riar Saab, @AbhijaySharma | Official Music Video","Mar 9, 2024, 3:25:53 AM PST",Music,Official Music Video,NEGATIVE,0.9788302183151245,unknown,unknown,,0.9955591559410095
26401,SOFTLY (Official Music Video) KARAN AUJLA | IKKY | LATEST PUNJABI SONGS 2023,"Mar 13, 2024, 2:23:09 AM PST",Music,Official Music Video,NEGATIVE,0.9124212265014648,unknown,unknown,,0.9955788850784302
27229,Marham (Pehle Bhi Main),Marham (Pehle Bhi Main),Music,Official Music Video,NEGATIVE,0.9141127467155457,unknown,unknown,,0.8884375095367432
26823,MITRAZ - Muskurahat (Official Audio),"Mar 9, 2024, 3:21:41 AM PST",Music,Music Mix,NEGATIVE,0.8274638652801514,unknown,unknown,,0.9926179051399231
27230,Chaand Ne Kaho,"Mar 3, 2024, 4:26:45 PM PST",Comedy,,NEGATIVE,0.7105908989906311,reaction,storytelling,"dramatic,informative,serious,funny,casual,personal,professional",0.7546696066856384
26402,"FIGHTER: Sher Khul Gaye (Full Video) Hrithik, Deepika, Vishal-Sheykhar, Benny, Shilpa, Kumaar","Mar 13, 2024, 2:17:39 AM PST",Comedy,,POSITIVE,0.996465802192688,guide,storytelling,"dramatic,informative,professional,funny,serious",0.8482912182807922
27231,Saajan Ve,"Mar 3, 2024, 4:26:44 PM PST",Entertainment,,POSITIVE,0.9185424447059631,reaction,information,"informative,dramatic,professional,serious,funny,personal,casual",0.34884101152420044
26824,"Maiyya Mainu - Lyrical | Jersey | Shahid Kapoor, Mrunal Thakur| Sachet-Parampara| Shellee | Gowtam T","Mar 9, 2024, 3:12:12 AM PST",Comedy,,POSITIVE,0.9363340139389038,commentary,storytelling,"funny,casual,dramatic",0.9630535244941711
26403,Let Her Go X Husn,"Mar 13, 2024, 2:13:21 AM PST",Entertainment,,POSITIVE,0.9452899694442749,reaction,storytelling,"personal,informative,dramatic,casual,serious,professional,funny",0.6566950678825378
27232,Saari Duniya Jalaa Denge,"Mar 3, 2024, 4:25:33 PM PST",Comedy,,NEGATIVE,0.9968048334121704,reaction,storytelling,"informative,dramatic,funny,serious,casual,professional,personal",0.6101096272468567
26404,Maan Meri Jaan | Official Music Video | Champagne Talk | King,"Mar 13, 2024, 2:09:01 AM PST",Music,Official Music Video,POSITIVE,0.9941864013671875,unknown,unknown,,0.9963053464889526
27233,Chor,"Mar 3, 2024, 4:22:04 PM PST",Music,Concert Recording,NEGATIVE,0.98454350233078,unknown,unknown,,0.9883317351341248
26825,"Apna Bana Le - Bhediya | Varun Dhawan, Kriti Sanon| Sachin-Jigar, Arijit Singh, Amitabh Bhattacharya","Mar 9, 2024, 3:08:47 AM PST",Entertainment,,POSITIVE,0.8422959446907043,reaction,entertainment,"funny,dramatic,informative,serious,personal,professional",0.8950905799865723
27234,Alag Aasmaan,"Mar 3, 2024, 4:18:48 PM PST",Entertainment,,NEGATIVE,0.916412353515625,reaction,information,"dramatic,informative,serious,funny,professional",0.35124173760414124
26826,Chaand Baaliyan - Aditya A. (Official Video),"Mar 9, 2024, 3:02:41 AM PST",Entertainment,,POSITIVE,0.9938799142837524,reaction,storytelling,"dramatic,informative,funny,professional,serious",0.9716155529022217
26405,"Jawan: Chaleya (Lyrical Video) | Shah Rukh Khan | Nayanthara | Atlee | Anirudh | Arijit S, Shilpa R","Mar 13, 2024, 2:05:20 AM PST",Entertainment,,POSITIVE,0.9936569333076477,guide,entertainment,"funny,informative,dramatic",0.7610464692115784
27235,Tu Hi Mera (Lofi Flip),"Mar 3, 2024, 4:15:03 PM PST",Music,Official Music Video,POSITIVE,0.9000903367996216,unknown,unknown,,0.9527885317802429
26827,With You - AP Dhillon (Official Music Video),"Mar 9, 2024, 3:00:05 AM PST",Music,Official Music Video,POSITIVE,0.9988898634910583,unknown,unknown,,0.9959681034088135
26406,MITRAZ - Nadiyon sa (Official Video),"Mar 13, 2024, 2:02:36 AM PST",Technology,,POSITIVE,0.8624836206436157,reaction,entertainment,"dramatic,professional,informative,serious,funny",0.8872385621070862
27236,Rangisari,"Mar 3, 2024, 4:11:20 PM PST",Entertainment,,POSITIVE,0.9983530044555664,reaction,information,"dramatic,professional,informative,serious,funny,personal",0.5205918550491333
27237,Heeriye (feat. Arijit Singh),"Mar 3, 2024, 4:08:05 PM PST",Music,Music Mix,POSITIVE,0.9265515804290771,unknown,unknown,,0.9949590563774109
26828,King - Tu Aake Dekhle | The Carnival | The Last Ride | Prod. by Shahbeatz | Latest Hit Songs 2020,"Mar 9, 2024, 2:51:30 AM PST",Music,Music Mix,POSITIVE,0.9236475825309753,unknown,unknown,,0.9938241839408875
26407,King - Tu Aake Dekhle | The Carnival | The Last Ride | Prod. by Shahbeatz | Latest Hit Songs 2020,"Mar 13, 2024, 1:56:47 AM PST",Music,Music Mix,POSITIVE,0.9236475825309753,unknown,unknown,,0.9938241839408875
27238,Tum Se,"Mar 3, 2024, 4:04:28 PM PST",Entertainment,,NEGATIVE,0.9600706696510315,reaction,information,"dramatic,informative,serious,funny,casual,personal,professional",0.4372269809246063
26408,"Obsessed - Riar Saab, @AbhijaySharma | Official Music Video","Mar 13, 2024, 1:53:43 AM PST",Music,Official Music Video,NEGATIVE,0.9788302183151245,unknown,unknown,,0.9955591559410095
27239,Shree Ram Chandra Kripalu Bhajmana,"Mar 3, 2024, 3:33:07 PM PST",Music,Behind the Scenes,POSITIVE,0.989309549331665,unknown,unknown,,0.9794543385505676
26829,Mahiye Jinna Sohna Official Lyrical Video | Darshan Raval | Lijo George | Dard | Naushad Khan,"Mar 9, 2024, 2:45:46 AM PST",Comedy,,POSITIVE,0.9676526784896851,commentary,storytelling,"professional,dramatic,funny,informative",0.8940656781196594
26409,Ritviz - Liggi [Official Music Video],"Mar 13, 2024, 1:50:31 AM PST",Music,Official Music Video,NEGATIVE,0.6218842267990112,unknown,unknown,,0.9880975484848022
27240,Shree Siddhivinayak Mantra And Aarti,"Mar 3, 2024, 3:24:47 PM PST",Music,Music Mix,POSITIVE,0.902162492275238,unknown,unknown,,0.916804850101471
26830,Mahamrityunjay Mantra - Om Tryambakam Yajamahe – 108 Chants,"Mar 8, 2024, 5:57:44 PM PST",Music,Behind the Scenes,NEGATIVE,0.6121081709861755,unknown,unknown,,0.909915030002594
27241,Hona Tha Pyar,"Mar 3, 2024, 3:18:55 PM PST",Music,Official Music Video,POSITIVE,0.5846976637840271,unknown,unknown,,0.853040874004364
26831,Sabai - Million Days (Official Lyric Video) ft. Hoang & Claire Ridgely,"Mar 8, 2024, 3:45:45 PM PST",Music,Lyric Video,POSITIVE,0.9153066873550415,unknown,unknown,,0.9963576197624207
26410,"Akhiyaan Gulaab (Full Video): Shahid Kapoor, Kriti Sanon | Mitraz | Teri Baaton Mein Aisa Uljha Jiya","Mar 13, 2024, 1:47:41 AM PST",Comedy,,POSITIVE,0.986084520816803,reaction,comedy,"informative,funny,dramatic,serious,professional",0.954760730266571
27242,Roobaroo,"Mar 3, 2024, 3:14:14 PM PST",Entertainment,,POSITIVE,0.9874758124351501,reaction,entertainment,"funny,dramatic,informative,serious,casual",0.8039930462837219
26832,Porter Robinson - Look at the Sky (Official Music Video),"Mar 8, 2024, 3:40:30 PM PST",Music,Official Music Video,POSITIVE,0.9968125224113464,unknown,unknown,,0.9980309009552002
27243,"Love You Zindagi (From ""Dear Zindagi"")","Mar 3, 2024, 3:10:22 PM PST",Entertainment,,POSITIVE,0.9997813105583191,reaction,storytelling,"informative,personal,funny,dramatic",0.06987915933132172
26411,"RANGISARI (Video) | JugJugg Jeeyo | Varun D, Kiara A, Anil K, Neetu K | Kanishk & Kavita |","Mar 13, 2024, 1:44:18 AM PST",Sports,,POSITIVE,0.9095914363861084,gameplay,entertainment,"dramatic,informative,funny,serious,professional",0.9415825009346008
27244,Pehla Nasha,"Mar 3, 2024, 2:07:06 PM PST",Entertainment,,NEGATIVE,0.9822114109992981,reaction,information,"dramatic,informative,serious,personal,funny,professional,casual",0.5530283451080322
26833,Porter Robinson - Sad Machine (Official Lyric Video),"Mar 8, 2024, 3:31:50 PM PST",Music,Lyric Video,NEGATIVE,0.9471414089202881,unknown,unknown,,0.9954957365989685
27245,TUM SE HI,"Mar 3, 2024, 2:01:45 PM PST",Tutorial,,POSITIVE,0.9572591185569763,reaction,information,"dramatic,funny,informative,serious,personal,professional,casual",0.6013224720954895
26834,MITRAZ - Muskurahat (Official Audio),"Mar 8, 2024, 3:27:37 PM PST",Music,Music Mix,NEGATIVE,0.8274638652801514,unknown,unknown,,0.9926179051399231
27246,Aaj Kal Zindagi,"Mar 3, 2024, 1:57:31 PM PST",Comedy,,POSITIVE,0.9826812148094177,reaction,storytelling,"informative,dramatic,funny,serious,casual,professional,personal",0.6676772832870483
26412,"Tum Se (Song): Shahid Kapoor, Kriti Sanon | Sachin-Jigar, Raghav Chaitanya, Varun Jain, Indraneel","Mar 13, 2024, 1:41:18 AM PST",Music,Official Music Video,POSITIVE,0.9922624826431274,unknown,unknown,,0.9883182644844055
26835,Tate McRae - greedy (Official Video),"Mar 8, 2024, 3:25:02 PM PST",Music,Official Music Video,NEGATIVE,0.9913600087165833,unknown,unknown,,0.9460278153419495
27247,Kya Mujhe Pyar Hai,"Mar 3, 2024, 1:53:04 PM PST",Comedy,,POSITIVE,0.9576937556266785,reaction,storytelling,"funny,dramatic,informative,casual,personal,serious,professional",0.9251863956451416
26836,Porter Robinson & Madeon - Shelter (Official Audio),"Mar 8, 2024, 3:21:24 PM PST",Music,Music Mix,NEGATIVE,0.9033377766609192,unknown,unknown,,0.9982693791389465
27248,O Sanam,"Mar 3, 2024, 1:49:21 PM PST",Entertainment,,POSITIVE,0.8574649691581726,reaction,information,"dramatic,serious,informative,funny,personal,professional,casual",0.43263328075408936
26413,"Apna Bana Le - Bhediya | Varun Dhawan, Kriti Sanon| Sachin-Jigar, Arijit Singh, Amitabh Bhattacharya","Mar 13, 2024, 1:37:53 AM PST",Entertainment,,POSITIVE,0.8422959446907043,reaction,entertainment,"funny,dramatic,informative,serious,personal,professional",0.8950905799865723
27249,DIL NU - AP DHILLON | SHINDA KAHLON (Official Audio),"Mar 3, 2024, 12:54:27 PM PST",Music,Music Mix,POSITIVE,0.7209709882736206,unknown,unknown,,0.9926182627677917
26414,King x Nick Jonas - Maan Meri Jaan (Afterlife) [Official Video],"Mar 13, 2024, 1:34:57 AM PST",Music,Official Music Video,POSITIVE,0.8751393556594849,unknown,unknown,,0.9966831803321838
26837,ROSA WALTON & HALLIE COGGINS - I REALLY WANT TO STAY AT YOUR HOUSE (LYRIC) AMV CYBERPUNK EDGERUNNERS,"Mar 8, 2024, 3:17:15 PM PST",Music,Lyric Video,POSITIVE,0.9969208240509033,unknown,unknown,,0.8867806196212769
27250,Hass Hass,"Mar 3, 2024, 12:52:22 PM PST",Comedy,,POSITIVE,0.948603093624115,reaction,information,"dramatic,serious,informative,funny,personal",0.412345826625824
26838,Porter Robinson ft. Amy Millan - Divinity (Official Audio),"Mar 8, 2024, 3:11:08 PM PST",Music,Cover Song,POSITIVE,0.9333584904670715,unknown,unknown,,0.989365816116333
27251,Phoebe Ryan - Mine (Illenium Remix),"Mar 3, 2024, 12:48:11 PM PST",Music,Music Mix,NEGATIVE,0.9334700703620911,unknown,unknown,,0.9971413612365723
26415,Diljit Dosanjh: LOVER (Official Music Video) Intense | Raj Ranjodh | MoonChild Era,"Mar 13, 2024, 1:31:49 AM PST",Music,Official Music Video,POSITIVE,0.9950581789016724,unknown,unknown,,0.9962105751037598
26839,"VØJ, Narvent - Memory Reboot (4K Music Video)","Mar 8, 2024, 3:07:11 PM PST",Music,Official Music Video,NEGATIVE,0.9937934875488281,unknown,unknown,,0.9975586533546448
26416,With You - AP Dhillon (Official Music Video),"Mar 13, 2024, 1:29:13 AM PST",Music,Official Music Video,POSITIVE,0.9988898634910583,unknown,unknown,,0.9959681034088135
26840,XINQ with the INCREDIBLE SAVE 😱 - ESL Dota,"Mar 8, 2024, 3:03:06 PM PST",Gaming,Esports,POSITIVE,0.995758593082428,news,entertainment,"dramatic,professional,funny,informative,serious",0.9685821533203125
27252,"Malang Sajna (Video) Sachet Tandon, Parampara Tandon | Adil Shaikh, Kumaar | Bhushan Kumar","Mar 3, 2024, 12:45:33 PM PST",Comedy,,NEGATIVE,0.9625982642173767,reaction,storytelling,"dramatic,funny,informative,serious,professional",0.784318208694458
26417,DIL NU - AP DHILLON | SHINDA KAHLON (Official Audio),"Mar 13, 2024, 1:25:19 AM PST",Music,Music Mix,POSITIVE,0.7209709882736206,unknown,unknown,,0.9926182627677917
26841,Ai Draws Countries as Weapons!,"Mar 8, 2024, 3:03:04 PM PST",Tutorial,,POSITIVE,0.9931052327156067,news,unknown,"dramatic,serious,professional,funny,informative",0.018861355260014534
27253,MITRAZ - Akhiyaan (Official Music Video),"Mar 3, 2024, 12:42:21 PM PST",Music,Official Music Video,POSITIVE,0.9222614765167236,unknown,unknown,,0.9962985515594482
26418,Husn x Apa Fer Milaangey,"Mar 13, 2024, 1:21:17 AM PST",Entertainment,,NEGATIVE,0.9670203924179077,reaction,storytelling,"dramatic,informative,funny,professional,serious,casual,personal",0.9231408834457397
26842,Ai Draws Your Month Your Mythical Creatures!,"Mar 8, 2024, 3:02:44 PM PST",Entertainment,,POSITIVE,0.9945988655090332,guide,storytelling,"professional,informative,dramatic,funny",0.2548472285270691
27254,With You - AP Dhillon (Official Music Video),"Mar 3, 2024, 12:39:45 PM PST",Music,Official Music Video,POSITIVE,0.9988898634910583,unknown,unknown,,0.9959681034088135
26843,Ai Draws Countries as Women!,"Mar 8, 2024, 3:02:00 PM PST",Entertainment,,POSITIVE,0.9952665567398071,guide,entertainment,"professional,dramatic,funny,informative,serious",0.24281461536884308
27255,Excuses (Official Video) | AP Dhillon | Gurinder Gill | Intense,"Mar 3, 2024, 3:32:34 AM PST",Entertainment,,NEGATIVE,0.9896346926689148,commentary,storytelling,"dramatic,serious,informative,professional,funny",0.6254066228866577
26419,"Maiyya Mainu - Lyrical | Jersey | Shahid Kapoor, Mrunal Thakur| Sachet-Parampara| Shellee | Gowtam T","Mar 13, 2024, 1:17:14 AM PST",Comedy,,POSITIVE,0.9363340139389038,commentary,storytelling,"funny,casual,dramatic",0.9630535244941711
26844,Phoebe Ryan - Mine (Illenium Remix),"Mar 8, 2024, 3:00:48 PM PST",Music,Music Mix,NEGATIVE,0.9334700703620911,unknown,unknown,,0.9971413612365723
27256,Ritviz - Sage [Official Music Video],"Mar 3, 2024, 3:28:28 AM PST",Music,Official Music Video,POSITIVE,0.8518282771110535,unknown,unknown,,0.9865063428878784
26845,⭐ Everything Goes On - Porter Robinson | A Community Cover,"Mar 8, 2024, 2:56:41 PM PST",Entertainment,,POSITIVE,0.9913034439086914,reaction,storytelling,"informative,casual,funny",0.7283235192298889
27257,MITRAZ - Muskurahat (Official Audio),"Mar 3, 2024, 3:24:15 AM PST",Music,Music Mix,NEGATIVE,0.8274638652801514,unknown,unknown,,0.9926179051399231
26420,"Malang Sajna (Video) Sachet Tandon, Parampara Tandon | Adil Shaikh, Kumaar | Bhushan Kumar","Mar 13, 2024, 1:14:36 AM PST",Comedy,,NEGATIVE,0.9625982642173767,reaction,storytelling,"dramatic,funny,informative,serious,professional",0.784318208694458
26846,O Humdum Suniyo Re,"Mar 8, 2024, 2:52:26 PM PST",Comedy,,NEGATIVE,0.918188214302063,reaction,comedy,"funny,dramatic,informative,serious,casual,professional,personal",0.9121701121330261
27258,King x Nick Jonas - Maan Meri Jaan (Afterlife) [Official Video],"Mar 3, 2024, 3:21:09 AM PST",Music,Official Music Video,POSITIVE,0.8751393556594849,unknown,unknown,,0.9966831803321838
26421,MITRAZ - Muskurahat (Official Audio),"Mar 13, 2024, 1:10:24 AM PST",Music,Music Mix,NEGATIVE,0.8274638652801514,unknown,unknown,,0.9926179051399231
26847,Papercut [Official HD Music Video] - Linkin Park,"Mar 8, 2024, 2:49:13 PM PST",Music,Official Music Video,NEGATIVE,0.866844654083252,unknown,unknown,,0.9972810745239258
27259,Maan Meri Jaan | Official Music Video | Champagne Talk | King,"Mar 3, 2024, 3:16:50 AM PST",Music,Official Music Video,POSITIVE,0.9941864013671875,unknown,unknown,,0.9963053464889526
26422,MITRAZ - Akhiyaan (Official Music Video),"Mar 13, 2024, 1:07:13 AM PST",Music,Official Music Video,POSITIVE,0.9222614765167236,unknown,unknown,,0.9962985515594482
26848,What I've Done (Official Music Video) [4K Upgrade] - Linkin Park,"Mar 8, 2024, 2:45:44 PM PST",Music,Official Music Video,NEGATIVE,0.6299251914024353,unknown,unknown,,0.9952874779701233
26849,Heavy [Official Music Video] - Linkin Park (feat. Kiiara),"Mar 8, 2024, 2:42:56 PM PST",Music,Official Music Video,NEGATIVE,0.9952321648597717,unknown,unknown,,0.9967026710510254
26423,"FIGHTER: Ishq Jaisa Kuch Song, Hrithik, Deepika, Vishal-Sheykhar, Shilpa, Kumaar, Bosco-Caesar","Mar 13, 2024, 1:04:22 AM PST",Entertainment,,POSITIVE,0.9798790216445923,guide,entertainment,"dramatic,informative,professional,funny",0.9167678952217102
27260,Ik Vaari Aa Full Song | Raabta | Sushant Singh Rajput & Kriti Sanon | Pritam Arijit Singh Amitabh B,"Mar 3, 2024, 3:13:02 AM PST",Music,Official Music Video,POSITIVE,0.9473690390586853,unknown,unknown,,0.9916658401489258
26424,Given Up [Official Music Video] - Linkin Park,"Mar 12, 2024, 9:43:32 PM PST",Music,Official Music Video,NEGATIVE,0.995772659778595,unknown,unknown,,0.9975140690803528
27261,1 A.M Chill Session 🌌 [synthwave],"Mar 3, 2024, 12:19:13 AM PST",Music,Music Mix,NEGATIVE,0.9101824164390564,unknown,unknown,,0.9899935722351074
26850,Directed by Michael Bay #oppenheimer #linkinpark #transformers #whativedone #michaelbay,"Mar 8, 2024, 2:14:27 PM PST",Entertainment,,NEGATIVE,0.9313968420028687,news,entertainment,"professional,dramatic,informative,funny,serious",0.9627218246459961
27262,Porter Robinson - Look At The Sky (Secret Sky Edit),"Mar 3, 2024, 12:12:58 AM PST",Podcast,,POSITIVE,0.9769405126571655,commentary,storytelling,"informative,professional,dramatic,personal,funny,serious",0.9327769875526428
26425,Faint (Official Music Video) [4K UPGRADE] – Linkin Park,"Mar 12, 2024, 9:40:42 PM PST",Music,Official Music Video,NEGATIVE,0.9943335056304932,unknown,unknown,,0.9975315928459167
26851,inna ne kalli kr jana #punjabiqueen #couple #viralvideo #punjabishorts,"Mar 8, 2024, 2:00:03 PM PST",Shorts,,NEGATIVE,0.9881929755210876,reaction,entertainment,"funny,dramatic,informative,casual",0.8955584764480591
27263,Porter Robinson - Sad Machine (Nurture Version),"Mar 3, 2024, 12:04:36 AM PST",Podcast,,NEGATIVE,0.9859558343887329,commentary,storytelling,"dramatic,informative,personal",0.7724167108535767
26426,Bleed It Out (Official Music Video) [4K Upgrade] - Linkin Park,"Mar 12, 2024, 9:37:52 PM PST",Music,Official Music Video,NEGATIVE,0.9972345232963562,unknown,unknown,,0.9977805614471436
26852,AP Dhillon Insane with Bhangra Empire and Naina Batra,"Mar 8, 2024, 1:59:47 PM PST",Entertainment,,NEGATIVE,0.7946931719779968,reaction,entertainment,"dramatic,funny",0.9757171869277954
27264,Porter Robinson - Get Your Wish (Secret Sky Edit),"Mar 2, 2024, 11:58:50 PM PST",Podcast,,POSITIVE,0.6360278129577637,guide,storytelling,"informative,professional,dramatic,serious,funny,personal",0.9585313200950623
26427,Final Masquerade [Official Music Video] - Linkin Park,"Mar 12, 2024, 9:32:47 PM PST",Music,Official Music Video,NEGATIVE,0.7131345272064209,unknown,unknown,,0.9964568614959717
27265,King x Nick Jonas - Maan Meri Jaan (Afterlife) [Official Lyric Video],"Mar 2, 2024, 11:55:54 PM PST",Music,Lyric Video,POSITIVE,0.861149787902832,unknown,unknown,,0.9965716004371643
26428,From The Inside (Official Music Video) [4K UPGRADE] – Linkin Park,"Mar 12, 2024, 9:29:48 PM PST",Music,Official Music Video,POSITIVE,0.7219269275665283,unknown,unknown,,0.9919763207435608
26853,Lucknow basket chaat Rs 250 #chaatrecipe #youtubers #foodiesunite #indianfoodeating #wowindia,"Mar 8, 2024, 1:59:45 PM PST",Entertainment,,NEGATIVE,0.9760450124740601,commentary,storytelling,"dramatic,informative,funny",0.5721120834350586
26429,Numb (Official Music Video) [4K UPGRADE] – Linkin Park,"Mar 12, 2024, 9:26:40 PM PST",Music,Official Music Video,NEGATIVE,0.9982829093933105,unknown,unknown,,0.9972855448722839
27266,UNSTOPPABLE (@sia ROCK Cover by NO RESOLVE & @HinderBackstage) (Official Music Video),"Mar 2, 2024, 11:51:16 PM PST",Music,Official Music Video,NEGATIVE,0.9961466789245605,unknown,unknown,,0.9939292073249817
26430,Heavy [Official Music Video] - Linkin Park (feat. Kiiara),"Mar 12, 2024, 9:23:50 PM PST",Music,Official Music Video,NEGATIVE,0.9952321648597717,unknown,unknown,,0.9967026710510254
26854,Insane | AP Dhillon | Bhangralicious #insane #apdhillon #bhangralicious #dancechallenge #punjabi,"Mar 8, 2024, 1:59:28 PM PST",Music,Official Music Video,NEGATIVE,0.988280177116394,unknown,unknown,,0.8505550026893616
26855,This dance is so much fun! It took us way too many attempts!,"Mar 8, 2024, 1:58:59 PM PST",Entertainment,,POSITIVE,0.9715623259544373,guide,entertainment,"funny,personal",0.9830369353294373
27267,It's not how you start but how you finish that Matters #motivation #success #achievement #ytshorts,"Mar 2, 2024, 11:50:43 PM PST",Shorts,,POSITIVE,0.9883621335029602,guide,information,"informative,funny",0.8517887592315674
26431,Ik Vaari Aa Full Song | Raabta | Sushant Singh Rajput & Kriti Sanon | Pritam Arijit Singh Amitabh B,"Mar 12, 2024, 7:47:15 PM PST",Music,Official Music Video,POSITIVE,0.9473690390586853,unknown,unknown,,0.9916658401489258
27268,"October 22, 2021","October 22, 2021",Reviews,,POSITIVE,0.9951190948486328,guide,information,"dramatic,serious,informative,personal,professional,funny,casual",0.6317852735519409
26856,INSANE - AP DHILLON | GURINDER GILL | SHINDA KAHLON (Official Music Video),"Mar 8, 2024, 12:48:01 PM PST",Music,Official Music Video,POSITIVE,0.9587003588676453,unknown,unknown,,0.9930223822593689
27269,"WOW, HOW Did They Do That? Mind-Blowing  😱😱  #shortvideos  #likes #wow #shorts #share","Mar 2, 2024, 11:49:58 PM PST",Shorts,,NEGATIVE,0.6892473101615906,reaction,entertainment,"dramatic,funny",0.9891889095306396
26432,"Akhiyaan Gulaab (Song): Shahid Kapoor, Kriti Sanon | Mitraz | Teri Baaton Mein Aisa Uljha Jiya","Mar 12, 2024, 7:44:39 PM PST",Music,Official Music Video,POSITIVE,0.9697220921516418,unknown,unknown,,0.9953700304031372
27270,Best teamwork gameplay #valorant #valorantclips #valoranthighlights,"Mar 2, 2024, 11:48:13 PM PST",Gaming,Gameplay,POSITIVE,0.9983697533607483,gameplay,entertainment,"professional,dramatic,informative,funny",0.7981348633766174
26433,Ritviz - Liggi [Official Music Video],"Mar 12, 2024, 7:41:26 PM PST",Music,Official Music Video,NEGATIVE,0.6218842267990112,unknown,unknown,,0.9880975484848022
26857,King - Tu Aake Dekhle | The Carnival | The Last Ride | Prod. by Shahbeatz | Latest Hit Songs 2020,"Mar 8, 2024, 12:42:37 PM PST",Music,Music Mix,POSITIVE,0.9236475825309753,unknown,unknown,,0.9938241839408875
27271,Not All White Men are White Men,"Mar 2, 2024, 11:47:40 PM PST",News,,POSITIVE,0.5207919478416443,news,information,"informative,serious,personal,dramatic,funny",0.9511013031005859
26858,MITRAZ - Nadiyon sa (Official Video),"Mar 8, 2024, 12:39:53 PM PST",Technology,,POSITIVE,0.8624836206436157,reaction,entertainment,"dramatic,professional,informative,serious,funny",0.8872385621070862
26434,MITRAZ - Muskurahat (Official Audio),"Mar 12, 2024, 7:37:12 PM PST",Music,Music Mix,NEGATIVE,0.8274638652801514,unknown,unknown,,0.9926179051399231
27272,Kia is Very Smart😍 ft. Kia EV6,"Mar 2, 2024, 11:46:40 PM PST",Technology,,POSITIVE,0.5522530674934387,news,information,"professional,informative,funny,serious,dramatic",0.9919730424880981
27273,Coke Studio | Season 14 | Pasoori | Ali Sethi x Shae Gill,"Mar 2, 2024, 10:12:20 PM PST",Podcast,,POSITIVE,0.8197348117828369,guide,storytelling,"informative,professional,dramatic,funny,serious",0.8857947587966919
26859,"RANGISARI (Video) | JugJugg Jeeyo | Varun D, Kiara A, Anil K, Neetu K | Kanishk & Kavita |","Mar 8, 2024, 12:36:03 PM PST",Sports,,POSITIVE,0.9095914363861084,gameplay,entertainment,"dramatic,informative,funny,serious,professional",0.9415825009346008
26435,King - Tu Aake Dekhle | The Carnival | The Last Ride | Prod. by Shahbeatz | Latest Hit Songs 2020,"Mar 12, 2024, 7:31:48 PM PST",Music,Music Mix,POSITIVE,0.9236475825309753,unknown,unknown,,0.9938241839408875
26436,MITRAZ - Akhiyaan (Official Music Video),"Mar 12, 2024, 7:28:37 PM PST",Music,Official Music Video,POSITIVE,0.9222614765167236,unknown,unknown,,0.9962985515594482
26860,"Apna Bana Le - Bhediya | Varun Dhawan, Kriti Sanon| Sachin-Jigar, Arijit Singh, Amitabh Bhattacharya","Mar 8, 2024, 12:32:38 PM PST",Entertainment,,POSITIVE,0.8422959446907043,reaction,entertainment,"funny,dramatic,informative,serious,personal,professional",0.8950905799865723
27274,Ik Vaari Aa Full Song | Raabta | Sushant Singh Rajput & Kriti Sanon | Pritam Arijit Singh Amitabh B,"Mar 2, 2024, 10:08:32 PM PST",Music,Official Music Video,POSITIVE,0.9473690390586853,unknown,unknown,,0.9916658401489258
26437,With You - AP Dhillon (Official Music Video),"Mar 12, 2024, 7:26:01 PM PST",Music,Official Music Video,POSITIVE,0.9988898634910583,unknown,unknown,,0.9959681034088135
27275,Maan Meri Jaan | Official Music Video | Champagne Talk | King,"Mar 2, 2024, 10:04:13 PM PST",Music,Official Music Video,POSITIVE,0.9941864013671875,unknown,unknown,,0.9963053464889526
26438,DIL NU - AP DHILLON | SHINDA KAHLON (Official Audio),"Mar 12, 2024, 7:22:07 PM PST",Music,Music Mix,POSITIVE,0.7209709882736206,unknown,unknown,,0.9926182627677917
26861,"Tum Se (Song): Shahid Kapoor, Kriti Sanon | Sachin-Jigar, Raghav Chaitanya, Varun Jain, Indraneel","Mar 8, 2024, 12:29:52 PM PST",Music,Official Music Video,POSITIVE,0.9922624826431274,unknown,unknown,,0.9883182644844055
27276,"Maiyya Mainu - Lyrical | Jersey | Shahid Kapoor, Mrunal Thakur| Sachet-Parampara| Shellee | Gowtam T","Mar 2, 2024, 10:00:10 PM PST",Comedy,,POSITIVE,0.9363340139389038,commentary,storytelling,"funny,casual,dramatic",0.9630535244941711
26439,"Maiyya Mainu - Lyrical | Jersey | Shahid Kapoor, Mrunal Thakur| Sachet-Parampara| Shellee | Gowtam T","Mar 12, 2024, 7:18:04 PM PST",Comedy,,POSITIVE,0.9363340139389038,commentary,storytelling,"funny,casual,dramatic",0.9630535244941711
26862,"Malang Sajna (Video) Sachet Tandon, Parampara Tandon | Adil Shaikh, Kumaar | Bhushan Kumar","Mar 8, 2024, 12:27:14 PM PST",Comedy,,NEGATIVE,0.9625982642173767,reaction,storytelling,"dramatic,funny,informative,serious,professional",0.784318208694458
27277,DIL NU - AP DHILLON | SHINDA KAHLON (Official Audio),"Mar 2, 2024, 9:56:15 PM PST",Music,Music Mix,POSITIVE,0.7209709882736206,unknown,unknown,,0.9926182627677917
27278,With You - AP Dhillon (Official Music Video),"Mar 2, 2024, 9:53:39 PM PST",Music,Official Music Video,POSITIVE,0.9988898634910583,unknown,unknown,,0.9959681034088135
26440,"Malang Sajna (Video) Sachet Tandon, Parampara Tandon | Adil Shaikh, Kumaar | Bhushan Kumar","Mar 12, 2024, 7:15:25 PM PST",Comedy,,NEGATIVE,0.9625982642173767,reaction,storytelling,"dramatic,funny,informative,serious,professional",0.784318208694458
26863,Diljit Dosanjh: LOVER (Official Music Video) Intense | Raj Ranjodh | MoonChild Era,"Mar 8, 2024, 12:24:06 PM PST",Music,Official Music Video,POSITIVE,0.9950581789016724,unknown,unknown,,0.9962105751037598
26441,Husn x Apa Fer Milaangey,"Mar 12, 2024, 7:11:24 PM PST",Entertainment,,NEGATIVE,0.9670203924179077,reaction,storytelling,"dramatic,informative,funny,professional,serious,casual,personal",0.9231408834457397
26864,Ritviz - Liggi [Official Music Video],"Mar 8, 2024, 12:20:53 PM PST",Music,Official Music Video,NEGATIVE,0.6218842267990112,unknown,unknown,,0.9880975484848022
27279,"Malang Sajna (Video) Sachet Tandon, Parampara Tandon | Adil Shaikh, Kumaar | Bhushan Kumar","Mar 2, 2024, 9:46:27 PM PST",Comedy,,NEGATIVE,0.9625982642173767,reaction,storytelling,"dramatic,funny,informative,serious,professional",0.784318208694458
26865,MITRAZ - Gulaab (Official Audio),"Mar 8, 2024, 12:18:03 PM PST",Music,Music Mix,POSITIVE,0.6443721652030945,unknown,unknown,,0.9897652268409729
26442,Diljit Dosanjh: LOVER (Official Music Video) Intense | Raj Ranjodh | MoonChild Era,"Mar 12, 2024, 7:08:15 PM PST",Music,Official Music Video,POSITIVE,0.9950581789016724,unknown,unknown,,0.9962105751037598
27280,Mahiye Jinna Sohna Official Lyrical Video | Darshan Raval | Lijo George | Dard | Naushad Khan,"Mar 2, 2024, 9:43:20 PM PST",Comedy,,POSITIVE,0.9676526784896851,commentary,storytelling,"professional,dramatic,funny,informative",0.8940656781196594
26866,Husn x Apa Fer Milaangey,"Mar 8, 2024, 12:14:01 PM PST",Entertainment,,NEGATIVE,0.9670203924179077,reaction,storytelling,"dramatic,informative,funny,professional,serious,casual,personal",0.9231408834457397
27281,1 HOUR Everything Goes On - Porter Robinson,"Mar 2, 2024, 9:40:28 PM PST",Podcast,,POSITIVE,0.9968626499176025,news,storytelling,"dramatic,informative,funny,professional,casual,serious",0.9492360353469849
26867,Chaand Baaliyan - Aditya A. (Official Video),"Mar 8, 2024, 12:12:18 PM PST",Entertainment,,POSITIVE,0.9938799142837524,reaction,storytelling,"dramatic,informative,funny,professional,serious",0.9716155529022217
26443,"Main Nikla Gaddi Leke | Gadar 2 | Sunny Deol, Ameesha P, Utkarsh| Mithoon, Udit N, Aditya N| Uttam S","Mar 12, 2024, 7:07:36 PM PST",Comedy,,POSITIVE,0.8183253407478333,reaction,comedy,"funny,informative,dramatic,serious,professional",0.9522680044174194
26444,King x Nick Jonas - Maan Meri Jaan (Afterlife) [Official Video],"Mar 12, 2024, 7:04:30 PM PST",Music,Official Music Video,POSITIVE,0.8751393556594849,unknown,unknown,,0.9966831803321838
26868,"Maiyya Mainu - Lyrical | Jersey | Shahid Kapoor, Mrunal Thakur| Sachet-Parampara| Shellee | Gowtam T","Mar 8, 2024, 12:07:53 PM PST",Comedy,,POSITIVE,0.9363340139389038,commentary,storytelling,"funny,casual,dramatic",0.9630535244941711
27282,Everything Goes On - Porter Robinson [Rock Ver] | Cover by Akahana Haru ft. Izomii 💫,"Mar 2, 2024, 9:37:03 PM PST",Music,Cover Song,POSITIVE,0.9744668006896973,unknown,unknown,,0.9932386875152588
26869,Dil Nu,"Mar 8, 2024, 12:03:58 PM PST",Comedy,,POSITIVE,0.5036099553108215,reaction,information,"dramatic,serious,informative,casual,funny,professional,personal",0.36898285150527954
26445,"Tum Se (Full Video): Shahid Kapoor, Kriti | Sachin-Jigar, Raghav Chaitanya, Varun Jain, Indraneel","Mar 12, 2024, 7:00:08 PM PST",Entertainment,,POSITIVE,0.988734781742096,reaction,entertainment,"informative,dramatic,funny,serious,professional",0.909008800983429
26870,Ritviz - Sage [Official Music Video],"Mar 8, 2024, 11:59:42 AM PST",Music,Official Music Video,POSITIVE,0.8518282771110535,unknown,unknown,,0.9865063428878784
27283,Aum Mangalam Singlem  | Official Trailer | Malhar | Aarohi | Saandeep Patel | Sachin-Jigar,"Mar 2, 2024, 7:50:54 PM PST",Music,Music Mix,NEGATIVE,0.9879893064498901,unknown,unknown,,0.943350076675415
26871,Wo Noor,"Mar 8, 2024, 11:56:22 AM PST",Comedy,,NEGATIVE,0.9871309399604797,reaction,information,"dramatic,casual,funny,serious,informative,personal,professional",0.5527756810188293
27284,Dil Mere,"Mar 2, 2024, 6:29:13 PM PST",Comedy,,NEGATIVE,0.9355818033218384,reaction,information,"casual,informative,dramatic,serious,funny,personal,professional",0.3847641050815582
26446,"FIGHTER: Ishq Jaisa Kuch Song, Hrithik, Deepika, Vishal-Sheykhar, Shilpa, Kumaar, Bosco-Caesar","Mar 12, 2024, 6:57:47 PM PST",Entertainment,,POSITIVE,0.9798790216445923,guide,entertainment,"dramatic,informative,professional,funny",0.9167678952217102
26872,With You - AP Dhillon (Official Music Video),"Mar 8, 2024, 11:53:46 AM PST",Music,Official Music Video,POSITIVE,0.9988898634910583,unknown,unknown,,0.9959681034088135
27285,Apna Bana Le By Akhil Sachdeva,"Mar 2, 2024, 6:25:42 PM PST",Comedy,,POSITIVE,0.8857619762420654,reaction,comedy,"funny,dramatic,informative,professional,casual,serious,personal",0.9605017900466919
26447,Sound Of Walking Away X Divinity X Shelter (Music Video),"Mar 12, 2024, 5:33:54 PM PST",Music,Music Mix,NEGATIVE,0.9842373728752136,unknown,unknown,,0.9950057864189148
27286,"Raataan Lambiyan (From ""Shershaah"")","Mar 2, 2024, 6:21:51 PM PST",Comedy,,NEGATIVE,0.9417164921760559,reaction,storytelling,"dramatic,informative,funny,serious,professional",0.26414862275123596
26873,King x Nick Jonas - Maan Meri Jaan (Afterlife) [Official Video],"Mar 8, 2024, 11:43:26 AM PST",Music,Official Music Video,POSITIVE,0.8751393556594849,unknown,unknown,,0.9966831803321838
26448,"VØJ, Narvent - Memory Reboot (4K Music Video)","Mar 12, 2024, 5:29:56 PM PST",Music,Official Music Video,NEGATIVE,0.9937934875488281,unknown,unknown,,0.9975586533546448
27287,Nazm Nazm,"Mar 2, 2024, 6:18:04 PM PST",Music,Official Music Video,NEGATIVE,0.6987879872322083,unknown,unknown,,0.8662074208259583
26449,⭐ Everything Goes On - Porter Robinson | A Community Cover,"Mar 12, 2024, 5:26:01 PM PST",Entertainment,,POSITIVE,0.9913034439086914,reaction,storytelling,"informative,casual,funny",0.7283235192298889
27288,Saiyaan Dil Main,"Mar 2, 2024, 6:14:45 PM PST",Comedy,,POSITIVE,0.9202283024787903,reaction,comedy,"informative,dramatic,funny,serious,casual,professional,personal",0.9248210191726685
26874,"FIGHTER: Ishq Jaisa Kuch Song, Hrithik, Deepika, Vishal-Sheykhar, Shilpa, Kumaar, Bosco-Caesar","Mar 8, 2024, 11:41:05 AM PST",Entertainment,,POSITIVE,0.9798790216445923,guide,entertainment,"dramatic,informative,professional,funny",0.9167678952217102
26450,In The End [Official HD Music Video] - Linkin Park,"Mar 12, 2024, 4:46:22 PM PST",Music,Official Music Video,NEGATIVE,0.9379395842552185,unknown,unknown,,0.9966042637825012
27289,KABIRA,"Mar 2, 2024, 6:11:01 PM PST",Entertainment,,POSITIVE,0.980975866317749,reaction,information,"dramatic,informative,serious,funny,professional,personal",0.5023779273033142
26875,MITRAZ - Akhiyaan (Official Music Video),"Mar 8, 2024, 11:37:48 AM PST",Music,Official Music Video,POSITIVE,0.9222614765167236,unknown,unknown,,0.9962985515594482
26451,Kaho Poonam Na (feat. Simran Choudhary),"Mar 12, 2024, 4:21:28 PM PST",Music,Lyric Video,POSITIVE,0.8464381098747253,unknown,unknown,,0.9866817593574524
27290,Laaree Chootee,"Mar 2, 2024, 6:07:58 PM PST",Music,Official Music Video,NEGATIVE,0.9852235317230225,unknown,unknown,,0.9618505239486694
26876,DIL NU - AP DHILLON | SHINDA KAHLON (Official Audio),"Mar 8, 2024, 11:35:30 AM PST",Music,Music Mix,POSITIVE,0.7209709882736206,unknown,unknown,,0.9926182627677917
26452,Gori Tame Manda Lidha Mohi Raj,"Mar 12, 2024, 4:18:41 PM PST",Comedy,,NEGATIVE,0.7461315393447876,reaction,storytelling,"informative,dramatic,funny,serious,casual,professional,personal",0.7632591724395752
27291,Heer Ranjha,"Mar 2, 2024, 6:02:48 PM PST",Entertainment,,NEGATIVE,0.7927747368812561,reaction,information,"dramatic,informative,professional,serious,personal,funny",0.34850361943244934
26877,Mahiye Jinna Sohna,"Mar 8, 2024, 11:34:44 AM PST",Entertainment,,NEGATIVE,0.7192556262016296,guide,information,"informative,dramatic,serious,funny,professional,casual,personal",0.5022781491279602
26453,Radha Ne Shyam Mali Jashe,"Mar 12, 2024, 4:15:01 PM PST",Music,Official Music Video,POSITIVE,0.8509562015533447,unknown,unknown,,0.8365301489830017
27292,Maan Meri Jaan,"Mar 2, 2024, 5:54:54 PM PST",Comedy,,POSITIVE,0.9047510027885437,reaction,comedy,"funny,dramatic,informative,serious,casual,personal,professional",0.8082795143127441
26878,Alag Aasmaan,"Mar 8, 2024, 11:31:11 AM PST",Entertainment,,NEGATIVE,0.916412353515625,reaction,information,"dramatic,informative,serious,funny,professional",0.35124173760414124
26454,Mahiye Jinna Sohna,"Mar 12, 2024, 4:11:58 PM PST",Entertainment,,NEGATIVE,0.7192556262016296,guide,information,"informative,dramatic,serious,funny,professional,casual,personal",0.5022781491279602
27293,O Maahi,"Mar 2, 2024, 5:51:00 PM PST",Music,Official Music Video,POSITIVE,0.988103449344635,unknown,unknown,,0.5492512583732605
26879,Immortal Tusk Escaping #dota #dota2 #dota2highlights,"Mar 8, 2024, 11:28:04 AM PST",Gaming,Esports,NEGATIVE,0.9814648032188416,gameplay,entertainment,"dramatic,informative,funny,professional,serious",0.9918546080589294
27294,Malang Sajna,"Mar 2, 2024, 5:48:19 PM PST",Entertainment,,NEGATIVE,0.9741942286491394,reaction,information,"dramatic,informative,serious,funny,professional,casual,personal",0.41537490487098694
26880,Dariya,"Mar 8, 2024, 11:27:33 AM PST",Entertainment,,POSITIVE,0.9355951547622681,reaction,information,"dramatic,informative,serious,funny,personal,professional,casual",0.29641425609588623
27295,Ve Kamleya - Asees Version,"Mar 2, 2024, 5:45:19 PM PST",Entertainment,,NEGATIVE,0.9643954634666443,reaction,information,"informative,dramatic,serious,funny,professional",0.35543447732925415
26455,"Need You To Stay | EOTY Melodic Mix (Ft. ILLENIUM, Last Heroes, William Black & Friends) By TZUNAAMI","Mar 12, 2024, 3:31:41 PM PST",Music,Music Mix,POSITIVE,0.9870080351829529,unknown,unknown,,0.9949743151664734
27296,Maine Royaan x Somebody's Me,"Mar 2, 2024, 5:45:15 PM PST",Comedy,,NEGATIVE,0.9548879861831665,reaction,storytelling,"personal,informative,funny,dramatic,serious",0.7319655418395996
26456,CASTLE OF GLASS (Official Music Video) [4K Upgrade] - Linkin Park,"Mar 12, 2024, 3:25:23 PM PST",Music,Official Music Video,POSITIVE,0.8847189545631409,unknown,unknown,,0.998014509677887
26881,Update 7.33 is Crazy 🔥 Ancient vs 3 Legends using Armlet of Mordiggian #dota2,"Mar 8, 2024, 11:27:30 AM PST",Gaming,Esports,NEGATIVE,0.9604150652885437,gameplay,entertainment,"dramatic,funny,serious,informative",0.9666953682899475
27297,Kitni Bechain Hoke,"Mar 2, 2024, 5:45:02 PM PST",Comedy,,NEGATIVE,0.9902921319007874,reaction,comedy,"funny,dramatic,informative,serious,professional,personal,casual",0.9677932858467102
26457,New Divide (Official Music Video) [4K Upgrade] - Linkin Park,"Mar 12, 2024, 3:20:54 PM PST",Music,Official Music Video,NEGATIVE,0.9189328551292419,unknown,unknown,,0.9972079396247864
26882,Akhiyaan Gulaab,"Mar 8, 2024, 11:24:42 AM PST",Comedy,,NEGATIVE,0.8898099064826965,reaction,information,"informative,dramatic,funny,serious,professional,casual,personal",0.6217514276504517
27298,Bahara X,"Mar 2, 2024, 5:42:15 PM PST",Entertainment,,POSITIVE,0.977432131767273,reaction,information,"dramatic,informative,serious,professional,funny,casual,personal",0.6564145684242249
26458,Papercut [Official HD Music Video] - Linkin Park,"Mar 12, 2024, 3:17:51 PM PST",Music,Official Music Video,NEGATIVE,0.866844654083252,unknown,unknown,,0.9972810745239258
26883,Heeriye (feat. Arijit Singh),"Mar 8, 2024, 11:21:27 AM PST",Music,Music Mix,POSITIVE,0.9265515804290771,unknown,unknown,,0.9949590563774109
27299,Husn x Apa Fer Milaangey,"Mar 2, 2024, 5:38:14 PM PST",Entertainment,,NEGATIVE,0.9670203924179077,reaction,storytelling,"dramatic,informative,funny,professional,serious,casual,personal",0.9231408834457397
26884,TUM SE HI,"Mar 8, 2024, 11:20:18 AM PST",Tutorial,,POSITIVE,0.9572591185569763,reaction,information,"dramatic,funny,informative,serious,personal,professional,casual",0.6013224720954895
26459,BURN IT DOWN (Official Music Video) [4K Upgrade] - Linkin Park,"Mar 12, 2024, 3:13:57 PM PST",Music,Official Music Video,NEGATIVE,0.9975073933601379,unknown,unknown,,0.9979191422462463
27300,"The Chainsmokers, ILLENIUM - Takeaway (Official Video) ft. Lennon Stella","Mar 2, 2024, 5:26:02 PM PST",Music,Official Music Video,NEGATIVE,0.9476616382598877,unknown,unknown,,0.9970569014549255
26885,Tere Bin,"Mar 8, 2024, 11:14:55 AM PST",Entertainment,,POSITIVE,0.99021977186203,reaction,information,"dramatic,informative,serious,funny,professional,casual",0.3416798710823059
26460,What I've Done (Official Music Video) [4K Upgrade] - Linkin Park,"Mar 12, 2024, 3:10:30 PM PST",Music,Official Music Video,NEGATIVE,0.6299251914024353,unknown,unknown,,0.9952874779701233
26886,Malang Sajna,"Mar 8, 2024, 11:12:14 AM PST",Entertainment,,NEGATIVE,0.9741942286491394,reaction,information,"dramatic,informative,serious,funny,professional,casual,personal",0.41537490487098694
27301,Deep Chills - Run Free (feat. IVIE) (Official Audio) TikTok #shoechange,"Mar 2, 2024, 5:23:06 PM PST",Music,Music Mix,NEGATIVE,0.971788763999939,unknown,unknown,,0.9970607757568359
26461,2024 Latest Bollywood Workout For MOTIVATION | Figher | Jawan | Yuva,"Mar 12, 2024, 3:09:41 PM PST",Tutorial,,POSITIVE,0.9948287606239319,news,unknown,"informative,dramatic",0.005261867772787809
26887,Saiyaan Dil Main,"Mar 8, 2024, 11:08:55 AM PST",Comedy,,POSITIVE,0.9202283024787903,reaction,comedy,"informative,dramatic,funny,serious,casual,professional,personal",0.9248210191726685
27302,MITRAZ - Muskurahat (Official Audio),"Mar 2, 2024, 5:18:53 PM PST",Music,Music Mix,NEGATIVE,0.8274638652801514,unknown,unknown,,0.9926179051399231
26462,Chaleya,"Mar 12, 2024, 3:09:06 PM PST",Entertainment,,POSITIVE,0.9423848986625671,reaction,information,"dramatic,informative,serious,personal,professional,funny,casual",0.5083066821098328
26888,Nain Ta Heere,"Mar 8, 2024, 11:05:18 AM PST",Entertainment,,NEGATIVE,0.9775888919830322,reaction,information,"informative,dramatic,serious,funny,casual,professional,personal",0.5315612554550171
27303,The Chainsmokers - All We Know (Official Video) ft. Phoebe Ryan,"Mar 2, 2024, 5:15:16 PM PST",Music,Official Music Video,POSITIVE,0.6295612454414368,unknown,unknown,,0.9966634511947632
26463,Rang Bhini Radha,"Mar 12, 2024, 3:06:06 PM PST",Music,Official Music Video,POSITIVE,0.9806298613548279,unknown,unknown,,0.8297870755195618
26889,Maan Meri Jaan,"Mar 8, 2024, 11:05:16 AM PST",Comedy,,POSITIVE,0.9047510027885437,reaction,comedy,"funny,dramatic,informative,serious,casual,personal,professional",0.8082795143127441
26464,Khalasi | Coke Studio Bharat,"Mar 12, 2024, 2:28:47 PM PST",Entertainment,,NEGATIVE,0.9703730344772339,reaction,entertainment,"professional,informative,dramatic,funny,serious,casual",0.9193496108055115
27304,Vicetone - Nevada (ft. Cozi Zuehlsdorff),"Mar 2, 2024, 5:11:47 PM PST",Music,Live Performance,POSITIVE,0.7407066226005554,unknown,unknown,,0.7712715864181519
26890,Heer Ranjha,"Mar 8, 2024, 11:05:14 AM PST",Entertainment,,NEGATIVE,0.7927747368812561,reaction,information,"dramatic,informative,professional,serious,personal,funny",0.34850361943244934
26465,BBE AJ & Big Boogie - Big Truck (Official Music Video),"Mar 12, 2024, 2:25:51 PM PST",Music,Official Music Video,NEGATIVE,0.9788834452629089,unknown,unknown,,0.9929163455963135
27305,"VØJ, Narvent - Memory Reboot (4K Music Video)","Mar 2, 2024, 5:07:50 PM PST",Music,Official Music Video,NEGATIVE,0.9937934875488281,unknown,unknown,,0.9975586533546448
26891,Namo Namo,"Mar 8, 2024, 11:05:11 AM PST",Music,Official Music Video,POSITIVE,0.5455085039138794,unknown,unknown,,0.619493305683136
27306,Dil Nu,"Mar 2, 2024, 5:03:56 PM PST",Comedy,,POSITIVE,0.5036099553108215,reaction,information,"dramatic,serious,informative,casual,funny,professional,personal",0.36898285150527954
26466,Leave Out All The Rest (Official Music Video) [4K Upgrade] - Linkin Park,"Mar 12, 2024, 2:03:10 PM PST",Music,Official Music Video,NEGATIVE,0.9953115582466125,unknown,unknown,,0.9889655709266663
26892,Nazm Nazm,"Mar 8, 2024, 11:01:24 AM PST",Music,Official Music Video,NEGATIVE,0.6987879872322083,unknown,unknown,,0.8662074208259583
27307,MITRAZ - Akhiyaan (Official Music Video),"Mar 2, 2024, 5:00:57 PM PST",Music,Official Music Video,POSITIVE,0.9222614765167236,unknown,unknown,,0.9962985515594482
26893,Chor,"Mar 8, 2024, 10:57:56 AM PST",Music,Concert Recording,NEGATIVE,0.98454350233078,unknown,unknown,,0.9883317351341248
27308,Phoebe Ryan - Mine (Illenium Remix),"Mar 2, 2024, 4:56:45 PM PST",Music,Music Mix,NEGATIVE,0.9334700703620911,unknown,unknown,,0.9971413612365723
26467,"FIGHTER: Sher Khul Gaye Song, Hrithik, Deepika, Vishal-Sheykhar, Benny, Shilpa, Kumaar, Bosco-Caesar","Mar 12, 2024, 2:00:59 PM PST",Music,Music Mix,POSITIVE,0.9943442344665527,unknown,unknown,,0.8995113372802734
26894,Tum Se,"Mar 8, 2024, 10:54:04 AM PST",Entertainment,,NEGATIVE,0.9600706696510315,reaction,information,"dramatic,informative,serious,funny,casual,personal,professional",0.4372269809246063
27309,https://www.youtube.com/watch?v=XGTwWS6f7Ak,"Mar 2, 2024, 3:41:58 PM PST",Entertainment,,NEGATIVE,0.9552282094955444,reaction,information,"informative,funny,dramatic,serious,professional",0.7641121745109558
26895,Lutt Putt Gaya,"Mar 8, 2024, 10:50:52 AM PST",Sports,,NEGATIVE,0.994986891746521,gameplay,information,"informative,dramatic,professional,funny,serious,casual",0.9884828925132751
26468,Naina Da Kya Kasoor - Full Video | AndhaDhun | Ayushmann Khurrana | Radhika Apte | Amit Trivedi,"Mar 12, 2024, 1:57:15 PM PST",Comedy,,POSITIVE,0.8536848425865173,reaction,entertainment,"informative,funny,dramatic,professional,serious",0.9590322971343994
26896,Ve Kamleya - Asees Version,"Mar 8, 2024, 10:36:10 AM PST",Entertainment,,NEGATIVE,0.9643954634666443,reaction,information,"informative,dramatic,serious,funny,professional",0.35543447732925415
26897,Ve Kamleya - Lofi,"Mar 8, 2024, 10:36:01 AM PST",Comedy,,POSITIVE,0.6348210573196411,reaction,information,"dramatic,informative,serious,funny,professional,casual",0.7151395678520203
27310,"O Humdum Suniyo Re LYRICAL Song | Saathiya |A R Rahman, \ Lyrical video made By M&P lyrical videos","Mar 2, 2024, 3:41:50 PM PST",Music,Lyric Video,NEGATIVE,0.925667405128479,unknown,unknown,,0.9730448126792908
26469,"Apna Bana Le - Bhediya | Varun Dhawan, Kriti Sanon| Sachin-Jigar, Arijit Singh, Amitabh Bhattacharya","Mar 12, 2024, 1:53:50 PM PST",Entertainment,,POSITIVE,0.8422959446907043,reaction,entertainment,"funny,dramatic,informative,serious,personal,professional",0.8950905799865723
26898,Halki Halki Si,"Mar 8, 2024, 10:35:59 AM PST",Comedy,,POSITIVE,0.894827127456665,reaction,information,"dramatic,informative,funny,serious,professional,casual,personal",0.6042271256446838
27311,Martin Garrix - Forbidden Voices (Official Music Video),Martin Garrix - Forbidden Voices (Official Music Video),Music,Official Music Video,NEGATIVE,0.9802447557449341,unknown,unknown,,0.9964911937713623
26899,Jiya Jaise,"Mar 8, 2024, 10:35:55 AM PST",Entertainment,,POSITIVE,0.9900339245796204,reaction,information,"informative,dramatic,serious,professional,funny,personal,casual",0.595548689365387
27312,Gajanana,"Mar 2, 2024, 3:36:59 PM PST",Entertainment,,POSITIVE,0.9858465790748596,reaction,information,"dramatic,informative,serious,professional,funny,personal,casual",0.42395126819610596
26900,Goodbye,"Mar 8, 2024, 10:35:53 AM PST",Reviews,,NEGATIVE,0.9987832903862,reaction,information,"dramatic,casual,serious,personal,professional,informative,funny",0.5174168348312378
26470,"RANGISARI (Video) | JugJugg Jeeyo | Varun D, Kiara A, Anil K, Neetu K | Kanishk & Kavita |","Mar 12, 2024, 1:50:26 PM PST",Sports,,POSITIVE,0.9095914363861084,gameplay,entertainment,"dramatic,informative,funny,serious,professional",0.9415825009346008
27313,Syko - Brooklyn Blood Pop (Instrumental / Monsieur Zy Remix) [NCS Fanmade],"Mar 2, 2024, 3:36:09 PM PST",Music,Music Mix,NEGATIVE,0.9727221727371216,unknown,unknown,,0.9929378032684326
26901,Haaniya,"Mar 8, 2024, 10:34:43 AM PST",Entertainment,,POSITIVE,0.9735853672027588,reaction,information,"dramatic,informative,funny,serious,professional,personal,casual",0.45715001225471497
26471,Dil Nu,"Mar 12, 2024, 1:38:06 PM PST",Comedy,,POSITIVE,0.5036099553108215,reaction,information,"dramatic,serious,informative,casual,funny,professional,personal",0.36898285150527954
26902,Husn x Apa Fer Milaangey,"Mar 8, 2024, 10:30:40 AM PST",Entertainment,,NEGATIVE,0.9670203924179077,reaction,storytelling,"dramatic,informative,funny,professional,serious,casual,personal",0.9231408834457397
26472,Tate McRae - greedy (Official Video),"Mar 12, 2024, 1:35:30 PM PST",Music,Official Music Video,NEGATIVE,0.9913600087165833,unknown,unknown,,0.9460278153419495
27314,3 Hour Lofi Music 🌃 Lofi In City Mix [ Beats To Study / Relax To ],"Mar 2, 2024, 3:33:25 PM PST",Music,Music Mix,POSITIVE,0.9693016409873962,unknown,unknown,,0.9943332076072693
26903,Saanware,"Mar 7, 2024, 5:46:30 PM PST",Technology,,NEGATIVE,0.9951882362365723,reaction,information,"professional,serious,informative,dramatic,funny",0.9753888845443726
26473,Ek Ajnabee Haseena Se,"Mar 12, 2024, 1:33:55 PM PST",Entertainment,,POSITIVE,0.5293907523155212,reaction,information,"informative,casual,funny,dramatic,serious,professional,personal",0.7176762819290161
27315,Shree Siddhivinayak Mantra And Aarti,"Mar 2, 2024, 3:30:02 PM PST",Music,Music Mix,POSITIVE,0.902162492275238,unknown,unknown,,0.916804850101471
26904,Husn x Apa Fer Milaangey,"Mar 7, 2024, 5:42:30 PM PST",Entertainment,,NEGATIVE,0.9670203924179077,reaction,storytelling,"dramatic,informative,funny,professional,serious,casual,personal",0.9231408834457397
26474,Please don't LEAN towards me! #shorts,"Mar 12, 2024, 1:31:44 PM PST",Shorts,,NEGATIVE,0.5320339202880859,reaction,information,"personal,serious,dramatic,informative,funny,casual",0.9916402697563171
27316,"Kudmayi (Film Version) (From ""Rocky Aur Rani Kii Prem Kahaani"")","Mar 2, 2024, 3:29:54 PM PST",Entertainment,,NEGATIVE,0.9842954874038696,reaction,storytelling,"dramatic,informative,funny,serious",0.6566977500915527
26475,Rangisari,"Mar 12, 2024, 1:30:07 PM PST",Entertainment,,POSITIVE,0.9983530044555664,reaction,information,"dramatic,professional,informative,serious,funny,personal",0.5205918550491333
27317,Tum Se,"Mar 2, 2024, 3:25:28 PM PST",Entertainment,,NEGATIVE,0.9600706696510315,reaction,information,"dramatic,informative,serious,funny,casual,personal,professional",0.4372269809246063
26905,"Naina | Crew | Diljit Dosanjh, Ft. Badshah | Tabu, Kareena Kapoor Khan, Kriti Sanon | Raj Ranjodh","Mar 7, 2024, 5:26:50 PM PST",Entertainment,,POSITIVE,0.9670609831809998,reaction,entertainment,"informative,professional,funny,dramatic,serious",0.8975651860237122
26476,Aajkal Tere Mere Pyar Ke Charche,"Mar 12, 2024, 1:27:00 PM PST",Comedy,,POSITIVE,0.5723615288734436,reaction,storytelling,"informative,dramatic,funny,serious,casual,personal,professional",0.8736332654953003
27318,Kyun Dhunde,"Mar 2, 2024, 3:25:19 PM PST",Entertainment,,POSITIVE,0.9891639947891235,guide,information,"informative,dramatic,professional,serious,funny,personal,casual",0.459501177072525
26477,Naina x Satranga,"Mar 12, 2024, 1:22:46 PM PST",Entertainment,,POSITIVE,0.9413004517555237,reaction,information,"dramatic,informative,professional,serious,funny,casual,personal",0.7793534398078918
27319,"Gallan (From ""Teri Baaton Mein Aisa Uljha Jiya"")","Mar 2, 2024, 3:23:21 PM PST",Comedy,,NEGATIVE,0.9860243201255798,reaction,storytelling,"funny,dramatic,informative,serious,casual",0.7618719935417175
26906,Funniest Memes I found On The Internet 😂 part 16  #viral #shorts #funnymemes #funny,"Mar 7, 2024, 5:26:24 PM PST",Shorts,,POSITIVE,0.9989790916442871,reaction,comedy,"funny,informative,casual",0.9841753840446472
26478,Khayaal,"Mar 12, 2024, 1:19:37 PM PST",Entertainment,,POSITIVE,0.84309983253479,reaction,information,"dramatic,serious,informative,funny,professional,personal",0.28925594687461853
27320,Sadqay,"Mar 2, 2024, 3:23:18 PM PST",Entertainment,,NEGATIVE,0.9332277774810791,reaction,information,"dramatic,serious,personal,informative,funny,casual",0.18493470549583435
26907,The officer exceeded his authority and was disciplined for it...   #movie #series,"Mar 7, 2024, 5:25:23 PM PST",Reviews,,NEGATIVE,0.9978533387184143,unknown,storytelling,"serious,dramatic,informative,funny",0.015586777590215206
27321,Kho Gaye,"Mar 2, 2024, 3:23:01 PM PST",Comedy,,POSITIVE,0.9518161416053772,reaction,information,"dramatic,informative,serious,funny,personal,casual,professional",0.8566923141479492
26908,ATF taught VIRTUS PRO this trick 🤯 - ESL Dota,"Mar 7, 2024, 5:14:47 PM PST",Gaming,Esports,NEGATIVE,0.9887131452560425,tutorial,education,"funny,informative,professional,dramatic,serious",0.9773192405700684
26479,"Tum Se (Song): Shahid Kapoor, Kriti Sanon | Sachin-Jigar, Raghav Chaitanya, Varun Jain, Indraneel","Mar 12, 2024, 1:15:41 PM PST",Music,Official Music Video,POSITIVE,0.9922624826431274,unknown,unknown,,0.9883182644844055
27322,Subah Se Shaam (Male Version),"Mar 2, 2024, 3:22:58 PM PST",Entertainment,,NEGATIVE,0.968326210975647,guide,information,"informative,dramatic,serious,funny,personal,professional",0.291421502828598
26909,Dissolving metal with sound,"Mar 7, 2024, 5:13:47 PM PST",Technology,,NEGATIVE,0.9819674491882324,reaction,entertainment,"dramatic,professional,informative,funny,serious",0.9558617472648621
26480,Roadtrip Mashup,"Mar 12, 2024, 1:14:40 PM PST",Entertainment,,NEGATIVE,0.9980056881904602,reaction,entertainment,"dramatic,funny,informative",0.624091386795044
27323,Pehle Bhi Main (Future Bass) (Remix By Dj Basque),"Mar 2, 2024, 3:21:17 PM PST",Music,Music Mix,POSITIVE,0.6715275645256042,unknown,unknown,,0.9964573383331299
26910,Porter Robinson - Get Your Wish (Secret Sky Edit),"Mar 7, 2024, 3:43:19 PM PST",Podcast,,POSITIVE,0.6360278129577637,guide,storytelling,"informative,professional,dramatic,serious,funny,personal",0.9585313200950623
26481,Sang Rahiyo (feat. Ujjwal Kashyap),"Mar 12, 2024, 1:14:25 PM PST",Music,Lyric Video,POSITIVE,0.9971039891242981,unknown,unknown,,0.996515154838562
27324,Old Flame (feat. AADIA),"Mar 2, 2024, 3:20:27 PM PST",Music,Music Mix,POSITIVE,0.9960592985153198,unknown,unknown,,0.9772931933403015
26911,Mr.Kitty • After Dark // Jennifer Connelly • Career Opportunities,"Mar 7, 2024, 3:35:50 PM PST",Entertainment,,POSITIVE,0.999312162399292,guide,information,"informative,dramatic,funny,professional",0.572924792766571
26482,Daryaa,"Mar 12, 2024, 1:13:18 PM PST",Entertainment,,POSITIVE,0.6768586039543152,reaction,information,"dramatic,serious,informative,funny,personal,professional,casual",0.4415426552295685
27325,Tarsati Hai Nigahen (Ghalat Fehmi),"Mar 2, 2024, 3:17:24 PM PST",Comedy,,NEGATIVE,0.8040645122528076,guide,storytelling,"dramatic,informative,serious,funny,casual,professional,personal",0.5501781105995178
26483,Let Her Go X Husn,"Mar 12, 2024, 1:09:00 PM PST",Entertainment,,POSITIVE,0.9452899694442749,reaction,storytelling,"personal,informative,dramatic,casual,serious,professional,funny",0.6566950678825378
26912,CYBERPUNK 2077 SOUNDTRACK - I REALLY WANT TO STAY AT YOUR HOUSE by Rosa Walton & Hallie Coggins,"Mar 7, 2024, 3:31:08 PM PST",Podcast,,POSITIVE,0.9989681243896484,reaction,entertainment,"personal,funny,dramatic,informative,serious",0.9889222979545593
27326,"Raat Akeli Thi (From ""Merry Christmas"")","Mar 2, 2024, 3:13:00 PM PST",Entertainment,,NEGATIVE,0.8434765338897705,guide,storytelling,"informative,funny,dramatic",0.13611739873886108
26484,Teri Jhuki Nazar (Film Version),"Mar 12, 2024, 1:08:59 PM PST",Entertainment,,NEGATIVE,0.8291049599647522,reaction,storytelling,"dramatic,informative,funny,serious",0.863243818283081
27327,Kahani Suno 2.0,"Mar 2, 2024, 3:10:06 PM PST",Technology,,POSITIVE,0.996426522731781,reaction,information,"informative,dramatic,serious,professional,funny",0.6942025423049927
26913,⭐ Everything Goes On - Porter Robinson | A Community Cover,"Mar 7, 2024, 3:23:30 PM PST",Entertainment,,POSITIVE,0.9913034439086914,reaction,storytelling,"informative,casual,funny",0.7283235192298889
26485,"Kesariya (From ""Brahmastra"")","Mar 12, 2024, 1:08:58 PM PST",Music,Official Music Video,POSITIVE,0.7324939966201782,unknown,unknown,,0.3402031660079956
26914,Criminal,"Mar 7, 2024, 3:05:52 PM PST",Reviews,,NEGATIVE,0.9965603947639465,news,unknown,"serious,dramatic,informative",0.03187035024166107
27328,Akhiyaan Gulaab,"Mar 2, 2024, 3:06:01 PM PST",Comedy,,NEGATIVE,0.8898099064826965,reaction,information,"informative,dramatic,funny,serious,professional,casual,personal",0.6217514276504517
26486,Tum Se,"Mar 12, 2024, 1:08:55 PM PST",Entertainment,,NEGATIVE,0.9600706696510315,reaction,information,"dramatic,informative,serious,funny,casual,personal,professional",0.4372269809246063
27329,Kuch Din,"Mar 2, 2024, 3:04:37 PM PST",Comedy,,NEGATIVE,0.9393128156661987,reaction,information,"dramatic,informative,serious,funny,casual,professional,personal",0.6378514170646667
26915,Ajab Si,"Mar 7, 2024, 1:53:43 PM PST",Comedy,,POSITIVE,0.8636714816093445,reaction,information,"dramatic,informative,funny,serious,casual,professional,personal",0.3431346118450165
26487,Paracetamol,"Mar 12, 2024, 1:08:52 PM PST",Tutorial,,NEGATIVE,0.8873159885406494,guide,unknown,"informative,dramatic,funny",0.010523679666221142
27330,O Piya,"Mar 2, 2024, 3:01:44 PM PST",Entertainment,,POSITIVE,0.9966098666191101,reaction,information,"dramatic,informative,serious,funny,personal,professional,casual",0.551979660987854
26916,Chand Sifarish,"Mar 7, 2024, 1:49:07 PM PST",Entertainment,,POSITIVE,0.9403481483459473,reaction,information,"dramatic,informative,serious,professional,funny,personal,casual",0.3651542663574219
26488,Man Trapped In A Clock Amsterdam Airport!,"Mar 12, 2024, 11:35:43 AM PST",News,,NEGATIVE,0.9755902886390686,news,information,"dramatic,serious,funny,informative",0.8706493973731995
27331,Mulaqat,"Mar 2, 2024, 2:57:38 PM PST",Entertainment,,NEGATIVE,0.9301766157150269,reaction,information,"dramatic,informative,serious,professional,funny,casual,personal",0.41506144404411316
26917,Lutt Putt Gaya,"Mar 7, 2024, 1:45:24 PM PST",Sports,,NEGATIVE,0.994986891746521,gameplay,information,"informative,dramatic,professional,funny,serious,casual",0.9884828925132751
26489,Code Black!!!,"Mar 12, 2024, 11:34:42 AM PST",Gaming,Esports,NEGATIVE,0.8839818835258484,news,information,"serious,dramatic,informative,personal",0.08422122895717621
26918,You And Me,"Mar 7, 2024, 1:45:15 PM PST",Entertainment,,POSITIVE,0.9994706511497498,reaction,storytelling,"personal,informative,funny,casual,serious,dramatic,professional",0.6180170178413391
27332,Phoebe Ryan - Mine (Win & Woo Remix),"Mar 2, 2024, 1:49:39 PM PST",Music,Music Mix,POSITIVE,0.9897422790527344,unknown,unknown,,0.9979947805404663
26490,https://www.youtube.com/watch?v=mRFCPMlHh_k,"Mar 12, 2024, 11:33:41 AM PST",Entertainment,,NEGATIVE,0.9661055207252502,reaction,information,"informative,funny,dramatic,serious,professional",0.7366177439689636
26919,Yeh Dooriyan (Lofi Flip),"Mar 7, 2024, 1:45:14 PM PST",Entertainment,,NEGATIVE,0.9496594667434692,reaction,storytelling,"dramatic,informative,funny,serious,professional,casual",0.6790263652801514
27333,Martin Garrix feat. Bonn - High On Life (Official Video),Martin Garrix feat. Bonn - High On Life (Official Video),Music,Official Music Video,POSITIVE,0.9923267960548401,unknown,unknown,,0.9977059960365295
26491,They don't even know who this homeless man was in the past😨 #movie #series,"Mar 12, 2024, 11:32:45 AM PST",Entertainment,,NEGATIVE,0.9991708993911743,reaction,storytelling,"funny,dramatic,informative,serious,casual",0.9141899943351746
26920,Aahatein,"Mar 7, 2024, 1:45:12 PM PST",Entertainment,,POSITIVE,0.9683603048324585,reaction,entertainment,"dramatic,funny,personal",0.6483699679374695
27334,Tate McRae - greedy (Official Video),"Mar 2, 2024, 1:35:48 PM PST",Music,Official Music Video,NEGATIVE,0.9913600087165833,unknown,unknown,,0.9460278153419495
26492,Outplay Monkey King #dota #dota2,"Mar 12, 2024, 11:32:06 AM PST",Gaming,Gameplay,NEGATIVE,0.986585259437561,gameplay,entertainment,"dramatic,informative,funny,professional,serious,personal",0.9811281561851501
26921,Kahani Suno 2.0,"Mar 7, 2024, 1:45:10 PM PST",Technology,,POSITIVE,0.996426522731781,reaction,information,"informative,dramatic,serious,professional,funny",0.6942025423049927
27335,Mehboob,"Mar 2, 2024, 11:11:33 AM PST",Comedy,,POSITIVE,0.9901050925254822,reaction,comedy,"casual,dramatic,informative,funny,personal",0.8846102356910706
26922,Taaj (Acoustic),"Mar 7, 2024, 1:45:06 PM PST",Music,Music Review,POSITIVE,0.786331057548523,unknown,unknown,,0.890552282333374
27336,Mi Amor,"Mar 2, 2024, 11:06:56 AM PST",Music,Official Music Video,POSITIVE,0.9943495392799377,unknown,unknown,,0.9425367712974548
26493,Jimmy ROASTS Robert Downey Jr 😳 #Oscars #JimmyKimmel #RobertDowneyJr #funny #comedy #marvel #shorts,"Mar 12, 2024, 11:31:25 AM PST",Comedy,,POSITIVE,0.8460968136787415,reaction,comedy,"funny,dramatic,casual,informative",0.9897273778915405
26923,Mannat (Lofi Remix),"Mar 7, 2024, 12:36:38 PM PST",Music,Music Mix,NEGATIVE,0.8781170845031738,unknown,unknown,,0.9943294525146484
27337,Aisay Kaisay,"Mar 2, 2024, 11:03:37 AM PST",Entertainment,,POSITIVE,0.9900851249694824,reaction,information,"informative,dramatic,serious,funny,professional,personal,casual",0.27476000785827637
26494,US Senator Can’t Tell Difference Between China and Singapore 😂,Cyrus Janssen,Comedy,,NEGATIVE,0.9741047024726868,news,comedy,"funny,dramatic,serious,informative",0.9884520769119263
26924,Riha,"Mar 7, 2024, 12:34:10 PM PST",Entertainment,,POSITIVE,0.9989821314811707,reaction,information,"dramatic,informative,serious,personal,professional,funny",0.35472360253334045
27338,"Ve Kamleya (From ""Rocky Aur Rani Kii Prem Kahaani"")","Mar 2, 2024, 10:59:30 AM PST",Music,Cover Song,NEGATIVE,0.9850522875785828,unknown,unknown,,0.785647451877594
26925,Kaali Kaali Zulfon Ke,"Mar 7, 2024, 12:29:38 PM PST",Comedy,,POSITIVE,0.8953509330749512,reaction,comedy,"dramatic,funny,informative,serious,casual,professional,personal",0.9366281628608704
27339,Aankhein,"Mar 2, 2024, 10:55:51 AM PST",Entertainment,,NEGATIVE,0.889988899230957,reaction,information,"dramatic,serious,informative,funny,casual,personal,professional",0.25504785776138306
26926,Khoya,"Mar 7, 2024, 12:27:28 PM PST",Comedy,,POSITIVE,0.9618293046951294,reaction,information,"dramatic,funny,informative,serious,professional,casual,personal",0.8703488111495972
26495,MAAN MERI JAAN 🥺❤️ || King || Nick Jonas || King Concert || New Life King,"Mar 12, 2024, 11:30:15 AM PST",Music,Live Performance,POSITIVE,0.9859578013420105,unknown,unknown,,0.9963132739067078
27340,"Arjan Vailly Remix (Remix By Dj Chetas,Lijo George)","Mar 2, 2024, 10:53:50 AM PST",Music,Music Mix,POSITIVE,0.9792302250862122,unknown,unknown,,0.9958956837654114
26496,Found out her son was a genius😌 #movie #series,"Mar 12, 2024, 11:28:35 AM PST",Entertainment,,NEGATIVE,0.9784210324287415,reaction,entertainment,"informative,funny,dramatic",0.9067479372024536
26927,One Love,"Mar 7, 2024, 12:27:27 PM PST",Music,Lyric Video,POSITIVE,0.9994469285011292,unknown,unknown,,0.130243182182312
27341,Ve Haaniyaan,"Mar 2, 2024, 6:36:35 AM PST",Comedy,,POSITIVE,0.9583518505096436,reaction,comedy,"dramatic,funny,informative,serious,personal,professional,casual",0.4851796627044678
26497,m0NESY OVERPASS ACE #shorts,"Mar 12, 2024, 11:28:31 AM PST",Shorts,,NEGATIVE,0.9969949722290039,news,entertainment,"casual,funny,dramatic,informative",0.9820055961608887
26928,Aa Mil,"Mar 7, 2024, 12:27:26 PM PST",Music,Official Music Video,NEGATIVE,0.9986323714256287,unknown,unknown,,0.6096150279045105
26498,RESPECT 😱🤯🥶💯🔥 #respect #respectshorts,"Mar 12, 2024, 11:28:19 AM PST",Shorts,,POSITIVE,0.9965264201164246,guide,storytelling,"funny,informative,casual,dramatic,personal,professional",0.9954599142074585
26929,Yeh Vaada Raha (Trap Mix),"Mar 7, 2024, 12:27:24 PM PST",Music,Music Review,NEGATIVE,0.9847837686538696,unknown,unknown,,0.9838040471076965
27342,"Teri Ada (Video) Kaushik-Guddu | Mohit Chauhan ft.Saumya U | Mohsin Khan, Shivangi Joshi | Kunaal V","Mar 2, 2024, 6:33:02 AM PST",Music,Official Music Video,POSITIVE,0.5070679187774658,unknown,unknown,,0.9382145404815674
26930,Sukoon,"Mar 7, 2024, 12:27:18 PM PST",Entertainment,,POSITIVE,0.9955165982246399,reaction,information,"dramatic,serious,informative,professional,funny,casual,personal",0.49128973484039307
26499,Mental Health 🌿 #corecore #sadcore #hopecore,"Mar 12, 2024, 11:27:15 AM PST",Tutorial,,NEGATIVE,0.9841439723968506,commentary,information,"serious,informative,dramatic,personal",0.010935178957879543
27343,I'll Do It - Ayesha Erotica (sped up),"Mar 2, 2024, 3:40:28 AM PST",Entertainment,,POSITIVE,0.9099713563919067,reaction,entertainment,"dramatic,funny,personal,informative",0.9673357009887695
26931,Hasi Ban Gaye,"Mar 7, 2024, 12:27:16 PM PST",Entertainment,,NEGATIVE,0.9568882584571838,guide,information,"dramatic,informative,serious,funny,professional,personal",0.4385755956172943
26500,https://www.youtube.com/watch?v=SQPsZnlUx0A,"Mar 12, 2024, 11:27:11 AM PST",Entertainment,,NEGATIVE,0.9623191356658936,reaction,information,"informative,funny,dramatic,serious,professional",0.7324947714805603
27344,Edward Maya - Stereo Love • [sped up],Edward Maya - Stereo Love • [sped up],Music,Official Music Video,POSITIVE,0.9877104163169861,unknown,unknown,,0.9657005071640015
26932,Mi Amor,"Mar 7, 2024, 12:26:39 PM PST",Music,Official Music Video,POSITIVE,0.9943495392799377,unknown,unknown,,0.9425367712974548
26501,"Wow, a little girl can push a car","Mar 12, 2024, 11:26:47 AM PST",Technology,,POSITIVE,0.9976152181625366,news,information,"dramatic,funny,informative,personal",0.8039550185203552
27345,i'll do it - ayesha erotica (sped up),"Mar 2, 2024, 3:32:29 AM PST",Entertainment,,POSITIVE,0.9099713563919067,reaction,entertainment,"dramatic,personal,funny,informative,professional",0.9546200633049011
26933,Khalasi X StarBoy,"Mar 7, 2024, 12:23:17 PM PST",Entertainment,,POSITIVE,0.9355087876319885,gameplay,entertainment,"dramatic,informative,funny,professional,serious",0.888106107711792
26502,💀 Uncanny meme 004 #uncanny #mrincrediblememe #funny,"Mar 12, 2024, 11:26:00 AM PST",Comedy,,POSITIVE,0.9931540489196777,reaction,comedy,"funny,dramatic,informative,casual",0.7635613679885864
27346,Ayesha Erotica - I’ll do it  (Speed Up)🤍,"Mar 2, 2024, 3:29:20 AM PST",Entertainment,,POSITIVE,0.9712891578674316,reaction,entertainment,"funny,dramatic,informative,personal,professional",0.9491623640060425
26934,Tere Vaaste - Modern Lofi,"Mar 7, 2024, 12:23:05 PM PST",Music,Cover Song,NEGATIVE,0.753701388835907,unknown,unknown,,0.7213380336761475
26503,Schoolboy meet the Student boy #armwrestling #schoolboy,"Mar 12, 2024, 11:25:25 AM PST",Sports,,POSITIVE,0.757251501083374,news,entertainment,"informative,funny,dramatic,personal",0.9896785616874695
27347,obsessed (speed up),"Mar 2, 2024, 3:25:45 AM PST",Technology,,NEGATIVE,0.9966918230056763,reaction,unknown,"dramatic,informative,personal",0.13124817609786987
26935,Safar (Lo-fi),"Mar 7, 2024, 12:22:45 PM PST",Technology,,NEGATIVE,0.9945304989814758,guide,information,"informative,dramatic,serious,funny,professional",0.03911081701517105
26504,Storm Spirit and ARCANE RUNE,"Mar 12, 2024, 11:24:52 AM PST",Entertainment,,POSITIVE,0.9880028963088989,gameplay,entertainment,"dramatic,informative,serious,funny,professional",0.4492999017238617
27348,obsessed - sped up,"Mar 2, 2024, 3:19:27 AM PST",Technology,,NEGATIVE,0.9925228953361511,reaction,entertainment,"dramatic,personal,informative",0.42492151260375977
26936,Obsessed,"Mar 7, 2024, 12:19:34 PM PST",Entertainment,,NEGATIVE,0.9962583780288696,reaction,information,"personal,dramatic,serious",0.6765794157981873
26505,Messi vs Goalkeepers 😈,"Mar 12, 2024, 11:24:09 AM PST",Entertainment,,NEGATIVE,0.9240121245384216,gameplay,entertainment,"funny,dramatic,personal,informative,serious",0.9835749864578247
27349,french montana - unforgettable (sped up),"Mar 2, 2024, 3:12:39 AM PST",Entertainment,,POSITIVE,0.9995377063751221,reaction,entertainment,"dramatic,funny,serious",0.7597870826721191
26937,Satranga,"Mar 7, 2024, 12:12:06 PM PST",Entertainment,,NEGATIVE,0.8559064269065857,guide,information,"dramatic,serious,informative,professional,personal,funny",0.3703731894493103
26506,Deciphering Lost Fragments of the Dead Sea Scrolls | Unearthed | Science Channel,Deciphering Lost Fragments of the Dead Sea Scrolls | Unearthed | Science Channel,News,,NEGATIVE,0.970207691192627,news,information,"informative,serious,dramatic,professional",0.0379217155277729
26938,Heeriye,"Mar 7, 2024, 12:12:05 PM PST",Entertainment,,NEGATIVE,0.5590477585792542,reaction,information,"dramatic,funny,informative,serious,personal,casual,professional",0.6249913573265076
26507,My Boo ❤️ #couple #husbandandwife #marriedcouple,"Mar 12, 2024, 11:23:27 AM PST",Entertainment,,NEGATIVE,0.9563610553741455,guide,information,"informative,funny,dramatic,personal",0.022592686116695404
27350,One Kiss x I Was Never There (Full TikTok Ian Asher Version) [prod. purple drip boy],"Mar 2, 2024, 3:09:46 AM PST",Podcast,,NEGATIVE,0.9976142644882202,tutorial,storytelling,"professional,informative,funny,dramatic,personal",0.989960789680481
26939,Zara Zara,"Mar 7, 2024, 12:12:02 PM PST",Entertainment,,POSITIVE,0.9983540773391724,guide,information,"informative,dramatic,casual,funny",0.3303639888763428
26508,Most SHOCKING Slow Mo We’ve Ever Seen!,"Mar 12, 2024, 11:22:36 AM PST",News,,NEGATIVE,0.969679594039917,news,entertainment,"dramatic,serious,informative",0.9127340316772461
27351,"Melanie Martinez - Play Date (Lyrics) (Slowed, Pitched)","Melanie Martinez - Play Date (Lyrics) (Slowed, Pitched)",Entertainment,,NEGATIVE,0.9472158551216125,reaction,entertainment,"informative,casual,funny,dramatic,professional",0.9210435152053833
26940,Ranjha (Lofi Flip),"Mar 7, 2024, 12:12:01 PM PST",Technology,,NEGATIVE,0.7522810697555542,reaction,information,"dramatic,professional,informative,serious,funny,personal",0.7813358306884766
26509,https://www.youtube.com/watch?v=JOMTN7qRYnw,"Mar 12, 2024, 11:22:07 AM PST",Entertainment,,NEGATIVE,0.9512295722961426,reaction,information,"informative,funny,dramatic,serious,professional,casual",0.7774261236190796
26941,Love Me Like You Do,"Mar 7, 2024, 11:55:31 AM PST",Entertainment,,POSITIVE,0.9998266100883484,reaction,storytelling,"personal,informative,casual,funny,dramatic",0.603165328502655
27352,Martin Garrix & Bebe Rexha - In The Name Of Love (Official Video),Martin Garrix & Bebe Rexha - In The Name Of Love (Official Video),Music,Official Music Video,POSITIVE,0.9988428354263306,unknown,unknown,,0.9976505637168884
26510,RECKLESS MODE ✅,"Mar 12, 2024, 11:22:03 AM PST",Technology,,NEGATIVE,0.9980217218399048,guide,entertainment,"casual,funny,informative",0.5637009739875793
26942,Tu hai kahan,"Mar 7, 2024, 11:51:08 AM PST",Comedy,,POSITIVE,0.9945993423461914,reaction,information,"dramatic,funny,informative,serious,casual,personal,professional",0.7617990970611572
26511,Kung Fu Cooking,"Mar 12, 2024, 11:20:53 AM PST",Tutorial,,POSITIVE,0.9839692115783691,guide,unknown,"informative,dramatic,serious,professional,funny",0.003350905142724514
27353,"Nicky Youre, dazy - Sunroof (Official Music Video)","Mar 2, 2024, 2:05:39 AM PST",Music,Official Music Video,NEGATIVE,0.8696414232254028,unknown,unknown,,0.99696284532547
26943,"Bana Sharabi (From ""Govinda Naam Mera"")","Mar 7, 2024, 10:51:17 AM PST",Comedy,,NEGATIVE,0.9964119791984558,guide,storytelling,"dramatic,informative,funny,serious,casual",0.7262305617332458
27354,Gym Class Heroes: Stereo Hearts ft. Adam Levine [OFFICIAL VIDEO],"Mar 2, 2024, 2:02:01 AM PST",Music,Official Music Video,POSITIVE,0.9316705465316772,unknown,unknown,,0.6481160521507263
26512,Finding Out My Blind Date Is Actually BLIND 🤯😅🖤 (FULL VIDEO),"Mar 12, 2024, 11:20:46 AM PST",Comedy,,NEGATIVE,0.9984108209609985,news,comedy,"dramatic,funny,personal,informative,serious",0.9895184636116028
26944,Nain Ta Heere,"Mar 7, 2024, 10:47:41 AM PST",Entertainment,,NEGATIVE,0.9775888919830322,reaction,information,"informative,dramatic,serious,funny,casual,professional,personal",0.5315612554550171
26513,Finding out my blind date is actually BLIND 🤯😅🖤,"Mar 12, 2024, 11:19:44 AM PST",Comedy,,NEGATIVE,0.999072790145874,news,comedy,"dramatic,funny,personal,informative,serious",0.967852771282196
27355,Sean Paul - She Doesn't Mind (Official Video),"Mar 2, 2024, 1:57:55 AM PST",Music,Official Music Video,NEGATIVE,0.9926175475120544,unknown,unknown,,0.9886139631271362
26945,Tere Vaaste x O Mere Dil - Knockwell Mashup,"Mar 7, 2024, 10:45:30 AM PST",Entertainment,,NEGATIVE,0.9950592517852783,reaction,comedy,"funny,dramatic,informative",0.9424563646316528
27356,Sean Paul - No Lie ft. Dua Lipa,"Mar 2, 2024, 1:54:05 AM PST",Music,Music Mix,POSITIVE,0.9900038838386536,unknown,unknown,,0.997556746006012
26514,It is forbidden to view this video less than 10 times❗ #armwrestling #devonlarrat,"Mar 12, 2024, 11:18:34 AM PST",Sports,,NEGATIVE,0.9949480295181274,guide,information,"serious,dramatic,funny,professional,personal,informative",0.9072473049163818
26946,Sehra,"Mar 7, 2024, 10:45:28 AM PST",Entertainment,,POSITIVE,0.9926754832267761,reaction,information,"dramatic,serious,informative,professional,personal,funny,casual",0.4640888273715973
26947,Naseeb Se,"Mar 7, 2024, 10:45:27 AM PST",Entertainment,,POSITIVE,0.9614176154136658,reaction,information,"dramatic,informative,serious,funny,professional,casual,personal",0.5251047611236572
27357,DJ Snake ft. Justin Bieber - Let Me Love You [Lyric Video],"Mar 2, 2024, 1:50:38 AM PST",Music,Lyric Video,POSITIVE,0.9987761378288269,unknown,unknown,,0.9974145889282227
26515,One Step Closer [Official HD Music Video] - Linkin Park,"Mar 12, 2024, 11:12:29 AM PST",Music,Official Music Video,POSITIVE,0.9949086308479309,unknown,unknown,,0.9971720576286316
26948,Simroon Tera Naam,"Mar 7, 2024, 10:45:26 AM PST",Entertainment,,NEGATIVE,0.9803496599197388,guide,information,"dramatic,informative,serious,funny,casual,professional",0.39739394187927246
27358,i'll do it -  ayesha erotica + (speed up),"Mar 2, 2024, 1:47:29 AM PST",Entertainment,,POSITIVE,0.9966245889663696,reaction,entertainment,"personal,dramatic,funny,informative",0.8421455025672913
26516,Breaking the Habit (Official Music Video) [HD UPGRADE] – Linkin Park,"Mar 12, 2024, 11:01:12 AM PST",Music,Official Music Video,NEGATIVE,0.8568063378334045,unknown,unknown,,0.993190348148346
26949,Barse More Naina,"Mar 7, 2024, 10:45:24 AM PST",Entertainment,,NEGATIVE,0.9590215086936951,reaction,entertainment,"dramatic,casual,funny,informative,serious,personal,professional",0.7856069803237915
27359,Ayesha Erotica - I'll Do It (sped + reverb),"Mar 2, 2024, 1:44:21 AM PST",Entertainment,,POSITIVE,0.9964144229888916,reaction,entertainment,"dramatic,funny,personal,informative",0.9049666523933411
26517,Somewhere I Belong (Official Music Video) [4K UPGRADE] – Linkin Park,"Mar 12, 2024, 10:54:36 AM PST",Music,Official Music Video,POSITIVE,0.8849635124206543,unknown,unknown,,0.9982849955558777
26950,Tu Meri Hai,"Mar 7, 2024, 10:45:21 AM PST",Music,Official Music Video,POSITIVE,0.9837782382965088,unknown,unknown,,0.7167950868606567
27360,OneRepublic - Counting Stars,"Mar 2, 2024, 1:39:37 AM PST",Music,Cover Song,POSITIVE,0.9944902658462524,unknown,unknown,,0.9956925511360168
26951,Jhoom (R & B Mix),"Mar 7, 2024, 10:43:09 AM PST",Music,Music Mix,POSITIVE,0.98939448595047,unknown,unknown,,0.9930509924888611
27361,The Chainsmokers - All We Know (Audio) ft. Phoebe Ryan,"Mar 2, 2024, 1:36:21 AM PST",Music,Music Mix,NEGATIVE,0.8435045480728149,unknown,unknown,,0.997280478477478
26518,kayo 1v5 ace unlimited flash lol Komik ㅋㅋㅋㅋ 面白い kekw #valorant #valorantclips #valorantfunny,"Mar 12, 2024, 10:32:56 AM PST",Comedy,,NEGATIVE,0.9869216680526733,reaction,comedy,"funny,dramatic,informative",0.9865176677703857
26952,Mahiye Jinna Sohna,"Mar 7, 2024, 10:40:08 AM PST",Entertainment,,NEGATIVE,0.7192556262016296,guide,information,"informative,dramatic,serious,funny,professional,casual,personal",0.5022781491279602
27362,Aaron Smith - Dancin (KRONO Remix) - Lyrics,"Mar 2, 2024, 1:33:06 AM PST",Entertainment,,NEGATIVE,0.9191519618034363,guide,entertainment,"informative,professional,dramatic,funny",0.6331032514572144
26519,Easy FAANG Interview Question - Number of Good Pairs - Leetcode 1512,"Mar 12, 2024, 10:32:53 AM PST",Technology,,POSITIVE,0.6758705377578735,guide,information,"informative,casual,professional,funny",0.2712517976760864
26953,Koi Si (Flip),"Mar 7, 2024, 10:40:06 AM PST",Entertainment,,POSITIVE,0.6539987921714783,reaction,information,"dramatic,informative,funny,casual,serious,professional,personal",0.6416515707969666
27363,Axwell /\ Ingrosso - More Than You Know,"Mar 2, 2024, 1:29:42 AM PST",Music,Behind the Scenes,POSITIVE,0.5980165004730225,unknown,unknown,,0.9926137328147888
26520,My Parents Are Still Teenagers In Love,"Mar 12, 2024, 10:31:38 AM PST",News,,POSITIVE,0.9926099181175232,commentary,information,"personal,informative,serious,funny,dramatic",0.08899891376495361
26954,Alfaazo,"Mar 7, 2024, 10:40:04 AM PST",Entertainment,,POSITIVE,0.9930729269981384,reaction,information,"dramatic,serious,informative,funny,professional",0.3688122630119324
27364,The Chainsmokers - Closer (Lyric) ft. Halsey,"Mar 2, 2024, 1:25:34 AM PST",Music,Lyric Video,POSITIVE,0.9978051781654358,unknown,unknown,,0.9972360730171204
26521,Easiest way to get any girl's number 😏,"Mar 12, 2024, 10:30:55 AM PST",Technology,,NEGATIVE,0.9964472651481628,guide,information,"funny,informative,casual",0.716239333152771
26955,Tere Pyaar Mein,"Mar 7, 2024, 10:39:28 AM PST",Comedy,,POSITIVE,0.603184700012207,reaction,storytelling,"casual,informative,funny,dramatic,personal,serious",0.8269091844558716
27365,The Chainsmokers & Coldplay - Something Just Like This (Lyric),"Mar 2, 2024, 1:21:26 AM PST",Music,Cover Song,POSITIVE,0.9994080066680908,unknown,unknown,,0.990044116973877
26522,PAPPU CAN'T DANCE,"Mar 12, 2024, 8:10:45 AM PST",Comedy,,NEGATIVE,0.9926013350486755,news,information,"serious,dramatic,funny,personal,informative,casual",0.1486101597547531
26956,Tum Se,"Mar 7, 2024, 10:35:04 AM PST",Entertainment,,NEGATIVE,0.9600706696510315,reaction,information,"dramatic,informative,serious,funny,casual,personal,professional",0.4372269809246063
27366,Glass Animals - Heat Waves (Official Video),"Mar 2, 2024, 1:17:31 AM PST",Entertainment,,POSITIVE,0.9861540794372559,reaction,entertainment,"dramatic,informative,professional,funny,serious",0.9739018678665161
26523,Ud-daa Punjab,"Mar 12, 2024, 8:06:11 AM PST",Entertainment,,NEGATIVE,0.9525232315063477,reaction,information,"dramatic,informative,serious,funny,professional,casual,personal",0.3357343077659607
26957,Porter Robinson - Sad Machine (Official Lyric Video),"Mar 7, 2024, 10:27:47 AM PST",Music,Lyric Video,NEGATIVE,0.9471414089202881,unknown,unknown,,0.9954957365989685
26524,Madari,"Mar 12, 2024, 8:01:41 AM PST",Entertainment,,POSITIVE,0.948150634765625,reaction,information,"dramatic,serious,informative,funny,professional,personal",0.5172122120857239
27367,The Weeknd - Starboy (Speed Up + Reverb),"Mar 2, 2024, 1:07:26 AM PST",Music,Music Mix,POSITIVE,0.7690131664276123,unknown,unknown,,0.9958152174949646
26958,Porter Robinson & Madeon - Shelter (Official Audio),"Mar 7, 2024, 10:24:09 AM PST",Music,Music Mix,NEGATIVE,0.9033377766609192,unknown,unknown,,0.9982693791389465
26525,"Yeh Ek Zindagi (From ""Monica, O My Darling"")","Mar 12, 2024, 7:59:48 AM PST",Music,Cover Song,POSITIVE,0.9850367903709412,unknown,unknown,,0.8971391916275024
27368,"Sean Kingston, Justin Bieber - Eenie Meenie (Official Video)","Mar 2, 2024, 1:00:02 AM PST",Music,Official Music Video,NEGATIVE,0.6857151985168457,unknown,unknown,,0.9974141716957092
26959,"VØJ, Narvent - Memory Reboot (4K Music Video)","Mar 7, 2024, 10:20:11 AM PST",Music,Official Music Video,NEGATIVE,0.9937934875488281,unknown,unknown,,0.9975586533546448
26526,Baaki Sab Theek,"Mar 12, 2024, 7:56:28 AM PST",Entertainment,,NEGATIVE,0.7511410713195801,reaction,information,"dramatic,informative,serious,funny,professional,personal,casual",0.5151960253715515
27369,Heidi Montag - I'll Do It (Sped Up Version),"Mar 2, 2024, 12:56:44 AM PST",Entertainment,,POSITIVE,0.7714378237724304,reaction,storytelling,"dramatic,funny,personal,professional,informative,serious",0.8128077387809753
26960,Porter Robinson ft. Amy Millan - Divinity (Official Audio),"Mar 7, 2024, 10:14:02 AM PST",Music,Cover Song,POSITIVE,0.9333584904670715,unknown,unknown,,0.989365816116333
26527,"Jhoome Jo Pathaan (From ""Pathaan"")","Mar 12, 2024, 7:53:00 AM PST",Comedy,,NEGATIVE,0.7407270669937134,guide,information,"informative,dramatic,funny,serious,professional,casual,personal",0.38777145743370056
27370,ayesha erotica ♡ i’ll do it ( sped up / nightcore + pitched ),"Mar 2, 2024, 12:48:23 AM PST",Entertainment,,POSITIVE,0.7758024334907532,guide,entertainment,"dramatic,funny,informative,personal",0.5750126242637634
26961,Phoebe Ryan - Mine (Illenium Remix),"Mar 7, 2024, 10:09:08 AM PST",Music,Music Mix,NEGATIVE,0.9334700703620911,unknown,unknown,,0.9971413612365723
26528,Bang Bang,"Mar 12, 2024, 7:52:59 AM PST",Music,Music Mix,POSITIVE,0.9966071844100952,unknown,unknown,,0.961883008480072
27371,Top 50 Phonk Songs - Best of Phonk (Slowed + Reverb),"Mar 2, 2024, 12:44:58 AM PST",Music,Music Mix,POSITIVE,0.9972705245018005,unknown,unknown,,0.9906915426254272
26962,"The Chainsmokers, ILLENIUM - Takeaway (Official Video) ft. Lennon Stella","Mar 7, 2024, 2:30:18 AM PST",Music,Official Music Video,NEGATIVE,0.9476616382598877,unknown,unknown,,0.9970569014549255
26529,One Love,"Mar 12, 2024, 7:52:58 AM PST",Music,Lyric Video,POSITIVE,0.9994469285011292,unknown,unknown,,0.130243182182312
26530,La Tortura,"Mar 12, 2024, 7:52:56 AM PST",Entertainment,,POSITIVE,0.7503764033317566,reaction,information,"serious,dramatic,informative,funny,personal",0.007581273093819618
26963,"The Kid LAROI, Justin Bieber - STAY (Official Video)","Mar 7, 2024, 2:27:40 AM PST",Music,Official Music Video,POSITIVE,0.9838815927505493,unknown,unknown,,0.997797966003418
27372,Late Night Vibes 🎧 Lo-fi Chillout City 🌃 Lofi vibes / relax / stress relief,"Mar 2, 2024, 12:36:29 AM PST",Technology,,POSITIVE,0.993287980556488,guide,entertainment,"casual,informative,funny",0.15334591269493103
26531,Chiggy Wiggy,"Mar 12, 2024, 7:46:01 AM PST",Comedy,,NEGATIVE,0.9993681311607361,reaction,comedy,"funny,dramatic,informative,casual,serious,personal",0.9359614849090576
26964,"Zedd, Alessia Cara - Stay (Lyric Video)","Mar 7, 2024, 2:24:06 AM PST",Music,Lyric Video,POSITIVE,0.8382516503334045,unknown,unknown,,0.997843861579895
27373,https://www.youtube.com/watch?v=st23RSaFkHg,"Mar 2, 2024, 12:25:17 AM PST",Entertainment,,NEGATIVE,0.9498980045318604,reaction,information,"informative,funny,dramatic,serious,professional",0.7582743763923645
26532,Sher Khul Gaye,"Mar 12, 2024, 7:43:01 AM PST",Comedy,,POSITIVE,0.9954407215118408,guide,storytelling,"dramatic,serious,informative,professional,personal,funny",0.6621577143669128
26965,Deep Chills - Run Free (feat. IVIE) (Official Audio) TikTok #shoechange,"Mar 7, 2024, 2:21:10 AM PST",Music,Music Mix,NEGATIVE,0.971788763999939,unknown,unknown,,0.9970607757568359
26533,Har Har Mahadev,"Mar 12, 2024, 7:42:43 AM PST",Music,Official Music Video,POSITIVE,0.9883316159248352,unknown,unknown,,0.6098934412002563
27374,Rainy Day In Tokyo ☂️ Rainy Lofi Hip Hop Mix [ Beats To Relax / Chill To ],"Mar 2, 2024, 12:22:39 AM PST",Music,Music Mix,POSITIVE,0.9918346405029297,unknown,unknown,,0.9941100478172302
26966,Sabai - Million Days (Official Lyric Video) ft. Hoang & Claire Ridgely,"Mar 7, 2024, 2:17:40 AM PST",Music,Lyric Video,POSITIVE,0.9153066873550415,unknown,unknown,,0.9963576197624207
27375,O Humdum Suniyo Re,"Mar 2, 2024, 12:18:40 AM PST",Comedy,,NEGATIVE,0.918188214302063,reaction,comedy,"funny,dramatic,informative,serious,casual,professional,personal",0.9121701121330261
26534,"Leke Prabhu Ka Naam (feat. Arijit Singh, Nikhita Gandhi) | Tiger 3","Mar 12, 2024, 7:39:08 AM PST",Music,Official Music Video,POSITIVE,0.609752893447876,unknown,unknown,,0.9949972629547119
26967,The Chainsmokers & Coldplay - Something Just Like This (Lyric),"Mar 7, 2024, 2:13:32 AM PST",Music,Cover Song,POSITIVE,0.9994080066680908,unknown,unknown,,0.990044116973877
26535,"Heart Throb (From ""Rocky Aur Rani Kii Prem Kahaani"")","Mar 12, 2024, 7:35:47 AM PST",Entertainment,,NEGATIVE,0.8405658006668091,reaction,storytelling,"dramatic,informative,funny",0.6416418552398682
26968,Martin Garrix feat. Bonn - High On Life (Official Video),Martin Garrix feat. Bonn - High On Life (Official Video),Music,Official Music Video,POSITIVE,0.9923267960548401,unknown,unknown,,0.9977059960365295
27376,Chillhop Lofi City 🌃 Rainy Lofi Hip Hop Mix [ Beats To Relax / Chill To ],"Mar 2, 2024, 12:18:30 AM PST",Music,Music Mix,NEGATIVE,0.7908934354782104,unknown,unknown,,0.9986203908920288
26536,Raanjhan Aaya,"Mar 12, 2024, 7:33:04 AM PST",Entertainment,,POSITIVE,0.9829846024513245,reaction,information,"dramatic,informative,professional,serious,personal,funny",0.31786343455314636
26969,Gryffin & Elley Duhé - Forever (Official Music Video),"Mar 7, 2024, 2:06:36 AM PST",Music,Official Music Video,POSITIVE,0.9984627962112427,unknown,unknown,,0.9974750876426697
27377,Tere Hawale (Tushar - Shilpa Duet),"Mar 2, 2024, 12:15:44 AM PST",Music,Music Mix,NEGATIVE,0.8709338903427124,unknown,unknown,,0.993338942527771
26537,"Pari Hoon Main (From ""Thank You For Coming"")","Mar 12, 2024, 7:29:44 AM PST",Comedy,,POSITIVE,0.996791422367096,guide,storytelling,"informative,funny,dramatic,serious",0.4865313470363617
26970,Illenium - Fractures (Feat. Nevve),"Mar 7, 2024, 2:02:29 AM PST",Music,Live Performance,NEGATIVE,0.998075008392334,unknown,unknown,,0.9603627324104309
26538,Laal Peeli Akhiyaan,"Mar 12, 2024, 6:25:43 AM PST",Entertainment,,NEGATIVE,0.725419282913208,reaction,information,"informative,dramatic,serious,funny,professional,casual",0.4372348189353943
27378,Sounds Of The 1980s 📻 Lo-fi Chillout City [ Beats To Chill / Relax ],"Mar 2, 2024, 12:04:18 AM PST",Music,Music Mix,POSITIVE,0.9937365055084229,unknown,unknown,,0.9938973188400269
26539,Luv Ni Love Storys,"Mar 12, 2024, 6:13:55 AM PST",Entertainment,,POSITIVE,0.9888394474983215,unknown,storytelling,"informative,funny,dramatic",0.2611796259880066
26971,LIONE - Glimmer (William Black Remix),"Mar 7, 2024, 1:57:29 AM PST",Music,Music Mix,POSITIVE,0.9754543304443359,unknown,unknown,,0.9980031847953796
27379,Phonky Bird,"Mar 2, 2024, 12:02:47 AM PST",Comedy,,POSITIVE,0.978394627571106,reaction,comedy,"funny,dramatic,informative,casual",0.9522922039031982
26540,Mehmaan,"Mar 12, 2024, 6:12:58 AM PST",Music,Official Music Video,NEGATIVE,0.7968008518218994,unknown,unknown,,0.24913395941257477
26972,Vicetone - Nevada (ft. Cozi Zuehlsdorff),"Mar 7, 2024, 1:54:00 AM PST",Music,Live Performance,POSITIVE,0.7407066226005554,unknown,unknown,,0.7712715864181519
27380,SUMMER HIGH - AP DHILLON (Official Music Video),"Mar 1, 2024, 9:39:27 PM PST",Music,Official Music Video,POSITIVE,0.9599851965904236,unknown,unknown,,0.997473418712616
26541,Let the Music Play (Original Mix),"Mar 12, 2024, 5:44:34 AM PST",Music,Music Mix,POSITIVE,0.9965983033180237,unknown,unknown,,0.9910646080970764
26973,Axwell /\ Ingrosso - More Than You Know,"Mar 7, 2024, 1:50:35 AM PST",Music,Behind the Scenes,POSITIVE,0.5980165004730225,unknown,unknown,,0.9926137328147888
27381,The Chainsmokers - All We Know (Official Video) ft. Phoebe Ryan,"Mar 1, 2024, 9:35:50 PM PST",Music,Official Music Video,POSITIVE,0.6295612454414368,unknown,unknown,,0.9966634511947632
26542,Ranjha (Sid X Kiara Wedding Version),"Mar 12, 2024, 5:42:35 AM PST",Music,Cover Song,POSITIVE,0.9178112745285034,unknown,unknown,,0.8750441670417786
26974,The Chainsmokers - All We Know (Official Video) ft. Phoebe Ryan,"Mar 7, 2024, 1:46:12 AM PST",Music,Official Music Video,POSITIVE,0.6295612454414368,unknown,unknown,,0.9966634511947632
26543,2020 Machine Learning Roadmap (87% valid for 2024),"Mar 11, 2024, 10:48:52 PM PST",Technology,,POSITIVE,0.943412721157074,guide,information,"informative,serious,professional,dramatic",0.929660975933075
26975,The Chainsmokers - Closer (Lyric) ft. Halsey,"Mar 7, 2024, 1:46:00 AM PST",Music,Lyric Video,POSITIVE,0.9978051781654358,unknown,unknown,,0.9972360730171204
27382,INSANE - AP DHILLON | GURINDER GILL | SHINDA KAHLON (Official Music Video),"Mar 1, 2024, 9:32:26 PM PST",Music,Official Music Video,POSITIVE,0.9587003588676453,unknown,unknown,,0.9930223822593689
26544,Somewhere I Belong (Official Music Video) [4K UPGRADE] – Linkin Park,"Mar 11, 2024, 9:41:01 PM PST",Music,Official Music Video,POSITIVE,0.8849635124206543,unknown,unknown,,0.9982849955558777
27383,"Apna Bana Le - Bhediya | Varun Dhawan, Kriti Sanon| Sachin-Jigar, Arijit Singh, Amitabh Bhattacharya","Mar 1, 2024, 9:29:01 PM PST",Entertainment,,POSITIVE,0.8422959446907043,reaction,entertainment,"funny,dramatic,informative,serious,personal,professional",0.8950905799865723
26976,King - Tu Aake Dekhle | The Carnival | The Last Ride | Prod. by Shahbeatz | Latest Hit Songs 2020,"Mar 7, 2024, 1:40:36 AM PST",Music,Music Mix,POSITIVE,0.9236475825309753,unknown,unknown,,0.9938241839408875
26545,Papercut [Official HD Music Video] - Linkin Park,"Mar 11, 2024, 9:37:47 PM PST",Music,Official Music Video,NEGATIVE,0.866844654083252,unknown,unknown,,0.9972810745239258
27384,Chaand Baaliyan - Aditya A. (Official Video),"Mar 1, 2024, 9:27:17 PM PST",Entertainment,,POSITIVE,0.9938799142837524,reaction,storytelling,"dramatic,informative,funny,professional,serious",0.9716155529022217
26977,Coke Studio | Season 14 | Pasoori | Ali Sethi x Shae Gill,"Mar 7, 2024, 1:35:59 AM PST",Podcast,,POSITIVE,0.8197348117828369,guide,storytelling,"informative,professional,dramatic,funny,serious",0.8857947587966919
26546,BURN IT DOWN (Official Music Video) [4K Upgrade] - Linkin Park,"Mar 11, 2024, 9:33:52 PM PST",Music,Official Music Video,NEGATIVE,0.9975073933601379,unknown,unknown,,0.9979191422462463
27385,"Obsessed - Riar Saab, @AbhijaySharma | Official Music Video","Mar 1, 2024, 9:24:14 PM PST",Music,Official Music Video,NEGATIVE,0.9788302183151245,unknown,unknown,,0.9955591559410095
26978,SUMMER HIGH - AP DHILLON (Official Music Video),"Mar 7, 2024, 1:29:18 AM PST",Music,Official Music Video,POSITIVE,0.9599851965904236,unknown,unknown,,0.997473418712616
26547,What I've Done (Official Music Video) [4K Upgrade] - Linkin Park,"Mar 11, 2024, 9:30:23 PM PST",Music,Official Music Video,NEGATIVE,0.6299251914024353,unknown,unknown,,0.9952874779701233
27386,Excuses (Official Video) | AP Dhillon | Gurinder Gill | Intense,"Mar 1, 2024, 9:21:16 PM PST",Entertainment,,NEGATIVE,0.9896346926689148,commentary,storytelling,"dramatic,serious,informative,professional,funny",0.6254066228866577
26979,Ritviz - Liggi [Official Music Video],"Mar 7, 2024, 1:25:41 AM PST",Music,Official Music Video,NEGATIVE,0.6218842267990112,unknown,unknown,,0.9880975484848022
26548,15 Minutes OM Meditation,"Mar 11, 2024, 3:32:59 PM PST",Shorts,,NEGATIVE,0.7176918983459473,guide,unknown,"informative,professional,personal",0.02986728772521019
27387,Tate McRae - greedy (Official Video),"Mar 1, 2024, 9:18:41 PM PST",Music,Official Music Video,NEGATIVE,0.9913600087165833,unknown,unknown,,0.9460278153419495
26980,Glass Animals - Heat Waves (Official Video),"Mar 7, 2024, 1:21:45 AM PST",Entertainment,,POSITIVE,0.9861540794372559,reaction,entertainment,"dramatic,informative,professional,funny,serious",0.9739018678665161
27388,MITRAZ - Muskurahat (Official Audio),"Mar 1, 2024, 9:14:28 PM PST",Music,Music Mix,NEGATIVE,0.8274638652801514,unknown,unknown,,0.9926179051399231
26981,Tate McRae - greedy (Official Video),"Mar 7, 2024, 1:19:09 AM PST",Music,Official Music Video,NEGATIVE,0.9913600087165833,unknown,unknown,,0.9460278153419495
26549,10 MIN FLAT BELLY PILATES AT HOME / TINY WAIST(NO WIDER) & CORE / BEGINNER FRIENDLY _Shirlyn Workout,"Mar 11, 2024, 3:24:29 PM PST",Tutorial,,POSITIVE,0.8203404545783997,guide,information,"casual,informative,personal",0.17496386170387268
26550,LATOO,"Mar 11, 2024, 3:24:09 PM PST",Entertainment,,NEGATIVE,0.6271305084228516,reaction,information,"casual,dramatic,serious,informative,funny,professional,personal",0.4332241415977478
27389,King x Nick Jonas - Maan Meri Jaan (Afterlife) [Official Video],"Mar 1, 2024, 9:11:22 PM PST",Music,Official Music Video,POSITIVE,0.8751393556594849,unknown,unknown,,0.9966831803321838
26551,Beautiful,"Mar 11, 2024, 3:21:20 PM PST",Entertainment,,POSITIVE,0.9998807907104492,guide,entertainment,"professional,dramatic,personal",0.850691020488739
27390,Ritviz - Liggi [Official Music Video],"Mar 1, 2024, 9:08:09 PM PST",Music,Official Music Video,NEGATIVE,0.6218842267990112,unknown,unknown,,0.9880975484848022
26982,INSANE - AP DHILLON | GURINDER GILL | SHINDA KAHLON (Official Music Video),"Mar 7, 2024, 1:15:45 AM PST",Music,Official Music Video,POSITIVE,0.9587003588676453,unknown,unknown,,0.9930223822593689
26552,Aap Jaisa Koi,"Mar 11, 2024, 3:18:19 PM PST",Comedy,,POSITIVE,0.965502142906189,reaction,information,"informative,dramatic,funny,casual,serious,professional,personal",0.6844439506530762
26553,Thandi Hawa (Nucleya Remix),"Mar 11, 2024, 3:15:00 PM PST",Music,Music Mix,POSITIVE,0.9410156607627869,unknown,unknown,,0.9922988414764404
27391,"Maiyya Mainu - Lyrical | Jersey | Shahid Kapoor, Mrunal Thakur| Sachet-Parampara| Shellee | Gowtam T","Mar 1, 2024, 9:04:07 PM PST",Comedy,,POSITIVE,0.9363340139389038,commentary,storytelling,"funny,casual,dramatic",0.9630535244941711
26983,"A.R Rahman Maahi Ve Full Song (Audio) Highway | Alia Bhatt, Randeep Hooda | Imtiaz Ali","Mar 7, 2024, 1:11:42 AM PST",Music,Music Mix,POSITIVE,0.9465029835700989,unknown,unknown,,0.986974835395813
26554,Right Here Right Now,"Mar 11, 2024, 3:11:57 PM PST",News,,POSITIVE,0.9991815686225891,news,information,"dramatic,casual,informative,serious,professional,funny,personal",0.6382302045822144
27392,Coke Studio | Season 14 | Pasoori | Ali Sethi x Shae Gill,"Mar 1, 2024, 8:59:28 PM PST",Podcast,,POSITIVE,0.8197348117828369,guide,storytelling,"informative,professional,dramatic,funny,serious",0.8857947587966919
26984,Rangi Saari | Kanishk Seth & Kavita Seth | Official Music Video,"Mar 6, 2024, 10:49:22 PM PST",Music,Official Music Video,POSITIVE,0.9909259080886841,unknown,unknown,,0.997988224029541
26555,Ek Main Aur Ekk Tu,"Mar 11, 2024, 3:11:56 PM PST",Entertainment,,POSITIVE,0.910098671913147,reaction,storytelling,"informative,dramatic,funny,serious,casual,personal,professional",0.9023342132568359
27393,Professional Motion Capture Actor,"Mar 1, 2024, 8:56:11 PM PST",Technology,,POSITIVE,0.997310996055603,reaction,information,"professional,informative,dramatic,serious",0.9394404292106628
26556,"Kamariya (From ""Stree"")","Mar 11, 2024, 3:11:55 PM PST",Entertainment,,NEGATIVE,0.9958491325378418,reaction,storytelling,"dramatic,informative,funny,serious",0.41542693972587585
27394,Maan Meri Jaan | Official Music Video | Champagne Talk | King,"Mar 1, 2024, 8:55:09 PM PST",Music,Official Music Video,POSITIVE,0.9941864013671875,unknown,unknown,,0.9963053464889526
26985,"Apna Bana Le - Bhediya | Varun Dhawan, Kriti Sanon| Sachin-Jigar, Arijit Singh, Amitabh Bhattacharya","Mar 6, 2024, 10:45:55 PM PST",Entertainment,,POSITIVE,0.8422959446907043,reaction,entertainment,"funny,dramatic,informative,serious,personal,professional",0.8950905799865723
26557,Tu Meri,"Mar 11, 2024, 3:11:55 PM PST",Music,Official Music Video,POSITIVE,0.9869231581687927,unknown,unknown,,0.8590066432952881
26986,"Obsessed - Riar Saab, @AbhijaySharma | Official Music Video","Mar 6, 2024, 10:40:00 PM PST",Music,Official Music Video,NEGATIVE,0.9788302183151245,unknown,unknown,,0.9955591559410095
26558,Bhool Bhulaiyaa 2 Title Track,"Mar 11, 2024, 3:08:26 PM PST",Music,Official Music Video,POSITIVE,0.987079381942749,unknown,unknown,,0.9927187561988831
27395,"Malang Sajna (Video) Sachet Tandon, Parampara Tandon | Adil Shaikh, Kumaar | Bhushan Kumar","Mar 1, 2024, 8:52:31 PM PST",Comedy,,NEGATIVE,0.9625982642173767,reaction,storytelling,"dramatic,funny,informative,serious,professional",0.784318208694458
26987,MITRAZ - Muskurahat (Official Audio),"Mar 6, 2024, 10:35:47 PM PST",Music,Music Mix,NEGATIVE,0.8274638652801514,unknown,unknown,,0.9926179051399231
26559,Mileya Mileya,"Mar 11, 2024, 3:03:59 PM PST",Music,Official Music Video,POSITIVE,0.9966984391212463,unknown,unknown,,0.34602388739585876
27396,Ritviz - Sage [Official Music Video],"Mar 1, 2024, 8:48:06 PM PST",Music,Official Music Video,POSITIVE,0.8518282771110535,unknown,unknown,,0.9865063428878784
26560,Khalasi | Coke Studio Bharat,"Mar 11, 2024, 2:59:41 PM PST",Entertainment,,NEGATIVE,0.9703730344772339,reaction,entertainment,"professional,informative,dramatic,funny,serious,casual",0.9193496108055115
27397,With You - AP Dhillon (Official Music Video),"Mar 1, 2024, 8:45:31 PM PST",Music,Official Music Video,POSITIVE,0.9988898634910583,unknown,unknown,,0.9959681034088135
26988,Diljit Dosanjh: LOVER (Official Music Video) Intense | Raj Ranjodh | MoonChild Era,"Mar 6, 2024, 10:32:39 PM PST",Music,Official Music Video,POSITIVE,0.9950581789016724,unknown,unknown,,0.9962105751037598
26561,Tu Mileya,"Mar 11, 2024, 1:00:50 PM PST",Music,Official Music Video,POSITIVE,0.9928572177886963,unknown,unknown,,0.33232104778289795
27398,DIL NU - AP DHILLON | SHINDA KAHLON (Official Audio),"Mar 1, 2024, 8:37:14 PM PST",Music,Music Mix,POSITIVE,0.7209709882736206,unknown,unknown,,0.9926182627677917
26562,Malang Sajna,"Mar 11, 2024, 12:58:09 PM PST",Entertainment,,NEGATIVE,0.9741942286491394,reaction,information,"dramatic,informative,serious,funny,professional,casual,personal",0.41537490487098694
27399,MITRAZ - Akhiyaan (Official Music Video),"Mar 1, 2024, 8:33:51 PM PST",Music,Official Music Video,POSITIVE,0.9222614765167236,unknown,unknown,,0.9962985515594482
26989,"Maiyya Mainu - Lyrical | Jersey | Shahid Kapoor, Mrunal Thakur| Sachet-Parampara| Shellee | Gowtam T","Mar 6, 2024, 10:28:36 PM PST",Comedy,,POSITIVE,0.9363340139389038,commentary,storytelling,"funny,casual,dramatic",0.9630535244941711
26563,Hasta Hua Noorani Chehra - Qawwali Version,"Mar 11, 2024, 12:56:35 PM PST",Music,Music Mix,NEGATIVE,0.9754073023796082,unknown,unknown,,0.799217700958252
27400,Porter Robinson - Sea of Voices x Shelter x Divinity (Resaixo Mashup),"Mar 1, 2024, 8:33:36 PM PST",Music,Music Mix,NEGATIVE,0.9452124238014221,unknown,unknown,,0.9801410436630249
26990,Chaand Baaliyan - Aditya A. (Official Video),"Mar 6, 2024, 10:26:53 PM PST",Entertainment,,POSITIVE,0.9938799142837524,reaction,storytelling,"dramatic,informative,funny,professional,serious",0.9716155529022217
26564,Nain Ta Heere,"Mar 11, 2024, 12:53:01 PM PST",Entertainment,,NEGATIVE,0.9775888919830322,reaction,information,"informative,dramatic,serious,funny,casual,professional,personal",0.5315612554550171
27401,The Coolest Sneakers in my Collection? | Mens Heelys Motion Review!,"Mar 1, 2024, 5:30:41 PM PST",Reviews,,POSITIVE,0.9984831213951111,review,information,"informative,dramatic,personal,serious,funny,professional",0.9592743515968323
26991,Maan Meri Jaan | Official Music Video | Champagne Talk | King,"Mar 6, 2024, 10:26:46 PM PST",Music,Official Music Video,POSITIVE,0.9941864013671875,unknown,unknown,,0.9963053464889526
26565,Tum Se,"Mar 11, 2024, 12:49:02 PM PST",Entertainment,,NEGATIVE,0.9600706696510315,reaction,information,"dramatic,informative,serious,funny,casual,personal,professional",0.4372269809246063
27402,Husn x Apa Fer Milaangey,"Mar 1, 2024, 4:59:44 PM PST",Entertainment,,NEGATIVE,0.9670203924179077,reaction,storytelling,"dramatic,informative,funny,professional,serious,casual,personal",0.9231408834457397
26566,Husn x Apa Fer Milaangey,"Mar 11, 2024, 12:45:01 PM PST",Entertainment,,NEGATIVE,0.9670203924179077,reaction,storytelling,"dramatic,informative,funny,professional,serious,casual,personal",0.9231408834457397
26992,King x Nick Jonas - Maan Meri Jaan (Afterlife) [Official Video],"Mar 6, 2024, 10:23:40 PM PST",Music,Official Music Video,POSITIVE,0.8751393556594849,unknown,unknown,,0.9966831803321838
27403,Maan Meri Jaan (Afterlife),"Mar 1, 2024, 4:59:39 PM PST",Comedy,,POSITIVE,0.9726812243461609,commentary,information,"dramatic,serious,informative,funny",0.001856634276919067
26993,Wo Noor,"Mar 6, 2024, 10:12:51 PM PST",Comedy,,NEGATIVE,0.9871309399604797,reaction,information,"dramatic,casual,funny,serious,informative,personal,professional",0.5527756810188293
27404,King Shit,"Mar 1, 2024, 4:56:18 PM PST",Comedy,,NEGATIVE,0.9933909177780151,commentary,comedy,"dramatic,serious,funny,personal,informative",0.05331788584589958
26567,"Tum Kya Mile - Pritam' s Version (From ""Rocky Aur Rani Kii Prem Kahaani"")","Mar 11, 2024, 12:41:49 PM PST",Music,Cover Song,POSITIVE,0.6542984247207642,unknown,unknown,,0.9912274479866028
26994,DIL NU - AP DHILLON | SHINDA KAHLON (Official Audio),"Mar 6, 2024, 10:08:57 PM PST",Music,Music Mix,POSITIVE,0.7209709882736206,unknown,unknown,,0.9926182627677917
27405,Moon Rise,"Mar 1, 2024, 4:53:23 PM PST",Entertainment,,POSITIVE,0.9983136653900146,reaction,information,"dramatic,informative,serious,funny,professional,personal,casual",0.5554184913635254
26568,Ve Kamleya - Asees Version,"Mar 11, 2024, 12:38:49 PM PST",Entertainment,,NEGATIVE,0.9643954634666443,reaction,information,"informative,dramatic,serious,funny,professional",0.35543447732925415
27406,Hass Hass,"Mar 1, 2024, 4:50:50 PM PST",Comedy,,POSITIVE,0.948603093624115,reaction,information,"dramatic,serious,informative,funny,personal",0.412345826625824
26569,Makhna,"Mar 11, 2024, 12:38:45 PM PST",Music,Official Music Video,NEGATIVE,0.8818078637123108,unknown,unknown,,0.36648210883140564
26995,"FIGHTER: Ishq Jaisa Kuch Song, Hrithik, Deepika, Vishal-Sheykhar, Shilpa, Kumaar, Bosco-Caesar","Mar 6, 2024, 10:04:16 PM PST",Entertainment,,POSITIVE,0.9798790216445923,guide,entertainment,"dramatic,informative,professional,funny",0.9167678952217102
26570,"Mere Sohneya (From ""Kabir Singh"")","Mar 11, 2024, 12:38:44 PM PST",Comedy,,POSITIVE,0.6065371036529541,reaction,storytelling,"dramatic,informative,funny,serious,casual",0.740695059299469
26996,MITRAZ - Akhiyaan (Official Music Video),"Mar 6, 2024, 10:01:05 PM PST",Music,Official Music Video,POSITIVE,0.9222614765167236,unknown,unknown,,0.9962985515594482
27407,Lofi City For You 🌆 Lofi Hip Hop Playlist Help You Chill [ Beats To Chill / Relax ],"Mar 1, 2024, 12:22:32 PM PST",Music,Music Mix,POSITIVE,0.9966974258422852,unknown,unknown,,0.9974048733711243
26571,"Apna Bana Le (From ""Bhediya"")","Mar 11, 2024, 12:38:43 PM PST",Comedy,,NEGATIVE,0.9769564270973206,reaction,storytelling,"funny,dramatic,informative,serious,casual",0.5790274739265442
27408,Plage Coquillage First kiss song (Unofficial Instrumental),"Mar 1, 2024, 12:18:19 PM PST",Music,Behind the Scenes,NEGATIVE,0.8298286199569702,unknown,unknown,,0.9908784031867981
26572,Thodi Der,"Mar 11, 2024, 12:38:42 PM PST",Entertainment,,NEGATIVE,0.9486799836158752,reaction,information,"dramatic,informative,serious,professional,funny,personal,casual",0.4249991774559021
26997,"Malang Sajna (Video) Sachet Tandon, Parampara Tandon | Adil Shaikh, Kumaar | Bhushan Kumar","Mar 6, 2024, 9:58:26 PM PST",Comedy,,NEGATIVE,0.9625982642173767,reaction,storytelling,"dramatic,funny,informative,serious,professional",0.784318208694458
27409,Porter Robinson - Something Comforting (Official Music Video),"Mar 1, 2024, 12:13:00 PM PST",Music,Official Music Video,POSITIVE,0.9994329810142517,unknown,unknown,,0.99343341588974
26573,Pahle Bhi Main,"Mar 11, 2024, 12:38:40 PM PST",Comedy,,NEGATIVE,0.8370015621185303,reaction,comedy,"dramatic,informative,casual,funny,serious,personal,professional",0.889820396900177
26998,With You - AP Dhillon (Official Music Video),"Mar 6, 2024, 9:55:50 PM PST",Music,Official Music Video,POSITIVE,0.9988898634910583,unknown,unknown,,0.9959681034088135
26574,TERE BIN LYRICS – Simmba |,"Mar 11, 2024, 12:38:39 PM PST",Entertainment,,NEGATIVE,0.663905680179596,guide,storytelling,"dramatic,informative,funny,professional",0.9488911628723145
27410,Phoebe Ryan - Mine (Illenium Remix),"Mar 1, 2024, 12:08:49 PM PST",Music,Music Mix,NEGATIVE,0.9334700703620911,unknown,unknown,,0.9971413612365723
26999,The Chainsmokers - All We Know (Audio) ft. Phoebe Ryan,"Mar 6, 2024, 9:11:19 PM PST",Music,Music Mix,NEGATIVE,0.8435045480728149,unknown,unknown,,0.997280478477478
26575,Tune Jo Na Kaha,"Mar 11, 2024, 12:38:38 PM PST",Music,Official Music Video,POSITIVE,0.9563615918159485,unknown,unknown,,0.9971794486045837
27411,"Everything Goes ""Rock"" [@porterrobinson - Everything Goes On] WHUNDR Rock Version","Mar 1, 2024, 11:55:53 AM PST",Music,Music Mix,NEGATIVE,0.9176949262619019,unknown,unknown,,0.9675367474555969
27000,Porter Robinson & Madeon - Shelter (Official Audio),"Mar 6, 2024, 9:07:41 PM PST",Music,Music Mix,NEGATIVE,0.9033377766609192,unknown,unknown,,0.9982693791389465
26576,Tera Rastaa Chhodoon Na,"Mar 11, 2024, 12:38:36 PM PST",Music,Official Music Video,NEGATIVE,0.9886590838432312,unknown,unknown,,0.893897294998169
27412,Aja Ve Mahiya X Mainu KisI De Dil,"Mar 1, 2024, 11:42:38 AM PST",Music,Music Mix,NEGATIVE,0.7526085376739502,unknown,unknown,,0.9028515219688416
27001,Porter Robinson ft. Amy Millan - Divinity (Official Audio),"Mar 6, 2024, 9:01:34 PM PST",Music,Cover Song,POSITIVE,0.9333584904670715,unknown,unknown,,0.989365816116333
26577,Humsafar,"Mar 11, 2024, 12:38:35 PM PST",Entertainment,,NEGATIVE,0.561008870601654,reaction,information,"dramatic,serious,informative,professional,funny,personal",0.3716190457344055
27413,Filhaal,"Mar 1, 2024, 11:42:37 AM PST",Comedy,,POSITIVE,0.6070377826690674,reaction,information,"dramatic,serious,professional,informative,funny,personal",0.7102599740028381
27002,"VØJ, Narvent - Memory Reboot (4K Music Video)","Mar 6, 2024, 8:57:37 PM PST",Music,Official Music Video,NEGATIVE,0.9937934875488281,unknown,unknown,,0.9975586533546448
26578,Dariya,"Mar 11, 2024, 12:38:34 PM PST",Entertainment,,POSITIVE,0.9355951547622681,reaction,information,"dramatic,informative,serious,funny,personal,professional,casual",0.29641425609588623
27414,"Janiye (from the Netflix Film ""Chor Nikal Ke Bhaga"")","Janiye (from the Netflix Film ""Chor Nikal Ke Bhaga"")",Comedy,,NEGATIVE,0.9399725198745728,reaction,storytelling,"dramatic,funny,informative,serious",0.8576694130897522
27003,Phoebe Ryan - Mine (Illenium Remix),"Mar 6, 2024, 8:53:37 PM PST",Music,Music Mix,NEGATIVE,0.9334700703620911,unknown,unknown,,0.9971413612365723
26579,Phir Aur Kya Chahiye - Asees Version,"Mar 11, 2024, 12:38:33 PM PST",Comedy,,NEGATIVE,0.6532819271087646,reaction,storytelling,"dramatic,informative,funny,casual,serious,professional",0.8796948194503784
27415,Tum Saath Rehnaa,"Mar 1, 2024, 11:42:33 AM PST",Entertainment,,NEGATIVE,0.9608416557312012,reaction,storytelling,"dramatic,informative,serious,funny,casual,personal,professional",0.4300621747970581
27004,⭐ Everything Goes On - Porter Robinson | A Community Cover,"Mar 6, 2024, 8:49:42 PM PST",Entertainment,,POSITIVE,0.9913034439086914,reaction,storytelling,"informative,casual,funny",0.7283235192298889
27416,Jala Denge,"Mar 1, 2024, 11:42:32 AM PST",Entertainment,,NEGATIVE,0.9956963062286377,reaction,information,"informative,dramatic,serious,funny,professional,personal,casual",0.47567111253738403
26580,Heeriye (feat. Arijit Singh),"Mar 11, 2024, 12:38:32 PM PST",Music,Music Mix,POSITIVE,0.9265515804290771,unknown,unknown,,0.9949590563774109
27417,Maa Main Khada Dware Pe,"Mar 1, 2024, 11:42:23 AM PST",Comedy,,NEGATIVE,0.9958229064941406,reaction,information,"informative,dramatic,serious,funny,casual,personal,professional",0.7897173166275024
26581,"Kaise Hua (From ""Kabir Singh"")","Mar 11, 2024, 12:38:31 PM PST",Comedy,,NEGATIVE,0.7040528059005737,reaction,storytelling,"informative,dramatic,funny,serious",0.542840838432312
27005,''What Would The Jetsons Be Called If They Were Black?''😅 | Hilarious Dad Joke😱,"Mar 6, 2024, 8:45:27 PM PST",Comedy,,POSITIVE,0.9683406352996826,commentary,comedy,"funny,dramatic",0.9969494938850403
27418,Porter Robinson - Get Your Wish (Secret Sky Edit),"Mar 1, 2024, 11:40:01 AM PST",Podcast,,POSITIVE,0.6360278129577637,guide,storytelling,"informative,professional,dramatic,serious,funny,personal",0.9585313200950623
26582,Alag Aasmaan,"Mar 11, 2024, 12:17:05 PM PST",Entertainment,,NEGATIVE,0.916412353515625,reaction,information,"dramatic,informative,serious,funny,professional",0.35124173760414124
26583,Maan Meri Jaan,"Mar 11, 2024, 12:13:50 PM PST",Comedy,,POSITIVE,0.9047510027885437,reaction,comedy,"funny,dramatic,informative,serious,casual,personal,professional",0.8082795143127441
27419,Saari Duniya Jalaa Denge Remix (Remix By Dj Chetas),"Mar 1, 2024, 11:38:39 AM PST",Music,Music Mix,NEGATIVE,0.9721325039863586,unknown,unknown,,0.9954992532730103
27006,"I’m just saying, count your blessings. #ceragibson #construction #tools #tapemeasure #mommydaddy","Mar 6, 2024, 8:44:56 PM PST",Tutorial,,NEGATIVE,0.9780094623565674,commentary,information,"informative,funny,personal,dramatic",0.1130271926522255
26584,KABIRA,"Mar 11, 2024, 12:10:07 PM PST",Entertainment,,POSITIVE,0.980975866317749,reaction,information,"dramatic,informative,serious,funny,professional,personal",0.5023779273033142
27420,STEREO LOVE X ON THE FLOOR | DJ ZZ,"Mar 1, 2024, 11:35:25 AM PST",Music,Official Music Video,POSITIVE,0.9873283505439758,unknown,unknown,,0.9935963153839111
27007,https://www.youtube.com/watch?v=quFAt-w6UIs,"Mar 6, 2024, 8:44:36 PM PST",Entertainment,,NEGATIVE,0.955583930015564,reaction,information,"informative,funny,dramatic,serious,professional",0.7466080188751221
26585,Aankhon Se Batana,"Mar 11, 2024, 11:15:30 AM PST",Comedy,,POSITIVE,0.8988215327262878,reaction,storytelling,"dramatic,informative,funny,serious,professional,casual,personal",0.641223669052124
27421,Tu hai kahan,"Mar 1, 2024, 11:34:09 AM PST",Comedy,,POSITIVE,0.9945993423461914,reaction,information,"dramatic,funny,informative,serious,casual,personal,professional",0.7617990970611572
27008,AME's PA IS UNSTOPPABLE 🔥 - ESL Dota,"Mar 6, 2024, 8:44:10 PM PST",Gaming,Esports,NEGATIVE,0.9921560287475586,gameplay,information,"dramatic,professional,serious,informative,funny",0.9225531816482544
26586,Hona Tha Pyar,"Mar 11, 2024, 11:11:50 AM PST",Music,Official Music Video,POSITIVE,0.5846976637840271,unknown,unknown,,0.853040874004364
27422,"VØJ, Narvent - Memory Reboot (4K Music Video)","Mar 1, 2024, 11:31:27 AM PST",Music,Official Music Video,NEGATIVE,0.9937934875488281,unknown,unknown,,0.9975586533546448
27009,How To GUARANTEE Your Team Wins,Mark Rober,Sports,,POSITIVE,0.9998193383216858,guide,information,"informative,professional,serious",0.930762529373169
26587,Husn x Tune Jo Na Kaha,"Mar 11, 2024, 11:08:34 AM PST",Music,Music Mix,NEGATIVE,0.821540117263794,unknown,unknown,,0.9936273694038391
27423,Husn (Re-imagined),"Mar 1, 2024, 11:30:15 AM PST",Entertainment,,NEGATIVE,0.9918105006217957,reaction,storytelling,"dramatic,informative,funny,serious,professional",0.180842787027359
26588,Tere Bin,"Mar 11, 2024, 11:03:11 AM PST",Entertainment,,POSITIVE,0.99021977186203,reaction,information,"dramatic,informative,serious,funny,professional,casual",0.3416798710823059
27010,#physics #rotation #vector #friction #speed #shortsfeed #shorts #physics #vyasedification #viral,"Mar 6, 2024, 8:43:16 PM PST",Shorts,,NEGATIVE,0.985630452632904,guide,information,"informative,dramatic,funny,serious",0.9683108329772949
26589,Maiyya Mainu,"Mar 11, 2024, 10:59:19 AM PST",Music,Official Music Video,NEGATIVE,0.9401074647903442,unknown,unknown,,0.6094255447387695
27424,CYBERPUNK 2077 SOUNDTRACK - I REALLY WANT TO STAY AT YOUR HOUSE by Rosa Walton & Hallie Coggins,"Mar 1, 2024, 11:27:19 AM PST",Podcast,,POSITIVE,0.9989681243896484,reaction,entertainment,"personal,funny,dramatic,informative,serious",0.9889222979545593
26590,Lutt Putt Gaya,"Mar 11, 2024, 10:56:02 AM PST",Sports,,NEGATIVE,0.994986891746521,gameplay,information,"informative,dramatic,professional,funny,serious,casual",0.9884828925132751
27425,Arjan Vailly,"Mar 1, 2024, 11:27:12 AM PST",Entertainment,,POSITIVE,0.9938911199569702,reaction,information,"professional,informative,dramatic,serious,personal,funny",0.6172266006469727
27011,Don't get Cocky #valorant #valorantclips #gaming #ytshorts #ytchannel #1tap #twitch #valorantlive,"Mar 6, 2024, 8:43:01 PM PST",Gaming,Gameplay,NEGATIVE,0.6771842837333679,guide,information,"serious,informative,personal,professional,dramatic",0.9695565700531006
26591,Husn,"Mar 11, 2024, 10:52:24 AM PST",Tutorial,,POSITIVE,0.9368075132369995,reaction,information,"serious,dramatic,personal,informative,funny,professional",0.07255077362060547
27426,Cyberpunk Edgerunners #shorts,"Mar 1, 2024, 11:26:46 AM PST",Shorts,,NEGATIVE,0.9738338589668274,reaction,entertainment,"funny,informative,dramatic,casual",0.9855014681816101
27012,Offensive Disney Movies Prank! via @zople,"Mar 6, 2024, 8:42:48 PM PST",Entertainment,,NEGATIVE,0.9987843632698059,reaction,comedy,"dramatic,funny,informative",0.48862528800964355
26592,Chor,"Mar 11, 2024, 10:48:56 AM PST",Music,Concert Recording,NEGATIVE,0.98454350233078,unknown,unknown,,0.9883317351341248
27013,Juggernaut cliff with Roshan #dota2 #shorts #juggernaut,"Mar 6, 2024, 8:41:55 PM PST",Gaming,Esports,POSITIVE,0.809802234172821,gameplay,information,"dramatic,serious,informative,funny,professional",0.9645075798034668
27427,How it feels listening to 'I Really Want to Stay at Your House' 🥲#shorts #anime #cyberpunk2077,"Mar 1, 2024, 11:26:05 AM PST",Shorts,,POSITIVE,0.7322551608085632,reaction,entertainment,"funny,dramatic,casual,informative,personal",0.9671807289123535
26593,Nazm Nazm,"Mar 11, 2024, 9:54:26 AM PST",Music,Official Music Video,NEGATIVE,0.6987879872322083,unknown,unknown,,0.8662074208259583
27014,https://www.youtube.com/watch?v=IMkxYNp3R3E,"Mar 6, 2024, 8:41:06 PM PST",Entertainment,,NEGATIVE,0.9476311206817627,reaction,information,"informative,funny,dramatic,serious,professional",0.7752653956413269
27428,After Watching Cyberpunk Edgerunners,"Mar 1, 2024, 11:25:51 AM PST",Entertainment,,POSITIVE,0.5634146928787231,reaction,entertainment,"dramatic,informative,funny,serious",0.8920299410820007
26594,MAAHI VE,"Mar 11, 2024, 9:54:21 AM PST",Music,Lyric Video,POSITIVE,0.915395975112915,unknown,unknown,,0.9834460616111755
27015,who's that ghost?【 Phasmophobia 】#phasmophobia  #shorts,"Mar 6, 2024, 8:40:31 PM PST",Shorts,,NEGATIVE,0.9983786344528198,reaction,storytelling,"dramatic,informative,personal,serious,funny,casual",0.5761315226554871
27429,"I may have been too harsh to you, Cyberpunk","Mar 1, 2024, 11:25:33 AM PST",Technology,,NEGATIVE,0.9981605410575867,reaction,information,"personal,dramatic,serious",0.0038423885125666857
26595,Akhiyaan Gulaab,"Mar 11, 2024, 9:51:30 AM PST",Comedy,,NEGATIVE,0.8898099064826965,reaction,information,"informative,dramatic,funny,serious,professional,casual,personal",0.6217514276504517
27016,The Strongest Police Officer Ever (@catchupfeed),"Mar 6, 2024, 8:39:52 PM PST",Podcast,,POSITIVE,0.9996274709701538,news,information,"professional,informative,dramatic,serious,funny,personal",0.3739564120769501
27430,When you play Cyberpunk after watching Edgerunners,"Mar 1, 2024, 11:24:57 AM PST",Entertainment,,NEGATIVE,0.5871432423591614,reaction,entertainment,"informative,dramatic,serious,funny,personal",0.23737533390522003
26596,Frozy & Joyful - bounce (I just wanna dance) (smooth 1h loop),"Mar 11, 2024, 9:50:04 AM PST",Entertainment,,POSITIVE,0.999233603477478,guide,entertainment,"casual,personal,funny",0.9354779720306396
27431,"When ""I Really Want To Stay At Your House"" Comes On The Radio","Mar 1, 2024, 11:24:45 AM PST",Music,Cover Song,NEGATIVE,0.5809995532035828,unknown,unknown,,0.986207127571106
27017,https://www.youtube.com/watch?v=N_KHxotbEW4,"Mar 6, 2024, 8:39:21 PM PST",Entertainment,,NEGATIVE,0.9512739777565002,reaction,information,"informative,funny,dramatic,serious,professional",0.7471060752868652
26597,Mahiye Jinna Sohna,"Mar 11, 2024, 9:48:29 AM PST",Entertainment,,NEGATIVE,0.7192556262016296,guide,information,"informative,dramatic,serious,funny,professional,casual,personal",0.5022781491279602
27432,Dori,"Mar 1, 2024, 11:24:33 AM PST",Entertainment,,POSITIVE,0.9674473404884338,reaction,information,"dramatic,informative,personal,serious,professional,funny,casual",0.46964606642723083
27018,This man wanted to kill me,"Mar 6, 2024, 8:39:18 PM PST",News,,NEGATIVE,0.9918266534805298,reaction,information,"serious,personal,dramatic,informative",0.2421553134918213
26598,Tera Hone Laga Hoon,"Mar 11, 2024, 9:43:29 AM PST",Comedy,,NEGATIVE,0.970116376876831,reaction,storytelling,"dramatic,funny,informative,casual,serious,professional,personal",0.8993785977363586
27433,I Really Want To Stay At Your House   Rosa Walton ft  Hallie Coggins #viral #fyp,"Mar 1, 2024, 11:23:49 AM PST",Entertainment,,POSITIVE,0.9787019491195679,news,entertainment,"funny,dramatic,informative,personal",0.8375445008277893
27019,Lol what Jett was thinking there 🤣 #valorant #valorantclips #youtubeshorts,"Mar 6, 2024, 8:39:15 PM PST",Comedy,,NEGATIVE,0.983400285243988,reaction,comedy,"funny,dramatic,casual,personal",0.9849403500556946
26599,LIVE TRADING NQ FUTURES MARCH 4th 2024 #shorts #daytrading #livetrading #romeboytrades #crypto #rich,"Mar 11, 2024, 9:40:28 AM PST",Shorts,,NEGATIVE,0.9517104625701904,guide,information,"informative,dramatic,funny",0.9963117837905884
27020,The controller difference #valorant #valorantclips #shorts #gaming #anime,"Mar 6, 2024, 8:38:52 PM PST",Shorts,,NEGATIVE,0.9642494916915894,gameplay,entertainment,"dramatic,informative,funny",0.8476449847221375
26600,Purple and Gold Body Marbling Dip by BLVisuals at Tortuga Festival (79),Purple and Gold Body Marbling Dip by BLVisuals at Tortuga Festival (79),Entertainment,,NEGATIVE,0.990884006023407,guide,entertainment,"dramatic,professional,informative,serious",0.6527484655380249
27434,Malang Sajna |choreography | Sejal gupta #trending #sejalgupta #youtubeshorts #youtube #malangsajna,"Mar 1, 2024, 11:22:55 AM PST",Shorts,,NEGATIVE,0.9690407514572144,news,entertainment,"professional,informative,dramatic,funny",0.7805641889572144
27021,Mercedes-Benz The Best or Nothing.,Mercedes-Benz & Maybach Fans,Technology,,POSITIVE,0.9943742752075195,review,analysis,"serious,dramatic,informative,professional",0.6127457022666931
26601,Probably should’ve just closed the door…. #gaming #trending #shorts,"Mar 11, 2024, 9:40:26 AM PST",Gaming,Gameplay,NEGATIVE,0.9994252920150757,gameplay,entertainment,"dramatic,funny,personal,casual,informative",0.994936466217041
27435,Laal Peeli Akhiyaan,"Mar 1, 2024, 11:21:25 AM PST",Entertainment,,NEGATIVE,0.725419282913208,reaction,information,"informative,dramatic,serious,funny,professional,casual",0.4372348189353943
26602,"Ranjha (From ""Shershaah"")","Mar 11, 2024, 9:39:40 AM PST",Entertainment,,NEGATIVE,0.8437514305114746,reaction,storytelling,"informative,dramatic,funny,serious,professional",0.06757219135761261
27436,Raanjhan Aaya,"Mar 1, 2024, 11:18:41 AM PST",Entertainment,,POSITIVE,0.9829846024513245,reaction,information,"dramatic,informative,professional,serious,personal,funny",0.31786343455314636
27022,Cypher is here rotating a Valorant#shorts #viral #valorant #valorantclips #shortsviral #shortsfeed,"Mar 6, 2024, 8:38:36 PM PST",Shorts,,NEGATIVE,0.9959316849708557,reaction,information,"informative,funny,dramatic",0.08447591215372086
26603,Sigma🗿~ Trust Issue ~ #motivation #inspiration #shorts,"Mar 11, 2024, 9:38:41 AM PST",Shorts,,NEGATIVE,0.9432773590087891,guide,storytelling,"informative,dramatic,funny,serious,personal",0.9682053923606873
27437,Tu Hai Kahan 2.0,"Mar 1, 2024, 11:16:16 AM PST",Comedy,,POSITIVE,0.9945766925811768,reaction,comedy,"informative,dramatic,funny,serious,professional",0.8666755557060242
27023,Amazon accepts ALL returns,"Mar 6, 2024, 8:38:29 PM PST",Technology,,POSITIVE,0.9896286725997925,guide,information,"informative,serious,dramatic,funny,professional",0.4794815480709076
26604,Microsoft Loves This Coding Question! | Reverse Words in a String - Leetcode 151,"Mar 11, 2024, 9:37:42 AM PST",Technology,,POSITIVE,0.9627639055252075,unknown,entertainment,"informative,funny,professional,dramatic,serious",0.6058055758476257
27438,Saiyaan Dil Main,"Mar 1, 2024, 11:12:56 AM PST",Comedy,,POSITIVE,0.9202283024787903,reaction,comedy,"informative,dramatic,funny,serious,casual,professional,personal",0.9248210191726685
27024,Alan vs Andrew Darkest Jokes🤣 | Yeahmad Dark Humor💀,"Mar 6, 2024, 8:36:42 PM PST",Podcast,,NEGATIVE,0.9598489999771118,commentary,comedy,"dramatic,funny,informative,personal",0.9246596693992615
27439,Galatfehmi,"Mar 1, 2024, 11:11:25 AM PST",Entertainment,,POSITIVE,0.9797236919403076,guide,information,"dramatic,informative,serious,professional,funny",0.41411739587783813
27025,How we hit the world’s longest hole in one… ⛳️ #AD,"Mar 6, 2024, 8:36:38 PM PST",Sports,,NEGATIVE,0.9973554611206055,news,storytelling,"dramatic,informative,serious,funny,professional",0.9540783166885376
26605,I Guess I’ll Teleport and get a Triple 🤷🏻 #ahri #korean #leagueoflegends,"Mar 11, 2024, 9:37:38 AM PST",Sports,,NEGATIVE,0.9916673302650452,gameplay,storytelling,"funny,dramatic,informative,professional,serious",0.9105070233345032
27440,Toxic,"Mar 1, 2024, 11:08:20 AM PST",Reviews,,NEGATIVE,0.9995313882827759,commentary,analysis,"serious,dramatic,personal",0.5056751370429993
27026,ALWAYS REMEMBER ★ SAFETY FIRST ★,"Mar 6, 2024, 8:36:22 PM PST",Technology,,POSITIVE,0.9896579384803772,guide,information,"informative,serious,dramatic,professional",0.3130042254924774
26606,Kyedae having to explain to team about screaming in background 💀 #valorant,"Mar 11, 2024, 9:37:34 AM PST",Sports,,NEGATIVE,0.9868278503417969,reaction,information,"informative,funny,dramatic,serious",0.4826827049255371
27441,Jaadugar,"Mar 1, 2024, 11:08:17 AM PST",Entertainment,,NEGATIVE,0.9812549352645874,reaction,information,"dramatic,informative,serious,professional,funny,personal,casual",0.4975566864013672
26607,Crazy ancient stack Jakiro #dota2 #shorts #jakiro,"Mar 11, 2024, 9:37:33 AM PST",Gaming,Esports,NEGATIVE,0.9392145872116089,commentary,entertainment,"dramatic,funny,informative",0.983282744884491
27442,Jo Tu Na Mila x Habibi (Mashup),"Mar 1, 2024, 11:08:16 AM PST",Comedy,,NEGATIVE,0.9918736815452576,gameplay,comedy,"informative,funny,dramatic,serious,professional",0.9369281530380249
27027,turning the presentation into an audiobook #collegelife #presentations #powerpoint  #collegestudent,"Mar 6, 2024, 8:35:45 PM PST",Education,Educational Series,NEGATIVE,0.9964311122894287,guide,education,"informative,funny,dramatic",0.7919492125511169
27443,Tere Huve,"Mar 1, 2024, 11:08:15 AM PST",Entertainment,,POSITIVE,0.9055148363113403,guide,information,"informative,dramatic,professional,serious,funny,personal,casual",0.5281225442886353
26608,DYRACHYO PA most UNLUCKY death in PRO DOTA history ?! 😵😵 - ESL Dota,"Mar 11, 2024, 9:36:39 AM PST",Gaming,Esports,NEGATIVE,0.9992861151695251,news,information,"dramatic,funny,serious,professional,informative",0.8753709197044373
27444,Baarishein (Acoustic),"Mar 1, 2024, 11:08:11 AM PST",Music,Behind the Scenes,NEGATIVE,0.8443156480789185,unknown,unknown,,0.9612892270088196
27028,The perfect post plant doesn't exi- #BathtubBoba #Valorant #valorantfunny,"Mar 6, 2024, 8:35:28 PM PST",Comedy,,NEGATIVE,0.9881643056869507,commentary,comedy,funny,0.9484010934829712
26609,Which clip was better? 🎥,"Mar 11, 2024, 9:36:27 AM PST",Entertainment,,NEGATIVE,0.9987170696258545,review,analysis,"informative,dramatic,funny",0.43715232610702515
27445,Parinda,"Mar 1, 2024, 11:08:09 AM PST",Entertainment,,POSITIVE,0.9965956807136536,reaction,information,"dramatic,informative,serious,funny,personal,casual,professional",0.6172447204589844
27446,Mannat,"Mar 1, 2024, 11:08:08 AM PST",Music,Official Music Video,NEGATIVE,0.9619570374488831,unknown,unknown,,0.32611170411109924
27029,I call this one Fish Out of Water 😂 | Movie title: The Ridiculous 6 | #movie #film,"Mar 6, 2024, 8:34:28 PM PST",Comedy,,NEGATIVE,0.9980351328849792,reaction,comedy,"funny,dramatic,informative",0.9692017436027527
26610,When your toddler is a distinguished gentleman! ☕️🥺 (🎥: TT/ gunnertheketokid),"Mar 11, 2024, 9:35:12 AM PST",Entertainment,,NEGATIVE,0.9296725988388062,news,entertainment,"funny,informative,dramatic,personal,professional,serious",0.3736640512943268
27030,it'll only hurt for a second... #shorts,"Mar 6, 2024, 8:34:17 PM PST",Shorts,,NEGATIVE,0.9959600567817688,reaction,storytelling,"casual,informative,professional,funny",0.9966013431549072
