27160,self-improvement and personal growth,0.8515715003013611,"Mar 4, 2024, 9:00:20 PM PST",NEGATIVE,0.5837777853012085
27160,motivation and mental strength,0.7730455994606018,"Mar 4, 2024, 9:00:20 PM PST",NEGATIVE,0.5837777853012085
27160,mindfulness and mental wellness,0.6720696687698364,"Mar 4, 2024, 9:00:20 PM PST",NEGATIVE,0.5837777853012085
27160,mental health experiences,0.648431122303009,"Mar 4, 2024, 9:00:20 PM PST",NEGATIVE,0.5837777853012085
27160,sleep and mental wellness,0.6243436932563782,"Mar 4, 2024, 9:00:20 PM PST",NEGATIVE,0.5837777853012085
27160,addiction awareness and recovery,0.578463077545166,"Mar 4, 2024, 9:00:20 PM PST",NEGATIVE,0.5837777853012085
27160,self-care practices,0.5696911811828613,"Mar 4, 2024, 9:00:20 PM PST",NEGATIVE,0.5837777853012085
27160,mental health education,0.3512389659881592,"Mar 4, 2024, 9:00:20 PM PST",NEGATIVE,0.5837777853012085
27160,emotional health discussion,0.33357468247413635,"Mar 4, 2024, 9:00:20 PM PST",NEGATIVE,0.5837777853012085
26744,motivation and mental strength,0.9133338332176208,"Mar 10, 2024, 3:07:23 AM PST",NEGATIVE,0.9952321648597717
26744,self-improvement and personal growth,0.6867323517799377,"Mar 10, 2024, 3:07:23 AM PST",NEGATIVE,0.9952321648597717
26744,emotional health discussion,0.5939756035804749,"Mar 10, 2024, 3:07:23 AM PST",NEGATIVE,0.9952321648597717
26744,mental health experiences,0.5648842453956604,"Mar 10, 2024, 3:07:23 AM PST",NEGATIVE,0.9952321648597717
26744,addiction awareness and recovery,0.33662471175193787,"Mar 10, 2024, 3:07:23 AM PST",NEGATIVE,0.9952321648597717
26744,anxiety and stress management,0.30211886763572693,"Mar 10, 2024, 3:07:23 AM PST",NEGATIVE,0.9952321648597717
27161,mental health experiences,0.8024840354919434,"Mar 4, 2024, 8:56:25 PM PST",POSITIVE,0.9913034439086914
27161,motivation and mental strength,0.7923174500465393,"Mar 4, 2024, 8:56:25 PM PST",POSITIVE,0.9913034439086914
27161,self-improvement and personal growth,0.778727650642395,"Mar 4, 2024, 8:56:25 PM PST",POSITIVE,0.9913034439086914
27161,emotional health discussion,0.7137460708618164,"Mar 4, 2024, 8:56:25 PM PST",POSITIVE,0.9913034439086914
27161,addiction awareness and recovery,0.6790069937705994,"Mar 4, 2024, 8:56:25 PM PST",POSITIVE,0.9913034439086914
27161,work-life balance and burnout,0.6637836694717407,"Mar 4, 2024, 8:56:25 PM PST",POSITIVE,0.9913034439086914
27161,mental health education,0.5350179672241211,"Mar 4, 2024, 8:56:25 PM PST",POSITIVE,0.9913034439086914
27161,therapy and mental health support,0.40797504782676697,"Mar 4, 2024, 8:56:25 PM PST",POSITIVE,0.9913034439086914
27161,social anxiety and relationships,0.38352730870246887,"Mar 4, 2024, 8:56:25 PM PST",POSITIVE,0.9913034439086914
27161,anxiety and stress management,0.3057812452316284,"Mar 4, 2024, 8:56:25 PM PST",POSITIVE,0.9913034439086914
26328,self-improvement and personal growth,0.33468371629714966,"Mar 14, 2024, 1:04:21 PM PST",POSITIVE,0.9399229884147644
26745,self-improvement and personal growth,0.8061660528182983,"Mar 10, 2024, 3:03:30 AM PST",NEGATIVE,0.9975073933601379
26745,motivation and mental strength,0.7280684113502502,"Mar 10, 2024, 3:03:30 AM PST",NEGATIVE,0.9975073933601379
26745,work-life balance and burnout,0.6555541157722473,"Mar 10, 2024, 3:03:30 AM PST",NEGATIVE,0.9975073933601379
27162,self-improvement and personal growth,0.8969035148620605,"Mar 4, 2024, 8:02:38 PM PST",NEGATIVE,0.642456591129303
27162,motivation and mental strength,0.8540281057357788,"Mar 4, 2024, 8:02:38 PM PST",NEGATIVE,0.642456591129303
27162,mindfulness and mental wellness,0.8225130438804626,"Mar 4, 2024, 8:02:38 PM PST",NEGATIVE,0.642456591129303
27162,self-care practices,0.7528327107429504,"Mar 4, 2024, 8:02:38 PM PST",NEGATIVE,0.642456591129303
27162,mental health experiences,0.7392598986625671,"Mar 4, 2024, 8:02:38 PM PST",NEGATIVE,0.642456591129303
27162,emotional health discussion,0.6712579727172852,"Mar 4, 2024, 8:02:38 PM PST",NEGATIVE,0.642456591129303
27162,mental health education,0.6337032318115234,"Mar 4, 2024, 8:02:38 PM PST",NEGATIVE,0.642456591129303
27162,addiction awareness and recovery,0.6012445092201233,"Mar 4, 2024, 8:02:38 PM PST",NEGATIVE,0.642456591129303
27162,work-life balance and burnout,0.5529796481132507,"Mar 4, 2024, 8:02:38 PM PST",NEGATIVE,0.642456591129303
27162,therapy and mental health support,0.5424560308456421,"Mar 4, 2024, 8:02:38 PM PST",NEGATIVE,0.642456591129303
27162,trauma awareness and healing,0.5226008892059326,"Mar 4, 2024, 8:02:38 PM PST",NEGATIVE,0.642456591129303
27162,sleep and mental wellness,0.4532495439052582,"Mar 4, 2024, 8:02:38 PM PST",NEGATIVE,0.642456591129303
27162,social anxiety and relationships,0.4307613968849182,"Mar 4, 2024, 8:02:38 PM PST",NEGATIVE,0.642456591129303
27162,depression and emotional support,0.38942456245422363,"Mar 4, 2024, 8:02:38 PM PST",NEGATIVE,0.642456591129303
27162,anxiety and stress management,0.3283607065677643,"Mar 4, 2024, 8:02:38 PM PST",NEGATIVE,0.642456591129303
26329,motivation and mental strength,0.9505888819694519,"Mar 14, 2024, 1:03:51 PM PST",NEGATIVE,0.9842373728752136
26329,self-improvement and personal growth,0.8775898218154907,"Mar 14, 2024, 1:03:51 PM PST",NEGATIVE,0.9842373728752136
26329,mental health experiences,0.8459605574607849,"Mar 14, 2024, 1:03:51 PM PST",NEGATIVE,0.9842373728752136
26329,trauma awareness and healing,0.7582888007164001,"Mar 14, 2024, 1:03:51 PM PST",NEGATIVE,0.9842373728752136
26329,self-care practices,0.7323218584060669,"Mar 14, 2024, 1:03:51 PM PST",NEGATIVE,0.9842373728752136
26329,mindfulness and mental wellness,0.6814426779747009,"Mar 14, 2024, 1:03:51 PM PST",NEGATIVE,0.9842373728752136
26329,addiction awareness and recovery,0.6525251269340515,"Mar 14, 2024, 1:03:51 PM PST",NEGATIVE,0.9842373728752136
26329,sleep and mental wellness,0.32690128684043884,"Mar 14, 2024, 1:03:51 PM PST",NEGATIVE,0.9842373728752136
26746,self-improvement and personal growth,0.7877764701843262,"Mar 10, 2024, 3:00:14 AM PST",NEGATIVE,0.866844654083252
26746,motivation and mental strength,0.6167957782745361,"Mar 10, 2024, 3:00:14 AM PST",NEGATIVE,0.866844654083252
26746,mental health experiences,0.36816301941871643,"Mar 10, 2024, 3:00:14 AM PST",NEGATIVE,0.866844654083252
27163,motivation and mental strength,0.8823192715644836,"Mar 4, 2024, 8:01:54 PM PST",POSITIVE,0.9989056587219238
27163,self-improvement and personal growth,0.8247963190078735,"Mar 4, 2024, 8:01:54 PM PST",POSITIVE,0.9989056587219238
27163,mindfulness and mental wellness,0.7943394780158997,"Mar 4, 2024, 8:01:54 PM PST",POSITIVE,0.9989056587219238
27163,mental health experiences,0.6814067959785461,"Mar 4, 2024, 8:01:54 PM PST",POSITIVE,0.9989056587219238
27163,self-care practices,0.44030797481536865,"Mar 4, 2024, 8:01:54 PM PST",POSITIVE,0.9989056587219238
26747,self-improvement and personal growth,0.9430195689201355,"Mar 10, 2024, 2:56:45 AM PST",NEGATIVE,0.6299251914024353
26747,motivation and mental strength,0.7949743270874023,"Mar 10, 2024, 2:56:45 AM PST",NEGATIVE,0.6299251914024353
27164,motivation and mental strength,0.9346059560775757,"Mar 4, 2024, 7:58:59 PM PST",POSITIVE,0.9368075132369995
27164,mental health experiences,0.9325051307678223,"Mar 4, 2024, 7:58:59 PM PST",POSITIVE,0.9368075132369995
27164,self-improvement and personal growth,0.9115577936172485,"Mar 4, 2024, 7:58:59 PM PST",POSITIVE,0.9368075132369995
27164,self-care practices,0.857414960861206,"Mar 4, 2024, 7:58:59 PM PST",POSITIVE,0.9368075132369995
27164,mindfulness and mental wellness,0.7893348932266235,"Mar 4, 2024, 7:58:59 PM PST",POSITIVE,0.9368075132369995
27164,addiction awareness and recovery,0.7600368857383728,"Mar 4, 2024, 7:58:59 PM PST",POSITIVE,0.9368075132369995
27164,sleep and mental wellness,0.7459732890129089,"Mar 4, 2024, 7:58:59 PM PST",POSITIVE,0.9368075132369995
27164,mental health education,0.6955849528312683,"Mar 4, 2024, 7:58:59 PM PST",POSITIVE,0.9368075132369995
27164,therapy and mental health support,0.6837910413742065,"Mar 4, 2024, 7:58:59 PM PST",POSITIVE,0.9368075132369995
27164,emotional health discussion,0.6809281706809998,"Mar 4, 2024, 7:58:59 PM PST",POSITIVE,0.9368075132369995
27164,work-life balance and burnout,0.668479859828949,"Mar 4, 2024, 7:58:59 PM PST",POSITIVE,0.9368075132369995
27164,trauma awareness and healing,0.5854307413101196,"Mar 4, 2024, 7:58:59 PM PST",POSITIVE,0.9368075132369995
27164,social anxiety and relationships,0.4880046248435974,"Mar 4, 2024, 7:58:59 PM PST",POSITIVE,0.9368075132369995
27164,anxiety and stress management,0.37226226925849915,"Mar 4, 2024, 7:58:59 PM PST",POSITIVE,0.9368075132369995
27164,depression and emotional support,0.3524656295776367,"Mar 4, 2024, 7:58:59 PM PST",POSITIVE,0.9368075132369995
26330,motivation and mental strength,0.5596711039543152,"Mar 14, 2024, 1:00:47 PM PST",POSITIVE,0.9459357261657715
26330,self-improvement and personal growth,0.5070918798446655,"Mar 14, 2024, 1:00:47 PM PST",POSITIVE,0.9459357261657715
27165,motivation and mental strength,0.9505888819694519,"Mar 4, 2024, 7:34:40 PM PST",NEGATIVE,0.9842373728752136
27165,self-improvement and personal growth,0.8775898218154907,"Mar 4, 2024, 7:34:40 PM PST",NEGATIVE,0.9842373728752136
27165,mental health experiences,0.8459605574607849,"Mar 4, 2024, 7:34:40 PM PST",NEGATIVE,0.9842373728752136
27165,trauma awareness and healing,0.7582888007164001,"Mar 4, 2024, 7:34:40 PM PST",NEGATIVE,0.9842373728752136
27165,self-care practices,0.7323218584060669,"Mar 4, 2024, 7:34:40 PM PST",NEGATIVE,0.9842373728752136
27165,mindfulness and mental wellness,0.6814426779747009,"Mar 4, 2024, 7:34:40 PM PST",NEGATIVE,0.9842373728752136
27165,addiction awareness and recovery,0.6525251269340515,"Mar 4, 2024, 7:34:40 PM PST",NEGATIVE,0.9842373728752136
27165,sleep and mental wellness,0.32690128684043884,"Mar 4, 2024, 7:34:40 PM PST",NEGATIVE,0.9842373728752136
26748,self-care practices,0.970781147480011,"Mar 10, 2024, 2:51:10 AM PST",NEGATIVE,0.5884730219841003
26748,mindfulness and mental wellness,0.9399588108062744,"Mar 10, 2024, 2:51:10 AM PST",NEGATIVE,0.5884730219841003
26748,sleep and mental wellness,0.9310932755470276,"Mar 10, 2024, 2:51:10 AM PST",NEGATIVE,0.5884730219841003
26748,self-improvement and personal growth,0.8903603553771973,"Mar 10, 2024, 2:51:10 AM PST",NEGATIVE,0.5884730219841003
26748,motivation and mental strength,0.841214120388031,"Mar 10, 2024, 2:51:10 AM PST",NEGATIVE,0.5884730219841003
26748,mental health experiences,0.5728538036346436,"Mar 10, 2024, 2:51:10 AM PST",NEGATIVE,0.5884730219841003
26748,emotional health discussion,0.30137768387794495,"Mar 10, 2024, 2:51:10 AM PST",NEGATIVE,0.5884730219841003
27166,self-improvement and personal growth,0.864942193031311,"Mar 4, 2024, 7:01:14 PM PST",NEGATIVE,0.7549549341201782
27166,motivation and mental strength,0.7396474480628967,"Mar 4, 2024, 7:01:14 PM PST",NEGATIVE,0.7549549341201782
27166,mindfulness and mental wellness,0.5528081059455872,"Mar 4, 2024, 7:01:14 PM PST",NEGATIVE,0.7549549341201782
27166,mental health experiences,0.5039193630218506,"Mar 4, 2024, 7:01:14 PM PST",NEGATIVE,0.7549549341201782
27166,self-care practices,0.44232177734375,"Mar 4, 2024, 7:01:14 PM PST",NEGATIVE,0.7549549341201782
27166,addiction awareness and recovery,0.31335267424583435,"Mar 4, 2024, 7:01:14 PM PST",NEGATIVE,0.7549549341201782
26749,self-improvement and personal growth,0.864942193031311,"Mar 10, 2024, 2:45:02 AM PST",NEGATIVE,0.7549549341201782
26749,motivation and mental strength,0.7396474480628967,"Mar 10, 2024, 2:45:02 AM PST",NEGATIVE,0.7549549341201782
26749,mindfulness and mental wellness,0.5528081059455872,"Mar 10, 2024, 2:45:02 AM PST",NEGATIVE,0.7549549341201782
26749,mental health experiences,0.5039193630218506,"Mar 10, 2024, 2:45:02 AM PST",NEGATIVE,0.7549549341201782
26749,self-care practices,0.44232177734375,"Mar 10, 2024, 2:45:02 AM PST",NEGATIVE,0.7549549341201782
26749,addiction awareness and recovery,0.31335267424583435,"Mar 10, 2024, 2:45:02 AM PST",NEGATIVE,0.7549549341201782
27167,self-improvement and personal growth,0.8382492661476135,"Mar 4, 2024, 6:55:01 PM PST",POSITIVE,0.9769405126571655
27167,mindfulness and mental wellness,0.8379443883895874,"Mar 4, 2024, 6:55:01 PM PST",POSITIVE,0.9769405126571655
27167,motivation and mental strength,0.5042489171028137,"Mar 4, 2024, 6:55:01 PM PST",POSITIVE,0.9769405126571655
27167,mental health experiences,0.39773496985435486,"Mar 4, 2024, 6:55:01 PM PST",POSITIVE,0.9769405126571655
27167,self-care practices,0.37398266792297363,"Mar 4, 2024, 6:55:01 PM PST",POSITIVE,0.9769405126571655
26332,motivation and mental strength,0.5788941383361816,"Mar 14, 2024, 12:58:05 PM PST",POSITIVE,0.9735921025276184
26332,social anxiety and relationships,0.38812971115112305,"Mar 14, 2024, 12:58:05 PM PST",POSITIVE,0.9735921025276184
26332,self-improvement and personal growth,0.3723627030849457,"Mar 14, 2024, 12:58:05 PM PST",POSITIVE,0.9735921025276184
26750,self-improvement and personal growth,0.8382492661476135,"Mar 10, 2024, 2:38:22 AM PST",POSITIVE,0.9769405126571655
26750,mindfulness and mental wellness,0.8379443883895874,"Mar 10, 2024, 2:38:22 AM PST",POSITIVE,0.9769405126571655
26750,motivation and mental strength,0.5042489171028137,"Mar 10, 2024, 2:38:22 AM PST",POSITIVE,0.9769405126571655
26750,mental health experiences,0.39773496985435486,"Mar 10, 2024, 2:38:22 AM PST",POSITIVE,0.9769405126571655
26750,self-care practices,0.37398266792297363,"Mar 10, 2024, 2:38:22 AM PST",POSITIVE,0.9769405126571655
27168,sleep and mental wellness,0.9299275279045105,"Mar 4, 2024, 6:45:15 PM PST",NEGATIVE,0.9937934875488281
27168,motivation and mental strength,0.915924072265625,"Mar 4, 2024, 6:45:15 PM PST",NEGATIVE,0.9937934875488281
27168,self-improvement and personal growth,0.8972168564796448,"Mar 4, 2024, 6:45:15 PM PST",NEGATIVE,0.9937934875488281
27168,mindfulness and mental wellness,0.8928266167640686,"Mar 4, 2024, 6:45:15 PM PST",NEGATIVE,0.9937934875488281
27168,mental health experiences,0.7625069618225098,"Mar 4, 2024, 6:45:15 PM PST",NEGATIVE,0.9937934875488281
27168,addiction awareness and recovery,0.6941506266593933,"Mar 4, 2024, 6:45:15 PM PST",NEGATIVE,0.9937934875488281
27168,self-care practices,0.6603561639785767,"Mar 4, 2024, 6:45:15 PM PST",NEGATIVE,0.9937934875488281
27168,trauma awareness and healing,0.55230712890625,"Mar 4, 2024, 6:45:15 PM PST",NEGATIVE,0.9937934875488281
27168,mental health education,0.3443455100059509,"Mar 4, 2024, 6:45:15 PM PST",NEGATIVE,0.9937934875488281
26751,self-improvement and personal growth,0.9774441719055176,"Mar 10, 2024, 2:32:36 AM PST",POSITIVE,0.6360278129577637
26751,motivation and mental strength,0.9391041994094849,"Mar 10, 2024, 2:32:36 AM PST",POSITIVE,0.6360278129577637
26751,mental health experiences,0.665709376335144,"Mar 10, 2024, 2:32:36 AM PST",POSITIVE,0.6360278129577637
26751,mindfulness and mental wellness,0.6149146556854248,"Mar 10, 2024, 2:32:36 AM PST",POSITIVE,0.6360278129577637
26751,self-care practices,0.5723880529403687,"Mar 10, 2024, 2:32:36 AM PST",POSITIVE,0.6360278129577637
26751,addiction awareness and recovery,0.5059488415718079,"Mar 10, 2024, 2:32:36 AM PST",POSITIVE,0.6360278129577637
26751,mental health education,0.37234771251678467,"Mar 10, 2024, 2:32:36 AM PST",POSITIVE,0.6360278129577637
26751,emotional health discussion,0.34444326162338257,"Mar 10, 2024, 2:32:36 AM PST",POSITIVE,0.6360278129577637
26751,trauma awareness and healing,0.3161647319793701,"Mar 10, 2024, 2:32:36 AM PST",POSITIVE,0.6360278129577637
26333,self-improvement and personal growth,0.9281431436538696,"Mar 14, 2024, 12:56:46 PM PST",POSITIVE,0.6652776002883911
26333,motivation and mental strength,0.9003244042396545,"Mar 14, 2024, 12:56:46 PM PST",POSITIVE,0.6652776002883911
26333,addiction awareness and recovery,0.7067832946777344,"Mar 14, 2024, 12:56:46 PM PST",POSITIVE,0.6652776002883911
26333,mental health experiences,0.7050579786300659,"Mar 14, 2024, 12:56:46 PM PST",POSITIVE,0.6652776002883911
26333,mindfulness and mental wellness,0.589091420173645,"Mar 14, 2024, 12:56:46 PM PST",POSITIVE,0.6652776002883911
26333,mental health education,0.5290123224258423,"Mar 14, 2024, 12:56:46 PM PST",POSITIVE,0.6652776002883911
26333,self-care practices,0.4684281349182129,"Mar 14, 2024, 12:56:46 PM PST",POSITIVE,0.6652776002883911
26333,work-life balance and burnout,0.46592944860458374,"Mar 14, 2024, 12:56:46 PM PST",POSITIVE,0.6652776002883911
26333,trauma awareness and healing,0.4366990029811859,"Mar 14, 2024, 12:56:46 PM PST",POSITIVE,0.6652776002883911
26333,therapy and mental health support,0.3447427451610565,"Mar 14, 2024, 12:56:46 PM PST",POSITIVE,0.6652776002883911
26333,social anxiety and relationships,0.3249301612377167,"Mar 14, 2024, 12:56:46 PM PST",POSITIVE,0.6652776002883911
26752,motivation and mental strength,0.8823192715644836,"Mar 10, 2024, 2:25:10 AM PST",POSITIVE,0.9989056587219238
26752,self-improvement and personal growth,0.8247963190078735,"Mar 10, 2024, 2:25:10 AM PST",POSITIVE,0.9989056587219238
26752,mindfulness and mental wellness,0.7943394780158997,"Mar 10, 2024, 2:25:10 AM PST",POSITIVE,0.9989056587219238
26752,mental health experiences,0.6814067959785461,"Mar 10, 2024, 2:25:10 AM PST",POSITIVE,0.9989056587219238
26752,self-care practices,0.44030797481536865,"Mar 10, 2024, 2:25:10 AM PST",POSITIVE,0.9989056587219238
27169,mental health experiences,0.9900471568107605,"Mar 4, 2024, 6:41:08 PM PST",NEGATIVE,0.9606723189353943
27169,emotional health discussion,0.9348669052124023,"Mar 4, 2024, 6:41:08 PM PST",NEGATIVE,0.9606723189353943
27169,depression and emotional support,0.9244697093963623,"Mar 4, 2024, 6:41:08 PM PST",NEGATIVE,0.9606723189353943
27169,self-care practices,0.906469464302063,"Mar 4, 2024, 6:41:08 PM PST",NEGATIVE,0.9606723189353943
27169,trauma awareness and healing,0.820851743221283,"Mar 4, 2024, 6:41:08 PM PST",NEGATIVE,0.9606723189353943
27169,social anxiety and relationships,0.7361443042755127,"Mar 4, 2024, 6:41:08 PM PST",NEGATIVE,0.9606723189353943
27169,anxiety and stress management,0.6636298298835754,"Mar 4, 2024, 6:41:08 PM PST",NEGATIVE,0.9606723189353943
27169,self-improvement and personal growth,0.6142519116401672,"Mar 4, 2024, 6:41:08 PM PST",NEGATIVE,0.9606723189353943
27169,work-life balance and burnout,0.5375630259513855,"Mar 4, 2024, 6:41:08 PM PST",NEGATIVE,0.9606723189353943
27169,mental health education,0.478272944688797,"Mar 4, 2024, 6:41:08 PM PST",NEGATIVE,0.9606723189353943
27169,mindfulness and mental wellness,0.47727856040000916,"Mar 4, 2024, 6:41:08 PM PST",NEGATIVE,0.9606723189353943
27169,addiction awareness and recovery,0.45023074746131897,"Mar 4, 2024, 6:41:08 PM PST",NEGATIVE,0.9606723189353943
27169,therapy and mental health support,0.39063555002212524,"Mar 4, 2024, 6:41:08 PM PST",NEGATIVE,0.9606723189353943
26334,motivation and mental strength,0.9314618706703186,"Mar 14, 2024, 12:53:46 PM PST",POSITIVE,0.9290873408317566
26334,mindfulness and mental wellness,0.8846213221549988,"Mar 14, 2024, 12:53:46 PM PST",POSITIVE,0.9290873408317566
26334,self-improvement and personal growth,0.8292680978775024,"Mar 14, 2024, 12:53:46 PM PST",POSITIVE,0.9290873408317566
26334,mental health experiences,0.6442528963088989,"Mar 14, 2024, 12:53:46 PM PST",POSITIVE,0.9290873408317566
26334,trauma awareness and healing,0.6230676770210266,"Mar 14, 2024, 12:53:46 PM PST",POSITIVE,0.9290873408317566
26334,addiction awareness and recovery,0.5172649621963501,"Mar 14, 2024, 12:53:46 PM PST",POSITIVE,0.9290873408317566
26334,sleep and mental wellness,0.46982941031455994,"Mar 14, 2024, 12:53:46 PM PST",POSITIVE,0.9290873408317566
26334,self-care practices,0.36984896659851074,"Mar 14, 2024, 12:53:46 PM PST",POSITIVE,0.9290873408317566
26334,mental health education,0.3629647195339203,"Mar 14, 2024, 12:53:46 PM PST",POSITIVE,0.9290873408317566
26334,work-life balance and burnout,0.309408962726593,"Mar 14, 2024, 12:53:46 PM PST",POSITIVE,0.9290873408317566
26753,self-improvement and personal growth,0.8453375697135925,"Mar 10, 2024, 2:17:40 AM PST",POSITIVE,0.999312162399292
26753,motivation and mental strength,0.5332660675048828,"Mar 10, 2024, 2:17:40 AM PST",POSITIVE,0.999312162399292
27170,self-improvement and personal growth,0.9017152190208435,"Mar 4, 2024, 5:30:48 PM PST",NEGATIVE,0.9433700442314148
27170,motivation and mental strength,0.8922182321548462,"Mar 4, 2024, 5:30:48 PM PST",NEGATIVE,0.9433700442314148
27170,mental health experiences,0.8587225079536438,"Mar 4, 2024, 5:30:48 PM PST",NEGATIVE,0.9433700442314148
27170,mindfulness and mental wellness,0.8047562837600708,"Mar 4, 2024, 5:30:48 PM PST",NEGATIVE,0.9433700442314148
27170,self-care practices,0.7897113561630249,"Mar 4, 2024, 5:30:48 PM PST",NEGATIVE,0.9433700442314148
27170,addiction awareness and recovery,0.6604910492897034,"Mar 4, 2024, 5:30:48 PM PST",NEGATIVE,0.9433700442314148
27170,mental health education,0.6328303217887878,"Mar 4, 2024, 5:30:48 PM PST",NEGATIVE,0.9433700442314148
27170,emotional health discussion,0.6201989054679871,"Mar 4, 2024, 5:30:48 PM PST",NEGATIVE,0.9433700442314148
27170,therapy and mental health support,0.6111671328544617,"Mar 4, 2024, 5:30:48 PM PST",NEGATIVE,0.9433700442314148
27170,trauma awareness and healing,0.6006026864051819,"Mar 4, 2024, 5:30:48 PM PST",NEGATIVE,0.9433700442314148
27170,sleep and mental wellness,0.5513543486595154,"Mar 4, 2024, 5:30:48 PM PST",NEGATIVE,0.9433700442314148
27170,work-life balance and burnout,0.4443170726299286,"Mar 4, 2024, 5:30:48 PM PST",NEGATIVE,0.9433700442314148
27170,social anxiety and relationships,0.3392125368118286,"Mar 4, 2024, 5:30:48 PM PST",NEGATIVE,0.9433700442314148
27170,anxiety and stress management,0.3126198649406433,"Mar 4, 2024, 5:30:48 PM PST",NEGATIVE,0.9433700442314148
26335,motivation and mental strength,0.8721322417259216,"Mar 14, 2024, 12:53:27 PM PST",POSITIVE,0.8197348117828369
26335,self-improvement and personal growth,0.852814793586731,"Mar 14, 2024, 12:53:27 PM PST",POSITIVE,0.8197348117828369
26335,addiction awareness and recovery,0.7976272702217102,"Mar 14, 2024, 12:53:27 PM PST",POSITIVE,0.8197348117828369
26335,mindfulness and mental wellness,0.7500684261322021,"Mar 14, 2024, 12:53:27 PM PST",POSITIVE,0.8197348117828369
26335,mental health experiences,0.6115016937255859,"Mar 14, 2024, 12:53:27 PM PST",POSITIVE,0.8197348117828369
26335,trauma awareness and healing,0.4830280840396881,"Mar 14, 2024, 12:53:27 PM PST",POSITIVE,0.8197348117828369
26335,self-care practices,0.4817405343055725,"Mar 14, 2024, 12:53:27 PM PST",POSITIVE,0.8197348117828369
26335,social anxiety and relationships,0.4194038510322571,"Mar 14, 2024, 12:53:27 PM PST",POSITIVE,0.8197348117828369
26335,work-life balance and burnout,0.40568408370018005,"Mar 14, 2024, 12:53:27 PM PST",POSITIVE,0.8197348117828369
26335,emotional health discussion,0.33683064579963684,"Mar 14, 2024, 12:53:27 PM PST",POSITIVE,0.8197348117828369
26335,mental health education,0.30059897899627686,"Mar 14, 2024, 12:53:27 PM PST",POSITIVE,0.8197348117828369
26754,motivation and mental strength,0.9505888819694519,"Mar 10, 2024, 12:52:47 AM PST",NEGATIVE,0.9842373728752136
26754,self-improvement and personal growth,0.8775898218154907,"Mar 10, 2024, 12:52:47 AM PST",NEGATIVE,0.9842373728752136
26754,mental health experiences,0.8459605574607849,"Mar 10, 2024, 12:52:47 AM PST",NEGATIVE,0.9842373728752136
26754,trauma awareness and healing,0.7582888007164001,"Mar 10, 2024, 12:52:47 AM PST",NEGATIVE,0.9842373728752136
26754,self-care practices,0.7323218584060669,"Mar 10, 2024, 12:52:47 AM PST",NEGATIVE,0.9842373728752136
26754,mindfulness and mental wellness,0.6814426779747009,"Mar 10, 2024, 12:52:47 AM PST",NEGATIVE,0.9842373728752136
26754,addiction awareness and recovery,0.6525251269340515,"Mar 10, 2024, 12:52:47 AM PST",NEGATIVE,0.9842373728752136
26754,sleep and mental wellness,0.32690128684043884,"Mar 10, 2024, 12:52:47 AM PST",NEGATIVE,0.9842373728752136
27171,self-improvement and personal growth,0.8947834372520447,"Mar 4, 2024, 5:26:24 PM PST",NEGATIVE,0.9600706696510315
27171,motivation and mental strength,0.8595792055130005,"Mar 4, 2024, 5:26:24 PM PST",NEGATIVE,0.9600706696510315
27171,mental health experiences,0.8404240012168884,"Mar 4, 2024, 5:26:24 PM PST",NEGATIVE,0.9600706696510315
27171,mindfulness and mental wellness,0.8046979904174805,"Mar 4, 2024, 5:26:24 PM PST",NEGATIVE,0.9600706696510315
27171,self-care practices,0.7874397039413452,"Mar 4, 2024, 5:26:24 PM PST",NEGATIVE,0.9600706696510315
27171,mental health education,0.7111105918884277,"Mar 4, 2024, 5:26:24 PM PST",NEGATIVE,0.9600706696510315
27171,therapy and mental health support,0.7041451930999756,"Mar 4, 2024, 5:26:24 PM PST",NEGATIVE,0.9600706696510315
27171,addiction awareness and recovery,0.6748945116996765,"Mar 4, 2024, 5:26:24 PM PST",NEGATIVE,0.9600706696510315
27171,trauma awareness and healing,0.6380548477172852,"Mar 4, 2024, 5:26:24 PM PST",NEGATIVE,0.9600706696510315
27171,work-life balance and burnout,0.613172709941864,"Mar 4, 2024, 5:26:24 PM PST",NEGATIVE,0.9600706696510315
27171,emotional health discussion,0.586514413356781,"Mar 4, 2024, 5:26:24 PM PST",NEGATIVE,0.9600706696510315
27171,sleep and mental wellness,0.4653899371623993,"Mar 4, 2024, 5:26:24 PM PST",NEGATIVE,0.9600706696510315
27171,social anxiety and relationships,0.3953746259212494,"Mar 4, 2024, 5:26:24 PM PST",NEGATIVE,0.9600706696510315
27171,anxiety and stress management,0.38606929779052734,"Mar 4, 2024, 5:26:24 PM PST",NEGATIVE,0.9600706696510315
27171,depression and emotional support,0.34148508310317993,"Mar 4, 2024, 5:26:24 PM PST",NEGATIVE,0.9600706696510315
26755,motivation and mental strength,0.8800626397132874,"Mar 10, 2024, 12:43:44 AM PST",POSITIVE,0.995388388633728
26755,self-improvement and personal growth,0.8784844875335693,"Mar 10, 2024, 12:43:44 AM PST",POSITIVE,0.995388388633728
26755,self-care practices,0.8227937817573547,"Mar 10, 2024, 12:43:44 AM PST",POSITIVE,0.995388388633728
26755,mental health experiences,0.8039982318878174,"Mar 10, 2024, 12:43:44 AM PST",POSITIVE,0.995388388633728
26755,mindfulness and mental wellness,0.5987315773963928,"Mar 10, 2024, 12:43:44 AM PST",POSITIVE,0.995388388633728
26755,emotional health discussion,0.5861192345619202,"Mar 10, 2024, 12:43:44 AM PST",POSITIVE,0.995388388633728
26755,work-life balance and burnout,0.5833061337471008,"Mar 10, 2024, 12:43:44 AM PST",POSITIVE,0.995388388633728
26755,addiction awareness and recovery,0.44480520486831665,"Mar 10, 2024, 12:43:44 AM PST",POSITIVE,0.995388388633728
26755,mental health education,0.37871673703193665,"Mar 10, 2024, 12:43:44 AM PST",POSITIVE,0.995388388633728
26755,sleep and mental wellness,0.3627487123012543,"Mar 10, 2024, 12:43:44 AM PST",POSITIVE,0.995388388633728
26755,trauma awareness and healing,0.3335440754890442,"Mar 10, 2024, 12:43:44 AM PST",POSITIVE,0.995388388633728
26755,therapy and mental health support,0.304015189409256,"Mar 10, 2024, 12:43:44 AM PST",POSITIVE,0.995388388633728
27172,mental health experiences,0.9085412621498108,"Mar 4, 2024, 5:23:21 PM PST",NEGATIVE,0.8818078637123108
27172,motivation and mental strength,0.9052804112434387,"Mar 4, 2024, 5:23:21 PM PST",NEGATIVE,0.8818078637123108
27172,mindfulness and mental wellness,0.8997853994369507,"Mar 4, 2024, 5:23:21 PM PST",NEGATIVE,0.8818078637123108
27172,self-improvement and personal growth,0.8799944519996643,"Mar 4, 2024, 5:23:21 PM PST",NEGATIVE,0.8818078637123108
27172,self-care practices,0.8131863474845886,"Mar 4, 2024, 5:23:21 PM PST",NEGATIVE,0.8818078637123108
27172,mental health education,0.8010584115982056,"Mar 4, 2024, 5:23:21 PM PST",NEGATIVE,0.8818078637123108
27172,therapy and mental health support,0.7144003510475159,"Mar 4, 2024, 5:23:21 PM PST",NEGATIVE,0.8818078637123108
27172,addiction awareness and recovery,0.657146692276001,"Mar 4, 2024, 5:23:21 PM PST",NEGATIVE,0.8818078637123108
27172,emotional health discussion,0.6565523147583008,"Mar 4, 2024, 5:23:21 PM PST",NEGATIVE,0.8818078637123108
27172,sleep and mental wellness,0.6153189539909363,"Mar 4, 2024, 5:23:21 PM PST",NEGATIVE,0.8818078637123108
27172,trauma awareness and healing,0.548298716545105,"Mar 4, 2024, 5:23:21 PM PST",NEGATIVE,0.8818078637123108
27172,work-life balance and burnout,0.5353769659996033,"Mar 4, 2024, 5:23:21 PM PST",NEGATIVE,0.8818078637123108
27172,social anxiety and relationships,0.5272764563560486,"Mar 4, 2024, 5:23:21 PM PST",NEGATIVE,0.8818078637123108
27172,anxiety and stress management,0.369769811630249,"Mar 4, 2024, 5:23:21 PM PST",NEGATIVE,0.8818078637123108
27172,depression and emotional support,0.34870144724845886,"Mar 4, 2024, 5:23:21 PM PST",NEGATIVE,0.8818078637123108
26336,motivation and mental strength,0.6259733438491821,"Mar 14, 2024, 12:50:16 PM PST",POSITIVE,0.9676526784896851
26336,self-improvement and personal growth,0.45207932591438293,"Mar 14, 2024, 12:50:16 PM PST",POSITIVE,0.9676526784896851
26756,self-improvement and personal growth,0.9924085140228271,"Mar 10, 2024, 12:43:20 AM PST",NEGATIVE,0.9807630777359009
26756,mental health experiences,0.9844173192977905,"Mar 10, 2024, 12:43:20 AM PST",NEGATIVE,0.9807630777359009
26756,addiction awareness and recovery,0.977876603603363,"Mar 10, 2024, 12:43:20 AM PST",NEGATIVE,0.9807630777359009
26756,motivation and mental strength,0.9708964824676514,"Mar 10, 2024, 12:43:20 AM PST",NEGATIVE,0.9807630777359009
26756,emotional health discussion,0.9511783719062805,"Mar 10, 2024, 12:43:20 AM PST",NEGATIVE,0.9807630777359009
26756,self-care practices,0.9234870076179504,"Mar 10, 2024, 12:43:20 AM PST",NEGATIVE,0.9807630777359009
26756,sleep and mental wellness,0.8875674605369568,"Mar 10, 2024, 12:43:20 AM PST",NEGATIVE,0.9807630777359009
26756,therapy and mental health support,0.8504204750061035,"Mar 10, 2024, 12:43:20 AM PST",NEGATIVE,0.9807630777359009
26756,trauma awareness and healing,0.8487861156463623,"Mar 10, 2024, 12:43:20 AM PST",NEGATIVE,0.9807630777359009
26756,mental health education,0.8462432622909546,"Mar 10, 2024, 12:43:20 AM PST",NEGATIVE,0.9807630777359009
26756,work-life balance and burnout,0.8462144136428833,"Mar 10, 2024, 12:43:20 AM PST",NEGATIVE,0.9807630777359009
26756,anxiety and stress management,0.7919955253601074,"Mar 10, 2024, 12:43:20 AM PST",NEGATIVE,0.9807630777359009
26756,social anxiety and relationships,0.7688108086585999,"Mar 10, 2024, 12:43:20 AM PST",NEGATIVE,0.9807630777359009
26756,depression and emotional support,0.7295313477516174,"Mar 10, 2024, 12:43:20 AM PST",NEGATIVE,0.9807630777359009
26756,mindfulness and mental wellness,0.49414995312690735,"Mar 10, 2024, 12:43:20 AM PST",NEGATIVE,0.9807630777359009
27173,motivation and mental strength,0.9270659685134888,"Mar 4, 2024, 5:19:43 PM PST",POSITIVE,0.9355951547622681
27173,mental health experiences,0.9193647503852844,"Mar 4, 2024, 5:19:43 PM PST",POSITIVE,0.9355951547622681
27173,self-improvement and personal growth,0.9188792705535889,"Mar 4, 2024, 5:19:43 PM PST",POSITIVE,0.9355951547622681
27173,mindfulness and mental wellness,0.9102094769477844,"Mar 4, 2024, 5:19:43 PM PST",POSITIVE,0.9355951547622681
27173,self-care practices,0.84739750623703,"Mar 4, 2024, 5:19:43 PM PST",POSITIVE,0.9355951547622681
27173,mental health education,0.8108385801315308,"Mar 4, 2024, 5:19:43 PM PST",POSITIVE,0.9355951547622681
27173,addiction awareness and recovery,0.7430702447891235,"Mar 4, 2024, 5:19:43 PM PST",POSITIVE,0.9355951547622681
27173,therapy and mental health support,0.741806149482727,"Mar 4, 2024, 5:19:43 PM PST",POSITIVE,0.9355951547622681
27173,emotional health discussion,0.738168478012085,"Mar 4, 2024, 5:19:43 PM PST",POSITIVE,0.9355951547622681
27173,trauma awareness and healing,0.6775270700454712,"Mar 4, 2024, 5:19:43 PM PST",POSITIVE,0.9355951547622681
27173,social anxiety and relationships,0.5421684384346008,"Mar 4, 2024, 5:19:43 PM PST",POSITIVE,0.9355951547622681
27173,work-life balance and burnout,0.5131710767745972,"Mar 4, 2024, 5:19:43 PM PST",POSITIVE,0.9355951547622681
27173,sleep and mental wellness,0.4957089424133301,"Mar 4, 2024, 5:19:43 PM PST",POSITIVE,0.9355951547622681
27173,depression and emotional support,0.48000282049179077,"Mar 4, 2024, 5:19:43 PM PST",POSITIVE,0.9355951547622681
27173,anxiety and stress management,0.3927031457424164,"Mar 4, 2024, 5:19:43 PM PST",POSITIVE,0.9355951547622681
26337,self-improvement and personal growth,0.8719278573989868,"Mar 14, 2024, 12:44:26 PM PST",NEGATIVE,0.9949170351028442
26337,self-care practices,0.7585503458976746,"Mar 14, 2024, 12:44:26 PM PST",NEGATIVE,0.9949170351028442
26337,addiction awareness and recovery,0.724299430847168,"Mar 14, 2024, 12:44:26 PM PST",NEGATIVE,0.9949170351028442
26337,mindfulness and mental wellness,0.7199817895889282,"Mar 14, 2024, 12:44:26 PM PST",NEGATIVE,0.9949170351028442
26337,sleep and mental wellness,0.6674506664276123,"Mar 14, 2024, 12:44:26 PM PST",NEGATIVE,0.9949170351028442
26337,mental health experiences,0.6470717191696167,"Mar 14, 2024, 12:44:26 PM PST",NEGATIVE,0.9949170351028442
26337,emotional health discussion,0.4986366927623749,"Mar 14, 2024, 12:44:26 PM PST",NEGATIVE,0.9949170351028442
26337,trauma awareness and healing,0.42973217368125916,"Mar 14, 2024, 12:44:26 PM PST",NEGATIVE,0.9949170351028442
26337,depression and emotional support,0.40366578102111816,"Mar 14, 2024, 12:44:26 PM PST",NEGATIVE,0.9949170351028442
26337,mental health education,0.3779279291629791,"Mar 14, 2024, 12:44:26 PM PST",NEGATIVE,0.9949170351028442
26337,motivation and mental strength,0.3250892758369446,"Mar 14, 2024, 12:44:26 PM PST",NEGATIVE,0.9949170351028442
26337,anxiety and stress management,0.30831366777420044,"Mar 14, 2024, 12:44:26 PM PST",NEGATIVE,0.9949170351028442
26757,social anxiety and relationships,0.7973244786262512,"Mar 10, 2024, 12:40:10 AM PST",NEGATIVE,0.9098630547523499
26757,mental health experiences,0.7585574388504028,"Mar 10, 2024, 12:40:10 AM PST",NEGATIVE,0.9098630547523499
26757,self-improvement and personal growth,0.7535842657089233,"Mar 10, 2024, 12:40:10 AM PST",NEGATIVE,0.9098630547523499
26757,motivation and mental strength,0.7210779190063477,"Mar 10, 2024, 12:40:10 AM PST",NEGATIVE,0.9098630547523499
26757,emotional health discussion,0.5464431047439575,"Mar 10, 2024, 12:40:10 AM PST",NEGATIVE,0.9098630547523499
26757,mental health education,0.4331263303756714,"Mar 10, 2024, 12:40:10 AM PST",NEGATIVE,0.9098630547523499
26757,addiction awareness and recovery,0.360613077878952,"Mar 10, 2024, 12:40:10 AM PST",NEGATIVE,0.9098630547523499
27174,motivation and mental strength,0.9134426116943359,"Mar 4, 2024, 5:16:00 PM PST",POSITIVE,0.9983530044555664
27174,self-improvement and personal growth,0.9126875400543213,"Mar 4, 2024, 5:16:00 PM PST",POSITIVE,0.9983530044555664
27174,mindfulness and mental wellness,0.8327916264533997,"Mar 4, 2024, 5:16:00 PM PST",POSITIVE,0.9983530044555664
27174,mental health experiences,0.8304704427719116,"Mar 4, 2024, 5:16:00 PM PST",POSITIVE,0.9983530044555664
27174,self-care practices,0.8294500708580017,"Mar 4, 2024, 5:16:00 PM PST",POSITIVE,0.9983530044555664
27174,addiction awareness and recovery,0.6845783591270447,"Mar 4, 2024, 5:16:00 PM PST",POSITIVE,0.9983530044555664
27174,therapy and mental health support,0.6795749664306641,"Mar 4, 2024, 5:16:00 PM PST",POSITIVE,0.9983530044555664
27174,mental health education,0.6401007771492004,"Mar 4, 2024, 5:16:00 PM PST",POSITIVE,0.9983530044555664
27174,trauma awareness and healing,0.6373993158340454,"Mar 4, 2024, 5:16:00 PM PST",POSITIVE,0.9983530044555664
27174,emotional health discussion,0.5777608752250671,"Mar 4, 2024, 5:16:00 PM PST",POSITIVE,0.9983530044555664
27174,sleep and mental wellness,0.465524286031723,"Mar 4, 2024, 5:16:00 PM PST",POSITIVE,0.9983530044555664
27174,work-life balance and burnout,0.4640020430088043,"Mar 4, 2024, 5:16:00 PM PST",POSITIVE,0.9983530044555664
27174,depression and emotional support,0.36872944235801697,"Mar 4, 2024, 5:16:00 PM PST",POSITIVE,0.9983530044555664
27174,anxiety and stress management,0.3015288710594177,"Mar 4, 2024, 5:16:00 PM PST",POSITIVE,0.9983530044555664
26338,self-care practices,0.38417667150497437,"Mar 14, 2024, 12:44:11 PM PST",POSITIVE,0.999233603477478
26338,self-improvement and personal growth,0.38029003143310547,"Mar 14, 2024, 12:44:11 PM PST",POSITIVE,0.999233603477478
26758,self-improvement and personal growth,0.7938857078552246,"Mar 9, 2024, 11:05:42 PM PST",POSITIVE,0.8751393556594849
26758,motivation and mental strength,0.745958149433136,"Mar 9, 2024, 11:05:42 PM PST",POSITIVE,0.8751393556594849
26758,mindfulness and mental wellness,0.5236124396324158,"Mar 9, 2024, 11:05:42 PM PST",POSITIVE,0.8751393556594849
26758,addiction awareness and recovery,0.4733121693134308,"Mar 9, 2024, 11:05:42 PM PST",POSITIVE,0.8751393556594849
26758,mental health experiences,0.38377484679222107,"Mar 9, 2024, 11:05:42 PM PST",POSITIVE,0.8751393556594849
26758,self-care practices,0.3149738013744354,"Mar 9, 2024, 11:05:42 PM PST",POSITIVE,0.8751393556594849
27175,motivation and mental strength,0.898147702217102,"Mar 4, 2024, 5:12:20 PM PST",POSITIVE,0.5846976637840271
27175,self-improvement and personal growth,0.8958423137664795,"Mar 4, 2024, 5:12:20 PM PST",POSITIVE,0.5846976637840271
27175,mindfulness and mental wellness,0.864851713180542,"Mar 4, 2024, 5:12:20 PM PST",POSITIVE,0.5846976637840271
27175,mental health experiences,0.8255155086517334,"Mar 4, 2024, 5:12:20 PM PST",POSITIVE,0.5846976637840271
27175,self-care practices,0.7978990077972412,"Mar 4, 2024, 5:12:20 PM PST",POSITIVE,0.5846976637840271
27175,mental health education,0.7422482967376709,"Mar 4, 2024, 5:12:20 PM PST",POSITIVE,0.5846976637840271
27175,emotional health discussion,0.7110141515731812,"Mar 4, 2024, 5:12:20 PM PST",POSITIVE,0.5846976637840271
27175,trauma awareness and healing,0.6578787565231323,"Mar 4, 2024, 5:12:20 PM PST",POSITIVE,0.5846976637840271
27175,therapy and mental health support,0.6345456838607788,"Mar 4, 2024, 5:12:20 PM PST",POSITIVE,0.5846976637840271
27175,addiction awareness and recovery,0.6148229837417603,"Mar 4, 2024, 5:12:20 PM PST",POSITIVE,0.5846976637840271
27175,sleep and mental wellness,0.4854419529438019,"Mar 4, 2024, 5:12:20 PM PST",POSITIVE,0.5846976637840271
27175,work-life balance and burnout,0.43265849351882935,"Mar 4, 2024, 5:12:20 PM PST",POSITIVE,0.5846976637840271
27175,depression and emotional support,0.3382992446422577,"Mar 4, 2024, 5:12:20 PM PST",POSITIVE,0.5846976637840271
27175,social anxiety and relationships,0.32099753618240356,"Mar 4, 2024, 5:12:20 PM PST",POSITIVE,0.5846976637840271
26339,self-improvement and personal growth,0.8999413847923279,"Mar 14, 2024, 12:41:48 PM PST",POSITIVE,0.9991639852523804
26339,motivation and mental strength,0.852691650390625,"Mar 14, 2024, 12:41:48 PM PST",POSITIVE,0.9991639852523804
26339,self-care practices,0.7262189984321594,"Mar 14, 2024, 12:41:48 PM PST",POSITIVE,0.9991639852523804
26339,mental health experiences,0.4093259274959564,"Mar 14, 2024, 12:41:48 PM PST",POSITIVE,0.9991639852523804
26339,mindfulness and mental wellness,0.32741209864616394,"Mar 14, 2024, 12:41:48 PM PST",POSITIVE,0.9991639852523804
27176,motivation and mental strength,0.933172345161438,"Mar 4, 2024, 5:08:58 PM PST",POSITIVE,0.9783817529678345
27176,self-improvement and personal growth,0.9268491268157959,"Mar 4, 2024, 5:08:58 PM PST",POSITIVE,0.9783817529678345
27176,mindfulness and mental wellness,0.9177345037460327,"Mar 4, 2024, 5:08:58 PM PST",POSITIVE,0.9783817529678345
27176,mental health experiences,0.8311184048652649,"Mar 4, 2024, 5:08:58 PM PST",POSITIVE,0.9783817529678345
27176,self-care practices,0.8055480122566223,"Mar 4, 2024, 5:08:58 PM PST",POSITIVE,0.9783817529678345
27176,mental health education,0.68503737449646,"Mar 4, 2024, 5:08:58 PM PST",POSITIVE,0.9783817529678345
27176,therapy and mental health support,0.635884702205658,"Mar 4, 2024, 5:08:58 PM PST",POSITIVE,0.9783817529678345
27176,addiction awareness and recovery,0.5714465379714966,"Mar 4, 2024, 5:08:58 PM PST",POSITIVE,0.9783817529678345
27176,emotional health discussion,0.5373294353485107,"Mar 4, 2024, 5:08:58 PM PST",POSITIVE,0.9783817529678345
27176,trauma awareness and healing,0.509540855884552,"Mar 4, 2024, 5:08:58 PM PST",POSITIVE,0.9783817529678345
27176,sleep and mental wellness,0.4417552947998047,"Mar 4, 2024, 5:08:58 PM PST",POSITIVE,0.9783817529678345
27176,work-life balance and burnout,0.4252645671367645,"Mar 4, 2024, 5:08:58 PM PST",POSITIVE,0.9783817529678345
26340,mental health experiences,0.3251010477542877,"Mar 14, 2024, 12:41:35 PM PST",NEGATIVE,0.9964247345924377
26759,motivation and mental strength,0.8121618628501892,"Mar 9, 2024, 11:03:21 PM PST",POSITIVE,0.9798790216445923
26759,self-improvement and personal growth,0.5336199998855591,"Mar 9, 2024, 11:03:21 PM PST",POSITIVE,0.9798790216445923
26759,mental health experiences,0.45735785365104675,"Mar 9, 2024, 11:03:21 PM PST",POSITIVE,0.9798790216445923
27177,self-improvement and personal growth,0.9060034155845642,"Mar 4, 2024, 5:05:06 PM PST",NEGATIVE,0.9401074647903442
27177,motivation and mental strength,0.8969861268997192,"Mar 4, 2024, 5:05:06 PM PST",NEGATIVE,0.9401074647903442
27177,mindfulness and mental wellness,0.8707079887390137,"Mar 4, 2024, 5:05:06 PM PST",NEGATIVE,0.9401074647903442
27177,mental health experiences,0.8491130471229553,"Mar 4, 2024, 5:05:06 PM PST",NEGATIVE,0.9401074647903442
27177,self-care practices,0.7721905708312988,"Mar 4, 2024, 5:05:06 PM PST",NEGATIVE,0.9401074647903442
27177,mental health education,0.7208374738693237,"Mar 4, 2024, 5:05:06 PM PST",NEGATIVE,0.9401074647903442
27177,addiction awareness and recovery,0.6355683207511902,"Mar 4, 2024, 5:05:06 PM PST",NEGATIVE,0.9401074647903442
27177,therapy and mental health support,0.6170533299446106,"Mar 4, 2024, 5:05:06 PM PST",NEGATIVE,0.9401074647903442
27177,emotional health discussion,0.5723034739494324,"Mar 4, 2024, 5:05:06 PM PST",NEGATIVE,0.9401074647903442
27177,trauma awareness and healing,0.4883575141429901,"Mar 4, 2024, 5:05:06 PM PST",NEGATIVE,0.9401074647903442
27177,work-life balance and burnout,0.4663386344909668,"Mar 4, 2024, 5:05:06 PM PST",NEGATIVE,0.9401074647903442
27177,sleep and mental wellness,0.3321567475795746,"Mar 4, 2024, 5:05:06 PM PST",NEGATIVE,0.9401074647903442
26341,motivation and mental strength,0.8286870718002319,"Mar 14, 2024, 12:32:15 PM PST",NEGATIVE,0.8073147535324097
26341,self-improvement and personal growth,0.6457991003990173,"Mar 14, 2024, 12:32:15 PM PST",NEGATIVE,0.8073147535324097
26341,mental health experiences,0.36184215545654297,"Mar 14, 2024, 12:32:15 PM PST",NEGATIVE,0.8073147535324097
26760,motivation and mental strength,0.9654848575592041,"Mar 9, 2024, 10:59:26 PM PST",POSITIVE,0.7209709882736206
26760,mental health experiences,0.9356311559677124,"Mar 9, 2024, 10:59:26 PM PST",POSITIVE,0.7209709882736206
26760,mindfulness and mental wellness,0.8678399324417114,"Mar 9, 2024, 10:59:26 PM PST",POSITIVE,0.7209709882736206
26760,self-improvement and personal growth,0.8366124629974365,"Mar 9, 2024, 10:59:26 PM PST",POSITIVE,0.7209709882736206
26760,depression and emotional support,0.7703741192817688,"Mar 9, 2024, 10:59:26 PM PST",POSITIVE,0.7209709882736206
26760,addiction awareness and recovery,0.7236695289611816,"Mar 9, 2024, 10:59:26 PM PST",POSITIVE,0.7209709882736206
26760,mental health education,0.6972737312316895,"Mar 9, 2024, 10:59:26 PM PST",POSITIVE,0.7209709882736206
26760,self-care practices,0.5644845962524414,"Mar 9, 2024, 10:59:26 PM PST",POSITIVE,0.7209709882736206
26760,sleep and mental wellness,0.5236934423446655,"Mar 9, 2024, 10:59:26 PM PST",POSITIVE,0.7209709882736206
26760,work-life balance and burnout,0.4501095414161682,"Mar 9, 2024, 10:59:26 PM PST",POSITIVE,0.7209709882736206
26760,therapy and mental health support,0.4479265511035919,"Mar 9, 2024, 10:59:26 PM PST",POSITIVE,0.7209709882736206
26760,trauma awareness and healing,0.36508265137672424,"Mar 9, 2024, 10:59:26 PM PST",POSITIVE,0.7209709882736206
27178,motivation and mental strength,0.9096142649650574,"Mar 4, 2024, 4:59:17 PM PST",POSITIVE,0.9916492700576782
27178,self-improvement and personal growth,0.9063677787780762,"Mar 4, 2024, 4:59:17 PM PST",POSITIVE,0.9916492700576782
27178,mental health experiences,0.8570969104766846,"Mar 4, 2024, 4:59:17 PM PST",POSITIVE,0.9916492700576782
27178,self-care practices,0.8048403263092041,"Mar 4, 2024, 4:59:17 PM PST",POSITIVE,0.9916492700576782
27178,mindfulness and mental wellness,0.7947002649307251,"Mar 4, 2024, 4:59:17 PM PST",POSITIVE,0.9916492700576782
27178,mental health education,0.7522113919258118,"Mar 4, 2024, 4:59:17 PM PST",POSITIVE,0.9916492700576782
27178,therapy and mental health support,0.6556963920593262,"Mar 4, 2024, 4:59:17 PM PST",POSITIVE,0.9916492700576782
27178,addiction awareness and recovery,0.648520827293396,"Mar 4, 2024, 4:59:17 PM PST",POSITIVE,0.9916492700576782
27178,emotional health discussion,0.6270509958267212,"Mar 4, 2024, 4:59:17 PM PST",POSITIVE,0.9916492700576782
27178,trauma awareness and healing,0.5552501678466797,"Mar 4, 2024, 4:59:17 PM PST",POSITIVE,0.9916492700576782
27178,work-life balance and burnout,0.46208831667900085,"Mar 4, 2024, 4:59:17 PM PST",POSITIVE,0.9916492700576782
27178,social anxiety and relationships,0.35694563388824463,"Mar 4, 2024, 4:59:17 PM PST",POSITIVE,0.9916492700576782
27178,anxiety and stress management,0.32132595777511597,"Mar 4, 2024, 4:59:17 PM PST",POSITIVE,0.9916492700576782
26761,self-improvement and personal growth,0.9468510150909424,"Mar 9, 2024, 10:55:22 PM PST",POSITIVE,0.8518282771110535
26761,mindfulness and mental wellness,0.9044063687324524,"Mar 9, 2024, 10:55:22 PM PST",POSITIVE,0.8518282771110535
26761,motivation and mental strength,0.8786581158638,"Mar 9, 2024, 10:55:22 PM PST",POSITIVE,0.8518282771110535
26761,self-care practices,0.6768155694007874,"Mar 9, 2024, 10:55:22 PM PST",POSITIVE,0.8518282771110535
26761,mental health experiences,0.5523718595504761,"Mar 9, 2024, 10:55:22 PM PST",POSITIVE,0.8518282771110535
26761,sleep and mental wellness,0.4654301106929779,"Mar 9, 2024, 10:55:22 PM PST",POSITIVE,0.8518282771110535
27179,mindfulness and mental wellness,0.9073240756988525,"Mar 4, 2024, 4:56:36 PM PST",NEGATIVE,0.9355818033218384
27179,mental health experiences,0.8586877584457397,"Mar 4, 2024, 4:56:36 PM PST",NEGATIVE,0.9355818033218384
27179,self-improvement and personal growth,0.8402809500694275,"Mar 4, 2024, 4:56:36 PM PST",NEGATIVE,0.9355818033218384
27179,motivation and mental strength,0.8146877884864807,"Mar 4, 2024, 4:56:36 PM PST",NEGATIVE,0.9355818033218384
27179,self-care practices,0.8053702712059021,"Mar 4, 2024, 4:56:36 PM PST",NEGATIVE,0.9355818033218384
27179,mental health education,0.7071567177772522,"Mar 4, 2024, 4:56:36 PM PST",NEGATIVE,0.9355818033218384
27179,emotional health discussion,0.6298321485519409,"Mar 4, 2024, 4:56:36 PM PST",NEGATIVE,0.9355818033218384
27179,therapy and mental health support,0.5896586179733276,"Mar 4, 2024, 4:56:36 PM PST",NEGATIVE,0.9355818033218384
27179,addiction awareness and recovery,0.5836033225059509,"Mar 4, 2024, 4:56:36 PM PST",NEGATIVE,0.9355818033218384
27179,trauma awareness and healing,0.5079090595245361,"Mar 4, 2024, 4:56:36 PM PST",NEGATIVE,0.9355818033218384
27179,work-life balance and burnout,0.41525062918663025,"Mar 4, 2024, 4:56:36 PM PST",NEGATIVE,0.9355818033218384
27179,depression and emotional support,0.4113495945930481,"Mar 4, 2024, 4:56:36 PM PST",NEGATIVE,0.9355818033218384
27179,sleep and mental wellness,0.3678794503211975,"Mar 4, 2024, 4:56:36 PM PST",NEGATIVE,0.9355818033218384
27179,social anxiety and relationships,0.31148314476013184,"Mar 4, 2024, 4:56:36 PM PST",NEGATIVE,0.9355818033218384
26343,motivation and mental strength,0.7559061050415039,"Mar 14, 2024, 12:31:01 PM PST",POSITIVE,0.9937817454338074
26343,sleep and mental wellness,0.7154114246368408,"Mar 14, 2024, 12:31:01 PM PST",POSITIVE,0.9937817454338074
26343,self-care practices,0.5859364867210388,"Mar 14, 2024, 12:31:01 PM PST",POSITIVE,0.9937817454338074
26343,self-improvement and personal growth,0.5200745463371277,"Mar 14, 2024, 12:31:01 PM PST",POSITIVE,0.9937817454338074
26762,motivation and mental strength,0.7261005640029907,"Mar 9, 2024, 10:52:11 PM PST",POSITIVE,0.9222614765167236
26762,self-improvement and personal growth,0.6619856357574463,"Mar 9, 2024, 10:52:11 PM PST",POSITIVE,0.9222614765167236
26762,mindfulness and mental wellness,0.6012083292007446,"Mar 9, 2024, 10:52:11 PM PST",POSITIVE,0.9222614765167236
26762,mental health experiences,0.44273391366004944,"Mar 9, 2024, 10:52:11 PM PST",POSITIVE,0.9222614765167236
26762,social anxiety and relationships,0.42762044072151184,"Mar 9, 2024, 10:52:11 PM PST",POSITIVE,0.9222614765167236
27180,motivation and mental strength,0.9639664888381958,"Mar 4, 2024, 4:15:17 PM PST",POSITIVE,0.902162492275238
27180,mindfulness and mental wellness,0.9589626789093018,"Mar 4, 2024, 4:15:17 PM PST",POSITIVE,0.902162492275238
27180,self-improvement and personal growth,0.929411768913269,"Mar 4, 2024, 4:15:17 PM PST",POSITIVE,0.902162492275238
27180,self-care practices,0.8335351943969727,"Mar 4, 2024, 4:15:17 PM PST",POSITIVE,0.902162492275238
27180,sleep and mental wellness,0.5763149261474609,"Mar 4, 2024, 4:15:17 PM PST",POSITIVE,0.902162492275238
26345,mindfulness and mental wellness,0.9420834183692932,"Mar 14, 2024, 11:18:47 AM PST",POSITIVE,0.5036099553108215
26345,self-improvement and personal growth,0.9187324643135071,"Mar 14, 2024, 11:18:47 AM PST",POSITIVE,0.5036099553108215
26345,motivation and mental strength,0.8994305729866028,"Mar 14, 2024, 11:18:47 AM PST",POSITIVE,0.5036099553108215
26345,self-care practices,0.8798615336418152,"Mar 14, 2024, 11:18:47 AM PST",POSITIVE,0.5036099553108215
26345,mental health experiences,0.8548591732978821,"Mar 14, 2024, 11:18:47 AM PST",POSITIVE,0.5036099553108215
26345,addiction awareness and recovery,0.7939030528068542,"Mar 14, 2024, 11:18:47 AM PST",POSITIVE,0.5036099553108215
26345,mental health education,0.7300235033035278,"Mar 14, 2024, 11:18:47 AM PST",POSITIVE,0.5036099553108215
26345,emotional health discussion,0.6653735041618347,"Mar 14, 2024, 11:18:47 AM PST",POSITIVE,0.5036099553108215
26345,therapy and mental health support,0.6501098275184631,"Mar 14, 2024, 11:18:47 AM PST",POSITIVE,0.5036099553108215
26345,trauma awareness and healing,0.5656607747077942,"Mar 14, 2024, 11:18:47 AM PST",POSITIVE,0.5036099553108215
26345,sleep and mental wellness,0.55936598777771,"Mar 14, 2024, 11:18:47 AM PST",POSITIVE,0.5036099553108215
26345,work-life balance and burnout,0.5345353484153748,"Mar 14, 2024, 11:18:47 AM PST",POSITIVE,0.5036099553108215
26345,depression and emotional support,0.489161878824234,"Mar 14, 2024, 11:18:47 AM PST",POSITIVE,0.5036099553108215
26345,social anxiety and relationships,0.39986297488212585,"Mar 14, 2024, 11:18:47 AM PST",POSITIVE,0.5036099553108215
26345,anxiety and stress management,0.34367823600769043,"Mar 14, 2024, 11:18:47 AM PST",POSITIVE,0.5036099553108215
26763,motivation and mental strength,0.8141148090362549,"Mar 9, 2024, 10:49:33 PM PST",NEGATIVE,0.9625982642173767
26763,mindfulness and mental wellness,0.7787840962409973,"Mar 9, 2024, 10:49:33 PM PST",NEGATIVE,0.9625982642173767
26763,self-improvement and personal growth,0.7266570329666138,"Mar 9, 2024, 10:49:33 PM PST",NEGATIVE,0.9625982642173767
26763,mental health experiences,0.6006703972816467,"Mar 9, 2024, 10:49:33 PM PST",NEGATIVE,0.9625982642173767
26763,addiction awareness and recovery,0.572081446647644,"Mar 9, 2024, 10:49:33 PM PST",NEGATIVE,0.9625982642173767
26763,sleep and mental wellness,0.566417932510376,"Mar 9, 2024, 10:49:33 PM PST",NEGATIVE,0.9625982642173767
26763,self-care practices,0.5393773913383484,"Mar 9, 2024, 10:49:33 PM PST",NEGATIVE,0.9625982642173767
26763,therapy and mental health support,0.47416916489601135,"Mar 9, 2024, 10:49:33 PM PST",NEGATIVE,0.9625982642173767
26763,trauma awareness and healing,0.46394363045692444,"Mar 9, 2024, 10:49:33 PM PST",NEGATIVE,0.9625982642173767
26763,work-life balance and burnout,0.46175891160964966,"Mar 9, 2024, 10:49:33 PM PST",NEGATIVE,0.9625982642173767
26763,mental health education,0.37595483660697937,"Mar 9, 2024, 10:49:33 PM PST",NEGATIVE,0.9625982642173767
26763,social anxiety and relationships,0.3445782959461212,"Mar 9, 2024, 10:49:33 PM PST",NEGATIVE,0.9625982642173767
26346,motivation and mental strength,0.9618951082229614,"Mar 14, 2024, 10:59:15 AM PST",NEGATIVE,0.9670203924179077
26346,mental health experiences,0.9039357304573059,"Mar 14, 2024, 10:59:15 AM PST",NEGATIVE,0.9670203924179077
26346,self-improvement and personal growth,0.8807172179222107,"Mar 14, 2024, 10:59:15 AM PST",NEGATIVE,0.9670203924179077
26346,self-care practices,0.8403319120407104,"Mar 14, 2024, 10:59:15 AM PST",NEGATIVE,0.9670203924179077
26346,mindfulness and mental wellness,0.8341920375823975,"Mar 14, 2024, 10:59:15 AM PST",NEGATIVE,0.9670203924179077
26346,sleep and mental wellness,0.8029390573501587,"Mar 14, 2024, 10:59:15 AM PST",NEGATIVE,0.9670203924179077
26346,mental health education,0.7387748956680298,"Mar 14, 2024, 10:59:15 AM PST",NEGATIVE,0.9670203924179077
26346,addiction awareness and recovery,0.6057637929916382,"Mar 14, 2024, 10:59:15 AM PST",NEGATIVE,0.9670203924179077
26346,social anxiety and relationships,0.6030303239822388,"Mar 14, 2024, 10:59:15 AM PST",NEGATIVE,0.9670203924179077
26346,work-life balance and burnout,0.5619140267372131,"Mar 14, 2024, 10:59:15 AM PST",NEGATIVE,0.9670203924179077
26346,emotional health discussion,0.4662371873855591,"Mar 14, 2024, 10:59:15 AM PST",NEGATIVE,0.9670203924179077
26346,therapy and mental health support,0.44968459010124207,"Mar 14, 2024, 10:59:15 AM PST",NEGATIVE,0.9670203924179077
26346,trauma awareness and healing,0.43008437752723694,"Mar 14, 2024, 10:59:15 AM PST",NEGATIVE,0.9670203924179077
27181,motivation and mental strength,0.7491533756256104,"Mar 4, 2024, 3:31:12 PM PST",POSITIVE,0.8314298391342163
27181,self-improvement and personal growth,0.6383140683174133,"Mar 4, 2024, 3:31:12 PM PST",POSITIVE,0.8314298391342163
27181,mental health experiences,0.33508867025375366,"Mar 4, 2024, 3:31:12 PM PST",POSITIVE,0.8314298391342163
27181,mindfulness and mental wellness,0.3245343863964081,"Mar 4, 2024, 3:31:12 PM PST",POSITIVE,0.8314298391342163
26764,motivation and mental strength,0.589229941368103,"Mar 9, 2024, 10:00:53 PM PST",POSITIVE,0.9966422319412231
26764,self-improvement and personal growth,0.5682427287101746,"Mar 9, 2024, 10:00:53 PM PST",POSITIVE,0.9966422319412231
27182,self-improvement and personal growth,0.812991738319397,"Mar 4, 2024, 3:29:28 PM PST",POSITIVE,0.9938799142837524
27182,motivation and mental strength,0.6733852028846741,"Mar 4, 2024, 3:29:28 PM PST",POSITIVE,0.9938799142837524
27182,addiction awareness and recovery,0.6256377696990967,"Mar 4, 2024, 3:29:28 PM PST",POSITIVE,0.9938799142837524
27182,mental health experiences,0.5439342260360718,"Mar 4, 2024, 3:29:28 PM PST",POSITIVE,0.9938799142837524
27182,mindfulness and mental wellness,0.5005114078521729,"Mar 4, 2024, 3:29:28 PM PST",POSITIVE,0.9938799142837524
27182,self-care practices,0.34804263710975647,"Mar 4, 2024, 3:29:28 PM PST",POSITIVE,0.9938799142837524
26347,motivation and mental strength,0.915371298789978,"Mar 14, 2024, 10:08:15 AM PST",NEGATIVE,0.9427903294563293
26347,self-improvement and personal growth,0.8897067904472351,"Mar 14, 2024, 10:08:15 AM PST",NEGATIVE,0.9427903294563293
26347,mental health experiences,0.8833737373352051,"Mar 14, 2024, 10:08:15 AM PST",NEGATIVE,0.9427903294563293
26347,mindfulness and mental wellness,0.8815705180168152,"Mar 14, 2024, 10:08:15 AM PST",NEGATIVE,0.9427903294563293
26347,mental health education,0.8408299088478088,"Mar 14, 2024, 10:08:15 AM PST",NEGATIVE,0.9427903294563293
26347,self-care practices,0.8013032078742981,"Mar 14, 2024, 10:08:15 AM PST",NEGATIVE,0.9427903294563293
26347,emotional health discussion,0.7396767139434814,"Mar 14, 2024, 10:08:15 AM PST",NEGATIVE,0.9427903294563293
26347,addiction awareness and recovery,0.7130089998245239,"Mar 14, 2024, 10:08:15 AM PST",NEGATIVE,0.9427903294563293
26347,trauma awareness and healing,0.7127218246459961,"Mar 14, 2024, 10:08:15 AM PST",NEGATIVE,0.9427903294563293
26347,therapy and mental health support,0.6671054363250732,"Mar 14, 2024, 10:08:15 AM PST",NEGATIVE,0.9427903294563293
26347,work-life balance and burnout,0.518480122089386,"Mar 14, 2024, 10:08:15 AM PST",NEGATIVE,0.9427903294563293
26347,sleep and mental wellness,0.5090380311012268,"Mar 14, 2024, 10:08:15 AM PST",NEGATIVE,0.9427903294563293
26347,social anxiety and relationships,0.43065744638442993,"Mar 14, 2024, 10:08:15 AM PST",NEGATIVE,0.9427903294563293
26347,depression and emotional support,0.41226720809936523,"Mar 14, 2024, 10:08:15 AM PST",NEGATIVE,0.9427903294563293
26347,anxiety and stress management,0.36312025785446167,"Mar 14, 2024, 10:08:15 AM PST",NEGATIVE,0.9427903294563293
26765,motivation and mental strength,0.8157874941825867,"Mar 9, 2024, 10:00:26 PM PST",POSITIVE,0.9852871894836426
26765,addiction awareness and recovery,0.7119647264480591,"Mar 9, 2024, 10:00:26 PM PST",POSITIVE,0.9852871894836426
26765,self-improvement and personal growth,0.6656405925750732,"Mar 9, 2024, 10:00:26 PM PST",POSITIVE,0.9852871894836426
26765,trauma awareness and healing,0.6096060276031494,"Mar 9, 2024, 10:00:26 PM PST",POSITIVE,0.9852871894836426
26765,mental health experiences,0.5899143815040588,"Mar 9, 2024, 10:00:26 PM PST",POSITIVE,0.9852871894836426
26765,emotional health discussion,0.5746763348579407,"Mar 9, 2024, 10:00:26 PM PST",POSITIVE,0.9852871894836426
26765,mindfulness and mental wellness,0.5400601029396057,"Mar 9, 2024, 10:00:26 PM PST",POSITIVE,0.9852871894836426
26765,depression and emotional support,0.49195054173469543,"Mar 9, 2024, 10:00:26 PM PST",POSITIVE,0.9852871894836426
26765,self-care practices,0.48069459199905396,"Mar 9, 2024, 10:00:26 PM PST",POSITIVE,0.9852871894836426
26765,social anxiety and relationships,0.35665959119796753,"Mar 9, 2024, 10:00:26 PM PST",POSITIVE,0.9852871894836426
26348,self-improvement and personal growth,0.9391272068023682,"Mar 14, 2024, 10:04:21 AM PST",NEGATIVE,0.9918105006217957
26348,motivation and mental strength,0.8897132277488708,"Mar 14, 2024, 10:04:21 AM PST",NEGATIVE,0.9918105006217957
26348,mental health experiences,0.8590839505195618,"Mar 14, 2024, 10:04:21 AM PST",NEGATIVE,0.9918105006217957
26348,self-care practices,0.7209687829017639,"Mar 14, 2024, 10:04:21 AM PST",NEGATIVE,0.9918105006217957
26348,addiction awareness and recovery,0.6949705481529236,"Mar 14, 2024, 10:04:21 AM PST",NEGATIVE,0.9918105006217957
26348,mental health education,0.5937350392341614,"Mar 14, 2024, 10:04:21 AM PST",NEGATIVE,0.9918105006217957
26348,mindfulness and mental wellness,0.5931364297866821,"Mar 14, 2024, 10:04:21 AM PST",NEGATIVE,0.9918105006217957
26348,emotional health discussion,0.5504322052001953,"Mar 14, 2024, 10:04:21 AM PST",NEGATIVE,0.9918105006217957
26348,trauma awareness and healing,0.5346825122833252,"Mar 14, 2024, 10:04:21 AM PST",NEGATIVE,0.9918105006217957
26348,therapy and mental health support,0.4995064437389374,"Mar 14, 2024, 10:04:21 AM PST",NEGATIVE,0.9918105006217957
26348,work-life balance and burnout,0.49779197573661804,"Mar 14, 2024, 10:04:21 AM PST",NEGATIVE,0.9918105006217957
26348,sleep and mental wellness,0.48550722002983093,"Mar 14, 2024, 10:04:21 AM PST",NEGATIVE,0.9918105006217957
26348,social anxiety and relationships,0.33625301718711853,"Mar 14, 2024, 10:04:21 AM PST",NEGATIVE,0.9918105006217957
27183,motivation and mental strength,0.9727194905281067,"Mar 4, 2024, 3:26:32 PM PST",NEGATIVE,0.6675176024436951
27183,mindfulness and mental wellness,0.9639520645141602,"Mar 4, 2024, 3:26:32 PM PST",NEGATIVE,0.6675176024436951
27183,mental health experiences,0.9468151926994324,"Mar 4, 2024, 3:26:32 PM PST",NEGATIVE,0.6675176024436951
27183,self-improvement and personal growth,0.9454981684684753,"Mar 4, 2024, 3:26:32 PM PST",NEGATIVE,0.6675176024436951
27183,mental health education,0.9139168858528137,"Mar 4, 2024, 3:26:32 PM PST",NEGATIVE,0.6675176024436951
27183,addiction awareness and recovery,0.8887096047401428,"Mar 4, 2024, 3:26:32 PM PST",NEGATIVE,0.6675176024436951
27183,self-care practices,0.8600337505340576,"Mar 4, 2024, 3:26:32 PM PST",NEGATIVE,0.6675176024436951
27183,trauma awareness and healing,0.8143954873085022,"Mar 4, 2024, 3:26:32 PM PST",NEGATIVE,0.6675176024436951
27183,sleep and mental wellness,0.7886179685592651,"Mar 4, 2024, 3:26:32 PM PST",NEGATIVE,0.6675176024436951
27183,emotional health discussion,0.7440944910049438,"Mar 4, 2024, 3:26:32 PM PST",NEGATIVE,0.6675176024436951
27183,therapy and mental health support,0.7277027368545532,"Mar 4, 2024, 3:26:32 PM PST",NEGATIVE,0.6675176024436951
27183,work-life balance and burnout,0.38515856862068176,"Mar 4, 2024, 3:26:32 PM PST",NEGATIVE,0.6675176024436951
27183,anxiety and stress management,0.36399057507514954,"Mar 4, 2024, 3:26:32 PM PST",NEGATIVE,0.6675176024436951
26766,self-improvement and personal growth,0.8142348527908325,"Mar 9, 2024, 9:59:55 PM PST",POSITIVE,0.9903436899185181
26766,motivation and mental strength,0.7436507940292358,"Mar 9, 2024, 9:59:55 PM PST",POSITIVE,0.9903436899185181
26766,addiction awareness and recovery,0.5644949674606323,"Mar 9, 2024, 9:59:55 PM PST",POSITIVE,0.9903436899185181
26349,self-improvement and personal growth,0.8861340284347534,"Mar 14, 2024, 10:00:44 AM PST",NEGATIVE,0.97431480884552
26349,motivation and mental strength,0.8727626204490662,"Mar 14, 2024, 10:00:44 AM PST",NEGATIVE,0.97431480884552
26349,mindfulness and mental wellness,0.59339839220047,"Mar 14, 2024, 10:00:44 AM PST",NEGATIVE,0.97431480884552
26349,self-care practices,0.5841574668884277,"Mar 14, 2024, 10:00:44 AM PST",NEGATIVE,0.97431480884552
26349,mental health experiences,0.5233142971992493,"Mar 14, 2024, 10:00:44 AM PST",NEGATIVE,0.97431480884552
26349,sleep and mental wellness,0.44104257225990295,"Mar 14, 2024, 10:00:44 AM PST",NEGATIVE,0.97431480884552
26349,social anxiety and relationships,0.4257710874080658,"Mar 14, 2024, 10:00:44 AM PST",NEGATIVE,0.97431480884552
26349,addiction awareness and recovery,0.4161921739578247,"Mar 14, 2024, 10:00:44 AM PST",NEGATIVE,0.97431480884552
27184,self-improvement and personal growth,0.42612290382385254,"Mar 4, 2024, 3:22:59 PM PST",POSITIVE,0.9909259080886841
26767,self-improvement and personal growth,0.8734194040298462,"Mar 9, 2024, 9:58:25 PM PST",NEGATIVE,0.9959865212440491
26767,self-care practices,0.7213970422744751,"Mar 9, 2024, 9:58:25 PM PST",NEGATIVE,0.9959865212440491
26767,mental health experiences,0.6378354430198669,"Mar 9, 2024, 9:58:25 PM PST",NEGATIVE,0.9959865212440491
26767,motivation and mental strength,0.6302235722541809,"Mar 9, 2024, 9:58:25 PM PST",NEGATIVE,0.9959865212440491
26767,mental health education,0.4956514537334442,"Mar 9, 2024, 9:58:25 PM PST",NEGATIVE,0.9959865212440491
26767,emotional health discussion,0.33887937664985657,"Mar 9, 2024, 9:58:25 PM PST",NEGATIVE,0.9959865212440491
26767,addiction awareness and recovery,0.32905715703964233,"Mar 9, 2024, 9:58:25 PM PST",NEGATIVE,0.9959865212440491
26350,motivation and mental strength,0.9448265433311462,"Mar 14, 2024, 9:59:52 AM PST",POSITIVE,0.6664778590202332
26350,addiction awareness and recovery,0.9067234992980957,"Mar 14, 2024, 9:59:52 AM PST",POSITIVE,0.6664778590202332
26350,self-improvement and personal growth,0.9049437046051025,"Mar 14, 2024, 9:59:52 AM PST",POSITIVE,0.6664778590202332
26350,self-care practices,0.8387845158576965,"Mar 14, 2024, 9:59:52 AM PST",POSITIVE,0.6664778590202332
26350,mental health experiences,0.8347676396369934,"Mar 14, 2024, 9:59:52 AM PST",POSITIVE,0.6664778590202332
26350,trauma awareness and healing,0.7757248282432556,"Mar 14, 2024, 9:59:52 AM PST",POSITIVE,0.6664778590202332
26350,mental health education,0.6126120686531067,"Mar 14, 2024, 9:59:52 AM PST",POSITIVE,0.6664778590202332
26350,work-life balance and burnout,0.5808062553405762,"Mar 14, 2024, 9:59:52 AM PST",POSITIVE,0.6664778590202332
26350,sleep and mental wellness,0.575258195400238,"Mar 14, 2024, 9:59:52 AM PST",POSITIVE,0.6664778590202332
26350,mindfulness and mental wellness,0.5582744479179382,"Mar 14, 2024, 9:59:52 AM PST",POSITIVE,0.6664778590202332
26350,emotional health discussion,0.5544151663780212,"Mar 14, 2024, 9:59:52 AM PST",POSITIVE,0.6664778590202332
26350,therapy and mental health support,0.549865186214447,"Mar 14, 2024, 9:59:52 AM PST",POSITIVE,0.6664778590202332
26350,anxiety and stress management,0.4716217815876007,"Mar 14, 2024, 9:59:52 AM PST",POSITIVE,0.6664778590202332
26350,social anxiety and relationships,0.4090680480003357,"Mar 14, 2024, 9:59:52 AM PST",POSITIVE,0.6664778590202332
27185,self-improvement and personal growth,0.8744463324546814,"Mar 4, 2024, 3:16:31 PM PST",NEGATIVE,0.9788302183151245
27185,motivation and mental strength,0.8303069472312927,"Mar 4, 2024, 3:16:31 PM PST",NEGATIVE,0.9788302183151245
27185,mental health experiences,0.494627445936203,"Mar 4, 2024, 3:16:31 PM PST",NEGATIVE,0.9788302183151245
26768,self-improvement and personal growth,0.7437585592269897,"Mar 9, 2024, 9:58:22 PM PST",NEGATIVE,0.9793242812156677
26768,mindfulness and mental wellness,0.313454270362854,"Mar 9, 2024, 9:58:22 PM PST",NEGATIVE,0.9793242812156677
26768,self-care practices,0.3080879747867584,"Mar 9, 2024, 9:58:22 PM PST",NEGATIVE,0.9793242812156677
26351,self-improvement and personal growth,0.7801028490066528,"Mar 14, 2024, 3:01:42 AM PST",NEGATIVE,0.6218842267990112
26351,motivation and mental strength,0.7786842584609985,"Mar 14, 2024, 3:01:42 AM PST",NEGATIVE,0.6218842267990112
26351,mindfulness and mental wellness,0.5470317602157593,"Mar 14, 2024, 3:01:42 AM PST",NEGATIVE,0.6218842267990112
26351,social anxiety and relationships,0.4609915018081665,"Mar 14, 2024, 3:01:42 AM PST",NEGATIVE,0.6218842267990112
26351,mental health experiences,0.3955262005329132,"Mar 14, 2024, 3:01:42 AM PST",NEGATIVE,0.6218842267990112
26351,self-care practices,0.3484255075454712,"Mar 14, 2024, 3:01:42 AM PST",NEGATIVE,0.6218842267990112
26351,addiction awareness and recovery,0.310846745967865,"Mar 14, 2024, 3:01:42 AM PST",NEGATIVE,0.6218842267990112
27186,motivation and mental strength,0.9323234558105469,"Mar 4, 2024, 3:12:36 PM PST",POSITIVE,0.9861540794372559
27186,self-improvement and personal growth,0.7930720448493958,"Mar 4, 2024, 3:12:36 PM PST",POSITIVE,0.9861540794372559
27186,emotional health discussion,0.6065261960029602,"Mar 4, 2024, 3:12:36 PM PST",POSITIVE,0.9861540794372559
27186,mental health experiences,0.5212700963020325,"Mar 4, 2024, 3:12:36 PM PST",POSITIVE,0.9861540794372559
27186,work-life balance and burnout,0.42939522862434387,"Mar 4, 2024, 3:12:36 PM PST",POSITIVE,0.9861540794372559
27186,anxiety and stress management,0.4132952094078064,"Mar 4, 2024, 3:12:36 PM PST",POSITIVE,0.9861540794372559
27186,self-care practices,0.3730526864528656,"Mar 4, 2024, 3:12:36 PM PST",POSITIVE,0.9861540794372559
27186,addiction awareness and recovery,0.3598122298717499,"Mar 4, 2024, 3:12:36 PM PST",POSITIVE,0.9861540794372559
26352,mindfulness and mental wellness,0.9505465030670166,"Mar 14, 2024, 2:58:58 AM PST",POSITIVE,0.8624836206436157
26352,motivation and mental strength,0.939424455165863,"Mar 14, 2024, 2:58:58 AM PST",POSITIVE,0.8624836206436157
26352,self-improvement and personal growth,0.8666756749153137,"Mar 14, 2024, 2:58:58 AM PST",POSITIVE,0.8624836206436157
26352,sleep and mental wellness,0.8024659752845764,"Mar 14, 2024, 2:58:58 AM PST",POSITIVE,0.8624836206436157
26352,addiction awareness and recovery,0.6501777768135071,"Mar 14, 2024, 2:58:58 AM PST",POSITIVE,0.8624836206436157
26352,mental health experiences,0.6443718075752258,"Mar 14, 2024, 2:58:58 AM PST",POSITIVE,0.8624836206436157
26352,trauma awareness and healing,0.5863822102546692,"Mar 14, 2024, 2:58:58 AM PST",POSITIVE,0.8624836206436157
26352,self-care practices,0.5146719217300415,"Mar 14, 2024, 2:58:58 AM PST",POSITIVE,0.8624836206436157
26352,anxiety and stress management,0.32514023780822754,"Mar 14, 2024, 2:58:58 AM PST",POSITIVE,0.8624836206436157
26352,mental health education,0.31432050466537476,"Mar 14, 2024, 2:58:58 AM PST",POSITIVE,0.8624836206436157
27187,self-improvement and personal growth,0.764670729637146,"Mar 4, 2024, 3:08:12 PM PST",POSITIVE,0.9978051781654358
27187,motivation and mental strength,0.670295000076294,"Mar 4, 2024, 3:08:12 PM PST",POSITIVE,0.9978051781654358
27187,mental health experiences,0.6044350862503052,"Mar 4, 2024, 3:08:12 PM PST",POSITIVE,0.9978051781654358
27187,self-care practices,0.3233160078525543,"Mar 4, 2024, 3:08:12 PM PST",POSITIVE,0.9978051781654358
26769,self-improvement and personal growth,0.9967894554138184,"Mar 9, 2024, 9:57:02 PM PST",NEGATIVE,0.9773622155189514
26769,motivation and mental strength,0.9548670649528503,"Mar 9, 2024, 9:57:02 PM PST",NEGATIVE,0.9773622155189514
26769,self-care practices,0.8639422059059143,"Mar 9, 2024, 9:57:02 PM PST",NEGATIVE,0.9773622155189514
26770,self-improvement and personal growth,0.7809971570968628,"Mar 9, 2024, 9:56:46 PM PST",NEGATIVE,0.9997307658195496
26770,mental health experiences,0.6537551879882812,"Mar 9, 2024, 9:56:46 PM PST",NEGATIVE,0.9997307658195496
26770,self-care practices,0.6506689786911011,"Mar 9, 2024, 9:56:46 PM PST",NEGATIVE,0.9997307658195496
26770,addiction awareness and recovery,0.5473041534423828,"Mar 9, 2024, 9:56:46 PM PST",NEGATIVE,0.9997307658195496
26770,work-life balance and burnout,0.4344635605812073,"Mar 9, 2024, 9:56:46 PM PST",NEGATIVE,0.9997307658195496
26770,mental health education,0.39819812774658203,"Mar 9, 2024, 9:56:46 PM PST",NEGATIVE,0.9997307658195496
26770,emotional health discussion,0.3795986473560333,"Mar 9, 2024, 9:56:46 PM PST",NEGATIVE,0.9997307658195496
27188,self-improvement and personal growth,0.7801028490066528,"Mar 4, 2024, 3:05:00 PM PST",NEGATIVE,0.6218842267990112
27188,motivation and mental strength,0.7786842584609985,"Mar 4, 2024, 3:05:00 PM PST",NEGATIVE,0.6218842267990112
27188,mindfulness and mental wellness,0.5470317602157593,"Mar 4, 2024, 3:05:00 PM PST",NEGATIVE,0.6218842267990112
27188,social anxiety and relationships,0.4609915018081665,"Mar 4, 2024, 3:05:00 PM PST",NEGATIVE,0.6218842267990112
27188,mental health experiences,0.3955262005329132,"Mar 4, 2024, 3:05:00 PM PST",NEGATIVE,0.6218842267990112
27188,self-care practices,0.3484255075454712,"Mar 4, 2024, 3:05:00 PM PST",NEGATIVE,0.6218842267990112
27188,addiction awareness and recovery,0.310846745967865,"Mar 4, 2024, 3:05:00 PM PST",NEGATIVE,0.6218842267990112
26353,motivation and mental strength,0.5643903017044067,"Mar 14, 2024, 2:56:08 AM PST",POSITIVE,0.986084520816803
26353,self-improvement and personal growth,0.48483961820602417,"Mar 14, 2024, 2:56:08 AM PST",POSITIVE,0.986084520816803
26353,mental health experiences,0.38972076773643494,"Mar 14, 2024, 2:56:08 AM PST",POSITIVE,0.986084520816803
26353,mindfulness and mental wellness,0.30593279004096985,"Mar 14, 2024, 2:56:08 AM PST",POSITIVE,0.986084520816803
26771,motivation and mental strength,0.5503215193748474,"Mar 9, 2024, 9:56:12 PM PST",NEGATIVE,0.9560844898223877
26771,self-improvement and personal growth,0.3541634678840637,"Mar 9, 2024, 9:56:12 PM PST",NEGATIVE,0.9560844898223877
27189,motivation and mental strength,0.5309329628944397,"Mar 4, 2024, 2:59:36 PM PST",POSITIVE,0.9236475825309753
27189,self-improvement and personal growth,0.4880068004131317,"Mar 4, 2024, 2:59:36 PM PST",POSITIVE,0.9236475825309753
27189,mental health experiences,0.329996794462204,"Mar 4, 2024, 2:59:36 PM PST",POSITIVE,0.9236475825309753
26354,self-improvement and personal growth,0.48207080364227295,"Mar 14, 2024, 2:53:23 AM PST",POSITIVE,0.9922624826431274
26354,mental health experiences,0.32982298731803894,"Mar 14, 2024, 2:53:23 AM PST",POSITIVE,0.9922624826431274
27190,mindfulness and mental wellness,0.9099665284156799,"Mar 4, 2024, 2:56:16 PM PST",NEGATIVE,0.9871309399604797
27190,motivation and mental strength,0.9065396785736084,"Mar 4, 2024, 2:56:16 PM PST",NEGATIVE,0.9871309399604797
27190,self-improvement and personal growth,0.9046317934989929,"Mar 4, 2024, 2:56:16 PM PST",NEGATIVE,0.9871309399604797
27190,mental health experiences,0.8917826414108276,"Mar 4, 2024, 2:56:16 PM PST",NEGATIVE,0.9871309399604797
27190,mental health education,0.8028265237808228,"Mar 4, 2024, 2:56:16 PM PST",NEGATIVE,0.9871309399604797
27190,self-care practices,0.8026261329650879,"Mar 4, 2024, 2:56:16 PM PST",NEGATIVE,0.9871309399604797
27190,emotional health discussion,0.7158595323562622,"Mar 4, 2024, 2:56:16 PM PST",NEGATIVE,0.9871309399604797
27190,work-life balance and burnout,0.6833056807518005,"Mar 4, 2024, 2:56:16 PM PST",NEGATIVE,0.9871309399604797
27190,therapy and mental health support,0.6669198274612427,"Mar 4, 2024, 2:56:16 PM PST",NEGATIVE,0.9871309399604797
27190,addiction awareness and recovery,0.6283955574035645,"Mar 4, 2024, 2:56:16 PM PST",NEGATIVE,0.9871309399604797
27190,sleep and mental wellness,0.6068850159645081,"Mar 4, 2024, 2:56:16 PM PST",NEGATIVE,0.9871309399604797
27190,trauma awareness and healing,0.5854307413101196,"Mar 4, 2024, 2:56:16 PM PST",NEGATIVE,0.9871309399604797
27190,social anxiety and relationships,0.5820000171661377,"Mar 4, 2024, 2:56:16 PM PST",NEGATIVE,0.9871309399604797
27190,depression and emotional support,0.47068461775779724,"Mar 4, 2024, 2:56:16 PM PST",NEGATIVE,0.9871309399604797
27190,anxiety and stress management,0.4703366160392761,"Mar 4, 2024, 2:56:16 PM PST",NEGATIVE,0.9871309399604797
26773,motivation and mental strength,0.38265278935432434,"Mar 9, 2024, 9:54:17 PM PST",NEGATIVE,0.9816405177116394
26773,self-improvement and personal growth,0.3819195330142975,"Mar 9, 2024, 9:54:17 PM PST",NEGATIVE,0.9816405177116394
27191,self-improvement and personal growth,0.6061609983444214,"Mar 4, 2024, 2:53:52 PM PST",NEGATIVE,0.7913067936897278
27191,motivation and mental strength,0.5582482814788818,"Mar 4, 2024, 2:53:52 PM PST",NEGATIVE,0.7913067936897278
27191,mental health experiences,0.36700868606567383,"Mar 4, 2024, 2:53:52 PM PST",NEGATIVE,0.7913067936897278
27191,mindfulness and mental wellness,0.3539174795150757,"Mar 4, 2024, 2:53:52 PM PST",NEGATIVE,0.7913067936897278
26355,self-improvement and personal growth,0.48796942830085754,"Mar 14, 2024, 2:49:19 AM PST",POSITIVE,0.9363340139389038
26774,self-improvement and personal growth,0.9081395864486694,"Mar 9, 2024, 9:54:04 PM PST",NEGATIVE,0.656940221786499
26774,motivation and mental strength,0.8654889464378357,"Mar 9, 2024, 9:54:04 PM PST",NEGATIVE,0.656940221786499
26774,mental health experiences,0.7760612368583679,"Mar 9, 2024, 9:54:04 PM PST",NEGATIVE,0.656940221786499
26774,addiction awareness and recovery,0.5978006720542908,"Mar 9, 2024, 9:54:04 PM PST",NEGATIVE,0.656940221786499
26774,mindfulness and mental wellness,0.5758587121963501,"Mar 9, 2024, 9:54:04 PM PST",NEGATIVE,0.656940221786499
26774,work-life balance and burnout,0.514264702796936,"Mar 9, 2024, 9:54:04 PM PST",NEGATIVE,0.656940221786499
26774,self-care practices,0.4849269688129425,"Mar 9, 2024, 9:54:04 PM PST",NEGATIVE,0.656940221786499
26774,emotional health discussion,0.45657971501350403,"Mar 9, 2024, 9:54:04 PM PST",NEGATIVE,0.656940221786499
26774,mental health education,0.393040269613266,"Mar 9, 2024, 9:54:04 PM PST",NEGATIVE,0.656940221786499
26774,trauma awareness and healing,0.37059471011161804,"Mar 9, 2024, 9:54:04 PM PST",NEGATIVE,0.656940221786499
26774,anxiety and stress management,0.34803467988967896,"Mar 9, 2024, 9:54:04 PM PST",NEGATIVE,0.656940221786499
26356,self-improvement and personal growth,0.812991738319397,"Mar 14, 2024, 2:47:35 AM PST",POSITIVE,0.9938799142837524
26356,motivation and mental strength,0.6733852028846741,"Mar 14, 2024, 2:47:35 AM PST",POSITIVE,0.9938799142837524
26356,addiction awareness and recovery,0.6256377696990967,"Mar 14, 2024, 2:47:35 AM PST",POSITIVE,0.9938799142837524
26356,mental health experiences,0.5439342260360718,"Mar 14, 2024, 2:47:35 AM PST",POSITIVE,0.9938799142837524
26356,mindfulness and mental wellness,0.5005114078521729,"Mar 14, 2024, 2:47:35 AM PST",POSITIVE,0.9938799142837524
26356,self-care practices,0.34804263710975647,"Mar 14, 2024, 2:47:35 AM PST",POSITIVE,0.9938799142837524
26775,self-improvement and personal growth,0.6942175626754761,"Mar 9, 2024, 9:53:50 PM PST",POSITIVE,0.999765932559967
26775,motivation and mental strength,0.35607919096946716,"Mar 9, 2024, 9:53:50 PM PST",POSITIVE,0.999765932559967
26775,mindfulness and mental wellness,0.345704048871994,"Mar 9, 2024, 9:53:50 PM PST",POSITIVE,0.999765932559967
27192,self-improvement and personal growth,0.6819683313369751,"Mar 4, 2024, 2:50:27 PM PST",POSITIVE,0.8422959446907043
27192,motivation and mental strength,0.6112806797027588,"Mar 4, 2024, 2:50:27 PM PST",POSITIVE,0.8422959446907043
27192,mental health experiences,0.5186007022857666,"Mar 4, 2024, 2:50:27 PM PST",POSITIVE,0.8422959446907043
27192,social anxiety and relationships,0.48658326268196106,"Mar 4, 2024, 2:50:27 PM PST",POSITIVE,0.8422959446907043
27192,mindfulness and mental wellness,0.3748261034488678,"Mar 4, 2024, 2:50:27 PM PST",POSITIVE,0.8422959446907043
26357,self-improvement and personal growth,0.9468510150909424,"Mar 14, 2024, 2:43:40 AM PST",POSITIVE,0.8518282771110535
26357,mindfulness and mental wellness,0.9044063687324524,"Mar 14, 2024, 2:43:40 AM PST",POSITIVE,0.8518282771110535
26357,motivation and mental strength,0.8786581158638,"Mar 14, 2024, 2:43:40 AM PST",POSITIVE,0.8518282771110535
26357,self-care practices,0.6768155694007874,"Mar 14, 2024, 2:43:40 AM PST",POSITIVE,0.8518282771110535
26357,mental health experiences,0.5523718595504761,"Mar 14, 2024, 2:43:40 AM PST",POSITIVE,0.8518282771110535
26357,sleep and mental wellness,0.4654301106929779,"Mar 14, 2024, 2:43:40 AM PST",POSITIVE,0.8518282771110535
26776,self-improvement and personal growth,0.7173362970352173,"Mar 9, 2024, 9:52:49 PM PST",NEGATIVE,0.9925774931907654
26777,social anxiety and relationships,0.7973244786262512,"Mar 9, 2024, 2:55:46 PM PST",NEGATIVE,0.9098630547523499
26777,mental health experiences,0.7585574388504028,"Mar 9, 2024, 2:55:46 PM PST",NEGATIVE,0.9098630547523499
26777,self-improvement and personal growth,0.7535842657089233,"Mar 9, 2024, 2:55:46 PM PST",NEGATIVE,0.9098630547523499
26777,motivation and mental strength,0.7210779190063477,"Mar 9, 2024, 2:55:46 PM PST",NEGATIVE,0.9098630547523499
26777,emotional health discussion,0.5464431047439575,"Mar 9, 2024, 2:55:46 PM PST",NEGATIVE,0.9098630547523499
26777,mental health education,0.4331263303756714,"Mar 9, 2024, 2:55:46 PM PST",NEGATIVE,0.9098630547523499
26777,addiction awareness and recovery,0.360613077878952,"Mar 9, 2024, 2:55:46 PM PST",NEGATIVE,0.9098630547523499
26358,self-improvement and personal growth,0.7938857078552246,"Mar 14, 2024, 2:34:05 AM PST",POSITIVE,0.8751393556594849
26358,motivation and mental strength,0.745958149433136,"Mar 14, 2024, 2:34:05 AM PST",POSITIVE,0.8751393556594849
26358,mindfulness and mental wellness,0.5236124396324158,"Mar 14, 2024, 2:34:05 AM PST",POSITIVE,0.8751393556594849
26358,addiction awareness and recovery,0.4733121693134308,"Mar 14, 2024, 2:34:05 AM PST",POSITIVE,0.8751393556594849
26358,mental health experiences,0.38377484679222107,"Mar 14, 2024, 2:34:05 AM PST",POSITIVE,0.8751393556594849
26358,self-care practices,0.3149738013744354,"Mar 14, 2024, 2:34:05 AM PST",POSITIVE,0.8751393556594849
27193,motivation and mental strength,0.768040657043457,"Mar 4, 2024, 2:46:48 PM PST",POSITIVE,0.8536848425865173
27193,self-improvement and personal growth,0.6895366311073303,"Mar 4, 2024, 2:46:48 PM PST",POSITIVE,0.8536848425865173
27193,mindfulness and mental wellness,0.5133568048477173,"Mar 4, 2024, 2:46:48 PM PST",POSITIVE,0.8536848425865173
27193,social anxiety and relationships,0.46849438548088074,"Mar 4, 2024, 2:46:48 PM PST",POSITIVE,0.8536848425865173
27193,addiction awareness and recovery,0.45997127890586853,"Mar 4, 2024, 2:46:48 PM PST",POSITIVE,0.8536848425865173
27193,mental health experiences,0.43054094910621643,"Mar 4, 2024, 2:46:48 PM PST",POSITIVE,0.8536848425865173
27193,work-life balance and burnout,0.3491779565811157,"Mar 4, 2024, 2:46:48 PM PST",POSITIVE,0.8536848425865173
27193,mental health education,0.31403568387031555,"Mar 4, 2024, 2:46:48 PM PST",POSITIVE,0.8536848425865173
27193,trauma awareness and healing,0.3000127077102661,"Mar 4, 2024, 2:46:48 PM PST",POSITIVE,0.8536848425865173
26359,motivation and mental strength,0.8121618628501892,"Mar 14, 2024, 2:25:16 AM PST",POSITIVE,0.9798790216445923
26359,self-improvement and personal growth,0.5336199998855591,"Mar 14, 2024, 2:25:16 AM PST",POSITIVE,0.9798790216445923
26359,mental health experiences,0.45735785365104675,"Mar 14, 2024, 2:25:16 AM PST",POSITIVE,0.9798790216445923
26778,motivation and mental strength,0.6236458420753479,"Mar 9, 2024, 2:55:05 PM PST",NEGATIVE,0.9569486379623413
26778,self-improvement and personal growth,0.6180752515792847,"Mar 9, 2024, 2:55:05 PM PST",NEGATIVE,0.9569486379623413
26778,social anxiety and relationships,0.4479138255119324,"Mar 9, 2024, 2:55:05 PM PST",NEGATIVE,0.9569486379623413
26778,addiction awareness and recovery,0.3575553596019745,"Mar 9, 2024, 2:55:05 PM PST",NEGATIVE,0.9569486379623413
26778,mental health experiences,0.31639236211776733,"Mar 9, 2024, 2:55:05 PM PST",NEGATIVE,0.9569486379623413
27194,motivation and mental strength,0.943385660648346,"Mar 4, 2024, 2:43:33 PM PST",NEGATIVE,0.5366427302360535
27194,self-improvement and personal growth,0.8940679430961609,"Mar 4, 2024, 2:43:33 PM PST",NEGATIVE,0.5366427302360535
27194,mental health experiences,0.403512567281723,"Mar 4, 2024, 2:43:33 PM PST",NEGATIVE,0.5366427302360535
27194,self-care practices,0.31036874651908875,"Mar 4, 2024, 2:43:33 PM PST",NEGATIVE,0.5366427302360535
27194,mindfulness and mental wellness,0.3032834231853485,"Mar 4, 2024, 2:43:33 PM PST",NEGATIVE,0.5366427302360535
26360,motivation and mental strength,0.6141929626464844,"Mar 13, 2024, 6:06:33 PM PST",POSITIVE,0.8448371887207031
26779,self-improvement and personal growth,0.9215317964553833,"Mar 9, 2024, 2:13:04 PM PST",NEGATIVE,0.935247004032135
26779,motivation and mental strength,0.8558879494667053,"Mar 9, 2024, 2:13:04 PM PST",NEGATIVE,0.935247004032135
26779,mindfulness and mental wellness,0.8351925015449524,"Mar 9, 2024, 2:13:04 PM PST",NEGATIVE,0.935247004032135
26779,mental health experiences,0.8080136179924011,"Mar 9, 2024, 2:13:04 PM PST",NEGATIVE,0.935247004032135
26779,addiction awareness and recovery,0.7981878519058228,"Mar 9, 2024, 2:13:04 PM PST",NEGATIVE,0.935247004032135
26779,self-care practices,0.7389913201332092,"Mar 9, 2024, 2:13:04 PM PST",NEGATIVE,0.935247004032135
26779,trauma awareness and healing,0.6914019584655762,"Mar 9, 2024, 2:13:04 PM PST",NEGATIVE,0.935247004032135
26779,mental health education,0.6856319904327393,"Mar 9, 2024, 2:13:04 PM PST",NEGATIVE,0.935247004032135
26779,therapy and mental health support,0.6273078918457031,"Mar 9, 2024, 2:13:04 PM PST",NEGATIVE,0.935247004032135
26779,sleep and mental wellness,0.5933330655097961,"Mar 9, 2024, 2:13:04 PM PST",NEGATIVE,0.935247004032135
26779,emotional health discussion,0.588184118270874,"Mar 9, 2024, 2:13:04 PM PST",NEGATIVE,0.935247004032135
26779,depression and emotional support,0.5808003544807434,"Mar 9, 2024, 2:13:04 PM PST",NEGATIVE,0.935247004032135
26779,work-life balance and burnout,0.5448390245437622,"Mar 9, 2024, 2:13:04 PM PST",NEGATIVE,0.935247004032135
26779,anxiety and stress management,0.39141958951950073,"Mar 9, 2024, 2:13:04 PM PST",NEGATIVE,0.935247004032135
26779,social anxiety and relationships,0.3461177349090576,"Mar 9, 2024, 2:13:04 PM PST",NEGATIVE,0.935247004032135
26780,self-improvement and personal growth,0.9142217040061951,"Mar 9, 2024, 2:12:20 PM PST",NEGATIVE,0.9739510416984558
26780,self-care practices,0.8037992715835571,"Mar 9, 2024, 2:12:20 PM PST",NEGATIVE,0.9739510416984558
26780,motivation and mental strength,0.8032553195953369,"Mar 9, 2024, 2:12:20 PM PST",NEGATIVE,0.9739510416984558
26780,mental health experiences,0.5654907822608948,"Mar 9, 2024, 2:12:20 PM PST",NEGATIVE,0.9739510416984558
26780,emotional health discussion,0.5009021162986755,"Mar 9, 2024, 2:12:20 PM PST",NEGATIVE,0.9739510416984558
26780,mindfulness and mental wellness,0.31811878085136414,"Mar 9, 2024, 2:12:20 PM PST",NEGATIVE,0.9739510416984558
26361,self-improvement and personal growth,0.9936630129814148,"Mar 13, 2024, 5:54:32 PM PST",POSITIVE,0.9924728870391846
26361,motivation and mental strength,0.9867078065872192,"Mar 13, 2024, 5:54:32 PM PST",POSITIVE,0.9924728870391846
26361,mindfulness and mental wellness,0.5318366885185242,"Mar 13, 2024, 5:54:32 PM PST",POSITIVE,0.9924728870391846
27195,motivation and mental strength,0.6555569767951965,"Mar 4, 2024, 2:38:55 PM PST",POSITIVE,0.9992283582687378
27195,self-improvement and personal growth,0.6334977746009827,"Mar 4, 2024, 2:38:55 PM PST",POSITIVE,0.9992283582687378
27195,mindfulness and mental wellness,0.4190542995929718,"Mar 4, 2024, 2:38:55 PM PST",POSITIVE,0.9992283582687378
27195,addiction awareness and recovery,0.3332323729991913,"Mar 4, 2024, 2:38:55 PM PST",POSITIVE,0.9992283582687378
27195,mental health experiences,0.3296520709991455,"Mar 4, 2024, 2:38:55 PM PST",POSITIVE,0.9992283582687378
26362,motivation and mental strength,0.9448265433311462,"Mar 13, 2024, 10:43:33 AM PST",POSITIVE,0.6664778590202332
26362,addiction awareness and recovery,0.9067234992980957,"Mar 13, 2024, 10:43:33 AM PST",POSITIVE,0.6664778590202332
26362,self-improvement and personal growth,0.9049437046051025,"Mar 13, 2024, 10:43:33 AM PST",POSITIVE,0.6664778590202332
26362,self-care practices,0.8387845158576965,"Mar 13, 2024, 10:43:33 AM PST",POSITIVE,0.6664778590202332
26362,mental health experiences,0.8347676396369934,"Mar 13, 2024, 10:43:33 AM PST",POSITIVE,0.6664778590202332
26362,trauma awareness and healing,0.7757248282432556,"Mar 13, 2024, 10:43:33 AM PST",POSITIVE,0.6664778590202332
26362,mental health education,0.6126120686531067,"Mar 13, 2024, 10:43:33 AM PST",POSITIVE,0.6664778590202332
26362,work-life balance and burnout,0.5808062553405762,"Mar 13, 2024, 10:43:33 AM PST",POSITIVE,0.6664778590202332
26362,sleep and mental wellness,0.575258195400238,"Mar 13, 2024, 10:43:33 AM PST",POSITIVE,0.6664778590202332
26362,mindfulness and mental wellness,0.5582744479179382,"Mar 13, 2024, 10:43:33 AM PST",POSITIVE,0.6664778590202332
26362,emotional health discussion,0.5544151663780212,"Mar 13, 2024, 10:43:33 AM PST",POSITIVE,0.6664778590202332
26362,therapy and mental health support,0.549865186214447,"Mar 13, 2024, 10:43:33 AM PST",POSITIVE,0.6664778590202332
26362,anxiety and stress management,0.4716217815876007,"Mar 13, 2024, 10:43:33 AM PST",POSITIVE,0.6664778590202332
26362,social anxiety and relationships,0.4090680480003357,"Mar 13, 2024, 10:43:33 AM PST",POSITIVE,0.6664778590202332
27196,self-improvement and personal growth,0.9468510150909424,"Mar 4, 2024, 2:34:49 PM PST",POSITIVE,0.8518282771110535
27196,mindfulness and mental wellness,0.9044063687324524,"Mar 4, 2024, 2:34:49 PM PST",POSITIVE,0.8518282771110535
27196,motivation and mental strength,0.8786581158638,"Mar 4, 2024, 2:34:49 PM PST",POSITIVE,0.8518282771110535
27196,self-care practices,0.6768155694007874,"Mar 4, 2024, 2:34:49 PM PST",POSITIVE,0.8518282771110535
27196,mental health experiences,0.5523718595504761,"Mar 4, 2024, 2:34:49 PM PST",POSITIVE,0.8518282771110535
27196,sleep and mental wellness,0.4654301106929779,"Mar 4, 2024, 2:34:49 PM PST",POSITIVE,0.8518282771110535
26781,self-improvement and personal growth,0.9819707870483398,"Mar 9, 2024, 2:12:10 PM PST",NEGATIVE,0.9958166480064392
26781,motivation and mental strength,0.9730652570724487,"Mar 9, 2024, 2:12:10 PM PST",NEGATIVE,0.9958166480064392
26781,mental health experiences,0.8083623647689819,"Mar 9, 2024, 2:12:10 PM PST",NEGATIVE,0.9958166480064392
26781,mindfulness and mental wellness,0.7884109020233154,"Mar 9, 2024, 2:12:10 PM PST",NEGATIVE,0.9958166480064392
26781,self-care practices,0.6889064908027649,"Mar 9, 2024, 2:12:10 PM PST",NEGATIVE,0.9958166480064392
26781,work-life balance and burnout,0.5843038558959961,"Mar 9, 2024, 2:12:10 PM PST",NEGATIVE,0.9958166480064392
26781,social anxiety and relationships,0.49314257502555847,"Mar 9, 2024, 2:12:10 PM PST",NEGATIVE,0.9958166480064392
26781,depression and emotional support,0.44666194915771484,"Mar 9, 2024, 2:12:10 PM PST",NEGATIVE,0.9958166480064392
26781,emotional health discussion,0.42344966530799866,"Mar 9, 2024, 2:12:10 PM PST",NEGATIVE,0.9958166480064392
26781,anxiety and stress management,0.36869385838508606,"Mar 9, 2024, 2:12:10 PM PST",NEGATIVE,0.9958166480064392
26363,self-improvement and personal growth,0.7779355645179749,O Haseena Zulfonwale Jane Jahan Afro Trap,NEGATIVE,0.973016619682312
26363,motivation and mental strength,0.7554339170455933,O Haseena Zulfonwale Jane Jahan Afro Trap,NEGATIVE,0.973016619682312
26363,mental health experiences,0.5988270044326782,O Haseena Zulfonwale Jane Jahan Afro Trap,NEGATIVE,0.973016619682312
26363,self-care practices,0.5177066326141357,O Haseena Zulfonwale Jane Jahan Afro Trap,NEGATIVE,0.973016619682312
26363,work-life balance and burnout,0.48475557565689087,O Haseena Zulfonwale Jane Jahan Afro Trap,NEGATIVE,0.973016619682312
26363,addiction awareness and recovery,0.3587034344673157,O Haseena Zulfonwale Jane Jahan Afro Trap,NEGATIVE,0.973016619682312
26363,mindfulness and mental wellness,0.35709965229034424,O Haseena Zulfonwale Jane Jahan Afro Trap,NEGATIVE,0.973016619682312
26782,motivation and mental strength,0.6666639447212219,"Mar 9, 2024, 1:56:33 PM PST",NEGATIVE,0.9986780285835266
26782,self-improvement and personal growth,0.3980827033519745,"Mar 9, 2024, 1:56:33 PM PST",NEGATIVE,0.9986780285835266
26782,mental health experiences,0.3072352111339569,"Mar 9, 2024, 1:56:33 PM PST",NEGATIVE,0.9986780285835266
26364,mindfulness and mental wellness,0.9510790705680847,"Mar 13, 2024, 10:36:04 AM PST",POSITIVE,0.988103449344635
26364,motivation and mental strength,0.9368666410446167,"Mar 13, 2024, 10:36:04 AM PST",POSITIVE,0.988103449344635
26364,self-improvement and personal growth,0.9289398193359375,"Mar 13, 2024, 10:36:04 AM PST",POSITIVE,0.988103449344635
26364,self-care practices,0.8555784225463867,"Mar 13, 2024, 10:36:04 AM PST",POSITIVE,0.988103449344635
26364,mental health experiences,0.8298826217651367,"Mar 13, 2024, 10:36:04 AM PST",POSITIVE,0.988103449344635
26364,mental health education,0.7148204445838928,"Mar 13, 2024, 10:36:04 AM PST",POSITIVE,0.988103449344635
26364,addiction awareness and recovery,0.6805819869041443,"Mar 13, 2024, 10:36:04 AM PST",POSITIVE,0.988103449344635
26364,therapy and mental health support,0.6712080836296082,"Mar 13, 2024, 10:36:04 AM PST",POSITIVE,0.988103449344635
26364,trauma awareness and healing,0.6510475873947144,"Mar 13, 2024, 10:36:04 AM PST",POSITIVE,0.988103449344635
26364,emotional health discussion,0.6288558840751648,"Mar 13, 2024, 10:36:04 AM PST",POSITIVE,0.988103449344635
26364,work-life balance and burnout,0.47748374938964844,"Mar 13, 2024, 10:36:04 AM PST",POSITIVE,0.988103449344635
26364,social anxiety and relationships,0.44559821486473083,"Mar 13, 2024, 10:36:04 AM PST",POSITIVE,0.988103449344635
26364,sleep and mental wellness,0.4442426860332489,"Mar 13, 2024, 10:36:04 AM PST",POSITIVE,0.988103449344635
26364,depression and emotional support,0.3529903292655945,"Mar 13, 2024, 10:36:04 AM PST",POSITIVE,0.988103449344635
26364,anxiety and stress management,0.31298211216926575,"Mar 13, 2024, 10:36:04 AM PST",POSITIVE,0.988103449344635
26783,self-improvement and personal growth,0.9338319897651672,"Mar 9, 2024, 1:56:09 PM PST",NEGATIVE,0.9527145624160767
26783,motivation and mental strength,0.8788901567459106,"Mar 9, 2024, 1:56:09 PM PST",NEGATIVE,0.9527145624160767
26783,mindfulness and mental wellness,0.8680163025856018,"Mar 9, 2024, 1:56:09 PM PST",NEGATIVE,0.9527145624160767
26783,addiction awareness and recovery,0.8361490964889526,"Mar 9, 2024, 1:56:09 PM PST",NEGATIVE,0.9527145624160767
26783,mental health experiences,0.833537220954895,"Mar 9, 2024, 1:56:09 PM PST",NEGATIVE,0.9527145624160767
26783,self-care practices,0.7573639750480652,"Mar 9, 2024, 1:56:09 PM PST",NEGATIVE,0.9527145624160767
26783,trauma awareness and healing,0.7368257641792297,"Mar 9, 2024, 1:56:09 PM PST",NEGATIVE,0.9527145624160767
26783,mental health education,0.716261625289917,"Mar 9, 2024, 1:56:09 PM PST",NEGATIVE,0.9527145624160767
26783,therapy and mental health support,0.6766221523284912,"Mar 9, 2024, 1:56:09 PM PST",NEGATIVE,0.9527145624160767
26783,sleep and mental wellness,0.6400103569030762,"Mar 9, 2024, 1:56:09 PM PST",NEGATIVE,0.9527145624160767
26783,emotional health discussion,0.6366152763366699,"Mar 9, 2024, 1:56:09 PM PST",NEGATIVE,0.9527145624160767
26783,depression and emotional support,0.6128011345863342,"Mar 9, 2024, 1:56:09 PM PST",NEGATIVE,0.9527145624160767
26783,work-life balance and burnout,0.5923717021942139,"Mar 9, 2024, 1:56:09 PM PST",NEGATIVE,0.9527145624160767
26783,anxiety and stress management,0.4326842427253723,"Mar 9, 2024, 1:56:09 PM PST",NEGATIVE,0.9527145624160767
26783,social anxiety and relationships,0.3707423806190491,"Mar 9, 2024, 1:56:09 PM PST",NEGATIVE,0.9527145624160767
27197,self-improvement and personal growth,0.4588605463504791,"Mar 4, 2024, 2:32:13 PM PST",POSITIVE,0.9697220921516418
27197,mental health experiences,0.34512823820114136,"Mar 4, 2024, 2:32:13 PM PST",POSITIVE,0.9697220921516418
26365,self-improvement and personal growth,0.8641436696052551,Iqlipse Nova - Topic,POSITIVE,0.9776992797851562
26365,mental health experiences,0.8040024638175964,Iqlipse Nova - Topic,POSITIVE,0.9776992797851562
26365,motivation and mental strength,0.8011126518249512,Iqlipse Nova - Topic,POSITIVE,0.9776992797851562
26365,mindfulness and mental wellness,0.7298868894577026,Iqlipse Nova - Topic,POSITIVE,0.9776992797851562
26365,self-care practices,0.7168864011764526,Iqlipse Nova - Topic,POSITIVE,0.9776992797851562
26365,addiction awareness and recovery,0.5793639421463013,Iqlipse Nova - Topic,POSITIVE,0.9776992797851562
26365,mental health education,0.5501524806022644,Iqlipse Nova - Topic,POSITIVE,0.9776992797851562
26365,emotional health discussion,0.5006248354911804,Iqlipse Nova - Topic,POSITIVE,0.9776992797851562
26365,therapy and mental health support,0.44863826036453247,Iqlipse Nova - Topic,POSITIVE,0.9776992797851562
26365,work-life balance and burnout,0.41908711194992065,Iqlipse Nova - Topic,POSITIVE,0.9776992797851562
26365,trauma awareness and healing,0.38634219765663147,Iqlipse Nova - Topic,POSITIVE,0.9776992797851562
26365,sleep and mental wellness,0.3657992482185364,Iqlipse Nova - Topic,POSITIVE,0.9776992797851562
27198,motivation and mental strength,0.8721322417259216,"Mar 4, 2024, 2:27:35 PM PST",POSITIVE,0.8197348117828369
27198,self-improvement and personal growth,0.852814793586731,"Mar 4, 2024, 2:27:35 PM PST",POSITIVE,0.8197348117828369
27198,addiction awareness and recovery,0.7976272702217102,"Mar 4, 2024, 2:27:35 PM PST",POSITIVE,0.8197348117828369
27198,mindfulness and mental wellness,0.7500684261322021,"Mar 4, 2024, 2:27:35 PM PST",POSITIVE,0.8197348117828369
27198,mental health experiences,0.6115016937255859,"Mar 4, 2024, 2:27:35 PM PST",POSITIVE,0.8197348117828369
27198,trauma awareness and healing,0.4830280840396881,"Mar 4, 2024, 2:27:35 PM PST",POSITIVE,0.8197348117828369
27198,self-care practices,0.4817405343055725,"Mar 4, 2024, 2:27:35 PM PST",POSITIVE,0.8197348117828369
27198,social anxiety and relationships,0.4194038510322571,"Mar 4, 2024, 2:27:35 PM PST",POSITIVE,0.8197348117828369
27198,work-life balance and burnout,0.40568408370018005,"Mar 4, 2024, 2:27:35 PM PST",POSITIVE,0.8197348117828369
27198,emotional health discussion,0.33683064579963684,"Mar 4, 2024, 2:27:35 PM PST",POSITIVE,0.8197348117828369
27198,mental health education,0.30059897899627686,"Mar 4, 2024, 2:27:35 PM PST",POSITIVE,0.8197348117828369
26366,mindfulness and mental wellness,0.9266162514686584,"Mar 13, 2024, 10:30:00 AM PST",NEGATIVE,0.8040645122528076
26366,motivation and mental strength,0.8584839701652527,"Mar 13, 2024, 10:30:00 AM PST",NEGATIVE,0.8040645122528076
26366,self-improvement and personal growth,0.8272815942764282,"Mar 13, 2024, 10:30:00 AM PST",NEGATIVE,0.8040645122528076
26366,sleep and mental wellness,0.8066223859786987,"Mar 13, 2024, 10:30:00 AM PST",NEGATIVE,0.8040645122528076
26366,self-care practices,0.7915122509002686,"Mar 13, 2024, 10:30:00 AM PST",NEGATIVE,0.8040645122528076
26366,mental health experiences,0.7059121131896973,"Mar 13, 2024, 10:30:00 AM PST",NEGATIVE,0.8040645122528076
26366,addiction awareness and recovery,0.4870162904262543,"Mar 13, 2024, 10:30:00 AM PST",NEGATIVE,0.8040645122528076
26366,therapy and mental health support,0.47234997153282166,"Mar 13, 2024, 10:30:00 AM PST",NEGATIVE,0.8040645122528076
26366,mental health education,0.45525896549224854,"Mar 13, 2024, 10:30:00 AM PST",NEGATIVE,0.8040645122528076
26366,emotional health discussion,0.43568965792655945,"Mar 13, 2024, 10:30:00 AM PST",NEGATIVE,0.8040645122528076
26366,social anxiety and relationships,0.41638270020484924,"Mar 13, 2024, 10:30:00 AM PST",NEGATIVE,0.8040645122528076
26366,work-life balance and burnout,0.40866735577583313,"Mar 13, 2024, 10:30:00 AM PST",NEGATIVE,0.8040645122528076
26366,trauma awareness and healing,0.3612437844276428,"Mar 13, 2024, 10:30:00 AM PST",NEGATIVE,0.8040645122528076
26366,depression and emotional support,0.3109055161476135,"Mar 13, 2024, 10:30:00 AM PST",NEGATIVE,0.8040645122528076
26784,motivation and mental strength,0.7575512528419495,"Mar 9, 2024, 1:55:15 PM PST",NEGATIVE,0.9844812154769897
26784,self-improvement and personal growth,0.6187258362770081,"Mar 9, 2024, 1:55:15 PM PST",NEGATIVE,0.9844812154769897
27199,self-improvement and personal growth,0.7938857078552246,"Mar 4, 2024, 2:24:29 PM PST",POSITIVE,0.8751393556594849
27199,motivation and mental strength,0.745958149433136,"Mar 4, 2024, 2:24:29 PM PST",POSITIVE,0.8751393556594849
27199,mindfulness and mental wellness,0.5236124396324158,"Mar 4, 2024, 2:24:29 PM PST",POSITIVE,0.8751393556594849
27199,addiction awareness and recovery,0.4733121693134308,"Mar 4, 2024, 2:24:29 PM PST",POSITIVE,0.8751393556594849
27199,mental health experiences,0.38377484679222107,"Mar 4, 2024, 2:24:29 PM PST",POSITIVE,0.8751393556594849
27199,self-care practices,0.3149738013744354,"Mar 4, 2024, 2:24:29 PM PST",POSITIVE,0.8751393556594849
26367,self-improvement and personal growth,0.8016570806503296,"Mar 13, 2024, 10:27:22 AM PST",NEGATIVE,0.9721325039863586
26367,motivation and mental strength,0.7493507266044617,"Mar 13, 2024, 10:27:22 AM PST",NEGATIVE,0.9721325039863586
26367,mindfulness and mental wellness,0.5959163904190063,"Mar 13, 2024, 10:27:22 AM PST",NEGATIVE,0.9721325039863586
26367,mental health experiences,0.5063517689704895,"Mar 13, 2024, 10:27:22 AM PST",NEGATIVE,0.9721325039863586
26367,addiction awareness and recovery,0.4433787167072296,"Mar 13, 2024, 10:27:22 AM PST",NEGATIVE,0.9721325039863586
26367,self-care practices,0.41641315817832947,"Mar 13, 2024, 10:27:22 AM PST",NEGATIVE,0.9721325039863586
26785,motivation and mental strength,0.7975136637687683,"Mar 9, 2024, 1:54:57 PM PST",POSITIVE,0.9991355538368225
26785,mental health experiences,0.7837053537368774,"Mar 9, 2024, 1:54:57 PM PST",POSITIVE,0.9991355538368225
26785,self-improvement and personal growth,0.6889941692352295,"Mar 9, 2024, 1:54:57 PM PST",POSITIVE,0.9991355538368225
26785,emotional health discussion,0.6045855283737183,"Mar 9, 2024, 1:54:57 PM PST",POSITIVE,0.9991355538368225
26785,work-life balance and burnout,0.6017664670944214,"Mar 9, 2024, 1:54:57 PM PST",POSITIVE,0.9991355538368225
26785,self-care practices,0.3204483389854431,"Mar 9, 2024, 1:54:57 PM PST",POSITIVE,0.9991355538368225
27200,motivation and mental strength,0.349619060754776,"Mar 4, 2024, 10:56:32 AM PST",POSITIVE,0.9941864013671875
26368,motivation and mental strength,0.935408353805542,"Mar 13, 2024, 10:24:18 AM PST",NEGATIVE,0.8515685200691223
26368,self-improvement and personal growth,0.8917493224143982,"Mar 13, 2024, 10:24:18 AM PST",NEGATIVE,0.8515685200691223
26368,self-care practices,0.7292606830596924,"Mar 13, 2024, 10:24:18 AM PST",NEGATIVE,0.8515685200691223
26368,mental health experiences,0.7035408020019531,"Mar 13, 2024, 10:24:18 AM PST",NEGATIVE,0.8515685200691223
26368,mindfulness and mental wellness,0.6983263492584229,"Mar 13, 2024, 10:24:18 AM PST",NEGATIVE,0.8515685200691223
26368,work-life balance and burnout,0.6666984558105469,"Mar 13, 2024, 10:24:18 AM PST",NEGATIVE,0.8515685200691223
26368,addiction awareness and recovery,0.5954113006591797,"Mar 13, 2024, 10:24:18 AM PST",NEGATIVE,0.8515685200691223
26368,mental health education,0.5668059587478638,"Mar 13, 2024, 10:24:18 AM PST",NEGATIVE,0.8515685200691223
26368,sleep and mental wellness,0.5257126688957214,"Mar 13, 2024, 10:24:18 AM PST",NEGATIVE,0.8515685200691223
26368,emotional health discussion,0.5164569616317749,"Mar 13, 2024, 10:24:18 AM PST",NEGATIVE,0.8515685200691223
26368,therapy and mental health support,0.43944188952445984,"Mar 13, 2024, 10:24:18 AM PST",NEGATIVE,0.8515685200691223
26368,trauma awareness and healing,0.37905165553092957,"Mar 13, 2024, 10:24:18 AM PST",NEGATIVE,0.8515685200691223
26786,self-improvement and personal growth,0.9709200263023376,"Mar 9, 2024, 1:54:46 PM PST",POSITIVE,0.6910149455070496
26786,mindfulness and mental wellness,0.9150663018226624,"Mar 9, 2024, 1:54:46 PM PST",POSITIVE,0.6910149455070496
26786,motivation and mental strength,0.9127500653266907,"Mar 9, 2024, 1:54:46 PM PST",POSITIVE,0.6910149455070496
26786,self-care practices,0.8619387149810791,"Mar 9, 2024, 1:54:46 PM PST",POSITIVE,0.6910149455070496
26786,sleep and mental wellness,0.7377607822418213,"Mar 9, 2024, 1:54:46 PM PST",POSITIVE,0.6910149455070496
26786,addiction awareness and recovery,0.7110325694084167,"Mar 9, 2024, 1:54:46 PM PST",POSITIVE,0.6910149455070496
26786,mental health education,0.6902052164077759,"Mar 9, 2024, 1:54:46 PM PST",POSITIVE,0.6910149455070496
26786,mental health experiences,0.6721101403236389,"Mar 9, 2024, 1:54:46 PM PST",POSITIVE,0.6910149455070496
26786,therapy and mental health support,0.6589901447296143,"Mar 9, 2024, 1:54:46 PM PST",POSITIVE,0.6910149455070496
26786,trauma awareness and healing,0.6571727991104126,"Mar 9, 2024, 1:54:46 PM PST",POSITIVE,0.6910149455070496
26786,emotional health discussion,0.6448326706886292,"Mar 9, 2024, 1:54:46 PM PST",POSITIVE,0.6910149455070496
26786,depression and emotional support,0.6411958336830139,"Mar 9, 2024, 1:54:46 PM PST",POSITIVE,0.6910149455070496
26786,anxiety and stress management,0.5755160450935364,"Mar 9, 2024, 1:54:46 PM PST",POSITIVE,0.6910149455070496
26786,work-life balance and burnout,0.4345357120037079,"Mar 9, 2024, 1:54:46 PM PST",POSITIVE,0.6910149455070496
26786,social anxiety and relationships,0.33541399240493774,"Mar 9, 2024, 1:54:46 PM PST",POSITIVE,0.6910149455070496
26369,mindfulness and mental wellness,0.9694877862930298,"Mar 13, 2024, 10:24:13 AM PST",POSITIVE,0.9481381773948669
26369,self-improvement and personal growth,0.9384763240814209,"Mar 13, 2024, 10:24:13 AM PST",POSITIVE,0.9481381773948669
26369,mental health experiences,0.9225975275039673,"Mar 13, 2024, 10:24:13 AM PST",POSITIVE,0.9481381773948669
26369,self-care practices,0.9091250896453857,"Mar 13, 2024, 10:24:13 AM PST",POSITIVE,0.9481381773948669
26369,motivation and mental strength,0.9078443050384521,"Mar 13, 2024, 10:24:13 AM PST",POSITIVE,0.9481381773948669
26369,mental health education,0.8147678971290588,"Mar 13, 2024, 10:24:13 AM PST",POSITIVE,0.9481381773948669
26369,therapy and mental health support,0.7820973992347717,"Mar 13, 2024, 10:24:13 AM PST",POSITIVE,0.9481381773948669
26369,sleep and mental wellness,0.7596035599708557,"Mar 13, 2024, 10:24:13 AM PST",POSITIVE,0.9481381773948669
26369,addiction awareness and recovery,0.7182754278182983,"Mar 13, 2024, 10:24:13 AM PST",POSITIVE,0.9481381773948669
26369,emotional health discussion,0.7168304920196533,"Mar 13, 2024, 10:24:13 AM PST",POSITIVE,0.9481381773948669
26369,trauma awareness and healing,0.5680267214775085,"Mar 13, 2024, 10:24:13 AM PST",POSITIVE,0.9481381773948669
26369,social anxiety and relationships,0.5164929032325745,"Mar 13, 2024, 10:24:13 AM PST",POSITIVE,0.9481381773948669
26369,work-life balance and burnout,0.4606097340583801,"Mar 13, 2024, 10:24:13 AM PST",POSITIVE,0.9481381773948669
26369,anxiety and stress management,0.4519950747489929,"Mar 13, 2024, 10:24:13 AM PST",POSITIVE,0.9481381773948669
26369,depression and emotional support,0.40560296177864075,"Mar 13, 2024, 10:24:13 AM PST",POSITIVE,0.9481381773948669
26787,self-improvement and personal growth,0.7795515060424805,"Mar 9, 2024, 1:53:35 PM PST",NEGATIVE,0.9987181425094604
26787,motivation and mental strength,0.6461845636367798,"Mar 9, 2024, 1:53:35 PM PST",NEGATIVE,0.9987181425094604
26787,work-life balance and burnout,0.32926931977272034,"Mar 9, 2024, 1:53:35 PM PST",NEGATIVE,0.9987181425094604
26787,self-care practices,0.30220741033554077,"Mar 9, 2024, 1:53:35 PM PST",NEGATIVE,0.9987181425094604
27201,motivation and mental strength,0.7623024582862854,"Mar 4, 2024, 10:52:10 AM PST",POSITIVE,0.988734781742096
27201,self-improvement and personal growth,0.710766077041626,"Mar 4, 2024, 10:52:10 AM PST",POSITIVE,0.988734781742096
27201,mindfulness and mental wellness,0.6010868549346924,"Mar 4, 2024, 10:52:10 AM PST",POSITIVE,0.988734781742096
27201,addiction awareness and recovery,0.45100587606430054,"Mar 4, 2024, 10:52:10 AM PST",POSITIVE,0.988734781742096
27201,work-life balance and burnout,0.4221726655960083,"Mar 4, 2024, 10:52:10 AM PST",POSITIVE,0.988734781742096
27201,mental health experiences,0.4027955234050751,"Mar 4, 2024, 10:52:10 AM PST",POSITIVE,0.988734781742096
27201,trauma awareness and healing,0.34776771068573,"Mar 4, 2024, 10:52:10 AM PST",POSITIVE,0.988734781742096
27201,self-care practices,0.31892719864845276,"Mar 4, 2024, 10:52:10 AM PST",POSITIVE,0.988734781742096
27201,mental health education,0.3043683171272278,"Mar 4, 2024, 10:52:10 AM PST",POSITIVE,0.988734781742096
26370,self-improvement and personal growth,0.8632110357284546,"Mar 13, 2024, 10:24:10 AM PST",POSITIVE,0.6518833041191101
26370,motivation and mental strength,0.849318265914917,"Mar 13, 2024, 10:24:10 AM PST",POSITIVE,0.6518833041191101
26370,mental health experiences,0.8376142382621765,"Mar 13, 2024, 10:24:10 AM PST",POSITIVE,0.6518833041191101
26370,self-care practices,0.7826359868049622,"Mar 13, 2024, 10:24:10 AM PST",POSITIVE,0.6518833041191101
26370,mindfulness and mental wellness,0.7465668320655823,"Mar 13, 2024, 10:24:10 AM PST",POSITIVE,0.6518833041191101
26370,work-life balance and burnout,0.7089569568634033,"Mar 13, 2024, 10:24:10 AM PST",POSITIVE,0.6518833041191101
26370,therapy and mental health support,0.6853213310241699,"Mar 13, 2024, 10:24:10 AM PST",POSITIVE,0.6518833041191101
26370,addiction awareness and recovery,0.6614235639572144,"Mar 13, 2024, 10:24:10 AM PST",POSITIVE,0.6518833041191101
26370,mental health education,0.6606636047363281,"Mar 13, 2024, 10:24:10 AM PST",POSITIVE,0.6518833041191101
26370,emotional health discussion,0.5988451838493347,"Mar 13, 2024, 10:24:10 AM PST",POSITIVE,0.6518833041191101
26370,trauma awareness and healing,0.5826437473297119,"Mar 13, 2024, 10:24:10 AM PST",POSITIVE,0.6518833041191101
26370,social anxiety and relationships,0.46713826060295105,"Mar 13, 2024, 10:24:10 AM PST",POSITIVE,0.6518833041191101
26370,sleep and mental wellness,0.43462514877319336,"Mar 13, 2024, 10:24:10 AM PST",POSITIVE,0.6518833041191101
26370,depression and emotional support,0.4038228988647461,"Mar 13, 2024, 10:24:10 AM PST",POSITIVE,0.6518833041191101
26370,anxiety and stress management,0.31083622574806213,"Mar 13, 2024, 10:24:10 AM PST",POSITIVE,0.6518833041191101
26788,mental health experiences,0.8445041179656982,"Mar 9, 2024, 1:53:07 PM PST",NEGATIVE,0.996493399143219
26788,self-improvement and personal growth,0.4984651803970337,"Mar 9, 2024, 1:53:07 PM PST",NEGATIVE,0.996493399143219
26788,emotional health discussion,0.4356272518634796,"Mar 9, 2024, 1:53:07 PM PST",NEGATIVE,0.996493399143219
26788,anxiety and stress management,0.330441415309906,"Mar 9, 2024, 1:53:07 PM PST",NEGATIVE,0.996493399143219
26371,self-improvement and personal growth,0.86790931224823,"Mar 13, 2024, 10:21:24 AM PST",POSITIVE,0.7260138392448425
26371,motivation and mental strength,0.813167929649353,"Mar 13, 2024, 10:21:24 AM PST",POSITIVE,0.7260138392448425
26371,mindfulness and mental wellness,0.7870179414749146,"Mar 13, 2024, 10:21:24 AM PST",POSITIVE,0.7260138392448425
26371,mental health experiences,0.7512717843055725,"Mar 13, 2024, 10:21:24 AM PST",POSITIVE,0.7260138392448425
26371,self-care practices,0.7417475581169128,"Mar 13, 2024, 10:21:24 AM PST",POSITIVE,0.7260138392448425
26371,addiction awareness and recovery,0.6873056888580322,"Mar 13, 2024, 10:21:24 AM PST",POSITIVE,0.7260138392448425
26371,mental health education,0.6608772277832031,"Mar 13, 2024, 10:21:24 AM PST",POSITIVE,0.7260138392448425
26371,emotional health discussion,0.6571788787841797,"Mar 13, 2024, 10:21:24 AM PST",POSITIVE,0.7260138392448425
26371,work-life balance and burnout,0.6093357801437378,"Mar 13, 2024, 10:21:24 AM PST",POSITIVE,0.7260138392448425
26371,trauma awareness and healing,0.5592185854911804,"Mar 13, 2024, 10:21:24 AM PST",POSITIVE,0.7260138392448425
26371,therapy and mental health support,0.5457817316055298,"Mar 13, 2024, 10:21:24 AM PST",POSITIVE,0.7260138392448425
26371,social anxiety and relationships,0.47406360507011414,"Mar 13, 2024, 10:21:24 AM PST",POSITIVE,0.7260138392448425
26371,sleep and mental wellness,0.4433426856994629,"Mar 13, 2024, 10:21:24 AM PST",POSITIVE,0.7260138392448425
26371,anxiety and stress management,0.4010014832019806,"Mar 13, 2024, 10:21:24 AM PST",POSITIVE,0.7260138392448425
26371,depression and emotional support,0.31999313831329346,"Mar 13, 2024, 10:21:24 AM PST",POSITIVE,0.7260138392448425
26789,self-improvement and personal growth,0.7749912738800049,"Mar 9, 2024, 1:52:46 PM PST",POSITIVE,0.9998723268508911
26789,self-care practices,0.7429649233818054,"Mar 9, 2024, 1:52:46 PM PST",POSITIVE,0.9998723268508911
26789,motivation and mental strength,0.6755985617637634,"Mar 9, 2024, 1:52:46 PM PST",POSITIVE,0.9998723268508911
26789,mindfulness and mental wellness,0.673231303691864,"Mar 9, 2024, 1:52:46 PM PST",POSITIVE,0.9998723268508911
26789,mental health experiences,0.4200771749019623,"Mar 9, 2024, 1:52:46 PM PST",POSITIVE,0.9998723268508911
26789,emotional health discussion,0.3215421140193939,"Mar 9, 2024, 1:52:46 PM PST",POSITIVE,0.9998723268508911
27202,motivation and mental strength,0.8121618628501892,"Mar 4, 2024, 10:37:05 AM PST",POSITIVE,0.9798790216445923
27202,self-improvement and personal growth,0.5336199998855591,"Mar 4, 2024, 10:37:05 AM PST",POSITIVE,0.9798790216445923
27202,mental health experiences,0.45735785365104675,"Mar 4, 2024, 10:37:05 AM PST",POSITIVE,0.9798790216445923
26372,motivation and mental strength,0.8194753527641296,"Mar 13, 2024, 10:17:17 AM PST",NEGATIVE,0.9850522875785828
26372,self-improvement and personal growth,0.799424946308136,"Mar 13, 2024, 10:17:17 AM PST",NEGATIVE,0.9850522875785828
26372,mindfulness and mental wellness,0.5856069922447205,"Mar 13, 2024, 10:17:17 AM PST",NEGATIVE,0.9850522875785828
26372,mental health experiences,0.5676209926605225,"Mar 13, 2024, 10:17:17 AM PST",NEGATIVE,0.9850522875785828
26372,self-care practices,0.52043616771698,"Mar 13, 2024, 10:17:17 AM PST",NEGATIVE,0.9850522875785828
26790,self-improvement and personal growth,0.497772753238678,"Mar 9, 2024, 1:52:12 PM PST",NEGATIVE,0.9996283054351807
26373,self-improvement and personal growth,0.909235417842865,"Mar 13, 2024, 10:17:02 AM PST",NEGATIVE,0.6825845837593079
26373,motivation and mental strength,0.9006562829017639,"Mar 13, 2024, 10:17:02 AM PST",NEGATIVE,0.6825845837593079
26373,mindfulness and mental wellness,0.8965104818344116,"Mar 13, 2024, 10:17:02 AM PST",NEGATIVE,0.6825845837593079
26373,mental health experiences,0.8550907969474792,"Mar 13, 2024, 10:17:02 AM PST",NEGATIVE,0.6825845837593079
26373,self-care practices,0.8366031646728516,"Mar 13, 2024, 10:17:02 AM PST",NEGATIVE,0.6825845837593079
26373,work-life balance and burnout,0.817747950553894,"Mar 13, 2024, 10:17:02 AM PST",NEGATIVE,0.6825845837593079
26373,addiction awareness and recovery,0.7765470743179321,"Mar 13, 2024, 10:17:02 AM PST",NEGATIVE,0.6825845837593079
26373,mental health education,0.7728931307792664,"Mar 13, 2024, 10:17:02 AM PST",NEGATIVE,0.6825845837593079
26373,sleep and mental wellness,0.7620517015457153,"Mar 13, 2024, 10:17:02 AM PST",NEGATIVE,0.6825845837593079
26373,social anxiety and relationships,0.7554269433021545,"Mar 13, 2024, 10:17:02 AM PST",NEGATIVE,0.6825845837593079
26373,emotional health discussion,0.7161166667938232,"Mar 13, 2024, 10:17:02 AM PST",NEGATIVE,0.6825845837593079
26373,therapy and mental health support,0.684608519077301,"Mar 13, 2024, 10:17:02 AM PST",NEGATIVE,0.6825845837593079
26373,trauma awareness and healing,0.625662624835968,"Mar 13, 2024, 10:17:02 AM PST",NEGATIVE,0.6825845837593079
26373,depression and emotional support,0.5480473637580872,"Mar 13, 2024, 10:17:02 AM PST",NEGATIVE,0.6825845837593079
26373,anxiety and stress management,0.5472631454467773,"Mar 13, 2024, 10:17:02 AM PST",NEGATIVE,0.6825845837593079
26791,self-improvement and personal growth,0.6948071718215942,"Mar 9, 2024, 1:50:49 PM PST",POSITIVE,0.986751914024353
26791,motivation and mental strength,0.43351444602012634,"Mar 9, 2024, 1:50:49 PM PST",POSITIVE,0.986751914024353
27203,self-improvement and personal growth,0.48796942830085754,"Mar 4, 2024, 10:33:03 AM PST",POSITIVE,0.9363340139389038
26374,addiction awareness and recovery,0.9576053023338318,"Mar 13, 2024, 10:17:01 AM PST",POSITIVE,0.9683603048324585
26374,anxiety and stress management,0.9299519658088684,"Mar 13, 2024, 10:17:01 AM PST",POSITIVE,0.9683603048324585
26374,emotional health discussion,0.9270902872085571,"Mar 13, 2024, 10:17:01 AM PST",POSITIVE,0.9683603048324585
26374,social anxiety and relationships,0.9030007719993591,"Mar 13, 2024, 10:17:01 AM PST",POSITIVE,0.9683603048324585
26374,mental health experiences,0.8814663887023926,"Mar 13, 2024, 10:17:01 AM PST",POSITIVE,0.9683603048324585
26374,self-improvement and personal growth,0.8479619026184082,"Mar 13, 2024, 10:17:01 AM PST",POSITIVE,0.9683603048324585
26374,motivation and mental strength,0.8452895283699036,"Mar 13, 2024, 10:17:01 AM PST",POSITIVE,0.9683603048324585
26374,trauma awareness and healing,0.8413470387458801,"Mar 13, 2024, 10:17:01 AM PST",POSITIVE,0.9683603048324585
26374,work-life balance and burnout,0.8371253609657288,"Mar 13, 2024, 10:17:01 AM PST",POSITIVE,0.9683603048324585
26374,self-care practices,0.8163554668426514,"Mar 13, 2024, 10:17:01 AM PST",POSITIVE,0.9683603048324585
26374,mindfulness and mental wellness,0.6585254073143005,"Mar 13, 2024, 10:17:01 AM PST",POSITIVE,0.9683603048324585
26374,therapy and mental health support,0.6012577414512634,"Mar 13, 2024, 10:17:01 AM PST",POSITIVE,0.9683603048324585
26374,mental health education,0.5899227261543274,"Mar 13, 2024, 10:17:01 AM PST",POSITIVE,0.9683603048324585
26374,sleep and mental wellness,0.5742920637130737,"Mar 13, 2024, 10:17:01 AM PST",POSITIVE,0.9683603048324585
26374,depression and emotional support,0.4346211552619934,"Mar 13, 2024, 10:17:01 AM PST",POSITIVE,0.9683603048324585
26792,self-improvement and personal growth,0.8595911860466003,"Mar 9, 2024, 1:50:01 PM PST",NEGATIVE,0.9937357902526855
26792,motivation and mental strength,0.7337613105773926,"Mar 9, 2024, 1:50:01 PM PST",NEGATIVE,0.9937357902526855
27204,motivation and mental strength,0.9464677572250366,"Mar 4, 2024, 10:28:50 AM PST",NEGATIVE,0.8274638652801514
27204,mindfulness and mental wellness,0.839881420135498,"Mar 4, 2024, 10:28:50 AM PST",NEGATIVE,0.8274638652801514
27204,self-improvement and personal growth,0.8374682664871216,"Mar 4, 2024, 10:28:50 AM PST",NEGATIVE,0.8274638652801514
27204,sleep and mental wellness,0.5486624240875244,"Mar 4, 2024, 10:28:50 AM PST",NEGATIVE,0.8274638652801514
27204,mental health experiences,0.5197718143463135,"Mar 4, 2024, 10:28:50 AM PST",NEGATIVE,0.8274638652801514
27204,addiction awareness and recovery,0.3780013620853424,"Mar 4, 2024, 10:28:50 AM PST",NEGATIVE,0.8274638652801514
27204,self-care practices,0.35154837369918823,"Mar 4, 2024, 10:28:50 AM PST",NEGATIVE,0.8274638652801514
27204,trauma awareness and healing,0.301146537065506,"Mar 4, 2024, 10:28:50 AM PST",NEGATIVE,0.8274638652801514
26375,self-improvement and personal growth,0.9174780249595642,"Mar 13, 2024, 10:16:59 AM PST",NEGATIVE,0.8477199077606201
26375,motivation and mental strength,0.9114400148391724,"Mar 13, 2024, 10:16:59 AM PST",NEGATIVE,0.8477199077606201
26375,mental health experiences,0.9103761315345764,"Mar 13, 2024, 10:16:59 AM PST",NEGATIVE,0.8477199077606201
26375,mindfulness and mental wellness,0.8845536112785339,"Mar 13, 2024, 10:16:59 AM PST",NEGATIVE,0.8477199077606201
26375,self-care practices,0.8055452704429626,"Mar 13, 2024, 10:16:59 AM PST",NEGATIVE,0.8477199077606201
26375,mental health education,0.7856405973434448,"Mar 13, 2024, 10:16:59 AM PST",NEGATIVE,0.8477199077606201
26375,addiction awareness and recovery,0.7167066931724548,"Mar 13, 2024, 10:16:59 AM PST",NEGATIVE,0.8477199077606201
26375,therapy and mental health support,0.6887394189834595,"Mar 13, 2024, 10:16:59 AM PST",NEGATIVE,0.8477199077606201
26375,emotional health discussion,0.6564081311225891,"Mar 13, 2024, 10:16:59 AM PST",NEGATIVE,0.8477199077606201
26375,trauma awareness and healing,0.5625482797622681,"Mar 13, 2024, 10:16:59 AM PST",NEGATIVE,0.8477199077606201
26375,sleep and mental wellness,0.4385838806629181,"Mar 13, 2024, 10:16:59 AM PST",NEGATIVE,0.8477199077606201
26375,work-life balance and burnout,0.42478466033935547,"Mar 13, 2024, 10:16:59 AM PST",NEGATIVE,0.8477199077606201
26375,social anxiety and relationships,0.3551550805568695,"Mar 13, 2024, 10:16:59 AM PST",NEGATIVE,0.8477199077606201
26375,anxiety and stress management,0.3322925865650177,"Mar 13, 2024, 10:16:59 AM PST",NEGATIVE,0.8477199077606201
26793,self-improvement and personal growth,0.8983669281005859,"Mar 9, 2024, 1:49:38 PM PST",NEGATIVE,0.9967415928840637
26793,motivation and mental strength,0.8675528764724731,"Mar 9, 2024, 1:49:38 PM PST",NEGATIVE,0.9967415928840637
26793,self-care practices,0.8641930222511292,"Mar 9, 2024, 1:49:38 PM PST",NEGATIVE,0.9967415928840637
26793,work-life balance and burnout,0.7051883339881897,"Mar 9, 2024, 1:49:38 PM PST",NEGATIVE,0.9967415928840637
26793,emotional health discussion,0.6312769055366516,"Mar 9, 2024, 1:49:38 PM PST",NEGATIVE,0.9967415928840637
26793,addiction awareness and recovery,0.6219823360443115,"Mar 9, 2024, 1:49:38 PM PST",NEGATIVE,0.9967415928840637
26793,mental health education,0.6102765798568726,"Mar 9, 2024, 1:49:38 PM PST",NEGATIVE,0.9967415928840637
26793,mental health experiences,0.5885517597198486,"Mar 9, 2024, 1:49:38 PM PST",NEGATIVE,0.9967415928840637
26793,mindfulness and mental wellness,0.5712929368019104,"Mar 9, 2024, 1:49:38 PM PST",NEGATIVE,0.9967415928840637
26793,anxiety and stress management,0.37713590264320374,"Mar 9, 2024, 1:49:38 PM PST",NEGATIVE,0.9967415928840637
26793,trauma awareness and healing,0.3515794277191162,"Mar 9, 2024, 1:49:38 PM PST",NEGATIVE,0.9967415928840637
27205,mindfulness and mental wellness,0.9420834183692932,"Mar 4, 2024, 10:24:56 AM PST",POSITIVE,0.5036099553108215
27205,self-improvement and personal growth,0.9187324643135071,"Mar 4, 2024, 10:24:56 AM PST",POSITIVE,0.5036099553108215
27205,motivation and mental strength,0.8994305729866028,"Mar 4, 2024, 10:24:56 AM PST",POSITIVE,0.5036099553108215
27205,self-care practices,0.8798615336418152,"Mar 4, 2024, 10:24:56 AM PST",POSITIVE,0.5036099553108215
27205,mental health experiences,0.8548591732978821,"Mar 4, 2024, 10:24:56 AM PST",POSITIVE,0.5036099553108215
27205,addiction awareness and recovery,0.7939030528068542,"Mar 4, 2024, 10:24:56 AM PST",POSITIVE,0.5036099553108215
27205,mental health education,0.7300235033035278,"Mar 4, 2024, 10:24:56 AM PST",POSITIVE,0.5036099553108215
27205,emotional health discussion,0.6653735041618347,"Mar 4, 2024, 10:24:56 AM PST",POSITIVE,0.5036099553108215
27205,therapy and mental health support,0.6501098275184631,"Mar 4, 2024, 10:24:56 AM PST",POSITIVE,0.5036099553108215
27205,trauma awareness and healing,0.5656607747077942,"Mar 4, 2024, 10:24:56 AM PST",POSITIVE,0.5036099553108215
27205,sleep and mental wellness,0.55936598777771,"Mar 4, 2024, 10:24:56 AM PST",POSITIVE,0.5036099553108215
27205,work-life balance and burnout,0.5345353484153748,"Mar 4, 2024, 10:24:56 AM PST",POSITIVE,0.5036099553108215
27205,depression and emotional support,0.489161878824234,"Mar 4, 2024, 10:24:56 AM PST",POSITIVE,0.5036099553108215
27205,social anxiety and relationships,0.39986297488212585,"Mar 4, 2024, 10:24:56 AM PST",POSITIVE,0.5036099553108215
27205,anxiety and stress management,0.34367823600769043,"Mar 4, 2024, 10:24:56 AM PST",POSITIVE,0.5036099553108215
26376,self-improvement and personal growth,0.9527415633201599,"Mar 13, 2024, 10:15:54 AM PST",POSITIVE,0.9855557680130005
26376,motivation and mental strength,0.9459710121154785,"Mar 13, 2024, 10:15:54 AM PST",POSITIVE,0.9855557680130005
26376,mindfulness and mental wellness,0.9230329990386963,"Mar 13, 2024, 10:15:54 AM PST",POSITIVE,0.9855557680130005
26376,mental health experiences,0.9196605682373047,"Mar 13, 2024, 10:15:54 AM PST",POSITIVE,0.9855557680130005
26376,mental health education,0.8887547850608826,"Mar 13, 2024, 10:15:54 AM PST",POSITIVE,0.9855557680130005
26376,self-care practices,0.87802654504776,"Mar 13, 2024, 10:15:54 AM PST",POSITIVE,0.9855557680130005
26376,therapy and mental health support,0.8538514971733093,"Mar 13, 2024, 10:15:54 AM PST",POSITIVE,0.9855557680130005
26376,emotional health discussion,0.8015912175178528,"Mar 13, 2024, 10:15:54 AM PST",POSITIVE,0.9855557680130005
26376,addiction awareness and recovery,0.7869381308555603,"Mar 13, 2024, 10:15:54 AM PST",POSITIVE,0.9855557680130005
26376,trauma awareness and healing,0.7395126819610596,"Mar 13, 2024, 10:15:54 AM PST",POSITIVE,0.9855557680130005
26376,work-life balance and burnout,0.6903672814369202,"Mar 13, 2024, 10:15:54 AM PST",POSITIVE,0.9855557680130005
26376,sleep and mental wellness,0.6794045567512512,"Mar 13, 2024, 10:15:54 AM PST",POSITIVE,0.9855557680130005
26376,social anxiety and relationships,0.6665554642677307,"Mar 13, 2024, 10:15:54 AM PST",POSITIVE,0.9855557680130005
26376,depression and emotional support,0.6027327179908752,"Mar 13, 2024, 10:15:54 AM PST",POSITIVE,0.9855557680130005
26376,anxiety and stress management,0.5324310660362244,"Mar 13, 2024, 10:15:54 AM PST",POSITIVE,0.9855557680130005
26794,self-improvement and personal growth,0.8244858980178833,"Mar 9, 2024, 1:49:20 PM PST",NEGATIVE,0.902540922164917
26794,addiction awareness and recovery,0.6457367539405823,"Mar 9, 2024, 1:49:20 PM PST",NEGATIVE,0.902540922164917
26794,motivation and mental strength,0.587371826171875,"Mar 9, 2024, 1:49:20 PM PST",NEGATIVE,0.902540922164917
26794,sleep and mental wellness,0.5788272023200989,"Mar 9, 2024, 1:49:20 PM PST",NEGATIVE,0.902540922164917
26794,self-care practices,0.5677747130393982,"Mar 9, 2024, 1:49:20 PM PST",NEGATIVE,0.902540922164917
26794,mental health experiences,0.5400314927101135,"Mar 9, 2024, 1:49:20 PM PST",NEGATIVE,0.902540922164917
26794,mindfulness and mental wellness,0.5131770372390747,"Mar 9, 2024, 1:49:20 PM PST",NEGATIVE,0.902540922164917
26377,self-improvement and personal growth,0.9074541926383972,"Mar 13, 2024, 10:12:27 AM PST",POSITIVE,0.9928015470504761
26377,mental health experiences,0.8981230854988098,"Mar 13, 2024, 10:12:27 AM PST",POSITIVE,0.9928015470504761
26377,motivation and mental strength,0.8739580512046814,"Mar 13, 2024, 10:12:27 AM PST",POSITIVE,0.9928015470504761
26377,addiction awareness and recovery,0.8156203031539917,"Mar 13, 2024, 10:12:27 AM PST",POSITIVE,0.9928015470504761
26377,mindfulness and mental wellness,0.8023557662963867,"Mar 13, 2024, 10:12:27 AM PST",POSITIVE,0.9928015470504761
26377,self-care practices,0.8008396029472351,"Mar 13, 2024, 10:12:27 AM PST",POSITIVE,0.9928015470504761
26377,emotional health discussion,0.6874091029167175,"Mar 13, 2024, 10:12:27 AM PST",POSITIVE,0.9928015470504761
26377,mental health education,0.6737223267555237,"Mar 13, 2024, 10:12:27 AM PST",POSITIVE,0.9928015470504761
26377,trauma awareness and healing,0.6362708210945129,"Mar 13, 2024, 10:12:27 AM PST",POSITIVE,0.9928015470504761
26377,social anxiety and relationships,0.5795539021492004,"Mar 13, 2024, 10:12:27 AM PST",POSITIVE,0.9928015470504761
26377,work-life balance and burnout,0.5749539136886597,"Mar 13, 2024, 10:12:27 AM PST",POSITIVE,0.9928015470504761
26377,therapy and mental health support,0.5202690958976746,"Mar 13, 2024, 10:12:27 AM PST",POSITIVE,0.9928015470504761
26377,sleep and mental wellness,0.480800062417984,"Mar 13, 2024, 10:12:27 AM PST",POSITIVE,0.9928015470504761
26377,depression and emotional support,0.41040775179862976,"Mar 13, 2024, 10:12:27 AM PST",POSITIVE,0.9928015470504761
26377,anxiety and stress management,0.36121535301208496,"Mar 13, 2024, 10:12:27 AM PST",POSITIVE,0.9928015470504761
26795,self-improvement and personal growth,0.97308349609375,"Mar 9, 2024, 1:49:10 PM PST",NEGATIVE,0.9832068681716919
26795,self-care practices,0.9274845123291016,"Mar 9, 2024, 1:49:10 PM PST",NEGATIVE,0.9832068681716919
26795,mental health experiences,0.8917800784111023,"Mar 9, 2024, 1:49:10 PM PST",NEGATIVE,0.9832068681716919
26795,motivation and mental strength,0.8693157434463501,"Mar 9, 2024, 1:49:10 PM PST",NEGATIVE,0.9832068681716919
26795,mindfulness and mental wellness,0.8584614992141724,"Mar 9, 2024, 1:49:10 PM PST",NEGATIVE,0.9832068681716919
26795,social anxiety and relationships,0.8395718932151794,"Mar 9, 2024, 1:49:10 PM PST",NEGATIVE,0.9832068681716919
26795,mental health education,0.7677735686302185,"Mar 9, 2024, 1:49:10 PM PST",NEGATIVE,0.9832068681716919
26795,addiction awareness and recovery,0.7663239240646362,"Mar 9, 2024, 1:49:10 PM PST",NEGATIVE,0.9832068681716919
26795,emotional health discussion,0.7297229170799255,"Mar 9, 2024, 1:49:10 PM PST",NEGATIVE,0.9832068681716919
26795,trauma awareness and healing,0.6479834914207458,"Mar 9, 2024, 1:49:10 PM PST",NEGATIVE,0.9832068681716919
26795,work-life balance and burnout,0.5569673180580139,"Mar 9, 2024, 1:49:10 PM PST",NEGATIVE,0.9832068681716919
26795,therapy and mental health support,0.4622797966003418,"Mar 9, 2024, 1:49:10 PM PST",NEGATIVE,0.9832068681716919
26795,depression and emotional support,0.4005219042301178,"Mar 9, 2024, 1:49:10 PM PST",NEGATIVE,0.9832068681716919
26795,sleep and mental wellness,0.36057090759277344,"Mar 9, 2024, 1:49:10 PM PST",NEGATIVE,0.9832068681716919
26795,anxiety and stress management,0.35160017013549805,"Mar 9, 2024, 1:49:10 PM PST",NEGATIVE,0.9832068681716919
27206,motivation and mental strength,0.8141148090362549,"Mar 4, 2024, 10:19:42 AM PST",NEGATIVE,0.9625982642173767
27206,mindfulness and mental wellness,0.7787840962409973,"Mar 4, 2024, 10:19:42 AM PST",NEGATIVE,0.9625982642173767
27206,self-improvement and personal growth,0.7266570329666138,"Mar 4, 2024, 10:19:42 AM PST",NEGATIVE,0.9625982642173767
27206,mental health experiences,0.6006703972816467,"Mar 4, 2024, 10:19:42 AM PST",NEGATIVE,0.9625982642173767
27206,addiction awareness and recovery,0.572081446647644,"Mar 4, 2024, 10:19:42 AM PST",NEGATIVE,0.9625982642173767
27206,sleep and mental wellness,0.566417932510376,"Mar 4, 2024, 10:19:42 AM PST",NEGATIVE,0.9625982642173767
27206,self-care practices,0.5393773913383484,"Mar 4, 2024, 10:19:42 AM PST",NEGATIVE,0.9625982642173767
27206,therapy and mental health support,0.47416916489601135,"Mar 4, 2024, 10:19:42 AM PST",NEGATIVE,0.9625982642173767
27206,trauma awareness and healing,0.46394363045692444,"Mar 4, 2024, 10:19:42 AM PST",NEGATIVE,0.9625982642173767
27206,work-life balance and burnout,0.46175891160964966,"Mar 4, 2024, 10:19:42 AM PST",NEGATIVE,0.9625982642173767
27206,mental health education,0.37595483660697937,"Mar 4, 2024, 10:19:42 AM PST",NEGATIVE,0.9625982642173767
27206,social anxiety and relationships,0.3445782959461212,"Mar 4, 2024, 10:19:42 AM PST",NEGATIVE,0.9625982642173767
26378,motivation and mental strength,0.9287621378898621,"Mar 13, 2024, 10:08:56 AM PST",NEGATIVE,0.9736246466636658
26378,self-improvement and personal growth,0.9232800602912903,"Mar 13, 2024, 10:08:56 AM PST",NEGATIVE,0.9736246466636658
26378,mindfulness and mental wellness,0.9136050343513489,"Mar 13, 2024, 10:08:56 AM PST",NEGATIVE,0.9736246466636658
26378,mental health experiences,0.8287148475646973,"Mar 13, 2024, 10:08:56 AM PST",NEGATIVE,0.9736246466636658
26378,self-care practices,0.8249266743659973,"Mar 13, 2024, 10:08:56 AM PST",NEGATIVE,0.9736246466636658
26378,addiction awareness and recovery,0.7225828170776367,"Mar 13, 2024, 10:08:56 AM PST",NEGATIVE,0.9736246466636658
26378,therapy and mental health support,0.6538345217704773,"Mar 13, 2024, 10:08:56 AM PST",NEGATIVE,0.9736246466636658
26378,sleep and mental wellness,0.6514039039611816,"Mar 13, 2024, 10:08:56 AM PST",NEGATIVE,0.9736246466636658
26378,trauma awareness and healing,0.6265272498130798,"Mar 13, 2024, 10:08:56 AM PST",NEGATIVE,0.9736246466636658
26378,mental health education,0.5813179612159729,"Mar 13, 2024, 10:08:56 AM PST",NEGATIVE,0.9736246466636658
26378,emotional health discussion,0.542210042476654,"Mar 13, 2024, 10:08:56 AM PST",NEGATIVE,0.9736246466636658
26378,work-life balance and burnout,0.4762462377548218,"Mar 13, 2024, 10:08:56 AM PST",NEGATIVE,0.9736246466636658
26378,depression and emotional support,0.3725269138813019,"Mar 13, 2024, 10:08:56 AM PST",NEGATIVE,0.9736246466636658
26796,self-improvement and personal growth,0.8538674116134644,"Mar 9, 2024, 1:48:11 PM PST",POSITIVE,0.8609510660171509
26796,social anxiety and relationships,0.755918025970459,"Mar 9, 2024, 1:48:11 PM PST",POSITIVE,0.8609510660171509
26796,motivation and mental strength,0.6808307766914368,"Mar 9, 2024, 1:48:11 PM PST",POSITIVE,0.8609510660171509
26796,mental health experiences,0.6525648236274719,"Mar 9, 2024, 1:48:11 PM PST",POSITIVE,0.8609510660171509
26796,self-care practices,0.44410789012908936,"Mar 9, 2024, 1:48:11 PM PST",POSITIVE,0.8609510660171509
26796,addiction awareness and recovery,0.4174221456050873,"Mar 9, 2024, 1:48:11 PM PST",POSITIVE,0.8609510660171509
26796,work-life balance and burnout,0.3660435676574707,"Mar 9, 2024, 1:48:11 PM PST",POSITIVE,0.8609510660171509
26796,emotional health discussion,0.3368399441242218,"Mar 9, 2024, 1:48:11 PM PST",POSITIVE,0.8609510660171509
27207,motivation and mental strength,0.7261005640029907,"Mar 4, 2024, 10:16:30 AM PST",POSITIVE,0.9222614765167236
27207,self-improvement and personal growth,0.6619856357574463,"Mar 4, 2024, 10:16:30 AM PST",POSITIVE,0.9222614765167236
27207,mindfulness and mental wellness,0.6012083292007446,"Mar 4, 2024, 10:16:30 AM PST",POSITIVE,0.9222614765167236
27207,mental health experiences,0.44273391366004944,"Mar 4, 2024, 10:16:30 AM PST",POSITIVE,0.9222614765167236
27207,social anxiety and relationships,0.42762044072151184,"Mar 4, 2024, 10:16:30 AM PST",POSITIVE,0.9222614765167236
26379,self-improvement and personal growth,0.9418692588806152,"Mar 13, 2024, 10:04:43 AM PST",POSITIVE,0.9942217469215393
26379,motivation and mental strength,0.9356988072395325,"Mar 13, 2024, 10:04:43 AM PST",POSITIVE,0.9942217469215393
26379,mental health experiences,0.9353618621826172,"Mar 13, 2024, 10:04:43 AM PST",POSITIVE,0.9942217469215393
26379,mindfulness and mental wellness,0.9124488234519958,"Mar 13, 2024, 10:04:43 AM PST",POSITIVE,0.9942217469215393
26379,self-care practices,0.8686580061912537,"Mar 13, 2024, 10:04:43 AM PST",POSITIVE,0.9942217469215393
26379,mental health education,0.8344685435295105,"Mar 13, 2024, 10:04:43 AM PST",POSITIVE,0.9942217469215393
26379,emotional health discussion,0.8132013082504272,"Mar 13, 2024, 10:04:43 AM PST",POSITIVE,0.9942217469215393
26379,addiction awareness and recovery,0.7827407121658325,"Mar 13, 2024, 10:04:43 AM PST",POSITIVE,0.9942217469215393
26379,therapy and mental health support,0.7521048188209534,"Mar 13, 2024, 10:04:43 AM PST",POSITIVE,0.9942217469215393
26379,trauma awareness and healing,0.7342633008956909,"Mar 13, 2024, 10:04:43 AM PST",POSITIVE,0.9942217469215393
26379,sleep and mental wellness,0.6327128410339355,"Mar 13, 2024, 10:04:43 AM PST",POSITIVE,0.9942217469215393
26379,social anxiety and relationships,0.5332740545272827,"Mar 13, 2024, 10:04:43 AM PST",POSITIVE,0.9942217469215393
26379,work-life balance and burnout,0.5254761576652527,"Mar 13, 2024, 10:04:43 AM PST",POSITIVE,0.9942217469215393
26379,depression and emotional support,0.5240275859832764,"Mar 13, 2024, 10:04:43 AM PST",POSITIVE,0.9942217469215393
26379,anxiety and stress management,0.4244323968887329,"Mar 13, 2024, 10:04:43 AM PST",POSITIVE,0.9942217469215393
26797,motivation and mental strength,0.5169405937194824,"Mar 9, 2024, 1:47:36 PM PST",NEGATIVE,0.9896223545074463
26797,self-improvement and personal growth,0.49609461426734924,"Mar 9, 2024, 1:47:36 PM PST",NEGATIVE,0.9896223545074463
26797,mental health experiences,0.41446229815483093,"Mar 9, 2024, 1:47:36 PM PST",NEGATIVE,0.9896223545074463
26797,anxiety and stress management,0.34601062536239624,"Mar 9, 2024, 1:47:36 PM PST",NEGATIVE,0.9896223545074463
26797,addiction awareness and recovery,0.31095924973487854,"Mar 9, 2024, 1:47:36 PM PST",NEGATIVE,0.9896223545074463
27208,self-improvement and personal growth,0.9042261242866516,"Mar 4, 2024, 8:28:05 AM PST",NEGATIVE,0.9427562952041626
27208,motivation and mental strength,0.8943538069725037,"Mar 4, 2024, 8:28:05 AM PST",NEGATIVE,0.9427562952041626
27208,mental health experiences,0.8712594509124756,"Mar 4, 2024, 8:28:05 AM PST",NEGATIVE,0.9427562952041626
27208,mindfulness and mental wellness,0.8325352668762207,"Mar 4, 2024, 8:28:05 AM PST",NEGATIVE,0.9427562952041626
27208,self-care practices,0.8082050681114197,"Mar 4, 2024, 8:28:05 AM PST",NEGATIVE,0.9427562952041626
27208,mental health education,0.7627410292625427,"Mar 4, 2024, 8:28:05 AM PST",NEGATIVE,0.9427562952041626
27208,addiction awareness and recovery,0.7330004572868347,"Mar 4, 2024, 8:28:05 AM PST",NEGATIVE,0.9427562952041626
27208,therapy and mental health support,0.6996853351593018,"Mar 4, 2024, 8:28:05 AM PST",NEGATIVE,0.9427562952041626
27208,trauma awareness and healing,0.6521083116531372,"Mar 4, 2024, 8:28:05 AM PST",NEGATIVE,0.9427562952041626
27208,emotional health discussion,0.622713565826416,"Mar 4, 2024, 8:28:05 AM PST",NEGATIVE,0.9427562952041626
27208,work-life balance and burnout,0.5375825762748718,"Mar 4, 2024, 8:28:05 AM PST",NEGATIVE,0.9427562952041626
27208,sleep and mental wellness,0.4567026197910309,"Mar 4, 2024, 8:28:05 AM PST",NEGATIVE,0.9427562952041626
27208,anxiety and stress management,0.381866455078125,"Mar 4, 2024, 8:28:05 AM PST",NEGATIVE,0.9427562952041626
27208,depression and emotional support,0.3728577494621277,"Mar 4, 2024, 8:28:05 AM PST",NEGATIVE,0.9427562952041626
27208,social anxiety and relationships,0.33593082427978516,"Mar 4, 2024, 8:28:05 AM PST",NEGATIVE,0.9427562952041626
26380,self-improvement and personal growth,0.7997366786003113,"Mar 13, 2024, 10:01:46 AM PST",NEGATIVE,0.9953798055648804
26380,self-care practices,0.7946611046791077,"Mar 13, 2024, 10:01:46 AM PST",NEGATIVE,0.9953798055648804
26380,mental health experiences,0.7835727334022522,"Mar 13, 2024, 10:01:46 AM PST",NEGATIVE,0.9953798055648804
26380,mindfulness and mental wellness,0.6735094785690308,"Mar 13, 2024, 10:01:46 AM PST",NEGATIVE,0.9953798055648804
26380,motivation and mental strength,0.6547974348068237,"Mar 13, 2024, 10:01:46 AM PST",NEGATIVE,0.9953798055648804
26380,emotional health discussion,0.6477693319320679,"Mar 13, 2024, 10:01:46 AM PST",NEGATIVE,0.9953798055648804
26380,mental health education,0.614898681640625,"Mar 13, 2024, 10:01:46 AM PST",NEGATIVE,0.9953798055648804
26380,addiction awareness and recovery,0.597283661365509,"Mar 13, 2024, 10:01:46 AM PST",NEGATIVE,0.9953798055648804
26380,sleep and mental wellness,0.5771949291229248,"Mar 13, 2024, 10:01:46 AM PST",NEGATIVE,0.9953798055648804
26380,work-life balance and burnout,0.5449046492576599,"Mar 13, 2024, 10:01:46 AM PST",NEGATIVE,0.9953798055648804
26380,trauma awareness and healing,0.42973941564559937,"Mar 13, 2024, 10:01:46 AM PST",NEGATIVE,0.9953798055648804
26380,therapy and mental health support,0.3394151031970978,"Mar 13, 2024, 10:01:46 AM PST",NEGATIVE,0.9953798055648804
26798,self-improvement and personal growth,0.9306972622871399,"Mar 9, 2024, 1:46:59 PM PST",NEGATIVE,0.9612197279930115
26798,motivation and mental strength,0.3609485328197479,"Mar 9, 2024, 1:46:59 PM PST",NEGATIVE,0.9612197279930115
27209,mindfulness and mental wellness,0.8986250162124634,"Mar 4, 2024, 8:24:05 AM PST",POSITIVE,0.9831084609031677
27209,self-improvement and personal growth,0.871256947517395,"Mar 4, 2024, 8:24:05 AM PST",POSITIVE,0.9831084609031677
27209,motivation and mental strength,0.8673073053359985,"Mar 4, 2024, 8:24:05 AM PST",POSITIVE,0.9831084609031677
27209,mental health experiences,0.8325470089912415,"Mar 4, 2024, 8:24:05 AM PST",POSITIVE,0.9831084609031677
27209,self-care practices,0.7714358568191528,"Mar 4, 2024, 8:24:05 AM PST",POSITIVE,0.9831084609031677
27209,mental health education,0.6816849708557129,"Mar 4, 2024, 8:24:05 AM PST",POSITIVE,0.9831084609031677
27209,emotional health discussion,0.6282097101211548,"Mar 4, 2024, 8:24:05 AM PST",POSITIVE,0.9831084609031677
27209,trauma awareness and healing,0.5830773115158081,"Mar 4, 2024, 8:24:05 AM PST",POSITIVE,0.9831084609031677
27209,therapy and mental health support,0.5642173290252686,"Mar 4, 2024, 8:24:05 AM PST",POSITIVE,0.9831084609031677
27209,sleep and mental wellness,0.5537205934524536,"Mar 4, 2024, 8:24:05 AM PST",POSITIVE,0.9831084609031677
27209,addiction awareness and recovery,0.5337465405464172,"Mar 4, 2024, 8:24:05 AM PST",POSITIVE,0.9831084609031677
27209,depression and emotional support,0.4839683771133423,"Mar 4, 2024, 8:24:05 AM PST",POSITIVE,0.9831084609031677
27209,work-life balance and burnout,0.4310700595378876,"Mar 4, 2024, 8:24:05 AM PST",POSITIVE,0.9831084609031677
27209,social anxiety and relationships,0.42564231157302856,"Mar 4, 2024, 8:24:05 AM PST",POSITIVE,0.9831084609031677
27209,anxiety and stress management,0.3024037182331085,"Mar 4, 2024, 8:24:05 AM PST",POSITIVE,0.9831084609031677
26381,self-improvement and personal growth,0.9408305287361145,"Mar 13, 2024, 9:58:42 AM PST",NEGATIVE,0.9852235317230225
26381,motivation and mental strength,0.9259960651397705,"Mar 13, 2024, 9:58:42 AM PST",NEGATIVE,0.9852235317230225
26381,mindfulness and mental wellness,0.8818740844726562,"Mar 13, 2024, 9:58:42 AM PST",NEGATIVE,0.9852235317230225
26381,mental health experiences,0.8740299940109253,"Mar 13, 2024, 9:58:42 AM PST",NEGATIVE,0.9852235317230225
26381,self-care practices,0.8699459433555603,"Mar 13, 2024, 9:58:42 AM PST",NEGATIVE,0.9852235317230225
26381,addiction awareness and recovery,0.8058692216873169,"Mar 13, 2024, 9:58:42 AM PST",NEGATIVE,0.9852235317230225
26381,sleep and mental wellness,0.7412287592887878,"Mar 13, 2024, 9:58:42 AM PST",NEGATIVE,0.9852235317230225
26381,mental health education,0.7206069231033325,"Mar 13, 2024, 9:58:42 AM PST",NEGATIVE,0.9852235317230225
26381,therapy and mental health support,0.6660177707672119,"Mar 13, 2024, 9:58:42 AM PST",NEGATIVE,0.9852235317230225
26381,work-life balance and burnout,0.6229793429374695,"Mar 13, 2024, 9:58:42 AM PST",NEGATIVE,0.9852235317230225
26381,emotional health discussion,0.6060354113578796,"Mar 13, 2024, 9:58:42 AM PST",NEGATIVE,0.9852235317230225
26381,trauma awareness and healing,0.6047267317771912,"Mar 13, 2024, 9:58:42 AM PST",NEGATIVE,0.9852235317230225
26381,depression and emotional support,0.3408382833003998,"Mar 13, 2024, 9:58:42 AM PST",NEGATIVE,0.9852235317230225
26381,anxiety and stress management,0.33413833379745483,"Mar 13, 2024, 9:58:42 AM PST",NEGATIVE,0.9852235317230225
26799,self-improvement and personal growth,0.9820374846458435,"Mar 9, 2024, 1:45:35 PM PST",POSITIVE,0.997490406036377
26799,motivation and mental strength,0.9482636451721191,"Mar 9, 2024, 1:45:35 PM PST",POSITIVE,0.997490406036377
26799,self-care practices,0.9093757271766663,"Mar 9, 2024, 1:45:35 PM PST",POSITIVE,0.997490406036377
26799,mindfulness and mental wellness,0.874739408493042,"Mar 9, 2024, 1:45:35 PM PST",POSITIVE,0.997490406036377
26799,mental health experiences,0.8674980998039246,"Mar 9, 2024, 1:45:35 PM PST",POSITIVE,0.997490406036377
26799,addiction awareness and recovery,0.8175234198570251,"Mar 9, 2024, 1:45:35 PM PST",POSITIVE,0.997490406036377
26799,emotional health discussion,0.7601401209831238,"Mar 9, 2024, 1:45:35 PM PST",POSITIVE,0.997490406036377
26799,mental health education,0.7524040937423706,"Mar 9, 2024, 1:45:35 PM PST",POSITIVE,0.997490406036377
26799,trauma awareness and healing,0.7413296103477478,"Mar 9, 2024, 1:45:35 PM PST",POSITIVE,0.997490406036377
26799,therapy and mental health support,0.7301059365272522,"Mar 9, 2024, 1:45:35 PM PST",POSITIVE,0.997490406036377
26799,anxiety and stress management,0.6131764054298401,"Mar 9, 2024, 1:45:35 PM PST",POSITIVE,0.997490406036377
26799,work-life balance and burnout,0.5806516408920288,"Mar 9, 2024, 1:45:35 PM PST",POSITIVE,0.997490406036377
26799,sleep and mental wellness,0.5540043711662292,"Mar 9, 2024, 1:45:35 PM PST",POSITIVE,0.997490406036377
26799,depression and emotional support,0.5163390040397644,"Mar 9, 2024, 1:45:35 PM PST",POSITIVE,0.997490406036377
27210,self-improvement and personal growth,0.8805307745933533,"Mar 4, 2024, 8:20:28 AM PST",POSITIVE,0.851074755191803
27210,motivation and mental strength,0.8086031079292297,"Mar 4, 2024, 8:20:28 AM PST",POSITIVE,0.851074755191803
27210,mental health experiences,0.7679531574249268,"Mar 4, 2024, 8:20:28 AM PST",POSITIVE,0.851074755191803
27210,mindfulness and mental wellness,0.7678066492080688,"Mar 4, 2024, 8:20:28 AM PST",POSITIVE,0.851074755191803
27210,self-care practices,0.7381069660186768,"Mar 4, 2024, 8:20:28 AM PST",POSITIVE,0.851074755191803
27210,mental health education,0.6382225155830383,"Mar 4, 2024, 8:20:28 AM PST",POSITIVE,0.851074755191803
27210,addiction awareness and recovery,0.6230309009552002,"Mar 4, 2024, 8:20:28 AM PST",POSITIVE,0.851074755191803
27210,emotional health discussion,0.5925652980804443,"Mar 4, 2024, 8:20:28 AM PST",POSITIVE,0.851074755191803
27210,work-life balance and burnout,0.5587305426597595,"Mar 4, 2024, 8:20:28 AM PST",POSITIVE,0.851074755191803
27210,therapy and mental health support,0.538070559501648,"Mar 4, 2024, 8:20:28 AM PST",POSITIVE,0.851074755191803
27210,trauma awareness and healing,0.5027858018875122,"Mar 4, 2024, 8:20:28 AM PST",POSITIVE,0.851074755191803
27210,anxiety and stress management,0.3537178337574005,"Mar 4, 2024, 8:20:28 AM PST",POSITIVE,0.851074755191803
27210,social anxiety and relationships,0.31454870104789734,"Mar 4, 2024, 8:20:28 AM PST",POSITIVE,0.851074755191803
27210,sleep and mental wellness,0.30503422021865845,"Mar 4, 2024, 8:20:28 AM PST",POSITIVE,0.851074755191803
26382,self-improvement and personal growth,0.6274322867393494,"Mar 13, 2024, 9:56:09 AM PST",NEGATIVE,0.5836771130561829
26382,motivation and mental strength,0.506123423576355,"Mar 13, 2024, 9:56:09 AM PST",NEGATIVE,0.5836771130561829
26800,self-improvement and personal growth,0.894727349281311,"Mar 9, 2024, 1:44:05 PM PST",POSITIVE,0.9941600561141968
26800,motivation and mental strength,0.7626478672027588,"Mar 9, 2024, 1:44:05 PM PST",POSITIVE,0.9941600561141968
26800,self-care practices,0.4778602123260498,"Mar 9, 2024, 1:44:05 PM PST",POSITIVE,0.9941600561141968
26800,mental health experiences,0.3382735252380371,"Mar 9, 2024, 1:44:05 PM PST",POSITIVE,0.9941600561141968
27211,self-improvement and personal growth,0.8746461868286133,"Mar 4, 2024, 7:53:13 AM PST",POSITIVE,0.9995898604393005
27211,social anxiety and relationships,0.7877505421638489,"Mar 4, 2024, 7:53:13 AM PST",POSITIVE,0.9995898604393005
27211,motivation and mental strength,0.6712068915367126,"Mar 4, 2024, 7:53:13 AM PST",POSITIVE,0.9995898604393005
27211,addiction awareness and recovery,0.6608675718307495,"Mar 4, 2024, 7:53:13 AM PST",POSITIVE,0.9995898604393005
27211,mental health experiences,0.6237092614173889,"Mar 4, 2024, 7:53:13 AM PST",POSITIVE,0.9995898604393005
27211,emotional health discussion,0.5978884696960449,"Mar 4, 2024, 7:53:13 AM PST",POSITIVE,0.9995898604393005
27211,self-care practices,0.5633856058120728,"Mar 4, 2024, 7:53:13 AM PST",POSITIVE,0.9995898604393005
27211,trauma awareness and healing,0.5003187656402588,"Mar 4, 2024, 7:53:13 AM PST",POSITIVE,0.9995898604393005
27211,mental health education,0.37175944447517395,"Mar 4, 2024, 7:53:13 AM PST",POSITIVE,0.9995898604393005
27211,mindfulness and mental wellness,0.356862336397171,"Mar 4, 2024, 7:53:13 AM PST",POSITIVE,0.9995898604393005
26383,motivation and mental strength,0.7932421565055847,"Mar 13, 2024, 9:56:04 AM PST",NEGATIVE,0.9767741560935974
26383,self-improvement and personal growth,0.7452771067619324,"Mar 13, 2024, 9:56:04 AM PST",NEGATIVE,0.9767741560935974
26383,mental health experiences,0.7424190640449524,"Mar 13, 2024, 9:56:04 AM PST",NEGATIVE,0.9767741560935974
26383,self-care practices,0.4817472994327545,"Mar 13, 2024, 9:56:04 AM PST",NEGATIVE,0.9767741560935974
26383,work-life balance and burnout,0.37101539969444275,"Mar 13, 2024, 9:56:04 AM PST",NEGATIVE,0.9767741560935974
26801,self-improvement and personal growth,0.8263368606567383,"Mar 9, 2024, 1:43:55 PM PST",NEGATIVE,0.952233076095581
26801,social anxiety and relationships,0.800624668598175,"Mar 9, 2024, 1:43:55 PM PST",NEGATIVE,0.952233076095581
26801,mental health experiences,0.6515403985977173,"Mar 9, 2024, 1:43:55 PM PST",NEGATIVE,0.952233076095581
26801,mental health education,0.3622916638851166,"Mar 9, 2024, 1:43:55 PM PST",NEGATIVE,0.952233076095581
26801,therapy and mental health support,0.3214249908924103,"Mar 9, 2024, 1:43:55 PM PST",NEGATIVE,0.952233076095581
27212,motivation and mental strength,0.7963874936103821,"Mar 4, 2024, 7:47:45 AM PST",NEGATIVE,0.9731637239456177
27212,self-improvement and personal growth,0.776172935962677,"Mar 4, 2024, 7:47:45 AM PST",NEGATIVE,0.9731637239456177
27212,mental health experiences,0.47652265429496765,"Mar 4, 2024, 7:47:45 AM PST",NEGATIVE,0.9731637239456177
27212,self-care practices,0.39291027188301086,"Mar 4, 2024, 7:47:45 AM PST",NEGATIVE,0.9731637239456177
27212,mindfulness and mental wellness,0.38398024439811707,"Mar 4, 2024, 7:47:45 AM PST",NEGATIVE,0.9731637239456177
26384,mental health experiences,0.9623225927352905,"Mar 13, 2024, 9:56:03 AM PST",POSITIVE,0.9970282912254333
26384,self-improvement and personal growth,0.9546403884887695,"Mar 13, 2024, 9:56:03 AM PST",POSITIVE,0.9970282912254333
26384,mindfulness and mental wellness,0.9506632089614868,"Mar 13, 2024, 9:56:03 AM PST",POSITIVE,0.9970282912254333
26384,mental health education,0.9494434595108032,"Mar 13, 2024, 9:56:03 AM PST",POSITIVE,0.9970282912254333
26384,emotional health discussion,0.9319232702255249,"Mar 13, 2024, 9:56:03 AM PST",POSITIVE,0.9970282912254333
26384,trauma awareness and healing,0.9242386817932129,"Mar 13, 2024, 9:56:03 AM PST",POSITIVE,0.9970282912254333
26384,motivation and mental strength,0.9101147651672363,"Mar 13, 2024, 9:56:03 AM PST",POSITIVE,0.9970282912254333
26384,therapy and mental health support,0.8974181413650513,"Mar 13, 2024, 9:56:03 AM PST",POSITIVE,0.9970282912254333
26384,addiction awareness and recovery,0.8861016631126404,"Mar 13, 2024, 9:56:03 AM PST",POSITIVE,0.9970282912254333
26384,depression and emotional support,0.8391451239585876,"Mar 13, 2024, 9:56:03 AM PST",POSITIVE,0.9970282912254333
26384,self-care practices,0.8230445981025696,"Mar 13, 2024, 9:56:03 AM PST",POSITIVE,0.9970282912254333
26384,social anxiety and relationships,0.6592584252357483,"Mar 13, 2024, 9:56:03 AM PST",POSITIVE,0.9970282912254333
26384,anxiety and stress management,0.6115418672561646,"Mar 13, 2024, 9:56:03 AM PST",POSITIVE,0.9970282912254333
26384,work-life balance and burnout,0.5748844742774963,"Mar 13, 2024, 9:56:03 AM PST",POSITIVE,0.9970282912254333
26384,sleep and mental wellness,0.4461565613746643,"Mar 13, 2024, 9:56:03 AM PST",POSITIVE,0.9970282912254333
26802,self-improvement and personal growth,0.9860213398933411,"Mar 9, 2024, 1:43:54 PM PST",POSITIVE,0.5519658923149109
26802,addiction awareness and recovery,0.9671139717102051,"Mar 9, 2024, 1:43:54 PM PST",POSITIVE,0.5519658923149109
26802,motivation and mental strength,0.9637902975082397,"Mar 9, 2024, 1:43:54 PM PST",POSITIVE,0.5519658923149109
26802,self-care practices,0.8882849812507629,"Mar 9, 2024, 1:43:54 PM PST",POSITIVE,0.5519658923149109
26802,mental health experiences,0.8767052292823792,"Mar 9, 2024, 1:43:54 PM PST",POSITIVE,0.5519658923149109
26802,mindfulness and mental wellness,0.814928412437439,"Mar 9, 2024, 1:43:54 PM PST",POSITIVE,0.5519658923149109
26802,trauma awareness and healing,0.6254984736442566,"Mar 9, 2024, 1:43:54 PM PST",POSITIVE,0.5519658923149109
26802,emotional health discussion,0.5806919932365417,"Mar 9, 2024, 1:43:54 PM PST",POSITIVE,0.5519658923149109
26802,sleep and mental wellness,0.5680649280548096,"Mar 9, 2024, 1:43:54 PM PST",POSITIVE,0.5519658923149109
26802,mental health education,0.5459562540054321,"Mar 9, 2024, 1:43:54 PM PST",POSITIVE,0.5519658923149109
26802,work-life balance and burnout,0.4970322847366333,"Mar 9, 2024, 1:43:54 PM PST",POSITIVE,0.5519658923149109
26802,therapy and mental health support,0.36715635657310486,"Mar 9, 2024, 1:43:54 PM PST",POSITIVE,0.5519658923149109
26802,social anxiety and relationships,0.34199899435043335,"Mar 9, 2024, 1:43:54 PM PST",POSITIVE,0.5519658923149109
26802,depression and emotional support,0.309709370136261,"Mar 9, 2024, 1:43:54 PM PST",POSITIVE,0.5519658923149109
27213,self-improvement and personal growth,0.8976103067398071,"Mar 4, 2024, 7:44:02 AM PST",NEGATIVE,0.994986891746521
27213,motivation and mental strength,0.8581331372261047,"Mar 4, 2024, 7:44:02 AM PST",NEGATIVE,0.994986891746521
27213,self-care practices,0.7856759428977966,"Mar 4, 2024, 7:44:02 AM PST",NEGATIVE,0.994986891746521
27213,mental health experiences,0.7788870930671692,"Mar 4, 2024, 7:44:02 AM PST",NEGATIVE,0.994986891746521
27213,mindfulness and mental wellness,0.7601383924484253,"Mar 4, 2024, 7:44:02 AM PST",NEGATIVE,0.994986891746521
27213,addiction awareness and recovery,0.6228607296943665,"Mar 4, 2024, 7:44:02 AM PST",NEGATIVE,0.994986891746521
27213,mental health education,0.6072542071342468,"Mar 4, 2024, 7:44:02 AM PST",NEGATIVE,0.994986891746521
27213,therapy and mental health support,0.6050769686698914,"Mar 4, 2024, 7:44:02 AM PST",NEGATIVE,0.994986891746521
27213,work-life balance and burnout,0.5042125582695007,"Mar 4, 2024, 7:44:02 AM PST",NEGATIVE,0.994986891746521
27213,trauma awareness and healing,0.4690841734409332,"Mar 4, 2024, 7:44:02 AM PST",NEGATIVE,0.994986891746521
27213,sleep and mental wellness,0.4154209792613983,"Mar 4, 2024, 7:44:02 AM PST",NEGATIVE,0.994986891746521
27213,emotional health discussion,0.4136297106742859,"Mar 4, 2024, 7:44:02 AM PST",NEGATIVE,0.994986891746521
27213,social anxiety and relationships,0.326321005821228,"Mar 4, 2024, 7:44:02 AM PST",NEGATIVE,0.994986891746521
27213,anxiety and stress management,0.30036529898643494,"Mar 4, 2024, 7:44:02 AM PST",NEGATIVE,0.994986891746521
26385,self-improvement and personal growth,0.8526745438575745,"Mar 13, 2024, 9:56:02 AM PST",POSITIVE,0.9634705781936646
26385,motivation and mental strength,0.8491429686546326,"Mar 13, 2024, 9:56:02 AM PST",POSITIVE,0.9634705781936646
26385,mindfulness and mental wellness,0.7285434007644653,"Mar 13, 2024, 9:56:02 AM PST",POSITIVE,0.9634705781936646
26385,self-care practices,0.7000119090080261,"Mar 13, 2024, 9:56:02 AM PST",POSITIVE,0.9634705781936646
26385,mental health experiences,0.6984803676605225,"Mar 13, 2024, 9:56:02 AM PST",POSITIVE,0.9634705781936646
26385,mental health education,0.5555253028869629,"Mar 13, 2024, 9:56:02 AM PST",POSITIVE,0.9634705781936646
26385,sleep and mental wellness,0.5223743915557861,"Mar 13, 2024, 9:56:02 AM PST",POSITIVE,0.9634705781936646
26385,addiction awareness and recovery,0.5057940483093262,"Mar 13, 2024, 9:56:02 AM PST",POSITIVE,0.9634705781936646
26385,emotional health discussion,0.4697045683860779,"Mar 13, 2024, 9:56:02 AM PST",POSITIVE,0.9634705781936646
26385,work-life balance and burnout,0.45698094367980957,"Mar 13, 2024, 9:56:02 AM PST",POSITIVE,0.9634705781936646
26385,therapy and mental health support,0.4490352272987366,"Mar 13, 2024, 9:56:02 AM PST",POSITIVE,0.9634705781936646
26385,trauma awareness and healing,0.42924201488494873,"Mar 13, 2024, 9:56:02 AM PST",POSITIVE,0.9634705781936646
26385,social anxiety and relationships,0.3650880753993988,"Mar 13, 2024, 9:56:02 AM PST",POSITIVE,0.9634705781936646
26385,depression and emotional support,0.34670981764793396,"Mar 13, 2024, 9:56:02 AM PST",POSITIVE,0.9634705781936646
26803,sleep and mental wellness,0.5943307876586914,"Mar 9, 2024, 1:29:29 PM PST",POSITIVE,0.9997314810752869
26803,mindfulness and mental wellness,0.4325147867202759,"Mar 9, 2024, 1:29:29 PM PST",POSITIVE,0.9997314810752869
27214,self-improvement and personal growth,0.5661121606826782,"Mar 4, 2024, 4:43:33 AM PST",POSITIVE,0.9991661310195923
27214,sleep and mental wellness,0.5660118460655212,"Mar 4, 2024, 4:43:33 AM PST",POSITIVE,0.9991661310195923
27214,motivation and mental strength,0.531298816204071,"Mar 4, 2024, 4:43:33 AM PST",POSITIVE,0.9991661310195923
27214,work-life balance and burnout,0.39052072167396545,"Mar 4, 2024, 4:43:33 AM PST",POSITIVE,0.9991661310195923
27214,self-care practices,0.3798508942127228,"Mar 4, 2024, 4:43:33 AM PST",POSITIVE,0.9991661310195923
26386,self-improvement and personal growth,0.9668734073638916,"Mar 13, 2024, 9:56:01 AM PST",POSITIVE,0.9590761065483093
26386,mental health experiences,0.9650918841362,"Mar 13, 2024, 9:56:01 AM PST",POSITIVE,0.9590761065483093
26386,mindfulness and mental wellness,0.9635401964187622,"Mar 13, 2024, 9:56:01 AM PST",POSITIVE,0.9590761065483093
26386,motivation and mental strength,0.9576444029808044,"Mar 13, 2024, 9:56:01 AM PST",POSITIVE,0.9590761065483093
26386,mental health education,0.905910074710846,"Mar 13, 2024, 9:56:01 AM PST",POSITIVE,0.9590761065483093
26386,self-care practices,0.9051617383956909,"Mar 13, 2024, 9:56:01 AM PST",POSITIVE,0.9590761065483093
26386,therapy and mental health support,0.8799203038215637,"Mar 13, 2024, 9:56:01 AM PST",POSITIVE,0.9590761065483093
26386,addiction awareness and recovery,0.8511545658111572,"Mar 13, 2024, 9:56:01 AM PST",POSITIVE,0.9590761065483093
26386,trauma awareness and healing,0.8480727076530457,"Mar 13, 2024, 9:56:01 AM PST",POSITIVE,0.9590761065483093
26386,emotional health discussion,0.8098348379135132,"Mar 13, 2024, 9:56:01 AM PST",POSITIVE,0.9590761065483093
26386,depression and emotional support,0.6669133901596069,"Mar 13, 2024, 9:56:01 AM PST",POSITIVE,0.9590761065483093
26386,work-life balance and burnout,0.6502097249031067,"Mar 13, 2024, 9:56:01 AM PST",POSITIVE,0.9590761065483093
26386,social anxiety and relationships,0.5783783197402954,"Mar 13, 2024, 9:56:01 AM PST",POSITIVE,0.9590761065483093
26386,anxiety and stress management,0.5646359324455261,"Mar 13, 2024, 9:56:01 AM PST",POSITIVE,0.9590761065483093
26386,sleep and mental wellness,0.4797288775444031,"Mar 13, 2024, 9:56:01 AM PST",POSITIVE,0.9590761065483093
26804,motivation and mental strength,0.6895007491111755,"Mar 9, 2024, 1:05:45 PM PST",POSITIVE,0.9998345375061035
26804,self-improvement and personal growth,0.6540709137916565,"Mar 9, 2024, 1:05:45 PM PST",POSITIVE,0.9998345375061035
26804,mindfulness and mental wellness,0.301411896944046,"Mar 9, 2024, 1:05:45 PM PST",POSITIVE,0.9998345375061035
26805,self-improvement and personal growth,0.9647005796432495,"Mar 9, 2024, 11:29:45 AM PST",POSITIVE,0.9938911199569702
26805,mental health experiences,0.9214510917663574,"Mar 9, 2024, 11:29:45 AM PST",POSITIVE,0.9938911199569702
26805,mindfulness and mental wellness,0.9206696152687073,"Mar 9, 2024, 11:29:45 AM PST",POSITIVE,0.9938911199569702
26805,motivation and mental strength,0.9152772426605225,"Mar 9, 2024, 11:29:45 AM PST",POSITIVE,0.9938911199569702
26805,self-care practices,0.8682195544242859,"Mar 9, 2024, 11:29:45 AM PST",POSITIVE,0.9938911199569702
26805,addiction awareness and recovery,0.8615373969078064,"Mar 9, 2024, 11:29:45 AM PST",POSITIVE,0.9938911199569702
26805,mental health education,0.8492736220359802,"Mar 9, 2024, 11:29:45 AM PST",POSITIVE,0.9938911199569702
26805,therapy and mental health support,0.8400749564170837,"Mar 9, 2024, 11:29:45 AM PST",POSITIVE,0.9938911199569702
26805,trauma awareness and healing,0.7577891945838928,"Mar 9, 2024, 11:29:45 AM PST",POSITIVE,0.9938911199569702
26805,emotional health discussion,0.7370791435241699,"Mar 9, 2024, 11:29:45 AM PST",POSITIVE,0.9938911199569702
26805,work-life balance and burnout,0.6151798367500305,"Mar 9, 2024, 11:29:45 AM PST",POSITIVE,0.9938911199569702
26805,anxiety and stress management,0.5173889994621277,"Mar 9, 2024, 11:29:45 AM PST",POSITIVE,0.9938911199569702
26805,social anxiety and relationships,0.45289549231529236,"Mar 9, 2024, 11:29:45 AM PST",POSITIVE,0.9938911199569702
26805,sleep and mental wellness,0.44384050369262695,"Mar 9, 2024, 11:29:45 AM PST",POSITIVE,0.9938911199569702
26805,depression and emotional support,0.4413931965827942,"Mar 9, 2024, 11:29:45 AM PST",POSITIVE,0.9938911199569702
26387,self-improvement and personal growth,0.9455371499061584,"Mar 13, 2024, 9:55:34 AM PST",NEGATIVE,0.9555113315582275
26387,motivation and mental strength,0.8798538446426392,"Mar 13, 2024, 9:55:34 AM PST",NEGATIVE,0.9555113315582275
26387,mindfulness and mental wellness,0.7586594223976135,"Mar 13, 2024, 9:55:34 AM PST",NEGATIVE,0.9555113315582275
26387,mental health experiences,0.7402969002723694,"Mar 13, 2024, 9:55:34 AM PST",NEGATIVE,0.9555113315582275
26387,self-care practices,0.6885116100311279,"Mar 13, 2024, 9:55:34 AM PST",NEGATIVE,0.9555113315582275
26387,mental health education,0.30434519052505493,"Mar 13, 2024, 9:55:34 AM PST",NEGATIVE,0.9555113315582275
27215,motivation and mental strength,0.5297109484672546,"Mar 4, 2024, 4:43:29 AM PST",POSITIVE,0.9680117964744568
27215,self-improvement and personal growth,0.3159843683242798,"Mar 4, 2024, 4:43:29 AM PST",POSITIVE,0.9680117964744568
26388,self-improvement and personal growth,0.94573575258255,"Mar 13, 2024, 9:51:27 AM PST",POSITIVE,0.9945993423461914
26388,motivation and mental strength,0.9365338087081909,"Mar 13, 2024, 9:51:27 AM PST",POSITIVE,0.9945993423461914
26388,mindfulness and mental wellness,0.9316529631614685,"Mar 13, 2024, 9:51:27 AM PST",POSITIVE,0.9945993423461914
26388,mental health experiences,0.9098233580589294,"Mar 13, 2024, 9:51:27 AM PST",POSITIVE,0.9945993423461914
26388,self-care practices,0.8751409649848938,"Mar 13, 2024, 9:51:27 AM PST",POSITIVE,0.9945993423461914
26388,mental health education,0.8634544610977173,"Mar 13, 2024, 9:51:27 AM PST",POSITIVE,0.9945993423461914
26388,therapy and mental health support,0.8114302754402161,"Mar 13, 2024, 9:51:27 AM PST",POSITIVE,0.9945993423461914
26388,emotional health discussion,0.8061935901641846,"Mar 13, 2024, 9:51:27 AM PST",POSITIVE,0.9945993423461914
26388,addiction awareness and recovery,0.7691456079483032,"Mar 13, 2024, 9:51:27 AM PST",POSITIVE,0.9945993423461914
26388,trauma awareness and healing,0.7456368207931519,"Mar 13, 2024, 9:51:27 AM PST",POSITIVE,0.9945993423461914
26388,work-life balance and burnout,0.7451522350311279,"Mar 13, 2024, 9:51:27 AM PST",POSITIVE,0.9945993423461914
26388,sleep and mental wellness,0.7277185320854187,"Mar 13, 2024, 9:51:27 AM PST",POSITIVE,0.9945993423461914
26388,social anxiety and relationships,0.6076912879943848,"Mar 13, 2024, 9:51:27 AM PST",POSITIVE,0.9945993423461914
26388,depression and emotional support,0.5833652019500732,"Mar 13, 2024, 9:51:27 AM PST",POSITIVE,0.9945993423461914
26388,anxiety and stress management,0.5437052249908447,"Mar 13, 2024, 9:51:27 AM PST",POSITIVE,0.9945993423461914
26806,self-improvement and personal growth,0.9215599298477173,"Mar 9, 2024, 11:26:06 AM PST",POSITIVE,0.8509562015533447
26806,motivation and mental strength,0.883001983165741,"Mar 9, 2024, 11:26:06 AM PST",POSITIVE,0.8509562015533447
26806,mental health experiences,0.8653833866119385,"Mar 9, 2024, 11:26:06 AM PST",POSITIVE,0.8509562015533447
26806,mindfulness and mental wellness,0.8529267907142639,"Mar 9, 2024, 11:26:06 AM PST",POSITIVE,0.8509562015533447
26806,self-care practices,0.7745400071144104,"Mar 9, 2024, 11:26:06 AM PST",POSITIVE,0.8509562015533447
26806,therapy and mental health support,0.7625545263290405,"Mar 9, 2024, 11:26:06 AM PST",POSITIVE,0.8509562015533447
26806,trauma awareness and healing,0.7541938424110413,"Mar 9, 2024, 11:26:06 AM PST",POSITIVE,0.8509562015533447
26806,mental health education,0.7486112117767334,"Mar 9, 2024, 11:26:06 AM PST",POSITIVE,0.8509562015533447
26806,addiction awareness and recovery,0.6662848591804504,"Mar 9, 2024, 11:26:06 AM PST",POSITIVE,0.8509562015533447
26806,emotional health discussion,0.6320063471794128,"Mar 9, 2024, 11:26:06 AM PST",POSITIVE,0.8509562015533447
26806,work-life balance and burnout,0.6015498638153076,"Mar 9, 2024, 11:26:06 AM PST",POSITIVE,0.8509562015533447
26806,sleep and mental wellness,0.5836881399154663,"Mar 9, 2024, 11:26:06 AM PST",POSITIVE,0.8509562015533447
26806,social anxiety and relationships,0.4805358648300171,"Mar 9, 2024, 11:26:06 AM PST",POSITIVE,0.8509562015533447
26806,depression and emotional support,0.45445817708969116,"Mar 9, 2024, 11:26:06 AM PST",POSITIVE,0.8509562015533447
26806,anxiety and stress management,0.32893097400665283,"Mar 9, 2024, 11:26:06 AM PST",POSITIVE,0.8509562015533447
27216,motivation and mental strength,0.9308599233627319,"Mar 4, 2024, 4:41:39 AM PST",NEGATIVE,0.912068247795105
27216,self-improvement and personal growth,0.8324429392814636,"Mar 4, 2024, 4:41:39 AM PST",NEGATIVE,0.912068247795105
27216,mental health experiences,0.8163926005363464,"Mar 4, 2024, 4:41:39 AM PST",NEGATIVE,0.912068247795105
27216,social anxiety and relationships,0.7410010695457458,"Mar 4, 2024, 4:41:39 AM PST",NEGATIVE,0.912068247795105
27216,work-life balance and burnout,0.6380869150161743,"Mar 4, 2024, 4:41:39 AM PST",NEGATIVE,0.912068247795105
27216,anxiety and stress management,0.6275090575218201,"Mar 4, 2024, 4:41:39 AM PST",NEGATIVE,0.912068247795105
27216,trauma awareness and healing,0.5941522717475891,"Mar 4, 2024, 4:41:39 AM PST",NEGATIVE,0.912068247795105
27216,self-care practices,0.510429859161377,"Mar 4, 2024, 4:41:39 AM PST",NEGATIVE,0.912068247795105
27216,emotional health discussion,0.4738721549510956,"Mar 4, 2024, 4:41:39 AM PST",NEGATIVE,0.912068247795105
27216,mindfulness and mental wellness,0.4565201699733734,"Mar 4, 2024, 4:41:39 AM PST",NEGATIVE,0.912068247795105
27216,mental health education,0.3877113461494446,"Mar 4, 2024, 4:41:39 AM PST",NEGATIVE,0.912068247795105
27216,addiction awareness and recovery,0.36795130372047424,"Mar 4, 2024, 4:41:39 AM PST",NEGATIVE,0.912068247795105
27216,sleep and mental wellness,0.32539424300193787,"Mar 4, 2024, 4:41:39 AM PST",NEGATIVE,0.912068247795105
26807,mindfulness and mental wellness,0.9554153084754944,"Mar 9, 2024, 11:22:31 AM PST",POSITIVE,0.9793813824653625
26807,self-improvement and personal growth,0.937245786190033,"Mar 9, 2024, 11:22:31 AM PST",POSITIVE,0.9793813824653625
26807,motivation and mental strength,0.9326468110084534,"Mar 9, 2024, 11:22:31 AM PST",POSITIVE,0.9793813824653625
26807,mental health experiences,0.8980541229248047,"Mar 9, 2024, 11:22:31 AM PST",POSITIVE,0.9793813824653625
26807,self-care practices,0.8962339758872986,"Mar 9, 2024, 11:22:31 AM PST",POSITIVE,0.9793813824653625
26807,addiction awareness and recovery,0.81532883644104,"Mar 9, 2024, 11:22:31 AM PST",POSITIVE,0.9793813824653625
26807,mental health education,0.802155613899231,"Mar 9, 2024, 11:22:31 AM PST",POSITIVE,0.9793813824653625
26807,therapy and mental health support,0.7696779370307922,"Mar 9, 2024, 11:22:31 AM PST",POSITIVE,0.9793813824653625
26807,emotional health discussion,0.7514554262161255,"Mar 9, 2024, 11:22:31 AM PST",POSITIVE,0.9793813824653625
26807,trauma awareness and healing,0.7184438705444336,"Mar 9, 2024, 11:22:31 AM PST",POSITIVE,0.9793813824653625
26807,sleep and mental wellness,0.7179087400436401,"Mar 9, 2024, 11:22:31 AM PST",POSITIVE,0.9793813824653625
26807,work-life balance and burnout,0.6055948734283447,"Mar 9, 2024, 11:22:31 AM PST",POSITIVE,0.9793813824653625
26807,depression and emotional support,0.4760430157184601,"Mar 9, 2024, 11:22:31 AM PST",POSITIVE,0.9793813824653625
26807,social anxiety and relationships,0.46180427074432373,"Mar 9, 2024, 11:22:31 AM PST",POSITIVE,0.9793813824653625
26807,anxiety and stress management,0.4337960183620453,"Mar 9, 2024, 11:22:31 AM PST",POSITIVE,0.9793813824653625
26389,self-improvement and personal growth,0.8643624782562256,"Mar 13, 2024, 9:48:38 AM PST",POSITIVE,0.6095632910728455
26389,motivation and mental strength,0.8288374543190002,"Mar 13, 2024, 9:48:38 AM PST",POSITIVE,0.6095632910728455
26389,mental health experiences,0.6584609150886536,"Mar 13, 2024, 9:48:38 AM PST",POSITIVE,0.6095632910728455
26389,self-care practices,0.6483648419380188,"Mar 13, 2024, 9:48:38 AM PST",POSITIVE,0.6095632910728455
26389,mindfulness and mental wellness,0.6347031593322754,"Mar 13, 2024, 9:48:38 AM PST",POSITIVE,0.6095632910728455
26389,addiction awareness and recovery,0.4454391598701477,"Mar 13, 2024, 9:48:38 AM PST",POSITIVE,0.6095632910728455
26389,mental health education,0.4429248869419098,"Mar 13, 2024, 9:48:38 AM PST",POSITIVE,0.6095632910728455
26389,emotional health discussion,0.4188569188117981,"Mar 13, 2024, 9:48:38 AM PST",POSITIVE,0.6095632910728455
26389,trauma awareness and healing,0.4130147397518158,"Mar 13, 2024, 9:48:38 AM PST",POSITIVE,0.6095632910728455
26389,therapy and mental health support,0.3828010857105255,"Mar 13, 2024, 9:48:38 AM PST",POSITIVE,0.6095632910728455
26389,work-life balance and burnout,0.3755206763744354,"Mar 13, 2024, 9:48:38 AM PST",POSITIVE,0.6095632910728455
27217,motivation and mental strength,0.9581863284111023,"Mar 4, 2024, 4:22:09 AM PST",POSITIVE,0.9599851965904236
27217,self-improvement and personal growth,0.5027021765708923,"Mar 4, 2024, 4:22:09 AM PST",POSITIVE,0.9599851965904236
27217,mental health experiences,0.3228006064891815,"Mar 4, 2024, 4:22:09 AM PST",POSITIVE,0.9599851965904236
26808,mindfulness and mental wellness,0.9300402402877808,"Mar 9, 2024, 11:19:12 AM PST",POSITIVE,0.9202283024787903
26808,self-improvement and personal growth,0.9175257682800293,"Mar 9, 2024, 11:19:12 AM PST",POSITIVE,0.9202283024787903
26808,motivation and mental strength,0.8723200559616089,"Mar 9, 2024, 11:19:12 AM PST",POSITIVE,0.9202283024787903
26808,mental health experiences,0.7674087285995483,"Mar 9, 2024, 11:19:12 AM PST",POSITIVE,0.9202283024787903
26808,self-care practices,0.7614057064056396,"Mar 9, 2024, 11:19:12 AM PST",POSITIVE,0.9202283024787903
26808,sleep and mental wellness,0.6578661203384399,"Mar 9, 2024, 11:19:12 AM PST",POSITIVE,0.9202283024787903
26808,addiction awareness and recovery,0.6571822166442871,"Mar 9, 2024, 11:19:12 AM PST",POSITIVE,0.9202283024787903
26808,mental health education,0.6549129486083984,"Mar 9, 2024, 11:19:12 AM PST",POSITIVE,0.9202283024787903
26808,emotional health discussion,0.578786313533783,"Mar 9, 2024, 11:19:12 AM PST",POSITIVE,0.9202283024787903
26808,trauma awareness and healing,0.5728711485862732,"Mar 9, 2024, 11:19:12 AM PST",POSITIVE,0.9202283024787903
26808,therapy and mental health support,0.5646400451660156,"Mar 9, 2024, 11:19:12 AM PST",POSITIVE,0.9202283024787903
26808,work-life balance and burnout,0.5354806184768677,"Mar 9, 2024, 11:19:12 AM PST",POSITIVE,0.9202283024787903
26808,social anxiety and relationships,0.43503043055534363,"Mar 9, 2024, 11:19:12 AM PST",POSITIVE,0.9202283024787903
26808,anxiety and stress management,0.36573055386543274,"Mar 9, 2024, 11:19:12 AM PST",POSITIVE,0.9202283024787903
26808,depression and emotional support,0.3547988831996918,"Mar 9, 2024, 11:19:12 AM PST",POSITIVE,0.9202283024787903
26390,self-improvement and personal growth,0.8596709370613098,"Mar 13, 2024, 9:45:56 AM PST",POSITIVE,0.9883926510810852
26390,self-care practices,0.6625539064407349,"Mar 13, 2024, 9:45:56 AM PST",POSITIVE,0.9883926510810852
26390,mindfulness and mental wellness,0.527115523815155,"Mar 13, 2024, 9:45:56 AM PST",POSITIVE,0.9883926510810852
26390,addiction awareness and recovery,0.42880985140800476,"Mar 13, 2024, 9:45:56 AM PST",POSITIVE,0.9883926510810852
26390,motivation and mental strength,0.41147181391716003,"Mar 13, 2024, 9:45:56 AM PST",POSITIVE,0.9883926510810852
26390,trauma awareness and healing,0.3225894868373871,"Mar 13, 2024, 9:45:56 AM PST",POSITIVE,0.9883926510810852
26809,self-improvement and personal growth,0.9014198780059814,"Mar 9, 2024, 11:11:14 AM PST",NEGATIVE,0.7105908989906311
26809,motivation and mental strength,0.8708903789520264,"Mar 9, 2024, 11:11:14 AM PST",NEGATIVE,0.7105908989906311
26809,mindfulness and mental wellness,0.8290708661079407,"Mar 9, 2024, 11:11:14 AM PST",NEGATIVE,0.7105908989906311
26809,mental health experiences,0.8000730276107788,"Mar 9, 2024, 11:11:14 AM PST",NEGATIVE,0.7105908989906311
26809,self-care practices,0.7455698847770691,"Mar 9, 2024, 11:11:14 AM PST",NEGATIVE,0.7105908989906311
26809,mental health education,0.6702992916107178,"Mar 9, 2024, 11:11:14 AM PST",NEGATIVE,0.7105908989906311
26809,addiction awareness and recovery,0.6674171090126038,"Mar 9, 2024, 11:11:14 AM PST",NEGATIVE,0.7105908989906311
26809,emotional health discussion,0.6364841461181641,"Mar 9, 2024, 11:11:14 AM PST",NEGATIVE,0.7105908989906311
26809,trauma awareness and healing,0.6248961687088013,"Mar 9, 2024, 11:11:14 AM PST",NEGATIVE,0.7105908989906311
26809,therapy and mental health support,0.602146327495575,"Mar 9, 2024, 11:11:14 AM PST",NEGATIVE,0.7105908989906311
26809,work-life balance and burnout,0.5135631561279297,"Mar 9, 2024, 11:11:14 AM PST",NEGATIVE,0.7105908989906311
26809,sleep and mental wellness,0.4690621495246887,"Mar 9, 2024, 11:11:14 AM PST",NEGATIVE,0.7105908989906311
26809,social anxiety and relationships,0.3759448826313019,"Mar 9, 2024, 11:11:14 AM PST",NEGATIVE,0.7105908989906311
26809,depression and emotional support,0.3527073860168457,"Mar 9, 2024, 11:11:14 AM PST",NEGATIVE,0.7105908989906311
26391,self-improvement and personal growth,0.8268609642982483,"Mar 13, 2024, 9:45:54 AM PST",POSITIVE,0.9853892922401428
26391,motivation and mental strength,0.7703725099563599,"Mar 13, 2024, 9:45:54 AM PST",POSITIVE,0.9853892922401428
26391,mindfulness and mental wellness,0.6030308604240417,"Mar 13, 2024, 9:45:54 AM PST",POSITIVE,0.9853892922401428
26391,self-care practices,0.5746707916259766,"Mar 13, 2024, 9:45:54 AM PST",POSITIVE,0.9853892922401428
26391,mental health experiences,0.5737757086753845,"Mar 13, 2024, 9:45:54 AM PST",POSITIVE,0.9853892922401428
26391,addiction awareness and recovery,0.46663740277290344,"Mar 13, 2024, 9:45:54 AM PST",POSITIVE,0.9853892922401428
26391,mental health education,0.3592638075351715,"Mar 13, 2024, 9:45:54 AM PST",POSITIVE,0.9853892922401428
26391,emotional health discussion,0.31901460886001587,"Mar 13, 2024, 9:45:54 AM PST",POSITIVE,0.9853892922401428
26391,work-life balance and burnout,0.313169002532959,"Mar 13, 2024, 9:45:54 AM PST",POSITIVE,0.9853892922401428
26391,trauma awareness and healing,0.30564796924591064,"Mar 13, 2024, 9:45:54 AM PST",POSITIVE,0.9853892922401428
26391,therapy and mental health support,0.30272620916366577,"Mar 13, 2024, 9:45:54 AM PST",POSITIVE,0.9853892922401428
27218,social anxiety and relationships,0.8901775479316711,"Mar 4, 2024, 4:19:01 AM PST",POSITIVE,0.9950581789016724
27218,self-improvement and personal growth,0.7209563851356506,"Mar 4, 2024, 4:19:01 AM PST",POSITIVE,0.9950581789016724
27218,motivation and mental strength,0.541839063167572,"Mar 4, 2024, 4:19:01 AM PST",POSITIVE,0.9950581789016724
27218,mental health experiences,0.40938177704811096,"Mar 4, 2024, 4:19:01 AM PST",POSITIVE,0.9950581789016724
26810,motivation and mental strength,0.9078623652458191,"Mar 9, 2024, 11:07:43 AM PST",NEGATIVE,0.8515645861625671
26810,self-improvement and personal growth,0.8569428324699402,"Mar 9, 2024, 11:07:43 AM PST",NEGATIVE,0.8515645861625671
26810,mindfulness and mental wellness,0.8082741498947144,"Mar 9, 2024, 11:07:43 AM PST",NEGATIVE,0.8515645861625671
26810,mental health experiences,0.7754289507865906,"Mar 9, 2024, 11:07:43 AM PST",NEGATIVE,0.8515645861625671
26810,self-care practices,0.5799766182899475,"Mar 9, 2024, 11:07:43 AM PST",NEGATIVE,0.8515645861625671
26810,addiction awareness and recovery,0.5615385174751282,"Mar 9, 2024, 11:07:43 AM PST",NEGATIVE,0.8515645861625671
26810,social anxiety and relationships,0.4854743182659149,"Mar 9, 2024, 11:07:43 AM PST",NEGATIVE,0.8515645861625671
26810,mental health education,0.40659207105636597,"Mar 9, 2024, 11:07:43 AM PST",NEGATIVE,0.8515645861625671
26810,therapy and mental health support,0.3687140643596649,"Mar 9, 2024, 11:07:43 AM PST",NEGATIVE,0.8515645861625671
26810,trauma awareness and healing,0.31577417254447937,"Mar 9, 2024, 11:07:43 AM PST",NEGATIVE,0.8515645861625671
26810,emotional health discussion,0.310340017080307,"Mar 9, 2024, 11:07:43 AM PST",NEGATIVE,0.8515645861625671
26392,self-improvement and personal growth,0.8078128695487976,"Mar 13, 2024, 9:42:40 AM PST",POSITIVE,0.9254096150398254
26392,motivation and mental strength,0.7830241918563843,"Mar 13, 2024, 9:42:40 AM PST",POSITIVE,0.9254096150398254
26392,addiction awareness and recovery,0.7501770853996277,"Mar 13, 2024, 9:42:40 AM PST",POSITIVE,0.9254096150398254
26392,mental health experiences,0.6170251965522766,"Mar 13, 2024, 9:42:40 AM PST",POSITIVE,0.9254096150398254
26392,mindfulness and mental wellness,0.5976262092590332,"Mar 13, 2024, 9:42:40 AM PST",POSITIVE,0.9254096150398254
26392,self-care practices,0.5614780187606812,"Mar 13, 2024, 9:42:40 AM PST",POSITIVE,0.9254096150398254
26392,work-life balance and burnout,0.36209526658058167,"Mar 13, 2024, 9:42:40 AM PST",POSITIVE,0.9254096150398254
26392,mental health education,0.33272331953048706,"Mar 13, 2024, 9:42:40 AM PST",POSITIVE,0.9254096150398254
26811,self-improvement and personal growth,0.9464698433876038,"Mar 9, 2024, 10:33:19 AM PST",POSITIVE,0.9901832938194275
26811,mindfulness and mental wellness,0.9373036623001099,"Mar 9, 2024, 10:33:19 AM PST",POSITIVE,0.9901832938194275
26811,self-care practices,0.9121474027633667,"Mar 9, 2024, 10:33:19 AM PST",POSITIVE,0.9901832938194275
26811,mental health experiences,0.8793200850486755,"Mar 9, 2024, 10:33:19 AM PST",POSITIVE,0.9901832938194275
26811,motivation and mental strength,0.8518242239952087,"Mar 9, 2024, 10:33:19 AM PST",POSITIVE,0.9901832938194275
26811,emotional health discussion,0.8493731617927551,"Mar 9, 2024, 10:33:19 AM PST",POSITIVE,0.9901832938194275
26811,addiction awareness and recovery,0.8400152325630188,"Mar 9, 2024, 10:33:19 AM PST",POSITIVE,0.9901832938194275
26811,trauma awareness and healing,0.8256548643112183,"Mar 9, 2024, 10:33:19 AM PST",POSITIVE,0.9901832938194275
26811,mental health education,0.8089069724082947,"Mar 9, 2024, 10:33:19 AM PST",POSITIVE,0.9901832938194275
26811,sleep and mental wellness,0.8020864725112915,"Mar 9, 2024, 10:33:19 AM PST",POSITIVE,0.9901832938194275
26811,depression and emotional support,0.7959755063056946,"Mar 9, 2024, 10:33:19 AM PST",POSITIVE,0.9901832938194275
26811,therapy and mental health support,0.7718441486358643,"Mar 9, 2024, 10:33:19 AM PST",POSITIVE,0.9901832938194275
26811,work-life balance and burnout,0.6756373047828674,"Mar 9, 2024, 10:33:19 AM PST",POSITIVE,0.9901832938194275
26811,anxiety and stress management,0.5965029001235962,"Mar 9, 2024, 10:33:19 AM PST",POSITIVE,0.9901832938194275
26811,social anxiety and relationships,0.5853264331817627,"Mar 9, 2024, 10:33:19 AM PST",POSITIVE,0.9901832938194275
26393,self-improvement and personal growth,0.8831737041473389,"Mar 13, 2024, 9:39:36 AM PST",POSITIVE,0.9075957536697388
26393,addiction awareness and recovery,0.6602234244346619,"Mar 13, 2024, 9:39:36 AM PST",POSITIVE,0.9075957536697388
26393,self-care practices,0.633179247379303,"Mar 13, 2024, 9:39:36 AM PST",POSITIVE,0.9075957536697388
26393,work-life balance and burnout,0.5938866138458252,"Mar 13, 2024, 9:39:36 AM PST",POSITIVE,0.9075957536697388
26393,mental health experiences,0.5246596932411194,"Mar 13, 2024, 9:39:36 AM PST",POSITIVE,0.9075957536697388
26393,mindfulness and mental wellness,0.423466295003891,"Mar 13, 2024, 9:39:36 AM PST",POSITIVE,0.9075957536697388
26393,trauma awareness and healing,0.3973846137523651,"Mar 13, 2024, 9:39:36 AM PST",POSITIVE,0.9075957536697388
26393,mental health education,0.3097245991230011,"Mar 13, 2024, 9:39:36 AM PST",POSITIVE,0.9075957536697388
27219,motivation and mental strength,0.7879487872123718,"Mar 4, 2024, 4:01:01 AM PST",POSITIVE,0.8140936493873596
27219,self-improvement and personal growth,0.4945824444293976,"Mar 4, 2024, 4:01:01 AM PST",POSITIVE,0.8140936493873596
27219,mindfulness and mental wellness,0.4868084490299225,"Mar 4, 2024, 4:01:01 AM PST",POSITIVE,0.8140936493873596
27219,mental health experiences,0.44113051891326904,"Mar 4, 2024, 4:01:01 AM PST",POSITIVE,0.8140936493873596
26812,motivation and mental strength,0.952633798122406,"Mar 9, 2024, 10:29:57 AM PST",POSITIVE,0.9423848986625671
26812,self-improvement and personal growth,0.9374355673789978,"Mar 9, 2024, 10:29:57 AM PST",POSITIVE,0.9423848986625671
26812,mental health experiences,0.9220525026321411,"Mar 9, 2024, 10:29:57 AM PST",POSITIVE,0.9423848986625671
26812,mindfulness and mental wellness,0.9076893925666809,"Mar 9, 2024, 10:29:57 AM PST",POSITIVE,0.9423848986625671
26812,self-care practices,0.8790497779846191,"Mar 9, 2024, 10:29:57 AM PST",POSITIVE,0.9423848986625671
26812,addiction awareness and recovery,0.8150417804718018,"Mar 9, 2024, 10:29:57 AM PST",POSITIVE,0.9423848986625671
26812,emotional health discussion,0.8118828535079956,"Mar 9, 2024, 10:29:57 AM PST",POSITIVE,0.9423848986625671
26812,mental health education,0.8064313530921936,"Mar 9, 2024, 10:29:57 AM PST",POSITIVE,0.9423848986625671
26812,therapy and mental health support,0.7816857099533081,"Mar 9, 2024, 10:29:57 AM PST",POSITIVE,0.9423848986625671
26812,sleep and mental wellness,0.7250210046768188,"Mar 9, 2024, 10:29:57 AM PST",POSITIVE,0.9423848986625671
26812,trauma awareness and healing,0.6960057020187378,"Mar 9, 2024, 10:29:57 AM PST",POSITIVE,0.9423848986625671
26812,work-life balance and burnout,0.6120592951774597,"Mar 9, 2024, 10:29:57 AM PST",POSITIVE,0.9423848986625671
26812,depression and emotional support,0.5540346503257751,"Mar 9, 2024, 10:29:57 AM PST",POSITIVE,0.9423848986625671
26812,social anxiety and relationships,0.47261399030685425,"Mar 9, 2024, 10:29:57 AM PST",POSITIVE,0.9423848986625671
26812,anxiety and stress management,0.46704086661338806,"Mar 9, 2024, 10:29:57 AM PST",POSITIVE,0.9423848986625671
26394,mental health experiences,0.9402093291282654,"Mar 13, 2024, 9:36:10 AM PST",NEGATIVE,0.9967740178108215
26394,motivation and mental strength,0.752383828163147,"Mar 13, 2024, 9:36:10 AM PST",NEGATIVE,0.9967740178108215
26394,work-life balance and burnout,0.690237283706665,"Mar 13, 2024, 9:36:10 AM PST",NEGATIVE,0.9967740178108215
26394,self-improvement and personal growth,0.5824087858200073,"Mar 13, 2024, 9:36:10 AM PST",NEGATIVE,0.9967740178108215
26394,emotional health discussion,0.5790207982063293,"Mar 13, 2024, 9:36:10 AM PST",NEGATIVE,0.9967740178108215
26394,social anxiety and relationships,0.46787190437316895,"Mar 13, 2024, 9:36:10 AM PST",NEGATIVE,0.9967740178108215
26394,self-care practices,0.30581095814704895,"Mar 13, 2024, 9:36:10 AM PST",NEGATIVE,0.9967740178108215
26813,motivation and mental strength,0.8404035568237305,"Mar 9, 2024, 10:11:11 AM PST",NEGATIVE,0.938710629940033
26813,self-improvement and personal growth,0.7645732760429382,"Mar 9, 2024, 10:11:11 AM PST",NEGATIVE,0.938710629940033
26813,mental health experiences,0.6096385717391968,"Mar 9, 2024, 10:11:11 AM PST",NEGATIVE,0.938710629940033
26813,self-care practices,0.47500959038734436,"Mar 9, 2024, 10:11:11 AM PST",NEGATIVE,0.938710629940033
26813,mindfulness and mental wellness,0.47353753447532654,"Mar 9, 2024, 10:11:11 AM PST",NEGATIVE,0.938710629940033
26813,addiction awareness and recovery,0.3567506968975067,"Mar 9, 2024, 10:11:11 AM PST",NEGATIVE,0.938710629940033
26395,motivation and mental strength,0.9618951082229614,"Mar 13, 2024, 9:32:10 AM PST",NEGATIVE,0.9670203924179077
26395,mental health experiences,0.9039357304573059,"Mar 13, 2024, 9:32:10 AM PST",NEGATIVE,0.9670203924179077
26395,self-improvement and personal growth,0.8807172179222107,"Mar 13, 2024, 9:32:10 AM PST",NEGATIVE,0.9670203924179077
26395,self-care practices,0.8403319120407104,"Mar 13, 2024, 9:32:10 AM PST",NEGATIVE,0.9670203924179077
26395,mindfulness and mental wellness,0.8341920375823975,"Mar 13, 2024, 9:32:10 AM PST",NEGATIVE,0.9670203924179077
26395,sleep and mental wellness,0.8029390573501587,"Mar 13, 2024, 9:32:10 AM PST",NEGATIVE,0.9670203924179077
26395,mental health education,0.7387748956680298,"Mar 13, 2024, 9:32:10 AM PST",NEGATIVE,0.9670203924179077
26395,addiction awareness and recovery,0.6057637929916382,"Mar 13, 2024, 9:32:10 AM PST",NEGATIVE,0.9670203924179077
26395,social anxiety and relationships,0.6030303239822388,"Mar 13, 2024, 9:32:10 AM PST",NEGATIVE,0.9670203924179077
26395,work-life balance and burnout,0.5619140267372131,"Mar 13, 2024, 9:32:10 AM PST",NEGATIVE,0.9670203924179077
26395,emotional health discussion,0.4662371873855591,"Mar 13, 2024, 9:32:10 AM PST",NEGATIVE,0.9670203924179077
26395,therapy and mental health support,0.44968459010124207,"Mar 13, 2024, 9:32:10 AM PST",NEGATIVE,0.9670203924179077
26395,trauma awareness and healing,0.43008437752723694,"Mar 13, 2024, 9:32:10 AM PST",NEGATIVE,0.9670203924179077
27220,mental health experiences,0.8846646547317505,"Mar 4, 2024, 3:43:09 AM PST",POSITIVE,0.9587003588676453
27220,motivation and mental strength,0.862461507320404,"Mar 4, 2024, 3:43:09 AM PST",POSITIVE,0.9587003588676453
27220,self-improvement and personal growth,0.6603023409843445,"Mar 4, 2024, 3:43:09 AM PST",POSITIVE,0.9587003588676453
27220,work-life balance and burnout,0.34841111302375793,"Mar 4, 2024, 3:43:09 AM PST",POSITIVE,0.9587003588676453
27220,emotional health discussion,0.31549692153930664,"Mar 4, 2024, 3:43:09 AM PST",POSITIVE,0.9587003588676453
27220,addiction awareness and recovery,0.30403682589530945,"Mar 4, 2024, 3:43:09 AM PST",POSITIVE,0.9587003588676453
26814,self-improvement and personal growth,0.9118384718894958,"Mar 9, 2024, 10:05:44 AM PST",POSITIVE,0.5158194899559021
26814,mindfulness and mental wellness,0.8764626979827881,"Mar 9, 2024, 10:05:44 AM PST",POSITIVE,0.5158194899559021
26814,motivation and mental strength,0.8751548528671265,"Mar 9, 2024, 10:05:44 AM PST",POSITIVE,0.5158194899559021
26814,mental health education,0.800356924533844,"Mar 9, 2024, 10:05:44 AM PST",POSITIVE,0.5158194899559021
26814,mental health experiences,0.7942078113555908,"Mar 9, 2024, 10:05:44 AM PST",POSITIVE,0.5158194899559021
26814,self-care practices,0.7852319478988647,"Mar 9, 2024, 10:05:44 AM PST",POSITIVE,0.5158194899559021
26814,sleep and mental wellness,0.7220583558082581,"Mar 9, 2024, 10:05:44 AM PST",POSITIVE,0.5158194899559021
26814,emotional health discussion,0.6866648197174072,"Mar 9, 2024, 10:05:44 AM PST",POSITIVE,0.5158194899559021
26814,addiction awareness and recovery,0.6821879744529724,"Mar 9, 2024, 10:05:44 AM PST",POSITIVE,0.5158194899559021
26814,therapy and mental health support,0.6671130061149597,"Mar 9, 2024, 10:05:44 AM PST",POSITIVE,0.5158194899559021
26814,trauma awareness and healing,0.6466771960258484,"Mar 9, 2024, 10:05:44 AM PST",POSITIVE,0.5158194899559021
26814,work-life balance and burnout,0.5884882807731628,"Mar 9, 2024, 10:05:44 AM PST",POSITIVE,0.5158194899559021
26814,depression and emotional support,0.5191925168037415,"Mar 9, 2024, 10:05:44 AM PST",POSITIVE,0.5158194899559021
26814,social anxiety and relationships,0.5169622898101807,"Mar 9, 2024, 10:05:44 AM PST",POSITIVE,0.5158194899559021
26814,anxiety and stress management,0.4058128595352173,"Mar 9, 2024, 10:05:44 AM PST",POSITIVE,0.5158194899559021
26396,self-improvement and personal growth,0.7877764701843262,"Mar 13, 2024, 2:30:33 AM PST",NEGATIVE,0.866844654083252
26396,motivation and mental strength,0.6167957782745361,"Mar 13, 2024, 2:30:33 AM PST",NEGATIVE,0.866844654083252
26396,mental health experiences,0.36816301941871643,"Mar 13, 2024, 2:30:33 AM PST",NEGATIVE,0.866844654083252
26815,self-improvement and personal growth,0.9482651948928833,"Mar 9, 2024, 10:01:07 AM PST",POSITIVE,0.817528486251831
26815,motivation and mental strength,0.9466935396194458,"Mar 9, 2024, 10:01:07 AM PST",POSITIVE,0.817528486251831
26815,mental health experiences,0.8841613531112671,"Mar 9, 2024, 10:01:07 AM PST",POSITIVE,0.817528486251831
26815,mindfulness and mental wellness,0.8442222476005554,"Mar 9, 2024, 10:01:07 AM PST",POSITIVE,0.817528486251831
26815,self-care practices,0.8339099884033203,"Mar 9, 2024, 10:01:07 AM PST",POSITIVE,0.817528486251831
26815,addiction awareness and recovery,0.7722538113594055,"Mar 9, 2024, 10:01:07 AM PST",POSITIVE,0.817528486251831
26815,therapy and mental health support,0.7399280071258545,"Mar 9, 2024, 10:01:07 AM PST",POSITIVE,0.817528486251831
26815,mental health education,0.7282199859619141,"Mar 9, 2024, 10:01:07 AM PST",POSITIVE,0.817528486251831
26815,emotional health discussion,0.7136847972869873,"Mar 9, 2024, 10:01:07 AM PST",POSITIVE,0.817528486251831
26815,work-life balance and burnout,0.5908669233322144,"Mar 9, 2024, 10:01:07 AM PST",POSITIVE,0.817528486251831
26815,trauma awareness and healing,0.5787580013275146,"Mar 9, 2024, 10:01:07 AM PST",POSITIVE,0.817528486251831
26815,social anxiety and relationships,0.504693329334259,"Mar 9, 2024, 10:01:07 AM PST",POSITIVE,0.817528486251831
26815,depression and emotional support,0.4652068018913269,"Mar 9, 2024, 10:01:07 AM PST",POSITIVE,0.817528486251831
26815,anxiety and stress management,0.4361903965473175,"Mar 9, 2024, 10:01:07 AM PST",POSITIVE,0.817528486251831
26815,sleep and mental wellness,0.36135661602020264,"Mar 9, 2024, 10:01:07 AM PST",POSITIVE,0.817528486251831
27221,self-improvement and personal growth,0.9191965460777283,"Mar 4, 2024, 2:59:33 AM PST",POSITIVE,0.9988898634910583
27221,motivation and mental strength,0.9074363708496094,"Mar 4, 2024, 2:59:33 AM PST",POSITIVE,0.9988898634910583
27221,mindfulness and mental wellness,0.648495078086853,"Mar 4, 2024, 2:59:33 AM PST",POSITIVE,0.9988898634910583
27221,self-care practices,0.5827581882476807,"Mar 4, 2024, 2:59:33 AM PST",POSITIVE,0.9988898634910583
27221,mental health experiences,0.5775260329246521,"Mar 4, 2024, 2:59:33 AM PST",POSITIVE,0.9988898634910583
27221,addiction awareness and recovery,0.37621793150901794,"Mar 4, 2024, 2:59:33 AM PST",POSITIVE,0.9988898634910583
27221,social anxiety and relationships,0.3005598187446594,"Mar 4, 2024, 2:59:33 AM PST",POSITIVE,0.9988898634910583
27222,motivation and mental strength,0.8697753548622131,"Mar 3, 2024, 5:14:12 PM PST",NEGATIVE,0.9836829304695129
27222,self-improvement and personal growth,0.8087312579154968,"Mar 3, 2024, 5:14:12 PM PST",NEGATIVE,0.9836829304695129
27222,mindfulness and mental wellness,0.6652560830116272,"Mar 3, 2024, 5:14:12 PM PST",NEGATIVE,0.9836829304695129
27222,addiction awareness and recovery,0.6253387928009033,"Mar 3, 2024, 5:14:12 PM PST",NEGATIVE,0.9836829304695129
27222,mental health experiences,0.6161562204360962,"Mar 3, 2024, 5:14:12 PM PST",NEGATIVE,0.9836829304695129
27222,work-life balance and burnout,0.4598821699619293,"Mar 3, 2024, 5:14:12 PM PST",NEGATIVE,0.9836829304695129
27222,trauma awareness and healing,0.44961807131767273,"Mar 3, 2024, 5:14:12 PM PST",NEGATIVE,0.9836829304695129
27222,self-care practices,0.3996429443359375,"Mar 3, 2024, 5:14:12 PM PST",NEGATIVE,0.9836829304695129
26816,self-improvement and personal growth,0.8737124800682068,Bol Mari Ambe,NEGATIVE,0.5149987936019897
26816,motivation and mental strength,0.8089757561683655,Bol Mari Ambe,NEGATIVE,0.5149987936019897
26816,self-care practices,0.7537559270858765,Bol Mari Ambe,NEGATIVE,0.5149987936019897
26816,addiction awareness and recovery,0.6233958005905151,Bol Mari Ambe,NEGATIVE,0.5149987936019897
26816,mental health experiences,0.5884295105934143,Bol Mari Ambe,NEGATIVE,0.5149987936019897
26816,mindfulness and mental wellness,0.5667923092842102,Bol Mari Ambe,NEGATIVE,0.5149987936019897
26816,trauma awareness and healing,0.5340737104415894,Bol Mari Ambe,NEGATIVE,0.5149987936019897
26816,emotional health discussion,0.38631609082221985,Bol Mari Ambe,NEGATIVE,0.5149987936019897
26816,work-life balance and burnout,0.36482274532318115,Bol Mari Ambe,NEGATIVE,0.5149987936019897
26816,therapy and mental health support,0.33593490719795227,Bol Mari Ambe,NEGATIVE,0.5149987936019897
26397,self-improvement and personal growth,0.7917459607124329,"Mar 13, 2024, 2:30:22 AM PST",NEGATIVE,0.9799054265022278
26397,motivation and mental strength,0.7874448895454407,"Mar 13, 2024, 2:30:22 AM PST",NEGATIVE,0.9799054265022278
26397,mindfulness and mental wellness,0.5191402435302734,"Mar 13, 2024, 2:30:22 AM PST",NEGATIVE,0.9799054265022278
26397,addiction awareness and recovery,0.4364854097366333,"Mar 13, 2024, 2:30:22 AM PST",NEGATIVE,0.9799054265022278
26397,mental health experiences,0.39487889409065247,"Mar 13, 2024, 2:30:22 AM PST",NEGATIVE,0.9799054265022278
26397,work-life balance and burnout,0.36634504795074463,"Mar 13, 2024, 2:30:22 AM PST",NEGATIVE,0.9799054265022278
26397,self-care practices,0.36563730239868164,"Mar 13, 2024, 2:30:22 AM PST",NEGATIVE,0.9799054265022278
26397,trauma awareness and healing,0.3023230731487274,"Mar 13, 2024, 2:30:22 AM PST",NEGATIVE,0.9799054265022278
26817,motivation and mental strength,0.8472376465797424,"Mar 9, 2024, 9:53:58 AM PST",POSITIVE,0.5878885388374329
26817,mindfulness and mental wellness,0.8457131385803223,"Mar 9, 2024, 9:53:58 AM PST",POSITIVE,0.5878885388374329
26817,self-care practices,0.8018720746040344,"Mar 9, 2024, 9:53:58 AM PST",POSITIVE,0.5878885388374329
26817,self-improvement and personal growth,0.7905559539794922,"Mar 9, 2024, 9:53:58 AM PST",POSITIVE,0.5878885388374329
26817,mental health experiences,0.7274662256240845,"Mar 9, 2024, 9:53:58 AM PST",POSITIVE,0.5878885388374329
26817,emotional health discussion,0.6144599914550781,"Mar 9, 2024, 9:53:58 AM PST",POSITIVE,0.5878885388374329
26817,sleep and mental wellness,0.5204375982284546,"Mar 9, 2024, 9:53:58 AM PST",POSITIVE,0.5878885388374329
26817,mental health education,0.5053500533103943,"Mar 9, 2024, 9:53:58 AM PST",POSITIVE,0.5878885388374329
26817,trauma awareness and healing,0.3807567358016968,"Mar 9, 2024, 9:53:58 AM PST",POSITIVE,0.5878885388374329
26817,therapy and mental health support,0.37238290905952454,"Mar 9, 2024, 9:53:58 AM PST",POSITIVE,0.5878885388374329
26817,addiction awareness and recovery,0.36650022864341736,"Mar 9, 2024, 9:53:58 AM PST",POSITIVE,0.5878885388374329
27223,motivation and mental strength,0.8990656137466431,"Mar 3, 2024, 4:44:38 PM PST",NEGATIVE,0.9176949262619019
27223,self-improvement and personal growth,0.8510186672210693,"Mar 3, 2024, 4:44:38 PM PST",NEGATIVE,0.9176949262619019
27223,mental health experiences,0.6638247966766357,"Mar 3, 2024, 4:44:38 PM PST",NEGATIVE,0.9176949262619019
27223,mindfulness and mental wellness,0.639306902885437,"Mar 3, 2024, 4:44:38 PM PST",NEGATIVE,0.9176949262619019
27223,emotional health discussion,0.4978272020816803,"Mar 3, 2024, 4:44:38 PM PST",NEGATIVE,0.9176949262619019
27223,addiction awareness and recovery,0.4641629159450531,"Mar 3, 2024, 4:44:38 PM PST",NEGATIVE,0.9176949262619019
27223,trauma awareness and healing,0.43421417474746704,"Mar 3, 2024, 4:44:38 PM PST",NEGATIVE,0.9176949262619019
27223,self-care practices,0.37084147334098816,"Mar 3, 2024, 4:44:38 PM PST",NEGATIVE,0.9176949262619019
27223,mental health education,0.34438836574554443,"Mar 3, 2024, 4:44:38 PM PST",NEGATIVE,0.9176949262619019
27223,therapy and mental health support,0.32079771161079407,"Mar 3, 2024, 4:44:38 PM PST",NEGATIVE,0.9176949262619019
26818,mindfulness and mental wellness,0.9850955009460449,"Mar 9, 2024, 9:48:39 AM PST",NEGATIVE,0.8462300300598145
26818,self-care practices,0.9353314638137817,"Mar 9, 2024, 9:48:39 AM PST",NEGATIVE,0.8462300300598145
26818,motivation and mental strength,0.9148408770561218,"Mar 9, 2024, 9:48:39 AM PST",NEGATIVE,0.8462300300598145
26818,self-improvement and personal growth,0.902215301990509,"Mar 9, 2024, 9:48:39 AM PST",NEGATIVE,0.8462300300598145
26818,sleep and mental wellness,0.8570022583007812,"Mar 9, 2024, 9:48:39 AM PST",NEGATIVE,0.8462300300598145
26818,mental health experiences,0.8436872959136963,"Mar 9, 2024, 9:48:39 AM PST",NEGATIVE,0.8462300300598145
26818,emotional health discussion,0.7626104354858398,"Mar 9, 2024, 9:48:39 AM PST",NEGATIVE,0.8462300300598145
26818,mental health education,0.722341001033783,"Mar 9, 2024, 9:48:39 AM PST",NEGATIVE,0.8462300300598145
26818,trauma awareness and healing,0.6544223427772522,"Mar 9, 2024, 9:48:39 AM PST",NEGATIVE,0.8462300300598145
26818,therapy and mental health support,0.6153653860092163,"Mar 9, 2024, 9:48:39 AM PST",NEGATIVE,0.8462300300598145
26818,addiction awareness and recovery,0.5518690943717957,"Mar 9, 2024, 9:48:39 AM PST",NEGATIVE,0.8462300300598145
26818,work-life balance and burnout,0.5245349407196045,"Mar 9, 2024, 9:48:39 AM PST",NEGATIVE,0.8462300300598145
26818,social anxiety and relationships,0.41675302386283875,"Mar 9, 2024, 9:48:39 AM PST",NEGATIVE,0.8462300300598145
26818,depression and emotional support,0.3709535300731659,"Mar 9, 2024, 9:48:39 AM PST",NEGATIVE,0.8462300300598145
26818,anxiety and stress management,0.3218729496002197,"Mar 9, 2024, 9:48:39 AM PST",NEGATIVE,0.8462300300598145
26398,self-improvement and personal growth,0.6945465803146362,"Mar 13, 2024, 2:29:40 AM PST",POSITIVE,0.9460073113441467
26398,motivation and mental strength,0.6856236457824707,"Mar 13, 2024, 2:29:40 AM PST",POSITIVE,0.9460073113441467
26398,mindfulness and mental wellness,0.4763962924480438,"Mar 13, 2024, 2:29:40 AM PST",POSITIVE,0.9460073113441467
26398,social anxiety and relationships,0.43570244312286377,"Mar 13, 2024, 2:29:40 AM PST",POSITIVE,0.9460073113441467
26398,mental health experiences,0.3981413245201111,"Mar 13, 2024, 2:29:40 AM PST",POSITIVE,0.9460073113441467
26398,self-care practices,0.370972603559494,"Mar 13, 2024, 2:29:40 AM PST",POSITIVE,0.9460073113441467
26398,work-life balance and burnout,0.3673441708087921,"Mar 13, 2024, 2:29:40 AM PST",POSITIVE,0.9460073113441467
26398,addiction awareness and recovery,0.35279151797294617,"Mar 13, 2024, 2:29:40 AM PST",POSITIVE,0.9460073113441467
27224,self-improvement and personal growth,0.8375580310821533,"Mar 3, 2024, 4:42:06 PM PST",NEGATIVE,0.9727221727371216
27224,motivation and mental strength,0.6443624496459961,"Mar 3, 2024, 4:42:06 PM PST",NEGATIVE,0.9727221727371216
27224,trauma awareness and healing,0.5349873900413513,"Mar 3, 2024, 4:42:06 PM PST",NEGATIVE,0.9727221727371216
27224,mental health experiences,0.5143132209777832,"Mar 3, 2024, 4:42:06 PM PST",NEGATIVE,0.9727221727371216
27224,addiction awareness and recovery,0.48007985949516296,"Mar 3, 2024, 4:42:06 PM PST",NEGATIVE,0.9727221727371216
27224,self-care practices,0.3036876618862152,"Mar 3, 2024, 4:42:06 PM PST",NEGATIVE,0.9727221727371216
26819,motivation and mental strength,0.9464966654777527,"Mar 9, 2024, 9:41:19 AM PST",POSITIVE,0.9806298613548279
26819,self-improvement and personal growth,0.9223437905311584,"Mar 9, 2024, 9:41:19 AM PST",POSITIVE,0.9806298613548279
26819,mindfulness and mental wellness,0.8944745063781738,"Mar 9, 2024, 9:41:19 AM PST",POSITIVE,0.9806298613548279
26819,mental health experiences,0.7742211818695068,"Mar 9, 2024, 9:41:19 AM PST",POSITIVE,0.9806298613548279
26819,trauma awareness and healing,0.681736409664154,"Mar 9, 2024, 9:41:19 AM PST",POSITIVE,0.9806298613548279
26819,self-care practices,0.6787114143371582,"Mar 9, 2024, 9:41:19 AM PST",POSITIVE,0.9806298613548279
26819,therapy and mental health support,0.6214975118637085,"Mar 9, 2024, 9:41:19 AM PST",POSITIVE,0.9806298613548279
26819,addiction awareness and recovery,0.6081421971321106,"Mar 9, 2024, 9:41:19 AM PST",POSITIVE,0.9806298613548279
26819,mental health education,0.5245636701583862,"Mar 9, 2024, 9:41:19 AM PST",POSITIVE,0.9806298613548279
26819,depression and emotional support,0.38535842299461365,"Mar 9, 2024, 9:41:19 AM PST",POSITIVE,0.9806298613548279
26819,emotional health discussion,0.34607741236686707,"Mar 9, 2024, 9:41:19 AM PST",POSITIVE,0.9806298613548279
26819,work-life balance and burnout,0.30308493971824646,"Mar 9, 2024, 9:41:19 AM PST",POSITIVE,0.9806298613548279
26399,motivation and mental strength,0.9075669050216675,"Mar 13, 2024, 2:28:15 AM PST",POSITIVE,0.9873964190483093
26399,self-improvement and personal growth,0.8283277153968811,"Mar 13, 2024, 2:28:15 AM PST",POSITIVE,0.9873964190483093
26399,mindfulness and mental wellness,0.6103301048278809,"Mar 13, 2024, 2:28:15 AM PST",POSITIVE,0.9873964190483093
26399,mental health experiences,0.5252007842063904,"Mar 13, 2024, 2:28:15 AM PST",POSITIVE,0.9873964190483093
26399,work-life balance and burnout,0.45819592475891113,"Mar 13, 2024, 2:28:15 AM PST",POSITIVE,0.9873964190483093
26399,self-care practices,0.4163497984409332,"Mar 13, 2024, 2:28:15 AM PST",POSITIVE,0.9873964190483093
26399,addiction awareness and recovery,0.40558210015296936,"Mar 13, 2024, 2:28:15 AM PST",POSITIVE,0.9873964190483093
26399,anxiety and stress management,0.34534627199172974,"Mar 13, 2024, 2:28:15 AM PST",POSITIVE,0.9873964190483093
26399,trauma awareness and healing,0.3332008123397827,"Mar 13, 2024, 2:28:15 AM PST",POSITIVE,0.9873964190483093
27225,self-improvement and personal growth,0.8911367058753967,"Mar 3, 2024, 4:34:05 PM PST",POSITIVE,0.99021977186203
27225,motivation and mental strength,0.8478888273239136,"Mar 3, 2024, 4:34:05 PM PST",POSITIVE,0.99021977186203
27225,mental health experiences,0.8246106505393982,"Mar 3, 2024, 4:34:05 PM PST",POSITIVE,0.99021977186203
27225,self-care practices,0.7773615717887878,"Mar 3, 2024, 4:34:05 PM PST",POSITIVE,0.99021977186203
27225,mindfulness and mental wellness,0.7730579972267151,"Mar 3, 2024, 4:34:05 PM PST",POSITIVE,0.99021977186203
27225,therapy and mental health support,0.6904021501541138,"Mar 3, 2024, 4:34:05 PM PST",POSITIVE,0.99021977186203
27225,addiction awareness and recovery,0.6863341331481934,"Mar 3, 2024, 4:34:05 PM PST",POSITIVE,0.99021977186203
27225,mental health education,0.645987331867218,"Mar 3, 2024, 4:34:05 PM PST",POSITIVE,0.99021977186203
27225,emotional health discussion,0.5652230381965637,"Mar 3, 2024, 4:34:05 PM PST",POSITIVE,0.99021977186203
27225,work-life balance and burnout,0.5546517372131348,"Mar 3, 2024, 4:34:05 PM PST",POSITIVE,0.99021977186203
27225,trauma awareness and healing,0.5203651189804077,"Mar 3, 2024, 4:34:05 PM PST",POSITIVE,0.99021977186203
27225,sleep and mental wellness,0.341126948595047,"Mar 3, 2024, 4:34:05 PM PST",POSITIVE,0.99021977186203
27225,depression and emotional support,0.33545607328414917,"Mar 3, 2024, 4:34:05 PM PST",POSITIVE,0.99021977186203
27225,anxiety and stress management,0.3211645185947418,"Mar 3, 2024, 4:34:05 PM PST",POSITIVE,0.99021977186203
27225,social anxiety and relationships,0.30854955315589905,"Mar 3, 2024, 4:34:05 PM PST",POSITIVE,0.99021977186203
26820,motivation and mental strength,0.8732182383537292,"Mar 9, 2024, 9:41:15 AM PST",NEGATIVE,0.9420792460441589
26820,self-improvement and personal growth,0.8591699600219727,"Mar 9, 2024, 9:41:15 AM PST",NEGATIVE,0.9420792460441589
26820,mindfulness and mental wellness,0.7638014554977417,"Mar 9, 2024, 9:41:15 AM PST",NEGATIVE,0.9420792460441589
26820,mental health experiences,0.733619749546051,"Mar 9, 2024, 9:41:15 AM PST",NEGATIVE,0.9420792460441589
26820,self-care practices,0.728227972984314,"Mar 9, 2024, 9:41:15 AM PST",NEGATIVE,0.9420792460441589
26820,work-life balance and burnout,0.5610923767089844,"Mar 9, 2024, 9:41:15 AM PST",NEGATIVE,0.9420792460441589
26820,mental health education,0.5555813908576965,"Mar 9, 2024, 9:41:15 AM PST",NEGATIVE,0.9420792460441589
26820,trauma awareness and healing,0.5501464605331421,"Mar 9, 2024, 9:41:15 AM PST",NEGATIVE,0.9420792460441589
26820,sleep and mental wellness,0.5324031710624695,"Mar 9, 2024, 9:41:15 AM PST",NEGATIVE,0.9420792460441589
26820,addiction awareness and recovery,0.5319514870643616,"Mar 9, 2024, 9:41:15 AM PST",NEGATIVE,0.9420792460441589
26820,emotional health discussion,0.524501621723175,"Mar 9, 2024, 9:41:15 AM PST",NEGATIVE,0.9420792460441589
26820,therapy and mental health support,0.47442999482154846,"Mar 9, 2024, 9:41:15 AM PST",NEGATIVE,0.9420792460441589
26820,social anxiety and relationships,0.37588074803352356,"Mar 9, 2024, 9:41:15 AM PST",NEGATIVE,0.9420792460441589
26820,depression and emotional support,0.3095305860042572,"Mar 9, 2024, 9:41:15 AM PST",NEGATIVE,0.9420792460441589
27226,self-improvement and personal growth,0.8852472305297852,"Mar 3, 2024, 4:34:04 PM PST",NEGATIVE,0.8351719975471497
27226,motivation and mental strength,0.8472273349761963,"Mar 3, 2024, 4:34:04 PM PST",NEGATIVE,0.8351719975471497
27226,mindfulness and mental wellness,0.8179348707199097,"Mar 3, 2024, 4:34:04 PM PST",NEGATIVE,0.8351719975471497
27226,mental health experiences,0.7366942763328552,"Mar 3, 2024, 4:34:04 PM PST",NEGATIVE,0.8351719975471497
27226,self-care practices,0.7346685528755188,"Mar 3, 2024, 4:34:04 PM PST",NEGATIVE,0.8351719975471497
27226,mental health education,0.5891872644424438,"Mar 3, 2024, 4:34:04 PM PST",NEGATIVE,0.8351719975471497
27226,addiction awareness and recovery,0.5647376775741577,"Mar 3, 2024, 4:34:04 PM PST",NEGATIVE,0.8351719975471497
27226,emotional health discussion,0.5637585520744324,"Mar 3, 2024, 4:34:04 PM PST",NEGATIVE,0.8351719975471497
27226,work-life balance and burnout,0.5627409219741821,"Mar 3, 2024, 4:34:04 PM PST",NEGATIVE,0.8351719975471497
27226,therapy and mental health support,0.49527159333229065,"Mar 3, 2024, 4:34:04 PM PST",NEGATIVE,0.8351719975471497
27226,trauma awareness and healing,0.45255976915359497,"Mar 3, 2024, 4:34:04 PM PST",NEGATIVE,0.8351719975471497
27226,sleep and mental wellness,0.39186906814575195,"Mar 3, 2024, 4:34:04 PM PST",NEGATIVE,0.8351719975471497
27226,social anxiety and relationships,0.34785163402557373,"Mar 3, 2024, 4:34:04 PM PST",NEGATIVE,0.8351719975471497
27227,self-improvement and personal growth,0.8599609732627869,"Mar 3, 2024, 4:34:02 PM PST",NEGATIVE,0.8682019710540771
27227,motivation and mental strength,0.8372407555580139,"Mar 3, 2024, 4:34:02 PM PST",NEGATIVE,0.8682019710540771
27227,mental health experiences,0.6568611860275269,"Mar 3, 2024, 4:34:02 PM PST",NEGATIVE,0.8682019710540771
27227,mindfulness and mental wellness,0.6013964414596558,"Mar 3, 2024, 4:34:02 PM PST",NEGATIVE,0.8682019710540771
27227,self-care practices,0.5828592777252197,"Mar 3, 2024, 4:34:02 PM PST",NEGATIVE,0.8682019710540771
27227,social anxiety and relationships,0.3748478591442108,"Mar 3, 2024, 4:34:02 PM PST",NEGATIVE,0.8682019710540771
27227,addiction awareness and recovery,0.3470204472541809,"Mar 3, 2024, 4:34:02 PM PST",NEGATIVE,0.8682019710540771
27227,work-life balance and burnout,0.31788286566734314,"Mar 3, 2024, 4:34:02 PM PST",NEGATIVE,0.8682019710540771
26821,self-improvement and personal growth,0.7043951153755188,"Mar 9, 2024, 7:04:39 AM PST",NEGATIVE,0.9048018455505371
26821,self-care practices,0.35266226530075073,"Mar 9, 2024, 7:04:39 AM PST",NEGATIVE,0.9048018455505371
26821,mindfulness and mental wellness,0.3346914052963257,"Mar 9, 2024, 7:04:39 AM PST",NEGATIVE,0.9048018455505371
27228,self-improvement and personal growth,0.882023811340332,"Mar 3, 2024, 4:34:01 PM PST",NEGATIVE,0.88443523645401
27228,motivation and mental strength,0.8579767942428589,"Mar 3, 2024, 4:34:01 PM PST",NEGATIVE,0.88443523645401
27228,mindfulness and mental wellness,0.7767958045005798,"Mar 3, 2024, 4:34:01 PM PST",NEGATIVE,0.88443523645401
27228,self-care practices,0.66033536195755,"Mar 3, 2024, 4:34:01 PM PST",NEGATIVE,0.88443523645401
27228,mental health experiences,0.6500386595726013,"Mar 3, 2024, 4:34:01 PM PST",NEGATIVE,0.88443523645401
27228,addiction awareness and recovery,0.5042802095413208,"Mar 3, 2024, 4:34:01 PM PST",NEGATIVE,0.88443523645401
27228,therapy and mental health support,0.4060606062412262,"Mar 3, 2024, 4:34:01 PM PST",NEGATIVE,0.88443523645401
27228,trauma awareness and healing,0.36706894636154175,"Mar 3, 2024, 4:34:01 PM PST",NEGATIVE,0.88443523645401
27228,sleep and mental wellness,0.351269394159317,"Mar 3, 2024, 4:34:01 PM PST",NEGATIVE,0.88443523645401
27228,mental health education,0.336448073387146,"Mar 3, 2024, 4:34:01 PM PST",NEGATIVE,0.88443523645401
26822,self-improvement and personal growth,0.8744463324546814,"Mar 9, 2024, 3:25:53 AM PST",NEGATIVE,0.9788302183151245
26822,motivation and mental strength,0.8303069472312927,"Mar 9, 2024, 3:25:53 AM PST",NEGATIVE,0.9788302183151245
26822,mental health experiences,0.494627445936203,"Mar 9, 2024, 3:25:53 AM PST",NEGATIVE,0.9788302183151245
26401,self-improvement and personal growth,0.618375837802887,"Mar 13, 2024, 2:23:09 AM PST",NEGATIVE,0.9124212265014648
27229,self-improvement and personal growth,0.9220542907714844,Marham (Pehle Bhi Main),NEGATIVE,0.9141127467155457
27229,motivation and mental strength,0.9188982248306274,Marham (Pehle Bhi Main),NEGATIVE,0.9141127467155457
27229,mindfulness and mental wellness,0.9101257920265198,Marham (Pehle Bhi Main),NEGATIVE,0.9141127467155457
27229,mental health experiences,0.8515810370445251,Marham (Pehle Bhi Main),NEGATIVE,0.9141127467155457
27229,self-care practices,0.8028568625450134,Marham (Pehle Bhi Main),NEGATIVE,0.9141127467155457
27229,addiction awareness and recovery,0.7528034448623657,Marham (Pehle Bhi Main),NEGATIVE,0.9141127467155457
27229,emotional health discussion,0.7422483563423157,Marham (Pehle Bhi Main),NEGATIVE,0.9141127467155457
27229,mental health education,0.7024788856506348,Marham (Pehle Bhi Main),NEGATIVE,0.9141127467155457
27229,trauma awareness and healing,0.6789808869361877,Marham (Pehle Bhi Main),NEGATIVE,0.9141127467155457
27229,therapy and mental health support,0.6174586415290833,Marham (Pehle Bhi Main),NEGATIVE,0.9141127467155457
27229,work-life balance and burnout,0.5217528939247131,Marham (Pehle Bhi Main),NEGATIVE,0.9141127467155457
27229,sleep and mental wellness,0.5077751278877258,Marham (Pehle Bhi Main),NEGATIVE,0.9141127467155457
27229,social anxiety and relationships,0.4748300313949585,Marham (Pehle Bhi Main),NEGATIVE,0.9141127467155457
27229,depression and emotional support,0.42702022194862366,Marham (Pehle Bhi Main),NEGATIVE,0.9141127467155457
27229,anxiety and stress management,0.3382607698440552,Marham (Pehle Bhi Main),NEGATIVE,0.9141127467155457
26823,motivation and mental strength,0.9464677572250366,"Mar 9, 2024, 3:21:41 AM PST",NEGATIVE,0.8274638652801514
26823,mindfulness and mental wellness,0.839881420135498,"Mar 9, 2024, 3:21:41 AM PST",NEGATIVE,0.8274638652801514
26823,self-improvement and personal growth,0.8374682664871216,"Mar 9, 2024, 3:21:41 AM PST",NEGATIVE,0.8274638652801514
26823,sleep and mental wellness,0.5486624240875244,"Mar 9, 2024, 3:21:41 AM PST",NEGATIVE,0.8274638652801514
26823,mental health experiences,0.5197718143463135,"Mar 9, 2024, 3:21:41 AM PST",NEGATIVE,0.8274638652801514
26823,addiction awareness and recovery,0.3780013620853424,"Mar 9, 2024, 3:21:41 AM PST",NEGATIVE,0.8274638652801514
26823,self-care practices,0.35154837369918823,"Mar 9, 2024, 3:21:41 AM PST",NEGATIVE,0.8274638652801514
26823,trauma awareness and healing,0.301146537065506,"Mar 9, 2024, 3:21:41 AM PST",NEGATIVE,0.8274638652801514
27230,self-improvement and personal growth,0.9014198780059814,"Mar 3, 2024, 4:26:45 PM PST",NEGATIVE,0.7105908989906311
27230,motivation and mental strength,0.8708903789520264,"Mar 3, 2024, 4:26:45 PM PST",NEGATIVE,0.7105908989906311
27230,mindfulness and mental wellness,0.8290708661079407,"Mar 3, 2024, 4:26:45 PM PST",NEGATIVE,0.7105908989906311
27230,mental health experiences,0.8000730276107788,"Mar 3, 2024, 4:26:45 PM PST",NEGATIVE,0.7105908989906311
27230,self-care practices,0.7455698847770691,"Mar 3, 2024, 4:26:45 PM PST",NEGATIVE,0.7105908989906311
27230,mental health education,0.6702992916107178,"Mar 3, 2024, 4:26:45 PM PST",NEGATIVE,0.7105908989906311
27230,addiction awareness and recovery,0.6674171090126038,"Mar 3, 2024, 4:26:45 PM PST",NEGATIVE,0.7105908989906311
27230,emotional health discussion,0.6364841461181641,"Mar 3, 2024, 4:26:45 PM PST",NEGATIVE,0.7105908989906311
27230,trauma awareness and healing,0.6248961687088013,"Mar 3, 2024, 4:26:45 PM PST",NEGATIVE,0.7105908989906311
27230,therapy and mental health support,0.602146327495575,"Mar 3, 2024, 4:26:45 PM PST",NEGATIVE,0.7105908989906311
27230,work-life balance and burnout,0.5135631561279297,"Mar 3, 2024, 4:26:45 PM PST",NEGATIVE,0.7105908989906311
27230,sleep and mental wellness,0.4690621495246887,"Mar 3, 2024, 4:26:45 PM PST",NEGATIVE,0.7105908989906311
27230,social anxiety and relationships,0.3759448826313019,"Mar 3, 2024, 4:26:45 PM PST",NEGATIVE,0.7105908989906311
27230,depression and emotional support,0.3527073860168457,"Mar 3, 2024, 4:26:45 PM PST",NEGATIVE,0.7105908989906311
26402,motivation and mental strength,0.826585590839386,"Mar 13, 2024, 2:17:39 AM PST",POSITIVE,0.996465802192688
26402,self-improvement and personal growth,0.6690029501914978,"Mar 13, 2024, 2:17:39 AM PST",POSITIVE,0.996465802192688
26402,mental health experiences,0.44255995750427246,"Mar 13, 2024, 2:17:39 AM PST",POSITIVE,0.996465802192688
26402,addiction awareness and recovery,0.3967655301094055,"Mar 13, 2024, 2:17:39 AM PST",POSITIVE,0.996465802192688
27231,self-improvement and personal growth,0.9118117690086365,"Mar 3, 2024, 4:26:44 PM PST",POSITIVE,0.9185424447059631
27231,motivation and mental strength,0.8880161643028259,"Mar 3, 2024, 4:26:44 PM PST",POSITIVE,0.9185424447059631
27231,mindfulness and mental wellness,0.8872594237327576,"Mar 3, 2024, 4:26:44 PM PST",POSITIVE,0.9185424447059631
27231,mental health experiences,0.8689932823181152,"Mar 3, 2024, 4:26:44 PM PST",POSITIVE,0.9185424447059631
27231,self-care practices,0.8007190227508545,"Mar 3, 2024, 4:26:44 PM PST",POSITIVE,0.9185424447059631
27231,mental health education,0.7080332636833191,"Mar 3, 2024, 4:26:44 PM PST",POSITIVE,0.9185424447059631
27231,addiction awareness and recovery,0.6671015024185181,"Mar 3, 2024, 4:26:44 PM PST",POSITIVE,0.9185424447059631
27231,therapy and mental health support,0.6661836504936218,"Mar 3, 2024, 4:26:44 PM PST",POSITIVE,0.9185424447059631
27231,emotional health discussion,0.5931234359741211,"Mar 3, 2024, 4:26:44 PM PST",POSITIVE,0.9185424447059631
27231,trauma awareness and healing,0.5413837432861328,"Mar 3, 2024, 4:26:44 PM PST",POSITIVE,0.9185424447059631
27231,work-life balance and burnout,0.5206972360610962,"Mar 3, 2024, 4:26:44 PM PST",POSITIVE,0.9185424447059631
27231,sleep and mental wellness,0.42333993315696716,"Mar 3, 2024, 4:26:44 PM PST",POSITIVE,0.9185424447059631
27231,social anxiety and relationships,0.32580292224884033,"Mar 3, 2024, 4:26:44 PM PST",POSITIVE,0.9185424447059631
27231,anxiety and stress management,0.30293357372283936,"Mar 3, 2024, 4:26:44 PM PST",POSITIVE,0.9185424447059631
26824,self-improvement and personal growth,0.48796942830085754,"Mar 9, 2024, 3:12:12 AM PST",POSITIVE,0.9363340139389038
26403,emotional health discussion,0.9299651980400085,"Mar 13, 2024, 2:13:21 AM PST",POSITIVE,0.9452899694442749
26403,work-life balance and burnout,0.9299339056015015,"Mar 13, 2024, 2:13:21 AM PST",POSITIVE,0.9452899694442749
26403,self-improvement and personal growth,0.9282935261726379,"Mar 13, 2024, 2:13:21 AM PST",POSITIVE,0.9452899694442749
26403,self-care practices,0.9202427864074707,"Mar 13, 2024, 2:13:21 AM PST",POSITIVE,0.9452899694442749
26403,motivation and mental strength,0.9164412617683411,"Mar 13, 2024, 2:13:21 AM PST",POSITIVE,0.9452899694442749
26403,mental health experiences,0.9160884022712708,"Mar 13, 2024, 2:13:21 AM PST",POSITIVE,0.9452899694442749
26403,social anxiety and relationships,0.906101405620575,"Mar 13, 2024, 2:13:21 AM PST",POSITIVE,0.9452899694442749
26403,mindfulness and mental wellness,0.9000393152236938,"Mar 13, 2024, 2:13:21 AM PST",POSITIVE,0.9452899694442749
26403,addiction awareness and recovery,0.8622213006019592,"Mar 13, 2024, 2:13:21 AM PST",POSITIVE,0.9452899694442749
26403,mental health education,0.8618202805519104,"Mar 13, 2024, 2:13:21 AM PST",POSITIVE,0.9452899694442749
26403,trauma awareness and healing,0.8508382439613342,"Mar 13, 2024, 2:13:21 AM PST",POSITIVE,0.9452899694442749
26403,therapy and mental health support,0.7283853888511658,"Mar 13, 2024, 2:13:21 AM PST",POSITIVE,0.9452899694442749
26403,anxiety and stress management,0.6662268042564392,"Mar 13, 2024, 2:13:21 AM PST",POSITIVE,0.9452899694442749
26403,depression and emotional support,0.6501762866973877,"Mar 13, 2024, 2:13:21 AM PST",POSITIVE,0.9452899694442749
26403,sleep and mental wellness,0.5336286425590515,"Mar 13, 2024, 2:13:21 AM PST",POSITIVE,0.9452899694442749
27232,self-improvement and personal growth,0.9147866368293762,"Mar 3, 2024, 4:25:33 PM PST",NEGATIVE,0.9968048334121704
27232,motivation and mental strength,0.9107279181480408,"Mar 3, 2024, 4:25:33 PM PST",NEGATIVE,0.9968048334121704
27232,mindfulness and mental wellness,0.8949865698814392,"Mar 3, 2024, 4:25:33 PM PST",NEGATIVE,0.9968048334121704
27232,mental health experiences,0.8119529485702515,"Mar 3, 2024, 4:25:33 PM PST",NEGATIVE,0.9968048334121704
27232,self-care practices,0.8074225187301636,"Mar 3, 2024, 4:25:33 PM PST",NEGATIVE,0.9968048334121704
27232,sleep and mental wellness,0.7523621320724487,"Mar 3, 2024, 4:25:33 PM PST",NEGATIVE,0.9968048334121704
27232,mental health education,0.7471311092376709,"Mar 3, 2024, 4:25:33 PM PST",NEGATIVE,0.9968048334121704
27232,addiction awareness and recovery,0.6961405873298645,"Mar 3, 2024, 4:25:33 PM PST",NEGATIVE,0.9968048334121704
27232,therapy and mental health support,0.6506137251853943,"Mar 3, 2024, 4:25:33 PM PST",NEGATIVE,0.9968048334121704
27232,work-life balance and burnout,0.6471130847930908,"Mar 3, 2024, 4:25:33 PM PST",NEGATIVE,0.9968048334121704
27232,emotional health discussion,0.6210940480232239,"Mar 3, 2024, 4:25:33 PM PST",NEGATIVE,0.9968048334121704
27232,trauma awareness and healing,0.6058993935585022,"Mar 3, 2024, 4:25:33 PM PST",NEGATIVE,0.9968048334121704
27232,depression and emotional support,0.5582374930381775,"Mar 3, 2024, 4:25:33 PM PST",NEGATIVE,0.9968048334121704
27232,social anxiety and relationships,0.5559177398681641,"Mar 3, 2024, 4:25:33 PM PST",NEGATIVE,0.9968048334121704
27232,anxiety and stress management,0.34970563650131226,"Mar 3, 2024, 4:25:33 PM PST",NEGATIVE,0.9968048334121704
26404,motivation and mental strength,0.349619060754776,"Mar 13, 2024, 2:09:01 AM PST",POSITIVE,0.9941864013671875
27233,motivation and mental strength,0.9771184325218201,"Mar 3, 2024, 4:22:04 PM PST",NEGATIVE,0.98454350233078
27233,self-improvement and personal growth,0.959913432598114,"Mar 3, 2024, 4:22:04 PM PST",NEGATIVE,0.98454350233078
27233,mindfulness and mental wellness,0.9596036076545715,"Mar 3, 2024, 4:22:04 PM PST",NEGATIVE,0.98454350233078
27233,mental health experiences,0.9566890597343445,"Mar 3, 2024, 4:22:04 PM PST",NEGATIVE,0.98454350233078
27233,self-care practices,0.9365224838256836,"Mar 3, 2024, 4:22:04 PM PST",NEGATIVE,0.98454350233078
27233,emotional health discussion,0.9230266809463501,"Mar 3, 2024, 4:22:04 PM PST",NEGATIVE,0.98454350233078
27233,addiction awareness and recovery,0.8977476358413696,"Mar 3, 2024, 4:22:04 PM PST",NEGATIVE,0.98454350233078
27233,mental health education,0.8862676024436951,"Mar 3, 2024, 4:22:04 PM PST",NEGATIVE,0.98454350233078
27233,therapy and mental health support,0.885016679763794,"Mar 3, 2024, 4:22:04 PM PST",NEGATIVE,0.98454350233078
27233,trauma awareness and healing,0.8783408999443054,"Mar 3, 2024, 4:22:04 PM PST",NEGATIVE,0.98454350233078
27233,sleep and mental wellness,0.8503479957580566,"Mar 3, 2024, 4:22:04 PM PST",NEGATIVE,0.98454350233078
27233,depression and emotional support,0.8006939888000488,"Mar 3, 2024, 4:22:04 PM PST",NEGATIVE,0.98454350233078
27233,social anxiety and relationships,0.6739076375961304,"Mar 3, 2024, 4:22:04 PM PST",NEGATIVE,0.98454350233078
27233,anxiety and stress management,0.6602195501327515,"Mar 3, 2024, 4:22:04 PM PST",NEGATIVE,0.98454350233078
27233,work-life balance and burnout,0.6470998525619507,"Mar 3, 2024, 4:22:04 PM PST",NEGATIVE,0.98454350233078
26825,self-improvement and personal growth,0.6819683313369751,"Mar 9, 2024, 3:08:47 AM PST",POSITIVE,0.8422959446907043
26825,motivation and mental strength,0.6112806797027588,"Mar 9, 2024, 3:08:47 AM PST",POSITIVE,0.8422959446907043
26825,mental health experiences,0.5186007022857666,"Mar 9, 2024, 3:08:47 AM PST",POSITIVE,0.8422959446907043
26825,social anxiety and relationships,0.48658326268196106,"Mar 9, 2024, 3:08:47 AM PST",POSITIVE,0.8422959446907043
26825,mindfulness and mental wellness,0.3748261034488678,"Mar 9, 2024, 3:08:47 AM PST",POSITIVE,0.8422959446907043
27234,mental health experiences,0.869985044002533,"Mar 3, 2024, 4:18:48 PM PST",NEGATIVE,0.916412353515625
27234,self-improvement and personal growth,0.8498879075050354,"Mar 3, 2024, 4:18:48 PM PST",NEGATIVE,0.916412353515625
27234,motivation and mental strength,0.805363655090332,"Mar 3, 2024, 4:18:48 PM PST",NEGATIVE,0.916412353515625
27234,mindfulness and mental wellness,0.7624353766441345,"Mar 3, 2024, 4:18:48 PM PST",NEGATIVE,0.916412353515625
27234,self-care practices,0.7030074596405029,"Mar 3, 2024, 4:18:48 PM PST",NEGATIVE,0.916412353515625
27234,mental health education,0.6688995361328125,"Mar 3, 2024, 4:18:48 PM PST",NEGATIVE,0.916412353515625
27234,addiction awareness and recovery,0.6096869707107544,"Mar 3, 2024, 4:18:48 PM PST",NEGATIVE,0.916412353515625
27234,emotional health discussion,0.5681203007698059,"Mar 3, 2024, 4:18:48 PM PST",NEGATIVE,0.916412353515625
27234,sleep and mental wellness,0.5349104404449463,"Mar 3, 2024, 4:18:48 PM PST",NEGATIVE,0.916412353515625
27234,therapy and mental health support,0.48390889167785645,"Mar 3, 2024, 4:18:48 PM PST",NEGATIVE,0.916412353515625
27234,trauma awareness and healing,0.4620656371116638,"Mar 3, 2024, 4:18:48 PM PST",NEGATIVE,0.916412353515625
27234,work-life balance and burnout,0.338205486536026,"Mar 3, 2024, 4:18:48 PM PST",NEGATIVE,0.916412353515625
26826,self-improvement and personal growth,0.812991738319397,"Mar 9, 2024, 3:02:41 AM PST",POSITIVE,0.9938799142837524
26826,motivation and mental strength,0.6733852028846741,"Mar 9, 2024, 3:02:41 AM PST",POSITIVE,0.9938799142837524
26826,addiction awareness and recovery,0.6256377696990967,"Mar 9, 2024, 3:02:41 AM PST",POSITIVE,0.9938799142837524
26826,mental health experiences,0.5439342260360718,"Mar 9, 2024, 3:02:41 AM PST",POSITIVE,0.9938799142837524
26826,mindfulness and mental wellness,0.5005114078521729,"Mar 9, 2024, 3:02:41 AM PST",POSITIVE,0.9938799142837524
26826,self-care practices,0.34804263710975647,"Mar 9, 2024, 3:02:41 AM PST",POSITIVE,0.9938799142837524
26405,self-improvement and personal growth,0.35031116008758545,"Mar 13, 2024, 2:05:20 AM PST",POSITIVE,0.9936569333076477
27235,self-improvement and personal growth,0.9219082593917847,"Mar 3, 2024, 4:15:03 PM PST",POSITIVE,0.9000903367996216
27235,motivation and mental strength,0.8934454917907715,"Mar 3, 2024, 4:15:03 PM PST",POSITIVE,0.9000903367996216
27235,mindfulness and mental wellness,0.8703778982162476,"Mar 3, 2024, 4:15:03 PM PST",POSITIVE,0.9000903367996216
27235,mental health experiences,0.8260672092437744,"Mar 3, 2024, 4:15:03 PM PST",POSITIVE,0.9000903367996216
27235,self-care practices,0.7982029318809509,"Mar 3, 2024, 4:15:03 PM PST",POSITIVE,0.9000903367996216
27235,mental health education,0.7774524092674255,"Mar 3, 2024, 4:15:03 PM PST",POSITIVE,0.9000903367996216
27235,emotional health discussion,0.742559015750885,"Mar 3, 2024, 4:15:03 PM PST",POSITIVE,0.9000903367996216
27235,sleep and mental wellness,0.7270039916038513,"Mar 3, 2024, 4:15:03 PM PST",POSITIVE,0.9000903367996216
27235,addiction awareness and recovery,0.664042592048645,"Mar 3, 2024, 4:15:03 PM PST",POSITIVE,0.9000903367996216
27235,work-life balance and burnout,0.5451075434684753,"Mar 3, 2024, 4:15:03 PM PST",POSITIVE,0.9000903367996216
27235,trauma awareness and healing,0.5368447303771973,"Mar 3, 2024, 4:15:03 PM PST",POSITIVE,0.9000903367996216
27235,therapy and mental health support,0.5303816199302673,"Mar 3, 2024, 4:15:03 PM PST",POSITIVE,0.9000903367996216
27235,anxiety and stress management,0.3078431487083435,"Mar 3, 2024, 4:15:03 PM PST",POSITIVE,0.9000903367996216
26827,self-improvement and personal growth,0.9191965460777283,"Mar 9, 2024, 3:00:05 AM PST",POSITIVE,0.9988898634910583
26827,motivation and mental strength,0.9074363708496094,"Mar 9, 2024, 3:00:05 AM PST",POSITIVE,0.9988898634910583
26827,mindfulness and mental wellness,0.648495078086853,"Mar 9, 2024, 3:00:05 AM PST",POSITIVE,0.9988898634910583
26827,self-care practices,0.5827581882476807,"Mar 9, 2024, 3:00:05 AM PST",POSITIVE,0.9988898634910583
26827,mental health experiences,0.5775260329246521,"Mar 9, 2024, 3:00:05 AM PST",POSITIVE,0.9988898634910583
26827,addiction awareness and recovery,0.37621793150901794,"Mar 9, 2024, 3:00:05 AM PST",POSITIVE,0.9988898634910583
26827,social anxiety and relationships,0.3005598187446594,"Mar 9, 2024, 3:00:05 AM PST",POSITIVE,0.9988898634910583
26406,mindfulness and mental wellness,0.9505465030670166,"Mar 13, 2024, 2:02:36 AM PST",POSITIVE,0.8624836206436157
26406,motivation and mental strength,0.939424455165863,"Mar 13, 2024, 2:02:36 AM PST",POSITIVE,0.8624836206436157
26406,self-improvement and personal growth,0.8666756749153137,"Mar 13, 2024, 2:02:36 AM PST",POSITIVE,0.8624836206436157
26406,sleep and mental wellness,0.8024659752845764,"Mar 13, 2024, 2:02:36 AM PST",POSITIVE,0.8624836206436157
26406,addiction awareness and recovery,0.6501777768135071,"Mar 13, 2024, 2:02:36 AM PST",POSITIVE,0.8624836206436157
26406,mental health experiences,0.6443718075752258,"Mar 13, 2024, 2:02:36 AM PST",POSITIVE,0.8624836206436157
26406,trauma awareness and healing,0.5863822102546692,"Mar 13, 2024, 2:02:36 AM PST",POSITIVE,0.8624836206436157
26406,self-care practices,0.5146719217300415,"Mar 13, 2024, 2:02:36 AM PST",POSITIVE,0.8624836206436157
26406,anxiety and stress management,0.32514023780822754,"Mar 13, 2024, 2:02:36 AM PST",POSITIVE,0.8624836206436157
26406,mental health education,0.31432050466537476,"Mar 13, 2024, 2:02:36 AM PST",POSITIVE,0.8624836206436157
27236,motivation and mental strength,0.9134426116943359,"Mar 3, 2024, 4:11:20 PM PST",POSITIVE,0.9983530044555664
27236,self-improvement and personal growth,0.9126875400543213,"Mar 3, 2024, 4:11:20 PM PST",POSITIVE,0.9983530044555664
27236,mindfulness and mental wellness,0.8327916264533997,"Mar 3, 2024, 4:11:20 PM PST",POSITIVE,0.9983530044555664
27236,mental health experiences,0.8304704427719116,"Mar 3, 2024, 4:11:20 PM PST",POSITIVE,0.9983530044555664
27236,self-care practices,0.8294500708580017,"Mar 3, 2024, 4:11:20 PM PST",POSITIVE,0.9983530044555664
27236,addiction awareness and recovery,0.6845783591270447,"Mar 3, 2024, 4:11:20 PM PST",POSITIVE,0.9983530044555664
27236,therapy and mental health support,0.6795749664306641,"Mar 3, 2024, 4:11:20 PM PST",POSITIVE,0.9983530044555664
27236,mental health education,0.6401007771492004,"Mar 3, 2024, 4:11:20 PM PST",POSITIVE,0.9983530044555664
27236,trauma awareness and healing,0.6373993158340454,"Mar 3, 2024, 4:11:20 PM PST",POSITIVE,0.9983530044555664
27236,emotional health discussion,0.5777608752250671,"Mar 3, 2024, 4:11:20 PM PST",POSITIVE,0.9983530044555664
27236,sleep and mental wellness,0.465524286031723,"Mar 3, 2024, 4:11:20 PM PST",POSITIVE,0.9983530044555664
27236,work-life balance and burnout,0.4640020430088043,"Mar 3, 2024, 4:11:20 PM PST",POSITIVE,0.9983530044555664
27236,depression and emotional support,0.36872944235801697,"Mar 3, 2024, 4:11:20 PM PST",POSITIVE,0.9983530044555664
27236,anxiety and stress management,0.3015288710594177,"Mar 3, 2024, 4:11:20 PM PST",POSITIVE,0.9983530044555664
27237,self-improvement and personal growth,0.9112107753753662,"Mar 3, 2024, 4:08:05 PM PST",POSITIVE,0.9265515804290771
27237,motivation and mental strength,0.8727679252624512,"Mar 3, 2024, 4:08:05 PM PST",POSITIVE,0.9265515804290771
27237,mindfulness and mental wellness,0.7554081082344055,"Mar 3, 2024, 4:08:05 PM PST",POSITIVE,0.9265515804290771
27237,self-care practices,0.6783834099769592,"Mar 3, 2024, 4:08:05 PM PST",POSITIVE,0.9265515804290771
27237,mental health experiences,0.6687114834785461,"Mar 3, 2024, 4:08:05 PM PST",POSITIVE,0.9265515804290771
27237,addiction awareness and recovery,0.5635536313056946,"Mar 3, 2024, 4:08:05 PM PST",POSITIVE,0.9265515804290771
27237,emotional health discussion,0.4755736291408539,"Mar 3, 2024, 4:08:05 PM PST",POSITIVE,0.9265515804290771
27237,trauma awareness and healing,0.45050501823425293,"Mar 3, 2024, 4:08:05 PM PST",POSITIVE,0.9265515804290771
27237,mental health education,0.3855684697628021,"Mar 3, 2024, 4:08:05 PM PST",POSITIVE,0.9265515804290771
27237,therapy and mental health support,0.38052916526794434,"Mar 3, 2024, 4:08:05 PM PST",POSITIVE,0.9265515804290771
27237,sleep and mental wellness,0.37840941548347473,"Mar 3, 2024, 4:08:05 PM PST",POSITIVE,0.9265515804290771
27237,work-life balance and burnout,0.33819445967674255,"Mar 3, 2024, 4:08:05 PM PST",POSITIVE,0.9265515804290771
26828,motivation and mental strength,0.5309329628944397,"Mar 9, 2024, 2:51:30 AM PST",POSITIVE,0.9236475825309753
26828,self-improvement and personal growth,0.4880068004131317,"Mar 9, 2024, 2:51:30 AM PST",POSITIVE,0.9236475825309753
26828,mental health experiences,0.329996794462204,"Mar 9, 2024, 2:51:30 AM PST",POSITIVE,0.9236475825309753
26407,motivation and mental strength,0.5309329628944397,"Mar 13, 2024, 1:56:47 AM PST",POSITIVE,0.9236475825309753
26407,self-improvement and personal growth,0.4880068004131317,"Mar 13, 2024, 1:56:47 AM PST",POSITIVE,0.9236475825309753
26407,mental health experiences,0.329996794462204,"Mar 13, 2024, 1:56:47 AM PST",POSITIVE,0.9236475825309753
27238,self-improvement and personal growth,0.8947834372520447,"Mar 3, 2024, 4:04:28 PM PST",NEGATIVE,0.9600706696510315
27238,motivation and mental strength,0.8595792055130005,"Mar 3, 2024, 4:04:28 PM PST",NEGATIVE,0.9600706696510315
27238,mental health experiences,0.8404240012168884,"Mar 3, 2024, 4:04:28 PM PST",NEGATIVE,0.9600706696510315
27238,mindfulness and mental wellness,0.8046979904174805,"Mar 3, 2024, 4:04:28 PM PST",NEGATIVE,0.9600706696510315
27238,self-care practices,0.7874397039413452,"Mar 3, 2024, 4:04:28 PM PST",NEGATIVE,0.9600706696510315
27238,mental health education,0.7111105918884277,"Mar 3, 2024, 4:04:28 PM PST",NEGATIVE,0.9600706696510315
27238,therapy and mental health support,0.7041451930999756,"Mar 3, 2024, 4:04:28 PM PST",NEGATIVE,0.9600706696510315
27238,addiction awareness and recovery,0.6748945116996765,"Mar 3, 2024, 4:04:28 PM PST",NEGATIVE,0.9600706696510315
27238,trauma awareness and healing,0.6380548477172852,"Mar 3, 2024, 4:04:28 PM PST",NEGATIVE,0.9600706696510315
27238,work-life balance and burnout,0.613172709941864,"Mar 3, 2024, 4:04:28 PM PST",NEGATIVE,0.9600706696510315
27238,emotional health discussion,0.586514413356781,"Mar 3, 2024, 4:04:28 PM PST",NEGATIVE,0.9600706696510315
27238,sleep and mental wellness,0.4653899371623993,"Mar 3, 2024, 4:04:28 PM PST",NEGATIVE,0.9600706696510315
27238,social anxiety and relationships,0.3953746259212494,"Mar 3, 2024, 4:04:28 PM PST",NEGATIVE,0.9600706696510315
27238,anxiety and stress management,0.38606929779052734,"Mar 3, 2024, 4:04:28 PM PST",NEGATIVE,0.9600706696510315
27238,depression and emotional support,0.34148508310317993,"Mar 3, 2024, 4:04:28 PM PST",NEGATIVE,0.9600706696510315
26408,self-improvement and personal growth,0.8744463324546814,"Mar 13, 2024, 1:53:43 AM PST",NEGATIVE,0.9788302183151245
26408,motivation and mental strength,0.8303069472312927,"Mar 13, 2024, 1:53:43 AM PST",NEGATIVE,0.9788302183151245
26408,mental health experiences,0.494627445936203,"Mar 13, 2024, 1:53:43 AM PST",NEGATIVE,0.9788302183151245
27239,self-improvement and personal growth,0.8777233958244324,"Mar 3, 2024, 3:33:07 PM PST",POSITIVE,0.989309549331665
27239,motivation and mental strength,0.8492115139961243,"Mar 3, 2024, 3:33:07 PM PST",POSITIVE,0.989309549331665
27239,mindfulness and mental wellness,0.8219785094261169,"Mar 3, 2024, 3:33:07 PM PST",POSITIVE,0.989309549331665
27239,mental health experiences,0.6334579586982727,"Mar 3, 2024, 3:33:07 PM PST",POSITIVE,0.989309549331665
27239,addiction awareness and recovery,0.5129907131195068,"Mar 3, 2024, 3:33:07 PM PST",POSITIVE,0.989309549331665
27239,self-care practices,0.4993259906768799,"Mar 3, 2024, 3:33:07 PM PST",POSITIVE,0.989309549331665
27239,therapy and mental health support,0.3742949366569519,"Mar 3, 2024, 3:33:07 PM PST",POSITIVE,0.989309549331665
27239,trauma awareness and healing,0.37119603157043457,"Mar 3, 2024, 3:33:07 PM PST",POSITIVE,0.989309549331665
27239,mental health education,0.3175097703933716,"Mar 3, 2024, 3:33:07 PM PST",POSITIVE,0.989309549331665
26829,motivation and mental strength,0.6259733438491821,"Mar 9, 2024, 2:45:46 AM PST",POSITIVE,0.9676526784896851
26829,self-improvement and personal growth,0.45207932591438293,"Mar 9, 2024, 2:45:46 AM PST",POSITIVE,0.9676526784896851
26409,self-improvement and personal growth,0.7801028490066528,"Mar 13, 2024, 1:50:31 AM PST",NEGATIVE,0.6218842267990112
26409,motivation and mental strength,0.7786842584609985,"Mar 13, 2024, 1:50:31 AM PST",NEGATIVE,0.6218842267990112
26409,mindfulness and mental wellness,0.5470317602157593,"Mar 13, 2024, 1:50:31 AM PST",NEGATIVE,0.6218842267990112
26409,social anxiety and relationships,0.4609915018081665,"Mar 13, 2024, 1:50:31 AM PST",NEGATIVE,0.6218842267990112
26409,mental health experiences,0.3955262005329132,"Mar 13, 2024, 1:50:31 AM PST",NEGATIVE,0.6218842267990112
26409,self-care practices,0.3484255075454712,"Mar 13, 2024, 1:50:31 AM PST",NEGATIVE,0.6218842267990112
26409,addiction awareness and recovery,0.310846745967865,"Mar 13, 2024, 1:50:31 AM PST",NEGATIVE,0.6218842267990112
27240,motivation and mental strength,0.9639664888381958,"Mar 3, 2024, 3:24:47 PM PST",POSITIVE,0.902162492275238
27240,mindfulness and mental wellness,0.9589626789093018,"Mar 3, 2024, 3:24:47 PM PST",POSITIVE,0.902162492275238
27240,self-improvement and personal growth,0.929411768913269,"Mar 3, 2024, 3:24:47 PM PST",POSITIVE,0.902162492275238
27240,self-care practices,0.8335351943969727,"Mar 3, 2024, 3:24:47 PM PST",POSITIVE,0.902162492275238
27240,sleep and mental wellness,0.5763149261474609,"Mar 3, 2024, 3:24:47 PM PST",POSITIVE,0.902162492275238
26830,motivation and mental strength,0.9679438471794128,"Mar 8, 2024, 5:57:44 PM PST",NEGATIVE,0.6121081709861755
26830,mindfulness and mental wellness,0.9634026885032654,"Mar 8, 2024, 5:57:44 PM PST",NEGATIVE,0.6121081709861755
26830,self-improvement and personal growth,0.9377082586288452,"Mar 8, 2024, 5:57:44 PM PST",NEGATIVE,0.6121081709861755
26830,self-care practices,0.5491085052490234,"Mar 8, 2024, 5:57:44 PM PST",NEGATIVE,0.6121081709861755
26830,sleep and mental wellness,0.5478566884994507,"Mar 8, 2024, 5:57:44 PM PST",NEGATIVE,0.6121081709861755
26830,mental health experiences,0.5193474292755127,"Mar 8, 2024, 5:57:44 PM PST",NEGATIVE,0.6121081709861755
26830,addiction awareness and recovery,0.47863784432411194,"Mar 8, 2024, 5:57:44 PM PST",NEGATIVE,0.6121081709861755
27241,motivation and mental strength,0.898147702217102,"Mar 3, 2024, 3:18:55 PM PST",POSITIVE,0.5846976637840271
27241,self-improvement and personal growth,0.8958423137664795,"Mar 3, 2024, 3:18:55 PM PST",POSITIVE,0.5846976637840271
27241,mindfulness and mental wellness,0.864851713180542,"Mar 3, 2024, 3:18:55 PM PST",POSITIVE,0.5846976637840271
27241,mental health experiences,0.8255155086517334,"Mar 3, 2024, 3:18:55 PM PST",POSITIVE,0.5846976637840271
27241,self-care practices,0.7978990077972412,"Mar 3, 2024, 3:18:55 PM PST",POSITIVE,0.5846976637840271
27241,mental health education,0.7422482967376709,"Mar 3, 2024, 3:18:55 PM PST",POSITIVE,0.5846976637840271
27241,emotional health discussion,0.7110141515731812,"Mar 3, 2024, 3:18:55 PM PST",POSITIVE,0.5846976637840271
27241,trauma awareness and healing,0.6578787565231323,"Mar 3, 2024, 3:18:55 PM PST",POSITIVE,0.5846976637840271
27241,therapy and mental health support,0.6345456838607788,"Mar 3, 2024, 3:18:55 PM PST",POSITIVE,0.5846976637840271
27241,addiction awareness and recovery,0.6148229837417603,"Mar 3, 2024, 3:18:55 PM PST",POSITIVE,0.5846976637840271
27241,sleep and mental wellness,0.4854419529438019,"Mar 3, 2024, 3:18:55 PM PST",POSITIVE,0.5846976637840271
27241,work-life balance and burnout,0.43265849351882935,"Mar 3, 2024, 3:18:55 PM PST",POSITIVE,0.5846976637840271
27241,depression and emotional support,0.3382992446422577,"Mar 3, 2024, 3:18:55 PM PST",POSITIVE,0.5846976637840271
27241,social anxiety and relationships,0.32099753618240356,"Mar 3, 2024, 3:18:55 PM PST",POSITIVE,0.5846976637840271
26831,motivation and mental strength,0.699005663394928,"Mar 8, 2024, 3:45:45 PM PST",POSITIVE,0.9153066873550415
26831,self-improvement and personal growth,0.6883463263511658,"Mar 8, 2024, 3:45:45 PM PST",POSITIVE,0.9153066873550415
26831,mental health experiences,0.5308257341384888,"Mar 8, 2024, 3:45:45 PM PST",POSITIVE,0.9153066873550415
26831,mindfulness and mental wellness,0.3660462200641632,"Mar 8, 2024, 3:45:45 PM PST",POSITIVE,0.9153066873550415
26410,motivation and mental strength,0.5643903017044067,"Mar 13, 2024, 1:47:41 AM PST",POSITIVE,0.986084520816803
26410,self-improvement and personal growth,0.48483961820602417,"Mar 13, 2024, 1:47:41 AM PST",POSITIVE,0.986084520816803
26410,mental health experiences,0.38972076773643494,"Mar 13, 2024, 1:47:41 AM PST",POSITIVE,0.986084520816803
26410,mindfulness and mental wellness,0.30593279004096985,"Mar 13, 2024, 1:47:41 AM PST",POSITIVE,0.986084520816803
27242,self-improvement and personal growth,0.8826057314872742,"Mar 3, 2024, 3:14:14 PM PST",POSITIVE,0.9874758124351501
27242,motivation and mental strength,0.867961585521698,"Mar 3, 2024, 3:14:14 PM PST",POSITIVE,0.9874758124351501
27242,sleep and mental wellness,0.8415336608886719,"Mar 3, 2024, 3:14:14 PM PST",POSITIVE,0.9874758124351501
27242,mental health experiences,0.8213973045349121,"Mar 3, 2024, 3:14:14 PM PST",POSITIVE,0.9874758124351501
27242,mindfulness and mental wellness,0.8088525533676147,"Mar 3, 2024, 3:14:14 PM PST",POSITIVE,0.9874758124351501
27242,addiction awareness and recovery,0.7563312649726868,"Mar 3, 2024, 3:14:14 PM PST",POSITIVE,0.9874758124351501
27242,self-care practices,0.7195719480514526,"Mar 3, 2024, 3:14:14 PM PST",POSITIVE,0.9874758124351501
27242,trauma awareness and healing,0.5626634359359741,"Mar 3, 2024, 3:14:14 PM PST",POSITIVE,0.9874758124351501
27242,emotional health discussion,0.5071442723274231,"Mar 3, 2024, 3:14:14 PM PST",POSITIVE,0.9874758124351501
27242,work-life balance and burnout,0.49583736062049866,"Mar 3, 2024, 3:14:14 PM PST",POSITIVE,0.9874758124351501
27242,mental health education,0.4825189709663391,"Mar 3, 2024, 3:14:14 PM PST",POSITIVE,0.9874758124351501
27242,therapy and mental health support,0.36318132281303406,"Mar 3, 2024, 3:14:14 PM PST",POSITIVE,0.9874758124351501
27242,anxiety and stress management,0.3376343250274658,"Mar 3, 2024, 3:14:14 PM PST",POSITIVE,0.9874758124351501
26832,self-improvement and personal growth,0.8096038103103638,"Mar 8, 2024, 3:40:30 PM PST",POSITIVE,0.9968125224113464
26832,motivation and mental strength,0.7781744599342346,"Mar 8, 2024, 3:40:30 PM PST",POSITIVE,0.9968125224113464
26832,mindfulness and mental wellness,0.676231861114502,"Mar 8, 2024, 3:40:30 PM PST",POSITIVE,0.9968125224113464
26832,mental health experiences,0.4449515640735626,"Mar 8, 2024, 3:40:30 PM PST",POSITIVE,0.9968125224113464
26832,self-care practices,0.3483346402645111,"Mar 8, 2024, 3:40:30 PM PST",POSITIVE,0.9968125224113464
27243,self-improvement and personal growth,0.7676973938941956,"Mar 3, 2024, 3:10:22 PM PST",POSITIVE,0.9997813105583191
27243,mindfulness and mental wellness,0.6441579461097717,"Mar 3, 2024, 3:10:22 PM PST",POSITIVE,0.9997813105583191
27243,motivation and mental strength,0.5863915085792542,"Mar 3, 2024, 3:10:22 PM PST",POSITIVE,0.9997813105583191
27243,mental health experiences,0.5692521333694458,"Mar 3, 2024, 3:10:22 PM PST",POSITIVE,0.9997813105583191
27243,depression and emotional support,0.456330806016922,"Mar 3, 2024, 3:10:22 PM PST",POSITIVE,0.9997813105583191
27243,social anxiety and relationships,0.3970505893230438,"Mar 3, 2024, 3:10:22 PM PST",POSITIVE,0.9997813105583191
27243,self-care practices,0.3415485620498657,"Mar 3, 2024, 3:10:22 PM PST",POSITIVE,0.9997813105583191
26411,trauma awareness and healing,0.9279143810272217,"Mar 13, 2024, 1:44:18 AM PST",POSITIVE,0.9095914363861084
26411,motivation and mental strength,0.9242106676101685,"Mar 13, 2024, 1:44:18 AM PST",POSITIVE,0.9095914363861084
26411,self-improvement and personal growth,0.8841927647590637,"Mar 13, 2024, 1:44:18 AM PST",POSITIVE,0.9095914363861084
26411,addiction awareness and recovery,0.8359293937683105,"Mar 13, 2024, 1:44:18 AM PST",POSITIVE,0.9095914363861084
26411,mental health experiences,0.8068962097167969,"Mar 13, 2024, 1:44:18 AM PST",POSITIVE,0.9095914363861084
26411,mindfulness and mental wellness,0.5431950092315674,"Mar 13, 2024, 1:44:18 AM PST",POSITIVE,0.9095914363861084
26411,self-care practices,0.4479660093784332,"Mar 13, 2024, 1:44:18 AM PST",POSITIVE,0.9095914363861084
26411,anxiety and stress management,0.433991402387619,"Mar 13, 2024, 1:44:18 AM PST",POSITIVE,0.9095914363861084
26411,social anxiety and relationships,0.4251749515533447,"Mar 13, 2024, 1:44:18 AM PST",POSITIVE,0.9095914363861084
26411,mental health education,0.37886548042297363,"Mar 13, 2024, 1:44:18 AM PST",POSITIVE,0.9095914363861084
26411,therapy and mental health support,0.3770243227481842,"Mar 13, 2024, 1:44:18 AM PST",POSITIVE,0.9095914363861084
26411,work-life balance and burnout,0.3676627278327942,"Mar 13, 2024, 1:44:18 AM PST",POSITIVE,0.9095914363861084
26411,emotional health discussion,0.35746705532073975,"Mar 13, 2024, 1:44:18 AM PST",POSITIVE,0.9095914363861084
27244,self-improvement and personal growth,0.8795132637023926,"Mar 3, 2024, 2:07:06 PM PST",NEGATIVE,0.9822114109992981
27244,mental health experiences,0.8771851062774658,"Mar 3, 2024, 2:07:06 PM PST",NEGATIVE,0.9822114109992981
27244,motivation and mental strength,0.8624569773674011,"Mar 3, 2024, 2:07:06 PM PST",NEGATIVE,0.9822114109992981
27244,mindfulness and mental wellness,0.8407129049301147,"Mar 3, 2024, 2:07:06 PM PST",NEGATIVE,0.9822114109992981
27244,self-care practices,0.7996309399604797,"Mar 3, 2024, 2:07:06 PM PST",NEGATIVE,0.9822114109992981
27244,emotional health discussion,0.7155699133872986,"Mar 3, 2024, 2:07:06 PM PST",NEGATIVE,0.9822114109992981
27244,mental health education,0.71330726146698,"Mar 3, 2024, 2:07:06 PM PST",NEGATIVE,0.9822114109992981
27244,therapy and mental health support,0.6878018975257874,"Mar 3, 2024, 2:07:06 PM PST",NEGATIVE,0.9822114109992981
27244,addiction awareness and recovery,0.595184862613678,"Mar 3, 2024, 2:07:06 PM PST",NEGATIVE,0.9822114109992981
27244,trauma awareness and healing,0.5791001915931702,"Mar 3, 2024, 2:07:06 PM PST",NEGATIVE,0.9822114109992981
27244,sleep and mental wellness,0.44683414697647095,"Mar 3, 2024, 2:07:06 PM PST",NEGATIVE,0.9822114109992981
27244,work-life balance and burnout,0.4214463233947754,"Mar 3, 2024, 2:07:06 PM PST",NEGATIVE,0.9822114109992981
27244,social anxiety and relationships,0.3903304636478424,"Mar 3, 2024, 2:07:06 PM PST",NEGATIVE,0.9822114109992981
27244,depression and emotional support,0.3782311975955963,"Mar 3, 2024, 2:07:06 PM PST",NEGATIVE,0.9822114109992981
26833,mental health experiences,0.9545256495475769,"Mar 8, 2024, 3:31:50 PM PST",NEGATIVE,0.9471414089202881
26833,depression and emotional support,0.9167500138282776,"Mar 8, 2024, 3:31:50 PM PST",NEGATIVE,0.9471414089202881
26833,social anxiety and relationships,0.9043612480163574,"Mar 8, 2024, 3:31:50 PM PST",NEGATIVE,0.9471414089202881
26833,emotional health discussion,0.8867061734199524,"Mar 8, 2024, 3:31:50 PM PST",NEGATIVE,0.9471414089202881
26833,trauma awareness and healing,0.7199109196662903,"Mar 8, 2024, 3:31:50 PM PST",NEGATIVE,0.9471414089202881
26833,self-improvement and personal growth,0.716908872127533,"Mar 8, 2024, 3:31:50 PM PST",NEGATIVE,0.9471414089202881
26833,addiction awareness and recovery,0.6846463084220886,"Mar 8, 2024, 3:31:50 PM PST",NEGATIVE,0.9471414089202881
26833,mental health education,0.6284063458442688,"Mar 8, 2024, 3:31:50 PM PST",NEGATIVE,0.9471414089202881
26833,work-life balance and burnout,0.4714936316013336,"Mar 8, 2024, 3:31:50 PM PST",NEGATIVE,0.9471414089202881
26833,self-care practices,0.45734903216362,"Mar 8, 2024, 3:31:50 PM PST",NEGATIVE,0.9471414089202881
26833,anxiety and stress management,0.4506382346153259,"Mar 8, 2024, 3:31:50 PM PST",NEGATIVE,0.9471414089202881
26833,therapy and mental health support,0.3803080916404724,"Mar 8, 2024, 3:31:50 PM PST",NEGATIVE,0.9471414089202881
26833,mindfulness and mental wellness,0.37537652254104614,"Mar 8, 2024, 3:31:50 PM PST",NEGATIVE,0.9471414089202881
27245,self-improvement and personal growth,0.958477258682251,"Mar 3, 2024, 2:01:45 PM PST",POSITIVE,0.9572591185569763
27245,motivation and mental strength,0.9429007172584534,"Mar 3, 2024, 2:01:45 PM PST",POSITIVE,0.9572591185569763
27245,mindfulness and mental wellness,0.9238263368606567,"Mar 3, 2024, 2:01:45 PM PST",POSITIVE,0.9572591185569763
27245,mental health experiences,0.9172006845474243,"Mar 3, 2024, 2:01:45 PM PST",POSITIVE,0.9572591185569763
27245,mental health education,0.8560989499092102,"Mar 3, 2024, 2:01:45 PM PST",POSITIVE,0.9572591185569763
27245,self-care practices,0.8454114198684692,"Mar 3, 2024, 2:01:45 PM PST",POSITIVE,0.9572591185569763
27245,therapy and mental health support,0.8364340662956238,"Mar 3, 2024, 2:01:45 PM PST",POSITIVE,0.9572591185569763
27245,addiction awareness and recovery,0.802408754825592,"Mar 3, 2024, 2:01:45 PM PST",POSITIVE,0.9572591185569763
27245,trauma awareness and healing,0.7867512702941895,"Mar 3, 2024, 2:01:45 PM PST",POSITIVE,0.9572591185569763
27245,sleep and mental wellness,0.7326530814170837,"Mar 3, 2024, 2:01:45 PM PST",POSITIVE,0.9572591185569763
27245,emotional health discussion,0.7297573089599609,"Mar 3, 2024, 2:01:45 PM PST",POSITIVE,0.9572591185569763
27245,work-life balance and burnout,0.7236942648887634,"Mar 3, 2024, 2:01:45 PM PST",POSITIVE,0.9572591185569763
27245,social anxiety and relationships,0.4911125898361206,"Mar 3, 2024, 2:01:45 PM PST",POSITIVE,0.9572591185569763
27245,depression and emotional support,0.42969319224357605,"Mar 3, 2024, 2:01:45 PM PST",POSITIVE,0.9572591185569763
27245,anxiety and stress management,0.4118027985095978,"Mar 3, 2024, 2:01:45 PM PST",POSITIVE,0.9572591185569763
26834,motivation and mental strength,0.9464677572250366,"Mar 8, 2024, 3:27:37 PM PST",NEGATIVE,0.8274638652801514
26834,mindfulness and mental wellness,0.839881420135498,"Mar 8, 2024, 3:27:37 PM PST",NEGATIVE,0.8274638652801514
26834,self-improvement and personal growth,0.8374682664871216,"Mar 8, 2024, 3:27:37 PM PST",NEGATIVE,0.8274638652801514
26834,sleep and mental wellness,0.5486624240875244,"Mar 8, 2024, 3:27:37 PM PST",NEGATIVE,0.8274638652801514
26834,mental health experiences,0.5197718143463135,"Mar 8, 2024, 3:27:37 PM PST",NEGATIVE,0.8274638652801514
26834,addiction awareness and recovery,0.3780013620853424,"Mar 8, 2024, 3:27:37 PM PST",NEGATIVE,0.8274638652801514
26834,self-care practices,0.35154837369918823,"Mar 8, 2024, 3:27:37 PM PST",NEGATIVE,0.8274638652801514
26834,trauma awareness and healing,0.301146537065506,"Mar 8, 2024, 3:27:37 PM PST",NEGATIVE,0.8274638652801514
27246,self-improvement and personal growth,0.8193478584289551,"Mar 3, 2024, 1:57:31 PM PST",POSITIVE,0.9826812148094177
27246,motivation and mental strength,0.7509592771530151,"Mar 3, 2024, 1:57:31 PM PST",POSITIVE,0.9826812148094177
27246,mental health experiences,0.6814895272254944,"Mar 3, 2024, 1:57:31 PM PST",POSITIVE,0.9826812148094177
27246,self-care practices,0.680570662021637,"Mar 3, 2024, 1:57:31 PM PST",POSITIVE,0.9826812148094177
27246,mindfulness and mental wellness,0.6728942394256592,"Mar 3, 2024, 1:57:31 PM PST",POSITIVE,0.9826812148094177
27246,emotional health discussion,0.4628923237323761,"Mar 3, 2024, 1:57:31 PM PST",POSITIVE,0.9826812148094177
27246,mental health education,0.45978042483329773,"Mar 3, 2024, 1:57:31 PM PST",POSITIVE,0.9826812148094177
27246,addiction awareness and recovery,0.4546649754047394,"Mar 3, 2024, 1:57:31 PM PST",POSITIVE,0.9826812148094177
27246,work-life balance and burnout,0.38724830746650696,"Mar 3, 2024, 1:57:31 PM PST",POSITIVE,0.9826812148094177
27246,trauma awareness and healing,0.3703325688838959,"Mar 3, 2024, 1:57:31 PM PST",POSITIVE,0.9826812148094177
27246,therapy and mental health support,0.358327180147171,"Mar 3, 2024, 1:57:31 PM PST",POSITIVE,0.9826812148094177
27246,sleep and mental wellness,0.31123098731040955,"Mar 3, 2024, 1:57:31 PM PST",POSITIVE,0.9826812148094177
26412,self-improvement and personal growth,0.48207080364227295,"Mar 13, 2024, 1:41:18 AM PST",POSITIVE,0.9922624826431274
26412,mental health experiences,0.32982298731803894,"Mar 13, 2024, 1:41:18 AM PST",POSITIVE,0.9922624826431274
26835,motivation and mental strength,0.770931601524353,"Mar 8, 2024, 3:25:02 PM PST",NEGATIVE,0.9913600087165833
26835,mental health experiences,0.7623494863510132,"Mar 8, 2024, 3:25:02 PM PST",NEGATIVE,0.9913600087165833
26835,addiction awareness and recovery,0.5183729529380798,"Mar 8, 2024, 3:25:02 PM PST",NEGATIVE,0.9913600087165833
26835,anxiety and stress management,0.35287949442863464,"Mar 8, 2024, 3:25:02 PM PST",NEGATIVE,0.9913600087165833
26835,work-life balance and burnout,0.3280704617500305,"Mar 8, 2024, 3:25:02 PM PST",NEGATIVE,0.9913600087165833
27247,self-improvement and personal growth,0.8950932025909424,"Mar 3, 2024, 1:53:04 PM PST",POSITIVE,0.9576937556266785
27247,motivation and mental strength,0.8743395209312439,"Mar 3, 2024, 1:53:04 PM PST",POSITIVE,0.9576937556266785
27247,mindfulness and mental wellness,0.8594556450843811,"Mar 3, 2024, 1:53:04 PM PST",POSITIVE,0.9576937556266785
27247,mental health experiences,0.7850952744483948,"Mar 3, 2024, 1:53:04 PM PST",POSITIVE,0.9576937556266785
27247,mental health education,0.7686765193939209,"Mar 3, 2024, 1:53:04 PM PST",POSITIVE,0.9576937556266785
27247,self-care practices,0.7517799735069275,"Mar 3, 2024, 1:53:04 PM PST",POSITIVE,0.9576937556266785
27247,emotional health discussion,0.7218860983848572,"Mar 3, 2024, 1:53:04 PM PST",POSITIVE,0.9576937556266785
27247,social anxiety and relationships,0.6494733095169067,"Mar 3, 2024, 1:53:04 PM PST",POSITIVE,0.9576937556266785
27247,addiction awareness and recovery,0.6435883045196533,"Mar 3, 2024, 1:53:04 PM PST",POSITIVE,0.9576937556266785
27247,work-life balance and burnout,0.6286671161651611,"Mar 3, 2024, 1:53:04 PM PST",POSITIVE,0.9576937556266785
27247,trauma awareness and healing,0.5849446058273315,"Mar 3, 2024, 1:53:04 PM PST",POSITIVE,0.9576937556266785
27247,therapy and mental health support,0.5622145533561707,"Mar 3, 2024, 1:53:04 PM PST",POSITIVE,0.9576937556266785
27247,sleep and mental wellness,0.5063575506210327,"Mar 3, 2024, 1:53:04 PM PST",POSITIVE,0.9576937556266785
27247,anxiety and stress management,0.40446069836616516,"Mar 3, 2024, 1:53:04 PM PST",POSITIVE,0.9576937556266785
27247,depression and emotional support,0.3216693699359894,"Mar 3, 2024, 1:53:04 PM PST",POSITIVE,0.9576937556266785
26836,mental health experiences,0.9434979557991028,"Mar 8, 2024, 3:21:24 PM PST",NEGATIVE,0.9033377766609192
26836,motivation and mental strength,0.935573935508728,"Mar 8, 2024, 3:21:24 PM PST",NEGATIVE,0.9033377766609192
26836,sleep and mental wellness,0.9138354659080505,"Mar 8, 2024, 3:21:24 PM PST",NEGATIVE,0.9033377766609192
26836,trauma awareness and healing,0.9002737998962402,"Mar 8, 2024, 3:21:24 PM PST",NEGATIVE,0.9033377766609192
26836,anxiety and stress management,0.8592486381530762,"Mar 8, 2024, 3:21:24 PM PST",NEGATIVE,0.9033377766609192
26836,addiction awareness and recovery,0.8294776678085327,"Mar 8, 2024, 3:21:24 PM PST",NEGATIVE,0.9033377766609192
26836,self-improvement and personal growth,0.8201755285263062,"Mar 8, 2024, 3:21:24 PM PST",NEGATIVE,0.9033377766609192
26836,mental health education,0.770382821559906,"Mar 8, 2024, 3:21:24 PM PST",NEGATIVE,0.9033377766609192
26836,self-care practices,0.7645277976989746,"Mar 8, 2024, 3:21:24 PM PST",NEGATIVE,0.9033377766609192
26836,emotional health discussion,0.7311073541641235,"Mar 8, 2024, 3:21:24 PM PST",NEGATIVE,0.9033377766609192
26836,depression and emotional support,0.704943835735321,"Mar 8, 2024, 3:21:24 PM PST",NEGATIVE,0.9033377766609192
26836,mindfulness and mental wellness,0.6042343974113464,"Mar 8, 2024, 3:21:24 PM PST",NEGATIVE,0.9033377766609192
26836,therapy and mental health support,0.38815322518348694,"Mar 8, 2024, 3:21:24 PM PST",NEGATIVE,0.9033377766609192
27248,self-improvement and personal growth,0.8993226885795593,"Mar 3, 2024, 1:49:21 PM PST",POSITIVE,0.8574649691581726
27248,mindfulness and mental wellness,0.8931065797805786,"Mar 3, 2024, 1:49:21 PM PST",POSITIVE,0.8574649691581726
27248,motivation and mental strength,0.8850198984146118,"Mar 3, 2024, 1:49:21 PM PST",POSITIVE,0.8574649691581726
27248,mental health experiences,0.8519114255905151,"Mar 3, 2024, 1:49:21 PM PST",POSITIVE,0.8574649691581726
27248,self-care practices,0.8082501292228699,"Mar 3, 2024, 1:49:21 PM PST",POSITIVE,0.8574649691581726
27248,addiction awareness and recovery,0.7435970306396484,"Mar 3, 2024, 1:49:21 PM PST",POSITIVE,0.8574649691581726
27248,mental health education,0.7301528453826904,"Mar 3, 2024, 1:49:21 PM PST",POSITIVE,0.8574649691581726
27248,therapy and mental health support,0.6758095622062683,"Mar 3, 2024, 1:49:21 PM PST",POSITIVE,0.8574649691581726
27248,trauma awareness and healing,0.6705990433692932,"Mar 3, 2024, 1:49:21 PM PST",POSITIVE,0.8574649691581726
27248,emotional health discussion,0.6642168164253235,"Mar 3, 2024, 1:49:21 PM PST",POSITIVE,0.8574649691581726
27248,work-life balance and burnout,0.509817898273468,"Mar 3, 2024, 1:49:21 PM PST",POSITIVE,0.8574649691581726
27248,social anxiety and relationships,0.5026103258132935,"Mar 3, 2024, 1:49:21 PM PST",POSITIVE,0.8574649691581726
27248,sleep and mental wellness,0.42077261209487915,"Mar 3, 2024, 1:49:21 PM PST",POSITIVE,0.8574649691581726
27248,depression and emotional support,0.39109131693840027,"Mar 3, 2024, 1:49:21 PM PST",POSITIVE,0.8574649691581726
27248,anxiety and stress management,0.3672991394996643,"Mar 3, 2024, 1:49:21 PM PST",POSITIVE,0.8574649691581726
26413,self-improvement and personal growth,0.6819683313369751,"Mar 13, 2024, 1:37:53 AM PST",POSITIVE,0.8422959446907043
26413,motivation and mental strength,0.6112806797027588,"Mar 13, 2024, 1:37:53 AM PST",POSITIVE,0.8422959446907043
26413,mental health experiences,0.5186007022857666,"Mar 13, 2024, 1:37:53 AM PST",POSITIVE,0.8422959446907043
26413,social anxiety and relationships,0.48658326268196106,"Mar 13, 2024, 1:37:53 AM PST",POSITIVE,0.8422959446907043
26413,mindfulness and mental wellness,0.3748261034488678,"Mar 13, 2024, 1:37:53 AM PST",POSITIVE,0.8422959446907043
27249,motivation and mental strength,0.9654848575592041,"Mar 3, 2024, 12:54:27 PM PST",POSITIVE,0.7209709882736206
27249,mental health experiences,0.9356311559677124,"Mar 3, 2024, 12:54:27 PM PST",POSITIVE,0.7209709882736206
27249,mindfulness and mental wellness,0.8678399324417114,"Mar 3, 2024, 12:54:27 PM PST",POSITIVE,0.7209709882736206
27249,self-improvement and personal growth,0.8366124629974365,"Mar 3, 2024, 12:54:27 PM PST",POSITIVE,0.7209709882736206
27249,depression and emotional support,0.7703741192817688,"Mar 3, 2024, 12:54:27 PM PST",POSITIVE,0.7209709882736206
27249,addiction awareness and recovery,0.7236695289611816,"Mar 3, 2024, 12:54:27 PM PST",POSITIVE,0.7209709882736206
27249,mental health education,0.6972737312316895,"Mar 3, 2024, 12:54:27 PM PST",POSITIVE,0.7209709882736206
27249,self-care practices,0.5644845962524414,"Mar 3, 2024, 12:54:27 PM PST",POSITIVE,0.7209709882736206
27249,sleep and mental wellness,0.5236934423446655,"Mar 3, 2024, 12:54:27 PM PST",POSITIVE,0.7209709882736206
27249,work-life balance and burnout,0.4501095414161682,"Mar 3, 2024, 12:54:27 PM PST",POSITIVE,0.7209709882736206
27249,therapy and mental health support,0.4479265511035919,"Mar 3, 2024, 12:54:27 PM PST",POSITIVE,0.7209709882736206
27249,trauma awareness and healing,0.36508265137672424,"Mar 3, 2024, 12:54:27 PM PST",POSITIVE,0.7209709882736206
26414,self-improvement and personal growth,0.7938857078552246,"Mar 13, 2024, 1:34:57 AM PST",POSITIVE,0.8751393556594849
26414,motivation and mental strength,0.745958149433136,"Mar 13, 2024, 1:34:57 AM PST",POSITIVE,0.8751393556594849
26414,mindfulness and mental wellness,0.5236124396324158,"Mar 13, 2024, 1:34:57 AM PST",POSITIVE,0.8751393556594849
26414,addiction awareness and recovery,0.4733121693134308,"Mar 13, 2024, 1:34:57 AM PST",POSITIVE,0.8751393556594849
26414,mental health experiences,0.38377484679222107,"Mar 13, 2024, 1:34:57 AM PST",POSITIVE,0.8751393556594849
26414,self-care practices,0.3149738013744354,"Mar 13, 2024, 1:34:57 AM PST",POSITIVE,0.8751393556594849
26837,motivation and mental strength,0.7348693013191223,"Mar 8, 2024, 3:17:15 PM PST",POSITIVE,0.9969208240509033
26837,self-improvement and personal growth,0.6618557572364807,"Mar 8, 2024, 3:17:15 PM PST",POSITIVE,0.9969208240509033
26837,social anxiety and relationships,0.5669530630111694,"Mar 8, 2024, 3:17:15 PM PST",POSITIVE,0.9969208240509033
26837,mental health experiences,0.5633358359336853,"Mar 8, 2024, 3:17:15 PM PST",POSITIVE,0.9969208240509033
26837,self-care practices,0.45138901472091675,"Mar 8, 2024, 3:17:15 PM PST",POSITIVE,0.9969208240509033
26837,work-life balance and burnout,0.42642638087272644,"Mar 8, 2024, 3:17:15 PM PST",POSITIVE,0.9969208240509033
26837,addiction awareness and recovery,0.38464680314064026,"Mar 8, 2024, 3:17:15 PM PST",POSITIVE,0.9969208240509033
26837,depression and emotional support,0.38384634256362915,"Mar 8, 2024, 3:17:15 PM PST",POSITIVE,0.9969208240509033
27250,motivation and mental strength,0.9535976648330688,"Mar 3, 2024, 12:52:22 PM PST",POSITIVE,0.948603093624115
27250,mental health experiences,0.9433680176734924,"Mar 3, 2024, 12:52:22 PM PST",POSITIVE,0.948603093624115
27250,self-improvement and personal growth,0.9219210147857666,"Mar 3, 2024, 12:52:22 PM PST",POSITIVE,0.948603093624115
27250,work-life balance and burnout,0.8345790505409241,"Mar 3, 2024, 12:52:22 PM PST",POSITIVE,0.948603093624115
27250,addiction awareness and recovery,0.8035796880722046,"Mar 3, 2024, 12:52:22 PM PST",POSITIVE,0.948603093624115
27250,self-care practices,0.7596878409385681,"Mar 3, 2024, 12:52:22 PM PST",POSITIVE,0.948603093624115
27250,mental health education,0.7373477816581726,"Mar 3, 2024, 12:52:22 PM PST",POSITIVE,0.948603093624115
27250,emotional health discussion,0.7218272089958191,"Mar 3, 2024, 12:52:22 PM PST",POSITIVE,0.948603093624115
27250,therapy and mental health support,0.7004910707473755,"Mar 3, 2024, 12:52:22 PM PST",POSITIVE,0.948603093624115
27250,mindfulness and mental wellness,0.6813650727272034,"Mar 3, 2024, 12:52:22 PM PST",POSITIVE,0.948603093624115
27250,trauma awareness and healing,0.6676090359687805,"Mar 3, 2024, 12:52:22 PM PST",POSITIVE,0.948603093624115
27250,anxiety and stress management,0.6012993454933167,"Mar 3, 2024, 12:52:22 PM PST",POSITIVE,0.948603093624115
27250,social anxiety and relationships,0.553478479385376,"Mar 3, 2024, 12:52:22 PM PST",POSITIVE,0.948603093624115
27250,depression and emotional support,0.4201883375644684,"Mar 3, 2024, 12:52:22 PM PST",POSITIVE,0.948603093624115
26838,motivation and mental strength,0.9249172806739807,"Mar 8, 2024, 3:11:08 PM PST",POSITIVE,0.9333584904670715
26838,self-improvement and personal growth,0.8075836300849915,"Mar 8, 2024, 3:11:08 PM PST",POSITIVE,0.9333584904670715
26838,addiction awareness and recovery,0.6780247688293457,"Mar 8, 2024, 3:11:08 PM PST",POSITIVE,0.9333584904670715
26838,mental health experiences,0.49380984902381897,"Mar 8, 2024, 3:11:08 PM PST",POSITIVE,0.9333584904670715
26838,mindfulness and mental wellness,0.47951966524124146,"Mar 8, 2024, 3:11:08 PM PST",POSITIVE,0.9333584904670715
26838,trauma awareness and healing,0.3505575358867645,"Mar 8, 2024, 3:11:08 PM PST",POSITIVE,0.9333584904670715
27251,self-improvement and personal growth,0.921647846698761,"Mar 3, 2024, 12:48:11 PM PST",NEGATIVE,0.9334700703620911
27251,mental health experiences,0.7992133498191833,"Mar 3, 2024, 12:48:11 PM PST",NEGATIVE,0.9334700703620911
27251,motivation and mental strength,0.79095858335495,"Mar 3, 2024, 12:48:11 PM PST",NEGATIVE,0.9334700703620911
27251,mindfulness and mental wellness,0.6799397468566895,"Mar 3, 2024, 12:48:11 PM PST",NEGATIVE,0.9334700703620911
27251,self-care practices,0.6393998265266418,"Mar 3, 2024, 12:48:11 PM PST",NEGATIVE,0.9334700703620911
27251,addiction awareness and recovery,0.6187841296195984,"Mar 3, 2024, 12:48:11 PM PST",NEGATIVE,0.9334700703620911
27251,trauma awareness and healing,0.5546219944953918,"Mar 3, 2024, 12:48:11 PM PST",NEGATIVE,0.9334700703620911
27251,work-life balance and burnout,0.4183896780014038,"Mar 3, 2024, 12:48:11 PM PST",NEGATIVE,0.9334700703620911
27251,emotional health discussion,0.37941843271255493,"Mar 3, 2024, 12:48:11 PM PST",NEGATIVE,0.9334700703620911
27251,mental health education,0.3496089577674866,"Mar 3, 2024, 12:48:11 PM PST",NEGATIVE,0.9334700703620911
27251,depression and emotional support,0.34828728437423706,"Mar 3, 2024, 12:48:11 PM PST",NEGATIVE,0.9334700703620911
26415,social anxiety and relationships,0.8901775479316711,"Mar 13, 2024, 1:31:49 AM PST",POSITIVE,0.9950581789016724
26415,self-improvement and personal growth,0.7209563851356506,"Mar 13, 2024, 1:31:49 AM PST",POSITIVE,0.9950581789016724
26415,motivation and mental strength,0.541839063167572,"Mar 13, 2024, 1:31:49 AM PST",POSITIVE,0.9950581789016724
26415,mental health experiences,0.40938177704811096,"Mar 13, 2024, 1:31:49 AM PST",POSITIVE,0.9950581789016724
26839,sleep and mental wellness,0.9299275279045105,"Mar 8, 2024, 3:07:11 PM PST",NEGATIVE,0.9937934875488281
26839,motivation and mental strength,0.915924072265625,"Mar 8, 2024, 3:07:11 PM PST",NEGATIVE,0.9937934875488281
26839,self-improvement and personal growth,0.8972168564796448,"Mar 8, 2024, 3:07:11 PM PST",NEGATIVE,0.9937934875488281
26839,mindfulness and mental wellness,0.8928266167640686,"Mar 8, 2024, 3:07:11 PM PST",NEGATIVE,0.9937934875488281
26839,mental health experiences,0.7625069618225098,"Mar 8, 2024, 3:07:11 PM PST",NEGATIVE,0.9937934875488281
26839,addiction awareness and recovery,0.6941506266593933,"Mar 8, 2024, 3:07:11 PM PST",NEGATIVE,0.9937934875488281
26839,self-care practices,0.6603561639785767,"Mar 8, 2024, 3:07:11 PM PST",NEGATIVE,0.9937934875488281
26839,trauma awareness and healing,0.55230712890625,"Mar 8, 2024, 3:07:11 PM PST",NEGATIVE,0.9937934875488281
26839,mental health education,0.3443455100059509,"Mar 8, 2024, 3:07:11 PM PST",NEGATIVE,0.9937934875488281
26416,self-improvement and personal growth,0.9191965460777283,"Mar 13, 2024, 1:29:13 AM PST",POSITIVE,0.9988898634910583
26416,motivation and mental strength,0.9074363708496094,"Mar 13, 2024, 1:29:13 AM PST",POSITIVE,0.9988898634910583
26416,mindfulness and mental wellness,0.648495078086853,"Mar 13, 2024, 1:29:13 AM PST",POSITIVE,0.9988898634910583
26416,self-care practices,0.5827581882476807,"Mar 13, 2024, 1:29:13 AM PST",POSITIVE,0.9988898634910583
26416,mental health experiences,0.5775260329246521,"Mar 13, 2024, 1:29:13 AM PST",POSITIVE,0.9988898634910583
26416,addiction awareness and recovery,0.37621793150901794,"Mar 13, 2024, 1:29:13 AM PST",POSITIVE,0.9988898634910583
26416,social anxiety and relationships,0.3005598187446594,"Mar 13, 2024, 1:29:13 AM PST",POSITIVE,0.9988898634910583
26840,self-improvement and personal growth,0.8661242127418518,"Mar 8, 2024, 3:03:06 PM PST",POSITIVE,0.995758593082428
26840,motivation and mental strength,0.6536276936531067,"Mar 8, 2024, 3:03:06 PM PST",POSITIVE,0.995758593082428
26840,mental health experiences,0.5950155854225159,"Mar 8, 2024, 3:03:06 PM PST",POSITIVE,0.995758593082428
26840,mindfulness and mental wellness,0.5094479322433472,"Mar 8, 2024, 3:03:06 PM PST",POSITIVE,0.995758593082428
26840,self-care practices,0.46333444118499756,"Mar 8, 2024, 3:03:06 PM PST",POSITIVE,0.995758593082428
26840,addiction awareness and recovery,0.3375985026359558,"Mar 8, 2024, 3:03:06 PM PST",POSITIVE,0.995758593082428
27252,motivation and mental strength,0.8141148090362549,"Mar 3, 2024, 12:45:33 PM PST",NEGATIVE,0.9625982642173767
27252,mindfulness and mental wellness,0.7787840962409973,"Mar 3, 2024, 12:45:33 PM PST",NEGATIVE,0.9625982642173767
27252,self-improvement and personal growth,0.7266570329666138,"Mar 3, 2024, 12:45:33 PM PST",NEGATIVE,0.9625982642173767
27252,mental health experiences,0.6006703972816467,"Mar 3, 2024, 12:45:33 PM PST",NEGATIVE,0.9625982642173767
27252,addiction awareness and recovery,0.572081446647644,"Mar 3, 2024, 12:45:33 PM PST",NEGATIVE,0.9625982642173767
27252,sleep and mental wellness,0.566417932510376,"Mar 3, 2024, 12:45:33 PM PST",NEGATIVE,0.9625982642173767
27252,self-care practices,0.5393773913383484,"Mar 3, 2024, 12:45:33 PM PST",NEGATIVE,0.9625982642173767
27252,therapy and mental health support,0.47416916489601135,"Mar 3, 2024, 12:45:33 PM PST",NEGATIVE,0.9625982642173767
27252,trauma awareness and healing,0.46394363045692444,"Mar 3, 2024, 12:45:33 PM PST",NEGATIVE,0.9625982642173767
27252,work-life balance and burnout,0.46175891160964966,"Mar 3, 2024, 12:45:33 PM PST",NEGATIVE,0.9625982642173767
27252,mental health education,0.37595483660697937,"Mar 3, 2024, 12:45:33 PM PST",NEGATIVE,0.9625982642173767
27252,social anxiety and relationships,0.3445782959461212,"Mar 3, 2024, 12:45:33 PM PST",NEGATIVE,0.9625982642173767
26417,motivation and mental strength,0.9654848575592041,"Mar 13, 2024, 1:25:19 AM PST",POSITIVE,0.7209709882736206
26417,mental health experiences,0.9356311559677124,"Mar 13, 2024, 1:25:19 AM PST",POSITIVE,0.7209709882736206
26417,mindfulness and mental wellness,0.8678399324417114,"Mar 13, 2024, 1:25:19 AM PST",POSITIVE,0.7209709882736206
26417,self-improvement and personal growth,0.8366124629974365,"Mar 13, 2024, 1:25:19 AM PST",POSITIVE,0.7209709882736206
26417,depression and emotional support,0.7703741192817688,"Mar 13, 2024, 1:25:19 AM PST",POSITIVE,0.7209709882736206
26417,addiction awareness and recovery,0.7236695289611816,"Mar 13, 2024, 1:25:19 AM PST",POSITIVE,0.7209709882736206
26417,mental health education,0.6972737312316895,"Mar 13, 2024, 1:25:19 AM PST",POSITIVE,0.7209709882736206
26417,self-care practices,0.5644845962524414,"Mar 13, 2024, 1:25:19 AM PST",POSITIVE,0.7209709882736206
26417,sleep and mental wellness,0.5236934423446655,"Mar 13, 2024, 1:25:19 AM PST",POSITIVE,0.7209709882736206
26417,work-life balance and burnout,0.4501095414161682,"Mar 13, 2024, 1:25:19 AM PST",POSITIVE,0.7209709882736206
26417,therapy and mental health support,0.4479265511035919,"Mar 13, 2024, 1:25:19 AM PST",POSITIVE,0.7209709882736206
26417,trauma awareness and healing,0.36508265137672424,"Mar 13, 2024, 1:25:19 AM PST",POSITIVE,0.7209709882736206
27253,motivation and mental strength,0.7261005640029907,"Mar 3, 2024, 12:42:21 PM PST",POSITIVE,0.9222614765167236
27253,self-improvement and personal growth,0.6619856357574463,"Mar 3, 2024, 12:42:21 PM PST",POSITIVE,0.9222614765167236
27253,mindfulness and mental wellness,0.6012083292007446,"Mar 3, 2024, 12:42:21 PM PST",POSITIVE,0.9222614765167236
27253,mental health experiences,0.44273391366004944,"Mar 3, 2024, 12:42:21 PM PST",POSITIVE,0.9222614765167236
27253,social anxiety and relationships,0.42762044072151184,"Mar 3, 2024, 12:42:21 PM PST",POSITIVE,0.9222614765167236
26418,motivation and mental strength,0.9618951082229614,"Mar 13, 2024, 1:21:17 AM PST",NEGATIVE,0.9670203924179077
26418,mental health experiences,0.9039357304573059,"Mar 13, 2024, 1:21:17 AM PST",NEGATIVE,0.9670203924179077
26418,self-improvement and personal growth,0.8807172179222107,"Mar 13, 2024, 1:21:17 AM PST",NEGATIVE,0.9670203924179077
26418,self-care practices,0.8403319120407104,"Mar 13, 2024, 1:21:17 AM PST",NEGATIVE,0.9670203924179077
26418,mindfulness and mental wellness,0.8341920375823975,"Mar 13, 2024, 1:21:17 AM PST",NEGATIVE,0.9670203924179077
26418,sleep and mental wellness,0.8029390573501587,"Mar 13, 2024, 1:21:17 AM PST",NEGATIVE,0.9670203924179077
26418,mental health education,0.7387748956680298,"Mar 13, 2024, 1:21:17 AM PST",NEGATIVE,0.9670203924179077
26418,addiction awareness and recovery,0.6057637929916382,"Mar 13, 2024, 1:21:17 AM PST",NEGATIVE,0.9670203924179077
26418,social anxiety and relationships,0.6030303239822388,"Mar 13, 2024, 1:21:17 AM PST",NEGATIVE,0.9670203924179077
26418,work-life balance and burnout,0.5619140267372131,"Mar 13, 2024, 1:21:17 AM PST",NEGATIVE,0.9670203924179077
26418,emotional health discussion,0.4662371873855591,"Mar 13, 2024, 1:21:17 AM PST",NEGATIVE,0.9670203924179077
26418,therapy and mental health support,0.44968459010124207,"Mar 13, 2024, 1:21:17 AM PST",NEGATIVE,0.9670203924179077
26418,trauma awareness and healing,0.43008437752723694,"Mar 13, 2024, 1:21:17 AM PST",NEGATIVE,0.9670203924179077
26842,self-improvement and personal growth,0.5645139813423157,"Mar 8, 2024, 3:02:44 PM PST",POSITIVE,0.9945988655090332
26842,mindfulness and mental wellness,0.36910632252693176,"Mar 8, 2024, 3:02:44 PM PST",POSITIVE,0.9945988655090332
27254,self-improvement and personal growth,0.9191965460777283,"Mar 3, 2024, 12:39:45 PM PST",POSITIVE,0.9988898634910583
27254,motivation and mental strength,0.9074363708496094,"Mar 3, 2024, 12:39:45 PM PST",POSITIVE,0.9988898634910583
27254,mindfulness and mental wellness,0.648495078086853,"Mar 3, 2024, 12:39:45 PM PST",POSITIVE,0.9988898634910583
27254,self-care practices,0.5827581882476807,"Mar 3, 2024, 12:39:45 PM PST",POSITIVE,0.9988898634910583
27254,mental health experiences,0.5775260329246521,"Mar 3, 2024, 12:39:45 PM PST",POSITIVE,0.9988898634910583
27254,addiction awareness and recovery,0.37621793150901794,"Mar 3, 2024, 12:39:45 PM PST",POSITIVE,0.9988898634910583
27254,social anxiety and relationships,0.3005598187446594,"Mar 3, 2024, 12:39:45 PM PST",POSITIVE,0.9988898634910583
26843,motivation and mental strength,0.8557595014572144,"Mar 8, 2024, 3:02:00 PM PST",POSITIVE,0.9952665567398071
26843,self-improvement and personal growth,0.8232256174087524,"Mar 8, 2024, 3:02:00 PM PST",POSITIVE,0.9952665567398071
26843,mindfulness and mental wellness,0.5130200386047363,"Mar 8, 2024, 3:02:00 PM PST",POSITIVE,0.9952665567398071
26843,self-care practices,0.46094706654548645,"Mar 8, 2024, 3:02:00 PM PST",POSITIVE,0.9952665567398071
26843,emotional health discussion,0.4306485056877136,"Mar 8, 2024, 3:02:00 PM PST",POSITIVE,0.9952665567398071
27255,self-improvement and personal growth,0.864277184009552,"Mar 3, 2024, 3:32:34 AM PST",NEGATIVE,0.9896346926689148
27255,social anxiety and relationships,0.7614359855651855,"Mar 3, 2024, 3:32:34 AM PST",NEGATIVE,0.9896346926689148
27255,mental health experiences,0.7111457586288452,"Mar 3, 2024, 3:32:34 AM PST",NEGATIVE,0.9896346926689148
27255,emotional health discussion,0.6409021019935608,"Mar 3, 2024, 3:32:34 AM PST",NEGATIVE,0.9896346926689148
27255,work-life balance and burnout,0.637211799621582,"Mar 3, 2024, 3:32:34 AM PST",NEGATIVE,0.9896346926689148
27255,self-care practices,0.5631301403045654,"Mar 3, 2024, 3:32:34 AM PST",NEGATIVE,0.9896346926689148
27255,mental health education,0.5466081500053406,"Mar 3, 2024, 3:32:34 AM PST",NEGATIVE,0.9896346926689148
27255,motivation and mental strength,0.4667776823043823,"Mar 3, 2024, 3:32:34 AM PST",NEGATIVE,0.9896346926689148
27255,anxiety and stress management,0.423504114151001,"Mar 3, 2024, 3:32:34 AM PST",NEGATIVE,0.9896346926689148
27255,addiction awareness and recovery,0.3482212722301483,"Mar 3, 2024, 3:32:34 AM PST",NEGATIVE,0.9896346926689148
26419,self-improvement and personal growth,0.48796942830085754,"Mar 13, 2024, 1:17:14 AM PST",POSITIVE,0.9363340139389038
26844,self-improvement and personal growth,0.921647846698761,"Mar 8, 2024, 3:00:48 PM PST",NEGATIVE,0.9334700703620911
26844,mental health experiences,0.7992133498191833,"Mar 8, 2024, 3:00:48 PM PST",NEGATIVE,0.9334700703620911
26844,motivation and mental strength,0.79095858335495,"Mar 8, 2024, 3:00:48 PM PST",NEGATIVE,0.9334700703620911
26844,mindfulness and mental wellness,0.6799397468566895,"Mar 8, 2024, 3:00:48 PM PST",NEGATIVE,0.9334700703620911
26844,self-care practices,0.6393998265266418,"Mar 8, 2024, 3:00:48 PM PST",NEGATIVE,0.9334700703620911
26844,addiction awareness and recovery,0.6187841296195984,"Mar 8, 2024, 3:00:48 PM PST",NEGATIVE,0.9334700703620911
26844,trauma awareness and healing,0.5546219944953918,"Mar 8, 2024, 3:00:48 PM PST",NEGATIVE,0.9334700703620911
26844,work-life balance and burnout,0.4183896780014038,"Mar 8, 2024, 3:00:48 PM PST",NEGATIVE,0.9334700703620911
26844,emotional health discussion,0.37941843271255493,"Mar 8, 2024, 3:00:48 PM PST",NEGATIVE,0.9334700703620911
26844,mental health education,0.3496089577674866,"Mar 8, 2024, 3:00:48 PM PST",NEGATIVE,0.9334700703620911
26844,depression and emotional support,0.34828728437423706,"Mar 8, 2024, 3:00:48 PM PST",NEGATIVE,0.9334700703620911
27256,self-improvement and personal growth,0.9468510150909424,"Mar 3, 2024, 3:28:28 AM PST",POSITIVE,0.8518282771110535
27256,mindfulness and mental wellness,0.9044063687324524,"Mar 3, 2024, 3:28:28 AM PST",POSITIVE,0.8518282771110535
27256,motivation and mental strength,0.8786581158638,"Mar 3, 2024, 3:28:28 AM PST",POSITIVE,0.8518282771110535
27256,self-care practices,0.6768155694007874,"Mar 3, 2024, 3:28:28 AM PST",POSITIVE,0.8518282771110535
27256,mental health experiences,0.5523718595504761,"Mar 3, 2024, 3:28:28 AM PST",POSITIVE,0.8518282771110535
27256,sleep and mental wellness,0.4654301106929779,"Mar 3, 2024, 3:28:28 AM PST",POSITIVE,0.8518282771110535
26845,mental health experiences,0.8024840354919434,"Mar 8, 2024, 2:56:41 PM PST",POSITIVE,0.9913034439086914
26845,motivation and mental strength,0.7923174500465393,"Mar 8, 2024, 2:56:41 PM PST",POSITIVE,0.9913034439086914
26845,self-improvement and personal growth,0.778727650642395,"Mar 8, 2024, 2:56:41 PM PST",POSITIVE,0.9913034439086914
26845,emotional health discussion,0.7137460708618164,"Mar 8, 2024, 2:56:41 PM PST",POSITIVE,0.9913034439086914
26845,addiction awareness and recovery,0.6790069937705994,"Mar 8, 2024, 2:56:41 PM PST",POSITIVE,0.9913034439086914
26845,work-life balance and burnout,0.6637836694717407,"Mar 8, 2024, 2:56:41 PM PST",POSITIVE,0.9913034439086914
26845,mental health education,0.5350179672241211,"Mar 8, 2024, 2:56:41 PM PST",POSITIVE,0.9913034439086914
26845,therapy and mental health support,0.40797504782676697,"Mar 8, 2024, 2:56:41 PM PST",POSITIVE,0.9913034439086914
26845,social anxiety and relationships,0.38352730870246887,"Mar 8, 2024, 2:56:41 PM PST",POSITIVE,0.9913034439086914
26845,anxiety and stress management,0.3057812452316284,"Mar 8, 2024, 2:56:41 PM PST",POSITIVE,0.9913034439086914
27257,motivation and mental strength,0.9464677572250366,"Mar 3, 2024, 3:24:15 AM PST",NEGATIVE,0.8274638652801514
27257,mindfulness and mental wellness,0.839881420135498,"Mar 3, 2024, 3:24:15 AM PST",NEGATIVE,0.8274638652801514
27257,self-improvement and personal growth,0.8374682664871216,"Mar 3, 2024, 3:24:15 AM PST",NEGATIVE,0.8274638652801514
27257,sleep and mental wellness,0.5486624240875244,"Mar 3, 2024, 3:24:15 AM PST",NEGATIVE,0.8274638652801514
27257,mental health experiences,0.5197718143463135,"Mar 3, 2024, 3:24:15 AM PST",NEGATIVE,0.8274638652801514
27257,addiction awareness and recovery,0.3780013620853424,"Mar 3, 2024, 3:24:15 AM PST",NEGATIVE,0.8274638652801514
27257,self-care practices,0.35154837369918823,"Mar 3, 2024, 3:24:15 AM PST",NEGATIVE,0.8274638652801514
27257,trauma awareness and healing,0.301146537065506,"Mar 3, 2024, 3:24:15 AM PST",NEGATIVE,0.8274638652801514
26420,motivation and mental strength,0.8141148090362549,"Mar 13, 2024, 1:14:36 AM PST",NEGATIVE,0.9625982642173767
26420,mindfulness and mental wellness,0.7787840962409973,"Mar 13, 2024, 1:14:36 AM PST",NEGATIVE,0.9625982642173767
26420,self-improvement and personal growth,0.7266570329666138,"Mar 13, 2024, 1:14:36 AM PST",NEGATIVE,0.9625982642173767
26420,mental health experiences,0.6006703972816467,"Mar 13, 2024, 1:14:36 AM PST",NEGATIVE,0.9625982642173767
26420,addiction awareness and recovery,0.572081446647644,"Mar 13, 2024, 1:14:36 AM PST",NEGATIVE,0.9625982642173767
26420,sleep and mental wellness,0.566417932510376,"Mar 13, 2024, 1:14:36 AM PST",NEGATIVE,0.9625982642173767
26420,self-care practices,0.5393773913383484,"Mar 13, 2024, 1:14:36 AM PST",NEGATIVE,0.9625982642173767
26420,therapy and mental health support,0.47416916489601135,"Mar 13, 2024, 1:14:36 AM PST",NEGATIVE,0.9625982642173767
26420,trauma awareness and healing,0.46394363045692444,"Mar 13, 2024, 1:14:36 AM PST",NEGATIVE,0.9625982642173767
26420,work-life balance and burnout,0.46175891160964966,"Mar 13, 2024, 1:14:36 AM PST",NEGATIVE,0.9625982642173767
26420,mental health education,0.37595483660697937,"Mar 13, 2024, 1:14:36 AM PST",NEGATIVE,0.9625982642173767
26420,social anxiety and relationships,0.3445782959461212,"Mar 13, 2024, 1:14:36 AM PST",NEGATIVE,0.9625982642173767
26846,mindfulness and mental wellness,0.9621104598045349,"Mar 8, 2024, 2:52:26 PM PST",NEGATIVE,0.918188214302063
26846,motivation and mental strength,0.949796199798584,"Mar 8, 2024, 2:52:26 PM PST",NEGATIVE,0.918188214302063
26846,self-improvement and personal growth,0.9220228791236877,"Mar 8, 2024, 2:52:26 PM PST",NEGATIVE,0.918188214302063
26846,sleep and mental wellness,0.8900743126869202,"Mar 8, 2024, 2:52:26 PM PST",NEGATIVE,0.918188214302063
26846,mental health experiences,0.8299062848091125,"Mar 8, 2024, 2:52:26 PM PST",NEGATIVE,0.918188214302063
26846,emotional health discussion,0.7757043838500977,"Mar 8, 2024, 2:52:26 PM PST",NEGATIVE,0.918188214302063
26846,self-care practices,0.7711847424507141,"Mar 8, 2024, 2:52:26 PM PST",NEGATIVE,0.918188214302063
26846,mental health education,0.6982561945915222,"Mar 8, 2024, 2:52:26 PM PST",NEGATIVE,0.918188214302063
26846,therapy and mental health support,0.5953956246376038,"Mar 8, 2024, 2:52:26 PM PST",NEGATIVE,0.918188214302063
26846,addiction awareness and recovery,0.5813552141189575,"Mar 8, 2024, 2:52:26 PM PST",NEGATIVE,0.918188214302063
26846,trauma awareness and healing,0.5649771690368652,"Mar 8, 2024, 2:52:26 PM PST",NEGATIVE,0.918188214302063
26846,work-life balance and burnout,0.5441895723342896,"Mar 8, 2024, 2:52:26 PM PST",NEGATIVE,0.918188214302063
26846,depression and emotional support,0.46464017033576965,"Mar 8, 2024, 2:52:26 PM PST",NEGATIVE,0.918188214302063
26846,social anxiety and relationships,0.32321614027023315,"Mar 8, 2024, 2:52:26 PM PST",NEGATIVE,0.918188214302063
27258,self-improvement and personal growth,0.7938857078552246,"Mar 3, 2024, 3:21:09 AM PST",POSITIVE,0.8751393556594849
27258,motivation and mental strength,0.745958149433136,"Mar 3, 2024, 3:21:09 AM PST",POSITIVE,0.8751393556594849
27258,mindfulness and mental wellness,0.5236124396324158,"Mar 3, 2024, 3:21:09 AM PST",POSITIVE,0.8751393556594849
27258,addiction awareness and recovery,0.4733121693134308,"Mar 3, 2024, 3:21:09 AM PST",POSITIVE,0.8751393556594849
27258,mental health experiences,0.38377484679222107,"Mar 3, 2024, 3:21:09 AM PST",POSITIVE,0.8751393556594849
27258,self-care practices,0.3149738013744354,"Mar 3, 2024, 3:21:09 AM PST",POSITIVE,0.8751393556594849
26421,motivation and mental strength,0.9464677572250366,"Mar 13, 2024, 1:10:24 AM PST",NEGATIVE,0.8274638652801514
26421,mindfulness and mental wellness,0.839881420135498,"Mar 13, 2024, 1:10:24 AM PST",NEGATIVE,0.8274638652801514
26421,self-improvement and personal growth,0.8374682664871216,"Mar 13, 2024, 1:10:24 AM PST",NEGATIVE,0.8274638652801514
26421,sleep and mental wellness,0.5486624240875244,"Mar 13, 2024, 1:10:24 AM PST",NEGATIVE,0.8274638652801514
26421,mental health experiences,0.5197718143463135,"Mar 13, 2024, 1:10:24 AM PST",NEGATIVE,0.8274638652801514
26421,addiction awareness and recovery,0.3780013620853424,"Mar 13, 2024, 1:10:24 AM PST",NEGATIVE,0.8274638652801514
26421,self-care practices,0.35154837369918823,"Mar 13, 2024, 1:10:24 AM PST",NEGATIVE,0.8274638652801514
26421,trauma awareness and healing,0.301146537065506,"Mar 13, 2024, 1:10:24 AM PST",NEGATIVE,0.8274638652801514
26847,self-improvement and personal growth,0.7877764701843262,"Mar 8, 2024, 2:49:13 PM PST",NEGATIVE,0.866844654083252
26847,motivation and mental strength,0.6167957782745361,"Mar 8, 2024, 2:49:13 PM PST",NEGATIVE,0.866844654083252
26847,mental health experiences,0.36816301941871643,"Mar 8, 2024, 2:49:13 PM PST",NEGATIVE,0.866844654083252
27259,motivation and mental strength,0.349619060754776,"Mar 3, 2024, 3:16:50 AM PST",POSITIVE,0.9941864013671875
26422,motivation and mental strength,0.7261005640029907,"Mar 13, 2024, 1:07:13 AM PST",POSITIVE,0.9222614765167236
26422,self-improvement and personal growth,0.6619856357574463,"Mar 13, 2024, 1:07:13 AM PST",POSITIVE,0.9222614765167236
26422,mindfulness and mental wellness,0.6012083292007446,"Mar 13, 2024, 1:07:13 AM PST",POSITIVE,0.9222614765167236
26422,mental health experiences,0.44273391366004944,"Mar 13, 2024, 1:07:13 AM PST",POSITIVE,0.9222614765167236
26422,social anxiety and relationships,0.42762044072151184,"Mar 13, 2024, 1:07:13 AM PST",POSITIVE,0.9222614765167236
26848,self-improvement and personal growth,0.9430195689201355,"Mar 8, 2024, 2:45:44 PM PST",NEGATIVE,0.6299251914024353
26848,motivation and mental strength,0.7949743270874023,"Mar 8, 2024, 2:45:44 PM PST",NEGATIVE,0.6299251914024353
26849,motivation and mental strength,0.9133338332176208,"Mar 8, 2024, 2:42:56 PM PST",NEGATIVE,0.9952321648597717
26849,self-improvement and personal growth,0.6867323517799377,"Mar 8, 2024, 2:42:56 PM PST",NEGATIVE,0.9952321648597717
26849,emotional health discussion,0.5939756035804749,"Mar 8, 2024, 2:42:56 PM PST",NEGATIVE,0.9952321648597717
26849,mental health experiences,0.5648842453956604,"Mar 8, 2024, 2:42:56 PM PST",NEGATIVE,0.9952321648597717
26849,addiction awareness and recovery,0.33662471175193787,"Mar 8, 2024, 2:42:56 PM PST",NEGATIVE,0.9952321648597717
26849,anxiety and stress management,0.30211886763572693,"Mar 8, 2024, 2:42:56 PM PST",NEGATIVE,0.9952321648597717
26423,motivation and mental strength,0.8121618628501892,"Mar 13, 2024, 1:04:22 AM PST",POSITIVE,0.9798790216445923
26423,self-improvement and personal growth,0.5336199998855591,"Mar 13, 2024, 1:04:22 AM PST",POSITIVE,0.9798790216445923
26423,mental health experiences,0.45735785365104675,"Mar 13, 2024, 1:04:22 AM PST",POSITIVE,0.9798790216445923
27260,self-improvement and personal growth,0.605745792388916,"Mar 3, 2024, 3:13:02 AM PST",POSITIVE,0.9473690390586853
27260,motivation and mental strength,0.5005736351013184,"Mar 3, 2024, 3:13:02 AM PST",POSITIVE,0.9473690390586853
27260,mental health experiences,0.3497450649738312,"Mar 3, 2024, 3:13:02 AM PST",POSITIVE,0.9473690390586853
26424,addiction awareness and recovery,0.931242048740387,"Mar 12, 2024, 9:43:32 PM PST",NEGATIVE,0.995772659778595
26424,motivation and mental strength,0.8544976115226746,"Mar 12, 2024, 9:43:32 PM PST",NEGATIVE,0.995772659778595
26424,mental health experiences,0.7908738255500793,"Mar 12, 2024, 9:43:32 PM PST",NEGATIVE,0.995772659778595
26424,self-improvement and personal growth,0.7337834239006042,"Mar 12, 2024, 9:43:32 PM PST",NEGATIVE,0.995772659778595
26424,work-life balance and burnout,0.6335158348083496,"Mar 12, 2024, 9:43:32 PM PST",NEGATIVE,0.995772659778595
26424,emotional health discussion,0.5306999683380127,"Mar 12, 2024, 9:43:32 PM PST",NEGATIVE,0.995772659778595
26424,social anxiety and relationships,0.5040439367294312,"Mar 12, 2024, 9:43:32 PM PST",NEGATIVE,0.995772659778595
26424,self-care practices,0.42348212003707886,"Mar 12, 2024, 9:43:32 PM PST",NEGATIVE,0.995772659778595
27261,sleep and mental wellness,0.9678153395652771,"Mar 3, 2024, 12:19:13 AM PST",NEGATIVE,0.9101824164390564
27261,mindfulness and mental wellness,0.8807048201560974,"Mar 3, 2024, 12:19:13 AM PST",NEGATIVE,0.9101824164390564
27261,self-care practices,0.8578969836235046,"Mar 3, 2024, 12:19:13 AM PST",NEGATIVE,0.9101824164390564
27261,self-improvement and personal growth,0.8273090720176697,"Mar 3, 2024, 12:19:13 AM PST",NEGATIVE,0.9101824164390564
27261,motivation and mental strength,0.7758001685142517,"Mar 3, 2024, 12:19:13 AM PST",NEGATIVE,0.9101824164390564
27261,mental health experiences,0.5811592936515808,"Mar 3, 2024, 12:19:13 AM PST",NEGATIVE,0.9101824164390564
27261,anxiety and stress management,0.46530812978744507,"Mar 3, 2024, 12:19:13 AM PST",NEGATIVE,0.9101824164390564
27261,addiction awareness and recovery,0.32074326276779175,"Mar 3, 2024, 12:19:13 AM PST",NEGATIVE,0.9101824164390564
26850,motivation and mental strength,0.674424409866333,"Mar 8, 2024, 2:14:27 PM PST",NEGATIVE,0.9313968420028687
26850,self-improvement and personal growth,0.46679574251174927,"Mar 8, 2024, 2:14:27 PM PST",NEGATIVE,0.9313968420028687
27262,self-improvement and personal growth,0.8382492661476135,"Mar 3, 2024, 12:12:58 AM PST",POSITIVE,0.9769405126571655
27262,mindfulness and mental wellness,0.8379443883895874,"Mar 3, 2024, 12:12:58 AM PST",POSITIVE,0.9769405126571655
27262,motivation and mental strength,0.5042489171028137,"Mar 3, 2024, 12:12:58 AM PST",POSITIVE,0.9769405126571655
27262,mental health experiences,0.39773496985435486,"Mar 3, 2024, 12:12:58 AM PST",POSITIVE,0.9769405126571655
27262,self-care practices,0.37398266792297363,"Mar 3, 2024, 12:12:58 AM PST",POSITIVE,0.9769405126571655
26425,self-improvement and personal growth,0.7235913872718811,"Mar 12, 2024, 9:40:42 PM PST",NEGATIVE,0.9943335056304932
26425,motivation and mental strength,0.5356931686401367,"Mar 12, 2024, 9:40:42 PM PST",NEGATIVE,0.9943335056304932
26425,mental health experiences,0.49025192856788635,"Mar 12, 2024, 9:40:42 PM PST",NEGATIVE,0.9943335056304932
26851,social anxiety and relationships,0.7303298711776733,"Mar 8, 2024, 2:00:03 PM PST",NEGATIVE,0.9881929755210876
26851,mental health experiences,0.7073083519935608,"Mar 8, 2024, 2:00:03 PM PST",NEGATIVE,0.9881929755210876
26851,self-improvement and personal growth,0.6679271459579468,"Mar 8, 2024, 2:00:03 PM PST",NEGATIVE,0.9881929755210876
26851,motivation and mental strength,0.6048561930656433,"Mar 8, 2024, 2:00:03 PM PST",NEGATIVE,0.9881929755210876
26851,self-care practices,0.4304082989692688,"Mar 8, 2024, 2:00:03 PM PST",NEGATIVE,0.9881929755210876
26851,addiction awareness and recovery,0.42390555143356323,"Mar 8, 2024, 2:00:03 PM PST",NEGATIVE,0.9881929755210876
26851,mindfulness and mental wellness,0.33101165294647217,"Mar 8, 2024, 2:00:03 PM PST",NEGATIVE,0.9881929755210876
27263,mental health experiences,0.9666309356689453,"Mar 3, 2024, 12:04:36 AM PST",NEGATIVE,0.9859558343887329
27263,emotional health discussion,0.9647730588912964,"Mar 3, 2024, 12:04:36 AM PST",NEGATIVE,0.9859558343887329
27263,depression and emotional support,0.9624468684196472,"Mar 3, 2024, 12:04:36 AM PST",NEGATIVE,0.9859558343887329
27263,self-care practices,0.961593747138977,"Mar 3, 2024, 12:04:36 AM PST",NEGATIVE,0.9859558343887329
27263,self-improvement and personal growth,0.9459589123725891,"Mar 3, 2024, 12:04:36 AM PST",NEGATIVE,0.9859558343887329
27263,trauma awareness and healing,0.9174489974975586,"Mar 3, 2024, 12:04:36 AM PST",NEGATIVE,0.9859558343887329
27263,social anxiety and relationships,0.7592828273773193,"Mar 3, 2024, 12:04:36 AM PST",NEGATIVE,0.9859558343887329
27263,therapy and mental health support,0.712539792060852,"Mar 3, 2024, 12:04:36 AM PST",NEGATIVE,0.9859558343887329
27263,addiction awareness and recovery,0.7082570195198059,"Mar 3, 2024, 12:04:36 AM PST",NEGATIVE,0.9859558343887329
27263,mental health education,0.6901302337646484,"Mar 3, 2024, 12:04:36 AM PST",NEGATIVE,0.9859558343887329
27263,anxiety and stress management,0.3027486801147461,"Mar 3, 2024, 12:04:36 AM PST",NEGATIVE,0.9859558343887329
26426,self-improvement and personal growth,0.7738382816314697,"Mar 12, 2024, 9:37:52 PM PST",NEGATIVE,0.9972345232963562
26426,mental health experiences,0.6296162605285645,"Mar 12, 2024, 9:37:52 PM PST",NEGATIVE,0.9972345232963562
26426,emotional health discussion,0.49474528431892395,"Mar 12, 2024, 9:37:52 PM PST",NEGATIVE,0.9972345232963562
26426,trauma awareness and healing,0.45066237449645996,"Mar 12, 2024, 9:37:52 PM PST",NEGATIVE,0.9972345232963562
26426,motivation and mental strength,0.3834991455078125,"Mar 12, 2024, 9:37:52 PM PST",NEGATIVE,0.9972345232963562
26852,mental health experiences,0.7576762437820435,"Mar 8, 2024, 1:59:47 PM PST",NEGATIVE,0.7946931719779968
26852,self-improvement and personal growth,0.5286009311676025,"Mar 8, 2024, 1:59:47 PM PST",NEGATIVE,0.7946931719779968
26852,motivation and mental strength,0.5061411261558533,"Mar 8, 2024, 1:59:47 PM PST",NEGATIVE,0.7946931719779968
27264,self-improvement and personal growth,0.9774441719055176,"Mar 2, 2024, 11:58:50 PM PST",POSITIVE,0.6360278129577637
27264,motivation and mental strength,0.9391041994094849,"Mar 2, 2024, 11:58:50 PM PST",POSITIVE,0.6360278129577637
27264,mental health experiences,0.665709376335144,"Mar 2, 2024, 11:58:50 PM PST",POSITIVE,0.6360278129577637
27264,mindfulness and mental wellness,0.6149146556854248,"Mar 2, 2024, 11:58:50 PM PST",POSITIVE,0.6360278129577637
27264,self-care practices,0.5723880529403687,"Mar 2, 2024, 11:58:50 PM PST",POSITIVE,0.6360278129577637
27264,addiction awareness and recovery,0.5059488415718079,"Mar 2, 2024, 11:58:50 PM PST",POSITIVE,0.6360278129577637
27264,mental health education,0.37234771251678467,"Mar 2, 2024, 11:58:50 PM PST",POSITIVE,0.6360278129577637
27264,emotional health discussion,0.34444326162338257,"Mar 2, 2024, 11:58:50 PM PST",POSITIVE,0.6360278129577637
27264,trauma awareness and healing,0.3161647319793701,"Mar 2, 2024, 11:58:50 PM PST",POSITIVE,0.6360278129577637
26427,self-improvement and personal growth,0.6933265924453735,"Mar 12, 2024, 9:32:47 PM PST",NEGATIVE,0.7131345272064209
26427,motivation and mental strength,0.6730242371559143,"Mar 12, 2024, 9:32:47 PM PST",NEGATIVE,0.7131345272064209
27265,self-improvement and personal growth,0.773873507976532,"Mar 2, 2024, 11:55:54 PM PST",POSITIVE,0.861149787902832
27265,motivation and mental strength,0.696060836315155,"Mar 2, 2024, 11:55:54 PM PST",POSITIVE,0.861149787902832
27265,mental health experiences,0.34402045607566833,"Mar 2, 2024, 11:55:54 PM PST",POSITIVE,0.861149787902832
27265,addiction awareness and recovery,0.32880374789237976,"Mar 2, 2024, 11:55:54 PM PST",POSITIVE,0.861149787902832
26428,motivation and mental strength,0.8637905716896057,"Mar 12, 2024, 9:29:48 PM PST",POSITIVE,0.7219269275665283
26428,self-improvement and personal growth,0.7264575958251953,"Mar 12, 2024, 9:29:48 PM PST",POSITIVE,0.7219269275665283
26428,mental health experiences,0.3962211310863495,"Mar 12, 2024, 9:29:48 PM PST",POSITIVE,0.7219269275665283
26429,mental health experiences,0.8317086100578308,"Mar 12, 2024, 9:26:40 PM PST",NEGATIVE,0.9982829093933105
26429,self-improvement and personal growth,0.7449400424957275,"Mar 12, 2024, 9:26:40 PM PST",NEGATIVE,0.9982829093933105
26429,mindfulness and mental wellness,0.6574391722679138,"Mar 12, 2024, 9:26:40 PM PST",NEGATIVE,0.9982829093933105
26429,emotional health discussion,0.4766671359539032,"Mar 12, 2024, 9:26:40 PM PST",NEGATIVE,0.9982829093933105
26429,social anxiety and relationships,0.4144022464752197,"Mar 12, 2024, 9:26:40 PM PST",NEGATIVE,0.9982829093933105
26429,sleep and mental wellness,0.3819817900657654,"Mar 12, 2024, 9:26:40 PM PST",NEGATIVE,0.9982829093933105
27266,motivation and mental strength,0.8362513780593872,"Mar 2, 2024, 11:51:16 PM PST",NEGATIVE,0.9961466789245605
27266,mental health experiences,0.5815898776054382,"Mar 2, 2024, 11:51:16 PM PST",NEGATIVE,0.9961466789245605
27266,self-improvement and personal growth,0.5621167421340942,"Mar 2, 2024, 11:51:16 PM PST",NEGATIVE,0.9961466789245605
27266,addiction awareness and recovery,0.3875352740287781,"Mar 2, 2024, 11:51:16 PM PST",NEGATIVE,0.9961466789245605
26430,motivation and mental strength,0.9133338332176208,"Mar 12, 2024, 9:23:50 PM PST",NEGATIVE,0.9952321648597717
26430,self-improvement and personal growth,0.6867323517799377,"Mar 12, 2024, 9:23:50 PM PST",NEGATIVE,0.9952321648597717
26430,emotional health discussion,0.5939756035804749,"Mar 12, 2024, 9:23:50 PM PST",NEGATIVE,0.9952321648597717
26430,mental health experiences,0.5648842453956604,"Mar 12, 2024, 9:23:50 PM PST",NEGATIVE,0.9952321648597717
26430,addiction awareness and recovery,0.33662471175193787,"Mar 12, 2024, 9:23:50 PM PST",NEGATIVE,0.9952321648597717
26430,anxiety and stress management,0.30211886763572693,"Mar 12, 2024, 9:23:50 PM PST",NEGATIVE,0.9952321648597717
26854,self-improvement and personal growth,0.8321456909179688,"Mar 8, 2024, 1:59:28 PM PST",NEGATIVE,0.988280177116394
26854,motivation and mental strength,0.6647137403488159,"Mar 8, 2024, 1:59:28 PM PST",NEGATIVE,0.988280177116394
26854,mental health experiences,0.6250314712524414,"Mar 8, 2024, 1:59:28 PM PST",NEGATIVE,0.988280177116394
26855,self-improvement and personal growth,0.47507134079933167,"Mar 8, 2024, 1:58:59 PM PST",POSITIVE,0.9715623259544373
27267,self-improvement and personal growth,0.9967666268348694,"Mar 2, 2024, 11:50:43 PM PST",POSITIVE,0.9883621335029602
27267,motivation and mental strength,0.9703199863433838,"Mar 2, 2024, 11:50:43 PM PST",POSITIVE,0.9883621335029602
27267,self-care practices,0.6890945434570312,"Mar 2, 2024, 11:50:43 PM PST",POSITIVE,0.9883621335029602
27267,mental health education,0.41693052649497986,"Mar 2, 2024, 11:50:43 PM PST",POSITIVE,0.9883621335029602
27267,mental health experiences,0.39175575971603394,"Mar 2, 2024, 11:50:43 PM PST",POSITIVE,0.9883621335029602
26431,self-improvement and personal growth,0.605745792388916,"Mar 12, 2024, 7:47:15 PM PST",POSITIVE,0.9473690390586853
26431,motivation and mental strength,0.5005736351013184,"Mar 12, 2024, 7:47:15 PM PST",POSITIVE,0.9473690390586853
26431,mental health experiences,0.3497450649738312,"Mar 12, 2024, 7:47:15 PM PST",POSITIVE,0.9473690390586853
27268,self-improvement and personal growth,0.9665996432304382,"October 22, 2021",POSITIVE,0.9951190948486328
27268,mental health experiences,0.9261290431022644,"October 22, 2021",POSITIVE,0.9951190948486328
27268,motivation and mental strength,0.9224849939346313,"October 22, 2021",POSITIVE,0.9951190948486328
27268,mindfulness and mental wellness,0.9009810090065002,"October 22, 2021",POSITIVE,0.9951190948486328
27268,self-care practices,0.8826117515563965,"October 22, 2021",POSITIVE,0.9951190948486328
27268,addiction awareness and recovery,0.869679868221283,"October 22, 2021",POSITIVE,0.9951190948486328
27268,therapy and mental health support,0.8572654724121094,"October 22, 2021",POSITIVE,0.9951190948486328
27268,emotional health discussion,0.8337486982345581,"October 22, 2021",POSITIVE,0.9951190948486328
27268,mental health education,0.8268355131149292,"October 22, 2021",POSITIVE,0.9951190948486328
27268,trauma awareness and healing,0.8141041398048401,"October 22, 2021",POSITIVE,0.9951190948486328
27268,work-life balance and burnout,0.7098498344421387,"October 22, 2021",POSITIVE,0.9951190948486328
27268,depression and emotional support,0.6517433524131775,"October 22, 2021",POSITIVE,0.9951190948486328
27268,sleep and mental wellness,0.6431782245635986,"October 22, 2021",POSITIVE,0.9951190948486328
27268,anxiety and stress management,0.6162901520729065,"October 22, 2021",POSITIVE,0.9951190948486328
27268,social anxiety and relationships,0.5697489976882935,"October 22, 2021",POSITIVE,0.9951190948486328
26856,mental health experiences,0.8846646547317505,"Mar 8, 2024, 12:48:01 PM PST",POSITIVE,0.9587003588676453
26856,motivation and mental strength,0.862461507320404,"Mar 8, 2024, 12:48:01 PM PST",POSITIVE,0.9587003588676453
26856,self-improvement and personal growth,0.6603023409843445,"Mar 8, 2024, 12:48:01 PM PST",POSITIVE,0.9587003588676453
26856,work-life balance and burnout,0.34841111302375793,"Mar 8, 2024, 12:48:01 PM PST",POSITIVE,0.9587003588676453
26856,emotional health discussion,0.31549692153930664,"Mar 8, 2024, 12:48:01 PM PST",POSITIVE,0.9587003588676453
26856,addiction awareness and recovery,0.30403682589530945,"Mar 8, 2024, 12:48:01 PM PST",POSITIVE,0.9587003588676453
27269,motivation and mental strength,0.934283971786499,"Mar 2, 2024, 11:49:58 PM PST",NEGATIVE,0.6892473101615906
27269,mindfulness and mental wellness,0.8171635270118713,"Mar 2, 2024, 11:49:58 PM PST",NEGATIVE,0.6892473101615906
27269,self-improvement and personal growth,0.7956030368804932,"Mar 2, 2024, 11:49:58 PM PST",NEGATIVE,0.6892473101615906
27269,mental health experiences,0.7308151721954346,"Mar 2, 2024, 11:49:58 PM PST",NEGATIVE,0.6892473101615906
27269,mental health education,0.34032222628593445,"Mar 2, 2024, 11:49:58 PM PST",NEGATIVE,0.6892473101615906
27269,emotional health discussion,0.3130185306072235,"Mar 2, 2024, 11:49:58 PM PST",NEGATIVE,0.6892473101615906
27269,addiction awareness and recovery,0.3047705292701721,"Mar 2, 2024, 11:49:58 PM PST",NEGATIVE,0.6892473101615906
26432,self-improvement and personal growth,0.4588605463504791,"Mar 12, 2024, 7:44:39 PM PST",POSITIVE,0.9697220921516418
26432,mental health experiences,0.34512823820114136,"Mar 12, 2024, 7:44:39 PM PST",POSITIVE,0.9697220921516418
26433,self-improvement and personal growth,0.7801028490066528,"Mar 12, 2024, 7:41:26 PM PST",NEGATIVE,0.6218842267990112
26433,motivation and mental strength,0.7786842584609985,"Mar 12, 2024, 7:41:26 PM PST",NEGATIVE,0.6218842267990112
26433,mindfulness and mental wellness,0.5470317602157593,"Mar 12, 2024, 7:41:26 PM PST",NEGATIVE,0.6218842267990112
26433,social anxiety and relationships,0.4609915018081665,"Mar 12, 2024, 7:41:26 PM PST",NEGATIVE,0.6218842267990112
26433,mental health experiences,0.3955262005329132,"Mar 12, 2024, 7:41:26 PM PST",NEGATIVE,0.6218842267990112
26433,self-care practices,0.3484255075454712,"Mar 12, 2024, 7:41:26 PM PST",NEGATIVE,0.6218842267990112
26433,addiction awareness and recovery,0.310846745967865,"Mar 12, 2024, 7:41:26 PM PST",NEGATIVE,0.6218842267990112
26857,motivation and mental strength,0.5309329628944397,"Mar 8, 2024, 12:42:37 PM PST",POSITIVE,0.9236475825309753
26857,self-improvement and personal growth,0.4880068004131317,"Mar 8, 2024, 12:42:37 PM PST",POSITIVE,0.9236475825309753
26857,mental health experiences,0.329996794462204,"Mar 8, 2024, 12:42:37 PM PST",POSITIVE,0.9236475825309753
27271,self-improvement and personal growth,0.9069118499755859,"Mar 2, 2024, 11:47:40 PM PST",POSITIVE,0.5207919478416443
27271,motivation and mental strength,0.759130597114563,"Mar 2, 2024, 11:47:40 PM PST",POSITIVE,0.5207919478416443
27271,mental health experiences,0.7013838887214661,"Mar 2, 2024, 11:47:40 PM PST",POSITIVE,0.5207919478416443
27271,mental health education,0.6839503645896912,"Mar 2, 2024, 11:47:40 PM PST",POSITIVE,0.5207919478416443
27271,self-care practices,0.6315814256668091,"Mar 2, 2024, 11:47:40 PM PST",POSITIVE,0.5207919478416443
27271,emotional health discussion,0.5646578073501587,"Mar 2, 2024, 11:47:40 PM PST",POSITIVE,0.5207919478416443
27271,mindfulness and mental wellness,0.5145503282546997,"Mar 2, 2024, 11:47:40 PM PST",POSITIVE,0.5207919478416443
27271,therapy and mental health support,0.5040470361709595,"Mar 2, 2024, 11:47:40 PM PST",POSITIVE,0.5207919478416443
27271,social anxiety and relationships,0.4624291956424713,"Mar 2, 2024, 11:47:40 PM PST",POSITIVE,0.5207919478416443
27271,work-life balance and burnout,0.34724071621894836,"Mar 2, 2024, 11:47:40 PM PST",POSITIVE,0.5207919478416443
26858,mindfulness and mental wellness,0.9505465030670166,"Mar 8, 2024, 12:39:53 PM PST",POSITIVE,0.8624836206436157
26858,motivation and mental strength,0.939424455165863,"Mar 8, 2024, 12:39:53 PM PST",POSITIVE,0.8624836206436157
26858,self-improvement and personal growth,0.8666756749153137,"Mar 8, 2024, 12:39:53 PM PST",POSITIVE,0.8624836206436157
26858,sleep and mental wellness,0.8024659752845764,"Mar 8, 2024, 12:39:53 PM PST",POSITIVE,0.8624836206436157
26858,addiction awareness and recovery,0.6501777768135071,"Mar 8, 2024, 12:39:53 PM PST",POSITIVE,0.8624836206436157
26858,mental health experiences,0.6443718075752258,"Mar 8, 2024, 12:39:53 PM PST",POSITIVE,0.8624836206436157
26858,trauma awareness and healing,0.5863822102546692,"Mar 8, 2024, 12:39:53 PM PST",POSITIVE,0.8624836206436157
26858,self-care practices,0.5146719217300415,"Mar 8, 2024, 12:39:53 PM PST",POSITIVE,0.8624836206436157
26858,anxiety and stress management,0.32514023780822754,"Mar 8, 2024, 12:39:53 PM PST",POSITIVE,0.8624836206436157
26858,mental health education,0.31432050466537476,"Mar 8, 2024, 12:39:53 PM PST",POSITIVE,0.8624836206436157
26434,motivation and mental strength,0.9464677572250366,"Mar 12, 2024, 7:37:12 PM PST",NEGATIVE,0.8274638652801514
26434,mindfulness and mental wellness,0.839881420135498,"Mar 12, 2024, 7:37:12 PM PST",NEGATIVE,0.8274638652801514
26434,self-improvement and personal growth,0.8374682664871216,"Mar 12, 2024, 7:37:12 PM PST",NEGATIVE,0.8274638652801514
26434,sleep and mental wellness,0.5486624240875244,"Mar 12, 2024, 7:37:12 PM PST",NEGATIVE,0.8274638652801514
26434,mental health experiences,0.5197718143463135,"Mar 12, 2024, 7:37:12 PM PST",NEGATIVE,0.8274638652801514
26434,addiction awareness and recovery,0.3780013620853424,"Mar 12, 2024, 7:37:12 PM PST",NEGATIVE,0.8274638652801514
26434,self-care practices,0.35154837369918823,"Mar 12, 2024, 7:37:12 PM PST",NEGATIVE,0.8274638652801514
26434,trauma awareness and healing,0.301146537065506,"Mar 12, 2024, 7:37:12 PM PST",NEGATIVE,0.8274638652801514
27272,self-improvement and personal growth,0.9059268832206726,"Mar 2, 2024, 11:46:40 PM PST",POSITIVE,0.5522530674934387
27272,motivation and mental strength,0.8222869634628296,"Mar 2, 2024, 11:46:40 PM PST",POSITIVE,0.5522530674934387
27272,mindfulness and mental wellness,0.6634390354156494,"Mar 2, 2024, 11:46:40 PM PST",POSITIVE,0.5522530674934387
27272,self-care practices,0.6075436472892761,"Mar 2, 2024, 11:46:40 PM PST",POSITIVE,0.5522530674934387
27272,mental health experiences,0.5218539237976074,"Mar 2, 2024, 11:46:40 PM PST",POSITIVE,0.5522530674934387
27272,addiction awareness and recovery,0.33081358671188354,"Mar 2, 2024, 11:46:40 PM PST",POSITIVE,0.5522530674934387
27273,motivation and mental strength,0.8721322417259216,"Mar 2, 2024, 10:12:20 PM PST",POSITIVE,0.8197348117828369
27273,self-improvement and personal growth,0.852814793586731,"Mar 2, 2024, 10:12:20 PM PST",POSITIVE,0.8197348117828369
27273,addiction awareness and recovery,0.7976272702217102,"Mar 2, 2024, 10:12:20 PM PST",POSITIVE,0.8197348117828369
27273,mindfulness and mental wellness,0.7500684261322021,"Mar 2, 2024, 10:12:20 PM PST",POSITIVE,0.8197348117828369
27273,mental health experiences,0.6115016937255859,"Mar 2, 2024, 10:12:20 PM PST",POSITIVE,0.8197348117828369
27273,trauma awareness and healing,0.4830280840396881,"Mar 2, 2024, 10:12:20 PM PST",POSITIVE,0.8197348117828369
27273,self-care practices,0.4817405343055725,"Mar 2, 2024, 10:12:20 PM PST",POSITIVE,0.8197348117828369
27273,social anxiety and relationships,0.4194038510322571,"Mar 2, 2024, 10:12:20 PM PST",POSITIVE,0.8197348117828369
27273,work-life balance and burnout,0.40568408370018005,"Mar 2, 2024, 10:12:20 PM PST",POSITIVE,0.8197348117828369
27273,emotional health discussion,0.33683064579963684,"Mar 2, 2024, 10:12:20 PM PST",POSITIVE,0.8197348117828369
27273,mental health education,0.30059897899627686,"Mar 2, 2024, 10:12:20 PM PST",POSITIVE,0.8197348117828369
26859,trauma awareness and healing,0.9279143810272217,"Mar 8, 2024, 12:36:03 PM PST",POSITIVE,0.9095914363861084
26859,motivation and mental strength,0.9242106676101685,"Mar 8, 2024, 12:36:03 PM PST",POSITIVE,0.9095914363861084
26859,self-improvement and personal growth,0.8841927647590637,"Mar 8, 2024, 12:36:03 PM PST",POSITIVE,0.9095914363861084
26859,addiction awareness and recovery,0.8359293937683105,"Mar 8, 2024, 12:36:03 PM PST",POSITIVE,0.9095914363861084
26859,mental health experiences,0.8068962097167969,"Mar 8, 2024, 12:36:03 PM PST",POSITIVE,0.9095914363861084
26859,mindfulness and mental wellness,0.5431950092315674,"Mar 8, 2024, 12:36:03 PM PST",POSITIVE,0.9095914363861084
26859,self-care practices,0.4479660093784332,"Mar 8, 2024, 12:36:03 PM PST",POSITIVE,0.9095914363861084
26859,anxiety and stress management,0.433991402387619,"Mar 8, 2024, 12:36:03 PM PST",POSITIVE,0.9095914363861084
26859,social anxiety and relationships,0.4251749515533447,"Mar 8, 2024, 12:36:03 PM PST",POSITIVE,0.9095914363861084
26859,mental health education,0.37886548042297363,"Mar 8, 2024, 12:36:03 PM PST",POSITIVE,0.9095914363861084
26859,therapy and mental health support,0.3770243227481842,"Mar 8, 2024, 12:36:03 PM PST",POSITIVE,0.9095914363861084
26859,work-life balance and burnout,0.3676627278327942,"Mar 8, 2024, 12:36:03 PM PST",POSITIVE,0.9095914363861084
26859,emotional health discussion,0.35746705532073975,"Mar 8, 2024, 12:36:03 PM PST",POSITIVE,0.9095914363861084
26435,motivation and mental strength,0.5309329628944397,"Mar 12, 2024, 7:31:48 PM PST",POSITIVE,0.9236475825309753
26435,self-improvement and personal growth,0.4880068004131317,"Mar 12, 2024, 7:31:48 PM PST",POSITIVE,0.9236475825309753
26435,mental health experiences,0.329996794462204,"Mar 12, 2024, 7:31:48 PM PST",POSITIVE,0.9236475825309753
26436,motivation and mental strength,0.7261005640029907,"Mar 12, 2024, 7:28:37 PM PST",POSITIVE,0.9222614765167236
26436,self-improvement and personal growth,0.6619856357574463,"Mar 12, 2024, 7:28:37 PM PST",POSITIVE,0.9222614765167236
26436,mindfulness and mental wellness,0.6012083292007446,"Mar 12, 2024, 7:28:37 PM PST",POSITIVE,0.9222614765167236
26436,mental health experiences,0.44273391366004944,"Mar 12, 2024, 7:28:37 PM PST",POSITIVE,0.9222614765167236
26436,social anxiety and relationships,0.42762044072151184,"Mar 12, 2024, 7:28:37 PM PST",POSITIVE,0.9222614765167236
26860,self-improvement and personal growth,0.6819683313369751,"Mar 8, 2024, 12:32:38 PM PST",POSITIVE,0.8422959446907043
26860,motivation and mental strength,0.6112806797027588,"Mar 8, 2024, 12:32:38 PM PST",POSITIVE,0.8422959446907043
26860,mental health experiences,0.5186007022857666,"Mar 8, 2024, 12:32:38 PM PST",POSITIVE,0.8422959446907043
26860,social anxiety and relationships,0.48658326268196106,"Mar 8, 2024, 12:32:38 PM PST",POSITIVE,0.8422959446907043
26860,mindfulness and mental wellness,0.3748261034488678,"Mar 8, 2024, 12:32:38 PM PST",POSITIVE,0.8422959446907043
27274,self-improvement and personal growth,0.605745792388916,"Mar 2, 2024, 10:08:32 PM PST",POSITIVE,0.9473690390586853
27274,motivation and mental strength,0.5005736351013184,"Mar 2, 2024, 10:08:32 PM PST",POSITIVE,0.9473690390586853
27274,mental health experiences,0.3497450649738312,"Mar 2, 2024, 10:08:32 PM PST",POSITIVE,0.9473690390586853
26437,self-improvement and personal growth,0.9191965460777283,"Mar 12, 2024, 7:26:01 PM PST",POSITIVE,0.9988898634910583
26437,motivation and mental strength,0.9074363708496094,"Mar 12, 2024, 7:26:01 PM PST",POSITIVE,0.9988898634910583
26437,mindfulness and mental wellness,0.648495078086853,"Mar 12, 2024, 7:26:01 PM PST",POSITIVE,0.9988898634910583
26437,self-care practices,0.5827581882476807,"Mar 12, 2024, 7:26:01 PM PST",POSITIVE,0.9988898634910583
26437,mental health experiences,0.5775260329246521,"Mar 12, 2024, 7:26:01 PM PST",POSITIVE,0.9988898634910583
26437,addiction awareness and recovery,0.37621793150901794,"Mar 12, 2024, 7:26:01 PM PST",POSITIVE,0.9988898634910583
26437,social anxiety and relationships,0.3005598187446594,"Mar 12, 2024, 7:26:01 PM PST",POSITIVE,0.9988898634910583
27275,motivation and mental strength,0.349619060754776,"Mar 2, 2024, 10:04:13 PM PST",POSITIVE,0.9941864013671875
26438,motivation and mental strength,0.9654848575592041,"Mar 12, 2024, 7:22:07 PM PST",POSITIVE,0.7209709882736206
26438,mental health experiences,0.9356311559677124,"Mar 12, 2024, 7:22:07 PM PST",POSITIVE,0.7209709882736206
26438,mindfulness and mental wellness,0.8678399324417114,"Mar 12, 2024, 7:22:07 PM PST",POSITIVE,0.7209709882736206
26438,self-improvement and personal growth,0.8366124629974365,"Mar 12, 2024, 7:22:07 PM PST",POSITIVE,0.7209709882736206
26438,depression and emotional support,0.7703741192817688,"Mar 12, 2024, 7:22:07 PM PST",POSITIVE,0.7209709882736206
26438,addiction awareness and recovery,0.7236695289611816,"Mar 12, 2024, 7:22:07 PM PST",POSITIVE,0.7209709882736206
26438,mental health education,0.6972737312316895,"Mar 12, 2024, 7:22:07 PM PST",POSITIVE,0.7209709882736206
26438,self-care practices,0.5644845962524414,"Mar 12, 2024, 7:22:07 PM PST",POSITIVE,0.7209709882736206
26438,sleep and mental wellness,0.5236934423446655,"Mar 12, 2024, 7:22:07 PM PST",POSITIVE,0.7209709882736206
26438,work-life balance and burnout,0.4501095414161682,"Mar 12, 2024, 7:22:07 PM PST",POSITIVE,0.7209709882736206
26438,therapy and mental health support,0.4479265511035919,"Mar 12, 2024, 7:22:07 PM PST",POSITIVE,0.7209709882736206
26438,trauma awareness and healing,0.36508265137672424,"Mar 12, 2024, 7:22:07 PM PST",POSITIVE,0.7209709882736206
26861,self-improvement and personal growth,0.48207080364227295,"Mar 8, 2024, 12:29:52 PM PST",POSITIVE,0.9922624826431274
26861,mental health experiences,0.32982298731803894,"Mar 8, 2024, 12:29:52 PM PST",POSITIVE,0.9922624826431274
27276,self-improvement and personal growth,0.48796942830085754,"Mar 2, 2024, 10:00:10 PM PST",POSITIVE,0.9363340139389038
26439,self-improvement and personal growth,0.48796942830085754,"Mar 12, 2024, 7:18:04 PM PST",POSITIVE,0.9363340139389038
26862,motivation and mental strength,0.8141148090362549,"Mar 8, 2024, 12:27:14 PM PST",NEGATIVE,0.9625982642173767
26862,mindfulness and mental wellness,0.7787840962409973,"Mar 8, 2024, 12:27:14 PM PST",NEGATIVE,0.9625982642173767
26862,self-improvement and personal growth,0.7266570329666138,"Mar 8, 2024, 12:27:14 PM PST",NEGATIVE,0.9625982642173767
26862,mental health experiences,0.6006703972816467,"Mar 8, 2024, 12:27:14 PM PST",NEGATIVE,0.9625982642173767
26862,addiction awareness and recovery,0.572081446647644,"Mar 8, 2024, 12:27:14 PM PST",NEGATIVE,0.9625982642173767
26862,sleep and mental wellness,0.566417932510376,"Mar 8, 2024, 12:27:14 PM PST",NEGATIVE,0.9625982642173767
26862,self-care practices,0.5393773913383484,"Mar 8, 2024, 12:27:14 PM PST",NEGATIVE,0.9625982642173767
26862,therapy and mental health support,0.47416916489601135,"Mar 8, 2024, 12:27:14 PM PST",NEGATIVE,0.9625982642173767
26862,trauma awareness and healing,0.46394363045692444,"Mar 8, 2024, 12:27:14 PM PST",NEGATIVE,0.9625982642173767
26862,work-life balance and burnout,0.46175891160964966,"Mar 8, 2024, 12:27:14 PM PST",NEGATIVE,0.9625982642173767
26862,mental health education,0.37595483660697937,"Mar 8, 2024, 12:27:14 PM PST",NEGATIVE,0.9625982642173767
26862,social anxiety and relationships,0.3445782959461212,"Mar 8, 2024, 12:27:14 PM PST",NEGATIVE,0.9625982642173767
27277,motivation and mental strength,0.9654848575592041,"Mar 2, 2024, 9:56:15 PM PST",POSITIVE,0.7209709882736206
27277,mental health experiences,0.9356311559677124,"Mar 2, 2024, 9:56:15 PM PST",POSITIVE,0.7209709882736206
27277,mindfulness and mental wellness,0.8678399324417114,"Mar 2, 2024, 9:56:15 PM PST",POSITIVE,0.7209709882736206
27277,self-improvement and personal growth,0.8366124629974365,"Mar 2, 2024, 9:56:15 PM PST",POSITIVE,0.7209709882736206
27277,depression and emotional support,0.7703741192817688,"Mar 2, 2024, 9:56:15 PM PST",POSITIVE,0.7209709882736206
27277,addiction awareness and recovery,0.7236695289611816,"Mar 2, 2024, 9:56:15 PM PST",POSITIVE,0.7209709882736206
27277,mental health education,0.6972737312316895,"Mar 2, 2024, 9:56:15 PM PST",POSITIVE,0.7209709882736206
27277,self-care practices,0.5644845962524414,"Mar 2, 2024, 9:56:15 PM PST",POSITIVE,0.7209709882736206
27277,sleep and mental wellness,0.5236934423446655,"Mar 2, 2024, 9:56:15 PM PST",POSITIVE,0.7209709882736206
27277,work-life balance and burnout,0.4501095414161682,"Mar 2, 2024, 9:56:15 PM PST",POSITIVE,0.7209709882736206
27277,therapy and mental health support,0.4479265511035919,"Mar 2, 2024, 9:56:15 PM PST",POSITIVE,0.7209709882736206
27277,trauma awareness and healing,0.36508265137672424,"Mar 2, 2024, 9:56:15 PM PST",POSITIVE,0.7209709882736206
27278,self-improvement and personal growth,0.9191965460777283,"Mar 2, 2024, 9:53:39 PM PST",POSITIVE,0.9988898634910583
27278,motivation and mental strength,0.9074363708496094,"Mar 2, 2024, 9:53:39 PM PST",POSITIVE,0.9988898634910583
27278,mindfulness and mental wellness,0.648495078086853,"Mar 2, 2024, 9:53:39 PM PST",POSITIVE,0.9988898634910583
27278,self-care practices,0.5827581882476807,"Mar 2, 2024, 9:53:39 PM PST",POSITIVE,0.9988898634910583
27278,mental health experiences,0.5775260329246521,"Mar 2, 2024, 9:53:39 PM PST",POSITIVE,0.9988898634910583
27278,addiction awareness and recovery,0.37621793150901794,"Mar 2, 2024, 9:53:39 PM PST",POSITIVE,0.9988898634910583
27278,social anxiety and relationships,0.3005598187446594,"Mar 2, 2024, 9:53:39 PM PST",POSITIVE,0.9988898634910583
26440,motivation and mental strength,0.8141148090362549,"Mar 12, 2024, 7:15:25 PM PST",NEGATIVE,0.9625982642173767
26440,mindfulness and mental wellness,0.7787840962409973,"Mar 12, 2024, 7:15:25 PM PST",NEGATIVE,0.9625982642173767
26440,self-improvement and personal growth,0.7266570329666138,"Mar 12, 2024, 7:15:25 PM PST",NEGATIVE,0.9625982642173767
26440,mental health experiences,0.6006703972816467,"Mar 12, 2024, 7:15:25 PM PST",NEGATIVE,0.9625982642173767
26440,addiction awareness and recovery,0.572081446647644,"Mar 12, 2024, 7:15:25 PM PST",NEGATIVE,0.9625982642173767
26440,sleep and mental wellness,0.566417932510376,"Mar 12, 2024, 7:15:25 PM PST",NEGATIVE,0.9625982642173767
26440,self-care practices,0.5393773913383484,"Mar 12, 2024, 7:15:25 PM PST",NEGATIVE,0.9625982642173767
26440,therapy and mental health support,0.47416916489601135,"Mar 12, 2024, 7:15:25 PM PST",NEGATIVE,0.9625982642173767
26440,trauma awareness and healing,0.46394363045692444,"Mar 12, 2024, 7:15:25 PM PST",NEGATIVE,0.9625982642173767
26440,work-life balance and burnout,0.46175891160964966,"Mar 12, 2024, 7:15:25 PM PST",NEGATIVE,0.9625982642173767
26440,mental health education,0.37595483660697937,"Mar 12, 2024, 7:15:25 PM PST",NEGATIVE,0.9625982642173767
26440,social anxiety and relationships,0.3445782959461212,"Mar 12, 2024, 7:15:25 PM PST",NEGATIVE,0.9625982642173767
26863,social anxiety and relationships,0.8901775479316711,"Mar 8, 2024, 12:24:06 PM PST",POSITIVE,0.9950581789016724
26863,self-improvement and personal growth,0.7209563851356506,"Mar 8, 2024, 12:24:06 PM PST",POSITIVE,0.9950581789016724
26863,motivation and mental strength,0.541839063167572,"Mar 8, 2024, 12:24:06 PM PST",POSITIVE,0.9950581789016724
26863,mental health experiences,0.40938177704811096,"Mar 8, 2024, 12:24:06 PM PST",POSITIVE,0.9950581789016724
26441,motivation and mental strength,0.9618951082229614,"Mar 12, 2024, 7:11:24 PM PST",NEGATIVE,0.9670203924179077
26441,mental health experiences,0.9039357304573059,"Mar 12, 2024, 7:11:24 PM PST",NEGATIVE,0.9670203924179077
26441,self-improvement and personal growth,0.8807172179222107,"Mar 12, 2024, 7:11:24 PM PST",NEGATIVE,0.9670203924179077
26441,self-care practices,0.8403319120407104,"Mar 12, 2024, 7:11:24 PM PST",NEGATIVE,0.9670203924179077
26441,mindfulness and mental wellness,0.8341920375823975,"Mar 12, 2024, 7:11:24 PM PST",NEGATIVE,0.9670203924179077
26441,sleep and mental wellness,0.8029390573501587,"Mar 12, 2024, 7:11:24 PM PST",NEGATIVE,0.9670203924179077
26441,mental health education,0.7387748956680298,"Mar 12, 2024, 7:11:24 PM PST",NEGATIVE,0.9670203924179077
26441,addiction awareness and recovery,0.6057637929916382,"Mar 12, 2024, 7:11:24 PM PST",NEGATIVE,0.9670203924179077
26441,social anxiety and relationships,0.6030303239822388,"Mar 12, 2024, 7:11:24 PM PST",NEGATIVE,0.9670203924179077
26441,work-life balance and burnout,0.5619140267372131,"Mar 12, 2024, 7:11:24 PM PST",NEGATIVE,0.9670203924179077
26441,emotional health discussion,0.4662371873855591,"Mar 12, 2024, 7:11:24 PM PST",NEGATIVE,0.9670203924179077
26441,therapy and mental health support,0.44968459010124207,"Mar 12, 2024, 7:11:24 PM PST",NEGATIVE,0.9670203924179077
26441,trauma awareness and healing,0.43008437752723694,"Mar 12, 2024, 7:11:24 PM PST",NEGATIVE,0.9670203924179077
26864,self-improvement and personal growth,0.7801028490066528,"Mar 8, 2024, 12:20:53 PM PST",NEGATIVE,0.6218842267990112
26864,motivation and mental strength,0.7786842584609985,"Mar 8, 2024, 12:20:53 PM PST",NEGATIVE,0.6218842267990112
26864,mindfulness and mental wellness,0.5470317602157593,"Mar 8, 2024, 12:20:53 PM PST",NEGATIVE,0.6218842267990112
26864,social anxiety and relationships,0.4609915018081665,"Mar 8, 2024, 12:20:53 PM PST",NEGATIVE,0.6218842267990112
26864,mental health experiences,0.3955262005329132,"Mar 8, 2024, 12:20:53 PM PST",NEGATIVE,0.6218842267990112
26864,self-care practices,0.3484255075454712,"Mar 8, 2024, 12:20:53 PM PST",NEGATIVE,0.6218842267990112
26864,addiction awareness and recovery,0.310846745967865,"Mar 8, 2024, 12:20:53 PM PST",NEGATIVE,0.6218842267990112
27279,motivation and mental strength,0.8141148090362549,"Mar 2, 2024, 9:46:27 PM PST",NEGATIVE,0.9625982642173767
27279,mindfulness and mental wellness,0.7787840962409973,"Mar 2, 2024, 9:46:27 PM PST",NEGATIVE,0.9625982642173767
27279,self-improvement and personal growth,0.7266570329666138,"Mar 2, 2024, 9:46:27 PM PST",NEGATIVE,0.9625982642173767
27279,mental health experiences,0.6006703972816467,"Mar 2, 2024, 9:46:27 PM PST",NEGATIVE,0.9625982642173767
27279,addiction awareness and recovery,0.572081446647644,"Mar 2, 2024, 9:46:27 PM PST",NEGATIVE,0.9625982642173767
27279,sleep and mental wellness,0.566417932510376,"Mar 2, 2024, 9:46:27 PM PST",NEGATIVE,0.9625982642173767
27279,self-care practices,0.5393773913383484,"Mar 2, 2024, 9:46:27 PM PST",NEGATIVE,0.9625982642173767
27279,therapy and mental health support,0.47416916489601135,"Mar 2, 2024, 9:46:27 PM PST",NEGATIVE,0.9625982642173767
27279,trauma awareness and healing,0.46394363045692444,"Mar 2, 2024, 9:46:27 PM PST",NEGATIVE,0.9625982642173767
27279,work-life balance and burnout,0.46175891160964966,"Mar 2, 2024, 9:46:27 PM PST",NEGATIVE,0.9625982642173767
27279,mental health education,0.37595483660697937,"Mar 2, 2024, 9:46:27 PM PST",NEGATIVE,0.9625982642173767
27279,social anxiety and relationships,0.3445782959461212,"Mar 2, 2024, 9:46:27 PM PST",NEGATIVE,0.9625982642173767
26865,motivation and mental strength,0.9125341176986694,"Mar 8, 2024, 12:18:03 PM PST",POSITIVE,0.6443721652030945
26865,mindfulness and mental wellness,0.8735851645469666,"Mar 8, 2024, 12:18:03 PM PST",POSITIVE,0.6443721652030945
26865,self-improvement and personal growth,0.8164718151092529,"Mar 8, 2024, 12:18:03 PM PST",POSITIVE,0.6443721652030945
26865,mental health experiences,0.5996266603469849,"Mar 8, 2024, 12:18:03 PM PST",POSITIVE,0.6443721652030945
26865,sleep and mental wellness,0.5877479910850525,"Mar 8, 2024, 12:18:03 PM PST",POSITIVE,0.6443721652030945
26865,trauma awareness and healing,0.4861791133880615,"Mar 8, 2024, 12:18:03 PM PST",POSITIVE,0.6443721652030945
26865,self-care practices,0.47839751839637756,"Mar 8, 2024, 12:18:03 PM PST",POSITIVE,0.6443721652030945
26865,addiction awareness and recovery,0.45230168104171753,"Mar 8, 2024, 12:18:03 PM PST",POSITIVE,0.6443721652030945
26865,mental health education,0.3621159493923187,"Mar 8, 2024, 12:18:03 PM PST",POSITIVE,0.6443721652030945
26442,social anxiety and relationships,0.8901775479316711,"Mar 12, 2024, 7:08:15 PM PST",POSITIVE,0.9950581789016724
26442,self-improvement and personal growth,0.7209563851356506,"Mar 12, 2024, 7:08:15 PM PST",POSITIVE,0.9950581789016724
26442,motivation and mental strength,0.541839063167572,"Mar 12, 2024, 7:08:15 PM PST",POSITIVE,0.9950581789016724
26442,mental health experiences,0.40938177704811096,"Mar 12, 2024, 7:08:15 PM PST",POSITIVE,0.9950581789016724
27280,motivation and mental strength,0.6259733438491821,"Mar 2, 2024, 9:43:20 PM PST",POSITIVE,0.9676526784896851
27280,self-improvement and personal growth,0.45207932591438293,"Mar 2, 2024, 9:43:20 PM PST",POSITIVE,0.9676526784896851
26866,motivation and mental strength,0.9618951082229614,"Mar 8, 2024, 12:14:01 PM PST",NEGATIVE,0.9670203924179077
26866,mental health experiences,0.9039357304573059,"Mar 8, 2024, 12:14:01 PM PST",NEGATIVE,0.9670203924179077
26866,self-improvement and personal growth,0.8807172179222107,"Mar 8, 2024, 12:14:01 PM PST",NEGATIVE,0.9670203924179077
26866,self-care practices,0.8403319120407104,"Mar 8, 2024, 12:14:01 PM PST",NEGATIVE,0.9670203924179077
26866,mindfulness and mental wellness,0.8341920375823975,"Mar 8, 2024, 12:14:01 PM PST",NEGATIVE,0.9670203924179077
26866,sleep and mental wellness,0.8029390573501587,"Mar 8, 2024, 12:14:01 PM PST",NEGATIVE,0.9670203924179077
26866,mental health education,0.7387748956680298,"Mar 8, 2024, 12:14:01 PM PST",NEGATIVE,0.9670203924179077
26866,addiction awareness and recovery,0.6057637929916382,"Mar 8, 2024, 12:14:01 PM PST",NEGATIVE,0.9670203924179077
26866,social anxiety and relationships,0.6030303239822388,"Mar 8, 2024, 12:14:01 PM PST",NEGATIVE,0.9670203924179077
26866,work-life balance and burnout,0.5619140267372131,"Mar 8, 2024, 12:14:01 PM PST",NEGATIVE,0.9670203924179077
26866,emotional health discussion,0.4662371873855591,"Mar 8, 2024, 12:14:01 PM PST",NEGATIVE,0.9670203924179077
26866,therapy and mental health support,0.44968459010124207,"Mar 8, 2024, 12:14:01 PM PST",NEGATIVE,0.9670203924179077
26866,trauma awareness and healing,0.43008437752723694,"Mar 8, 2024, 12:14:01 PM PST",NEGATIVE,0.9670203924179077
27281,self-improvement and personal growth,0.8014532327651978,"Mar 2, 2024, 9:40:28 PM PST",POSITIVE,0.9968626499176025
27281,motivation and mental strength,0.7734106183052063,"Mar 2, 2024, 9:40:28 PM PST",POSITIVE,0.9968626499176025
27281,work-life balance and burnout,0.7664433121681213,"Mar 2, 2024, 9:40:28 PM PST",POSITIVE,0.9968626499176025
27281,mental health experiences,0.6935557723045349,"Mar 2, 2024, 9:40:28 PM PST",POSITIVE,0.9968626499176025
27281,emotional health discussion,0.3599254786968231,"Mar 2, 2024, 9:40:28 PM PST",POSITIVE,0.9968626499176025
27281,anxiety and stress management,0.3581536114215851,"Mar 2, 2024, 9:40:28 PM PST",POSITIVE,0.9968626499176025
26867,self-improvement and personal growth,0.812991738319397,"Mar 8, 2024, 12:12:18 PM PST",POSITIVE,0.9938799142837524
26867,motivation and mental strength,0.6733852028846741,"Mar 8, 2024, 12:12:18 PM PST",POSITIVE,0.9938799142837524
26867,addiction awareness and recovery,0.6256377696990967,"Mar 8, 2024, 12:12:18 PM PST",POSITIVE,0.9938799142837524
26867,mental health experiences,0.5439342260360718,"Mar 8, 2024, 12:12:18 PM PST",POSITIVE,0.9938799142837524
26867,mindfulness and mental wellness,0.5005114078521729,"Mar 8, 2024, 12:12:18 PM PST",POSITIVE,0.9938799142837524
26867,self-care practices,0.34804263710975647,"Mar 8, 2024, 12:12:18 PM PST",POSITIVE,0.9938799142837524
26443,motivation and mental strength,0.7380853295326233,"Mar 12, 2024, 7:07:36 PM PST",POSITIVE,0.8183253407478333
26443,self-improvement and personal growth,0.6715618371963501,"Mar 12, 2024, 7:07:36 PM PST",POSITIVE,0.8183253407478333
26443,mental health experiences,0.581192135810852,"Mar 12, 2024, 7:07:36 PM PST",POSITIVE,0.8183253407478333
26443,mindfulness and mental wellness,0.5060984492301941,"Mar 12, 2024, 7:07:36 PM PST",POSITIVE,0.8183253407478333
26443,social anxiety and relationships,0.46814221143722534,"Mar 12, 2024, 7:07:36 PM PST",POSITIVE,0.8183253407478333
26443,addiction awareness and recovery,0.4680069088935852,"Mar 12, 2024, 7:07:36 PM PST",POSITIVE,0.8183253407478333
26443,self-care practices,0.3634105920791626,"Mar 12, 2024, 7:07:36 PM PST",POSITIVE,0.8183253407478333
26443,work-life balance and burnout,0.3610629141330719,"Mar 12, 2024, 7:07:36 PM PST",POSITIVE,0.8183253407478333
26443,trauma awareness and healing,0.3256586194038391,"Mar 12, 2024, 7:07:36 PM PST",POSITIVE,0.8183253407478333
26444,self-improvement and personal growth,0.7938857078552246,"Mar 12, 2024, 7:04:30 PM PST",POSITIVE,0.8751393556594849
26444,motivation and mental strength,0.745958149433136,"Mar 12, 2024, 7:04:30 PM PST",POSITIVE,0.8751393556594849
26444,mindfulness and mental wellness,0.5236124396324158,"Mar 12, 2024, 7:04:30 PM PST",POSITIVE,0.8751393556594849
26444,addiction awareness and recovery,0.4733121693134308,"Mar 12, 2024, 7:04:30 PM PST",POSITIVE,0.8751393556594849
26444,mental health experiences,0.38377484679222107,"Mar 12, 2024, 7:04:30 PM PST",POSITIVE,0.8751393556594849
26444,self-care practices,0.3149738013744354,"Mar 12, 2024, 7:04:30 PM PST",POSITIVE,0.8751393556594849
26868,self-improvement and personal growth,0.48796942830085754,"Mar 8, 2024, 12:07:53 PM PST",POSITIVE,0.9363340139389038
27282,motivation and mental strength,0.7369952201843262,"Mar 2, 2024, 9:37:03 PM PST",POSITIVE,0.9744668006896973
27282,self-improvement and personal growth,0.6567715406417847,"Mar 2, 2024, 9:37:03 PM PST",POSITIVE,0.9744668006896973
27282,mental health experiences,0.5802993774414062,"Mar 2, 2024, 9:37:03 PM PST",POSITIVE,0.9744668006896973
27282,work-life balance and burnout,0.5125142931938171,"Mar 2, 2024, 9:37:03 PM PST",POSITIVE,0.9744668006896973
27282,emotional health discussion,0.3299435079097748,"Mar 2, 2024, 9:37:03 PM PST",POSITIVE,0.9744668006896973
26869,mindfulness and mental wellness,0.9420834183692932,"Mar 8, 2024, 12:03:58 PM PST",POSITIVE,0.5036099553108215
26869,self-improvement and personal growth,0.9187324643135071,"Mar 8, 2024, 12:03:58 PM PST",POSITIVE,0.5036099553108215
26869,motivation and mental strength,0.8994305729866028,"Mar 8, 2024, 12:03:58 PM PST",POSITIVE,0.5036099553108215
26869,self-care practices,0.8798615336418152,"Mar 8, 2024, 12:03:58 PM PST",POSITIVE,0.5036099553108215
26869,mental health experiences,0.8548591732978821,"Mar 8, 2024, 12:03:58 PM PST",POSITIVE,0.5036099553108215
26869,addiction awareness and recovery,0.7939030528068542,"Mar 8, 2024, 12:03:58 PM PST",POSITIVE,0.5036099553108215
26869,mental health education,0.7300235033035278,"Mar 8, 2024, 12:03:58 PM PST",POSITIVE,0.5036099553108215
26869,emotional health discussion,0.6653735041618347,"Mar 8, 2024, 12:03:58 PM PST",POSITIVE,0.5036099553108215
26869,therapy and mental health support,0.6501098275184631,"Mar 8, 2024, 12:03:58 PM PST",POSITIVE,0.5036099553108215
26869,trauma awareness and healing,0.5656607747077942,"Mar 8, 2024, 12:03:58 PM PST",POSITIVE,0.5036099553108215
26869,sleep and mental wellness,0.55936598777771,"Mar 8, 2024, 12:03:58 PM PST",POSITIVE,0.5036099553108215
26869,work-life balance and burnout,0.5345353484153748,"Mar 8, 2024, 12:03:58 PM PST",POSITIVE,0.5036099553108215
26869,depression and emotional support,0.489161878824234,"Mar 8, 2024, 12:03:58 PM PST",POSITIVE,0.5036099553108215
26869,social anxiety and relationships,0.39986297488212585,"Mar 8, 2024, 12:03:58 PM PST",POSITIVE,0.5036099553108215
26869,anxiety and stress management,0.34367823600769043,"Mar 8, 2024, 12:03:58 PM PST",POSITIVE,0.5036099553108215
26445,motivation and mental strength,0.7623024582862854,"Mar 12, 2024, 7:00:08 PM PST",POSITIVE,0.988734781742096
26445,self-improvement and personal growth,0.710766077041626,"Mar 12, 2024, 7:00:08 PM PST",POSITIVE,0.988734781742096
26445,mindfulness and mental wellness,0.6010868549346924,"Mar 12, 2024, 7:00:08 PM PST",POSITIVE,0.988734781742096
26445,addiction awareness and recovery,0.45100587606430054,"Mar 12, 2024, 7:00:08 PM PST",POSITIVE,0.988734781742096
26445,work-life balance and burnout,0.4221726655960083,"Mar 12, 2024, 7:00:08 PM PST",POSITIVE,0.988734781742096
26445,mental health experiences,0.4027955234050751,"Mar 12, 2024, 7:00:08 PM PST",POSITIVE,0.988734781742096
26445,trauma awareness and healing,0.34776771068573,"Mar 12, 2024, 7:00:08 PM PST",POSITIVE,0.988734781742096
26445,self-care practices,0.31892719864845276,"Mar 12, 2024, 7:00:08 PM PST",POSITIVE,0.988734781742096
26445,mental health education,0.3043683171272278,"Mar 12, 2024, 7:00:08 PM PST",POSITIVE,0.988734781742096
26870,self-improvement and personal growth,0.9468510150909424,"Mar 8, 2024, 11:59:42 AM PST",POSITIVE,0.8518282771110535
26870,mindfulness and mental wellness,0.9044063687324524,"Mar 8, 2024, 11:59:42 AM PST",POSITIVE,0.8518282771110535
26870,motivation and mental strength,0.8786581158638,"Mar 8, 2024, 11:59:42 AM PST",POSITIVE,0.8518282771110535
26870,self-care practices,0.6768155694007874,"Mar 8, 2024, 11:59:42 AM PST",POSITIVE,0.8518282771110535
26870,mental health experiences,0.5523718595504761,"Mar 8, 2024, 11:59:42 AM PST",POSITIVE,0.8518282771110535
26870,sleep and mental wellness,0.4654301106929779,"Mar 8, 2024, 11:59:42 AM PST",POSITIVE,0.8518282771110535
27283,motivation and mental strength,0.6665496230125427,"Mar 2, 2024, 7:50:54 PM PST",NEGATIVE,0.9879893064498901
27283,self-improvement and personal growth,0.6604235768318176,"Mar 2, 2024, 7:50:54 PM PST",NEGATIVE,0.9879893064498901
27283,mental health experiences,0.4097975790500641,"Mar 2, 2024, 7:50:54 PM PST",NEGATIVE,0.9879893064498901
26871,mindfulness and mental wellness,0.9099665284156799,"Mar 8, 2024, 11:56:22 AM PST",NEGATIVE,0.9871309399604797
26871,motivation and mental strength,0.9065396785736084,"Mar 8, 2024, 11:56:22 AM PST",NEGATIVE,0.9871309399604797
26871,self-improvement and personal growth,0.9046317934989929,"Mar 8, 2024, 11:56:22 AM PST",NEGATIVE,0.9871309399604797
26871,mental health experiences,0.8917826414108276,"Mar 8, 2024, 11:56:22 AM PST",NEGATIVE,0.9871309399604797
26871,mental health education,0.8028265237808228,"Mar 8, 2024, 11:56:22 AM PST",NEGATIVE,0.9871309399604797
26871,self-care practices,0.8026261329650879,"Mar 8, 2024, 11:56:22 AM PST",NEGATIVE,0.9871309399604797
26871,emotional health discussion,0.7158595323562622,"Mar 8, 2024, 11:56:22 AM PST",NEGATIVE,0.9871309399604797
26871,work-life balance and burnout,0.6833056807518005,"Mar 8, 2024, 11:56:22 AM PST",NEGATIVE,0.9871309399604797
26871,therapy and mental health support,0.6669198274612427,"Mar 8, 2024, 11:56:22 AM PST",NEGATIVE,0.9871309399604797
26871,addiction awareness and recovery,0.6283955574035645,"Mar 8, 2024, 11:56:22 AM PST",NEGATIVE,0.9871309399604797
26871,sleep and mental wellness,0.6068850159645081,"Mar 8, 2024, 11:56:22 AM PST",NEGATIVE,0.9871309399604797
26871,trauma awareness and healing,0.5854307413101196,"Mar 8, 2024, 11:56:22 AM PST",NEGATIVE,0.9871309399604797
26871,social anxiety and relationships,0.5820000171661377,"Mar 8, 2024, 11:56:22 AM PST",NEGATIVE,0.9871309399604797
26871,depression and emotional support,0.47068461775779724,"Mar 8, 2024, 11:56:22 AM PST",NEGATIVE,0.9871309399604797
26871,anxiety and stress management,0.4703366160392761,"Mar 8, 2024, 11:56:22 AM PST",NEGATIVE,0.9871309399604797
27284,mindfulness and mental wellness,0.9073240756988525,"Mar 2, 2024, 6:29:13 PM PST",NEGATIVE,0.9355818033218384
27284,mental health experiences,0.8586877584457397,"Mar 2, 2024, 6:29:13 PM PST",NEGATIVE,0.9355818033218384
27284,self-improvement and personal growth,0.8402809500694275,"Mar 2, 2024, 6:29:13 PM PST",NEGATIVE,0.9355818033218384
27284,motivation and mental strength,0.8146877884864807,"Mar 2, 2024, 6:29:13 PM PST",NEGATIVE,0.9355818033218384
27284,self-care practices,0.8053702712059021,"Mar 2, 2024, 6:29:13 PM PST",NEGATIVE,0.9355818033218384
27284,mental health education,0.7071567177772522,"Mar 2, 2024, 6:29:13 PM PST",NEGATIVE,0.9355818033218384
27284,emotional health discussion,0.6298321485519409,"Mar 2, 2024, 6:29:13 PM PST",NEGATIVE,0.9355818033218384
27284,therapy and mental health support,0.5896586179733276,"Mar 2, 2024, 6:29:13 PM PST",NEGATIVE,0.9355818033218384
27284,addiction awareness and recovery,0.5836033225059509,"Mar 2, 2024, 6:29:13 PM PST",NEGATIVE,0.9355818033218384
27284,trauma awareness and healing,0.5079090595245361,"Mar 2, 2024, 6:29:13 PM PST",NEGATIVE,0.9355818033218384
27284,work-life balance and burnout,0.41525062918663025,"Mar 2, 2024, 6:29:13 PM PST",NEGATIVE,0.9355818033218384
27284,depression and emotional support,0.4113495945930481,"Mar 2, 2024, 6:29:13 PM PST",NEGATIVE,0.9355818033218384
27284,sleep and mental wellness,0.3678794503211975,"Mar 2, 2024, 6:29:13 PM PST",NEGATIVE,0.9355818033218384
27284,social anxiety and relationships,0.31148314476013184,"Mar 2, 2024, 6:29:13 PM PST",NEGATIVE,0.9355818033218384
26446,motivation and mental strength,0.8121618628501892,"Mar 12, 2024, 6:57:47 PM PST",POSITIVE,0.9798790216445923
26446,self-improvement and personal growth,0.5336199998855591,"Mar 12, 2024, 6:57:47 PM PST",POSITIVE,0.9798790216445923
26446,mental health experiences,0.45735785365104675,"Mar 12, 2024, 6:57:47 PM PST",POSITIVE,0.9798790216445923
26872,self-improvement and personal growth,0.9191965460777283,"Mar 8, 2024, 11:53:46 AM PST",POSITIVE,0.9988898634910583
26872,motivation and mental strength,0.9074363708496094,"Mar 8, 2024, 11:53:46 AM PST",POSITIVE,0.9988898634910583
26872,mindfulness and mental wellness,0.648495078086853,"Mar 8, 2024, 11:53:46 AM PST",POSITIVE,0.9988898634910583
26872,self-care practices,0.5827581882476807,"Mar 8, 2024, 11:53:46 AM PST",POSITIVE,0.9988898634910583
26872,mental health experiences,0.5775260329246521,"Mar 8, 2024, 11:53:46 AM PST",POSITIVE,0.9988898634910583
26872,addiction awareness and recovery,0.37621793150901794,"Mar 8, 2024, 11:53:46 AM PST",POSITIVE,0.9988898634910583
26872,social anxiety and relationships,0.3005598187446594,"Mar 8, 2024, 11:53:46 AM PST",POSITIVE,0.9988898634910583
27285,self-improvement and personal growth,0.8855320811271667,"Mar 2, 2024, 6:25:42 PM PST",POSITIVE,0.8857619762420654
27285,motivation and mental strength,0.7847046256065369,"Mar 2, 2024, 6:25:42 PM PST",POSITIVE,0.8857619762420654
27285,mindfulness and mental wellness,0.7400971055030823,"Mar 2, 2024, 6:25:42 PM PST",POSITIVE,0.8857619762420654
27285,mental health experiences,0.6867187023162842,"Mar 2, 2024, 6:25:42 PM PST",POSITIVE,0.8857619762420654
27285,self-care practices,0.5073190927505493,"Mar 2, 2024, 6:25:42 PM PST",POSITIVE,0.8857619762420654
27285,mental health education,0.47827234864234924,"Mar 2, 2024, 6:25:42 PM PST",POSITIVE,0.8857619762420654
27285,addiction awareness and recovery,0.44500309228897095,"Mar 2, 2024, 6:25:42 PM PST",POSITIVE,0.8857619762420654
27285,trauma awareness and healing,0.4187524914741516,"Mar 2, 2024, 6:25:42 PM PST",POSITIVE,0.8857619762420654
27285,work-life balance and burnout,0.3269079923629761,"Mar 2, 2024, 6:25:42 PM PST",POSITIVE,0.8857619762420654
27285,therapy and mental health support,0.3248347043991089,"Mar 2, 2024, 6:25:42 PM PST",POSITIVE,0.8857619762420654
27285,emotional health discussion,0.32338789105415344,"Mar 2, 2024, 6:25:42 PM PST",POSITIVE,0.8857619762420654
27285,social anxiety and relationships,0.31389379501342773,"Mar 2, 2024, 6:25:42 PM PST",POSITIVE,0.8857619762420654
26447,motivation and mental strength,0.9505888819694519,"Mar 12, 2024, 5:33:54 PM PST",NEGATIVE,0.9842373728752136
26447,self-improvement and personal growth,0.8775898218154907,"Mar 12, 2024, 5:33:54 PM PST",NEGATIVE,0.9842373728752136
26447,mental health experiences,0.8459605574607849,"Mar 12, 2024, 5:33:54 PM PST",NEGATIVE,0.9842373728752136
26447,trauma awareness and healing,0.7582888007164001,"Mar 12, 2024, 5:33:54 PM PST",NEGATIVE,0.9842373728752136
26447,self-care practices,0.7323218584060669,"Mar 12, 2024, 5:33:54 PM PST",NEGATIVE,0.9842373728752136
26447,mindfulness and mental wellness,0.6814426779747009,"Mar 12, 2024, 5:33:54 PM PST",NEGATIVE,0.9842373728752136
26447,addiction awareness and recovery,0.6525251269340515,"Mar 12, 2024, 5:33:54 PM PST",NEGATIVE,0.9842373728752136
26447,sleep and mental wellness,0.32690128684043884,"Mar 12, 2024, 5:33:54 PM PST",NEGATIVE,0.9842373728752136
27286,motivation and mental strength,0.8581275343894958,"Mar 2, 2024, 6:21:51 PM PST",NEGATIVE,0.9417164921760559
27286,self-improvement and personal growth,0.7923235893249512,"Mar 2, 2024, 6:21:51 PM PST",NEGATIVE,0.9417164921760559
27286,mental health experiences,0.6032863855361938,"Mar 2, 2024, 6:21:51 PM PST",NEGATIVE,0.9417164921760559
27286,mindfulness and mental wellness,0.5557148456573486,"Mar 2, 2024, 6:21:51 PM PST",NEGATIVE,0.9417164921760559
27286,self-care practices,0.49002525210380554,"Mar 2, 2024, 6:21:51 PM PST",NEGATIVE,0.9417164921760559
27286,addiction awareness and recovery,0.3706955015659332,"Mar 2, 2024, 6:21:51 PM PST",NEGATIVE,0.9417164921760559
26873,self-improvement and personal growth,0.7938857078552246,"Mar 8, 2024, 11:43:26 AM PST",POSITIVE,0.8751393556594849
26873,motivation and mental strength,0.745958149433136,"Mar 8, 2024, 11:43:26 AM PST",POSITIVE,0.8751393556594849
26873,mindfulness and mental wellness,0.5236124396324158,"Mar 8, 2024, 11:43:26 AM PST",POSITIVE,0.8751393556594849
26873,addiction awareness and recovery,0.4733121693134308,"Mar 8, 2024, 11:43:26 AM PST",POSITIVE,0.8751393556594849
26873,mental health experiences,0.38377484679222107,"Mar 8, 2024, 11:43:26 AM PST",POSITIVE,0.8751393556594849
26873,self-care practices,0.3149738013744354,"Mar 8, 2024, 11:43:26 AM PST",POSITIVE,0.8751393556594849
26448,sleep and mental wellness,0.9299275279045105,"Mar 12, 2024, 5:29:56 PM PST",NEGATIVE,0.9937934875488281
26448,motivation and mental strength,0.915924072265625,"Mar 12, 2024, 5:29:56 PM PST",NEGATIVE,0.9937934875488281
26448,self-improvement and personal growth,0.8972168564796448,"Mar 12, 2024, 5:29:56 PM PST",NEGATIVE,0.9937934875488281
26448,mindfulness and mental wellness,0.8928266167640686,"Mar 12, 2024, 5:29:56 PM PST",NEGATIVE,0.9937934875488281
26448,mental health experiences,0.7625069618225098,"Mar 12, 2024, 5:29:56 PM PST",NEGATIVE,0.9937934875488281
26448,addiction awareness and recovery,0.6941506266593933,"Mar 12, 2024, 5:29:56 PM PST",NEGATIVE,0.9937934875488281
26448,self-care practices,0.6603561639785767,"Mar 12, 2024, 5:29:56 PM PST",NEGATIVE,0.9937934875488281
26448,trauma awareness and healing,0.55230712890625,"Mar 12, 2024, 5:29:56 PM PST",NEGATIVE,0.9937934875488281
26448,mental health education,0.3443455100059509,"Mar 12, 2024, 5:29:56 PM PST",NEGATIVE,0.9937934875488281
27287,motivation and mental strength,0.9482751488685608,"Mar 2, 2024, 6:18:04 PM PST",NEGATIVE,0.6987879872322083
27287,mindfulness and mental wellness,0.9344724416732788,"Mar 2, 2024, 6:18:04 PM PST",NEGATIVE,0.6987879872322083
27287,self-improvement and personal growth,0.9090076684951782,"Mar 2, 2024, 6:18:04 PM PST",NEGATIVE,0.6987879872322083
27287,mental health experiences,0.8872784972190857,"Mar 2, 2024, 6:18:04 PM PST",NEGATIVE,0.6987879872322083
27287,self-care practices,0.8040637373924255,"Mar 2, 2024, 6:18:04 PM PST",NEGATIVE,0.6987879872322083
27287,mental health education,0.7452372908592224,"Mar 2, 2024, 6:18:04 PM PST",NEGATIVE,0.6987879872322083
27287,trauma awareness and healing,0.723032534122467,"Mar 2, 2024, 6:18:04 PM PST",NEGATIVE,0.6987879872322083
27287,therapy and mental health support,0.7093244791030884,"Mar 2, 2024, 6:18:04 PM PST",NEGATIVE,0.6987879872322083
27287,addiction awareness and recovery,0.6932043433189392,"Mar 2, 2024, 6:18:04 PM PST",NEGATIVE,0.6987879872322083
27287,emotional health discussion,0.6593767404556274,"Mar 2, 2024, 6:18:04 PM PST",NEGATIVE,0.6987879872322083
27287,sleep and mental wellness,0.5211317539215088,"Mar 2, 2024, 6:18:04 PM PST",NEGATIVE,0.6987879872322083
27287,work-life balance and burnout,0.5063647627830505,"Mar 2, 2024, 6:18:04 PM PST",NEGATIVE,0.6987879872322083
27287,social anxiety and relationships,0.5007467865943909,"Mar 2, 2024, 6:18:04 PM PST",NEGATIVE,0.6987879872322083
27287,depression and emotional support,0.4231983721256256,"Mar 2, 2024, 6:18:04 PM PST",NEGATIVE,0.6987879872322083
27287,anxiety and stress management,0.4161669909954071,"Mar 2, 2024, 6:18:04 PM PST",NEGATIVE,0.6987879872322083
26449,mental health experiences,0.8024840354919434,"Mar 12, 2024, 5:26:01 PM PST",POSITIVE,0.9913034439086914
26449,motivation and mental strength,0.7923174500465393,"Mar 12, 2024, 5:26:01 PM PST",POSITIVE,0.9913034439086914
26449,self-improvement and personal growth,0.778727650642395,"Mar 12, 2024, 5:26:01 PM PST",POSITIVE,0.9913034439086914
26449,emotional health discussion,0.7137460708618164,"Mar 12, 2024, 5:26:01 PM PST",POSITIVE,0.9913034439086914
26449,addiction awareness and recovery,0.6790069937705994,"Mar 12, 2024, 5:26:01 PM PST",POSITIVE,0.9913034439086914
26449,work-life balance and burnout,0.6637836694717407,"Mar 12, 2024, 5:26:01 PM PST",POSITIVE,0.9913034439086914
26449,mental health education,0.5350179672241211,"Mar 12, 2024, 5:26:01 PM PST",POSITIVE,0.9913034439086914
26449,therapy and mental health support,0.40797504782676697,"Mar 12, 2024, 5:26:01 PM PST",POSITIVE,0.9913034439086914
26449,social anxiety and relationships,0.38352730870246887,"Mar 12, 2024, 5:26:01 PM PST",POSITIVE,0.9913034439086914
26449,anxiety and stress management,0.3057812452316284,"Mar 12, 2024, 5:26:01 PM PST",POSITIVE,0.9913034439086914
27288,mindfulness and mental wellness,0.9300402402877808,"Mar 2, 2024, 6:14:45 PM PST",POSITIVE,0.9202283024787903
27288,self-improvement and personal growth,0.9175257682800293,"Mar 2, 2024, 6:14:45 PM PST",POSITIVE,0.9202283024787903
27288,motivation and mental strength,0.8723200559616089,"Mar 2, 2024, 6:14:45 PM PST",POSITIVE,0.9202283024787903
27288,mental health experiences,0.7674087285995483,"Mar 2, 2024, 6:14:45 PM PST",POSITIVE,0.9202283024787903
27288,self-care practices,0.7614057064056396,"Mar 2, 2024, 6:14:45 PM PST",POSITIVE,0.9202283024787903
27288,sleep and mental wellness,0.6578661203384399,"Mar 2, 2024, 6:14:45 PM PST",POSITIVE,0.9202283024787903
27288,addiction awareness and recovery,0.6571822166442871,"Mar 2, 2024, 6:14:45 PM PST",POSITIVE,0.9202283024787903
27288,mental health education,0.6549129486083984,"Mar 2, 2024, 6:14:45 PM PST",POSITIVE,0.9202283024787903
27288,emotional health discussion,0.578786313533783,"Mar 2, 2024, 6:14:45 PM PST",POSITIVE,0.9202283024787903
27288,trauma awareness and healing,0.5728711485862732,"Mar 2, 2024, 6:14:45 PM PST",POSITIVE,0.9202283024787903
27288,therapy and mental health support,0.5646400451660156,"Mar 2, 2024, 6:14:45 PM PST",POSITIVE,0.9202283024787903
27288,work-life balance and burnout,0.5354806184768677,"Mar 2, 2024, 6:14:45 PM PST",POSITIVE,0.9202283024787903
27288,social anxiety and relationships,0.43503043055534363,"Mar 2, 2024, 6:14:45 PM PST",POSITIVE,0.9202283024787903
27288,anxiety and stress management,0.36573055386543274,"Mar 2, 2024, 6:14:45 PM PST",POSITIVE,0.9202283024787903
27288,depression and emotional support,0.3547988831996918,"Mar 2, 2024, 6:14:45 PM PST",POSITIVE,0.9202283024787903
26874,motivation and mental strength,0.8121618628501892,"Mar 8, 2024, 11:41:05 AM PST",POSITIVE,0.9798790216445923
26874,self-improvement and personal growth,0.5336199998855591,"Mar 8, 2024, 11:41:05 AM PST",POSITIVE,0.9798790216445923
26874,mental health experiences,0.45735785365104675,"Mar 8, 2024, 11:41:05 AM PST",POSITIVE,0.9798790216445923
26450,self-improvement and personal growth,0.6984070539474487,"Mar 12, 2024, 4:46:22 PM PST",NEGATIVE,0.9379395842552185
26450,motivation and mental strength,0.6883264780044556,"Mar 12, 2024, 4:46:22 PM PST",NEGATIVE,0.9379395842552185
26450,addiction awareness and recovery,0.3104805052280426,"Mar 12, 2024, 4:46:22 PM PST",NEGATIVE,0.9379395842552185
26450,mental health experiences,0.30886149406433105,"Mar 12, 2024, 4:46:22 PM PST",NEGATIVE,0.9379395842552185
27289,motivation and mental strength,0.9517692923545837,"Mar 2, 2024, 6:11:01 PM PST",POSITIVE,0.980975866317749
27289,mental health experiences,0.9388348460197449,"Mar 2, 2024, 6:11:01 PM PST",POSITIVE,0.980975866317749
27289,addiction awareness and recovery,0.9377073049545288,"Mar 2, 2024, 6:11:01 PM PST",POSITIVE,0.980975866317749
27289,mindfulness and mental wellness,0.9235825538635254,"Mar 2, 2024, 6:11:01 PM PST",POSITIVE,0.980975866317749
27289,self-improvement and personal growth,0.9220931529998779,"Mar 2, 2024, 6:11:01 PM PST",POSITIVE,0.980975866317749
27289,trauma awareness and healing,0.8779884576797485,"Mar 2, 2024, 6:11:01 PM PST",POSITIVE,0.980975866317749
27289,self-care practices,0.8459703922271729,"Mar 2, 2024, 6:11:01 PM PST",POSITIVE,0.980975866317749
27289,mental health education,0.8193485736846924,"Mar 2, 2024, 6:11:01 PM PST",POSITIVE,0.980975866317749
27289,therapy and mental health support,0.7893945574760437,"Mar 2, 2024, 6:11:01 PM PST",POSITIVE,0.980975866317749
27289,emotional health discussion,0.766224205493927,"Mar 2, 2024, 6:11:01 PM PST",POSITIVE,0.980975866317749
27289,sleep and mental wellness,0.6019545793533325,"Mar 2, 2024, 6:11:01 PM PST",POSITIVE,0.980975866317749
27289,social anxiety and relationships,0.558984100818634,"Mar 2, 2024, 6:11:01 PM PST",POSITIVE,0.980975866317749
27289,work-life balance and burnout,0.5440643429756165,"Mar 2, 2024, 6:11:01 PM PST",POSITIVE,0.980975866317749
27289,depression and emotional support,0.4937441051006317,"Mar 2, 2024, 6:11:01 PM PST",POSITIVE,0.980975866317749
27289,anxiety and stress management,0.4771353006362915,"Mar 2, 2024, 6:11:01 PM PST",POSITIVE,0.980975866317749
26875,motivation and mental strength,0.7261005640029907,"Mar 8, 2024, 11:37:48 AM PST",POSITIVE,0.9222614765167236
26875,self-improvement and personal growth,0.6619856357574463,"Mar 8, 2024, 11:37:48 AM PST",POSITIVE,0.9222614765167236
26875,mindfulness and mental wellness,0.6012083292007446,"Mar 8, 2024, 11:37:48 AM PST",POSITIVE,0.9222614765167236
26875,mental health experiences,0.44273391366004944,"Mar 8, 2024, 11:37:48 AM PST",POSITIVE,0.9222614765167236
26875,social anxiety and relationships,0.42762044072151184,"Mar 8, 2024, 11:37:48 AM PST",POSITIVE,0.9222614765167236
26451,self-improvement and personal growth,0.8300239443778992,"Mar 12, 2024, 4:21:28 PM PST",POSITIVE,0.8464381098747253
26451,motivation and mental strength,0.7635371685028076,"Mar 12, 2024, 4:21:28 PM PST",POSITIVE,0.8464381098747253
26451,mental health experiences,0.7378648519515991,"Mar 12, 2024, 4:21:28 PM PST",POSITIVE,0.8464381098747253
26451,mindfulness and mental wellness,0.6525372862815857,"Mar 12, 2024, 4:21:28 PM PST",POSITIVE,0.8464381098747253
26451,self-care practices,0.5340241193771362,"Mar 12, 2024, 4:21:28 PM PST",POSITIVE,0.8464381098747253
26451,addiction awareness and recovery,0.523083508014679,"Mar 12, 2024, 4:21:28 PM PST",POSITIVE,0.8464381098747253
26451,mental health education,0.43205514550209045,"Mar 12, 2024, 4:21:28 PM PST",POSITIVE,0.8464381098747253
26451,trauma awareness and healing,0.3916477560997009,"Mar 12, 2024, 4:21:28 PM PST",POSITIVE,0.8464381098747253
26451,emotional health discussion,0.35437309741973877,"Mar 12, 2024, 4:21:28 PM PST",POSITIVE,0.8464381098747253
26451,therapy and mental health support,0.31148725748062134,"Mar 12, 2024, 4:21:28 PM PST",POSITIVE,0.8464381098747253
27290,self-improvement and personal growth,0.9408305287361145,"Mar 2, 2024, 6:07:58 PM PST",NEGATIVE,0.9852235317230225
27290,motivation and mental strength,0.9259960651397705,"Mar 2, 2024, 6:07:58 PM PST",NEGATIVE,0.9852235317230225
27290,mindfulness and mental wellness,0.8818740844726562,"Mar 2, 2024, 6:07:58 PM PST",NEGATIVE,0.9852235317230225
27290,mental health experiences,0.8740299940109253,"Mar 2, 2024, 6:07:58 PM PST",NEGATIVE,0.9852235317230225
27290,self-care practices,0.8699459433555603,"Mar 2, 2024, 6:07:58 PM PST",NEGATIVE,0.9852235317230225
27290,addiction awareness and recovery,0.8058692216873169,"Mar 2, 2024, 6:07:58 PM PST",NEGATIVE,0.9852235317230225
27290,sleep and mental wellness,0.7412287592887878,"Mar 2, 2024, 6:07:58 PM PST",NEGATIVE,0.9852235317230225
27290,mental health education,0.7206069231033325,"Mar 2, 2024, 6:07:58 PM PST",NEGATIVE,0.9852235317230225
27290,therapy and mental health support,0.6660177707672119,"Mar 2, 2024, 6:07:58 PM PST",NEGATIVE,0.9852235317230225
27290,work-life balance and burnout,0.6229793429374695,"Mar 2, 2024, 6:07:58 PM PST",NEGATIVE,0.9852235317230225
27290,emotional health discussion,0.6060354113578796,"Mar 2, 2024, 6:07:58 PM PST",NEGATIVE,0.9852235317230225
27290,trauma awareness and healing,0.6047267317771912,"Mar 2, 2024, 6:07:58 PM PST",NEGATIVE,0.9852235317230225
27290,depression and emotional support,0.3408382833003998,"Mar 2, 2024, 6:07:58 PM PST",NEGATIVE,0.9852235317230225
27290,anxiety and stress management,0.33413833379745483,"Mar 2, 2024, 6:07:58 PM PST",NEGATIVE,0.9852235317230225
26876,motivation and mental strength,0.9654848575592041,"Mar 8, 2024, 11:35:30 AM PST",POSITIVE,0.7209709882736206
26876,mental health experiences,0.9356311559677124,"Mar 8, 2024, 11:35:30 AM PST",POSITIVE,0.7209709882736206
26876,mindfulness and mental wellness,0.8678399324417114,"Mar 8, 2024, 11:35:30 AM PST",POSITIVE,0.7209709882736206
26876,self-improvement and personal growth,0.8366124629974365,"Mar 8, 2024, 11:35:30 AM PST",POSITIVE,0.7209709882736206
26876,depression and emotional support,0.7703741192817688,"Mar 8, 2024, 11:35:30 AM PST",POSITIVE,0.7209709882736206
26876,addiction awareness and recovery,0.7236695289611816,"Mar 8, 2024, 11:35:30 AM PST",POSITIVE,0.7209709882736206
26876,mental health education,0.6972737312316895,"Mar 8, 2024, 11:35:30 AM PST",POSITIVE,0.7209709882736206
26876,self-care practices,0.5644845962524414,"Mar 8, 2024, 11:35:30 AM PST",POSITIVE,0.7209709882736206
26876,sleep and mental wellness,0.5236934423446655,"Mar 8, 2024, 11:35:30 AM PST",POSITIVE,0.7209709882736206
26876,work-life balance and burnout,0.4501095414161682,"Mar 8, 2024, 11:35:30 AM PST",POSITIVE,0.7209709882736206
26876,therapy and mental health support,0.4479265511035919,"Mar 8, 2024, 11:35:30 AM PST",POSITIVE,0.7209709882736206
26876,trauma awareness and healing,0.36508265137672424,"Mar 8, 2024, 11:35:30 AM PST",POSITIVE,0.7209709882736206
26452,self-improvement and personal growth,0.8867172002792358,"Mar 12, 2024, 4:18:41 PM PST",NEGATIVE,0.7461315393447876
26452,motivation and mental strength,0.8531573414802551,"Mar 12, 2024, 4:18:41 PM PST",NEGATIVE,0.7461315393447876
26452,self-care practices,0.810465931892395,"Mar 12, 2024, 4:18:41 PM PST",NEGATIVE,0.7461315393447876
26452,mindfulness and mental wellness,0.8031122088432312,"Mar 12, 2024, 4:18:41 PM PST",NEGATIVE,0.7461315393447876
26452,mental health experiences,0.7384928464889526,"Mar 12, 2024, 4:18:41 PM PST",NEGATIVE,0.7461315393447876
26452,addiction awareness and recovery,0.6109923720359802,"Mar 12, 2024, 4:18:41 PM PST",NEGATIVE,0.7461315393447876
26452,work-life balance and burnout,0.6022405624389648,"Mar 12, 2024, 4:18:41 PM PST",NEGATIVE,0.7461315393447876
26452,mental health education,0.5788865685462952,"Mar 12, 2024, 4:18:41 PM PST",NEGATIVE,0.7461315393447876
26452,sleep and mental wellness,0.5228714942932129,"Mar 12, 2024, 4:18:41 PM PST",NEGATIVE,0.7461315393447876
26452,trauma awareness and healing,0.4911496043205261,"Mar 12, 2024, 4:18:41 PM PST",NEGATIVE,0.7461315393447876
26452,social anxiety and relationships,0.43755507469177246,"Mar 12, 2024, 4:18:41 PM PST",NEGATIVE,0.7461315393447876
26452,therapy and mental health support,0.4240643084049225,"Mar 12, 2024, 4:18:41 PM PST",NEGATIVE,0.7461315393447876
26452,emotional health discussion,0.4189326763153076,"Mar 12, 2024, 4:18:41 PM PST",NEGATIVE,0.7461315393447876
27291,self-improvement and personal growth,0.9515959620475769,"Mar 2, 2024, 6:02:48 PM PST",NEGATIVE,0.7927747368812561
27291,motivation and mental strength,0.938909113407135,"Mar 2, 2024, 6:02:48 PM PST",NEGATIVE,0.7927747368812561
27291,mindfulness and mental wellness,0.9224690198898315,"Mar 2, 2024, 6:02:48 PM PST",NEGATIVE,0.7927747368812561
27291,mental health experiences,0.9086316823959351,"Mar 2, 2024, 6:02:48 PM PST",NEGATIVE,0.7927747368812561
27291,self-care practices,0.8916761875152588,"Mar 2, 2024, 6:02:48 PM PST",NEGATIVE,0.7927747368812561
27291,emotional health discussion,0.7603978514671326,"Mar 2, 2024, 6:02:48 PM PST",NEGATIVE,0.7927747368812561
27291,therapy and mental health support,0.748717725276947,"Mar 2, 2024, 6:02:48 PM PST",NEGATIVE,0.7927747368812561
27291,mental health education,0.746648907661438,"Mar 2, 2024, 6:02:48 PM PST",NEGATIVE,0.7927747368812561
27291,trauma awareness and healing,0.7317934632301331,"Mar 2, 2024, 6:02:48 PM PST",NEGATIVE,0.7927747368812561
27291,addiction awareness and recovery,0.7268046140670776,"Mar 2, 2024, 6:02:48 PM PST",NEGATIVE,0.7927747368812561
27291,work-life balance and burnout,0.5520188212394714,"Mar 2, 2024, 6:02:48 PM PST",NEGATIVE,0.7927747368812561
27291,sleep and mental wellness,0.4687347412109375,"Mar 2, 2024, 6:02:48 PM PST",NEGATIVE,0.7927747368812561
27291,depression and emotional support,0.4028691053390503,"Mar 2, 2024, 6:02:48 PM PST",NEGATIVE,0.7927747368812561
27291,anxiety and stress management,0.36350753903388977,"Mar 2, 2024, 6:02:48 PM PST",NEGATIVE,0.7927747368812561
27291,social anxiety and relationships,0.31540098786354065,"Mar 2, 2024, 6:02:48 PM PST",NEGATIVE,0.7927747368812561
26877,self-improvement and personal growth,0.8982237577438354,"Mar 8, 2024, 11:34:44 AM PST",NEGATIVE,0.7192556262016296
26877,motivation and mental strength,0.8952749967575073,"Mar 8, 2024, 11:34:44 AM PST",NEGATIVE,0.7192556262016296
26877,mindfulness and mental wellness,0.8566790819168091,"Mar 8, 2024, 11:34:44 AM PST",NEGATIVE,0.7192556262016296
26877,mental health experiences,0.8468131422996521,"Mar 8, 2024, 11:34:44 AM PST",NEGATIVE,0.7192556262016296
26877,self-care practices,0.7724708318710327,"Mar 8, 2024, 11:34:44 AM PST",NEGATIVE,0.7192556262016296
26877,mental health education,0.6819927096366882,"Mar 8, 2024, 11:34:44 AM PST",NEGATIVE,0.7192556262016296
26877,sleep and mental wellness,0.6362453103065491,"Mar 8, 2024, 11:34:44 AM PST",NEGATIVE,0.7192556262016296
26877,addiction awareness and recovery,0.5846004486083984,"Mar 8, 2024, 11:34:44 AM PST",NEGATIVE,0.7192556262016296
26877,therapy and mental health support,0.5767759084701538,"Mar 8, 2024, 11:34:44 AM PST",NEGATIVE,0.7192556262016296
26877,work-life balance and burnout,0.5517157912254333,"Mar 8, 2024, 11:34:44 AM PST",NEGATIVE,0.7192556262016296
26877,emotional health discussion,0.5334314703941345,"Mar 8, 2024, 11:34:44 AM PST",NEGATIVE,0.7192556262016296
26877,trauma awareness and healing,0.4684033691883087,"Mar 8, 2024, 11:34:44 AM PST",NEGATIVE,0.7192556262016296
26877,social anxiety and relationships,0.43310052156448364,"Mar 8, 2024, 11:34:44 AM PST",NEGATIVE,0.7192556262016296
26877,depression and emotional support,0.3068245053291321,"Mar 8, 2024, 11:34:44 AM PST",NEGATIVE,0.7192556262016296
26453,self-improvement and personal growth,0.9215599298477173,"Mar 12, 2024, 4:15:01 PM PST",POSITIVE,0.8509562015533447
26453,motivation and mental strength,0.883001983165741,"Mar 12, 2024, 4:15:01 PM PST",POSITIVE,0.8509562015533447
26453,mental health experiences,0.8653833866119385,"Mar 12, 2024, 4:15:01 PM PST",POSITIVE,0.8509562015533447
26453,mindfulness and mental wellness,0.8529267907142639,"Mar 12, 2024, 4:15:01 PM PST",POSITIVE,0.8509562015533447
26453,self-care practices,0.7745400071144104,"Mar 12, 2024, 4:15:01 PM PST",POSITIVE,0.8509562015533447
26453,therapy and mental health support,0.7625545263290405,"Mar 12, 2024, 4:15:01 PM PST",POSITIVE,0.8509562015533447
26453,trauma awareness and healing,0.7541938424110413,"Mar 12, 2024, 4:15:01 PM PST",POSITIVE,0.8509562015533447
26453,mental health education,0.7486112117767334,"Mar 12, 2024, 4:15:01 PM PST",POSITIVE,0.8509562015533447
26453,addiction awareness and recovery,0.6662848591804504,"Mar 12, 2024, 4:15:01 PM PST",POSITIVE,0.8509562015533447
26453,emotional health discussion,0.6320063471794128,"Mar 12, 2024, 4:15:01 PM PST",POSITIVE,0.8509562015533447
26453,work-life balance and burnout,0.6015498638153076,"Mar 12, 2024, 4:15:01 PM PST",POSITIVE,0.8509562015533447
26453,sleep and mental wellness,0.5836881399154663,"Mar 12, 2024, 4:15:01 PM PST",POSITIVE,0.8509562015533447
26453,social anxiety and relationships,0.4805358648300171,"Mar 12, 2024, 4:15:01 PM PST",POSITIVE,0.8509562015533447
26453,depression and emotional support,0.45445817708969116,"Mar 12, 2024, 4:15:01 PM PST",POSITIVE,0.8509562015533447
26453,anxiety and stress management,0.32893097400665283,"Mar 12, 2024, 4:15:01 PM PST",POSITIVE,0.8509562015533447
27292,motivation and mental strength,0.9165542125701904,"Mar 2, 2024, 5:54:54 PM PST",POSITIVE,0.9047510027885437
27292,mindfulness and mental wellness,0.9038676023483276,"Mar 2, 2024, 5:54:54 PM PST",POSITIVE,0.9047510027885437
27292,self-improvement and personal growth,0.8675644397735596,"Mar 2, 2024, 5:54:54 PM PST",POSITIVE,0.9047510027885437
27292,self-care practices,0.7793376445770264,"Mar 2, 2024, 5:54:54 PM PST",POSITIVE,0.9047510027885437
27292,mental health experiences,0.7719275951385498,"Mar 2, 2024, 5:54:54 PM PST",POSITIVE,0.9047510027885437
27292,mental health education,0.7420284748077393,"Mar 2, 2024, 5:54:54 PM PST",POSITIVE,0.9047510027885437
27292,therapy and mental health support,0.6079068183898926,"Mar 2, 2024, 5:54:54 PM PST",POSITIVE,0.9047510027885437
27292,emotional health discussion,0.6055614352226257,"Mar 2, 2024, 5:54:54 PM PST",POSITIVE,0.9047510027885437
27292,addiction awareness and recovery,0.5896008014678955,"Mar 2, 2024, 5:54:54 PM PST",POSITIVE,0.9047510027885437
27292,trauma awareness and healing,0.5717700123786926,"Mar 2, 2024, 5:54:54 PM PST",POSITIVE,0.9047510027885437
27292,work-life balance and burnout,0.5408865213394165,"Mar 2, 2024, 5:54:54 PM PST",POSITIVE,0.9047510027885437
27292,social anxiety and relationships,0.43889039754867554,"Mar 2, 2024, 5:54:54 PM PST",POSITIVE,0.9047510027885437
27292,sleep and mental wellness,0.3850047290325165,"Mar 2, 2024, 5:54:54 PM PST",POSITIVE,0.9047510027885437
27292,anxiety and stress management,0.33390939235687256,"Mar 2, 2024, 5:54:54 PM PST",POSITIVE,0.9047510027885437
26878,mental health experiences,0.869985044002533,"Mar 8, 2024, 11:31:11 AM PST",NEGATIVE,0.916412353515625
26878,self-improvement and personal growth,0.8498879075050354,"Mar 8, 2024, 11:31:11 AM PST",NEGATIVE,0.916412353515625
26878,motivation and mental strength,0.805363655090332,"Mar 8, 2024, 11:31:11 AM PST",NEGATIVE,0.916412353515625
26878,mindfulness and mental wellness,0.7624353766441345,"Mar 8, 2024, 11:31:11 AM PST",NEGATIVE,0.916412353515625
26878,self-care practices,0.7030074596405029,"Mar 8, 2024, 11:31:11 AM PST",NEGATIVE,0.916412353515625
26878,mental health education,0.6688995361328125,"Mar 8, 2024, 11:31:11 AM PST",NEGATIVE,0.916412353515625
26878,addiction awareness and recovery,0.6096869707107544,"Mar 8, 2024, 11:31:11 AM PST",NEGATIVE,0.916412353515625
26878,emotional health discussion,0.5681203007698059,"Mar 8, 2024, 11:31:11 AM PST",NEGATIVE,0.916412353515625
26878,sleep and mental wellness,0.5349104404449463,"Mar 8, 2024, 11:31:11 AM PST",NEGATIVE,0.916412353515625
26878,therapy and mental health support,0.48390889167785645,"Mar 8, 2024, 11:31:11 AM PST",NEGATIVE,0.916412353515625
26878,trauma awareness and healing,0.4620656371116638,"Mar 8, 2024, 11:31:11 AM PST",NEGATIVE,0.916412353515625
26878,work-life balance and burnout,0.338205486536026,"Mar 8, 2024, 11:31:11 AM PST",NEGATIVE,0.916412353515625
26454,self-improvement and personal growth,0.8982237577438354,"Mar 12, 2024, 4:11:58 PM PST",NEGATIVE,0.7192556262016296
26454,motivation and mental strength,0.8952749967575073,"Mar 12, 2024, 4:11:58 PM PST",NEGATIVE,0.7192556262016296
26454,mindfulness and mental wellness,0.8566790819168091,"Mar 12, 2024, 4:11:58 PM PST",NEGATIVE,0.7192556262016296
26454,mental health experiences,0.8468131422996521,"Mar 12, 2024, 4:11:58 PM PST",NEGATIVE,0.7192556262016296
26454,self-care practices,0.7724708318710327,"Mar 12, 2024, 4:11:58 PM PST",NEGATIVE,0.7192556262016296
26454,mental health education,0.6819927096366882,"Mar 12, 2024, 4:11:58 PM PST",NEGATIVE,0.7192556262016296
26454,sleep and mental wellness,0.6362453103065491,"Mar 12, 2024, 4:11:58 PM PST",NEGATIVE,0.7192556262016296
26454,addiction awareness and recovery,0.5846004486083984,"Mar 12, 2024, 4:11:58 PM PST",NEGATIVE,0.7192556262016296
26454,therapy and mental health support,0.5767759084701538,"Mar 12, 2024, 4:11:58 PM PST",NEGATIVE,0.7192556262016296
26454,work-life balance and burnout,0.5517157912254333,"Mar 12, 2024, 4:11:58 PM PST",NEGATIVE,0.7192556262016296
26454,emotional health discussion,0.5334314703941345,"Mar 12, 2024, 4:11:58 PM PST",NEGATIVE,0.7192556262016296
26454,trauma awareness and healing,0.4684033691883087,"Mar 12, 2024, 4:11:58 PM PST",NEGATIVE,0.7192556262016296
26454,social anxiety and relationships,0.43310052156448364,"Mar 12, 2024, 4:11:58 PM PST",NEGATIVE,0.7192556262016296
26454,depression and emotional support,0.3068245053291321,"Mar 12, 2024, 4:11:58 PM PST",NEGATIVE,0.7192556262016296
27293,mindfulness and mental wellness,0.9510790705680847,"Mar 2, 2024, 5:51:00 PM PST",POSITIVE,0.988103449344635
27293,motivation and mental strength,0.9368666410446167,"Mar 2, 2024, 5:51:00 PM PST",POSITIVE,0.988103449344635
27293,self-improvement and personal growth,0.9289398193359375,"Mar 2, 2024, 5:51:00 PM PST",POSITIVE,0.988103449344635
27293,self-care practices,0.8555784225463867,"Mar 2, 2024, 5:51:00 PM PST",POSITIVE,0.988103449344635
27293,mental health experiences,0.8298826217651367,"Mar 2, 2024, 5:51:00 PM PST",POSITIVE,0.988103449344635
27293,mental health education,0.7148204445838928,"Mar 2, 2024, 5:51:00 PM PST",POSITIVE,0.988103449344635
27293,addiction awareness and recovery,0.6805819869041443,"Mar 2, 2024, 5:51:00 PM PST",POSITIVE,0.988103449344635
27293,therapy and mental health support,0.6712080836296082,"Mar 2, 2024, 5:51:00 PM PST",POSITIVE,0.988103449344635
27293,trauma awareness and healing,0.6510475873947144,"Mar 2, 2024, 5:51:00 PM PST",POSITIVE,0.988103449344635
27293,emotional health discussion,0.6288558840751648,"Mar 2, 2024, 5:51:00 PM PST",POSITIVE,0.988103449344635
27293,work-life balance and burnout,0.47748374938964844,"Mar 2, 2024, 5:51:00 PM PST",POSITIVE,0.988103449344635
27293,social anxiety and relationships,0.44559821486473083,"Mar 2, 2024, 5:51:00 PM PST",POSITIVE,0.988103449344635
27293,sleep and mental wellness,0.4442426860332489,"Mar 2, 2024, 5:51:00 PM PST",POSITIVE,0.988103449344635
27293,depression and emotional support,0.3529903292655945,"Mar 2, 2024, 5:51:00 PM PST",POSITIVE,0.988103449344635
27293,anxiety and stress management,0.31298211216926575,"Mar 2, 2024, 5:51:00 PM PST",POSITIVE,0.988103449344635
26879,self-improvement and personal growth,0.6545376777648926,"Mar 8, 2024, 11:28:04 AM PST",NEGATIVE,0.9814648032188416
26879,motivation and mental strength,0.623355507850647,"Mar 8, 2024, 11:28:04 AM PST",NEGATIVE,0.9814648032188416
27294,self-improvement and personal growth,0.9089234471321106,"Mar 2, 2024, 5:48:19 PM PST",NEGATIVE,0.9741942286491394
27294,motivation and mental strength,0.889694094657898,"Mar 2, 2024, 5:48:19 PM PST",NEGATIVE,0.9741942286491394
27294,self-care practices,0.8429867625236511,"Mar 2, 2024, 5:48:19 PM PST",NEGATIVE,0.9741942286491394
27294,mental health experiences,0.839661180973053,"Mar 2, 2024, 5:48:19 PM PST",NEGATIVE,0.9741942286491394
27294,mindfulness and mental wellness,0.8326712846755981,"Mar 2, 2024, 5:48:19 PM PST",NEGATIVE,0.9741942286491394
27294,mental health education,0.7338041067123413,"Mar 2, 2024, 5:48:19 PM PST",NEGATIVE,0.9741942286491394
27294,addiction awareness and recovery,0.723853588104248,"Mar 2, 2024, 5:48:19 PM PST",NEGATIVE,0.9741942286491394
27294,therapy and mental health support,0.7176291942596436,"Mar 2, 2024, 5:48:19 PM PST",NEGATIVE,0.9741942286491394
27294,sleep and mental wellness,0.6243413686752319,"Mar 2, 2024, 5:48:19 PM PST",NEGATIVE,0.9741942286491394
27294,work-life balance and burnout,0.6236782073974609,"Mar 2, 2024, 5:48:19 PM PST",NEGATIVE,0.9741942286491394
27294,trauma awareness and healing,0.5889182090759277,"Mar 2, 2024, 5:48:19 PM PST",NEGATIVE,0.9741942286491394
27294,emotional health discussion,0.502727210521698,"Mar 2, 2024, 5:48:19 PM PST",NEGATIVE,0.9741942286491394
27294,anxiety and stress management,0.4527684152126312,"Mar 2, 2024, 5:48:19 PM PST",NEGATIVE,0.9741942286491394
27294,social anxiety and relationships,0.4127245843410492,"Mar 2, 2024, 5:48:19 PM PST",NEGATIVE,0.9741942286491394
27294,depression and emotional support,0.36639881134033203,"Mar 2, 2024, 5:48:19 PM PST",NEGATIVE,0.9741942286491394
26880,motivation and mental strength,0.9270659685134888,"Mar 8, 2024, 11:27:33 AM PST",POSITIVE,0.9355951547622681
26880,mental health experiences,0.9193647503852844,"Mar 8, 2024, 11:27:33 AM PST",POSITIVE,0.9355951547622681
26880,self-improvement and personal growth,0.9188792705535889,"Mar 8, 2024, 11:27:33 AM PST",POSITIVE,0.9355951547622681
26880,mindfulness and mental wellness,0.9102094769477844,"Mar 8, 2024, 11:27:33 AM PST",POSITIVE,0.9355951547622681
26880,self-care practices,0.84739750623703,"Mar 8, 2024, 11:27:33 AM PST",POSITIVE,0.9355951547622681
26880,mental health education,0.8108385801315308,"Mar 8, 2024, 11:27:33 AM PST",POSITIVE,0.9355951547622681
26880,addiction awareness and recovery,0.7430702447891235,"Mar 8, 2024, 11:27:33 AM PST",POSITIVE,0.9355951547622681
26880,therapy and mental health support,0.741806149482727,"Mar 8, 2024, 11:27:33 AM PST",POSITIVE,0.9355951547622681
26880,emotional health discussion,0.738168478012085,"Mar 8, 2024, 11:27:33 AM PST",POSITIVE,0.9355951547622681
26880,trauma awareness and healing,0.6775270700454712,"Mar 8, 2024, 11:27:33 AM PST",POSITIVE,0.9355951547622681
26880,social anxiety and relationships,0.5421684384346008,"Mar 8, 2024, 11:27:33 AM PST",POSITIVE,0.9355951547622681
26880,work-life balance and burnout,0.5131710767745972,"Mar 8, 2024, 11:27:33 AM PST",POSITIVE,0.9355951547622681
26880,sleep and mental wellness,0.4957089424133301,"Mar 8, 2024, 11:27:33 AM PST",POSITIVE,0.9355951547622681
26880,depression and emotional support,0.48000282049179077,"Mar 8, 2024, 11:27:33 AM PST",POSITIVE,0.9355951547622681
26880,anxiety and stress management,0.3927031457424164,"Mar 8, 2024, 11:27:33 AM PST",POSITIVE,0.9355951547622681
27295,motivation and mental strength,0.8331979513168335,"Mar 2, 2024, 5:45:19 PM PST",NEGATIVE,0.9643954634666443
27295,self-improvement and personal growth,0.8175478577613831,"Mar 2, 2024, 5:45:19 PM PST",NEGATIVE,0.9643954634666443
27295,mindfulness and mental wellness,0.718488335609436,"Mar 2, 2024, 5:45:19 PM PST",NEGATIVE,0.9643954634666443
27295,self-care practices,0.6470768451690674,"Mar 2, 2024, 5:45:19 PM PST",NEGATIVE,0.9643954634666443
27295,mental health experiences,0.5575655698776245,"Mar 2, 2024, 5:45:19 PM PST",NEGATIVE,0.9643954634666443
27295,mental health education,0.41039469838142395,"Mar 2, 2024, 5:45:19 PM PST",NEGATIVE,0.9643954634666443
27295,emotional health discussion,0.3997829258441925,"Mar 2, 2024, 5:45:19 PM PST",NEGATIVE,0.9643954634666443
27295,work-life balance and burnout,0.38702115416526794,"Mar 2, 2024, 5:45:19 PM PST",NEGATIVE,0.9643954634666443
27295,therapy and mental health support,0.3738437592983246,"Mar 2, 2024, 5:45:19 PM PST",NEGATIVE,0.9643954634666443
27295,addiction awareness and recovery,0.3502705693244934,"Mar 2, 2024, 5:45:19 PM PST",NEGATIVE,0.9643954634666443
27295,trauma awareness and healing,0.31587424874305725,"Mar 2, 2024, 5:45:19 PM PST",NEGATIVE,0.9643954634666443
27295,sleep and mental wellness,0.3055379092693329,"Mar 2, 2024, 5:45:19 PM PST",NEGATIVE,0.9643954634666443
26455,motivation and mental strength,0.958747148513794,"Mar 12, 2024, 3:31:41 PM PST",POSITIVE,0.9870080351829529
26455,mental health experiences,0.7515616416931152,"Mar 12, 2024, 3:31:41 PM PST",POSITIVE,0.9870080351829529
26455,self-improvement and personal growth,0.6839107275009155,"Mar 12, 2024, 3:31:41 PM PST",POSITIVE,0.9870080351829529
26455,addiction awareness and recovery,0.6354935169219971,"Mar 12, 2024, 3:31:41 PM PST",POSITIVE,0.9870080351829529
26455,work-life balance and burnout,0.5726619362831116,"Mar 12, 2024, 3:31:41 PM PST",POSITIVE,0.9870080351829529
26455,mindfulness and mental wellness,0.5401551723480225,"Mar 12, 2024, 3:31:41 PM PST",POSITIVE,0.9870080351829529
26455,self-care practices,0.5214490294456482,"Mar 12, 2024, 3:31:41 PM PST",POSITIVE,0.9870080351829529
26455,sleep and mental wellness,0.4659733772277832,"Mar 12, 2024, 3:31:41 PM PST",POSITIVE,0.9870080351829529
27296,self-improvement and personal growth,0.9817399978637695,"Mar 2, 2024, 5:45:15 PM PST",NEGATIVE,0.9548879861831665
27296,mental health experiences,0.9600520730018616,"Mar 2, 2024, 5:45:15 PM PST",NEGATIVE,0.9548879861831665
27296,motivation and mental strength,0.8463597297668457,"Mar 2, 2024, 5:45:15 PM PST",NEGATIVE,0.9548879861831665
27296,mindfulness and mental wellness,0.7632558941841125,"Mar 2, 2024, 5:45:15 PM PST",NEGATIVE,0.9548879861831665
27296,social anxiety and relationships,0.7160292863845825,"Mar 2, 2024, 5:45:15 PM PST",NEGATIVE,0.9548879861831665
27296,therapy and mental health support,0.695794939994812,"Mar 2, 2024, 5:45:15 PM PST",NEGATIVE,0.9548879861831665
27296,emotional health discussion,0.6748480200767517,"Mar 2, 2024, 5:45:15 PM PST",NEGATIVE,0.9548879861831665
27296,self-care practices,0.673513650894165,"Mar 2, 2024, 5:45:15 PM PST",NEGATIVE,0.9548879861831665
27296,trauma awareness and healing,0.6659678220748901,"Mar 2, 2024, 5:45:15 PM PST",NEGATIVE,0.9548879861831665
27296,mental health education,0.5923818945884705,"Mar 2, 2024, 5:45:15 PM PST",NEGATIVE,0.9548879861831665
27296,addiction awareness and recovery,0.5547294616699219,"Mar 2, 2024, 5:45:15 PM PST",NEGATIVE,0.9548879861831665
27296,depression and emotional support,0.5006842613220215,"Mar 2, 2024, 5:45:15 PM PST",NEGATIVE,0.9548879861831665
27296,work-life balance and burnout,0.37969574332237244,"Mar 2, 2024, 5:45:15 PM PST",NEGATIVE,0.9548879861831665
26456,motivation and mental strength,0.5701422691345215,"Mar 12, 2024, 3:25:23 PM PST",POSITIVE,0.8847189545631409
26456,self-improvement and personal growth,0.5352069139480591,"Mar 12, 2024, 3:25:23 PM PST",POSITIVE,0.8847189545631409
26881,self-improvement and personal growth,0.7376660108566284,"Mar 8, 2024, 11:27:30 AM PST",NEGATIVE,0.9604150652885437
26881,motivation and mental strength,0.5221251249313354,"Mar 8, 2024, 11:27:30 AM PST",NEGATIVE,0.9604150652885437
26881,mental health experiences,0.3971077501773834,"Mar 8, 2024, 11:27:30 AM PST",NEGATIVE,0.9604150652885437
27297,self-improvement and personal growth,0.9331531524658203,"Mar 2, 2024, 5:45:02 PM PST",NEGATIVE,0.9902921319007874
27297,motivation and mental strength,0.8963952660560608,"Mar 2, 2024, 5:45:02 PM PST",NEGATIVE,0.9902921319007874
27297,mental health experiences,0.8705204129219055,"Mar 2, 2024, 5:45:02 PM PST",NEGATIVE,0.9902921319007874
27297,mindfulness and mental wellness,0.8378939628601074,"Mar 2, 2024, 5:45:02 PM PST",NEGATIVE,0.9902921319007874
27297,self-care practices,0.8061941266059875,"Mar 2, 2024, 5:45:02 PM PST",NEGATIVE,0.9902921319007874
27297,addiction awareness and recovery,0.7477323412895203,"Mar 2, 2024, 5:45:02 PM PST",NEGATIVE,0.9902921319007874
27297,mental health education,0.7251678705215454,"Mar 2, 2024, 5:45:02 PM PST",NEGATIVE,0.9902921319007874
27297,therapy and mental health support,0.6004500985145569,"Mar 2, 2024, 5:45:02 PM PST",NEGATIVE,0.9902921319007874
27297,emotional health discussion,0.5857868790626526,"Mar 2, 2024, 5:45:02 PM PST",NEGATIVE,0.9902921319007874
27297,trauma awareness and healing,0.577092170715332,"Mar 2, 2024, 5:45:02 PM PST",NEGATIVE,0.9902921319007874
27297,work-life balance and burnout,0.5393686890602112,"Mar 2, 2024, 5:45:02 PM PST",NEGATIVE,0.9902921319007874
27297,sleep and mental wellness,0.3430525064468384,"Mar 2, 2024, 5:45:02 PM PST",NEGATIVE,0.9902921319007874
27297,anxiety and stress management,0.30203360319137573,"Mar 2, 2024, 5:45:02 PM PST",NEGATIVE,0.9902921319007874
26457,motivation and mental strength,0.8709167242050171,"Mar 12, 2024, 3:20:54 PM PST",NEGATIVE,0.9189328551292419
26457,self-improvement and personal growth,0.7812157869338989,"Mar 12, 2024, 3:20:54 PM PST",NEGATIVE,0.9189328551292419
26457,mental health experiences,0.43261706829071045,"Mar 12, 2024, 3:20:54 PM PST",NEGATIVE,0.9189328551292419
26882,self-improvement and personal growth,0.8628136515617371,"Mar 8, 2024, 11:24:42 AM PST",NEGATIVE,0.8898099064826965
26882,motivation and mental strength,0.8079516887664795,"Mar 8, 2024, 11:24:42 AM PST",NEGATIVE,0.8898099064826965
26882,mindfulness and mental wellness,0.7523465752601624,"Mar 8, 2024, 11:24:42 AM PST",NEGATIVE,0.8898099064826965
26882,mental health experiences,0.7199200391769409,"Mar 8, 2024, 11:24:42 AM PST",NEGATIVE,0.8898099064826965
26882,self-care practices,0.6862149238586426,"Mar 8, 2024, 11:24:42 AM PST",NEGATIVE,0.8898099064826965
26882,addiction awareness and recovery,0.5057727098464966,"Mar 8, 2024, 11:24:42 AM PST",NEGATIVE,0.8898099064826965
26882,mental health education,0.502963125705719,"Mar 8, 2024, 11:24:42 AM PST",NEGATIVE,0.8898099064826965
26882,emotional health discussion,0.4958522915840149,"Mar 8, 2024, 11:24:42 AM PST",NEGATIVE,0.8898099064826965
26882,therapy and mental health support,0.46763694286346436,"Mar 8, 2024, 11:24:42 AM PST",NEGATIVE,0.8898099064826965
26882,trauma awareness and healing,0.45505815744400024,"Mar 8, 2024, 11:24:42 AM PST",NEGATIVE,0.8898099064826965
26882,work-life balance and burnout,0.41109660267829895,"Mar 8, 2024, 11:24:42 AM PST",NEGATIVE,0.8898099064826965
26882,social anxiety and relationships,0.34427979588508606,"Mar 8, 2024, 11:24:42 AM PST",NEGATIVE,0.8898099064826965
26882,sleep and mental wellness,0.32716041803359985,"Mar 8, 2024, 11:24:42 AM PST",NEGATIVE,0.8898099064826965
27298,mindfulness and mental wellness,0.9233312606811523,"Mar 2, 2024, 5:42:15 PM PST",POSITIVE,0.977432131767273
27298,self-improvement and personal growth,0.9107899069786072,"Mar 2, 2024, 5:42:15 PM PST",POSITIVE,0.977432131767273
27298,motivation and mental strength,0.8962990045547485,"Mar 2, 2024, 5:42:15 PM PST",POSITIVE,0.977432131767273
27298,mental health experiences,0.7999852895736694,"Mar 2, 2024, 5:42:15 PM PST",POSITIVE,0.977432131767273
27298,self-care practices,0.7957537174224854,"Mar 2, 2024, 5:42:15 PM PST",POSITIVE,0.977432131767273
27298,addiction awareness and recovery,0.6608560085296631,"Mar 2, 2024, 5:42:15 PM PST",POSITIVE,0.977432131767273
27298,emotional health discussion,0.6358806490898132,"Mar 2, 2024, 5:42:15 PM PST",POSITIVE,0.977432131767273
27298,mental health education,0.6344764232635498,"Mar 2, 2024, 5:42:15 PM PST",POSITIVE,0.977432131767273
27298,trauma awareness and healing,0.5955365300178528,"Mar 2, 2024, 5:42:15 PM PST",POSITIVE,0.977432131767273
27298,sleep and mental wellness,0.5872467160224915,"Mar 2, 2024, 5:42:15 PM PST",POSITIVE,0.977432131767273
27298,therapy and mental health support,0.5499985814094543,"Mar 2, 2024, 5:42:15 PM PST",POSITIVE,0.977432131767273
27298,social anxiety and relationships,0.3473641276359558,"Mar 2, 2024, 5:42:15 PM PST",POSITIVE,0.977432131767273
27298,work-life balance and burnout,0.3398646414279938,"Mar 2, 2024, 5:42:15 PM PST",POSITIVE,0.977432131767273
26458,self-improvement and personal growth,0.7877764701843262,"Mar 12, 2024, 3:17:51 PM PST",NEGATIVE,0.866844654083252
26458,motivation and mental strength,0.6167957782745361,"Mar 12, 2024, 3:17:51 PM PST",NEGATIVE,0.866844654083252
26458,mental health experiences,0.36816301941871643,"Mar 12, 2024, 3:17:51 PM PST",NEGATIVE,0.866844654083252
26883,self-improvement and personal growth,0.9112107753753662,"Mar 8, 2024, 11:21:27 AM PST",POSITIVE,0.9265515804290771
26883,motivation and mental strength,0.8727679252624512,"Mar 8, 2024, 11:21:27 AM PST",POSITIVE,0.9265515804290771
26883,mindfulness and mental wellness,0.7554081082344055,"Mar 8, 2024, 11:21:27 AM PST",POSITIVE,0.9265515804290771
26883,self-care practices,0.6783834099769592,"Mar 8, 2024, 11:21:27 AM PST",POSITIVE,0.9265515804290771
26883,mental health experiences,0.6687114834785461,"Mar 8, 2024, 11:21:27 AM PST",POSITIVE,0.9265515804290771
26883,addiction awareness and recovery,0.5635536313056946,"Mar 8, 2024, 11:21:27 AM PST",POSITIVE,0.9265515804290771
26883,emotional health discussion,0.4755736291408539,"Mar 8, 2024, 11:21:27 AM PST",POSITIVE,0.9265515804290771
26883,trauma awareness and healing,0.45050501823425293,"Mar 8, 2024, 11:21:27 AM PST",POSITIVE,0.9265515804290771
26883,mental health education,0.3855684697628021,"Mar 8, 2024, 11:21:27 AM PST",POSITIVE,0.9265515804290771
26883,therapy and mental health support,0.38052916526794434,"Mar 8, 2024, 11:21:27 AM PST",POSITIVE,0.9265515804290771
26883,sleep and mental wellness,0.37840941548347473,"Mar 8, 2024, 11:21:27 AM PST",POSITIVE,0.9265515804290771
26883,work-life balance and burnout,0.33819445967674255,"Mar 8, 2024, 11:21:27 AM PST",POSITIVE,0.9265515804290771
27299,motivation and mental strength,0.9618951082229614,"Mar 2, 2024, 5:38:14 PM PST",NEGATIVE,0.9670203924179077
27299,mental health experiences,0.9039357304573059,"Mar 2, 2024, 5:38:14 PM PST",NEGATIVE,0.9670203924179077
27299,self-improvement and personal growth,0.8807172179222107,"Mar 2, 2024, 5:38:14 PM PST",NEGATIVE,0.9670203924179077
27299,self-care practices,0.8403319120407104,"Mar 2, 2024, 5:38:14 PM PST",NEGATIVE,0.9670203924179077
27299,mindfulness and mental wellness,0.8341920375823975,"Mar 2, 2024, 5:38:14 PM PST",NEGATIVE,0.9670203924179077
27299,sleep and mental wellness,0.8029390573501587,"Mar 2, 2024, 5:38:14 PM PST",NEGATIVE,0.9670203924179077
27299,mental health education,0.7387748956680298,"Mar 2, 2024, 5:38:14 PM PST",NEGATIVE,0.9670203924179077
27299,addiction awareness and recovery,0.6057637929916382,"Mar 2, 2024, 5:38:14 PM PST",NEGATIVE,0.9670203924179077
27299,social anxiety and relationships,0.6030303239822388,"Mar 2, 2024, 5:38:14 PM PST",NEGATIVE,0.9670203924179077
27299,work-life balance and burnout,0.5619140267372131,"Mar 2, 2024, 5:38:14 PM PST",NEGATIVE,0.9670203924179077
27299,emotional health discussion,0.4662371873855591,"Mar 2, 2024, 5:38:14 PM PST",NEGATIVE,0.9670203924179077
27299,therapy and mental health support,0.44968459010124207,"Mar 2, 2024, 5:38:14 PM PST",NEGATIVE,0.9670203924179077
27299,trauma awareness and healing,0.43008437752723694,"Mar 2, 2024, 5:38:14 PM PST",NEGATIVE,0.9670203924179077
26884,self-improvement and personal growth,0.958477258682251,"Mar 8, 2024, 11:20:18 AM PST",POSITIVE,0.9572591185569763
26884,motivation and mental strength,0.9429007172584534,"Mar 8, 2024, 11:20:18 AM PST",POSITIVE,0.9572591185569763
26884,mindfulness and mental wellness,0.9238263368606567,"Mar 8, 2024, 11:20:18 AM PST",POSITIVE,0.9572591185569763
26884,mental health experiences,0.9172006845474243,"Mar 8, 2024, 11:20:18 AM PST",POSITIVE,0.9572591185569763
26884,mental health education,0.8560989499092102,"Mar 8, 2024, 11:20:18 AM PST",POSITIVE,0.9572591185569763
26884,self-care practices,0.8454114198684692,"Mar 8, 2024, 11:20:18 AM PST",POSITIVE,0.9572591185569763
26884,therapy and mental health support,0.8364340662956238,"Mar 8, 2024, 11:20:18 AM PST",POSITIVE,0.9572591185569763
26884,addiction awareness and recovery,0.802408754825592,"Mar 8, 2024, 11:20:18 AM PST",POSITIVE,0.9572591185569763
26884,trauma awareness and healing,0.7867512702941895,"Mar 8, 2024, 11:20:18 AM PST",POSITIVE,0.9572591185569763
26884,sleep and mental wellness,0.7326530814170837,"Mar 8, 2024, 11:20:18 AM PST",POSITIVE,0.9572591185569763
26884,emotional health discussion,0.7297573089599609,"Mar 8, 2024, 11:20:18 AM PST",POSITIVE,0.9572591185569763
26884,work-life balance and burnout,0.7236942648887634,"Mar 8, 2024, 11:20:18 AM PST",POSITIVE,0.9572591185569763
26884,social anxiety and relationships,0.4911125898361206,"Mar 8, 2024, 11:20:18 AM PST",POSITIVE,0.9572591185569763
26884,depression and emotional support,0.42969319224357605,"Mar 8, 2024, 11:20:18 AM PST",POSITIVE,0.9572591185569763
26884,anxiety and stress management,0.4118027985095978,"Mar 8, 2024, 11:20:18 AM PST",POSITIVE,0.9572591185569763
26459,self-improvement and personal growth,0.8061660528182983,"Mar 12, 2024, 3:13:57 PM PST",NEGATIVE,0.9975073933601379
26459,motivation and mental strength,0.7280684113502502,"Mar 12, 2024, 3:13:57 PM PST",NEGATIVE,0.9975073933601379
26459,work-life balance and burnout,0.6555541157722473,"Mar 12, 2024, 3:13:57 PM PST",NEGATIVE,0.9975073933601379
27300,motivation and mental strength,0.6060264110565186,"Mar 2, 2024, 5:26:02 PM PST",NEGATIVE,0.9476616382598877
27300,self-improvement and personal growth,0.5344099402427673,"Mar 2, 2024, 5:26:02 PM PST",NEGATIVE,0.9476616382598877
27300,mental health experiences,0.3810703456401825,"Mar 2, 2024, 5:26:02 PM PST",NEGATIVE,0.9476616382598877
26885,self-improvement and personal growth,0.8911367058753967,"Mar 8, 2024, 11:14:55 AM PST",POSITIVE,0.99021977186203
26885,motivation and mental strength,0.8478888273239136,"Mar 8, 2024, 11:14:55 AM PST",POSITIVE,0.99021977186203
26885,mental health experiences,0.8246106505393982,"Mar 8, 2024, 11:14:55 AM PST",POSITIVE,0.99021977186203
26885,self-care practices,0.7773615717887878,"Mar 8, 2024, 11:14:55 AM PST",POSITIVE,0.99021977186203
26885,mindfulness and mental wellness,0.7730579972267151,"Mar 8, 2024, 11:14:55 AM PST",POSITIVE,0.99021977186203
26885,therapy and mental health support,0.6904021501541138,"Mar 8, 2024, 11:14:55 AM PST",POSITIVE,0.99021977186203
26885,addiction awareness and recovery,0.6863341331481934,"Mar 8, 2024, 11:14:55 AM PST",POSITIVE,0.99021977186203
26885,mental health education,0.645987331867218,"Mar 8, 2024, 11:14:55 AM PST",POSITIVE,0.99021977186203
26885,emotional health discussion,0.5652230381965637,"Mar 8, 2024, 11:14:55 AM PST",POSITIVE,0.99021977186203
26885,work-life balance and burnout,0.5546517372131348,"Mar 8, 2024, 11:14:55 AM PST",POSITIVE,0.99021977186203
26885,trauma awareness and healing,0.5203651189804077,"Mar 8, 2024, 11:14:55 AM PST",POSITIVE,0.99021977186203
26885,sleep and mental wellness,0.341126948595047,"Mar 8, 2024, 11:14:55 AM PST",POSITIVE,0.99021977186203
26885,depression and emotional support,0.33545607328414917,"Mar 8, 2024, 11:14:55 AM PST",POSITIVE,0.99021977186203
26885,anxiety and stress management,0.3211645185947418,"Mar 8, 2024, 11:14:55 AM PST",POSITIVE,0.99021977186203
26885,social anxiety and relationships,0.30854955315589905,"Mar 8, 2024, 11:14:55 AM PST",POSITIVE,0.99021977186203
26460,self-improvement and personal growth,0.9430195689201355,"Mar 12, 2024, 3:10:30 PM PST",NEGATIVE,0.6299251914024353
26460,motivation and mental strength,0.7949743270874023,"Mar 12, 2024, 3:10:30 PM PST",NEGATIVE,0.6299251914024353
26886,self-improvement and personal growth,0.9089234471321106,"Mar 8, 2024, 11:12:14 AM PST",NEGATIVE,0.9741942286491394
26886,motivation and mental strength,0.889694094657898,"Mar 8, 2024, 11:12:14 AM PST",NEGATIVE,0.9741942286491394
26886,self-care practices,0.8429867625236511,"Mar 8, 2024, 11:12:14 AM PST",NEGATIVE,0.9741942286491394
26886,mental health experiences,0.839661180973053,"Mar 8, 2024, 11:12:14 AM PST",NEGATIVE,0.9741942286491394
26886,mindfulness and mental wellness,0.8326712846755981,"Mar 8, 2024, 11:12:14 AM PST",NEGATIVE,0.9741942286491394
26886,mental health education,0.7338041067123413,"Mar 8, 2024, 11:12:14 AM PST",NEGATIVE,0.9741942286491394
26886,addiction awareness and recovery,0.723853588104248,"Mar 8, 2024, 11:12:14 AM PST",NEGATIVE,0.9741942286491394
26886,therapy and mental health support,0.7176291942596436,"Mar 8, 2024, 11:12:14 AM PST",NEGATIVE,0.9741942286491394
26886,sleep and mental wellness,0.6243413686752319,"Mar 8, 2024, 11:12:14 AM PST",NEGATIVE,0.9741942286491394
26886,work-life balance and burnout,0.6236782073974609,"Mar 8, 2024, 11:12:14 AM PST",NEGATIVE,0.9741942286491394
26886,trauma awareness and healing,0.5889182090759277,"Mar 8, 2024, 11:12:14 AM PST",NEGATIVE,0.9741942286491394
26886,emotional health discussion,0.502727210521698,"Mar 8, 2024, 11:12:14 AM PST",NEGATIVE,0.9741942286491394
26886,anxiety and stress management,0.4527684152126312,"Mar 8, 2024, 11:12:14 AM PST",NEGATIVE,0.9741942286491394
26886,social anxiety and relationships,0.4127245843410492,"Mar 8, 2024, 11:12:14 AM PST",NEGATIVE,0.9741942286491394
26886,depression and emotional support,0.36639881134033203,"Mar 8, 2024, 11:12:14 AM PST",NEGATIVE,0.9741942286491394
27301,self-improvement and personal growth,0.859015703201294,"Mar 2, 2024, 5:23:06 PM PST",NEGATIVE,0.971788763999939
27301,mental health experiences,0.799108624458313,"Mar 2, 2024, 5:23:06 PM PST",NEGATIVE,0.971788763999939
27301,motivation and mental strength,0.7978308796882629,"Mar 2, 2024, 5:23:06 PM PST",NEGATIVE,0.971788763999939
27301,emotional health discussion,0.7457295060157776,"Mar 2, 2024, 5:23:06 PM PST",NEGATIVE,0.971788763999939
27301,mindfulness and mental wellness,0.6267733573913574,"Mar 2, 2024, 5:23:06 PM PST",NEGATIVE,0.971788763999939
27301,sleep and mental wellness,0.6053205132484436,"Mar 2, 2024, 5:23:06 PM PST",NEGATIVE,0.971788763999939
27301,self-care practices,0.5465417504310608,"Mar 2, 2024, 5:23:06 PM PST",NEGATIVE,0.971788763999939
27301,anxiety and stress management,0.522304117679596,"Mar 2, 2024, 5:23:06 PM PST",NEGATIVE,0.971788763999939
27301,trauma awareness and healing,0.3770812749862671,"Mar 2, 2024, 5:23:06 PM PST",NEGATIVE,0.971788763999939
27301,addiction awareness and recovery,0.3739285171031952,"Mar 2, 2024, 5:23:06 PM PST",NEGATIVE,0.971788763999939
27301,mental health education,0.3056991696357727,"Mar 2, 2024, 5:23:06 PM PST",NEGATIVE,0.971788763999939
26461,self-improvement and personal growth,0.9979282021522522,"Mar 12, 2024, 3:09:41 PM PST",POSITIVE,0.9948287606239319
26461,motivation and mental strength,0.9928984045982361,"Mar 12, 2024, 3:09:41 PM PST",POSITIVE,0.9948287606239319
26461,self-care practices,0.9453041553497314,"Mar 12, 2024, 3:09:41 PM PST",POSITIVE,0.9948287606239319
26461,mindfulness and mental wellness,0.4422304034233093,"Mar 12, 2024, 3:09:41 PM PST",POSITIVE,0.9948287606239319
26887,mindfulness and mental wellness,0.9300402402877808,"Mar 8, 2024, 11:08:55 AM PST",POSITIVE,0.9202283024787903
26887,self-improvement and personal growth,0.9175257682800293,"Mar 8, 2024, 11:08:55 AM PST",POSITIVE,0.9202283024787903
26887,motivation and mental strength,0.8723200559616089,"Mar 8, 2024, 11:08:55 AM PST",POSITIVE,0.9202283024787903
26887,mental health experiences,0.7674087285995483,"Mar 8, 2024, 11:08:55 AM PST",POSITIVE,0.9202283024787903
26887,self-care practices,0.7614057064056396,"Mar 8, 2024, 11:08:55 AM PST",POSITIVE,0.9202283024787903
26887,sleep and mental wellness,0.6578661203384399,"Mar 8, 2024, 11:08:55 AM PST",POSITIVE,0.9202283024787903
26887,addiction awareness and recovery,0.6571822166442871,"Mar 8, 2024, 11:08:55 AM PST",POSITIVE,0.9202283024787903
26887,mental health education,0.6549129486083984,"Mar 8, 2024, 11:08:55 AM PST",POSITIVE,0.9202283024787903
26887,emotional health discussion,0.578786313533783,"Mar 8, 2024, 11:08:55 AM PST",POSITIVE,0.9202283024787903
26887,trauma awareness and healing,0.5728711485862732,"Mar 8, 2024, 11:08:55 AM PST",POSITIVE,0.9202283024787903
26887,therapy and mental health support,0.5646400451660156,"Mar 8, 2024, 11:08:55 AM PST",POSITIVE,0.9202283024787903
26887,work-life balance and burnout,0.5354806184768677,"Mar 8, 2024, 11:08:55 AM PST",POSITIVE,0.9202283024787903
26887,social anxiety and relationships,0.43503043055534363,"Mar 8, 2024, 11:08:55 AM PST",POSITIVE,0.9202283024787903
26887,anxiety and stress management,0.36573055386543274,"Mar 8, 2024, 11:08:55 AM PST",POSITIVE,0.9202283024787903
26887,depression and emotional support,0.3547988831996918,"Mar 8, 2024, 11:08:55 AM PST",POSITIVE,0.9202283024787903
27302,motivation and mental strength,0.9464677572250366,"Mar 2, 2024, 5:18:53 PM PST",NEGATIVE,0.8274638652801514
27302,mindfulness and mental wellness,0.839881420135498,"Mar 2, 2024, 5:18:53 PM PST",NEGATIVE,0.8274638652801514
27302,self-improvement and personal growth,0.8374682664871216,"Mar 2, 2024, 5:18:53 PM PST",NEGATIVE,0.8274638652801514
27302,sleep and mental wellness,0.5486624240875244,"Mar 2, 2024, 5:18:53 PM PST",NEGATIVE,0.8274638652801514
27302,mental health experiences,0.5197718143463135,"Mar 2, 2024, 5:18:53 PM PST",NEGATIVE,0.8274638652801514
27302,addiction awareness and recovery,0.3780013620853424,"Mar 2, 2024, 5:18:53 PM PST",NEGATIVE,0.8274638652801514
27302,self-care practices,0.35154837369918823,"Mar 2, 2024, 5:18:53 PM PST",NEGATIVE,0.8274638652801514
27302,trauma awareness and healing,0.301146537065506,"Mar 2, 2024, 5:18:53 PM PST",NEGATIVE,0.8274638652801514
26462,motivation and mental strength,0.952633798122406,"Mar 12, 2024, 3:09:06 PM PST",POSITIVE,0.9423848986625671
26462,self-improvement and personal growth,0.9374355673789978,"Mar 12, 2024, 3:09:06 PM PST",POSITIVE,0.9423848986625671
26462,mental health experiences,0.9220525026321411,"Mar 12, 2024, 3:09:06 PM PST",POSITIVE,0.9423848986625671
26462,mindfulness and mental wellness,0.9076893925666809,"Mar 12, 2024, 3:09:06 PM PST",POSITIVE,0.9423848986625671
26462,self-care practices,0.8790497779846191,"Mar 12, 2024, 3:09:06 PM PST",POSITIVE,0.9423848986625671
26462,addiction awareness and recovery,0.8150417804718018,"Mar 12, 2024, 3:09:06 PM PST",POSITIVE,0.9423848986625671
26462,emotional health discussion,0.8118828535079956,"Mar 12, 2024, 3:09:06 PM PST",POSITIVE,0.9423848986625671
26462,mental health education,0.8064313530921936,"Mar 12, 2024, 3:09:06 PM PST",POSITIVE,0.9423848986625671
26462,therapy and mental health support,0.7816857099533081,"Mar 12, 2024, 3:09:06 PM PST",POSITIVE,0.9423848986625671
26462,sleep and mental wellness,0.7250210046768188,"Mar 12, 2024, 3:09:06 PM PST",POSITIVE,0.9423848986625671
26462,trauma awareness and healing,0.6960057020187378,"Mar 12, 2024, 3:09:06 PM PST",POSITIVE,0.9423848986625671
26462,work-life balance and burnout,0.6120592951774597,"Mar 12, 2024, 3:09:06 PM PST",POSITIVE,0.9423848986625671
26462,depression and emotional support,0.5540346503257751,"Mar 12, 2024, 3:09:06 PM PST",POSITIVE,0.9423848986625671
26462,social anxiety and relationships,0.47261399030685425,"Mar 12, 2024, 3:09:06 PM PST",POSITIVE,0.9423848986625671
26462,anxiety and stress management,0.46704086661338806,"Mar 12, 2024, 3:09:06 PM PST",POSITIVE,0.9423848986625671
26888,mindfulness and mental wellness,0.8549412488937378,"Mar 8, 2024, 11:05:18 AM PST",NEGATIVE,0.9775888919830322
26888,self-improvement and personal growth,0.8461992144584656,"Mar 8, 2024, 11:05:18 AM PST",NEGATIVE,0.9775888919830322
26888,motivation and mental strength,0.8384473323822021,"Mar 8, 2024, 11:05:18 AM PST",NEGATIVE,0.9775888919830322
26888,mental health experiences,0.8032876253128052,"Mar 8, 2024, 11:05:18 AM PST",NEGATIVE,0.9775888919830322
26888,self-care practices,0.7222163677215576,"Mar 8, 2024, 11:05:18 AM PST",NEGATIVE,0.9775888919830322
26888,mental health education,0.6866239309310913,"Mar 8, 2024, 11:05:18 AM PST",NEGATIVE,0.9775888919830322
26888,emotional health discussion,0.6351217031478882,"Mar 8, 2024, 11:05:18 AM PST",NEGATIVE,0.9775888919830322
26888,trauma awareness and healing,0.6199625730514526,"Mar 8, 2024, 11:05:18 AM PST",NEGATIVE,0.9775888919830322
26888,sleep and mental wellness,0.5105759501457214,"Mar 8, 2024, 11:05:18 AM PST",NEGATIVE,0.9775888919830322
26888,addiction awareness and recovery,0.4724404513835907,"Mar 8, 2024, 11:05:18 AM PST",NEGATIVE,0.9775888919830322
26888,therapy and mental health support,0.44029730558395386,"Mar 8, 2024, 11:05:18 AM PST",NEGATIVE,0.9775888919830322
26888,work-life balance and burnout,0.3991061747074127,"Mar 8, 2024, 11:05:18 AM PST",NEGATIVE,0.9775888919830322
27303,self-improvement and personal growth,0.710054874420166,"Mar 2, 2024, 5:15:16 PM PST",POSITIVE,0.6295612454414368
27303,motivation and mental strength,0.6302658319473267,"Mar 2, 2024, 5:15:16 PM PST",POSITIVE,0.6295612454414368
27303,mental health experiences,0.49768102169036865,"Mar 2, 2024, 5:15:16 PM PST",POSITIVE,0.6295612454414368
27303,mindfulness and mental wellness,0.3083816468715668,"Mar 2, 2024, 5:15:16 PM PST",POSITIVE,0.6295612454414368
26463,motivation and mental strength,0.9464966654777527,"Mar 12, 2024, 3:06:06 PM PST",POSITIVE,0.9806298613548279
26463,self-improvement and personal growth,0.9223437905311584,"Mar 12, 2024, 3:06:06 PM PST",POSITIVE,0.9806298613548279
26463,mindfulness and mental wellness,0.8944745063781738,"Mar 12, 2024, 3:06:06 PM PST",POSITIVE,0.9806298613548279
26463,mental health experiences,0.7742211818695068,"Mar 12, 2024, 3:06:06 PM PST",POSITIVE,0.9806298613548279
26463,trauma awareness and healing,0.681736409664154,"Mar 12, 2024, 3:06:06 PM PST",POSITIVE,0.9806298613548279
26463,self-care practices,0.6787114143371582,"Mar 12, 2024, 3:06:06 PM PST",POSITIVE,0.9806298613548279
26463,therapy and mental health support,0.6214975118637085,"Mar 12, 2024, 3:06:06 PM PST",POSITIVE,0.9806298613548279
26463,addiction awareness and recovery,0.6081421971321106,"Mar 12, 2024, 3:06:06 PM PST",POSITIVE,0.9806298613548279
26463,mental health education,0.5245636701583862,"Mar 12, 2024, 3:06:06 PM PST",POSITIVE,0.9806298613548279
26463,depression and emotional support,0.38535842299461365,"Mar 12, 2024, 3:06:06 PM PST",POSITIVE,0.9806298613548279
26463,emotional health discussion,0.34607741236686707,"Mar 12, 2024, 3:06:06 PM PST",POSITIVE,0.9806298613548279
26463,work-life balance and burnout,0.30308493971824646,"Mar 12, 2024, 3:06:06 PM PST",POSITIVE,0.9806298613548279
26889,motivation and mental strength,0.9165542125701904,"Mar 8, 2024, 11:05:16 AM PST",POSITIVE,0.9047510027885437
26889,mindfulness and mental wellness,0.9038676023483276,"Mar 8, 2024, 11:05:16 AM PST",POSITIVE,0.9047510027885437
26889,self-improvement and personal growth,0.8675644397735596,"Mar 8, 2024, 11:05:16 AM PST",POSITIVE,0.9047510027885437
26889,self-care practices,0.7793376445770264,"Mar 8, 2024, 11:05:16 AM PST",POSITIVE,0.9047510027885437
26889,mental health experiences,0.7719275951385498,"Mar 8, 2024, 11:05:16 AM PST",POSITIVE,0.9047510027885437
26889,mental health education,0.7420284748077393,"Mar 8, 2024, 11:05:16 AM PST",POSITIVE,0.9047510027885437
26889,therapy and mental health support,0.6079068183898926,"Mar 8, 2024, 11:05:16 AM PST",POSITIVE,0.9047510027885437
26889,emotional health discussion,0.6055614352226257,"Mar 8, 2024, 11:05:16 AM PST",POSITIVE,0.9047510027885437
26889,addiction awareness and recovery,0.5896008014678955,"Mar 8, 2024, 11:05:16 AM PST",POSITIVE,0.9047510027885437
26889,trauma awareness and healing,0.5717700123786926,"Mar 8, 2024, 11:05:16 AM PST",POSITIVE,0.9047510027885437
26889,work-life balance and burnout,0.5408865213394165,"Mar 8, 2024, 11:05:16 AM PST",POSITIVE,0.9047510027885437
26889,social anxiety and relationships,0.43889039754867554,"Mar 8, 2024, 11:05:16 AM PST",POSITIVE,0.9047510027885437
26889,sleep and mental wellness,0.3850047290325165,"Mar 8, 2024, 11:05:16 AM PST",POSITIVE,0.9047510027885437
26889,anxiety and stress management,0.33390939235687256,"Mar 8, 2024, 11:05:16 AM PST",POSITIVE,0.9047510027885437
26464,motivation and mental strength,0.8641262650489807,"Mar 12, 2024, 2:28:47 PM PST",NEGATIVE,0.9703730344772339
26464,self-improvement and personal growth,0.8201621174812317,"Mar 12, 2024, 2:28:47 PM PST",NEGATIVE,0.9703730344772339
26464,self-care practices,0.6229360103607178,"Mar 12, 2024, 2:28:47 PM PST",NEGATIVE,0.9703730344772339
26464,mindfulness and mental wellness,0.621253252029419,"Mar 12, 2024, 2:28:47 PM PST",NEGATIVE,0.9703730344772339
26464,mental health experiences,0.5956709384918213,"Mar 12, 2024, 2:28:47 PM PST",NEGATIVE,0.9703730344772339
26464,work-life balance and burnout,0.48621413111686707,"Mar 12, 2024, 2:28:47 PM PST",NEGATIVE,0.9703730344772339
26464,addiction awareness and recovery,0.4084327220916748,"Mar 12, 2024, 2:28:47 PM PST",NEGATIVE,0.9703730344772339
26464,trauma awareness and healing,0.4053170084953308,"Mar 12, 2024, 2:28:47 PM PST",NEGATIVE,0.9703730344772339
26464,emotional health discussion,0.33862635493278503,"Mar 12, 2024, 2:28:47 PM PST",NEGATIVE,0.9703730344772339
26464,social anxiety and relationships,0.32432615756988525,"Mar 12, 2024, 2:28:47 PM PST",NEGATIVE,0.9703730344772339
27304,self-improvement and personal growth,0.8289315104484558,"Mar 2, 2024, 5:11:47 PM PST",POSITIVE,0.7407066226005554
27304,addiction awareness and recovery,0.7782413363456726,"Mar 2, 2024, 5:11:47 PM PST",POSITIVE,0.7407066226005554
27304,self-care practices,0.7104466557502747,"Mar 2, 2024, 5:11:47 PM PST",POSITIVE,0.7407066226005554
27304,mental health experiences,0.699842631816864,"Mar 2, 2024, 5:11:47 PM PST",POSITIVE,0.7407066226005554
27304,motivation and mental strength,0.6752455830574036,"Mar 2, 2024, 5:11:47 PM PST",POSITIVE,0.7407066226005554
27304,mindfulness and mental wellness,0.5981679558753967,"Mar 2, 2024, 5:11:47 PM PST",POSITIVE,0.7407066226005554
27304,sleep and mental wellness,0.4765704870223999,"Mar 2, 2024, 5:11:47 PM PST",POSITIVE,0.7407066226005554
27304,mental health education,0.3683498203754425,"Mar 2, 2024, 5:11:47 PM PST",POSITIVE,0.7407066226005554
27304,emotional health discussion,0.36462563276290894,"Mar 2, 2024, 5:11:47 PM PST",POSITIVE,0.7407066226005554
27304,therapy and mental health support,0.3548661768436432,"Mar 2, 2024, 5:11:47 PM PST",POSITIVE,0.7407066226005554
27304,trauma awareness and healing,0.349538654088974,"Mar 2, 2024, 5:11:47 PM PST",POSITIVE,0.7407066226005554
27304,work-life balance and burnout,0.3078458607196808,"Mar 2, 2024, 5:11:47 PM PST",POSITIVE,0.7407066226005554
26890,self-improvement and personal growth,0.9515959620475769,"Mar 8, 2024, 11:05:14 AM PST",NEGATIVE,0.7927747368812561
26890,motivation and mental strength,0.938909113407135,"Mar 8, 2024, 11:05:14 AM PST",NEGATIVE,0.7927747368812561
26890,mindfulness and mental wellness,0.9224690198898315,"Mar 8, 2024, 11:05:14 AM PST",NEGATIVE,0.7927747368812561
26890,mental health experiences,0.9086316823959351,"Mar 8, 2024, 11:05:14 AM PST",NEGATIVE,0.7927747368812561
26890,self-care practices,0.8916761875152588,"Mar 8, 2024, 11:05:14 AM PST",NEGATIVE,0.7927747368812561
26890,emotional health discussion,0.7603978514671326,"Mar 8, 2024, 11:05:14 AM PST",NEGATIVE,0.7927747368812561
26890,therapy and mental health support,0.748717725276947,"Mar 8, 2024, 11:05:14 AM PST",NEGATIVE,0.7927747368812561
26890,mental health education,0.746648907661438,"Mar 8, 2024, 11:05:14 AM PST",NEGATIVE,0.7927747368812561
26890,trauma awareness and healing,0.7317934632301331,"Mar 8, 2024, 11:05:14 AM PST",NEGATIVE,0.7927747368812561
26890,addiction awareness and recovery,0.7268046140670776,"Mar 8, 2024, 11:05:14 AM PST",NEGATIVE,0.7927747368812561
26890,work-life balance and burnout,0.5520188212394714,"Mar 8, 2024, 11:05:14 AM PST",NEGATIVE,0.7927747368812561
26890,sleep and mental wellness,0.4687347412109375,"Mar 8, 2024, 11:05:14 AM PST",NEGATIVE,0.7927747368812561
26890,depression and emotional support,0.4028691053390503,"Mar 8, 2024, 11:05:14 AM PST",NEGATIVE,0.7927747368812561
26890,anxiety and stress management,0.36350753903388977,"Mar 8, 2024, 11:05:14 AM PST",NEGATIVE,0.7927747368812561
26890,social anxiety and relationships,0.31540098786354065,"Mar 8, 2024, 11:05:14 AM PST",NEGATIVE,0.7927747368812561
26465,self-improvement and personal growth,0.6371688842773438,"Mar 12, 2024, 2:25:51 PM PST",NEGATIVE,0.9788834452629089
26465,motivation and mental strength,0.5184546113014221,"Mar 12, 2024, 2:25:51 PM PST",NEGATIVE,0.9788834452629089
27305,sleep and mental wellness,0.9299275279045105,"Mar 2, 2024, 5:07:50 PM PST",NEGATIVE,0.9937934875488281
27305,motivation and mental strength,0.915924072265625,"Mar 2, 2024, 5:07:50 PM PST",NEGATIVE,0.9937934875488281
27305,self-improvement and personal growth,0.8972168564796448,"Mar 2, 2024, 5:07:50 PM PST",NEGATIVE,0.9937934875488281
27305,mindfulness and mental wellness,0.8928266167640686,"Mar 2, 2024, 5:07:50 PM PST",NEGATIVE,0.9937934875488281
27305,mental health experiences,0.7625069618225098,"Mar 2, 2024, 5:07:50 PM PST",NEGATIVE,0.9937934875488281
27305,addiction awareness and recovery,0.6941506266593933,"Mar 2, 2024, 5:07:50 PM PST",NEGATIVE,0.9937934875488281
27305,self-care practices,0.6603561639785767,"Mar 2, 2024, 5:07:50 PM PST",NEGATIVE,0.9937934875488281
27305,trauma awareness and healing,0.55230712890625,"Mar 2, 2024, 5:07:50 PM PST",NEGATIVE,0.9937934875488281
27305,mental health education,0.3443455100059509,"Mar 2, 2024, 5:07:50 PM PST",NEGATIVE,0.9937934875488281
26891,mindfulness and mental wellness,0.929658055305481,"Mar 8, 2024, 11:05:11 AM PST",POSITIVE,0.5455085039138794
26891,motivation and mental strength,0.9177520871162415,"Mar 8, 2024, 11:05:11 AM PST",POSITIVE,0.5455085039138794
26891,self-improvement and personal growth,0.9156380295753479,"Mar 8, 2024, 11:05:11 AM PST",POSITIVE,0.5455085039138794
26891,mental health experiences,0.8543956279754639,"Mar 8, 2024, 11:05:11 AM PST",POSITIVE,0.5455085039138794
26891,self-care practices,0.8307279348373413,"Mar 8, 2024, 11:05:11 AM PST",POSITIVE,0.5455085039138794
26891,addiction awareness and recovery,0.7621462941169739,"Mar 8, 2024, 11:05:11 AM PST",POSITIVE,0.5455085039138794
26891,mental health education,0.7532781958580017,"Mar 8, 2024, 11:05:11 AM PST",POSITIVE,0.5455085039138794
26891,therapy and mental health support,0.6681033372879028,"Mar 8, 2024, 11:05:11 AM PST",POSITIVE,0.5455085039138794
26891,trauma awareness and healing,0.652475893497467,"Mar 8, 2024, 11:05:11 AM PST",POSITIVE,0.5455085039138794
26891,emotional health discussion,0.6451302766799927,"Mar 8, 2024, 11:05:11 AM PST",POSITIVE,0.5455085039138794
26891,work-life balance and burnout,0.5387165546417236,"Mar 8, 2024, 11:05:11 AM PST",POSITIVE,0.5455085039138794
26891,sleep and mental wellness,0.509027361869812,"Mar 8, 2024, 11:05:11 AM PST",POSITIVE,0.5455085039138794
26891,social anxiety and relationships,0.46350497007369995,"Mar 8, 2024, 11:05:11 AM PST",POSITIVE,0.5455085039138794
26891,depression and emotional support,0.4351201057434082,"Mar 8, 2024, 11:05:11 AM PST",POSITIVE,0.5455085039138794
26891,anxiety and stress management,0.38136160373687744,"Mar 8, 2024, 11:05:11 AM PST",POSITIVE,0.5455085039138794
27306,mindfulness and mental wellness,0.9420834183692932,"Mar 2, 2024, 5:03:56 PM PST",POSITIVE,0.5036099553108215
27306,self-improvement and personal growth,0.9187324643135071,"Mar 2, 2024, 5:03:56 PM PST",POSITIVE,0.5036099553108215
27306,motivation and mental strength,0.8994305729866028,"Mar 2, 2024, 5:03:56 PM PST",POSITIVE,0.5036099553108215
27306,self-care practices,0.8798615336418152,"Mar 2, 2024, 5:03:56 PM PST",POSITIVE,0.5036099553108215
27306,mental health experiences,0.8548591732978821,"Mar 2, 2024, 5:03:56 PM PST",POSITIVE,0.5036099553108215
27306,addiction awareness and recovery,0.7939030528068542,"Mar 2, 2024, 5:03:56 PM PST",POSITIVE,0.5036099553108215
27306,mental health education,0.7300235033035278,"Mar 2, 2024, 5:03:56 PM PST",POSITIVE,0.5036099553108215
27306,emotional health discussion,0.6653735041618347,"Mar 2, 2024, 5:03:56 PM PST",POSITIVE,0.5036099553108215
27306,therapy and mental health support,0.6501098275184631,"Mar 2, 2024, 5:03:56 PM PST",POSITIVE,0.5036099553108215
27306,trauma awareness and healing,0.5656607747077942,"Mar 2, 2024, 5:03:56 PM PST",POSITIVE,0.5036099553108215
27306,sleep and mental wellness,0.55936598777771,"Mar 2, 2024, 5:03:56 PM PST",POSITIVE,0.5036099553108215
27306,work-life balance and burnout,0.5345353484153748,"Mar 2, 2024, 5:03:56 PM PST",POSITIVE,0.5036099553108215
27306,depression and emotional support,0.489161878824234,"Mar 2, 2024, 5:03:56 PM PST",POSITIVE,0.5036099553108215
27306,social anxiety and relationships,0.39986297488212585,"Mar 2, 2024, 5:03:56 PM PST",POSITIVE,0.5036099553108215
27306,anxiety and stress management,0.34367823600769043,"Mar 2, 2024, 5:03:56 PM PST",POSITIVE,0.5036099553108215
26466,self-improvement and personal growth,0.6275407075881958,"Mar 12, 2024, 2:03:10 PM PST",NEGATIVE,0.9953115582466125
26466,motivation and mental strength,0.4465654492378235,"Mar 12, 2024, 2:03:10 PM PST",NEGATIVE,0.9953115582466125
26466,mental health experiences,0.35950377583503723,"Mar 12, 2024, 2:03:10 PM PST",NEGATIVE,0.9953115582466125
26466,self-care practices,0.3223571479320526,"Mar 12, 2024, 2:03:10 PM PST",NEGATIVE,0.9953115582466125
26466,mindfulness and mental wellness,0.30040836334228516,"Mar 12, 2024, 2:03:10 PM PST",NEGATIVE,0.9953115582466125
26892,motivation and mental strength,0.9482751488685608,"Mar 8, 2024, 11:01:24 AM PST",NEGATIVE,0.6987879872322083
26892,mindfulness and mental wellness,0.9344724416732788,"Mar 8, 2024, 11:01:24 AM PST",NEGATIVE,0.6987879872322083
26892,self-improvement and personal growth,0.9090076684951782,"Mar 8, 2024, 11:01:24 AM PST",NEGATIVE,0.6987879872322083
26892,mental health experiences,0.8872784972190857,"Mar 8, 2024, 11:01:24 AM PST",NEGATIVE,0.6987879872322083
26892,self-care practices,0.8040637373924255,"Mar 8, 2024, 11:01:24 AM PST",NEGATIVE,0.6987879872322083
26892,mental health education,0.7452372908592224,"Mar 8, 2024, 11:01:24 AM PST",NEGATIVE,0.6987879872322083
26892,trauma awareness and healing,0.723032534122467,"Mar 8, 2024, 11:01:24 AM PST",NEGATIVE,0.6987879872322083
26892,therapy and mental health support,0.7093244791030884,"Mar 8, 2024, 11:01:24 AM PST",NEGATIVE,0.6987879872322083
26892,addiction awareness and recovery,0.6932043433189392,"Mar 8, 2024, 11:01:24 AM PST",NEGATIVE,0.6987879872322083
26892,emotional health discussion,0.6593767404556274,"Mar 8, 2024, 11:01:24 AM PST",NEGATIVE,0.6987879872322083
26892,sleep and mental wellness,0.5211317539215088,"Mar 8, 2024, 11:01:24 AM PST",NEGATIVE,0.6987879872322083
26892,work-life balance and burnout,0.5063647627830505,"Mar 8, 2024, 11:01:24 AM PST",NEGATIVE,0.6987879872322083
26892,social anxiety and relationships,0.5007467865943909,"Mar 8, 2024, 11:01:24 AM PST",NEGATIVE,0.6987879872322083
26892,depression and emotional support,0.4231983721256256,"Mar 8, 2024, 11:01:24 AM PST",NEGATIVE,0.6987879872322083
26892,anxiety and stress management,0.4161669909954071,"Mar 8, 2024, 11:01:24 AM PST",NEGATIVE,0.6987879872322083
27307,motivation and mental strength,0.7261005640029907,"Mar 2, 2024, 5:00:57 PM PST",POSITIVE,0.9222614765167236
27307,self-improvement and personal growth,0.6619856357574463,"Mar 2, 2024, 5:00:57 PM PST",POSITIVE,0.9222614765167236
27307,mindfulness and mental wellness,0.6012083292007446,"Mar 2, 2024, 5:00:57 PM PST",POSITIVE,0.9222614765167236
27307,mental health experiences,0.44273391366004944,"Mar 2, 2024, 5:00:57 PM PST",POSITIVE,0.9222614765167236
27307,social anxiety and relationships,0.42762044072151184,"Mar 2, 2024, 5:00:57 PM PST",POSITIVE,0.9222614765167236
26893,motivation and mental strength,0.9771184325218201,"Mar 8, 2024, 10:57:56 AM PST",NEGATIVE,0.98454350233078
26893,self-improvement and personal growth,0.959913432598114,"Mar 8, 2024, 10:57:56 AM PST",NEGATIVE,0.98454350233078
26893,mindfulness and mental wellness,0.9596036076545715,"Mar 8, 2024, 10:57:56 AM PST",NEGATIVE,0.98454350233078
26893,mental health experiences,0.9566890597343445,"Mar 8, 2024, 10:57:56 AM PST",NEGATIVE,0.98454350233078
26893,self-care practices,0.9365224838256836,"Mar 8, 2024, 10:57:56 AM PST",NEGATIVE,0.98454350233078
26893,emotional health discussion,0.9230266809463501,"Mar 8, 2024, 10:57:56 AM PST",NEGATIVE,0.98454350233078
26893,addiction awareness and recovery,0.8977476358413696,"Mar 8, 2024, 10:57:56 AM PST",NEGATIVE,0.98454350233078
26893,mental health education,0.8862676024436951,"Mar 8, 2024, 10:57:56 AM PST",NEGATIVE,0.98454350233078
26893,therapy and mental health support,0.885016679763794,"Mar 8, 2024, 10:57:56 AM PST",NEGATIVE,0.98454350233078
26893,trauma awareness and healing,0.8783408999443054,"Mar 8, 2024, 10:57:56 AM PST",NEGATIVE,0.98454350233078
26893,sleep and mental wellness,0.8503479957580566,"Mar 8, 2024, 10:57:56 AM PST",NEGATIVE,0.98454350233078
26893,depression and emotional support,0.8006939888000488,"Mar 8, 2024, 10:57:56 AM PST",NEGATIVE,0.98454350233078
26893,social anxiety and relationships,0.6739076375961304,"Mar 8, 2024, 10:57:56 AM PST",NEGATIVE,0.98454350233078
26893,anxiety and stress management,0.6602195501327515,"Mar 8, 2024, 10:57:56 AM PST",NEGATIVE,0.98454350233078
26893,work-life balance and burnout,0.6470998525619507,"Mar 8, 2024, 10:57:56 AM PST",NEGATIVE,0.98454350233078
27308,self-improvement and personal growth,0.921647846698761,"Mar 2, 2024, 4:56:45 PM PST",NEGATIVE,0.9334700703620911
27308,mental health experiences,0.7992133498191833,"Mar 2, 2024, 4:56:45 PM PST",NEGATIVE,0.9334700703620911
27308,motivation and mental strength,0.79095858335495,"Mar 2, 2024, 4:56:45 PM PST",NEGATIVE,0.9334700703620911
27308,mindfulness and mental wellness,0.6799397468566895,"Mar 2, 2024, 4:56:45 PM PST",NEGATIVE,0.9334700703620911
27308,self-care practices,0.6393998265266418,"Mar 2, 2024, 4:56:45 PM PST",NEGATIVE,0.9334700703620911
27308,addiction awareness and recovery,0.6187841296195984,"Mar 2, 2024, 4:56:45 PM PST",NEGATIVE,0.9334700703620911
27308,trauma awareness and healing,0.5546219944953918,"Mar 2, 2024, 4:56:45 PM PST",NEGATIVE,0.9334700703620911
27308,work-life balance and burnout,0.4183896780014038,"Mar 2, 2024, 4:56:45 PM PST",NEGATIVE,0.9334700703620911
27308,emotional health discussion,0.37941843271255493,"Mar 2, 2024, 4:56:45 PM PST",NEGATIVE,0.9334700703620911
27308,mental health education,0.3496089577674866,"Mar 2, 2024, 4:56:45 PM PST",NEGATIVE,0.9334700703620911
27308,depression and emotional support,0.34828728437423706,"Mar 2, 2024, 4:56:45 PM PST",NEGATIVE,0.9334700703620911
26467,motivation and mental strength,0.7961338758468628,"Mar 12, 2024, 2:00:59 PM PST",POSITIVE,0.9943442344665527
26467,self-improvement and personal growth,0.5564466714859009,"Mar 12, 2024, 2:00:59 PM PST",POSITIVE,0.9943442344665527
26467,mental health experiences,0.4139222204685211,"Mar 12, 2024, 2:00:59 PM PST",POSITIVE,0.9943442344665527
26894,self-improvement and personal growth,0.8947834372520447,"Mar 8, 2024, 10:54:04 AM PST",NEGATIVE,0.9600706696510315
26894,motivation and mental strength,0.8595792055130005,"Mar 8, 2024, 10:54:04 AM PST",NEGATIVE,0.9600706696510315
26894,mental health experiences,0.8404240012168884,"Mar 8, 2024, 10:54:04 AM PST",NEGATIVE,0.9600706696510315
26894,mindfulness and mental wellness,0.8046979904174805,"Mar 8, 2024, 10:54:04 AM PST",NEGATIVE,0.9600706696510315
26894,self-care practices,0.7874397039413452,"Mar 8, 2024, 10:54:04 AM PST",NEGATIVE,0.9600706696510315
26894,mental health education,0.7111105918884277,"Mar 8, 2024, 10:54:04 AM PST",NEGATIVE,0.9600706696510315
26894,therapy and mental health support,0.7041451930999756,"Mar 8, 2024, 10:54:04 AM PST",NEGATIVE,0.9600706696510315
26894,addiction awareness and recovery,0.6748945116996765,"Mar 8, 2024, 10:54:04 AM PST",NEGATIVE,0.9600706696510315
26894,trauma awareness and healing,0.6380548477172852,"Mar 8, 2024, 10:54:04 AM PST",NEGATIVE,0.9600706696510315
26894,work-life balance and burnout,0.613172709941864,"Mar 8, 2024, 10:54:04 AM PST",NEGATIVE,0.9600706696510315
26894,emotional health discussion,0.586514413356781,"Mar 8, 2024, 10:54:04 AM PST",NEGATIVE,0.9600706696510315
26894,sleep and mental wellness,0.4653899371623993,"Mar 8, 2024, 10:54:04 AM PST",NEGATIVE,0.9600706696510315
26894,social anxiety and relationships,0.3953746259212494,"Mar 8, 2024, 10:54:04 AM PST",NEGATIVE,0.9600706696510315
26894,anxiety and stress management,0.38606929779052734,"Mar 8, 2024, 10:54:04 AM PST",NEGATIVE,0.9600706696510315
26894,depression and emotional support,0.34148508310317993,"Mar 8, 2024, 10:54:04 AM PST",NEGATIVE,0.9600706696510315
27309,self-improvement and personal growth,0.9303655624389648,"Mar 2, 2024, 3:41:58 PM PST",NEGATIVE,0.9552282094955444
27309,motivation and mental strength,0.8756746053695679,"Mar 2, 2024, 3:41:58 PM PST",NEGATIVE,0.9552282094955444
27309,mindfulness and mental wellness,0.8505505323410034,"Mar 2, 2024, 3:41:58 PM PST",NEGATIVE,0.9552282094955444
27309,mental health experiences,0.8454465270042419,"Mar 2, 2024, 3:41:58 PM PST",NEGATIVE,0.9552282094955444
27309,addiction awareness and recovery,0.8220028877258301,"Mar 2, 2024, 3:41:58 PM PST",NEGATIVE,0.9552282094955444
27309,self-care practices,0.7682414650917053,"Mar 2, 2024, 3:41:58 PM PST",NEGATIVE,0.9552282094955444
27309,mental health education,0.7278359532356262,"Mar 2, 2024, 3:41:58 PM PST",NEGATIVE,0.9552282094955444
27309,trauma awareness and healing,0.7220748662948608,"Mar 2, 2024, 3:41:58 PM PST",NEGATIVE,0.9552282094955444
27309,therapy and mental health support,0.669195294380188,"Mar 2, 2024, 3:41:58 PM PST",NEGATIVE,0.9552282094955444
27309,emotional health discussion,0.6380721926689148,"Mar 2, 2024, 3:41:58 PM PST",NEGATIVE,0.9552282094955444
27309,sleep and mental wellness,0.6168743968009949,"Mar 2, 2024, 3:41:58 PM PST",NEGATIVE,0.9552282094955444
27309,depression and emotional support,0.6071670055389404,"Mar 2, 2024, 3:41:58 PM PST",NEGATIVE,0.9552282094955444
27309,work-life balance and burnout,0.6029508113861084,"Mar 2, 2024, 3:41:58 PM PST",NEGATIVE,0.9552282094955444
27309,anxiety and stress management,0.43562039732933044,"Mar 2, 2024, 3:41:58 PM PST",NEGATIVE,0.9552282094955444
27309,social anxiety and relationships,0.3592018783092499,"Mar 2, 2024, 3:41:58 PM PST",NEGATIVE,0.9552282094955444
26895,self-improvement and personal growth,0.8976103067398071,"Mar 8, 2024, 10:50:52 AM PST",NEGATIVE,0.994986891746521
26895,motivation and mental strength,0.8581331372261047,"Mar 8, 2024, 10:50:52 AM PST",NEGATIVE,0.994986891746521
26895,self-care practices,0.7856759428977966,"Mar 8, 2024, 10:50:52 AM PST",NEGATIVE,0.994986891746521
26895,mental health experiences,0.7788870930671692,"Mar 8, 2024, 10:50:52 AM PST",NEGATIVE,0.994986891746521
26895,mindfulness and mental wellness,0.7601383924484253,"Mar 8, 2024, 10:50:52 AM PST",NEGATIVE,0.994986891746521
26895,addiction awareness and recovery,0.6228607296943665,"Mar 8, 2024, 10:50:52 AM PST",NEGATIVE,0.994986891746521
26895,mental health education,0.6072542071342468,"Mar 8, 2024, 10:50:52 AM PST",NEGATIVE,0.994986891746521
26895,therapy and mental health support,0.6050769686698914,"Mar 8, 2024, 10:50:52 AM PST",NEGATIVE,0.994986891746521
26895,work-life balance and burnout,0.5042125582695007,"Mar 8, 2024, 10:50:52 AM PST",NEGATIVE,0.994986891746521
26895,trauma awareness and healing,0.4690841734409332,"Mar 8, 2024, 10:50:52 AM PST",NEGATIVE,0.994986891746521
26895,sleep and mental wellness,0.4154209792613983,"Mar 8, 2024, 10:50:52 AM PST",NEGATIVE,0.994986891746521
26895,emotional health discussion,0.4136297106742859,"Mar 8, 2024, 10:50:52 AM PST",NEGATIVE,0.994986891746521
26895,social anxiety and relationships,0.326321005821228,"Mar 8, 2024, 10:50:52 AM PST",NEGATIVE,0.994986891746521
26895,anxiety and stress management,0.30036529898643494,"Mar 8, 2024, 10:50:52 AM PST",NEGATIVE,0.994986891746521
26468,motivation and mental strength,0.768040657043457,"Mar 12, 2024, 1:57:15 PM PST",POSITIVE,0.8536848425865173
26468,self-improvement and personal growth,0.6895366311073303,"Mar 12, 2024, 1:57:15 PM PST",POSITIVE,0.8536848425865173
26468,mindfulness and mental wellness,0.5133568048477173,"Mar 12, 2024, 1:57:15 PM PST",POSITIVE,0.8536848425865173
26468,social anxiety and relationships,0.46849438548088074,"Mar 12, 2024, 1:57:15 PM PST",POSITIVE,0.8536848425865173
26468,addiction awareness and recovery,0.45997127890586853,"Mar 12, 2024, 1:57:15 PM PST",POSITIVE,0.8536848425865173
26468,mental health experiences,0.43054094910621643,"Mar 12, 2024, 1:57:15 PM PST",POSITIVE,0.8536848425865173
26468,work-life balance and burnout,0.3491779565811157,"Mar 12, 2024, 1:57:15 PM PST",POSITIVE,0.8536848425865173
26468,mental health education,0.31403568387031555,"Mar 12, 2024, 1:57:15 PM PST",POSITIVE,0.8536848425865173
26468,trauma awareness and healing,0.3000127077102661,"Mar 12, 2024, 1:57:15 PM PST",POSITIVE,0.8536848425865173
26896,motivation and mental strength,0.8331979513168335,"Mar 8, 2024, 10:36:10 AM PST",NEGATIVE,0.9643954634666443
26896,self-improvement and personal growth,0.8175478577613831,"Mar 8, 2024, 10:36:10 AM PST",NEGATIVE,0.9643954634666443
26896,mindfulness and mental wellness,0.718488335609436,"Mar 8, 2024, 10:36:10 AM PST",NEGATIVE,0.9643954634666443
26896,self-care practices,0.6470768451690674,"Mar 8, 2024, 10:36:10 AM PST",NEGATIVE,0.9643954634666443
26896,mental health experiences,0.5575655698776245,"Mar 8, 2024, 10:36:10 AM PST",NEGATIVE,0.9643954634666443
26896,mental health education,0.41039469838142395,"Mar 8, 2024, 10:36:10 AM PST",NEGATIVE,0.9643954634666443
26896,emotional health discussion,0.3997829258441925,"Mar 8, 2024, 10:36:10 AM PST",NEGATIVE,0.9643954634666443
26896,work-life balance and burnout,0.38702115416526794,"Mar 8, 2024, 10:36:10 AM PST",NEGATIVE,0.9643954634666443
26896,therapy and mental health support,0.3738437592983246,"Mar 8, 2024, 10:36:10 AM PST",NEGATIVE,0.9643954634666443
26896,addiction awareness and recovery,0.3502705693244934,"Mar 8, 2024, 10:36:10 AM PST",NEGATIVE,0.9643954634666443
26896,trauma awareness and healing,0.31587424874305725,"Mar 8, 2024, 10:36:10 AM PST",NEGATIVE,0.9643954634666443
26896,sleep and mental wellness,0.3055379092693329,"Mar 8, 2024, 10:36:10 AM PST",NEGATIVE,0.9643954634666443
26897,motivation and mental strength,0.9010185599327087,"Mar 8, 2024, 10:36:01 AM PST",POSITIVE,0.6348210573196411
26897,self-improvement and personal growth,0.8727864027023315,"Mar 8, 2024, 10:36:01 AM PST",POSITIVE,0.6348210573196411
26897,mindfulness and mental wellness,0.801128089427948,"Mar 8, 2024, 10:36:01 AM PST",POSITIVE,0.6348210573196411
26897,self-care practices,0.7639787793159485,"Mar 8, 2024, 10:36:01 AM PST",POSITIVE,0.6348210573196411
26897,mental health experiences,0.7354774475097656,"Mar 8, 2024, 10:36:01 AM PST",POSITIVE,0.6348210573196411
26897,mental health education,0.5818338990211487,"Mar 8, 2024, 10:36:01 AM PST",POSITIVE,0.6348210573196411
26897,emotional health discussion,0.5712252259254456,"Mar 8, 2024, 10:36:01 AM PST",POSITIVE,0.6348210573196411
26897,addiction awareness and recovery,0.5436676740646362,"Mar 8, 2024, 10:36:01 AM PST",POSITIVE,0.6348210573196411
26897,therapy and mental health support,0.4677717387676239,"Mar 8, 2024, 10:36:01 AM PST",POSITIVE,0.6348210573196411
26897,trauma awareness and healing,0.4641105830669403,"Mar 8, 2024, 10:36:01 AM PST",POSITIVE,0.6348210573196411
26897,work-life balance and burnout,0.46378207206726074,"Mar 8, 2024, 10:36:01 AM PST",POSITIVE,0.6348210573196411
26897,sleep and mental wellness,0.33980605006217957,"Mar 8, 2024, 10:36:01 AM PST",POSITIVE,0.6348210573196411
27310,self-improvement and personal growth,0.524249792098999,"Mar 2, 2024, 3:41:50 PM PST",NEGATIVE,0.925667405128479
27310,motivation and mental strength,0.47582992911338806,"Mar 2, 2024, 3:41:50 PM PST",NEGATIVE,0.925667405128479
26469,self-improvement and personal growth,0.6819683313369751,"Mar 12, 2024, 1:53:50 PM PST",POSITIVE,0.8422959446907043
26469,motivation and mental strength,0.6112806797027588,"Mar 12, 2024, 1:53:50 PM PST",POSITIVE,0.8422959446907043
26469,mental health experiences,0.5186007022857666,"Mar 12, 2024, 1:53:50 PM PST",POSITIVE,0.8422959446907043
26469,social anxiety and relationships,0.48658326268196106,"Mar 12, 2024, 1:53:50 PM PST",POSITIVE,0.8422959446907043
26469,mindfulness and mental wellness,0.3748261034488678,"Mar 12, 2024, 1:53:50 PM PST",POSITIVE,0.8422959446907043
26898,motivation and mental strength,0.8900474309921265,"Mar 8, 2024, 10:35:59 AM PST",POSITIVE,0.894827127456665
26898,self-improvement and personal growth,0.8825149536132812,"Mar 8, 2024, 10:35:59 AM PST",POSITIVE,0.894827127456665
26898,mental health experiences,0.8502565622329712,"Mar 8, 2024, 10:35:59 AM PST",POSITIVE,0.894827127456665
26898,mindfulness and mental wellness,0.8072343468666077,"Mar 8, 2024, 10:35:59 AM PST",POSITIVE,0.894827127456665
26898,self-care practices,0.7839823961257935,"Mar 8, 2024, 10:35:59 AM PST",POSITIVE,0.894827127456665
26898,mental health education,0.7613463401794434,"Mar 8, 2024, 10:35:59 AM PST",POSITIVE,0.894827127456665
26898,therapy and mental health support,0.6615797877311707,"Mar 8, 2024, 10:35:59 AM PST",POSITIVE,0.894827127456665
26898,emotional health discussion,0.6372074484825134,"Mar 8, 2024, 10:35:59 AM PST",POSITIVE,0.894827127456665
26898,addiction awareness and recovery,0.5926181077957153,"Mar 8, 2024, 10:35:59 AM PST",POSITIVE,0.894827127456665
26898,work-life balance and burnout,0.569130003452301,"Mar 8, 2024, 10:35:59 AM PST",POSITIVE,0.894827127456665
26898,trauma awareness and healing,0.5198102593421936,"Mar 8, 2024, 10:35:59 AM PST",POSITIVE,0.894827127456665
26898,sleep and mental wellness,0.5142934322357178,"Mar 8, 2024, 10:35:59 AM PST",POSITIVE,0.894827127456665
26898,social anxiety and relationships,0.3915106952190399,"Mar 8, 2024, 10:35:59 AM PST",POSITIVE,0.894827127456665
26898,depression and emotional support,0.34075728058815,"Mar 8, 2024, 10:35:59 AM PST",POSITIVE,0.894827127456665
26898,anxiety and stress management,0.3012174367904663,"Mar 8, 2024, 10:35:59 AM PST",POSITIVE,0.894827127456665
27311,self-improvement and personal growth,0.8152291178703308,Martin Garrix - Forbidden Voices (Official Music Video),NEGATIVE,0.9802447557449341
27311,motivation and mental strength,0.6867175698280334,Martin Garrix - Forbidden Voices (Official Music Video),NEGATIVE,0.9802447557449341
27311,mental health experiences,0.4332135021686554,Martin Garrix - Forbidden Voices (Official Music Video),NEGATIVE,0.9802447557449341
26899,motivation and mental strength,0.9220656156539917,"Mar 8, 2024, 10:35:55 AM PST",POSITIVE,0.9900339245796204
26899,self-improvement and personal growth,0.9204443097114563,"Mar 8, 2024, 10:35:55 AM PST",POSITIVE,0.9900339245796204
26899,mental health experiences,0.9014596343040466,"Mar 8, 2024, 10:35:55 AM PST",POSITIVE,0.9900339245796204
26899,mindfulness and mental wellness,0.8804156184196472,"Mar 8, 2024, 10:35:55 AM PST",POSITIVE,0.9900339245796204
26899,self-care practices,0.8103506565093994,"Mar 8, 2024, 10:35:55 AM PST",POSITIVE,0.9900339245796204
26899,mental health education,0.7927582859992981,"Mar 8, 2024, 10:35:55 AM PST",POSITIVE,0.9900339245796204
26899,therapy and mental health support,0.7894642949104309,"Mar 8, 2024, 10:35:55 AM PST",POSITIVE,0.9900339245796204
26899,addiction awareness and recovery,0.6793550252914429,"Mar 8, 2024, 10:35:55 AM PST",POSITIVE,0.9900339245796204
26899,emotional health discussion,0.6525658965110779,"Mar 8, 2024, 10:35:55 AM PST",POSITIVE,0.9900339245796204
26899,trauma awareness and healing,0.5927278995513916,"Mar 8, 2024, 10:35:55 AM PST",POSITIVE,0.9900339245796204
26899,work-life balance and burnout,0.5685037970542908,"Mar 8, 2024, 10:35:55 AM PST",POSITIVE,0.9900339245796204
26899,social anxiety and relationships,0.5046857595443726,"Mar 8, 2024, 10:35:55 AM PST",POSITIVE,0.9900339245796204
26899,sleep and mental wellness,0.37769627571105957,"Mar 8, 2024, 10:35:55 AM PST",POSITIVE,0.9900339245796204
26899,anxiety and stress management,0.35957756638526917,"Mar 8, 2024, 10:35:55 AM PST",POSITIVE,0.9900339245796204
26899,depression and emotional support,0.35023000836372375,"Mar 8, 2024, 10:35:55 AM PST",POSITIVE,0.9900339245796204
27312,self-improvement and personal growth,0.9314971566200256,"Mar 2, 2024, 3:36:59 PM PST",POSITIVE,0.9858465790748596
27312,motivation and mental strength,0.9169389009475708,"Mar 2, 2024, 3:36:59 PM PST",POSITIVE,0.9858465790748596
27312,mental health experiences,0.85775226354599,"Mar 2, 2024, 3:36:59 PM PST",POSITIVE,0.9858465790748596
27312,mindfulness and mental wellness,0.8315605521202087,"Mar 2, 2024, 3:36:59 PM PST",POSITIVE,0.9858465790748596
27312,self-care practices,0.8091272115707397,"Mar 2, 2024, 3:36:59 PM PST",POSITIVE,0.9858465790748596
27312,mental health education,0.7023346424102783,"Mar 2, 2024, 3:36:59 PM PST",POSITIVE,0.9858465790748596
27312,addiction awareness and recovery,0.6923916935920715,"Mar 2, 2024, 3:36:59 PM PST",POSITIVE,0.9858465790748596
27312,therapy and mental health support,0.6674029231071472,"Mar 2, 2024, 3:36:59 PM PST",POSITIVE,0.9858465790748596
27312,emotional health discussion,0.5920155048370361,"Mar 2, 2024, 3:36:59 PM PST",POSITIVE,0.9858465790748596
27312,trauma awareness and healing,0.511637270450592,"Mar 2, 2024, 3:36:59 PM PST",POSITIVE,0.9858465790748596
27312,work-life balance and burnout,0.45736366510391235,"Mar 2, 2024, 3:36:59 PM PST",POSITIVE,0.9858465790748596
27312,social anxiety and relationships,0.3493814170360565,"Mar 2, 2024, 3:36:59 PM PST",POSITIVE,0.9858465790748596
27312,anxiety and stress management,0.33781224489212036,"Mar 2, 2024, 3:36:59 PM PST",POSITIVE,0.9858465790748596
27312,depression and emotional support,0.3266374468803406,"Mar 2, 2024, 3:36:59 PM PST",POSITIVE,0.9858465790748596
27312,sleep and mental wellness,0.3262012302875519,"Mar 2, 2024, 3:36:59 PM PST",POSITIVE,0.9858465790748596
26900,motivation and mental strength,0.8036949634552002,"Mar 8, 2024, 10:35:53 AM PST",NEGATIVE,0.9987832903862
26900,mental health experiences,0.7354653477668762,"Mar 8, 2024, 10:35:53 AM PST",NEGATIVE,0.9987832903862
26900,emotional health discussion,0.7092188596725464,"Mar 8, 2024, 10:35:53 AM PST",NEGATIVE,0.9987832903862
26900,self-improvement and personal growth,0.6255633234977722,"Mar 8, 2024, 10:35:53 AM PST",NEGATIVE,0.9987832903862
26900,self-care practices,0.623214840888977,"Mar 8, 2024, 10:35:53 AM PST",NEGATIVE,0.9987832903862
26900,social anxiety and relationships,0.601858377456665,"Mar 8, 2024, 10:35:53 AM PST",NEGATIVE,0.9987832903862
26900,mindfulness and mental wellness,0.5848063826560974,"Mar 8, 2024, 10:35:53 AM PST",NEGATIVE,0.9987832903862
26900,mental health education,0.45229700207710266,"Mar 8, 2024, 10:35:53 AM PST",NEGATIVE,0.9987832903862
26900,work-life balance and burnout,0.4181830883026123,"Mar 8, 2024, 10:35:53 AM PST",NEGATIVE,0.9987832903862
26900,therapy and mental health support,0.3360120952129364,"Mar 8, 2024, 10:35:53 AM PST",NEGATIVE,0.9987832903862
26470,trauma awareness and healing,0.9279143810272217,"Mar 12, 2024, 1:50:26 PM PST",POSITIVE,0.9095914363861084
26470,motivation and mental strength,0.9242106676101685,"Mar 12, 2024, 1:50:26 PM PST",POSITIVE,0.9095914363861084
26470,self-improvement and personal growth,0.8841927647590637,"Mar 12, 2024, 1:50:26 PM PST",POSITIVE,0.9095914363861084
26470,addiction awareness and recovery,0.8359293937683105,"Mar 12, 2024, 1:50:26 PM PST",POSITIVE,0.9095914363861084
26470,mental health experiences,0.8068962097167969,"Mar 12, 2024, 1:50:26 PM PST",POSITIVE,0.9095914363861084
26470,mindfulness and mental wellness,0.5431950092315674,"Mar 12, 2024, 1:50:26 PM PST",POSITIVE,0.9095914363861084
26470,self-care practices,0.4479660093784332,"Mar 12, 2024, 1:50:26 PM PST",POSITIVE,0.9095914363861084
26470,anxiety and stress management,0.433991402387619,"Mar 12, 2024, 1:50:26 PM PST",POSITIVE,0.9095914363861084
26470,social anxiety and relationships,0.4251749515533447,"Mar 12, 2024, 1:50:26 PM PST",POSITIVE,0.9095914363861084
26470,mental health education,0.37886548042297363,"Mar 12, 2024, 1:50:26 PM PST",POSITIVE,0.9095914363861084
26470,therapy and mental health support,0.3770243227481842,"Mar 12, 2024, 1:50:26 PM PST",POSITIVE,0.9095914363861084
26470,work-life balance and burnout,0.3676627278327942,"Mar 12, 2024, 1:50:26 PM PST",POSITIVE,0.9095914363861084
26470,emotional health discussion,0.35746705532073975,"Mar 12, 2024, 1:50:26 PM PST",POSITIVE,0.9095914363861084
27313,self-improvement and personal growth,0.8375580310821533,"Mar 2, 2024, 3:36:09 PM PST",NEGATIVE,0.9727221727371216
27313,motivation and mental strength,0.6443624496459961,"Mar 2, 2024, 3:36:09 PM PST",NEGATIVE,0.9727221727371216
27313,trauma awareness and healing,0.5349873900413513,"Mar 2, 2024, 3:36:09 PM PST",NEGATIVE,0.9727221727371216
27313,mental health experiences,0.5143132209777832,"Mar 2, 2024, 3:36:09 PM PST",NEGATIVE,0.9727221727371216
27313,addiction awareness and recovery,0.48007985949516296,"Mar 2, 2024, 3:36:09 PM PST",NEGATIVE,0.9727221727371216
27313,self-care practices,0.3036876618862152,"Mar 2, 2024, 3:36:09 PM PST",NEGATIVE,0.9727221727371216
26901,motivation and mental strength,0.925604522228241,"Mar 8, 2024, 10:34:43 AM PST",POSITIVE,0.9735853672027588
26901,mindfulness and mental wellness,0.9122894406318665,"Mar 8, 2024, 10:34:43 AM PST",POSITIVE,0.9735853672027588
26901,self-improvement and personal growth,0.9060881733894348,"Mar 8, 2024, 10:34:43 AM PST",POSITIVE,0.9735853672027588
26901,mental health experiences,0.8945868611335754,"Mar 8, 2024, 10:34:43 AM PST",POSITIVE,0.9735853672027588
26901,self-care practices,0.8308414220809937,"Mar 8, 2024, 10:34:43 AM PST",POSITIVE,0.9735853672027588
26901,mental health education,0.7350273132324219,"Mar 8, 2024, 10:34:43 AM PST",POSITIVE,0.9735853672027588
26901,therapy and mental health support,0.6823046207427979,"Mar 8, 2024, 10:34:43 AM PST",POSITIVE,0.9735853672027588
26901,emotional health discussion,0.6562143564224243,"Mar 8, 2024, 10:34:43 AM PST",POSITIVE,0.9735853672027588
26901,addiction awareness and recovery,0.633070707321167,"Mar 8, 2024, 10:34:43 AM PST",POSITIVE,0.9735853672027588
26901,trauma awareness and healing,0.6326898336410522,"Mar 8, 2024, 10:34:43 AM PST",POSITIVE,0.9735853672027588
26901,sleep and mental wellness,0.5888640880584717,"Mar 8, 2024, 10:34:43 AM PST",POSITIVE,0.9735853672027588
26901,work-life balance and burnout,0.43121835589408875,"Mar 8, 2024, 10:34:43 AM PST",POSITIVE,0.9735853672027588
26901,social anxiety and relationships,0.4136687219142914,"Mar 8, 2024, 10:34:43 AM PST",POSITIVE,0.9735853672027588
26901,depression and emotional support,0.38817155361175537,"Mar 8, 2024, 10:34:43 AM PST",POSITIVE,0.9735853672027588
26901,anxiety and stress management,0.37793242931365967,"Mar 8, 2024, 10:34:43 AM PST",POSITIVE,0.9735853672027588
26471,mindfulness and mental wellness,0.9420834183692932,"Mar 12, 2024, 1:38:06 PM PST",POSITIVE,0.5036099553108215
26471,self-improvement and personal growth,0.9187324643135071,"Mar 12, 2024, 1:38:06 PM PST",POSITIVE,0.5036099553108215
26471,motivation and mental strength,0.8994305729866028,"Mar 12, 2024, 1:38:06 PM PST",POSITIVE,0.5036099553108215
26471,self-care practices,0.8798615336418152,"Mar 12, 2024, 1:38:06 PM PST",POSITIVE,0.5036099553108215
26471,mental health experiences,0.8548591732978821,"Mar 12, 2024, 1:38:06 PM PST",POSITIVE,0.5036099553108215
26471,addiction awareness and recovery,0.7939030528068542,"Mar 12, 2024, 1:38:06 PM PST",POSITIVE,0.5036099553108215
26471,mental health education,0.7300235033035278,"Mar 12, 2024, 1:38:06 PM PST",POSITIVE,0.5036099553108215
26471,emotional health discussion,0.6653735041618347,"Mar 12, 2024, 1:38:06 PM PST",POSITIVE,0.5036099553108215
26471,therapy and mental health support,0.6501098275184631,"Mar 12, 2024, 1:38:06 PM PST",POSITIVE,0.5036099553108215
26471,trauma awareness and healing,0.5656607747077942,"Mar 12, 2024, 1:38:06 PM PST",POSITIVE,0.5036099553108215
26471,sleep and mental wellness,0.55936598777771,"Mar 12, 2024, 1:38:06 PM PST",POSITIVE,0.5036099553108215
26471,work-life balance and burnout,0.5345353484153748,"Mar 12, 2024, 1:38:06 PM PST",POSITIVE,0.5036099553108215
26471,depression and emotional support,0.489161878824234,"Mar 12, 2024, 1:38:06 PM PST",POSITIVE,0.5036099553108215
26471,social anxiety and relationships,0.39986297488212585,"Mar 12, 2024, 1:38:06 PM PST",POSITIVE,0.5036099553108215
26471,anxiety and stress management,0.34367823600769043,"Mar 12, 2024, 1:38:06 PM PST",POSITIVE,0.5036099553108215
26902,motivation and mental strength,0.9618951082229614,"Mar 8, 2024, 10:30:40 AM PST",NEGATIVE,0.9670203924179077
26902,mental health experiences,0.9039357304573059,"Mar 8, 2024, 10:30:40 AM PST",NEGATIVE,0.9670203924179077
26902,self-improvement and personal growth,0.8807172179222107,"Mar 8, 2024, 10:30:40 AM PST",NEGATIVE,0.9670203924179077
26902,self-care practices,0.8403319120407104,"Mar 8, 2024, 10:30:40 AM PST",NEGATIVE,0.9670203924179077
26902,mindfulness and mental wellness,0.8341920375823975,"Mar 8, 2024, 10:30:40 AM PST",NEGATIVE,0.9670203924179077
26902,sleep and mental wellness,0.8029390573501587,"Mar 8, 2024, 10:30:40 AM PST",NEGATIVE,0.9670203924179077
26902,mental health education,0.7387748956680298,"Mar 8, 2024, 10:30:40 AM PST",NEGATIVE,0.9670203924179077
26902,addiction awareness and recovery,0.6057637929916382,"Mar 8, 2024, 10:30:40 AM PST",NEGATIVE,0.9670203924179077
26902,social anxiety and relationships,0.6030303239822388,"Mar 8, 2024, 10:30:40 AM PST",NEGATIVE,0.9670203924179077
26902,work-life balance and burnout,0.5619140267372131,"Mar 8, 2024, 10:30:40 AM PST",NEGATIVE,0.9670203924179077
26902,emotional health discussion,0.4662371873855591,"Mar 8, 2024, 10:30:40 AM PST",NEGATIVE,0.9670203924179077
26902,therapy and mental health support,0.44968459010124207,"Mar 8, 2024, 10:30:40 AM PST",NEGATIVE,0.9670203924179077
26902,trauma awareness and healing,0.43008437752723694,"Mar 8, 2024, 10:30:40 AM PST",NEGATIVE,0.9670203924179077
26472,motivation and mental strength,0.770931601524353,"Mar 12, 2024, 1:35:30 PM PST",NEGATIVE,0.9913600087165833
26472,mental health experiences,0.7623494863510132,"Mar 12, 2024, 1:35:30 PM PST",NEGATIVE,0.9913600087165833
26472,addiction awareness and recovery,0.5183729529380798,"Mar 12, 2024, 1:35:30 PM PST",NEGATIVE,0.9913600087165833
26472,anxiety and stress management,0.35287949442863464,"Mar 12, 2024, 1:35:30 PM PST",NEGATIVE,0.9913600087165833
26472,work-life balance and burnout,0.3280704617500305,"Mar 12, 2024, 1:35:30 PM PST",NEGATIVE,0.9913600087165833
27314,mindfulness and mental wellness,0.9918311238288879,"Mar 2, 2024, 3:33:25 PM PST",POSITIVE,0.9693016409873962
27314,self-care practices,0.9844128489494324,"Mar 2, 2024, 3:33:25 PM PST",POSITIVE,0.9693016409873962
27314,sleep and mental wellness,0.9826541543006897,"Mar 2, 2024, 3:33:25 PM PST",POSITIVE,0.9693016409873962
27314,self-improvement and personal growth,0.975378155708313,"Mar 2, 2024, 3:33:25 PM PST",POSITIVE,0.9693016409873962
27314,motivation and mental strength,0.9701484441757202,"Mar 2, 2024, 3:33:25 PM PST",POSITIVE,0.9693016409873962
27314,anxiety and stress management,0.8597099184989929,"Mar 2, 2024, 3:33:25 PM PST",POSITIVE,0.9693016409873962
27314,mental health experiences,0.6297179460525513,"Mar 2, 2024, 3:33:25 PM PST",POSITIVE,0.9693016409873962
27314,emotional health discussion,0.3857336938381195,"Mar 2, 2024, 3:33:25 PM PST",POSITIVE,0.9693016409873962
27314,mental health education,0.354672908782959,"Mar 2, 2024, 3:33:25 PM PST",POSITIVE,0.9693016409873962
26903,motivation and mental strength,0.8852518796920776,"Mar 7, 2024, 5:46:30 PM PST",NEGATIVE,0.9951882362365723
26903,mindfulness and mental wellness,0.8270420432090759,"Mar 7, 2024, 5:46:30 PM PST",NEGATIVE,0.9951882362365723
26903,self-improvement and personal growth,0.8154209852218628,"Mar 7, 2024, 5:46:30 PM PST",NEGATIVE,0.9951882362365723
26903,mental health experiences,0.7972474098205566,"Mar 7, 2024, 5:46:30 PM PST",NEGATIVE,0.9951882362365723
26903,sleep and mental wellness,0.6528456211090088,"Mar 7, 2024, 5:46:30 PM PST",NEGATIVE,0.9951882362365723
26903,self-care practices,0.6252501010894775,"Mar 7, 2024, 5:46:30 PM PST",NEGATIVE,0.9951882362365723
26903,mental health education,0.5639688968658447,"Mar 7, 2024, 5:46:30 PM PST",NEGATIVE,0.9951882362365723
26903,therapy and mental health support,0.5591091513633728,"Mar 7, 2024, 5:46:30 PM PST",NEGATIVE,0.9951882362365723
26903,work-life balance and burnout,0.5361989736557007,"Mar 7, 2024, 5:46:30 PM PST",NEGATIVE,0.9951882362365723
26903,addiction awareness and recovery,0.4889838993549347,"Mar 7, 2024, 5:46:30 PM PST",NEGATIVE,0.9951882362365723
26903,trauma awareness and healing,0.48559606075286865,"Mar 7, 2024, 5:46:30 PM PST",NEGATIVE,0.9951882362365723
26903,emotional health discussion,0.44885939359664917,"Mar 7, 2024, 5:46:30 PM PST",NEGATIVE,0.9951882362365723
26903,anxiety and stress management,0.35274192690849304,"Mar 7, 2024, 5:46:30 PM PST",NEGATIVE,0.9951882362365723
26903,social anxiety and relationships,0.300960898399353,"Mar 7, 2024, 5:46:30 PM PST",NEGATIVE,0.9951882362365723
26473,self-improvement and personal growth,0.9067012071609497,"Mar 12, 2024, 1:33:55 PM PST",POSITIVE,0.5293907523155212
26473,motivation and mental strength,0.9031369090080261,"Mar 12, 2024, 1:33:55 PM PST",POSITIVE,0.5293907523155212
26473,mindfulness and mental wellness,0.8456611633300781,"Mar 12, 2024, 1:33:55 PM PST",POSITIVE,0.5293907523155212
26473,self-care practices,0.8150225281715393,"Mar 12, 2024, 1:33:55 PM PST",POSITIVE,0.5293907523155212
26473,mental health experiences,0.7826371788978577,"Mar 12, 2024, 1:33:55 PM PST",POSITIVE,0.5293907523155212
26473,work-life balance and burnout,0.7040024399757385,"Mar 12, 2024, 1:33:55 PM PST",POSITIVE,0.5293907523155212
26473,mental health education,0.6948361396789551,"Mar 12, 2024, 1:33:55 PM PST",POSITIVE,0.5293907523155212
26473,emotional health discussion,0.6584259867668152,"Mar 12, 2024, 1:33:55 PM PST",POSITIVE,0.5293907523155212
26473,addiction awareness and recovery,0.615378201007843,"Mar 12, 2024, 1:33:55 PM PST",POSITIVE,0.5293907523155212
26473,sleep and mental wellness,0.6150525808334351,"Mar 12, 2024, 1:33:55 PM PST",POSITIVE,0.5293907523155212
26473,therapy and mental health support,0.5943365097045898,"Mar 12, 2024, 1:33:55 PM PST",POSITIVE,0.5293907523155212
26473,trauma awareness and healing,0.513979434967041,"Mar 12, 2024, 1:33:55 PM PST",POSITIVE,0.5293907523155212
26473,social anxiety and relationships,0.4972775876522064,"Mar 12, 2024, 1:33:55 PM PST",POSITIVE,0.5293907523155212
26473,anxiety and stress management,0.37192025780677795,"Mar 12, 2024, 1:33:55 PM PST",POSITIVE,0.5293907523155212
26473,depression and emotional support,0.36471840739250183,"Mar 12, 2024, 1:33:55 PM PST",POSITIVE,0.5293907523155212
27315,motivation and mental strength,0.9639664888381958,"Mar 2, 2024, 3:30:02 PM PST",POSITIVE,0.902162492275238
27315,mindfulness and mental wellness,0.9589626789093018,"Mar 2, 2024, 3:30:02 PM PST",POSITIVE,0.902162492275238
27315,self-improvement and personal growth,0.929411768913269,"Mar 2, 2024, 3:30:02 PM PST",POSITIVE,0.902162492275238
27315,self-care practices,0.8335351943969727,"Mar 2, 2024, 3:30:02 PM PST",POSITIVE,0.902162492275238
27315,sleep and mental wellness,0.5763149261474609,"Mar 2, 2024, 3:30:02 PM PST",POSITIVE,0.902162492275238
26904,motivation and mental strength,0.9618951082229614,"Mar 7, 2024, 5:42:30 PM PST",NEGATIVE,0.9670203924179077
26904,mental health experiences,0.9039357304573059,"Mar 7, 2024, 5:42:30 PM PST",NEGATIVE,0.9670203924179077
26904,self-improvement and personal growth,0.8807172179222107,"Mar 7, 2024, 5:42:30 PM PST",NEGATIVE,0.9670203924179077
26904,self-care practices,0.8403319120407104,"Mar 7, 2024, 5:42:30 PM PST",NEGATIVE,0.9670203924179077
26904,mindfulness and mental wellness,0.8341920375823975,"Mar 7, 2024, 5:42:30 PM PST",NEGATIVE,0.9670203924179077
26904,sleep and mental wellness,0.8029390573501587,"Mar 7, 2024, 5:42:30 PM PST",NEGATIVE,0.9670203924179077
26904,mental health education,0.7387748956680298,"Mar 7, 2024, 5:42:30 PM PST",NEGATIVE,0.9670203924179077
26904,addiction awareness and recovery,0.6057637929916382,"Mar 7, 2024, 5:42:30 PM PST",NEGATIVE,0.9670203924179077
26904,social anxiety and relationships,0.6030303239822388,"Mar 7, 2024, 5:42:30 PM PST",NEGATIVE,0.9670203924179077
26904,work-life balance and burnout,0.5619140267372131,"Mar 7, 2024, 5:42:30 PM PST",NEGATIVE,0.9670203924179077
26904,emotional health discussion,0.4662371873855591,"Mar 7, 2024, 5:42:30 PM PST",NEGATIVE,0.9670203924179077
26904,therapy and mental health support,0.44968459010124207,"Mar 7, 2024, 5:42:30 PM PST",NEGATIVE,0.9670203924179077
26904,trauma awareness and healing,0.43008437752723694,"Mar 7, 2024, 5:42:30 PM PST",NEGATIVE,0.9670203924179077
26474,self-improvement and personal growth,0.9545366168022156,"Mar 12, 2024, 1:31:44 PM PST",NEGATIVE,0.5320339202880859
26474,mental health experiences,0.9371403455734253,"Mar 12, 2024, 1:31:44 PM PST",NEGATIVE,0.5320339202880859
26474,self-care practices,0.9299625158309937,"Mar 12, 2024, 1:31:44 PM PST",NEGATIVE,0.5320339202880859
26474,motivation and mental strength,0.9254258275032043,"Mar 12, 2024, 1:31:44 PM PST",NEGATIVE,0.5320339202880859
26474,mindfulness and mental wellness,0.8922892212867737,"Mar 12, 2024, 1:31:44 PM PST",NEGATIVE,0.5320339202880859
26474,emotional health discussion,0.8663138747215271,"Mar 12, 2024, 1:31:44 PM PST",NEGATIVE,0.5320339202880859
26474,sleep and mental wellness,0.8596665263175964,"Mar 12, 2024, 1:31:44 PM PST",NEGATIVE,0.5320339202880859
26474,social anxiety and relationships,0.8490796685218811,"Mar 12, 2024, 1:31:44 PM PST",NEGATIVE,0.5320339202880859
26474,mental health education,0.8362005352973938,"Mar 12, 2024, 1:31:44 PM PST",NEGATIVE,0.5320339202880859
26474,work-life balance and burnout,0.8329757452011108,"Mar 12, 2024, 1:31:44 PM PST",NEGATIVE,0.5320339202880859
26474,addiction awareness and recovery,0.8186719417572021,"Mar 12, 2024, 1:31:44 PM PST",NEGATIVE,0.5320339202880859
26474,anxiety and stress management,0.8023115992546082,"Mar 12, 2024, 1:31:44 PM PST",NEGATIVE,0.5320339202880859
26474,depression and emotional support,0.7884542346000671,"Mar 12, 2024, 1:31:44 PM PST",NEGATIVE,0.5320339202880859
26474,therapy and mental health support,0.7425654530525208,"Mar 12, 2024, 1:31:44 PM PST",NEGATIVE,0.5320339202880859
26474,trauma awareness and healing,0.6771789789199829,"Mar 12, 2024, 1:31:44 PM PST",NEGATIVE,0.5320339202880859
27316,motivation and mental strength,0.7557461261749268,"Mar 2, 2024, 3:29:54 PM PST",NEGATIVE,0.9842954874038696
27316,self-improvement and personal growth,0.5545808672904968,"Mar 2, 2024, 3:29:54 PM PST",NEGATIVE,0.9842954874038696
27316,mental health experiences,0.31208163499832153,"Mar 2, 2024, 3:29:54 PM PST",NEGATIVE,0.9842954874038696
26475,motivation and mental strength,0.9134426116943359,"Mar 12, 2024, 1:30:07 PM PST",POSITIVE,0.9983530044555664
26475,self-improvement and personal growth,0.9126875400543213,"Mar 12, 2024, 1:30:07 PM PST",POSITIVE,0.9983530044555664
26475,mindfulness and mental wellness,0.8327916264533997,"Mar 12, 2024, 1:30:07 PM PST",POSITIVE,0.9983530044555664
26475,mental health experiences,0.8304704427719116,"Mar 12, 2024, 1:30:07 PM PST",POSITIVE,0.9983530044555664
26475,self-care practices,0.8294500708580017,"Mar 12, 2024, 1:30:07 PM PST",POSITIVE,0.9983530044555664
26475,addiction awareness and recovery,0.6845783591270447,"Mar 12, 2024, 1:30:07 PM PST",POSITIVE,0.9983530044555664
26475,therapy and mental health support,0.6795749664306641,"Mar 12, 2024, 1:30:07 PM PST",POSITIVE,0.9983530044555664
26475,mental health education,0.6401007771492004,"Mar 12, 2024, 1:30:07 PM PST",POSITIVE,0.9983530044555664
26475,trauma awareness and healing,0.6373993158340454,"Mar 12, 2024, 1:30:07 PM PST",POSITIVE,0.9983530044555664
26475,emotional health discussion,0.5777608752250671,"Mar 12, 2024, 1:30:07 PM PST",POSITIVE,0.9983530044555664
26475,sleep and mental wellness,0.465524286031723,"Mar 12, 2024, 1:30:07 PM PST",POSITIVE,0.9983530044555664
26475,work-life balance and burnout,0.4640020430088043,"Mar 12, 2024, 1:30:07 PM PST",POSITIVE,0.9983530044555664
26475,depression and emotional support,0.36872944235801697,"Mar 12, 2024, 1:30:07 PM PST",POSITIVE,0.9983530044555664
26475,anxiety and stress management,0.3015288710594177,"Mar 12, 2024, 1:30:07 PM PST",POSITIVE,0.9983530044555664
27317,self-improvement and personal growth,0.8947834372520447,"Mar 2, 2024, 3:25:28 PM PST",NEGATIVE,0.9600706696510315
27317,motivation and mental strength,0.8595792055130005,"Mar 2, 2024, 3:25:28 PM PST",NEGATIVE,0.9600706696510315
27317,mental health experiences,0.8404240012168884,"Mar 2, 2024, 3:25:28 PM PST",NEGATIVE,0.9600706696510315
27317,mindfulness and mental wellness,0.8046979904174805,"Mar 2, 2024, 3:25:28 PM PST",NEGATIVE,0.9600706696510315
27317,self-care practices,0.7874397039413452,"Mar 2, 2024, 3:25:28 PM PST",NEGATIVE,0.9600706696510315
27317,mental health education,0.7111105918884277,"Mar 2, 2024, 3:25:28 PM PST",NEGATIVE,0.9600706696510315
27317,therapy and mental health support,0.7041451930999756,"Mar 2, 2024, 3:25:28 PM PST",NEGATIVE,0.9600706696510315
27317,addiction awareness and recovery,0.6748945116996765,"Mar 2, 2024, 3:25:28 PM PST",NEGATIVE,0.9600706696510315
27317,trauma awareness and healing,0.6380548477172852,"Mar 2, 2024, 3:25:28 PM PST",NEGATIVE,0.9600706696510315
27317,work-life balance and burnout,0.613172709941864,"Mar 2, 2024, 3:25:28 PM PST",NEGATIVE,0.9600706696510315
27317,emotional health discussion,0.586514413356781,"Mar 2, 2024, 3:25:28 PM PST",NEGATIVE,0.9600706696510315
27317,sleep and mental wellness,0.4653899371623993,"Mar 2, 2024, 3:25:28 PM PST",NEGATIVE,0.9600706696510315
27317,social anxiety and relationships,0.3953746259212494,"Mar 2, 2024, 3:25:28 PM PST",NEGATIVE,0.9600706696510315
27317,anxiety and stress management,0.38606929779052734,"Mar 2, 2024, 3:25:28 PM PST",NEGATIVE,0.9600706696510315
27317,depression and emotional support,0.34148508310317993,"Mar 2, 2024, 3:25:28 PM PST",NEGATIVE,0.9600706696510315
26905,motivation and mental strength,0.6108790636062622,"Mar 7, 2024, 5:26:50 PM PST",POSITIVE,0.9670609831809998
26905,self-improvement and personal growth,0.415854275226593,"Mar 7, 2024, 5:26:50 PM PST",POSITIVE,0.9670609831809998
26905,mental health experiences,0.38118404150009155,"Mar 7, 2024, 5:26:50 PM PST",POSITIVE,0.9670609831809998
26905,mindfulness and mental wellness,0.34032756090164185,"Mar 7, 2024, 5:26:50 PM PST",POSITIVE,0.9670609831809998
26476,self-improvement and personal growth,0.8426403403282166,"Mar 12, 2024, 1:27:00 PM PST",POSITIVE,0.5723615288734436
26476,motivation and mental strength,0.7974635362625122,"Mar 12, 2024, 1:27:00 PM PST",POSITIVE,0.5723615288734436
26476,mental health experiences,0.7198646664619446,"Mar 12, 2024, 1:27:00 PM PST",POSITIVE,0.5723615288734436
26476,self-care practices,0.7191545367240906,"Mar 12, 2024, 1:27:00 PM PST",POSITIVE,0.5723615288734436
26476,mindfulness and mental wellness,0.6656699776649475,"Mar 12, 2024, 1:27:00 PM PST",POSITIVE,0.5723615288734436
26476,addiction awareness and recovery,0.582478404045105,"Mar 12, 2024, 1:27:00 PM PST",POSITIVE,0.5723615288734436
26476,emotional health discussion,0.5379673838615417,"Mar 12, 2024, 1:27:00 PM PST",POSITIVE,0.5723615288734436
26476,work-life balance and burnout,0.52943354845047,"Mar 12, 2024, 1:27:00 PM PST",POSITIVE,0.5723615288734436
26476,mental health education,0.5184189677238464,"Mar 12, 2024, 1:27:00 PM PST",POSITIVE,0.5723615288734436
26476,social anxiety and relationships,0.48249828815460205,"Mar 12, 2024, 1:27:00 PM PST",POSITIVE,0.5723615288734436
26476,trauma awareness and healing,0.45295950770378113,"Mar 12, 2024, 1:27:00 PM PST",POSITIVE,0.5723615288734436
26476,therapy and mental health support,0.4201456308364868,"Mar 12, 2024, 1:27:00 PM PST",POSITIVE,0.5723615288734436
26476,sleep and mental wellness,0.3908701241016388,"Mar 12, 2024, 1:27:00 PM PST",POSITIVE,0.5723615288734436
27318,self-improvement and personal growth,0.9453808069229126,"Mar 2, 2024, 3:25:19 PM PST",POSITIVE,0.9891639947891235
27318,motivation and mental strength,0.9097663760185242,"Mar 2, 2024, 3:25:19 PM PST",POSITIVE,0.9891639947891235
27318,mindfulness and mental wellness,0.9018480181694031,"Mar 2, 2024, 3:25:19 PM PST",POSITIVE,0.9891639947891235
27318,mental health experiences,0.9005906581878662,"Mar 2, 2024, 3:25:19 PM PST",POSITIVE,0.9891639947891235
27318,self-care practices,0.8092708587646484,"Mar 2, 2024, 3:25:19 PM PST",POSITIVE,0.9891639947891235
27318,mental health education,0.7814180254936218,"Mar 2, 2024, 3:25:19 PM PST",POSITIVE,0.9891639947891235
27318,addiction awareness and recovery,0.7537696957588196,"Mar 2, 2024, 3:25:19 PM PST",POSITIVE,0.9891639947891235
27318,therapy and mental health support,0.7531080842018127,"Mar 2, 2024, 3:25:19 PM PST",POSITIVE,0.9891639947891235
27318,emotional health discussion,0.6456319093704224,"Mar 2, 2024, 3:25:19 PM PST",POSITIVE,0.9891639947891235
27318,trauma awareness and healing,0.6320022344589233,"Mar 2, 2024, 3:25:19 PM PST",POSITIVE,0.9891639947891235
27318,work-life balance and burnout,0.49710896611213684,"Mar 2, 2024, 3:25:19 PM PST",POSITIVE,0.9891639947891235
27318,depression and emotional support,0.4001120626926422,"Mar 2, 2024, 3:25:19 PM PST",POSITIVE,0.9891639947891235
27318,sleep and mental wellness,0.3716183602809906,"Mar 2, 2024, 3:25:19 PM PST",POSITIVE,0.9891639947891235
27318,anxiety and stress management,0.36837461590766907,"Mar 2, 2024, 3:25:19 PM PST",POSITIVE,0.9891639947891235
26477,self-improvement and personal growth,0.88874351978302,"Mar 12, 2024, 1:22:46 PM PST",POSITIVE,0.9413004517555237
26477,motivation and mental strength,0.8544143438339233,"Mar 12, 2024, 1:22:46 PM PST",POSITIVE,0.9413004517555237
26477,mindfulness and mental wellness,0.7976917028427124,"Mar 12, 2024, 1:22:46 PM PST",POSITIVE,0.9413004517555237
26477,self-care practices,0.7747347354888916,"Mar 12, 2024, 1:22:46 PM PST",POSITIVE,0.9413004517555237
26477,mental health experiences,0.6771743297576904,"Mar 12, 2024, 1:22:46 PM PST",POSITIVE,0.9413004517555237
26477,social anxiety and relationships,0.6541798114776611,"Mar 12, 2024, 1:22:46 PM PST",POSITIVE,0.9413004517555237
26477,sleep and mental wellness,0.4952951967716217,"Mar 12, 2024, 1:22:46 PM PST",POSITIVE,0.9413004517555237
26477,trauma awareness and healing,0.4820745587348938,"Mar 12, 2024, 1:22:46 PM PST",POSITIVE,0.9413004517555237
26477,addiction awareness and recovery,0.46775782108306885,"Mar 12, 2024, 1:22:46 PM PST",POSITIVE,0.9413004517555237
26477,work-life balance and burnout,0.4436953663825989,"Mar 12, 2024, 1:22:46 PM PST",POSITIVE,0.9413004517555237
26477,therapy and mental health support,0.4408607482910156,"Mar 12, 2024, 1:22:46 PM PST",POSITIVE,0.9413004517555237
26477,mental health education,0.3726281523704529,"Mar 12, 2024, 1:22:46 PM PST",POSITIVE,0.9413004517555237
26477,emotional health discussion,0.36577311158180237,"Mar 12, 2024, 1:22:46 PM PST",POSITIVE,0.9413004517555237
27319,self-improvement and personal growth,0.9044297933578491,"Mar 2, 2024, 3:23:21 PM PST",NEGATIVE,0.9860243201255798
27319,mental health experiences,0.8510260581970215,"Mar 2, 2024, 3:23:21 PM PST",NEGATIVE,0.9860243201255798
27319,motivation and mental strength,0.7987483739852905,"Mar 2, 2024, 3:23:21 PM PST",NEGATIVE,0.9860243201255798
27319,self-care practices,0.7185763716697693,"Mar 2, 2024, 3:23:21 PM PST",NEGATIVE,0.9860243201255798
27319,mindfulness and mental wellness,0.6815587878227234,"Mar 2, 2024, 3:23:21 PM PST",NEGATIVE,0.9860243201255798
27319,addiction awareness and recovery,0.666774332523346,"Mar 2, 2024, 3:23:21 PM PST",NEGATIVE,0.9860243201255798
27319,mental health education,0.5718526840209961,"Mar 2, 2024, 3:23:21 PM PST",NEGATIVE,0.9860243201255798
27319,emotional health discussion,0.5356690287590027,"Mar 2, 2024, 3:23:21 PM PST",NEGATIVE,0.9860243201255798
27319,trauma awareness and healing,0.5334476828575134,"Mar 2, 2024, 3:23:21 PM PST",NEGATIVE,0.9860243201255798
27319,social anxiety and relationships,0.47095149755477905,"Mar 2, 2024, 3:23:21 PM PST",NEGATIVE,0.9860243201255798
27319,therapy and mental health support,0.36553147435188293,"Mar 2, 2024, 3:23:21 PM PST",NEGATIVE,0.9860243201255798
27319,sleep and mental wellness,0.33808887004852295,"Mar 2, 2024, 3:23:21 PM PST",NEGATIVE,0.9860243201255798
27319,work-life balance and burnout,0.3295910060405731,"Mar 2, 2024, 3:23:21 PM PST",NEGATIVE,0.9860243201255798
26906,self-improvement and personal growth,0.5423048734664917,"Mar 7, 2024, 5:26:24 PM PST",POSITIVE,0.9989790916442871
26906,motivation and mental strength,0.4266650378704071,"Mar 7, 2024, 5:26:24 PM PST",POSITIVE,0.9989790916442871
26906,mental health experiences,0.41405194997787476,"Mar 7, 2024, 5:26:24 PM PST",POSITIVE,0.9989790916442871
26478,motivation and mental strength,0.9115883111953735,"Mar 12, 2024, 1:19:37 PM PST",POSITIVE,0.84309983253479
26478,self-improvement and personal growth,0.8868661522865295,"Mar 12, 2024, 1:19:37 PM PST",POSITIVE,0.84309983253479
26478,mental health experiences,0.8706967830657959,"Mar 12, 2024, 1:19:37 PM PST",POSITIVE,0.84309983253479
26478,mindfulness and mental wellness,0.8508726358413696,"Mar 12, 2024, 1:19:37 PM PST",POSITIVE,0.84309983253479
26478,self-care practices,0.7679784893989563,"Mar 12, 2024, 1:19:37 PM PST",POSITIVE,0.84309983253479
26478,mental health education,0.7083606719970703,"Mar 12, 2024, 1:19:37 PM PST",POSITIVE,0.84309983253479
26478,addiction awareness and recovery,0.6842586398124695,"Mar 12, 2024, 1:19:37 PM PST",POSITIVE,0.84309983253479
26478,therapy and mental health support,0.6819407343864441,"Mar 12, 2024, 1:19:37 PM PST",POSITIVE,0.84309983253479
26478,emotional health discussion,0.6662467122077942,"Mar 12, 2024, 1:19:37 PM PST",POSITIVE,0.84309983253479
26478,trauma awareness and healing,0.5679225325584412,"Mar 12, 2024, 1:19:37 PM PST",POSITIVE,0.84309983253479
26478,work-life balance and burnout,0.5084196329116821,"Mar 12, 2024, 1:19:37 PM PST",POSITIVE,0.84309983253479
26478,social anxiety and relationships,0.42230507731437683,"Mar 12, 2024, 1:19:37 PM PST",POSITIVE,0.84309983253479
26478,sleep and mental wellness,0.3801806569099426,"Mar 12, 2024, 1:19:37 PM PST",POSITIVE,0.84309983253479
26478,depression and emotional support,0.33739417791366577,"Mar 12, 2024, 1:19:37 PM PST",POSITIVE,0.84309983253479
26478,anxiety and stress management,0.3224932551383972,"Mar 12, 2024, 1:19:37 PM PST",POSITIVE,0.84309983253479
27320,mental health experiences,0.9244351983070374,"Mar 2, 2024, 3:23:18 PM PST",NEGATIVE,0.9332277774810791
27320,motivation and mental strength,0.8933497071266174,"Mar 2, 2024, 3:23:18 PM PST",NEGATIVE,0.9332277774810791
27320,emotional health discussion,0.8815157413482666,"Mar 2, 2024, 3:23:18 PM PST",NEGATIVE,0.9332277774810791
27320,self-improvement and personal growth,0.8583534955978394,"Mar 2, 2024, 3:23:18 PM PST",NEGATIVE,0.9332277774810791
27320,depression and emotional support,0.7990862727165222,"Mar 2, 2024, 3:23:18 PM PST",NEGATIVE,0.9332277774810791
27320,self-care practices,0.7726964950561523,"Mar 2, 2024, 3:23:18 PM PST",NEGATIVE,0.9332277774810791
27320,trauma awareness and healing,0.7637749314308167,"Mar 2, 2024, 3:23:18 PM PST",NEGATIVE,0.9332277774810791
27320,mental health education,0.7570672631263733,"Mar 2, 2024, 3:23:18 PM PST",NEGATIVE,0.9332277774810791
27320,mindfulness and mental wellness,0.7486971616744995,"Mar 2, 2024, 3:23:18 PM PST",NEGATIVE,0.9332277774810791
27320,addiction awareness and recovery,0.7474598288536072,"Mar 2, 2024, 3:23:18 PM PST",NEGATIVE,0.9332277774810791
27320,therapy and mental health support,0.7011127471923828,"Mar 2, 2024, 3:23:18 PM PST",NEGATIVE,0.9332277774810791
27320,social anxiety and relationships,0.6871389746665955,"Mar 2, 2024, 3:23:18 PM PST",NEGATIVE,0.9332277774810791
27320,work-life balance and burnout,0.603748083114624,"Mar 2, 2024, 3:23:18 PM PST",NEGATIVE,0.9332277774810791
27320,anxiety and stress management,0.4687860906124115,"Mar 2, 2024, 3:23:18 PM PST",NEGATIVE,0.9332277774810791
27320,sleep and mental wellness,0.43586859107017517,"Mar 2, 2024, 3:23:18 PM PST",NEGATIVE,0.9332277774810791
27321,self-improvement and personal growth,0.9277405738830566,"Mar 2, 2024, 3:23:01 PM PST",POSITIVE,0.9518161416053772
27321,motivation and mental strength,0.9124237895011902,"Mar 2, 2024, 3:23:01 PM PST",POSITIVE,0.9518161416053772
27321,mental health experiences,0.8872388601303101,"Mar 2, 2024, 3:23:01 PM PST",POSITIVE,0.9518161416053772
27321,mindfulness and mental wellness,0.8838312029838562,"Mar 2, 2024, 3:23:01 PM PST",POSITIVE,0.9518161416053772
27321,self-care practices,0.8007771968841553,"Mar 2, 2024, 3:23:01 PM PST",POSITIVE,0.9518161416053772
27321,mental health education,0.7965936660766602,"Mar 2, 2024, 3:23:01 PM PST",POSITIVE,0.9518161416053772
27321,emotional health discussion,0.7664432525634766,"Mar 2, 2024, 3:23:01 PM PST",POSITIVE,0.9518161416053772
27321,addiction awareness and recovery,0.7659003734588623,"Mar 2, 2024, 3:23:01 PM PST",POSITIVE,0.9518161416053772
27321,therapy and mental health support,0.7494916319847107,"Mar 2, 2024, 3:23:01 PM PST",POSITIVE,0.9518161416053772
27321,trauma awareness and healing,0.6579325199127197,"Mar 2, 2024, 3:23:01 PM PST",POSITIVE,0.9518161416053772
27321,work-life balance and burnout,0.5978744626045227,"Mar 2, 2024, 3:23:01 PM PST",POSITIVE,0.9518161416053772
27321,social anxiety and relationships,0.5801616311073303,"Mar 2, 2024, 3:23:01 PM PST",POSITIVE,0.9518161416053772
27321,depression and emotional support,0.5010083913803101,"Mar 2, 2024, 3:23:01 PM PST",POSITIVE,0.9518161416053772
27321,sleep and mental wellness,0.4324093461036682,"Mar 2, 2024, 3:23:01 PM PST",POSITIVE,0.9518161416053772
27321,anxiety and stress management,0.42580875754356384,"Mar 2, 2024, 3:23:01 PM PST",POSITIVE,0.9518161416053772
26908,self-improvement and personal growth,0.9037242531776428,"Mar 7, 2024, 5:14:47 PM PST",NEGATIVE,0.9887131452560425
26908,motivation and mental strength,0.8113802671432495,"Mar 7, 2024, 5:14:47 PM PST",NEGATIVE,0.9887131452560425
26908,mental health experiences,0.30007362365722656,"Mar 7, 2024, 5:14:47 PM PST",NEGATIVE,0.9887131452560425
26479,self-improvement and personal growth,0.48207080364227295,"Mar 12, 2024, 1:15:41 PM PST",POSITIVE,0.9922624826431274
26479,mental health experiences,0.32982298731803894,"Mar 12, 2024, 1:15:41 PM PST",POSITIVE,0.9922624826431274
27322,motivation and mental strength,0.9335936903953552,"Mar 2, 2024, 3:22:58 PM PST",NEGATIVE,0.968326210975647
27322,self-improvement and personal growth,0.9184855818748474,"Mar 2, 2024, 3:22:58 PM PST",NEGATIVE,0.968326210975647
27322,mindfulness and mental wellness,0.7771180868148804,"Mar 2, 2024, 3:22:58 PM PST",NEGATIVE,0.968326210975647
27322,self-care practices,0.7565597891807556,"Mar 2, 2024, 3:22:58 PM PST",NEGATIVE,0.968326210975647
27322,sleep and mental wellness,0.6449402570724487,"Mar 2, 2024, 3:22:58 PM PST",NEGATIVE,0.968326210975647
27322,mental health experiences,0.5249537229537964,"Mar 2, 2024, 3:22:58 PM PST",NEGATIVE,0.968326210975647
27322,mental health education,0.39580222964286804,"Mar 2, 2024, 3:22:58 PM PST",NEGATIVE,0.968326210975647
27322,therapy and mental health support,0.3948778808116913,"Mar 2, 2024, 3:22:58 PM PST",NEGATIVE,0.968326210975647
27322,emotional health discussion,0.37757667899131775,"Mar 2, 2024, 3:22:58 PM PST",NEGATIVE,0.968326210975647
27322,addiction awareness and recovery,0.3401137888431549,"Mar 2, 2024, 3:22:58 PM PST",NEGATIVE,0.968326210975647
27322,work-life balance and burnout,0.3352406919002533,"Mar 2, 2024, 3:22:58 PM PST",NEGATIVE,0.968326210975647
27322,trauma awareness and healing,0.32424160838127136,"Mar 2, 2024, 3:22:58 PM PST",NEGATIVE,0.968326210975647
27322,social anxiety and relationships,0.30403074622154236,"Mar 2, 2024, 3:22:58 PM PST",NEGATIVE,0.968326210975647
26909,self-improvement and personal growth,0.8212526440620422,"Mar 7, 2024, 5:13:47 PM PST",NEGATIVE,0.9819674491882324
26909,self-care practices,0.49852490425109863,"Mar 7, 2024, 5:13:47 PM PST",NEGATIVE,0.9819674491882324
26909,mindfulness and mental wellness,0.45808130502700806,"Mar 7, 2024, 5:13:47 PM PST",NEGATIVE,0.9819674491882324
26480,motivation and mental strength,0.7720237970352173,"Mar 12, 2024, 1:14:40 PM PST",NEGATIVE,0.9980056881904602
26480,self-improvement and personal growth,0.7509726881980896,"Mar 12, 2024, 1:14:40 PM PST",NEGATIVE,0.9980056881904602
27323,self-improvement and personal growth,0.6255714893341064,"Mar 2, 2024, 3:21:17 PM PST",POSITIVE,0.6715275645256042
26910,self-improvement and personal growth,0.9774441719055176,"Mar 7, 2024, 3:43:19 PM PST",POSITIVE,0.6360278129577637
26910,motivation and mental strength,0.9391041994094849,"Mar 7, 2024, 3:43:19 PM PST",POSITIVE,0.6360278129577637
26910,mental health experiences,0.665709376335144,"Mar 7, 2024, 3:43:19 PM PST",POSITIVE,0.6360278129577637
26910,mindfulness and mental wellness,0.6149146556854248,"Mar 7, 2024, 3:43:19 PM PST",POSITIVE,0.6360278129577637
26910,self-care practices,0.5723880529403687,"Mar 7, 2024, 3:43:19 PM PST",POSITIVE,0.6360278129577637
26910,addiction awareness and recovery,0.5059488415718079,"Mar 7, 2024, 3:43:19 PM PST",POSITIVE,0.6360278129577637
26910,mental health education,0.37234771251678467,"Mar 7, 2024, 3:43:19 PM PST",POSITIVE,0.6360278129577637
26910,emotional health discussion,0.34444326162338257,"Mar 7, 2024, 3:43:19 PM PST",POSITIVE,0.6360278129577637
26910,trauma awareness and healing,0.3161647319793701,"Mar 7, 2024, 3:43:19 PM PST",POSITIVE,0.6360278129577637
26481,self-improvement and personal growth,0.7697837948799133,"Mar 12, 2024, 1:14:25 PM PST",POSITIVE,0.9971039891242981
26481,motivation and mental strength,0.6264461278915405,"Mar 12, 2024, 1:14:25 PM PST",POSITIVE,0.9971039891242981
26481,mental health experiences,0.5925744771957397,"Mar 12, 2024, 1:14:25 PM PST",POSITIVE,0.9971039891242981
26481,mindfulness and mental wellness,0.5213570594787598,"Mar 12, 2024, 1:14:25 PM PST",POSITIVE,0.9971039891242981
26481,addiction awareness and recovery,0.5101304054260254,"Mar 12, 2024, 1:14:25 PM PST",POSITIVE,0.9971039891242981
26481,self-care practices,0.3400050103664398,"Mar 12, 2024, 1:14:25 PM PST",POSITIVE,0.9971039891242981
27324,self-improvement and personal growth,0.8245775103569031,"Mar 2, 2024, 3:20:27 PM PST",POSITIVE,0.9960592985153198
27324,motivation and mental strength,0.81138676404953,"Mar 2, 2024, 3:20:27 PM PST",POSITIVE,0.9960592985153198
27324,addiction awareness and recovery,0.7062399983406067,"Mar 2, 2024, 3:20:27 PM PST",POSITIVE,0.9960592985153198
27324,mental health experiences,0.6142457723617554,"Mar 2, 2024, 3:20:27 PM PST",POSITIVE,0.9960592985153198
27324,mindfulness and mental wellness,0.44981250166893005,"Mar 2, 2024, 3:20:27 PM PST",POSITIVE,0.9960592985153198
27324,self-care practices,0.4273591935634613,"Mar 2, 2024, 3:20:27 PM PST",POSITIVE,0.9960592985153198
27324,social anxiety and relationships,0.4272073209285736,"Mar 2, 2024, 3:20:27 PM PST",POSITIVE,0.9960592985153198
27324,emotional health discussion,0.34519410133361816,"Mar 2, 2024, 3:20:27 PM PST",POSITIVE,0.9960592985153198
26911,self-improvement and personal growth,0.8453375697135925,"Mar 7, 2024, 3:35:50 PM PST",POSITIVE,0.999312162399292
26911,motivation and mental strength,0.5332660675048828,"Mar 7, 2024, 3:35:50 PM PST",POSITIVE,0.999312162399292
26482,motivation and mental strength,0.936879575252533,"Mar 12, 2024, 1:13:18 PM PST",POSITIVE,0.6768586039543152
26482,self-improvement and personal growth,0.9319114089012146,"Mar 12, 2024, 1:13:18 PM PST",POSITIVE,0.6768586039543152
26482,mindfulness and mental wellness,0.9158658981323242,"Mar 12, 2024, 1:13:18 PM PST",POSITIVE,0.6768586039543152
26482,mental health experiences,0.9127931594848633,"Mar 12, 2024, 1:13:18 PM PST",POSITIVE,0.6768586039543152
26482,self-care practices,0.841776967048645,"Mar 12, 2024, 1:13:18 PM PST",POSITIVE,0.6768586039543152
26482,addiction awareness and recovery,0.8156971335411072,"Mar 12, 2024, 1:13:18 PM PST",POSITIVE,0.6768586039543152
26482,mental health education,0.801001787185669,"Mar 12, 2024, 1:13:18 PM PST",POSITIVE,0.6768586039543152
26482,emotional health discussion,0.7351164221763611,"Mar 12, 2024, 1:13:18 PM PST",POSITIVE,0.6768586039543152
26482,therapy and mental health support,0.7284365892410278,"Mar 12, 2024, 1:13:18 PM PST",POSITIVE,0.6768586039543152
26482,trauma awareness and healing,0.6987478733062744,"Mar 12, 2024, 1:13:18 PM PST",POSITIVE,0.6768586039543152
26482,depression and emotional support,0.5649585723876953,"Mar 12, 2024, 1:13:18 PM PST",POSITIVE,0.6768586039543152
26482,work-life balance and burnout,0.5380179286003113,"Mar 12, 2024, 1:13:18 PM PST",POSITIVE,0.6768586039543152
26482,sleep and mental wellness,0.49977752566337585,"Mar 12, 2024, 1:13:18 PM PST",POSITIVE,0.6768586039543152
26482,social anxiety and relationships,0.4859558641910553,"Mar 12, 2024, 1:13:18 PM PST",POSITIVE,0.6768586039543152
26482,anxiety and stress management,0.41873490810394287,"Mar 12, 2024, 1:13:18 PM PST",POSITIVE,0.6768586039543152
27325,mindfulness and mental wellness,0.9266162514686584,"Mar 2, 2024, 3:17:24 PM PST",NEGATIVE,0.8040645122528076
27325,motivation and mental strength,0.8584839701652527,"Mar 2, 2024, 3:17:24 PM PST",NEGATIVE,0.8040645122528076
27325,self-improvement and personal growth,0.8272815942764282,"Mar 2, 2024, 3:17:24 PM PST",NEGATIVE,0.8040645122528076
27325,sleep and mental wellness,0.8066223859786987,"Mar 2, 2024, 3:17:24 PM PST",NEGATIVE,0.8040645122528076
27325,self-care practices,0.7915122509002686,"Mar 2, 2024, 3:17:24 PM PST",NEGATIVE,0.8040645122528076
27325,mental health experiences,0.7059121131896973,"Mar 2, 2024, 3:17:24 PM PST",NEGATIVE,0.8040645122528076
27325,addiction awareness and recovery,0.4870162904262543,"Mar 2, 2024, 3:17:24 PM PST",NEGATIVE,0.8040645122528076
27325,therapy and mental health support,0.47234997153282166,"Mar 2, 2024, 3:17:24 PM PST",NEGATIVE,0.8040645122528076
27325,mental health education,0.45525896549224854,"Mar 2, 2024, 3:17:24 PM PST",NEGATIVE,0.8040645122528076
27325,emotional health discussion,0.43568965792655945,"Mar 2, 2024, 3:17:24 PM PST",NEGATIVE,0.8040645122528076
27325,social anxiety and relationships,0.41638270020484924,"Mar 2, 2024, 3:17:24 PM PST",NEGATIVE,0.8040645122528076
27325,work-life balance and burnout,0.40866735577583313,"Mar 2, 2024, 3:17:24 PM PST",NEGATIVE,0.8040645122528076
27325,trauma awareness and healing,0.3612437844276428,"Mar 2, 2024, 3:17:24 PM PST",NEGATIVE,0.8040645122528076
27325,depression and emotional support,0.3109055161476135,"Mar 2, 2024, 3:17:24 PM PST",NEGATIVE,0.8040645122528076
26483,emotional health discussion,0.9299651980400085,"Mar 12, 2024, 1:09:00 PM PST",POSITIVE,0.9452899694442749
26483,work-life balance and burnout,0.9299339056015015,"Mar 12, 2024, 1:09:00 PM PST",POSITIVE,0.9452899694442749
26483,self-improvement and personal growth,0.9282935261726379,"Mar 12, 2024, 1:09:00 PM PST",POSITIVE,0.9452899694442749
26483,self-care practices,0.9202427864074707,"Mar 12, 2024, 1:09:00 PM PST",POSITIVE,0.9452899694442749
26483,motivation and mental strength,0.9164412617683411,"Mar 12, 2024, 1:09:00 PM PST",POSITIVE,0.9452899694442749
26483,mental health experiences,0.9160884022712708,"Mar 12, 2024, 1:09:00 PM PST",POSITIVE,0.9452899694442749
26483,social anxiety and relationships,0.906101405620575,"Mar 12, 2024, 1:09:00 PM PST",POSITIVE,0.9452899694442749
26483,mindfulness and mental wellness,0.9000393152236938,"Mar 12, 2024, 1:09:00 PM PST",POSITIVE,0.9452899694442749
26483,addiction awareness and recovery,0.8622213006019592,"Mar 12, 2024, 1:09:00 PM PST",POSITIVE,0.9452899694442749
26483,mental health education,0.8618202805519104,"Mar 12, 2024, 1:09:00 PM PST",POSITIVE,0.9452899694442749
26483,trauma awareness and healing,0.8508382439613342,"Mar 12, 2024, 1:09:00 PM PST",POSITIVE,0.9452899694442749
26483,therapy and mental health support,0.7283853888511658,"Mar 12, 2024, 1:09:00 PM PST",POSITIVE,0.9452899694442749
26483,anxiety and stress management,0.6662268042564392,"Mar 12, 2024, 1:09:00 PM PST",POSITIVE,0.9452899694442749
26483,depression and emotional support,0.6501762866973877,"Mar 12, 2024, 1:09:00 PM PST",POSITIVE,0.9452899694442749
26483,sleep and mental wellness,0.5336286425590515,"Mar 12, 2024, 1:09:00 PM PST",POSITIVE,0.9452899694442749
26912,social anxiety and relationships,0.8971917629241943,"Mar 7, 2024, 3:31:08 PM PST",POSITIVE,0.9989681243896484
26912,motivation and mental strength,0.8875052332878113,"Mar 7, 2024, 3:31:08 PM PST",POSITIVE,0.9989681243896484
26912,mental health experiences,0.8141663670539856,"Mar 7, 2024, 3:31:08 PM PST",POSITIVE,0.9989681243896484
26912,self-improvement and personal growth,0.8139152526855469,"Mar 7, 2024, 3:31:08 PM PST",POSITIVE,0.9989681243896484
26912,work-life balance and burnout,0.7614824175834656,"Mar 7, 2024, 3:31:08 PM PST",POSITIVE,0.9989681243896484
26912,mindfulness and mental wellness,0.7078719139099121,"Mar 7, 2024, 3:31:08 PM PST",POSITIVE,0.9989681243896484
26912,sleep and mental wellness,0.6894629001617432,"Mar 7, 2024, 3:31:08 PM PST",POSITIVE,0.9989681243896484
26912,depression and emotional support,0.6657896041870117,"Mar 7, 2024, 3:31:08 PM PST",POSITIVE,0.9989681243896484
26912,self-care practices,0.6534169912338257,"Mar 7, 2024, 3:31:08 PM PST",POSITIVE,0.9989681243896484
26912,emotional health discussion,0.601723313331604,"Mar 7, 2024, 3:31:08 PM PST",POSITIVE,0.9989681243896484
26912,anxiety and stress management,0.5797997117042542,"Mar 7, 2024, 3:31:08 PM PST",POSITIVE,0.9989681243896484
26912,trauma awareness and healing,0.5183610320091248,"Mar 7, 2024, 3:31:08 PM PST",POSITIVE,0.9989681243896484
26912,addiction awareness and recovery,0.4499283730983734,"Mar 7, 2024, 3:31:08 PM PST",POSITIVE,0.9989681243896484
26912,mental health education,0.4040204584598541,"Mar 7, 2024, 3:31:08 PM PST",POSITIVE,0.9989681243896484
26912,therapy and mental health support,0.3113868832588196,"Mar 7, 2024, 3:31:08 PM PST",POSITIVE,0.9989681243896484
27326,self-improvement and personal growth,0.5612303614616394,"Mar 2, 2024, 3:13:00 PM PST",NEGATIVE,0.8434765338897705
27326,motivation and mental strength,0.4674776494503021,"Mar 2, 2024, 3:13:00 PM PST",NEGATIVE,0.8434765338897705
27326,mindfulness and mental wellness,0.35358449816703796,"Mar 2, 2024, 3:13:00 PM PST",NEGATIVE,0.8434765338897705
26484,motivation and mental strength,0.8257609009742737,"Mar 12, 2024, 1:08:59 PM PST",NEGATIVE,0.8291049599647522
26484,self-improvement and personal growth,0.6958326697349548,"Mar 12, 2024, 1:08:59 PM PST",NEGATIVE,0.8291049599647522
26484,mental health experiences,0.5363460183143616,"Mar 12, 2024, 1:08:59 PM PST",NEGATIVE,0.8291049599647522
26484,work-life balance and burnout,0.47321802377700806,"Mar 12, 2024, 1:08:59 PM PST",NEGATIVE,0.8291049599647522
26484,social anxiety and relationships,0.39825496077537537,"Mar 12, 2024, 1:08:59 PM PST",NEGATIVE,0.8291049599647522
26484,addiction awareness and recovery,0.3870157301425934,"Mar 12, 2024, 1:08:59 PM PST",NEGATIVE,0.8291049599647522
26484,mindfulness and mental wellness,0.3611721098423004,"Mar 12, 2024, 1:08:59 PM PST",NEGATIVE,0.8291049599647522
27327,self-improvement and personal growth,0.8852124810218811,"Mar 2, 2024, 3:10:06 PM PST",POSITIVE,0.996426522731781
27327,motivation and mental strength,0.8624521493911743,"Mar 2, 2024, 3:10:06 PM PST",POSITIVE,0.996426522731781
27327,mindfulness and mental wellness,0.8051502108573914,"Mar 2, 2024, 3:10:06 PM PST",POSITIVE,0.996426522731781
27327,self-care practices,0.761666476726532,"Mar 2, 2024, 3:10:06 PM PST",POSITIVE,0.996426522731781
27327,mental health experiences,0.7100180387496948,"Mar 2, 2024, 3:10:06 PM PST",POSITIVE,0.996426522731781
27327,addiction awareness and recovery,0.6583706736564636,"Mar 2, 2024, 3:10:06 PM PST",POSITIVE,0.996426522731781
27327,sleep and mental wellness,0.5840979218482971,"Mar 2, 2024, 3:10:06 PM PST",POSITIVE,0.996426522731781
27327,therapy and mental health support,0.5275958776473999,"Mar 2, 2024, 3:10:06 PM PST",POSITIVE,0.996426522731781
27327,work-life balance and burnout,0.5148668885231018,"Mar 2, 2024, 3:10:06 PM PST",POSITIVE,0.996426522731781
27327,trauma awareness and healing,0.4975162446498871,"Mar 2, 2024, 3:10:06 PM PST",POSITIVE,0.996426522731781
27327,mental health education,0.4769597053527832,"Mar 2, 2024, 3:10:06 PM PST",POSITIVE,0.996426522731781
27327,emotional health discussion,0.4073258340358734,"Mar 2, 2024, 3:10:06 PM PST",POSITIVE,0.996426522731781
26913,mental health experiences,0.8024840354919434,"Mar 7, 2024, 3:23:30 PM PST",POSITIVE,0.9913034439086914
26913,motivation and mental strength,0.7923174500465393,"Mar 7, 2024, 3:23:30 PM PST",POSITIVE,0.9913034439086914
26913,self-improvement and personal growth,0.778727650642395,"Mar 7, 2024, 3:23:30 PM PST",POSITIVE,0.9913034439086914
26913,emotional health discussion,0.7137460708618164,"Mar 7, 2024, 3:23:30 PM PST",POSITIVE,0.9913034439086914
26913,addiction awareness and recovery,0.6790069937705994,"Mar 7, 2024, 3:23:30 PM PST",POSITIVE,0.9913034439086914
26913,work-life balance and burnout,0.6637836694717407,"Mar 7, 2024, 3:23:30 PM PST",POSITIVE,0.9913034439086914
26913,mental health education,0.5350179672241211,"Mar 7, 2024, 3:23:30 PM PST",POSITIVE,0.9913034439086914
26913,therapy and mental health support,0.40797504782676697,"Mar 7, 2024, 3:23:30 PM PST",POSITIVE,0.9913034439086914
26913,social anxiety and relationships,0.38352730870246887,"Mar 7, 2024, 3:23:30 PM PST",POSITIVE,0.9913034439086914
26913,anxiety and stress management,0.3057812452316284,"Mar 7, 2024, 3:23:30 PM PST",POSITIVE,0.9913034439086914
26485,motivation and mental strength,0.9268831014633179,"Mar 12, 2024, 1:08:58 PM PST",POSITIVE,0.7324939966201782
26485,self-improvement and personal growth,0.8759390115737915,"Mar 12, 2024, 1:08:58 PM PST",POSITIVE,0.7324939966201782
26485,mindfulness and mental wellness,0.7928451299667358,"Mar 12, 2024, 1:08:58 PM PST",POSITIVE,0.7324939966201782
26485,self-care practices,0.6531990170478821,"Mar 12, 2024, 1:08:58 PM PST",POSITIVE,0.7324939966201782
26485,mental health experiences,0.5752755999565125,"Mar 12, 2024, 1:08:58 PM PST",POSITIVE,0.7324939966201782
26485,sleep and mental wellness,0.4605207145214081,"Mar 12, 2024, 1:08:58 PM PST",POSITIVE,0.7324939966201782
26485,addiction awareness and recovery,0.3446415066719055,"Mar 12, 2024, 1:08:58 PM PST",POSITIVE,0.7324939966201782
27328,self-improvement and personal growth,0.8628136515617371,"Mar 2, 2024, 3:06:01 PM PST",NEGATIVE,0.8898099064826965
27328,motivation and mental strength,0.8079516887664795,"Mar 2, 2024, 3:06:01 PM PST",NEGATIVE,0.8898099064826965
27328,mindfulness and mental wellness,0.7523465752601624,"Mar 2, 2024, 3:06:01 PM PST",NEGATIVE,0.8898099064826965
27328,mental health experiences,0.7199200391769409,"Mar 2, 2024, 3:06:01 PM PST",NEGATIVE,0.8898099064826965
27328,self-care practices,0.6862149238586426,"Mar 2, 2024, 3:06:01 PM PST",NEGATIVE,0.8898099064826965
27328,addiction awareness and recovery,0.5057727098464966,"Mar 2, 2024, 3:06:01 PM PST",NEGATIVE,0.8898099064826965
27328,mental health education,0.502963125705719,"Mar 2, 2024, 3:06:01 PM PST",NEGATIVE,0.8898099064826965
27328,emotional health discussion,0.4958522915840149,"Mar 2, 2024, 3:06:01 PM PST",NEGATIVE,0.8898099064826965
27328,therapy and mental health support,0.46763694286346436,"Mar 2, 2024, 3:06:01 PM PST",NEGATIVE,0.8898099064826965
27328,trauma awareness and healing,0.45505815744400024,"Mar 2, 2024, 3:06:01 PM PST",NEGATIVE,0.8898099064826965
27328,work-life balance and burnout,0.41109660267829895,"Mar 2, 2024, 3:06:01 PM PST",NEGATIVE,0.8898099064826965
27328,social anxiety and relationships,0.34427979588508606,"Mar 2, 2024, 3:06:01 PM PST",NEGATIVE,0.8898099064826965
27328,sleep and mental wellness,0.32716041803359985,"Mar 2, 2024, 3:06:01 PM PST",NEGATIVE,0.8898099064826965
26486,self-improvement and personal growth,0.8947834372520447,"Mar 12, 2024, 1:08:55 PM PST",NEGATIVE,0.9600706696510315
26486,motivation and mental strength,0.8595792055130005,"Mar 12, 2024, 1:08:55 PM PST",NEGATIVE,0.9600706696510315
26486,mental health experiences,0.8404240012168884,"Mar 12, 2024, 1:08:55 PM PST",NEGATIVE,0.9600706696510315
26486,mindfulness and mental wellness,0.8046979904174805,"Mar 12, 2024, 1:08:55 PM PST",NEGATIVE,0.9600706696510315
26486,self-care practices,0.7874397039413452,"Mar 12, 2024, 1:08:55 PM PST",NEGATIVE,0.9600706696510315
26486,mental health education,0.7111105918884277,"Mar 12, 2024, 1:08:55 PM PST",NEGATIVE,0.9600706696510315
26486,therapy and mental health support,0.7041451930999756,"Mar 12, 2024, 1:08:55 PM PST",NEGATIVE,0.9600706696510315
26486,addiction awareness and recovery,0.6748945116996765,"Mar 12, 2024, 1:08:55 PM PST",NEGATIVE,0.9600706696510315
26486,trauma awareness and healing,0.6380548477172852,"Mar 12, 2024, 1:08:55 PM PST",NEGATIVE,0.9600706696510315
26486,work-life balance and burnout,0.613172709941864,"Mar 12, 2024, 1:08:55 PM PST",NEGATIVE,0.9600706696510315
26486,emotional health discussion,0.586514413356781,"Mar 12, 2024, 1:08:55 PM PST",NEGATIVE,0.9600706696510315
26486,sleep and mental wellness,0.4653899371623993,"Mar 12, 2024, 1:08:55 PM PST",NEGATIVE,0.9600706696510315
26486,social anxiety and relationships,0.3953746259212494,"Mar 12, 2024, 1:08:55 PM PST",NEGATIVE,0.9600706696510315
26486,anxiety and stress management,0.38606929779052734,"Mar 12, 2024, 1:08:55 PM PST",NEGATIVE,0.9600706696510315
26486,depression and emotional support,0.34148508310317993,"Mar 12, 2024, 1:08:55 PM PST",NEGATIVE,0.9600706696510315
27329,self-improvement and personal growth,0.8702612519264221,"Mar 2, 2024, 3:04:37 PM PST",NEGATIVE,0.9393128156661987
27329,motivation and mental strength,0.8497450947761536,"Mar 2, 2024, 3:04:37 PM PST",NEGATIVE,0.9393128156661987
27329,mental health experiences,0.7968519926071167,"Mar 2, 2024, 3:04:37 PM PST",NEGATIVE,0.9393128156661987
27329,mindfulness and mental wellness,0.776995837688446,"Mar 2, 2024, 3:04:37 PM PST",NEGATIVE,0.9393128156661987
27329,self-care practices,0.7733971476554871,"Mar 2, 2024, 3:04:37 PM PST",NEGATIVE,0.9393128156661987
27329,mental health education,0.6548811793327332,"Mar 2, 2024, 3:04:37 PM PST",NEGATIVE,0.9393128156661987
27329,addiction awareness and recovery,0.6403372883796692,"Mar 2, 2024, 3:04:37 PM PST",NEGATIVE,0.9393128156661987
27329,therapy and mental health support,0.6248517036437988,"Mar 2, 2024, 3:04:37 PM PST",NEGATIVE,0.9393128156661987
27329,work-life balance and burnout,0.5724572539329529,"Mar 2, 2024, 3:04:37 PM PST",NEGATIVE,0.9393128156661987
27329,emotional health discussion,0.5572343468666077,"Mar 2, 2024, 3:04:37 PM PST",NEGATIVE,0.9393128156661987
27329,trauma awareness and healing,0.5310134887695312,"Mar 2, 2024, 3:04:37 PM PST",NEGATIVE,0.9393128156661987
27329,social anxiety and relationships,0.4302055835723877,"Mar 2, 2024, 3:04:37 PM PST",NEGATIVE,0.9393128156661987
27329,anxiety and stress management,0.4053182899951935,"Mar 2, 2024, 3:04:37 PM PST",NEGATIVE,0.9393128156661987
27329,sleep and mental wellness,0.36387768387794495,"Mar 2, 2024, 3:04:37 PM PST",NEGATIVE,0.9393128156661987
27329,depression and emotional support,0.36368247866630554,"Mar 2, 2024, 3:04:37 PM PST",NEGATIVE,0.9393128156661987
26915,self-improvement and personal growth,0.8851842284202576,"Mar 7, 2024, 1:53:43 PM PST",POSITIVE,0.8636714816093445
26915,motivation and mental strength,0.8514627814292908,"Mar 7, 2024, 1:53:43 PM PST",POSITIVE,0.8636714816093445
26915,mental health experiences,0.8476617336273193,"Mar 7, 2024, 1:53:43 PM PST",POSITIVE,0.8636714816093445
26915,mindfulness and mental wellness,0.7888838648796082,"Mar 7, 2024, 1:53:43 PM PST",POSITIVE,0.8636714816093445
26915,self-care practices,0.7712076306343079,"Mar 7, 2024, 1:53:43 PM PST",POSITIVE,0.8636714816093445
26915,addiction awareness and recovery,0.6818598508834839,"Mar 7, 2024, 1:53:43 PM PST",POSITIVE,0.8636714816093445
26915,mental health education,0.6548407077789307,"Mar 7, 2024, 1:53:43 PM PST",POSITIVE,0.8636714816093445
26915,therapy and mental health support,0.6302241086959839,"Mar 7, 2024, 1:53:43 PM PST",POSITIVE,0.8636714816093445
26915,emotional health discussion,0.6009649634361267,"Mar 7, 2024, 1:53:43 PM PST",POSITIVE,0.8636714816093445
26915,social anxiety and relationships,0.512619137763977,"Mar 7, 2024, 1:53:43 PM PST",POSITIVE,0.8636714816093445
26915,work-life balance and burnout,0.48622265458106995,"Mar 7, 2024, 1:53:43 PM PST",POSITIVE,0.8636714816093445
26915,trauma awareness and healing,0.4818284511566162,"Mar 7, 2024, 1:53:43 PM PST",POSITIVE,0.8636714816093445
26915,anxiety and stress management,0.3322949707508087,"Mar 7, 2024, 1:53:43 PM PST",POSITIVE,0.8636714816093445
26915,sleep and mental wellness,0.3116125762462616,"Mar 7, 2024, 1:53:43 PM PST",POSITIVE,0.8636714816093445
26487,self-care practices,0.9391037225723267,"Mar 12, 2024, 1:08:52 PM PST",NEGATIVE,0.8873159885406494
26487,addiction awareness and recovery,0.5178185701370239,"Mar 12, 2024, 1:08:52 PM PST",NEGATIVE,0.8873159885406494
26487,self-improvement and personal growth,0.345430850982666,"Mar 12, 2024, 1:08:52 PM PST",NEGATIVE,0.8873159885406494
27330,motivation and mental strength,0.9177608489990234,"Mar 2, 2024, 3:01:44 PM PST",POSITIVE,0.9966098666191101
27330,self-improvement and personal growth,0.9139862060546875,"Mar 2, 2024, 3:01:44 PM PST",POSITIVE,0.9966098666191101
27330,mindfulness and mental wellness,0.8543428778648376,"Mar 2, 2024, 3:01:44 PM PST",POSITIVE,0.9966098666191101
27330,mental health experiences,0.8499330282211304,"Mar 2, 2024, 3:01:44 PM PST",POSITIVE,0.9966098666191101
27330,self-care practices,0.812278687953949,"Mar 2, 2024, 3:01:44 PM PST",POSITIVE,0.9966098666191101
27330,mental health education,0.7325533032417297,"Mar 2, 2024, 3:01:44 PM PST",POSITIVE,0.9966098666191101
27330,addiction awareness and recovery,0.7177425026893616,"Mar 2, 2024, 3:01:44 PM PST",POSITIVE,0.9966098666191101
27330,therapy and mental health support,0.6832778453826904,"Mar 2, 2024, 3:01:44 PM PST",POSITIVE,0.9966098666191101
27330,emotional health discussion,0.660784900188446,"Mar 2, 2024, 3:01:44 PM PST",POSITIVE,0.9966098666191101
27330,trauma awareness and healing,0.6074943542480469,"Mar 2, 2024, 3:01:44 PM PST",POSITIVE,0.9966098666191101
27330,sleep and mental wellness,0.4903007447719574,"Mar 2, 2024, 3:01:44 PM PST",POSITIVE,0.9966098666191101
27330,work-life balance and burnout,0.48988622426986694,"Mar 2, 2024, 3:01:44 PM PST",POSITIVE,0.9966098666191101
27330,social anxiety and relationships,0.44893962144851685,"Mar 2, 2024, 3:01:44 PM PST",POSITIVE,0.9966098666191101
27330,depression and emotional support,0.4280965328216553,"Mar 2, 2024, 3:01:44 PM PST",POSITIVE,0.9966098666191101
27330,anxiety and stress management,0.38010621070861816,"Mar 2, 2024, 3:01:44 PM PST",POSITIVE,0.9966098666191101
26916,self-improvement and personal growth,0.9302411079406738,"Mar 7, 2024, 1:49:07 PM PST",POSITIVE,0.9403481483459473
26916,motivation and mental strength,0.8752832412719727,"Mar 7, 2024, 1:49:07 PM PST",POSITIVE,0.9403481483459473
26916,mental health experiences,0.8446623086929321,"Mar 7, 2024, 1:49:07 PM PST",POSITIVE,0.9403481483459473
26916,mindfulness and mental wellness,0.8424662947654724,"Mar 7, 2024, 1:49:07 PM PST",POSITIVE,0.9403481483459473
26916,self-care practices,0.7633765935897827,"Mar 7, 2024, 1:49:07 PM PST",POSITIVE,0.9403481483459473
26916,addiction awareness and recovery,0.7036823630332947,"Mar 7, 2024, 1:49:07 PM PST",POSITIVE,0.9403481483459473
26916,mental health education,0.6760136485099792,"Mar 7, 2024, 1:49:07 PM PST",POSITIVE,0.9403481483459473
26916,trauma awareness and healing,0.6561760306358337,"Mar 7, 2024, 1:49:07 PM PST",POSITIVE,0.9403481483459473
26916,therapy and mental health support,0.652083694934845,"Mar 7, 2024, 1:49:07 PM PST",POSITIVE,0.9403481483459473
26916,emotional health discussion,0.6081187129020691,"Mar 7, 2024, 1:49:07 PM PST",POSITIVE,0.9403481483459473
26916,sleep and mental wellness,0.5384541749954224,"Mar 7, 2024, 1:49:07 PM PST",POSITIVE,0.9403481483459473
26916,work-life balance and burnout,0.4761865735054016,"Mar 7, 2024, 1:49:07 PM PST",POSITIVE,0.9403481483459473
26488,self-improvement and personal growth,0.6949677467346191,"Mar 12, 2024, 11:35:43 AM PST",NEGATIVE,0.9755902886390686
26488,motivation and mental strength,0.6358009576797485,"Mar 12, 2024, 11:35:43 AM PST",NEGATIVE,0.9755902886390686
26488,mental health experiences,0.5286916494369507,"Mar 12, 2024, 11:35:43 AM PST",NEGATIVE,0.9755902886390686
26488,addiction awareness and recovery,0.35220643877983093,"Mar 12, 2024, 11:35:43 AM PST",NEGATIVE,0.9755902886390686
26488,anxiety and stress management,0.3514636754989624,"Mar 12, 2024, 11:35:43 AM PST",NEGATIVE,0.9755902886390686
26488,trauma awareness and healing,0.33469483256340027,"Mar 12, 2024, 11:35:43 AM PST",NEGATIVE,0.9755902886390686
27331,mental health experiences,0.9060019254684448,"Mar 2, 2024, 2:57:38 PM PST",NEGATIVE,0.9301766157150269
27331,self-improvement and personal growth,0.8774974346160889,"Mar 2, 2024, 2:57:38 PM PST",NEGATIVE,0.9301766157150269
27331,motivation and mental strength,0.8744710087776184,"Mar 2, 2024, 2:57:38 PM PST",NEGATIVE,0.9301766157150269
27331,mindfulness and mental wellness,0.8523672223091125,"Mar 2, 2024, 2:57:38 PM PST",NEGATIVE,0.9301766157150269
27331,self-care practices,0.848675012588501,"Mar 2, 2024, 2:57:38 PM PST",NEGATIVE,0.9301766157150269
27331,mental health education,0.7966947555541992,"Mar 2, 2024, 2:57:38 PM PST",NEGATIVE,0.9301766157150269
27331,therapy and mental health support,0.7139943838119507,"Mar 2, 2024, 2:57:38 PM PST",NEGATIVE,0.9301766157150269
27331,emotional health discussion,0.7007178068161011,"Mar 2, 2024, 2:57:38 PM PST",NEGATIVE,0.9301766157150269
27331,sleep and mental wellness,0.6944397687911987,"Mar 2, 2024, 2:57:38 PM PST",NEGATIVE,0.9301766157150269
27331,addiction awareness and recovery,0.6327810287475586,"Mar 2, 2024, 2:57:38 PM PST",NEGATIVE,0.9301766157150269
27331,work-life balance and burnout,0.5361124277114868,"Mar 2, 2024, 2:57:38 PM PST",NEGATIVE,0.9301766157150269
27331,trauma awareness and healing,0.5142688155174255,"Mar 2, 2024, 2:57:38 PM PST",NEGATIVE,0.9301766157150269
27331,social anxiety and relationships,0.4293332099914551,"Mar 2, 2024, 2:57:38 PM PST",NEGATIVE,0.9301766157150269
27331,depression and emotional support,0.4051493704319,"Mar 2, 2024, 2:57:38 PM PST",NEGATIVE,0.9301766157150269
27331,anxiety and stress management,0.3886401951313019,"Mar 2, 2024, 2:57:38 PM PST",NEGATIVE,0.9301766157150269
26917,self-improvement and personal growth,0.8976103067398071,"Mar 7, 2024, 1:45:24 PM PST",NEGATIVE,0.994986891746521
26917,motivation and mental strength,0.8581331372261047,"Mar 7, 2024, 1:45:24 PM PST",NEGATIVE,0.994986891746521
26917,self-care practices,0.7856759428977966,"Mar 7, 2024, 1:45:24 PM PST",NEGATIVE,0.994986891746521
26917,mental health experiences,0.7788870930671692,"Mar 7, 2024, 1:45:24 PM PST",NEGATIVE,0.994986891746521
26917,mindfulness and mental wellness,0.7601383924484253,"Mar 7, 2024, 1:45:24 PM PST",NEGATIVE,0.994986891746521
26917,addiction awareness and recovery,0.6228607296943665,"Mar 7, 2024, 1:45:24 PM PST",NEGATIVE,0.994986891746521
26917,mental health education,0.6072542071342468,"Mar 7, 2024, 1:45:24 PM PST",NEGATIVE,0.994986891746521
26917,therapy and mental health support,0.6050769686698914,"Mar 7, 2024, 1:45:24 PM PST",NEGATIVE,0.994986891746521
26917,work-life balance and burnout,0.5042125582695007,"Mar 7, 2024, 1:45:24 PM PST",NEGATIVE,0.994986891746521
26917,trauma awareness and healing,0.4690841734409332,"Mar 7, 2024, 1:45:24 PM PST",NEGATIVE,0.994986891746521
26917,sleep and mental wellness,0.4154209792613983,"Mar 7, 2024, 1:45:24 PM PST",NEGATIVE,0.994986891746521
26917,emotional health discussion,0.4136297106742859,"Mar 7, 2024, 1:45:24 PM PST",NEGATIVE,0.994986891746521
26917,social anxiety and relationships,0.326321005821228,"Mar 7, 2024, 1:45:24 PM PST",NEGATIVE,0.994986891746521
26917,anxiety and stress management,0.30036529898643494,"Mar 7, 2024, 1:45:24 PM PST",NEGATIVE,0.994986891746521
26489,motivation and mental strength,0.8882396817207336,"Mar 12, 2024, 11:34:42 AM PST",NEGATIVE,0.8839818835258484
26489,mental health experiences,0.8283947706222534,"Mar 12, 2024, 11:34:42 AM PST",NEGATIVE,0.8839818835258484
26489,self-improvement and personal growth,0.8058069944381714,"Mar 12, 2024, 11:34:42 AM PST",NEGATIVE,0.8839818835258484
26489,work-life balance and burnout,0.7149085998535156,"Mar 12, 2024, 11:34:42 AM PST",NEGATIVE,0.8839818835258484
26489,emotional health discussion,0.6399800777435303,"Mar 12, 2024, 11:34:42 AM PST",NEGATIVE,0.8839818835258484
26489,social anxiety and relationships,0.5143072009086609,"Mar 12, 2024, 11:34:42 AM PST",NEGATIVE,0.8839818835258484
26489,anxiety and stress management,0.4786798655986786,"Mar 12, 2024, 11:34:42 AM PST",NEGATIVE,0.8839818835258484
26489,addiction awareness and recovery,0.33837953209877014,"Mar 12, 2024, 11:34:42 AM PST",NEGATIVE,0.8839818835258484
26918,self-improvement and personal growth,0.9923064112663269,"Mar 7, 2024, 1:45:15 PM PST",POSITIVE,0.9994706511497498
26918,mental health experiences,0.9175811409950256,"Mar 7, 2024, 1:45:15 PM PST",POSITIVE,0.9994706511497498
26918,motivation and mental strength,0.8998692035675049,"Mar 7, 2024, 1:45:15 PM PST",POSITIVE,0.9994706511497498
26918,mindfulness and mental wellness,0.8770356774330139,"Mar 7, 2024, 1:45:15 PM PST",POSITIVE,0.9994706511497498
26918,self-care practices,0.8434367179870605,"Mar 7, 2024, 1:45:15 PM PST",POSITIVE,0.9994706511497498
26918,social anxiety and relationships,0.8211244940757751,"Mar 7, 2024, 1:45:15 PM PST",POSITIVE,0.9994706511497498
26918,mental health education,0.812751054763794,"Mar 7, 2024, 1:45:15 PM PST",POSITIVE,0.9994706511497498
26918,emotional health discussion,0.79207843542099,"Mar 7, 2024, 1:45:15 PM PST",POSITIVE,0.9994706511497498
26918,therapy and mental health support,0.7747530341148376,"Mar 7, 2024, 1:45:15 PM PST",POSITIVE,0.9994706511497498
26918,trauma awareness and healing,0.7413486838340759,"Mar 7, 2024, 1:45:15 PM PST",POSITIVE,0.9994706511497498
26918,addiction awareness and recovery,0.6623855233192444,"Mar 7, 2024, 1:45:15 PM PST",POSITIVE,0.9994706511497498
26918,depression and emotional support,0.5845502614974976,"Mar 7, 2024, 1:45:15 PM PST",POSITIVE,0.9994706511497498
26918,work-life balance and burnout,0.43323415517807007,"Mar 7, 2024, 1:45:15 PM PST",POSITIVE,0.9994706511497498
27332,self-improvement and personal growth,0.9219107031822205,"Mar 2, 2024, 1:49:39 PM PST",POSITIVE,0.9897422790527344
27332,motivation and mental strength,0.8234187364578247,"Mar 2, 2024, 1:49:39 PM PST",POSITIVE,0.9897422790527344
27332,mental health experiences,0.795960009098053,"Mar 2, 2024, 1:49:39 PM PST",POSITIVE,0.9897422790527344
27332,mindfulness and mental wellness,0.698554277420044,"Mar 2, 2024, 1:49:39 PM PST",POSITIVE,0.9897422790527344
27332,self-care practices,0.6397192478179932,"Mar 2, 2024, 1:49:39 PM PST",POSITIVE,0.9897422790527344
27332,addiction awareness and recovery,0.6171263456344604,"Mar 2, 2024, 1:49:39 PM PST",POSITIVE,0.9897422790527344
27332,trauma awareness and healing,0.5050501823425293,"Mar 2, 2024, 1:49:39 PM PST",POSITIVE,0.9897422790527344
27332,work-life balance and burnout,0.3699294626712799,"Mar 2, 2024, 1:49:39 PM PST",POSITIVE,0.9897422790527344
27332,emotional health discussion,0.3485576808452606,"Mar 2, 2024, 1:49:39 PM PST",POSITIVE,0.9897422790527344
27332,mental health education,0.3409482538700104,"Mar 2, 2024, 1:49:39 PM PST",POSITIVE,0.9897422790527344
27332,depression and emotional support,0.3134051561355591,"Mar 2, 2024, 1:49:39 PM PST",POSITIVE,0.9897422790527344
27332,social anxiety and relationships,0.31075772643089294,"Mar 2, 2024, 1:49:39 PM PST",POSITIVE,0.9897422790527344
26490,self-improvement and personal growth,0.9238690733909607,"Mar 12, 2024, 11:33:41 AM PST",NEGATIVE,0.9661055207252502
26490,motivation and mental strength,0.8827237486839294,"Mar 12, 2024, 11:33:41 AM PST",NEGATIVE,0.9661055207252502
26490,mindfulness and mental wellness,0.8642646074295044,"Mar 12, 2024, 11:33:41 AM PST",NEGATIVE,0.9661055207252502
26490,mental health experiences,0.8517665863037109,"Mar 12, 2024, 11:33:41 AM PST",NEGATIVE,0.9661055207252502
26490,addiction awareness and recovery,0.807225227355957,"Mar 12, 2024, 11:33:41 AM PST",NEGATIVE,0.9661055207252502
26490,self-care practices,0.7393958568572998,"Mar 12, 2024, 11:33:41 AM PST",NEGATIVE,0.9661055207252502
26490,mental health education,0.718828558921814,"Mar 12, 2024, 11:33:41 AM PST",NEGATIVE,0.9661055207252502
26490,trauma awareness and healing,0.6996584534645081,"Mar 12, 2024, 11:33:41 AM PST",NEGATIVE,0.9661055207252502
26490,therapy and mental health support,0.6579301357269287,"Mar 12, 2024, 11:33:41 AM PST",NEGATIVE,0.9661055207252502
26490,sleep and mental wellness,0.640281081199646,"Mar 12, 2024, 11:33:41 AM PST",NEGATIVE,0.9661055207252502
26490,emotional health discussion,0.6386272311210632,"Mar 12, 2024, 11:33:41 AM PST",NEGATIVE,0.9661055207252502
26490,depression and emotional support,0.5763464570045471,"Mar 12, 2024, 11:33:41 AM PST",NEGATIVE,0.9661055207252502
26490,work-life balance and burnout,0.5676976442337036,"Mar 12, 2024, 11:33:41 AM PST",NEGATIVE,0.9661055207252502
26490,anxiety and stress management,0.4204667806625366,"Mar 12, 2024, 11:33:41 AM PST",NEGATIVE,0.9661055207252502
26490,social anxiety and relationships,0.3653920292854309,"Mar 12, 2024, 11:33:41 AM PST",NEGATIVE,0.9661055207252502
26919,self-improvement and personal growth,0.9437617063522339,"Mar 7, 2024, 1:45:14 PM PST",NEGATIVE,0.9496594667434692
26919,motivation and mental strength,0.8751099109649658,"Mar 7, 2024, 1:45:14 PM PST",NEGATIVE,0.9496594667434692
26919,mindfulness and mental wellness,0.8543655872344971,"Mar 7, 2024, 1:45:14 PM PST",NEGATIVE,0.9496594667434692
26919,mental health experiences,0.8328375816345215,"Mar 7, 2024, 1:45:14 PM PST",NEGATIVE,0.9496594667434692
26919,self-care practices,0.8235846161842346,"Mar 7, 2024, 1:45:14 PM PST",NEGATIVE,0.9496594667434692
26919,addiction awareness and recovery,0.7697719931602478,"Mar 7, 2024, 1:45:14 PM PST",NEGATIVE,0.9496594667434692
26919,mental health education,0.6708129048347473,"Mar 7, 2024, 1:45:14 PM PST",NEGATIVE,0.9496594667434692
26919,emotional health discussion,0.659135103225708,"Mar 7, 2024, 1:45:14 PM PST",NEGATIVE,0.9496594667434692
26919,sleep and mental wellness,0.6539508104324341,"Mar 7, 2024, 1:45:14 PM PST",NEGATIVE,0.9496594667434692
26919,work-life balance and burnout,0.6275402903556824,"Mar 7, 2024, 1:45:14 PM PST",NEGATIVE,0.9496594667434692
26919,trauma awareness and healing,0.5841430425643921,"Mar 7, 2024, 1:45:14 PM PST",NEGATIVE,0.9496594667434692
26919,therapy and mental health support,0.5364144444465637,"Mar 7, 2024, 1:45:14 PM PST",NEGATIVE,0.9496594667434692
26919,social anxiety and relationships,0.34241023659706116,"Mar 7, 2024, 1:45:14 PM PST",NEGATIVE,0.9496594667434692
26919,depression and emotional support,0.33603277802467346,"Mar 7, 2024, 1:45:14 PM PST",NEGATIVE,0.9496594667434692
26919,anxiety and stress management,0.334669291973114,"Mar 7, 2024, 1:45:14 PM PST",NEGATIVE,0.9496594667434692
27333,motivation and mental strength,0.9287802577018738,Martin Garrix feat. Bonn - High On Life (Official Video),POSITIVE,0.9923267960548401
27333,self-improvement and personal growth,0.861096203327179,Martin Garrix feat. Bonn - High On Life (Official Video),POSITIVE,0.9923267960548401
27333,mindfulness and mental wellness,0.591815710067749,Martin Garrix feat. Bonn - High On Life (Official Video),POSITIVE,0.9923267960548401
27333,mental health experiences,0.5609330534934998,Martin Garrix feat. Bonn - High On Life (Official Video),POSITIVE,0.9923267960548401
27333,self-care practices,0.49624064564704895,Martin Garrix feat. Bonn - High On Life (Official Video),POSITIVE,0.9923267960548401
27333,addiction awareness and recovery,0.44466662406921387,Martin Garrix feat. Bonn - High On Life (Official Video),POSITIVE,0.9923267960548401
26491,mental health experiences,0.8279958367347717,"Mar 12, 2024, 11:32:45 AM PST",NEGATIVE,0.9991708993911743
26491,motivation and mental strength,0.7883972525596619,"Mar 12, 2024, 11:32:45 AM PST",NEGATIVE,0.9991708993911743
26491,addiction awareness and recovery,0.6808444857597351,"Mar 12, 2024, 11:32:45 AM PST",NEGATIVE,0.9991708993911743
26491,self-improvement and personal growth,0.6193005442619324,"Mar 12, 2024, 11:32:45 AM PST",NEGATIVE,0.9991708993911743
26491,trauma awareness and healing,0.5136892199516296,"Mar 12, 2024, 11:32:45 AM PST",NEGATIVE,0.9991708993911743
26491,mindfulness and mental wellness,0.3408001959323883,"Mar 12, 2024, 11:32:45 AM PST",NEGATIVE,0.9991708993911743
26491,self-care practices,0.3348134756088257,"Mar 12, 2024, 11:32:45 AM PST",NEGATIVE,0.9991708993911743
26491,emotional health discussion,0.3009941279888153,"Mar 12, 2024, 11:32:45 AM PST",NEGATIVE,0.9991708993911743
26920,addiction awareness and recovery,0.9576053023338318,"Mar 7, 2024, 1:45:12 PM PST",POSITIVE,0.9683603048324585
26920,anxiety and stress management,0.9299519658088684,"Mar 7, 2024, 1:45:12 PM PST",POSITIVE,0.9683603048324585
26920,emotional health discussion,0.9270902872085571,"Mar 7, 2024, 1:45:12 PM PST",POSITIVE,0.9683603048324585
26920,social anxiety and relationships,0.9030007719993591,"Mar 7, 2024, 1:45:12 PM PST",POSITIVE,0.9683603048324585
26920,mental health experiences,0.8814663887023926,"Mar 7, 2024, 1:45:12 PM PST",POSITIVE,0.9683603048324585
26920,self-improvement and personal growth,0.8479619026184082,"Mar 7, 2024, 1:45:12 PM PST",POSITIVE,0.9683603048324585
26920,motivation and mental strength,0.8452895283699036,"Mar 7, 2024, 1:45:12 PM PST",POSITIVE,0.9683603048324585
26920,trauma awareness and healing,0.8413470387458801,"Mar 7, 2024, 1:45:12 PM PST",POSITIVE,0.9683603048324585
26920,work-life balance and burnout,0.8371253609657288,"Mar 7, 2024, 1:45:12 PM PST",POSITIVE,0.9683603048324585
26920,self-care practices,0.8163554668426514,"Mar 7, 2024, 1:45:12 PM PST",POSITIVE,0.9683603048324585
26920,mindfulness and mental wellness,0.6585254073143005,"Mar 7, 2024, 1:45:12 PM PST",POSITIVE,0.9683603048324585
26920,therapy and mental health support,0.6012577414512634,"Mar 7, 2024, 1:45:12 PM PST",POSITIVE,0.9683603048324585
26920,mental health education,0.5899227261543274,"Mar 7, 2024, 1:45:12 PM PST",POSITIVE,0.9683603048324585
26920,sleep and mental wellness,0.5742920637130737,"Mar 7, 2024, 1:45:12 PM PST",POSITIVE,0.9683603048324585
26920,depression and emotional support,0.4346211552619934,"Mar 7, 2024, 1:45:12 PM PST",POSITIVE,0.9683603048324585
27334,motivation and mental strength,0.770931601524353,"Mar 2, 2024, 1:35:48 PM PST",NEGATIVE,0.9913600087165833
27334,mental health experiences,0.7623494863510132,"Mar 2, 2024, 1:35:48 PM PST",NEGATIVE,0.9913600087165833
27334,addiction awareness and recovery,0.5183729529380798,"Mar 2, 2024, 1:35:48 PM PST",NEGATIVE,0.9913600087165833
27334,anxiety and stress management,0.35287949442863464,"Mar 2, 2024, 1:35:48 PM PST",NEGATIVE,0.9913600087165833
27334,work-life balance and burnout,0.3280704617500305,"Mar 2, 2024, 1:35:48 PM PST",NEGATIVE,0.9913600087165833
26492,motivation and mental strength,0.8980603218078613,"Mar 12, 2024, 11:32:06 AM PST",NEGATIVE,0.986585259437561
26492,self-improvement and personal growth,0.8613499402999878,"Mar 12, 2024, 11:32:06 AM PST",NEGATIVE,0.986585259437561
26921,self-improvement and personal growth,0.8852124810218811,"Mar 7, 2024, 1:45:10 PM PST",POSITIVE,0.996426522731781
26921,motivation and mental strength,0.8624521493911743,"Mar 7, 2024, 1:45:10 PM PST",POSITIVE,0.996426522731781
26921,mindfulness and mental wellness,0.8051502108573914,"Mar 7, 2024, 1:45:10 PM PST",POSITIVE,0.996426522731781
26921,self-care practices,0.761666476726532,"Mar 7, 2024, 1:45:10 PM PST",POSITIVE,0.996426522731781
26921,mental health experiences,0.7100180387496948,"Mar 7, 2024, 1:45:10 PM PST",POSITIVE,0.996426522731781
26921,addiction awareness and recovery,0.6583706736564636,"Mar 7, 2024, 1:45:10 PM PST",POSITIVE,0.996426522731781
26921,sleep and mental wellness,0.5840979218482971,"Mar 7, 2024, 1:45:10 PM PST",POSITIVE,0.996426522731781
26921,therapy and mental health support,0.5275958776473999,"Mar 7, 2024, 1:45:10 PM PST",POSITIVE,0.996426522731781
26921,work-life balance and burnout,0.5148668885231018,"Mar 7, 2024, 1:45:10 PM PST",POSITIVE,0.996426522731781
26921,trauma awareness and healing,0.4975162446498871,"Mar 7, 2024, 1:45:10 PM PST",POSITIVE,0.996426522731781
26921,mental health education,0.4769597053527832,"Mar 7, 2024, 1:45:10 PM PST",POSITIVE,0.996426522731781
26921,emotional health discussion,0.4073258340358734,"Mar 7, 2024, 1:45:10 PM PST",POSITIVE,0.996426522731781
27335,mental health experiences,0.9193998575210571,"Mar 2, 2024, 11:11:33 AM PST",POSITIVE,0.9901050925254822
27335,sleep and mental wellness,0.918143630027771,"Mar 2, 2024, 11:11:33 AM PST",POSITIVE,0.9901050925254822
27335,motivation and mental strength,0.8813188672065735,"Mar 2, 2024, 11:11:33 AM PST",POSITIVE,0.9901050925254822
27335,self-improvement and personal growth,0.8723568320274353,"Mar 2, 2024, 11:11:33 AM PST",POSITIVE,0.9901050925254822
27335,mindfulness and mental wellness,0.8423236608505249,"Mar 2, 2024, 11:11:33 AM PST",POSITIVE,0.9901050925254822
27335,emotional health discussion,0.8128253817558289,"Mar 2, 2024, 11:11:33 AM PST",POSITIVE,0.9901050925254822
27335,self-care practices,0.7827072739601135,"Mar 2, 2024, 11:11:33 AM PST",POSITIVE,0.9901050925254822
27335,work-life balance and burnout,0.7381685972213745,"Mar 2, 2024, 11:11:33 AM PST",POSITIVE,0.9901050925254822
27335,mental health education,0.718759298324585,"Mar 2, 2024, 11:11:33 AM PST",POSITIVE,0.9901050925254822
27335,social anxiety and relationships,0.698826014995575,"Mar 2, 2024, 11:11:33 AM PST",POSITIVE,0.9901050925254822
27335,addiction awareness and recovery,0.6770121455192566,"Mar 2, 2024, 11:11:33 AM PST",POSITIVE,0.9901050925254822
27335,therapy and mental health support,0.5953478813171387,"Mar 2, 2024, 11:11:33 AM PST",POSITIVE,0.9901050925254822
27335,trauma awareness and healing,0.5605264902114868,"Mar 2, 2024, 11:11:33 AM PST",POSITIVE,0.9901050925254822
27335,anxiety and stress management,0.48985064029693604,"Mar 2, 2024, 11:11:33 AM PST",POSITIVE,0.9901050925254822
27335,depression and emotional support,0.489508718252182,"Mar 2, 2024, 11:11:33 AM PST",POSITIVE,0.9901050925254822
26922,self-improvement and personal growth,0.8598605394363403,"Mar 7, 2024, 1:45:06 PM PST",POSITIVE,0.786331057548523
26922,self-care practices,0.7166089415550232,"Mar 7, 2024, 1:45:06 PM PST",POSITIVE,0.786331057548523
26922,mindfulness and mental wellness,0.5781985521316528,"Mar 7, 2024, 1:45:06 PM PST",POSITIVE,0.786331057548523
26922,motivation and mental strength,0.5216325521469116,"Mar 7, 2024, 1:45:06 PM PST",POSITIVE,0.786331057548523
26922,addiction awareness and recovery,0.3323904871940613,"Mar 7, 2024, 1:45:06 PM PST",POSITIVE,0.786331057548523
27336,self-improvement and personal growth,0.9334285855293274,"Mar 2, 2024, 11:06:56 AM PST",POSITIVE,0.9943495392799377
27336,motivation and mental strength,0.9080660343170166,"Mar 2, 2024, 11:06:56 AM PST",POSITIVE,0.9943495392799377
27336,mindfulness and mental wellness,0.9053552746772766,"Mar 2, 2024, 11:06:56 AM PST",POSITIVE,0.9943495392799377
27336,self-care practices,0.8576318025588989,"Mar 2, 2024, 11:06:56 AM PST",POSITIVE,0.9943495392799377
27336,emotional health discussion,0.8568053841590881,"Mar 2, 2024, 11:06:56 AM PST",POSITIVE,0.9943495392799377
27336,addiction awareness and recovery,0.8461362719535828,"Mar 2, 2024, 11:06:56 AM PST",POSITIVE,0.9943495392799377
27336,mental health experiences,0.8156362771987915,"Mar 2, 2024, 11:06:56 AM PST",POSITIVE,0.9943495392799377
27336,trauma awareness and healing,0.6754608750343323,"Mar 2, 2024, 11:06:56 AM PST",POSITIVE,0.9943495392799377
27336,social anxiety and relationships,0.6579360365867615,"Mar 2, 2024, 11:06:56 AM PST",POSITIVE,0.9943495392799377
27336,therapy and mental health support,0.6576762795448303,"Mar 2, 2024, 11:06:56 AM PST",POSITIVE,0.9943495392799377
27336,work-life balance and burnout,0.6014866828918457,"Mar 2, 2024, 11:06:56 AM PST",POSITIVE,0.9943495392799377
27336,mental health education,0.5631207823753357,"Mar 2, 2024, 11:06:56 AM PST",POSITIVE,0.9943495392799377
27336,sleep and mental wellness,0.4672500789165497,"Mar 2, 2024, 11:06:56 AM PST",POSITIVE,0.9943495392799377
26493,motivation and mental strength,0.535930871963501,"Mar 12, 2024, 11:31:25 AM PST",POSITIVE,0.8460968136787415
26493,self-improvement and personal growth,0.4504531919956207,"Mar 12, 2024, 11:31:25 AM PST",POSITIVE,0.8460968136787415
26493,mental health experiences,0.36913052201271057,"Mar 12, 2024, 11:31:25 AM PST",POSITIVE,0.8460968136787415
26923,motivation and mental strength,0.957761287689209,"Mar 7, 2024, 12:36:38 PM PST",NEGATIVE,0.8781170845031738
26923,self-improvement and personal growth,0.9050115942955017,"Mar 7, 2024, 12:36:38 PM PST",NEGATIVE,0.8781170845031738
26923,mental health experiences,0.8845847249031067,"Mar 7, 2024, 12:36:38 PM PST",NEGATIVE,0.8781170845031738
26923,mindfulness and mental wellness,0.883577823638916,"Mar 7, 2024, 12:36:38 PM PST",NEGATIVE,0.8781170845031738
26923,self-care practices,0.6812536716461182,"Mar 7, 2024, 12:36:38 PM PST",NEGATIVE,0.8781170845031738
26923,mental health education,0.6225069165229797,"Mar 7, 2024, 12:36:38 PM PST",NEGATIVE,0.8781170845031738
26923,addiction awareness and recovery,0.5811087489128113,"Mar 7, 2024, 12:36:38 PM PST",NEGATIVE,0.8781170845031738
26923,trauma awareness and healing,0.46523770689964294,"Mar 7, 2024, 12:36:38 PM PST",NEGATIVE,0.8781170845031738
26923,therapy and mental health support,0.41362544894218445,"Mar 7, 2024, 12:36:38 PM PST",NEGATIVE,0.8781170845031738
26923,work-life balance and burnout,0.39365071058273315,"Mar 7, 2024, 12:36:38 PM PST",NEGATIVE,0.8781170845031738
26923,sleep and mental wellness,0.3500983417034149,"Mar 7, 2024, 12:36:38 PM PST",NEGATIVE,0.8781170845031738
26923,emotional health discussion,0.3469953238964081,"Mar 7, 2024, 12:36:38 PM PST",NEGATIVE,0.8781170845031738
27337,self-improvement and personal growth,0.874708354473114,"Mar 2, 2024, 11:03:37 AM PST",POSITIVE,0.9900851249694824
27337,motivation and mental strength,0.8464633822441101,"Mar 2, 2024, 11:03:37 AM PST",POSITIVE,0.9900851249694824
27337,mental health experiences,0.7968705296516418,"Mar 2, 2024, 11:03:37 AM PST",POSITIVE,0.9900851249694824
27337,mindfulness and mental wellness,0.793046236038208,"Mar 2, 2024, 11:03:37 AM PST",POSITIVE,0.9900851249694824
27337,self-care practices,0.7201390266418457,"Mar 2, 2024, 11:03:37 AM PST",POSITIVE,0.9900851249694824
27337,mental health education,0.6735779047012329,"Mar 2, 2024, 11:03:37 AM PST",POSITIVE,0.9900851249694824
27337,trauma awareness and healing,0.6362792253494263,"Mar 2, 2024, 11:03:37 AM PST",POSITIVE,0.9900851249694824
27337,therapy and mental health support,0.5843309164047241,"Mar 2, 2024, 11:03:37 AM PST",POSITIVE,0.9900851249694824
27337,emotional health discussion,0.5814010500907898,"Mar 2, 2024, 11:03:37 AM PST",POSITIVE,0.9900851249694824
27337,addiction awareness and recovery,0.556812047958374,"Mar 2, 2024, 11:03:37 AM PST",POSITIVE,0.9900851249694824
27337,work-life balance and burnout,0.371631383895874,"Mar 2, 2024, 11:03:37 AM PST",POSITIVE,0.9900851249694824
27337,sleep and mental wellness,0.3332996070384979,"Mar 2, 2024, 11:03:37 AM PST",POSITIVE,0.9900851249694824
27337,social anxiety and relationships,0.3090141713619232,"Mar 2, 2024, 11:03:37 AM PST",POSITIVE,0.9900851249694824
26494,self-improvement and personal growth,0.8091927170753479,Cyrus Janssen,NEGATIVE,0.9741047024726868
26494,motivation and mental strength,0.7715239524841309,Cyrus Janssen,NEGATIVE,0.9741047024726868
26494,social anxiety and relationships,0.5446964502334595,Cyrus Janssen,NEGATIVE,0.9741047024726868
26494,mental health experiences,0.538902223110199,Cyrus Janssen,NEGATIVE,0.9741047024726868
26494,self-care practices,0.3022811710834503,Cyrus Janssen,NEGATIVE,0.9741047024726868
26924,mental health experiences,0.9447217583656311,"Mar 7, 2024, 12:34:10 PM PST",POSITIVE,0.9989821314811707
26924,mindfulness and mental wellness,0.942552924156189,"Mar 7, 2024, 12:34:10 PM PST",POSITIVE,0.9989821314811707
26924,motivation and mental strength,0.939207136631012,"Mar 7, 2024, 12:34:10 PM PST",POSITIVE,0.9989821314811707
26924,self-improvement and personal growth,0.9363012909889221,"Mar 7, 2024, 12:34:10 PM PST",POSITIVE,0.9989821314811707
26924,self-care practices,0.8470772504806519,"Mar 7, 2024, 12:34:10 PM PST",POSITIVE,0.9989821314811707
26924,trauma awareness and healing,0.839853823184967,"Mar 7, 2024, 12:34:10 PM PST",POSITIVE,0.9989821314811707
26924,addiction awareness and recovery,0.835404098033905,"Mar 7, 2024, 12:34:10 PM PST",POSITIVE,0.9989821314811707
26924,therapy and mental health support,0.8085199594497681,"Mar 7, 2024, 12:34:10 PM PST",POSITIVE,0.9989821314811707
26924,mental health education,0.8067016005516052,"Mar 7, 2024, 12:34:10 PM PST",POSITIVE,0.9989821314811707
26924,emotional health discussion,0.7910066246986389,"Mar 7, 2024, 12:34:10 PM PST",POSITIVE,0.9989821314811707
26924,sleep and mental wellness,0.5486679673194885,"Mar 7, 2024, 12:34:10 PM PST",POSITIVE,0.9989821314811707
26924,work-life balance and burnout,0.47172224521636963,"Mar 7, 2024, 12:34:10 PM PST",POSITIVE,0.9989821314811707
26924,depression and emotional support,0.45049160718917847,"Mar 7, 2024, 12:34:10 PM PST",POSITIVE,0.9989821314811707
26924,social anxiety and relationships,0.4237477481365204,"Mar 7, 2024, 12:34:10 PM PST",POSITIVE,0.9989821314811707
26924,anxiety and stress management,0.3970734775066376,"Mar 7, 2024, 12:34:10 PM PST",POSITIVE,0.9989821314811707
27338,motivation and mental strength,0.8194753527641296,"Mar 2, 2024, 10:59:30 AM PST",NEGATIVE,0.9850522875785828
27338,self-improvement and personal growth,0.799424946308136,"Mar 2, 2024, 10:59:30 AM PST",NEGATIVE,0.9850522875785828
27338,mindfulness and mental wellness,0.5856069922447205,"Mar 2, 2024, 10:59:30 AM PST",NEGATIVE,0.9850522875785828
27338,mental health experiences,0.5676209926605225,"Mar 2, 2024, 10:59:30 AM PST",NEGATIVE,0.9850522875785828
27338,self-care practices,0.52043616771698,"Mar 2, 2024, 10:59:30 AM PST",NEGATIVE,0.9850522875785828
26925,work-life balance and burnout,0.9111568927764893,"Mar 7, 2024, 12:29:38 PM PST",POSITIVE,0.8953509330749512
26925,motivation and mental strength,0.9104534387588501,"Mar 7, 2024, 12:29:38 PM PST",POSITIVE,0.8953509330749512
26925,self-improvement and personal growth,0.9024345874786377,"Mar 7, 2024, 12:29:38 PM PST",POSITIVE,0.8953509330749512
26925,mental health experiences,0.8586206436157227,"Mar 7, 2024, 12:29:38 PM PST",POSITIVE,0.8953509330749512
26925,mindfulness and mental wellness,0.8304280638694763,"Mar 7, 2024, 12:29:38 PM PST",POSITIVE,0.8953509330749512
26925,self-care practices,0.7902847528457642,"Mar 7, 2024, 12:29:38 PM PST",POSITIVE,0.8953509330749512
26925,emotional health discussion,0.7606574892997742,"Mar 7, 2024, 12:29:38 PM PST",POSITIVE,0.8953509330749512
26925,mental health education,0.7558753490447998,"Mar 7, 2024, 12:29:38 PM PST",POSITIVE,0.8953509330749512
26925,addiction awareness and recovery,0.6881939172744751,"Mar 7, 2024, 12:29:38 PM PST",POSITIVE,0.8953509330749512
26925,trauma awareness and healing,0.6399586796760559,"Mar 7, 2024, 12:29:38 PM PST",POSITIVE,0.8953509330749512
26925,sleep and mental wellness,0.6372649073600769,"Mar 7, 2024, 12:29:38 PM PST",POSITIVE,0.8953509330749512
26925,therapy and mental health support,0.6107267737388611,"Mar 7, 2024, 12:29:38 PM PST",POSITIVE,0.8953509330749512
26925,social anxiety and relationships,0.6086170673370361,"Mar 7, 2024, 12:29:38 PM PST",POSITIVE,0.8953509330749512
26925,anxiety and stress management,0.4573994576931,"Mar 7, 2024, 12:29:38 PM PST",POSITIVE,0.8953509330749512
26925,depression and emotional support,0.4448893666267395,"Mar 7, 2024, 12:29:38 PM PST",POSITIVE,0.8953509330749512
27339,self-improvement and personal growth,0.9071784615516663,"Mar 2, 2024, 10:55:51 AM PST",NEGATIVE,0.889988899230957
27339,motivation and mental strength,0.8937224745750427,"Mar 2, 2024, 10:55:51 AM PST",NEGATIVE,0.889988899230957
27339,mental health experiences,0.8798664808273315,"Mar 2, 2024, 10:55:51 AM PST",NEGATIVE,0.889988899230957
27339,mindfulness and mental wellness,0.8706419467926025,"Mar 2, 2024, 10:55:51 AM PST",NEGATIVE,0.889988899230957
27339,self-care practices,0.8688471913337708,"Mar 2, 2024, 10:55:51 AM PST",NEGATIVE,0.889988899230957
27339,emotional health discussion,0.8036028742790222,"Mar 2, 2024, 10:55:51 AM PST",NEGATIVE,0.889988899230957
27339,addiction awareness and recovery,0.7596589922904968,"Mar 2, 2024, 10:55:51 AM PST",NEGATIVE,0.889988899230957
27339,trauma awareness and healing,0.7325068116188049,"Mar 2, 2024, 10:55:51 AM PST",NEGATIVE,0.889988899230957
27339,mental health education,0.7143335938453674,"Mar 2, 2024, 10:55:51 AM PST",NEGATIVE,0.889988899230957
27339,therapy and mental health support,0.61872798204422,"Mar 2, 2024, 10:55:51 AM PST",NEGATIVE,0.889988899230957
27339,sleep and mental wellness,0.529414176940918,"Mar 2, 2024, 10:55:51 AM PST",NEGATIVE,0.889988899230957
27339,social anxiety and relationships,0.5048763751983643,"Mar 2, 2024, 10:55:51 AM PST",NEGATIVE,0.889988899230957
27339,work-life balance and burnout,0.4541325271129608,"Mar 2, 2024, 10:55:51 AM PST",NEGATIVE,0.889988899230957
27339,anxiety and stress management,0.3827870488166809,"Mar 2, 2024, 10:55:51 AM PST",NEGATIVE,0.889988899230957
27339,depression and emotional support,0.34902459383010864,"Mar 2, 2024, 10:55:51 AM PST",NEGATIVE,0.889988899230957
26926,motivation and mental strength,0.9368364810943604,"Mar 7, 2024, 12:27:28 PM PST",POSITIVE,0.9618293046951294
26926,self-improvement and personal growth,0.9217254519462585,"Mar 7, 2024, 12:27:28 PM PST",POSITIVE,0.9618293046951294
26926,mental health experiences,0.8913207054138184,"Mar 7, 2024, 12:27:28 PM PST",POSITIVE,0.9618293046951294
26926,mindfulness and mental wellness,0.8733378648757935,"Mar 7, 2024, 12:27:28 PM PST",POSITIVE,0.9618293046951294
26926,self-care practices,0.8069490194320679,"Mar 7, 2024, 12:27:28 PM PST",POSITIVE,0.9618293046951294
26926,mental health education,0.7857304811477661,"Mar 7, 2024, 12:27:28 PM PST",POSITIVE,0.9618293046951294
26926,emotional health discussion,0.7522718906402588,"Mar 7, 2024, 12:27:28 PM PST",POSITIVE,0.9618293046951294
26926,addiction awareness and recovery,0.7430471181869507,"Mar 7, 2024, 12:27:28 PM PST",POSITIVE,0.9618293046951294
26926,therapy and mental health support,0.7423593401908875,"Mar 7, 2024, 12:27:28 PM PST",POSITIVE,0.9618293046951294
26926,trauma awareness and healing,0.6893723011016846,"Mar 7, 2024, 12:27:28 PM PST",POSITIVE,0.9618293046951294
26926,work-life balance and burnout,0.5594190955162048,"Mar 7, 2024, 12:27:28 PM PST",POSITIVE,0.9618293046951294
26926,sleep and mental wellness,0.5280634164810181,"Mar 7, 2024, 12:27:28 PM PST",POSITIVE,0.9618293046951294
26926,social anxiety and relationships,0.4918133318424225,"Mar 7, 2024, 12:27:28 PM PST",POSITIVE,0.9618293046951294
26926,depression and emotional support,0.43724343180656433,"Mar 7, 2024, 12:27:28 PM PST",POSITIVE,0.9618293046951294
26926,anxiety and stress management,0.3646288514137268,"Mar 7, 2024, 12:27:28 PM PST",POSITIVE,0.9618293046951294
26495,self-improvement and personal growth,0.8734448552131653,"Mar 12, 2024, 11:30:15 AM PST",POSITIVE,0.9859578013420105
26495,motivation and mental strength,0.8503522276878357,"Mar 12, 2024, 11:30:15 AM PST",POSITIVE,0.9859578013420105
27340,self-improvement and personal growth,0.8747624158859253,"Mar 2, 2024, 10:53:50 AM PST",POSITIVE,0.9792302250862122
27340,motivation and mental strength,0.7452071309089661,"Mar 2, 2024, 10:53:50 AM PST",POSITIVE,0.9792302250862122
27340,mindfulness and mental wellness,0.6940154433250427,"Mar 2, 2024, 10:53:50 AM PST",POSITIVE,0.9792302250862122
27340,addiction awareness and recovery,0.5564276576042175,"Mar 2, 2024, 10:53:50 AM PST",POSITIVE,0.9792302250862122
27340,mental health experiences,0.5530462265014648,"Mar 2, 2024, 10:53:50 AM PST",POSITIVE,0.9792302250862122
27340,self-care practices,0.4603159427642822,"Mar 2, 2024, 10:53:50 AM PST",POSITIVE,0.9792302250862122
27340,trauma awareness and healing,0.4092502295970917,"Mar 2, 2024, 10:53:50 AM PST",POSITIVE,0.9792302250862122
26496,motivation and mental strength,0.940879762172699,"Mar 12, 2024, 11:28:35 AM PST",NEGATIVE,0.9784210324287415
26496,self-improvement and personal growth,0.921890139579773,"Mar 12, 2024, 11:28:35 AM PST",NEGATIVE,0.9784210324287415
26496,mental health experiences,0.7872316837310791,"Mar 12, 2024, 11:28:35 AM PST",NEGATIVE,0.9784210324287415
26496,mindfulness and mental wellness,0.6299354434013367,"Mar 12, 2024, 11:28:35 AM PST",NEGATIVE,0.9784210324287415
26496,addiction awareness and recovery,0.43891480565071106,"Mar 12, 2024, 11:28:35 AM PST",NEGATIVE,0.9784210324287415
26496,self-care practices,0.38494592905044556,"Mar 12, 2024, 11:28:35 AM PST",NEGATIVE,0.9784210324287415
26496,trauma awareness and healing,0.3434074819087982,"Mar 12, 2024, 11:28:35 AM PST",NEGATIVE,0.9784210324287415
26927,addiction awareness and recovery,0.8514194488525391,"Mar 7, 2024, 12:27:27 PM PST",POSITIVE,0.9994469285011292
26927,self-improvement and personal growth,0.7446821331977844,"Mar 7, 2024, 12:27:27 PM PST",POSITIVE,0.9994469285011292
26927,emotional health discussion,0.7432623505592346,"Mar 7, 2024, 12:27:27 PM PST",POSITIVE,0.9994469285011292
26927,motivation and mental strength,0.7171800136566162,"Mar 7, 2024, 12:27:27 PM PST",POSITIVE,0.9994469285011292
26927,mindfulness and mental wellness,0.7112119197845459,"Mar 7, 2024, 12:27:27 PM PST",POSITIVE,0.9994469285011292
26927,mental health experiences,0.6699680089950562,"Mar 7, 2024, 12:27:27 PM PST",POSITIVE,0.9994469285011292
26927,depression and emotional support,0.5913322567939758,"Mar 7, 2024, 12:27:27 PM PST",POSITIVE,0.9994469285011292
26927,therapy and mental health support,0.5695695877075195,"Mar 7, 2024, 12:27:27 PM PST",POSITIVE,0.9994469285011292
26927,self-care practices,0.5640195608139038,"Mar 7, 2024, 12:27:27 PM PST",POSITIVE,0.9994469285011292
26927,mental health education,0.44704562425613403,"Mar 7, 2024, 12:27:27 PM PST",POSITIVE,0.9994469285011292
26927,social anxiety and relationships,0.4132017195224762,"Mar 7, 2024, 12:27:27 PM PST",POSITIVE,0.9994469285011292
27341,self-improvement and personal growth,0.8839731216430664,"Mar 2, 2024, 6:36:35 AM PST",POSITIVE,0.9583518505096436
27341,mindfulness and mental wellness,0.8641135096549988,"Mar 2, 2024, 6:36:35 AM PST",POSITIVE,0.9583518505096436
27341,motivation and mental strength,0.859472930431366,"Mar 2, 2024, 6:36:35 AM PST",POSITIVE,0.9583518505096436
27341,self-care practices,0.7938504219055176,"Mar 2, 2024, 6:36:35 AM PST",POSITIVE,0.9583518505096436
27341,mental health experiences,0.7459914684295654,"Mar 2, 2024, 6:36:35 AM PST",POSITIVE,0.9583518505096436
27341,emotional health discussion,0.6179041862487793,"Mar 2, 2024, 6:36:35 AM PST",POSITIVE,0.9583518505096436
27341,mental health education,0.5902220010757446,"Mar 2, 2024, 6:36:35 AM PST",POSITIVE,0.9583518505096436
27341,addiction awareness and recovery,0.5229542255401611,"Mar 2, 2024, 6:36:35 AM PST",POSITIVE,0.9583518505096436
27341,trauma awareness and healing,0.48649635910987854,"Mar 2, 2024, 6:36:35 AM PST",POSITIVE,0.9583518505096436
27341,work-life balance and burnout,0.472554475069046,"Mar 2, 2024, 6:36:35 AM PST",POSITIVE,0.9583518505096436
27341,sleep and mental wellness,0.4688303768634796,"Mar 2, 2024, 6:36:35 AM PST",POSITIVE,0.9583518505096436
27341,therapy and mental health support,0.4524073302745819,"Mar 2, 2024, 6:36:35 AM PST",POSITIVE,0.9583518505096436
27341,social anxiety and relationships,0.4084347188472748,"Mar 2, 2024, 6:36:35 AM PST",POSITIVE,0.9583518505096436
27341,anxiety and stress management,0.3268294036388397,"Mar 2, 2024, 6:36:35 AM PST",POSITIVE,0.9583518505096436
26497,sleep and mental wellness,0.9198347926139832,"Mar 12, 2024, 11:28:31 AM PST",NEGATIVE,0.9969949722290039
26497,self-improvement and personal growth,0.9160990715026855,"Mar 12, 2024, 11:28:31 AM PST",NEGATIVE,0.9969949722290039
26497,motivation and mental strength,0.9132678508758545,"Mar 12, 2024, 11:28:31 AM PST",NEGATIVE,0.9969949722290039
26497,addiction awareness and recovery,0.7896550297737122,"Mar 12, 2024, 11:28:31 AM PST",NEGATIVE,0.9969949722290039
26497,mental health experiences,0.7747963070869446,"Mar 12, 2024, 11:28:31 AM PST",NEGATIVE,0.9969949722290039
26497,mindfulness and mental wellness,0.7291943430900574,"Mar 12, 2024, 11:28:31 AM PST",NEGATIVE,0.9969949722290039
26497,self-care practices,0.6743534803390503,"Mar 12, 2024, 11:28:31 AM PST",NEGATIVE,0.9969949722290039
26497,work-life balance and burnout,0.6366743445396423,"Mar 12, 2024, 11:28:31 AM PST",NEGATIVE,0.9969949722290039
26497,emotional health discussion,0.5106943249702454,"Mar 12, 2024, 11:28:31 AM PST",NEGATIVE,0.9969949722290039
26497,mental health education,0.4040295481681824,"Mar 12, 2024, 11:28:31 AM PST",NEGATIVE,0.9969949722290039
26928,mindfulness and mental wellness,0.9843444228172302,"Mar 7, 2024, 12:27:26 PM PST",NEGATIVE,0.9986323714256287
26928,mental health experiences,0.9795980453491211,"Mar 7, 2024, 12:27:26 PM PST",NEGATIVE,0.9986323714256287
26928,motivation and mental strength,0.9781039953231812,"Mar 7, 2024, 12:27:26 PM PST",NEGATIVE,0.9986323714256287
26928,self-improvement and personal growth,0.9497813582420349,"Mar 7, 2024, 12:27:26 PM PST",NEGATIVE,0.9986323714256287
26928,mental health education,0.9424445033073425,"Mar 7, 2024, 12:27:26 PM PST",NEGATIVE,0.9986323714256287
26928,trauma awareness and healing,0.9382067322731018,"Mar 7, 2024, 12:27:26 PM PST",NEGATIVE,0.9986323714256287
26928,addiction awareness and recovery,0.9323953986167908,"Mar 7, 2024, 12:27:26 PM PST",NEGATIVE,0.9986323714256287
26928,sleep and mental wellness,0.8718312382698059,"Mar 7, 2024, 12:27:26 PM PST",NEGATIVE,0.9986323714256287
26928,self-care practices,0.8503411412239075,"Mar 7, 2024, 12:27:26 PM PST",NEGATIVE,0.9986323714256287
26928,therapy and mental health support,0.8253639936447144,"Mar 7, 2024, 12:27:26 PM PST",NEGATIVE,0.9986323714256287
26928,work-life balance and burnout,0.8192012310028076,"Mar 7, 2024, 12:27:26 PM PST",NEGATIVE,0.9986323714256287
26928,emotional health discussion,0.7991747260093689,"Mar 7, 2024, 12:27:26 PM PST",NEGATIVE,0.9986323714256287
26928,anxiety and stress management,0.7484339475631714,"Mar 7, 2024, 12:27:26 PM PST",NEGATIVE,0.9986323714256287
26928,social anxiety and relationships,0.698319137096405,"Mar 7, 2024, 12:27:26 PM PST",NEGATIVE,0.9986323714256287
26928,depression and emotional support,0.5284278392791748,"Mar 7, 2024, 12:27:26 PM PST",NEGATIVE,0.9986323714256287
26498,self-improvement and personal growth,0.9500091671943665,"Mar 12, 2024, 11:28:19 AM PST",POSITIVE,0.9965264201164246
26498,motivation and mental strength,0.9109053015708923,"Mar 12, 2024, 11:28:19 AM PST",POSITIVE,0.9965264201164246
26498,self-care practices,0.7300900816917419,"Mar 12, 2024, 11:28:19 AM PST",POSITIVE,0.9965264201164246
26498,mindfulness and mental wellness,0.6894644498825073,"Mar 12, 2024, 11:28:19 AM PST",POSITIVE,0.9965264201164246
26498,mental health experiences,0.5693215131759644,"Mar 12, 2024, 11:28:19 AM PST",POSITIVE,0.9965264201164246
26498,addiction awareness and recovery,0.4983145594596863,"Mar 12, 2024, 11:28:19 AM PST",POSITIVE,0.9965264201164246
26498,emotional health discussion,0.4272405207157135,"Mar 12, 2024, 11:28:19 AM PST",POSITIVE,0.9965264201164246
26498,mental health education,0.4087200164794922,"Mar 12, 2024, 11:28:19 AM PST",POSITIVE,0.9965264201164246
26498,sleep and mental wellness,0.37125682830810547,"Mar 12, 2024, 11:28:19 AM PST",POSITIVE,0.9965264201164246
26929,self-improvement and personal growth,0.3684629201889038,"Mar 7, 2024, 12:27:24 PM PST",NEGATIVE,0.9847837686538696
26929,motivation and mental strength,0.3172164559364319,"Mar 7, 2024, 12:27:24 PM PST",NEGATIVE,0.9847837686538696
27342,self-improvement and personal growth,0.6418188214302063,"Mar 2, 2024, 6:33:02 AM PST",POSITIVE,0.5070679187774658
27342,motivation and mental strength,0.5163845419883728,"Mar 2, 2024, 6:33:02 AM PST",POSITIVE,0.5070679187774658
26930,motivation and mental strength,0.9321272969245911,"Mar 7, 2024, 12:27:18 PM PST",POSITIVE,0.9955165982246399
26930,self-improvement and personal growth,0.9287790656089783,"Mar 7, 2024, 12:27:18 PM PST",POSITIVE,0.9955165982246399
26930,sleep and mental wellness,0.919581413269043,"Mar 7, 2024, 12:27:18 PM PST",POSITIVE,0.9955165982246399
26930,mindfulness and mental wellness,0.9049472212791443,"Mar 7, 2024, 12:27:18 PM PST",POSITIVE,0.9955165982246399
26930,mental health experiences,0.9029830098152161,"Mar 7, 2024, 12:27:18 PM PST",POSITIVE,0.9955165982246399
26930,self-care practices,0.8665154576301575,"Mar 7, 2024, 12:27:18 PM PST",POSITIVE,0.9955165982246399
26930,addiction awareness and recovery,0.8651956915855408,"Mar 7, 2024, 12:27:18 PM PST",POSITIVE,0.9955165982246399
26930,mental health education,0.7603163719177246,"Mar 7, 2024, 12:27:18 PM PST",POSITIVE,0.9955165982246399
26930,therapy and mental health support,0.7102859020233154,"Mar 7, 2024, 12:27:18 PM PST",POSITIVE,0.9955165982246399
26930,emotional health discussion,0.6580480933189392,"Mar 7, 2024, 12:27:18 PM PST",POSITIVE,0.9955165982246399
26930,trauma awareness and healing,0.6376389265060425,"Mar 7, 2024, 12:27:18 PM PST",POSITIVE,0.9955165982246399
26930,work-life balance and burnout,0.6082096695899963,"Mar 7, 2024, 12:27:18 PM PST",POSITIVE,0.9955165982246399
26930,social anxiety and relationships,0.49498820304870605,"Mar 7, 2024, 12:27:18 PM PST",POSITIVE,0.9955165982246399
26930,depression and emotional support,0.48727819323539734,"Mar 7, 2024, 12:27:18 PM PST",POSITIVE,0.9955165982246399
26930,anxiety and stress management,0.42883428931236267,"Mar 7, 2024, 12:27:18 PM PST",POSITIVE,0.9955165982246399
26499,mental health experiences,0.9995062947273254,"Mar 12, 2024, 11:27:15 AM PST",NEGATIVE,0.9841439723968506
26499,emotional health discussion,0.9980876445770264,"Mar 12, 2024, 11:27:15 AM PST",NEGATIVE,0.9841439723968506
26499,motivation and mental strength,0.9876640439033508,"Mar 12, 2024, 11:27:15 AM PST",NEGATIVE,0.9841439723968506
26499,depression and emotional support,0.984964907169342,"Mar 12, 2024, 11:27:15 AM PST",NEGATIVE,0.9841439723968506
26499,mental health education,0.9825475811958313,"Mar 12, 2024, 11:27:15 AM PST",NEGATIVE,0.9841439723968506
26499,mindfulness and mental wellness,0.9806651473045349,"Mar 12, 2024, 11:27:15 AM PST",NEGATIVE,0.9841439723968506
26499,self-improvement and personal growth,0.9765092134475708,"Mar 12, 2024, 11:27:15 AM PST",NEGATIVE,0.9841439723968506
26499,self-care practices,0.9736955761909485,"Mar 12, 2024, 11:27:15 AM PST",NEGATIVE,0.9841439723968506
26499,therapy and mental health support,0.9506604671478271,"Mar 12, 2024, 11:27:15 AM PST",NEGATIVE,0.9841439723968506
26499,addiction awareness and recovery,0.9449710845947266,"Mar 12, 2024, 11:27:15 AM PST",NEGATIVE,0.9841439723968506
26499,anxiety and stress management,0.942271888256073,"Mar 12, 2024, 11:27:15 AM PST",NEGATIVE,0.9841439723968506
26499,sleep and mental wellness,0.8147009611129761,"Mar 12, 2024, 11:27:15 AM PST",NEGATIVE,0.9841439723968506
26499,trauma awareness and healing,0.784567654132843,"Mar 12, 2024, 11:27:15 AM PST",NEGATIVE,0.9841439723968506
27343,motivation and mental strength,0.6149774193763733,"Mar 2, 2024, 3:40:28 AM PST",POSITIVE,0.9099713563919067
27343,self-improvement and personal growth,0.5157262086868286,"Mar 2, 2024, 3:40:28 AM PST",POSITIVE,0.9099713563919067
26931,self-improvement and personal growth,0.9116789698600769,"Mar 7, 2024, 12:27:16 PM PST",NEGATIVE,0.9568882584571838
26931,motivation and mental strength,0.8553812503814697,"Mar 7, 2024, 12:27:16 PM PST",NEGATIVE,0.9568882584571838
26931,mental health experiences,0.7945670485496521,"Mar 7, 2024, 12:27:16 PM PST",NEGATIVE,0.9568882584571838
26931,self-care practices,0.7338142395019531,"Mar 7, 2024, 12:27:16 PM PST",NEGATIVE,0.9568882584571838
26931,mindfulness and mental wellness,0.6549044847488403,"Mar 7, 2024, 12:27:16 PM PST",NEGATIVE,0.9568882584571838
26931,addiction awareness and recovery,0.6537566781044006,"Mar 7, 2024, 12:27:16 PM PST",NEGATIVE,0.9568882584571838
26931,therapy and mental health support,0.508049488067627,"Mar 7, 2024, 12:27:16 PM PST",NEGATIVE,0.9568882584571838
26931,work-life balance and burnout,0.49723881483078003,"Mar 7, 2024, 12:27:16 PM PST",NEGATIVE,0.9568882584571838
26931,mental health education,0.494879812002182,"Mar 7, 2024, 12:27:16 PM PST",NEGATIVE,0.9568882584571838
26931,trauma awareness and healing,0.46838560700416565,"Mar 7, 2024, 12:27:16 PM PST",NEGATIVE,0.9568882584571838
26931,emotional health discussion,0.45788970589637756,"Mar 7, 2024, 12:27:16 PM PST",NEGATIVE,0.9568882584571838
26931,social anxiety and relationships,0.3201938569545746,"Mar 7, 2024, 12:27:16 PM PST",NEGATIVE,0.9568882584571838
26931,anxiety and stress management,0.30895909667015076,"Mar 7, 2024, 12:27:16 PM PST",NEGATIVE,0.9568882584571838
26500,self-improvement and personal growth,0.9215415716171265,"Mar 12, 2024, 11:27:11 AM PST",NEGATIVE,0.9623191356658936
26500,motivation and mental strength,0.8607766628265381,"Mar 12, 2024, 11:27:11 AM PST",NEGATIVE,0.9623191356658936
26500,mindfulness and mental wellness,0.8429511189460754,"Mar 12, 2024, 11:27:11 AM PST",NEGATIVE,0.9623191356658936
26500,mental health experiences,0.8234484195709229,"Mar 12, 2024, 11:27:11 AM PST",NEGATIVE,0.9623191356658936
26500,addiction awareness and recovery,0.8069689273834229,"Mar 12, 2024, 11:27:11 AM PST",NEGATIVE,0.9623191356658936
26500,self-care practices,0.735837459564209,"Mar 12, 2024, 11:27:11 AM PST",NEGATIVE,0.9623191356658936
26500,trauma awareness and healing,0.7049912214279175,"Mar 12, 2024, 11:27:11 AM PST",NEGATIVE,0.9623191356658936
26500,mental health education,0.6934762001037598,"Mar 12, 2024, 11:27:11 AM PST",NEGATIVE,0.9623191356658936
26500,therapy and mental health support,0.6577759981155396,"Mar 12, 2024, 11:27:11 AM PST",NEGATIVE,0.9623191356658936
26500,sleep and mental wellness,0.611810564994812,"Mar 12, 2024, 11:27:11 AM PST",NEGATIVE,0.9623191356658936
26500,emotional health discussion,0.6058993339538574,"Mar 12, 2024, 11:27:11 AM PST",NEGATIVE,0.9623191356658936
26500,depression and emotional support,0.5958135724067688,"Mar 12, 2024, 11:27:11 AM PST",NEGATIVE,0.9623191356658936
26500,work-life balance and burnout,0.5734993815422058,"Mar 12, 2024, 11:27:11 AM PST",NEGATIVE,0.9623191356658936
26500,anxiety and stress management,0.4151846170425415,"Mar 12, 2024, 11:27:11 AM PST",NEGATIVE,0.9623191356658936
26500,social anxiety and relationships,0.377811461687088,"Mar 12, 2024, 11:27:11 AM PST",NEGATIVE,0.9623191356658936
27344,self-improvement and personal growth,0.8193488121032715,Edward Maya - Stereo Love • [sped up],POSITIVE,0.9877104163169861
27344,motivation and mental strength,0.6019942164421082,Edward Maya - Stereo Love • [sped up],POSITIVE,0.9877104163169861
27344,mindfulness and mental wellness,0.5782325267791748,Edward Maya - Stereo Love • [sped up],POSITIVE,0.9877104163169861
27344,self-care practices,0.5091813802719116,Edward Maya - Stereo Love • [sped up],POSITIVE,0.9877104163169861
27344,mental health experiences,0.33612263202667236,Edward Maya - Stereo Love • [sped up],POSITIVE,0.9877104163169861
27344,emotional health discussion,0.31149670481681824,Edward Maya - Stereo Love • [sped up],POSITIVE,0.9877104163169861
26932,self-improvement and personal growth,0.9334285855293274,"Mar 7, 2024, 12:26:39 PM PST",POSITIVE,0.9943495392799377
26932,motivation and mental strength,0.9080660343170166,"Mar 7, 2024, 12:26:39 PM PST",POSITIVE,0.9943495392799377
26932,mindfulness and mental wellness,0.9053552746772766,"Mar 7, 2024, 12:26:39 PM PST",POSITIVE,0.9943495392799377
26932,self-care practices,0.8576318025588989,"Mar 7, 2024, 12:26:39 PM PST",POSITIVE,0.9943495392799377
26932,emotional health discussion,0.8568053841590881,"Mar 7, 2024, 12:26:39 PM PST",POSITIVE,0.9943495392799377
26932,addiction awareness and recovery,0.8461362719535828,"Mar 7, 2024, 12:26:39 PM PST",POSITIVE,0.9943495392799377
26932,mental health experiences,0.8156362771987915,"Mar 7, 2024, 12:26:39 PM PST",POSITIVE,0.9943495392799377
26932,trauma awareness and healing,0.6754608750343323,"Mar 7, 2024, 12:26:39 PM PST",POSITIVE,0.9943495392799377
26932,social anxiety and relationships,0.6579360365867615,"Mar 7, 2024, 12:26:39 PM PST",POSITIVE,0.9943495392799377
26932,therapy and mental health support,0.6576762795448303,"Mar 7, 2024, 12:26:39 PM PST",POSITIVE,0.9943495392799377
26932,work-life balance and burnout,0.6014866828918457,"Mar 7, 2024, 12:26:39 PM PST",POSITIVE,0.9943495392799377
26932,mental health education,0.5631207823753357,"Mar 7, 2024, 12:26:39 PM PST",POSITIVE,0.9943495392799377
26932,sleep and mental wellness,0.4672500789165497,"Mar 7, 2024, 12:26:39 PM PST",POSITIVE,0.9943495392799377
26501,motivation and mental strength,0.9477911591529846,"Mar 12, 2024, 11:26:47 AM PST",POSITIVE,0.9976152181625366
26501,self-improvement and personal growth,0.9445457458496094,"Mar 12, 2024, 11:26:47 AM PST",POSITIVE,0.9976152181625366
26501,self-care practices,0.8629031777381897,"Mar 12, 2024, 11:26:47 AM PST",POSITIVE,0.9976152181625366
26501,mindfulness and mental wellness,0.7885197997093201,"Mar 12, 2024, 11:26:47 AM PST",POSITIVE,0.9976152181625366
26501,mental health experiences,0.5882368683815002,"Mar 12, 2024, 11:26:47 AM PST",POSITIVE,0.9976152181625366
26501,trauma awareness and healing,0.512773871421814,"Mar 12, 2024, 11:26:47 AM PST",POSITIVE,0.9976152181625366
26501,addiction awareness and recovery,0.42791441082954407,"Mar 12, 2024, 11:26:47 AM PST",POSITIVE,0.9976152181625366
26501,emotional health discussion,0.3681340217590332,"Mar 12, 2024, 11:26:47 AM PST",POSITIVE,0.9976152181625366
26501,mental health education,0.3254488706588745,"Mar 12, 2024, 11:26:47 AM PST",POSITIVE,0.9976152181625366
26933,motivation and mental strength,0.8650808930397034,"Mar 7, 2024, 12:23:17 PM PST",POSITIVE,0.9355087876319885
26933,self-improvement and personal growth,0.8128620982170105,"Mar 7, 2024, 12:23:17 PM PST",POSITIVE,0.9355087876319885
26933,self-care practices,0.39248183369636536,"Mar 7, 2024, 12:23:17 PM PST",POSITIVE,0.9355087876319885
26502,mental health experiences,0.6338264346122742,"Mar 12, 2024, 11:26:00 AM PST",POSITIVE,0.9931540489196777
26502,self-improvement and personal growth,0.6014926433563232,"Mar 12, 2024, 11:26:00 AM PST",POSITIVE,0.9931540489196777
26502,motivation and mental strength,0.4047301709651947,"Mar 12, 2024, 11:26:00 AM PST",POSITIVE,0.9931540489196777
27346,self-improvement and personal growth,0.38184571266174316,"Mar 2, 2024, 3:29:20 AM PST",POSITIVE,0.9712891578674316
27346,motivation and mental strength,0.3329322040081024,"Mar 2, 2024, 3:29:20 AM PST",POSITIVE,0.9712891578674316
26934,self-improvement and personal growth,0.9435935616493225,"Mar 7, 2024, 12:23:05 PM PST",NEGATIVE,0.753701388835907
26934,motivation and mental strength,0.8615564703941345,"Mar 7, 2024, 12:23:05 PM PST",NEGATIVE,0.753701388835907
26934,mindfulness and mental wellness,0.7981821298599243,"Mar 7, 2024, 12:23:05 PM PST",NEGATIVE,0.753701388835907
26934,self-care practices,0.7559611201286316,"Mar 7, 2024, 12:23:05 PM PST",NEGATIVE,0.753701388835907
26934,sleep and mental wellness,0.5534446835517883,"Mar 7, 2024, 12:23:05 PM PST",NEGATIVE,0.753701388835907
26934,mental health experiences,0.5070176720619202,"Mar 7, 2024, 12:23:05 PM PST",NEGATIVE,0.753701388835907
26934,work-life balance and burnout,0.3418532907962799,"Mar 7, 2024, 12:23:05 PM PST",NEGATIVE,0.753701388835907
26934,addiction awareness and recovery,0.3123532831668854,"Mar 7, 2024, 12:23:05 PM PST",NEGATIVE,0.753701388835907
26503,self-improvement and personal growth,0.9621615409851074,"Mar 12, 2024, 11:25:25 AM PST",POSITIVE,0.757251501083374
26503,motivation and mental strength,0.7573134303092957,"Mar 12, 2024, 11:25:25 AM PST",POSITIVE,0.757251501083374
27347,motivation and mental strength,0.9836450219154358,"Mar 2, 2024, 3:25:45 AM PST",NEGATIVE,0.9966918230056763
27347,self-improvement and personal growth,0.9603085517883301,"Mar 2, 2024, 3:25:45 AM PST",NEGATIVE,0.9966918230056763
27347,mental health experiences,0.8175907135009766,"Mar 2, 2024, 3:25:45 AM PST",NEGATIVE,0.9966918230056763
27347,emotional health discussion,0.6176464557647705,"Mar 2, 2024, 3:25:45 AM PST",NEGATIVE,0.9966918230056763
26935,motivation and mental strength,0.916205883026123,"Mar 7, 2024, 12:22:45 PM PST",NEGATIVE,0.9945304989814758
26935,self-improvement and personal growth,0.9004756212234497,"Mar 7, 2024, 12:22:45 PM PST",NEGATIVE,0.9945304989814758
26935,self-care practices,0.8879764676094055,"Mar 7, 2024, 12:22:45 PM PST",NEGATIVE,0.9945304989814758
26935,sleep and mental wellness,0.8377749919891357,"Mar 7, 2024, 12:22:45 PM PST",NEGATIVE,0.9945304989814758
26935,addiction awareness and recovery,0.7590753436088562,"Mar 7, 2024, 12:22:45 PM PST",NEGATIVE,0.9945304989814758
26935,mental health experiences,0.7518896460533142,"Mar 7, 2024, 12:22:45 PM PST",NEGATIVE,0.9945304989814758
26935,trauma awareness and healing,0.6284756064414978,"Mar 7, 2024, 12:22:45 PM PST",NEGATIVE,0.9945304989814758
26935,mindfulness and mental wellness,0.6200960874557495,"Mar 7, 2024, 12:22:45 PM PST",NEGATIVE,0.9945304989814758
26935,work-life balance and burnout,0.5638477802276611,"Mar 7, 2024, 12:22:45 PM PST",NEGATIVE,0.9945304989814758
26935,mental health education,0.5169768929481506,"Mar 7, 2024, 12:22:45 PM PST",NEGATIVE,0.9945304989814758
26935,emotional health discussion,0.4511619806289673,"Mar 7, 2024, 12:22:45 PM PST",NEGATIVE,0.9945304989814758
26935,anxiety and stress management,0.39117079973220825,"Mar 7, 2024, 12:22:45 PM PST",NEGATIVE,0.9945304989814758
26935,therapy and mental health support,0.38161343336105347,"Mar 7, 2024, 12:22:45 PM PST",NEGATIVE,0.9945304989814758
26935,social anxiety and relationships,0.3048906922340393,"Mar 7, 2024, 12:22:45 PM PST",NEGATIVE,0.9945304989814758
26504,motivation and mental strength,0.9391018748283386,"Mar 12, 2024, 11:24:52 AM PST",POSITIVE,0.9880028963088989
26504,self-improvement and personal growth,0.8332662582397461,"Mar 12, 2024, 11:24:52 AM PST",POSITIVE,0.9880028963088989
26504,trauma awareness and healing,0.4075923562049866,"Mar 12, 2024, 11:24:52 AM PST",POSITIVE,0.9880028963088989
26504,work-life balance and burnout,0.39475446939468384,"Mar 12, 2024, 11:24:52 AM PST",POSITIVE,0.9880028963088989
26504,self-care practices,0.33193904161453247,"Mar 12, 2024, 11:24:52 AM PST",POSITIVE,0.9880028963088989
26504,addiction awareness and recovery,0.320486456155777,"Mar 12, 2024, 11:24:52 AM PST",POSITIVE,0.9880028963088989
26504,mental health experiences,0.30442744493484497,"Mar 12, 2024, 11:24:52 AM PST",POSITIVE,0.9880028963088989
27348,motivation and mental strength,0.9190260171890259,"Mar 2, 2024, 3:19:27 AM PST",NEGATIVE,0.9925228953361511
27348,self-improvement and personal growth,0.8936359286308289,"Mar 2, 2024, 3:19:27 AM PST",NEGATIVE,0.9925228953361511
27348,mental health experiences,0.7455177307128906,"Mar 2, 2024, 3:19:27 AM PST",NEGATIVE,0.9925228953361511
27348,emotional health discussion,0.5241648554801941,"Mar 2, 2024, 3:19:27 AM PST",NEGATIVE,0.9925228953361511
27348,work-life balance and burnout,0.42185717821121216,"Mar 2, 2024, 3:19:27 AM PST",NEGATIVE,0.9925228953361511
26936,mental health experiences,0.883848249912262,"Mar 7, 2024, 12:19:34 PM PST",NEGATIVE,0.9962583780288696
26936,motivation and mental strength,0.8788411021232605,"Mar 7, 2024, 12:19:34 PM PST",NEGATIVE,0.9962583780288696
26936,self-improvement and personal growth,0.8132052421569824,"Mar 7, 2024, 12:19:34 PM PST",NEGATIVE,0.9962583780288696
26936,emotional health discussion,0.739039957523346,"Mar 7, 2024, 12:19:34 PM PST",NEGATIVE,0.9962583780288696
26936,work-life balance and burnout,0.6023317575454712,"Mar 7, 2024, 12:19:34 PM PST",NEGATIVE,0.9962583780288696
26936,addiction awareness and recovery,0.4039979577064514,"Mar 7, 2024, 12:19:34 PM PST",NEGATIVE,0.9962583780288696
26936,social anxiety and relationships,0.3750778138637543,"Mar 7, 2024, 12:19:34 PM PST",NEGATIVE,0.9962583780288696
26936,mental health education,0.32618510723114014,"Mar 7, 2024, 12:19:34 PM PST",NEGATIVE,0.9962583780288696
26936,therapy and mental health support,0.3030475974082947,"Mar 7, 2024, 12:19:34 PM PST",NEGATIVE,0.9962583780288696
26505,self-improvement and personal growth,0.7008070945739746,"Mar 12, 2024, 11:24:09 AM PST",NEGATIVE,0.9240121245384216
26505,motivation and mental strength,0.6648438572883606,"Mar 12, 2024, 11:24:09 AM PST",NEGATIVE,0.9240121245384216
27349,self-improvement and personal growth,0.6850674748420715,"Mar 2, 2024, 3:12:39 AM PST",POSITIVE,0.9995377063751221
27349,motivation and mental strength,0.5593806505203247,"Mar 2, 2024, 3:12:39 AM PST",POSITIVE,0.9995377063751221
27349,mental health experiences,0.30813202261924744,"Mar 2, 2024, 3:12:39 AM PST",POSITIVE,0.9995377063751221
26937,self-improvement and personal growth,0.9343954920768738,"Mar 7, 2024, 12:12:06 PM PST",NEGATIVE,0.8559064269065857
26937,motivation and mental strength,0.9095481634140015,"Mar 7, 2024, 12:12:06 PM PST",NEGATIVE,0.8559064269065857
26937,mindfulness and mental wellness,0.8923220038414001,"Mar 7, 2024, 12:12:06 PM PST",NEGATIVE,0.8559064269065857
26937,mental health experiences,0.8340116739273071,"Mar 7, 2024, 12:12:06 PM PST",NEGATIVE,0.8559064269065857
26937,self-care practices,0.8104046583175659,"Mar 7, 2024, 12:12:06 PM PST",NEGATIVE,0.8559064269065857
26937,addiction awareness and recovery,0.6841954588890076,"Mar 7, 2024, 12:12:06 PM PST",NEGATIVE,0.8559064269065857
26937,mental health education,0.6595558524131775,"Mar 7, 2024, 12:12:06 PM PST",NEGATIVE,0.8559064269065857
26937,therapy and mental health support,0.6518542170524597,"Mar 7, 2024, 12:12:06 PM PST",NEGATIVE,0.8559064269065857
26937,emotional health discussion,0.6104288101196289,"Mar 7, 2024, 12:12:06 PM PST",NEGATIVE,0.8559064269065857
26937,trauma awareness and healing,0.6087620258331299,"Mar 7, 2024, 12:12:06 PM PST",NEGATIVE,0.8559064269065857
26937,sleep and mental wellness,0.5510091185569763,"Mar 7, 2024, 12:12:06 PM PST",NEGATIVE,0.8559064269065857
26937,work-life balance and burnout,0.45414355397224426,"Mar 7, 2024, 12:12:06 PM PST",NEGATIVE,0.8559064269065857
26937,depression and emotional support,0.32796937227249146,"Mar 7, 2024, 12:12:06 PM PST",NEGATIVE,0.8559064269065857
26938,self-improvement and personal growth,0.9097738265991211,"Mar 7, 2024, 12:12:05 PM PST",NEGATIVE,0.5590477585792542
26938,motivation and mental strength,0.9091707468032837,"Mar 7, 2024, 12:12:05 PM PST",NEGATIVE,0.5590477585792542
26938,mental health experiences,0.8748450875282288,"Mar 7, 2024, 12:12:05 PM PST",NEGATIVE,0.5590477585792542
26938,mindfulness and mental wellness,0.841231644153595,"Mar 7, 2024, 12:12:05 PM PST",NEGATIVE,0.5590477585792542
26938,self-care practices,0.8288989663124084,"Mar 7, 2024, 12:12:05 PM PST",NEGATIVE,0.5590477585792542
26938,emotional health discussion,0.7272180914878845,"Mar 7, 2024, 12:12:05 PM PST",NEGATIVE,0.5590477585792542
26938,addiction awareness and recovery,0.706920325756073,"Mar 7, 2024, 12:12:05 PM PST",NEGATIVE,0.5590477585792542
26938,mental health education,0.6922956705093384,"Mar 7, 2024, 12:12:05 PM PST",NEGATIVE,0.5590477585792542
26938,therapy and mental health support,0.6749644875526428,"Mar 7, 2024, 12:12:05 PM PST",NEGATIVE,0.5590477585792542
26938,trauma awareness and healing,0.619620680809021,"Mar 7, 2024, 12:12:05 PM PST",NEGATIVE,0.5590477585792542
26938,work-life balance and burnout,0.5639613270759583,"Mar 7, 2024, 12:12:05 PM PST",NEGATIVE,0.5590477585792542
26938,sleep and mental wellness,0.5130119919776917,"Mar 7, 2024, 12:12:05 PM PST",NEGATIVE,0.5590477585792542
26938,social anxiety and relationships,0.4952644407749176,"Mar 7, 2024, 12:12:05 PM PST",NEGATIVE,0.5590477585792542
26938,anxiety and stress management,0.3912721872329712,"Mar 7, 2024, 12:12:05 PM PST",NEGATIVE,0.5590477585792542
26938,depression and emotional support,0.3895191550254822,"Mar 7, 2024, 12:12:05 PM PST",NEGATIVE,0.5590477585792542
26507,social anxiety and relationships,0.7077199816703796,"Mar 12, 2024, 11:23:27 AM PST",NEGATIVE,0.9563610553741455
26507,motivation and mental strength,0.5347519516944885,"Mar 12, 2024, 11:23:27 AM PST",NEGATIVE,0.9563610553741455
26507,mindfulness and mental wellness,0.40305495262145996,"Mar 12, 2024, 11:23:27 AM PST",NEGATIVE,0.9563610553741455
26507,self-improvement and personal growth,0.3527167737483978,"Mar 12, 2024, 11:23:27 AM PST",NEGATIVE,0.9563610553741455
26507,addiction awareness and recovery,0.3290674686431885,"Mar 12, 2024, 11:23:27 AM PST",NEGATIVE,0.9563610553741455
27350,self-improvement and personal growth,0.7339369058609009,"Mar 2, 2024, 3:09:46 AM PST",NEGATIVE,0.9976142644882202
27350,mental health experiences,0.597773551940918,"Mar 2, 2024, 3:09:46 AM PST",NEGATIVE,0.9976142644882202
27350,motivation and mental strength,0.5750585794448853,"Mar 2, 2024, 3:09:46 AM PST",NEGATIVE,0.9976142644882202
27350,mindfulness and mental wellness,0.4128783941268921,"Mar 2, 2024, 3:09:46 AM PST",NEGATIVE,0.9976142644882202
27350,trauma awareness and healing,0.4124855697154999,"Mar 2, 2024, 3:09:46 AM PST",NEGATIVE,0.9976142644882202
27350,addiction awareness and recovery,0.3866085112094879,"Mar 2, 2024, 3:09:46 AM PST",NEGATIVE,0.9976142644882202
27350,self-care practices,0.33134230971336365,"Mar 2, 2024, 3:09:46 AM PST",NEGATIVE,0.9976142644882202
27350,emotional health discussion,0.3084155023097992,"Mar 2, 2024, 3:09:46 AM PST",NEGATIVE,0.9976142644882202
26939,motivation and mental strength,0.7264655828475952,"Mar 7, 2024, 12:12:02 PM PST",POSITIVE,0.9983540773391724
26939,self-improvement and personal growth,0.6785402894020081,"Mar 7, 2024, 12:12:02 PM PST",POSITIVE,0.9983540773391724
26939,mindfulness and mental wellness,0.5171719789505005,"Mar 7, 2024, 12:12:02 PM PST",POSITIVE,0.9983540773391724
26939,self-care practices,0.4263288676738739,"Mar 7, 2024, 12:12:02 PM PST",POSITIVE,0.9983540773391724
26939,mental health experiences,0.42294955253601074,"Mar 7, 2024, 12:12:02 PM PST",POSITIVE,0.9983540773391724
26508,self-improvement and personal growth,0.7133293747901917,"Mar 12, 2024, 11:22:36 AM PST",NEGATIVE,0.969679594039917
26508,motivation and mental strength,0.6897646188735962,"Mar 12, 2024, 11:22:36 AM PST",NEGATIVE,0.969679594039917
26508,addiction awareness and recovery,0.5547786355018616,"Mar 12, 2024, 11:22:36 AM PST",NEGATIVE,0.969679594039917
26508,mindfulness and mental wellness,0.48541608452796936,"Mar 12, 2024, 11:22:36 AM PST",NEGATIVE,0.969679594039917
26508,mental health experiences,0.47619664669036865,"Mar 12, 2024, 11:22:36 AM PST",NEGATIVE,0.969679594039917
26508,self-care practices,0.3852686285972595,"Mar 12, 2024, 11:22:36 AM PST",NEGATIVE,0.969679594039917
27351,self-improvement and personal growth,0.6851112246513367,"Melanie Martinez - Play Date (Lyrics) (Slowed, Pitched)",NEGATIVE,0.9472158551216125
27351,mental health experiences,0.4653417468070984,"Melanie Martinez - Play Date (Lyrics) (Slowed, Pitched)",NEGATIVE,0.9472158551216125
27351,self-care practices,0.44298750162124634,"Melanie Martinez - Play Date (Lyrics) (Slowed, Pitched)",NEGATIVE,0.9472158551216125
27351,mindfulness and mental wellness,0.3797285556793213,"Melanie Martinez - Play Date (Lyrics) (Slowed, Pitched)",NEGATIVE,0.9472158551216125
27351,social anxiety and relationships,0.3000030517578125,"Melanie Martinez - Play Date (Lyrics) (Slowed, Pitched)",NEGATIVE,0.9472158551216125
26940,self-improvement and personal growth,0.9655425548553467,"Mar 7, 2024, 12:12:01 PM PST",NEGATIVE,0.7522810697555542
26940,mindfulness and mental wellness,0.9553645253181458,"Mar 7, 2024, 12:12:01 PM PST",NEGATIVE,0.7522810697555542
26940,motivation and mental strength,0.9349852204322815,"Mar 7, 2024, 12:12:01 PM PST",NEGATIVE,0.7522810697555542
26940,mental health experiences,0.8734101057052612,"Mar 7, 2024, 12:12:01 PM PST",NEGATIVE,0.7522810697555542
26940,self-care practices,0.8446844816207886,"Mar 7, 2024, 12:12:01 PM PST",NEGATIVE,0.7522810697555542
26940,mental health education,0.7030569314956665,"Mar 7, 2024, 12:12:01 PM PST",NEGATIVE,0.7522810697555542
26940,work-life balance and burnout,0.7024218440055847,"Mar 7, 2024, 12:12:01 PM PST",NEGATIVE,0.7522810697555542
26940,addiction awareness and recovery,0.6986833810806274,"Mar 7, 2024, 12:12:01 PM PST",NEGATIVE,0.7522810697555542
26940,emotional health discussion,0.6541231274604797,"Mar 7, 2024, 12:12:01 PM PST",NEGATIVE,0.7522810697555542
26940,therapy and mental health support,0.645060658454895,"Mar 7, 2024, 12:12:01 PM PST",NEGATIVE,0.7522810697555542
26940,trauma awareness and healing,0.6071320176124573,"Mar 7, 2024, 12:12:01 PM PST",NEGATIVE,0.7522810697555542
26940,sleep and mental wellness,0.5143545866012573,"Mar 7, 2024, 12:12:01 PM PST",NEGATIVE,0.7522810697555542
26940,anxiety and stress management,0.32348284125328064,"Mar 7, 2024, 12:12:01 PM PST",NEGATIVE,0.7522810697555542
26509,self-improvement and personal growth,0.932155191898346,"Mar 12, 2024, 11:22:07 AM PST",NEGATIVE,0.9512295722961426
26509,motivation and mental strength,0.8688845634460449,"Mar 12, 2024, 11:22:07 AM PST",NEGATIVE,0.9512295722961426
26509,mindfulness and mental wellness,0.8597712516784668,"Mar 12, 2024, 11:22:07 AM PST",NEGATIVE,0.9512295722961426
26509,mental health experiences,0.8561440706253052,"Mar 12, 2024, 11:22:07 AM PST",NEGATIVE,0.9512295722961426
26509,addiction awareness and recovery,0.813916802406311,"Mar 12, 2024, 11:22:07 AM PST",NEGATIVE,0.9512295722961426
26509,self-care practices,0.7882153391838074,"Mar 12, 2024, 11:22:07 AM PST",NEGATIVE,0.9512295722961426
26509,mental health education,0.7312571406364441,"Mar 12, 2024, 11:22:07 AM PST",NEGATIVE,0.9512295722961426
26509,trauma awareness and healing,0.7240127325057983,"Mar 12, 2024, 11:22:07 AM PST",NEGATIVE,0.9512295722961426
26509,therapy and mental health support,0.6700035333633423,"Mar 12, 2024, 11:22:07 AM PST",NEGATIVE,0.9512295722961426
26509,emotional health discussion,0.6571035981178284,"Mar 12, 2024, 11:22:07 AM PST",NEGATIVE,0.9512295722961426
26509,work-life balance and burnout,0.5954644083976746,"Mar 12, 2024, 11:22:07 AM PST",NEGATIVE,0.9512295722961426
26509,sleep and mental wellness,0.5933935046195984,"Mar 12, 2024, 11:22:07 AM PST",NEGATIVE,0.9512295722961426
26509,depression and emotional support,0.5745975375175476,"Mar 12, 2024, 11:22:07 AM PST",NEGATIVE,0.9512295722961426
26509,anxiety and stress management,0.4071618616580963,"Mar 12, 2024, 11:22:07 AM PST",NEGATIVE,0.9512295722961426
26509,social anxiety and relationships,0.37942832708358765,"Mar 12, 2024, 11:22:07 AM PST",NEGATIVE,0.9512295722961426
26941,self-improvement and personal growth,0.9755719304084778,"Mar 7, 2024, 11:55:31 AM PST",POSITIVE,0.9998266100883484
26941,emotional health discussion,0.9355118870735168,"Mar 7, 2024, 11:55:31 AM PST",POSITIVE,0.9998266100883484
26941,mindfulness and mental wellness,0.9314671158790588,"Mar 7, 2024, 11:55:31 AM PST",POSITIVE,0.9998266100883484
26941,addiction awareness and recovery,0.9230437874794006,"Mar 7, 2024, 11:55:31 AM PST",POSITIVE,0.9998266100883484
26941,motivation and mental strength,0.9007609486579895,"Mar 7, 2024, 11:55:31 AM PST",POSITIVE,0.9998266100883484
26941,depression and emotional support,0.8995129466056824,"Mar 7, 2024, 11:55:31 AM PST",POSITIVE,0.9998266100883484
26941,mental health experiences,0.8899288773536682,"Mar 7, 2024, 11:55:31 AM PST",POSITIVE,0.9998266100883484
26941,self-care practices,0.8701292872428894,"Mar 7, 2024, 11:55:31 AM PST",POSITIVE,0.9998266100883484
26941,therapy and mental health support,0.8348183631896973,"Mar 7, 2024, 11:55:31 AM PST",POSITIVE,0.9998266100883484
26941,mental health education,0.821639358997345,"Mar 7, 2024, 11:55:31 AM PST",POSITIVE,0.9998266100883484
26941,trauma awareness and healing,0.7621670961380005,"Mar 7, 2024, 11:55:31 AM PST",POSITIVE,0.9998266100883484
26941,social anxiety and relationships,0.739948034286499,"Mar 7, 2024, 11:55:31 AM PST",POSITIVE,0.9998266100883484
26941,sleep and mental wellness,0.36544448137283325,"Mar 7, 2024, 11:55:31 AM PST",POSITIVE,0.9998266100883484
27352,self-improvement and personal growth,0.7465827465057373,Martin Garrix & Bebe Rexha - In The Name Of Love (Official Video),POSITIVE,0.9988428354263306
27352,motivation and mental strength,0.6095341444015503,Martin Garrix & Bebe Rexha - In The Name Of Love (Official Video),POSITIVE,0.9988428354263306
27352,addiction awareness and recovery,0.4694908559322357,Martin Garrix & Bebe Rexha - In The Name Of Love (Official Video),POSITIVE,0.9988428354263306
27352,mental health experiences,0.3793775737285614,Martin Garrix & Bebe Rexha - In The Name Of Love (Official Video),POSITIVE,0.9988428354263306
27352,self-care practices,0.30163365602493286,Martin Garrix & Bebe Rexha - In The Name Of Love (Official Video),POSITIVE,0.9988428354263306
26510,self-improvement and personal growth,0.979163408279419,"Mar 12, 2024, 11:22:03 AM PST",NEGATIVE,0.9980217218399048
26510,sleep and mental wellness,0.9779701828956604,"Mar 12, 2024, 11:22:03 AM PST",NEGATIVE,0.9980217218399048
26510,self-care practices,0.9769965410232544,"Mar 12, 2024, 11:22:03 AM PST",NEGATIVE,0.9980217218399048
26510,mindfulness and mental wellness,0.9713001847267151,"Mar 12, 2024, 11:22:03 AM PST",NEGATIVE,0.9980217218399048
26510,motivation and mental strength,0.8748462200164795,"Mar 12, 2024, 11:22:03 AM PST",NEGATIVE,0.9980217218399048
26510,mental health experiences,0.8021376132965088,"Mar 12, 2024, 11:22:03 AM PST",NEGATIVE,0.9980217218399048
26510,addiction awareness and recovery,0.7534341216087341,"Mar 12, 2024, 11:22:03 AM PST",NEGATIVE,0.9980217218399048
26510,emotional health discussion,0.6849700212478638,"Mar 12, 2024, 11:22:03 AM PST",NEGATIVE,0.9980217218399048
26510,mental health education,0.667737603187561,"Mar 12, 2024, 11:22:03 AM PST",NEGATIVE,0.9980217218399048
26510,trauma awareness and healing,0.645929217338562,"Mar 12, 2024, 11:22:03 AM PST",NEGATIVE,0.9980217218399048
26510,work-life balance and burnout,0.5965920686721802,"Mar 12, 2024, 11:22:03 AM PST",NEGATIVE,0.9980217218399048
26510,anxiety and stress management,0.3692430555820465,"Mar 12, 2024, 11:22:03 AM PST",NEGATIVE,0.9980217218399048
26510,therapy and mental health support,0.3364159166812897,"Mar 12, 2024, 11:22:03 AM PST",NEGATIVE,0.9980217218399048
26942,self-improvement and personal growth,0.94573575258255,"Mar 7, 2024, 11:51:08 AM PST",POSITIVE,0.9945993423461914
26942,motivation and mental strength,0.9365338087081909,"Mar 7, 2024, 11:51:08 AM PST",POSITIVE,0.9945993423461914
26942,mindfulness and mental wellness,0.9316529631614685,"Mar 7, 2024, 11:51:08 AM PST",POSITIVE,0.9945993423461914
26942,mental health experiences,0.9098233580589294,"Mar 7, 2024, 11:51:08 AM PST",POSITIVE,0.9945993423461914
26942,self-care practices,0.8751409649848938,"Mar 7, 2024, 11:51:08 AM PST",POSITIVE,0.9945993423461914
26942,mental health education,0.8634544610977173,"Mar 7, 2024, 11:51:08 AM PST",POSITIVE,0.9945993423461914
26942,therapy and mental health support,0.8114302754402161,"Mar 7, 2024, 11:51:08 AM PST",POSITIVE,0.9945993423461914
26942,emotional health discussion,0.8061935901641846,"Mar 7, 2024, 11:51:08 AM PST",POSITIVE,0.9945993423461914
26942,addiction awareness and recovery,0.7691456079483032,"Mar 7, 2024, 11:51:08 AM PST",POSITIVE,0.9945993423461914
26942,trauma awareness and healing,0.7456368207931519,"Mar 7, 2024, 11:51:08 AM PST",POSITIVE,0.9945993423461914
26942,work-life balance and burnout,0.7451522350311279,"Mar 7, 2024, 11:51:08 AM PST",POSITIVE,0.9945993423461914
26942,sleep and mental wellness,0.7277185320854187,"Mar 7, 2024, 11:51:08 AM PST",POSITIVE,0.9945993423461914
26942,social anxiety and relationships,0.6076912879943848,"Mar 7, 2024, 11:51:08 AM PST",POSITIVE,0.9945993423461914
26942,depression and emotional support,0.5833652019500732,"Mar 7, 2024, 11:51:08 AM PST",POSITIVE,0.9945993423461914
26942,anxiety and stress management,0.5437052249908447,"Mar 7, 2024, 11:51:08 AM PST",POSITIVE,0.9945993423461914
26511,self-improvement and personal growth,0.6003996133804321,"Mar 12, 2024, 11:20:53 AM PST",POSITIVE,0.9839692115783691
26511,motivation and mental strength,0.44145259261131287,"Mar 12, 2024, 11:20:53 AM PST",POSITIVE,0.9839692115783691
27353,sleep and mental wellness,0.9708490967750549,"Mar 2, 2024, 2:05:39 AM PST",NEGATIVE,0.8696414232254028
27353,mental health experiences,0.8984459638595581,"Mar 2, 2024, 2:05:39 AM PST",NEGATIVE,0.8696414232254028
27353,self-improvement and personal growth,0.8445160388946533,"Mar 2, 2024, 2:05:39 AM PST",NEGATIVE,0.8696414232254028
27353,mindfulness and mental wellness,0.8216055035591125,"Mar 2, 2024, 2:05:39 AM PST",NEGATIVE,0.8696414232254028
27353,motivation and mental strength,0.7494965195655823,"Mar 2, 2024, 2:05:39 AM PST",NEGATIVE,0.8696414232254028
27353,self-care practices,0.6530382037162781,"Mar 2, 2024, 2:05:39 AM PST",NEGATIVE,0.8696414232254028
27353,work-life balance and burnout,0.4383586049079895,"Mar 2, 2024, 2:05:39 AM PST",NEGATIVE,0.8696414232254028
27353,mental health education,0.33754387497901917,"Mar 2, 2024, 2:05:39 AM PST",NEGATIVE,0.8696414232254028
26943,motivation and mental strength,0.888282060623169,"Mar 7, 2024, 10:51:17 AM PST",NEGATIVE,0.9964119791984558
26943,self-improvement and personal growth,0.8409690260887146,"Mar 7, 2024, 10:51:17 AM PST",NEGATIVE,0.9964119791984558
26943,mindfulness and mental wellness,0.7538663744926453,"Mar 7, 2024, 10:51:17 AM PST",NEGATIVE,0.9964119791984558
26943,self-care practices,0.6860550045967102,"Mar 7, 2024, 10:51:17 AM PST",NEGATIVE,0.9964119791984558
26943,mental health experiences,0.5880788564682007,"Mar 7, 2024, 10:51:17 AM PST",NEGATIVE,0.9964119791984558
26943,social anxiety and relationships,0.5065670013427734,"Mar 7, 2024, 10:51:17 AM PST",NEGATIVE,0.9964119791984558
26943,addiction awareness and recovery,0.3006844222545624,"Mar 7, 2024, 10:51:17 AM PST",NEGATIVE,0.9964119791984558
27354,self-improvement and personal growth,0.9741431474685669,"Mar 2, 2024, 2:02:01 AM PST",POSITIVE,0.9316705465316772
27354,motivation and mental strength,0.9580895900726318,"Mar 2, 2024, 2:02:01 AM PST",POSITIVE,0.9316705465316772
27354,mental health experiences,0.44185853004455566,"Mar 2, 2024, 2:02:01 AM PST",POSITIVE,0.9316705465316772
27354,self-care practices,0.4321690797805786,"Mar 2, 2024, 2:02:01 AM PST",POSITIVE,0.9316705465316772
27354,addiction awareness and recovery,0.3317227363586426,"Mar 2, 2024, 2:02:01 AM PST",POSITIVE,0.9316705465316772
26512,social anxiety and relationships,0.9658463001251221,"Mar 12, 2024, 11:20:46 AM PST",NEGATIVE,0.9984108209609985
26512,self-improvement and personal growth,0.9358872771263123,"Mar 12, 2024, 11:20:46 AM PST",NEGATIVE,0.9984108209609985
26512,mental health experiences,0.8723652362823486,"Mar 12, 2024, 11:20:46 AM PST",NEGATIVE,0.9984108209609985
26512,emotional health discussion,0.7093906402587891,"Mar 12, 2024, 11:20:46 AM PST",NEGATIVE,0.9984108209609985
26512,mental health education,0.6231949329376221,"Mar 12, 2024, 11:20:46 AM PST",NEGATIVE,0.9984108209609985
26512,trauma awareness and healing,0.5652827024459839,"Mar 12, 2024, 11:20:46 AM PST",NEGATIVE,0.9984108209609985
26512,mindfulness and mental wellness,0.5533802509307861,"Mar 12, 2024, 11:20:46 AM PST",NEGATIVE,0.9984108209609985
26512,addiction awareness and recovery,0.5444985032081604,"Mar 12, 2024, 11:20:46 AM PST",NEGATIVE,0.9984108209609985
26512,self-care practices,0.458202064037323,"Mar 12, 2024, 11:20:46 AM PST",NEGATIVE,0.9984108209609985
26512,motivation and mental strength,0.416957288980484,"Mar 12, 2024, 11:20:46 AM PST",NEGATIVE,0.9984108209609985
26944,mindfulness and mental wellness,0.8549412488937378,"Mar 7, 2024, 10:47:41 AM PST",NEGATIVE,0.9775888919830322
26944,self-improvement and personal growth,0.8461992144584656,"Mar 7, 2024, 10:47:41 AM PST",NEGATIVE,0.9775888919830322
26944,motivation and mental strength,0.8384473323822021,"Mar 7, 2024, 10:47:41 AM PST",NEGATIVE,0.9775888919830322
26944,mental health experiences,0.8032876253128052,"Mar 7, 2024, 10:47:41 AM PST",NEGATIVE,0.9775888919830322
26944,self-care practices,0.7222163677215576,"Mar 7, 2024, 10:47:41 AM PST",NEGATIVE,0.9775888919830322
26944,mental health education,0.6866239309310913,"Mar 7, 2024, 10:47:41 AM PST",NEGATIVE,0.9775888919830322
26944,emotional health discussion,0.6351217031478882,"Mar 7, 2024, 10:47:41 AM PST",NEGATIVE,0.9775888919830322
26944,trauma awareness and healing,0.6199625730514526,"Mar 7, 2024, 10:47:41 AM PST",NEGATIVE,0.9775888919830322
26944,sleep and mental wellness,0.5105759501457214,"Mar 7, 2024, 10:47:41 AM PST",NEGATIVE,0.9775888919830322
26944,addiction awareness and recovery,0.4724404513835907,"Mar 7, 2024, 10:47:41 AM PST",NEGATIVE,0.9775888919830322
26944,therapy and mental health support,0.44029730558395386,"Mar 7, 2024, 10:47:41 AM PST",NEGATIVE,0.9775888919830322
26944,work-life balance and burnout,0.3991061747074127,"Mar 7, 2024, 10:47:41 AM PST",NEGATIVE,0.9775888919830322
26513,social anxiety and relationships,0.9636006951332092,"Mar 12, 2024, 11:19:44 AM PST",NEGATIVE,0.999072790145874
26513,self-improvement and personal growth,0.9271413087844849,"Mar 12, 2024, 11:19:44 AM PST",NEGATIVE,0.999072790145874
26513,mental health experiences,0.8414894938468933,"Mar 12, 2024, 11:19:44 AM PST",NEGATIVE,0.999072790145874
26513,emotional health discussion,0.7781760692596436,"Mar 12, 2024, 11:19:44 AM PST",NEGATIVE,0.999072790145874
26513,mindfulness and mental wellness,0.742523193359375,"Mar 12, 2024, 11:19:44 AM PST",NEGATIVE,0.999072790145874
26513,mental health education,0.7125966548919678,"Mar 12, 2024, 11:19:44 AM PST",NEGATIVE,0.999072790145874
26513,trauma awareness and healing,0.6491363048553467,"Mar 12, 2024, 11:19:44 AM PST",NEGATIVE,0.999072790145874
26513,addiction awareness and recovery,0.643527090549469,"Mar 12, 2024, 11:19:44 AM PST",NEGATIVE,0.999072790145874
26513,motivation and mental strength,0.6038169860839844,"Mar 12, 2024, 11:19:44 AM PST",NEGATIVE,0.999072790145874
26513,self-care practices,0.5794379711151123,"Mar 12, 2024, 11:19:44 AM PST",NEGATIVE,0.999072790145874
26513,therapy and mental health support,0.42213329672813416,"Mar 12, 2024, 11:19:44 AM PST",NEGATIVE,0.999072790145874
26513,depression and emotional support,0.4024394750595093,"Mar 12, 2024, 11:19:44 AM PST",NEGATIVE,0.999072790145874
26513,anxiety and stress management,0.3884254992008209,"Mar 12, 2024, 11:19:44 AM PST",NEGATIVE,0.999072790145874
27355,self-improvement and personal growth,0.9188938140869141,"Mar 2, 2024, 1:57:55 AM PST",NEGATIVE,0.9926175475120544
27355,mindfulness and mental wellness,0.9157416820526123,"Mar 2, 2024, 1:57:55 AM PST",NEGATIVE,0.9926175475120544
27355,motivation and mental strength,0.8964052200317383,"Mar 2, 2024, 1:57:55 AM PST",NEGATIVE,0.9926175475120544
27355,mental health experiences,0.861838698387146,"Mar 2, 2024, 1:57:55 AM PST",NEGATIVE,0.9926175475120544
27355,self-care practices,0.7939450144767761,"Mar 2, 2024, 1:57:55 AM PST",NEGATIVE,0.9926175475120544
27355,emotional health discussion,0.7755959033966064,"Mar 2, 2024, 1:57:55 AM PST",NEGATIVE,0.9926175475120544
27355,social anxiety and relationships,0.7393273115158081,"Mar 2, 2024, 1:57:55 AM PST",NEGATIVE,0.9926175475120544
27355,addiction awareness and recovery,0.7307499051094055,"Mar 2, 2024, 1:57:55 AM PST",NEGATIVE,0.9926175475120544
27355,mental health education,0.6935212016105652,"Mar 2, 2024, 1:57:55 AM PST",NEGATIVE,0.9926175475120544
27355,trauma awareness and healing,0.6602673530578613,"Mar 2, 2024, 1:57:55 AM PST",NEGATIVE,0.9926175475120544
27355,depression and emotional support,0.639021635055542,"Mar 2, 2024, 1:57:55 AM PST",NEGATIVE,0.9926175475120544
27355,work-life balance and burnout,0.6136942505836487,"Mar 2, 2024, 1:57:55 AM PST",NEGATIVE,0.9926175475120544
27355,therapy and mental health support,0.5870544910430908,"Mar 2, 2024, 1:57:55 AM PST",NEGATIVE,0.9926175475120544
27355,sleep and mental wellness,0.5019804835319519,"Mar 2, 2024, 1:57:55 AM PST",NEGATIVE,0.9926175475120544
27355,anxiety and stress management,0.42537787556648254,"Mar 2, 2024, 1:57:55 AM PST",NEGATIVE,0.9926175475120544
26945,motivation and mental strength,0.7676628232002258,"Mar 7, 2024, 10:45:30 AM PST",NEGATIVE,0.9950592517852783
26945,self-improvement and personal growth,0.5530499219894409,"Mar 7, 2024, 10:45:30 AM PST",NEGATIVE,0.9950592517852783
26945,mindfulness and mental wellness,0.508441150188446,"Mar 7, 2024, 10:45:30 AM PST",NEGATIVE,0.9950592517852783
26945,sleep and mental wellness,0.44066768884658813,"Mar 7, 2024, 10:45:30 AM PST",NEGATIVE,0.9950592517852783
26945,mental health experiences,0.3987495005130768,"Mar 7, 2024, 10:45:30 AM PST",NEGATIVE,0.9950592517852783
27356,self-improvement and personal growth,0.8447906970977783,"Mar 2, 2024, 1:54:05 AM PST",POSITIVE,0.9900038838386536
27356,motivation and mental strength,0.7315503358840942,"Mar 2, 2024, 1:54:05 AM PST",POSITIVE,0.9900038838386536
27356,mental health experiences,0.6598443388938904,"Mar 2, 2024, 1:54:05 AM PST",POSITIVE,0.9900038838386536
27356,addiction awareness and recovery,0.5825546979904175,"Mar 2, 2024, 1:54:05 AM PST",POSITIVE,0.9900038838386536
27356,mindfulness and mental wellness,0.4819346070289612,"Mar 2, 2024, 1:54:05 AM PST",POSITIVE,0.9900038838386536
27356,self-care practices,0.4101681411266327,"Mar 2, 2024, 1:54:05 AM PST",POSITIVE,0.9900038838386536
27356,work-life balance and burnout,0.3346001207828522,"Mar 2, 2024, 1:54:05 AM PST",POSITIVE,0.9900038838386536
27356,mental health education,0.33263835310935974,"Mar 2, 2024, 1:54:05 AM PST",POSITIVE,0.9900038838386536
26514,self-improvement and personal growth,0.8850599527359009,"Mar 12, 2024, 11:18:34 AM PST",NEGATIVE,0.9949480295181274
26514,self-care practices,0.5406321883201599,"Mar 12, 2024, 11:18:34 AM PST",NEGATIVE,0.9949480295181274
26514,motivation and mental strength,0.4872440695762634,"Mar 12, 2024, 11:18:34 AM PST",NEGATIVE,0.9949480295181274
26514,addiction awareness and recovery,0.38994863629341125,"Mar 12, 2024, 11:18:34 AM PST",NEGATIVE,0.9949480295181274
26514,emotional health discussion,0.31389155983924866,"Mar 12, 2024, 11:18:34 AM PST",NEGATIVE,0.9949480295181274
26946,self-improvement and personal growth,0.9369009137153625,"Mar 7, 2024, 10:45:28 AM PST",POSITIVE,0.9926754832267761
26946,motivation and mental strength,0.9331302046775818,"Mar 7, 2024, 10:45:28 AM PST",POSITIVE,0.9926754832267761
26946,mental health experiences,0.9096962809562683,"Mar 7, 2024, 10:45:28 AM PST",POSITIVE,0.9926754832267761
26946,sleep and mental wellness,0.901256799697876,"Mar 7, 2024, 10:45:28 AM PST",POSITIVE,0.9926754832267761
26946,self-care practices,0.882101833820343,"Mar 7, 2024, 10:45:28 AM PST",POSITIVE,0.9926754832267761
26946,mindfulness and mental wellness,0.8568504452705383,"Mar 7, 2024, 10:45:28 AM PST",POSITIVE,0.9926754832267761
26946,social anxiety and relationships,0.7975364327430725,"Mar 7, 2024, 10:45:28 AM PST",POSITIVE,0.9926754832267761
26946,emotional health discussion,0.7914679050445557,"Mar 7, 2024, 10:45:28 AM PST",POSITIVE,0.9926754832267761
26946,addiction awareness and recovery,0.7749491333961487,"Mar 7, 2024, 10:45:28 AM PST",POSITIVE,0.9926754832267761
26946,trauma awareness and healing,0.772774875164032,"Mar 7, 2024, 10:45:28 AM PST",POSITIVE,0.9926754832267761
26946,mental health education,0.7674921154975891,"Mar 7, 2024, 10:45:28 AM PST",POSITIVE,0.9926754832267761
26946,therapy and mental health support,0.7497800588607788,"Mar 7, 2024, 10:45:28 AM PST",POSITIVE,0.9926754832267761
26946,work-life balance and burnout,0.6824944615364075,"Mar 7, 2024, 10:45:28 AM PST",POSITIVE,0.9926754832267761
26946,depression and emotional support,0.6094664931297302,"Mar 7, 2024, 10:45:28 AM PST",POSITIVE,0.9926754832267761
26946,anxiety and stress management,0.48239025473594666,"Mar 7, 2024, 10:45:28 AM PST",POSITIVE,0.9926754832267761
26947,sleep and mental wellness,0.9423123002052307,"Mar 7, 2024, 10:45:27 AM PST",POSITIVE,0.9614176154136658
26947,self-improvement and personal growth,0.9119950532913208,"Mar 7, 2024, 10:45:27 AM PST",POSITIVE,0.9614176154136658
26947,motivation and mental strength,0.8996871709823608,"Mar 7, 2024, 10:45:27 AM PST",POSITIVE,0.9614176154136658
26947,mindfulness and mental wellness,0.8717189431190491,"Mar 7, 2024, 10:45:27 AM PST",POSITIVE,0.9614176154136658
26947,mental health experiences,0.8699712753295898,"Mar 7, 2024, 10:45:27 AM PST",POSITIVE,0.9614176154136658
26947,self-care practices,0.812653124332428,"Mar 7, 2024, 10:45:27 AM PST",POSITIVE,0.9614176154136658
26947,mental health education,0.7404818534851074,"Mar 7, 2024, 10:45:27 AM PST",POSITIVE,0.9614176154136658
26947,addiction awareness and recovery,0.67573082447052,"Mar 7, 2024, 10:45:27 AM PST",POSITIVE,0.9614176154136658
26947,therapy and mental health support,0.6529937982559204,"Mar 7, 2024, 10:45:27 AM PST",POSITIVE,0.9614176154136658
26947,emotional health discussion,0.5924385190010071,"Mar 7, 2024, 10:45:27 AM PST",POSITIVE,0.9614176154136658
26947,trauma awareness and healing,0.5358836650848389,"Mar 7, 2024, 10:45:27 AM PST",POSITIVE,0.9614176154136658
26947,work-life balance and burnout,0.5320643186569214,"Mar 7, 2024, 10:45:27 AM PST",POSITIVE,0.9614176154136658
26947,anxiety and stress management,0.42443254590034485,"Mar 7, 2024, 10:45:27 AM PST",POSITIVE,0.9614176154136658
26947,social anxiety and relationships,0.4146280586719513,"Mar 7, 2024, 10:45:27 AM PST",POSITIVE,0.9614176154136658
26947,depression and emotional support,0.35149750113487244,"Mar 7, 2024, 10:45:27 AM PST",POSITIVE,0.9614176154136658
27357,self-improvement and personal growth,0.8557305932044983,"Mar 2, 2024, 1:50:38 AM PST",POSITIVE,0.9987761378288269
27357,motivation and mental strength,0.7274028062820435,"Mar 2, 2024, 1:50:38 AM PST",POSITIVE,0.9987761378288269
27357,mental health experiences,0.624187707901001,"Mar 2, 2024, 1:50:38 AM PST",POSITIVE,0.9987761378288269
27357,addiction awareness and recovery,0.4758584499359131,"Mar 2, 2024, 1:50:38 AM PST",POSITIVE,0.9987761378288269
27357,self-care practices,0.4731425344944,"Mar 2, 2024, 1:50:38 AM PST",POSITIVE,0.9987761378288269
27357,mindfulness and mental wellness,0.3767312467098236,"Mar 2, 2024, 1:50:38 AM PST",POSITIVE,0.9987761378288269
27357,emotional health discussion,0.3562440574169159,"Mar 2, 2024, 1:50:38 AM PST",POSITIVE,0.9987761378288269
26515,motivation and mental strength,0.857789158821106,"Mar 12, 2024, 11:12:29 AM PST",POSITIVE,0.9949086308479309
26515,self-improvement and personal growth,0.7461690902709961,"Mar 12, 2024, 11:12:29 AM PST",POSITIVE,0.9949086308479309
26948,self-improvement and personal growth,0.9029601812362671,"Mar 7, 2024, 10:45:26 AM PST",NEGATIVE,0.9803496599197388
26948,motivation and mental strength,0.8872631192207336,"Mar 7, 2024, 10:45:26 AM PST",NEGATIVE,0.9803496599197388
26948,mindfulness and mental wellness,0.8294827342033386,"Mar 7, 2024, 10:45:26 AM PST",NEGATIVE,0.9803496599197388
26948,mental health experiences,0.7756615281105042,"Mar 7, 2024, 10:45:26 AM PST",NEGATIVE,0.9803496599197388
26948,self-care practices,0.765923798084259,"Mar 7, 2024, 10:45:26 AM PST",NEGATIVE,0.9803496599197388
26948,addiction awareness and recovery,0.706491231918335,"Mar 7, 2024, 10:45:26 AM PST",NEGATIVE,0.9803496599197388
26948,trauma awareness and healing,0.6105346083641052,"Mar 7, 2024, 10:45:26 AM PST",NEGATIVE,0.9803496599197388
26948,mental health education,0.6092689037322998,"Mar 7, 2024, 10:45:26 AM PST",NEGATIVE,0.9803496599197388
26948,work-life balance and burnout,0.5080119967460632,"Mar 7, 2024, 10:45:26 AM PST",NEGATIVE,0.9803496599197388
26948,sleep and mental wellness,0.5047979950904846,"Mar 7, 2024, 10:45:26 AM PST",NEGATIVE,0.9803496599197388
26948,emotional health discussion,0.46652260422706604,"Mar 7, 2024, 10:45:26 AM PST",NEGATIVE,0.9803496599197388
26948,therapy and mental health support,0.45235776901245117,"Mar 7, 2024, 10:45:26 AM PST",NEGATIVE,0.9803496599197388
26516,self-improvement and personal growth,0.9826128482818604,"Mar 12, 2024, 11:01:12 AM PST",NEGATIVE,0.8568063378334045
26516,motivation and mental strength,0.982086181640625,"Mar 12, 2024, 11:01:12 AM PST",NEGATIVE,0.8568063378334045
26516,addiction awareness and recovery,0.9784978032112122,"Mar 12, 2024, 11:01:12 AM PST",NEGATIVE,0.8568063378334045
26516,self-care practices,0.759164571762085,"Mar 12, 2024, 11:01:12 AM PST",NEGATIVE,0.8568063378334045
26516,mental health experiences,0.682996928691864,"Mar 12, 2024, 11:01:12 AM PST",NEGATIVE,0.8568063378334045
26516,work-life balance and burnout,0.6097822785377502,"Mar 12, 2024, 11:01:12 AM PST",NEGATIVE,0.8568063378334045
26516,mindfulness and mental wellness,0.5658789873123169,"Mar 12, 2024, 11:01:12 AM PST",NEGATIVE,0.8568063378334045
26516,social anxiety and relationships,0.46929028630256653,"Mar 12, 2024, 11:01:12 AM PST",NEGATIVE,0.8568063378334045
26516,emotional health discussion,0.4425022006034851,"Mar 12, 2024, 11:01:12 AM PST",NEGATIVE,0.8568063378334045
26949,motivation and mental strength,0.887453556060791,"Mar 7, 2024, 10:45:24 AM PST",NEGATIVE,0.9590215086936951
26949,self-improvement and personal growth,0.8832865953445435,"Mar 7, 2024, 10:45:24 AM PST",NEGATIVE,0.9590215086936951
26949,self-care practices,0.8165096044540405,"Mar 7, 2024, 10:45:24 AM PST",NEGATIVE,0.9590215086936951
26949,mindfulness and mental wellness,0.8066455721855164,"Mar 7, 2024, 10:45:24 AM PST",NEGATIVE,0.9590215086936951
26949,mental health experiences,0.7969285845756531,"Mar 7, 2024, 10:45:24 AM PST",NEGATIVE,0.9590215086936951
26949,work-life balance and burnout,0.7373566627502441,"Mar 7, 2024, 10:45:24 AM PST",NEGATIVE,0.9590215086936951
26949,addiction awareness and recovery,0.6786804795265198,"Mar 7, 2024, 10:45:24 AM PST",NEGATIVE,0.9590215086936951
26949,emotional health discussion,0.6615230441093445,"Mar 7, 2024, 10:45:24 AM PST",NEGATIVE,0.9590215086936951
26949,sleep and mental wellness,0.5945174694061279,"Mar 7, 2024, 10:45:24 AM PST",NEGATIVE,0.9590215086936951
26949,mental health education,0.5925297737121582,"Mar 7, 2024, 10:45:24 AM PST",NEGATIVE,0.9590215086936951
26949,therapy and mental health support,0.5244144201278687,"Mar 7, 2024, 10:45:24 AM PST",NEGATIVE,0.9590215086936951
26949,social anxiety and relationships,0.4473840296268463,"Mar 7, 2024, 10:45:24 AM PST",NEGATIVE,0.9590215086936951
26949,trauma awareness and healing,0.43982166051864624,"Mar 7, 2024, 10:45:24 AM PST",NEGATIVE,0.9590215086936951
26949,anxiety and stress management,0.42773473262786865,"Mar 7, 2024, 10:45:24 AM PST",NEGATIVE,0.9590215086936951
26949,depression and emotional support,0.3062586784362793,"Mar 7, 2024, 10:45:24 AM PST",NEGATIVE,0.9590215086936951
27359,self-improvement and personal growth,0.45828700065612793,"Mar 2, 2024, 1:44:21 AM PST",POSITIVE,0.9964144229888916
26517,self-improvement and personal growth,0.8041067719459534,"Mar 12, 2024, 10:54:36 AM PST",POSITIVE,0.8849635124206543
26517,motivation and mental strength,0.6078278422355652,"Mar 12, 2024, 10:54:36 AM PST",POSITIVE,0.8849635124206543
26517,mental health experiences,0.36766430735588074,"Mar 12, 2024, 10:54:36 AM PST",POSITIVE,0.8849635124206543
26950,self-improvement and personal growth,0.9061011672019958,"Mar 7, 2024, 10:45:21 AM PST",POSITIVE,0.9837782382965088
26950,motivation and mental strength,0.8927811980247498,"Mar 7, 2024, 10:45:21 AM PST",POSITIVE,0.9837782382965088
26950,mindfulness and mental wellness,0.8438845276832581,"Mar 7, 2024, 10:45:21 AM PST",POSITIVE,0.9837782382965088
26950,mental health experiences,0.805494487285614,"Mar 7, 2024, 10:45:21 AM PST",POSITIVE,0.9837782382965088
26950,self-care practices,0.7696847915649414,"Mar 7, 2024, 10:45:21 AM PST",POSITIVE,0.9837782382965088
26950,emotional health discussion,0.7141474485397339,"Mar 7, 2024, 10:45:21 AM PST",POSITIVE,0.9837782382965088
26950,mental health education,0.6867638826370239,"Mar 7, 2024, 10:45:21 AM PST",POSITIVE,0.9837782382965088
26950,trauma awareness and healing,0.6431916952133179,"Mar 7, 2024, 10:45:21 AM PST",POSITIVE,0.9837782382965088
26950,addiction awareness and recovery,0.6369603276252747,"Mar 7, 2024, 10:45:21 AM PST",POSITIVE,0.9837782382965088
26950,therapy and mental health support,0.6364786028862,"Mar 7, 2024, 10:45:21 AM PST",POSITIVE,0.9837782382965088
26950,work-life balance and burnout,0.5577879548072815,"Mar 7, 2024, 10:45:21 AM PST",POSITIVE,0.9837782382965088
26950,social anxiety and relationships,0.499439001083374,"Mar 7, 2024, 10:45:21 AM PST",POSITIVE,0.9837782382965088
26950,sleep and mental wellness,0.45454102754592896,"Mar 7, 2024, 10:45:21 AM PST",POSITIVE,0.9837782382965088
26950,anxiety and stress management,0.39773184061050415,"Mar 7, 2024, 10:45:21 AM PST",POSITIVE,0.9837782382965088
26950,depression and emotional support,0.35523873567581177,"Mar 7, 2024, 10:45:21 AM PST",POSITIVE,0.9837782382965088
27360,self-improvement and personal growth,0.7762113809585571,"Mar 2, 2024, 1:39:37 AM PST",POSITIVE,0.9944902658462524
27360,motivation and mental strength,0.7747281193733215,"Mar 2, 2024, 1:39:37 AM PST",POSITIVE,0.9944902658462524
27361,self-improvement and personal growth,0.7073148488998413,"Mar 2, 2024, 1:36:21 AM PST",NEGATIVE,0.8435045480728149
27361,motivation and mental strength,0.5912676453590393,"Mar 2, 2024, 1:36:21 AM PST",NEGATIVE,0.8435045480728149
27361,mental health experiences,0.5473280549049377,"Mar 2, 2024, 1:36:21 AM PST",NEGATIVE,0.8435045480728149
27361,addiction awareness and recovery,0.3298019766807556,"Mar 2, 2024, 1:36:21 AM PST",NEGATIVE,0.8435045480728149
26518,self-improvement and personal growth,0.5573307871818542,"Mar 12, 2024, 10:32:56 AM PST",NEGATIVE,0.9869216680526733
26518,motivation and mental strength,0.5073163509368896,"Mar 12, 2024, 10:32:56 AM PST",NEGATIVE,0.9869216680526733
26952,self-improvement and personal growth,0.8982237577438354,"Mar 7, 2024, 10:40:08 AM PST",NEGATIVE,0.7192556262016296
26952,motivation and mental strength,0.8952749967575073,"Mar 7, 2024, 10:40:08 AM PST",NEGATIVE,0.7192556262016296
26952,mindfulness and mental wellness,0.8566790819168091,"Mar 7, 2024, 10:40:08 AM PST",NEGATIVE,0.7192556262016296
26952,mental health experiences,0.8468131422996521,"Mar 7, 2024, 10:40:08 AM PST",NEGATIVE,0.7192556262016296
26952,self-care practices,0.7724708318710327,"Mar 7, 2024, 10:40:08 AM PST",NEGATIVE,0.7192556262016296
26952,mental health education,0.6819927096366882,"Mar 7, 2024, 10:40:08 AM PST",NEGATIVE,0.7192556262016296
26952,sleep and mental wellness,0.6362453103065491,"Mar 7, 2024, 10:40:08 AM PST",NEGATIVE,0.7192556262016296
26952,addiction awareness and recovery,0.5846004486083984,"Mar 7, 2024, 10:40:08 AM PST",NEGATIVE,0.7192556262016296
26952,therapy and mental health support,0.5767759084701538,"Mar 7, 2024, 10:40:08 AM PST",NEGATIVE,0.7192556262016296
26952,work-life balance and burnout,0.5517157912254333,"Mar 7, 2024, 10:40:08 AM PST",NEGATIVE,0.7192556262016296
26952,emotional health discussion,0.5334314703941345,"Mar 7, 2024, 10:40:08 AM PST",NEGATIVE,0.7192556262016296
26952,trauma awareness and healing,0.4684033691883087,"Mar 7, 2024, 10:40:08 AM PST",NEGATIVE,0.7192556262016296
26952,social anxiety and relationships,0.43310052156448364,"Mar 7, 2024, 10:40:08 AM PST",NEGATIVE,0.7192556262016296
26952,depression and emotional support,0.3068245053291321,"Mar 7, 2024, 10:40:08 AM PST",NEGATIVE,0.7192556262016296
27362,self-improvement and personal growth,0.555608332157135,"Mar 2, 2024, 1:33:06 AM PST",NEGATIVE,0.9191519618034363
26519,self-improvement and personal growth,0.6650035381317139,"Mar 12, 2024, 10:32:53 AM PST",POSITIVE,0.6758705377578735
26519,motivation and mental strength,0.4542386829853058,"Mar 12, 2024, 10:32:53 AM PST",POSITIVE,0.6758705377578735
26953,self-improvement and personal growth,0.9652701020240784,"Mar 7, 2024, 10:40:06 AM PST",POSITIVE,0.6539987921714783
26953,motivation and mental strength,0.8880544304847717,"Mar 7, 2024, 10:40:06 AM PST",POSITIVE,0.6539987921714783
26953,self-care practices,0.8559321761131287,"Mar 7, 2024, 10:40:06 AM PST",POSITIVE,0.6539987921714783
26953,mindfulness and mental wellness,0.8406254649162292,"Mar 7, 2024, 10:40:06 AM PST",POSITIVE,0.6539987921714783
26953,mental health experiences,0.7776656150817871,"Mar 7, 2024, 10:40:06 AM PST",POSITIVE,0.6539987921714783
26953,addiction awareness and recovery,0.7065997123718262,"Mar 7, 2024, 10:40:06 AM PST",POSITIVE,0.6539987921714783
26953,work-life balance and burnout,0.6371506452560425,"Mar 7, 2024, 10:40:06 AM PST",POSITIVE,0.6539987921714783
26953,mental health education,0.6249672174453735,"Mar 7, 2024, 10:40:06 AM PST",POSITIVE,0.6539987921714783
26953,emotional health discussion,0.602979838848114,"Mar 7, 2024, 10:40:06 AM PST",POSITIVE,0.6539987921714783
26953,trauma awareness and healing,0.5181241631507874,"Mar 7, 2024, 10:40:06 AM PST",POSITIVE,0.6539987921714783
26953,therapy and mental health support,0.45182234048843384,"Mar 7, 2024, 10:40:06 AM PST",POSITIVE,0.6539987921714783
26953,sleep and mental wellness,0.4380956292152405,"Mar 7, 2024, 10:40:06 AM PST",POSITIVE,0.6539987921714783
26953,social anxiety and relationships,0.36170151829719543,"Mar 7, 2024, 10:40:06 AM PST",POSITIVE,0.6539987921714783
26953,anxiety and stress management,0.33348947763442993,"Mar 7, 2024, 10:40:06 AM PST",POSITIVE,0.6539987921714783
27363,self-improvement and personal growth,0.9589399099349976,"Mar 2, 2024, 1:29:42 AM PST",POSITIVE,0.5980165004730225
27363,motivation and mental strength,0.8794286847114563,"Mar 2, 2024, 1:29:42 AM PST",POSITIVE,0.5980165004730225
27363,mindfulness and mental wellness,0.8641756176948547,"Mar 2, 2024, 1:29:42 AM PST",POSITIVE,0.5980165004730225
27363,mental health experiences,0.6499197483062744,"Mar 2, 2024, 1:29:42 AM PST",POSITIVE,0.5980165004730225
27363,emotional health discussion,0.6235467791557312,"Mar 2, 2024, 1:29:42 AM PST",POSITIVE,0.5980165004730225
27363,mental health education,0.5896943211555481,"Mar 2, 2024, 1:29:42 AM PST",POSITIVE,0.5980165004730225
27363,sleep and mental wellness,0.566795289516449,"Mar 2, 2024, 1:29:42 AM PST",POSITIVE,0.5980165004730225
27363,addiction awareness and recovery,0.42003822326660156,"Mar 2, 2024, 1:29:42 AM PST",POSITIVE,0.5980165004730225
27363,trauma awareness and healing,0.37084269523620605,"Mar 2, 2024, 1:29:42 AM PST",POSITIVE,0.5980165004730225
27363,self-care practices,0.33180850744247437,"Mar 2, 2024, 1:29:42 AM PST",POSITIVE,0.5980165004730225
27363,work-life balance and burnout,0.31863030791282654,"Mar 2, 2024, 1:29:42 AM PST",POSITIVE,0.5980165004730225
27363,anxiety and stress management,0.31402093172073364,"Mar 2, 2024, 1:29:42 AM PST",POSITIVE,0.5980165004730225
26520,social anxiety and relationships,0.7335051894187927,"Mar 12, 2024, 10:31:38 AM PST",POSITIVE,0.9926099181175232
26520,emotional health discussion,0.7038571834564209,"Mar 12, 2024, 10:31:38 AM PST",POSITIVE,0.9926099181175232
26520,mental health experiences,0.3430993854999542,"Mar 12, 2024, 10:31:38 AM PST",POSITIVE,0.9926099181175232
26520,self-improvement and personal growth,0.34106025099754333,"Mar 12, 2024, 10:31:38 AM PST",POSITIVE,0.9926099181175232
26520,therapy and mental health support,0.31599161028862,"Mar 12, 2024, 10:31:38 AM PST",POSITIVE,0.9926099181175232
26954,self-improvement and personal growth,0.9076423645019531,"Mar 7, 2024, 10:40:04 AM PST",POSITIVE,0.9930729269981384
26954,addiction awareness and recovery,0.8996055722236633,"Mar 7, 2024, 10:40:04 AM PST",POSITIVE,0.9930729269981384
26954,motivation and mental strength,0.8743978142738342,"Mar 7, 2024, 10:40:04 AM PST",POSITIVE,0.9930729269981384
26954,self-care practices,0.8189675807952881,"Mar 7, 2024, 10:40:04 AM PST",POSITIVE,0.9930729269981384
26954,mental health experiences,0.7591747641563416,"Mar 7, 2024, 10:40:04 AM PST",POSITIVE,0.9930729269981384
26954,emotional health discussion,0.7130864262580872,"Mar 7, 2024, 10:40:04 AM PST",POSITIVE,0.9930729269981384
26954,social anxiety and relationships,0.7033083438873291,"Mar 7, 2024, 10:40:04 AM PST",POSITIVE,0.9930729269981384
26954,trauma awareness and healing,0.6901676058769226,"Mar 7, 2024, 10:40:04 AM PST",POSITIVE,0.9930729269981384
26954,mindfulness and mental wellness,0.6851962208747864,"Mar 7, 2024, 10:40:04 AM PST",POSITIVE,0.9930729269981384
26954,work-life balance and burnout,0.6313031315803528,"Mar 7, 2024, 10:40:04 AM PST",POSITIVE,0.9930729269981384
26954,therapy and mental health support,0.5840544700622559,"Mar 7, 2024, 10:40:04 AM PST",POSITIVE,0.9930729269981384
26954,anxiety and stress management,0.4625006318092346,"Mar 7, 2024, 10:40:04 AM PST",POSITIVE,0.9930729269981384
26954,mental health education,0.4447704553604126,"Mar 7, 2024, 10:40:04 AM PST",POSITIVE,0.9930729269981384
26954,sleep and mental wellness,0.4444045126438141,"Mar 7, 2024, 10:40:04 AM PST",POSITIVE,0.9930729269981384
27364,self-improvement and personal growth,0.764670729637146,"Mar 2, 2024, 1:25:34 AM PST",POSITIVE,0.9978051781654358
27364,motivation and mental strength,0.670295000076294,"Mar 2, 2024, 1:25:34 AM PST",POSITIVE,0.9978051781654358
27364,mental health experiences,0.6044350862503052,"Mar 2, 2024, 1:25:34 AM PST",POSITIVE,0.9978051781654358
27364,self-care practices,0.3233160078525543,"Mar 2, 2024, 1:25:34 AM PST",POSITIVE,0.9978051781654358
26521,social anxiety and relationships,0.6120310425758362,"Mar 12, 2024, 10:30:55 AM PST",NEGATIVE,0.9964472651481628
26521,self-improvement and personal growth,0.47950679063796997,"Mar 12, 2024, 10:30:55 AM PST",NEGATIVE,0.9964472651481628
26521,mental health experiences,0.37932687997817993,"Mar 12, 2024, 10:30:55 AM PST",NEGATIVE,0.9964472651481628
26955,self-improvement and personal growth,0.8988588452339172,"Mar 7, 2024, 10:39:28 AM PST",POSITIVE,0.603184700012207
26955,mindfulness and mental wellness,0.8263195157051086,"Mar 7, 2024, 10:39:28 AM PST",POSITIVE,0.603184700012207
26955,motivation and mental strength,0.8198596835136414,"Mar 7, 2024, 10:39:28 AM PST",POSITIVE,0.603184700012207
26955,mental health experiences,0.8099868893623352,"Mar 7, 2024, 10:39:28 AM PST",POSITIVE,0.603184700012207
26955,self-care practices,0.7905721068382263,"Mar 7, 2024, 10:39:28 AM PST",POSITIVE,0.603184700012207
26955,emotional health discussion,0.7512440085411072,"Mar 7, 2024, 10:39:28 AM PST",POSITIVE,0.603184700012207
26955,mental health education,0.7358944416046143,"Mar 7, 2024, 10:39:28 AM PST",POSITIVE,0.603184700012207
26955,addiction awareness and recovery,0.5791212320327759,"Mar 7, 2024, 10:39:28 AM PST",POSITIVE,0.603184700012207
26955,therapy and mental health support,0.5672215223312378,"Mar 7, 2024, 10:39:28 AM PST",POSITIVE,0.603184700012207
26955,trauma awareness and healing,0.5666999220848083,"Mar 7, 2024, 10:39:28 AM PST",POSITIVE,0.603184700012207
26955,work-life balance and burnout,0.5303516387939453,"Mar 7, 2024, 10:39:28 AM PST",POSITIVE,0.603184700012207
26955,social anxiety and relationships,0.47136154770851135,"Mar 7, 2024, 10:39:28 AM PST",POSITIVE,0.603184700012207
26955,sleep and mental wellness,0.4405948221683502,"Mar 7, 2024, 10:39:28 AM PST",POSITIVE,0.603184700012207
26955,anxiety and stress management,0.3381585478782654,"Mar 7, 2024, 10:39:28 AM PST",POSITIVE,0.603184700012207
26955,depression and emotional support,0.33256691694259644,"Mar 7, 2024, 10:39:28 AM PST",POSITIVE,0.603184700012207
27365,self-improvement and personal growth,0.782162606716156,"Mar 2, 2024, 1:21:26 AM PST",POSITIVE,0.9994080066680908
27365,motivation and mental strength,0.7579308748245239,"Mar 2, 2024, 1:21:26 AM PST",POSITIVE,0.9994080066680908
27365,mental health experiences,0.6959021687507629,"Mar 2, 2024, 1:21:26 AM PST",POSITIVE,0.9994080066680908
27365,mindfulness and mental wellness,0.33273446559906006,"Mar 2, 2024, 1:21:26 AM PST",POSITIVE,0.9994080066680908
27365,addiction awareness and recovery,0.31674909591674805,"Mar 2, 2024, 1:21:26 AM PST",POSITIVE,0.9994080066680908
27365,self-care practices,0.3099641799926758,"Mar 2, 2024, 1:21:26 AM PST",POSITIVE,0.9994080066680908
26522,self-improvement and personal growth,0.9181900024414062,"Mar 12, 2024, 8:10:45 AM PST",NEGATIVE,0.9926013350486755
26522,mental health experiences,0.8642012476921082,"Mar 12, 2024, 8:10:45 AM PST",NEGATIVE,0.9926013350486755
26522,motivation and mental strength,0.7771297097206116,"Mar 12, 2024, 8:10:45 AM PST",NEGATIVE,0.9926013350486755
26522,self-care practices,0.736642599105835,"Mar 12, 2024, 8:10:45 AM PST",NEGATIVE,0.9926013350486755
26522,social anxiety and relationships,0.647994339466095,"Mar 12, 2024, 8:10:45 AM PST",NEGATIVE,0.9926013350486755
26522,emotional health discussion,0.6175984144210815,"Mar 12, 2024, 8:10:45 AM PST",NEGATIVE,0.9926013350486755
26522,mindfulness and mental wellness,0.5490230321884155,"Mar 12, 2024, 8:10:45 AM PST",NEGATIVE,0.9926013350486755
26522,addiction awareness and recovery,0.5001559853553772,"Mar 12, 2024, 8:10:45 AM PST",NEGATIVE,0.9926013350486755
26522,mental health education,0.48812103271484375,"Mar 12, 2024, 8:10:45 AM PST",NEGATIVE,0.9926013350486755
26522,trauma awareness and healing,0.371989905834198,"Mar 12, 2024, 8:10:45 AM PST",NEGATIVE,0.9926013350486755
26522,work-life balance and burnout,0.34402358531951904,"Mar 12, 2024, 8:10:45 AM PST",NEGATIVE,0.9926013350486755
26522,depression and emotional support,0.32330235838890076,"Mar 12, 2024, 8:10:45 AM PST",NEGATIVE,0.9926013350486755
26956,self-improvement and personal growth,0.8947834372520447,"Mar 7, 2024, 10:35:04 AM PST",NEGATIVE,0.9600706696510315
26956,motivation and mental strength,0.8595792055130005,"Mar 7, 2024, 10:35:04 AM PST",NEGATIVE,0.9600706696510315
26956,mental health experiences,0.8404240012168884,"Mar 7, 2024, 10:35:04 AM PST",NEGATIVE,0.9600706696510315
26956,mindfulness and mental wellness,0.8046979904174805,"Mar 7, 2024, 10:35:04 AM PST",NEGATIVE,0.9600706696510315
26956,self-care practices,0.7874397039413452,"Mar 7, 2024, 10:35:04 AM PST",NEGATIVE,0.9600706696510315
26956,mental health education,0.7111105918884277,"Mar 7, 2024, 10:35:04 AM PST",NEGATIVE,0.9600706696510315
26956,therapy and mental health support,0.7041451930999756,"Mar 7, 2024, 10:35:04 AM PST",NEGATIVE,0.9600706696510315
26956,addiction awareness and recovery,0.6748945116996765,"Mar 7, 2024, 10:35:04 AM PST",NEGATIVE,0.9600706696510315
26956,trauma awareness and healing,0.6380548477172852,"Mar 7, 2024, 10:35:04 AM PST",NEGATIVE,0.9600706696510315
26956,work-life balance and burnout,0.613172709941864,"Mar 7, 2024, 10:35:04 AM PST",NEGATIVE,0.9600706696510315
26956,emotional health discussion,0.586514413356781,"Mar 7, 2024, 10:35:04 AM PST",NEGATIVE,0.9600706696510315
26956,sleep and mental wellness,0.4653899371623993,"Mar 7, 2024, 10:35:04 AM PST",NEGATIVE,0.9600706696510315
26956,social anxiety and relationships,0.3953746259212494,"Mar 7, 2024, 10:35:04 AM PST",NEGATIVE,0.9600706696510315
26956,anxiety and stress management,0.38606929779052734,"Mar 7, 2024, 10:35:04 AM PST",NEGATIVE,0.9600706696510315
26956,depression and emotional support,0.34148508310317993,"Mar 7, 2024, 10:35:04 AM PST",NEGATIVE,0.9600706696510315
27366,motivation and mental strength,0.9323234558105469,"Mar 2, 2024, 1:17:31 AM PST",POSITIVE,0.9861540794372559
27366,self-improvement and personal growth,0.7930720448493958,"Mar 2, 2024, 1:17:31 AM PST",POSITIVE,0.9861540794372559
27366,emotional health discussion,0.6065261960029602,"Mar 2, 2024, 1:17:31 AM PST",POSITIVE,0.9861540794372559
27366,mental health experiences,0.5212700963020325,"Mar 2, 2024, 1:17:31 AM PST",POSITIVE,0.9861540794372559
27366,work-life balance and burnout,0.42939522862434387,"Mar 2, 2024, 1:17:31 AM PST",POSITIVE,0.9861540794372559
27366,anxiety and stress management,0.4132952094078064,"Mar 2, 2024, 1:17:31 AM PST",POSITIVE,0.9861540794372559
27366,self-care practices,0.3730526864528656,"Mar 2, 2024, 1:17:31 AM PST",POSITIVE,0.9861540794372559
27366,addiction awareness and recovery,0.3598122298717499,"Mar 2, 2024, 1:17:31 AM PST",POSITIVE,0.9861540794372559
26523,self-improvement and personal growth,0.8882761597633362,"Mar 12, 2024, 8:06:11 AM PST",NEGATIVE,0.9525232315063477
26523,motivation and mental strength,0.8591824769973755,"Mar 12, 2024, 8:06:11 AM PST",NEGATIVE,0.9525232315063477
26523,self-care practices,0.758492648601532,"Mar 12, 2024, 8:06:11 AM PST",NEGATIVE,0.9525232315063477
26523,mindfulness and mental wellness,0.756830096244812,"Mar 12, 2024, 8:06:11 AM PST",NEGATIVE,0.9525232315063477
26523,mental health experiences,0.750076949596405,"Mar 12, 2024, 8:06:11 AM PST",NEGATIVE,0.9525232315063477
26523,addiction awareness and recovery,0.6659993529319763,"Mar 12, 2024, 8:06:11 AM PST",NEGATIVE,0.9525232315063477
26523,therapy and mental health support,0.6117784976959229,"Mar 12, 2024, 8:06:11 AM PST",NEGATIVE,0.9525232315063477
26523,work-life balance and burnout,0.537868320941925,"Mar 12, 2024, 8:06:11 AM PST",NEGATIVE,0.9525232315063477
26523,mental health education,0.5344827771186829,"Mar 12, 2024, 8:06:11 AM PST",NEGATIVE,0.9525232315063477
26523,emotional health discussion,0.4753824472427368,"Mar 12, 2024, 8:06:11 AM PST",NEGATIVE,0.9525232315063477
26523,trauma awareness and healing,0.45451146364212036,"Mar 12, 2024, 8:06:11 AM PST",NEGATIVE,0.9525232315063477
26523,social anxiety and relationships,0.38314998149871826,"Mar 12, 2024, 8:06:11 AM PST",NEGATIVE,0.9525232315063477
26523,anxiety and stress management,0.34313705563545227,"Mar 12, 2024, 8:06:11 AM PST",NEGATIVE,0.9525232315063477
26523,depression and emotional support,0.3169849216938019,"Mar 12, 2024, 8:06:11 AM PST",NEGATIVE,0.9525232315063477
26957,mental health experiences,0.9545256495475769,"Mar 7, 2024, 10:27:47 AM PST",NEGATIVE,0.9471414089202881
26957,depression and emotional support,0.9167500138282776,"Mar 7, 2024, 10:27:47 AM PST",NEGATIVE,0.9471414089202881
26957,social anxiety and relationships,0.9043612480163574,"Mar 7, 2024, 10:27:47 AM PST",NEGATIVE,0.9471414089202881
26957,emotional health discussion,0.8867061734199524,"Mar 7, 2024, 10:27:47 AM PST",NEGATIVE,0.9471414089202881
26957,trauma awareness and healing,0.7199109196662903,"Mar 7, 2024, 10:27:47 AM PST",NEGATIVE,0.9471414089202881
26957,self-improvement and personal growth,0.716908872127533,"Mar 7, 2024, 10:27:47 AM PST",NEGATIVE,0.9471414089202881
26957,addiction awareness and recovery,0.6846463084220886,"Mar 7, 2024, 10:27:47 AM PST",NEGATIVE,0.9471414089202881
26957,mental health education,0.6284063458442688,"Mar 7, 2024, 10:27:47 AM PST",NEGATIVE,0.9471414089202881
26957,work-life balance and burnout,0.4714936316013336,"Mar 7, 2024, 10:27:47 AM PST",NEGATIVE,0.9471414089202881
26957,self-care practices,0.45734903216362,"Mar 7, 2024, 10:27:47 AM PST",NEGATIVE,0.9471414089202881
26957,anxiety and stress management,0.4506382346153259,"Mar 7, 2024, 10:27:47 AM PST",NEGATIVE,0.9471414089202881
26957,therapy and mental health support,0.3803080916404724,"Mar 7, 2024, 10:27:47 AM PST",NEGATIVE,0.9471414089202881
26957,mindfulness and mental wellness,0.37537652254104614,"Mar 7, 2024, 10:27:47 AM PST",NEGATIVE,0.9471414089202881
26524,mental health experiences,0.9796931743621826,"Mar 12, 2024, 8:01:41 AM PST",POSITIVE,0.948150634765625
26524,motivation and mental strength,0.9706043601036072,"Mar 12, 2024, 8:01:41 AM PST",POSITIVE,0.948150634765625
26524,self-improvement and personal growth,0.9523143172264099,"Mar 12, 2024, 8:01:41 AM PST",POSITIVE,0.948150634765625
26524,mindfulness and mental wellness,0.9277554750442505,"Mar 12, 2024, 8:01:41 AM PST",POSITIVE,0.948150634765625
26524,mental health education,0.9273573756217957,"Mar 12, 2024, 8:01:41 AM PST",POSITIVE,0.948150634765625
26524,addiction awareness and recovery,0.8844794034957886,"Mar 12, 2024, 8:01:41 AM PST",POSITIVE,0.948150634765625
26524,self-care practices,0.8605147004127502,"Mar 12, 2024, 8:01:41 AM PST",POSITIVE,0.948150634765625
26524,emotional health discussion,0.858801543712616,"Mar 12, 2024, 8:01:41 AM PST",POSITIVE,0.948150634765625
26524,therapy and mental health support,0.8519365191459656,"Mar 12, 2024, 8:01:41 AM PST",POSITIVE,0.948150634765625
26524,trauma awareness and healing,0.7404835820198059,"Mar 12, 2024, 8:01:41 AM PST",POSITIVE,0.948150634765625
26524,work-life balance and burnout,0.7046146392822266,"Mar 12, 2024, 8:01:41 AM PST",POSITIVE,0.948150634765625
26524,social anxiety and relationships,0.6076627373695374,"Mar 12, 2024, 8:01:41 AM PST",POSITIVE,0.948150634765625
26524,depression and emotional support,0.557578980922699,"Mar 12, 2024, 8:01:41 AM PST",POSITIVE,0.948150634765625
26524,sleep and mental wellness,0.5529392957687378,"Mar 12, 2024, 8:01:41 AM PST",POSITIVE,0.948150634765625
26524,anxiety and stress management,0.5158879160881042,"Mar 12, 2024, 8:01:41 AM PST",POSITIVE,0.948150634765625
27367,self-improvement and personal growth,0.8323149085044861,"Mar 2, 2024, 1:07:26 AM PST",POSITIVE,0.7690131664276123
27367,motivation and mental strength,0.7128699421882629,"Mar 2, 2024, 1:07:26 AM PST",POSITIVE,0.7690131664276123
27367,self-care practices,0.35315969586372375,"Mar 2, 2024, 1:07:26 AM PST",POSITIVE,0.7690131664276123
27367,mental health experiences,0.3146756589412689,"Mar 2, 2024, 1:07:26 AM PST",POSITIVE,0.7690131664276123
26958,mental health experiences,0.9434979557991028,"Mar 7, 2024, 10:24:09 AM PST",NEGATIVE,0.9033377766609192
26958,motivation and mental strength,0.935573935508728,"Mar 7, 2024, 10:24:09 AM PST",NEGATIVE,0.9033377766609192
26958,sleep and mental wellness,0.9138354659080505,"Mar 7, 2024, 10:24:09 AM PST",NEGATIVE,0.9033377766609192
26958,trauma awareness and healing,0.9002737998962402,"Mar 7, 2024, 10:24:09 AM PST",NEGATIVE,0.9033377766609192
26958,anxiety and stress management,0.8592486381530762,"Mar 7, 2024, 10:24:09 AM PST",NEGATIVE,0.9033377766609192
26958,addiction awareness and recovery,0.8294776678085327,"Mar 7, 2024, 10:24:09 AM PST",NEGATIVE,0.9033377766609192
26958,self-improvement and personal growth,0.8201755285263062,"Mar 7, 2024, 10:24:09 AM PST",NEGATIVE,0.9033377766609192
26958,mental health education,0.770382821559906,"Mar 7, 2024, 10:24:09 AM PST",NEGATIVE,0.9033377766609192
26958,self-care practices,0.7645277976989746,"Mar 7, 2024, 10:24:09 AM PST",NEGATIVE,0.9033377766609192
26958,emotional health discussion,0.7311073541641235,"Mar 7, 2024, 10:24:09 AM PST",NEGATIVE,0.9033377766609192
26958,depression and emotional support,0.704943835735321,"Mar 7, 2024, 10:24:09 AM PST",NEGATIVE,0.9033377766609192
26958,mindfulness and mental wellness,0.6042343974113464,"Mar 7, 2024, 10:24:09 AM PST",NEGATIVE,0.9033377766609192
26958,therapy and mental health support,0.38815322518348694,"Mar 7, 2024, 10:24:09 AM PST",NEGATIVE,0.9033377766609192
26525,self-improvement and personal growth,0.8410188555717468,"Mar 12, 2024, 7:59:48 AM PST",POSITIVE,0.9850367903709412
26525,mental health experiences,0.7350950241088867,"Mar 12, 2024, 7:59:48 AM PST",POSITIVE,0.9850367903709412
26525,motivation and mental strength,0.5886939764022827,"Mar 12, 2024, 7:59:48 AM PST",POSITIVE,0.9850367903709412
26525,self-care practices,0.5521847605705261,"Mar 12, 2024, 7:59:48 AM PST",POSITIVE,0.9850367903709412
26525,addiction awareness and recovery,0.45877504348754883,"Mar 12, 2024, 7:59:48 AM PST",POSITIVE,0.9850367903709412
26525,mindfulness and mental wellness,0.4436938464641571,"Mar 12, 2024, 7:59:48 AM PST",POSITIVE,0.9850367903709412
26525,emotional health discussion,0.3217848539352417,"Mar 12, 2024, 7:59:48 AM PST",POSITIVE,0.9850367903709412
27368,self-improvement and personal growth,0.8167206645011902,"Mar 2, 2024, 1:00:02 AM PST",NEGATIVE,0.6857151985168457
27368,motivation and mental strength,0.8112625479698181,"Mar 2, 2024, 1:00:02 AM PST",NEGATIVE,0.6857151985168457
27368,mindfulness and mental wellness,0.5892261266708374,"Mar 2, 2024, 1:00:02 AM PST",NEGATIVE,0.6857151985168457
27368,mental health experiences,0.5686968564987183,"Mar 2, 2024, 1:00:02 AM PST",NEGATIVE,0.6857151985168457
27368,self-care practices,0.45817917585372925,"Mar 2, 2024, 1:00:02 AM PST",NEGATIVE,0.6857151985168457
27368,addiction awareness and recovery,0.39443549513816833,"Mar 2, 2024, 1:00:02 AM PST",NEGATIVE,0.6857151985168457
26959,sleep and mental wellness,0.9299275279045105,"Mar 7, 2024, 10:20:11 AM PST",NEGATIVE,0.9937934875488281
26959,motivation and mental strength,0.915924072265625,"Mar 7, 2024, 10:20:11 AM PST",NEGATIVE,0.9937934875488281
26959,self-improvement and personal growth,0.8972168564796448,"Mar 7, 2024, 10:20:11 AM PST",NEGATIVE,0.9937934875488281
26959,mindfulness and mental wellness,0.8928266167640686,"Mar 7, 2024, 10:20:11 AM PST",NEGATIVE,0.9937934875488281
26959,mental health experiences,0.7625069618225098,"Mar 7, 2024, 10:20:11 AM PST",NEGATIVE,0.9937934875488281
26959,addiction awareness and recovery,0.6941506266593933,"Mar 7, 2024, 10:20:11 AM PST",NEGATIVE,0.9937934875488281
26959,self-care practices,0.6603561639785767,"Mar 7, 2024, 10:20:11 AM PST",NEGATIVE,0.9937934875488281
26959,trauma awareness and healing,0.55230712890625,"Mar 7, 2024, 10:20:11 AM PST",NEGATIVE,0.9937934875488281
26959,mental health education,0.3443455100059509,"Mar 7, 2024, 10:20:11 AM PST",NEGATIVE,0.9937934875488281
26526,motivation and mental strength,0.9039784073829651,"Mar 12, 2024, 7:56:28 AM PST",NEGATIVE,0.7511410713195801
26526,self-improvement and personal growth,0.8747236132621765,"Mar 12, 2024, 7:56:28 AM PST",NEGATIVE,0.7511410713195801
26526,mental health experiences,0.8217859864234924,"Mar 12, 2024, 7:56:28 AM PST",NEGATIVE,0.7511410713195801
26526,self-care practices,0.7766327857971191,"Mar 12, 2024, 7:56:28 AM PST",NEGATIVE,0.7511410713195801
26526,mindfulness and mental wellness,0.7638293504714966,"Mar 12, 2024, 7:56:28 AM PST",NEGATIVE,0.7511410713195801
26526,mental health education,0.6978639960289001,"Mar 12, 2024, 7:56:28 AM PST",NEGATIVE,0.7511410713195801
26526,therapy and mental health support,0.6165692806243896,"Mar 12, 2024, 7:56:28 AM PST",NEGATIVE,0.7511410713195801
26526,emotional health discussion,0.570977509021759,"Mar 12, 2024, 7:56:28 AM PST",NEGATIVE,0.7511410713195801
26526,addiction awareness and recovery,0.5547206401824951,"Mar 12, 2024, 7:56:28 AM PST",NEGATIVE,0.7511410713195801
26526,trauma awareness and healing,0.5451585650444031,"Mar 12, 2024, 7:56:28 AM PST",NEGATIVE,0.7511410713195801
26526,work-life balance and burnout,0.5377634167671204,"Mar 12, 2024, 7:56:28 AM PST",NEGATIVE,0.7511410713195801
26526,sleep and mental wellness,0.40232011675834656,"Mar 12, 2024, 7:56:28 AM PST",NEGATIVE,0.7511410713195801
26526,anxiety and stress management,0.3608122766017914,"Mar 12, 2024, 7:56:28 AM PST",NEGATIVE,0.7511410713195801
26526,depression and emotional support,0.3324718177318573,"Mar 12, 2024, 7:56:28 AM PST",NEGATIVE,0.7511410713195801
26526,social anxiety and relationships,0.30284667015075684,"Mar 12, 2024, 7:56:28 AM PST",NEGATIVE,0.7511410713195801
27369,self-improvement and personal growth,0.9568758606910706,"Mar 2, 2024, 12:56:44 AM PST",POSITIVE,0.7714378237724304
27369,motivation and mental strength,0.9290862679481506,"Mar 2, 2024, 12:56:44 AM PST",POSITIVE,0.7714378237724304
27369,self-care practices,0.6917043328285217,"Mar 2, 2024, 12:56:44 AM PST",POSITIVE,0.7714378237724304
27369,mental health experiences,0.632634162902832,"Mar 2, 2024, 12:56:44 AM PST",POSITIVE,0.7714378237724304
27369,mindfulness and mental wellness,0.6304658651351929,"Mar 2, 2024, 12:56:44 AM PST",POSITIVE,0.7714378237724304
27369,addiction awareness and recovery,0.606080174446106,"Mar 2, 2024, 12:56:44 AM PST",POSITIVE,0.7714378237724304
27369,trauma awareness and healing,0.44666197896003723,"Mar 2, 2024, 12:56:44 AM PST",POSITIVE,0.7714378237724304
27369,work-life balance and burnout,0.3601748049259186,"Mar 2, 2024, 12:56:44 AM PST",POSITIVE,0.7714378237724304
27369,mental health education,0.3592416048049927,"Mar 2, 2024, 12:56:44 AM PST",POSITIVE,0.7714378237724304
27369,emotional health discussion,0.3430667817592621,"Mar 2, 2024, 12:56:44 AM PST",POSITIVE,0.7714378237724304
27369,anxiety and stress management,0.3133833110332489,"Mar 2, 2024, 12:56:44 AM PST",POSITIVE,0.7714378237724304
26960,motivation and mental strength,0.9249172806739807,"Mar 7, 2024, 10:14:02 AM PST",POSITIVE,0.9333584904670715
26960,self-improvement and personal growth,0.8075836300849915,"Mar 7, 2024, 10:14:02 AM PST",POSITIVE,0.9333584904670715
26960,addiction awareness and recovery,0.6780247688293457,"Mar 7, 2024, 10:14:02 AM PST",POSITIVE,0.9333584904670715
26960,mental health experiences,0.49380984902381897,"Mar 7, 2024, 10:14:02 AM PST",POSITIVE,0.9333584904670715
26960,mindfulness and mental wellness,0.47951966524124146,"Mar 7, 2024, 10:14:02 AM PST",POSITIVE,0.9333584904670715
26960,trauma awareness and healing,0.3505575358867645,"Mar 7, 2024, 10:14:02 AM PST",POSITIVE,0.9333584904670715
26527,self-improvement and personal growth,0.9295136332511902,"Mar 12, 2024, 7:53:00 AM PST",NEGATIVE,0.7407270669937134
26527,motivation and mental strength,0.9027897715568542,"Mar 12, 2024, 7:53:00 AM PST",NEGATIVE,0.7407270669937134
26527,mental health experiences,0.8597723245620728,"Mar 12, 2024, 7:53:00 AM PST",NEGATIVE,0.7407270669937134
26527,mindfulness and mental wellness,0.846522331237793,"Mar 12, 2024, 7:53:00 AM PST",NEGATIVE,0.7407270669937134
26527,self-care practices,0.7786138653755188,"Mar 12, 2024, 7:53:00 AM PST",NEGATIVE,0.7407270669937134
26527,addiction awareness and recovery,0.7433808445930481,"Mar 12, 2024, 7:53:00 AM PST",NEGATIVE,0.7407270669937134
26527,mental health education,0.6997644901275635,"Mar 12, 2024, 7:53:00 AM PST",NEGATIVE,0.7407270669937134
26527,therapy and mental health support,0.6590500473976135,"Mar 12, 2024, 7:53:00 AM PST",NEGATIVE,0.7407270669937134
26527,trauma awareness and healing,0.5690683126449585,"Mar 12, 2024, 7:53:00 AM PST",NEGATIVE,0.7407270669937134
26527,emotional health discussion,0.5351776480674744,"Mar 12, 2024, 7:53:00 AM PST",NEGATIVE,0.7407270669937134
26527,work-life balance and burnout,0.4460776746273041,"Mar 12, 2024, 7:53:00 AM PST",NEGATIVE,0.7407270669937134
26527,sleep and mental wellness,0.3998977541923523,"Mar 12, 2024, 7:53:00 AM PST",NEGATIVE,0.7407270669937134
26527,social anxiety and relationships,0.3558313250541687,"Mar 12, 2024, 7:53:00 AM PST",NEGATIVE,0.7407270669937134
26527,depression and emotional support,0.3343367278575897,"Mar 12, 2024, 7:53:00 AM PST",NEGATIVE,0.7407270669937134
26527,anxiety and stress management,0.32802265882492065,"Mar 12, 2024, 7:53:00 AM PST",NEGATIVE,0.7407270669937134
26961,self-improvement and personal growth,0.921647846698761,"Mar 7, 2024, 10:09:08 AM PST",NEGATIVE,0.9334700703620911
26961,mental health experiences,0.7992133498191833,"Mar 7, 2024, 10:09:08 AM PST",NEGATIVE,0.9334700703620911
26961,motivation and mental strength,0.79095858335495,"Mar 7, 2024, 10:09:08 AM PST",NEGATIVE,0.9334700703620911
26961,mindfulness and mental wellness,0.6799397468566895,"Mar 7, 2024, 10:09:08 AM PST",NEGATIVE,0.9334700703620911
26961,self-care practices,0.6393998265266418,"Mar 7, 2024, 10:09:08 AM PST",NEGATIVE,0.9334700703620911
26961,addiction awareness and recovery,0.6187841296195984,"Mar 7, 2024, 10:09:08 AM PST",NEGATIVE,0.9334700703620911
26961,trauma awareness and healing,0.5546219944953918,"Mar 7, 2024, 10:09:08 AM PST",NEGATIVE,0.9334700703620911
26961,work-life balance and burnout,0.4183896780014038,"Mar 7, 2024, 10:09:08 AM PST",NEGATIVE,0.9334700703620911
26961,emotional health discussion,0.37941843271255493,"Mar 7, 2024, 10:09:08 AM PST",NEGATIVE,0.9334700703620911
26961,mental health education,0.3496089577674866,"Mar 7, 2024, 10:09:08 AM PST",NEGATIVE,0.9334700703620911
26961,depression and emotional support,0.34828728437423706,"Mar 7, 2024, 10:09:08 AM PST",NEGATIVE,0.9334700703620911
26528,motivation and mental strength,0.9637024998664856,"Mar 12, 2024, 7:52:59 AM PST",POSITIVE,0.9966071844100952
26528,self-improvement and personal growth,0.9577922224998474,"Mar 12, 2024, 7:52:59 AM PST",POSITIVE,0.9966071844100952
26528,mindfulness and mental wellness,0.9561904668807983,"Mar 12, 2024, 7:52:59 AM PST",POSITIVE,0.9966071844100952
26528,mental health experiences,0.8868323564529419,"Mar 12, 2024, 7:52:59 AM PST",POSITIVE,0.9966071844100952
26528,addiction awareness and recovery,0.8597669005393982,"Mar 12, 2024, 7:52:59 AM PST",POSITIVE,0.9966071844100952
26528,emotional health discussion,0.8218646049499512,"Mar 12, 2024, 7:52:59 AM PST",POSITIVE,0.9966071844100952
26528,mental health education,0.7949985265731812,"Mar 12, 2024, 7:52:59 AM PST",POSITIVE,0.9966071844100952
26528,self-care practices,0.7774850130081177,"Mar 12, 2024, 7:52:59 AM PST",POSITIVE,0.9966071844100952
26528,sleep and mental wellness,0.7474049925804138,"Mar 12, 2024, 7:52:59 AM PST",POSITIVE,0.9966071844100952
26528,therapy and mental health support,0.7382990121841431,"Mar 12, 2024, 7:52:59 AM PST",POSITIVE,0.9966071844100952
26528,trauma awareness and healing,0.6810123920440674,"Mar 12, 2024, 7:52:59 AM PST",POSITIVE,0.9966071844100952
26528,work-life balance and burnout,0.6131561398506165,"Mar 12, 2024, 7:52:59 AM PST",POSITIVE,0.9966071844100952
26528,anxiety and stress management,0.5998125076293945,"Mar 12, 2024, 7:52:59 AM PST",POSITIVE,0.9966071844100952
26528,depression and emotional support,0.41526561975479126,"Mar 12, 2024, 7:52:59 AM PST",POSITIVE,0.9966071844100952
26528,social anxiety and relationships,0.3563711643218994,"Mar 12, 2024, 7:52:59 AM PST",POSITIVE,0.9966071844100952
27371,self-improvement and personal growth,0.37669363617897034,"Mar 2, 2024, 12:44:58 AM PST",POSITIVE,0.9972705245018005
26962,motivation and mental strength,0.6060264110565186,"Mar 7, 2024, 2:30:18 AM PST",NEGATIVE,0.9476616382598877
26962,self-improvement and personal growth,0.5344099402427673,"Mar 7, 2024, 2:30:18 AM PST",NEGATIVE,0.9476616382598877
26962,mental health experiences,0.3810703456401825,"Mar 7, 2024, 2:30:18 AM PST",NEGATIVE,0.9476616382598877
26529,addiction awareness and recovery,0.8514194488525391,"Mar 12, 2024, 7:52:58 AM PST",POSITIVE,0.9994469285011292
26529,self-improvement and personal growth,0.7446821331977844,"Mar 12, 2024, 7:52:58 AM PST",POSITIVE,0.9994469285011292
26529,emotional health discussion,0.7432623505592346,"Mar 12, 2024, 7:52:58 AM PST",POSITIVE,0.9994469285011292
26529,motivation and mental strength,0.7171800136566162,"Mar 12, 2024, 7:52:58 AM PST",POSITIVE,0.9994469285011292
26529,mindfulness and mental wellness,0.7112119197845459,"Mar 12, 2024, 7:52:58 AM PST",POSITIVE,0.9994469285011292
26529,mental health experiences,0.6699680089950562,"Mar 12, 2024, 7:52:58 AM PST",POSITIVE,0.9994469285011292
26529,depression and emotional support,0.5913322567939758,"Mar 12, 2024, 7:52:58 AM PST",POSITIVE,0.9994469285011292
26529,therapy and mental health support,0.5695695877075195,"Mar 12, 2024, 7:52:58 AM PST",POSITIVE,0.9994469285011292
26529,self-care practices,0.5640195608139038,"Mar 12, 2024, 7:52:58 AM PST",POSITIVE,0.9994469285011292
26529,mental health education,0.44704562425613403,"Mar 12, 2024, 7:52:58 AM PST",POSITIVE,0.9994469285011292
26529,social anxiety and relationships,0.4132017195224762,"Mar 12, 2024, 7:52:58 AM PST",POSITIVE,0.9994469285011292
26530,trauma awareness and healing,0.910207211971283,"Mar 12, 2024, 7:52:56 AM PST",POSITIVE,0.7503764033317566
26530,self-improvement and personal growth,0.8469634056091309,"Mar 12, 2024, 7:52:56 AM PST",POSITIVE,0.7503764033317566
26530,addiction awareness and recovery,0.828559398651123,"Mar 12, 2024, 7:52:56 AM PST",POSITIVE,0.7503764033317566
26530,mental health experiences,0.8230176568031311,"Mar 12, 2024, 7:52:56 AM PST",POSITIVE,0.7503764033317566
26530,self-care practices,0.7576674222946167,"Mar 12, 2024, 7:52:56 AM PST",POSITIVE,0.7503764033317566
26530,emotional health discussion,0.7002918124198914,"Mar 12, 2024, 7:52:56 AM PST",POSITIVE,0.7503764033317566
26530,work-life balance and burnout,0.5850715637207031,"Mar 12, 2024, 7:52:56 AM PST",POSITIVE,0.7503764033317566
26530,mindfulness and mental wellness,0.4945635497570038,"Mar 12, 2024, 7:52:56 AM PST",POSITIVE,0.7503764033317566
26530,motivation and mental strength,0.4548702836036682,"Mar 12, 2024, 7:52:56 AM PST",POSITIVE,0.7503764033317566
26530,therapy and mental health support,0.4520362317562103,"Mar 12, 2024, 7:52:56 AM PST",POSITIVE,0.7503764033317566
26530,mental health education,0.43653446435928345,"Mar 12, 2024, 7:52:56 AM PST",POSITIVE,0.7503764033317566
26530,sleep and mental wellness,0.4033617675304413,"Mar 12, 2024, 7:52:56 AM PST",POSITIVE,0.7503764033317566
26530,anxiety and stress management,0.31327635049819946,"Mar 12, 2024, 7:52:56 AM PST",POSITIVE,0.7503764033317566
26963,sleep and mental wellness,0.9840201735496521,"Mar 7, 2024, 2:27:40 AM PST",POSITIVE,0.9838815927505493
26963,self-care practices,0.9740769267082214,"Mar 7, 2024, 2:27:40 AM PST",POSITIVE,0.9838815927505493
26963,motivation and mental strength,0.9697999954223633,"Mar 7, 2024, 2:27:40 AM PST",POSITIVE,0.9838815927505493
26963,mindfulness and mental wellness,0.9489123821258545,"Mar 7, 2024, 2:27:40 AM PST",POSITIVE,0.9838815927505493
26963,self-improvement and personal growth,0.8920621871948242,"Mar 7, 2024, 2:27:40 AM PST",POSITIVE,0.9838815927505493
26963,addiction awareness and recovery,0.659579873085022,"Mar 7, 2024, 2:27:40 AM PST",POSITIVE,0.9838815927505493
26963,mental health experiences,0.5342108011245728,"Mar 7, 2024, 2:27:40 AM PST",POSITIVE,0.9838815927505493
26963,work-life balance and burnout,0.500973105430603,"Mar 7, 2024, 2:27:40 AM PST",POSITIVE,0.9838815927505493
27372,anxiety and stress management,0.9941539764404297,"Mar 2, 2024, 12:36:29 AM PST",POSITIVE,0.993287980556488
27372,sleep and mental wellness,0.9925338625907898,"Mar 2, 2024, 12:36:29 AM PST",POSITIVE,0.993287980556488
27372,self-care practices,0.9802091717720032,"Mar 2, 2024, 12:36:29 AM PST",POSITIVE,0.993287980556488
27372,mental health experiences,0.9758549332618713,"Mar 2, 2024, 12:36:29 AM PST",POSITIVE,0.993287980556488
27372,mindfulness and mental wellness,0.9735977053642273,"Mar 2, 2024, 12:36:29 AM PST",POSITIVE,0.993287980556488
27372,emotional health discussion,0.9629840850830078,"Mar 2, 2024, 12:36:29 AM PST",POSITIVE,0.993287980556488
27372,depression and emotional support,0.8089432120323181,"Mar 2, 2024, 12:36:29 AM PST",POSITIVE,0.993287980556488
27372,mental health education,0.7242606282234192,"Mar 2, 2024, 12:36:29 AM PST",POSITIVE,0.993287980556488
27372,self-improvement and personal growth,0.578123152256012,"Mar 2, 2024, 12:36:29 AM PST",POSITIVE,0.993287980556488
27372,trauma awareness and healing,0.5641186237335205,"Mar 2, 2024, 12:36:29 AM PST",POSITIVE,0.993287980556488
27372,work-life balance and burnout,0.4894515573978424,"Mar 2, 2024, 12:36:29 AM PST",POSITIVE,0.993287980556488
27372,motivation and mental strength,0.48453816771507263,"Mar 2, 2024, 12:36:29 AM PST",POSITIVE,0.993287980556488
27372,therapy and mental health support,0.47485584020614624,"Mar 2, 2024, 12:36:29 AM PST",POSITIVE,0.993287980556488
26531,self-improvement and personal growth,0.9289676547050476,"Mar 12, 2024, 7:46:01 AM PST",NEGATIVE,0.9993681311607361
26531,mental health experiences,0.8908625245094299,"Mar 12, 2024, 7:46:01 AM PST",NEGATIVE,0.9993681311607361
26531,motivation and mental strength,0.8884996175765991,"Mar 12, 2024, 7:46:01 AM PST",NEGATIVE,0.9993681311607361
26531,self-care practices,0.8419666290283203,"Mar 12, 2024, 7:46:01 AM PST",NEGATIVE,0.9993681311607361
26531,mindfulness and mental wellness,0.7882725596427917,"Mar 12, 2024, 7:46:01 AM PST",NEGATIVE,0.9993681311607361
26531,addiction awareness and recovery,0.7549736499786377,"Mar 12, 2024, 7:46:01 AM PST",NEGATIVE,0.9993681311607361
26531,mental health education,0.6679837107658386,"Mar 12, 2024, 7:46:01 AM PST",NEGATIVE,0.9993681311607361
26531,emotional health discussion,0.6279783844947815,"Mar 12, 2024, 7:46:01 AM PST",NEGATIVE,0.9993681311607361
26531,work-life balance and burnout,0.5041235089302063,"Mar 12, 2024, 7:46:01 AM PST",NEGATIVE,0.9993681311607361
26531,social anxiety and relationships,0.4739799499511719,"Mar 12, 2024, 7:46:01 AM PST",NEGATIVE,0.9993681311607361
26531,therapy and mental health support,0.4710055887699127,"Mar 12, 2024, 7:46:01 AM PST",NEGATIVE,0.9993681311607361
26531,trauma awareness and healing,0.45263615250587463,"Mar 12, 2024, 7:46:01 AM PST",NEGATIVE,0.9993681311607361
26531,sleep and mental wellness,0.4029619097709656,"Mar 12, 2024, 7:46:01 AM PST",NEGATIVE,0.9993681311607361
26531,anxiety and stress management,0.3690456748008728,"Mar 12, 2024, 7:46:01 AM PST",NEGATIVE,0.9993681311607361
26531,depression and emotional support,0.3474631607532501,"Mar 12, 2024, 7:46:01 AM PST",NEGATIVE,0.9993681311607361
26964,motivation and mental strength,0.9437723159790039,"Mar 7, 2024, 2:24:06 AM PST",POSITIVE,0.8382516503334045
26964,sleep and mental wellness,0.8500986099243164,"Mar 7, 2024, 2:24:06 AM PST",POSITIVE,0.8382516503334045
26964,self-improvement and personal growth,0.8243513703346252,"Mar 7, 2024, 2:24:06 AM PST",POSITIVE,0.8382516503334045
26964,self-care practices,0.7950788736343384,"Mar 7, 2024, 2:24:06 AM PST",POSITIVE,0.8382516503334045
26964,addiction awareness and recovery,0.6394426822662354,"Mar 7, 2024, 2:24:06 AM PST",POSITIVE,0.8382516503334045
26964,mindfulness and mental wellness,0.6303429007530212,"Mar 7, 2024, 2:24:06 AM PST",POSITIVE,0.8382516503334045
26964,mental health experiences,0.5874587893486023,"Mar 7, 2024, 2:24:06 AM PST",POSITIVE,0.8382516503334045
26964,work-life balance and burnout,0.3566837012767792,"Mar 7, 2024, 2:24:06 AM PST",POSITIVE,0.8382516503334045
26964,trauma awareness and healing,0.3189829885959625,"Mar 7, 2024, 2:24:06 AM PST",POSITIVE,0.8382516503334045
26964,mental health education,0.30593541264533997,"Mar 7, 2024, 2:24:06 AM PST",POSITIVE,0.8382516503334045
27373,self-improvement and personal growth,0.9283902645111084,"Mar 2, 2024, 12:25:17 AM PST",NEGATIVE,0.9498980045318604
27373,motivation and mental strength,0.8765138983726501,"Mar 2, 2024, 12:25:17 AM PST",NEGATIVE,0.9498980045318604
27373,mindfulness and mental wellness,0.8609449863433838,"Mar 2, 2024, 12:25:17 AM PST",NEGATIVE,0.9498980045318604
27373,mental health experiences,0.8552711009979248,"Mar 2, 2024, 12:25:17 AM PST",NEGATIVE,0.9498980045318604
27373,addiction awareness and recovery,0.8290433883666992,"Mar 2, 2024, 12:25:17 AM PST",NEGATIVE,0.9498980045318604
27373,self-care practices,0.7683861255645752,"Mar 2, 2024, 12:25:17 AM PST",NEGATIVE,0.9498980045318604
27373,mental health education,0.7388340830802917,"Mar 2, 2024, 12:25:17 AM PST",NEGATIVE,0.9498980045318604
27373,trauma awareness and healing,0.73605877161026,"Mar 2, 2024, 12:25:17 AM PST",NEGATIVE,0.9498980045318604
27373,therapy and mental health support,0.6866641640663147,"Mar 2, 2024, 12:25:17 AM PST",NEGATIVE,0.9498980045318604
27373,emotional health discussion,0.6515917181968689,"Mar 2, 2024, 12:25:17 AM PST",NEGATIVE,0.9498980045318604
27373,sleep and mental wellness,0.6345832943916321,"Mar 2, 2024, 12:25:17 AM PST",NEGATIVE,0.9498980045318604
27373,work-life balance and burnout,0.6046183705329895,"Mar 2, 2024, 12:25:17 AM PST",NEGATIVE,0.9498980045318604
27373,depression and emotional support,0.6037060022354126,"Mar 2, 2024, 12:25:17 AM PST",NEGATIVE,0.9498980045318604
27373,anxiety and stress management,0.45072272419929504,"Mar 2, 2024, 12:25:17 AM PST",NEGATIVE,0.9498980045318604
27373,social anxiety and relationships,0.3747234642505646,"Mar 2, 2024, 12:25:17 AM PST",NEGATIVE,0.9498980045318604
26532,self-improvement and personal growth,0.9025141596794128,"Mar 12, 2024, 7:43:01 AM PST",POSITIVE,0.9954407215118408
26532,motivation and mental strength,0.8786945343017578,"Mar 12, 2024, 7:43:01 AM PST",POSITIVE,0.9954407215118408
26532,mental health experiences,0.8336740136146545,"Mar 12, 2024, 7:43:01 AM PST",POSITIVE,0.9954407215118408
26532,mindfulness and mental wellness,0.7565564513206482,"Mar 12, 2024, 7:43:01 AM PST",POSITIVE,0.9954407215118408
26532,self-care practices,0.733293890953064,"Mar 12, 2024, 7:43:01 AM PST",POSITIVE,0.9954407215118408
26532,addiction awareness and recovery,0.6544396281242371,"Mar 12, 2024, 7:43:01 AM PST",POSITIVE,0.9954407215118408
26532,mental health education,0.6228670477867126,"Mar 12, 2024, 7:43:01 AM PST",POSITIVE,0.9954407215118408
26532,therapy and mental health support,0.604606032371521,"Mar 12, 2024, 7:43:01 AM PST",POSITIVE,0.9954407215118408
26532,trauma awareness and healing,0.567984402179718,"Mar 12, 2024, 7:43:01 AM PST",POSITIVE,0.9954407215118408
26532,emotional health discussion,0.5625967383384705,"Mar 12, 2024, 7:43:01 AM PST",POSITIVE,0.9954407215118408
26532,work-life balance and burnout,0.4345133900642395,"Mar 12, 2024, 7:43:01 AM PST",POSITIVE,0.9954407215118408
26532,sleep and mental wellness,0.30837470293045044,"Mar 12, 2024, 7:43:01 AM PST",POSITIVE,0.9954407215118408
26965,self-improvement and personal growth,0.859015703201294,"Mar 7, 2024, 2:21:10 AM PST",NEGATIVE,0.971788763999939
26965,mental health experiences,0.799108624458313,"Mar 7, 2024, 2:21:10 AM PST",NEGATIVE,0.971788763999939
26965,motivation and mental strength,0.7978308796882629,"Mar 7, 2024, 2:21:10 AM PST",NEGATIVE,0.971788763999939
26965,emotional health discussion,0.7457295060157776,"Mar 7, 2024, 2:21:10 AM PST",NEGATIVE,0.971788763999939
26965,mindfulness and mental wellness,0.6267733573913574,"Mar 7, 2024, 2:21:10 AM PST",NEGATIVE,0.971788763999939
26965,sleep and mental wellness,0.6053205132484436,"Mar 7, 2024, 2:21:10 AM PST",NEGATIVE,0.971788763999939
26965,self-care practices,0.5465417504310608,"Mar 7, 2024, 2:21:10 AM PST",NEGATIVE,0.971788763999939
26965,anxiety and stress management,0.522304117679596,"Mar 7, 2024, 2:21:10 AM PST",NEGATIVE,0.971788763999939
26965,trauma awareness and healing,0.3770812749862671,"Mar 7, 2024, 2:21:10 AM PST",NEGATIVE,0.971788763999939
26965,addiction awareness and recovery,0.3739285171031952,"Mar 7, 2024, 2:21:10 AM PST",NEGATIVE,0.971788763999939
26965,mental health education,0.3056991696357727,"Mar 7, 2024, 2:21:10 AM PST",NEGATIVE,0.971788763999939
26533,self-improvement and personal growth,0.9635037779808044,"Mar 12, 2024, 7:42:43 AM PST",POSITIVE,0.9883316159248352
26533,motivation and mental strength,0.9499856233596802,"Mar 12, 2024, 7:42:43 AM PST",POSITIVE,0.9883316159248352
26533,mindfulness and mental wellness,0.9330341815948486,"Mar 12, 2024, 7:42:43 AM PST",POSITIVE,0.9883316159248352
26533,mental health experiences,0.8201815485954285,"Mar 12, 2024, 7:42:43 AM PST",POSITIVE,0.9883316159248352
26533,self-care practices,0.7991852760314941,"Mar 12, 2024, 7:42:43 AM PST",POSITIVE,0.9883316159248352
26533,addiction awareness and recovery,0.7235869765281677,"Mar 12, 2024, 7:42:43 AM PST",POSITIVE,0.9883316159248352
26533,therapy and mental health support,0.6164587736129761,"Mar 12, 2024, 7:42:43 AM PST",POSITIVE,0.9883316159248352
26533,mental health education,0.6083001494407654,"Mar 12, 2024, 7:42:43 AM PST",POSITIVE,0.9883316159248352
26533,trauma awareness and healing,0.5838398337364197,"Mar 12, 2024, 7:42:43 AM PST",POSITIVE,0.9883316159248352
26533,emotional health discussion,0.5110147595405579,"Mar 12, 2024, 7:42:43 AM PST",POSITIVE,0.9883316159248352
26533,sleep and mental wellness,0.4087007939815521,"Mar 12, 2024, 7:42:43 AM PST",POSITIVE,0.9883316159248352
26533,work-life balance and burnout,0.40075138211250305,"Mar 12, 2024, 7:42:43 AM PST",POSITIVE,0.9883316159248352
27374,sleep and mental wellness,0.9343734383583069,"Mar 2, 2024, 12:22:39 AM PST",POSITIVE,0.9918346405029297
27374,self-care practices,0.8977378010749817,"Mar 2, 2024, 12:22:39 AM PST",POSITIVE,0.9918346405029297
27374,mindfulness and mental wellness,0.8636868000030518,"Mar 2, 2024, 12:22:39 AM PST",POSITIVE,0.9918346405029297
27374,anxiety and stress management,0.6503700613975525,"Mar 2, 2024, 12:22:39 AM PST",POSITIVE,0.9918346405029297
27374,self-improvement and personal growth,0.49003100395202637,"Mar 2, 2024, 12:22:39 AM PST",POSITIVE,0.9918346405029297
27374,mental health experiences,0.3051111102104187,"Mar 2, 2024, 12:22:39 AM PST",POSITIVE,0.9918346405029297
26966,motivation and mental strength,0.699005663394928,"Mar 7, 2024, 2:17:40 AM PST",POSITIVE,0.9153066873550415
26966,self-improvement and personal growth,0.6883463263511658,"Mar 7, 2024, 2:17:40 AM PST",POSITIVE,0.9153066873550415
26966,mental health experiences,0.5308257341384888,"Mar 7, 2024, 2:17:40 AM PST",POSITIVE,0.9153066873550415
26966,mindfulness and mental wellness,0.3660462200641632,"Mar 7, 2024, 2:17:40 AM PST",POSITIVE,0.9153066873550415
27375,mindfulness and mental wellness,0.9621104598045349,"Mar 2, 2024, 12:18:40 AM PST",NEGATIVE,0.918188214302063
27375,motivation and mental strength,0.949796199798584,"Mar 2, 2024, 12:18:40 AM PST",NEGATIVE,0.918188214302063
27375,self-improvement and personal growth,0.9220228791236877,"Mar 2, 2024, 12:18:40 AM PST",NEGATIVE,0.918188214302063
27375,sleep and mental wellness,0.8900743126869202,"Mar 2, 2024, 12:18:40 AM PST",NEGATIVE,0.918188214302063
27375,mental health experiences,0.8299062848091125,"Mar 2, 2024, 12:18:40 AM PST",NEGATIVE,0.918188214302063
27375,emotional health discussion,0.7757043838500977,"Mar 2, 2024, 12:18:40 AM PST",NEGATIVE,0.918188214302063
27375,self-care practices,0.7711847424507141,"Mar 2, 2024, 12:18:40 AM PST",NEGATIVE,0.918188214302063
27375,mental health education,0.6982561945915222,"Mar 2, 2024, 12:18:40 AM PST",NEGATIVE,0.918188214302063
27375,therapy and mental health support,0.5953956246376038,"Mar 2, 2024, 12:18:40 AM PST",NEGATIVE,0.918188214302063
27375,addiction awareness and recovery,0.5813552141189575,"Mar 2, 2024, 12:18:40 AM PST",NEGATIVE,0.918188214302063
27375,trauma awareness and healing,0.5649771690368652,"Mar 2, 2024, 12:18:40 AM PST",NEGATIVE,0.918188214302063
27375,work-life balance and burnout,0.5441895723342896,"Mar 2, 2024, 12:18:40 AM PST",NEGATIVE,0.918188214302063
27375,depression and emotional support,0.46464017033576965,"Mar 2, 2024, 12:18:40 AM PST",NEGATIVE,0.918188214302063
27375,social anxiety and relationships,0.32321614027023315,"Mar 2, 2024, 12:18:40 AM PST",NEGATIVE,0.918188214302063
26534,self-improvement and personal growth,0.7935641407966614,"Mar 12, 2024, 7:39:08 AM PST",POSITIVE,0.609752893447876
26534,motivation and mental strength,0.7130175828933716,"Mar 12, 2024, 7:39:08 AM PST",POSITIVE,0.609752893447876
26534,mental health experiences,0.6012693643569946,"Mar 12, 2024, 7:39:08 AM PST",POSITIVE,0.609752893447876
26534,mindfulness and mental wellness,0.5200051665306091,"Mar 12, 2024, 7:39:08 AM PST",POSITIVE,0.609752893447876
26534,addiction awareness and recovery,0.4483765959739685,"Mar 12, 2024, 7:39:08 AM PST",POSITIVE,0.609752893447876
26534,self-care practices,0.35586851835250854,"Mar 12, 2024, 7:39:08 AM PST",POSITIVE,0.609752893447876
26967,self-improvement and personal growth,0.782162606716156,"Mar 7, 2024, 2:13:32 AM PST",POSITIVE,0.9994080066680908
26967,motivation and mental strength,0.7579308748245239,"Mar 7, 2024, 2:13:32 AM PST",POSITIVE,0.9994080066680908
26967,mental health experiences,0.6959021687507629,"Mar 7, 2024, 2:13:32 AM PST",POSITIVE,0.9994080066680908
26967,mindfulness and mental wellness,0.33273446559906006,"Mar 7, 2024, 2:13:32 AM PST",POSITIVE,0.9994080066680908
26967,addiction awareness and recovery,0.31674909591674805,"Mar 7, 2024, 2:13:32 AM PST",POSITIVE,0.9994080066680908
26967,self-care practices,0.3099641799926758,"Mar 7, 2024, 2:13:32 AM PST",POSITIVE,0.9994080066680908
26535,self-improvement and personal growth,0.7906274199485779,"Mar 12, 2024, 7:35:47 AM PST",NEGATIVE,0.8405658006668091
26535,motivation and mental strength,0.7570067644119263,"Mar 12, 2024, 7:35:47 AM PST",NEGATIVE,0.8405658006668091
26535,emotional health discussion,0.5917231440544128,"Mar 12, 2024, 7:35:47 AM PST",NEGATIVE,0.8405658006668091
26968,motivation and mental strength,0.9287802577018738,Martin Garrix feat. Bonn - High On Life (Official Video),POSITIVE,0.9923267960548401
26968,self-improvement and personal growth,0.861096203327179,Martin Garrix feat. Bonn - High On Life (Official Video),POSITIVE,0.9923267960548401
26968,mindfulness and mental wellness,0.591815710067749,Martin Garrix feat. Bonn - High On Life (Official Video),POSITIVE,0.9923267960548401
26968,mental health experiences,0.5609330534934998,Martin Garrix feat. Bonn - High On Life (Official Video),POSITIVE,0.9923267960548401
26968,self-care practices,0.49624064564704895,Martin Garrix feat. Bonn - High On Life (Official Video),POSITIVE,0.9923267960548401
26968,addiction awareness and recovery,0.44466662406921387,Martin Garrix feat. Bonn - High On Life (Official Video),POSITIVE,0.9923267960548401
27376,sleep and mental wellness,0.9024808406829834,"Mar 2, 2024, 12:18:30 AM PST",NEGATIVE,0.7908934354782104
27376,mindfulness and mental wellness,0.8869835734367371,"Mar 2, 2024, 12:18:30 AM PST",NEGATIVE,0.7908934354782104
27376,self-care practices,0.8722999691963196,"Mar 2, 2024, 12:18:30 AM PST",NEGATIVE,0.7908934354782104
27376,mental health experiences,0.39134493470191956,"Mar 2, 2024, 12:18:30 AM PST",NEGATIVE,0.7908934354782104
27376,anxiety and stress management,0.3599757254123688,"Mar 2, 2024, 12:18:30 AM PST",NEGATIVE,0.7908934354782104
26536,self-improvement and personal growth,0.9520995616912842,"Mar 12, 2024, 7:33:04 AM PST",POSITIVE,0.9829846024513245
26536,motivation and mental strength,0.9274863004684448,"Mar 12, 2024, 7:33:04 AM PST",POSITIVE,0.9829846024513245
26536,mindfulness and mental wellness,0.8980589509010315,"Mar 12, 2024, 7:33:04 AM PST",POSITIVE,0.9829846024513245
26536,mental health experiences,0.8977285027503967,"Mar 12, 2024, 7:33:04 AM PST",POSITIVE,0.9829846024513245
26536,self-care practices,0.8127804398536682,"Mar 12, 2024, 7:33:04 AM PST",POSITIVE,0.9829846024513245
26536,addiction awareness and recovery,0.7680251002311707,"Mar 12, 2024, 7:33:04 AM PST",POSITIVE,0.9829846024513245
26536,therapy and mental health support,0.7627342939376831,"Mar 12, 2024, 7:33:04 AM PST",POSITIVE,0.9829846024513245
26536,mental health education,0.7378235459327698,"Mar 12, 2024, 7:33:04 AM PST",POSITIVE,0.9829846024513245
26536,trauma awareness and healing,0.6363128423690796,"Mar 12, 2024, 7:33:04 AM PST",POSITIVE,0.9829846024513245
26536,emotional health discussion,0.6232736110687256,"Mar 12, 2024, 7:33:04 AM PST",POSITIVE,0.9829846024513245
26536,work-life balance and burnout,0.561782717704773,"Mar 12, 2024, 7:33:04 AM PST",POSITIVE,0.9829846024513245
26536,anxiety and stress management,0.3778951168060303,"Mar 12, 2024, 7:33:04 AM PST",POSITIVE,0.9829846024513245
26536,sleep and mental wellness,0.33354344964027405,"Mar 12, 2024, 7:33:04 AM PST",POSITIVE,0.9829846024513245
26536,social anxiety and relationships,0.3234010636806488,"Mar 12, 2024, 7:33:04 AM PST",POSITIVE,0.9829846024513245
26536,depression and emotional support,0.30070993304252625,"Mar 12, 2024, 7:33:04 AM PST",POSITIVE,0.9829846024513245
26969,self-improvement and personal growth,0.6871987581253052,"Mar 7, 2024, 2:06:36 AM PST",POSITIVE,0.9984627962112427
26969,motivation and mental strength,0.5620131492614746,"Mar 7, 2024, 2:06:36 AM PST",POSITIVE,0.9984627962112427
27377,self-improvement and personal growth,0.7547853589057922,"Mar 2, 2024, 12:15:44 AM PST",NEGATIVE,0.8709338903427124
27377,motivation and mental strength,0.6647079586982727,"Mar 2, 2024, 12:15:44 AM PST",NEGATIVE,0.8709338903427124
27377,self-care practices,0.5734413266181946,"Mar 2, 2024, 12:15:44 AM PST",NEGATIVE,0.8709338903427124
27377,mindfulness and mental wellness,0.5029157400131226,"Mar 2, 2024, 12:15:44 AM PST",NEGATIVE,0.8709338903427124
27377,mental health experiences,0.4807059168815613,"Mar 2, 2024, 12:15:44 AM PST",NEGATIVE,0.8709338903427124
27377,addiction awareness and recovery,0.36053162813186646,"Mar 2, 2024, 12:15:44 AM PST",NEGATIVE,0.8709338903427124
26537,self-improvement and personal growth,0.7984893918037415,"Mar 12, 2024, 7:29:44 AM PST",POSITIVE,0.996791422367096
26537,mindfulness and mental wellness,0.7462792992591858,"Mar 12, 2024, 7:29:44 AM PST",POSITIVE,0.996791422367096
26537,motivation and mental strength,0.7432729601860046,"Mar 12, 2024, 7:29:44 AM PST",POSITIVE,0.996791422367096
26537,mental health experiences,0.6727191805839539,"Mar 12, 2024, 7:29:44 AM PST",POSITIVE,0.996791422367096
26537,addiction awareness and recovery,0.6306219100952148,"Mar 12, 2024, 7:29:44 AM PST",POSITIVE,0.996791422367096
26537,therapy and mental health support,0.6036633849143982,"Mar 12, 2024, 7:29:44 AM PST",POSITIVE,0.996791422367096
26537,mental health education,0.4881093204021454,"Mar 12, 2024, 7:29:44 AM PST",POSITIVE,0.996791422367096
26537,self-care practices,0.4602857232093811,"Mar 12, 2024, 7:29:44 AM PST",POSITIVE,0.996791422367096
26537,depression and emotional support,0.39834415912628174,"Mar 12, 2024, 7:29:44 AM PST",POSITIVE,0.996791422367096
26537,trauma awareness and healing,0.3897739052772522,"Mar 12, 2024, 7:29:44 AM PST",POSITIVE,0.996791422367096
26537,emotional health discussion,0.36883851885795593,"Mar 12, 2024, 7:29:44 AM PST",POSITIVE,0.996791422367096
26970,self-improvement and personal growth,0.8983936905860901,"Mar 7, 2024, 2:02:29 AM PST",NEGATIVE,0.998075008392334
26970,mental health experiences,0.8946033120155334,"Mar 7, 2024, 2:02:29 AM PST",NEGATIVE,0.998075008392334
26970,trauma awareness and healing,0.8450730443000793,"Mar 7, 2024, 2:02:29 AM PST",NEGATIVE,0.998075008392334
26970,emotional health discussion,0.6951178908348083,"Mar 7, 2024, 2:02:29 AM PST",NEGATIVE,0.998075008392334
26970,work-life balance and burnout,0.6339730620384216,"Mar 7, 2024, 2:02:29 AM PST",NEGATIVE,0.998075008392334
26970,mental health education,0.6231818199157715,"Mar 7, 2024, 2:02:29 AM PST",NEGATIVE,0.998075008392334
26970,addiction awareness and recovery,0.5296362638473511,"Mar 7, 2024, 2:02:29 AM PST",NEGATIVE,0.998075008392334
26970,self-care practices,0.5166293382644653,"Mar 7, 2024, 2:02:29 AM PST",NEGATIVE,0.998075008392334
26970,motivation and mental strength,0.36326509714126587,"Mar 7, 2024, 2:02:29 AM PST",NEGATIVE,0.998075008392334
26538,self-improvement and personal growth,0.8801761269569397,"Mar 12, 2024, 6:25:43 AM PST",NEGATIVE,0.725419282913208
26538,motivation and mental strength,0.8740540146827698,"Mar 12, 2024, 6:25:43 AM PST",NEGATIVE,0.725419282913208
26538,self-care practices,0.8585769534111023,"Mar 12, 2024, 6:25:43 AM PST",NEGATIVE,0.725419282913208
26538,mindfulness and mental wellness,0.8515709638595581,"Mar 12, 2024, 6:25:43 AM PST",NEGATIVE,0.725419282913208
26538,mental health experiences,0.7560843229293823,"Mar 12, 2024, 6:25:43 AM PST",NEGATIVE,0.725419282913208
26538,sleep and mental wellness,0.7079218626022339,"Mar 12, 2024, 6:25:43 AM PST",NEGATIVE,0.725419282913208
26538,mental health education,0.6648522019386292,"Mar 12, 2024, 6:25:43 AM PST",NEGATIVE,0.725419282913208
26538,emotional health discussion,0.6281226277351379,"Mar 12, 2024, 6:25:43 AM PST",NEGATIVE,0.725419282913208
26538,addiction awareness and recovery,0.6269967555999756,"Mar 12, 2024, 6:25:43 AM PST",NEGATIVE,0.725419282913208
26538,therapy and mental health support,0.6205438375473022,"Mar 12, 2024, 6:25:43 AM PST",NEGATIVE,0.725419282913208
26538,trauma awareness and healing,0.5898354053497314,"Mar 12, 2024, 6:25:43 AM PST",NEGATIVE,0.725419282913208
26538,work-life balance and burnout,0.5573883056640625,"Mar 12, 2024, 6:25:43 AM PST",NEGATIVE,0.725419282913208
26538,social anxiety and relationships,0.42234382033348083,"Mar 12, 2024, 6:25:43 AM PST",NEGATIVE,0.725419282913208
26538,depression and emotional support,0.377290815114975,"Mar 12, 2024, 6:25:43 AM PST",NEGATIVE,0.725419282913208
27378,mindfulness and mental wellness,0.9886765480041504,"Mar 2, 2024, 12:04:18 AM PST",POSITIVE,0.9937365055084229
27378,sleep and mental wellness,0.978558361530304,"Mar 2, 2024, 12:04:18 AM PST",POSITIVE,0.9937365055084229
27378,self-care practices,0.9510875344276428,"Mar 2, 2024, 12:04:18 AM PST",POSITIVE,0.9937365055084229
27378,anxiety and stress management,0.6889953017234802,"Mar 2, 2024, 12:04:18 AM PST",POSITIVE,0.9937365055084229
27378,mental health experiences,0.6279841065406799,"Mar 2, 2024, 12:04:18 AM PST",POSITIVE,0.9937365055084229
27378,emotional health discussion,0.37293869256973267,"Mar 2, 2024, 12:04:18 AM PST",POSITIVE,0.9937365055084229
26539,self-improvement and personal growth,0.346757173538208,"Mar 12, 2024, 6:13:55 AM PST",POSITIVE,0.9888394474983215
26971,motivation and mental strength,0.8831300735473633,"Mar 7, 2024, 1:57:29 AM PST",POSITIVE,0.9754543304443359
26971,self-improvement and personal growth,0.8526119589805603,"Mar 7, 2024, 1:57:29 AM PST",POSITIVE,0.9754543304443359
26971,mindfulness and mental wellness,0.6231027841567993,"Mar 7, 2024, 1:57:29 AM PST",POSITIVE,0.9754543304443359
26971,addiction awareness and recovery,0.5882734060287476,"Mar 7, 2024, 1:57:29 AM PST",POSITIVE,0.9754543304443359
26971,mental health experiences,0.560104250907898,"Mar 7, 2024, 1:57:29 AM PST",POSITIVE,0.9754543304443359
26971,self-care practices,0.4486718773841858,"Mar 7, 2024, 1:57:29 AM PST",POSITIVE,0.9754543304443359
26971,trauma awareness and healing,0.3703599274158478,"Mar 7, 2024, 1:57:29 AM PST",POSITIVE,0.9754543304443359
27379,self-improvement and personal growth,0.9076043963432312,"Mar 2, 2024, 12:02:47 AM PST",POSITIVE,0.978394627571106
27379,motivation and mental strength,0.8952204585075378,"Mar 2, 2024, 12:02:47 AM PST",POSITIVE,0.978394627571106
27379,mindfulness and mental wellness,0.854839563369751,"Mar 2, 2024, 12:02:47 AM PST",POSITIVE,0.978394627571106
27379,mental health experiences,0.8195408582687378,"Mar 2, 2024, 12:02:47 AM PST",POSITIVE,0.978394627571106
27379,self-care practices,0.7521105408668518,"Mar 2, 2024, 12:02:47 AM PST",POSITIVE,0.978394627571106
27379,addiction awareness and recovery,0.7351703643798828,"Mar 2, 2024, 12:02:47 AM PST",POSITIVE,0.978394627571106
27379,mental health education,0.6367396712303162,"Mar 2, 2024, 12:02:47 AM PST",POSITIVE,0.978394627571106
27379,trauma awareness and healing,0.509213387966156,"Mar 2, 2024, 12:02:47 AM PST",POSITIVE,0.978394627571106
27379,emotional health discussion,0.49570292234420776,"Mar 2, 2024, 12:02:47 AM PST",POSITIVE,0.978394627571106
27379,therapy and mental health support,0.477450430393219,"Mar 2, 2024, 12:02:47 AM PST",POSITIVE,0.978394627571106
27379,work-life balance and burnout,0.4574603736400604,"Mar 2, 2024, 12:02:47 AM PST",POSITIVE,0.978394627571106
27379,sleep and mental wellness,0.41822636127471924,"Mar 2, 2024, 12:02:47 AM PST",POSITIVE,0.978394627571106
27379,social anxiety and relationships,0.33847567439079285,"Mar 2, 2024, 12:02:47 AM PST",POSITIVE,0.978394627571106
26540,mental health experiences,0.9751508235931396,"Mar 12, 2024, 6:12:58 AM PST",NEGATIVE,0.7968008518218994
26540,mindfulness and mental wellness,0.9537076950073242,"Mar 12, 2024, 6:12:58 AM PST",NEGATIVE,0.7968008518218994
26540,motivation and mental strength,0.9524105191230774,"Mar 12, 2024, 6:12:58 AM PST",NEGATIVE,0.7968008518218994
26540,self-improvement and personal growth,0.9405525922775269,"Mar 12, 2024, 6:12:58 AM PST",NEGATIVE,0.7968008518218994
26540,emotional health discussion,0.9149332046508789,"Mar 12, 2024, 6:12:58 AM PST",NEGATIVE,0.7968008518218994
26540,mental health education,0.9110374450683594,"Mar 12, 2024, 6:12:58 AM PST",NEGATIVE,0.7968008518218994
26540,trauma awareness and healing,0.9056831002235413,"Mar 12, 2024, 6:12:58 AM PST",NEGATIVE,0.7968008518218994
26540,therapy and mental health support,0.8533510565757751,"Mar 12, 2024, 6:12:58 AM PST",NEGATIVE,0.7968008518218994
26540,self-care practices,0.8465935587882996,"Mar 12, 2024, 6:12:58 AM PST",NEGATIVE,0.7968008518218994
26540,social anxiety and relationships,0.8359804749488831,"Mar 12, 2024, 6:12:58 AM PST",NEGATIVE,0.7968008518218994
26540,addiction awareness and recovery,0.821131706237793,"Mar 12, 2024, 6:12:58 AM PST",NEGATIVE,0.7968008518218994
26540,sleep and mental wellness,0.7502385973930359,"Mar 12, 2024, 6:12:58 AM PST",NEGATIVE,0.7968008518218994
26540,depression and emotional support,0.7282091379165649,"Mar 12, 2024, 6:12:58 AM PST",NEGATIVE,0.7968008518218994
26540,work-life balance and burnout,0.725013792514801,"Mar 12, 2024, 6:12:58 AM PST",NEGATIVE,0.7968008518218994
26540,anxiety and stress management,0.7012906670570374,"Mar 12, 2024, 6:12:58 AM PST",NEGATIVE,0.7968008518218994
26972,self-improvement and personal growth,0.8289315104484558,"Mar 7, 2024, 1:54:00 AM PST",POSITIVE,0.7407066226005554
26972,addiction awareness and recovery,0.7782413363456726,"Mar 7, 2024, 1:54:00 AM PST",POSITIVE,0.7407066226005554
26972,self-care practices,0.7104466557502747,"Mar 7, 2024, 1:54:00 AM PST",POSITIVE,0.7407066226005554
26972,mental health experiences,0.699842631816864,"Mar 7, 2024, 1:54:00 AM PST",POSITIVE,0.7407066226005554
26972,motivation and mental strength,0.6752455830574036,"Mar 7, 2024, 1:54:00 AM PST",POSITIVE,0.7407066226005554
26972,mindfulness and mental wellness,0.5981679558753967,"Mar 7, 2024, 1:54:00 AM PST",POSITIVE,0.7407066226005554
26972,sleep and mental wellness,0.4765704870223999,"Mar 7, 2024, 1:54:00 AM PST",POSITIVE,0.7407066226005554
26972,mental health education,0.3683498203754425,"Mar 7, 2024, 1:54:00 AM PST",POSITIVE,0.7407066226005554
26972,emotional health discussion,0.36462563276290894,"Mar 7, 2024, 1:54:00 AM PST",POSITIVE,0.7407066226005554
26972,therapy and mental health support,0.3548661768436432,"Mar 7, 2024, 1:54:00 AM PST",POSITIVE,0.7407066226005554
26972,trauma awareness and healing,0.349538654088974,"Mar 7, 2024, 1:54:00 AM PST",POSITIVE,0.7407066226005554
26972,work-life balance and burnout,0.3078458607196808,"Mar 7, 2024, 1:54:00 AM PST",POSITIVE,0.7407066226005554
27380,motivation and mental strength,0.9581863284111023,"Mar 1, 2024, 9:39:27 PM PST",POSITIVE,0.9599851965904236
27380,self-improvement and personal growth,0.5027021765708923,"Mar 1, 2024, 9:39:27 PM PST",POSITIVE,0.9599851965904236
27380,mental health experiences,0.3228006064891815,"Mar 1, 2024, 9:39:27 PM PST",POSITIVE,0.9599851965904236
26541,self-improvement and personal growth,0.5733899474143982,"Mar 12, 2024, 5:44:34 AM PST",POSITIVE,0.9965983033180237
26541,motivation and mental strength,0.5051995515823364,"Mar 12, 2024, 5:44:34 AM PST",POSITIVE,0.9965983033180237
26541,mindfulness and mental wellness,0.48459935188293457,"Mar 12, 2024, 5:44:34 AM PST",POSITIVE,0.9965983033180237
26973,self-improvement and personal growth,0.9589399099349976,"Mar 7, 2024, 1:50:35 AM PST",POSITIVE,0.5980165004730225
26973,motivation and mental strength,0.8794286847114563,"Mar 7, 2024, 1:50:35 AM PST",POSITIVE,0.5980165004730225
26973,mindfulness and mental wellness,0.8641756176948547,"Mar 7, 2024, 1:50:35 AM PST",POSITIVE,0.5980165004730225
26973,mental health experiences,0.6499197483062744,"Mar 7, 2024, 1:50:35 AM PST",POSITIVE,0.5980165004730225
26973,emotional health discussion,0.6235467791557312,"Mar 7, 2024, 1:50:35 AM PST",POSITIVE,0.5980165004730225
26973,mental health education,0.5896943211555481,"Mar 7, 2024, 1:50:35 AM PST",POSITIVE,0.5980165004730225
26973,sleep and mental wellness,0.566795289516449,"Mar 7, 2024, 1:50:35 AM PST",POSITIVE,0.5980165004730225
26973,addiction awareness and recovery,0.42003822326660156,"Mar 7, 2024, 1:50:35 AM PST",POSITIVE,0.5980165004730225
26973,trauma awareness and healing,0.37084269523620605,"Mar 7, 2024, 1:50:35 AM PST",POSITIVE,0.5980165004730225
26973,self-care practices,0.33180850744247437,"Mar 7, 2024, 1:50:35 AM PST",POSITIVE,0.5980165004730225
26973,work-life balance and burnout,0.31863030791282654,"Mar 7, 2024, 1:50:35 AM PST",POSITIVE,0.5980165004730225
26973,anxiety and stress management,0.31402093172073364,"Mar 7, 2024, 1:50:35 AM PST",POSITIVE,0.5980165004730225
27381,self-improvement and personal growth,0.710054874420166,"Mar 1, 2024, 9:35:50 PM PST",POSITIVE,0.6295612454414368
27381,motivation and mental strength,0.6302658319473267,"Mar 1, 2024, 9:35:50 PM PST",POSITIVE,0.6295612454414368
27381,mental health experiences,0.49768102169036865,"Mar 1, 2024, 9:35:50 PM PST",POSITIVE,0.6295612454414368
27381,mindfulness and mental wellness,0.3083816468715668,"Mar 1, 2024, 9:35:50 PM PST",POSITIVE,0.6295612454414368
26542,motivation and mental strength,0.7447942495346069,"Mar 12, 2024, 5:42:35 AM PST",POSITIVE,0.9178112745285034
26542,self-improvement and personal growth,0.6470420360565186,"Mar 12, 2024, 5:42:35 AM PST",POSITIVE,0.9178112745285034
26542,mindfulness and mental wellness,0.40851327776908875,"Mar 12, 2024, 5:42:35 AM PST",POSITIVE,0.9178112745285034
26974,self-improvement and personal growth,0.710054874420166,"Mar 7, 2024, 1:46:12 AM PST",POSITIVE,0.6295612454414368
26974,motivation and mental strength,0.6302658319473267,"Mar 7, 2024, 1:46:12 AM PST",POSITIVE,0.6295612454414368
26974,mental health experiences,0.49768102169036865,"Mar 7, 2024, 1:46:12 AM PST",POSITIVE,0.6295612454414368
26974,mindfulness and mental wellness,0.3083816468715668,"Mar 7, 2024, 1:46:12 AM PST",POSITIVE,0.6295612454414368
26975,self-improvement and personal growth,0.764670729637146,"Mar 7, 2024, 1:46:00 AM PST",POSITIVE,0.9978051781654358
26975,motivation and mental strength,0.670295000076294,"Mar 7, 2024, 1:46:00 AM PST",POSITIVE,0.9978051781654358
26975,mental health experiences,0.6044350862503052,"Mar 7, 2024, 1:46:00 AM PST",POSITIVE,0.9978051781654358
26975,self-care practices,0.3233160078525543,"Mar 7, 2024, 1:46:00 AM PST",POSITIVE,0.9978051781654358
27382,mental health experiences,0.8846646547317505,"Mar 1, 2024, 9:32:26 PM PST",POSITIVE,0.9587003588676453
27382,motivation and mental strength,0.862461507320404,"Mar 1, 2024, 9:32:26 PM PST",POSITIVE,0.9587003588676453
27382,self-improvement and personal growth,0.6603023409843445,"Mar 1, 2024, 9:32:26 PM PST",POSITIVE,0.9587003588676453
27382,work-life balance and burnout,0.34841111302375793,"Mar 1, 2024, 9:32:26 PM PST",POSITIVE,0.9587003588676453
27382,emotional health discussion,0.31549692153930664,"Mar 1, 2024, 9:32:26 PM PST",POSITIVE,0.9587003588676453
27382,addiction awareness and recovery,0.30403682589530945,"Mar 1, 2024, 9:32:26 PM PST",POSITIVE,0.9587003588676453
26544,self-improvement and personal growth,0.8041067719459534,"Mar 11, 2024, 9:41:01 PM PST",POSITIVE,0.8849635124206543
26544,motivation and mental strength,0.6078278422355652,"Mar 11, 2024, 9:41:01 PM PST",POSITIVE,0.8849635124206543
26544,mental health experiences,0.36766430735588074,"Mar 11, 2024, 9:41:01 PM PST",POSITIVE,0.8849635124206543
27383,self-improvement and personal growth,0.6819683313369751,"Mar 1, 2024, 9:29:01 PM PST",POSITIVE,0.8422959446907043
27383,motivation and mental strength,0.6112806797027588,"Mar 1, 2024, 9:29:01 PM PST",POSITIVE,0.8422959446907043
27383,mental health experiences,0.5186007022857666,"Mar 1, 2024, 9:29:01 PM PST",POSITIVE,0.8422959446907043
27383,social anxiety and relationships,0.48658326268196106,"Mar 1, 2024, 9:29:01 PM PST",POSITIVE,0.8422959446907043
27383,mindfulness and mental wellness,0.3748261034488678,"Mar 1, 2024, 9:29:01 PM PST",POSITIVE,0.8422959446907043
26976,motivation and mental strength,0.5309329628944397,"Mar 7, 2024, 1:40:36 AM PST",POSITIVE,0.9236475825309753
26976,self-improvement and personal growth,0.4880068004131317,"Mar 7, 2024, 1:40:36 AM PST",POSITIVE,0.9236475825309753
26976,mental health experiences,0.329996794462204,"Mar 7, 2024, 1:40:36 AM PST",POSITIVE,0.9236475825309753
26545,self-improvement and personal growth,0.7877764701843262,"Mar 11, 2024, 9:37:47 PM PST",NEGATIVE,0.866844654083252
26545,motivation and mental strength,0.6167957782745361,"Mar 11, 2024, 9:37:47 PM PST",NEGATIVE,0.866844654083252
26545,mental health experiences,0.36816301941871643,"Mar 11, 2024, 9:37:47 PM PST",NEGATIVE,0.866844654083252
27384,self-improvement and personal growth,0.812991738319397,"Mar 1, 2024, 9:27:17 PM PST",POSITIVE,0.9938799142837524
27384,motivation and mental strength,0.6733852028846741,"Mar 1, 2024, 9:27:17 PM PST",POSITIVE,0.9938799142837524
27384,addiction awareness and recovery,0.6256377696990967,"Mar 1, 2024, 9:27:17 PM PST",POSITIVE,0.9938799142837524
27384,mental health experiences,0.5439342260360718,"Mar 1, 2024, 9:27:17 PM PST",POSITIVE,0.9938799142837524
27384,mindfulness and mental wellness,0.5005114078521729,"Mar 1, 2024, 9:27:17 PM PST",POSITIVE,0.9938799142837524
27384,self-care practices,0.34804263710975647,"Mar 1, 2024, 9:27:17 PM PST",POSITIVE,0.9938799142837524
26977,motivation and mental strength,0.8721322417259216,"Mar 7, 2024, 1:35:59 AM PST",POSITIVE,0.8197348117828369
26977,self-improvement and personal growth,0.852814793586731,"Mar 7, 2024, 1:35:59 AM PST",POSITIVE,0.8197348117828369
26977,addiction awareness and recovery,0.7976272702217102,"Mar 7, 2024, 1:35:59 AM PST",POSITIVE,0.8197348117828369
26977,mindfulness and mental wellness,0.7500684261322021,"Mar 7, 2024, 1:35:59 AM PST",POSITIVE,0.8197348117828369
26977,mental health experiences,0.6115016937255859,"Mar 7, 2024, 1:35:59 AM PST",POSITIVE,0.8197348117828369
26977,trauma awareness and healing,0.4830280840396881,"Mar 7, 2024, 1:35:59 AM PST",POSITIVE,0.8197348117828369
26977,self-care practices,0.4817405343055725,"Mar 7, 2024, 1:35:59 AM PST",POSITIVE,0.8197348117828369
26977,social anxiety and relationships,0.4194038510322571,"Mar 7, 2024, 1:35:59 AM PST",POSITIVE,0.8197348117828369
26977,work-life balance and burnout,0.40568408370018005,"Mar 7, 2024, 1:35:59 AM PST",POSITIVE,0.8197348117828369
26977,emotional health discussion,0.33683064579963684,"Mar 7, 2024, 1:35:59 AM PST",POSITIVE,0.8197348117828369
26977,mental health education,0.30059897899627686,"Mar 7, 2024, 1:35:59 AM PST",POSITIVE,0.8197348117828369
26546,self-improvement and personal growth,0.8061660528182983,"Mar 11, 2024, 9:33:52 PM PST",NEGATIVE,0.9975073933601379
26546,motivation and mental strength,0.7280684113502502,"Mar 11, 2024, 9:33:52 PM PST",NEGATIVE,0.9975073933601379
26546,work-life balance and burnout,0.6555541157722473,"Mar 11, 2024, 9:33:52 PM PST",NEGATIVE,0.9975073933601379
27385,self-improvement and personal growth,0.8744463324546814,"Mar 1, 2024, 9:24:14 PM PST",NEGATIVE,0.9788302183151245
27385,motivation and mental strength,0.8303069472312927,"Mar 1, 2024, 9:24:14 PM PST",NEGATIVE,0.9788302183151245
27385,mental health experiences,0.494627445936203,"Mar 1, 2024, 9:24:14 PM PST",NEGATIVE,0.9788302183151245
26978,motivation and mental strength,0.9581863284111023,"Mar 7, 2024, 1:29:18 AM PST",POSITIVE,0.9599851965904236
26978,self-improvement and personal growth,0.5027021765708923,"Mar 7, 2024, 1:29:18 AM PST",POSITIVE,0.9599851965904236
26978,mental health experiences,0.3228006064891815,"Mar 7, 2024, 1:29:18 AM PST",POSITIVE,0.9599851965904236
26547,self-improvement and personal growth,0.9430195689201355,"Mar 11, 2024, 9:30:23 PM PST",NEGATIVE,0.6299251914024353
26547,motivation and mental strength,0.7949743270874023,"Mar 11, 2024, 9:30:23 PM PST",NEGATIVE,0.6299251914024353
27386,self-improvement and personal growth,0.864277184009552,"Mar 1, 2024, 9:21:16 PM PST",NEGATIVE,0.9896346926689148
27386,social anxiety and relationships,0.7614359855651855,"Mar 1, 2024, 9:21:16 PM PST",NEGATIVE,0.9896346926689148
27386,mental health experiences,0.7111457586288452,"Mar 1, 2024, 9:21:16 PM PST",NEGATIVE,0.9896346926689148
27386,emotional health discussion,0.6409021019935608,"Mar 1, 2024, 9:21:16 PM PST",NEGATIVE,0.9896346926689148
27386,work-life balance and burnout,0.637211799621582,"Mar 1, 2024, 9:21:16 PM PST",NEGATIVE,0.9896346926689148
27386,self-care practices,0.5631301403045654,"Mar 1, 2024, 9:21:16 PM PST",NEGATIVE,0.9896346926689148
27386,mental health education,0.5466081500053406,"Mar 1, 2024, 9:21:16 PM PST",NEGATIVE,0.9896346926689148
27386,motivation and mental strength,0.4667776823043823,"Mar 1, 2024, 9:21:16 PM PST",NEGATIVE,0.9896346926689148
27386,anxiety and stress management,0.423504114151001,"Mar 1, 2024, 9:21:16 PM PST",NEGATIVE,0.9896346926689148
27386,addiction awareness and recovery,0.3482212722301483,"Mar 1, 2024, 9:21:16 PM PST",NEGATIVE,0.9896346926689148
26979,self-improvement and personal growth,0.7801028490066528,"Mar 7, 2024, 1:25:41 AM PST",NEGATIVE,0.6218842267990112
26979,motivation and mental strength,0.7786842584609985,"Mar 7, 2024, 1:25:41 AM PST",NEGATIVE,0.6218842267990112
26979,mindfulness and mental wellness,0.5470317602157593,"Mar 7, 2024, 1:25:41 AM PST",NEGATIVE,0.6218842267990112
26979,social anxiety and relationships,0.4609915018081665,"Mar 7, 2024, 1:25:41 AM PST",NEGATIVE,0.6218842267990112
26979,mental health experiences,0.3955262005329132,"Mar 7, 2024, 1:25:41 AM PST",NEGATIVE,0.6218842267990112
26979,self-care practices,0.3484255075454712,"Mar 7, 2024, 1:25:41 AM PST",NEGATIVE,0.6218842267990112
26979,addiction awareness and recovery,0.310846745967865,"Mar 7, 2024, 1:25:41 AM PST",NEGATIVE,0.6218842267990112
26548,mindfulness and mental wellness,0.9900604486465454,"Mar 11, 2024, 3:32:59 PM PST",NEGATIVE,0.7176918983459473
26548,motivation and mental strength,0.9673705101013184,"Mar 11, 2024, 3:32:59 PM PST",NEGATIVE,0.7176918983459473
26548,self-care practices,0.9378926753997803,"Mar 11, 2024, 3:32:59 PM PST",NEGATIVE,0.7176918983459473
26548,self-improvement and personal growth,0.935684859752655,"Mar 11, 2024, 3:32:59 PM PST",NEGATIVE,0.7176918983459473
26548,mental health experiences,0.6751108169555664,"Mar 11, 2024, 3:32:59 PM PST",NEGATIVE,0.7176918983459473
27387,motivation and mental strength,0.770931601524353,"Mar 1, 2024, 9:18:41 PM PST",NEGATIVE,0.9913600087165833
27387,mental health experiences,0.7623494863510132,"Mar 1, 2024, 9:18:41 PM PST",NEGATIVE,0.9913600087165833
27387,addiction awareness and recovery,0.5183729529380798,"Mar 1, 2024, 9:18:41 PM PST",NEGATIVE,0.9913600087165833
27387,anxiety and stress management,0.35287949442863464,"Mar 1, 2024, 9:18:41 PM PST",NEGATIVE,0.9913600087165833
27387,work-life balance and burnout,0.3280704617500305,"Mar 1, 2024, 9:18:41 PM PST",NEGATIVE,0.9913600087165833
26980,motivation and mental strength,0.9323234558105469,"Mar 7, 2024, 1:21:45 AM PST",POSITIVE,0.9861540794372559
26980,self-improvement and personal growth,0.7930720448493958,"Mar 7, 2024, 1:21:45 AM PST",POSITIVE,0.9861540794372559
26980,emotional health discussion,0.6065261960029602,"Mar 7, 2024, 1:21:45 AM PST",POSITIVE,0.9861540794372559
26980,mental health experiences,0.5212700963020325,"Mar 7, 2024, 1:21:45 AM PST",POSITIVE,0.9861540794372559
26980,work-life balance and burnout,0.42939522862434387,"Mar 7, 2024, 1:21:45 AM PST",POSITIVE,0.9861540794372559
26980,anxiety and stress management,0.4132952094078064,"Mar 7, 2024, 1:21:45 AM PST",POSITIVE,0.9861540794372559
26980,self-care practices,0.3730526864528656,"Mar 7, 2024, 1:21:45 AM PST",POSITIVE,0.9861540794372559
26980,addiction awareness and recovery,0.3598122298717499,"Mar 7, 2024, 1:21:45 AM PST",POSITIVE,0.9861540794372559
27388,motivation and mental strength,0.9464677572250366,"Mar 1, 2024, 9:14:28 PM PST",NEGATIVE,0.8274638652801514
27388,mindfulness and mental wellness,0.839881420135498,"Mar 1, 2024, 9:14:28 PM PST",NEGATIVE,0.8274638652801514
27388,self-improvement and personal growth,0.8374682664871216,"Mar 1, 2024, 9:14:28 PM PST",NEGATIVE,0.8274638652801514
27388,sleep and mental wellness,0.5486624240875244,"Mar 1, 2024, 9:14:28 PM PST",NEGATIVE,0.8274638652801514
27388,mental health experiences,0.5197718143463135,"Mar 1, 2024, 9:14:28 PM PST",NEGATIVE,0.8274638652801514
27388,addiction awareness and recovery,0.3780013620853424,"Mar 1, 2024, 9:14:28 PM PST",NEGATIVE,0.8274638652801514
27388,self-care practices,0.35154837369918823,"Mar 1, 2024, 9:14:28 PM PST",NEGATIVE,0.8274638652801514
27388,trauma awareness and healing,0.301146537065506,"Mar 1, 2024, 9:14:28 PM PST",NEGATIVE,0.8274638652801514
26981,motivation and mental strength,0.770931601524353,"Mar 7, 2024, 1:19:09 AM PST",NEGATIVE,0.9913600087165833
26981,mental health experiences,0.7623494863510132,"Mar 7, 2024, 1:19:09 AM PST",NEGATIVE,0.9913600087165833
26981,addiction awareness and recovery,0.5183729529380798,"Mar 7, 2024, 1:19:09 AM PST",NEGATIVE,0.9913600087165833
26981,anxiety and stress management,0.35287949442863464,"Mar 7, 2024, 1:19:09 AM PST",NEGATIVE,0.9913600087165833
26981,work-life balance and burnout,0.3280704617500305,"Mar 7, 2024, 1:19:09 AM PST",NEGATIVE,0.9913600087165833
26549,self-improvement and personal growth,0.9636714458465576,"Mar 11, 2024, 3:24:29 PM PST",POSITIVE,0.8203404545783997
26549,self-care practices,0.9163108468055725,"Mar 11, 2024, 3:24:29 PM PST",POSITIVE,0.8203404545783997
26549,motivation and mental strength,0.7426130175590515,"Mar 11, 2024, 3:24:29 PM PST",POSITIVE,0.8203404545783997
26549,mental health experiences,0.30637219548225403,"Mar 11, 2024, 3:24:29 PM PST",POSITIVE,0.8203404545783997
26550,sleep and mental wellness,0.9347706437110901,"Mar 11, 2024, 3:24:09 PM PST",NEGATIVE,0.6271305084228516
26550,work-life balance and burnout,0.9279377460479736,"Mar 11, 2024, 3:24:09 PM PST",NEGATIVE,0.6271305084228516
26550,motivation and mental strength,0.9235148429870605,"Mar 11, 2024, 3:24:09 PM PST",NEGATIVE,0.6271305084228516
26550,mental health experiences,0.9144525527954102,"Mar 11, 2024, 3:24:09 PM PST",NEGATIVE,0.6271305084228516
26550,self-improvement and personal growth,0.9069272875785828,"Mar 11, 2024, 3:24:09 PM PST",NEGATIVE,0.6271305084228516
26550,mindfulness and mental wellness,0.8947325348854065,"Mar 11, 2024, 3:24:09 PM PST",NEGATIVE,0.6271305084228516
26550,addiction awareness and recovery,0.8788981437683105,"Mar 11, 2024, 3:24:09 PM PST",NEGATIVE,0.6271305084228516
26550,self-care practices,0.8568500876426697,"Mar 11, 2024, 3:24:09 PM PST",NEGATIVE,0.6271305084228516
26550,mental health education,0.8224095106124878,"Mar 11, 2024, 3:24:09 PM PST",NEGATIVE,0.6271305084228516
26550,social anxiety and relationships,0.7938181161880493,"Mar 11, 2024, 3:24:09 PM PST",NEGATIVE,0.6271305084228516
26550,therapy and mental health support,0.7930179834365845,"Mar 11, 2024, 3:24:09 PM PST",NEGATIVE,0.6271305084228516
26550,trauma awareness and healing,0.7881312370300293,"Mar 11, 2024, 3:24:09 PM PST",NEGATIVE,0.6271305084228516
26550,emotional health discussion,0.7828696966171265,"Mar 11, 2024, 3:24:09 PM PST",NEGATIVE,0.6271305084228516
26550,depression and emotional support,0.6093565225601196,"Mar 11, 2024, 3:24:09 PM PST",NEGATIVE,0.6271305084228516
26550,anxiety and stress management,0.585953950881958,"Mar 11, 2024, 3:24:09 PM PST",NEGATIVE,0.6271305084228516
27389,self-improvement and personal growth,0.7938857078552246,"Mar 1, 2024, 9:11:22 PM PST",POSITIVE,0.8751393556594849
27389,motivation and mental strength,0.745958149433136,"Mar 1, 2024, 9:11:22 PM PST",POSITIVE,0.8751393556594849
27389,mindfulness and mental wellness,0.5236124396324158,"Mar 1, 2024, 9:11:22 PM PST",POSITIVE,0.8751393556594849
27389,addiction awareness and recovery,0.4733121693134308,"Mar 1, 2024, 9:11:22 PM PST",POSITIVE,0.8751393556594849
27389,mental health experiences,0.38377484679222107,"Mar 1, 2024, 9:11:22 PM PST",POSITIVE,0.8751393556594849
27389,self-care practices,0.3149738013744354,"Mar 1, 2024, 9:11:22 PM PST",POSITIVE,0.8751393556594849
26551,mindfulness and mental wellness,0.9408449530601501,"Mar 11, 2024, 3:21:20 PM PST",POSITIVE,0.9998807907104492
26551,self-improvement and personal growth,0.9125232696533203,"Mar 11, 2024, 3:21:20 PM PST",POSITIVE,0.9998807907104492
26551,motivation and mental strength,0.8659976124763489,"Mar 11, 2024, 3:21:20 PM PST",POSITIVE,0.9998807907104492
26551,self-care practices,0.7381823658943176,"Mar 11, 2024, 3:21:20 PM PST",POSITIVE,0.9998807907104492
26551,addiction awareness and recovery,0.7001034617424011,"Mar 11, 2024, 3:21:20 PM PST",POSITIVE,0.9998807907104492
26551,trauma awareness and healing,0.6232507228851318,"Mar 11, 2024, 3:21:20 PM PST",POSITIVE,0.9998807907104492
26551,mental health experiences,0.41322511434555054,"Mar 11, 2024, 3:21:20 PM PST",POSITIVE,0.9998807907104492
26551,therapy and mental health support,0.37612754106521606,"Mar 11, 2024, 3:21:20 PM PST",POSITIVE,0.9998807907104492
26551,mental health education,0.3144858181476593,"Mar 11, 2024, 3:21:20 PM PST",POSITIVE,0.9998807907104492
26551,sleep and mental wellness,0.3121148943901062,"Mar 11, 2024, 3:21:20 PM PST",POSITIVE,0.9998807907104492
27390,self-improvement and personal growth,0.7801028490066528,"Mar 1, 2024, 9:08:09 PM PST",NEGATIVE,0.6218842267990112
27390,motivation and mental strength,0.7786842584609985,"Mar 1, 2024, 9:08:09 PM PST",NEGATIVE,0.6218842267990112
27390,mindfulness and mental wellness,0.5470317602157593,"Mar 1, 2024, 9:08:09 PM PST",NEGATIVE,0.6218842267990112
27390,social anxiety and relationships,0.4609915018081665,"Mar 1, 2024, 9:08:09 PM PST",NEGATIVE,0.6218842267990112
27390,mental health experiences,0.3955262005329132,"Mar 1, 2024, 9:08:09 PM PST",NEGATIVE,0.6218842267990112
27390,self-care practices,0.3484255075454712,"Mar 1, 2024, 9:08:09 PM PST",NEGATIVE,0.6218842267990112
27390,addiction awareness and recovery,0.310846745967865,"Mar 1, 2024, 9:08:09 PM PST",NEGATIVE,0.6218842267990112
26982,mental health experiences,0.8846646547317505,"Mar 7, 2024, 1:15:45 AM PST",POSITIVE,0.9587003588676453
26982,motivation and mental strength,0.862461507320404,"Mar 7, 2024, 1:15:45 AM PST",POSITIVE,0.9587003588676453
26982,self-improvement and personal growth,0.6603023409843445,"Mar 7, 2024, 1:15:45 AM PST",POSITIVE,0.9587003588676453
26982,work-life balance and burnout,0.34841111302375793,"Mar 7, 2024, 1:15:45 AM PST",POSITIVE,0.9587003588676453
26982,emotional health discussion,0.31549692153930664,"Mar 7, 2024, 1:15:45 AM PST",POSITIVE,0.9587003588676453
26982,addiction awareness and recovery,0.30403682589530945,"Mar 7, 2024, 1:15:45 AM PST",POSITIVE,0.9587003588676453
26552,self-improvement and personal growth,0.8847840428352356,"Mar 11, 2024, 3:18:19 PM PST",POSITIVE,0.965502142906189
26552,motivation and mental strength,0.8613129258155823,"Mar 11, 2024, 3:18:19 PM PST",POSITIVE,0.965502142906189
26552,mindfulness and mental wellness,0.7783109545707703,"Mar 11, 2024, 3:18:19 PM PST",POSITIVE,0.965502142906189
26552,mental health experiences,0.7750124931335449,"Mar 11, 2024, 3:18:19 PM PST",POSITIVE,0.965502142906189
26552,self-care practices,0.766790509223938,"Mar 11, 2024, 3:18:19 PM PST",POSITIVE,0.965502142906189
26552,mental health education,0.6915080547332764,"Mar 11, 2024, 3:18:19 PM PST",POSITIVE,0.965502142906189
26552,addiction awareness and recovery,0.5902513861656189,"Mar 11, 2024, 3:18:19 PM PST",POSITIVE,0.965502142906189
26552,therapy and mental health support,0.5473326444625854,"Mar 11, 2024, 3:18:19 PM PST",POSITIVE,0.965502142906189
26552,work-life balance and burnout,0.5410096049308777,"Mar 11, 2024, 3:18:19 PM PST",POSITIVE,0.965502142906189
26552,emotional health discussion,0.5408382415771484,"Mar 11, 2024, 3:18:19 PM PST",POSITIVE,0.965502142906189
26552,trauma awareness and healing,0.48460501432418823,"Mar 11, 2024, 3:18:19 PM PST",POSITIVE,0.965502142906189
26552,social anxiety and relationships,0.3708145022392273,"Mar 11, 2024, 3:18:19 PM PST",POSITIVE,0.965502142906189
26552,sleep and mental wellness,0.30259016156196594,"Mar 11, 2024, 3:18:19 PM PST",POSITIVE,0.965502142906189
26553,self-improvement and personal growth,0.934815526008606,"Mar 11, 2024, 3:15:00 PM PST",POSITIVE,0.9410156607627869
26553,motivation and mental strength,0.9309304356575012,"Mar 11, 2024, 3:15:00 PM PST",POSITIVE,0.9410156607627869
26553,mindfulness and mental wellness,0.8866215944290161,"Mar 11, 2024, 3:15:00 PM PST",POSITIVE,0.9410156607627869
26553,mental health experiences,0.837617039680481,"Mar 11, 2024, 3:15:00 PM PST",POSITIVE,0.9410156607627869
26553,self-care practices,0.8191745281219482,"Mar 11, 2024, 3:15:00 PM PST",POSITIVE,0.9410156607627869
26553,addiction awareness and recovery,0.7593817710876465,"Mar 11, 2024, 3:15:00 PM PST",POSITIVE,0.9410156607627869
26553,trauma awareness and healing,0.6672567129135132,"Mar 11, 2024, 3:15:00 PM PST",POSITIVE,0.9410156607627869
26553,mental health education,0.6598844528198242,"Mar 11, 2024, 3:15:00 PM PST",POSITIVE,0.9410156607627869
26553,sleep and mental wellness,0.5162686109542847,"Mar 11, 2024, 3:15:00 PM PST",POSITIVE,0.9410156607627869
26553,emotional health discussion,0.48298582434654236,"Mar 11, 2024, 3:15:00 PM PST",POSITIVE,0.9410156607627869
26553,therapy and mental health support,0.47628459334373474,"Mar 11, 2024, 3:15:00 PM PST",POSITIVE,0.9410156607627869
26553,work-life balance and burnout,0.4731549620628357,"Mar 11, 2024, 3:15:00 PM PST",POSITIVE,0.9410156607627869
27391,self-improvement and personal growth,0.48796942830085754,"Mar 1, 2024, 9:04:07 PM PST",POSITIVE,0.9363340139389038
26983,motivation and mental strength,0.6508678793907166,"Mar 7, 2024, 1:11:42 AM PST",POSITIVE,0.9465029835700989
26983,self-improvement and personal growth,0.5976865887641907,"Mar 7, 2024, 1:11:42 AM PST",POSITIVE,0.9465029835700989
26983,mental health experiences,0.3213505148887634,"Mar 7, 2024, 1:11:42 AM PST",POSITIVE,0.9465029835700989
26554,mindfulness and mental wellness,0.9631277918815613,"Mar 11, 2024, 3:11:57 PM PST",POSITIVE,0.9991815686225891
26554,self-improvement and personal growth,0.8952385783195496,"Mar 11, 2024, 3:11:57 PM PST",POSITIVE,0.9991815686225891
26554,motivation and mental strength,0.8595547080039978,"Mar 11, 2024, 3:11:57 PM PST",POSITIVE,0.9991815686225891
26554,self-care practices,0.7415129542350769,"Mar 11, 2024, 3:11:57 PM PST",POSITIVE,0.9991815686225891
26554,mental health experiences,0.7362023591995239,"Mar 11, 2024, 3:11:57 PM PST",POSITIVE,0.9991815686225891
26554,addiction awareness and recovery,0.684139609336853,"Mar 11, 2024, 3:11:57 PM PST",POSITIVE,0.9991815686225891
26554,mental health education,0.6516992449760437,"Mar 11, 2024, 3:11:57 PM PST",POSITIVE,0.9991815686225891
26554,therapy and mental health support,0.6064438819885254,"Mar 11, 2024, 3:11:57 PM PST",POSITIVE,0.9991815686225891
26554,emotional health discussion,0.5967201590538025,"Mar 11, 2024, 3:11:57 PM PST",POSITIVE,0.9991815686225891
26554,trauma awareness and healing,0.4484008550643921,"Mar 11, 2024, 3:11:57 PM PST",POSITIVE,0.9991815686225891
26554,depression and emotional support,0.3078922927379608,"Mar 11, 2024, 3:11:57 PM PST",POSITIVE,0.9991815686225891
27392,motivation and mental strength,0.8721322417259216,"Mar 1, 2024, 8:59:28 PM PST",POSITIVE,0.8197348117828369
27392,self-improvement and personal growth,0.852814793586731,"Mar 1, 2024, 8:59:28 PM PST",POSITIVE,0.8197348117828369
27392,addiction awareness and recovery,0.7976272702217102,"Mar 1, 2024, 8:59:28 PM PST",POSITIVE,0.8197348117828369
27392,mindfulness and mental wellness,0.7500684261322021,"Mar 1, 2024, 8:59:28 PM PST",POSITIVE,0.8197348117828369
27392,mental health experiences,0.6115016937255859,"Mar 1, 2024, 8:59:28 PM PST",POSITIVE,0.8197348117828369
27392,trauma awareness and healing,0.4830280840396881,"Mar 1, 2024, 8:59:28 PM PST",POSITIVE,0.8197348117828369
27392,self-care practices,0.4817405343055725,"Mar 1, 2024, 8:59:28 PM PST",POSITIVE,0.8197348117828369
27392,social anxiety and relationships,0.4194038510322571,"Mar 1, 2024, 8:59:28 PM PST",POSITIVE,0.8197348117828369
27392,work-life balance and burnout,0.40568408370018005,"Mar 1, 2024, 8:59:28 PM PST",POSITIVE,0.8197348117828369
27392,emotional health discussion,0.33683064579963684,"Mar 1, 2024, 8:59:28 PM PST",POSITIVE,0.8197348117828369
27392,mental health education,0.30059897899627686,"Mar 1, 2024, 8:59:28 PM PST",POSITIVE,0.8197348117828369
26984,self-improvement and personal growth,0.42612290382385254,"Mar 6, 2024, 10:49:22 PM PST",POSITIVE,0.9909259080886841
26555,motivation and mental strength,0.9026708006858826,"Mar 11, 2024, 3:11:56 PM PST",POSITIVE,0.910098671913147
26555,self-improvement and personal growth,0.8774259686470032,"Mar 11, 2024, 3:11:56 PM PST",POSITIVE,0.910098671913147
26555,mindfulness and mental wellness,0.8581881523132324,"Mar 11, 2024, 3:11:56 PM PST",POSITIVE,0.910098671913147
26555,mental health experiences,0.8149570822715759,"Mar 11, 2024, 3:11:56 PM PST",POSITIVE,0.910098671913147
26555,self-care practices,0.790863037109375,"Mar 11, 2024, 3:11:56 PM PST",POSITIVE,0.910098671913147
26555,emotional health discussion,0.7518669366836548,"Mar 11, 2024, 3:11:56 PM PST",POSITIVE,0.910098671913147
26555,mental health education,0.7389644384384155,"Mar 11, 2024, 3:11:56 PM PST",POSITIVE,0.910098671913147
26555,therapy and mental health support,0.5908176898956299,"Mar 11, 2024, 3:11:56 PM PST",POSITIVE,0.910098671913147
26555,sleep and mental wellness,0.5870301127433777,"Mar 11, 2024, 3:11:56 PM PST",POSITIVE,0.910098671913147
26555,work-life balance and burnout,0.5769792795181274,"Mar 11, 2024, 3:11:56 PM PST",POSITIVE,0.910098671913147
26555,addiction awareness and recovery,0.5508177876472473,"Mar 11, 2024, 3:11:56 PM PST",POSITIVE,0.910098671913147
26555,trauma awareness and healing,0.5273387432098389,"Mar 11, 2024, 3:11:56 PM PST",POSITIVE,0.910098671913147
26555,social anxiety and relationships,0.47073623538017273,"Mar 11, 2024, 3:11:56 PM PST",POSITIVE,0.910098671913147
26555,anxiety and stress management,0.364611953496933,"Mar 11, 2024, 3:11:56 PM PST",POSITIVE,0.910098671913147
26555,depression and emotional support,0.3179932236671448,"Mar 11, 2024, 3:11:56 PM PST",POSITIVE,0.910098671913147
27393,self-improvement and personal growth,0.5968797206878662,"Mar 1, 2024, 8:56:11 PM PST",POSITIVE,0.997310996055603
27393,motivation and mental strength,0.48385658860206604,"Mar 1, 2024, 8:56:11 PM PST",POSITIVE,0.997310996055603
26556,motivation and mental strength,0.9005036354064941,"Mar 11, 2024, 3:11:55 PM PST",NEGATIVE,0.9958491325378418
26556,self-improvement and personal growth,0.8459920883178711,"Mar 11, 2024, 3:11:55 PM PST",NEGATIVE,0.9958491325378418
26556,mental health experiences,0.692963719367981,"Mar 11, 2024, 3:11:55 PM PST",NEGATIVE,0.9958491325378418
26556,self-care practices,0.6221146583557129,"Mar 11, 2024, 3:11:55 PM PST",NEGATIVE,0.9958491325378418
26556,mindfulness and mental wellness,0.5963250994682312,"Mar 11, 2024, 3:11:55 PM PST",NEGATIVE,0.9958491325378418
26556,addiction awareness and recovery,0.4106381833553314,"Mar 11, 2024, 3:11:55 PM PST",NEGATIVE,0.9958491325378418
26556,work-life balance and burnout,0.34742310643196106,"Mar 11, 2024, 3:11:55 PM PST",NEGATIVE,0.9958491325378418
26556,therapy and mental health support,0.3183143138885498,"Mar 11, 2024, 3:11:55 PM PST",NEGATIVE,0.9958491325378418
26556,trauma awareness and healing,0.31214651465415955,"Mar 11, 2024, 3:11:55 PM PST",NEGATIVE,0.9958491325378418
27394,motivation and mental strength,0.349619060754776,"Mar 1, 2024, 8:55:09 PM PST",POSITIVE,0.9941864013671875
26985,self-improvement and personal growth,0.6819683313369751,"Mar 6, 2024, 10:45:55 PM PST",POSITIVE,0.8422959446907043
26985,motivation and mental strength,0.6112806797027588,"Mar 6, 2024, 10:45:55 PM PST",POSITIVE,0.8422959446907043
26985,mental health experiences,0.5186007022857666,"Mar 6, 2024, 10:45:55 PM PST",POSITIVE,0.8422959446907043
26985,social anxiety and relationships,0.48658326268196106,"Mar 6, 2024, 10:45:55 PM PST",POSITIVE,0.8422959446907043
26985,mindfulness and mental wellness,0.3748261034488678,"Mar 6, 2024, 10:45:55 PM PST",POSITIVE,0.8422959446907043
26557,self-improvement and personal growth,0.9156844019889832,"Mar 11, 2024, 3:11:55 PM PST",POSITIVE,0.9869231581687927
26557,motivation and mental strength,0.9113988280296326,"Mar 11, 2024, 3:11:55 PM PST",POSITIVE,0.9869231581687927
26557,mindfulness and mental wellness,0.8742566108703613,"Mar 11, 2024, 3:11:55 PM PST",POSITIVE,0.9869231581687927
26557,mental health experiences,0.8549473285675049,"Mar 11, 2024, 3:11:55 PM PST",POSITIVE,0.9869231581687927
26557,self-care practices,0.8213381767272949,"Mar 11, 2024, 3:11:55 PM PST",POSITIVE,0.9869231581687927
26557,mental health education,0.764911413192749,"Mar 11, 2024, 3:11:55 PM PST",POSITIVE,0.9869231581687927
26557,therapy and mental health support,0.7039734721183777,"Mar 11, 2024, 3:11:55 PM PST",POSITIVE,0.9869231581687927
26557,addiction awareness and recovery,0.7014189958572388,"Mar 11, 2024, 3:11:55 PM PST",POSITIVE,0.9869231581687927
26557,emotional health discussion,0.6886100172996521,"Mar 11, 2024, 3:11:55 PM PST",POSITIVE,0.9869231581687927
26557,trauma awareness and healing,0.6260840892791748,"Mar 11, 2024, 3:11:55 PM PST",POSITIVE,0.9869231581687927
26557,work-life balance and burnout,0.5556660890579224,"Mar 11, 2024, 3:11:55 PM PST",POSITIVE,0.9869231581687927
26557,sleep and mental wellness,0.5259934663772583,"Mar 11, 2024, 3:11:55 PM PST",POSITIVE,0.9869231581687927
26557,depression and emotional support,0.39801663160324097,"Mar 11, 2024, 3:11:55 PM PST",POSITIVE,0.9869231581687927
26557,anxiety and stress management,0.34939655661582947,"Mar 11, 2024, 3:11:55 PM PST",POSITIVE,0.9869231581687927
26557,social anxiety and relationships,0.3480890691280365,"Mar 11, 2024, 3:11:55 PM PST",POSITIVE,0.9869231581687927
26986,self-improvement and personal growth,0.8744463324546814,"Mar 6, 2024, 10:40:00 PM PST",NEGATIVE,0.9788302183151245
26986,motivation and mental strength,0.8303069472312927,"Mar 6, 2024, 10:40:00 PM PST",NEGATIVE,0.9788302183151245
26986,mental health experiences,0.494627445936203,"Mar 6, 2024, 10:40:00 PM PST",NEGATIVE,0.9788302183151245
26558,motivation and mental strength,0.8651078343391418,"Mar 11, 2024, 3:08:26 PM PST",POSITIVE,0.987079381942749
26558,self-improvement and personal growth,0.7349202036857605,"Mar 11, 2024, 3:08:26 PM PST",POSITIVE,0.987079381942749
27395,motivation and mental strength,0.8141148090362549,"Mar 1, 2024, 8:52:31 PM PST",NEGATIVE,0.9625982642173767
27395,mindfulness and mental wellness,0.7787840962409973,"Mar 1, 2024, 8:52:31 PM PST",NEGATIVE,0.9625982642173767
27395,self-improvement and personal growth,0.7266570329666138,"Mar 1, 2024, 8:52:31 PM PST",NEGATIVE,0.9625982642173767
27395,mental health experiences,0.6006703972816467,"Mar 1, 2024, 8:52:31 PM PST",NEGATIVE,0.9625982642173767
27395,addiction awareness and recovery,0.572081446647644,"Mar 1, 2024, 8:52:31 PM PST",NEGATIVE,0.9625982642173767
27395,sleep and mental wellness,0.566417932510376,"Mar 1, 2024, 8:52:31 PM PST",NEGATIVE,0.9625982642173767
27395,self-care practices,0.5393773913383484,"Mar 1, 2024, 8:52:31 PM PST",NEGATIVE,0.9625982642173767
27395,therapy and mental health support,0.47416916489601135,"Mar 1, 2024, 8:52:31 PM PST",NEGATIVE,0.9625982642173767
27395,trauma awareness and healing,0.46394363045692444,"Mar 1, 2024, 8:52:31 PM PST",NEGATIVE,0.9625982642173767
27395,work-life balance and burnout,0.46175891160964966,"Mar 1, 2024, 8:52:31 PM PST",NEGATIVE,0.9625982642173767
27395,mental health education,0.37595483660697937,"Mar 1, 2024, 8:52:31 PM PST",NEGATIVE,0.9625982642173767
27395,social anxiety and relationships,0.3445782959461212,"Mar 1, 2024, 8:52:31 PM PST",NEGATIVE,0.9625982642173767
26987,motivation and mental strength,0.9464677572250366,"Mar 6, 2024, 10:35:47 PM PST",NEGATIVE,0.8274638652801514
26987,mindfulness and mental wellness,0.839881420135498,"Mar 6, 2024, 10:35:47 PM PST",NEGATIVE,0.8274638652801514
26987,self-improvement and personal growth,0.8374682664871216,"Mar 6, 2024, 10:35:47 PM PST",NEGATIVE,0.8274638652801514
26987,sleep and mental wellness,0.5486624240875244,"Mar 6, 2024, 10:35:47 PM PST",NEGATIVE,0.8274638652801514
26987,mental health experiences,0.5197718143463135,"Mar 6, 2024, 10:35:47 PM PST",NEGATIVE,0.8274638652801514
26987,addiction awareness and recovery,0.3780013620853424,"Mar 6, 2024, 10:35:47 PM PST",NEGATIVE,0.8274638652801514
26987,self-care practices,0.35154837369918823,"Mar 6, 2024, 10:35:47 PM PST",NEGATIVE,0.8274638652801514
26987,trauma awareness and healing,0.301146537065506,"Mar 6, 2024, 10:35:47 PM PST",NEGATIVE,0.8274638652801514
26559,self-improvement and personal growth,0.9135869145393372,"Mar 11, 2024, 3:03:59 PM PST",POSITIVE,0.9966984391212463
26559,motivation and mental strength,0.9007142186164856,"Mar 11, 2024, 3:03:59 PM PST",POSITIVE,0.9966984391212463
26559,mental health experiences,0.8583206534385681,"Mar 11, 2024, 3:03:59 PM PST",POSITIVE,0.9966984391212463
26559,self-care practices,0.7859177589416504,"Mar 11, 2024, 3:03:59 PM PST",POSITIVE,0.9966984391212463
26559,mindfulness and mental wellness,0.7748207449913025,"Mar 11, 2024, 3:03:59 PM PST",POSITIVE,0.9966984391212463
26559,mental health education,0.7119519710540771,"Mar 11, 2024, 3:03:59 PM PST",POSITIVE,0.9966984391212463
26559,therapy and mental health support,0.6382632255554199,"Mar 11, 2024, 3:03:59 PM PST",POSITIVE,0.9966984391212463
26559,addiction awareness and recovery,0.6233006715774536,"Mar 11, 2024, 3:03:59 PM PST",POSITIVE,0.9966984391212463
26559,emotional health discussion,0.5923826098442078,"Mar 11, 2024, 3:03:59 PM PST",POSITIVE,0.9966984391212463
26559,work-life balance and burnout,0.49898356199264526,"Mar 11, 2024, 3:03:59 PM PST",POSITIVE,0.9966984391212463
26559,trauma awareness and healing,0.48877570033073425,"Mar 11, 2024, 3:03:59 PM PST",POSITIVE,0.9966984391212463
26559,anxiety and stress management,0.31441694498062134,"Mar 11, 2024, 3:03:59 PM PST",POSITIVE,0.9966984391212463
27396,self-improvement and personal growth,0.9468510150909424,"Mar 1, 2024, 8:48:06 PM PST",POSITIVE,0.8518282771110535
27396,mindfulness and mental wellness,0.9044063687324524,"Mar 1, 2024, 8:48:06 PM PST",POSITIVE,0.8518282771110535
27396,motivation and mental strength,0.8786581158638,"Mar 1, 2024, 8:48:06 PM PST",POSITIVE,0.8518282771110535
27396,self-care practices,0.6768155694007874,"Mar 1, 2024, 8:48:06 PM PST",POSITIVE,0.8518282771110535
27396,mental health experiences,0.5523718595504761,"Mar 1, 2024, 8:48:06 PM PST",POSITIVE,0.8518282771110535
27396,sleep and mental wellness,0.4654301106929779,"Mar 1, 2024, 8:48:06 PM PST",POSITIVE,0.8518282771110535
26560,motivation and mental strength,0.8641262650489807,"Mar 11, 2024, 2:59:41 PM PST",NEGATIVE,0.9703730344772339
26560,self-improvement and personal growth,0.8201621174812317,"Mar 11, 2024, 2:59:41 PM PST",NEGATIVE,0.9703730344772339
26560,self-care practices,0.6229360103607178,"Mar 11, 2024, 2:59:41 PM PST",NEGATIVE,0.9703730344772339
26560,mindfulness and mental wellness,0.621253252029419,"Mar 11, 2024, 2:59:41 PM PST",NEGATIVE,0.9703730344772339
26560,mental health experiences,0.5956709384918213,"Mar 11, 2024, 2:59:41 PM PST",NEGATIVE,0.9703730344772339
26560,work-life balance and burnout,0.48621413111686707,"Mar 11, 2024, 2:59:41 PM PST",NEGATIVE,0.9703730344772339
26560,addiction awareness and recovery,0.4084327220916748,"Mar 11, 2024, 2:59:41 PM PST",NEGATIVE,0.9703730344772339
26560,trauma awareness and healing,0.4053170084953308,"Mar 11, 2024, 2:59:41 PM PST",NEGATIVE,0.9703730344772339
26560,emotional health discussion,0.33862635493278503,"Mar 11, 2024, 2:59:41 PM PST",NEGATIVE,0.9703730344772339
26560,social anxiety and relationships,0.32432615756988525,"Mar 11, 2024, 2:59:41 PM PST",NEGATIVE,0.9703730344772339
27397,self-improvement and personal growth,0.9191965460777283,"Mar 1, 2024, 8:45:31 PM PST",POSITIVE,0.9988898634910583
27397,motivation and mental strength,0.9074363708496094,"Mar 1, 2024, 8:45:31 PM PST",POSITIVE,0.9988898634910583
27397,mindfulness and mental wellness,0.648495078086853,"Mar 1, 2024, 8:45:31 PM PST",POSITIVE,0.9988898634910583
27397,self-care practices,0.5827581882476807,"Mar 1, 2024, 8:45:31 PM PST",POSITIVE,0.9988898634910583
27397,mental health experiences,0.5775260329246521,"Mar 1, 2024, 8:45:31 PM PST",POSITIVE,0.9988898634910583
27397,addiction awareness and recovery,0.37621793150901794,"Mar 1, 2024, 8:45:31 PM PST",POSITIVE,0.9988898634910583
27397,social anxiety and relationships,0.3005598187446594,"Mar 1, 2024, 8:45:31 PM PST",POSITIVE,0.9988898634910583
26988,social anxiety and relationships,0.8901775479316711,"Mar 6, 2024, 10:32:39 PM PST",POSITIVE,0.9950581789016724
26988,self-improvement and personal growth,0.7209563851356506,"Mar 6, 2024, 10:32:39 PM PST",POSITIVE,0.9950581789016724
26988,motivation and mental strength,0.541839063167572,"Mar 6, 2024, 10:32:39 PM PST",POSITIVE,0.9950581789016724
26988,mental health experiences,0.40938177704811096,"Mar 6, 2024, 10:32:39 PM PST",POSITIVE,0.9950581789016724
26561,motivation and mental strength,0.9065656065940857,"Mar 11, 2024, 1:00:50 PM PST",POSITIVE,0.9928572177886963
26561,self-improvement and personal growth,0.9014964699745178,"Mar 11, 2024, 1:00:50 PM PST",POSITIVE,0.9928572177886963
26561,mental health experiences,0.8476889133453369,"Mar 11, 2024, 1:00:50 PM PST",POSITIVE,0.9928572177886963
26561,mindfulness and mental wellness,0.81684809923172,"Mar 11, 2024, 1:00:50 PM PST",POSITIVE,0.9928572177886963
26561,self-care practices,0.8148526549339294,"Mar 11, 2024, 1:00:50 PM PST",POSITIVE,0.9928572177886963
26561,mental health education,0.7531391978263855,"Mar 11, 2024, 1:00:50 PM PST",POSITIVE,0.9928572177886963
26561,therapy and mental health support,0.7117563486099243,"Mar 11, 2024, 1:00:50 PM PST",POSITIVE,0.9928572177886963
26561,emotional health discussion,0.6876028776168823,"Mar 11, 2024, 1:00:50 PM PST",POSITIVE,0.9928572177886963
26561,addiction awareness and recovery,0.6432141065597534,"Mar 11, 2024, 1:00:50 PM PST",POSITIVE,0.9928572177886963
26561,trauma awareness and healing,0.6326140761375427,"Mar 11, 2024, 1:00:50 PM PST",POSITIVE,0.9928572177886963
26561,sleep and mental wellness,0.617339015007019,"Mar 11, 2024, 1:00:50 PM PST",POSITIVE,0.9928572177886963
26561,work-life balance and burnout,0.514265239238739,"Mar 11, 2024, 1:00:50 PM PST",POSITIVE,0.9928572177886963
26561,depression and emotional support,0.471487820148468,"Mar 11, 2024, 1:00:50 PM PST",POSITIVE,0.9928572177886963
26561,social anxiety and relationships,0.38945472240448,"Mar 11, 2024, 1:00:50 PM PST",POSITIVE,0.9928572177886963
26561,anxiety and stress management,0.34714779257774353,"Mar 11, 2024, 1:00:50 PM PST",POSITIVE,0.9928572177886963
27398,motivation and mental strength,0.9654848575592041,"Mar 1, 2024, 8:37:14 PM PST",POSITIVE,0.7209709882736206
27398,mental health experiences,0.9356311559677124,"Mar 1, 2024, 8:37:14 PM PST",POSITIVE,0.7209709882736206
27398,mindfulness and mental wellness,0.8678399324417114,"Mar 1, 2024, 8:37:14 PM PST",POSITIVE,0.7209709882736206
27398,self-improvement and personal growth,0.8366124629974365,"Mar 1, 2024, 8:37:14 PM PST",POSITIVE,0.7209709882736206
27398,depression and emotional support,0.7703741192817688,"Mar 1, 2024, 8:37:14 PM PST",POSITIVE,0.7209709882736206
27398,addiction awareness and recovery,0.7236695289611816,"Mar 1, 2024, 8:37:14 PM PST",POSITIVE,0.7209709882736206
27398,mental health education,0.6972737312316895,"Mar 1, 2024, 8:37:14 PM PST",POSITIVE,0.7209709882736206
27398,self-care practices,0.5644845962524414,"Mar 1, 2024, 8:37:14 PM PST",POSITIVE,0.7209709882736206
27398,sleep and mental wellness,0.5236934423446655,"Mar 1, 2024, 8:37:14 PM PST",POSITIVE,0.7209709882736206
27398,work-life balance and burnout,0.4501095414161682,"Mar 1, 2024, 8:37:14 PM PST",POSITIVE,0.7209709882736206
27398,therapy and mental health support,0.4479265511035919,"Mar 1, 2024, 8:37:14 PM PST",POSITIVE,0.7209709882736206
27398,trauma awareness and healing,0.36508265137672424,"Mar 1, 2024, 8:37:14 PM PST",POSITIVE,0.7209709882736206
26562,self-improvement and personal growth,0.9089234471321106,"Mar 11, 2024, 12:58:09 PM PST",NEGATIVE,0.9741942286491394
26562,motivation and mental strength,0.889694094657898,"Mar 11, 2024, 12:58:09 PM PST",NEGATIVE,0.9741942286491394
26562,self-care practices,0.8429867625236511,"Mar 11, 2024, 12:58:09 PM PST",NEGATIVE,0.9741942286491394
26562,mental health experiences,0.839661180973053,"Mar 11, 2024, 12:58:09 PM PST",NEGATIVE,0.9741942286491394
26562,mindfulness and mental wellness,0.8326712846755981,"Mar 11, 2024, 12:58:09 PM PST",NEGATIVE,0.9741942286491394
26562,mental health education,0.7338041067123413,"Mar 11, 2024, 12:58:09 PM PST",NEGATIVE,0.9741942286491394
26562,addiction awareness and recovery,0.723853588104248,"Mar 11, 2024, 12:58:09 PM PST",NEGATIVE,0.9741942286491394
26562,therapy and mental health support,0.7176291942596436,"Mar 11, 2024, 12:58:09 PM PST",NEGATIVE,0.9741942286491394
26562,sleep and mental wellness,0.6243413686752319,"Mar 11, 2024, 12:58:09 PM PST",NEGATIVE,0.9741942286491394
26562,work-life balance and burnout,0.6236782073974609,"Mar 11, 2024, 12:58:09 PM PST",NEGATIVE,0.9741942286491394
26562,trauma awareness and healing,0.5889182090759277,"Mar 11, 2024, 12:58:09 PM PST",NEGATIVE,0.9741942286491394
26562,emotional health discussion,0.502727210521698,"Mar 11, 2024, 12:58:09 PM PST",NEGATIVE,0.9741942286491394
26562,anxiety and stress management,0.4527684152126312,"Mar 11, 2024, 12:58:09 PM PST",NEGATIVE,0.9741942286491394
26562,social anxiety and relationships,0.4127245843410492,"Mar 11, 2024, 12:58:09 PM PST",NEGATIVE,0.9741942286491394
26562,depression and emotional support,0.36639881134033203,"Mar 11, 2024, 12:58:09 PM PST",NEGATIVE,0.9741942286491394
27399,motivation and mental strength,0.7261005640029907,"Mar 1, 2024, 8:33:51 PM PST",POSITIVE,0.9222614765167236
27399,self-improvement and personal growth,0.6619856357574463,"Mar 1, 2024, 8:33:51 PM PST",POSITIVE,0.9222614765167236
27399,mindfulness and mental wellness,0.6012083292007446,"Mar 1, 2024, 8:33:51 PM PST",POSITIVE,0.9222614765167236
27399,mental health experiences,0.44273391366004944,"Mar 1, 2024, 8:33:51 PM PST",POSITIVE,0.9222614765167236
27399,social anxiety and relationships,0.42762044072151184,"Mar 1, 2024, 8:33:51 PM PST",POSITIVE,0.9222614765167236
26989,self-improvement and personal growth,0.48796942830085754,"Mar 6, 2024, 10:28:36 PM PST",POSITIVE,0.9363340139389038
26563,motivation and mental strength,0.8432880640029907,"Mar 11, 2024, 12:56:35 PM PST",NEGATIVE,0.9754073023796082
26563,self-improvement and personal growth,0.745676577091217,"Mar 11, 2024, 12:56:35 PM PST",NEGATIVE,0.9754073023796082
26563,mindfulness and mental wellness,0.737730860710144,"Mar 11, 2024, 12:56:35 PM PST",NEGATIVE,0.9754073023796082
26563,sleep and mental wellness,0.6701908111572266,"Mar 11, 2024, 12:56:35 PM PST",NEGATIVE,0.9754073023796082
26563,self-care practices,0.5560060739517212,"Mar 11, 2024, 12:56:35 PM PST",NEGATIVE,0.9754073023796082
26563,mental health experiences,0.47982344031333923,"Mar 11, 2024, 12:56:35 PM PST",NEGATIVE,0.9754073023796082
26563,work-life balance and burnout,0.37672364711761475,"Mar 11, 2024, 12:56:35 PM PST",NEGATIVE,0.9754073023796082
26563,addiction awareness and recovery,0.3577352464199066,"Mar 11, 2024, 12:56:35 PM PST",NEGATIVE,0.9754073023796082
27400,motivation and mental strength,0.7569373846054077,"Mar 1, 2024, 8:33:36 PM PST",NEGATIVE,0.9452124238014221
27400,self-improvement and personal growth,0.7276164889335632,"Mar 1, 2024, 8:33:36 PM PST",NEGATIVE,0.9452124238014221
27400,mental health experiences,0.5888691544532776,"Mar 1, 2024, 8:33:36 PM PST",NEGATIVE,0.9452124238014221
27400,mindfulness and mental wellness,0.4010750949382782,"Mar 1, 2024, 8:33:36 PM PST",NEGATIVE,0.9452124238014221
27400,self-care practices,0.3632708489894867,"Mar 1, 2024, 8:33:36 PM PST",NEGATIVE,0.9452124238014221
27400,trauma awareness and healing,0.3138265013694763,"Mar 1, 2024, 8:33:36 PM PST",NEGATIVE,0.9452124238014221
27400,addiction awareness and recovery,0.30105724930763245,"Mar 1, 2024, 8:33:36 PM PST",NEGATIVE,0.9452124238014221
26990,self-improvement and personal growth,0.812991738319397,"Mar 6, 2024, 10:26:53 PM PST",POSITIVE,0.9938799142837524
26990,motivation and mental strength,0.6733852028846741,"Mar 6, 2024, 10:26:53 PM PST",POSITIVE,0.9938799142837524
26990,addiction awareness and recovery,0.6256377696990967,"Mar 6, 2024, 10:26:53 PM PST",POSITIVE,0.9938799142837524
26990,mental health experiences,0.5439342260360718,"Mar 6, 2024, 10:26:53 PM PST",POSITIVE,0.9938799142837524
26990,mindfulness and mental wellness,0.5005114078521729,"Mar 6, 2024, 10:26:53 PM PST",POSITIVE,0.9938799142837524
26990,self-care practices,0.34804263710975647,"Mar 6, 2024, 10:26:53 PM PST",POSITIVE,0.9938799142837524
26564,mindfulness and mental wellness,0.8549412488937378,"Mar 11, 2024, 12:53:01 PM PST",NEGATIVE,0.9775888919830322
26564,self-improvement and personal growth,0.8461992144584656,"Mar 11, 2024, 12:53:01 PM PST",NEGATIVE,0.9775888919830322
26564,motivation and mental strength,0.8384473323822021,"Mar 11, 2024, 12:53:01 PM PST",NEGATIVE,0.9775888919830322
26564,mental health experiences,0.8032876253128052,"Mar 11, 2024, 12:53:01 PM PST",NEGATIVE,0.9775888919830322
26564,self-care practices,0.7222163677215576,"Mar 11, 2024, 12:53:01 PM PST",NEGATIVE,0.9775888919830322
26564,mental health education,0.6866239309310913,"Mar 11, 2024, 12:53:01 PM PST",NEGATIVE,0.9775888919830322
26564,emotional health discussion,0.6351217031478882,"Mar 11, 2024, 12:53:01 PM PST",NEGATIVE,0.9775888919830322
26564,trauma awareness and healing,0.6199625730514526,"Mar 11, 2024, 12:53:01 PM PST",NEGATIVE,0.9775888919830322
26564,sleep and mental wellness,0.5105759501457214,"Mar 11, 2024, 12:53:01 PM PST",NEGATIVE,0.9775888919830322
26564,addiction awareness and recovery,0.4724404513835907,"Mar 11, 2024, 12:53:01 PM PST",NEGATIVE,0.9775888919830322
26564,therapy and mental health support,0.44029730558395386,"Mar 11, 2024, 12:53:01 PM PST",NEGATIVE,0.9775888919830322
26564,work-life balance and burnout,0.3991061747074127,"Mar 11, 2024, 12:53:01 PM PST",NEGATIVE,0.9775888919830322
27401,self-improvement and personal growth,0.661881148815155,"Mar 1, 2024, 5:30:41 PM PST",POSITIVE,0.9984831213951111
26991,motivation and mental strength,0.349619060754776,"Mar 6, 2024, 10:26:46 PM PST",POSITIVE,0.9941864013671875
26565,self-improvement and personal growth,0.8947834372520447,"Mar 11, 2024, 12:49:02 PM PST",NEGATIVE,0.9600706696510315
26565,motivation and mental strength,0.8595792055130005,"Mar 11, 2024, 12:49:02 PM PST",NEGATIVE,0.9600706696510315
26565,mental health experiences,0.8404240012168884,"Mar 11, 2024, 12:49:02 PM PST",NEGATIVE,0.9600706696510315
26565,mindfulness and mental wellness,0.8046979904174805,"Mar 11, 2024, 12:49:02 PM PST",NEGATIVE,0.9600706696510315
26565,self-care practices,0.7874397039413452,"Mar 11, 2024, 12:49:02 PM PST",NEGATIVE,0.9600706696510315
26565,mental health education,0.7111105918884277,"Mar 11, 2024, 12:49:02 PM PST",NEGATIVE,0.9600706696510315
26565,therapy and mental health support,0.7041451930999756,"Mar 11, 2024, 12:49:02 PM PST",NEGATIVE,0.9600706696510315
26565,addiction awareness and recovery,0.6748945116996765,"Mar 11, 2024, 12:49:02 PM PST",NEGATIVE,0.9600706696510315
26565,trauma awareness and healing,0.6380548477172852,"Mar 11, 2024, 12:49:02 PM PST",NEGATIVE,0.9600706696510315
26565,work-life balance and burnout,0.613172709941864,"Mar 11, 2024, 12:49:02 PM PST",NEGATIVE,0.9600706696510315
26565,emotional health discussion,0.586514413356781,"Mar 11, 2024, 12:49:02 PM PST",NEGATIVE,0.9600706696510315
26565,sleep and mental wellness,0.4653899371623993,"Mar 11, 2024, 12:49:02 PM PST",NEGATIVE,0.9600706696510315
26565,social anxiety and relationships,0.3953746259212494,"Mar 11, 2024, 12:49:02 PM PST",NEGATIVE,0.9600706696510315
26565,anxiety and stress management,0.38606929779052734,"Mar 11, 2024, 12:49:02 PM PST",NEGATIVE,0.9600706696510315
26565,depression and emotional support,0.34148508310317993,"Mar 11, 2024, 12:49:02 PM PST",NEGATIVE,0.9600706696510315
27402,motivation and mental strength,0.9618951082229614,"Mar 1, 2024, 4:59:44 PM PST",NEGATIVE,0.9670203924179077
27402,mental health experiences,0.9039357304573059,"Mar 1, 2024, 4:59:44 PM PST",NEGATIVE,0.9670203924179077
27402,self-improvement and personal growth,0.8807172179222107,"Mar 1, 2024, 4:59:44 PM PST",NEGATIVE,0.9670203924179077
27402,self-care practices,0.8403319120407104,"Mar 1, 2024, 4:59:44 PM PST",NEGATIVE,0.9670203924179077
27402,mindfulness and mental wellness,0.8341920375823975,"Mar 1, 2024, 4:59:44 PM PST",NEGATIVE,0.9670203924179077
27402,sleep and mental wellness,0.8029390573501587,"Mar 1, 2024, 4:59:44 PM PST",NEGATIVE,0.9670203924179077
27402,mental health education,0.7387748956680298,"Mar 1, 2024, 4:59:44 PM PST",NEGATIVE,0.9670203924179077
27402,addiction awareness and recovery,0.6057637929916382,"Mar 1, 2024, 4:59:44 PM PST",NEGATIVE,0.9670203924179077
27402,social anxiety and relationships,0.6030303239822388,"Mar 1, 2024, 4:59:44 PM PST",NEGATIVE,0.9670203924179077
27402,work-life balance and burnout,0.5619140267372131,"Mar 1, 2024, 4:59:44 PM PST",NEGATIVE,0.9670203924179077
27402,emotional health discussion,0.4662371873855591,"Mar 1, 2024, 4:59:44 PM PST",NEGATIVE,0.9670203924179077
27402,therapy and mental health support,0.44968459010124207,"Mar 1, 2024, 4:59:44 PM PST",NEGATIVE,0.9670203924179077
27402,trauma awareness and healing,0.43008437752723694,"Mar 1, 2024, 4:59:44 PM PST",NEGATIVE,0.9670203924179077
26566,motivation and mental strength,0.9618951082229614,"Mar 11, 2024, 12:45:01 PM PST",NEGATIVE,0.9670203924179077
26566,mental health experiences,0.9039357304573059,"Mar 11, 2024, 12:45:01 PM PST",NEGATIVE,0.9670203924179077
26566,self-improvement and personal growth,0.8807172179222107,"Mar 11, 2024, 12:45:01 PM PST",NEGATIVE,0.9670203924179077
26566,self-care practices,0.8403319120407104,"Mar 11, 2024, 12:45:01 PM PST",NEGATIVE,0.9670203924179077
26566,mindfulness and mental wellness,0.8341920375823975,"Mar 11, 2024, 12:45:01 PM PST",NEGATIVE,0.9670203924179077
26566,sleep and mental wellness,0.8029390573501587,"Mar 11, 2024, 12:45:01 PM PST",NEGATIVE,0.9670203924179077
26566,mental health education,0.7387748956680298,"Mar 11, 2024, 12:45:01 PM PST",NEGATIVE,0.9670203924179077
26566,addiction awareness and recovery,0.6057637929916382,"Mar 11, 2024, 12:45:01 PM PST",NEGATIVE,0.9670203924179077
26566,social anxiety and relationships,0.6030303239822388,"Mar 11, 2024, 12:45:01 PM PST",NEGATIVE,0.9670203924179077
26566,work-life balance and burnout,0.5619140267372131,"Mar 11, 2024, 12:45:01 PM PST",NEGATIVE,0.9670203924179077
26566,emotional health discussion,0.4662371873855591,"Mar 11, 2024, 12:45:01 PM PST",NEGATIVE,0.9670203924179077
26566,therapy and mental health support,0.44968459010124207,"Mar 11, 2024, 12:45:01 PM PST",NEGATIVE,0.9670203924179077
26566,trauma awareness and healing,0.43008437752723694,"Mar 11, 2024, 12:45:01 PM PST",NEGATIVE,0.9670203924179077
26992,self-improvement and personal growth,0.7938857078552246,"Mar 6, 2024, 10:23:40 PM PST",POSITIVE,0.8751393556594849
26992,motivation and mental strength,0.745958149433136,"Mar 6, 2024, 10:23:40 PM PST",POSITIVE,0.8751393556594849
26992,mindfulness and mental wellness,0.5236124396324158,"Mar 6, 2024, 10:23:40 PM PST",POSITIVE,0.8751393556594849
26992,addiction awareness and recovery,0.4733121693134308,"Mar 6, 2024, 10:23:40 PM PST",POSITIVE,0.8751393556594849
26992,mental health experiences,0.38377484679222107,"Mar 6, 2024, 10:23:40 PM PST",POSITIVE,0.8751393556594849
26992,self-care practices,0.3149738013744354,"Mar 6, 2024, 10:23:40 PM PST",POSITIVE,0.8751393556594849
26993,mindfulness and mental wellness,0.9099665284156799,"Mar 6, 2024, 10:12:51 PM PST",NEGATIVE,0.9871309399604797
26993,motivation and mental strength,0.9065396785736084,"Mar 6, 2024, 10:12:51 PM PST",NEGATIVE,0.9871309399604797
26993,self-improvement and personal growth,0.9046317934989929,"Mar 6, 2024, 10:12:51 PM PST",NEGATIVE,0.9871309399604797
26993,mental health experiences,0.8917826414108276,"Mar 6, 2024, 10:12:51 PM PST",NEGATIVE,0.9871309399604797
26993,mental health education,0.8028265237808228,"Mar 6, 2024, 10:12:51 PM PST",NEGATIVE,0.9871309399604797
26993,self-care practices,0.8026261329650879,"Mar 6, 2024, 10:12:51 PM PST",NEGATIVE,0.9871309399604797
26993,emotional health discussion,0.7158595323562622,"Mar 6, 2024, 10:12:51 PM PST",NEGATIVE,0.9871309399604797
26993,work-life balance and burnout,0.6833056807518005,"Mar 6, 2024, 10:12:51 PM PST",NEGATIVE,0.9871309399604797
26993,therapy and mental health support,0.6669198274612427,"Mar 6, 2024, 10:12:51 PM PST",NEGATIVE,0.9871309399604797
26993,addiction awareness and recovery,0.6283955574035645,"Mar 6, 2024, 10:12:51 PM PST",NEGATIVE,0.9871309399604797
26993,sleep and mental wellness,0.6068850159645081,"Mar 6, 2024, 10:12:51 PM PST",NEGATIVE,0.9871309399604797
26993,trauma awareness and healing,0.5854307413101196,"Mar 6, 2024, 10:12:51 PM PST",NEGATIVE,0.9871309399604797
26993,social anxiety and relationships,0.5820000171661377,"Mar 6, 2024, 10:12:51 PM PST",NEGATIVE,0.9871309399604797
26993,depression and emotional support,0.47068461775779724,"Mar 6, 2024, 10:12:51 PM PST",NEGATIVE,0.9871309399604797
26993,anxiety and stress management,0.4703366160392761,"Mar 6, 2024, 10:12:51 PM PST",NEGATIVE,0.9871309399604797
27404,motivation and mental strength,0.9408220052719116,"Mar 1, 2024, 4:56:18 PM PST",NEGATIVE,0.9933909177780151
27404,self-improvement and personal growth,0.8852692246437073,"Mar 1, 2024, 4:56:18 PM PST",NEGATIVE,0.9933909177780151
27404,mental health experiences,0.8590086698532104,"Mar 1, 2024, 4:56:18 PM PST",NEGATIVE,0.9933909177780151
27404,addiction awareness and recovery,0.7251250743865967,"Mar 1, 2024, 4:56:18 PM PST",NEGATIVE,0.9933909177780151
27404,emotional health discussion,0.610934853553772,"Mar 1, 2024, 4:56:18 PM PST",NEGATIVE,0.9933909177780151
27404,anxiety and stress management,0.5703601241111755,"Mar 1, 2024, 4:56:18 PM PST",NEGATIVE,0.9933909177780151
27404,self-care practices,0.5666516423225403,"Mar 1, 2024, 4:56:18 PM PST",NEGATIVE,0.9933909177780151
27404,work-life balance and burnout,0.4949691593647003,"Mar 1, 2024, 4:56:18 PM PST",NEGATIVE,0.9933909177780151
27404,social anxiety and relationships,0.47093549370765686,"Mar 1, 2024, 4:56:18 PM PST",NEGATIVE,0.9933909177780151
27404,therapy and mental health support,0.37944844365119934,"Mar 1, 2024, 4:56:18 PM PST",NEGATIVE,0.9933909177780151
26567,self-improvement and personal growth,0.7591405510902405,"Mar 11, 2024, 12:41:49 PM PST",POSITIVE,0.6542984247207642
26567,motivation and mental strength,0.6535435914993286,"Mar 11, 2024, 12:41:49 PM PST",POSITIVE,0.6542984247207642
26567,mental health experiences,0.3207329511642456,"Mar 11, 2024, 12:41:49 PM PST",POSITIVE,0.6542984247207642
26567,mindfulness and mental wellness,0.3153527081012726,"Mar 11, 2024, 12:41:49 PM PST",POSITIVE,0.6542984247207642
26567,self-care practices,0.3093232810497284,"Mar 11, 2024, 12:41:49 PM PST",POSITIVE,0.6542984247207642
26994,motivation and mental strength,0.9654848575592041,"Mar 6, 2024, 10:08:57 PM PST",POSITIVE,0.7209709882736206
26994,mental health experiences,0.9356311559677124,"Mar 6, 2024, 10:08:57 PM PST",POSITIVE,0.7209709882736206
26994,mindfulness and mental wellness,0.8678399324417114,"Mar 6, 2024, 10:08:57 PM PST",POSITIVE,0.7209709882736206
26994,self-improvement and personal growth,0.8366124629974365,"Mar 6, 2024, 10:08:57 PM PST",POSITIVE,0.7209709882736206
26994,depression and emotional support,0.7703741192817688,"Mar 6, 2024, 10:08:57 PM PST",POSITIVE,0.7209709882736206
26994,addiction awareness and recovery,0.7236695289611816,"Mar 6, 2024, 10:08:57 PM PST",POSITIVE,0.7209709882736206
26994,mental health education,0.6972737312316895,"Mar 6, 2024, 10:08:57 PM PST",POSITIVE,0.7209709882736206
26994,self-care practices,0.5644845962524414,"Mar 6, 2024, 10:08:57 PM PST",POSITIVE,0.7209709882736206
26994,sleep and mental wellness,0.5236934423446655,"Mar 6, 2024, 10:08:57 PM PST",POSITIVE,0.7209709882736206
26994,work-life balance and burnout,0.4501095414161682,"Mar 6, 2024, 10:08:57 PM PST",POSITIVE,0.7209709882736206
26994,therapy and mental health support,0.4479265511035919,"Mar 6, 2024, 10:08:57 PM PST",POSITIVE,0.7209709882736206
26994,trauma awareness and healing,0.36508265137672424,"Mar 6, 2024, 10:08:57 PM PST",POSITIVE,0.7209709882736206
27405,self-improvement and personal growth,0.9673738479614258,"Mar 1, 2024, 4:53:23 PM PST",POSITIVE,0.9983136653900146
27405,motivation and mental strength,0.9603120684623718,"Mar 1, 2024, 4:53:23 PM PST",POSITIVE,0.9983136653900146
27405,sleep and mental wellness,0.9299547076225281,"Mar 1, 2024, 4:53:23 PM PST",POSITIVE,0.9983136653900146
27405,mindfulness and mental wellness,0.9168720841407776,"Mar 1, 2024, 4:53:23 PM PST",POSITIVE,0.9983136653900146
27405,mental health experiences,0.8786824345588684,"Mar 1, 2024, 4:53:23 PM PST",POSITIVE,0.9983136653900146
27405,addiction awareness and recovery,0.8479722142219543,"Mar 1, 2024, 4:53:23 PM PST",POSITIVE,0.9983136653900146
27405,self-care practices,0.8265778422355652,"Mar 1, 2024, 4:53:23 PM PST",POSITIVE,0.9983136653900146
27405,trauma awareness and healing,0.7651457190513611,"Mar 1, 2024, 4:53:23 PM PST",POSITIVE,0.9983136653900146
27405,mental health education,0.7101783156394958,"Mar 1, 2024, 4:53:23 PM PST",POSITIVE,0.9983136653900146
27405,therapy and mental health support,0.6589927673339844,"Mar 1, 2024, 4:53:23 PM PST",POSITIVE,0.9983136653900146
27405,emotional health discussion,0.645013153553009,"Mar 1, 2024, 4:53:23 PM PST",POSITIVE,0.9983136653900146
27405,work-life balance and burnout,0.5919927954673767,"Mar 1, 2024, 4:53:23 PM PST",POSITIVE,0.9983136653900146
27405,social anxiety and relationships,0.42180925607681274,"Mar 1, 2024, 4:53:23 PM PST",POSITIVE,0.9983136653900146
27405,anxiety and stress management,0.40600353479385376,"Mar 1, 2024, 4:53:23 PM PST",POSITIVE,0.9983136653900146
27405,depression and emotional support,0.37638819217681885,"Mar 1, 2024, 4:53:23 PM PST",POSITIVE,0.9983136653900146
26568,motivation and mental strength,0.8331979513168335,"Mar 11, 2024, 12:38:49 PM PST",NEGATIVE,0.9643954634666443
26568,self-improvement and personal growth,0.8175478577613831,"Mar 11, 2024, 12:38:49 PM PST",NEGATIVE,0.9643954634666443
26568,mindfulness and mental wellness,0.718488335609436,"Mar 11, 2024, 12:38:49 PM PST",NEGATIVE,0.9643954634666443
26568,self-care practices,0.6470768451690674,"Mar 11, 2024, 12:38:49 PM PST",NEGATIVE,0.9643954634666443
26568,mental health experiences,0.5575655698776245,"Mar 11, 2024, 12:38:49 PM PST",NEGATIVE,0.9643954634666443
26568,mental health education,0.41039469838142395,"Mar 11, 2024, 12:38:49 PM PST",NEGATIVE,0.9643954634666443
26568,emotional health discussion,0.3997829258441925,"Mar 11, 2024, 12:38:49 PM PST",NEGATIVE,0.9643954634666443
26568,work-life balance and burnout,0.38702115416526794,"Mar 11, 2024, 12:38:49 PM PST",NEGATIVE,0.9643954634666443
26568,therapy and mental health support,0.3738437592983246,"Mar 11, 2024, 12:38:49 PM PST",NEGATIVE,0.9643954634666443
26568,addiction awareness and recovery,0.3502705693244934,"Mar 11, 2024, 12:38:49 PM PST",NEGATIVE,0.9643954634666443
26568,trauma awareness and healing,0.31587424874305725,"Mar 11, 2024, 12:38:49 PM PST",NEGATIVE,0.9643954634666443
26568,sleep and mental wellness,0.3055379092693329,"Mar 11, 2024, 12:38:49 PM PST",NEGATIVE,0.9643954634666443
27406,motivation and mental strength,0.9535976648330688,"Mar 1, 2024, 4:50:50 PM PST",POSITIVE,0.948603093624115
27406,mental health experiences,0.9433680176734924,"Mar 1, 2024, 4:50:50 PM PST",POSITIVE,0.948603093624115
27406,self-improvement and personal growth,0.9219210147857666,"Mar 1, 2024, 4:50:50 PM PST",POSITIVE,0.948603093624115
27406,work-life balance and burnout,0.8345790505409241,"Mar 1, 2024, 4:50:50 PM PST",POSITIVE,0.948603093624115
27406,addiction awareness and recovery,0.8035796880722046,"Mar 1, 2024, 4:50:50 PM PST",POSITIVE,0.948603093624115
27406,self-care practices,0.7596878409385681,"Mar 1, 2024, 4:50:50 PM PST",POSITIVE,0.948603093624115
27406,mental health education,0.7373477816581726,"Mar 1, 2024, 4:50:50 PM PST",POSITIVE,0.948603093624115
27406,emotional health discussion,0.7218272089958191,"Mar 1, 2024, 4:50:50 PM PST",POSITIVE,0.948603093624115
27406,therapy and mental health support,0.7004910707473755,"Mar 1, 2024, 4:50:50 PM PST",POSITIVE,0.948603093624115
27406,mindfulness and mental wellness,0.6813650727272034,"Mar 1, 2024, 4:50:50 PM PST",POSITIVE,0.948603093624115
27406,trauma awareness and healing,0.6676090359687805,"Mar 1, 2024, 4:50:50 PM PST",POSITIVE,0.948603093624115
27406,anxiety and stress management,0.6012993454933167,"Mar 1, 2024, 4:50:50 PM PST",POSITIVE,0.948603093624115
27406,social anxiety and relationships,0.553478479385376,"Mar 1, 2024, 4:50:50 PM PST",POSITIVE,0.948603093624115
27406,depression and emotional support,0.4201883375644684,"Mar 1, 2024, 4:50:50 PM PST",POSITIVE,0.948603093624115
26569,mental health experiences,0.9085412621498108,"Mar 11, 2024, 12:38:45 PM PST",NEGATIVE,0.8818078637123108
26569,motivation and mental strength,0.9052804112434387,"Mar 11, 2024, 12:38:45 PM PST",NEGATIVE,0.8818078637123108
26569,mindfulness and mental wellness,0.8997853994369507,"Mar 11, 2024, 12:38:45 PM PST",NEGATIVE,0.8818078637123108
26569,self-improvement and personal growth,0.8799944519996643,"Mar 11, 2024, 12:38:45 PM PST",NEGATIVE,0.8818078637123108
26569,self-care practices,0.8131863474845886,"Mar 11, 2024, 12:38:45 PM PST",NEGATIVE,0.8818078637123108
26569,mental health education,0.8010584115982056,"Mar 11, 2024, 12:38:45 PM PST",NEGATIVE,0.8818078637123108
26569,therapy and mental health support,0.7144003510475159,"Mar 11, 2024, 12:38:45 PM PST",NEGATIVE,0.8818078637123108
26569,addiction awareness and recovery,0.657146692276001,"Mar 11, 2024, 12:38:45 PM PST",NEGATIVE,0.8818078637123108
26569,emotional health discussion,0.6565523147583008,"Mar 11, 2024, 12:38:45 PM PST",NEGATIVE,0.8818078637123108
26569,sleep and mental wellness,0.6153189539909363,"Mar 11, 2024, 12:38:45 PM PST",NEGATIVE,0.8818078637123108
26569,trauma awareness and healing,0.548298716545105,"Mar 11, 2024, 12:38:45 PM PST",NEGATIVE,0.8818078637123108
26569,work-life balance and burnout,0.5353769659996033,"Mar 11, 2024, 12:38:45 PM PST",NEGATIVE,0.8818078637123108
26569,social anxiety and relationships,0.5272764563560486,"Mar 11, 2024, 12:38:45 PM PST",NEGATIVE,0.8818078637123108
26569,anxiety and stress management,0.369769811630249,"Mar 11, 2024, 12:38:45 PM PST",NEGATIVE,0.8818078637123108
26569,depression and emotional support,0.34870144724845886,"Mar 11, 2024, 12:38:45 PM PST",NEGATIVE,0.8818078637123108
26995,motivation and mental strength,0.8121618628501892,"Mar 6, 2024, 10:04:16 PM PST",POSITIVE,0.9798790216445923
26995,self-improvement and personal growth,0.5336199998855591,"Mar 6, 2024, 10:04:16 PM PST",POSITIVE,0.9798790216445923
26995,mental health experiences,0.45735785365104675,"Mar 6, 2024, 10:04:16 PM PST",POSITIVE,0.9798790216445923
26570,motivation and mental strength,0.8368045687675476,"Mar 11, 2024, 12:38:44 PM PST",POSITIVE,0.6065371036529541
26570,mindfulness and mental wellness,0.8021585941314697,"Mar 11, 2024, 12:38:44 PM PST",POSITIVE,0.6065371036529541
26570,self-improvement and personal growth,0.785131573677063,"Mar 11, 2024, 12:38:44 PM PST",POSITIVE,0.6065371036529541
26570,mental health experiences,0.6368448138237,"Mar 11, 2024, 12:38:44 PM PST",POSITIVE,0.6065371036529541
26570,self-care practices,0.5938781499862671,"Mar 11, 2024, 12:38:44 PM PST",POSITIVE,0.6065371036529541
26570,sleep and mental wellness,0.5490714311599731,"Mar 11, 2024, 12:38:44 PM PST",POSITIVE,0.6065371036529541
26570,social anxiety and relationships,0.38132044672966003,"Mar 11, 2024, 12:38:44 PM PST",POSITIVE,0.6065371036529541
26996,motivation and mental strength,0.7261005640029907,"Mar 6, 2024, 10:01:05 PM PST",POSITIVE,0.9222614765167236
26996,self-improvement and personal growth,0.6619856357574463,"Mar 6, 2024, 10:01:05 PM PST",POSITIVE,0.9222614765167236
26996,mindfulness and mental wellness,0.6012083292007446,"Mar 6, 2024, 10:01:05 PM PST",POSITIVE,0.9222614765167236
26996,mental health experiences,0.44273391366004944,"Mar 6, 2024, 10:01:05 PM PST",POSITIVE,0.9222614765167236
26996,social anxiety and relationships,0.42762044072151184,"Mar 6, 2024, 10:01:05 PM PST",POSITIVE,0.9222614765167236
27407,sleep and mental wellness,0.9849669337272644,"Mar 1, 2024, 12:22:32 PM PST",POSITIVE,0.9966974258422852
27407,self-care practices,0.9805355072021484,"Mar 1, 2024, 12:22:32 PM PST",POSITIVE,0.9966974258422852
27407,mindfulness and mental wellness,0.9638000726699829,"Mar 1, 2024, 12:22:32 PM PST",POSITIVE,0.9966974258422852
27407,mental health experiences,0.6345142126083374,"Mar 1, 2024, 12:22:32 PM PST",POSITIVE,0.9966974258422852
27407,anxiety and stress management,0.5177778601646423,"Mar 1, 2024, 12:22:32 PM PST",POSITIVE,0.9966974258422852
27407,emotional health discussion,0.44959405064582825,"Mar 1, 2024, 12:22:32 PM PST",POSITIVE,0.9966974258422852
26571,self-improvement and personal growth,0.8606935739517212,"Mar 11, 2024, 12:38:43 PM PST",NEGATIVE,0.9769564270973206
26571,motivation and mental strength,0.8075040578842163,"Mar 11, 2024, 12:38:43 PM PST",NEGATIVE,0.9769564270973206
26571,mental health experiences,0.6560046076774597,"Mar 11, 2024, 12:38:43 PM PST",NEGATIVE,0.9769564270973206
26571,mindfulness and mental wellness,0.6156090497970581,"Mar 11, 2024, 12:38:43 PM PST",NEGATIVE,0.9769564270973206
26571,self-care practices,0.5907725691795349,"Mar 11, 2024, 12:38:43 PM PST",NEGATIVE,0.9769564270973206
26571,addiction awareness and recovery,0.42283305525779724,"Mar 11, 2024, 12:38:43 PM PST",NEGATIVE,0.9769564270973206
26571,mental health education,0.36475852131843567,"Mar 11, 2024, 12:38:43 PM PST",NEGATIVE,0.9769564270973206
26571,work-life balance and burnout,0.3405328691005707,"Mar 11, 2024, 12:38:43 PM PST",NEGATIVE,0.9769564270973206
26571,sleep and mental wellness,0.33257246017456055,"Mar 11, 2024, 12:38:43 PM PST",NEGATIVE,0.9769564270973206
26571,emotional health discussion,0.31669384241104126,"Mar 11, 2024, 12:38:43 PM PST",NEGATIVE,0.9769564270973206
26571,therapy and mental health support,0.300017774105072,"Mar 11, 2024, 12:38:43 PM PST",NEGATIVE,0.9769564270973206
27408,self-improvement and personal growth,0.6669824123382568,"Mar 1, 2024, 12:18:19 PM PST",NEGATIVE,0.8298286199569702
27408,social anxiety and relationships,0.3704197406768799,"Mar 1, 2024, 12:18:19 PM PST",NEGATIVE,0.8298286199569702
26572,self-improvement and personal growth,0.9143170714378357,"Mar 11, 2024, 12:38:42 PM PST",NEGATIVE,0.9486799836158752
26572,motivation and mental strength,0.899559736251831,"Mar 11, 2024, 12:38:42 PM PST",NEGATIVE,0.9486799836158752
26572,mental health experiences,0.8955146670341492,"Mar 11, 2024, 12:38:42 PM PST",NEGATIVE,0.9486799836158752
26572,mindfulness and mental wellness,0.8682767748832703,"Mar 11, 2024, 12:38:42 PM PST",NEGATIVE,0.9486799836158752
26572,addiction awareness and recovery,0.7919701337814331,"Mar 11, 2024, 12:38:42 PM PST",NEGATIVE,0.9486799836158752
26572,mental health education,0.7785634994506836,"Mar 11, 2024, 12:38:42 PM PST",NEGATIVE,0.9486799836158752
26572,self-care practices,0.7770133018493652,"Mar 11, 2024, 12:38:42 PM PST",NEGATIVE,0.9486799836158752
26572,therapy and mental health support,0.772705614566803,"Mar 11, 2024, 12:38:42 PM PST",NEGATIVE,0.9486799836158752
26572,trauma awareness and healing,0.6641175746917725,"Mar 11, 2024, 12:38:42 PM PST",NEGATIVE,0.9486799836158752
26572,emotional health discussion,0.628862202167511,"Mar 11, 2024, 12:38:42 PM PST",NEGATIVE,0.9486799836158752
26572,work-life balance and burnout,0.5651118159294128,"Mar 11, 2024, 12:38:42 PM PST",NEGATIVE,0.9486799836158752
26572,depression and emotional support,0.4584414064884186,"Mar 11, 2024, 12:38:42 PM PST",NEGATIVE,0.9486799836158752
26572,sleep and mental wellness,0.39837902784347534,"Mar 11, 2024, 12:38:42 PM PST",NEGATIVE,0.9486799836158752
26572,anxiety and stress management,0.3556242883205414,"Mar 11, 2024, 12:38:42 PM PST",NEGATIVE,0.9486799836158752
26572,social anxiety and relationships,0.3364287316799164,"Mar 11, 2024, 12:38:42 PM PST",NEGATIVE,0.9486799836158752
26997,motivation and mental strength,0.8141148090362549,"Mar 6, 2024, 9:58:26 PM PST",NEGATIVE,0.9625982642173767
26997,mindfulness and mental wellness,0.7787840962409973,"Mar 6, 2024, 9:58:26 PM PST",NEGATIVE,0.9625982642173767
26997,self-improvement and personal growth,0.7266570329666138,"Mar 6, 2024, 9:58:26 PM PST",NEGATIVE,0.9625982642173767
26997,mental health experiences,0.6006703972816467,"Mar 6, 2024, 9:58:26 PM PST",NEGATIVE,0.9625982642173767
26997,addiction awareness and recovery,0.572081446647644,"Mar 6, 2024, 9:58:26 PM PST",NEGATIVE,0.9625982642173767
26997,sleep and mental wellness,0.566417932510376,"Mar 6, 2024, 9:58:26 PM PST",NEGATIVE,0.9625982642173767
26997,self-care practices,0.5393773913383484,"Mar 6, 2024, 9:58:26 PM PST",NEGATIVE,0.9625982642173767
26997,therapy and mental health support,0.47416916489601135,"Mar 6, 2024, 9:58:26 PM PST",NEGATIVE,0.9625982642173767
26997,trauma awareness and healing,0.46394363045692444,"Mar 6, 2024, 9:58:26 PM PST",NEGATIVE,0.9625982642173767
26997,work-life balance and burnout,0.46175891160964966,"Mar 6, 2024, 9:58:26 PM PST",NEGATIVE,0.9625982642173767
26997,mental health education,0.37595483660697937,"Mar 6, 2024, 9:58:26 PM PST",NEGATIVE,0.9625982642173767
26997,social anxiety and relationships,0.3445782959461212,"Mar 6, 2024, 9:58:26 PM PST",NEGATIVE,0.9625982642173767
27409,mindfulness and mental wellness,0.9464775919914246,"Mar 1, 2024, 12:13:00 PM PST",POSITIVE,0.9994329810142517
27409,sleep and mental wellness,0.9147651791572571,"Mar 1, 2024, 12:13:00 PM PST",POSITIVE,0.9994329810142517
27409,self-care practices,0.9083124995231628,"Mar 1, 2024, 12:13:00 PM PST",POSITIVE,0.9994329810142517
27409,depression and emotional support,0.7475509643554688,"Mar 1, 2024, 12:13:00 PM PST",POSITIVE,0.9994329810142517
27409,self-improvement and personal growth,0.7390887141227722,"Mar 1, 2024, 12:13:00 PM PST",POSITIVE,0.9994329810142517
27409,mental health experiences,0.7213332056999207,"Mar 1, 2024, 12:13:00 PM PST",POSITIVE,0.9994329810142517
27409,trauma awareness and healing,0.6748427152633667,"Mar 1, 2024, 12:13:00 PM PST",POSITIVE,0.9994329810142517
27409,emotional health discussion,0.6291566491127014,"Mar 1, 2024, 12:13:00 PM PST",POSITIVE,0.9994329810142517
27409,anxiety and stress management,0.6279779076576233,"Mar 1, 2024, 12:13:00 PM PST",POSITIVE,0.9994329810142517
27409,mental health education,0.34400415420532227,"Mar 1, 2024, 12:13:00 PM PST",POSITIVE,0.9994329810142517
26573,self-improvement and personal growth,0.8814499378204346,"Mar 11, 2024, 12:38:40 PM PST",NEGATIVE,0.8370015621185303
26573,motivation and mental strength,0.8252748250961304,"Mar 11, 2024, 12:38:40 PM PST",NEGATIVE,0.8370015621185303
26573,mindfulness and mental wellness,0.812964677810669,"Mar 11, 2024, 12:38:40 PM PST",NEGATIVE,0.8370015621185303
26573,mental health experiences,0.7561071515083313,"Mar 11, 2024, 12:38:40 PM PST",NEGATIVE,0.8370015621185303
26573,self-care practices,0.732979416847229,"Mar 11, 2024, 12:38:40 PM PST",NEGATIVE,0.8370015621185303
26573,mental health education,0.6502587199211121,"Mar 11, 2024, 12:38:40 PM PST",NEGATIVE,0.8370015621185303
26573,addiction awareness and recovery,0.6373894214630127,"Mar 11, 2024, 12:38:40 PM PST",NEGATIVE,0.8370015621185303
26573,emotional health discussion,0.6135990023612976,"Mar 11, 2024, 12:38:40 PM PST",NEGATIVE,0.8370015621185303
26573,therapy and mental health support,0.5583449602127075,"Mar 11, 2024, 12:38:40 PM PST",NEGATIVE,0.8370015621185303
26573,work-life balance and burnout,0.5486164689064026,"Mar 11, 2024, 12:38:40 PM PST",NEGATIVE,0.8370015621185303
26573,trauma awareness and healing,0.5025126338005066,"Mar 11, 2024, 12:38:40 PM PST",NEGATIVE,0.8370015621185303
26573,sleep and mental wellness,0.43392810225486755,"Mar 11, 2024, 12:38:40 PM PST",NEGATIVE,0.8370015621185303
26573,social anxiety and relationships,0.4180086553096771,"Mar 11, 2024, 12:38:40 PM PST",NEGATIVE,0.8370015621185303
26573,depression and emotional support,0.3484712243080139,"Mar 11, 2024, 12:38:40 PM PST",NEGATIVE,0.8370015621185303
26573,anxiety and stress management,0.3306722939014435,"Mar 11, 2024, 12:38:40 PM PST",NEGATIVE,0.8370015621185303
26998,self-improvement and personal growth,0.9191965460777283,"Mar 6, 2024, 9:55:50 PM PST",POSITIVE,0.9988898634910583
26998,motivation and mental strength,0.9074363708496094,"Mar 6, 2024, 9:55:50 PM PST",POSITIVE,0.9988898634910583
26998,mindfulness and mental wellness,0.648495078086853,"Mar 6, 2024, 9:55:50 PM PST",POSITIVE,0.9988898634910583
26998,self-care practices,0.5827581882476807,"Mar 6, 2024, 9:55:50 PM PST",POSITIVE,0.9988898634910583
26998,mental health experiences,0.5775260329246521,"Mar 6, 2024, 9:55:50 PM PST",POSITIVE,0.9988898634910583
26998,addiction awareness and recovery,0.37621793150901794,"Mar 6, 2024, 9:55:50 PM PST",POSITIVE,0.9988898634910583
26998,social anxiety and relationships,0.3005598187446594,"Mar 6, 2024, 9:55:50 PM PST",POSITIVE,0.9988898634910583
26574,motivation and mental strength,0.8867673873901367,"Mar 11, 2024, 12:38:39 PM PST",NEGATIVE,0.663905680179596
26574,self-improvement and personal growth,0.6941606402397156,"Mar 11, 2024, 12:38:39 PM PST",NEGATIVE,0.663905680179596
26574,mindfulness and mental wellness,0.33684155344963074,"Mar 11, 2024, 12:38:39 PM PST",NEGATIVE,0.663905680179596
27410,self-improvement and personal growth,0.921647846698761,"Mar 1, 2024, 12:08:49 PM PST",NEGATIVE,0.9334700703620911
27410,mental health experiences,0.7992133498191833,"Mar 1, 2024, 12:08:49 PM PST",NEGATIVE,0.9334700703620911
27410,motivation and mental strength,0.79095858335495,"Mar 1, 2024, 12:08:49 PM PST",NEGATIVE,0.9334700703620911
27410,mindfulness and mental wellness,0.6799397468566895,"Mar 1, 2024, 12:08:49 PM PST",NEGATIVE,0.9334700703620911
27410,self-care practices,0.6393998265266418,"Mar 1, 2024, 12:08:49 PM PST",NEGATIVE,0.9334700703620911
27410,addiction awareness and recovery,0.6187841296195984,"Mar 1, 2024, 12:08:49 PM PST",NEGATIVE,0.9334700703620911
27410,trauma awareness and healing,0.5546219944953918,"Mar 1, 2024, 12:08:49 PM PST",NEGATIVE,0.9334700703620911
27410,work-life balance and burnout,0.4183896780014038,"Mar 1, 2024, 12:08:49 PM PST",NEGATIVE,0.9334700703620911
27410,emotional health discussion,0.37941843271255493,"Mar 1, 2024, 12:08:49 PM PST",NEGATIVE,0.9334700703620911
27410,mental health education,0.3496089577674866,"Mar 1, 2024, 12:08:49 PM PST",NEGATIVE,0.9334700703620911
27410,depression and emotional support,0.34828728437423706,"Mar 1, 2024, 12:08:49 PM PST",NEGATIVE,0.9334700703620911
26999,self-improvement and personal growth,0.7073148488998413,"Mar 6, 2024, 9:11:19 PM PST",NEGATIVE,0.8435045480728149
26999,motivation and mental strength,0.5912676453590393,"Mar 6, 2024, 9:11:19 PM PST",NEGATIVE,0.8435045480728149
26999,mental health experiences,0.5473280549049377,"Mar 6, 2024, 9:11:19 PM PST",NEGATIVE,0.8435045480728149
26999,addiction awareness and recovery,0.3298019766807556,"Mar 6, 2024, 9:11:19 PM PST",NEGATIVE,0.8435045480728149
26575,self-improvement and personal growth,0.8644258379936218,"Mar 11, 2024, 12:38:38 PM PST",POSITIVE,0.9563615918159485
26575,mindfulness and mental wellness,0.8509551286697388,"Mar 11, 2024, 12:38:38 PM PST",POSITIVE,0.9563615918159485
26575,motivation and mental strength,0.8406774401664734,"Mar 11, 2024, 12:38:38 PM PST",POSITIVE,0.9563615918159485
26575,self-care practices,0.628204345703125,"Mar 11, 2024, 12:38:38 PM PST",POSITIVE,0.9563615918159485
26575,mental health experiences,0.5372498631477356,"Mar 11, 2024, 12:38:38 PM PST",POSITIVE,0.9563615918159485
26575,addiction awareness and recovery,0.4950595796108246,"Mar 11, 2024, 12:38:38 PM PST",POSITIVE,0.9563615918159485
26575,mental health education,0.42146265506744385,"Mar 11, 2024, 12:38:38 PM PST",POSITIVE,0.9563615918159485
26575,trauma awareness and healing,0.4121420979499817,"Mar 11, 2024, 12:38:38 PM PST",POSITIVE,0.9563615918159485
26575,therapy and mental health support,0.3193327784538269,"Mar 11, 2024, 12:38:38 PM PST",POSITIVE,0.9563615918159485
26575,emotional health discussion,0.30164167284965515,"Mar 11, 2024, 12:38:38 PM PST",POSITIVE,0.9563615918159485
27411,motivation and mental strength,0.8990656137466431,"Mar 1, 2024, 11:55:53 AM PST",NEGATIVE,0.9176949262619019
27411,self-improvement and personal growth,0.8510186672210693,"Mar 1, 2024, 11:55:53 AM PST",NEGATIVE,0.9176949262619019
27411,mental health experiences,0.6638247966766357,"Mar 1, 2024, 11:55:53 AM PST",NEGATIVE,0.9176949262619019
27411,mindfulness and mental wellness,0.639306902885437,"Mar 1, 2024, 11:55:53 AM PST",NEGATIVE,0.9176949262619019
27411,emotional health discussion,0.4978272020816803,"Mar 1, 2024, 11:55:53 AM PST",NEGATIVE,0.9176949262619019
27411,addiction awareness and recovery,0.4641629159450531,"Mar 1, 2024, 11:55:53 AM PST",NEGATIVE,0.9176949262619019
27411,trauma awareness and healing,0.43421417474746704,"Mar 1, 2024, 11:55:53 AM PST",NEGATIVE,0.9176949262619019
27411,self-care practices,0.37084147334098816,"Mar 1, 2024, 11:55:53 AM PST",NEGATIVE,0.9176949262619019
27411,mental health education,0.34438836574554443,"Mar 1, 2024, 11:55:53 AM PST",NEGATIVE,0.9176949262619019
27411,therapy and mental health support,0.32079771161079407,"Mar 1, 2024, 11:55:53 AM PST",NEGATIVE,0.9176949262619019
27000,mental health experiences,0.9434979557991028,"Mar 6, 2024, 9:07:41 PM PST",NEGATIVE,0.9033377766609192
27000,motivation and mental strength,0.935573935508728,"Mar 6, 2024, 9:07:41 PM PST",NEGATIVE,0.9033377766609192
27000,sleep and mental wellness,0.9138354659080505,"Mar 6, 2024, 9:07:41 PM PST",NEGATIVE,0.9033377766609192
27000,trauma awareness and healing,0.9002737998962402,"Mar 6, 2024, 9:07:41 PM PST",NEGATIVE,0.9033377766609192
27000,anxiety and stress management,0.8592486381530762,"Mar 6, 2024, 9:07:41 PM PST",NEGATIVE,0.9033377766609192
27000,addiction awareness and recovery,0.8294776678085327,"Mar 6, 2024, 9:07:41 PM PST",NEGATIVE,0.9033377766609192
27000,self-improvement and personal growth,0.8201755285263062,"Mar 6, 2024, 9:07:41 PM PST",NEGATIVE,0.9033377766609192
27000,mental health education,0.770382821559906,"Mar 6, 2024, 9:07:41 PM PST",NEGATIVE,0.9033377766609192
27000,self-care practices,0.7645277976989746,"Mar 6, 2024, 9:07:41 PM PST",NEGATIVE,0.9033377766609192
27000,emotional health discussion,0.7311073541641235,"Mar 6, 2024, 9:07:41 PM PST",NEGATIVE,0.9033377766609192
27000,depression and emotional support,0.704943835735321,"Mar 6, 2024, 9:07:41 PM PST",NEGATIVE,0.9033377766609192
27000,mindfulness and mental wellness,0.6042343974113464,"Mar 6, 2024, 9:07:41 PM PST",NEGATIVE,0.9033377766609192
27000,therapy and mental health support,0.38815322518348694,"Mar 6, 2024, 9:07:41 PM PST",NEGATIVE,0.9033377766609192
26576,mindfulness and mental wellness,0.9115995764732361,"Mar 11, 2024, 12:38:36 PM PST",NEGATIVE,0.9886590838432312
26576,self-improvement and personal growth,0.8918845653533936,"Mar 11, 2024, 12:38:36 PM PST",NEGATIVE,0.9886590838432312
26576,motivation and mental strength,0.8854554295539856,"Mar 11, 2024, 12:38:36 PM PST",NEGATIVE,0.9886590838432312
26576,mental health experiences,0.8284947872161865,"Mar 11, 2024, 12:38:36 PM PST",NEGATIVE,0.9886590838432312
26576,self-care practices,0.8035241961479187,"Mar 11, 2024, 12:38:36 PM PST",NEGATIVE,0.9886590838432312
26576,sleep and mental wellness,0.7883568406105042,"Mar 11, 2024, 12:38:36 PM PST",NEGATIVE,0.9886590838432312
26576,mental health education,0.7796734571456909,"Mar 11, 2024, 12:38:36 PM PST",NEGATIVE,0.9886590838432312
26576,emotional health discussion,0.7484723329544067,"Mar 11, 2024, 12:38:36 PM PST",NEGATIVE,0.9886590838432312
26576,addiction awareness and recovery,0.6845160126686096,"Mar 11, 2024, 12:38:36 PM PST",NEGATIVE,0.9886590838432312
26576,work-life balance and burnout,0.6838844418525696,"Mar 11, 2024, 12:38:36 PM PST",NEGATIVE,0.9886590838432312
26576,trauma awareness and healing,0.6668031215667725,"Mar 11, 2024, 12:38:36 PM PST",NEGATIVE,0.9886590838432312
26576,therapy and mental health support,0.655610203742981,"Mar 11, 2024, 12:38:36 PM PST",NEGATIVE,0.9886590838432312
26576,depression and emotional support,0.5130434632301331,"Mar 11, 2024, 12:38:36 PM PST",NEGATIVE,0.9886590838432312
26576,social anxiety and relationships,0.4890066385269165,"Mar 11, 2024, 12:38:36 PM PST",NEGATIVE,0.9886590838432312
26576,anxiety and stress management,0.4211975932121277,"Mar 11, 2024, 12:38:36 PM PST",NEGATIVE,0.9886590838432312
27412,mindfulness and mental wellness,0.9600364565849304,"Mar 1, 2024, 11:42:38 AM PST",NEGATIVE,0.7526085376739502
27412,motivation and mental strength,0.9594810009002686,"Mar 1, 2024, 11:42:38 AM PST",NEGATIVE,0.7526085376739502
27412,self-improvement and personal growth,0.942655622959137,"Mar 1, 2024, 11:42:38 AM PST",NEGATIVE,0.7526085376739502
27412,mental health experiences,0.8873514533042908,"Mar 1, 2024, 11:42:38 AM PST",NEGATIVE,0.7526085376739502
27412,mental health education,0.8658461570739746,"Mar 1, 2024, 11:42:38 AM PST",NEGATIVE,0.7526085376739502
27412,self-care practices,0.8502070903778076,"Mar 1, 2024, 11:42:38 AM PST",NEGATIVE,0.7526085376739502
27412,sleep and mental wellness,0.8189077973365784,"Mar 1, 2024, 11:42:38 AM PST",NEGATIVE,0.7526085376739502
27412,emotional health discussion,0.7598061561584473,"Mar 1, 2024, 11:42:38 AM PST",NEGATIVE,0.7526085376739502
27412,addiction awareness and recovery,0.7377920746803284,"Mar 1, 2024, 11:42:38 AM PST",NEGATIVE,0.7526085376739502
27412,therapy and mental health support,0.735338032245636,"Mar 1, 2024, 11:42:38 AM PST",NEGATIVE,0.7526085376739502
27412,social anxiety and relationships,0.6987563967704773,"Mar 1, 2024, 11:42:38 AM PST",NEGATIVE,0.7526085376739502
27412,work-life balance and burnout,0.6906849145889282,"Mar 1, 2024, 11:42:38 AM PST",NEGATIVE,0.7526085376739502
27412,trauma awareness and healing,0.6407554149627686,"Mar 1, 2024, 11:42:38 AM PST",NEGATIVE,0.7526085376739502
27412,depression and emotional support,0.5523552894592285,"Mar 1, 2024, 11:42:38 AM PST",NEGATIVE,0.7526085376739502
27412,anxiety and stress management,0.4718422293663025,"Mar 1, 2024, 11:42:38 AM PST",NEGATIVE,0.7526085376739502
27001,motivation and mental strength,0.9249172806739807,"Mar 6, 2024, 9:01:34 PM PST",POSITIVE,0.9333584904670715
27001,self-improvement and personal growth,0.8075836300849915,"Mar 6, 2024, 9:01:34 PM PST",POSITIVE,0.9333584904670715
27001,addiction awareness and recovery,0.6780247688293457,"Mar 6, 2024, 9:01:34 PM PST",POSITIVE,0.9333584904670715
27001,mental health experiences,0.49380984902381897,"Mar 6, 2024, 9:01:34 PM PST",POSITIVE,0.9333584904670715
27001,mindfulness and mental wellness,0.47951966524124146,"Mar 6, 2024, 9:01:34 PM PST",POSITIVE,0.9333584904670715
27001,trauma awareness and healing,0.3505575358867645,"Mar 6, 2024, 9:01:34 PM PST",POSITIVE,0.9333584904670715
26577,motivation and mental strength,0.9805171489715576,"Mar 11, 2024, 12:38:35 PM PST",NEGATIVE,0.561008870601654
26577,mental health experiences,0.9618971347808838,"Mar 11, 2024, 12:38:35 PM PST",NEGATIVE,0.561008870601654
26577,self-improvement and personal growth,0.9161660671234131,"Mar 11, 2024, 12:38:35 PM PST",NEGATIVE,0.561008870601654
26577,mindfulness and mental wellness,0.8901562690734863,"Mar 11, 2024, 12:38:35 PM PST",NEGATIVE,0.561008870601654
26577,self-care practices,0.8714619278907776,"Mar 11, 2024, 12:38:35 PM PST",NEGATIVE,0.561008870601654
26577,mental health education,0.859125018119812,"Mar 11, 2024, 12:38:35 PM PST",NEGATIVE,0.561008870601654
26577,emotional health discussion,0.8519974946975708,"Mar 11, 2024, 12:38:35 PM PST",NEGATIVE,0.561008870601654
26577,addiction awareness and recovery,0.8340962529182434,"Mar 11, 2024, 12:38:35 PM PST",NEGATIVE,0.561008870601654
26577,trauma awareness and healing,0.7323858141899109,"Mar 11, 2024, 12:38:35 PM PST",NEGATIVE,0.561008870601654
26577,work-life balance and burnout,0.7020256519317627,"Mar 11, 2024, 12:38:35 PM PST",NEGATIVE,0.561008870601654
26577,therapy and mental health support,0.6894447803497314,"Mar 11, 2024, 12:38:35 PM PST",NEGATIVE,0.561008870601654
26577,sleep and mental wellness,0.662394106388092,"Mar 11, 2024, 12:38:35 PM PST",NEGATIVE,0.561008870601654
26577,social anxiety and relationships,0.5435492396354675,"Mar 11, 2024, 12:38:35 PM PST",NEGATIVE,0.561008870601654
26577,anxiety and stress management,0.5235101580619812,"Mar 11, 2024, 12:38:35 PM PST",NEGATIVE,0.561008870601654
26577,depression and emotional support,0.42299869656562805,"Mar 11, 2024, 12:38:35 PM PST",NEGATIVE,0.561008870601654
27413,mental health experiences,0.9468172192573547,"Mar 1, 2024, 11:42:37 AM PST",POSITIVE,0.6070377826690674
27413,self-improvement and personal growth,0.9370681643486023,"Mar 1, 2024, 11:42:37 AM PST",POSITIVE,0.6070377826690674
27413,motivation and mental strength,0.9204215407371521,"Mar 1, 2024, 11:42:37 AM PST",POSITIVE,0.6070377826690674
27413,mindfulness and mental wellness,0.8109283447265625,"Mar 1, 2024, 11:42:37 AM PST",POSITIVE,0.6070377826690674
27413,addiction awareness and recovery,0.8082979917526245,"Mar 1, 2024, 11:42:37 AM PST",POSITIVE,0.6070377826690674
27413,self-care practices,0.8064386248588562,"Mar 1, 2024, 11:42:37 AM PST",POSITIVE,0.6070377826690674
27413,mental health education,0.7945554256439209,"Mar 1, 2024, 11:42:37 AM PST",POSITIVE,0.6070377826690674
27413,therapy and mental health support,0.7794310450553894,"Mar 1, 2024, 11:42:37 AM PST",POSITIVE,0.6070377826690674
27413,trauma awareness and healing,0.7730669975280762,"Mar 1, 2024, 11:42:37 AM PST",POSITIVE,0.6070377826690674
27413,emotional health discussion,0.7642511129379272,"Mar 1, 2024, 11:42:37 AM PST",POSITIVE,0.6070377826690674
27413,social anxiety and relationships,0.6668193936347961,"Mar 1, 2024, 11:42:37 AM PST",POSITIVE,0.6070377826690674
27413,work-life balance and burnout,0.6639118790626526,"Mar 1, 2024, 11:42:37 AM PST",POSITIVE,0.6070377826690674
27413,depression and emotional support,0.5176538825035095,"Mar 1, 2024, 11:42:37 AM PST",POSITIVE,0.6070377826690674
27413,anxiety and stress management,0.4720357358455658,"Mar 1, 2024, 11:42:37 AM PST",POSITIVE,0.6070377826690674
27413,sleep and mental wellness,0.4193965792655945,"Mar 1, 2024, 11:42:37 AM PST",POSITIVE,0.6070377826690674
27002,sleep and mental wellness,0.9299275279045105,"Mar 6, 2024, 8:57:37 PM PST",NEGATIVE,0.9937934875488281
27002,motivation and mental strength,0.915924072265625,"Mar 6, 2024, 8:57:37 PM PST",NEGATIVE,0.9937934875488281
27002,self-improvement and personal growth,0.8972168564796448,"Mar 6, 2024, 8:57:37 PM PST",NEGATIVE,0.9937934875488281
27002,mindfulness and mental wellness,0.8928266167640686,"Mar 6, 2024, 8:57:37 PM PST",NEGATIVE,0.9937934875488281
27002,mental health experiences,0.7625069618225098,"Mar 6, 2024, 8:57:37 PM PST",NEGATIVE,0.9937934875488281
27002,addiction awareness and recovery,0.6941506266593933,"Mar 6, 2024, 8:57:37 PM PST",NEGATIVE,0.9937934875488281
27002,self-care practices,0.6603561639785767,"Mar 6, 2024, 8:57:37 PM PST",NEGATIVE,0.9937934875488281
27002,trauma awareness and healing,0.55230712890625,"Mar 6, 2024, 8:57:37 PM PST",NEGATIVE,0.9937934875488281
27002,mental health education,0.3443455100059509,"Mar 6, 2024, 8:57:37 PM PST",NEGATIVE,0.9937934875488281
26578,motivation and mental strength,0.9270659685134888,"Mar 11, 2024, 12:38:34 PM PST",POSITIVE,0.9355951547622681
26578,mental health experiences,0.9193647503852844,"Mar 11, 2024, 12:38:34 PM PST",POSITIVE,0.9355951547622681
26578,self-improvement and personal growth,0.9188792705535889,"Mar 11, 2024, 12:38:34 PM PST",POSITIVE,0.9355951547622681
26578,mindfulness and mental wellness,0.9102094769477844,"Mar 11, 2024, 12:38:34 PM PST",POSITIVE,0.9355951547622681
26578,self-care practices,0.84739750623703,"Mar 11, 2024, 12:38:34 PM PST",POSITIVE,0.9355951547622681
26578,mental health education,0.8108385801315308,"Mar 11, 2024, 12:38:34 PM PST",POSITIVE,0.9355951547622681
26578,addiction awareness and recovery,0.7430702447891235,"Mar 11, 2024, 12:38:34 PM PST",POSITIVE,0.9355951547622681
26578,therapy and mental health support,0.741806149482727,"Mar 11, 2024, 12:38:34 PM PST",POSITIVE,0.9355951547622681
26578,emotional health discussion,0.738168478012085,"Mar 11, 2024, 12:38:34 PM PST",POSITIVE,0.9355951547622681
26578,trauma awareness and healing,0.6775270700454712,"Mar 11, 2024, 12:38:34 PM PST",POSITIVE,0.9355951547622681
26578,social anxiety and relationships,0.5421684384346008,"Mar 11, 2024, 12:38:34 PM PST",POSITIVE,0.9355951547622681
26578,work-life balance and burnout,0.5131710767745972,"Mar 11, 2024, 12:38:34 PM PST",POSITIVE,0.9355951547622681
26578,sleep and mental wellness,0.4957089424133301,"Mar 11, 2024, 12:38:34 PM PST",POSITIVE,0.9355951547622681
26578,depression and emotional support,0.48000282049179077,"Mar 11, 2024, 12:38:34 PM PST",POSITIVE,0.9355951547622681
26578,anxiety and stress management,0.3927031457424164,"Mar 11, 2024, 12:38:34 PM PST",POSITIVE,0.9355951547622681
27414,motivation and mental strength,0.9276429414749146,"Janiye (from the Netflix Film ""Chor Nikal Ke Bhaga"")",NEGATIVE,0.9399725198745728
27414,self-improvement and personal growth,0.7363913059234619,"Janiye (from the Netflix Film ""Chor Nikal Ke Bhaga"")",NEGATIVE,0.9399725198745728
27414,mental health experiences,0.7319397330284119,"Janiye (from the Netflix Film ""Chor Nikal Ke Bhaga"")",NEGATIVE,0.9399725198745728
27414,mindfulness and mental wellness,0.659087598323822,"Janiye (from the Netflix Film ""Chor Nikal Ke Bhaga"")",NEGATIVE,0.9399725198745728
27414,social anxiety and relationships,0.5874176621437073,"Janiye (from the Netflix Film ""Chor Nikal Ke Bhaga"")",NEGATIVE,0.9399725198745728
27414,self-care practices,0.4511740207672119,"Janiye (from the Netflix Film ""Chor Nikal Ke Bhaga"")",NEGATIVE,0.9399725198745728
27414,trauma awareness and healing,0.37861567735671997,"Janiye (from the Netflix Film ""Chor Nikal Ke Bhaga"")",NEGATIVE,0.9399725198745728
27414,depression and emotional support,0.36784783005714417,"Janiye (from the Netflix Film ""Chor Nikal Ke Bhaga"")",NEGATIVE,0.9399725198745728
27414,addiction awareness and recovery,0.3347504138946533,"Janiye (from the Netflix Film ""Chor Nikal Ke Bhaga"")",NEGATIVE,0.9399725198745728
27414,emotional health discussion,0.3252306878566742,"Janiye (from the Netflix Film ""Chor Nikal Ke Bhaga"")",NEGATIVE,0.9399725198745728
27003,self-improvement and personal growth,0.921647846698761,"Mar 6, 2024, 8:53:37 PM PST",NEGATIVE,0.9334700703620911
27003,mental health experiences,0.7992133498191833,"Mar 6, 2024, 8:53:37 PM PST",NEGATIVE,0.9334700703620911
27003,motivation and mental strength,0.79095858335495,"Mar 6, 2024, 8:53:37 PM PST",NEGATIVE,0.9334700703620911
27003,mindfulness and mental wellness,0.6799397468566895,"Mar 6, 2024, 8:53:37 PM PST",NEGATIVE,0.9334700703620911
27003,self-care practices,0.6393998265266418,"Mar 6, 2024, 8:53:37 PM PST",NEGATIVE,0.9334700703620911
27003,addiction awareness and recovery,0.6187841296195984,"Mar 6, 2024, 8:53:37 PM PST",NEGATIVE,0.9334700703620911
27003,trauma awareness and healing,0.5546219944953918,"Mar 6, 2024, 8:53:37 PM PST",NEGATIVE,0.9334700703620911
27003,work-life balance and burnout,0.4183896780014038,"Mar 6, 2024, 8:53:37 PM PST",NEGATIVE,0.9334700703620911
27003,emotional health discussion,0.37941843271255493,"Mar 6, 2024, 8:53:37 PM PST",NEGATIVE,0.9334700703620911
27003,mental health education,0.3496089577674866,"Mar 6, 2024, 8:53:37 PM PST",NEGATIVE,0.9334700703620911
27003,depression and emotional support,0.34828728437423706,"Mar 6, 2024, 8:53:37 PM PST",NEGATIVE,0.9334700703620911
26579,motivation and mental strength,0.8829954862594604,"Mar 11, 2024, 12:38:33 PM PST",NEGATIVE,0.6532819271087646
26579,self-improvement and personal growth,0.8691297173500061,"Mar 11, 2024, 12:38:33 PM PST",NEGATIVE,0.6532819271087646
26579,mindfulness and mental wellness,0.7400513887405396,"Mar 11, 2024, 12:38:33 PM PST",NEGATIVE,0.6532819271087646
26579,self-care practices,0.6640701293945312,"Mar 11, 2024, 12:38:33 PM PST",NEGATIVE,0.6532819271087646
26579,mental health experiences,0.6488214135169983,"Mar 11, 2024, 12:38:33 PM PST",NEGATIVE,0.6532819271087646
26579,addiction awareness and recovery,0.626767098903656,"Mar 11, 2024, 12:38:33 PM PST",NEGATIVE,0.6532819271087646
26579,mental health education,0.5099409222602844,"Mar 11, 2024, 12:38:33 PM PST",NEGATIVE,0.6532819271087646
26579,therapy and mental health support,0.5078617334365845,"Mar 11, 2024, 12:38:33 PM PST",NEGATIVE,0.6532819271087646
26579,work-life balance and burnout,0.5026741623878479,"Mar 11, 2024, 12:38:33 PM PST",NEGATIVE,0.6532819271087646
26579,trauma awareness and healing,0.46349310874938965,"Mar 11, 2024, 12:38:33 PM PST",NEGATIVE,0.6532819271087646
26579,emotional health discussion,0.46170198917388916,"Mar 11, 2024, 12:38:33 PM PST",NEGATIVE,0.6532819271087646
26579,social anxiety and relationships,0.42641007900238037,"Mar 11, 2024, 12:38:33 PM PST",NEGATIVE,0.6532819271087646
26579,sleep and mental wellness,0.3568103611469269,"Mar 11, 2024, 12:38:33 PM PST",NEGATIVE,0.6532819271087646
26579,anxiety and stress management,0.3316337764263153,"Mar 11, 2024, 12:38:33 PM PST",NEGATIVE,0.6532819271087646
27415,self-improvement and personal growth,0.8628043532371521,"Mar 1, 2024, 11:42:33 AM PST",NEGATIVE,0.9608416557312012
27415,motivation and mental strength,0.8283817172050476,"Mar 1, 2024, 11:42:33 AM PST",NEGATIVE,0.9608416557312012
27415,sleep and mental wellness,0.7817291617393494,"Mar 1, 2024, 11:42:33 AM PST",NEGATIVE,0.9608416557312012
27415,mindfulness and mental wellness,0.7749769687652588,"Mar 1, 2024, 11:42:33 AM PST",NEGATIVE,0.9608416557312012
27415,self-care practices,0.7511662244796753,"Mar 1, 2024, 11:42:33 AM PST",NEGATIVE,0.9608416557312012
27415,mental health experiences,0.7130561470985413,"Mar 1, 2024, 11:42:33 AM PST",NEGATIVE,0.9608416557312012
27415,trauma awareness and healing,0.5968663096427917,"Mar 1, 2024, 11:42:33 AM PST",NEGATIVE,0.9608416557312012
27415,mental health education,0.5692285895347595,"Mar 1, 2024, 11:42:33 AM PST",NEGATIVE,0.9608416557312012
27415,emotional health discussion,0.5409787893295288,"Mar 1, 2024, 11:42:33 AM PST",NEGATIVE,0.9608416557312012
27415,addiction awareness and recovery,0.532131552696228,"Mar 1, 2024, 11:42:33 AM PST",NEGATIVE,0.9608416557312012
27415,work-life balance and burnout,0.5286265015602112,"Mar 1, 2024, 11:42:33 AM PST",NEGATIVE,0.9608416557312012
27415,therapy and mental health support,0.4552531838417053,"Mar 1, 2024, 11:42:33 AM PST",NEGATIVE,0.9608416557312012
27415,social anxiety and relationships,0.3007476329803467,"Mar 1, 2024, 11:42:33 AM PST",NEGATIVE,0.9608416557312012
27004,mental health experiences,0.8024840354919434,"Mar 6, 2024, 8:49:42 PM PST",POSITIVE,0.9913034439086914
27004,motivation and mental strength,0.7923174500465393,"Mar 6, 2024, 8:49:42 PM PST",POSITIVE,0.9913034439086914
27004,self-improvement and personal growth,0.778727650642395,"Mar 6, 2024, 8:49:42 PM PST",POSITIVE,0.9913034439086914
27004,emotional health discussion,0.7137460708618164,"Mar 6, 2024, 8:49:42 PM PST",POSITIVE,0.9913034439086914
27004,addiction awareness and recovery,0.6790069937705994,"Mar 6, 2024, 8:49:42 PM PST",POSITIVE,0.9913034439086914
27004,work-life balance and burnout,0.6637836694717407,"Mar 6, 2024, 8:49:42 PM PST",POSITIVE,0.9913034439086914
27004,mental health education,0.5350179672241211,"Mar 6, 2024, 8:49:42 PM PST",POSITIVE,0.9913034439086914
27004,therapy and mental health support,0.40797504782676697,"Mar 6, 2024, 8:49:42 PM PST",POSITIVE,0.9913034439086914
27004,social anxiety and relationships,0.38352730870246887,"Mar 6, 2024, 8:49:42 PM PST",POSITIVE,0.9913034439086914
27004,anxiety and stress management,0.3057812452316284,"Mar 6, 2024, 8:49:42 PM PST",POSITIVE,0.9913034439086914
27416,motivation and mental strength,0.9275533556938171,"Mar 1, 2024, 11:42:32 AM PST",NEGATIVE,0.9956963062286377
27416,self-improvement and personal growth,0.9245738387107849,"Mar 1, 2024, 11:42:32 AM PST",NEGATIVE,0.9956963062286377
27416,mental health experiences,0.916803777217865,"Mar 1, 2024, 11:42:32 AM PST",NEGATIVE,0.9956963062286377
27416,mindfulness and mental wellness,0.8882730603218079,"Mar 1, 2024, 11:42:32 AM PST",NEGATIVE,0.9956963062286377
27416,self-care practices,0.8277192711830139,"Mar 1, 2024, 11:42:32 AM PST",NEGATIVE,0.9956963062286377
27416,addiction awareness and recovery,0.8185586333274841,"Mar 1, 2024, 11:42:32 AM PST",NEGATIVE,0.9956963062286377
27416,mental health education,0.7992708683013916,"Mar 1, 2024, 11:42:32 AM PST",NEGATIVE,0.9956963062286377
27416,therapy and mental health support,0.7685898542404175,"Mar 1, 2024, 11:42:32 AM PST",NEGATIVE,0.9956963062286377
27416,emotional health discussion,0.7072120308876038,"Mar 1, 2024, 11:42:32 AM PST",NEGATIVE,0.9956963062286377
27416,trauma awareness and healing,0.6460235714912415,"Mar 1, 2024, 11:42:32 AM PST",NEGATIVE,0.9956963062286377
27416,work-life balance and burnout,0.5487747192382812,"Mar 1, 2024, 11:42:32 AM PST",NEGATIVE,0.9956963062286377
27416,depression and emotional support,0.5374709367752075,"Mar 1, 2024, 11:42:32 AM PST",NEGATIVE,0.9956963062286377
27416,sleep and mental wellness,0.4829730689525604,"Mar 1, 2024, 11:42:32 AM PST",NEGATIVE,0.9956963062286377
27416,social anxiety and relationships,0.4131111204624176,"Mar 1, 2024, 11:42:32 AM PST",NEGATIVE,0.9956963062286377
27416,anxiety and stress management,0.364577978849411,"Mar 1, 2024, 11:42:32 AM PST",NEGATIVE,0.9956963062286377
26580,self-improvement and personal growth,0.9112107753753662,"Mar 11, 2024, 12:38:32 PM PST",POSITIVE,0.9265515804290771
26580,motivation and mental strength,0.8727679252624512,"Mar 11, 2024, 12:38:32 PM PST",POSITIVE,0.9265515804290771
26580,mindfulness and mental wellness,0.7554081082344055,"Mar 11, 2024, 12:38:32 PM PST",POSITIVE,0.9265515804290771
26580,self-care practices,0.6783834099769592,"Mar 11, 2024, 12:38:32 PM PST",POSITIVE,0.9265515804290771
26580,mental health experiences,0.6687114834785461,"Mar 11, 2024, 12:38:32 PM PST",POSITIVE,0.9265515804290771
26580,addiction awareness and recovery,0.5635536313056946,"Mar 11, 2024, 12:38:32 PM PST",POSITIVE,0.9265515804290771
26580,emotional health discussion,0.4755736291408539,"Mar 11, 2024, 12:38:32 PM PST",POSITIVE,0.9265515804290771
26580,trauma awareness and healing,0.45050501823425293,"Mar 11, 2024, 12:38:32 PM PST",POSITIVE,0.9265515804290771
26580,mental health education,0.3855684697628021,"Mar 11, 2024, 12:38:32 PM PST",POSITIVE,0.9265515804290771
26580,therapy and mental health support,0.38052916526794434,"Mar 11, 2024, 12:38:32 PM PST",POSITIVE,0.9265515804290771
26580,sleep and mental wellness,0.37840941548347473,"Mar 11, 2024, 12:38:32 PM PST",POSITIVE,0.9265515804290771
26580,work-life balance and burnout,0.33819445967674255,"Mar 11, 2024, 12:38:32 PM PST",POSITIVE,0.9265515804290771
27417,self-improvement and personal growth,0.9000212550163269,"Mar 1, 2024, 11:42:23 AM PST",NEGATIVE,0.9958229064941406
27417,motivation and mental strength,0.899323582649231,"Mar 1, 2024, 11:42:23 AM PST",NEGATIVE,0.9958229064941406
27417,mindfulness and mental wellness,0.8909552097320557,"Mar 1, 2024, 11:42:23 AM PST",NEGATIVE,0.9958229064941406
27417,mental health experiences,0.8455941677093506,"Mar 1, 2024, 11:42:23 AM PST",NEGATIVE,0.9958229064941406
27417,self-care practices,0.8446881175041199,"Mar 1, 2024, 11:42:23 AM PST",NEGATIVE,0.9958229064941406
27417,mental health education,0.7787991762161255,"Mar 1, 2024, 11:42:23 AM PST",NEGATIVE,0.9958229064941406
27417,sleep and mental wellness,0.7452532649040222,"Mar 1, 2024, 11:42:23 AM PST",NEGATIVE,0.9958229064941406
27417,work-life balance and burnout,0.7253373265266418,"Mar 1, 2024, 11:42:23 AM PST",NEGATIVE,0.9958229064941406
27417,addiction awareness and recovery,0.7151817083358765,"Mar 1, 2024, 11:42:23 AM PST",NEGATIVE,0.9958229064941406
27417,emotional health discussion,0.6948677897453308,"Mar 1, 2024, 11:42:23 AM PST",NEGATIVE,0.9958229064941406
27417,therapy and mental health support,0.6803610920906067,"Mar 1, 2024, 11:42:23 AM PST",NEGATIVE,0.9958229064941406
27417,depression and emotional support,0.6282593607902527,"Mar 1, 2024, 11:42:23 AM PST",NEGATIVE,0.9958229064941406
27417,trauma awareness and healing,0.6169841885566711,"Mar 1, 2024, 11:42:23 AM PST",NEGATIVE,0.9958229064941406
27417,social anxiety and relationships,0.6007591485977173,"Mar 1, 2024, 11:42:23 AM PST",NEGATIVE,0.9958229064941406
27417,anxiety and stress management,0.4382394254207611,"Mar 1, 2024, 11:42:23 AM PST",NEGATIVE,0.9958229064941406
26581,motivation and mental strength,0.866264283657074,"Mar 11, 2024, 12:38:31 PM PST",NEGATIVE,0.7040528059005737
26581,self-improvement and personal growth,0.8512367010116577,"Mar 11, 2024, 12:38:31 PM PST",NEGATIVE,0.7040528059005737
26581,mindfulness and mental wellness,0.7446649670600891,"Mar 11, 2024, 12:38:31 PM PST",NEGATIVE,0.7040528059005737
26581,mental health experiences,0.6320275664329529,"Mar 11, 2024, 12:38:31 PM PST",NEGATIVE,0.7040528059005737
26581,self-care practices,0.5832953453063965,"Mar 11, 2024, 12:38:31 PM PST",NEGATIVE,0.7040528059005737
26581,work-life balance and burnout,0.36857840418815613,"Mar 11, 2024, 12:38:31 PM PST",NEGATIVE,0.7040528059005737
26581,social anxiety and relationships,0.3423493504524231,"Mar 11, 2024, 12:38:31 PM PST",NEGATIVE,0.7040528059005737
26581,trauma awareness and healing,0.31517159938812256,"Mar 11, 2024, 12:38:31 PM PST",NEGATIVE,0.7040528059005737
26581,addiction awareness and recovery,0.3023476004600525,"Mar 11, 2024, 12:38:31 PM PST",NEGATIVE,0.7040528059005737
27005,self-improvement and personal growth,0.7821865081787109,"Mar 6, 2024, 8:45:27 PM PST",POSITIVE,0.9683406352996826
27005,mental health experiences,0.7518970370292664,"Mar 6, 2024, 8:45:27 PM PST",POSITIVE,0.9683406352996826
27005,motivation and mental strength,0.6457252502441406,"Mar 6, 2024, 8:45:27 PM PST",POSITIVE,0.9683406352996826
27005,mindfulness and mental wellness,0.48655056953430176,"Mar 6, 2024, 8:45:27 PM PST",POSITIVE,0.9683406352996826
27005,self-care practices,0.4061829447746277,"Mar 6, 2024, 8:45:27 PM PST",POSITIVE,0.9683406352996826
27418,self-improvement and personal growth,0.9774441719055176,"Mar 1, 2024, 11:40:01 AM PST",POSITIVE,0.6360278129577637
27418,motivation and mental strength,0.9391041994094849,"Mar 1, 2024, 11:40:01 AM PST",POSITIVE,0.6360278129577637
27418,mental health experiences,0.665709376335144,"Mar 1, 2024, 11:40:01 AM PST",POSITIVE,0.6360278129577637
27418,mindfulness and mental wellness,0.6149146556854248,"Mar 1, 2024, 11:40:01 AM PST",POSITIVE,0.6360278129577637
27418,self-care practices,0.5723880529403687,"Mar 1, 2024, 11:40:01 AM PST",POSITIVE,0.6360278129577637
27418,addiction awareness and recovery,0.5059488415718079,"Mar 1, 2024, 11:40:01 AM PST",POSITIVE,0.6360278129577637
27418,mental health education,0.37234771251678467,"Mar 1, 2024, 11:40:01 AM PST",POSITIVE,0.6360278129577637
27418,emotional health discussion,0.34444326162338257,"Mar 1, 2024, 11:40:01 AM PST",POSITIVE,0.6360278129577637
27418,trauma awareness and healing,0.3161647319793701,"Mar 1, 2024, 11:40:01 AM PST",POSITIVE,0.6360278129577637
26582,mental health experiences,0.869985044002533,"Mar 11, 2024, 12:17:05 PM PST",NEGATIVE,0.916412353515625
26582,self-improvement and personal growth,0.8498879075050354,"Mar 11, 2024, 12:17:05 PM PST",NEGATIVE,0.916412353515625
26582,motivation and mental strength,0.805363655090332,"Mar 11, 2024, 12:17:05 PM PST",NEGATIVE,0.916412353515625
26582,mindfulness and mental wellness,0.7624353766441345,"Mar 11, 2024, 12:17:05 PM PST",NEGATIVE,0.916412353515625
26582,self-care practices,0.7030074596405029,"Mar 11, 2024, 12:17:05 PM PST",NEGATIVE,0.916412353515625
26582,mental health education,0.6688995361328125,"Mar 11, 2024, 12:17:05 PM PST",NEGATIVE,0.916412353515625
26582,addiction awareness and recovery,0.6096869707107544,"Mar 11, 2024, 12:17:05 PM PST",NEGATIVE,0.916412353515625
26582,emotional health discussion,0.5681203007698059,"Mar 11, 2024, 12:17:05 PM PST",NEGATIVE,0.916412353515625
26582,sleep and mental wellness,0.5349104404449463,"Mar 11, 2024, 12:17:05 PM PST",NEGATIVE,0.916412353515625
26582,therapy and mental health support,0.48390889167785645,"Mar 11, 2024, 12:17:05 PM PST",NEGATIVE,0.916412353515625
26582,trauma awareness and healing,0.4620656371116638,"Mar 11, 2024, 12:17:05 PM PST",NEGATIVE,0.916412353515625
26582,work-life balance and burnout,0.338205486536026,"Mar 11, 2024, 12:17:05 PM PST",NEGATIVE,0.916412353515625
26583,motivation and mental strength,0.9165542125701904,"Mar 11, 2024, 12:13:50 PM PST",POSITIVE,0.9047510027885437
26583,mindfulness and mental wellness,0.9038676023483276,"Mar 11, 2024, 12:13:50 PM PST",POSITIVE,0.9047510027885437
26583,self-improvement and personal growth,0.8675644397735596,"Mar 11, 2024, 12:13:50 PM PST",POSITIVE,0.9047510027885437
26583,self-care practices,0.7793376445770264,"Mar 11, 2024, 12:13:50 PM PST",POSITIVE,0.9047510027885437
26583,mental health experiences,0.7719275951385498,"Mar 11, 2024, 12:13:50 PM PST",POSITIVE,0.9047510027885437
26583,mental health education,0.7420284748077393,"Mar 11, 2024, 12:13:50 PM PST",POSITIVE,0.9047510027885437
26583,therapy and mental health support,0.6079068183898926,"Mar 11, 2024, 12:13:50 PM PST",POSITIVE,0.9047510027885437
26583,emotional health discussion,0.6055614352226257,"Mar 11, 2024, 12:13:50 PM PST",POSITIVE,0.9047510027885437
26583,addiction awareness and recovery,0.5896008014678955,"Mar 11, 2024, 12:13:50 PM PST",POSITIVE,0.9047510027885437
26583,trauma awareness and healing,0.5717700123786926,"Mar 11, 2024, 12:13:50 PM PST",POSITIVE,0.9047510027885437
26583,work-life balance and burnout,0.5408865213394165,"Mar 11, 2024, 12:13:50 PM PST",POSITIVE,0.9047510027885437
26583,social anxiety and relationships,0.43889039754867554,"Mar 11, 2024, 12:13:50 PM PST",POSITIVE,0.9047510027885437
26583,sleep and mental wellness,0.3850047290325165,"Mar 11, 2024, 12:13:50 PM PST",POSITIVE,0.9047510027885437
26583,anxiety and stress management,0.33390939235687256,"Mar 11, 2024, 12:13:50 PM PST",POSITIVE,0.9047510027885437
27419,self-improvement and personal growth,0.8016570806503296,"Mar 1, 2024, 11:38:39 AM PST",NEGATIVE,0.9721325039863586
27419,motivation and mental strength,0.7493507266044617,"Mar 1, 2024, 11:38:39 AM PST",NEGATIVE,0.9721325039863586
27419,mindfulness and mental wellness,0.5959163904190063,"Mar 1, 2024, 11:38:39 AM PST",NEGATIVE,0.9721325039863586
27419,mental health experiences,0.5063517689704895,"Mar 1, 2024, 11:38:39 AM PST",NEGATIVE,0.9721325039863586
27419,addiction awareness and recovery,0.4433787167072296,"Mar 1, 2024, 11:38:39 AM PST",NEGATIVE,0.9721325039863586
27419,self-care practices,0.41641315817832947,"Mar 1, 2024, 11:38:39 AM PST",NEGATIVE,0.9721325039863586
27006,self-care practices,0.9683786034584045,"Mar 6, 2024, 8:44:56 PM PST",NEGATIVE,0.9780094623565674
27006,self-improvement and personal growth,0.9617816805839539,"Mar 6, 2024, 8:44:56 PM PST",NEGATIVE,0.9780094623565674
27006,mindfulness and mental wellness,0.878781795501709,"Mar 6, 2024, 8:44:56 PM PST",NEGATIVE,0.9780094623565674
27006,motivation and mental strength,0.8235762119293213,"Mar 6, 2024, 8:44:56 PM PST",NEGATIVE,0.9780094623565674
27006,mental health experiences,0.5958634614944458,"Mar 6, 2024, 8:44:56 PM PST",NEGATIVE,0.9780094623565674
27006,emotional health discussion,0.5677055716514587,"Mar 6, 2024, 8:44:56 PM PST",NEGATIVE,0.9780094623565674
27006,addiction awareness and recovery,0.46283265948295593,"Mar 6, 2024, 8:44:56 PM PST",NEGATIVE,0.9780094623565674
27006,depression and emotional support,0.3590303063392639,"Mar 6, 2024, 8:44:56 PM PST",NEGATIVE,0.9780094623565674
26584,motivation and mental strength,0.9517692923545837,"Mar 11, 2024, 12:10:07 PM PST",POSITIVE,0.980975866317749
26584,mental health experiences,0.9388348460197449,"Mar 11, 2024, 12:10:07 PM PST",POSITIVE,0.980975866317749
26584,addiction awareness and recovery,0.9377073049545288,"Mar 11, 2024, 12:10:07 PM PST",POSITIVE,0.980975866317749
26584,mindfulness and mental wellness,0.9235825538635254,"Mar 11, 2024, 12:10:07 PM PST",POSITIVE,0.980975866317749
26584,self-improvement and personal growth,0.9220931529998779,"Mar 11, 2024, 12:10:07 PM PST",POSITIVE,0.980975866317749
26584,trauma awareness and healing,0.8779884576797485,"Mar 11, 2024, 12:10:07 PM PST",POSITIVE,0.980975866317749
26584,self-care practices,0.8459703922271729,"Mar 11, 2024, 12:10:07 PM PST",POSITIVE,0.980975866317749
26584,mental health education,0.8193485736846924,"Mar 11, 2024, 12:10:07 PM PST",POSITIVE,0.980975866317749
26584,therapy and mental health support,0.7893945574760437,"Mar 11, 2024, 12:10:07 PM PST",POSITIVE,0.980975866317749
26584,emotional health discussion,0.766224205493927,"Mar 11, 2024, 12:10:07 PM PST",POSITIVE,0.980975866317749
26584,sleep and mental wellness,0.6019545793533325,"Mar 11, 2024, 12:10:07 PM PST",POSITIVE,0.980975866317749
26584,social anxiety and relationships,0.558984100818634,"Mar 11, 2024, 12:10:07 PM PST",POSITIVE,0.980975866317749
26584,work-life balance and burnout,0.5440643429756165,"Mar 11, 2024, 12:10:07 PM PST",POSITIVE,0.980975866317749
26584,depression and emotional support,0.4937441051006317,"Mar 11, 2024, 12:10:07 PM PST",POSITIVE,0.980975866317749
26584,anxiety and stress management,0.4771353006362915,"Mar 11, 2024, 12:10:07 PM PST",POSITIVE,0.980975866317749
27420,self-improvement and personal growth,0.9059897065162659,"Mar 1, 2024, 11:35:25 AM PST",POSITIVE,0.9873283505439758
27420,motivation and mental strength,0.8903802037239075,"Mar 1, 2024, 11:35:25 AM PST",POSITIVE,0.9873283505439758
27420,mindfulness and mental wellness,0.6983625888824463,"Mar 1, 2024, 11:35:25 AM PST",POSITIVE,0.9873283505439758
27420,self-care practices,0.6170934438705444,"Mar 1, 2024, 11:35:25 AM PST",POSITIVE,0.9873283505439758
27420,addiction awareness and recovery,0.6132933497428894,"Mar 1, 2024, 11:35:25 AM PST",POSITIVE,0.9873283505439758
27420,mental health experiences,0.5242369771003723,"Mar 1, 2024, 11:35:25 AM PST",POSITIVE,0.9873283505439758
27420,sleep and mental wellness,0.38084176182746887,"Mar 1, 2024, 11:35:25 AM PST",POSITIVE,0.9873283505439758
27420,social anxiety and relationships,0.35792315006256104,"Mar 1, 2024, 11:35:25 AM PST",POSITIVE,0.9873283505439758
27007,self-improvement and personal growth,0.9235400557518005,"Mar 6, 2024, 8:44:36 PM PST",NEGATIVE,0.955583930015564
27007,motivation and mental strength,0.8661510348320007,"Mar 6, 2024, 8:44:36 PM PST",NEGATIVE,0.955583930015564
27007,mindfulness and mental wellness,0.8577060699462891,"Mar 6, 2024, 8:44:36 PM PST",NEGATIVE,0.955583930015564
27007,mental health experiences,0.8327493071556091,"Mar 6, 2024, 8:44:36 PM PST",NEGATIVE,0.955583930015564
27007,addiction awareness and recovery,0.7987732887268066,"Mar 6, 2024, 8:44:36 PM PST",NEGATIVE,0.955583930015564
27007,self-care practices,0.7363256812095642,"Mar 6, 2024, 8:44:36 PM PST",NEGATIVE,0.955583930015564
27007,mental health education,0.7226303815841675,"Mar 6, 2024, 8:44:36 PM PST",NEGATIVE,0.955583930015564
27007,trauma awareness and healing,0.6887949705123901,"Mar 6, 2024, 8:44:36 PM PST",NEGATIVE,0.955583930015564
27007,therapy and mental health support,0.6465943455696106,"Mar 6, 2024, 8:44:36 PM PST",NEGATIVE,0.955583930015564
27007,emotional health discussion,0.6245336532592773,"Mar 6, 2024, 8:44:36 PM PST",NEGATIVE,0.955583930015564
27007,sleep and mental wellness,0.6118433475494385,"Mar 6, 2024, 8:44:36 PM PST",NEGATIVE,0.955583930015564
27007,work-life balance and burnout,0.5961306691169739,"Mar 6, 2024, 8:44:36 PM PST",NEGATIVE,0.955583930015564
27007,depression and emotional support,0.5940837264060974,"Mar 6, 2024, 8:44:36 PM PST",NEGATIVE,0.955583930015564
27007,anxiety and stress management,0.41272538900375366,"Mar 6, 2024, 8:44:36 PM PST",NEGATIVE,0.955583930015564
27007,social anxiety and relationships,0.37167465686798096,"Mar 6, 2024, 8:44:36 PM PST",NEGATIVE,0.955583930015564
26585,self-improvement and personal growth,0.8812358975410461,"Mar 11, 2024, 11:15:30 AM PST",POSITIVE,0.8988215327262878
26585,mental health experiences,0.8289117217063904,"Mar 11, 2024, 11:15:30 AM PST",POSITIVE,0.8988215327262878
26585,motivation and mental strength,0.8114699125289917,"Mar 11, 2024, 11:15:30 AM PST",POSITIVE,0.8988215327262878
26585,mindfulness and mental wellness,0.7616516351699829,"Mar 11, 2024, 11:15:30 AM PST",POSITIVE,0.8988215327262878
26585,self-care practices,0.7423768043518066,"Mar 11, 2024, 11:15:30 AM PST",POSITIVE,0.8988215327262878
26585,addiction awareness and recovery,0.6518251299858093,"Mar 11, 2024, 11:15:30 AM PST",POSITIVE,0.8988215327262878
26585,emotional health discussion,0.6333844661712646,"Mar 11, 2024, 11:15:30 AM PST",POSITIVE,0.8988215327262878
26585,mental health education,0.6318377256393433,"Mar 11, 2024, 11:15:30 AM PST",POSITIVE,0.8988215327262878
26585,work-life balance and burnout,0.6185857653617859,"Mar 11, 2024, 11:15:30 AM PST",POSITIVE,0.8988215327262878
26585,trauma awareness and healing,0.610384464263916,"Mar 11, 2024, 11:15:30 AM PST",POSITIVE,0.8988215327262878
26585,sleep and mental wellness,0.566043496131897,"Mar 11, 2024, 11:15:30 AM PST",POSITIVE,0.8988215327262878
26585,therapy and mental health support,0.48877638578414917,"Mar 11, 2024, 11:15:30 AM PST",POSITIVE,0.8988215327262878
26585,social anxiety and relationships,0.37748461961746216,"Mar 11, 2024, 11:15:30 AM PST",POSITIVE,0.8988215327262878
27421,self-improvement and personal growth,0.94573575258255,"Mar 1, 2024, 11:34:09 AM PST",POSITIVE,0.9945993423461914
27421,motivation and mental strength,0.9365338087081909,"Mar 1, 2024, 11:34:09 AM PST",POSITIVE,0.9945993423461914
27421,mindfulness and mental wellness,0.9316529631614685,"Mar 1, 2024, 11:34:09 AM PST",POSITIVE,0.9945993423461914
27421,mental health experiences,0.9098233580589294,"Mar 1, 2024, 11:34:09 AM PST",POSITIVE,0.9945993423461914
27421,self-care practices,0.8751409649848938,"Mar 1, 2024, 11:34:09 AM PST",POSITIVE,0.9945993423461914
27421,mental health education,0.8634544610977173,"Mar 1, 2024, 11:34:09 AM PST",POSITIVE,0.9945993423461914
27421,therapy and mental health support,0.8114302754402161,"Mar 1, 2024, 11:34:09 AM PST",POSITIVE,0.9945993423461914
27421,emotional health discussion,0.8061935901641846,"Mar 1, 2024, 11:34:09 AM PST",POSITIVE,0.9945993423461914
27421,addiction awareness and recovery,0.7691456079483032,"Mar 1, 2024, 11:34:09 AM PST",POSITIVE,0.9945993423461914
27421,trauma awareness and healing,0.7456368207931519,"Mar 1, 2024, 11:34:09 AM PST",POSITIVE,0.9945993423461914
27421,work-life balance and burnout,0.7451522350311279,"Mar 1, 2024, 11:34:09 AM PST",POSITIVE,0.9945993423461914
27421,sleep and mental wellness,0.7277185320854187,"Mar 1, 2024, 11:34:09 AM PST",POSITIVE,0.9945993423461914
27421,social anxiety and relationships,0.6076912879943848,"Mar 1, 2024, 11:34:09 AM PST",POSITIVE,0.9945993423461914
27421,depression and emotional support,0.5833652019500732,"Mar 1, 2024, 11:34:09 AM PST",POSITIVE,0.9945993423461914
27421,anxiety and stress management,0.5437052249908447,"Mar 1, 2024, 11:34:09 AM PST",POSITIVE,0.9945993423461914
27008,motivation and mental strength,0.8608946204185486,"Mar 6, 2024, 8:44:10 PM PST",NEGATIVE,0.9921560287475586
27008,self-improvement and personal growth,0.665920078754425,"Mar 6, 2024, 8:44:10 PM PST",NEGATIVE,0.9921560287475586
27008,mental health experiences,0.44834640622138977,"Mar 6, 2024, 8:44:10 PM PST",NEGATIVE,0.9921560287475586
27008,addiction awareness and recovery,0.314967542886734,"Mar 6, 2024, 8:44:10 PM PST",NEGATIVE,0.9921560287475586
26586,motivation and mental strength,0.898147702217102,"Mar 11, 2024, 11:11:50 AM PST",POSITIVE,0.5846976637840271
26586,self-improvement and personal growth,0.8958423137664795,"Mar 11, 2024, 11:11:50 AM PST",POSITIVE,0.5846976637840271
26586,mindfulness and mental wellness,0.864851713180542,"Mar 11, 2024, 11:11:50 AM PST",POSITIVE,0.5846976637840271
26586,mental health experiences,0.8255155086517334,"Mar 11, 2024, 11:11:50 AM PST",POSITIVE,0.5846976637840271
26586,self-care practices,0.7978990077972412,"Mar 11, 2024, 11:11:50 AM PST",POSITIVE,0.5846976637840271
26586,mental health education,0.7422482967376709,"Mar 11, 2024, 11:11:50 AM PST",POSITIVE,0.5846976637840271
26586,emotional health discussion,0.7110141515731812,"Mar 11, 2024, 11:11:50 AM PST",POSITIVE,0.5846976637840271
26586,trauma awareness and healing,0.6578787565231323,"Mar 11, 2024, 11:11:50 AM PST",POSITIVE,0.5846976637840271
26586,therapy and mental health support,0.6345456838607788,"Mar 11, 2024, 11:11:50 AM PST",POSITIVE,0.5846976637840271
26586,addiction awareness and recovery,0.6148229837417603,"Mar 11, 2024, 11:11:50 AM PST",POSITIVE,0.5846976637840271
26586,sleep and mental wellness,0.4854419529438019,"Mar 11, 2024, 11:11:50 AM PST",POSITIVE,0.5846976637840271
26586,work-life balance and burnout,0.43265849351882935,"Mar 11, 2024, 11:11:50 AM PST",POSITIVE,0.5846976637840271
26586,depression and emotional support,0.3382992446422577,"Mar 11, 2024, 11:11:50 AM PST",POSITIVE,0.5846976637840271
26586,social anxiety and relationships,0.32099753618240356,"Mar 11, 2024, 11:11:50 AM PST",POSITIVE,0.5846976637840271
27422,sleep and mental wellness,0.9299275279045105,"Mar 1, 2024, 11:31:27 AM PST",NEGATIVE,0.9937934875488281
27422,motivation and mental strength,0.915924072265625,"Mar 1, 2024, 11:31:27 AM PST",NEGATIVE,0.9937934875488281
27422,self-improvement and personal growth,0.8972168564796448,"Mar 1, 2024, 11:31:27 AM PST",NEGATIVE,0.9937934875488281
27422,mindfulness and mental wellness,0.8928266167640686,"Mar 1, 2024, 11:31:27 AM PST",NEGATIVE,0.9937934875488281
27422,mental health experiences,0.7625069618225098,"Mar 1, 2024, 11:31:27 AM PST",NEGATIVE,0.9937934875488281
27422,addiction awareness and recovery,0.6941506266593933,"Mar 1, 2024, 11:31:27 AM PST",NEGATIVE,0.9937934875488281
27422,self-care practices,0.6603561639785767,"Mar 1, 2024, 11:31:27 AM PST",NEGATIVE,0.9937934875488281
27422,trauma awareness and healing,0.55230712890625,"Mar 1, 2024, 11:31:27 AM PST",NEGATIVE,0.9937934875488281
27422,mental health education,0.3443455100059509,"Mar 1, 2024, 11:31:27 AM PST",NEGATIVE,0.9937934875488281
27009,motivation and mental strength,0.7837876081466675,Mark Rober,POSITIVE,0.9998193383216858
26587,motivation and mental strength,0.9437987208366394,"Mar 11, 2024, 11:08:34 AM PST",NEGATIVE,0.821540117263794
26587,self-improvement and personal growth,0.9311769604682922,"Mar 11, 2024, 11:08:34 AM PST",NEGATIVE,0.821540117263794
26587,mindfulness and mental wellness,0.8855844736099243,"Mar 11, 2024, 11:08:34 AM PST",NEGATIVE,0.821540117263794
26587,self-care practices,0.8107060790061951,"Mar 11, 2024, 11:08:34 AM PST",NEGATIVE,0.821540117263794
26587,mental health experiences,0.6827508211135864,"Mar 11, 2024, 11:08:34 AM PST",NEGATIVE,0.821540117263794
26587,mental health education,0.5620648264884949,"Mar 11, 2024, 11:08:34 AM PST",NEGATIVE,0.821540117263794
26587,sleep and mental wellness,0.5329347252845764,"Mar 11, 2024, 11:08:34 AM PST",NEGATIVE,0.821540117263794
26587,addiction awareness and recovery,0.5169829726219177,"Mar 11, 2024, 11:08:34 AM PST",NEGATIVE,0.821540117263794
26587,emotional health discussion,0.4101974368095398,"Mar 11, 2024, 11:08:34 AM PST",NEGATIVE,0.821540117263794
26587,trauma awareness and healing,0.40394970774650574,"Mar 11, 2024, 11:08:34 AM PST",NEGATIVE,0.821540117263794
26587,work-life balance and burnout,0.37700703740119934,"Mar 11, 2024, 11:08:34 AM PST",NEGATIVE,0.821540117263794
26587,therapy and mental health support,0.3768167793750763,"Mar 11, 2024, 11:08:34 AM PST",NEGATIVE,0.821540117263794
26587,social anxiety and relationships,0.37146028876304626,"Mar 11, 2024, 11:08:34 AM PST",NEGATIVE,0.821540117263794
27423,self-improvement and personal growth,0.9391272068023682,"Mar 1, 2024, 11:30:15 AM PST",NEGATIVE,0.9918105006217957
27423,motivation and mental strength,0.8897132277488708,"Mar 1, 2024, 11:30:15 AM PST",NEGATIVE,0.9918105006217957
27423,mental health experiences,0.8590839505195618,"Mar 1, 2024, 11:30:15 AM PST",NEGATIVE,0.9918105006217957
27423,self-care practices,0.7209687829017639,"Mar 1, 2024, 11:30:15 AM PST",NEGATIVE,0.9918105006217957
27423,addiction awareness and recovery,0.6949705481529236,"Mar 1, 2024, 11:30:15 AM PST",NEGATIVE,0.9918105006217957
27423,mental health education,0.5937350392341614,"Mar 1, 2024, 11:30:15 AM PST",NEGATIVE,0.9918105006217957
27423,mindfulness and mental wellness,0.5931364297866821,"Mar 1, 2024, 11:30:15 AM PST",NEGATIVE,0.9918105006217957
27423,emotional health discussion,0.5504322052001953,"Mar 1, 2024, 11:30:15 AM PST",NEGATIVE,0.9918105006217957
27423,trauma awareness and healing,0.5346825122833252,"Mar 1, 2024, 11:30:15 AM PST",NEGATIVE,0.9918105006217957
27423,therapy and mental health support,0.4995064437389374,"Mar 1, 2024, 11:30:15 AM PST",NEGATIVE,0.9918105006217957
27423,work-life balance and burnout,0.49779197573661804,"Mar 1, 2024, 11:30:15 AM PST",NEGATIVE,0.9918105006217957
27423,sleep and mental wellness,0.48550722002983093,"Mar 1, 2024, 11:30:15 AM PST",NEGATIVE,0.9918105006217957
27423,social anxiety and relationships,0.33625301718711853,"Mar 1, 2024, 11:30:15 AM PST",NEGATIVE,0.9918105006217957
26588,self-improvement and personal growth,0.8911367058753967,"Mar 11, 2024, 11:03:11 AM PST",POSITIVE,0.99021977186203
26588,motivation and mental strength,0.8478888273239136,"Mar 11, 2024, 11:03:11 AM PST",POSITIVE,0.99021977186203
26588,mental health experiences,0.8246106505393982,"Mar 11, 2024, 11:03:11 AM PST",POSITIVE,0.99021977186203
26588,self-care practices,0.7773615717887878,"Mar 11, 2024, 11:03:11 AM PST",POSITIVE,0.99021977186203
26588,mindfulness and mental wellness,0.7730579972267151,"Mar 11, 2024, 11:03:11 AM PST",POSITIVE,0.99021977186203
26588,therapy and mental health support,0.6904021501541138,"Mar 11, 2024, 11:03:11 AM PST",POSITIVE,0.99021977186203
26588,addiction awareness and recovery,0.6863341331481934,"Mar 11, 2024, 11:03:11 AM PST",POSITIVE,0.99021977186203
26588,mental health education,0.645987331867218,"Mar 11, 2024, 11:03:11 AM PST",POSITIVE,0.99021977186203
26588,emotional health discussion,0.5652230381965637,"Mar 11, 2024, 11:03:11 AM PST",POSITIVE,0.99021977186203
26588,work-life balance and burnout,0.5546517372131348,"Mar 11, 2024, 11:03:11 AM PST",POSITIVE,0.99021977186203
26588,trauma awareness and healing,0.5203651189804077,"Mar 11, 2024, 11:03:11 AM PST",POSITIVE,0.99021977186203
26588,sleep and mental wellness,0.341126948595047,"Mar 11, 2024, 11:03:11 AM PST",POSITIVE,0.99021977186203
26588,depression and emotional support,0.33545607328414917,"Mar 11, 2024, 11:03:11 AM PST",POSITIVE,0.99021977186203
26588,anxiety and stress management,0.3211645185947418,"Mar 11, 2024, 11:03:11 AM PST",POSITIVE,0.99021977186203
26588,social anxiety and relationships,0.30854955315589905,"Mar 11, 2024, 11:03:11 AM PST",POSITIVE,0.99021977186203
27010,self-improvement and personal growth,0.4429098963737488,"Mar 6, 2024, 8:43:16 PM PST",NEGATIVE,0.985630452632904
26589,self-improvement and personal growth,0.9060034155845642,"Mar 11, 2024, 10:59:19 AM PST",NEGATIVE,0.9401074647903442
26589,motivation and mental strength,0.8969861268997192,"Mar 11, 2024, 10:59:19 AM PST",NEGATIVE,0.9401074647903442
26589,mindfulness and mental wellness,0.8707079887390137,"Mar 11, 2024, 10:59:19 AM PST",NEGATIVE,0.9401074647903442
26589,mental health experiences,0.8491130471229553,"Mar 11, 2024, 10:59:19 AM PST",NEGATIVE,0.9401074647903442
26589,self-care practices,0.7721905708312988,"Mar 11, 2024, 10:59:19 AM PST",NEGATIVE,0.9401074647903442
26589,mental health education,0.7208374738693237,"Mar 11, 2024, 10:59:19 AM PST",NEGATIVE,0.9401074647903442
26589,addiction awareness and recovery,0.6355683207511902,"Mar 11, 2024, 10:59:19 AM PST",NEGATIVE,0.9401074647903442
26589,therapy and mental health support,0.6170533299446106,"Mar 11, 2024, 10:59:19 AM PST",NEGATIVE,0.9401074647903442
26589,emotional health discussion,0.5723034739494324,"Mar 11, 2024, 10:59:19 AM PST",NEGATIVE,0.9401074647903442
26589,trauma awareness and healing,0.4883575141429901,"Mar 11, 2024, 10:59:19 AM PST",NEGATIVE,0.9401074647903442
26589,work-life balance and burnout,0.4663386344909668,"Mar 11, 2024, 10:59:19 AM PST",NEGATIVE,0.9401074647903442
26589,sleep and mental wellness,0.3321567475795746,"Mar 11, 2024, 10:59:19 AM PST",NEGATIVE,0.9401074647903442
27424,social anxiety and relationships,0.8971917629241943,"Mar 1, 2024, 11:27:19 AM PST",POSITIVE,0.9989681243896484
27424,motivation and mental strength,0.8875052332878113,"Mar 1, 2024, 11:27:19 AM PST",POSITIVE,0.9989681243896484
27424,mental health experiences,0.8141663670539856,"Mar 1, 2024, 11:27:19 AM PST",POSITIVE,0.9989681243896484
27424,self-improvement and personal growth,0.8139152526855469,"Mar 1, 2024, 11:27:19 AM PST",POSITIVE,0.9989681243896484
27424,work-life balance and burnout,0.7614824175834656,"Mar 1, 2024, 11:27:19 AM PST",POSITIVE,0.9989681243896484
27424,mindfulness and mental wellness,0.7078719139099121,"Mar 1, 2024, 11:27:19 AM PST",POSITIVE,0.9989681243896484
27424,sleep and mental wellness,0.6894629001617432,"Mar 1, 2024, 11:27:19 AM PST",POSITIVE,0.9989681243896484
27424,depression and emotional support,0.6657896041870117,"Mar 1, 2024, 11:27:19 AM PST",POSITIVE,0.9989681243896484
27424,self-care practices,0.6534169912338257,"Mar 1, 2024, 11:27:19 AM PST",POSITIVE,0.9989681243896484
27424,emotional health discussion,0.601723313331604,"Mar 1, 2024, 11:27:19 AM PST",POSITIVE,0.9989681243896484
27424,anxiety and stress management,0.5797997117042542,"Mar 1, 2024, 11:27:19 AM PST",POSITIVE,0.9989681243896484
27424,trauma awareness and healing,0.5183610320091248,"Mar 1, 2024, 11:27:19 AM PST",POSITIVE,0.9989681243896484
27424,addiction awareness and recovery,0.4499283730983734,"Mar 1, 2024, 11:27:19 AM PST",POSITIVE,0.9989681243896484
27424,mental health education,0.4040204584598541,"Mar 1, 2024, 11:27:19 AM PST",POSITIVE,0.9989681243896484
27424,therapy and mental health support,0.3113868832588196,"Mar 1, 2024, 11:27:19 AM PST",POSITIVE,0.9989681243896484
26590,self-improvement and personal growth,0.8976103067398071,"Mar 11, 2024, 10:56:02 AM PST",NEGATIVE,0.994986891746521
26590,motivation and mental strength,0.8581331372261047,"Mar 11, 2024, 10:56:02 AM PST",NEGATIVE,0.994986891746521
26590,self-care practices,0.7856759428977966,"Mar 11, 2024, 10:56:02 AM PST",NEGATIVE,0.994986891746521
26590,mental health experiences,0.7788870930671692,"Mar 11, 2024, 10:56:02 AM PST",NEGATIVE,0.994986891746521
26590,mindfulness and mental wellness,0.7601383924484253,"Mar 11, 2024, 10:56:02 AM PST",NEGATIVE,0.994986891746521
26590,addiction awareness and recovery,0.6228607296943665,"Mar 11, 2024, 10:56:02 AM PST",NEGATIVE,0.994986891746521
26590,mental health education,0.6072542071342468,"Mar 11, 2024, 10:56:02 AM PST",NEGATIVE,0.994986891746521
26590,therapy and mental health support,0.6050769686698914,"Mar 11, 2024, 10:56:02 AM PST",NEGATIVE,0.994986891746521
26590,work-life balance and burnout,0.5042125582695007,"Mar 11, 2024, 10:56:02 AM PST",NEGATIVE,0.994986891746521
26590,trauma awareness and healing,0.4690841734409332,"Mar 11, 2024, 10:56:02 AM PST",NEGATIVE,0.994986891746521
26590,sleep and mental wellness,0.4154209792613983,"Mar 11, 2024, 10:56:02 AM PST",NEGATIVE,0.994986891746521
26590,emotional health discussion,0.4136297106742859,"Mar 11, 2024, 10:56:02 AM PST",NEGATIVE,0.994986891746521
26590,social anxiety and relationships,0.326321005821228,"Mar 11, 2024, 10:56:02 AM PST",NEGATIVE,0.994986891746521
26590,anxiety and stress management,0.30036529898643494,"Mar 11, 2024, 10:56:02 AM PST",NEGATIVE,0.994986891746521
27425,self-improvement and personal growth,0.9647005796432495,"Mar 1, 2024, 11:27:12 AM PST",POSITIVE,0.9938911199569702
27425,mental health experiences,0.9214510917663574,"Mar 1, 2024, 11:27:12 AM PST",POSITIVE,0.9938911199569702
27425,mindfulness and mental wellness,0.9206696152687073,"Mar 1, 2024, 11:27:12 AM PST",POSITIVE,0.9938911199569702
27425,motivation and mental strength,0.9152772426605225,"Mar 1, 2024, 11:27:12 AM PST",POSITIVE,0.9938911199569702
27425,self-care practices,0.8682195544242859,"Mar 1, 2024, 11:27:12 AM PST",POSITIVE,0.9938911199569702
27425,addiction awareness and recovery,0.8615373969078064,"Mar 1, 2024, 11:27:12 AM PST",POSITIVE,0.9938911199569702
27425,mental health education,0.8492736220359802,"Mar 1, 2024, 11:27:12 AM PST",POSITIVE,0.9938911199569702
27425,therapy and mental health support,0.8400749564170837,"Mar 1, 2024, 11:27:12 AM PST",POSITIVE,0.9938911199569702
27425,trauma awareness and healing,0.7577891945838928,"Mar 1, 2024, 11:27:12 AM PST",POSITIVE,0.9938911199569702
27425,emotional health discussion,0.7370791435241699,"Mar 1, 2024, 11:27:12 AM PST",POSITIVE,0.9938911199569702
27425,work-life balance and burnout,0.6151798367500305,"Mar 1, 2024, 11:27:12 AM PST",POSITIVE,0.9938911199569702
27425,anxiety and stress management,0.5173889994621277,"Mar 1, 2024, 11:27:12 AM PST",POSITIVE,0.9938911199569702
27425,social anxiety and relationships,0.45289549231529236,"Mar 1, 2024, 11:27:12 AM PST",POSITIVE,0.9938911199569702
27425,sleep and mental wellness,0.44384050369262695,"Mar 1, 2024, 11:27:12 AM PST",POSITIVE,0.9938911199569702
27425,depression and emotional support,0.4413931965827942,"Mar 1, 2024, 11:27:12 AM PST",POSITIVE,0.9938911199569702
27011,motivation and mental strength,0.7843467593193054,"Mar 6, 2024, 8:43:01 PM PST",NEGATIVE,0.6771842837333679
27011,self-care practices,0.6444346308708191,"Mar 6, 2024, 8:43:01 PM PST",NEGATIVE,0.6771842837333679
27011,self-improvement and personal growth,0.47582411766052246,"Mar 6, 2024, 8:43:01 PM PST",NEGATIVE,0.6771842837333679
26591,motivation and mental strength,0.9346059560775757,"Mar 11, 2024, 10:52:24 AM PST",POSITIVE,0.9368075132369995
26591,mental health experiences,0.9325051307678223,"Mar 11, 2024, 10:52:24 AM PST",POSITIVE,0.9368075132369995
26591,self-improvement and personal growth,0.9115577936172485,"Mar 11, 2024, 10:52:24 AM PST",POSITIVE,0.9368075132369995
26591,self-care practices,0.857414960861206,"Mar 11, 2024, 10:52:24 AM PST",POSITIVE,0.9368075132369995
26591,mindfulness and mental wellness,0.7893348932266235,"Mar 11, 2024, 10:52:24 AM PST",POSITIVE,0.9368075132369995
26591,addiction awareness and recovery,0.7600368857383728,"Mar 11, 2024, 10:52:24 AM PST",POSITIVE,0.9368075132369995
26591,sleep and mental wellness,0.7459732890129089,"Mar 11, 2024, 10:52:24 AM PST",POSITIVE,0.9368075132369995
26591,mental health education,0.6955849528312683,"Mar 11, 2024, 10:52:24 AM PST",POSITIVE,0.9368075132369995
26591,therapy and mental health support,0.6837910413742065,"Mar 11, 2024, 10:52:24 AM PST",POSITIVE,0.9368075132369995
26591,emotional health discussion,0.6809281706809998,"Mar 11, 2024, 10:52:24 AM PST",POSITIVE,0.9368075132369995
26591,work-life balance and burnout,0.668479859828949,"Mar 11, 2024, 10:52:24 AM PST",POSITIVE,0.9368075132369995
26591,trauma awareness and healing,0.5854307413101196,"Mar 11, 2024, 10:52:24 AM PST",POSITIVE,0.9368075132369995
26591,social anxiety and relationships,0.4880046248435974,"Mar 11, 2024, 10:52:24 AM PST",POSITIVE,0.9368075132369995
26591,anxiety and stress management,0.37226226925849915,"Mar 11, 2024, 10:52:24 AM PST",POSITIVE,0.9368075132369995
26591,depression and emotional support,0.3524656295776367,"Mar 11, 2024, 10:52:24 AM PST",POSITIVE,0.9368075132369995
27426,self-improvement and personal growth,0.8945227861404419,"Mar 1, 2024, 11:26:46 AM PST",NEGATIVE,0.9738338589668274
27426,motivation and mental strength,0.7826983332633972,"Mar 1, 2024, 11:26:46 AM PST",NEGATIVE,0.9738338589668274
27426,self-care practices,0.7268003225326538,"Mar 1, 2024, 11:26:46 AM PST",NEGATIVE,0.9738338589668274
27426,sleep and mental wellness,0.36886656284332275,"Mar 1, 2024, 11:26:46 AM PST",NEGATIVE,0.9738338589668274
27426,mental health experiences,0.3473255932331085,"Mar 1, 2024, 11:26:46 AM PST",NEGATIVE,0.9738338589668274
27426,work-life balance and burnout,0.3096156120300293,"Mar 1, 2024, 11:26:46 AM PST",NEGATIVE,0.9738338589668274
26592,motivation and mental strength,0.9771184325218201,"Mar 11, 2024, 10:48:56 AM PST",NEGATIVE,0.98454350233078
26592,self-improvement and personal growth,0.959913432598114,"Mar 11, 2024, 10:48:56 AM PST",NEGATIVE,0.98454350233078
26592,mindfulness and mental wellness,0.9596036076545715,"Mar 11, 2024, 10:48:56 AM PST",NEGATIVE,0.98454350233078
26592,mental health experiences,0.9566890597343445,"Mar 11, 2024, 10:48:56 AM PST",NEGATIVE,0.98454350233078
26592,self-care practices,0.9365224838256836,"Mar 11, 2024, 10:48:56 AM PST",NEGATIVE,0.98454350233078
26592,emotional health discussion,0.9230266809463501,"Mar 11, 2024, 10:48:56 AM PST",NEGATIVE,0.98454350233078
26592,addiction awareness and recovery,0.8977476358413696,"Mar 11, 2024, 10:48:56 AM PST",NEGATIVE,0.98454350233078
26592,mental health education,0.8862676024436951,"Mar 11, 2024, 10:48:56 AM PST",NEGATIVE,0.98454350233078
26592,therapy and mental health support,0.885016679763794,"Mar 11, 2024, 10:48:56 AM PST",NEGATIVE,0.98454350233078
26592,trauma awareness and healing,0.8783408999443054,"Mar 11, 2024, 10:48:56 AM PST",NEGATIVE,0.98454350233078
26592,sleep and mental wellness,0.8503479957580566,"Mar 11, 2024, 10:48:56 AM PST",NEGATIVE,0.98454350233078
26592,depression and emotional support,0.8006939888000488,"Mar 11, 2024, 10:48:56 AM PST",NEGATIVE,0.98454350233078
26592,social anxiety and relationships,0.6739076375961304,"Mar 11, 2024, 10:48:56 AM PST",NEGATIVE,0.98454350233078
26592,anxiety and stress management,0.6602195501327515,"Mar 11, 2024, 10:48:56 AM PST",NEGATIVE,0.98454350233078
26592,work-life balance and burnout,0.6470998525619507,"Mar 11, 2024, 10:48:56 AM PST",NEGATIVE,0.98454350233078
27013,motivation and mental strength,0.7241128087043762,"Mar 6, 2024, 8:41:55 PM PST",POSITIVE,0.809802234172821
27013,self-improvement and personal growth,0.6990984678268433,"Mar 6, 2024, 8:41:55 PM PST",POSITIVE,0.809802234172821
27427,self-improvement and personal growth,0.8855301737785339,"Mar 1, 2024, 11:26:05 AM PST",POSITIVE,0.7322551608085632
27427,motivation and mental strength,0.8373162150382996,"Mar 1, 2024, 11:26:05 AM PST",POSITIVE,0.7322551608085632
27427,mindfulness and mental wellness,0.7965475916862488,"Mar 1, 2024, 11:26:05 AM PST",POSITIVE,0.7322551608085632
27427,mental health experiences,0.7806610465049744,"Mar 1, 2024, 11:26:05 AM PST",POSITIVE,0.7322551608085632
27427,self-care practices,0.7599557638168335,"Mar 1, 2024, 11:26:05 AM PST",POSITIVE,0.7322551608085632
27427,social anxiety and relationships,0.5937520265579224,"Mar 1, 2024, 11:26:05 AM PST",POSITIVE,0.7322551608085632
27427,depression and emotional support,0.5600178241729736,"Mar 1, 2024, 11:26:05 AM PST",POSITIVE,0.7322551608085632
27427,work-life balance and burnout,0.48696354031562805,"Mar 1, 2024, 11:26:05 AM PST",POSITIVE,0.7322551608085632
27427,anxiety and stress management,0.47076740860939026,"Mar 1, 2024, 11:26:05 AM PST",POSITIVE,0.7322551608085632
27427,emotional health discussion,0.46361953020095825,"Mar 1, 2024, 11:26:05 AM PST",POSITIVE,0.7322551608085632
27427,sleep and mental wellness,0.45256009697914124,"Mar 1, 2024, 11:26:05 AM PST",POSITIVE,0.7322551608085632
27427,trauma awareness and healing,0.335659384727478,"Mar 1, 2024, 11:26:05 AM PST",POSITIVE,0.7322551608085632
26593,motivation and mental strength,0.9482751488685608,"Mar 11, 2024, 9:54:26 AM PST",NEGATIVE,0.6987879872322083
26593,mindfulness and mental wellness,0.9344724416732788,"Mar 11, 2024, 9:54:26 AM PST",NEGATIVE,0.6987879872322083
26593,self-improvement and personal growth,0.9090076684951782,"Mar 11, 2024, 9:54:26 AM PST",NEGATIVE,0.6987879872322083
26593,mental health experiences,0.8872784972190857,"Mar 11, 2024, 9:54:26 AM PST",NEGATIVE,0.6987879872322083
26593,self-care practices,0.8040637373924255,"Mar 11, 2024, 9:54:26 AM PST",NEGATIVE,0.6987879872322083
26593,mental health education,0.7452372908592224,"Mar 11, 2024, 9:54:26 AM PST",NEGATIVE,0.6987879872322083
26593,trauma awareness and healing,0.723032534122467,"Mar 11, 2024, 9:54:26 AM PST",NEGATIVE,0.6987879872322083
26593,therapy and mental health support,0.7093244791030884,"Mar 11, 2024, 9:54:26 AM PST",NEGATIVE,0.6987879872322083
26593,addiction awareness and recovery,0.6932043433189392,"Mar 11, 2024, 9:54:26 AM PST",NEGATIVE,0.6987879872322083
26593,emotional health discussion,0.6593767404556274,"Mar 11, 2024, 9:54:26 AM PST",NEGATIVE,0.6987879872322083
26593,sleep and mental wellness,0.5211317539215088,"Mar 11, 2024, 9:54:26 AM PST",NEGATIVE,0.6987879872322083
26593,work-life balance and burnout,0.5063647627830505,"Mar 11, 2024, 9:54:26 AM PST",NEGATIVE,0.6987879872322083
26593,social anxiety and relationships,0.5007467865943909,"Mar 11, 2024, 9:54:26 AM PST",NEGATIVE,0.6987879872322083
26593,depression and emotional support,0.4231983721256256,"Mar 11, 2024, 9:54:26 AM PST",NEGATIVE,0.6987879872322083
26593,anxiety and stress management,0.4161669909954071,"Mar 11, 2024, 9:54:26 AM PST",NEGATIVE,0.6987879872322083
27014,self-improvement and personal growth,0.9323791861534119,"Mar 6, 2024, 8:41:06 PM PST",NEGATIVE,0.9476311206817627
27014,motivation and mental strength,0.8748608231544495,"Mar 6, 2024, 8:41:06 PM PST",NEGATIVE,0.9476311206817627
27014,mindfulness and mental wellness,0.856826663017273,"Mar 6, 2024, 8:41:06 PM PST",NEGATIVE,0.9476311206817627
27014,addiction awareness and recovery,0.8358117938041687,"Mar 6, 2024, 8:41:06 PM PST",NEGATIVE,0.9476311206817627
27014,mental health experiences,0.8347231149673462,"Mar 6, 2024, 8:41:06 PM PST",NEGATIVE,0.9476311206817627
27014,self-care practices,0.7539952993392944,"Mar 6, 2024, 8:41:06 PM PST",NEGATIVE,0.9476311206817627
27014,trauma awareness and healing,0.7398316264152527,"Mar 6, 2024, 8:41:06 PM PST",NEGATIVE,0.9476311206817627
27014,mental health education,0.723208487033844,"Mar 6, 2024, 8:41:06 PM PST",NEGATIVE,0.9476311206817627
27014,therapy and mental health support,0.6859163641929626,"Mar 6, 2024, 8:41:06 PM PST",NEGATIVE,0.9476311206817627
27014,emotional health discussion,0.6478279232978821,"Mar 6, 2024, 8:41:06 PM PST",NEGATIVE,0.9476311206817627
27014,depression and emotional support,0.6139905452728271,"Mar 6, 2024, 8:41:06 PM PST",NEGATIVE,0.9476311206817627
27014,sleep and mental wellness,0.611663818359375,"Mar 6, 2024, 8:41:06 PM PST",NEGATIVE,0.9476311206817627
27014,work-life balance and burnout,0.6012716889381409,"Mar 6, 2024, 8:41:06 PM PST",NEGATIVE,0.9476311206817627
27014,anxiety and stress management,0.4258657395839691,"Mar 6, 2024, 8:41:06 PM PST",NEGATIVE,0.9476311206817627
27014,social anxiety and relationships,0.37005892395973206,"Mar 6, 2024, 8:41:06 PM PST",NEGATIVE,0.9476311206817627
27428,self-improvement and personal growth,0.5436219573020935,"Mar 1, 2024, 11:25:51 AM PST",POSITIVE,0.5634146928787231
27428,motivation and mental strength,0.5370848774909973,"Mar 1, 2024, 11:25:51 AM PST",POSITIVE,0.5634146928787231
27428,mental health experiences,0.45070314407348633,"Mar 1, 2024, 11:25:51 AM PST",POSITIVE,0.5634146928787231
26594,mental health experiences,0.9973745346069336,"Mar 11, 2024, 9:54:21 AM PST",POSITIVE,0.915395975112915
26594,mental health education,0.9951632618904114,"Mar 11, 2024, 9:54:21 AM PST",POSITIVE,0.915395975112915
26594,mindfulness and mental wellness,0.9936359524726868,"Mar 11, 2024, 9:54:21 AM PST",POSITIVE,0.915395975112915
26594,motivation and mental strength,0.9896367192268372,"Mar 11, 2024, 9:54:21 AM PST",POSITIVE,0.915395975112915
26594,emotional health discussion,0.9826029539108276,"Mar 11, 2024, 9:54:21 AM PST",POSITIVE,0.915395975112915
26594,addiction awareness and recovery,0.9817124009132385,"Mar 11, 2024, 9:54:21 AM PST",POSITIVE,0.915395975112915
26594,therapy and mental health support,0.9555425047874451,"Mar 11, 2024, 9:54:21 AM PST",POSITIVE,0.915395975112915
26594,self-improvement and personal growth,0.9481775164604187,"Mar 11, 2024, 9:54:21 AM PST",POSITIVE,0.915395975112915
26594,sleep and mental wellness,0.930122971534729,"Mar 11, 2024, 9:54:21 AM PST",POSITIVE,0.915395975112915
26594,trauma awareness and healing,0.9037531018257141,"Mar 11, 2024, 9:54:21 AM PST",POSITIVE,0.915395975112915
26594,social anxiety and relationships,0.894114077091217,"Mar 11, 2024, 9:54:21 AM PST",POSITIVE,0.915395975112915
26594,self-care practices,0.8610666990280151,"Mar 11, 2024, 9:54:21 AM PST",POSITIVE,0.915395975112915
26594,work-life balance and burnout,0.7219021320343018,"Mar 11, 2024, 9:54:21 AM PST",POSITIVE,0.915395975112915
26594,anxiety and stress management,0.6949397325515747,"Mar 11, 2024, 9:54:21 AM PST",POSITIVE,0.915395975112915
26594,depression and emotional support,0.5854409337043762,"Mar 11, 2024, 9:54:21 AM PST",POSITIVE,0.915395975112915
27015,mental health experiences,0.997438371181488,"Mar 6, 2024, 8:40:31 PM PST",NEGATIVE,0.9983786344528198
27015,emotional health discussion,0.9802889823913574,"Mar 6, 2024, 8:40:31 PM PST",NEGATIVE,0.9983786344528198
27015,mental health education,0.9078086614608765,"Mar 6, 2024, 8:40:31 PM PST",NEGATIVE,0.9983786344528198
27015,social anxiety and relationships,0.7605983018875122,"Mar 6, 2024, 8:40:31 PM PST",NEGATIVE,0.9983786344528198
27015,self-improvement and personal growth,0.6977332830429077,"Mar 6, 2024, 8:40:31 PM PST",NEGATIVE,0.9983786344528198
27015,self-care practices,0.6303260922431946,"Mar 6, 2024, 8:40:31 PM PST",NEGATIVE,0.9983786344528198
27015,therapy and mental health support,0.384299099445343,"Mar 6, 2024, 8:40:31 PM PST",NEGATIVE,0.9983786344528198
27015,anxiety and stress management,0.3556429445743561,"Mar 6, 2024, 8:40:31 PM PST",NEGATIVE,0.9983786344528198
27015,sleep and mental wellness,0.35244742035865784,"Mar 6, 2024, 8:40:31 PM PST",NEGATIVE,0.9983786344528198
27429,mental health experiences,0.5546693205833435,"Mar 1, 2024, 11:25:33 AM PST",NEGATIVE,0.9981605410575867
27429,work-life balance and burnout,0.40950271487236023,"Mar 1, 2024, 11:25:33 AM PST",NEGATIVE,0.9981605410575867
27429,emotional health discussion,0.39166057109832764,"Mar 1, 2024, 11:25:33 AM PST",NEGATIVE,0.9981605410575867
27429,motivation and mental strength,0.341337651014328,"Mar 1, 2024, 11:25:33 AM PST",NEGATIVE,0.9981605410575867
26595,self-improvement and personal growth,0.8628136515617371,"Mar 11, 2024, 9:51:30 AM PST",NEGATIVE,0.8898099064826965
26595,motivation and mental strength,0.8079516887664795,"Mar 11, 2024, 9:51:30 AM PST",NEGATIVE,0.8898099064826965
26595,mindfulness and mental wellness,0.7523465752601624,"Mar 11, 2024, 9:51:30 AM PST",NEGATIVE,0.8898099064826965
26595,mental health experiences,0.7199200391769409,"Mar 11, 2024, 9:51:30 AM PST",NEGATIVE,0.8898099064826965
26595,self-care practices,0.6862149238586426,"Mar 11, 2024, 9:51:30 AM PST",NEGATIVE,0.8898099064826965
26595,addiction awareness and recovery,0.5057727098464966,"Mar 11, 2024, 9:51:30 AM PST",NEGATIVE,0.8898099064826965
26595,mental health education,0.502963125705719,"Mar 11, 2024, 9:51:30 AM PST",NEGATIVE,0.8898099064826965
26595,emotional health discussion,0.4958522915840149,"Mar 11, 2024, 9:51:30 AM PST",NEGATIVE,0.8898099064826965
26595,therapy and mental health support,0.46763694286346436,"Mar 11, 2024, 9:51:30 AM PST",NEGATIVE,0.8898099064826965
26595,trauma awareness and healing,0.45505815744400024,"Mar 11, 2024, 9:51:30 AM PST",NEGATIVE,0.8898099064826965
26595,work-life balance and burnout,0.41109660267829895,"Mar 11, 2024, 9:51:30 AM PST",NEGATIVE,0.8898099064826965
26595,social anxiety and relationships,0.34427979588508606,"Mar 11, 2024, 9:51:30 AM PST",NEGATIVE,0.8898099064826965
26595,sleep and mental wellness,0.32716041803359985,"Mar 11, 2024, 9:51:30 AM PST",NEGATIVE,0.8898099064826965
27016,self-improvement and personal growth,0.8454882502555847,"Mar 6, 2024, 8:39:52 PM PST",POSITIVE,0.9996274709701538
27016,motivation and mental strength,0.8296447396278381,"Mar 6, 2024, 8:39:52 PM PST",POSITIVE,0.9996274709701538
27430,motivation and mental strength,0.7549841403961182,"Mar 1, 2024, 11:24:57 AM PST",NEGATIVE,0.5871432423591614
27430,self-improvement and personal growth,0.6509803533554077,"Mar 1, 2024, 11:24:57 AM PST",NEGATIVE,0.5871432423591614
27430,sleep and mental wellness,0.4542679786682129,"Mar 1, 2024, 11:24:57 AM PST",NEGATIVE,0.5871432423591614
27430,mindfulness and mental wellness,0.366071879863739,"Mar 1, 2024, 11:24:57 AM PST",NEGATIVE,0.5871432423591614
27430,mental health experiences,0.3152640759944916,"Mar 1, 2024, 11:24:57 AM PST",NEGATIVE,0.5871432423591614
26596,self-care practices,0.38417667150497437,"Mar 11, 2024, 9:50:04 AM PST",POSITIVE,0.999233603477478
26596,self-improvement and personal growth,0.38029003143310547,"Mar 11, 2024, 9:50:04 AM PST",POSITIVE,0.999233603477478
27431,self-improvement and personal growth,0.8847861289978027,"Mar 1, 2024, 11:24:45 AM PST",NEGATIVE,0.5809995532035828
27431,addiction awareness and recovery,0.8627802133560181,"Mar 1, 2024, 11:24:45 AM PST",NEGATIVE,0.5809995532035828
27431,mental health experiences,0.8545258045196533,"Mar 1, 2024, 11:24:45 AM PST",NEGATIVE,0.5809995532035828
27431,motivation and mental strength,0.8367512226104736,"Mar 1, 2024, 11:24:45 AM PST",NEGATIVE,0.5809995532035828
27431,self-care practices,0.6983036398887634,"Mar 1, 2024, 11:24:45 AM PST",NEGATIVE,0.5809995532035828
27431,emotional health discussion,0.6847183108329773,"Mar 1, 2024, 11:24:45 AM PST",NEGATIVE,0.5809995532035828
27431,work-life balance and burnout,0.5914096832275391,"Mar 1, 2024, 11:24:45 AM PST",NEGATIVE,0.5809995532035828
27431,mindfulness and mental wellness,0.5780698657035828,"Mar 1, 2024, 11:24:45 AM PST",NEGATIVE,0.5809995532035828
27431,trauma awareness and healing,0.5546277761459351,"Mar 1, 2024, 11:24:45 AM PST",NEGATIVE,0.5809995532035828
27431,social anxiety and relationships,0.5202497243881226,"Mar 1, 2024, 11:24:45 AM PST",NEGATIVE,0.5809995532035828
27431,depression and emotional support,0.4622117877006531,"Mar 1, 2024, 11:24:45 AM PST",NEGATIVE,0.5809995532035828
27431,mental health education,0.46139949560165405,"Mar 1, 2024, 11:24:45 AM PST",NEGATIVE,0.5809995532035828
27431,anxiety and stress management,0.44751042127609253,"Mar 1, 2024, 11:24:45 AM PST",NEGATIVE,0.5809995532035828
27431,sleep and mental wellness,0.40214529633522034,"Mar 1, 2024, 11:24:45 AM PST",NEGATIVE,0.5809995532035828
27431,therapy and mental health support,0.3355371952056885,"Mar 1, 2024, 11:24:45 AM PST",NEGATIVE,0.5809995532035828
27017,self-improvement and personal growth,0.9308708906173706,"Mar 6, 2024, 8:39:21 PM PST",NEGATIVE,0.9512739777565002
27017,motivation and mental strength,0.8731703758239746,"Mar 6, 2024, 8:39:21 PM PST",NEGATIVE,0.9512739777565002
27017,mindfulness and mental wellness,0.8632190227508545,"Mar 6, 2024, 8:39:21 PM PST",NEGATIVE,0.9512739777565002
27017,mental health experiences,0.8529986143112183,"Mar 6, 2024, 8:39:21 PM PST",NEGATIVE,0.9512739777565002
27017,addiction awareness and recovery,0.8210712671279907,"Mar 6, 2024, 8:39:21 PM PST",NEGATIVE,0.9512739777565002
27017,self-care practices,0.7564365267753601,"Mar 6, 2024, 8:39:21 PM PST",NEGATIVE,0.9512739777565002
27017,trauma awareness and healing,0.7268324494361877,"Mar 6, 2024, 8:39:21 PM PST",NEGATIVE,0.9512739777565002
27017,mental health education,0.7267769575119019,"Mar 6, 2024, 8:39:21 PM PST",NEGATIVE,0.9512739777565002
27017,therapy and mental health support,0.6885069608688354,"Mar 6, 2024, 8:39:21 PM PST",NEGATIVE,0.9512739777565002
27017,emotional health discussion,0.6430487036705017,"Mar 6, 2024, 8:39:21 PM PST",NEGATIVE,0.9512739777565002
27017,sleep and mental wellness,0.6330536603927612,"Mar 6, 2024, 8:39:21 PM PST",NEGATIVE,0.9512739777565002
27017,depression and emotional support,0.6267765164375305,"Mar 6, 2024, 8:39:21 PM PST",NEGATIVE,0.9512739777565002
27017,work-life balance and burnout,0.6053335070610046,"Mar 6, 2024, 8:39:21 PM PST",NEGATIVE,0.9512739777565002
27017,anxiety and stress management,0.43476447463035583,"Mar 6, 2024, 8:39:21 PM PST",NEGATIVE,0.9512739777565002
27017,social anxiety and relationships,0.38581299781799316,"Mar 6, 2024, 8:39:21 PM PST",NEGATIVE,0.9512739777565002
26597,self-improvement and personal growth,0.8982237577438354,"Mar 11, 2024, 9:48:29 AM PST",NEGATIVE,0.7192556262016296
26597,motivation and mental strength,0.8952749967575073,"Mar 11, 2024, 9:48:29 AM PST",NEGATIVE,0.7192556262016296
26597,mindfulness and mental wellness,0.8566790819168091,"Mar 11, 2024, 9:48:29 AM PST",NEGATIVE,0.7192556262016296
26597,mental health experiences,0.8468131422996521,"Mar 11, 2024, 9:48:29 AM PST",NEGATIVE,0.7192556262016296
26597,self-care practices,0.7724708318710327,"Mar 11, 2024, 9:48:29 AM PST",NEGATIVE,0.7192556262016296
26597,mental health education,0.6819927096366882,"Mar 11, 2024, 9:48:29 AM PST",NEGATIVE,0.7192556262016296
26597,sleep and mental wellness,0.6362453103065491,"Mar 11, 2024, 9:48:29 AM PST",NEGATIVE,0.7192556262016296
26597,addiction awareness and recovery,0.5846004486083984,"Mar 11, 2024, 9:48:29 AM PST",NEGATIVE,0.7192556262016296
26597,therapy and mental health support,0.5767759084701538,"Mar 11, 2024, 9:48:29 AM PST",NEGATIVE,0.7192556262016296
26597,work-life balance and burnout,0.5517157912254333,"Mar 11, 2024, 9:48:29 AM PST",NEGATIVE,0.7192556262016296
26597,emotional health discussion,0.5334314703941345,"Mar 11, 2024, 9:48:29 AM PST",NEGATIVE,0.7192556262016296
26597,trauma awareness and healing,0.4684033691883087,"Mar 11, 2024, 9:48:29 AM PST",NEGATIVE,0.7192556262016296
26597,social anxiety and relationships,0.43310052156448364,"Mar 11, 2024, 9:48:29 AM PST",NEGATIVE,0.7192556262016296
26597,depression and emotional support,0.3068245053291321,"Mar 11, 2024, 9:48:29 AM PST",NEGATIVE,0.7192556262016296
27432,self-improvement and personal growth,0.9580792784690857,"Mar 1, 2024, 11:24:33 AM PST",POSITIVE,0.9674473404884338
27432,motivation and mental strength,0.9542851448059082,"Mar 1, 2024, 11:24:33 AM PST",POSITIVE,0.9674473404884338
27432,mental health experiences,0.9449892640113831,"Mar 1, 2024, 11:24:33 AM PST",POSITIVE,0.9674473404884338
27432,mindfulness and mental wellness,0.9326227903366089,"Mar 1, 2024, 11:24:33 AM PST",POSITIVE,0.9674473404884338
27432,self-care practices,0.9010133147239685,"Mar 1, 2024, 11:24:33 AM PST",POSITIVE,0.9674473404884338
27432,addiction awareness and recovery,0.8921670913696289,"Mar 1, 2024, 11:24:33 AM PST",POSITIVE,0.9674473404884338
27432,mental health education,0.8682915568351746,"Mar 1, 2024, 11:24:33 AM PST",POSITIVE,0.9674473404884338
27432,therapy and mental health support,0.8141471147537231,"Mar 1, 2024, 11:24:33 AM PST",POSITIVE,0.9674473404884338
27432,trauma awareness and healing,0.8141366243362427,"Mar 1, 2024, 11:24:33 AM PST",POSITIVE,0.9674473404884338
27432,emotional health discussion,0.796317994594574,"Mar 1, 2024, 11:24:33 AM PST",POSITIVE,0.9674473404884338
27432,work-life balance and burnout,0.6709218621253967,"Mar 1, 2024, 11:24:33 AM PST",POSITIVE,0.9674473404884338
27432,depression and emotional support,0.6525731086730957,"Mar 1, 2024, 11:24:33 AM PST",POSITIVE,0.9674473404884338
27432,sleep and mental wellness,0.5660918354988098,"Mar 1, 2024, 11:24:33 AM PST",POSITIVE,0.9674473404884338
27432,social anxiety and relationships,0.4482342302799225,"Mar 1, 2024, 11:24:33 AM PST",POSITIVE,0.9674473404884338
27432,anxiety and stress management,0.44518938660621643,"Mar 1, 2024, 11:24:33 AM PST",POSITIVE,0.9674473404884338
27018,mental health experiences,0.9121174216270447,"Mar 6, 2024, 8:39:18 PM PST",NEGATIVE,0.9918266534805298
27018,motivation and mental strength,0.8662596344947815,"Mar 6, 2024, 8:39:18 PM PST",NEGATIVE,0.9918266534805298
26598,self-improvement and personal growth,0.9131351113319397,"Mar 11, 2024, 9:43:29 AM PST",NEGATIVE,0.970116376876831
26598,motivation and mental strength,0.8538414835929871,"Mar 11, 2024, 9:43:29 AM PST",NEGATIVE,0.970116376876831
26598,mindfulness and mental wellness,0.8024428486824036,"Mar 11, 2024, 9:43:29 AM PST",NEGATIVE,0.970116376876831
26598,self-care practices,0.7963845729827881,"Mar 11, 2024, 9:43:29 AM PST",NEGATIVE,0.970116376876831
26598,mental health experiences,0.794491171836853,"Mar 11, 2024, 9:43:29 AM PST",NEGATIVE,0.970116376876831
26598,addiction awareness and recovery,0.7318294644355774,"Mar 11, 2024, 9:43:29 AM PST",NEGATIVE,0.970116376876831
26598,mental health education,0.7069548964500427,"Mar 11, 2024, 9:43:29 AM PST",NEGATIVE,0.970116376876831
26598,work-life balance and burnout,0.6548442840576172,"Mar 11, 2024, 9:43:29 AM PST",NEGATIVE,0.970116376876831
26598,emotional health discussion,0.639244556427002,"Mar 11, 2024, 9:43:29 AM PST",NEGATIVE,0.970116376876831
26598,trauma awareness and healing,0.6359336972236633,"Mar 11, 2024, 9:43:29 AM PST",NEGATIVE,0.970116376876831
26598,therapy and mental health support,0.5738205313682556,"Mar 11, 2024, 9:43:29 AM PST",NEGATIVE,0.970116376876831
26598,sleep and mental wellness,0.4994220733642578,"Mar 11, 2024, 9:43:29 AM PST",NEGATIVE,0.970116376876831
26598,social anxiety and relationships,0.4444332718849182,"Mar 11, 2024, 9:43:29 AM PST",NEGATIVE,0.970116376876831
26598,anxiety and stress management,0.3808842599391937,"Mar 11, 2024, 9:43:29 AM PST",NEGATIVE,0.970116376876831
26598,depression and emotional support,0.342619389295578,"Mar 11, 2024, 9:43:29 AM PST",NEGATIVE,0.970116376876831
27433,self-improvement and personal growth,0.7830494046211243,"Mar 1, 2024, 11:23:49 AM PST",POSITIVE,0.9787019491195679
27433,motivation and mental strength,0.6595863699913025,"Mar 1, 2024, 11:23:49 AM PST",POSITIVE,0.9787019491195679
27433,mental health experiences,0.6320980787277222,"Mar 1, 2024, 11:23:49 AM PST",POSITIVE,0.9787019491195679
27433,self-care practices,0.4529006779193878,"Mar 1, 2024, 11:23:49 AM PST",POSITIVE,0.9787019491195679
27433,addiction awareness and recovery,0.43429824709892273,"Mar 1, 2024, 11:23:49 AM PST",POSITIVE,0.9787019491195679
27433,mindfulness and mental wellness,0.4232126474380493,"Mar 1, 2024, 11:23:49 AM PST",POSITIVE,0.9787019491195679
27433,social anxiety and relationships,0.41718339920043945,"Mar 1, 2024, 11:23:49 AM PST",POSITIVE,0.9787019491195679
27433,work-life balance and burnout,0.38748568296432495,"Mar 1, 2024, 11:23:49 AM PST",POSITIVE,0.9787019491195679
27433,depression and emotional support,0.31891652941703796,"Mar 1, 2024, 11:23:49 AM PST",POSITIVE,0.9787019491195679
27019,self-improvement and personal growth,0.9359049201011658,"Mar 6, 2024, 8:39:15 PM PST",NEGATIVE,0.983400285243988
27019,motivation and mental strength,0.9169272780418396,"Mar 6, 2024, 8:39:15 PM PST",NEGATIVE,0.983400285243988
27019,mental health experiences,0.8941426277160645,"Mar 6, 2024, 8:39:15 PM PST",NEGATIVE,0.983400285243988
27019,self-care practices,0.749464750289917,"Mar 6, 2024, 8:39:15 PM PST",NEGATIVE,0.983400285243988
27019,mindfulness and mental wellness,0.7174007892608643,"Mar 6, 2024, 8:39:15 PM PST",NEGATIVE,0.983400285243988
27019,social anxiety and relationships,0.5687905550003052,"Mar 6, 2024, 8:39:15 PM PST",NEGATIVE,0.983400285243988
27019,emotional health discussion,0.5649880170822144,"Mar 6, 2024, 8:39:15 PM PST",NEGATIVE,0.983400285243988
27019,mental health education,0.5611578822135925,"Mar 6, 2024, 8:39:15 PM PST",NEGATIVE,0.983400285243988
27019,anxiety and stress management,0.3818366527557373,"Mar 6, 2024, 8:39:15 PM PST",NEGATIVE,0.983400285243988
27019,work-life balance and burnout,0.3300647437572479,"Mar 6, 2024, 8:39:15 PM PST",NEGATIVE,0.983400285243988
26599,self-improvement and personal growth,0.3586622476577759,"Mar 11, 2024, 9:40:28 AM PST",NEGATIVE,0.9517104625701904
26600,self-improvement and personal growth,0.8668363094329834,Purple and Gold Body Marbling Dip by BLVisuals at Tortuga Festival (79),NEGATIVE,0.990884006023407
26600,self-care practices,0.7125757932662964,Purple and Gold Body Marbling Dip by BLVisuals at Tortuga Festival (79),NEGATIVE,0.990884006023407
26600,motivation and mental strength,0.5663426518440247,Purple and Gold Body Marbling Dip by BLVisuals at Tortuga Festival (79),NEGATIVE,0.990884006023407
26600,mindfulness and mental wellness,0.3573175370693207,Purple and Gold Body Marbling Dip by BLVisuals at Tortuga Festival (79),NEGATIVE,0.990884006023407
26600,mental health experiences,0.32418879866600037,Purple and Gold Body Marbling Dip by BLVisuals at Tortuga Festival (79),NEGATIVE,0.990884006023407
27021,self-improvement and personal growth,0.7665992379188538,Mercedes-Benz & Maybach Fans,POSITIVE,0.9943742752075195
27021,motivation and mental strength,0.7340177297592163,Mercedes-Benz & Maybach Fans,POSITIVE,0.9943742752075195
27021,mindfulness and mental wellness,0.3291967511177063,Mercedes-Benz & Maybach Fans,POSITIVE,0.9943742752075195
27021,mental health experiences,0.3180265724658966,Mercedes-Benz & Maybach Fans,POSITIVE,0.9943742752075195
26601,self-care practices,0.7755739092826843,"Mar 11, 2024, 9:40:26 AM PST",NEGATIVE,0.9994252920150757
26601,self-improvement and personal growth,0.5813665986061096,"Mar 11, 2024, 9:40:26 AM PST",NEGATIVE,0.9994252920150757
26601,mental health experiences,0.35723283886909485,"Mar 11, 2024, 9:40:26 AM PST",NEGATIVE,0.9994252920150757
26601,sleep and mental wellness,0.3382114768028259,"Mar 11, 2024, 9:40:26 AM PST",NEGATIVE,0.9994252920150757
27435,self-improvement and personal growth,0.8801761269569397,"Mar 1, 2024, 11:21:25 AM PST",NEGATIVE,0.725419282913208
27435,motivation and mental strength,0.8740540146827698,"Mar 1, 2024, 11:21:25 AM PST",NEGATIVE,0.725419282913208
27435,self-care practices,0.8585769534111023,"Mar 1, 2024, 11:21:25 AM PST",NEGATIVE,0.725419282913208
27435,mindfulness and mental wellness,0.8515709638595581,"Mar 1, 2024, 11:21:25 AM PST",NEGATIVE,0.725419282913208
27435,mental health experiences,0.7560843229293823,"Mar 1, 2024, 11:21:25 AM PST",NEGATIVE,0.725419282913208
27435,sleep and mental wellness,0.7079218626022339,"Mar 1, 2024, 11:21:25 AM PST",NEGATIVE,0.725419282913208
27435,mental health education,0.6648522019386292,"Mar 1, 2024, 11:21:25 AM PST",NEGATIVE,0.725419282913208
27435,emotional health discussion,0.6281226277351379,"Mar 1, 2024, 11:21:25 AM PST",NEGATIVE,0.725419282913208
27435,addiction awareness and recovery,0.6269967555999756,"Mar 1, 2024, 11:21:25 AM PST",NEGATIVE,0.725419282913208
27435,therapy and mental health support,0.6205438375473022,"Mar 1, 2024, 11:21:25 AM PST",NEGATIVE,0.725419282913208
27435,trauma awareness and healing,0.5898354053497314,"Mar 1, 2024, 11:21:25 AM PST",NEGATIVE,0.725419282913208
27435,work-life balance and burnout,0.5573883056640625,"Mar 1, 2024, 11:21:25 AM PST",NEGATIVE,0.725419282913208
27435,social anxiety and relationships,0.42234382033348083,"Mar 1, 2024, 11:21:25 AM PST",NEGATIVE,0.725419282913208
27435,depression and emotional support,0.377290815114975,"Mar 1, 2024, 11:21:25 AM PST",NEGATIVE,0.725419282913208
26602,motivation and mental strength,0.9222086668014526,"Mar 11, 2024, 9:39:40 AM PST",NEGATIVE,0.8437514305114746
26602,mindfulness and mental wellness,0.9055423140525818,"Mar 11, 2024, 9:39:40 AM PST",NEGATIVE,0.8437514305114746
26602,self-improvement and personal growth,0.8965028524398804,"Mar 11, 2024, 9:39:40 AM PST",NEGATIVE,0.8437514305114746
26602,self-care practices,0.6805486679077148,"Mar 11, 2024, 9:39:40 AM PST",NEGATIVE,0.8437514305114746
26602,mental health experiences,0.6302419900894165,"Mar 11, 2024, 9:39:40 AM PST",NEGATIVE,0.8437514305114746
26602,sleep and mental wellness,0.36559292674064636,"Mar 11, 2024, 9:39:40 AM PST",NEGATIVE,0.8437514305114746
26602,work-life balance and burnout,0.3087696135044098,"Mar 11, 2024, 9:39:40 AM PST",NEGATIVE,0.8437514305114746
27436,self-improvement and personal growth,0.9520995616912842,"Mar 1, 2024, 11:18:41 AM PST",POSITIVE,0.9829846024513245
27436,motivation and mental strength,0.9274863004684448,"Mar 1, 2024, 11:18:41 AM PST",POSITIVE,0.9829846024513245
27436,mindfulness and mental wellness,0.8980589509010315,"Mar 1, 2024, 11:18:41 AM PST",POSITIVE,0.9829846024513245
27436,mental health experiences,0.8977285027503967,"Mar 1, 2024, 11:18:41 AM PST",POSITIVE,0.9829846024513245
27436,self-care practices,0.8127804398536682,"Mar 1, 2024, 11:18:41 AM PST",POSITIVE,0.9829846024513245
27436,addiction awareness and recovery,0.7680251002311707,"Mar 1, 2024, 11:18:41 AM PST",POSITIVE,0.9829846024513245
27436,therapy and mental health support,0.7627342939376831,"Mar 1, 2024, 11:18:41 AM PST",POSITIVE,0.9829846024513245
27436,mental health education,0.7378235459327698,"Mar 1, 2024, 11:18:41 AM PST",POSITIVE,0.9829846024513245
27436,trauma awareness and healing,0.6363128423690796,"Mar 1, 2024, 11:18:41 AM PST",POSITIVE,0.9829846024513245
27436,emotional health discussion,0.6232736110687256,"Mar 1, 2024, 11:18:41 AM PST",POSITIVE,0.9829846024513245
27436,work-life balance and burnout,0.561782717704773,"Mar 1, 2024, 11:18:41 AM PST",POSITIVE,0.9829846024513245
27436,anxiety and stress management,0.3778951168060303,"Mar 1, 2024, 11:18:41 AM PST",POSITIVE,0.9829846024513245
27436,sleep and mental wellness,0.33354344964027405,"Mar 1, 2024, 11:18:41 AM PST",POSITIVE,0.9829846024513245
27436,social anxiety and relationships,0.3234010636806488,"Mar 1, 2024, 11:18:41 AM PST",POSITIVE,0.9829846024513245
27436,depression and emotional support,0.30070993304252625,"Mar 1, 2024, 11:18:41 AM PST",POSITIVE,0.9829846024513245
27022,motivation and mental strength,0.6270739436149597,"Mar 6, 2024, 8:38:36 PM PST",NEGATIVE,0.9959316849708557
27022,self-improvement and personal growth,0.5475735664367676,"Mar 6, 2024, 8:38:36 PM PST",NEGATIVE,0.9959316849708557
26603,self-improvement and personal growth,0.999230146408081,"Mar 11, 2024, 9:38:41 AM PST",NEGATIVE,0.9432773590087891
26603,motivation and mental strength,0.9944192171096802,"Mar 11, 2024, 9:38:41 AM PST",NEGATIVE,0.9432773590087891
26603,mental health experiences,0.967181921005249,"Mar 11, 2024, 9:38:41 AM PST",NEGATIVE,0.9432773590087891
26603,social anxiety and relationships,0.9402889609336853,"Mar 11, 2024, 9:38:41 AM PST",NEGATIVE,0.9432773590087891
26603,self-care practices,0.9317713379859924,"Mar 11, 2024, 9:38:41 AM PST",NEGATIVE,0.9432773590087891
26603,mental health education,0.7427740693092346,"Mar 11, 2024, 9:38:41 AM PST",NEGATIVE,0.9432773590087891
26603,addiction awareness and recovery,0.7258158326148987,"Mar 11, 2024, 9:38:41 AM PST",NEGATIVE,0.9432773590087891
26603,mindfulness and mental wellness,0.6984869837760925,"Mar 11, 2024, 9:38:41 AM PST",NEGATIVE,0.9432773590087891
26603,emotional health discussion,0.6071875691413879,"Mar 11, 2024, 9:38:41 AM PST",NEGATIVE,0.9432773590087891
26603,therapy and mental health support,0.3591584861278534,"Mar 11, 2024, 9:38:41 AM PST",NEGATIVE,0.9432773590087891
27437,self-improvement and personal growth,0.8853937387466431,"Mar 1, 2024, 11:16:16 AM PST",POSITIVE,0.9945766925811768
27437,motivation and mental strength,0.8710778951644897,"Mar 1, 2024, 11:16:16 AM PST",POSITIVE,0.9945766925811768
27437,mental health experiences,0.8097633719444275,"Mar 1, 2024, 11:16:16 AM PST",POSITIVE,0.9945766925811768
27437,self-care practices,0.7620717287063599,"Mar 1, 2024, 11:16:16 AM PST",POSITIVE,0.9945766925811768
27437,mindfulness and mental wellness,0.7501634955406189,"Mar 1, 2024, 11:16:16 AM PST",POSITIVE,0.9945766925811768
27437,addiction awareness and recovery,0.6886547803878784,"Mar 1, 2024, 11:16:16 AM PST",POSITIVE,0.9945766925811768
27437,mental health education,0.6742042303085327,"Mar 1, 2024, 11:16:16 AM PST",POSITIVE,0.9945766925811768
27437,therapy and mental health support,0.6347407102584839,"Mar 1, 2024, 11:16:16 AM PST",POSITIVE,0.9945766925811768
27437,trauma awareness and healing,0.5832443237304688,"Mar 1, 2024, 11:16:16 AM PST",POSITIVE,0.9945766925811768
27437,work-life balance and burnout,0.5717260241508484,"Mar 1, 2024, 11:16:16 AM PST",POSITIVE,0.9945766925811768
27437,emotional health discussion,0.5484236478805542,"Mar 1, 2024, 11:16:16 AM PST",POSITIVE,0.9945766925811768
27437,sleep and mental wellness,0.4855912923812866,"Mar 1, 2024, 11:16:16 AM PST",POSITIVE,0.9945766925811768
27437,anxiety and stress management,0.40177974104881287,"Mar 1, 2024, 11:16:16 AM PST",POSITIVE,0.9945766925811768
27437,social anxiety and relationships,0.3968331813812256,"Mar 1, 2024, 11:16:16 AM PST",POSITIVE,0.9945766925811768
27437,depression and emotional support,0.3514139652252197,"Mar 1, 2024, 11:16:16 AM PST",POSITIVE,0.9945766925811768
27023,motivation and mental strength,0.5983192920684814,"Mar 6, 2024, 8:38:29 PM PST",POSITIVE,0.9896286725997925
27023,self-improvement and personal growth,0.5808722376823425,"Mar 6, 2024, 8:38:29 PM PST",POSITIVE,0.9896286725997925
27023,mindfulness and mental wellness,0.4247208833694458,"Mar 6, 2024, 8:38:29 PM PST",POSITIVE,0.9896286725997925
27023,self-care practices,0.3345390856266022,"Mar 6, 2024, 8:38:29 PM PST",POSITIVE,0.9896286725997925
26604,self-improvement and personal growth,0.5528972744941711,"Mar 11, 2024, 9:37:42 AM PST",POSITIVE,0.9627639055252075
27438,mindfulness and mental wellness,0.9300402402877808,"Mar 1, 2024, 11:12:56 AM PST",POSITIVE,0.9202283024787903
27438,self-improvement and personal growth,0.9175257682800293,"Mar 1, 2024, 11:12:56 AM PST",POSITIVE,0.9202283024787903
27438,motivation and mental strength,0.8723200559616089,"Mar 1, 2024, 11:12:56 AM PST",POSITIVE,0.9202283024787903
27438,mental health experiences,0.7674087285995483,"Mar 1, 2024, 11:12:56 AM PST",POSITIVE,0.9202283024787903
27438,self-care practices,0.7614057064056396,"Mar 1, 2024, 11:12:56 AM PST",POSITIVE,0.9202283024787903
27438,sleep and mental wellness,0.6578661203384399,"Mar 1, 2024, 11:12:56 AM PST",POSITIVE,0.9202283024787903
27438,addiction awareness and recovery,0.6571822166442871,"Mar 1, 2024, 11:12:56 AM PST",POSITIVE,0.9202283024787903
27438,mental health education,0.6549129486083984,"Mar 1, 2024, 11:12:56 AM PST",POSITIVE,0.9202283024787903
27438,emotional health discussion,0.578786313533783,"Mar 1, 2024, 11:12:56 AM PST",POSITIVE,0.9202283024787903
27438,trauma awareness and healing,0.5728711485862732,"Mar 1, 2024, 11:12:56 AM PST",POSITIVE,0.9202283024787903
27438,therapy and mental health support,0.5646400451660156,"Mar 1, 2024, 11:12:56 AM PST",POSITIVE,0.9202283024787903
27438,work-life balance and burnout,0.5354806184768677,"Mar 1, 2024, 11:12:56 AM PST",POSITIVE,0.9202283024787903
27438,social anxiety and relationships,0.43503043055534363,"Mar 1, 2024, 11:12:56 AM PST",POSITIVE,0.9202283024787903
27438,anxiety and stress management,0.36573055386543274,"Mar 1, 2024, 11:12:56 AM PST",POSITIVE,0.9202283024787903
27438,depression and emotional support,0.3547988831996918,"Mar 1, 2024, 11:12:56 AM PST",POSITIVE,0.9202283024787903
27024,mental health experiences,0.8068937063217163,"Mar 6, 2024, 8:36:42 PM PST",NEGATIVE,0.9598489999771118
27024,self-improvement and personal growth,0.606455385684967,"Mar 6, 2024, 8:36:42 PM PST",NEGATIVE,0.9598489999771118
27024,motivation and mental strength,0.5760448575019836,"Mar 6, 2024, 8:36:42 PM PST",NEGATIVE,0.9598489999771118
27024,social anxiety and relationships,0.5258681774139404,"Mar 6, 2024, 8:36:42 PM PST",NEGATIVE,0.9598489999771118
27024,emotional health discussion,0.5051270127296448,"Mar 6, 2024, 8:36:42 PM PST",NEGATIVE,0.9598489999771118
27024,mental health education,0.43969205021858215,"Mar 6, 2024, 8:36:42 PM PST",NEGATIVE,0.9598489999771118
27024,mindfulness and mental wellness,0.3929504454135895,"Mar 6, 2024, 8:36:42 PM PST",NEGATIVE,0.9598489999771118
27024,depression and emotional support,0.3124305009841919,"Mar 6, 2024, 8:36:42 PM PST",NEGATIVE,0.9598489999771118
27439,motivation and mental strength,0.9119734764099121,"Mar 1, 2024, 11:11:25 AM PST",POSITIVE,0.9797236919403076
27439,self-improvement and personal growth,0.8889083862304688,"Mar 1, 2024, 11:11:25 AM PST",POSITIVE,0.9797236919403076
27439,mental health experiences,0.8526044487953186,"Mar 1, 2024, 11:11:25 AM PST",POSITIVE,0.9797236919403076
27439,self-care practices,0.7497273683547974,"Mar 1, 2024, 11:11:25 AM PST",POSITIVE,0.9797236919403076
27439,mindfulness and mental wellness,0.7231273055076599,"Mar 1, 2024, 11:11:25 AM PST",POSITIVE,0.9797236919403076
27439,mental health education,0.6525484919548035,"Mar 1, 2024, 11:11:25 AM PST",POSITIVE,0.9797236919403076
27439,emotional health discussion,0.5975123047828674,"Mar 1, 2024, 11:11:25 AM PST",POSITIVE,0.9797236919403076
27439,addiction awareness and recovery,0.576251208782196,"Mar 1, 2024, 11:11:25 AM PST",POSITIVE,0.9797236919403076
27439,therapy and mental health support,0.5320178270339966,"Mar 1, 2024, 11:11:25 AM PST",POSITIVE,0.9797236919403076
27439,trauma awareness and healing,0.46765345335006714,"Mar 1, 2024, 11:11:25 AM PST",POSITIVE,0.9797236919403076
27439,work-life balance and burnout,0.41035154461860657,"Mar 1, 2024, 11:11:25 AM PST",POSITIVE,0.9797236919403076
27439,depression and emotional support,0.34634238481521606,"Mar 1, 2024, 11:11:25 AM PST",POSITIVE,0.9797236919403076
27439,social anxiety and relationships,0.3055157959461212,"Mar 1, 2024, 11:11:25 AM PST",POSITIVE,0.9797236919403076
27025,addiction awareness and recovery,0.985542356967926,"Mar 6, 2024, 8:36:38 PM PST",NEGATIVE,0.9973554611206055
27025,emotional health discussion,0.8086017966270447,"Mar 6, 2024, 8:36:38 PM PST",NEGATIVE,0.9973554611206055
27025,self-improvement and personal growth,0.6713331341743469,"Mar 6, 2024, 8:36:38 PM PST",NEGATIVE,0.9973554611206055
27025,mental health experiences,0.3948183059692383,"Mar 6, 2024, 8:36:38 PM PST",NEGATIVE,0.9973554611206055
27025,motivation and mental strength,0.3608102798461914,"Mar 6, 2024, 8:36:38 PM PST",NEGATIVE,0.9973554611206055
26605,motivation and mental strength,0.7877839803695679,"Mar 11, 2024, 9:37:38 AM PST",NEGATIVE,0.9916673302650452
26605,self-improvement and personal growth,0.7629663944244385,"Mar 11, 2024, 9:37:38 AM PST",NEGATIVE,0.9916673302650452
26605,mental health experiences,0.3745824098587036,"Mar 11, 2024, 9:37:38 AM PST",NEGATIVE,0.9916673302650452
27440,work-life balance and burnout,0.8513471484184265,"Mar 1, 2024, 11:08:20 AM PST",NEGATIVE,0.9995313882827759
27440,mental health experiences,0.6919218301773071,"Mar 1, 2024, 11:08:20 AM PST",NEGATIVE,0.9995313882827759
27440,social anxiety and relationships,0.6497952342033386,"Mar 1, 2024, 11:08:20 AM PST",NEGATIVE,0.9995313882827759
27440,emotional health discussion,0.4359451234340668,"Mar 1, 2024, 11:08:20 AM PST",NEGATIVE,0.9995313882827759
27026,addiction awareness and recovery,0.3513542115688324,"Mar 6, 2024, 8:36:22 PM PST",POSITIVE,0.9896579384803772
27026,self-care practices,0.30196520686149597,"Mar 6, 2024, 8:36:22 PM PST",POSITIVE,0.9896579384803772
26606,mental health experiences,0.9421398043632507,"Mar 11, 2024, 9:37:34 AM PST",NEGATIVE,0.9868278503417969
26606,self-improvement and personal growth,0.8969538807868958,"Mar 11, 2024, 9:37:34 AM PST",NEGATIVE,0.9868278503417969
26606,motivation and mental strength,0.8026170134544373,"Mar 11, 2024, 9:37:34 AM PST",NEGATIVE,0.9868278503417969
26606,emotional health discussion,0.7503786087036133,"Mar 11, 2024, 9:37:34 AM PST",NEGATIVE,0.9868278503417969
26606,mental health education,0.6694015860557556,"Mar 11, 2024, 9:37:34 AM PST",NEGATIVE,0.9868278503417969
26606,addiction awareness and recovery,0.624544620513916,"Mar 11, 2024, 9:37:34 AM PST",NEGATIVE,0.9868278503417969
26606,mindfulness and mental wellness,0.6130872368812561,"Mar 11, 2024, 9:37:34 AM PST",NEGATIVE,0.9868278503417969
26606,self-care practices,0.5909039974212646,"Mar 11, 2024, 9:37:34 AM PST",NEGATIVE,0.9868278503417969
26606,trauma awareness and healing,0.5815679430961609,"Mar 11, 2024, 9:37:34 AM PST",NEGATIVE,0.9868278503417969
26606,anxiety and stress management,0.4233550429344177,"Mar 11, 2024, 9:37:34 AM PST",NEGATIVE,0.9868278503417969
26606,work-life balance and burnout,0.3835661709308624,"Mar 11, 2024, 9:37:34 AM PST",NEGATIVE,0.9868278503417969
26606,social anxiety and relationships,0.3388114869594574,"Mar 11, 2024, 9:37:34 AM PST",NEGATIVE,0.9868278503417969
27441,self-improvement and personal growth,0.9452682733535767,"Mar 1, 2024, 11:08:17 AM PST",NEGATIVE,0.9812549352645874
27441,motivation and mental strength,0.9367525577545166,"Mar 1, 2024, 11:08:17 AM PST",NEGATIVE,0.9812549352645874
27441,mental health experiences,0.9280593395233154,"Mar 1, 2024, 11:08:17 AM PST",NEGATIVE,0.9812549352645874
27441,emotional health discussion,0.8972665071487427,"Mar 1, 2024, 11:08:17 AM PST",NEGATIVE,0.9812549352645874
27441,self-care practices,0.8684728741645813,"Mar 1, 2024, 11:08:17 AM PST",NEGATIVE,0.9812549352645874
27441,mindfulness and mental wellness,0.8636739253997803,"Mar 1, 2024, 11:08:17 AM PST",NEGATIVE,0.9812549352645874
27441,addiction awareness and recovery,0.8617291450500488,"Mar 1, 2024, 11:08:17 AM PST",NEGATIVE,0.9812549352645874
27441,mental health education,0.8140175938606262,"Mar 1, 2024, 11:08:17 AM PST",NEGATIVE,0.9812549352645874
27441,therapy and mental health support,0.7628714442253113,"Mar 1, 2024, 11:08:17 AM PST",NEGATIVE,0.9812549352645874
27441,trauma awareness and healing,0.6140213012695312,"Mar 1, 2024, 11:08:17 AM PST",NEGATIVE,0.9812549352645874
27441,sleep and mental wellness,0.48715969920158386,"Mar 1, 2024, 11:08:17 AM PST",NEGATIVE,0.9812549352645874
27441,work-life balance and burnout,0.48012638092041016,"Mar 1, 2024, 11:08:17 AM PST",NEGATIVE,0.9812549352645874
27441,social anxiety and relationships,0.46226561069488525,"Mar 1, 2024, 11:08:17 AM PST",NEGATIVE,0.9812549352645874
27441,depression and emotional support,0.46205589175224304,"Mar 1, 2024, 11:08:17 AM PST",NEGATIVE,0.9812549352645874
27441,anxiety and stress management,0.3523446023464203,"Mar 1, 2024, 11:08:17 AM PST",NEGATIVE,0.9812549352645874
26607,self-improvement and personal growth,0.76277756690979,"Mar 11, 2024, 9:37:33 AM PST",NEGATIVE,0.9392145872116089
26607,motivation and mental strength,0.6114915609359741,"Mar 11, 2024, 9:37:33 AM PST",NEGATIVE,0.9392145872116089
27442,motivation and mental strength,0.9262911081314087,"Mar 1, 2024, 11:08:16 AM PST",NEGATIVE,0.9918736815452576
27442,mental health experiences,0.8507152199745178,"Mar 1, 2024, 11:08:16 AM PST",NEGATIVE,0.9918736815452576
27442,mindfulness and mental wellness,0.8426070809364319,"Mar 1, 2024, 11:08:16 AM PST",NEGATIVE,0.9918736815452576
27442,self-improvement and personal growth,0.8424273729324341,"Mar 1, 2024, 11:08:16 AM PST",NEGATIVE,0.9918736815452576
27442,self-care practices,0.7735743522644043,"Mar 1, 2024, 11:08:16 AM PST",NEGATIVE,0.9918736815452576
27442,sleep and mental wellness,0.7645992040634155,"Mar 1, 2024, 11:08:16 AM PST",NEGATIVE,0.9918736815452576
27442,mental health education,0.6591854691505432,"Mar 1, 2024, 11:08:16 AM PST",NEGATIVE,0.9918736815452576
27442,social anxiety and relationships,0.5883745551109314,"Mar 1, 2024, 11:08:16 AM PST",NEGATIVE,0.9918736815452576
27442,work-life balance and burnout,0.5687200427055359,"Mar 1, 2024, 11:08:16 AM PST",NEGATIVE,0.9918736815452576
27442,emotional health discussion,0.5664588212966919,"Mar 1, 2024, 11:08:16 AM PST",NEGATIVE,0.9918736815452576
27442,therapy and mental health support,0.5390084981918335,"Mar 1, 2024, 11:08:16 AM PST",NEGATIVE,0.9918736815452576
27442,addiction awareness and recovery,0.535016655921936,"Mar 1, 2024, 11:08:16 AM PST",NEGATIVE,0.9918736815452576
27442,trauma awareness and healing,0.5209119319915771,"Mar 1, 2024, 11:08:16 AM PST",NEGATIVE,0.9918736815452576
27442,depression and emotional support,0.400806725025177,"Mar 1, 2024, 11:08:16 AM PST",NEGATIVE,0.9918736815452576
27442,anxiety and stress management,0.30091458559036255,"Mar 1, 2024, 11:08:16 AM PST",NEGATIVE,0.9918736815452576
27027,motivation and mental strength,0.8261919617652893,"Mar 6, 2024, 8:35:45 PM PST",NEGATIVE,0.9964311122894287
27027,self-improvement and personal growth,0.7174635529518127,"Mar 6, 2024, 8:35:45 PM PST",NEGATIVE,0.9964311122894287
27027,mindfulness and mental wellness,0.48460131883621216,"Mar 6, 2024, 8:35:45 PM PST",NEGATIVE,0.9964311122894287
27027,addiction awareness and recovery,0.44937261939048767,"Mar 6, 2024, 8:35:45 PM PST",NEGATIVE,0.9964311122894287
27027,work-life balance and burnout,0.4214023947715759,"Mar 6, 2024, 8:35:45 PM PST",NEGATIVE,0.9964311122894287
27027,mental health experiences,0.3523664176464081,"Mar 6, 2024, 8:35:45 PM PST",NEGATIVE,0.9964311122894287
27027,trauma awareness and healing,0.3200749158859253,"Mar 6, 2024, 8:35:45 PM PST",NEGATIVE,0.9964311122894287
27443,self-improvement and personal growth,0.938754141330719,"Mar 1, 2024, 11:08:15 AM PST",POSITIVE,0.9055148363113403
27443,motivation and mental strength,0.9081009030342102,"Mar 1, 2024, 11:08:15 AM PST",POSITIVE,0.9055148363113403
27443,mental health experiences,0.9028661251068115,"Mar 1, 2024, 11:08:15 AM PST",POSITIVE,0.9055148363113403
27443,mindfulness and mental wellness,0.8872227668762207,"Mar 1, 2024, 11:08:15 AM PST",POSITIVE,0.9055148363113403
27443,self-care practices,0.8516027331352234,"Mar 1, 2024, 11:08:15 AM PST",POSITIVE,0.9055148363113403
27443,mental health education,0.8009076118469238,"Mar 1, 2024, 11:08:15 AM PST",POSITIVE,0.9055148363113403
27443,addiction awareness and recovery,0.7921754121780396,"Mar 1, 2024, 11:08:15 AM PST",POSITIVE,0.9055148363113403
27443,therapy and mental health support,0.7912804484367371,"Mar 1, 2024, 11:08:15 AM PST",POSITIVE,0.9055148363113403
27443,trauma awareness and healing,0.7192164063453674,"Mar 1, 2024, 11:08:15 AM PST",POSITIVE,0.9055148363113403
27443,emotional health discussion,0.6745890378952026,"Mar 1, 2024, 11:08:15 AM PST",POSITIVE,0.9055148363113403
27443,work-life balance and burnout,0.5898580551147461,"Mar 1, 2024, 11:08:15 AM PST",POSITIVE,0.9055148363113403
27443,sleep and mental wellness,0.4844854176044464,"Mar 1, 2024, 11:08:15 AM PST",POSITIVE,0.9055148363113403
27443,depression and emotional support,0.46523889899253845,"Mar 1, 2024, 11:08:15 AM PST",POSITIVE,0.9055148363113403
27443,anxiety and stress management,0.38391488790512085,"Mar 1, 2024, 11:08:15 AM PST",POSITIVE,0.9055148363113403
27443,social anxiety and relationships,0.35806363821029663,"Mar 1, 2024, 11:08:15 AM PST",POSITIVE,0.9055148363113403
26608,self-improvement and personal growth,0.4796283543109894,"Mar 11, 2024, 9:36:39 AM PST",NEGATIVE,0.9992861151695251
26608,mental health experiences,0.33629196882247925,"Mar 11, 2024, 9:36:39 AM PST",NEGATIVE,0.9992861151695251
27444,self-improvement and personal growth,0.8383133411407471,"Mar 1, 2024, 11:08:11 AM PST",NEGATIVE,0.8443156480789185
27444,self-care practices,0.6167691349983215,"Mar 1, 2024, 11:08:11 AM PST",NEGATIVE,0.8443156480789185
27444,mindfulness and mental wellness,0.4497693181037903,"Mar 1, 2024, 11:08:11 AM PST",NEGATIVE,0.8443156480789185
27444,addiction awareness and recovery,0.4419536590576172,"Mar 1, 2024, 11:08:11 AM PST",NEGATIVE,0.8443156480789185
27444,motivation and mental strength,0.38145706057548523,"Mar 1, 2024, 11:08:11 AM PST",NEGATIVE,0.8443156480789185
27028,self-improvement and personal growth,0.8495193123817444,"Mar 6, 2024, 8:35:28 PM PST",NEGATIVE,0.9881643056869507
27028,self-care practices,0.8167556524276733,"Mar 6, 2024, 8:35:28 PM PST",NEGATIVE,0.9881643056869507
27028,mindfulness and mental wellness,0.8004213571548462,"Mar 6, 2024, 8:35:28 PM PST",NEGATIVE,0.9881643056869507
27028,motivation and mental strength,0.6452097296714783,"Mar 6, 2024, 8:35:28 PM PST",NEGATIVE,0.9881643056869507
27028,mental health experiences,0.6077919602394104,"Mar 6, 2024, 8:35:28 PM PST",NEGATIVE,0.9881643056869507
27028,sleep and mental wellness,0.4276995062828064,"Mar 6, 2024, 8:35:28 PM PST",NEGATIVE,0.9881643056869507
27028,work-life balance and burnout,0.32680267095565796,"Mar 6, 2024, 8:35:28 PM PST",NEGATIVE,0.9881643056869507
27028,addiction awareness and recovery,0.30661508440971375,"Mar 6, 2024, 8:35:28 PM PST",NEGATIVE,0.9881643056869507
27028,emotional health discussion,0.30402472615242004,"Mar 6, 2024, 8:35:28 PM PST",NEGATIVE,0.9881643056869507
26609,self-improvement and personal growth,0.8378903865814209,"Mar 11, 2024, 9:36:27 AM PST",NEGATIVE,0.9987170696258545
26609,motivation and mental strength,0.8308347463607788,"Mar 11, 2024, 9:36:27 AM PST",NEGATIVE,0.9987170696258545
26609,addiction awareness and recovery,0.8064910769462585,"Mar 11, 2024, 9:36:27 AM PST",NEGATIVE,0.9987170696258545
26609,mindfulness and mental wellness,0.7912514209747314,"Mar 11, 2024, 9:36:27 AM PST",NEGATIVE,0.9987170696258545
26609,mental health education,0.7381557822227478,"Mar 11, 2024, 9:36:27 AM PST",NEGATIVE,0.9987170696258545
26609,mental health experiences,0.6995643973350525,"Mar 11, 2024, 9:36:27 AM PST",NEGATIVE,0.9987170696258545
26609,emotional health discussion,0.683721661567688,"Mar 11, 2024, 9:36:27 AM PST",NEGATIVE,0.9987170696258545
26609,work-life balance and burnout,0.6089711785316467,"Mar 11, 2024, 9:36:27 AM PST",NEGATIVE,0.9987170696258545
26609,trauma awareness and healing,0.594379723072052,"Mar 11, 2024, 9:36:27 AM PST",NEGATIVE,0.9987170696258545
26609,self-care practices,0.5728014707565308,"Mar 11, 2024, 9:36:27 AM PST",NEGATIVE,0.9987170696258545
26609,anxiety and stress management,0.5271528959274292,"Mar 11, 2024, 9:36:27 AM PST",NEGATIVE,0.9987170696258545
26609,therapy and mental health support,0.46841511130332947,"Mar 11, 2024, 9:36:27 AM PST",NEGATIVE,0.9987170696258545
26609,depression and emotional support,0.4579847455024719,"Mar 11, 2024, 9:36:27 AM PST",NEGATIVE,0.9987170696258545
26609,social anxiety and relationships,0.4381365180015564,"Mar 11, 2024, 9:36:27 AM PST",NEGATIVE,0.9987170696258545
26609,sleep and mental wellness,0.41083797812461853,"Mar 11, 2024, 9:36:27 AM PST",NEGATIVE,0.9987170696258545
27445,mental health experiences,0.9238569140434265,"Mar 1, 2024, 11:08:09 AM PST",POSITIVE,0.9965956807136536
27445,self-improvement and personal growth,0.9184610247612,"Mar 1, 2024, 11:08:09 AM PST",POSITIVE,0.9965956807136536
27445,mindfulness and mental wellness,0.8931321501731873,"Mar 1, 2024, 11:08:09 AM PST",POSITIVE,0.9965956807136536
27445,motivation and mental strength,0.8460490107536316,"Mar 1, 2024, 11:08:09 AM PST",POSITIVE,0.9965956807136536
27445,self-care practices,0.8096647262573242,"Mar 1, 2024, 11:08:09 AM PST",POSITIVE,0.9965956807136536
27445,mental health education,0.8046532869338989,"Mar 1, 2024, 11:08:09 AM PST",POSITIVE,0.9965956807136536
27445,addiction awareness and recovery,0.7838753461837769,"Mar 1, 2024, 11:08:09 AM PST",POSITIVE,0.9965956807136536
27445,emotional health discussion,0.7319577932357788,"Mar 1, 2024, 11:08:09 AM PST",POSITIVE,0.9965956807136536
27445,therapy and mental health support,0.7027851343154907,"Mar 1, 2024, 11:08:09 AM PST",POSITIVE,0.9965956807136536
27445,trauma awareness and healing,0.6607839465141296,"Mar 1, 2024, 11:08:09 AM PST",POSITIVE,0.9965956807136536
27445,social anxiety and relationships,0.5122944712638855,"Mar 1, 2024, 11:08:09 AM PST",POSITIVE,0.9965956807136536
27445,work-life balance and burnout,0.49382084608078003,"Mar 1, 2024, 11:08:09 AM PST",POSITIVE,0.9965956807136536
27445,sleep and mental wellness,0.48532435297966003,"Mar 1, 2024, 11:08:09 AM PST",POSITIVE,0.9965956807136536
27445,depression and emotional support,0.4810441732406616,"Mar 1, 2024, 11:08:09 AM PST",POSITIVE,0.9965956807136536
27445,anxiety and stress management,0.3319779932498932,"Mar 1, 2024, 11:08:09 AM PST",POSITIVE,0.9965956807136536
27446,mental health experiences,0.9690029621124268,"Mar 1, 2024, 11:08:08 AM PST",NEGATIVE,0.9619570374488831
27446,mindfulness and mental wellness,0.9626505970954895,"Mar 1, 2024, 11:08:08 AM PST",NEGATIVE,0.9619570374488831
27446,motivation and mental strength,0.9584770202636719,"Mar 1, 2024, 11:08:08 AM PST",NEGATIVE,0.9619570374488831
27446,self-improvement and personal growth,0.9225445985794067,"Mar 1, 2024, 11:08:08 AM PST",NEGATIVE,0.9619570374488831
27446,mental health education,0.9073408842086792,"Mar 1, 2024, 11:08:08 AM PST",NEGATIVE,0.9619570374488831
27446,self-care practices,0.7968191504478455,"Mar 1, 2024, 11:08:08 AM PST",NEGATIVE,0.9619570374488831
27446,therapy and mental health support,0.7636003494262695,"Mar 1, 2024, 11:08:08 AM PST",NEGATIVE,0.9619570374488831
27446,addiction awareness and recovery,0.747609555721283,"Mar 1, 2024, 11:08:08 AM PST",NEGATIVE,0.9619570374488831
27446,emotional health discussion,0.6444857716560364,"Mar 1, 2024, 11:08:08 AM PST",NEGATIVE,0.9619570374488831
27446,trauma awareness and healing,0.6290695071220398,"Mar 1, 2024, 11:08:08 AM PST",NEGATIVE,0.9619570374488831
27446,sleep and mental wellness,0.536759078502655,"Mar 1, 2024, 11:08:08 AM PST",NEGATIVE,0.9619570374488831
27446,work-life balance and burnout,0.5233777165412903,"Mar 1, 2024, 11:08:08 AM PST",NEGATIVE,0.9619570374488831
27446,anxiety and stress management,0.4391854405403137,"Mar 1, 2024, 11:08:08 AM PST",NEGATIVE,0.9619570374488831
27446,depression and emotional support,0.40080374479293823,"Mar 1, 2024, 11:08:08 AM PST",NEGATIVE,0.9619570374488831
27446,social anxiety and relationships,0.34720689058303833,"Mar 1, 2024, 11:08:08 AM PST",NEGATIVE,0.9619570374488831
27029,mental health experiences,0.763280987739563,"Mar 6, 2024, 8:34:28 PM PST",NEGATIVE,0.9980351328849792
27029,social anxiety and relationships,0.6973068118095398,"Mar 6, 2024, 8:34:28 PM PST",NEGATIVE,0.9980351328849792
27029,motivation and mental strength,0.6342082619667053,"Mar 6, 2024, 8:34:28 PM PST",NEGATIVE,0.9980351328849792
27029,self-improvement and personal growth,0.6294298768043518,"Mar 6, 2024, 8:34:28 PM PST",NEGATIVE,0.9980351328849792
27029,emotional health discussion,0.4290519654750824,"Mar 6, 2024, 8:34:28 PM PST",NEGATIVE,0.9980351328849792
27029,addiction awareness and recovery,0.42503076791763306,"Mar 6, 2024, 8:34:28 PM PST",NEGATIVE,0.9980351328849792
27029,work-life balance and burnout,0.3546186685562134,"Mar 6, 2024, 8:34:28 PM PST",NEGATIVE,0.9980351328849792
27029,anxiety and stress management,0.3236222565174103,"Mar 6, 2024, 8:34:28 PM PST",NEGATIVE,0.9980351328849792
26610,motivation and mental strength,0.7652426958084106,"Mar 11, 2024, 9:35:12 AM PST",NEGATIVE,0.9296725988388062
26610,self-improvement and personal growth,0.6753491163253784,"Mar 11, 2024, 9:35:12 AM PST",NEGATIVE,0.9296725988388062
26610,self-care practices,0.38456177711486816,"Mar 11, 2024, 9:35:12 AM PST",NEGATIVE,0.9296725988388062
26610,mindfulness and mental wellness,0.3156766891479492,"Mar 11, 2024, 9:35:12 AM PST",NEGATIVE,0.9296725988388062
27030,self-care practices,0.9817859530448914,"Mar 6, 2024, 8:34:17 PM PST",NEGATIVE,0.9959600567817688
27030,self-improvement and personal growth,0.9437916278839111,"Mar 6, 2024, 8:34:17 PM PST",NEGATIVE,0.9959600567817688
27030,mental health experiences,0.8764517307281494,"Mar 6, 2024, 8:34:17 PM PST",NEGATIVE,0.9959600567817688
27030,mindfulness and mental wellness,0.860816478729248,"Mar 6, 2024, 8:34:17 PM PST",NEGATIVE,0.9959600567817688
27030,emotional health discussion,0.8518499732017517,"Mar 6, 2024, 8:34:17 PM PST",NEGATIVE,0.9959600567817688
27030,mental health education,0.7884165048599243,"Mar 6, 2024, 8:34:17 PM PST",NEGATIVE,0.9959600567817688
27030,addiction awareness and recovery,0.6619579792022705,"Mar 6, 2024, 8:34:17 PM PST",NEGATIVE,0.9959600567817688
27030,trauma awareness and healing,0.6579779386520386,"Mar 6, 2024, 8:34:17 PM PST",NEGATIVE,0.9959600567817688
27030,motivation and mental strength,0.5280327796936035,"Mar 6, 2024, 8:34:17 PM PST",NEGATIVE,0.9959600567817688
27030,work-life balance and burnout,0.507451057434082,"Mar 6, 2024, 8:34:17 PM PST",NEGATIVE,0.9959600567817688
27030,anxiety and stress management,0.46124592423439026,"Mar 6, 2024, 8:34:17 PM PST",NEGATIVE,0.9959600567817688
27030,therapy and mental health support,0.3958187997341156,"Mar 6, 2024, 8:34:17 PM PST",NEGATIVE,0.9959600567817688
27030,sleep and mental wellness,0.3836085796356201,"Mar 6, 2024, 8:34:17 PM PST",NEGATIVE,0.9959600567817688
